Team,contestantId,playerId,Short Name,Player Name,Age,Position_x,Nationality,Position_y,total accurate back zone pass_Total,total accurate fwd zone pass_Total,total accurate long balls_Total,total accurate pass_Total,total aerial won_Total,total att assist_Total,total attempt_Total,total attempts ibox_Total,total attempts obox_Total,total blocked scoring att_Total,total contest_Total,total dribbles attempted_Total,total duels won_Total,total effective clearance_Total,total interception_Total,total mins played,total ontarget attempt_Total,total touches in opposition box_Total,total was fouled_Total,total won contest_Total,total won tackle_Total,total accurate cross_Total,total big chances saved_Total,total goals_Total,total assists_Total,total direct corner goals_Total,total direct setpiece goals_Total,pass_success_pct_Total,long_balls_success_pct_Total,cross_success_pct_Total,dribble_success_pct_Total,attempt_success_pct_Total,duel_success_pct_Total,aerial_success_pct_Total,tackle_success_pct_Total,xG_Total,xA_Total,CreatedOwnShot_Total,Total Carries_Total,Total Carry xT_Total,Total Final Third Carries_Total,passes_into_final_third_Total,progressive_passes_Total,xT_pass_Total,forward_passes_Total,total accurate back zone pass_p90,total accurate fwd zone pass_p90,total accurate long balls_p90,total accurate pass_p90,total aerial won_p90,total att assist_p90,total attempt_p90,total attempts ibox_p90,total attempts obox_p90,total blocked scoring att_p90,total contest_p90,total dribbles attempted_p90,total duels won_p90,total effective clearance_p90,total interception_p90,total ontarget attempt_p90,total touches in opposition box_p90,total was fouled_p90,total won contest_p90,total won tackle_p90,total accurate cross_p90,total big chances saved_p90,total goals_p90,total assists_p90,total direct corner goals_p90,total direct setpiece goals_p90,pass_success_pct_p90,long_balls_success_pct_p90,cross_success_pct_p90,dribble_success_pct_p90,attempt_success_pct_p90,duel_success_pct_p90,aerial_success_pct_p90,tackle_success_pct_p90,xG_p90,xA_p90,CreatedOwnShot_p90,Total Carries_p90,Total Carry xT_p90,Total Final Third Carries_p90,passes_into_final_third_p90,progressive_passes_p90,xT_pass_p90,forward_passes_p90,Pos.,total accurate back zone pass_TotalPR,total accurate fwd zone pass_TotalPR,total accurate long balls_TotalPR,total accurate pass_TotalPR,total aerial won_TotalPR,total att assist_TotalPR,total attempt_TotalPR,total attempts ibox_TotalPR,total attempts obox_TotalPR,total blocked scoring att_TotalPR,total contest_TotalPR,total dribbles attempted_TotalPR,total duels won_TotalPR,total effective clearance_TotalPR,total interception_TotalPR,total ontarget attempt_TotalPR,total touches in opposition box_TotalPR,total was fouled_TotalPR,total won contest_TotalPR,total won tackle_TotalPR,total accurate cross_TotalPR,total big chances saved_TotalPR,total goals_TotalPR,total assists_TotalPR,total direct corner goals_TotalPR,total direct setpiece goals_TotalPR,pass_success_pct_TotalPR,long_balls_success_pct_TotalPR,cross_success_pct_TotalPR,dribble_success_pct_TotalPR,attempt_success_pct_TotalPR,duel_success_pct_TotalPR,aerial_success_pct_TotalPR,tackle_success_pct_TotalPR,xG_TotalPR,xA_TotalPR,CreatedOwnShot_TotalPR,Total Carries_TotalPR,Total Carry xT_TotalPR,Total Final Third Carries_TotalPR,passes_into_final_third_TotalPR,progressive_passes_TotalPR,xT_pass_TotalPR,forward_passes_TotalPR,total accurate back zone pass_p90PR,total accurate fwd zone pass_p90PR,total accurate long balls_p90PR,total accurate pass_p90PR,total aerial won_p90PR,total att assist_p90PR,total attempt_p90PR,total attempts ibox_p90PR,total attempts obox_p90PR,total blocked scoring att_p90PR,total contest_p90PR,total dribbles attempted_p90PR,total duels won_p90PR,total effective clearance_p90PR,total interception_p90PR,total ontarget attempt_p90PR,total touches in opposition box_p90PR,total was fouled_p90PR,total won contest_p90PR,total won tackle_p90PR,total accurate cross_p90PR,total big chances saved_p90PR,total goals_p90PR,total assists_p90PR,total direct corner goals_p90PR,total direct setpiece goals_p90PR,pass_success_pct_p90PR,long_balls_success_pct_p90PR,cross_success_pct_p90PR,dribble_success_pct_p90PR,attempt_success_pct_p90PR,duel_success_pct_p90PR,aerial_success_pct_p90PR,tackle_success_pct_p90PR,xG_p90PR,xA_p90PR,CreatedOwnShot_p90PR,Total Carries_p90PR,Total Carry xT_p90PR,Total Final Third Carries_p90PR,passes_into_final_third_p90PR,progressive_passes_p90PR,xT_pass_p90PR,forward_passes_p90PR,League
Salzburg,bonj6qc7po4anunhydmjmi6g5,24vsicnsc44o2mr9jk0qjvb2t,H. Tabaković,Haris Tabakovic,32,Attacker,Bosnia and Herzegovina,Striker,17.0,30.0,0.0,47.0,5.0,4.0,13.0,12.0,1.0,2.0,5.0,5.0,10.0,4.0,0.0,313.0,6.0,27.0,0.0,3.0,0.0,0.0,0.0,3.0,0.0,0.0,0.0,74.6,0.0,0.0,60.0,46.15,55.56,62.5,0.0,1.7727297931802102,0.2607309948390426,2.0,8.0,0.20954083,1.0,2.0,3.0,0.07521421,15.0,4.888178913738019,8.626198083067093,0.0,13.514376996805112,1.437699680511182,1.1501597444089458,3.7380191693290734,3.450479233226837,0.2875399361022364,0.5750798722044729,1.437699680511182,1.437699680511182,2.8753993610223643,1.1501597444089458,0.0,1.7252396166134183,7.763578274760383,0.0,0.8626198083067093,0.0,0.0,0.0,0.8626198083067093,0.0,0.0,0.0,74.6,0.0,0.0,60.0,46.15,55.56,62.5,0.0,0.5097306114575684,0.0749705735958908,0.5750798722044729,2.3003194888178915,0.0602513568690095,0.2875399361022364,0.5750798722044729,0.8626198083067093,0.0216270891373801,4.313099041533547,ST,58,46,17,54,46,48,73,88,25,58,23,23,21,71,19,79,87,6,54,12,27,52,83,37,52,52,69,17,27,81,69,92,83,12,88,42,42,73,50,35,40,35,31,38,69,50,17,58,50,65,81,88,31,69,27,23,27,69,19,88,100,6,58,12,27,52,92,37,52,52,69,17,27,81,69,92,83,12,88,46,54,69,69,38,42,38,31,42,Austrian Bundesliga
Salzburg,bonj6qc7po4anunhydmjmi6g5,2ep16uxfa2j2pqw2ky8rsgo44,K. Konaté,Karim Konaté,22,Attacker,Côte d'Ivoire,Striker,23.0,49.0,6.0,71.0,4.0,5.0,17.0,12.0,5.0,0.0,2.0,3.0,7.0,2.0,1.0,242.0,9.0,18.0,1.0,2.0,0.0,1.0,0.0,4.0,0.0,0.0,0.0,83.53,75.0,100.0,100.0,52.94,41.18,44.44,0.0,2.244262996036278,0.3911582350288698,5.0,12.0,0.3329937599999999,5.0,10.0,14.0,0.53245335,34.0,8.553719008264462,18.223140495867767,2.2314049586776856,26.404958677685947,1.487603305785124,1.8595041322314048,6.322314049586776,4.462809917355371,1.8595041322314048,0.0,0.743801652892562,1.1157024793388428,2.603305785123967,0.743801652892562,0.371900826446281,3.3471074380165287,6.694214876033057,0.371900826446281,0.743801652892562,0.0,0.371900826446281,0.0,1.487603305785124,0.0,0.0,0.0,83.53,75.0,100.0,100.0,52.94,41.18,44.44,0.0,0.8346432629886983,0.1454720708785053,1.8595041322314048,4.462809917355371,0.1238406545454545,1.8595041322314048,3.7190082644628095,5.206611570247934,0.1980198409090909,12.644628099173552,ST,85,71,96,73,35,69,94,88,94,6,8,15,12,48,50,98,44,12,35,12,65,52,94,37,52,52,96,87,96,100,77,62,58,12,100,62,90,88,85,90,94,96,85,85,96,92,100,96,54,81,100,100,96,6,12,15,19,65,62,100,77,12,46,12,73,52,100,37,52,52,96,87,96,100,77,62,58,12,100,81,92,100,96,96,100,100,100,100,Austrian Bundesliga
Salzburg,bonj6qc7po4anunhydmjmi6g5,52rchap28rfs3r9xacg42dzbo,V. Zabransky,Valentin Zabransky,19,Defender,Austria,Defender,181.0,168.0,13.0,349.0,8.0,3.0,1.0,1.0,0.0,0.0,0.0,0.0,14.0,15.0,4.0,393.0,0.0,4.0,0.0,0.0,1.0,0.0,2.0,0.0,0.0,0.0,0.0,95.62,68.42,0.0,0.0,0.0,70.0,72.73,16.67,0.1265931105579499,0.0750445607961261,0.0,6.0,0.12723731,1.0,30.0,25.0,0.5391644399999997,261.0,41.45038167938932,38.47328244274809,2.9770992366412217,79.92366412213741,1.8320610687022905,0.6870229007633588,0.2290076335877862,0.2290076335877862,0.0,0.0,0.0,0.0,3.206106870229008,3.435114503816794,0.9160305343511452,0.0,0.9160305343511452,0.0,0.0,0.2290076335877862,0.0,0.4580152671755725,0.0,0.0,0.0,0.0,95.62,68.42,0.0,0.0,0.0,70.0,72.73,16.67,0.0289907886773931,0.0171857772815555,0.0,1.3740458015267176,0.0291383152671755,0.2290076335877862,6.870229007633588,5.725190839694657,0.1234727725190839,59.77099236641222,CB,80,95,48,90,52,85,28,40,32,32,22,22,32,20,40,25,57,18,25,10,40,100,35,45,52,52,100,85,40,25,25,90,95,10,25,45,32,72,65,48,75,70,70,95,80,95,45,90,45,85,15,30,32,32,22,22,25,20,30,25,50,18,25,10,40,100,35,45,52,52,100,85,40,25,25,90,95,10,30,45,32,75,70,50,85,80,75,90,Austrian Bundesliga
Salzburg,bonj6qc7po4anunhydmjmi6g5,81sfrpdzz1nymxg1b5noo67ai,Y. Vertessen,Yorbe Vertessen,25,Attacker,Belgium,Striker,21.0,56.0,3.0,74.0,2.0,9.0,14.0,10.0,4.0,0.0,8.0,9.0,10.0,1.0,2.0,336.0,7.0,27.0,5.0,0.0,2.0,3.0,0.0,2.0,1.0,0.0,0.0,72.55,75.0,23.08,0.0,50.0,33.33,40.0,66.67,1.7693343880825587,0.9531233580515182,4.0,12.0,0.34996631,3.0,1.0,5.0,0.29198666,22.0,5.625,15.0,0.8035714285714286,19.82142857142857,0.5357142857142857,2.4107142857142856,3.75,2.6785714285714284,1.0714285714285714,0.0,2.142857142857143,2.4107142857142856,2.6785714285714284,0.2678571428571428,0.5357142857142857,1.875,7.232142857142857,1.3392857142857142,0.0,0.5357142857142857,0.8035714285714286,0.0,0.5357142857142857,0.2678571428571428,0.0,0.0,72.55,75.0,23.08,0.0,50.0,33.33,40.0,66.67,0.4739288539506853,0.2553008994780852,1.0714285714285714,3.2142857142857144,0.0937409758928571,0.8035714285714286,0.2678571428571428,1.3392857142857142,0.0782107125,5.892857142857142,ST,75,81,71,77,19,96,85,73,87,6,60,60,21,21,75,87,87,79,8,62,87,52,62,85,52,52,62,87,65,8,73,25,46,52,85,96,77,88,92,71,17,54,58,63,73,81,69,77,23,96,85,85,88,6,65,69,23,19,81,92,92,85,8,69,88,52,69,92,52,52,62,87,65,8,73,25,46,52,85,96,77,92,85,65,15,50,58,65,Austrian Bundesliga
Salzburg,bonj6qc7po4anunhydmjmi6g5,8s1ggifut0xesv052i43m742y,K. Boma,Kévin Boma,23,Defender,Togo,Defender,223.0,220.0,6.0,442.0,17.0,2.0,4.0,3.0,1.0,0.0,3.0,3.0,29.0,26.0,13.0,440.0,0.0,5.0,4.0,2.0,5.0,1.0,0.0,0.0,1.0,0.0,0.0,94.24,60.0,33.33,66.67,0.0,72.5,68.0,83.33,0.5199424968320138,0.254079231131965,1.0,11.0,0.22630117,6.0,43.0,43.0,0.8619819100000001,316.0,45.61363636363636,44.99999999999999,1.227272727272727,90.4090909090909,3.477272727272727,0.409090909090909,0.8181818181818181,0.6136363636363635,0.2045454545454545,0.0,0.6136363636363635,0.6136363636363635,5.931818181818182,5.3181818181818175,2.6590909090909087,0.0,1.0227272727272727,0.8181818181818181,0.409090909090909,1.0227272727272727,0.2045454545454545,0.0,0.0,0.2045454545454545,0.0,0.0,94.24,60.0,33.33,66.67,0.0,72.5,68.0,83.33,0.1063518743520028,0.0519707518224473,0.2045454545454545,2.25,0.0462888756818181,1.227272727272727,8.795454545454545,8.795454545454545,0.1763144815909091,64.63636363636363,CB,95,100,18,100,78,62,75,75,72,32,82,82,80,50,95,25,68,82,88,68,85,45,35,92,52,52,80,40,88,70,25,100,65,95,80,95,72,90,90,88,100,98,95,100,90,100,10,95,85,65,70,70,65,32,80,80,80,45,100,25,65,90,85,55,85,45,35,95,52,52,80,40,88,70,25,100,65,95,75,90,65,85,80,90,95,95,95,95,Austrian Bundesliga
Salzburg,bonj6qc7po4anunhydmjmi6g5,9kd9xpv9glq7whrmztrixu9sk,T. Drexler,Tim Drexler,21,Defender,Germany,Defender,166.0,83.0,14.0,249.0,2.0,0.0,1.0,1.0,0.0,1.0,0.0,0.0,7.0,7.0,2.0,237.0,0.0,1.0,0.0,0.0,5.0,0.0,1.0,0.0,0.0,0.0,0.0,94.68,60.87,0.0,0.0,0.0,63.64,66.67,100.0,0.1716988837339274,0.0,0.0,0.0,0.0,0.0,10.0,10.0,0.3146066500000001,172.0,63.03797468354431,31.51898734177216,5.316455696202532,94.55696202531644,0.759493670886076,0.0,0.379746835443038,0.379746835443038,0.0,0.379746835443038,0.0,0.0,2.6582278481012658,2.6582278481012658,0.759493670886076,0.0,0.379746835443038,0.0,0.0,1.89873417721519,0.0,0.379746835443038,0.0,0.0,0.0,0.0,94.68,60.87,0.0,0.0,0.0,63.64,66.67,100.0,0.065202107747061,0.0,0.0,0.0,0.0,0.0,3.79746835443038,3.79746835443038,0.1194708797468354,65.31645569620254,CB,65,55,55,65,15,18,28,40,32,78,22,22,10,15,10,25,15,18,25,68,40,92,35,45,52,52,85,50,40,25,25,50,60,100,40,20,32,12,12,20,48,35,45,75,100,85,80,100,20,18,35,45,32,95,22,22,15,15,15,25,15,18,25,95,40,95,35,45,52,52,85,50,40,25,25,50,60,100,50,20,32,12,12,20,55,50,70,100,Austrian Bundesliga
Salzburg,bonj6qc7po4anunhydmjmi6g5,ajo4x6z5r2r4g8daotcqdjl04,B. Mazurek,Bartosz Mazurek,19,Midfielder,Poland,Midfielder,117.0,151.0,12.0,267.0,1.0,3.0,10.0,1.0,9.0,3.0,16.0,16.0,39.0,3.0,3.0,393.0,3.0,8.0,17.0,9.0,9.0,1.0,0.0,1.0,2.0,0.0,0.0,89.6,66.67,25.0,56.25,30.0,63.93,25.0,75.0,1.0010772591689532,0.2639781810907047,5.0,21.0,0.48774628,14.0,24.0,24.0,0.67235312,128.0,26.793893129771,34.58015267175573,2.748091603053436,61.145038167938935,0.2290076335877862,0.6870229007633588,2.290076335877863,0.2290076335877862,2.0610687022900764,0.6870229007633588,3.664122137404581,3.664122137404581,8.931297709923665,0.6870229007633588,0.6870229007633588,0.6870229007633588,1.8320610687022905,3.893129770992367,2.0610687022900764,2.0610687022900764,0.2290076335877862,0.0,0.2290076335877862,0.4580152671755725,0.0,0.0,89.6,66.67,25.0,56.25,30.0,63.93,25.0,75.0,0.229254334160829,0.0604530185703903,1.1450381679389314,4.809160305343512,0.1116976213740458,3.206106870229008,5.496183206106871,5.496183206106871,0.1539739969465649,29.312977099236644,CM/AM,88,88,85,88,29,23,83,35,100,79,94,94,100,54,60,83,62,100,94,94,42,52,79,87,52,50,81,69,63,63,62,100,38,88,85,31,88,90,85,96,85,83,73,88,92,85,73,92,27,23,73,35,92,73,88,88,100,50,54,73,50,100,88,100,38,52,73,92,52,50,81,69,63,63,62,100,38,88,81,31,81,88,92,92,77,77,58,92,Austrian Bundesliga
Salzburg,bonj6qc7po4anunhydmjmi6g5,cg2dpmeot9vtf40lnvg5scxsk,S. Kitano,Sota Kitano,22,Attacker,Japan,Striker,56.0,80.0,5.0,136.0,0.0,8.0,8.0,5.0,3.0,2.0,7.0,7.0,11.0,1.0,2.0,344.0,3.0,18.0,2.0,3.0,3.0,0.0,0.0,1.0,1.0,0.0,0.0,80.95,62.5,0.0,42.86,37.5,33.33,0.0,50.0,0.9855594484701464,0.8180017314356374,3.0,3.0,0.08325087,1.0,10.0,10.0,0.59617282,45.0,14.651162790697674,20.930232558139533,1.3081395348837208,35.581395348837205,0.0,2.093023255813953,2.093023255813953,1.3081395348837208,0.7848837209302325,0.5232558139534883,1.8313953488372088,1.8313953488372088,2.877906976744186,0.2616279069767441,0.5232558139534883,0.7848837209302325,4.709302325581395,0.5232558139534883,0.7848837209302325,0.7848837209302325,0.0,0.0,0.2616279069767441,0.2616279069767441,0.0,0.0,80.95,62.5,0.0,42.86,37.5,33.33,0.0,50.0,0.2578498557043988,0.2140120808988586,0.7848837209302325,0.7848837209302325,0.021780750872093,0.2616279069767441,2.6162790697674416,2.6162790697674416,0.1559754470930232,11.773255813953488,ST,100,92,87,100,4,88,33,29,73,58,46,42,31,21,75,40,44,29,54,87,27,52,31,85,52,52,88,81,27,58,60,25,4,35,38,88,62,27,27,35,94,85,88,96,100,100,96,100,4,92,23,19,73,62,50,42,31,15,77,35,46,31,54,92,27,52,27,88,52,52,88,81,27,58,60,25,4,35,46,88,62,23,27,31,88,88,96,96,Austrian Bundesliga
Salzburg,bonj6qc7po4anunhydmjmi6g5,dphjm5otyeb004tqonfbbct90,D. Redzic,Damir Redzic,23,Attacker,Hungary,Striker,24.0,58.0,1.0,77.0,1.0,3.0,4.0,4.0,0.0,1.0,16.0,18.0,20.0,1.0,0.0,266.0,3.0,20.0,7.0,7.0,4.0,5.0,0.0,0.0,0.0,0.0,0.0,87.5,100.0,17.86,43.75,75.0,52.63,50.0,80.0,0.2751732748001262,0.3601810868482089,1.0,13.0,0.46880253,2.0,2.0,6.0,0.2086540299999999,20.0,8.120300751879698,19.62406015037594,0.3383458646616541,26.052631578947366,0.3383458646616541,1.0150375939849623,1.3533834586466165,1.3533834586466165,0.0,0.3383458646616541,5.413533834586466,6.090225563909774,6.7669172932330826,0.3383458646616541,0.0,1.0150375939849623,6.7669172932330826,2.3684210526315788,2.3684210526315788,1.3533834586466165,1.6917293233082706,0.0,0.0,0.0,0.0,0.0,87.5,100.0,17.86,43.75,75.0,52.63,50.0,80.0,0.0931037395940276,0.1218657812644315,0.3383458646616541,4.398496240601504,0.158617397368421,0.6766917293233082,0.6766917293233082,2.0300751879699246,0.0705972281954886,6.7669172932330826,RW,50,50,25,42,50,33,25,58,17,42,50,50,58,25,33,50,67,83,50,75,83,50,25,33,58,58,83,92,33,83,83,100,100,92,17,33,17,67,67,33,17,25,17,25,67,67,33,67,50,50,50,50,17,33,67,83,83,17,33,50,100,83,83,100,100,50,25,33,58,58,83,92,33,83,83,100,100,92,17,67,17,67,67,50,17,50,33,33,Austrian Bundesliga
Salzburg,bonj6qc7po4anunhydmjmi6g5,dtt29qocpooiymw666vz2iwdm,A. Barry,Abubakr Barry,26,Midfielder,Gambia,Midfielder,201.0,247.0,21.0,448.0,1.0,5.0,5.0,1.0,4.0,0.0,11.0,12.0,21.0,5.0,2.0,474.0,0.0,4.0,3.0,6.0,4.0,0.0,0.0,0.0,2.0,0.0,0.0,92.56,67.74,0.0,54.55,0.0,44.68,25.0,36.36,0.4036644935876249,0.3004221934757284,3.0,26.0,0.57358575,12.0,45.0,38.0,0.7154320299999998,249.0,38.16455696202532,46.89873417721519,3.987341772151898,85.0632911392405,0.189873417721519,0.949367088607595,0.949367088607595,0.189873417721519,0.759493670886076,0.0,2.088607594936709,2.278481012658228,3.987341772151898,0.949367088607595,0.379746835443038,0.0,0.759493670886076,0.569620253164557,1.139240506329114,0.759493670886076,0.0,0.0,0.0,0.379746835443038,0.0,0.0,92.56,67.74,0.0,54.55,0.0,44.68,25.0,36.36,0.0766451570103085,0.0570421886346319,0.569620253164557,4.936708860759493,0.1089086867088607,2.278481012658228,8.544303797468354,7.215189873417722,0.1358415246835442,47.27848101265823,CM/AM,100,100,98,100,29,54,37,35,60,10,83,87,73,67,44,10,31,27,83,69,17,52,33,87,52,50,96,77,17,54,10,42,38,25,38,46,52,96,96,92,96,100,77,100,96,100,92,100,19,35,19,31,38,10,69,65,50,62,38,10,23,15,73,42,17,52,33,85,52,50,96,77,17,54,10,42,38,25,31,23,27,92,88,81,96,96,50,100,Austrian Bundesliga
Salzburg,bonj6qc7po4anunhydmjmi6g5,dtu61wukgh3m1jfr1pxadxjis,E. Baidoo,Edmund Baidoo,20,Attacker,Ghana,Striker,32.0,72.0,3.0,100.0,0.0,10.0,5.0,4.0,1.0,1.0,20.0,20.0,16.0,1.0,1.0,242.0,4.0,11.0,1.0,10.0,2.0,4.0,0.0,1.0,0.0,0.0,0.0,90.09,100.0,50.0,50.0,80.0,48.48,0.0,40.0,0.5195586251723578,0.8694033355477935,2.0,18.0,0.52282816,10.0,9.0,10.0,0.49304855,36.0,11.900826446280991,26.77685950413223,1.1157024793388428,37.1900826446281,0.0,3.7190082644628095,1.8595041322314048,1.487603305785124,0.371900826446281,0.371900826446281,7.438016528925619,7.438016528925619,5.950413223140496,0.371900826446281,0.371900826446281,1.487603305785124,4.090909090909091,0.371900826446281,3.7190082644628095,0.743801652892562,1.487603305785124,0.0,0.371900826446281,0.0,0.0,0.0,90.09,100.0,50.0,50.0,80.0,48.48,0.0,40.0,0.1932242820888934,0.3233318190053777,0.743801652892562,6.694214876033057,0.1944402247933884,3.7190082644628095,3.3471074380165287,3.7190082644628095,0.1833651632231404,13.388429752066116,RW,83,67,67,83,25,75,50,58,42,42,67,67,33,25,67,67,17,17,83,33,67,50,58,33,58,58,100,92,100,100,100,67,25,33,33,83,50,83,83,83,67,67,67,58,83,83,67,83,25,100,67,67,50,50,100,100,67,33,67,100,67,17,100,50,83,50,83,33,58,58,100,92,100,100,100,67,25,33,67,100,67,100,100,100,83,83,83,83,Austrian Bundesliga
Salzburg,bonj6qc7po4anunhydmjmi6g5,dvqog8r05iw9zqr68l4fcnre2,N. Veratschnig,Nikolas Veratschnig,23,Defender,Austria,Defender,113.0,172.0,15.0,276.0,7.0,12.0,11.0,6.0,5.0,2.0,5.0,5.0,24.0,12.0,6.0,493.0,5.0,15.0,5.0,4.0,5.0,9.0,1.0,1.0,1.0,0.0,0.0,89.61,68.18,30.0,80.0,45.45,64.86,70.0,55.56,1.0832052644951708,1.4202530768354005,4.0,17.0,0.39925524,11.0,34.0,39.0,2.27468529,126.0,20.628803245436107,31.399594320486816,2.738336713995943,50.38539553752536,1.27789046653144,2.1906693711967544,2.0081135902636915,1.0953346855983772,0.9127789046653144,0.3651115618661257,0.9127789046653144,0.9127789046653144,4.381338742393509,2.1906693711967544,1.0953346855983772,0.9127789046653144,2.738336713995943,0.9127789046653144,0.7302231237322515,0.9127789046653144,1.643002028397566,0.1825557809330628,0.1825557809330628,0.1825557809330628,0.0,0.0,89.61,68.18,30.0,80.0,45.45,64.86,70.0,55.56,0.1977453829707208,0.2592754095642718,0.7302231237322515,3.103448275862069,0.0728863521298174,2.0081135902636915,6.206896551724138,7.119675456389452,0.4152569494929006,23.002028397565923,RB/RCB,50,93,68,86,54,100,93,93,93,82,57,57,79,36,86,100,93,82,79,57,96,96,89,86,54,54,93,100,79,79,86,86,68,43,93,100,100,86,86,93,89,100,100,64,50,93,64,79,50,100,93,86,93,86,57,50,64,36,79,100,93,86,79,50,100,100,93,93,54,54,93,100,79,79,86,86,68,43,86,100,100,79,71,93,100,100,100,57,Austrian Bundesliga
Salzburg,bonj6qc7po4anunhydmjmi6g5,og090mw7ae5fkg397p9g0ru1,D. Schmid,Dominik Schmid,28,Defender,Switzerland,Defender,155.0,177.0,13.0,321.0,7.0,12.0,2.0,2.0,0.0,2.0,1.0,1.0,15.0,12.0,3.0,382.0,0.0,7.0,3.0,0.0,5.0,11.0,0.0,0.0,1.0,0.0,0.0,91.71,65.0,44.0,0.0,0.0,55.56,53.85,100.0,0.2419256934798723,1.1633357966777922,0.0,13.0,0.56483385,14.0,39.0,42.0,1.611345810000001,195.0,36.518324607329845,41.70157068062827,3.06282722513089,75.6282722513089,1.649214659685864,2.8272251308900525,0.4712041884816754,0.4712041884816754,0.0,0.4712041884816754,0.2356020942408377,0.2356020942408377,3.534031413612565,2.8272251308900525,0.7068062827225131,0.0,1.649214659685864,0.7068062827225131,0.0,1.1780104712041886,2.5916230366492146,0.0,0.0,0.2356020942408377,0.0,0.0,91.71,65.0,44.0,0.0,0.0,55.56,53.85,100.0,0.0569982000345248,0.2740843500026212,0.0,3.06282722513089,0.1330760379581151,3.298429319371728,9.18848167539267,9.895287958115183,0.3796364473821992,45.94240837696335,LB/LCB,88,94,74,94,53,100,35,53,24,79,18,18,21,29,35,29,68,47,15,41,100,53,47,76,53,53,94,100,94,15,29,47,50,100,47,100,26,91,100,88,94,94,94,94,94,100,76,100,65,100,29,41,24,76,18,18,24,29,41,29,65,47,15,53,94,53,47,76,53,53,94,100,94,15,29,47,50,100,41,100,26,88,94,94,100,100,100,100,Austrian Bundesliga
Austria Wien,84gk4ytf9vr8oml51cqyit78w,36dx87q1ec6aiav6jbgivccq2,Lee Kang-Hee,Kang-Hee Lee,25,Midfielder,Korea Republic,Midfielder,135.0,70.0,10.0,205.0,9.0,3.0,3.0,1.0,2.0,1.0,5.0,5.0,22.0,24.0,7.0,440.0,0.0,10.0,4.0,1.0,5.0,0.0,0.0,0.0,0.0,0.0,0.0,85.42,58.82,0.0,20.0,0.0,48.89,56.25,62.5,0.3337038578268637,0.1892838800438268,1.0,4.0,0.07831743,4.0,14.0,14.0,0.3005373399999999,112.0,27.61363636363636,14.318181818181817,2.0454545454545454,41.93181818181818,1.8409090909090908,0.6136363636363635,0.6136363636363635,0.2045454545454545,0.409090909090909,0.2045454545454545,1.0227272727272727,1.0227272727272727,4.5,4.909090909090908,1.4318181818181817,0.0,2.0454545454545454,0.8181818181818181,0.2045454545454545,1.0227272727272727,0.0,0.0,0.0,0.0,0.0,0.0,85.42,58.82,0.0,20.0,0.0,48.89,56.25,62.5,0.0682576072827675,0.0387171572816918,0.2045454545454545,0.8181818181818181,0.0160194743181818,0.8181818181818181,2.863636363636364,2.863636363636364,0.0614735468181817,22.909090909090907,DM/CM,89,50,39,78,72,61,39,47,50,44,58,56,47,89,89,28,97,42,33,47,25,53,42,39,50,50,72,83,25,22,28,39,78,58,39,56,39,28,22,61,42,44,33,72,83,39,44,78,94,50,39,50,50,56,67,61,44,94,78,28,100,39,39,56,25,53,42,39,50,50,72,83,25,22,28,39,78,58,50,50,44,22,22,61,33,39,22,83,Austrian Bundesliga
Austria Wien,84gk4ytf9vr8oml51cqyit78w,3jbpxku7kfad1kbi7eytylc0k,S. Šaljić,Sanel Saljic,20,Midfielder,Austria,Midfielder,18.0,28.0,1.0,45.0,0.0,2.0,2.0,1.0,1.0,0.0,5.0,6.0,10.0,1.0,1.0,302.0,1.0,4.0,4.0,2.0,3.0,1.0,0.0,0.0,0.0,0.0,0.0,72.58,50.0,14.29,40.0,50.0,45.45,0.0,75.0,0.1745796605194335,0.1098761757069396,2.0,2.0,0.07236198,0.0,5.0,7.0,0.3584701099999999,18.0,5.364238410596027,8.344370860927151,0.2980132450331125,13.410596026490063,0.0,0.5960264900662251,0.5960264900662251,0.2980132450331125,0.2980132450331125,0.0,1.490066225165563,1.7880794701986755,2.980132450331126,0.2980132450331125,0.2980132450331125,0.2980132450331125,1.1920529801324502,1.1920529801324502,0.5960264900662251,0.8940397350993378,0.2980132450331125,0.0,0.0,0.0,0.0,0.0,72.58,50.0,14.29,40.0,50.0,45.45,0.0,75.0,0.0520270511481755,0.0327445556742535,0.5960264900662251,0.5960264900662251,0.0215648284768211,0.0,1.490066225165563,2.086092715231788,0.1068288407284767,5.364238410596027,CM/AM,25,4,8,15,10,10,8,35,17,10,38,44,23,21,27,33,31,50,37,48,42,52,33,31,52,50,23,27,35,37,94,52,13,88,12,8,29,12,12,10,15,19,27,12,31,8,8,12,10,19,8,38,19,10,54,62,31,19,35,35,35,62,46,65,46,52,33,31,52,50,23,27,35,37,94,52,13,88,15,8,35,12,12,10,15,19,35,12,Austrian Bundesliga
Austria Wien,84gk4ytf9vr8oml51cqyit78w,3qv32eulpugf1n9f2inird9lh,M. Fischer,Manfred Fischer,31,Midfielder,Austria,Midfielder,35.0,76.0,5.0,111.0,8.0,3.0,7.0,4.0,3.0,0.0,4.0,4.0,14.0,6.0,3.0,360.0,2.0,10.0,0.0,2.0,1.0,0.0,0.0,1.0,1.0,0.0,0.0,75.51,45.45,0.0,50.0,28.57,43.75,80.0,25.0,0.7745643911135838,0.1796478771140008,3.0,6.0,0.11749234,8.0,17.0,20.0,0.39274188,64.0,8.75,19.0,1.25,27.75,2.0,0.75,1.75,1.0,0.75,0.0,1.0,1.0,3.5,1.5,0.75,0.5,2.5,0.0,0.5,0.25,0.0,0.0,0.25,0.25,0.0,0.0,75.51,45.45,0.0,50.0,28.57,43.75,80.0,25.0,0.1936410977783959,0.0449119692785002,0.75,1.5,0.029373085,2.0,4.25,5.0,0.09818547,16.0,CM/AM,46,58,44,56,98,23,65,75,37,10,27,27,42,81,60,63,77,4,37,17,17,52,79,69,52,50,35,15,17,46,56,35,100,15,73,15,52,33,19,85,63,69,31,67,42,62,38,62,100,27,62,69,35,10,27,27,46,92,65,58,65,4,38,19,17,52,77,69,52,50,35,15,17,46,56,35,100,15,62,19,46,35,19,73,65,73,19,69,Austrian Bundesliga
Austria Wien,84gk4ytf9vr8oml51cqyit78w,45bv6x1iz3hj6dofzcwadxv55,J. Eggestein,Johannes Eggestein,28,Attacker,Germany,Striker,27.0,60.0,5.0,77.0,6.0,4.0,10.0,7.0,3.0,6.0,7.0,8.0,11.0,1.0,2.0,398.0,2.0,21.0,2.0,3.0,0.0,10.0,0.0,0.0,0.0,0.0,0.0,63.11,45.45,26.32,42.86,20.0,28.21,27.27,0.0,0.9628906584817896,0.2314927531046517,2.0,7.0,0.2148112999999999,6.0,6.0,10.0,0.47661263,36.0,6.105527638190955,13.567839195979898,1.1306532663316582,17.412060301507537,1.3567839195979898,0.9045226130653266,2.2613065326633164,1.5829145728643217,0.6783919597989949,1.3567839195979898,1.5829145728643217,1.809045226130653,2.487437185929648,0.2261306532663316,0.4522613065326633,0.4522613065326633,4.748743718592965,0.4522613065326633,0.6783919597989949,0.0,2.2613065326633164,0.0,0.0,0.0,0.0,0.0,63.11,45.45,26.32,42.86,20.0,28.21,27.27,0.0,0.2177390936265353,0.0523476074859765,0.4522613065326633,1.5829145728643217,0.0485754195979899,1.3567839195979898,1.3567839195979898,2.2613065326633164,0.1077767253768844,8.140703517587939,ST,88,85,87,81,62,48,50,46,73,96,46,52,31,21,75,23,65,29,54,12,100,52,10,37,52,52,38,46,69,58,15,4,19,12,35,35,42,62,54,96,73,85,81,88,81,73,85,73,42,42,35,35,65,96,35,38,12,8,69,19,50,19,38,12,100,52,10,37,52,52,38,46,69,58,15,4,19,12,23,31,42,65,54,92,69,85,77,85,Austrian Bundesliga
Austria Wien,84gk4ytf9vr8oml51cqyit78w,5i2iyj07cs96xwl9z9uf7rl04,V. Markovic,Vasilije Markovic,18,Midfielder,Austria,Midfielder,29.0,46.0,3.0,73.0,5.0,4.0,5.0,2.0,3.0,2.0,8.0,11.0,28.0,6.0,3.0,298.0,1.0,11.0,2.0,2.0,11.0,2.0,0.0,0.0,0.0,0.0,0.0,75.26,27.27,33.33,25.0,20.0,59.57,83.33,57.89,0.4437849865429455,0.2703946258911106,4.0,8.0,0.21055167,1.0,4.0,14.0,0.44447212,34.0,8.758389261744966,13.89261744966443,0.906040268456376,22.046979865771814,1.51006711409396,1.2080536912751678,1.51006711409396,0.6040268456375839,0.906040268456376,0.6040268456375839,2.416107382550336,3.322147651006712,8.456375838926174,1.812080536912752,0.906040268456376,0.3020134228187919,3.322147651006712,0.6040268456375839,0.6040268456375839,3.322147651006712,0.6040268456375839,0.0,0.0,0.0,0.0,0.0,75.26,27.27,33.33,25.0,20.0,59.57,83.33,57.89,0.1340290227814265,0.081662806477181,1.2080536912751678,2.416107382550336,0.0635894305369127,0.3020134228187919,1.2080536912751678,4.228187919463087,0.1342365463087248,10.268456375838928,CM,100,100,100,100,100,100,100,100,100,100,100,100,100,100,100,100,100,100,100,100,100,100,100,100,100,100,100,100,100,100,100,100,100,100,100,100,100,100,100,100,100,100,100,100,100,100,100,100,100,100,100,100,100,100,100,100,100,100,100,100,100,100,100,100,100,100,100,100,100,100,100,100,100,100,100,100,100,100,100,100,100,100,100,100,100,100,100,100,Austrian Bundesliga
Austria Wien,84gk4ytf9vr8oml51cqyit78w,6vtr5xi7mdoa8j4jq5y9j2j85,A. Dragović,Aleksandar Dragovic,35,Defender,Austria,Defender,163.0,75.0,36.0,238.0,4.0,0.0,1.0,1.0,0.0,0.0,0.0,0.0,10.0,18.0,7.0,329.0,1.0,2.0,0.0,0.0,3.0,0.0,0.0,0.0,0.0,0.0,0.0,92.97,75.0,0.0,0.0,100.0,62.5,57.14,50.0,0.1538690734461192,0.0,0.0,4.0,0.08266008,1.0,20.0,22.0,0.4229279399999998,170.0,44.589665653495445,20.516717325227965,9.848024316109424,65.1063829787234,1.094224924012158,0.0,0.2735562310030395,0.2735562310030395,0.0,0.0,0.0,0.0,2.7355623100303954,4.924012158054712,1.9148936170212767,0.2735562310030395,0.547112462006079,0.0,0.0,0.8206686930091186,0.0,0.0,0.0,0.0,0.0,0.0,92.97,75.0,0.0,0.0,100.0,62.5,57.14,50.0,0.0420918437998502,0.0,0.0,1.094224924012158,0.0226121799392097,0.2735562310030395,5.471124620060791,6.01823708206687,0.1156945732522795,46.50455927051672,CB,55,50,98,60,28,18,28,40,32,32,22,22,18,25,68,62,30,18,25,40,40,45,35,45,52,52,70,95,40,25,100,45,42,50,35,20,32,60,55,48,60,65,50,70,85,60,100,80,35,18,25,40,32,32,22,22,20,40,85,65,30,18,25,40,40,45,35,45,52,52,70,95,40,25,100,45,42,50,35,20,32,70,60,55,65,85,65,85,Austrian Bundesliga
Austria Wien,84gk4ytf9vr8oml51cqyit78w,85mzxov9sqq8gec4e0wwt8h78,I. Buhari,Ibrahim Buhari,24,Defender,Nigeria,Defender,86.0,39.0,5.0,125.0,6.0,0.0,1.0,0.0,1.0,0.0,0.0,0.0,15.0,23.0,4.0,270.0,0.0,3.0,1.0,0.0,3.0,0.0,0.0,0.0,0.0,0.0,0.0,85.03,26.32,0.0,0.0,0.0,57.69,54.55,37.5,0.0518490903783316,0.0,1.0,2.0,0.04130209,2.0,6.0,7.0,0.18263112,85.0,28.666666666666668,13.0,1.6666666666666667,41.66666666666666,2.0,0.0,0.3333333333333333,0.0,0.3333333333333333,0.0,0.0,0.0,5.0,7.666666666666667,1.3333333333333333,0.0,1.0,0.3333333333333333,0.0,1.0,0.0,0.0,0.0,0.0,0.0,0.0,85.03,26.32,0.0,0.0,0.0,57.69,54.55,37.5,0.0172830301261105,0.0,0.3333333333333333,0.6666666666666666,0.0137673633333333,0.6666666666666666,2.0,2.333333333333333,0.06087704,28.33333333333333,CB,25,30,10,25,40,18,28,15,72,32,22,22,40,35,40,25,45,40,25,40,40,45,35,45,52,52,30,5,40,25,25,25,30,25,15,20,72,40,40,65,20,22,20,35,45,40,15,35,55,18,30,15,82,32,22,22,50,80,62,25,55,40,25,50,40,45,35,45,52,52,30,5,40,25,25,25,30,25,15,20,82,50,50,72,35,40,35,50,Austrian Bundesliga
Austria Wien,84gk4ytf9vr8oml51cqyit78w,88ddl23hbe7i6nb4wl11izjai,F. Wustinger,Florian Wustinger,23,Midfielder,Austria,Midfielder,48.0,27.0,3.0,75.0,4.0,1.0,0.0,0.0,0.0,0.0,3.0,3.0,22.0,4.0,6.0,308.0,0.0,2.0,3.0,2.0,10.0,0.0,0.0,0.0,1.0,0.0,0.0,86.21,75.0,0.0,66.67,0.0,61.11,50.0,76.92,0.0,0.1040932784677199,0.0,2.0,0.04382219,1.0,4.0,5.0,0.07970962,35.0,14.025974025974026,7.88961038961039,0.8766233766233766,21.915584415584416,1.168831168831169,0.2922077922077922,0.0,0.0,0.0,0.0,0.8766233766233766,0.8766233766233766,6.428571428571429,1.168831168831169,1.7532467532467533,0.0,0.5844155844155845,0.8766233766233766,0.5844155844155845,2.9220779220779223,0.0,0.0,0.0,0.2922077922077922,0.0,0.0,86.21,75.0,0.0,66.67,0.0,61.11,50.0,76.92,0.0,0.0304168670847233,0.0,0.5844155844155845,0.0128051853896103,0.2922077922077922,1.168831168831169,1.4610389610389611,0.023291772077922,10.227272727272728,DM/CM,19,6,8,17,53,22,8,19,11,17,36,33,47,28,69,28,22,28,61,97,25,53,42,86,50,50,78,94,25,78,28,94,58,83,8,28,11,11,11,14,8,11,6,14,28,11,6,17,67,28,8,19,11,17,56,56,100,39,100,28,39,44,61,100,25,53,42,89,50,50,78,94,25,78,28,94,58,83,8,33,11,11,11,11,11,6,6,17,Austrian Bundesliga
Austria Wien,84gk4ytf9vr8oml51cqyit78w,ahoze7dvvhpx45t6887vqpgk4,D. Nnodim,Daniel Nnodim,18,Defender,Germany,Defender,25.0,30.0,1.0,52.0,1.0,2.0,1.0,0.0,1.0,0.0,2.0,3.0,7.0,4.0,0.0,220.0,1.0,1.0,2.0,0.0,2.0,3.0,0.0,1.0,0.0,0.0,0.0,76.47,20.0,37.5,0.0,100.0,36.84,50.0,50.0,0.0806139563571742,0.1576934963050397,1.0,8.0,0.19949444,5.0,2.0,5.0,0.25187726,26.0,10.227272727272728,12.272727272727272,0.409090909090909,21.27272727272727,0.409090909090909,0.8181818181818181,0.409090909090909,0.0,0.409090909090909,0.0,0.8181818181818181,1.227272727272727,2.863636363636364,1.6363636363636362,0.0,0.409090909090909,0.409090909090909,0.8181818181818181,0.0,0.8181818181818181,1.227272727272727,0.0,0.409090909090909,0.0,0.0,0.0,76.47,20.0,37.5,0.0,100.0,36.84,50.0,50.0,0.0329784366915712,0.0645109757611526,0.409090909090909,3.2727272727272725,0.0816113618181818,2.0454545454545454,0.8181818181818181,2.0454545454545454,0.1030406972727272,10.636363636363637,RB/RCB,7,14,7,7,18,32,14,11,39,21,43,43,7,14,7,50,7,21,18,21,79,46,89,36,54,54,21,7,93,18,96,14,39,21,14,29,50,68,57,57,7,14,14,14,14,36,7,21,21,71,21,11,71,21,43,64,21,21,7,86,7,71,18,43,86,46,100,36,54,54,21,7,93,18,96,14,39,21,21,57,71,86,79,100,7,14,57,21,Austrian Bundesliga
Austria Wien,84gk4ytf9vr8oml51cqyit78w,av2iblvadx7u9cj27qgbm09ka,Lee Tae-Seok,Tae-Seok Lee,24,Defender,Korea Republic,Defender,68.0,73.0,17.0,135.0,2.0,5.0,5.0,3.0,2.0,1.0,6.0,6.0,22.0,13.0,0.0,446.0,1.0,6.0,7.0,1.0,8.0,6.0,0.0,0.0,1.0,0.0,0.0,72.58,38.64,31.58,16.67,20.0,46.81,20.0,66.67,0.3761949317457476,0.4777448411248401,2.0,9.0,0.21324758,4.0,23.0,23.0,0.5927124399999999,65.0,13.721973094170403,14.730941704035876,3.430493273542601,27.24215246636772,0.4035874439461883,1.0089686098654709,1.0089686098654709,0.6053811659192825,0.4035874439461883,0.2017937219730941,1.210762331838565,1.210762331838565,4.439461883408072,2.623318385650224,0.0,0.2017937219730941,1.210762331838565,1.412556053811659,0.2017937219730941,1.6143497757847534,1.210762331838565,0.0,0.0,0.2017937219730941,0.0,0.0,72.58,38.64,31.58,16.67,20.0,46.81,20.0,66.67,0.0759137754643885,0.096405909644026,0.4035874439461883,1.816143497757848,0.0430320228699551,0.8071748878923767,4.641255605381166,4.641255605381166,0.1196056493273542,13.11659192825112,LB/LCB,41,65,82,47,18,53,76,76,71,56,82,79,59,35,6,74,44,94,35,74,85,53,47,76,53,53,24,59,71,29,65,18,12,53,65,53,76,62,59,62,82,85,41,47,35,53,88,35,18,59,76,71,71,59,71,71,41,24,6,71,41,94,35,76,88,53,47,71,53,53,24,59,71,29,65,18,12,53,59,53,82,65,53,59,76,76,41,47,Austrian Bundesliga
Austria Wien,84gk4ytf9vr8oml51cqyit78w,bqg2p4lfk0ldhn0oojwva47h1,R. Ranftl,Reinhold Ranftl,34,Midfielder,Austria,Midfielder,95.0,108.0,28.0,200.0,5.0,5.0,5.0,2.0,3.0,0.0,6.0,6.0,30.0,18.0,5.0,540.0,2.0,8.0,5.0,1.0,13.0,3.0,0.0,0.0,0.0,0.0,0.0,75.76,52.83,12.5,16.67,40.0,46.88,41.67,68.42,0.4258172998907777,0.4657693277392223,3.0,17.0,0.41505407,10.0,19.0,30.0,0.95822207,93.0,15.833333333333334,18.0,4.666666666666667,33.333333333333336,0.8333333333333334,0.8333333333333334,0.8333333333333334,0.3333333333333333,0.5,0.0,1.0,1.0,5.0,3.0,0.8333333333333334,0.3333333333333333,1.3333333333333333,0.8333333333333334,0.1666666666666666,2.1666666666666665,0.5,0.0,0.0,0.0,0.0,0.0,75.76,52.83,12.5,16.67,40.0,46.88,41.67,68.42,0.0709695499817962,0.0776282212898703,0.5,2.833333333333333,0.0691756783333333,1.6666666666666667,3.1666666666666665,5.0,0.1597036783333333,15.5,RM/RCM,78,89,100,78,72,39,50,39,83,22,50,50,78,89,72,67,61,61,22,100,50,56,44,33,56,56,33,44,33,22,72,56,56,78,56,33,72,78,78,89,56,89,67,78,78,67,89,67,56,33,28,22,56,22,33,33,78,78,67,44,61,61,22,89,44,56,44,33,56,56,33,44,33,22,72,56,56,78,44,33,44,56,67,78,56,67,56,67,Austrian Bundesliga
Austria Wien,84gk4ytf9vr8oml51cqyit78w,bt14dhf0l9mchdmbh7ygtzeqy,J. Hettwer,Julian Hettwer,23,Attacker,Germany,Striker,9.0,17.0,3.0,26.0,1.0,2.0,9.0,6.0,3.0,1.0,3.0,3.0,6.0,1.0,1.0,284.0,3.0,14.0,3.0,1.0,1.0,0.0,0.0,2.0,0.0,0.0,0.0,44.83,50.0,0.0,33.33,33.33,30.0,16.67,100.0,1.1164500226247436,0.0813742976995765,6.0,4.0,0.11073572,0.0,2.0,5.0,0.1956562,11.0,2.852112676056338,5.387323943661972,0.9507042253521129,8.23943661971831,0.3169014084507042,0.6338028169014085,2.852112676056338,1.9014084507042253,0.9507042253521129,0.3169014084507042,0.9507042253521129,0.9507042253521129,1.9014084507042253,0.3169014084507042,0.3169014084507042,0.9507042253521129,4.436619718309859,0.9507042253521129,0.3169014084507042,0.3169014084507042,0.0,0.0,0.6338028169014085,0.0,0.0,0.0,44.83,50.0,0.0,33.33,33.33,30.0,16.67,100.0,0.3538045846346018,0.0257876295526826,1.9014084507042253,1.267605633802817,0.0350923056338028,0.0,0.6338028169014085,1.5845070422535212,0.0620037253521126,3.4859154929577465,ST,19,8,71,17,10,17,42,38,73,23,17,15,6,21,50,40,25,50,21,33,27,52,62,37,52,52,4,60,27,33,42,8,12,81,50,4,96,38,38,10,40,54,50,21,23,15,81,23,12,19,69,38,81,27,15,12,4,23,54,54,42,65,19,38,27,52,81,37,52,52,4,60,27,33,42,8,12,81,77,8,96,50,38,10,46,62,50,31,Austrian Bundesliga
Austria Wien,84gk4ytf9vr8oml51cqyit78w,etu1zuv8gi4y40rkt50ot0zu2,K. Boateng,Kelvin Boateng,26,Attacker,Ghana,Striker,9.0,18.0,0.0,26.0,6.0,5.0,3.0,2.0,1.0,1.0,9.0,10.0,15.0,4.0,0.0,236.0,2.0,10.0,5.0,3.0,1.0,1.0,0.0,1.0,1.0,0.0,0.0,61.9,0.0,33.33,33.33,66.67,45.45,46.15,100.0,0.2858547844259891,0.409652866182342,1.0,3.0,0.08669159,3.0,2.0,4.0,0.3550838899999999,13.0,3.4322033898305087,6.864406779661017,0.0,9.915254237288137,2.288135593220339,1.9067796610169487,1.1440677966101696,0.7627118644067796,0.3813559322033898,0.3813559322033898,3.4322033898305087,3.8135593220338975,5.720338983050848,1.5254237288135593,0.0,0.7627118644067796,3.8135593220338975,1.9067796610169487,1.1440677966101696,0.3813559322033898,0.3813559322033898,0.0,0.3813559322033898,0.3813559322033898,0.0,0.0,61.9,0.0,33.33,33.33,66.67,45.45,46.15,100.0,0.1090124177895721,0.1562235506627575,0.3813559322033898,1.1440677966101696,0.033060352118644,1.1440677966101696,0.7627118644067796,1.5254237288135593,0.1354133478813559,4.957627118644068,ST,19,13,17,17,62,69,6,4,25,23,71,71,54,71,19,23,15,79,54,33,65,52,31,85,52,52,31,17,87,33,96,77,62,81,4,65,23,27,31,71,40,44,62,33,38,38,17,38,81,85,8,4,35,35,96,96,85,85,19,27,23,92,77,42,77,52,38,96,52,52,31,17,87,33,96,77,62,81,8,85,27,38,35,88,50,58,81,54,Austrian Bundesliga
Austria Wien,84gk4ytf9vr8oml51cqyit78w,qsrfvvtj7x8lm6vualbotexh,J. Handl,Johannes Handl,28,Defender,Austria,Defender,159.0,100.0,25.0,257.0,9.0,3.0,3.0,2.0,1.0,1.0,1.0,1.0,21.0,39.0,13.0,414.0,1.0,9.0,3.0,0.0,6.0,2.0,0.0,0.0,0.0,0.0,0.0,88.62,53.19,66.67,0.0,33.33,60.0,81.82,66.67,0.3203651853112551,0.3445690629127032,0.0,8.0,0.38573941,0.0,19.0,25.0,0.7095601399999996,147.0,34.56521739130435,21.73913043478261,5.434782608695652,55.86956521739131,1.956521739130435,0.6521739130434783,0.6521739130434783,0.4347826086956522,0.2173913043478261,0.2173913043478261,0.2173913043478261,0.2173913043478261,4.565217391304349,8.478260869565219,2.8260869565217392,0.2173913043478261,1.956521739130435,0.6521739130434783,0.0,1.3043478260869563,0.4347826086956522,0.0,0.0,0.0,0.0,0.0,88.62,53.19,66.67,0.0,33.33,60.0,81.82,66.67,0.0696446055024467,0.0749063180245006,0.0,1.7391304347826089,0.0838563934782608,0.0,4.130434782608696,5.434782608695652,0.154252204347826,31.95652173913044,RB/RCB,86,54,86,71,79,54,39,46,39,54,29,25,64,86,100,50,68,46,18,71,71,46,39,36,54,54,71,50,100,18,68,71,100,64,50,57,14,68,79,14,64,64,64,75,93,86,100,93,79,57,50,64,50,64,29,29,71,100,100,64,79,43,18,71,71,46,39,36,54,54,71,50,100,18,68,71,100,64,57,71,14,64,86,14,64,79,71,86,Austrian Bundesliga
Grazer AK,39vgp5h6xs9igypqgqq2dobf9,12ct3w7p1k04qqcbz7253c38q,Anderson,Anderson dos Santos Gomes,28,Midfielder,Brazil,Midfielder,29.0,49.0,9.0,72.0,10.0,5.0,9.0,9.0,0.0,0.0,4.0,4.0,15.0,13.0,1.0,312.0,4.0,13.0,0.0,0.0,2.0,6.0,0.0,0.0,0.0,0.0,0.0,75.0,56.25,60.0,0.0,44.44,38.46,58.82,40.0,1.169727659248846,0.5420606545500238,0.0,7.0,0.1948533599999999,1.0,8.0,15.0,1.27970743,33.0,8.365384615384615,14.134615384615383,2.5961538461538463,20.76923076923077,2.8846153846153846,1.4423076923076923,2.5961538461538463,2.5961538461538463,0.0,0.0,1.1538461538461535,1.1538461538461535,4.326923076923077,3.75,0.2884615384615384,1.1538461538461535,3.75,0.0,0.0,0.5769230769230769,1.7307692307692306,0.0,0.0,0.0,0.0,0.0,75.0,56.25,60.0,0.0,44.44,38.46,58.82,40.0,0.3374214401679363,0.1563636503509684,0.0,2.019230769230769,0.0562076999999999,0.2884615384615384,2.3076923076923075,4.326923076923077,0.3691463740384615,9.519230769230768,RM/RCM,22,22,56,22,94,39,100,100,17,22,33,33,44,67,22,100,78,17,11,33,72,56,44,33,56,56,22,56,100,11,100,22,100,17,100,44,22,22,44,17,22,22,78,22,22,22,67,22,100,44,100,100,17,22,44,44,44,100,22,100,100,17,11,33,89,56,44,33,56,56,22,56,100,11,100,22,100,17,100,67,22,44,44,11,22,44,100,22,Austrian Bundesliga
Grazer AK,39vgp5h6xs9igypqgqq2dobf9,1txuey6whn44u8ssg0v2mdtjp,D. Maderner,Daniel Maderner,30,Attacker,Austria,Striker,5.0,20.0,0.0,24.0,7.0,1.0,6.0,4.0,2.0,3.0,2.0,2.0,12.0,7.0,1.0,268.0,1.0,10.0,2.0,1.0,2.0,1.0,0.0,0.0,0.0,0.0,0.0,58.54,0.0,14.29,50.0,16.67,32.43,70.0,100.0,0.5440747207855243,0.0855895178341121,1.0,1.0,0.06442595,1.0,1.0,2.0,0.05348248,9.0,1.67910447761194,6.716417910447761,0.0,8.059701492537313,2.3507462686567164,0.335820895522388,2.014925373134328,1.343283582089552,0.6716417910447761,1.007462686567164,0.6716417910447761,0.6716417910447761,4.029850746268656,2.3507462686567164,0.335820895522388,0.335820895522388,3.3582089552238803,0.6716417910447761,0.335820895522388,0.6716417910447761,0.335820895522388,0.0,0.0,0.0,0.0,0.0,58.54,0.0,14.29,50.0,16.67,32.43,70.0,100.0,0.182711659965288,0.0287427485263809,0.335820895522388,0.335820895522388,0.0216355802238805,0.335820895522388,0.335820895522388,0.6716417910447761,0.0179605343283582,3.0223880597014925,ST,12,21,17,8,75,4,15,15,52,85,8,6,38,88,50,10,15,29,21,62,65,52,10,37,52,52,15,17,56,69,12,15,92,81,12,8,23,10,15,35,17,19,15,10,12,31,17,15,85,4,19,23,62,88,8,8,58,100,58,8,12,38,23,85,69,52,10,37,52,52,15,17,56,69,12,15,92,81,12,15,23,12,23,46,19,19,19,23,Austrian Bundesliga
Grazer AK,39vgp5h6xs9igypqgqq2dobf9,2bi4tetdl242ijihyrr7ivd62,C. Lichtenberger,Christian Lichtenberger,30,Midfielder,Austria,Midfielder,34.0,50.0,1.0,83.0,5.0,4.0,5.0,4.0,1.0,2.0,11.0,11.0,26.0,4.0,1.0,308.0,2.0,9.0,8.0,3.0,7.0,1.0,0.0,0.0,1.0,0.0,0.0,89.25,100.0,20.0,27.27,40.0,53.06,41.67,70.0,0.4374770130380921,0.3255146800180925,1.0,5.0,0.11104021,2.0,5.0,6.0,0.5575806299999999,26.0,9.935064935064936,14.61038961038961,0.2922077922077922,24.25324675324676,1.4610389610389611,1.168831168831169,1.4610389610389611,1.168831168831169,0.2922077922077922,0.5844155844155845,3.2142857142857144,3.2142857142857144,7.597402597402597,1.168831168831169,0.2922077922077922,0.5844155844155845,2.62987012987013,2.337662337662338,0.8766233766233766,2.0454545454545454,0.2922077922077922,0.0,0.0,0.2922077922077922,0.0,0.0,89.25,100.0,20.0,27.27,40.0,53.06,41.67,70.0,0.1278341921215204,0.0951179259793127,0.2922077922077922,1.4610389610389611,0.0324468146103896,0.5844155844155845,1.4610389610389611,1.7532467532467533,0.1629294048701298,7.597402597402597,CM/AM,42,27,8,35,88,38,37,75,17,56,83,81,88,62,27,63,69,90,54,88,42,52,33,69,52,50,77,96,48,19,79,73,69,77,46,54,13,17,15,31,15,12,62,27,46,23,4,42,88,42,42,73,15,62,85,85,92,73,27,65,69,92,62,96,42,52,33,73,52,50,77,96,48,19,79,73,69,77,46,54,15,31,27,35,12,12,62,19,Austrian Bundesliga
Grazer AK,39vgp5h6xs9igypqgqq2dobf9,2wcwp6hm07q5k8bkbglsicn6y,M. Gragger,Matthias Gragger,24,Defender,Austria,Defender,32.0,24.0,3.0,55.0,7.0,0.0,5.0,4.0,1.0,0.0,8.0,8.0,18.0,3.0,4.0,265.0,1.0,5.0,2.0,4.0,4.0,1.0,0.0,0.0,0.0,0.0,0.0,69.62,37.5,20.0,50.0,20.0,46.15,58.33,80.0,0.6431295952834215,0.0,2.0,0.0,0.0,0.0,3.0,1.0,0.09983326,16.0,10.867924528301886,8.150943396226415,1.018867924528302,18.679245283018865,2.3773584905660377,0.0,1.6981132075471697,1.3584905660377358,0.3396226415094339,0.0,2.7169811320754715,2.7169811320754715,6.113207547169811,1.018867924528302,1.3584905660377358,0.3396226415094339,1.6981132075471697,0.6792452830188679,1.3584905660377358,1.3584905660377358,0.3396226415094339,0.0,0.0,0.0,0.0,0.0,69.62,37.5,20.0,50.0,20.0,46.15,58.33,80.0,0.2184213719830488,0.0,0.6792452830188679,0.0,0.0,0.0,1.018867924528302,0.3396226415094339,0.0339056354716981,5.433962264150943,RB/RCB,14,7,14,14,54,7,75,82,39,21,75,75,46,7,61,50,39,21,79,43,57,46,39,36,54,54,14,14,61,64,39,46,57,96,86,7,79,7,7,14,14,7,7,7,29,7,14,14,86,7,86,93,64,21,100,100,86,14,93,79,64,64,100,93,64,46,39,36,54,54,14,14,61,64,39,46,57,96,93,7,93,7,7,14,14,7,7,7,Austrian Bundesliga
Grazer AK,39vgp5h6xs9igypqgqq2dobf9,2y7n86mdkvx5cjaz2e838ncdm,D. Pines,Donovan Pines,28,Defender,USA,Defender,164.0,48.0,10.0,212.0,17.0,4.0,2.0,2.0,0.0,0.0,1.0,1.0,27.0,42.0,8.0,450.0,1.0,8.0,5.0,1.0,3.0,0.0,0.0,1.0,0.0,0.0,0.0,89.08,71.43,0.0,100.0,50.0,64.29,70.83,75.0,0.2920959710293864,0.248785654620338,0.0,2.0,0.03379056,0.0,7.0,9.0,0.4392596199999998,146.0,32.8,9.6,2.0,42.4,3.4,0.8,0.4,0.4,0.0,0.0,0.2,0.2,5.4,8.4,1.6,0.2,1.6,1.0,0.2,0.6,0.0,0.0,0.2,0.0,0.0,0.0,89.08,71.43,0.0,100.0,50.0,64.29,70.83,75.0,0.0584191942058772,0.0497571309240676,0.0,0.4,0.0067581119999999,0.0,1.4,1.8,0.0878519239999999,29.2,CB,60,35,35,50,78,95,48,60,32,32,52,52,72,95,78,62,85,98,62,40,40,45,82,45,52,52,45,90,40,88,78,55,80,85,60,90,32,40,35,20,30,30,55,50,62,30,30,40,80,90,42,52,32,32,50,50,60,85,70,60,80,95,55,35,40,45,85,45,52,52,45,90,40,88,78,55,80,85,45,85,32,35,35,20,25,25,50,55,Austrian Bundesliga
Grazer AK,39vgp5h6xs9igypqgqq2dobf9,33foe5q4tn6trs7tt7pa9ij56,T. Koch,Tobias Koch,25,Midfielder,Austria,Midfielder,46.0,66.0,5.0,111.0,1.0,4.0,3.0,0.0,3.0,2.0,1.0,1.0,7.0,8.0,2.0,268.0,1.0,1.0,3.0,0.0,0.0,1.0,0.0,0.0,0.0,0.0,0.0,80.43,31.25,20.0,0.0,33.33,38.89,33.33,0.0,0.2443396102975587,0.2507852510357526,2.0,10.0,0.19984912,8.0,20.0,19.0,0.34460048,64.0,15.44776119402985,22.16417910447761,1.67910447761194,37.276119402985074,0.335820895522388,1.343283582089552,1.007462686567164,0.0,1.007462686567164,0.6716417910447761,0.335820895522388,0.335820895522388,2.3507462686567164,2.686567164179104,0.6716417910447761,0.335820895522388,0.335820895522388,1.007462686567164,0.0,0.0,0.335820895522388,0.0,0.0,0.0,0.0,0.0,80.43,31.25,20.0,0.0,33.33,38.89,33.33,0.0,0.0820543467417174,0.0842189275866333,0.6716417910447761,3.3582089552238803,0.0671135104477611,2.686567164179104,6.716417910447761,6.380597014925373,0.1157240417910447,21.49253731343284,CM/AM,69,46,44,56,29,38,13,15,37,56,12,10,10,98,44,33,12,27,10,8,42,52,33,31,52,50,58,8,48,10,69,23,58,8,15,27,29,65,50,85,77,63,19,67,73,73,50,73,31,54,23,15,62,69,12,8,12,100,50,38,12,46,10,8,50,52,33,31,52,50,58,8,48,10,69,23,58,8,35,50,42,69,54,88,85,85,38,73,Austrian Bundesliga
Grazer AK,39vgp5h6xs9igypqgqq2dobf9,4fubr17m88vjkkqx9i7vdrtas,I. Guerti,Ismaël Guerti,22,Midfielder,Morocco,Midfielder,18.0,37.0,1.0,53.0,4.0,6.0,6.0,3.0,3.0,1.0,10.0,10.0,19.0,0.0,5.0,211.0,2.0,10.0,5.0,6.0,2.0,2.0,0.0,0.0,0.0,0.0,0.0,79.1,100.0,40.0,60.0,33.33,51.35,57.14,50.0,0.505254392317931,0.5503941108565924,3.0,9.0,0.18640367,8.0,6.0,7.0,0.45861778,20.0,7.677725118483412,15.781990521327014,0.4265402843601895,22.606635071090047,1.706161137440758,2.559241706161137,2.559241706161137,1.2796208530805686,1.2796208530805686,0.4265402843601895,4.265402843601896,4.265402843601896,8.104265402843602,0.0,2.132701421800948,0.8530805687203791,4.265402843601896,2.132701421800948,2.559241706161137,0.8530805687203791,0.8530805687203791,0.0,0.0,0.0,0.0,0.0,79.1,100.0,40.0,60.0,33.33,51.35,57.14,50.0,0.215511352173525,0.2347652605549446,1.2796208530805686,3.838862559241706,0.0795086744075829,3.4123222748815163,2.559241706161137,2.985781990521327,0.1956189582938388,8.530805687203792,CM/AM,25,17,8,19,77,67,54,60,37,31,77,75,63,10,92,63,77,67,83,29,60,52,33,31,52,50,50,96,87,73,69,65,87,37,54,69,52,52,42,85,25,19,38,15,35,38,12,35,96,81,85,77,73,42,96,96,96,10,100,81,88,88,96,58,69,52,33,31,52,50,50,96,87,73,69,65,87,37,69,73,88,85,65,96,35,27,85,23,Austrian Bundesliga
Grazer AK,39vgp5h6xs9igypqgqq2dobf9,7n8ifzk5kyqs2f717xmeiqhp0,L. Hermesh,Liam Hermesh,22,Midfielder,Israel,Midfielder,53.0,42.0,3.0,94.0,3.0,1.0,1.0,0.0,1.0,0.0,2.0,2.0,10.0,3.0,0.0,304.0,0.0,1.0,1.0,1.0,2.0,1.0,0.0,0.0,1.0,0.0,0.0,77.69,42.86,33.33,50.0,0.0,55.56,0.0,40.0,0.0602522112827949,0.1188149626189325,1.0,3.0,0.06067815,1.0,8.0,7.0,0.1957729499999998,41.0,15.69078947368421,12.43421052631579,0.8881578947368421,27.82894736842105,0.8881578947368421,0.2960526315789473,0.2960526315789473,0.0,0.2960526315789473,0.0,0.5921052631578947,0.5921052631578947,2.960526315789474,0.8881578947368421,0.0,0.0,0.2960526315789473,0.2960526315789473,0.2960526315789473,0.5921052631578947,0.2960526315789473,0.0,0.0,0.2960526315789473,0.0,0.0,77.69,42.86,33.33,50.0,0.0,55.56,0.0,40.0,0.0178378257087221,0.0351754823542892,0.2960526315789473,0.8881578947368421,0.0179639259868421,0.2960526315789473,2.3684210526315788,2.0723684210526314,0.0579590970394736,12.138157894736842,DM/CM,28,22,8,22,39,22,17,19,28,17,22,19,8,19,6,28,11,8,33,8,61,53,42,86,50,50,33,19,72,67,28,78,6,11,17,33,39,17,17,14,22,17,22,22,39,28,11,39,50,33,17,19,33,17,28,28,17,28,6,28,11,6,50,11,72,53,42,94,50,50,33,19,72,67,28,78,6,11,17,44,56,44,39,17,28,17,17,33,Austrian Bundesliga
Grazer AK,39vgp5h6xs9igypqgqq2dobf9,8ydi45wh0naevno6aos78vi09,L. Klassen,Leon Klassen,26,Defender,Russia,Defender,84.0,70.0,12.0,148.0,6.0,9.0,7.0,3.0,4.0,0.0,3.0,3.0,17.0,18.0,3.0,450.0,1.0,7.0,4.0,2.0,2.0,6.0,0.0,0.0,0.0,0.0,0.0,79.14,50.0,33.33,66.67,14.29,47.22,50.0,40.0,0.7024537070570874,0.8343819503825058,2.0,9.0,0.2424739,5.0,6.0,9.0,0.78904132,53.0,16.8,14.0,2.4,29.6,1.2,1.8,1.4,0.6,0.8,0.0,0.6,0.6,3.4,3.6,0.6,0.2,1.4,0.8,0.4,0.4,1.2,0.0,0.0,0.0,0.0,0.0,79.14,50.0,33.33,66.67,14.29,47.22,50.0,40.0,0.1404907414114174,0.1668763900765011,0.4,1.8,0.04849478,1.0,1.2,1.8,0.157808264,10.6,LB/LCB,59,53,65,59,41,85,88,76,82,21,50,47,35,59,35,74,68,68,59,9,85,53,47,32,53,53,59,79,79,85,59,24,35,6,88,88,76,62,65,71,18,32,59,29,53,47,71,47,41,82,88,65,88,21,35,35,18,47,35,65,47,59,53,6,82,53,47,32,53,53,59,79,79,85,59,24,35,6,88,82,76,59,65,71,12,24,59,12,Austrian Bundesliga
Grazer AK,39vgp5h6xs9igypqgqq2dobf9,asy97k3lexwyp0i2ehys39ej9,P. Michorl,Peter Michorl,31,Midfielder,Austria,Midfielder,113.0,111.0,13.0,212.0,3.0,13.0,8.0,3.0,5.0,2.0,1.0,1.0,14.0,6.0,2.0,533.0,2.0,7.0,6.0,0.0,4.0,12.0,0.0,0.0,2.0,0.0,0.0,80.92,40.62,42.86,0.0,25.0,41.18,23.08,80.0,0.6403897089400149,1.4863476358810426,1.0,10.0,0.25417775,9.0,18.0,21.0,0.6417255999999999,88.0,19.080675422138835,18.74296435272045,2.195121951219512,35.79737335834896,0.5065666041275797,2.195121951219512,1.350844277673546,0.5065666041275797,0.8442776735459662,0.3377110694183864,0.1688555347091932,0.1688555347091932,2.363977485928705,1.0131332082551594,0.3377110694183864,0.3377110694183864,1.1819887429643527,1.0131332082551594,0.0,0.6754221388367729,2.026266416510319,0.0,0.0,0.3377110694183864,0.0,0.0,80.92,40.62,42.86,0.0,25.0,41.18,23.08,80.0,0.1081333467253308,0.2509780248204387,0.1688555347091932,1.6885553470919323,0.0429193198874296,1.5196998123827392,3.0393996247654784,3.545966228893058,0.1083589193245778,14.859287054409004,DM/CM,78,83,64,83,39,100,92,89,83,69,8,8,17,42,19,89,78,61,8,33,100,53,42,100,50,50,50,11,83,8,67,14,11,89,78,100,39,67,72,94,53,56,83,56,72,72,58,61,33,100,83,86,78,61,6,6,6,33,17,89,78,50,8,17,100,53,42,100,50,50,50,11,83,8,67,14,11,89,67,100,31,61,61,89,44,44,72,44,Austrian Bundesliga
Grazer AK,39vgp5h6xs9igypqgqq2dobf9,bdraninn142eeupmojvb9smj8,A. Hofleitner,Alexander Hofleitner,26,Attacker,Austria,Striker,12.0,35.0,3.0,46.0,24.0,5.0,11.0,10.0,1.0,2.0,2.0,2.0,34.0,12.0,1.0,467.0,5.0,20.0,4.0,0.0,4.0,1.0,0.0,2.0,0.0,0.0,0.0,49.46,37.5,100.0,0.0,45.45,52.31,63.16,66.67,1.3218191886834136,0.5854719867541732,0.0,5.0,0.26073636,2.0,1.0,5.0,0.44648137,21.0,2.312633832976445,6.745182012847965,0.5781584582441113,8.86509635974304,4.62526766595289,0.9635974304068522,2.119914346895075,1.9271948608137044,0.1927194860813704,0.3854389721627408,0.3854389721627408,0.3854389721627408,6.552462526766595,2.312633832976445,0.1927194860813704,0.9635974304068522,3.854389721627409,0.7708779443254817,0.0,0.7708779443254817,0.1927194860813704,0.0,0.3854389721627408,0.0,0.0,0.0,49.46,37.5,100.0,0.0,45.45,52.31,63.16,66.67,0.2547403147355615,0.1128318604023031,0.0,0.9635974304068522,0.0502489773019271,0.3854389721627408,0.1927194860813704,0.9635974304068522,0.0860456601713062,4.047109207708779,ST,33,58,71,50,100,69,56,73,25,58,8,6,96,98,50,65,58,62,8,96,65,52,62,37,52,52,8,38,96,8,65,88,88,52,65,81,10,46,73,58,17,54,77,58,19,35,62,27,100,48,27,44,15,42,4,4,88,94,38,58,27,50,8,88,58,52,42,37,52,52,8,38,96,8,65,88,88,52,42,73,10,35,58,52,8,46,65,35,Austrian Bundesliga
Grazer AK,39vgp5h6xs9igypqgqq2dobf9,dfcmlql3kr8w0alm2jelembkk,B. Owusu,Beres Owusu,22,Defender,France,Defender,152.0,113.0,36.0,263.0,6.0,2.0,3.0,0.0,3.0,0.0,0.0,0.0,22.0,27.0,10.0,540.0,1.0,0.0,4.0,0.0,9.0,2.0,1.0,0.0,0.0,0.0,0.0,80.67,59.02,33.33,0.0,33.33,56.41,46.15,75.0,0.1718575800574339,0.1181791979580903,3.0,6.0,0.15120936,4.0,27.0,31.0,0.8268546500000002,151.0,25.33333333333333,18.83333333333333,6.0,43.833333333333336,1.0,0.3333333333333333,0.5,0.0,0.5,0.0,0.0,0.0,3.6666666666666665,4.5,1.6666666666666667,0.1666666666666666,0.0,0.6666666666666666,0.0,1.5,0.3333333333333333,0.1666666666666666,0.0,0.0,0.0,0.0,80.67,59.02,33.33,0.0,33.33,56.41,46.15,75.0,0.0286429300095723,0.019696532993015,0.5,1.0,0.0252015599999999,0.6666666666666666,4.5,5.166666666666667,0.1378091083333333,25.166666666666668,CB,50,72,98,70,40,62,60,15,92,32,22,22,55,55,90,62,5,82,25,100,95,92,35,45,52,52,10,35,88,25,57,20,25,85,45,60,95,72,75,80,70,80,90,55,25,55,95,50,30,50,50,15,90,32,22,22,35,25,75,50,5,72,25,90,95,90,35,45,52,52,10,35,88,25,57,20,25,85,25,50,95,57,65,72,60,65,90,40,Austrian Bundesliga
Grazer AK,39vgp5h6xs9igypqgqq2dobf9,dyp3e34ujihgh0ash8zrdi4x6,Y. Oberleitner,Yannick Oberleitner,24,Defender,Germany,Defender,106.0,65.0,15.0,171.0,20.0,1.0,4.0,3.0,1.0,1.0,2.0,2.0,32.0,28.0,4.0,357.0,2.0,4.0,2.0,1.0,5.0,0.0,0.0,1.0,0.0,0.0,0.0,78.8,41.67,0.0,50.0,50.0,68.09,71.43,55.56,0.5125263923948904,0.0435850030960927,1.0,1.0,0.02385149,2.0,10.0,11.0,0.23021372,79.0,26.72268907563025,16.386554621848738,3.7815126050420167,43.10924369747899,5.042016806722689,0.2521008403361344,1.0084033613445378,0.7563025210084033,0.2521008403361344,0.2521008403361344,0.5042016806722689,0.5042016806722689,8.067226890756302,7.0588235294117645,1.0084033613445378,0.5042016806722689,1.0084033613445378,0.5042016806722689,0.2521008403361344,1.2605042016806722,0.0,0.0,0.2521008403361344,0.0,0.0,0.0,78.8,41.67,0.0,50.0,50.0,68.09,71.43,55.56,0.1292083342171992,0.0109878159065779,0.2521008403361344,0.2521008403361344,0.0060129806722689,0.5042016806722689,2.5210084033613445,2.773109243697479,0.0580370722689075,19.915966386554626,CB,35,45,62,40,88,40,75,75,72,78,70,70,88,60,40,82,57,57,62,68,40,45,82,45,52,52,5,20,40,60,78,80,90,65,75,40,72,28,30,65,48,40,30,30,35,50,75,45,100,40,75,85,75,80,70,70,100,65,40,85,60,60,65,75,40,45,90,45,52,52,5,20,40,60,78,80,90,65,80,40,75,30,30,65,45,45,30,25,Austrian Bundesliga
LASK,boxkkgnpn38ywao4kzu7dx58h,1rn4qptr6959e85myhn419ono,Alemão,João Victor Tornich,23,Defender,Brazil,Defender,192.0,156.0,21.0,348.0,22.0,3.0,7.0,4.0,3.0,2.0,3.0,3.0,32.0,35.0,15.0,513.0,0.0,13.0,2.0,0.0,6.0,0.0,0.0,0.0,1.0,0.0,0.0,90.62,65.62,0.0,0.0,0.0,59.26,70.97,75.0,0.8068717015812916,0.2483704849169078,2.0,17.0,0.3762368299999999,7.0,42.0,37.0,0.5696097299999999,242.0,33.68421052631579,27.36842105263158,3.684210526315789,61.05263157894737,3.8596491228070176,0.5263157894736842,1.2280701754385963,0.7017543859649122,0.5263157894736842,0.3508771929824561,0.5263157894736842,0.5263157894736842,5.614035087719298,6.140350877192982,2.631578947368421,0.0,2.280701754385965,0.3508771929824561,0.0,1.0526315789473684,0.0,0.0,0.0,0.175438596491228,0.0,0.0,90.62,65.62,0.0,0.0,0.0,59.26,70.97,75.0,0.1415564388739108,0.043573769283668,0.3508771929824561,2.982456140350877,0.0660064614035087,1.2280701754385963,7.368421052631579,6.491228070175438,0.0999315315789473,42.45614035087719,CB,85,85,85,85,95,85,90,85,92,98,82,82,88,80,100,25,95,57,25,82,40,45,35,92,52,52,60,70,40,25,25,40,85,85,90,85,88,100,100,98,95,90,80,90,70,80,70,70,90,75,90,80,95,90,75,75,65,55,95,25,95,45,25,60,40,45,35,90,52,52,60,70,40,25,25,40,85,85,85,80,90,95,95,95,90,90,55,80,Austrian Bundesliga
LASK,boxkkgnpn38ywao4kzu7dx58h,3yksjl7hdgm7780gjzpb8fpey,C. Lang,Christoph Lang,24,Midfielder,Austria,Striker,9.0,92.0,6.0,101.0,2.0,8.0,12.0,10.0,2.0,1.0,12.0,13.0,19.0,2.0,1.0,418.0,9.0,33.0,6.0,5.0,3.0,0.0,0.0,4.0,0.0,0.0,0.0,84.17,85.71,0.0,41.67,75.0,39.58,16.67,50.0,1.1736965267454753,0.5998642068771317,4.0,20.0,0.6332411599999999,9.0,8.0,10.0,0.66292646,39.0,1.9377990430622007,19.808612440191386,1.2918660287081338,21.74641148325359,0.4306220095693779,1.7224880382775118,2.583732057416268,2.15311004784689,0.4306220095693779,0.2153110047846889,2.583732057416268,2.799043062200957,4.090909090909091,0.4306220095693779,0.2153110047846889,1.9377990430622007,7.105263157894736,1.2918660287081338,1.076555023923445,0.6459330143540669,0.0,0.0,0.8612440191387559,0.0,0.0,0.0,84.17,85.71,0.0,41.67,75.0,39.58,16.67,50.0,0.2527097784858678,0.1291573651170857,0.8612440191387559,4.30622009569378,0.1363437904306219,1.9377990430622007,1.7224880382775118,2.15311004784689,0.1427353622009569,8.39712918660287,ST,19,100,96,92,19,88,63,73,52,23,85,88,73,48,50,98,100,92,79,87,27,52,94,37,52,52,100,92,27,50,100,50,12,35,58,85,77,100,100,100,85,85,96,92,15,96,92,88,15,77,58,65,46,15,77,73,62,35,42,96,88,77,73,81,27,52,88,37,52,52,100,92,27,50,100,50,12,35,35,77,65,96,100,100,85,81,85,88,Austrian Bundesliga
LASK,boxkkgnpn38ywao4kzu7dx58h,4dgua5urcqxx0lgqm5qfn2a22,K. Daněk,Krystof Danek,23,Midfielder,Czechia,Midfielder,43.0,100.0,7.0,137.0,5.0,8.0,7.0,4.0,3.0,1.0,9.0,9.0,13.0,2.0,2.0,376.0,3.0,15.0,6.0,2.0,1.0,6.0,0.0,1.0,1.0,0.0,0.0,86.71,77.78,50.0,22.22,42.86,36.11,55.56,100.0,0.7388201929724264,0.8934152758581386,3.0,22.0,0.6857681299999999,12.0,11.0,16.0,0.5381208499999998,50.0,10.29255319148936,23.936170212765955,1.675531914893617,32.79255319148936,1.1968085106382975,1.9148936170212765,1.675531914893617,0.9574468085106382,0.7180851063829787,0.2393617021276595,2.154255319148936,2.154255319148936,3.111702127659574,0.4787234042553191,0.4787234042553191,0.7180851063829787,3.590425531914893,1.4361702127659577,0.4787234042553191,0.2393617021276595,1.4361702127659577,0.0,0.2393617021276595,0.2393617021276595,0.0,0.0,86.71,77.78,50.0,22.22,42.86,36.11,55.56,100.0,0.1768452589561658,0.2138494011362565,0.7180851063829787,5.26595744680851,0.1641466268617021,2.872340425531915,2.632978723404255,3.829787234042553,0.1288055226063829,11.968085106382976,RM/RCM,33,67,28,33,72,56,78,67,83,61,72,72,28,33,44,89,89,78,44,11,72,56,94,78,56,56,78,89,89,33,89,11,78,100,78,78,72,89,100,100,33,33,22,33,33,78,44,56,67,89,89,78,89,67,78,78,11,33,44,89,78,89,44,11,78,56,89,78,56,56,78,89,89,33,89,11,78,100,89,89,89,100,100,100,33,33,33,33,Austrian Bundesliga
LASK,boxkkgnpn38ywao4kzu7dx58h,60ec97acf09gi9lhall1z0s9g,M. Usor,Moses Usor,24,Attacker,Nigeria,Striker,18.0,73.0,2.0,85.0,1.0,11.0,19.0,15.0,4.0,7.0,13.0,13.0,15.0,0.0,2.0,372.0,6.0,30.0,3.0,9.0,2.0,6.0,0.0,2.0,3.0,0.0,0.0,83.33,40.0,20.69,69.23,31.58,42.86,16.67,100.0,2.150214404402792,1.1289314093638203,4.0,12.0,0.4259368500000001,3.0,7.0,11.0,0.59651478,31.0,4.354838709677419,17.661290322580644,0.4838709677419354,20.564516129032256,0.2419354838709677,2.661290322580645,4.596774193548387,3.629032258064516,0.9677419354838708,1.693548387096774,3.1451612903225805,3.1451612903225805,3.629032258064516,0.0,0.4838709677419354,1.4516129032258065,7.258064516129031,0.7258064516129031,2.177419354838709,0.4838709677419354,1.4516129032258065,0.0,0.4838709677419354,0.7258064516129031,0.0,0.0,83.33,40.0,20.69,69.23,31.58,42.86,16.67,100.0,0.5202131623555142,0.2731285667815694,0.9677419354838708,2.9032258064516125,0.1030492379032258,0.7258064516129031,1.693548387096774,2.661290322580645,0.1443180919354838,7.499999999999999,ST,63,88,52,88,10,100,100,100,87,100,92,88,54,4,75,79,92,50,96,62,96,52,62,100,52,52,92,42,62,92,35,65,12,81,96,100,77,88,96,71,81,92,92,81,65,85,54,81,8,100,96,92,85,100,88,85,42,4,73,77,96,46,100,58,96,52,58,100,52,52,92,42,62,92,35,65,12,81,92,100,69,85,88,62,81,92,88,77,Austrian Bundesliga
LASK,boxkkgnpn38ywao4kzu7dx58h,61zjhp2dn7uy819kdei4qqqga,G. Bello,George Bello,24,Defender,USA,Defender,53.0,104.0,5.0,152.0,5.0,10.0,7.0,3.0,4.0,3.0,18.0,18.0,31.0,4.0,3.0,474.0,0.0,17.0,10.0,9.0,6.0,5.0,0.0,0.0,0.0,0.0,0.0,83.06,38.46,21.74,50.0,0.0,57.41,38.46,85.71,0.7613858178577992,0.9391592174169752,2.0,10.0,0.36349559,7.0,5.0,8.0,0.8699575499999999,51.0,10.063291139240508,19.746835443037973,0.949367088607595,28.860759493670887,0.949367088607595,1.89873417721519,1.3291139240506329,0.569620253164557,0.759493670886076,0.569620253164557,3.4177215189873418,3.4177215189873418,5.886075949367089,0.759493670886076,0.569620253164557,0.0,3.2278481012658227,1.89873417721519,1.7088607594936709,1.139240506329114,0.949367088607595,0.0,0.0,0.0,0.0,0.0,83.06,38.46,21.74,50.0,0.0,57.41,38.46,85.71,0.1445669274413543,0.1783213703956282,0.379746835443038,1.89873417721519,0.06901815,1.3291139240506329,0.949367088607595,1.518987341772152,0.1651818132911392,9.683544303797468,LB/LCB,26,82,32,65,35,94,88,76,82,91,100,100,82,9,35,29,100,100,100,50,74,53,47,32,53,53,76,50,53,50,29,53,24,82,94,94,76,71,82,76,12,24,65,24,12,76,18,41,35,88,82,59,82,82,94,94,76,6,29,29,94,100,94,47,71,53,47,32,53,53,76,50,53,50,29,53,24,82,94,88,71,82,82,76,6,18,65,6,Austrian Bundesliga
LASK,boxkkgnpn38ywao4kzu7dx58h,73wkaux439sdodxdjhn1152sq,M. Bogarde,Melayro Bogarde,24,Defender,Suriname,Defender,48.0,116.0,19.0,161.0,1.0,9.0,4.0,0.0,4.0,2.0,7.0,7.0,18.0,5.0,3.0,306.0,1.0,2.0,5.0,2.0,5.0,3.0,0.0,1.0,2.0,0.0,0.0,88.46,86.36,100.0,28.57,25.0,51.43,33.33,50.0,0.2224806662248624,0.87248083111232,4.0,13.0,0.32509823,6.0,35.0,43.0,1.3079884200000005,118.0,14.117647058823527,34.11764705882353,5.588235294117648,47.35294117647059,0.2941176470588235,2.647058823529412,1.1764705882352942,0.0,1.1764705882352942,0.5882352941176471,2.058823529411765,2.058823529411765,5.294117647058823,1.4705882352941178,0.8823529411764706,0.2941176470588235,0.5882352941176471,1.4705882352941178,0.5882352941176471,1.4705882352941178,0.8823529411764706,0.0,0.2941176470588235,0.5882352941176471,0.0,0.0,88.46,86.36,100.0,28.57,25.0,51.43,33.33,50.0,0.065435490066136,0.2566120091506824,1.1764705882352942,3.823529411764706,0.0956171264705882,1.7647058823529411,10.294117647058824,12.647058823529411,0.3847024764705883,34.705882352941174,CB,10,80,80,35,5,100,75,15,100,98,98,98,45,8,20,62,30,98,88,68,100,45,82,100,52,52,40,100,98,50,50,10,8,50,50,100,100,95,95,88,90,98,100,40,5,90,90,55,5,100,85,15,100,100,100,100,55,5,20,70,40,100,95,80,100,45,95,100,52,52,40,100,98,50,50,10,8,50,55,100,100,100,100,100,100,100,100,60,Austrian Bundesliga
LASK,boxkkgnpn38ywao4kzu7dx58h,92xu5nknn8kjr94ttztazx4yy,R. Ljubičić,Robert Ljubicic,27,Midfielder,Austria,Midfielder,41.0,88.0,12.0,129.0,1.0,6.0,6.0,2.0,4.0,1.0,3.0,3.0,7.0,1.0,0.0,234.0,1.0,5.0,5.0,1.0,0.0,0.0,0.0,0.0,0.0,0.0,0.0,90.85,80.0,0.0,33.33,16.67,25.93,25.0,0.0,0.7412311677992669,0.3317614958268154,2.0,9.0,0.20740166,6.0,18.0,19.0,0.4337334699999999,75.0,15.769230769230768,33.84615384615385,4.615384615384615,49.61538461538461,0.3846153846153846,2.3076923076923075,2.3076923076923075,0.7692307692307692,1.5384615384615383,0.3846153846153846,1.1538461538461535,1.1538461538461535,2.692307692307692,0.3846153846153846,0.0,0.3846153846153846,1.923076923076923,1.923076923076923,0.3846153846153846,0.0,0.0,0.0,0.0,0.0,0.0,0.0,90.85,80.0,0.0,33.33,16.67,25.93,25.0,0.0,0.2850889106920257,0.1276005753180059,0.7692307692307692,3.461538461538461,0.0797698692307692,2.3076923076923075,6.9230769230769225,7.3076923076923075,0.1668205653846153,28.846153846153847,CM/AM,50,69,85,69,29,67,54,46,60,31,23,23,10,21,10,33,42,67,21,8,17,52,33,31,52,50,90,85,17,27,25,4,38,8,69,58,29,52,54,67,69,63,35,81,77,81,100,85,38,77,77,54,88,35,35,31,15,23,10,42,54,81,19,8,17,52,33,31,52,50,90,85,17,27,25,4,38,8,92,62,50,73,69,85,88,100,65,88,Austrian Bundesliga
LASK,boxkkgnpn38ywao4kzu7dx58h,asfp0raljd6unoqtw4fq1c6hh,A. Schöpf,Alessandro Schöpf,32,Midfielder,Austria,Midfielder,50.0,91.0,9.0,139.0,2.0,4.0,4.0,4.0,0.0,1.0,1.0,1.0,11.0,0.0,3.0,219.0,1.0,8.0,5.0,1.0,2.0,2.0,0.0,1.0,0.0,0.0,0.0,90.85,90.0,50.0,100.0,25.0,55.0,0.0,66.67,0.5344009819489004,0.2766023769945557,0.0,13.0,0.3424064599999999,5.0,17.0,15.0,0.4624501399999999,70.0,20.54794520547945,37.397260273972606,3.6986301369863015,57.12328767123288,0.8219178082191781,1.6438356164383563,1.6438356164383563,1.6438356164383563,0.0,0.4109589041095891,0.4109589041095891,0.4109589041095891,4.52054794520548,0.0,1.2328767123287672,0.4109589041095891,3.2876712328767126,2.054794520547945,0.4109589041095891,0.8219178082191781,0.8219178082191781,0.0,0.4109589041095891,0.0,0.0,0.0,90.85,90.0,50.0,100.0,25.0,55.0,0.0,66.67,0.2196168418968084,0.11367220972379,0.0,5.342465753424658,0.1407149835616438,2.054794520547945,6.986301369863014,6.164383561643836,0.190048002739726,28.76712328767124,CM/AM,73,77,62,81,52,38,23,75,8,31,12,10,33,10,60,33,62,67,21,29,60,52,79,31,52,50,90,88,100,98,44,81,13,69,58,35,6,77,81,54,63,44,42,77,85,88,88,88,69,65,50,88,8,38,19,19,62,10,83,50,81,85,27,54,65,52,92,31,52,50,90,88,100,98,44,81,13,69,73,58,6,96,96,77,92,81,81,85,Austrian Bundesliga
LASK,boxkkgnpn38ywao4kzu7dx58h,c9epkro6fot3km9zak1kswfhm,X. Mbuyamba,Xavier Mbuyamba,24,Defender,Netherlands,Defender,171.0,163.0,33.0,333.0,20.0,2.0,8.0,6.0,2.0,1.0,4.0,4.0,38.0,29.0,7.0,540.0,4.0,9.0,4.0,2.0,7.0,1.0,0.0,1.0,0.0,0.0,0.0,87.4,64.71,25.0,50.0,50.0,65.52,68.97,58.33,1.0127906215764155,0.2172735294233937,2.0,10.0,0.21234825,7.0,33.0,32.0,0.7929894,164.0,28.5,27.166666666666668,5.5,55.5,3.333333333333333,0.3333333333333333,1.3333333333333333,1.0,0.3333333333333333,0.1666666666666666,0.6666666666666666,0.6666666666666666,6.333333333333333,4.833333333333333,1.1666666666666667,0.6666666666666666,1.5,0.6666666666666666,0.3333333333333333,1.1666666666666667,0.1666666666666666,0.0,0.1666666666666666,0.0,0.0,0.0,87.4,64.71,25.0,50.0,50.0,65.52,68.97,58.33,0.1687984369294025,0.0362122549038989,0.3333333333333333,1.6666666666666667,0.0353913749999999,1.1666666666666667,5.5,5.333333333333333,0.1321649,27.33333333333333,CB,70,90,90,80,88,62,95,95,85,78,90,90,95,68,68,95,90,82,88,92,85,45,82,45,52,52,35,62,80,60,78,60,75,70,95,75,88,82,80,98,85,85,85,65,40,75,85,65,75,50,95,90,82,68,85,85,85,35,50,95,75,72,75,65,80,45,72,45,52,52,35,62,80,60,78,60,75,70,95,70,82,80,75,85,70,70,80,45,Austrian Bundesliga
LASK,boxkkgnpn38ywao4kzu7dx58h,cgay77hw96w3z8ooc3pfnlbvu,S. Adeniran,Samuel Adeniran,27,Attacker,USA,Striker,6.0,25.0,3.0,31.0,7.0,1.0,11.0,8.0,3.0,0.0,4.0,5.0,9.0,3.0,0.0,213.0,6.0,14.0,0.0,2.0,0.0,0.0,0.0,4.0,1.0,0.0,0.0,77.5,75.0,0.0,50.0,54.55,45.0,58.33,0.0,1.2439513393478263,0.0,4.0,4.0,0.1489893899999999,0.0,2.0,4.0,0.0530816599999999,11.0,2.535211267605634,10.56338028169014,1.267605633802817,13.098591549295774,2.9577464788732395,0.4225352112676056,4.647887323943662,3.380281690140845,1.267605633802817,0.0,1.6901408450704225,2.112676056338028,3.8028169014084505,1.267605633802817,0.0,2.535211267605634,5.915492957746479,0.0,0.8450704225352113,0.0,0.0,0.0,1.6901408450704225,0.4225352112676056,0.0,0.0,77.5,75.0,0.0,50.0,54.55,45.0,58.33,0.0,0.5256132419779548,0.0,1.6901408450704225,1.6901408450704225,0.0629532633802816,0.0,0.8450704225352113,1.6901408450704225,0.0224288704225351,4.647887323943662,LW,20,20,50,20,100,20,70,60,90,20,40,40,20,80,20,90,40,20,40,20,40,60,100,90,60,60,40,80,40,50,100,60,80,20,80,20,50,20,20,20,20,40,20,20,20,40,80,20,100,20,100,100,100,20,40,40,40,100,20,100,80,20,40,20,40,60,100,100,60,60,40,80,40,50,100,60,80,20,100,20,100,40,20,20,40,40,20,40,Austrian Bundesliga
LASK,boxkkgnpn38ywao4kzu7dx58h,dcejci3stfhs89yw087s3rkr9,S. Horvath,Sascha Horvath,30,Midfielder,Austria,Midfielder,52.0,201.0,11.0,243.0,1.0,14.0,9.0,4.0,5.0,3.0,12.0,12.0,15.0,2.0,2.0,467.0,1.0,7.0,4.0,5.0,3.0,10.0,0.0,0.0,1.0,0.0,0.0,86.17,52.38,45.45,41.67,11.11,40.54,50.0,60.0,0.8649446632916657,1.326029562674673,4.0,42.0,1.0566894999999998,23.0,30.0,36.0,0.9774073,119.0,10.021413276231264,38.736616702355455,2.119914346895075,46.83083511777302,0.1927194860813704,2.6980728051391862,1.734475374732334,0.7708779443254817,0.9635974304068522,0.5781584582441113,2.312633832976445,2.312633832976445,2.890792291220557,0.3854389721627408,0.3854389721627408,0.1927194860813704,1.3490364025695931,0.7708779443254817,0.9635974304068522,0.5781584582441113,1.9271948608137044,0.0,0.0,0.1927194860813704,0.0,0.0,86.17,52.38,45.45,41.67,11.11,40.54,50.0,60.0,0.1666916909983938,0.2555517358473674,0.7708779443254817,8.094218415417558,0.2036446573875802,4.43254817987152,5.781584582441114,6.937901498929336,0.1883654325481798,22.93361884368308,CM/AM,77,92,75,85,29,96,75,75,75,79,88,87,48,37,44,33,50,50,71,48,94,52,33,69,52,50,69,38,96,42,19,27,77,56,81,88,71,100,100,100,92,96,88,85,54,92,65,81,23,88,56,58,58,58,77,69,23,27,42,27,42,27,65,31,92,52,33,65,52,50,69,38,96,42,19,27,77,56,58,85,54,100,100,100,81,92,77,77,Austrian Bundesliga
LASK,boxkkgnpn38ywao4kzu7dx58h,de0dokhb6u6hts2hu5aupgiga,K. Jørgensen,Kasper Jørgensen,26,Defender,Denmark,Defender,57.0,108.0,12.0,164.0,4.0,10.0,16.0,9.0,7.0,5.0,10.0,11.0,20.0,5.0,4.0,480.0,3.0,33.0,8.0,2.0,4.0,1.0,0.0,0.0,1.0,0.0,0.0,80.0,57.14,8.33,20.0,18.75,52.63,80.0,66.67,1.434730240952041,0.9459616884012808,3.0,20.0,0.5928137499999999,9.0,12.0,16.0,1.4532658899999995,66.0,10.6875,20.25,2.25,30.75,0.75,1.875,3.0,1.6875,1.3125,0.9375,1.875,2.0625,3.75,0.9375,0.75,0.5625,6.1875,1.5,0.375,0.75,0.1875,0.0,0.0,0.1875,0.0,0.0,80.0,57.14,8.33,20.0,18.75,52.63,80.0,66.67,0.2690119201785077,0.1773678165752401,0.5625,3.75,0.1111525781249999,1.6875,2.25,3.0,0.2724873543749999,12.375,RB/RCB,29,79,46,36,36,86,100,100,100,100,89,93,57,21,61,93,100,100,54,43,57,46,39,86,54,54,36,79,50,36,29,57,89,64,100,86,89,93,93,82,36,32,93,29,21,79,43,43,36,93,100,100,100,100,86,86,50,7,57,93,100,100,57,36,50,46,39,100,54,54,36,79,50,36,29,57,89,64,100,86,86,100,100,79,36,36,93,36,Austrian Bundesliga
LASK,boxkkgnpn38ywao4kzu7dx58h,dg2scgqi9fb7fa7bjhm8kq21,A. Andrade,Andrés Andrade,27,Defender,Panama,Defender,158.0,191.0,47.0,346.0,13.0,6.0,14.0,9.0,5.0,4.0,5.0,5.0,34.0,25.0,9.0,539.0,5.0,13.0,4.0,3.0,9.0,3.0,0.0,1.0,1.0,0.0,0.0,86.28,63.51,18.75,60.0,35.71,68.0,59.09,64.29,1.57300125644363,0.6640764063460134,5.0,11.0,0.26090412,17.0,46.0,57.0,1.646931469999999,211.0,26.382189239332096,31.89239332096475,7.8478664192949905,57.77365491651206,2.170686456400742,1.0018552875695732,2.3376623376623376,1.50278293135436,0.8348794063079777,0.6679035250463822,0.8348794063079777,0.8348794063079777,5.6771799628942485,4.174397031539889,1.50278293135436,0.8348794063079777,2.170686456400742,0.6679035250463822,0.5009276437847866,1.50278293135436,0.5009276437847866,0.0,0.1669758812615955,0.1669758812615955,0.0,0.0,86.28,63.51,18.75,60.0,35.71,68.0,59.09,64.29,0.2626532710202721,0.110884743174659,0.8348794063079777,1.836734693877551,0.043564695361781,2.8385899814471243,7.680890538033395,9.517625231910946,0.2749978335807048,35.23191094619666,LB/LCB,94,100,100,100,85,62,100,100,97,100,74,68,94,82,88,100,94,68,79,88,53,53,97,76,53,53,88,94,41,74,88,88,71,41,100,65,100,79,71,100,100,100,100,100,82,94,100,94,76,47,100,100,94,88,65,53,65,59,76,100,82,35,65,71,53,53,94,65,53,53,88,94,41,74,88,88,71,41,100,65,94,71,59,88,94,94,94,94,Austrian Bundesliga
Austria Lustenau,9ws0f9wf5r8mdigwo0xpzv06v,1r1x4nrnpc9s4gr2ebc7uqqxh,A. Gashi,Albin Gashi,29,Attacker,Austria,Striker,23.0,45.0,3.0,65.0,3.0,4.0,6.0,3.0,3.0,1.0,1.0,1.0,11.0,2.0,2.0,264.0,2.0,9.0,3.0,1.0,2.0,3.0,0.0,0.0,0.0,0.0,0.0,79.27,42.86,23.08,100.0,33.33,57.89,60.0,50.0,0.4911701565531672,0.4821944253378967,4.0,10.0,0.29483508,4.0,6.0,11.0,0.23901748,32.0,7.840909090909092,15.340909090909092,1.0227272727272727,22.15909090909091,1.0227272727272727,1.3636363636363638,2.0454545454545454,1.0227272727272727,1.0227272727272727,0.3409090909090909,0.3409090909090909,0.3409090909090909,3.75,0.6818181818181819,0.6818181818181819,0.6818181818181819,3.0681818181818183,1.0227272727272727,0.3409090909090909,0.6818181818181819,1.0227272727272727,0.0,0.0,0.0,0.0,0.0,79.27,42.86,23.08,100.0,33.33,57.89,60.0,50.0,0.1674443715522161,0.1643844631833738,1.3636363636363638,3.409090909090909,0.1005119590909091,1.3636363636363638,2.0454545454545454,3.75,0.0814832318181818,10.90909090909091,LW,60,60,50,40,80,60,40,30,90,40,20,20,40,60,40,40,20,50,20,50,100,60,30,40,60,60,60,20,100,100,40,100,100,50,40,80,50,80,60,60,70,80,40,60,80,100,60,80,80,100,60,40,80,60,20,20,20,60,40,40,20,80,20,60,100,60,30,40,60,60,60,20,100,100,40,100,100,50,40,100,60,100,100,100,80,100,60,80,Austrian Bundesliga
Austria Lustenau,9ws0f9wf5r8mdigwo0xpzv06v,1tdgu7e7tuua9xz579zaeee39,F. Gmeiner,Fabian Gmeiner,29,Defender,Austria,Defender,41.0,45.0,7.0,86.0,2.0,5.0,4.0,2.0,2.0,2.0,4.0,4.0,10.0,18.0,4.0,434.0,1.0,3.0,3.0,3.0,1.0,0.0,0.0,0.0,0.0,0.0,0.0,78.18,38.89,0.0,75.0,25.0,41.67,20.0,50.0,0.4041173181466332,0.3599983470017761,1.0,7.0,0.15156623,4.0,9.0,14.0,0.4847991200000002,47.0,8.502304147465438,9.331797235023044,1.4516129032258065,17.83410138248848,0.4147465437788019,1.036866359447005,0.8294930875576038,0.4147465437788019,0.4147465437788019,0.4147465437788019,0.8294930875576038,0.8294930875576038,2.0737327188940093,3.7327188940092166,0.8294930875576038,0.2073732718894009,0.6221198156682028,0.6221198156682028,0.6221198156682028,0.2073732718894009,0.0,0.0,0.0,0.0,0.0,0.0,78.18,38.89,0.0,75.0,25.0,41.67,20.0,50.0,0.0838031304912373,0.0746540350925342,0.2073732718894009,1.4516129032258065,0.0314307850230414,0.8294930875576038,1.8663594470046083,2.903225806451613,0.1005343797235023,9.746543778801843,RB/RCB,21,21,21,21,29,79,61,46,75,82,50,50,14,50,61,50,21,46,64,11,25,46,39,36,54,54,29,21,25,71,50,29,21,21,64,71,50,57,50,43,21,21,43,21,7,14,21,7,29,79,64,57,79,93,50,43,14,57,64,57,21,36,64,7,25,46,39,36,54,54,29,21,25,71,50,29,21,21,71,64,64,57,50,50,21,29,43,14,Austrian Bundesliga
Austria Lustenau,9ws0f9wf5r8mdigwo0xpzv06v,3vl9r8fkxs6nd1ytqwk2fcdg4,A. Verinac,Antonio Verinac,21,Attacker,Germany,Striker,18.0,22.0,0.0,40.0,16.0,7.0,11.0,10.0,1.0,1.0,9.0,10.0,22.0,6.0,0.0,387.0,4.0,25.0,2.0,3.0,1.0,0.0,0.0,2.0,1.0,0.0,0.0,59.7,0.0,0.0,33.33,36.36,32.84,43.24,100.0,1.361209801074458,0.4375816609740223,5.0,5.0,0.22124114,1.0,2.0,3.0,0.10393746,12.0,4.186046511627907,5.116279069767442,0.0,9.30232558139535,3.72093023255814,1.627906976744186,2.558139534883721,2.3255813953488373,0.2325581395348837,0.2325581395348837,2.0930232558139537,2.3255813953488373,5.116279069767442,1.3953488372093024,0.0,0.9302325581395348,5.813953488372094,0.4651162790697674,0.6976744186046512,0.2325581395348837,0.0,0.0,0.4651162790697674,0.2325581395348837,0.0,0.0,59.7,0.0,0.0,33.33,36.36,32.84,43.24,100.0,0.3165604188545251,0.1017631769707028,1.162790697674419,1.162790697674419,0.0514514279069767,0.2325581395348837,0.4651162790697674,0.6976744186046512,0.0241715023255813,2.7906976744186047,ST,63,27,17,40,92,81,56,73,25,23,71,71,85,85,19,52,79,29,54,33,27,52,62,85,52,52,19,17,27,33,54,19,54,81,69,69,90,46,58,35,40,35,38,27,54,12,17,35,92,73,54,77,19,19,58,62,81,81,19,50,65,23,42,27,27,52,50,81,52,52,19,17,27,33,54,19,54,81,69,62,81,42,62,23,31,23,35,15,Austrian Bundesliga
Austria Lustenau,9ws0f9wf5r8mdigwo0xpzv06v,5p17yyr5wxvp6ou11e712jkt0,S. Diarra,Seydou Diarra,22,Attacker,Mali,Striker,56.0,88.0,9.0,144.0,1.0,5.0,5.0,3.0,2.0,2.0,35.0,38.0,27.0,6.0,5.0,529.0,1.0,19.0,3.0,15.0,6.0,0.0,0.0,0.0,0.0,0.0,0.0,80.0,69.23,0.0,42.86,20.0,37.5,14.29,75.0,0.369465075009678,0.402019006835439,3.0,15.0,0.44186853,7.0,15.0,19.0,0.5659368499999998,71.0,9.527410207939509,14.97164461247637,1.5311909262759924,24.49905482041588,0.1701323251417769,0.8506616257088846,0.8506616257088846,0.5103969754253308,0.3402646502835538,0.3402646502835538,5.954631379962192,6.465028355387523,4.593572778827977,1.0207939508506616,0.8506616257088846,0.1701323251417769,3.2325141776937616,0.5103969754253308,2.551984877126654,1.0207939508506616,0.0,0.0,0.0,0.0,0.0,0.0,80.0,69.23,0.0,42.86,20.0,37.5,14.29,75.0,0.0628579522700775,0.0683964283841011,0.5103969754253308,2.551984877126654,0.075176120415879,1.1909262759924384,2.551984877126654,3.2325141776937616,0.096284152173913,12.079395085066162,LW,100,100,100,100,40,80,20,30,50,60,100,100,80,100,90,20,60,50,100,100,40,60,30,40,60,60,80,60,40,20,20,20,20,100,20,60,20,100,100,100,100,100,80,100,100,80,100,100,20,60,20,20,40,40,80,80,80,80,80,20,40,40,80,100,40,60,30,40,60,60,80,60,40,20,20,20,20,100,20,60,20,80,80,80,100,80,80,100,Austrian Bundesliga
Austria Lustenau,9ws0f9wf5r8mdigwo0xpzv06v,6sc9zsev9an853nop6pn6mxg5,Danilo Soares,Danilo Teodoro Soares,34,Defender,Brazil,Defender,87.0,86.0,6.0,169.0,9.0,9.0,4.0,0.0,4.0,1.0,4.0,6.0,34.0,21.0,11.0,513.0,0.0,1.0,5.0,2.0,12.0,4.0,0.0,0.0,2.0,0.0,0.0,80.48,35.29,23.53,50.0,0.0,75.56,90.0,66.67,0.2263507541462266,0.749518613034671,4.0,4.0,0.0937884599999999,0.0,13.0,23.0,1.0082575700000005,120.0,15.263157894736842,15.087719298245611,1.0526315789473684,29.649122807017545,1.5789473684210529,1.5789473684210529,0.7017543859649122,0.0,0.7017543859649122,0.175438596491228,0.7017543859649122,1.0526315789473684,5.964912280701754,3.684210526315789,1.9298245614035088,0.0,0.175438596491228,0.8771929824561403,0.3508771929824561,2.1052631578947367,0.7017543859649122,0.0,0.0,0.3508771929824561,0.0,0.0,80.48,35.29,23.53,50.0,0.0,75.56,90.0,66.67,0.039710658622145,0.1314944935148545,0.7017543859649122,0.7017543859649122,0.0164541157894736,0.0,2.280701754385965,4.035087719298246,0.1768872929824562,21.052631578947366,LB/LCB,65,76,44,71,71,85,65,12,82,56,62,79,94,76,97,29,9,85,59,100,62,53,47,97,53,53,65,35,59,50,29,100,100,53,35,76,91,44,47,21,59,85,82,82,41,65,29,53,59,71,59,12,76,53,53,65,82,53,94,29,6,71,47,88,65,53,47,100,53,53,65,35,59,50,29,100,100,53,29,71,88,41,47,21,41,59,71,71,Austrian Bundesliga
Austria Lustenau,9ws0f9wf5r8mdigwo0xpzv06v,86hx9k1anf6wz98ijvtrqbqsq,D. Weixelbraun,Dominik Weixelbraun,22,Attacker,Austria,Striker,11.0,25.0,2.0,34.0,9.0,5.0,12.0,8.0,4.0,3.0,4.0,4.0,15.0,10.0,0.0,477.0,7.0,21.0,2.0,0.0,4.0,2.0,1.0,3.0,1.0,0.0,0.0,54.84,33.33,33.33,0.0,58.33,34.09,47.37,80.0,1.2034601657304853,0.4151676450683521,2.0,3.0,0.1717163,0.0,5.0,6.0,0.43512155,20.0,2.0754716981132075,4.716981132075472,0.3773584905660377,6.415094339622642,1.69811320754717,0.9433962264150944,2.2641509433962264,1.509433962264151,0.7547169811320755,0.5660377358490566,0.7547169811320755,0.7547169811320755,2.830188679245284,1.8867924528301887,0.0,1.3207547169811322,3.962264150943396,0.3773584905660377,0.0,0.7547169811320755,0.3773584905660377,0.1886792452830188,0.5660377358490566,0.1886792452830188,0.0,0.0,54.84,33.33,33.33,0.0,58.33,34.09,47.37,80.0,0.2270679557982048,0.0783335179374249,0.3773584905660377,0.5660377358490566,0.0323993018867924,0.0,0.9433962264150944,1.1320754716981132,0.0820984056603773,3.7735849056603774,RW,17,17,50,17,100,50,83,83,67,75,17,17,17,100,33,83,83,33,17,75,33,100,100,67,58,58,17,17,83,17,67,33,83,92,83,50,50,17,17,17,42,25,50,25,17,17,50,17,100,33,83,83,67,83,17,17,17,100,33,67,50,33,17,67,33,100,100,67,58,58,17,17,83,17,67,33,83,92,100,33,33,17,17,17,33,17,50,17,Austrian Bundesliga
Austria Lustenau,9ws0f9wf5r8mdigwo0xpzv06v,8ikvcyvko9qou241buomqqv6y,S. Delaye,Sacha Delaye,24,Midfielder,France,Midfielder,13.0,55.0,10.0,63.0,2.0,10.0,11.0,3.0,8.0,3.0,1.0,1.0,10.0,2.0,4.0,274.0,3.0,4.0,3.0,0.0,2.0,5.0,0.0,0.0,1.0,0.0,0.0,73.26,58.82,29.41,0.0,27.27,43.48,28.57,40.0,0.6991085785656629,1.049652950229092,5.0,6.0,0.15008118,1.0,10.0,13.0,0.5296865299999999,36.0,4.27007299270073,18.06569343065693,3.2846715328467155,20.693430656934307,0.6569343065693432,3.2846715328467155,3.613138686131387,0.9854014598540146,2.6277372262773726,0.9854014598540146,0.3284671532846716,0.3284671532846716,3.2846715328467155,0.6569343065693432,1.3138686131386863,0.9854014598540146,1.3138686131386863,0.9854014598540146,0.0,0.6569343065693432,1.6423357664233578,0.0,0.0,0.3284671532846716,0.0,0.0,73.26,58.82,29.41,0.0,27.27,43.48,28.57,40.0,0.2296342046383564,0.3447765164986069,1.6423357664233578,1.9708029197080288,0.0492967379562043,0.3284671532846716,3.2846715328467155,4.27007299270073,0.1739846266423357,11.824817518248176,CM/AM,15,37,67,23,52,85,90,60,96,79,12,10,23,37,77,83,31,27,10,29,77,52,33,69,52,50,31,58,73,10,50,31,50,31,65,85,88,33,38,21,35,37,54,35,15,58,81,27,54,96,96,65,100,96,8,4,35,46,88,88,38,42,10,35,85,52,33,77,52,50,31,58,73,10,50,31,50,31,85,96,92,38,38,23,50,50,69,46,Austrian Bundesliga
Austria Lustenau,9ws0f9wf5r8mdigwo0xpzv06v,awzjn4g0whq7jh00b3anozx1w,L. Afrifa,Lord Afrifa,20,Midfielder,Ghana,Midfielder,48.0,63.0,11.0,110.0,2.0,5.0,6.0,0.0,6.0,5.0,12.0,12.0,30.0,2.0,9.0,470.0,0.0,6.0,12.0,6.0,7.0,1.0,0.0,0.0,0.0,0.0,0.0,77.46,52.38,33.33,50.0,0.0,57.69,33.33,70.0,0.5977798188616429,0.2747023910330466,3.0,13.0,0.33449178,8.0,20.0,19.0,0.41630094,51.0,9.191489361702128,12.063829787234042,2.106382978723404,21.06382978723404,0.3829787234042553,0.9574468085106382,1.1489361702127658,0.0,1.1489361702127658,0.9574468085106382,2.297872340425532,2.297872340425532,5.74468085106383,0.3829787234042553,1.7234042553191489,0.0,1.1489361702127658,2.297872340425532,1.1489361702127658,1.3404255319148937,0.1914893617021276,0.0,0.0,0.0,0.0,0.0,77.46,52.38,33.33,50.0,0.0,57.69,33.33,70.0,0.1144684759522294,0.0526025855169663,0.5744680851063829,2.48936170212766,0.0640516174468085,1.5319148936170213,3.829787234042553,3.638297872340425,0.0797172012765957,9.76595744680851,DM/CM,19,39,50,28,22,72,81,19,94,97,94,94,78,8,100,28,64,92,94,69,61,53,42,39,50,50,28,56,72,67,28,89,31,75,72,67,75,81,94,86,67,50,39,28,11,22,50,11,22,72,78,19,94,100,89,83,89,6,94,28,67,94,89,72,61,53,42,39,50,50,28,56,72,67,28,89,31,75,78,67,78,83,94,94,67,50,50,11,Austrian Bundesliga
Austria Lustenau,9ws0f9wf5r8mdigwo0xpzv06v,azzajp7eh833i06qu80r60zkk,D. Kacuri,Dion Kacuri,22,Midfielder,Switzerland,Midfielder,103.0,105.0,14.0,204.0,10.0,6.0,12.0,2.0,10.0,5.0,7.0,8.0,32.0,7.0,4.0,530.0,5.0,3.0,7.0,5.0,7.0,4.0,0.0,1.0,0.0,1.0,1.0,83.95,66.67,28.57,71.43,41.67,62.75,66.67,70.0,0.933937719125744,0.54722067980982,9.0,15.0,0.32568323,1.0,22.0,29.0,0.5511608399999998,112.0,17.49056603773585,17.830188679245282,2.3773584905660377,34.64150943396226,1.6981132075471697,1.018867924528302,2.037735849056604,0.3396226415094339,1.6981132075471697,0.8490566037735848,1.1886792452830188,1.3584905660377358,5.433962264150943,1.1886792452830188,0.6792452830188679,0.8490566037735848,0.5094339622641509,1.1886792452830188,0.8490566037735848,1.1886792452830188,0.6792452830188679,0.0,0.1698113207547169,0.0,0.1698113207547169,0.1698113207547169,83.95,66.67,28.57,71.43,41.67,62.75,66.67,70.0,0.1585931975873905,0.0929242663827996,1.5283018867924527,2.5471698113207544,0.0553046994339622,0.1698113207547169,3.735849056603773,4.9245283018867925,0.0935933501886792,19.0188679245283,DM/CM,67,72,75,72,86,83,100,69,100,97,72,69,83,50,53,100,39,69,89,69,94,53,92,39,100,100,61,89,58,83,94,100,100,75,100,94,100,94,83,14,72,86,72,72,61,67,72,50,83,83,100,72,100,94,72,72,72,44,44,100,33,61,83,61,89,53,89,39,100,100,61,89,58,83,94,100,100,75,94,89,100,94,83,6,61,78,67,61,Austrian Bundesliga
Austria Lustenau,9ws0f9wf5r8mdigwo0xpzv06v,b6a0z8jjsky6q1rf0bt3eixw4,E. Chukwu,Emmanuel Chukwu,19,Defender,Nigeria,Defender,96.0,17.0,13.0,113.0,8.0,0.0,1.0,1.0,0.0,0.0,0.0,0.0,23.0,36.0,0.0,366.0,0.0,2.0,3.0,0.0,6.0,0.0,0.0,0.0,0.0,0.0,0.0,81.29,48.15,0.0,0.0,0.0,65.71,57.14,50.0,0.1093953331188748,0.0,0.0,0.0,0.0,0.0,2.0,2.0,0.0754189699999999,47.0,23.60655737704918,4.180327868852459,3.19672131147541,27.78688524590164,1.9672131147540983,0.0,0.2459016393442623,0.2459016393442623,0.0,0.0,0.0,0.0,5.6557377049180335,8.852459016393443,0.0,0.0,0.4918032786885246,0.7377049180327869,0.0,1.475409836065574,0.0,0.0,0.0,0.0,0.0,0.0,81.29,48.15,0.0,0.0,0.0,65.71,57.14,50.0,0.0269004917505429,0.0,0.0,0.0,0.0,0.0,0.4918032786885246,0.4918032786885246,0.0185456483606557,11.557377049180328,CB,30,10,48,20,52,18,28,40,32,32,22,22,62,85,5,25,30,70,25,82,40,45,35,45,52,52,15,25,40,25,25,65,42,50,20,20,32,12,12,20,12,15,15,10,20,10,65,15,50,18,20,35,32,32,22,22,70,95,5,25,25,85,25,85,40,45,35,45,52,52,15,25,40,25,25,65,42,50,20,20,32,12,12,20,10,15,5,5,Austrian Bundesliga
Austria Lustenau,9ws0f9wf5r8mdigwo0xpzv06v,dv0v95r1v2adxh0pr8j0il5re,N. Pertlwieser,Niklas Pertlwieser,22,Defender,Austria,Defender,108.0,33.0,19.0,141.0,13.0,2.0,4.0,4.0,0.0,1.0,2.0,2.0,29.0,43.0,6.0,536.0,0.0,6.0,1.0,1.0,8.0,0.0,0.0,0.0,0.0,0.0,0.0,74.6,37.25,0.0,50.0,0.0,58.0,54.17,57.14,0.7023171743402176,0.1788563874391454,0.0,1.0,0.01689528,0.0,9.0,9.0,0.2361402499999999,76.0,18.13432835820896,5.541044776119403,3.1902985074626864,23.67537313432836,2.1828358208955225,0.335820895522388,0.6716417910447761,0.6716417910447761,0.0,0.167910447761194,0.335820895522388,0.335820895522388,4.869402985074626,7.220149253731343,1.007462686567164,0.0,1.007462686567164,0.167910447761194,0.167910447761194,1.343283582089552,0.0,0.0,0.0,0.0,0.0,0.0,74.6,37.25,0.0,50.0,0.0,58.0,54.17,57.14,0.1179263912138425,0.0300318560998565,0.0,0.167910447761194,0.0028368940298507,0.0,1.5111940298507462,1.5111940298507462,0.0396504151119402,12.761194029850746,LB/LCB,76,21,94,53,85,35,65,91,24,56,32,29,71,100,79,29,44,15,35,74,18,53,47,32,53,53,29,41,18,50,29,59,59,29,82,35,26,29,29,21,41,32,24,65,59,6,82,18,82,35,47,88,24,47,24,24,47,94,59,29,24,12,29,59,18,53,47,32,53,53,29,41,18,50,29,59,59,29,82,35,26,29,29,21,24,12,6,35,Austrian Bundesliga
SCR Altach,3lcvs7iiylixau81d0lruwsak,27tsn0x4k82ifef6onqjnsvoq,O. Diawara,Ousmane Diawara,26,Attacker,Mali,Striker,22.0,46.0,0.0,66.0,21.0,5.0,13.0,10.0,3.0,5.0,13.0,15.0,41.0,12.0,0.0,467.0,4.0,31.0,11.0,5.0,2.0,2.0,0.0,1.0,0.0,0.0,0.0,65.35,0.0,28.57,38.46,30.77,46.59,48.84,50.0,1.1473720148592572,0.4662790326092956,4.0,8.0,0.22874219,2.0,5.0,3.0,0.4091972199999999,22.0,4.23982869379015,8.86509635974304,0.0,12.71948608137045,4.047109207708779,0.9635974304068522,2.505353319057816,1.9271948608137044,0.5781584582441113,0.9635974304068522,2.505353319057816,2.890792291220557,7.901498929336188,2.312633832976445,0.0,0.7708779443254817,5.974304068522484,2.119914346895075,0.9635974304068522,0.3854389721627408,0.3854389721627408,0.0,0.1927194860813704,0.0,0.0,0.0,65.35,0.0,28.57,38.46,30.77,46.59,48.84,50.0,0.2211209450478226,0.089861055534982,0.7708779443254817,1.5417558886509637,0.0440830773019272,0.3854389721627408,0.9635974304068522,0.5781584582441113,0.0788602779443254,4.23982869379015,ST,81,65,17,69,96,69,73,73,73,92,92,96,100,98,19,52,96,100,79,62,81,52,31,37,52,52,42,17,73,44,31,81,69,35,54,73,77,73,62,58,63,35,69,63,62,54,17,54,96,48,50,44,54,85,73,77,100,94,19,31,73,96,65,46,81,52,19,37,52,52,42,17,73,44,31,81,69,35,27,58,58,58,50,52,58,15,62,38,Austrian Bundesliga
SCR Altach,3lcvs7iiylixau81d0lruwsak,3sn7ntq8u22o4nb8tfrddtfit,M. Bähre,Mike-Steven Bähre,31,Midfielder,Germany,Midfielder,149.0,154.0,11.0,303.0,4.0,1.0,3.0,1.0,2.0,1.0,15.0,15.0,34.0,5.0,6.0,540.0,1.0,3.0,9.0,7.0,6.0,0.0,0.0,0.0,0.0,0.0,0.0,89.91,55.0,0.0,46.67,33.33,53.97,50.0,42.86,0.1862131851202984,0.0779470679873408,3.0,20.0,0.43335594,11.0,33.0,36.0,0.6515635099999997,170.0,24.83333333333333,25.666666666666668,1.8333333333333333,50.5,0.6666666666666666,0.1666666666666666,0.5,0.1666666666666666,0.3333333333333333,0.1666666666666666,2.5,2.5,5.666666666666667,0.8333333333333334,1.0,0.1666666666666666,0.5,1.5,1.1666666666666667,1.0,0.0,0.0,0.0,0.0,0.0,0.0,89.91,55.0,0.0,46.67,33.33,53.97,50.0,42.86,0.031035530853383,0.0129911779978901,0.5,3.333333333333333,0.07222599,1.8333333333333333,5.5,6.0,0.1085939183333332,28.33333333333333,DM/CM,94,100,50,100,53,22,39,47,50,44,100,100,94,33,69,69,39,83,100,58,25,53,42,39,50,50,94,64,25,56,83,67,58,17,22,17,75,100,100,100,94,94,89,100,78,100,33,100,39,14,31,39,39,33,94,89,83,22,58,58,28,78,94,50,25,53,42,39,50,50,94,64,25,56,83,67,58,17,22,11,61,100,100,100,94,94,78,100,Austrian Bundesliga
SCR Altach,3lcvs7iiylixau81d0lruwsak,66vb1gg0epj96hvdx1jz080ve,Y. Massombo,Yann Litawumba,26,Midfielder,France,Midfielder,15.0,54.0,3.0,67.0,3.0,5.0,6.0,3.0,3.0,2.0,7.0,9.0,15.0,2.0,1.0,304.0,2.0,10.0,3.0,5.0,4.0,2.0,0.0,2.0,0.0,0.0,0.0,63.81,25.0,18.18,71.43,33.33,45.45,50.0,100.0,0.4370774310705136,0.4628772473043759,2.0,10.0,0.29075913,5.0,11.0,15.0,0.7240715900000001,30.0,4.440789473684211,15.986842105263158,0.8881578947368421,19.83552631578948,0.8881578947368421,1.480263157894737,1.7763157894736843,0.8881578947368421,0.8881578947368421,0.5921052631578947,2.0723684210526314,2.664473684210526,4.440789473684211,0.5921052631578947,0.2960526315789473,0.5921052631578947,2.960526315789474,0.8881578947368421,1.480263157894737,1.1842105263157894,0.5921052631578947,0.0,0.5921052631578947,0.0,0.0,0.0,63.81,25.0,18.18,71.43,33.33,45.45,50.0,100.0,0.1293979236721915,0.1370360271624797,0.5921052631578947,2.960526315789474,0.0860800055921052,1.480263157894737,3.256578947368421,4.440789473684211,0.2143632996710526,8.881578947368421,CM/AM,19,31,29,31,67,54,54,60,37,56,65,67,48,37,27,63,77,27,71,69,60,52,98,31,52,50,4,4,40,81,69,52,77,100,42,65,29,65,73,54,40,44,81,31,19,42,35,23,77,58,65,62,54,65,65,77,58,42,31,69,73,38,81,81,58,52,100,31,52,50,4,4,40,81,69,52,77,100,50,69,31,65,81,62,46,62,96,27,Austrian Bundesliga
SCR Altach,3lcvs7iiylixau81d0lruwsak,69lu5sbyjmj3efxcabkgx83ro,F. Milojević,Filip Milojevic,21,Midfielder,Austria,Midfielder,154.0,85.0,10.0,239.0,10.0,1.0,5.0,5.0,0.0,1.0,3.0,3.0,31.0,22.0,7.0,540.0,1.0,8.0,5.0,2.0,6.0,0.0,0.0,0.0,0.0,0.0,0.0,86.91,45.45,0.0,66.67,20.0,50.82,47.62,42.86,0.7128100468308967,0.0681937760432769,0.0,8.0,0.17600335,3.0,21.0,18.0,0.6120260200000001,144.0,25.666666666666668,14.166666666666666,1.6666666666666667,39.833333333333336,1.6666666666666667,0.1666666666666666,0.8333333333333334,0.8333333333333334,0.0,0.1666666666666666,0.5,0.5,5.166666666666667,3.6666666666666665,1.1666666666666667,0.1666666666666666,1.3333333333333333,0.8333333333333334,0.3333333333333333,1.0,0.0,0.0,0.0,0.0,0.0,0.0,86.91,45.45,0.0,66.67,20.0,50.82,47.62,42.86,0.1188016744718161,0.0113656293405461,0.0,1.3333333333333333,0.0293338916666666,0.5,3.5,3.0,0.1020043366666666,24.0,RM/RCM,100,33,67,89,94,11,50,78,17,61,22,22,89,100,89,33,61,61,44,56,17,56,44,33,56,56,89,22,17,61,28,67,67,33,67,22,22,39,22,33,72,44,33,89,89,33,33,89,89,11,28,67,17,44,11,11,89,89,89,22,61,61,33,56,17,56,44,33,56,56,89,22,17,61,28,67,67,33,67,11,22,22,22,33,67,22,22,89,Austrian Bundesliga
SCR Altach,3lcvs7iiylixau81d0lruwsak,7c1iw9zotzvbd0569djoja0np,L. Jäger,Lukas Jäger,32,Midfielder,Austria,Midfielder,175.0,92.0,23.0,266.0,7.0,1.0,2.0,2.0,0.0,0.0,4.0,5.0,17.0,31.0,6.0,540.0,0.0,4.0,2.0,0.0,3.0,1.0,0.0,0.0,0.0,0.0,0.0,85.26,48.94,50.0,0.0,0.0,38.64,36.84,37.5,0.2839754852010749,0.1439022761327439,0.0,4.0,0.08891775,8.0,19.0,28.0,0.51583205,137.0,29.166666666666668,15.333333333333334,3.8333333333333335,44.333333333333336,1.1666666666666667,0.1666666666666666,0.3333333333333333,0.3333333333333333,0.0,0.0,0.6666666666666666,0.8333333333333334,2.833333333333333,5.166666666666667,1.0,0.0,0.6666666666666666,0.3333333333333333,0.0,0.5,0.1666666666666666,0.0,0.0,0.0,0.0,0.0,85.26,48.94,50.0,0.0,0.0,38.64,36.84,37.5,0.0473292475335124,0.0239837126887906,0.0,0.6666666666666666,0.014819625,1.3333333333333333,3.1666666666666665,4.666666666666667,0.0859720083333333,22.83333333333333,DM/CM,100,61,94,94,67,22,22,69,11,17,47,56,33,100,69,28,50,19,8,19,61,53,42,39,50,50,67,33,89,8,28,6,39,6,33,39,11,28,28,86,61,72,61,89,94,50,94,83,61,14,22,61,11,17,33,47,11,100,58,28,44,11,8,6,50,53,42,39,50,50,67,33,89,8,28,6,39,6,28,22,11,17,17,83,50,67,56,78,Austrian Bundesliga
SCR Altach,3lcvs7iiylixau81d0lruwsak,7yybbynkk0bhuhxhq8ukq40d1,P. Greil,Patrick Greil,30,Midfielder,Austria,Midfielder,44.0,102.0,8.0,133.0,8.0,11.0,17.0,13.0,4.0,1.0,6.0,7.0,25.0,0.0,1.0,460.0,8.0,19.0,4.0,5.0,4.0,13.0,0.0,2.0,0.0,0.0,0.0,79.64,57.14,34.21,83.33,47.06,55.56,57.14,50.0,1.8081159320709448,1.3789453410369228,4.0,18.0,0.53096347,7.0,19.0,23.0,0.6127576899999999,62.0,8.608695652173914,19.95652173913044,1.565217391304348,26.021739130434785,1.565217391304348,2.1521739130434785,3.3260869565217392,2.5434782608695654,0.782608695652174,0.1956521739130435,1.173913043478261,1.3695652173913044,4.891304347826087,0.0,0.1956521739130435,1.565217391304348,3.717391304347826,0.782608695652174,0.9782608695652176,0.782608695652174,2.5434782608695654,0.0,0.391304347826087,0.0,0.0,0.0,79.64,57.14,34.21,83.33,47.06,55.56,57.14,50.0,0.3537618127964892,0.2697936536811371,0.782608695652174,3.5217391304347827,0.103884157173913,1.3695652173913044,3.717391304347826,4.5,0.1198873741304347,12.130434782608695,CM/AM,62,81,58,73,98,90,100,100,60,31,56,58,83,10,27,100,92,50,71,69,100,52,98,31,52,50,54,44,77,92,88,88,87,37,100,92,71,85,92,75,73,75,69,62,38,69,46,50,92,73,92,100,42,27,38,42,77,10,23,100,85,31,69,50,96,52,88,31,52,50,54,44,77,92,88,88,87,37,96,88,58,77,85,58,54,65,42,54,Austrian Bundesliga
SCR Altach,3lcvs7iiylixau81d0lruwsak,8ulvxwuqi2bzxxarn6hyzk93o,N. Niehoff,Niklas Niehoff,22,Midfielder,Germany,Midfielder,61.0,99.0,7.0,152.0,1.0,9.0,8.0,6.0,2.0,3.0,18.0,22.0,28.0,6.0,2.0,518.0,2.0,21.0,3.0,13.0,9.0,8.0,0.0,0.0,2.0,0.0,0.0,79.58,38.89,36.36,72.22,25.0,52.83,25.0,81.82,0.8349982335993138,1.0049430151086645,3.0,25.0,0.6575658799999999,8.0,16.0,26.0,1.5584067100000003,75.0,10.5984555984556,17.2007722007722,1.2162162162162162,26.409266409266408,0.1737451737451737,1.5637065637065637,1.38996138996139,1.0424710424710424,0.3474903474903475,0.5212355212355212,3.1274131274131274,3.8223938223938223,4.864864864864865,1.0424710424710424,0.3474903474903475,0.3474903474903475,3.6486486486486487,0.5212355212355212,2.258687258687259,1.5637065637065637,1.38996138996139,0.0,0.0,0.3474903474903475,0.0,0.0,79.58,38.89,36.36,72.22,25.0,52.83,25.0,81.82,0.1450769131736259,0.1746039987640536,0.5212355212355212,4.343629343629344,0.114248898069498,1.38996138996139,2.77992277992278,4.517374517374518,0.2707656445945946,13.03088803088803,RM/RCM,56,56,28,56,22,78,89,89,50,100,100,100,67,56,44,67,100,44,100,78,94,56,44,100,56,56,56,11,67,89,50,78,33,89,89,89,72,100,89,78,44,67,100,56,56,44,22,33,22,67,78,89,44,100,100,100,67,56,33,67,89,44,100,78,67,56,44,100,56,56,56,11,67,89,50,78,33,89,78,78,67,89,89,67,44,56,89,44,Austrian Bundesliga
SCR Altach,3lcvs7iiylixau81d0lruwsak,9vlhyidb33kwct9n5rbhkz3kl,B. Zech,Benedikt Zech,35,Defender,Austria,Defender,119.0,89.0,11.0,207.0,6.0,2.0,0.0,0.0,0.0,0.0,2.0,2.0,14.0,22.0,8.0,360.0,0.0,1.0,0.0,2.0,2.0,1.0,0.0,0.0,0.0,0.0,0.0,92.83,64.71,100.0,100.0,0.0,58.33,60.0,33.33,0.0,0.1169419524613045,0.0,10.0,0.22442261,3.0,24.0,19.0,0.5471048500000001,154.0,29.75,22.25,2.75,51.75,1.5,0.5,0.0,0.0,0.0,0.0,0.5,0.5,3.5,5.5,2.0,0.0,0.25,0.0,0.5,0.5,0.25,0.0,0.0,0.0,0.0,0.0,92.83,64.71,100.0,100.0,0.0,58.33,60.0,33.33,0.0,0.0292354881153261,0.0,2.5,0.0561056525,0.75,6.0,4.75,0.1367762125,38.5,CB,40,65,40,45,40,62,8,15,32,32,70,70,32,30,78,25,15,18,88,20,85,45,35,45,52,52,65,62,98,88,25,30,55,18,8,55,32,82,85,75,65,60,75,60,55,65,40,60,40,70,8,15,32,32,65,65,30,50,90,25,10,18,90,28,90,45,35,45,52,52,65,62,98,88,25,30,55,18,8,65,32,90,90,80,75,60,85,65,Austrian Bundesliga
SCR Altach,3lcvs7iiylixau81d0lruwsak,bs1fjanu1asyroais9euib9wp,V. Demaku,Vesel Demaku,26,Midfielder,Kosovo,Midfielder,92.0,110.0,11.0,202.0,2.0,2.0,4.0,2.0,2.0,1.0,4.0,4.0,27.0,3.0,4.0,508.0,1.0,6.0,13.0,1.0,9.0,0.0,0.0,0.0,0.0,0.0,0.0,86.7,55.0,0.0,25.0,25.0,57.45,50.0,81.82,0.4157580773015067,0.1525122302034507,1.0,13.0,0.29484673,5.0,29.0,28.0,0.61676354,106.0,16.299212598425196,19.488188976377952,1.9488188976377951,35.78740157480315,0.3543307086614173,0.3543307086614173,0.7086614173228346,0.3543307086614173,0.3543307086614173,0.1771653543307086,0.7086614173228346,0.7086614173228346,4.783464566929133,0.5314960629921259,0.7086614173228346,0.1771653543307086,1.062992125984252,2.3031496062992125,0.1771653543307086,1.5944881889763778,0.0,0.0,0.0,0.0,0.0,0.0,86.7,55.0,0.0,25.0,25.0,57.45,50.0,81.82,0.0736579270809756,0.0270198833037609,0.1771653543307086,2.3031496062992125,0.0522366253937007,0.8858267716535433,5.137795275590551,4.960629921259843,0.1092691311023622,18.77952755905512,DM/CM,50,78,50,67,22,47,58,69,50,44,47,44,64,19,53,69,64,100,33,86,25,53,42,39,50,50,83,64,25,33,67,83,58,94,56,44,39,81,78,72,89,72,78,61,50,78,39,56,17,39,50,78,44,50,39,33,56,17,50,72,61,100,33,83,25,53,42,39,50,50,83,64,25,33,67,83,58,94,56,28,39,67,67,72,89,83,83,56,Austrian Bundesliga
SCR Altach,3lcvs7iiylixau81d0lruwsak,znji80ok2dk0ohqb6m2ckvvu,B. Böckle,Benjamin Böckle,24,Defender,Austria,Defender,53.0,80.0,10.0,129.0,9.0,6.0,0.0,0.0,0.0,0.0,8.0,8.0,34.0,17.0,5.0,532.0,0.0,6.0,5.0,4.0,8.0,4.0,0.0,0.0,2.0,0.0,0.0,72.07,38.46,21.05,50.0,0.0,61.82,69.23,50.0,0.0,0.595397775128949,0.0,11.0,0.34283739,8.0,10.0,11.0,0.9142216900000002,66.0,8.966165413533835,13.533834586466163,1.6917293233082706,21.82330827067669,1.5225563909774436,1.0150375939849623,0.0,0.0,0.0,0.0,1.3533834586466165,1.3533834586466165,5.75187969924812,2.87593984962406,0.8458646616541353,0.0,1.0150375939849623,0.8458646616541353,0.6766917293233082,1.3533834586466165,0.6766917293233082,0.0,0.0,0.3383458646616541,0.0,0.0,72.07,38.46,21.05,50.0,0.0,61.82,69.23,50.0,0.0,0.1007251875218146,0.0,1.8609022556390973,0.0579988065789473,1.3533834586466165,1.6917293233082706,1.8609022556390973,0.1546615640977444,11.165413533834586,LB/LCB,26,71,59,41,71,62,6,12,24,21,88,88,94,50,68,29,44,85,88,74,62,53,47,97,53,53,18,50,47,50,29,76,88,18,6,59,26,79,76,82,47,41,76,56,6,41,47,12,53,65,6,12,24,21,88,88,71,35,47,29,29,65,82,65,59,53,47,94,53,53,18,50,47,50,29,76,88,18,6,59,26,76,76,82,29,35,53,24,Austrian Bundesliga
Rapid,eljjik2vvlpy6d649mgwwivam,2omsfx51ie3e92en7k6a3dwtm,M. Seidl,Matthias Seidl,25,Midfielder,Austria,Midfielder,199.0,221.0,21.0,419.0,2.0,3.0,9.0,2.0,7.0,5.0,2.0,2.0,24.0,3.0,7.0,467.0,2.0,2.0,6.0,2.0,10.0,1.0,0.0,1.0,2.0,0.0,0.0,92.7,72.41,25.0,100.0,22.22,63.16,50.0,71.43,0.6307357783801124,0.38291130264718,5.0,15.0,0.33013154,5.0,54.0,35.0,1.045380830000001,243.0,38.35117773019272,42.59100642398287,4.047109207708779,80.74946466809422,0.3854389721627408,0.5781584582441113,1.734475374732334,0.3854389721627408,1.3490364025695931,0.9635974304068522,0.3854389721627408,0.3854389721627408,4.62526766595289,0.5781584582441113,1.3490364025695931,0.3854389721627408,0.3854389721627408,1.1563169164882223,0.3854389721627408,1.9271948608137044,0.1927194860813704,0.0,0.1927194860813704,0.3854389721627408,0.0,0.0,92.7,72.41,25.0,100.0,22.22,63.16,50.0,71.43,0.1215550750625484,0.0737944694609126,0.9635974304068522,2.890792291220557,0.0636227807280513,0.9635974304068522,10.406852248394005,6.745182012847965,0.2014652563169166,46.83083511777302,CM/AM,96,96,98,96,52,23,75,46,90,98,19,19,77,54,100,63,17,81,37,100,42,52,79,87,52,50,100,81,63,98,38,96,77,81,62,62,88,81,77,54,100,92,92,96,100,96,96,96,42,15,56,42,81,92,15,15,65,38,92,46,19,58,23,92,35,52,65,88,52,50,100,81,63,98,38,96,77,81,42,42,73,62,50,46,100,88,88,96,Austrian Bundesliga
Rapid,eljjik2vvlpy6d649mgwwivam,2q40r5kclqejfv6c3pvyqim3u,N. Bajlicz,Nicolas Bajlicz,22,Midfielder,Austria,Midfielder,139.0,176.0,8.0,314.0,0.0,9.0,1.0,0.0,1.0,1.0,6.0,6.0,34.0,1.0,5.0,429.0,0.0,2.0,8.0,4.0,12.0,1.0,0.0,0.0,1.0,0.0,0.0,93.73,66.67,33.33,66.67,0.0,56.67,0.0,54.55,0.0797019516673443,0.6091866914443917,0.0,14.0,0.3094189799999999,6.0,30.0,25.0,0.7588553399999999,155.0,29.16083916083916,36.92307692307693,1.6783216783216783,65.87412587412588,0.0,1.888111888111888,0.2097902097902098,0.0,0.2097902097902098,0.2097902097902098,1.2587412587412588,1.2587412587412588,7.132867132867133,0.2097902097902098,1.048951048951049,0.0,0.4195804195804196,1.6783216783216783,0.8391608391608392,2.517482517482517,0.2097902097902098,0.0,0.0,0.2097902097902098,0.0,0.0,93.73,66.67,33.33,66.67,0.0,56.67,0.0,54.55,0.0167206891609813,0.1278014037995227,0.0,2.937062937062937,0.0649130727272727,1.2587412587412588,6.293706293706294,5.244755244755245,0.1592004209790209,32.51748251748252,RM/RCM,89,100,44,100,11,78,11,11,33,61,50,50,100,17,72,11,11,100,67,89,33,56,44,78,56,56,100,78,56,61,11,100,11,44,11,56,22,61,56,56,100,56,56,100,100,100,56,100,11,78,11,11,33,56,56,56,100,11,78,11,11,100,67,100,33,56,44,67,56,56,100,78,56,61,11,100,11,44,11,44,22,67,56,56,100,78,44,100,Austrian Bundesliga
Rapid,eljjik2vvlpy6d649mgwwivam,3kypp9r4mqecnx1fa729dnzkl,E. Kara,Ercan Kara,30,Attacker,Austria,Striker,12.0,13.0,0.0,25.0,5.0,2.0,14.0,14.0,0.0,1.0,6.0,6.0,14.0,5.0,3.0,340.0,5.0,20.0,5.0,0.0,2.0,0.0,0.0,2.0,0.0,0.0,0.0,62.5,0.0,0.0,0.0,35.71,36.84,33.33,50.0,1.99923583719857,0.1477386341246934,0.0,0.0,0.0,1.0,0.0,1.0,0.0266390399999999,9.0,3.1764705882352944,3.4411764705882355,0.0,6.61764705882353,1.3235294117647058,0.5294117647058824,3.7058823529411766,3.7058823529411766,0.0,0.2647058823529412,1.5882352941176472,1.5882352941176472,3.7058823529411766,1.3235294117647058,0.7941176470588236,1.3235294117647058,5.294117647058823,1.3235294117647058,0.0,0.5294117647058824,0.0,0.0,0.5294117647058824,0.0,0.0,0.0,62.5,0.0,0.0,0.0,35.71,36.84,33.33,50.0,0.5292094863172685,0.0391072855035953,0.0,0.0,0.0,0.2647058823529412,0.0,0.2647058823529412,0.0070515105882352,2.3823529411764706,ST,33,4,17,12,46,17,85,96,6,23,31,31,44,79,92,65,58,79,8,62,27,52,62,37,52,52,35,17,27,8,50,42,35,35,92,27,10,4,4,35,4,6,4,10,31,4,17,4,35,12,77,96,6,23,38,35,46,77,88,73,62,81,8,65,27,52,65,37,52,52,35,17,27,8,50,42,35,35,96,27,10,4,4,35,4,8,4,4,Austrian Bundesliga
Rapid,eljjik2vvlpy6d649mgwwivam,5kkvxgrt5y92hjj8hw28b7l9m,S. Raux-Yao,Serge-Philippe Raux-Yao,27,Defender,France,Defender,271.0,84.0,17.0,355.0,4.0,0.0,3.0,3.0,0.0,0.0,0.0,0.0,11.0,25.0,5.0,479.0,1.0,3.0,1.0,0.0,2.0,0.0,0.0,1.0,0.0,0.0,0.0,95.17,60.71,0.0,0.0,33.33,55.0,44.44,33.33,0.4101255563754552,0.0,0.0,3.0,0.06190628,1.0,17.0,12.0,0.4645999399999999,223.0,50.91858037578288,15.782881002087684,3.194154488517745,66.70146137787057,0.7515657620041754,0.0,0.5636743215031316,0.5636743215031316,0.0,0.0,0.0,0.0,2.066805845511482,4.697286012526097,0.9394572025052192,0.1878914405010438,0.5636743215031316,0.1878914405010438,0.0,0.3757828810020877,0.0,0.0,0.1878914405010438,0.0,0.0,0.0,95.17,60.71,0.0,0.0,33.33,55.0,44.44,33.33,0.0770590815736763,0.0,0.0,0.5636743215031316,0.0116316601252609,0.1878914405010438,3.194154488517745,2.2546972860125263,0.0872943519832985,41.89979123173278,CB,100,60,75,95,28,18,60,75,32,32,22,22,25,45,57,62,45,40,25,20,40,45,82,45,52,52,95,45,40,25,57,15,20,18,70,20,32,52,50,48,55,50,60,85,95,45,60,85,15,18,55,65,32,32,22,22,10,30,35,55,35,35,25,15,40,45,80,45,52,52,95,45,40,25,57,15,20,18,65,20,32,45,45,40,50,35,40,75,Austrian Bundesliga
Rapid,eljjik2vvlpy6d649mgwwivam,5llwrgvl44z7c04yv5xsqxu5l,N. Cvetković,Nenad Cvetkovic,30,Defender,Serbia,Defender,199.0,113.0,15.0,312.0,15.0,1.0,5.0,5.0,0.0,1.0,1.0,1.0,23.0,34.0,9.0,440.0,3.0,6.0,2.0,1.0,2.0,0.0,0.0,2.0,0.0,0.0,0.0,93.98,57.69,0.0,100.0,60.0,71.88,78.95,40.0,0.750529199037355,0.1838412695726395,0.0,5.0,0.0933652,2.0,31.0,27.0,0.5069942300000002,204.0,40.70454545454545,23.113636363636363,3.068181818181818,63.81818181818181,3.068181818181818,0.2045454545454545,1.0227272727272727,1.0227272727272727,0.0,0.2045454545454545,0.2045454545454545,0.2045454545454545,4.704545454545454,6.954545454545454,1.8409090909090908,0.6136363636363635,1.227272727272727,0.409090909090909,0.2045454545454545,0.409090909090909,0.0,0.0,0.409090909090909,0.0,0.0,0.0,93.98,57.69,0.0,100.0,60.0,71.88,78.95,40.0,0.1535173361667317,0.0376038960489489,0.0,1.0227272727272727,0.0190974272727272,0.409090909090909,6.340909090909091,5.5227272727272725,0.1037033652272727,41.72727272727273,CB,90,72,62,75,70,40,85,90,32,78,52,52,62,75,85,90,75,57,62,20,40,45,100,45,52,52,75,30,40,88,90,95,100,32,85,70,32,65,60,65,80,75,65,80,75,70,55,75,70,35,80,95,32,75,55,55,45,60,80,90,70,55,60,20,40,45,100,45,52,52,75,30,40,88,90,95,100,32,90,75,32,65,55,60,80,75,60,70,Austrian Bundesliga
Rapid,eljjik2vvlpy6d649mgwwivam,8697a01d7rwx57pnmqm67kkyc,P. Dahl,Petter Nosa Dahl,22,Attacker,Norway,Striker,13.0,59.0,2.0,72.0,1.0,2.0,13.0,11.0,2.0,4.0,26.0,28.0,30.0,1.0,5.0,363.0,6.0,28.0,10.0,13.0,3.0,0.0,0.0,3.0,0.0,0.0,0.0,80.9,100.0,0.0,50.0,46.15,49.18,33.33,50.0,1.4287149545569764,0.1920843116516152,6.0,9.0,0.28995962,2.0,6.0,8.0,0.2463086,36.0,3.2231404958677685,14.62809917355372,0.4958677685950413,17.85123966942149,0.2479338842975206,0.4958677685950413,3.2231404958677685,2.7272727272727275,0.4958677685950413,0.9917355371900828,6.446280991735537,6.9421487603305785,7.43801652892562,0.2479338842975206,1.2396694214876034,1.487603305785124,6.9421487603305785,2.479338842975207,3.2231404958677685,0.7438016528925621,0.0,0.0,0.7438016528925621,0.0,0.0,0.0,80.9,100.0,0.0,50.0,46.15,49.18,33.33,50.0,0.3542268482372669,0.0476242095004004,1.487603305785124,2.231404958677686,0.071890814876033,0.4958677685950413,1.487603305785124,1.983471074380165,0.0610682479338842,8.925619834710744,LW,40,80,20,60,40,40,100,100,50,90,60,70,100,30,90,90,100,100,60,80,40,60,80,40,60,60,100,100,40,50,80,80,60,50,100,40,80,50,40,40,70,60,60,80,40,60,20,60,60,40,80,80,60,100,100,100,100,40,100,80,100,100,100,80,40,60,80,40,60,60,100,100,40,50,80,80,60,50,80,40,80,60,60,40,60,60,40,60,Austrian Bundesliga
Rapid,eljjik2vvlpy6d649mgwwivam,8kknoeewzluh1qxmq1enkd444,M. Haïdara,Moulaye Haïdara,20,Attacker,Mali,Striker,20.0,40.0,2.0,60.0,3.0,2.0,6.0,4.0,2.0,1.0,6.0,6.0,11.0,1.0,3.0,253.0,2.0,19.0,2.0,4.0,0.0,0.0,0.0,1.0,0.0,0.0,0.0,77.92,100.0,0.0,66.67,33.33,44.0,37.5,0.0,0.7388915133175321,0.1071738345135965,3.0,8.0,0.25855364,3.0,1.0,2.0,0.0714825899999999,17.0,7.114624505928854,14.229249011857709,0.7114624505928854,21.34387351778656,1.067193675889328,0.7114624505928854,2.134387351778656,1.4229249011857708,0.7114624505928854,0.3557312252964427,2.134387351778656,2.134387351778656,3.91304347826087,0.3557312252964427,1.067193675889328,0.7114624505928854,6.758893280632412,0.7114624505928854,1.4229249011857708,0.0,0.0,0.0,0.3557312252964427,0.0,0.0,0.0,77.92,100.0,0.0,66.67,33.33,44.0,37.5,0.0,0.2628467833935885,0.0381250794712398,1.067193675889328,2.845849802371541,0.0919756031620553,1.067193675889328,0.3557312252964427,0.7114624505928854,0.0254285893280632,6.047430830039526,ST,69,62,52,62,27,17,15,15,52,23,31,31,31,21,92,23,50,29,69,12,27,52,31,37,52,52,81,98,27,87,42,69,42,12,23,15,62,73,69,71,17,19,27,46,88,77,65,85,31,27,31,31,69,31,62,58,50,27,100,23,81,42,85,12,27,52,35,37,52,52,81,98,27,87,42,69,42,12,54,23,73,81,81,85,23,27,38,69,Austrian Bundesliga
Rapid,eljjik2vvlpy6d649mgwwivam,agtlfzn9zrrj10tx1tov0uulm,B. Bolla,Bendegúz Bolla,26,Defender,Hungary,Defender,193.0,202.0,18.0,386.0,0.0,11.0,4.0,2.0,2.0,1.0,10.0,10.0,11.0,10.0,3.0,540.0,0.0,11.0,2.0,4.0,4.0,9.0,0.0,0.0,1.0,0.0,0.0,89.77,54.55,33.33,40.0,0.0,28.95,0.0,80.0,0.3004332880490652,1.2836572391908063,1.0,22.0,0.6566569999999998,12.0,34.0,37.0,1.4502718600000015,204.0,32.166666666666664,33.666666666666664,3.0,64.33333333333333,0.0,1.8333333333333333,0.6666666666666666,0.3333333333333333,0.3333333333333333,0.1666666666666666,1.6666666666666667,1.6666666666666667,1.8333333333333333,1.6666666666666667,0.5,0.0,1.8333333333333333,0.3333333333333333,0.6666666666666666,0.6666666666666666,1.5,0.0,0.0,0.1666666666666666,0.0,0.0,89.77,54.55,33.33,40.0,0.0,28.95,0.0,80.0,0.0500722146748442,0.2139428731984677,0.1666666666666666,3.6666666666666665,0.1094428333333333,2.0,5.666666666666667,6.166666666666667,0.2417119766666669,34.0,RB/RCB,93,100,79,100,7,93,61,46,75,54,89,86,21,29,39,11,79,21,79,43,96,46,39,86,54,54,100,64,86,50,11,7,7,96,36,93,50,100,100,100,89,93,86,93,86,100,79,100,7,86,57,29,57,43,79,79,7,29,36,11,71,14,71,29,93,46,39,75,54,54,100,64,86,50,11,7,7,96,29,93,32,93,93,86,86,93,86,93,Austrian Bundesliga
Rapid,eljjik2vvlpy6d649mgwwivam,aw5of6drnaorje2233ocvph7u,Y. Demir,Yusuf Demir,23,Attacker,Austria,Striker,67.0,157.0,14.0,216.0,2.0,15.0,17.0,9.0,8.0,4.0,23.0,26.0,40.0,4.0,6.0,502.0,8.0,25.0,22.0,8.0,6.0,8.0,0.0,2.0,2.0,0.0,0.0,83.72,66.67,25.81,34.78,47.06,51.95,28.57,75.0,1.2136871226077297,1.4777864888349952,5.0,29.0,0.9220060999999998,11.0,21.0,24.0,1.6833021800000003,98.0,12.01195219123506,28.14741035856574,2.50996015936255,38.72509960159363,0.3585657370517928,2.6892430278884465,3.047808764940239,1.613545816733068,1.4342629482071714,0.7171314741035857,4.123505976095617,4.661354581673307,7.171314741035857,0.7171314741035857,1.0756972111553786,1.4342629482071714,4.482071713147411,3.944223107569721,1.4342629482071714,1.0756972111553786,1.4342629482071714,0.0,0.3585657370517928,0.3585657370517928,0.0,0.0,83.72,66.67,25.81,34.78,47.06,51.95,28.57,75.0,0.2175933088340551,0.2649418007871505,0.8964143426294822,5.199203187250996,0.1652998984063745,1.9721115537848608,3.764940239043825,4.302788844621515,0.3017872434262948,17.56972111553785,RW,100,100,100,100,67,100,100,100,100,100,83,83,100,50,83,100,100,100,67,100,100,50,83,92,58,58,67,67,67,33,50,83,50,67,100,100,83,100,100,100,100,100,100,100,100,100,100,100,67,83,100,100,100,100,50,50,100,50,83,83,83,100,50,83,67,50,67,100,58,58,67,67,67,33,50,83,50,67,83,83,83,83,83,83,100,100,100,100,Austrian Bundesliga
Rapid,eljjik2vvlpy6d649mgwwivam,brs96wp9u2t10tsqfdwcyhnth,J. Horn,Jannes Horn,29,Defender,Germany,Defender,107.0,118.0,6.0,220.0,0.0,7.0,7.0,2.0,5.0,3.0,2.0,2.0,10.0,8.0,1.0,378.0,2.0,5.0,3.0,2.0,4.0,5.0,0.0,1.0,1.0,0.0,0.0,93.62,60.0,27.78,100.0,28.57,43.48,0.0,80.0,0.4724620280899873,0.6995298559589718,4.0,19.0,0.4715890000000001,15.0,25.0,19.0,1.1071380499999997,96.0,25.476190476190474,28.09523809523809,1.4285714285714286,52.38095238095238,0.0,1.6666666666666663,1.6666666666666663,0.4761904761904761,1.1904761904761905,0.7142857142857143,0.4761904761904761,0.4761904761904761,2.380952380952381,1.9047619047619049,0.238095238095238,0.4761904761904761,1.1904761904761905,0.7142857142857143,0.4761904761904761,0.9523809523809524,1.1904761904761905,0.0,0.238095238095238,0.238095238095238,0.0,0.0,93.62,60.0,27.78,100.0,28.57,43.48,0.0,80.0,0.1124909590690445,0.1665547276092789,0.9523809523809524,4.523809523809524,0.1122830952380952,3.571428571428571,5.9523809523809526,4.523809523809524,0.2636042976190475,22.857142857142858,LB/LCB,71,88,44,82,6,74,88,53,97,91,32,29,6,18,15,94,26,47,59,32,74,53,97,76,53,53,100,88,65,97,76,12,6,76,76,71,91,100,94,94,88,71,88,71,76,88,41,82,6,76,94,47,100,100,29,29,6,18,12,94,35,53,59,24,76,53,100,82,53,53,100,88,65,97,76,12,6,76,76,76,100,100,88,100,88,71,82,76,Austrian Bundesliga
Rapid,eljjik2vvlpy6d649mgwwivam,n2annzbap7hll02zo2v0ccgk,T. Adamsen,Tonni Adamsen,31,Attacker,Denmark,Striker,38.0,88.0,6.0,125.0,4.0,5.0,9.0,7.0,2.0,1.0,9.0,10.0,16.0,3.0,2.0,445.0,5.0,24.0,5.0,5.0,1.0,1.0,0.0,4.0,1.0,0.0,0.0,72.67,54.55,33.33,55.56,55.56,57.14,80.0,50.0,1.4984580451400165,0.5275127192224605,1.0,6.0,0.19791364,4.0,18.0,19.0,0.7606990599999999,55.0,7.685393258426966,17.797752808988765,1.2134831460674156,25.280898876404493,0.8089887640449438,1.0112359550561798,1.820224719101124,1.4157303370786516,0.4044943820224719,0.2022471910112359,1.820224719101124,2.02247191011236,3.235955056179775,0.6067415730337078,0.4044943820224719,1.0112359550561798,4.853932584269662,1.0112359550561798,1.0112359550561798,0.2022471910112359,0.2022471910112359,0.0,0.8089887640449438,0.2022471910112359,0.0,0.0,72.67,54.55,33.33,55.56,55.56,57.14,80.0,50.0,0.3030589304777561,0.1066879656854414,0.2022471910112359,1.2134831460674156,0.0400274777528089,0.8089887640449438,3.640449438202247,3.842696629213483,0.1538492480898876,11.123595505617978,ST,96,96,96,96,35,69,42,46,52,23,71,71,62,63,75,65,73,79,79,33,65,52,94,85,52,52,65,73,87,77,83,96,100,35,73,77,23,54,46,83,100,100,100,100,92,88,88,92,27,54,15,27,42,12,46,54,38,62,65,62,54,69,69,23,65,52,85,77,52,52,65,73,87,77,83,96,100,35,65,69,19,46,46,69,96,96,92,92,Austrian Bundesliga
Sturm Graz,4lauow63npvttmvxgh2koqb0r,4gzjrpmzpe4lqlb6kj82tgquh,J. Heil,Jürgen Heil,29,Midfielder,Austria,Midfielder,62.0,104.0,27.0,163.0,3.0,9.0,5.0,2.0,3.0,2.0,9.0,9.0,27.0,14.0,10.0,534.0,1.0,6.0,7.0,5.0,8.0,3.0,0.0,0.0,0.0,0.0,0.0,77.25,61.36,27.27,55.56,20.0,52.94,21.43,61.54,0.2964286686283075,0.764469959509329,3.0,8.0,0.1946616299999999,4.0,25.0,36.0,1.388443710000001,89.0,10.44943820224719,17.528089887640448,4.550561797752809,27.47191011235955,0.5056179775280899,1.5168539325842696,0.8426966292134831,0.3370786516853932,0.5056179775280899,0.3370786516853932,1.5168539325842696,1.5168539325842696,4.550561797752809,2.359550561797753,1.6853932584269662,0.1685393258426966,1.0112359550561798,1.1797752808988764,0.8426966292134831,1.348314606741573,0.5056179775280899,0.0,0.0,0.0,0.0,0.0,77.25,61.36,27.27,55.56,20.0,52.94,21.43,61.54,0.049959887971063,0.1288432516026958,0.5056179775280899,1.348314606741573,0.0328081398876404,0.6741573033707865,4.213483146067415,6.067415730337078,0.2340073668539327,15.0,RM/RCM,67,78,89,67,44,78,50,39,83,89,72,72,56,78,100,33,44,89,78,67,50,56,44,33,56,56,44,67,44,44,28,89,22,56,33,67,72,39,33,44,89,100,89,67,44,56,78,44,33,56,44,33,67,78,67,67,56,67,100,33,22,78,78,67,56,56,44,33,56,56,44,67,44,44,28,89,22,56,22,56,56,33,33,44,78,89,78,56,Austrian Bundesliga
Sturm Graz,4lauow63npvttmvxgh2koqb0r,527vt3q3cwydkq1p8zseqjllg,J. Hödl,Jacob Hödl,19,Midfielder,Austria,Midfielder,24.0,80.0,4.0,102.0,4.0,3.0,14.0,7.0,7.0,5.0,33.0,35.0,34.0,6.0,1.0,476.0,4.0,17.0,8.0,17.0,3.0,2.0,0.0,0.0,0.0,0.0,0.0,72.34,50.0,18.18,51.52,28.57,45.33,30.77,60.0,1.088637184750366,0.2207086851107291,10.0,12.0,0.28982552,2.0,14.0,24.0,0.5539117599999998,57.0,4.53781512605042,15.126050420168069,0.7563025210084033,19.285714285714285,0.7563025210084033,0.5672268907563025,2.647058823529412,1.3235294117647058,1.3235294117647058,0.9453781512605042,6.239495798319328,6.61764705882353,6.428571428571429,1.134453781512605,0.1890756302521008,0.7563025210084033,3.2142857142857144,1.512605042016807,3.2142857142857144,0.5672268907563025,0.3781512605042016,0.0,0.0,0.0,0.0,0.0,72.34,50.0,18.18,51.52,28.57,45.33,30.77,60.0,0.2058347618225482,0.0417306337394235,1.8907563025210083,2.26890756302521,0.0547989428571428,0.3781512605042016,2.647058823529412,4.53781512605042,0.1047312151260503,10.777310924369749,CM/AM,35,62,38,42,77,23,96,90,90,98,100,100,96,81,27,88,88,90,100,48,60,52,33,31,52,50,19,27,40,50,56,46,54,56,96,23,100,73,69,31,48,83,58,46,23,27,25,19,65,12,88,81,77,88,100,100,81,69,19,77,77,77,100,27,54,52,33,31,52,50,19,27,40,50,56,46,54,56,65,15,100,50,42,31,38,69,27,38,Austrian Bundesliga
Sturm Graz,4lauow63npvttmvxgh2koqb0r,66cbdz994twrl9jv46z1ikyne,S. Jatta,Seedy Jatta,23,Attacker,Norway,Striker,4.0,25.0,1.0,29.0,6.0,4.0,9.0,8.0,1.0,2.0,13.0,13.0,18.0,1.0,0.0,355.0,5.0,17.0,5.0,5.0,2.0,0.0,0.0,2.0,0.0,0.0,0.0,60.42,33.33,0.0,38.46,55.56,34.62,31.58,100.0,0.7449898122291708,0.3416766119386681,2.0,3.0,0.08122644,0.0,2.0,6.0,0.1770798599999999,13.0,1.0140845070422535,6.338028169014084,0.2535211267605634,7.352112676056338,1.5211267605633805,1.0140845070422535,2.2816901408450705,2.028169014084507,0.2535211267605634,0.5070422535211268,3.295774647887324,3.295774647887324,4.563380281690141,0.2535211267605634,0.0,1.2676056338028168,4.309859154929577,1.2676056338028168,1.2676056338028168,0.5070422535211268,0.0,0.0,0.5070422535211268,0.0,0.0,0.0,60.42,33.33,0.0,38.46,55.56,34.62,31.58,100.0,0.1888706566214799,0.0866222396464228,0.5070422535211268,0.7605633802816901,0.0205926185915492,0.0,0.5070422535211268,1.5211267605633805,0.0448934856338027,3.295774647887324,ST,8,38,37,23,62,48,42,54,25,58,92,88,69,21,19,65,38,79,79,62,27,52,62,37,52,52,23,35,27,44,83,31,31,81,27,58,42,27,23,10,40,62,42,33,8,27,35,8,58,58,38,58,23,54,92,92,65,12,19,69,38,73,81,62,27,52,62,37,52,52,23,35,27,44,83,31,31,81,19,54,46,19,19,10,38,54,42,27,Austrian Bundesliga
Sturm Graz,4lauow63npvttmvxgh2koqb0r,66uku37tf28o5ksht0mzwnu8l,A. Vallci,Albert Vallci,31,Defender,Austria,Defender,150.0,102.0,29.0,252.0,18.0,1.0,7.0,3.0,4.0,2.0,6.0,7.0,39.0,42.0,2.0,540.0,1.0,7.0,4.0,5.0,8.0,0.0,0.0,0.0,0.0,0.0,0.0,80.51,56.86,0.0,83.33,14.29,75.0,72.0,66.67,0.5969419812624839,0.0430402751306476,3.0,3.0,0.07767033,4.0,36.0,36.0,0.61642167,172.0,25.0,17.0,4.833333333333333,42.0,3.0,0.1666666666666666,1.1666666666666667,0.5,0.6666666666666666,0.3333333333333333,1.0,1.1666666666666667,6.5,7.0,0.3333333333333333,0.1666666666666666,1.1666666666666667,0.6666666666666666,0.8333333333333334,1.3333333333333333,0.0,0.0,0.0,0.0,0.0,0.0,80.51,56.86,0.0,83.33,14.29,75.0,72.0,66.67,0.0994903302104139,0.0071733791884412,0.5,0.5,0.0129450549999999,0.6666666666666666,6.0,6.0,0.102736945,28.666666666666668,RB/RCB,71,68,96,64,93,18,86,71,86,82,64,64,96,93,25,50,54,68,93,89,25,46,39,36,54,54,43,71,25,86,21,100,79,64,79,14,89,29,36,43,100,86,57,86,64,50,86,57,93,14,79,71,86,75,64,57,93,79,21,25,43,50,86,82,25,46,39,36,54,54,43,71,25,86,21,100,79,64,79,14,79,29,36,29,93,86,50,79,Austrian Bundesliga
Sturm Graz,4lauow63npvttmvxgh2koqb0r,6f3c55lmvbkyifp466cepudt6,S. Włodarczyk,Szymon Wlodarczyk,23,Attacker,Poland,Striker,1.0,20.0,0.0,21.0,4.0,2.0,7.0,5.0,2.0,3.0,3.0,3.0,6.0,1.0,0.0,212.0,1.0,16.0,0.0,1.0,0.0,0.0,0.0,1.0,0.0,0.0,0.0,58.33,0.0,0.0,33.33,14.29,31.58,36.36,0.0,0.6097422149077061,0.2490126508363462,3.0,2.0,0.05710404,2.0,1.0,2.0,0.24106723,7.0,0.4245283018867924,8.49056603773585,0.0,8.915094339622641,1.6981132075471697,0.8490566037735848,2.971698113207548,2.1226415094339623,0.8490566037735848,1.2735849056603774,1.2735849056603774,1.2735849056603774,2.547169811320755,0.4245283018867924,0.0,0.4245283018867924,6.792452830188679,0.0,0.4245283018867924,0.0,0.0,0.0,0.4245283018867924,0.0,0.0,0.0,58.33,0.0,0.0,33.33,14.29,31.58,36.36,0.0,0.2588528270834601,0.1057129178078828,1.2735849056603774,0.8490566037735848,0.0242422811320754,0.8490566037735848,0.4245283018867924,0.8490566037735848,0.1023398617924528,2.971698113207548,ST,4,21,17,4,35,17,25,29,52,85,17,15,6,21,19,10,33,6,21,12,27,52,31,37,52,52,12,17,27,33,8,12,38,12,19,38,62,15,12,58,17,19,54,4,4,46,17,31,62,38,73,62,77,92,19,19,15,31,19,15,85,6,27,12,27,52,46,37,52,52,12,17,27,33,8,12,38,12,50,65,88,27,31,73,27,35,69,19,Austrian Bundesliga
Sturm Graz,4lauow63npvttmvxgh2koqb0r,cggah5zr49tcv3k83cf77s0t0,L. Weinhandl,Luca Weinhandl,17,Midfielder,Austria,Midfielder,45.0,73.0,7.0,118.0,5.0,5.0,3.0,0.0,3.0,1.0,16.0,16.0,31.0,6.0,3.0,373.0,0.0,7.0,6.0,9.0,6.0,0.0,0.0,0.0,0.0,0.0,0.0,78.15,50.0,0.0,56.25,0.0,51.67,62.5,54.55,0.1383780961730112,0.3065327837717722,2.0,6.0,0.13986314,5.0,16.0,17.0,0.6047319299999999,60.0,10.857908847184984,17.613941018766756,1.6890080428954422,28.47184986595174,1.206434316353887,1.206434316353887,0.7238605898123324,0.0,0.7238605898123324,0.2412868632707774,3.860589812332439,3.860589812332439,7.479892761394101,1.4477211796246647,0.7238605898123324,0.0,1.6890080428954422,1.4477211796246647,2.171581769436997,1.4477211796246647,0.0,0.0,0.0,0.0,0.0,0.0,78.15,50.0,0.0,56.25,0.0,51.67,62.5,54.55,0.0333888167709678,0.0739623338859503,0.4825737265415549,1.4477211796246647,0.0337471383378016,1.206434316353887,3.860589812332439,4.101876675603217,0.1459138705093833,14.477211796246648,CM/AM,65,54,52,62,88,54,13,15,37,31,94,94,92,81,60,10,50,81,94,85,17,52,33,31,52,50,42,27,17,63,10,69,92,42,8,50,29,33,31,54,58,56,65,58,62,54,54,65,81,46,15,15,31,31,92,92,88,88,62,10,46,73,92,85,17,52,33,31,52,50,42,27,17,63,10,69,92,42,8,46,23,27,31,54,62,46,54,65,Austrian Bundesliga
Sturm Graz,4lauow63npvttmvxgh2koqb0r,cx0tfbu2oeud2jjen08kzc1cl,J. Gorenc Stankovič,Jon Gorenc Stankovic,30,Midfielder,Slovenia,Midfielder,93.0,133.0,19.0,224.0,14.0,6.0,5.0,1.0,4.0,1.0,3.0,3.0,27.0,15.0,7.0,527.0,0.0,7.0,4.0,1.0,4.0,2.0,0.0,0.0,0.0,0.0,0.0,78.05,48.72,33.33,33.33,0.0,46.55,60.87,50.0,0.3401550782888087,0.326601340925949,3.0,5.0,0.10347057,2.0,40.0,47.0,0.9026264099999995,139.0,15.882352941176473,22.713472485768506,3.2447817836812147,38.25426944971537,2.390891840607211,1.0246679316888043,0.8538899430740039,0.1707779886148007,0.683111954459203,0.1707779886148007,0.5123339658444023,0.5123339658444023,4.611005692599621,2.561669829222012,1.1954459203036054,0.0,1.1954459203036054,0.683111954459203,0.1707779886148007,0.683111954459203,0.3415559772296015,0.0,0.0,0.0,0.0,0.0,78.05,48.72,33.33,33.33,0.0,46.55,60.87,50.0,0.0580910000872728,0.0557763200822303,0.5123339658444023,0.8538899430740039,0.0176704958254269,0.3415559772296015,6.831119544592031,8.026565464895636,0.1541487227703984,23.738140417457306,DM/CM,56,94,89,89,100,83,69,47,72,44,36,33,64,78,89,28,78,42,33,33,81,53,42,39,50,50,39,28,72,39,28,28,94,33,44,78,75,44,39,31,100,100,100,94,44,94,89,72,100,89,67,44,67,44,22,22,50,67,72,28,83,28,28,22,78,53,42,39,50,50,39,28,72,39,28,28,94,33,33,72,72,39,33,22,100,100,100,89,Austrian Bundesliga
Sturm Graz,4lauow63npvttmvxgh2koqb0r,dbqgmuymumfsf2z0po02o8zkk,E. Soglo,Emran Soglo,21,Defender,England,Defender,41.0,72.0,3.0,103.0,7.0,7.0,2.0,1.0,1.0,1.0,14.0,15.0,30.0,16.0,4.0,296.0,1.0,7.0,3.0,8.0,11.0,10.0,0.0,0.0,1.0,0.0,0.0,75.74,25.0,35.71,57.14,50.0,68.18,77.78,91.67,0.135858339368247,0.8116377538953864,1.0,13.0,0.4477297899999999,2.0,8.0,17.0,0.8911888499999996,66.0,12.466216216216218,21.89189189189189,0.9121621621621622,31.31756756756757,2.1283783783783785,2.1283783783783785,0.6081081081081081,0.304054054054054,0.304054054054054,0.304054054054054,4.256756756756757,4.560810810810811,9.121621621621625,4.864864864864865,1.2162162162162162,0.304054054054054,2.1283783783783785,0.9121621621621622,2.4324324324324325,3.3445945945945947,3.040540540540541,0.0,0.0,0.304054054054054,0.0,0.0,75.74,25.0,35.71,57.14,50.0,68.18,77.78,91.67,0.041308278861967,0.2467817494952188,0.304054054054054,3.952702702702703,0.1361340577702702,0.6081081081081081,2.4324324324324325,5.168918918918919,0.2709695827702701,20.06756756756757,LB/LCB,12,59,9,18,53,74,35,29,56,56,94,94,76,41,53,74,68,47,94,94,94,53,47,76,53,53,41,24,88,65,94,94,94,94,29,82,59,91,88,50,32,65,71,56,29,82,12,59,71,94,35,24,59,71,100,100,100,65,65,82,76,76,100,100,100,53,47,88,53,53,41,24,88,65,94,94,94,94,35,94,65,94,100,53,47,88,88,65,Austrian Bundesliga
Sturm Graz,4lauow63npvttmvxgh2koqb0r,dgznfc5d7oyrb6nh5r76h6t7u,G. Mamageishvili,Gizo Mamageishvili,23,Midfielder,Georgia,Midfielder,8.0,38.0,3.0,40.0,2.0,7.0,10.0,5.0,5.0,3.0,5.0,7.0,11.0,2.0,0.0,209.0,2.0,11.0,3.0,3.0,2.0,6.0,0.0,1.0,0.0,0.0,0.0,71.43,42.86,40.0,60.0,20.0,44.0,40.0,66.67,0.846794764933688,0.7411454851820172,4.0,6.0,0.1901009199999999,0.0,5.0,10.0,0.4783121200000001,22.0,3.444976076555024,16.363636363636363,1.2918660287081338,17.22488038277512,0.8612440191387559,3.014354066985646,4.30622009569378,2.15311004784689,2.15311004784689,1.2918660287081338,2.15311004784689,3.014354066985646,4.7368421052631575,0.8612440191387559,0.0,0.8612440191387559,4.7368421052631575,1.2918660287081338,1.2918660287081338,0.8612440191387559,2.583732057416268,0.0,0.4306220095693779,0.0,0.0,0.0,71.43,42.86,40.0,60.0,20.0,44.0,40.0,66.67,0.3646484633685737,0.3191535582123518,1.7224880382775118,2.583732057416268,0.0818616401913875,0.0,2.15311004784689,4.30622009569378,0.2059717263157895,9.473684210526317,CM/AM,8,23,29,10,52,73,83,85,75,79,38,58,33,37,10,63,85,27,54,29,83,52,79,31,52,50,15,12,87,73,33,38,65,69,77,73,71,33,46,10,15,29,50,21,12,50,42,15,73,92,100,96,96,100,73,81,73,54,10,85,92,65,77,62,100,52,96,31,52,50,15,12,87,73,33,38,65,69,100,92,96,54,73,10,23,54,92,31,Austrian Bundesliga
Sturm Graz,4lauow63npvttmvxgh2koqb0r,dso3n9xn34feyp4dps4ebspd6,S. Seidl,Simon Seidl,24,Midfielder,Austria,Midfielder,23.0,89.0,3.0,105.0,0.0,17.0,11.0,7.0,4.0,4.0,6.0,6.0,9.0,2.0,4.0,410.0,5.0,25.0,4.0,2.0,1.0,7.0,0.0,0.0,5.0,0.0,0.0,77.21,50.0,21.21,33.33,45.45,29.03,0.0,33.33,1.0273611885674503,1.6542216762788828,3.0,10.0,0.26297256,7.0,11.0,17.0,1.06843042,51.0,5.048780487804878,19.53658536585366,0.6585365853658537,23.04878048780488,0.0,3.731707317073171,2.414634146341464,1.5365853658536586,0.8780487804878049,0.8780487804878049,1.3170731707317074,1.3170731707317074,1.975609756097561,0.4390243902439024,0.8780487804878049,1.0975609756097562,5.487804878048781,0.8780487804878049,0.4390243902439024,0.2195121951219512,1.5365853658536586,0.0,0.0,1.0975609756097562,0.0,0.0,77.21,50.0,21.21,33.33,45.45,29.03,0.0,33.33,0.2255183096855378,0.3631218313782913,0.6585365853658537,2.1951219512195124,0.057725683902439,1.5365853658536586,2.414634146341464,3.731707317073171,0.2345335068292683,11.195121951219512,CM/AM,31,73,29,46,10,100,90,90,60,92,56,44,15,37,77,94,100,50,37,17,88,52,33,100,52,50,38,27,54,27,85,8,13,19,92,100,52,65,62,75,40,56,96,42,27,65,19,38,10,100,81,85,50,85,46,38,8,31,73,92,96,35,31,15,81,52,33,100,52,50,38,27,54,27,85,8,13,19,77,100,38,42,46,65,31,38,100,42,Austrian Bundesliga
Ried,do3l4dhs0ooog6se728jxc06z,2ecagvrfx1k0qrj4rcclkwaok,O. Sorg,Oliver Sorg,19,Defender,Austria,Defender,45.0,61.0,4.0,105.0,3.0,4.0,3.0,2.0,1.0,1.0,5.0,5.0,18.0,4.0,4.0,365.0,1.0,6.0,4.0,3.0,7.0,1.0,0.0,0.0,0.0,0.0,0.0,78.95,50.0,16.67,60.0,33.33,60.0,50.0,87.5,0.2667600750267347,0.3678790481992131,1.0,7.0,0.20253256,4.0,12.0,15.0,0.53267183,50.0,11.095890410958903,15.04109589041096,0.9863013698630138,25.89041095890411,0.7397260273972603,0.9863013698630138,0.7397260273972603,0.4931506849315069,0.2465753424657534,0.2465753424657534,1.2328767123287672,1.2328767123287672,4.438356164383562,0.9863013698630138,0.9863013698630138,0.2465753424657534,1.479452054794521,0.9863013698630138,0.7397260273972603,1.726027397260274,0.2465753424657534,0.0,0.0,0.0,0.0,0.0,78.95,50.0,16.67,60.0,33.33,60.0,50.0,87.5,0.0657764568559071,0.0907099022956963,0.2465753424657534,1.726027397260274,0.0499395353424657,0.9863013698630138,2.9589041095890414,3.6986301369863015,0.1313437389041095,12.328767123287673,LB/LCB,18,41,21,32,26,47,50,53,56,56,74,68,41,9,53,74,44,68,79,59,41,53,47,32,53,53,53,79,35,74,82,71,35,88,53,47,59,53,53,62,53,56,35,15,24,59,24,29,24,41,65,53,47,65,76,76,35,12,53,76,53,82,88,82,41,53,47,32,53,53,53,79,35,74,82,71,35,88,47,47,53,53,71,65,59,53,47,29,Austrian Bundesliga
Ried,do3l4dhs0ooog6se728jxc06z,2gp49m9e7o316x7uonjnomhhw,Jussef Nasrawe,Jussef Nasrawe,19,Midfielder,Iraq,Midfielder,51.0,97.0,21.0,140.0,2.0,11.0,5.0,2.0,3.0,0.0,10.0,10.0,13.0,1.0,0.0,349.0,2.0,4.0,1.0,7.0,2.0,8.0,0.0,1.0,1.0,0.0,0.0,85.89,80.77,47.06,70.0,40.0,44.83,33.33,66.67,0.2065050935523389,1.029785550134706,5.0,14.0,0.3354892299999999,7.0,21.0,29.0,0.7332732700000001,72.0,13.15186246418338,25.01432664756447,5.415472779369628,36.10315186246418,0.5157593123209169,2.836676217765043,1.2893982808022924,0.5157593123209169,0.7736389684813754,0.0,2.5787965616045847,2.5787965616045847,3.35243553008596,0.2578796561604584,0.0,0.5157593123209169,1.0315186246418335,0.2578796561604584,1.805157593123209,0.5157593123209169,2.0630372492836675,0.0,0.2578796561604584,0.2578796561604584,0.0,0.0,85.89,80.77,47.06,70.0,40.0,44.83,33.33,66.67,0.0532534625206604,0.2655607435877465,1.2893982808022924,3.610315186246418,0.0865158472779369,1.805157593123209,5.415472779369628,7.478510028653295,0.189096258739255,18.567335243553007,RM/RCM,44,44,78,44,33,100,50,39,83,22,89,89,28,17,11,67,33,33,89,33,94,56,94,78,56,56,67,100,78,78,72,44,44,67,22,100,100,61,67,67,72,78,44,44,67,89,100,78,44,100,56,44,100,22,89,89,22,22,11,78,44,33,89,22,100,56,100,89,56,56,67,100,78,78,72,44,44,67,33,100,100,78,78,89,89,100,67,78,Austrian Bundesliga
Ried,do3l4dhs0ooog6se728jxc06z,4kd6nnylpdwodl8d8uvojl78,P. Sissoko,Pape Sissoko,20,Attacker,Mali,Striker,12.0,31.0,3.0,43.0,9.0,2.0,14.0,9.0,5.0,2.0,10.0,11.0,24.0,2.0,3.0,307.0,3.0,20.0,3.0,7.0,2.0,0.0,0.0,2.0,0.0,0.0,0.0,68.25,60.0,0.0,70.0,21.43,51.06,47.37,40.0,1.5513240785043814,0.0923496828957598,4.0,5.0,0.12810859,1.0,9.0,7.0,0.1819907999999999,19.0,3.5179153094462543,9.087947882736156,0.8794788273615636,12.605863192182412,2.638436482084691,0.5863192182410424,4.1042345276872965,2.638436482084691,1.4657980456026058,0.5863192182410424,2.931596091205212,3.224755700325733,7.035830618892509,0.5863192182410424,0.8794788273615636,0.8794788273615636,5.863192182410423,0.8794788273615636,2.052117263843648,0.5863192182410424,0.0,0.0,0.5863192182410424,0.0,0.0,0.0,68.25,60.0,0.0,70.0,21.43,51.06,47.37,40.0,0.4547855604735971,0.027073196940125,1.1726384364820848,1.4657980456026058,0.0375562641693811,0.2931596091205212,2.638436482084691,2.052117263843648,0.0533523517915309,5.570032573289902,ST,33,52,71,46,81,17,85,60,94,58,81,81,88,48,92,40,58,50,92,62,27,52,62,37,52,52,50,77,27,96,19,85,65,23,77,12,77,46,42,35,88,69,46,54,42,58,77,50,88,15,92,81,92,73,81,88,96,58,92,42,69,58,96,77,27,52,77,37,52,52,50,77,27,96,19,85,65,23,81,12,85,54,42,42,92,77,46,62,Austrian Bundesliga
Ried,do3l4dhs0ooog6se728jxc06z,5gbbewahc64hm8dixa4xa3t91,A. Bajić,Ante Bajic,31,Attacker,Austria,Striker,16.0,85.0,8.0,98.0,8.0,10.0,8.0,1.0,7.0,3.0,14.0,16.0,27.0,9.0,7.0,537.0,0.0,17.0,5.0,6.0,2.0,3.0,0.0,0.0,2.0,0.0,0.0,68.06,34.78,20.0,42.86,0.0,45.0,44.44,25.0,0.6920675197393358,0.6982487570858572,6.0,9.0,0.28028239,8.0,10.0,17.0,0.8312665499999998,54.0,2.681564245810056,14.245810055865922,1.340782122905028,16.424581005586592,1.340782122905028,1.675977653631285,1.340782122905028,0.1675977653631284,1.1731843575418994,0.5027932960893855,2.346368715083799,2.681564245810056,4.5251396648044695,1.5083798882681565,1.1731843575418994,0.0,2.8491620111731844,0.8379888268156425,1.005586592178771,0.3351955307262569,0.5027932960893855,0.0,0.0,0.3351955307262569,0.0,0.0,68.06,34.78,20.0,42.86,0.0,45.0,44.44,25.0,0.1159889697887154,0.1170249313551716,1.005586592178771,1.5083798882681565,0.0469747022346368,1.340782122905028,1.675977653631285,2.8491620111731844,0.1393184162011173,9.05027932960894,RW,33,83,83,67,83,75,67,17,83,75,33,33,83,83,100,17,50,50,33,33,50,50,25,92,58,58,33,33,50,67,17,50,67,17,67,67,100,33,33,67,83,83,83,83,33,50,83,50,83,67,33,17,83,67,33,33,50,83,100,17,17,50,33,17,50,50,25,83,58,58,33,33,50,67,17,50,67,17,33,50,100,33,33,67,67,67,67,67,Austrian Bundesliga
Ried,do3l4dhs0ooog6se728jxc06z,cl32chytsjozcpmf5n4x4fs9h,S. Schwab,Stefan Schwab,35,Midfielder,Austria,Midfielder,86.0,115.0,14.0,201.0,10.0,7.0,8.0,3.0,5.0,3.0,9.0,10.0,28.0,12.0,3.0,496.0,1.0,10.0,4.0,4.0,5.0,0.0,0.0,1.0,1.0,0.0,0.0,78.82,50.0,0.0,44.44,12.5,41.18,47.62,50.0,0.6695161169762666,0.5300892320468487,4.0,14.0,0.3309607899999999,5.0,24.0,28.0,0.83609663,116.0,15.60483870967742,20.866935483870968,2.540322580645161,36.471774193548384,1.814516129032258,1.2701612903225807,1.4516129032258065,0.5443548387096774,0.907258064516129,0.5443548387096774,1.6330645161290325,1.814516129032258,5.080645161290323,2.177419354838709,0.5443548387096774,0.1814516129032258,1.814516129032258,0.7258064516129032,0.7258064516129032,0.907258064516129,0.0,0.0,0.1814516129032258,0.1814516129032258,0.0,0.0,78.82,50.0,0.0,44.44,12.5,41.18,47.62,50.0,0.1214847792900483,0.096185546137533,0.7258064516129032,2.540322580645161,0.0600533691532257,0.907258064516129,4.354838709677419,5.080645161290323,0.1517110820564516,21.048387096774192,DM/CM,42,89,75,61,86,94,92,89,83,86,81,78,72,69,39,69,97,42,78,47,25,53,92,86,50,50,44,44,25,50,56,14,44,33,89,89,94,89,89,72,78,72,94,83,33,89,78,67,89,94,89,94,89,83,78,78,67,61,33,78,89,33,72,39,25,53,94,83,50,50,44,44,25,50,56,14,44,33,89,94,83,89,89,78,78,89,94,72,Austrian Bundesliga
Ried,do3l4dhs0ooog6se728jxc06z,cptdgayutgb0j1hgnf63674k5,O. Steurer,Oliver Steurer,31,Defender,Germany,Defender,182.0,69.0,13.0,250.0,9.0,1.0,4.0,4.0,0.0,1.0,0.0,0.0,19.0,35.0,11.0,540.0,1.0,10.0,2.0,0.0,6.0,1.0,0.0,0.0,0.0,0.0,0.0,84.46,40.62,100.0,0.0,25.0,54.29,56.25,75.0,0.4633758898525907,0.1100187602830941,0.0,4.0,0.07826773,2.0,19.0,20.0,0.6695107799999996,140.0,30.33333333333333,11.5,2.1666666666666665,41.66666666666666,1.5,0.1666666666666666,0.6666666666666666,0.6666666666666666,0.0,0.1666666666666666,0.0,0.0,3.1666666666666665,5.833333333333333,1.8333333333333333,0.1666666666666666,1.6666666666666667,0.3333333333333333,0.0,1.0,0.1666666666666666,0.0,0.0,0.0,0.0,0.0,84.46,40.62,100.0,0.0,25.0,54.29,56.25,75.0,0.0772293149754317,0.0183364600471823,0.0,0.6666666666666666,0.0130446216666666,0.3333333333333333,3.1666666666666665,3.333333333333333,0.1115851299999999,23.33333333333333,LB/LCB,100,47,74,88,71,24,65,91,24,56,9,9,47,94,97,74,85,29,15,50,41,53,47,32,53,53,82,71,100,15,71,41,65,68,71,29,26,44,41,50,76,76,53,88,88,35,59,76,47,18,41,82,24,41,9,9,12,82,88,59,71,24,15,29,35,53,47,32,53,53,82,71,100,15,71,41,65,68,65,29,26,35,35,47,65,47,35,82,Austrian Bundesliga
Ried,do3l4dhs0ooog6se728jxc06z,czynssza36ggpaezb0i14si22,S. Chukwudi,Samuel Chukwudi,23,Defender,Faroe Islands,Defender,176.0,56.0,16.0,232.0,30.0,2.0,11.0,11.0,0.0,1.0,1.0,1.0,41.0,43.0,4.0,540.0,5.0,20.0,4.0,1.0,3.0,0.0,0.0,1.0,0.0,0.0,0.0,89.58,66.67,0.0,100.0,45.45,68.33,68.18,50.0,1.5176328637780916,0.1449450764601865,0.0,1.0,0.01935132,0.0,8.0,12.0,0.2782591300000001,142.0,29.33333333333333,9.333333333333334,2.6666666666666665,38.66666666666666,5.0,0.3333333333333333,1.8333333333333333,1.8333333333333333,0.0,0.1666666666666666,0.1666666666666666,0.1666666666666666,6.833333333333333,7.166666666666667,0.6666666666666666,0.8333333333333334,3.333333333333333,0.6666666666666666,0.1666666666666666,0.5,0.0,0.0,0.1666666666666666,0.0,0.0,0.0,89.58,66.67,0.0,100.0,45.45,68.33,68.18,50.0,0.2529388106296819,0.0241575127433644,0.0,0.1666666666666666,0.00322522,0.0,1.3333333333333333,2.0,0.0463765216666666,23.666666666666668,CB,75,40,70,55,100,62,100,100,32,78,52,52,100,100,40,100,100,82,62,40,40,45,82,45,52,52,55,78,40,88,65,85,70,50,100,65,32,28,25,20,40,50,40,45,50,25,35,30,95,50,100,100,32,68,45,45,95,70,10,100,100,72,50,28,40,45,72,45,52,52,55,78,40,88,65,85,70,50,100,55,32,25,25,20,20,30,25,35,Austrian Bundesliga
Ried,do3l4dhs0ooog6se728jxc06z,e7q2iq2trm9n3rekwkgcdnmy1,L. Malicsek,Lukas Malicsek,27,Defender,Austria,Defender,98.0,100.0,8.0,197.0,1.0,3.0,3.0,2.0,1.0,1.0,0.0,0.0,15.0,20.0,3.0,452.0,1.0,7.0,3.0,0.0,6.0,1.0,0.0,0.0,0.0,0.0,0.0,89.55,61.54,25.0,0.0,33.33,37.5,9.09,54.55,0.2983468449110604,0.4416873934435008,1.0,11.0,0.2865555899999999,8.0,22.0,26.0,0.94523858,100.0,19.513274336283185,19.91150442477876,1.592920353982301,39.22566371681416,0.1991150442477876,0.5973451327433629,0.5973451327433629,0.3982300884955752,0.1991150442477876,0.1991150442477876,0.0,0.0,2.9867256637168142,3.982300884955752,0.5973451327433629,0.1991150442477876,1.393805309734513,0.5973451327433629,0.0,1.1946902654867255,0.1991150442477876,0.0,0.0,0.0,0.0,0.0,89.55,61.54,25.0,0.0,33.33,37.5,9.09,54.55,0.0594053452256536,0.0879466048891926,0.1991150442477876,2.190265486725664,0.0570575289823008,1.592920353982301,4.380530973451328,5.176991150442478,0.1882112216814159,19.91150442477876,RB/RCB,43,54,29,57,18,54,39,46,39,54,11,7,36,61,39,50,54,46,18,71,57,46,39,36,54,54,86,93,71,18,68,21,14,36,29,79,50,79,64,71,71,75,79,57,43,71,29,50,14,50,43,50,43,57,11,7,36,64,43,50,50,29,18,64,57,46,39,36,54,54,86,93,71,18,68,21,14,36,43,79,57,71,64,71,79,71,79,50,Austrian Bundesliga
Ried,do3l4dhs0ooog6se728jxc06z,femn1t98rrea56260yhe2mll,Y. Maart,Yusuf Maart,31,Midfielder,South Africa,Midfielder,134.0,147.0,11.0,275.0,4.0,9.0,6.0,0.0,6.0,1.0,9.0,10.0,20.0,7.0,5.0,535.0,1.0,2.0,6.0,5.0,3.0,6.0,0.0,0.0,1.0,0.0,0.0,87.03,61.11,24.0,55.56,16.67,55.56,66.67,60.0,0.3279193390336954,0.8075227956937323,5.0,21.0,0.4881645100000001,5.0,27.0,26.0,1.0760287900000003,148.0,22.54205607476636,24.72897196261682,1.8504672897196264,46.26168224299065,0.6728971962616822,1.514018691588785,1.0093457943925233,0.0,1.0093457943925233,0.1682242990654205,1.514018691588785,1.6822429906542056,3.364485981308411,1.1775700934579438,0.8411214953271028,0.1682242990654205,0.3364485981308411,1.0093457943925233,0.8411214953271028,0.5046728971962616,1.0093457943925233,0.0,0.0,0.1682242990654205,0.0,0.0,87.03,61.11,24.0,55.56,16.67,55.56,66.67,60.0,0.0551640009589394,0.1358449562849269,0.8411214953271028,3.5327102803738315,0.0821211325233645,0.8411214953271028,4.542056074766355,4.373831775700935,0.1810141889719626,24.897196261682243,CM/AM,92,85,75,92,77,79,54,15,83,31,71,75,69,92,92,33,17,81,71,48,83,52,33,69,52,50,73,62,58,58,25,88,96,56,31,77,88,90,88,54,88,88,100,92,88,77,62,77,58,62,27,15,65,19,58,54,42,77,69,19,15,50,58,23,73,52,33,62,52,50,73,62,58,58,25,88,96,56,19,65,62,81,77,42,73,58,73,81,Austrian Bundesliga
Ried,do3l4dhs0ooog6se728jxc06z,meyvsb8e41khlmjmuwtbrs44,E. Eghosa,Evan Eghosa,21,Midfielder,Austria,Midfielder,11.0,29.0,2.0,40.0,5.0,2.0,8.0,8.0,0.0,2.0,5.0,5.0,13.0,2.0,0.0,349.0,5.0,23.0,2.0,2.0,3.0,0.0,0.0,1.0,0.0,0.0,0.0,67.8,66.67,0.0,40.0,62.5,33.33,38.46,75.0,1.0156344454462818,0.1435637336221842,4.0,1.0,0.04066992,0.0,6.0,5.0,0.14798429,22.0,2.836676217765043,7.478510028653295,0.5157593123209169,10.31518624641834,1.2893982808022924,0.5157593123209169,2.0630372492836675,2.0630372492836675,0.0,0.5157593123209169,1.2893982808022924,1.2893982808022924,3.35243553008596,0.5157593123209169,0.0,1.2893982808022924,5.9312320916905446,0.5157593123209169,0.5157593123209169,0.7736389684813754,0.0,0.0,0.2578796561604584,0.0,0.0,0.0,67.8,66.67,0.0,40.0,62.5,33.33,38.46,75.0,0.261911461576405,0.0370221662636005,1.0315186246418335,0.2578796561604584,0.0104879449856733,0.0,1.5472779369627507,1.2893982808022924,0.0381621378223495,5.673352435530086,CM/AM,12,8,17,10,88,10,69,96,8,56,38,33,38,37,10,94,96,10,37,48,17,52,79,31,52,50,8,69,17,37,100,15,62,88,88,12,71,8,8,10,25,8,12,21,8,4,15,4,85,8,69,92,8,50,42,35,38,35,10,96,100,8,42,46,17,52,81,31,52,50,8,69,17,37,100,15,62,88,88,12,77,8,8,10,19,8,8,15,Austrian Bundesliga
Hartberg,1vli32f09v65mc3vc6yh34z9f,4l8da2f3dkc4h8xf80begcpw4,M. Hoffmann,Marco Hoffmann,22,Attacker,Austria,Striker,30.0,49.0,2.0,78.0,11.0,4.0,13.0,12.0,1.0,2.0,7.0,8.0,21.0,3.0,0.0,470.0,8.0,22.0,2.0,3.0,3.0,1.0,0.0,3.0,1.0,0.0,0.0,78.79,50.0,100.0,42.86,61.54,40.38,52.38,60.0,1.7452134214323924,0.1734003125599033,2.0,3.0,0.09975924,1.0,4.0,4.0,0.0950872099999999,24.0,5.74468085106383,9.382978723404255,0.3829787234042553,14.936170212765957,2.106382978723404,0.7659574468085106,2.48936170212766,2.297872340425532,0.1914893617021276,0.3829787234042553,1.3404255319148937,1.5319148936170213,4.0212765957446805,0.5744680851063829,0.0,1.5319148936170213,4.212765957446808,0.3829787234042553,0.5744680851063829,0.5744680851063829,0.1914893617021276,0.0,0.5744680851063829,0.1914893617021276,0.0,0.0,78.79,50.0,100.0,42.86,61.54,40.38,52.38,60.0,0.3341898041040751,0.0332043151710453,0.3829787234042553,0.5744680851063829,0.0191028331914893,0.1914893617021276,0.7659574468085106,0.7659574468085106,0.0182081891489361,4.595744680851063,ST,92,71,52,85,88,48,73,88,25,58,46,52,81,63,19,92,69,29,54,87,65,52,83,85,52,52,85,60,96,58,92,54,77,46,81,31,42,27,35,35,58,44,35,69,77,62,38,62,73,31,46,73,12,38,23,31,54,54,19,81,35,15,35,73,54,52,73,73,52,52,85,60,96,58,92,54,77,46,73,19,31,15,12,19,54,31,23,46,Austrian Bundesliga
Hartberg,1vli32f09v65mc3vc6yh34z9f,5xfcu2josewjpchthyxurs3ys,H. Coulibaly,Habib Coulibaly,22,Defender,Côte d'Ivoire,Defender,61.0,33.0,3.0,93.0,3.0,1.0,1.0,0.0,1.0,0.0,3.0,3.0,14.0,20.0,2.0,345.0,0.0,1.0,1.0,2.0,4.0,1.0,0.0,0.0,0.0,0.0,0.0,71.54,14.29,33.33,66.67,0.0,40.0,25.0,50.0,0.0431091104248959,0.0411750754257882,1.0,3.0,0.0548575399999999,1.0,7.0,7.0,0.2005033599999999,50.0,15.91304347826087,8.608695652173912,0.7826086956521738,24.26086956521739,0.7826086956521738,0.2608695652173913,0.2608695652173913,0.0,0.2608695652173913,0.0,0.7826086956521738,0.7826086956521738,3.652173913043478,5.217391304347826,0.5217391304347826,0.0,0.2608695652173913,0.2608695652173913,0.5217391304347826,1.0434782608695652,0.2608695652173913,0.0,0.0,0.0,0.0,0.0,71.54,14.29,33.33,66.67,0.0,40.0,25.0,50.0,0.0112458548934511,0.0107413240241186,0.2608695652173913,0.7826086956521738,0.0143106626086956,0.2608695652173913,1.826086956521739,1.826086956521739,0.052305224347826,13.043478260869565,LB/LCB,35,21,9,12,26,24,18,12,56,21,50,47,12,71,24,29,9,15,59,32,41,53,47,32,53,53,12,6,79,85,29,6,18,18,12,24,59,35,35,41,24,18,12,15,47,12,6,24,29,24,12,12,53,21,59,47,29,71,24,29,12,18,71,41,47,53,47,32,53,53,12,6,79,85,29,6,18,18,12,24,59,47,41,41,35,29,18,41,Austrian Bundesliga
Hartberg,1vli32f09v65mc3vc6yh34z9f,6mmkptwhg07uosgpfx0wn0i22,B. Markuš,Benjamin Markus,25,Midfielder,Slovenia,Midfielder,99.0,96.0,18.0,195.0,10.0,4.0,3.0,2.0,1.0,0.0,5.0,5.0,33.0,20.0,2.0,540.0,1.0,7.0,7.0,4.0,8.0,0.0,0.0,1.0,0.0,0.0,0.0,77.08,50.0,0.0,80.0,33.33,54.1,58.82,57.14,0.4069923341333206,0.3073945685372818,1.0,10.0,0.19619819,5.0,18.0,24.0,0.4758090599999999,112.0,16.5,16.0,3.0,32.5,1.6666666666666667,0.6666666666666666,0.5,0.3333333333333333,0.1666666666666666,0.0,0.8333333333333334,0.8333333333333334,5.5,3.333333333333333,0.3333333333333333,0.1666666666666666,1.1666666666666667,1.1666666666666667,0.6666666666666666,1.3333333333333333,0.0,0.0,0.1666666666666666,0.0,0.0,0.0,77.08,50.0,0.0,80.0,33.33,54.1,58.82,57.14,0.0678320556888867,0.0512324280895469,0.1666666666666666,1.6666666666666667,0.0326996983333333,0.8333333333333334,3.0,4.0,0.0793015099999999,18.666666666666668,DM/CM,61,67,83,56,86,67,39,69,28,17,58,56,89,83,19,69,78,69,78,78,25,53,92,39,50,50,22,44,25,89,83,72,83,50,50,72,39,67,61,72,53,61,56,72,56,61,83,44,72,58,31,61,22,17,50,47,78,78,11,58,72,56,67,67,25,53,83,39,50,50,22,44,25,89,83,72,83,50,44,61,22,56,56,67,39,61,44,50,Austrian Bundesliga
Hartberg,1vli32f09v65mc3vc6yh34z9f,7lyjgp4wsjarezyu9o1r2cv10,O. Lukić,Oliver Lukic,19,Midfielder,Croatia,Midfielder,42.0,55.0,12.0,97.0,2.0,3.0,4.0,0.0,4.0,2.0,9.0,9.0,25.0,5.0,2.0,316.0,2.0,7.0,5.0,7.0,4.0,0.0,0.0,1.0,0.0,0.0,1.0,72.93,57.14,0.0,77.78,50.0,55.56,25.0,36.36,0.2537703388951511,0.2003870155990864,3.0,5.0,0.12935544,1.0,15.0,13.0,0.35289714,37.0,11.962025316455696,15.664556962025316,3.4177215189873418,27.626582278481013,0.569620253164557,0.8544303797468354,1.139240506329114,0.0,1.139240506329114,0.569620253164557,2.5632911392405062,2.5632911392405062,7.120253164556962,1.4240506329113924,0.569620253164557,0.569620253164557,1.993670886075949,1.4240506329113924,1.993670886075949,1.139240506329114,0.0,0.0,0.2848101265822785,0.0,0.0,0.2848101265822785,72.93,57.14,0.0,77.78,50.0,55.56,25.0,36.36,0.0722763623435557,0.0570722512782208,0.8544303797468354,1.4240506329113924,0.0368417392405063,0.2848101265822785,4.272151898734177,3.702531645569621,0.100508679113924,10.537974683544304,CM/AM,56,37,85,38,52,23,23,15,60,56,71,67,83,67,44,63,50,67,88,69,17,52,79,31,52,100,27,44,17,85,94,88,38,25,23,19,52,17,23,21,54,37,23,38,69,31,85,58,50,31,31,15,69,54,81,73,85,85,46,62,58,69,85,69,17,52,85,31,52,100,27,44,17,85,94,88,38,25,27,27,65,23,35,19,69,35,23,35,Austrian Bundesliga
Hartberg,1vli32f09v65mc3vc6yh34z9f,9igdqm81y0k9z9wom57306yy2,P. Komposch,Paul Komposch,25,Defender,Austria,Defender,124.0,57.0,14.0,181.0,8.0,3.0,3.0,2.0,1.0,1.0,8.0,8.0,18.0,25.0,2.0,534.0,1.0,5.0,4.0,2.0,3.0,0.0,0.0,0.0,0.0,0.0,0.0,83.8,50.0,0.0,25.0,33.33,52.94,80.0,75.0,0.3106444351669564,0.1911703256001655,0.0,4.0,0.31629043,4.0,15.0,19.0,0.3600480300000001,92.0,20.89887640449438,9.606741573033707,2.359550561797753,30.50561797752809,1.348314606741573,0.5056179775280899,0.5056179775280899,0.3370786516853932,0.1685393258426966,0.1685393258426966,1.348314606741573,1.348314606741573,3.033707865168539,4.213483146067415,0.3370786516853932,0.1685393258426966,0.8426966292134831,0.6741573033707865,0.3370786516853932,0.5056179775280899,0.0,0.0,0.0,0.0,0.0,0.0,83.8,50.0,0.0,25.0,33.33,52.94,80.0,75.0,0.0523558036798241,0.0322197177977807,0.0,0.6741573033707865,0.0533073758426966,0.6741573033707865,2.528089887640449,3.202247191011236,0.060682252247191,15.50561797752809,RB/RCB,64,29,57,50,68,54,39,46,39,54,75,75,46,71,25,50,39,68,54,29,25,46,39,36,54,54,50,43,25,43,68,64,89,86,43,43,14,39,71,43,50,57,29,43,57,21,50,36,64,43,36,43,36,50,71,71,43,71,29,43,36,57,50,21,25,46,39,36,54,54,50,43,25,43,68,64,89,86,36,29,14,43,57,36,50,50,14,43,Austrian Bundesliga
Hartberg,1vli32f09v65mc3vc6yh34z9f,azx4jp5dsm42odsralypcw8ut,T. Kainz,Tobias Kainz,33,Midfielder,Austria,Midfielder,57.0,81.0,18.0,128.0,0.0,11.0,4.0,0.0,4.0,1.0,5.0,5.0,17.0,6.0,4.0,515.0,1.0,0.0,3.0,4.0,9.0,10.0,0.0,0.0,2.0,0.0,0.0,79.01,58.06,41.67,80.0,25.0,48.57,0.0,90.0,0.2467185381482757,1.3795732791382451,2.0,6.0,0.14680107,2.0,22.0,23.0,0.7360058399999999,68.0,9.96116504854369,14.155339805825244,3.145631067961165,22.368932038834952,0.0,1.922330097087379,0.6990291262135923,0.0,0.6990291262135923,0.174757281553398,0.8737864077669902,0.8737864077669902,2.970873786407767,1.0485436893203883,0.6990291262135923,0.174757281553398,0.0,0.5242718446601942,0.6990291262135923,1.5728155339805825,1.7475728155339805,0.0,0.0,0.3495145631067961,0.0,0.0,79.01,58.06,41.67,80.0,25.0,48.57,0.0,90.0,0.043115861035621,0.2410904759659069,0.3495145631067961,1.0485436893203883,0.02565455592233,0.3495145631067961,3.844660194174757,4.019417475728155,0.1286223798058252,11.883495145631068,CM/AM,81,65,92,65,10,90,23,15,60,31,38,33,54,81,77,33,6,27,62,94,94,52,33,87,52,50,46,50,92,88,44,58,13,96,19,96,29,33,35,31,81,75,85,73,50,19,77,31,10,69,12,15,27,23,23,23,27,65,58,23,6,12,54,88,88,52,33,81,52,50,46,50,92,88,44,58,13,96,12,81,19,15,15,27,58,42,46,50,Austrian Bundesliga
Hartberg,1vli32f09v65mc3vc6yh34z9f,baxlgr5w1p6wdamoyjoinesd0,K. Schopp,Konstantin Schopp,20,Defender,Austria,Defender,124.0,24.0,9.0,148.0,10.0,0.0,3.0,2.0,1.0,0.0,7.0,7.0,27.0,40.0,5.0,420.0,2.0,3.0,0.0,7.0,4.0,0.0,0.0,0.0,0.0,0.0,0.0,81.77,34.62,0.0,100.0,66.67,67.5,55.56,40.0,0.353067188216618,0.0,1.0,2.0,0.04320281,1.0,7.0,7.0,0.2031160199999999,61.0,26.57142857142857,5.142857142857142,1.9285714285714284,31.71428571428571,2.142857142857143,0.0,0.6428571428571428,0.4285714285714285,0.2142857142857142,0.0,1.5,1.5,5.785714285714286,8.571428571428571,1.0714285714285714,0.4285714285714285,0.6428571428571428,0.0,1.5,0.8571428571428571,0.0,0.0,0.0,0.0,0.0,0.0,81.77,34.62,0.0,100.0,66.67,67.5,55.56,40.0,0.0756572546178467,0.0,0.2142857142857142,0.4285714285714285,0.009257745,0.2142857142857142,1.5,1.5,0.0435248614285714,13.071428571428571,CB,45,20,28,30,62,18,60,60,72,32,98,98,72,90,57,82,45,18,100,55,40,45,35,45,52,52,20,10,40,88,95,70,35,32,65,20,72,40,45,48,30,22,25,25,30,15,25,20,60,18,60,60,70,32,95,95,75,90,45,80,45,18,100,45,40,45,35,45,52,52,20,10,40,88,95,70,35,32,60,20,70,40,40,45,30,20,20,10,Austrian Bundesliga
Hartberg,1vli32f09v65mc3vc6yh34z9f,bbulep9mu02l0euzi79w65lka,A. Gattermayer,Angelo Gattermayer,24,Attacker,Austria,Striker,21.0,31.0,4.0,51.0,10.0,4.0,7.0,5.0,2.0,2.0,20.0,20.0,25.0,10.0,5.0,447.0,2.0,25.0,4.0,10.0,2.0,1.0,0.0,1.0,0.0,0.0,0.0,71.83,50.0,14.29,50.0,28.57,44.64,62.5,100.0,0.9191817742989382,0.336611933582334,2.0,13.0,0.32700346,5.0,6.0,9.0,0.37559422,25.0,4.228187919463087,6.241610738255034,0.8053691275167785,10.268456375838928,2.013422818791946,0.8053691275167785,1.4093959731543624,1.006711409395973,0.4026845637583892,0.4026845637583892,4.026845637583892,4.026845637583892,5.033557046979865,2.013422818791946,1.006711409395973,0.4026845637583892,5.033557046979865,0.8053691275167785,2.013422818791946,0.4026845637583892,0.2013422818791946,0.0,0.2013422818791946,0.0,0.0,0.0,71.83,50.0,14.29,50.0,28.57,44.64,62.5,100.0,0.185070155899115,0.067774214815235,0.4026845637583892,2.61744966442953,0.0658396228187919,1.006711409395973,1.2080536912751678,1.812080536912752,0.0756229973154362,5.033557046979865,ST,75,52,81,58,85,48,25,29,52,58,100,100,92,92,100,23,79,62,100,62,65,52,31,37,52,52,58,60,56,69,23,73,83,81,31,54,42,96,81,90,73,77,65,73,58,23,73,42,69,35,12,15,38,46,100,100,77,88,96,12,58,54,92,50,62,52,23,37,52,52,58,60,56,69,23,73,83,81,15,38,35,73,73,77,62,69,54,58,Austrian Bundesliga
Hartberg,1vli32f09v65mc3vc6yh34z9f,dbj7ww9wogmp0dod5aj4ys0a2,Y. Diarra,Youba Diarra,28,Midfielder,Mali,Midfielder,37.0,32.0,4.0,67.0,2.0,2.0,3.0,0.0,3.0,2.0,9.0,11.0,18.0,6.0,6.0,368.0,0.0,2.0,8.0,2.0,3.0,2.0,0.0,0.0,0.0,0.0,0.0,69.07,28.57,28.57,22.22,0.0,42.86,28.57,50.0,0.4890265175467697,0.1867700226758588,3.0,4.0,0.11240346,3.0,9.0,10.0,0.52577478,35.0,9.048913043478262,7.82608695652174,0.9782608695652176,16.385869565217394,0.4891304347826087,0.4891304347826087,0.7336956521739131,0.0,0.7336956521739131,0.4891304347826087,2.2010869565217392,2.690217391304348,4.402173913043479,1.4673913043478262,1.4673913043478262,0.0,0.4891304347826087,1.956521739130435,0.4891304347826087,0.7336956521739131,0.4891304347826087,0.0,0.0,0.0,0.0,0.0,69.07,28.57,28.57,22.22,0.0,42.86,28.57,50.0,0.1195988765739382,0.0456774511979002,0.7336956521739131,0.9782608695652176,0.0274899766304347,0.7336956521739131,2.2010869565217392,2.4456521739130435,0.1285862233695652,8.559782608695652,DM/CM,11,11,19,8,22,47,39,19,67,69,81,86,39,42,69,28,22,78,61,19,81,53,42,39,50,50,6,6,58,28,28,22,22,33,61,50,75,28,50,47,28,28,67,14,6,6,17,6,28,44,56,19,72,72,83,94,39,50,83,28,22,83,56,28,83,53,42,39,50,50,6,6,58,28,28,22,22,33,83,56,89,50,50,56,22,33,89,6,Austrian Bundesliga
Hartberg,1vli32f09v65mc3vc6yh34z9f,dtp6bnph531o197kmdqhelct0,F. Wilfinger,Fabian Wilfinger,23,Midfielder,Austria,Defender,108.0,57.0,13.0,164.0,5.0,6.0,4.0,3.0,1.0,1.0,2.0,3.0,24.0,29.0,3.0,533.0,1.0,5.0,2.0,1.0,10.0,1.0,0.0,0.0,1.0,0.0,0.0,82.41,56.52,25.0,50.0,25.0,52.17,50.0,62.5,0.4974817485633219,0.4947763097320382,1.0,5.0,0.10185955,3.0,5.0,13.0,0.4209969299999999,87.0,18.23639774859287,9.624765478424017,2.195121951219512,27.69230769230769,0.8442776735459662,1.0131332082551594,0.6754221388367729,0.5065666041275797,0.1688555347091932,0.1688555347091932,0.3377110694183864,0.5065666041275797,4.052532833020638,4.896810506566604,0.5065666041275797,0.1688555347091932,0.8442776735459662,0.3377110694183864,0.1688555347091932,1.6885553470919323,0.1688555347091932,0.0,0.0,0.1688555347091932,0.0,0.0,82.41,56.52,25.0,50.0,25.0,52.17,50.0,62.5,0.0840025466617241,0.0835457183412447,0.1688555347091932,0.8442776735459662,0.0171995487804878,0.5065666041275797,0.8442776735459662,2.195121951219512,0.0710876617260787,14.690431519699812,DM/CM,72,28,64,44,61,83,58,89,28,44,22,33,56,94,39,69,56,19,33,97,61,53,42,86,50,50,56,78,50,67,67,50,58,58,67,83,39,44,33,47,17,39,44,50,67,17,58,33,44,78,44,86,28,39,17,17,33,89,28,67,50,17,17,89,56,53,42,78,50,50,56,78,50,67,67,50,58,58,61,83,31,28,28,33,6,22,33,39,Austrian Bundesliga
WSG Tirol,7uh2y9tk3j8dk6zinfu38pygi,1qd7qard2rlhehql45gkl9az9,D. Gugganig,David Gugganig,29,Defender,Austria,Defender,120.0,57.0,7.0,177.0,19.0,1.0,3.0,2.0,1.0,0.0,2.0,2.0,26.0,33.0,1.0,288.0,0.0,7.0,0.0,2.0,3.0,0.0,0.0,0.0,0.0,0.0,0.0,81.94,21.88,0.0,100.0,0.0,59.09,61.29,60.0,0.2317967676130037,0.0,0.0,0.0,0.0,0.0,15.0,13.0,0.6039448199999995,106.0,37.5,17.8125,2.1875,55.3125,5.9375,0.3125,0.9375,0.625,0.3125,0.0,0.625,0.625,8.125,10.3125,0.3125,0.0,2.1875,0.0,0.625,0.9375,0.0,0.0,0.0,0.0,0.0,0.0,81.94,21.88,0.0,100.0,0.0,59.09,61.29,60.0,0.0724364898790636,0.0,0.0,0.0,0.0,0.0,4.6875,4.0625,0.1887327562499998,33.125,LB/LCB,82,35,53,76,100,24,50,53,56,21,32,29,65,88,15,29,68,6,59,21,18,53,47,32,53,53,71,12,18,97,29,65,76,35,41,12,26,15,15,21,71,47,47,76,100,71,65,88,100,29,71,76,65,21,41,41,94,100,18,29,88,6,76,18,18,53,47,32,53,53,71,12,18,97,29,65,76,35,53,12,26,15,15,21,82,65,76,88,Austrian Bundesliga
WSG Tirol,7uh2y9tk3j8dk6zinfu38pygi,1tupfmmjenvfp42z2by3d520a,M. Oswald,Moritz Oswald,24,Midfielder,Austria,Midfielder,86.0,61.0,4.0,147.0,1.0,2.0,3.0,1.0,2.0,2.0,11.0,11.0,15.0,8.0,2.0,270.0,1.0,3.0,4.0,4.0,6.0,0.0,0.0,0.0,0.0,0.0,0.0,93.04,80.0,0.0,36.36,33.33,51.72,33.33,100.0,0.1920311669070169,0.0969604355165058,3.0,7.0,0.16088567,2.0,12.0,11.0,0.2671906799999999,80.0,28.666666666666668,20.33333333333333,1.3333333333333333,49.0,0.3333333333333333,0.6666666666666666,1.0,0.3333333333333333,0.6666666666666666,0.6666666666666666,3.6666666666666665,3.6666666666666665,5.0,2.6666666666666665,0.6666666666666666,0.3333333333333333,1.0,1.3333333333333333,1.3333333333333333,2.0,0.0,0.0,0.0,0.0,0.0,0.0,93.04,80.0,0.0,36.36,33.33,51.72,33.33,100.0,0.0640103889690056,0.0323201451721686,1.0,2.333333333333333,0.0536285566666666,0.6666666666666666,4.0,3.6666666666666665,0.0890635599999999,26.666666666666668,DM/CM,42,33,19,39,8,47,39,47,50,69,89,86,25,56,19,69,39,42,78,58,25,53,42,39,50,50,100,100,25,44,83,44,31,100,28,22,75,56,56,31,33,33,28,42,89,83,28,94,11,58,72,61,61,89,100,100,61,72,39,83,56,72,100,94,25,53,42,39,50,50,100,100,25,44,83,44,31,100,39,39,94,72,78,44,72,56,61,94,Austrian Bundesliga
WSG Tirol,7uh2y9tk3j8dk6zinfu38pygi,6gl2mll6mqc0c8xauq1dwgil0,M. Striednig,Marc Striednig,20,Midfielder,Austria,Midfielder,130.0,65.0,5.0,194.0,1.0,1.0,6.0,4.0,2.0,2.0,1.0,1.0,15.0,2.0,7.0,369.0,3.0,8.0,5.0,1.0,4.0,1.0,0.0,1.0,0.0,0.0,0.0,88.58,55.56,100.0,100.0,50.0,46.88,25.0,50.0,0.7441491157007503,0.0627836681655833,1.0,10.0,0.21529536,3.0,14.0,9.0,0.1675793199999999,80.0,31.70731707317073,15.853658536585368,1.2195121951219514,47.31707317073171,0.2439024390243902,0.2439024390243902,1.4634146341463417,0.9756097560975612,0.4878048780487805,0.4878048780487805,0.2439024390243902,0.2439024390243902,3.658536585365854,0.4878048780487805,1.707317073170732,0.7317073170731708,1.951219512195122,1.2195121951219514,0.2439024390243902,0.9756097560975612,0.2439024390243902,0.0,0.2439024390243902,0.0,0.0,0.0,88.58,55.56,100.0,100.0,50.0,46.88,25.0,50.0,0.1814997843172562,0.0153130897964837,0.2439024390243902,2.439024390243903,0.0525110634146341,0.7317073170731708,3.414634146341464,2.1951219512195124,0.0408730048780487,19.512195121951223,DM/CM,83,44,28,50,8,22,81,100,50,69,8,8,25,8,89,94,89,56,33,33,61,53,92,39,50,50,89,72,100,97,100,33,17,33,94,11,39,67,67,47,42,22,11,42,100,56,22,89,6,22,94,100,56,67,11,11,22,11,89,94,94,67,44,44,67,53,100,39,50,50,89,72,100,97,100,33,17,33,100,17,50,78,72,50,56,28,11,67,Austrian Bundesliga
WSG Tirol,7uh2y9tk3j8dk6zinfu38pygi,73ypy64strwsz99o2bvqwg1qt,L. Hinterseer,Lukas Hinterseer,35,Attacker,Austria,Striker,12.0,28.0,0.0,40.0,7.0,4.0,8.0,7.0,1.0,2.0,7.0,7.0,17.0,2.0,2.0,315.0,3.0,14.0,2.0,1.0,5.0,0.0,0.0,1.0,0.0,0.0,0.0,61.54,0.0,0.0,14.29,37.5,40.48,41.18,71.43,1.030929528088594,0.285787171122608,2.0,3.0,0.06787404,0.0,5.0,7.0,0.0688781399999999,17.0,3.4285714285714284,8.0,0.0,11.428571428571429,2.0,1.1428571428571428,2.2857142857142856,2.0,0.2857142857142857,0.5714285714285714,2.0,2.0,4.857142857142857,0.5714285714285714,0.5714285714285714,0.8571428571428571,4.0,0.5714285714285714,0.2857142857142857,1.4285714285714286,0.0,0.0,0.2857142857142857,0.0,0.0,0.0,61.54,0.0,0.0,14.29,37.5,40.48,41.18,71.43,0.2945512937395982,0.0816534774636022,0.5714285714285714,0.8571428571428571,0.0193925828571428,0.0,1.4285714285714286,2.0,0.0196794685714285,4.857142857142857,ST,33,42,17,40,75,48,33,46,25,58,46,42,65,48,75,40,25,29,21,100,27,52,31,37,52,52,27,17,27,15,60,58,50,58,42,46,42,27,19,10,63,69,23,46,35,42,17,46,65,62,42,50,27,65,54,46,73,50,85,38,31,35,15,100,27,52,31,37,52,52,27,17,27,15,60,58,50,58,62,50,50,31,15,10,73,73,27,50,Austrian Bundesliga
WSG Tirol,7uh2y9tk3j8dk6zinfu38pygi,7t6q959578892bts84xux785,H. Balić,Husein Balic,30,Attacker,Austria,Midfielder,25.0,52.0,1.0,77.0,0.0,2.0,4.0,3.0,1.0,0.0,28.0,31.0,20.0,5.0,0.0,463.0,1.0,16.0,6.0,11.0,2.0,0.0,0.0,1.0,0.0,0.0,0.0,77.78,50.0,0.0,39.29,25.0,32.79,0.0,66.67,0.6586884561965305,0.1643717964566425,2.0,10.0,0.35286128,3.0,5.0,8.0,0.35454467,36.0,4.859611231101511,10.107991360691145,0.1943844492440604,14.967602591792655,0.0,0.3887688984881209,0.7775377969762418,0.5831533477321814,0.1943844492440604,0.0,5.4427645788336925,6.025917926565874,3.887688984881209,0.9719222462203024,0.0,0.1943844492440604,3.110151187904968,1.1663066954643628,2.138228941684665,0.3887688984881209,0.0,0.0,0.1943844492440604,0.0,0.0,0.0,77.78,50.0,0.0,39.29,25.0,32.79,0.0,66.67,0.128038792781183,0.0319513211254812,0.3887688984881209,1.9438444924406049,0.0685907455723542,0.5831533477321814,0.9719222462203024,1.5550755939524836,0.0689179704103671,6.9978401727861765,RW,67,33,25,42,25,17,25,33,42,17,100,100,58,67,33,33,33,67,100,33,17,50,58,33,58,58,50,50,17,50,33,17,25,50,50,17,50,50,50,50,42,50,33,58,50,33,17,33,25,17,17,33,33,17,83,67,33,67,33,33,33,67,67,33,17,50,50,33,58,58,50,50,17,50,33,17,25,50,50,17,50,50,50,33,50,33,17,50,Austrian Bundesliga
WSG Tirol,7uh2y9tk3j8dk6zinfu38pygi,8z7r3whz85ck1c357fbjw9lre,M. Boras,Marco Boras,24,Defender,Croatia,Defender,229.0,102.0,29.0,331.0,21.0,3.0,2.0,1.0,1.0,0.0,0.0,1.0,39.0,44.0,7.0,535.0,2.0,13.0,5.0,0.0,9.0,0.0,0.0,0.0,1.0,0.0,0.0,88.74,60.42,0.0,0.0,100.0,70.91,70.0,69.23,0.1385312446267587,0.303318561213649,1.0,2.0,0.03932202,0.0,17.0,26.0,0.5158019799999998,209.0,38.5233644859813,17.158878504672895,4.878504672897196,55.6822429906542,3.5327102803738315,0.5046728971962616,0.3364485981308411,0.1682242990654205,0.1682242990654205,0.0,0.0,0.1682242990654205,6.5607476635514015,7.401869158878505,1.1775700934579438,0.3364485981308411,2.186915887850468,0.8411214953271028,0.0,1.514018691588785,0.0,0.0,0.0,0.1682242990654205,0.0,0.0,88.74,60.42,0.0,0.0,100.0,70.91,70.0,69.23,0.0233043215259967,0.0510255523536979,0.1682242990654205,0.3364485981308411,0.0066149192523364,0.0,2.8598130841121496,4.373831775700935,0.086770426542056,35.1588785046729,RB/RCB,100,68,96,93,100,54,21,21,39,21,11,25,96,100,93,86,86,82,18,100,25,46,39,86,54,54,79,86,25,18,96,93,68,79,21,50,50,18,14,14,57,75,50,100,100,57,93,86,100,36,14,21,29,21,11,21,100,93,86,71,86,79,18,100,25,46,39,86,54,54,79,86,25,18,96,93,68,79,14,43,50,14,14,14,57,64,36,100,Austrian Bundesliga
WSG Tirol,7uh2y9tk3j8dk6zinfu38pygi,9za2qgkghujo03ed4icg7w4k4,R. Gschösser,Raphael Gschösser,20,Midfielder,Austria,Midfielder,49.0,28.0,4.0,77.0,2.0,4.0,1.0,0.0,1.0,0.0,4.0,4.0,17.0,13.0,2.0,270.0,0.0,0.0,7.0,3.0,4.0,0.0,0.0,0.0,1.0,0.0,0.0,79.38,40.0,0.0,75.0,0.0,54.84,0.0,80.0,0.0646187866054726,0.3157991775003529,0.0,5.0,0.13869931,2.0,8.0,7.0,0.16983357,25.0,16.333333333333332,9.333333333333334,1.3333333333333333,25.666666666666668,0.6666666666666666,1.3333333333333333,0.3333333333333333,0.0,0.3333333333333333,0.0,1.3333333333333333,1.3333333333333333,5.666666666666667,4.333333333333333,0.6666666666666666,0.0,0.0,2.333333333333333,1.0,1.3333333333333333,0.0,0.0,0.0,0.3333333333333333,0.0,0.0,79.38,40.0,0.0,75.0,0.0,54.84,0.0,80.0,0.0215395955351575,0.1052663925001176,0.0,1.6666666666666667,0.0462331033333333,0.6666666666666666,2.6666666666666665,2.333333333333333,0.05661119,8.333333333333334,LM/LCM,100,50,50,50,75,100,50,50,75,50,100,75,100,75,75,50,50,100,100,100,50,75,50,100,75,75,100,100,50,100,50,50,50,100,50,50,75,50,50,50,75,50,50,50,100,50,50,100,100,100,50,50,100,50,100,100,100,100,100,50,50,100,100,100,50,75,50,100,75,75,100,100,50,100,50,50,50,100,50,100,75,100,100,50,100,50,50,100,Austrian Bundesliga
WSG Tirol,7uh2y9tk3j8dk6zinfu38pygi,b1iwlxl01qq1ktefcvzx0un6d,T. Goiginger,Thomas Goiginger,33,Attacker,Austria,Striker,15.0,51.0,2.0,61.0,2.0,8.0,3.0,3.0,0.0,2.0,6.0,6.0,8.0,2.0,1.0,353.0,0.0,10.0,2.0,3.0,1.0,5.0,0.0,0.0,1.0,0.0,0.0,77.22,50.0,29.41,50.0,0.0,38.1,50.0,100.0,0.3231384267270264,0.8666637090121796,0.0,11.0,0.33965613,4.0,6.0,7.0,0.4150201899999999,26.0,3.824362606232295,13.002832861189802,0.509915014164306,15.552407932011333,0.509915014164306,2.039660056657224,0.764872521246459,0.764872521246459,0.0,0.509915014164306,1.529745042492918,1.529745042492918,2.039660056657224,0.509915014164306,0.254957507082153,0.0,2.54957507082153,0.509915014164306,0.764872521246459,0.254957507082153,1.274787535410765,0.0,0.0,0.254957507082153,0.0,0.0,77.22,50.0,29.41,50.0,0.0,38.1,50.0,100.0,0.0823865677207716,0.2209624187283177,0.0,2.8045325779036827,0.0865978801699716,1.019830028328612,1.529745042492918,1.7847025495750708,0.1058125130311614,6.628895184135978,ST,50,77,52,65,19,88,6,8,6,58,31,31,15,48,50,4,15,29,54,33,92,52,10,85,52,52,73,60,77,69,4,46,73,81,8,92,10,81,88,83,73,69,73,77,50,69,58,65,19,88,4,8,6,58,31,27,8,46,50,4,8,27,50,35,92,52,10,85,52,52,73,60,77,69,4,46,73,81,4,92,10,77,77,81,77,65,73,73,Austrian Bundesliga
WSG Tirol,7uh2y9tk3j8dk6zinfu38pygi,bxvda4yiblqnbza5g0n7kpduy,M. Olakigbe,Michael Olakigbe,22,Attacker,England,Striker,36.0,39.0,4.0,73.0,1.0,6.0,11.0,10.0,1.0,4.0,27.0,28.0,22.0,1.0,4.0,500.0,5.0,26.0,4.0,14.0,2.0,2.0,0.0,2.0,1.0,0.0,0.0,72.28,44.44,18.18,51.85,45.45,40.74,25.0,66.67,0.9572036209632072,0.5380249561774765,7.0,9.0,0.37332984,5.0,3.0,3.0,0.60579658,18.0,6.48,7.0200000000000005,0.72,13.14,0.18,1.08,1.98,1.8,0.18,0.72,4.86,5.04,3.96,0.18,0.72,0.9,4.680000000000001,0.72,2.52,0.36,0.36,0.0,0.36,0.18,0.0,0.0,72.28,44.44,18.18,51.85,45.45,40.74,25.0,66.67,0.1722966517733773,0.0968444921119457,1.26,1.62,0.0671993712,0.9,0.54,0.54,0.1090433844,3.24,LW,80,40,80,80,40,100,70,80,20,90,80,70,60,30,60,60,80,80,80,50,80,60,60,90,60,60,20,40,80,80,60,40,40,80,60,100,100,50,80,80,40,20,100,40,60,20,40,40,40,80,40,60,20,80,60,60,60,20,60,60,60,60,60,40,80,60,60,80,60,60,20,40,80,80,60,40,40,80,60,80,40,20,40,60,20,20,100,20,Austrian Bundesliga
WSG Tirol,7uh2y9tk3j8dk6zinfu38pygi,cty7nsrs5yn785m330c2gbwq2,N. Baden,Nikolai Baden Frederiksen,26,Attacker,Denmark,Striker,13.0,24.0,2.0,34.0,6.0,2.0,17.0,4.0,13.0,3.0,9.0,10.0,20.0,5.0,1.0,377.0,5.0,9.0,7.0,6.0,1.0,3.0,0.0,2.0,0.0,0.0,0.0,77.27,100.0,30.0,66.67,29.41,60.61,75.0,100.0,1.2094071038366634,0.2966652274553356,9.0,1.0,0.02385149,1.0,2.0,2.0,0.05450492,10.0,3.103448275862069,5.729442970822281,0.4774535809018567,8.116710875331565,1.4323607427055702,0.4774535809018567,4.058355437665782,0.9549071618037136,3.103448275862069,0.7161803713527851,2.1485411140583555,2.3872679045092835,4.774535809018567,1.1936339522546418,0.2387267904509283,1.1936339522546418,2.1485411140583555,1.6710875331564985,1.4323607427055702,0.2387267904509283,0.7161803713527851,0.0,0.4774535809018567,0.0,0.0,0.0,77.27,100.0,30.0,66.67,29.41,60.61,75.0,100.0,0.2887178762474793,0.0708219375888069,2.1485411140583555,0.2387267904509283,0.0056939896551724,0.2387267904509283,0.4774535809018567,0.4774535809018567,0.0130117846153846,2.3872679045092835,ST,42,33,52,29,62,17,94,15,100,85,71,71,77,79,50,65,8,96,88,33,87,52,62,37,52,52,77,98,81,87,27,100,96,81,62,50,100,10,8,35,40,19,19,15,27,19,50,19,46,8,88,12,100,77,69,65,69,73,46,65,4,88,88,31,85,52,54,37,52,52,77,98,81,87,27,100,96,81,58,42,100,8,8,27,35,12,12,8,Austrian Bundesliga
WSG Tirol,7uh2y9tk3j8dk6zinfu38pygi,d7sbf5zcyxc8cyexcdteabrah,M. Şatin,Murat Satin,30,Midfielder,Austria,Midfielder,70.0,70.0,10.0,137.0,3.0,5.0,5.0,3.0,2.0,2.0,5.0,7.0,18.0,6.0,4.0,394.0,2.0,4.0,3.0,3.0,5.0,3.0,0.0,1.0,0.0,0.0,0.0,82.53,50.0,37.5,60.0,40.0,54.55,0.0,55.56,0.3133705697923262,0.2872904781414193,1.0,6.0,0.13598235,3.0,14.0,16.0,0.4671130300000001,59.0,15.98984771573604,15.98984771573604,2.284263959390863,31.29441624365482,0.6852791878172588,1.1421319796954317,1.1421319796954317,0.6852791878172588,0.4568527918781725,0.4568527918781725,1.1421319796954317,1.598984771573604,4.1116751269035525,1.3705583756345177,0.9137055837563453,0.4568527918781725,0.9137055837563453,0.6852791878172588,0.6852791878172588,1.1421319796954317,0.6852791878172588,0.0,0.2284263959390862,0.0,0.0,0.0,82.53,50.0,37.5,60.0,40.0,54.55,0.0,55.56,0.0715821098510389,0.0656247285094612,0.2284263959390862,1.3705583756345177,0.0310619581218274,0.6852791878172588,3.197969543147208,3.654822335025381,0.1067009459390863,13.47715736040609,CM/AM,85,50,67,77,67,54,37,60,23,56,38,58,58,81,77,63,31,27,54,81,69,52,79,31,52,50,62,27,81,73,79,77,13,46,27,42,13,33,27,38,48,50,46,54,81,46,69,69,62,38,35,50,23,46,31,50,54,81,77,54,27,19,50,73,62,52,69,31,52,50,62,27,81,73,79,77,13,46,23,35,12,19,23,38,42,31,31,58,Austrian Bundesliga
WSG Tirol,7uh2y9tk3j8dk6zinfu38pygi,daai9lh5s1r5bqo7faru7l0r8,D. Murray,Drew Murray,20,Defender,USA,Defender,158.0,115.0,15.0,273.0,8.0,1.0,3.0,2.0,1.0,0.0,1.0,1.0,23.0,20.0,5.0,537.0,1.0,4.0,3.0,1.0,6.0,0.0,0.0,1.0,0.0,0.0,0.0,85.58,53.57,0.0,100.0,33.33,62.16,50.0,50.0,0.3659209411670152,0.0482290767346908,1.0,4.0,0.07539421,9.0,25.0,18.0,0.4697705999999997,147.0,26.480446927374302,19.273743016759777,2.5139664804469275,45.75418994413408,1.340782122905028,0.1675977653631284,0.5027932960893855,0.3351955307262569,0.1675977653631284,0.0,0.1675977653631284,0.1675977653631284,3.8547486033519553,3.35195530726257,0.8379888268156425,0.1675977653631284,0.6703910614525139,0.5027932960893855,0.1675977653631284,1.005586592178771,0.0,0.0,0.1675977653631284,0.0,0.0,0.0,85.58,53.57,0.0,100.0,33.33,62.16,50.0,50.0,0.0613275320391645,0.008083085486261,0.1675977653631284,0.6703910614525139,0.0126359011173184,1.5083798882681565,4.189944134078212,3.016759776536313,0.078732502793296,24.636871508379887,RB/RCB,79,86,68,79,68,18,39,46,39,21,29,25,71,61,79,50,29,46,39,71,25,46,89,36,54,54,57,57,25,96,68,79,39,21,57,21,50,39,29,82,79,50,36,75,71,64,57,71,57,21,29,36,21,21,21,14,57,50,71,36,29,21,36,57,25,46,86,36,54,54,57,57,25,96,68,79,39,21,50,21,43,36,29,64,71,43,21,71,Austrian Bundesliga
WSG Tirol,7uh2y9tk3j8dk6zinfu38pygi,dzeup3m0ua8zf25xmaz3thvfu,D. Kubatta,David Kubatta,22,Defender,Germany,Defender,74.0,30.0,5.0,104.0,7.0,0.0,2.0,2.0,0.0,2.0,2.0,3.0,15.0,19.0,6.0,265.0,0.0,10.0,4.0,0.0,3.0,0.0,0.0,0.0,0.0,0.0,0.0,75.91,22.73,0.0,0.0,0.0,50.0,53.85,75.0,0.3016992968101311,0.0,0.0,0.0,0.0,0.0,4.0,4.0,0.1291553699999999,56.0,25.132075471698112,10.188679245283016,1.6981132075471697,35.32075471698113,2.3773584905660377,0.0,0.6792452830188679,0.6792452830188679,0.0,0.6792452830188679,0.6792452830188679,1.018867924528302,5.094339622641509,6.452830188679245,2.037735849056604,0.0,3.39622641509434,1.3584905660377358,0.0,1.018867924528302,0.0,0.0,0.0,0.0,0.0,0.0,75.91,22.73,0.0,0.0,0.0,50.0,53.85,75.0,0.1024639121241954,0.0,0.0,0.0,0.0,0.0,1.3584905660377358,1.3584905660377358,0.0438640879245282,19.0188679245283,LB/LCB,53,6,32,24,53,9,35,53,24,79,32,47,21,65,79,29,85,68,15,21,18,53,47,32,53,53,47,18,18,15,29,29,50,68,59,12,26,15,15,21,6,6,6,41,71,18,53,71,88,9,53,94,24,94,47,59,53,88,100,29,100,88,15,35,18,53,47,32,53,53,47,18,18,15,29,29,50,68,71,12,26,15,15,21,18,6,12,59,Austrian Bundesliga
WSG Tirol,7uh2y9tk3j8dk6zinfu38pygi,e2v5xyjq2hoy7bxk9h1ibxm21,N. Čelić,Nemanja Celic,27,Midfielder,Austria,Midfielder,31.0,39.0,6.0,67.0,3.0,2.0,0.0,0.0,0.0,0.0,2.0,2.0,10.0,9.0,3.0,234.0,0.0,0.0,1.0,2.0,2.0,3.0,0.0,0.0,0.0,0.0,0.0,71.28,42.86,75.0,100.0,0.0,52.63,60.0,50.0,0.0,0.2053125168414655,0.0,1.0,0.02385149,1.0,4.0,4.0,0.1821861599999999,29.0,11.923076923076923,15.0,2.3076923076923075,25.76923076923077,1.1538461538461535,0.7692307692307692,0.0,0.0,0.0,0.0,0.7692307692307692,0.7692307692307692,3.846153846153846,3.461538461538461,1.1538461538461535,0.0,0.0,0.3846153846153846,0.7692307692307692,0.7692307692307692,1.1538461538461535,0.0,0.0,0.0,0.0,0.0,71.28,42.86,75.0,100.0,0.0,52.63,60.0,50.0,0.0,0.0789663526313328,0.0,0.3846153846153846,0.00917365,0.3846153846153846,1.5384615384615383,1.5384615384615383,0.0700715999999999,11.153846153846152,DM/CM,6,17,33,8,39,47,8,19,11,17,22,19,8,61,39,28,6,8,61,8,89,53,42,39,50,50,17,19,94,97,28,56,89,33,8,61,11,6,6,14,8,6,17,6,22,44,67,28,56,67,8,19,11,17,44,39,28,83,67,28,6,22,78,33,94,53,42,39,50,50,17,19,94,97,28,56,89,33,8,78,11,6,6,28,17,11,28,22,Austrian Bundesliga
Wolfsberger AC,9pn4d8sj6pmqidrhhlvev437k,26ct8rbb84rlqingseqmxksgk,A. Schwarz,Aaron Sky Schwarz,22,Midfielder,Austria,Midfielder,38.0,42.0,5.0,79.0,2.0,3.0,3.0,2.0,1.0,1.0,3.0,4.0,11.0,13.0,2.0,331.0,1.0,6.0,2.0,1.0,3.0,1.0,0.0,1.0,0.0,0.0,0.0,73.15,26.32,20.0,33.33,33.33,57.89,40.0,50.0,0.6486941340031839,0.3242184567246274,0.0,6.0,0.13897401,3.0,8.0,11.0,0.61716406,29.0,10.332326283987916,11.419939577039276,1.3595166163141994,21.48036253776435,0.5438066465256798,0.8157099697885197,0.8157099697885197,0.5438066465256798,0.2719033232628399,0.2719033232628399,0.8157099697885197,1.0876132930513596,2.990936555891239,3.5347432024169185,0.5438066465256798,0.2719033232628399,1.6314199395770397,0.5438066465256798,0.2719033232628399,0.8157099697885197,0.2719033232628399,0.0,0.2719033232628399,0.0,0.0,0.0,73.15,26.32,20.0,33.33,33.33,57.89,40.0,50.0,0.1763820908165757,0.0881560758465754,0.0,1.6314199395770397,0.0377874951661631,0.8157099697885197,2.175226586102719,2.990936555891239,0.1678089589123867,7.885196374622357,LM/LCM,50,100,100,100,75,50,100,100,75,100,50,75,50,75,75,100,100,50,50,50,100,75,100,50,75,75,50,50,100,50,100,100,100,50,100,100,75,100,100,100,75,100,100,100,50,100,100,50,50,50,100,100,50,100,50,50,50,50,50,100,100,50,50,50,100,75,100,50,75,75,50,50,100,50,100,100,100,50,100,50,75,50,50,100,50,100,100,50,Austrian Bundesliga
Wolfsberger AC,9pn4d8sj6pmqidrhhlvev437k,2w2cl3e49fsva86587inax94a,F. Wohlmuth,Fabian Wohlmuth,24,Defender,Austria,Defender,69.0,69.0,11.0,134.0,11.0,4.0,5.0,4.0,1.0,2.0,13.0,13.0,36.0,16.0,4.0,540.0,1.0,9.0,6.0,6.0,8.0,4.0,1.0,1.0,1.0,0.0,0.0,69.07,39.29,20.0,46.15,20.0,45.0,40.74,61.54,0.4360866297197169,0.3454502471835269,1.0,5.0,0.1277508,6.0,13.0,17.0,0.8719502099999998,69.0,11.5,11.5,1.8333333333333333,22.33333333333333,1.8333333333333333,0.6666666666666666,0.8333333333333334,0.6666666666666666,0.1666666666666666,0.3333333333333333,2.1666666666666665,2.1666666666666665,6.0,2.6666666666666665,0.6666666666666666,0.1666666666666666,1.5,1.0,1.0,1.3333333333333333,0.6666666666666666,0.1666666666666666,0.1666666666666666,0.1666666666666666,0.0,0.0,69.07,39.29,20.0,46.15,20.0,45.0,40.74,61.54,0.0726811049532861,0.0575750411972544,0.1666666666666666,0.8333333333333334,0.0212918,1.0,2.1666666666666665,2.833333333333333,0.1453250349999999,11.5,RB/RCB,36,43,36,29,86,71,75,82,39,82,100,100,86,43,61,50,68,93,100,89,86,96,89,86,54,54,7,29,61,57,39,36,29,50,71,64,50,50,43,64,43,43,71,36,36,29,36,29,71,64,71,79,14,75,93,93,79,43,50,25,57,93,93,82,79,93,79,75,54,54,7,29,61,57,39,36,29,50,64,50,32,50,43,57,29,21,64,29,Austrian Bundesliga
Wolfsberger AC,9pn4d8sj6pmqidrhhlvev437k,573eev03ioe21m3gcaaw8r0t1,R. Renner,René Renner,32,Defender,Austria,Defender,30.0,32.0,4.0,62.0,1.0,3.0,1.0,1.0,0.0,0.0,4.0,4.0,16.0,9.0,5.0,268.0,1.0,2.0,2.0,1.0,8.0,0.0,0.0,0.0,0.0,0.0,0.0,74.7,30.77,0.0,25.0,100.0,51.61,50.0,66.67,0.0738555282674253,0.2164272632717727,0.0,0.0,0.0,0.0,8.0,6.0,0.2261865099999999,32.0,10.07462686567164,10.746268656716415,1.343283582089552,20.82089552238806,0.335820895522388,1.007462686567164,0.335820895522388,0.335820895522388,0.0,0.0,1.343283582089552,1.343283582089552,5.3731343283582085,3.0223880597014925,1.67910447761194,0.335820895522388,0.6716417910447761,0.6716417910447761,0.335820895522388,2.686567164179104,0.0,0.0,0.0,0.0,0.0,0.0,74.7,30.77,0.0,25.0,100.0,51.61,50.0,66.67,0.0248022296420458,0.0726807973673863,0.0,0.0,0.0,0.0,2.686567164179104,2.014925373134328,0.0759581563432835,10.746268656716415,LB/LCB,6,12,21,6,12,41,18,29,24,21,62,59,29,24,68,74,18,29,35,74,18,53,47,32,53,53,35,29,18,35,100,35,35,53,18,41,26,15,15,21,32,12,18,6,18,24,35,6,12,53,24,35,24,21,82,82,59,41,82,88,18,41,41,94,18,53,47,32,53,53,35,29,18,35,100,35,35,53,18,41,26,15,15,21,53,41,24,18,Austrian Bundesliga
Wolfsberger AC,9pn4d8sj6pmqidrhhlvev437k,6grg0esrhm8lf6hsvl9velhjo,M. Diabaté,Cheick Diabaté,22,Defender,Côte d'Ivoire,Defender,82.0,8.0,2.0,90.0,2.0,1.0,1.0,1.0,0.0,0.0,2.0,2.0,10.0,5.0,3.0,225.0,0.0,1.0,1.0,1.0,3.0,0.0,0.0,0.0,0.0,0.0,0.0,94.74,40.0,0.0,50.0,0.0,58.82,40.0,50.0,0.1311433172888649,0.0,0.0,0.0,0.0,0.0,0.0,1.0,0.05460112,53.0,32.8,3.2,0.8,36.0,0.8,0.4,0.4,0.4,0.0,0.0,0.8,0.8,4.0,2.0,1.2,0.0,0.4,0.4,0.4,1.2,0.0,0.0,0.0,0.0,0.0,0.0,94.74,40.0,0.0,50.0,0.0,58.82,40.0,50.0,0.0524573269155459,0.0,0.0,0.0,0.0,0.0,0.0,0.4,0.021840448,21.2,CB,20,5,5,10,15,40,28,40,32,32,70,70,18,8,20,25,15,40,62,40,40,45,35,45,52,52,90,15,40,60,25,35,15,50,30,20,32,12,12,20,5,8,5,15,62,5,5,25,25,60,42,52,32,32,90,90,40,10,55,25,20,50,80,70,40,45,35,45,52,52,90,15,40,60,25,35,15,50,40,20,32,12,12,20,5,10,10,30,Austrian Bundesliga
Wolfsberger AC,9pn4d8sj6pmqidrhhlvev437k,7j5c8kjj5cqof2d8dc7zjkwkp,R. Behounek,Raffael Behounek,29,Defender,Austria,Defender,114.0,58.0,12.0,172.0,5.0,2.0,0.0,0.0,0.0,0.0,1.0,1.0,12.0,29.0,1.0,362.0,0.0,2.0,1.0,1.0,1.0,0.0,0.0,0.0,0.0,0.0,0.0,86.43,44.44,0.0,100.0,0.0,46.15,55.56,20.0,0.0,0.1614228514040537,0.0,2.0,0.04797389,3.0,10.0,16.0,0.3448599099999999,99.0,28.34254143646409,14.419889502762432,2.983425414364641,42.76243093922652,1.2430939226519335,0.4972375690607735,0.0,0.0,0.0,0.0,0.2486187845303867,0.2486187845303867,2.983425414364641,7.209944751381216,0.2486187845303867,0.0,0.4972375690607735,0.2486187845303867,0.2486187845303867,0.2486187845303867,0.0,0.0,0.0,0.0,0.0,0.0,86.43,44.44,0.0,100.0,0.0,46.15,55.56,20.0,0.0,0.040132753111505,0.0,0.4972375690607735,0.0119272102209944,0.7458563535911602,2.4861878453038675,3.977900552486188,0.0857386516574585,24.613259668508288,RB/RCB,57,36,46,43,43,32,7,11,7,21,29,25,29,79,14,11,14,7,39,11,25,46,39,36,54,54,64,36,25,96,11,46,50,7,7,36,14,18,21,29,29,32,21,50,79,43,71,64,43,29,7,11,7,21,36,36,29,86,14,11,14,7,43,14,25,46,39,36,54,54,64,36,25,96,11,46,50,7,7,36,14,21,21,43,43,57,29,64,Austrian Bundesliga
Wolfsberger AC,9pn4d8sj6pmqidrhhlvev437k,7yhtdeh1aweuxv4s9yslbl621,N. Wimmer,Nicolas Wimmer,31,Defender,Austria,Defender,70.0,35.0,18.0,105.0,15.0,0.0,1.0,1.0,0.0,0.0,0.0,0.0,21.0,17.0,4.0,285.0,0.0,5.0,2.0,0.0,2.0,0.0,0.0,0.0,0.0,0.0,0.0,65.22,39.13,0.0,0.0,0.0,65.62,68.18,50.0,0.1180021224868229,0.0,0.0,0.0,0.0,0.0,14.0,15.0,0.24981855,54.0,22.105263157894736,11.052631578947368,5.684210526315789,33.15789473684211,4.736842105263158,0.0,0.3157894736842105,0.3157894736842105,0.0,0.0,0.0,0.0,6.631578947368421,5.368421052631579,1.2631578947368425,0.0,1.5789473684210529,0.6315789473684211,0.0,0.6315789473684211,0.0,0.0,0.0,0.0,0.0,0.0,65.22,39.13,0.0,0.0,0.0,65.62,68.18,50.0,0.0372638281537335,0.0,0.0,0.0,0.0,0.0,4.421052631578948,4.736842105263158,0.0788900684210526,17.05263157894737,LB/LCB,47,29,88,32,94,9,18,29,24,21,9,9,53,50,53,29,26,29,15,9,18,53,47,32,53,53,6,65,18,15,29,82,82,18,24,12,26,15,15,21,65,56,29,35,65,29,94,65,94,9,18,29,24,21,9,9,88,76,71,29,59,29,15,12,18,53,47,32,53,53,6,65,18,15,29,82,82,18,24,12,26,15,15,21,71,82,29,53,Austrian Bundesliga
Wolfsberger AC,9pn4d8sj6pmqidrhhlvev437k,8b2qmeqhi04exsfq4z47cyr6c,P. Verhounig,Phillip Verhounig,20,Attacker,Austria,Striker,14.0,24.0,1.0,38.0,5.0,3.0,6.0,5.0,1.0,2.0,7.0,7.0,15.0,1.0,0.0,203.0,2.0,8.0,5.0,2.0,3.0,0.0,0.0,0.0,0.0,0.0,0.0,70.37,50.0,0.0,28.57,33.33,36.59,27.78,100.0,0.5713995973341627,0.1239912343709894,0.0,7.0,0.2530367,1.0,3.0,2.0,0.0363548099999999,17.0,6.206896551724138,10.64039408866995,0.4433497536945813,16.84729064039409,2.2167487684729066,1.3300492610837438,2.6600985221674875,2.2167487684729066,0.4433497536945813,0.8866995073891626,3.103448275862069,3.103448275862069,6.650246305418719,0.4433497536945813,0.0,0.8866995073891626,3.5467980295566504,2.2167487684729066,0.8866995073891626,1.3300492610837438,0.0,0.0,0.0,0.0,0.0,0.0,70.37,50.0,0.0,28.57,33.33,36.59,27.78,100.0,0.2533298707392839,0.0549714832186652,0.0,3.103448275862069,0.1121837586206896,0.4433497536945813,1.3300492610837438,0.8866995073891626,0.0161178960591132,7.536945812807882,ST,46,33,37,35,46,33,15,29,25,58,46,42,54,21,19,23,4,79,35,87,27,52,10,37,52,52,54,60,27,23,42,38,23,81,15,23,10,62,65,35,54,19,8,46,85,65,42,69,77,69,62,69,50,81,85,81,92,38,19,46,15,100,62,96,27,52,10,37,52,52,54,60,27,23,42,38,23,81,38,35,10,88,92,58,65,42,15,81,Austrian Bundesliga
Wolfsberger AC,9pn4d8sj6pmqidrhhlvev437k,8nh7mej6gdsx9oa6n8816rw9g,M. Schabauer,Marco Schabauer,20,Midfielder,Austria,Midfielder,14.0,19.0,1.0,33.0,4.0,2.0,4.0,2.0,2.0,1.0,2.0,2.0,11.0,3.0,2.0,265.0,1.0,3.0,0.0,2.0,2.0,0.0,0.0,0.0,0.0,0.0,0.0,71.74,50.0,0.0,100.0,25.0,44.0,57.14,40.0,0.3435890341326741,0.0569807789424306,2.0,1.0,0.02855202,1.0,3.0,6.0,0.06962022,11.0,4.754716981132075,6.452830188679245,0.3396226415094339,11.20754716981132,1.3584905660377358,0.6792452830188679,1.3584905660377358,0.6792452830188679,0.6792452830188679,0.3396226415094339,0.6792452830188679,0.6792452830188679,3.735849056603773,1.018867924528302,0.6792452830188679,0.3396226415094339,1.018867924528302,0.0,0.6792452830188679,0.6792452830188679,0.0,0.0,0.0,0.0,0.0,0.0,71.74,50.0,0.0,100.0,25.0,44.0,57.14,40.0,0.1166906153658138,0.0193519626596934,0.6792452830188679,0.3396226415094339,0.0096969124528301,0.3396226415094339,1.018867924528302,2.037735849056604,0.0236446030188679,3.735849056603773,RM/RCM,11,11,11,11,56,22,22,39,50,61,11,11,11,44,44,33,22,17,44,33,17,56,44,33,56,56,11,33,17,100,50,33,89,17,44,11,44,11,11,17,11,11,11,11,11,11,11,11,78,22,67,56,78,89,22,22,33,44,56,56,33,17,56,44,17,56,44,33,56,56,11,33,17,100,50,33,89,17,56,22,78,11,11,22,11,11,11,11,Austrian Bundesliga
Wolfsberger AC,9pn4d8sj6pmqidrhhlvev437k,8x0tfplff9e3042uewyhkoa1,G. Vrioni,Giacomo Vrioni,27,Attacker,Albania,Striker,16.0,18.0,2.0,34.0,6.0,3.0,12.0,9.0,3.0,2.0,8.0,9.0,14.0,2.0,0.0,403.0,7.0,16.0,4.0,2.0,2.0,0.0,0.0,4.0,0.0,0.0,0.0,68.0,50.0,0.0,25.0,58.33,35.9,28.57,100.0,1.0978245012235377,0.1153670486934135,2.0,7.0,0.26099756,0.0,1.0,1.0,0.0432621099999999,11.0,3.5732009925558312,4.01985111662531,0.4466501240694789,7.593052109181142,1.3399503722084367,0.6699751861042184,2.679900744416873,2.009925558312655,0.6699751861042184,0.4466501240694789,1.7866004962779156,2.009925558312655,3.126550868486352,0.4466501240694789,0.0,1.563275434243176,3.5732009925558312,0.8933002481389578,0.4466501240694789,0.4466501240694789,0.0,0.0,0.8933002481389578,0.0,0.0,0.0,68.0,50.0,0.0,25.0,58.33,35.9,28.57,100.0,0.2451717248390034,0.0257643533062213,0.4466501240694789,1.563275434243176,0.0582872962779156,0.0,0.2233250620347394,0.2233250620347394,0.0096615133995037,2.456575682382134,ST,54,13,52,29,62,33,63,60,73,58,60,60,44,48,19,87,33,62,35,62,27,52,94,37,52,52,46,60,27,19,88,35,27,81,46,19,42,62,77,10,17,6,12,21,46,8,46,12,38,23,65,54,58,50,42,50,35,42,19,85,19,62,31,54,27,52,96,37,52,52,46,60,27,19,88,35,27,81,31,4,38,62,65,10,12,4,8,12,Austrian Bundesliga
Wolfsberger AC,9pn4d8sj6pmqidrhhlvev437k,auza9m6uhfpugzc461qdhxjis,M. Kitz,Matteo Kitz,19,Defender,Austria,Defender,71.0,20.0,6.0,91.0,10.0,2.0,0.0,0.0,0.0,0.0,1.0,1.0,21.0,24.0,3.0,295.0,0.0,7.0,0.0,1.0,7.0,0.0,0.0,0.0,0.0,0.0,0.0,89.22,66.67,0.0,100.0,0.0,67.74,58.82,70.0,0.0,0.0826451533368342,0.0,0.0,0.0,0.0,2.0,1.0,0.0727315099999999,46.0,21.661016949152543,6.101694915254238,1.8305084745762712,27.762711864406786,3.050847457627119,0.6101694915254238,0.0,0.0,0.0,0.0,0.3050847457627119,0.3050847457627119,6.406779661016949,7.322033898305085,0.9152542372881356,0.0,2.135593220338983,0.0,0.3050847457627119,2.135593220338983,0.0,0.0,0.0,0.0,0.0,0.0,89.22,66.67,0.0,100.0,0.0,67.74,58.82,70.0,0.0,0.0252137755942884,0.0,0.0,0.0,0.0,0.6101694915254238,0.3050847457627119,0.0221892742372881,14.033898305084746,CB,15,15,18,15,62,62,8,15,32,32,52,52,50,40,20,25,80,18,62,92,40,45,35,45,52,52,50,78,40,88,25,75,50,75,8,50,32,12,12,20,12,8,10,5,15,20,20,10,65,80,8,15,32,32,60,60,90,75,25,25,90,18,70,100,40,45,35,45,52,52,50,78,40,88,25,75,50,75,8,60,32,12,12,20,15,5,15,15,Austrian Bundesliga
Wolfsberger AC,9pn4d8sj6pmqidrhhlvev437k,bhn8je2hwadidyov5w033ukiy,O. Mamageishvili,Otar Mamageishvili,23,Midfielder,Georgia,Midfielder,42.0,64.0,7.0,106.0,2.0,5.0,6.0,0.0,6.0,3.0,6.0,6.0,19.0,8.0,5.0,365.0,0.0,4.0,10.0,2.0,3.0,0.0,0.0,0.0,0.0,0.0,0.0,82.81,58.33,0.0,33.33,0.0,50.0,25.0,60.0,0.3392483306783408,0.2856468217751404,5.0,9.0,0.2822247699999999,4.0,9.0,10.0,0.2400854000000001,58.0,10.356164383561644,15.78082191780822,1.726027397260274,26.136986301369863,0.4931506849315069,1.2328767123287672,1.479452054794521,0.0,1.479452054794521,0.7397260273972603,1.479452054794521,1.479452054794521,4.684931506849315,1.9726027397260275,1.2328767123287672,0.0,0.9863013698630138,2.4657534246575343,0.4931506849315069,0.7397260273972603,0.0,0.0,0.0,0.0,0.0,0.0,82.81,58.33,0.0,33.33,0.0,50.0,25.0,60.0,0.083650273317947,0.0704334629034592,1.2328767123287672,2.219178082191781,0.0695896693150684,0.9863013698630138,2.219178082191781,2.4657534246575343,0.0591991397260274,14.3013698630137,CM/AM,56,42,52,50,52,54,54,15,83,79,56,44,63,98,92,10,31,96,37,48,17,52,33,31,52,50,65,54,17,27,10,62,38,56,35,38,88,52,65,42,31,29,15,50,58,35,58,54,46,50,46,15,85,77,50,46,69,96,83,10,31,96,35,38,17,52,33,31,52,50,65,54,17,27,10,62,38,56,38,38,85,46,58,50,27,23,15,62,Austrian Bundesliga
Wolfsberger AC,9pn4d8sj6pmqidrhhlvev437k,bodixu40wx3exhjo290dxg8np,D. Avdijaj,Donis Avdijaj,30,Midfielder,Kosovo,Midfielder,7.0,35.0,3.0,38.0,0.0,9.0,5.0,2.0,3.0,3.0,6.0,6.0,10.0,3.0,0.0,312.0,1.0,8.0,4.0,0.0,4.0,4.0,0.0,0.0,3.0,0.0,0.0,70.37,100.0,28.57,0.0,20.0,31.25,0.0,66.67,0.4514393884346998,0.8143739621324988,3.0,9.0,0.24630652,6.0,3.0,7.0,0.13787556,15.0,2.019230769230769,10.096153846153843,0.8653846153846153,10.961538461538462,0.0,2.5961538461538463,1.4423076923076923,0.5769230769230769,0.8653846153846153,0.8653846153846153,1.7307692307692306,1.7307692307692306,2.8846153846153846,0.8653846153846153,0.0,0.2884615384615384,2.3076923076923075,1.1538461538461535,0.0,1.1538461538461535,1.1538461538461535,0.0,0.0,0.8653846153846153,0.0,0.0,70.37,100.0,28.57,0.0,20.0,31.25,0.0,66.67,0.1302229005100095,0.2349155659997592,0.8653846153846153,2.5961538461538463,0.0710499576923077,1.7307692307692306,0.8653846153846153,2.019230769230769,0.0397717961538461,4.326923076923077,CM/AM,4,12,29,4,10,79,37,46,37,79,56,44,23,54,10,33,62,50,10,69,73,52,33,96,52,50,12,96,69,10,33,12,13,69,50,81,52,52,58,67,8,19,8,8,4,12,31,8,10,85,38,46,46,81,62,58,19,58,10,31,62,54,10,77,77,52,33,96,52,50,12,96,69,10,33,12,13,69,54,77,69,58,62,69,8,15,12,8,Austrian Bundesliga
Wolfsberger AC,9pn4d8sj6pmqidrhhlvev437k,byqw8bquvh3eysc0jzc81aay,M. Sulzner,Marco Sulzner,23,Midfielder,Austria,Midfielder,57.0,78.0,25.0,135.0,10.0,0.0,5.0,0.0,5.0,3.0,6.0,8.0,37.0,12.0,2.0,532.0,0.0,2.0,12.0,1.0,9.0,0.0,0.0,0.0,0.0,0.0,0.0,69.59,50.0,0.0,16.67,0.0,52.86,55.56,64.29,0.6647693410684704,0.0,3.0,5.0,0.10715942,3.0,26.0,29.0,0.4679400999999998,71.0,9.642857142857142,13.19548872180451,4.2293233082706765,22.83834586466165,1.6917293233082706,0.0,0.8458646616541353,0.0,0.8458646616541353,0.5075187969924811,1.0150375939849623,1.3533834586466165,6.2593984962406015,2.0300751879699246,0.3383458646616541,0.0,0.3383458646616541,2.0300751879699246,0.169172932330827,1.5225563909774436,0.0,0.0,0.0,0.0,0.0,0.0,69.59,50.0,0.0,16.67,0.0,52.86,55.56,64.29,0.1124609787521848,0.0,0.5075187969924811,0.8458646616541353,0.0181284733082706,0.5075187969924811,4.398496240601504,4.906015037593985,0.0791627988721804,12.01127819548872,DM/CM,33,56,100,33,86,6,69,19,83,86,67,69,100,69,19,28,22,92,33,86,25,53,42,39,50,50,11,44,25,17,28,61,72,67,83,6,75,44,44,47,83,86,50,33,17,33,100,22,78,6,61,19,83,78,61,67,94,56,22,28,17,89,22,78,25,53,42,39,50,50,11,44,25,17,28,61,72,67,72,6,67,33,44,39,83,72,39,28,Austrian Bundesliga
Wolfsberger AC,9pn4d8sj6pmqidrhhlvev437k,c91myl6wwl0z3adjs5rn09z4k,E. Agyemang,Emmanuel Agyemang,22,Midfielder,Ghana,Midfielder,29.0,37.0,2.0,66.0,1.0,0.0,0.0,0.0,0.0,0.0,0.0,1.0,5.0,0.0,4.0,238.0,0.0,0.0,2.0,0.0,0.0,0.0,0.0,0.0,0.0,0.0,0.0,90.41,66.67,0.0,0.0,0.0,38.46,20.0,0.0,0.0,0.0,0.0,0.0,0.0,0.0,0.0,0.0,0.0,0.0,10.966386554621849,13.991596638655462,0.7563025210084033,24.95798319327731,0.3781512605042016,0.0,0.0,0.0,0.0,0.0,0.0,0.3781512605042016,1.8907563025210083,0.0,1.512605042016807,0.0,0.0,0.7563025210084033,0.0,0.0,0.0,0.0,0.0,0.0,0.0,0.0,90.41,66.67,0.0,0.0,0.0,38.46,20.0,0.0,0.0,0.0,0.0,0.0,0.0,0.0,0.0,0.0,0.0,0.0,CM/AM,38,17,17,27,29,4,4,15,8,10,4,10,4,10,77,10,6,10,10,8,17,52,33,31,52,50,85,69,17,10,10,19,27,8,4,4,6,4,4,10,4,4,4,4,65,15,25,46,35,4,4,15,8,10,4,12,4,10,96,10,6,23,10,8,17,52,33,31,52,50,85,69,17,10,10,19,27,8,4,4,6,4,4,10,4,4,4,4,Austrian Bundesliga
Wolfsberger AC,9pn4d8sj6pmqidrhhlvev437k,cuoduj5izjfeguvbrtmn025lh,S. Piesinger,Simon Piesinger,34,Midfielder,Austria,Midfielder,44.0,32.0,9.0,76.0,2.0,3.0,2.0,2.0,0.0,1.0,0.0,0.0,6.0,29.0,4.0,270.0,1.0,5.0,2.0,0.0,0.0,0.0,0.0,0.0,0.0,0.0,0.0,83.52,64.29,0.0,0.0,50.0,42.86,33.33,0.0,0.2608892414140629,0.2195247188192723,0.0,3.0,0.14487768,0.0,7.0,12.0,0.2624529599999999,58.0,14.666666666666666,10.666666666666666,3.0,25.33333333333333,0.6666666666666666,1.0,0.6666666666666666,0.6666666666666666,0.0,0.3333333333333333,0.0,0.0,2.0,9.666666666666666,1.3333333333333333,0.3333333333333333,1.6666666666666667,0.6666666666666666,0.0,0.0,0.0,0.0,0.0,0.0,0.0,0.0,83.52,64.29,0.0,0.0,50.0,42.86,33.33,0.0,0.0869630804713543,0.0731749062730907,0.0,1.0,0.04829256,0.0,2.333333333333333,4.0,0.0874843199999999,19.33333333333333,CB,5,25,28,5,15,85,48,60,32,78,22,22,5,68,40,62,68,57,25,5,40,45,35,45,52,52,25,55,40,25,78,5,8,5,55,80,32,52,70,20,30,50,35,20,10,35,50,5,10,95,65,75,32,85,22,22,5,100,62,75,85,72,25,5,40,45,35,45,52,52,25,55,40,25,78,5,8,5,70,95,32,57,85,20,40,55,45,20,Austrian Bundesliga
