Team,contestantId,playerId,Short Name,Player Name,Age,Position_x,Nationality,Position_y,total accurate back zone pass_Total,total accurate fwd zone pass_Total,total accurate long balls_Total,total accurate pass_Total,total aerial won_Total,total attempt_Total,total attempts ibox_Total,total big chances saved_Total,total duels won_Total,total effective clearance_Total,total mins played,total touches in opposition box_Total,total was fouled_Total,total accurate cross_Total,total att assist_Total,total attempts obox_Total,total blocked scoring att_Total,total contest_Total,total dribbles attempted_Total,total interception_Total,total ontarget attempt_Total,total won contest_Total,total won tackle_Total,total goals_Total,total assists_Total,total direct setpiece goals_Total,total direct corner goals_Total,pass_success_pct_Total,long_balls_success_pct_Total,cross_success_pct_Total,dribble_success_pct_Total,attempt_success_pct_Total,duel_success_pct_Total,aerial_success_pct_Total,tackle_success_pct_Total,xG_Total,xA_Total,CreatedOwnShot_Total,Total Carries_Total,Total Carry xT_Total,Total Final Third Carries_Total,passes_into_final_third_Total,progressive_passes_Total,xT_pass_Total,forward_passes_Total,total accurate back zone pass_p90,total accurate fwd zone pass_p90,total accurate long balls_p90,total accurate pass_p90,total aerial won_p90,total attempt_p90,total attempts ibox_p90,total big chances saved_p90,total duels won_p90,total effective clearance_p90,total touches in opposition box_p90,total was fouled_p90,total accurate cross_p90,total att assist_p90,total attempts obox_p90,total blocked scoring att_p90,total contest_p90,total dribbles attempted_p90,total interception_p90,total ontarget attempt_p90,total won contest_p90,total won tackle_p90,total goals_p90,total assists_p90,total direct setpiece goals_p90,total direct corner goals_p90,pass_success_pct_p90,long_balls_success_pct_p90,cross_success_pct_p90,dribble_success_pct_p90,attempt_success_pct_p90,duel_success_pct_p90,aerial_success_pct_p90,tackle_success_pct_p90,xG_p90,xA_p90,CreatedOwnShot_p90,Total Carries_p90,Total Carry xT_p90,Total Final Third Carries_p90,passes_into_final_third_p90,progressive_passes_p90,xT_pass_p90,forward_passes_p90,Pos.,total accurate back zone pass_TotalPR,total accurate fwd zone pass_TotalPR,total accurate long balls_TotalPR,total accurate pass_TotalPR,total aerial won_TotalPR,total attempt_TotalPR,total attempts ibox_TotalPR,total big chances saved_TotalPR,total duels won_TotalPR,total effective clearance_TotalPR,total touches in opposition box_TotalPR,total was fouled_TotalPR,total accurate cross_TotalPR,total att assist_TotalPR,total attempts obox_TotalPR,total blocked scoring att_TotalPR,total contest_TotalPR,total dribbles attempted_TotalPR,total interception_TotalPR,total ontarget attempt_TotalPR,total won contest_TotalPR,total won tackle_TotalPR,total goals_TotalPR,total assists_TotalPR,total direct setpiece goals_TotalPR,total direct corner goals_TotalPR,pass_success_pct_TotalPR,long_balls_success_pct_TotalPR,cross_success_pct_TotalPR,dribble_success_pct_TotalPR,attempt_success_pct_TotalPR,duel_success_pct_TotalPR,aerial_success_pct_TotalPR,tackle_success_pct_TotalPR,xG_TotalPR,xA_TotalPR,CreatedOwnShot_TotalPR,Total Carries_TotalPR,Total Carry xT_TotalPR,Total Final Third Carries_TotalPR,passes_into_final_third_TotalPR,progressive_passes_TotalPR,xT_pass_TotalPR,forward_passes_TotalPR,total accurate back zone pass_p90PR,total accurate fwd zone pass_p90PR,total accurate long balls_p90PR,total accurate pass_p90PR,total aerial won_p90PR,total attempt_p90PR,total attempts ibox_p90PR,total big chances saved_p90PR,total duels won_p90PR,total effective clearance_p90PR,total touches in opposition box_p90PR,total was fouled_p90PR,total accurate cross_p90PR,total att assist_p90PR,total attempts obox_p90PR,total blocked scoring att_p90PR,total contest_p90PR,total dribbles attempted_p90PR,total interception_p90PR,total ontarget attempt_p90PR,total won contest_p90PR,total won tackle_p90PR,total goals_p90PR,total assists_p90PR,total direct setpiece goals_p90PR,total direct corner goals_p90PR,pass_success_pct_p90PR,long_balls_success_pct_p90PR,cross_success_pct_p90PR,dribble_success_pct_p90PR,attempt_success_pct_p90PR,duel_success_pct_p90PR,aerial_success_pct_p90PR,tackle_success_pct_p90PR,xG_p90PR,xA_p90PR,CreatedOwnShot_p90PR,Total Carries_p90PR,Total Carry xT_p90PR,Total Final Third Carries_p90PR,passes_into_final_third_p90PR,progressive_passes_p90PR,xT_pass_p90PR,forward_passes_p90PR,League
Cercle Brugge,3ix9om1svhd6obl0mbk1otgop,3rw4wlo3rlojg4rs9dri2uyvo,E. Kakou,Emmanuel Kakou,21.0,Defender,Côte d'Ivoire,Defender,167.0,51.0,9.0,218.0,8.0,7.0,6.0,0.0,25.0,10.0,392.0,12.0,4.0,0.0,1.0,1.0,2.0,4.0,4.0,6.0,1.0,1.0,9.0,0.0,0.0,0.0,0.0,83.85,42.86,0.0,25.0,14.29,48.08,33.33,75.0,0.6850365823282836,0.0,0.0,2.0,0.03682666,0.0,6.0,9.0,0.23293586,138.0,38.34183673469388,11.709183673469388,2.066326530612245,50.05102040816327,1.8367346938775515,1.6071428571428572,1.3775510204081634,0.0,5.739795918367348,2.295918367346939,2.7551020408163267,0.9183673469387756,0.0,0.2295918367346939,0.2295918367346939,0.4591836734693878,0.9183673469387756,0.9183673469387756,1.3775510204081634,0.2295918367346939,0.2295918367346939,2.066326530612245,0.0,0.0,0.0,0.0,83.85,42.86,0.0,25.0,14.29,48.08,33.33,75.0,0.157278807167208,0.0,0.0,0.4591836734693878,0.008455100510204,0.0,1.3775510204081634,2.066326530612245,0.0534801719387755,31.68367346938776,CB,52,24,22,38,42,91,92,44,61,16,89,72,38,46,76,85,80,80,45,65,61,96,41,45,51,51,22,35,38,54,50,22,18,84,90,20,32,36,32,15,10,12,18,40,70,22,32,57,55,100,100,44,85,18,92,80,38,52,78,90,80,80,55,72,65,95,41,45,51,51,22,35,38,54,50,22,18,84,92,20,32,40,40,15,10,12,12,50,Pro League
Cercle Brugge,3ix9om1svhd6obl0mbk1otgop,41gpjj5od0ww4rnopzgp1oetw,I. Diakité,Ibrahim Diakité,22.0,Defender,Guinea,Defender,90.0,49.0,1.0,139.0,9.0,2.0,2.0,0.0,27.0,16.0,389.0,9.0,3.0,0.0,1.0,0.0,1.0,5.0,5.0,2.0,0.0,3.0,7.0,0.0,0.0,0.0,0.0,79.43,11.11,0.0,60.0,0.0,62.79,64.29,58.33,0.2196614479744555,0.0,1.0,2.0,0.04282587,2.0,7.0,8.0,0.1496074599999999,67.0,20.82262210796916,11.336760925449871,0.2313624678663239,32.159383033419026,2.082262210796915,0.4627249357326478,0.4627249357326478,0.0,6.246786632390746,3.701799485861183,2.082262210796915,0.6940874035989718,0.0,0.2313624678663239,0.0,0.2313624678663239,1.1568123393316196,1.1568123393316196,0.4627249357326478,0.0,0.6940874035989718,1.6195372750642674,0.0,0.0,0.0,0.0,79.43,11.11,0.0,60.0,0.0,62.79,64.29,58.33,0.0508214146984601,0.0,0.2313624678663239,0.4627249357326478,0.0099082989717223,0.4627249357326478,1.6195372750642674,1.850899742930592,0.0346135511568123,15.501285347043703,RB/RCB,48,14,10,38,69,24,43,52,69,55,71,45,21,24,29,69,60,60,12,31,67,55,38,40,52,52,38,10,21,83,31,76,67,48,33,14,62,21,19,40,19,17,5,33,52,14,10,38,62,29,43,52,71,62,67,57,21,24,29,76,62,62,5,31,71,62,38,40,52,52,38,10,21,83,31,76,67,48,38,14,67,24,24,33,29,19,5,43,Pro League
Cercle Brugge,3ix9om1svhd6obl0mbk1otgop,7vv4ef3y8swdekozwaent3ai1,D. Vanzeir,Dante Vanzeir,28.0,Attacker,Belgium,Striker,21.0,50.0,2.0,68.0,3.0,10.0,6.0,0.0,12.0,1.0,339.0,16.0,1.0,3.0,6.0,4.0,2.0,4.0,4.0,5.0,2.0,0.0,7.0,0.0,1.0,0.0,0.0,68.69,50.0,30.0,0.0,20.0,50.0,42.86,87.5,1.1047404264432203,0.6533688024952959,1.0,6.0,0.15869185,2.0,3.0,10.0,0.38680567,34.0,5.575221238938053,13.27433628318584,0.5309734513274337,18.053097345132745,0.7964601769911505,2.6548672566371683,1.592920353982301,0.0,3.185840707964602,0.2654867256637168,4.247787610619469,0.2654867256637168,0.7964601769911505,1.592920353982301,1.0619469026548674,0.5309734513274337,1.0619469026548674,1.0619469026548674,1.327433628318584,0.5309734513274337,0.0,1.8584070796460177,0.0,0.2654867256637168,0.0,0.0,68.69,50.0,30.0,0.0,20.0,50.0,42.86,87.5,0.2932939185247488,0.1734607440252998,0.2654867256637168,1.592920353982301,0.0421305796460177,0.5309734513274337,0.7964601769911505,2.6548672566371683,0.1026917707964601,9.026548672566372,ST,50,56,50,53,40,62,31,51,15,28,21,7,81,74,79,40,21,19,94,28,6,93,22,71,51,51,29,51,82,6,22,78,51,82,53,76,32,54,53,51,35,69,59,65,59,68,53,62,38,56,35,51,15,32,32,9,82,71,94,50,21,18,94,38,6,97,22,74,51,51,29,51,82,6,22,78,51,82,56,79,29,59,50,59,37,71,59,71,Pro League
Cercle Brugge,3ix9om1svhd6obl0mbk1otgop,83tew2ypb9l4lyitwfpoezifo,G. Kondo,Geoffrey Kondo,24.0,Defender,France,Defender,207.0,137.0,30.0,342.0,9.0,2.0,1.0,1.0,16.0,33.0,540.0,4.0,0.0,2.0,3.0,1.0,1.0,2.0,2.0,8.0,0.0,2.0,2.0,0.0,0.0,0.0,0.0,84.86,46.15,50.0,100.0,0.0,41.03,50.0,40.0,0.1638155702611426,0.2708002118022096,1.0,2.0,0.0482448,3.0,29.0,47.0,1.0266041000000006,217.0,34.5,22.83333333333333,5.0,57.0,1.5,0.3333333333333333,0.1666666666666666,0.1666666666666666,2.6666666666666665,5.5,0.6666666666666666,0.0,0.3333333333333333,0.5,0.1666666666666666,0.1666666666666666,0.3333333333333333,0.3333333333333333,1.3333333333333333,0.0,0.3333333333333333,0.3333333333333333,0.0,0.0,0.0,0.0,84.86,46.15,50.0,100.0,0.0,41.03,50.0,40.0,0.0273025950435237,0.0451333686337016,0.1666666666666666,0.3333333333333333,0.0080407999999999,0.5,4.833333333333333,7.833333333333333,0.1711006833333334,36.16666666666666,CB,70,75,94,85,52,35,22,94,26,70,36,4,85,82,76,59,60,60,66,25,79,15,41,45,51,51,32,45,92,96,25,10,46,15,28,80,79,36,40,79,80,98,88,82,52,70,82,65,42,22,16,89,8,52,29,4,80,75,66,50,55,55,48,25,70,9,41,45,51,51,32,45,92,96,25,10,46,15,18,78,68,26,35,71,72,98,80,65,Pro League
Cercle Brugge,3ix9om1svhd6obl0mbk1otgop,8l7tgpuwr3zne4v92a1lgt2j8,V. Konaté,Valy Konaté,19.0,Defender,Côte d'Ivoire,Defender,67.0,106.0,5.0,169.0,8.0,4.0,1.0,0.0,27.0,16.0,503.0,5.0,6.0,4.0,3.0,3.0,1.0,4.0,5.0,13.0,0.0,2.0,4.0,0.0,0.0,0.0,0.0,79.72,35.71,15.38,50.0,0.0,55.1,72.73,36.36,0.241235969181894,0.1829821103660556,2.0,8.0,0.19299269,6.0,20.0,23.0,0.7998985600000003,97.0,11.988071570576542,18.9662027833002,0.8946322067594434,30.238568588469185,1.4314115308151094,0.7157057654075547,0.1789264413518886,0.0,4.831013916500995,2.862823061630219,0.8946322067594434,1.0735586481113322,0.7157057654075547,0.5367793240556661,0.5367793240556661,0.1789264413518886,0.7157057654075547,0.8946322067594434,2.326043737574553,0.0,0.3578528827037773,0.7157057654075547,0.0,0.0,0.0,0.0,79.72,35.71,15.38,50.0,0.0,55.1,72.73,36.36,0.0431634934917901,0.0327403378388568,0.3578528827037773,1.4314115308151094,0.0345314952286282,1.0735586481113322,3.5785288270377738,4.11530815109344,0.1431230027833002,17.355864811133202,LB/LCB,29,71,24,59,76,47,12,50,82,65,35,88,59,38,82,38,56,59,94,26,56,38,41,41,53,53,47,41,35,59,26,71,100,6,24,35,62,76,71,68,65,65,65,59,12,59,18,24,65,35,12,50,65,35,35,88,53,35,79,32,53,59,88,26,53,35,41,41,53,53,47,41,35,59,26,71,100,6,24,24,53,65,65,65,53,53,59,41,Pro League
Cercle Brugge,3ix9om1svhd6obl0mbk1otgop,8owlntesst4ij1fhpot46udjo,V. Martens,Viggo Martens,19.0,Midfielder,Belgium,Midfielder,19.0,53.0,2.0,68.0,2.0,9.0,3.0,0.0,17.0,0.0,426.0,17.0,6.0,4.0,6.0,6.0,3.0,12.0,14.0,1.0,3.0,4.0,4.0,0.0,0.0,0.0,0.0,74.73,66.67,19.05,33.33,33.33,41.46,25.0,80.0,0.5737477539979253,0.6582921886646003,6.0,9.0,0.25962647,6.0,7.0,14.0,0.6620950199999998,30.0,4.014084507042253,11.19718309859155,0.4225352112676056,14.366197183098592,0.4225352112676056,1.9014084507042253,0.6338028169014085,0.0,3.591549295774648,0.0,3.591549295774648,1.267605633802817,0.8450704225352113,1.267605633802817,1.267605633802817,0.6338028169014085,2.535211267605634,2.9577464788732395,0.2112676056338028,0.6338028169014085,0.8450704225352113,0.8450704225352113,0.0,0.0,0.0,0.0,74.73,66.67,19.05,33.33,33.33,41.46,25.0,80.0,0.1212143142249138,0.1390758145066057,1.267605633802817,1.9014084507042253,0.0548506626760563,1.267605633802817,1.4788732394366195,2.9577464788732395,0.1398792295774647,6.338028169014084,LM/LCM,67,33,67,33,83,67,33,67,33,50,67,83,100,67,100,67,33,33,33,67,33,50,33,50,67,67,33,100,100,33,67,33,67,83,67,67,67,33,33,67,67,67,67,50,67,33,33,33,67,33,33,67,33,50,33,67,100,67,100,67,33,33,33,33,33,33,33,50,67,67,33,100,100,33,67,33,67,83,33,67,67,33,33,33,33,33,67,33,Pro League
Cercle Brugge,3ix9om1svhd6obl0mbk1otgop,9f5ne3ea3mfrwh36l51ssw6qc,S. Ngoura,Steve Ngoura,21.0,Attacker,France,Striker,20.0,41.0,1.0,60.0,13.0,18.0,16.0,0.0,26.0,1.0,452.0,31.0,6.0,1.0,5.0,2.0,6.0,15.0,18.0,1.0,3.0,6.0,1.0,1.0,0.0,0.0,0.0,68.97,100.0,33.33,40.0,16.67,34.67,44.83,100.0,1.862858425553292,0.5490210472485989,8.0,9.0,0.32602388,2.0,4.0,3.0,0.3733509999999999,28.0,3.982300884955752,8.163716814159292,0.1991150442477876,11.946902654867255,2.588495575221239,3.584070796460177,3.185840707964602,0.0,5.176991150442478,0.1991150442477876,6.172566371681416,1.1946902654867255,0.1991150442477876,0.995575221238938,0.3982300884955752,1.1946902654867255,2.9867256637168142,3.584070796460177,0.1991150442477876,0.5973451327433629,1.1946902654867255,0.1991150442477876,0.1991150442477876,0.0,0.0,0.0,68.97,100.0,33.33,40.0,16.67,34.67,44.83,100.0,0.3709231378314077,0.1093183501158714,1.592920353982301,1.7920353982300885,0.0649162592920354,0.3982300884955752,0.7964601769911505,0.5973451327433629,0.0743398008849557,5.575221238938053,ST,44,49,31,47,68,97,97,51,56,28,82,50,60,59,60,100,82,85,51,49,71,34,54,31,51,51,32,96,90,59,18,12,59,93,85,71,99,66,71,51,43,24,53,59,32,26,26,32,62,91,94,51,56,24,76,35,56,53,56,94,76,79,47,44,71,24,50,31,51,51,32,96,90,59,18,12,59,93,85,59,100,65,68,47,37,18,50,47,Pro League
Cercle Brugge,3ix9om1svhd6obl0mbk1otgop,ditnpqgspoih5ich7c5vn44fe,G. Magnée,Gary Magnée,26.0,Defender,Belgium,Defender,56.0,120.0,14.0,154.0,3.0,6.0,4.0,0.0,19.0,10.0,514.0,17.0,4.0,22.0,22.0,2.0,2.0,15.0,15.0,11.0,0.0,4.0,4.0,0.0,0.0,0.0,0.0,73.68,38.89,30.99,26.67,0.0,38.78,42.86,50.0,0.5611422974287308,2.488472686249245,1.0,9.0,0.21917469,3.0,24.0,26.0,1.4620782900000002,86.0,9.80544747081712,21.011673151750973,2.45136186770428,26.96498054474708,0.5252918287937743,1.050583657587549,0.7003891050583657,0.0,3.326848249027237,1.7509727626459144,2.9766536964980546,0.7003891050583657,3.852140077821012,3.852140077821012,0.3501945525291828,0.3501945525291828,2.626459143968872,2.626459143968872,1.9260700389105057,0.0,0.7003891050583657,0.7003891050583657,0.0,0.0,0.0,0.0,73.68,38.89,30.99,26.67,0.0,38.78,42.86,50.0,0.098254487876626,0.4357247894210739,0.1750972762645914,1.575875486381323,0.0383768912451361,0.5252918287937743,4.202334630350195,4.552529182879377,0.2560059262645914,15.058365758754864,CB,10,72,45,15,14,84,81,44,42,16,95,72,100,100,92,85,99,98,82,25,90,39,41,45,51,51,5,24,80,57,25,8,29,22,80,100,79,84,88,79,68,66,92,15,5,65,40,5,10,82,72,44,22,12,95,62,100,100,88,78,98,95,75,25,88,22,41,45,51,51,5,24,80,57,25,8,29,22,72,100,75,80,80,78,57,60,90,12,Pro League
Cercle Brugge,3ix9om1svhd6obl0mbk1otgop,djtyuw7aeennchh7191ysjris,L. Mondele,Lukas Mondele,22.0,Midfielder,Belgium,Midfielder,63.0,77.0,11.0,139.0,1.0,11.0,5.0,0.0,12.0,9.0,493.0,12.0,4.0,1.0,3.0,6.0,1.0,4.0,4.0,4.0,2.0,2.0,4.0,1.0,0.0,0.0,0.0,83.23,68.75,33.33,50.0,18.18,60.0,0.0,80.0,0.9437953325828498,0.2312939351941138,4.0,5.0,0.13448519,2.0,19.0,18.0,0.4531804200000001,70.0,11.50101419878296,14.056795131845842,2.0081135902636915,25.37525354969574,0.1825557809330628,2.0081135902636915,0.9127789046653144,0.0,2.1906693711967544,1.643002028397566,2.1906693711967544,0.7302231237322515,0.1825557809330628,0.5476673427991886,1.0953346855983772,0.1825557809330628,0.7302231237322515,0.7302231237322515,0.7302231237322515,0.3651115618661257,0.3651115618661257,0.7302231237322515,0.1825557809330628,0.0,0.0,0.0,83.23,68.75,33.33,50.0,18.18,60.0,0.0,80.0,0.1722952939806419,0.0422240449644426,0.7302231237322515,0.9127789046653144,0.0245510488843813,0.3651115618661257,3.4685598377281948,3.286004056795132,0.0827307054766734,12.778904665314402,DM/CM,23,32,48,19,11,97,95,48,11,47,90,44,65,44,97,60,52,48,23,90,53,27,92,40,52,52,42,76,61,63,61,63,6,97,97,55,95,52,55,50,63,53,45,23,13,23,42,13,10,94,94,48,6,42,87,29,55,42,94,55,45,45,16,90,52,23,94,40,52,52,42,76,61,63,61,63,6,97,97,52,94,45,45,48,48,48,45,19,Pro League
Club Brugge,1oyb7oym5nwzny8vxf03szd2h,1q935a1d9qmoyo7v6tstqx7je,K. Sabbe,Kyriani Sabbe,21.0,Defender,Belgium,Defender,150.0,168.0,13.0,313.0,3.0,3.0,2.0,0.0,19.0,4.0,440.0,16.0,1.0,5.0,9.0,1.0,0.0,15.0,16.0,5.0,0.0,7.0,5.0,0.0,0.0,0.0,0.0,89.43,59.09,50.0,46.67,0.0,55.88,60.0,62.5,0.1885113628560234,0.7880327816870237,1.0,10.0,0.25941101,4.0,41.0,45.0,1.6354296900000007,172.0,30.68181818181818,34.36363636363636,2.6590909090909087,64.02272727272727,0.6136363636363635,0.6136363636363635,0.409090909090909,0.0,3.886363636363636,0.8181818181818181,3.2727272727272725,0.2045454545454545,1.0227272727272727,1.8409090909090908,0.2045454545454545,0.0,3.068181818181818,3.2727272727272725,1.0227272727272727,0.0,1.4318181818181817,1.0227272727272727,0.0,0.0,0.0,0.0,89.43,59.09,50.0,46.67,0.0,55.88,60.0,62.5,0.0385591424023684,0.1611885235268912,0.2045454545454545,2.0454545454545454,0.0530613429545454,0.8181818181818181,8.386363636363635,9.204545454545451,0.3345197093181819,35.18181818181818,RB/RCB,81,100,69,100,19,48,43,52,26,7,83,14,86,98,67,26,95,95,45,31,95,33,38,40,52,52,100,90,100,62,31,52,50,64,29,95,62,79,81,67,100,100,100,100,76,100,62,100,19,38,38,52,10,5,90,10,95,100,71,26,100,100,38,31,100,29,38,40,52,52,100,90,100,62,31,52,50,64,29,95,62,86,86,76,100,100,100,95,Pro League
Club Brugge,1oyb7oym5nwzny8vxf03szd2h,7tq0nbv4r6h0xubf1yugetp4a,F. Potts,Freddie Potts,23.0,Midfielder,England,Midfielder,171.0,191.0,8.0,359.0,10.0,4.0,2.0,0.0,20.0,14.0,528.0,12.0,5.0,3.0,4.0,2.0,2.0,1.0,1.0,9.0,0.0,0.0,3.0,0.0,0.0,0.0,0.0,91.82,61.54,60.0,0.0,0.0,51.28,66.67,60.0,0.3706944986879653,0.4597083649157139,0.0,13.0,0.2826724999999999,6.0,31.0,28.0,1.1364315999999997,188.0,29.14772727272728,32.55681818181819,1.3636363636363638,61.19318181818182,1.7045454545454546,0.6818181818181819,0.3409090909090909,0.0,3.409090909090909,2.3863636363636367,2.0454545454545454,0.8522727272727273,0.5113636363636364,0.6818181818181819,0.3409090909090909,0.3409090909090909,0.1704545454545454,0.1704545454545454,1.5340909090909092,0.0,0.0,0.5113636363636364,0.0,0.0,0.0,0.0,91.82,61.54,60.0,0.0,0.0,51.28,66.67,60.0,0.0631865622763577,0.0783593803833603,0.0,2.215909090909092,0.0481828124999999,1.0227272727272727,5.284090909090909,4.772727272727273,0.1937099318181817,32.04545454545455,DM/CM,90,100,32,97,85,66,73,48,35,81,90,56,94,56,68,89,11,11,74,26,13,16,42,40,52,52,97,58,87,13,26,42,71,66,71,84,16,94,90,90,87,84,100,94,84,94,26,94,77,58,68,48,16,74,84,42,94,52,65,87,10,10,65,26,13,10,42,40,52,52,97,58,87,13,26,42,71,66,58,71,16,90,87,90,81,74,97,90,Pro League
Club Brugge,1oyb7oym5nwzny8vxf03szd2h,8t0kfwqbbd15jqftt8lt5x27e,N. Tresoldi,Nicolò Tresoldi,22.0,Attacker,Germany,Striker,22.0,53.0,2.0,75.0,9.0,17.0,16.0,0.0,21.0,5.0,451.0,32.0,9.0,0.0,4.0,1.0,5.0,9.0,9.0,1.0,5.0,1.0,2.0,3.0,0.0,0.0,0.0,78.95,66.67,0.0,11.11,29.41,40.38,52.94,100.0,2.057215750467462,0.3356689020524656,0.0,5.0,0.1289430899999999,0.0,5.0,7.0,0.27964588,26.0,4.390243902439025,10.57649667405765,0.3991130820399113,14.966740576496674,1.796008869179601,3.3924611973392462,3.1929046563192904,0.0,4.1906873614190685,0.9977827050997784,6.385809312638581,1.796008869179601,0.0,0.7982261640798226,0.1995565410199556,0.9977827050997784,1.796008869179601,1.796008869179601,0.1995565410199556,0.9977827050997784,0.1995565410199556,0.3991130820399113,0.5986696230598669,0.0,0.0,0.0,78.95,66.67,0.0,11.11,29.41,40.38,52.94,100.0,0.410530859295059,0.0669849250215563,0.0,0.9977827050997784,0.0257314370288248,0.0,0.9977827050997784,1.3968957871396896,0.0558051645232816,5.188470066518847,ST,56,59,50,56,59,88,97,51,47,78,87,82,26,38,44,93,43,41,51,71,18,57,81,31,51,51,74,71,26,12,44,35,74,93,94,38,13,46,35,6,54,56,44,56,47,50,44,50,53,88,97,51,29,74,79,74,26,29,38,87,38,32,50,65,12,50,82,31,51,51,74,71,26,12,44,35,74,93,88,26,13,29,29,6,50,47,38,41,Pro League
Club Brugge,1oyb7oym5nwzny8vxf03szd2h,8zzjxnppg44txae0mcs6r1ega,Carlos Forbs,Carlos Roberto Forbs Borges,22.0,Attacker,Portugal,Striker,17.0,109.0,2.0,120.0,0.0,10.0,8.0,0.0,30.0,4.0,430.0,42.0,6.0,6.0,11.0,2.0,3.0,27.0,29.0,2.0,4.0,16.0,5.0,1.0,3.0,0.0,0.0,76.92,66.67,23.08,59.26,40.0,55.56,0.0,62.5,1.0044151634208034,1.2857469026969597,5.0,36.0,1.4023548699999997,12.0,8.0,23.0,1.5417602700000002,52.0,3.558139534883721,22.813953488372093,0.4186046511627907,25.116279069767444,0.0,2.0930232558139537,1.6744186046511629,0.0,6.279069767441861,0.8372093023255814,8.790697674418604,1.255813953488372,1.255813953488372,2.302325581395349,0.4186046511627907,0.627906976744186,5.651162790697675,6.069767441860465,0.4186046511627907,0.8372093023255814,3.3488372093023258,1.0465116279069768,0.2093023255813953,0.627906976744186,0.0,0.0,76.92,66.67,23.08,59.26,40.0,55.56,0.0,62.5,0.2102264295531914,0.2691098168435497,1.0465116279069768,7.534883720930233,0.2935161355813953,2.511627906976744,1.6744186046511629,4.813953488372093,0.32269401,10.883720930232558,RW,36,100,50,68,27,55,73,55,91,68,100,86,73,91,36,82,100,100,59,64,100,59,68,95,50,55,36,91,64,82,55,91,32,73,73,91,82,100,100,100,68,100,100,82,18,100,45,55,27,45,73,55,91,55,100,64,64,82,27,82,100,100,55,64,100,45,55,100,50,55,36,91,64,82,55,91,32,73,55,82,73,100,100,100,45,100,91,73,Pro League
Club Brugge,1oyb7oym5nwzny8vxf03szd2h,9xvik8av83pfnqwwt85unf504,J. Seys,Joaquin Seys,21.0,Defender,Belgium,Defender,128.0,169.0,11.0,293.0,4.0,4.0,2.0,0.0,20.0,12.0,530.0,7.0,5.0,4.0,6.0,2.0,2.0,4.0,4.0,8.0,2.0,2.0,6.0,0.0,1.0,0.0,0.0,86.69,44.0,33.33,50.0,50.0,52.63,33.33,66.67,0.35948404472797,0.5673197212821817,1.0,11.0,0.2298856899999999,3.0,33.0,43.0,1.02371884,154.0,21.73584905660377,28.698113207547166,1.8679245283018864,49.75471698113207,0.6792452830188679,0.6792452830188679,0.3396226415094339,0.0,3.39622641509434,2.037735849056604,1.1886792452830188,0.8490566037735848,0.6792452830188679,1.018867924528302,0.3396226415094339,0.3396226415094339,0.6792452830188679,0.6792452830188679,1.3584905660377358,0.3396226415094339,0.3396226415094339,1.018867924528302,0.0,0.1698113207547169,0.0,0.0,86.69,44.0,33.33,50.0,50.0,52.63,33.33,66.67,0.0610444604255043,0.0963373111611251,0.1698113207547169,1.8679245283018864,0.0390371926415094,0.5094339622641509,5.60377358490566,7.30188679245283,0.1738390483018867,26.150943396226413,CB,35,92,32,70,22,74,42,44,48,21,70,85,90,89,92,85,80,80,66,89,79,57,41,94,51,51,45,41,84,72,84,32,18,60,55,90,79,90,90,79,88,92,85,50,20,92,30,55,12,65,42,44,28,15,62,75,90,82,85,75,75,75,52,90,75,50,41,92,51,51,45,41,84,72,84,32,18,60,52,82,72,88,88,75,82,90,82,38,Pro League
Club Brugge,1oyb7oym5nwzny8vxf03szd2h,bybggxgpzlr7xz2f1i3b7c0kp,H. Vetlesen,Hugo Vetlesen,26.0,Midfielder,Norway,Midfielder,50.0,103.0,6.0,152.0,3.0,15.0,11.0,0.0,18.0,5.0,472.0,36.0,6.0,1.0,14.0,4.0,6.0,5.0,5.0,1.0,6.0,0.0,7.0,3.0,0.0,0.0,0.0,79.17,75.0,8.33,0.0,40.0,40.0,50.0,77.78,1.5264561310613476,1.1976668092002978,4.0,10.0,0.55597467,2.0,14.0,19.0,0.7744310399999998,69.0,9.533898305084746,19.63983050847457,1.1440677966101696,28.983050847457623,0.5720338983050848,2.860169491525424,2.097457627118644,0.0,3.4322033898305087,0.9533898305084746,6.864406779661017,1.1440677966101696,0.1906779661016949,2.669491525423729,0.7627118644067796,1.1440677966101696,0.9533898305084746,0.9533898305084746,0.1906779661016949,1.1440677966101696,0.0,1.3347457627118644,0.5720338983050848,0.0,0.0,0.0,79.17,75.0,8.33,0.0,40.0,40.0,50.0,77.78,0.29106155041424,0.2283686712458195,0.7627118644067796,1.9067796610169487,0.106012119279661,0.3813559322033898,2.669491525423729,3.6228813559322033,0.1476669355932203,13.15677966101695,CM/AM,50,48,45,55,59,100,100,52,52,66,100,70,16,84,61,91,34,34,9,93,7,80,93,27,50,52,36,70,14,7,59,25,64,93,100,77,70,61,95,20,43,52,36,43,36,32,27,45,50,95,100,52,18,64,100,64,14,73,55,86,27,27,5,91,7,73,91,27,50,52,36,70,14,7,59,25,64,93,95,64,73,55,86,14,27,27,36,32,Pro League
Club Brugge,1oyb7oym5nwzny8vxf03szd2h,c3sp1x0shf2b24rl5ike6v0iy,Lee Han-Beom,Han-Beom Lee,24.0,Defender,Korea Republic,Defender,390.0,155.0,13.0,545.0,20.0,4.0,4.0,0.0,31.0,28.0,540.0,8.0,1.0,0.0,0.0,0.0,2.0,2.0,2.0,4.0,2.0,1.0,5.0,0.0,0.0,0.0,0.0,94.78,56.52,0.0,50.0,50.0,56.36,68.97,55.56,0.6229004420003477,0.0,0.0,7.0,0.12831654,1.0,23.0,21.0,0.5799663699999997,281.0,65.0,25.83333333333333,2.1666666666666665,90.83333333333331,3.333333333333333,0.6666666666666666,0.6666666666666666,0.0,5.166666666666667,4.666666666666667,1.3333333333333333,0.1666666666666666,0.0,0.0,0.0,0.3333333333333333,0.3333333333333333,0.3333333333333333,0.6666666666666666,0.3333333333333333,0.1666666666666666,0.8333333333333334,0.0,0.0,0.0,0.0,94.78,56.52,0.0,50.0,50.0,56.36,68.97,55.56,0.1038167403333912,0.0,0.0,1.1666666666666667,0.02138609,0.1666666666666666,3.8333333333333335,3.5,0.0966610616666666,46.833333333333336,CB,100,88,41,100,90,74,81,44,84,56,78,18,38,16,32,85,60,60,18,89,61,46,41,45,51,51,100,72,38,72,84,52,85,39,82,20,32,80,80,44,65,56,62,88,100,85,35,100,88,61,69,44,66,41,70,11,38,16,32,71,55,55,11,82,54,39,41,45,51,51,100,72,38,72,84,52,85,39,78,20,32,72,68,34,55,45,52,85,Pro League
Club Brugge,1oyb7oym5nwzny8vxf03szd2h,dghbr8lp60ea96iy3vk40tslw,M. Diakhon,Mamadou Diakhon,20.0,Attacker,Senegal,Striker,26.0,112.0,5.0,128.0,0.0,13.0,10.0,0.0,25.0,2.0,354.0,39.0,15.0,10.0,10.0,3.0,8.0,19.0,19.0,4.0,3.0,9.0,1.0,1.0,2.0,0.0,0.0,90.14,100.0,29.41,47.37,23.08,53.19,0.0,100.0,0.941486105319185,1.281825512680686,8.0,44.0,1.5171941400000002,6.0,2.0,5.0,0.99939667,23.0,6.610169491525424,28.474576271186443,1.2711864406779665,32.54237288135593,0.0,3.305084745762712,2.5423728813559325,0.0,6.3559322033898304,0.5084745762711864,9.915254237288137,3.8135593220338975,2.5423728813559325,2.5423728813559325,0.7627118644067797,2.0338983050847457,4.830508474576272,4.830508474576272,1.0169491525423728,0.7627118644067797,2.288135593220339,0.2542372881355932,0.2542372881355932,0.5084745762711864,0.0,0.0,90.14,100.0,29.41,47.37,23.08,53.19,0.0,100.0,0.2393608742336911,0.325887842206954,2.0338983050847457,11.186440677966102,0.3857273237288136,1.5254237288135597,0.5084745762711864,1.2711864406779665,0.2540838991525423,5.8474576271186445,LW,50,94,50,78,33,72,83,50,78,61,89,100,100,89,56,100,67,67,78,39,67,17,39,83,56,56,100,94,78,44,33,89,33,94,56,100,89,100,100,72,22,22,100,22,11,100,67,100,33,67,67,50,56,56,100,100,100,89,33,100,56,56,89,44,56,11,33,78,56,56,100,94,78,44,33,89,33,94,44,100,89,100,100,67,22,11,100,11,Pro League
Club Brugge,1oyb7oym5nwzny8vxf03szd2h,l6y4o9t2b0jxaxo85oztok45,B. Mechele,Brandon Mechele,33.0,Defender,Belgium,Defender,303.0,192.0,19.0,495.0,25.0,7.0,7.0,0.0,38.0,35.0,540.0,13.0,1.0,0.0,1.0,0.0,1.0,2.0,2.0,12.0,2.0,1.0,6.0,1.0,0.0,0.0,0.0,92.18,54.29,0.0,50.0,28.57,71.7,71.43,54.55,0.9468876929000232,0.0426225975191321,0.0,10.0,0.19313316,4.0,56.0,43.0,0.9232797799999996,328.0,50.5,32.0,3.1666666666666665,82.5,4.166666666666667,1.1666666666666667,1.1666666666666667,0.0,6.333333333333333,5.833333333333333,2.1666666666666665,0.1666666666666666,0.0,0.1666666666666666,0.0,0.1666666666666666,0.3333333333333333,0.3333333333333333,2.0,0.3333333333333333,0.1666666666666666,1.0,0.1666666666666666,0.0,0.0,0.0,92.18,54.29,0.0,50.0,28.57,71.7,71.43,54.55,0.1578146154833372,0.0071037662531886,0.0,1.6666666666666667,0.03218886,0.6666666666666666,9.333333333333334,7.166666666666667,0.1538799633333332,54.66666666666666,CB,95,95,72,98,100,91,99,44,95,72,92,18,38,46,32,59,60,60,88,89,61,57,90,45,51,51,92,65,38,72,60,92,89,34,98,40,32,88,85,86,100,92,82,100,92,95,65,98,98,85,92,44,92,55,90,11,38,36,32,50,55,55,80,82,54,46,82,45,51,51,92,65,38,72,60,92,89,34,95,40,32,82,78,81,100,86,75,100,Pro League
Club Brugge,1oyb7oym5nwzny8vxf03szd2h,x3g0yyxs0j4o8fxphxtf0st1,H. Vanaken,Hans Vanaken,34.0,Midfielder,Belgium,Midfielder,161.0,211.0,17.0,372.0,2.0,5.0,2.0,0.0,13.0,5.0,443.0,8.0,3.0,0.0,8.0,3.0,1.0,3.0,3.0,2.0,4.0,3.0,2.0,1.0,0.0,0.0,0.0,92.31,77.27,0.0,100.0,80.0,54.17,66.67,40.0,0.3863208311657041,0.6528029489800767,0.0,16.0,0.5252562699999999,2.0,39.0,41.0,1.00934858,199.0,32.70880361173815,42.8668171557562,3.45372460496614,75.57562076749436,0.4063205417607223,1.015801354401806,0.4063205417607223,0.0,2.641083521444695,1.015801354401806,1.6252821670428892,0.6094808126410834,0.0,1.6252821670428892,0.6094808126410834,0.2031602708803611,0.6094808126410834,0.6094808126410834,0.4063205417607223,0.8126410835214446,0.6094808126410834,0.4063205417607223,0.2031602708803611,0.0,0.0,0.0,92.31,77.27,0.0,100.0,80.0,54.17,66.67,40.0,0.0784850447063507,0.1326236239462909,0.0,3.2505643340857784,0.1067112060948081,0.4063205417607223,7.923250564334086,8.329571106094807,0.2050595309255078,40.42889390519187,CM/AM,100,100,91,100,43,25,30,52,18,66,32,34,7,34,45,23,14,14,34,73,45,27,61,27,50,52,100,82,7,98,100,73,89,39,27,32,11,89,86,20,100,93,73,100,100,100,82,100,41,23,23,52,9,68,18,32,7,27,41,23,9,9,27,73,36,32,68,27,50,52,100,82,7,98,100,73,89,39,23,18,11,86,91,18,100,95,64,100,Pro League
Gent,8y3iucyxguipljcmf87a11bk9,1i1xcco82x0ppbac6j5z59x49,S. Van der Heyden,Siebe Van der Heyden,28.0,Defender,Belgium,Defender,275.0,91.0,24.0,366.0,9.0,2.0,2.0,0.0,18.0,23.0,540.0,8.0,2.0,0.0,3.0,0.0,1.0,1.0,1.0,6.0,0.0,0.0,3.0,0.0,1.0,0.0,0.0,91.04,57.14,0.0,0.0,0.0,52.94,50.0,42.86,0.2687506301490667,0.3755547586765345,0.0,5.0,0.12362913,4.0,16.0,16.0,0.8264765800000001,185.0,45.833333333333336,15.166666666666666,4.0,61.0,1.5,0.3333333333333333,0.3333333333333333,0.0,3.0,3.8333333333333335,1.3333333333333333,0.3333333333333333,0.0,0.5,0.0,0.1666666666666666,0.1666666666666666,0.1666666666666666,1.0,0.0,0.0,0.5,0.0,0.1666666666666666,0.0,0.0,91.04,57.14,0.0,0.0,0.0,52.94,50.0,42.86,0.0447917716915111,0.0625924597794224,0.0,0.8333333333333334,0.020604855,0.6666666666666666,2.6666666666666665,2.6666666666666665,0.1377460966666666,30.83333333333333,LB/LCB,100,65,88,100,85,18,41,50,35,88,62,41,15,38,12,38,15,12,53,26,9,21,41,88,53,53,100,94,15,9,26,56,59,21,41,53,12,41,47,44,59,47,71,100,100,53,88,100,71,6,18,50,12,82,59,24,15,24,12,24,12,12,29,26,9,6,41,82,53,53,100,94,15,9,26,56,59,21,29,41,12,24,41,29,41,35,47,94,Pro League
Gent,8y3iucyxguipljcmf87a11bk9,2309zjv6facft50slzuqf1hjo,E. Ngom,El Bachir Ngom,26.0,Defender,Senegal,Defender,167.0,85.0,33.0,250.0,7.0,6.0,2.0,0.0,27.0,27.0,540.0,6.0,4.0,2.0,7.0,4.0,1.0,5.0,5.0,12.0,0.0,3.0,9.0,0.0,0.0,0.0,0.0,81.17,47.83,22.22,60.0,0.0,46.55,36.84,69.23,0.4861929326961519,0.5094352183575299,4.0,5.0,0.0980405,4.0,21.0,23.0,0.7084151399999998,122.0,27.83333333333333,14.166666666666666,5.5,41.66666666666666,1.1666666666666667,1.0,0.3333333333333333,0.0,4.5,4.5,1.0,0.6666666666666666,0.3333333333333333,1.1666666666666667,0.6666666666666666,0.1666666666666666,0.8333333333333334,0.8333333333333334,2.0,0.0,0.5,1.5,0.0,0.0,0.0,0.0,81.17,47.83,22.22,60.0,0.0,46.55,36.84,69.23,0.0810321554493586,0.0849058697262549,0.6666666666666666,0.8333333333333334,0.0163400833333333,0.6666666666666666,3.5,3.8333333333333335,0.1180691899999999,20.33333333333333,RB/RCB,95,62,100,86,55,88,43,52,69,81,48,62,55,81,95,69,60,60,90,31,67,83,38,40,52,52,48,67,64,83,31,14,19,76,76,71,98,60,43,67,76,81,71,71,71,38,100,71,43,74,29,52,33,71,40,45,48,76,95,52,57,57,86,31,62,48,38,40,52,52,48,67,64,83,31,14,19,76,48,71,95,48,33,60,67,71,52,67,Pro League
Gent,8y3iucyxguipljcmf87a11bk9,2jhi0lbbo65dsfv4ho9pmlgix,Leonardo Lopes,Leonardo Da Silva Lopes,27.0,Midfielder,Portugal,Midfielder,80.0,63.0,11.0,142.0,0.0,1.0,0.0,1.0,17.0,9.0,392.0,1.0,7.0,1.0,4.0,1.0,0.0,4.0,5.0,2.0,1.0,1.0,7.0,0.0,0.0,0.0,0.0,86.59,64.71,100.0,25.0,100.0,42.5,0.0,77.78,0.0354146942021872,0.224467986092495,1.0,2.0,0.04797389,3.0,15.0,17.0,0.4930758499999999,72.0,18.367346938775512,14.464285714285715,2.525510204081633,32.602040816326536,0.0,0.2295918367346939,0.0,0.2295918367346939,3.903061224489796,2.066326530612245,0.2295918367346939,1.6071428571428572,0.2295918367346939,0.9183673469387756,0.2295918367346939,0.0,0.9183673469387756,1.1479591836734695,0.4591836734693878,0.2295918367346939,0.2295918367346939,1.6071428571428572,0.0,0.0,0.0,0.0,86.59,64.71,100.0,25.0,100.0,42.5,0.0,77.78,0.0081309246892776,0.0515360172151136,0.2295918367346939,0.4591836734693878,0.0110144135204081,0.6887755102040817,3.4438775510204085,3.903061224489796,0.1132061900510204,16.53061224489796,DM/CM,39,26,48,24,5,18,19,98,27,47,21,71,65,56,34,21,52,69,5,66,34,61,42,40,52,52,71,68,98,27,98,19,6,94,6,52,44,16,16,71,42,48,68,26,58,29,65,35,5,23,19,100,35,55,23,77,68,61,42,21,52,71,6,71,35,65,42,40,52,52,71,68,98,27,98,19,6,94,6,55,52,23,19,68,42,52,74,32,Pro League
Gent,8y3iucyxguipljcmf87a11bk9,3zc219xqywme43v3jdwmv44d0,M. Delorge,Mathias Delorge,22.0,Midfielder,Belgium,Midfielder,126.0,88.0,29.0,209.0,2.0,4.0,1.0,0.0,19.0,9.0,336.0,1.0,3.0,5.0,7.0,3.0,1.0,4.0,4.0,12.0,2.0,3.0,7.0,0.0,0.0,0.0,0.0,90.87,85.29,35.71,75.0,50.0,55.88,50.0,63.64,0.2465545716059264,0.6485790874259673,2.0,5.0,0.13059051,3.0,15.0,19.0,0.52442417,101.0,33.75,23.57142857142857,7.767857142857142,55.98214285714285,0.5357142857142857,1.0714285714285714,0.2678571428571428,0.0,5.089285714285714,2.4107142857142856,0.2678571428571428,0.8035714285714286,1.3392857142857142,1.875,0.8035714285714286,0.2678571428571428,1.0714285714285714,1.0714285714285714,3.2142857142857144,0.5357142857142857,0.8035714285714286,1.875,0.0,0.0,0.0,0.0,90.87,85.29,35.71,75.0,50.0,55.88,50.0,63.64,0.0660414031087302,0.1737265412748126,0.5357142857142857,1.3392857142857142,0.0349796008928571,0.8035714285714286,4.017857142857142,5.089285714285714,0.1404707598214285,27.053571428571427,DM/CM,68,48,97,65,16,66,50,48,32,47,21,26,97,89,85,60,52,48,97,90,76,61,42,40,52,52,90,97,74,90,89,55,47,71,61,97,73,52,48,71,42,60,77,55,94,71,100,84,16,81,55,48,55,77,26,39,97,94,87,68,68,65,100,100,84,81,42,40,52,52,90,97,74,90,89,55,47,71,65,94,81,68,74,74,65,77,84,77,Pro League
Gent,8y3iucyxguipljcmf87a11bk9,4mvqt04u92wsm1p5ja8fpilii,Tiago Araújo,Tiago Filipe Alves Araújo,25.0,Defender,Portugal,Defender,140.0,88.0,20.0,220.0,4.0,9.0,3.0,0.0,21.0,14.0,539.0,7.0,5.0,8.0,6.0,6.0,2.0,9.0,9.0,5.0,2.0,4.0,4.0,2.0,2.0,0.0,0.0,83.02,52.63,34.78,44.44,22.22,48.84,66.67,50.0,0.6932278435380763,0.7383189609072812,3.0,5.0,0.11386271,3.0,15.0,23.0,1.4576372300000005,98.0,23.37662337662337,14.693877551020408,3.339517625231911,36.73469387755102,0.6679035250463822,1.50278293135436,0.5009276437847866,0.0,3.5064935064935066,2.3376623376623376,1.1688311688311688,0.8348794063079777,1.3358070500927643,1.0018552875695732,1.0018552875695732,0.3339517625231911,1.50278293135436,1.50278293135436,0.8348794063079777,0.3339517625231911,0.6679035250463822,0.6679035250463822,0.3339517625231911,0.3339517625231911,0.0,0.0,83.02,52.63,34.78,44.44,22.22,48.84,66.67,50.0,0.1157523300898457,0.1232814591496388,0.5009276437847866,0.8348794063079777,0.0190123263450834,0.5009276437847866,2.504638218923933,3.8404452690166977,0.2433902610389611,16.363636363636363,LB/LCB,82,59,82,68,35,97,71,50,56,50,47,82,100,79,100,71,88,88,41,85,88,38,100,100,53,53,71,88,88,47,71,24,88,38,94,94,94,41,41,29,53,65,94,65,71,41,76,47,29,88,53,50,29,18,41,76,94,71,100,53,71,71,18,76,82,29,100,100,53,53,71,88,88,47,71,24,88,38,94,82,82,29,29,18,29,47,94,29,Pro League
Gent,8y3iucyxguipljcmf87a11bk9,5w0ohhrm0ojscyjh3e0o8ffmd,C. Burgess,Christian Burgess,34.0,Defender,England,Defender,234.0,80.0,23.0,314.0,13.0,1.0,1.0,1.0,23.0,45.0,495.0,5.0,3.0,0.0,2.0,0.0,0.0,0.0,0.0,6.0,0.0,0.0,4.0,0.0,0.0,0.0,0.0,91.28,67.65,0.0,0.0,0.0,60.53,56.52,57.14,0.1720259600513683,0.1136045197905743,0.0,2.0,0.03546945,0.0,12.0,17.0,0.45732475,233.0,42.54545454545455,14.545454545454543,4.181818181818182,57.09090909090909,2.363636363636364,0.1818181818181818,0.1818181818181818,0.1818181818181818,4.181818181818182,8.181818181818182,0.9090909090909092,0.5454545454545454,0.0,0.3636363636363636,0.0,0.0,0.0,0.0,1.0909090909090908,0.0,0.0,0.7272727272727273,0.0,0.0,0.0,0.0,91.28,67.65,0.0,0.0,0.0,60.53,56.52,57.14,0.0312774472820669,0.0206553672346498,0.0,0.3636363636363636,0.0064489909090909,0.0,2.1818181818181817,3.090909090909091,0.0831499545454545,42.36363636363637,CB,88,48,85,80,71,14,22,94,57,92,45,59,38,70,32,21,16,16,45,25,26,39,41,45,51,51,85,98,38,26,25,65,62,42,32,60,32,36,30,15,39,50,45,85,80,38,75,68,62,10,22,95,42,95,40,52,38,70,32,21,16,16,32,25,26,30,41,45,51,51,85,98,38,26,25,65,62,42,25,57,32,32,30,15,28,38,40,78,Pro League
Gent,8y3iucyxguipljcmf87a11bk9,8rsmx7skreq5jt8ckz7a3egic,T. De Vlieger,Tibe De Vlieger,20.0,Midfielder,Belgium,Midfielder,71.0,72.0,6.0,142.0,9.0,4.0,4.0,0.0,29.0,9.0,308.0,8.0,8.0,1.0,7.0,0.0,1.0,2.0,2.0,6.0,1.0,0.0,6.0,1.0,1.0,0.0,0.0,83.53,35.29,11.11,0.0,25.0,64.44,81.82,50.0,0.1666976494678281,0.60563324147959,0.0,4.0,0.0881232899999999,3.0,17.0,16.0,0.2450164699999999,61.0,20.746753246753247,21.03896103896104,1.7532467532467533,41.493506493506494,2.62987012987013,1.168831168831169,1.168831168831169,0.0,8.474025974025974,2.62987012987013,2.337662337662338,2.337662337662338,0.2922077922077922,2.0454545454545454,0.0,0.2922077922077922,0.5844155844155845,0.5844155844155845,1.7532467532467533,0.2922077922077922,0.0,1.7532467532467533,0.2922077922077922,0.2922077922077922,0.0,0.0,83.53,35.29,11.11,0.0,25.0,64.44,81.82,50.0,0.0487103521172225,0.1769707523803996,0.0,1.168831168831169,0.0257503120129869,0.8766233766233766,4.967532467532468,4.675324675324676,0.0715957217532467,17.824675324675326,DM/CM,26,29,23,24,81,66,87,48,68,47,71,79,65,89,8,60,23,23,55,66,13,48,92,90,52,52,48,19,48,13,69,87,100,27,45,94,16,40,39,71,52,44,10,16,65,65,35,58,94,87,97,48,97,84,90,94,74,97,8,74,35,32,81,74,13,77,100,97,52,52,48,19,48,13,69,87,100,27,48,97,16,58,52,84,74,68,23,45,Pro League
Gent,8y3iucyxguipljcmf87a11bk9,a762nd22lh41vq417sdn9c178,M. Volckaert,Matties Volckaert,23.0,Defender,Belgium,Defender,29.0,25.0,3.0,52.0,6.0,4.0,2.0,0.0,15.0,4.0,340.0,3.0,2.0,2.0,2.0,2.0,0.0,0.0,0.0,2.0,3.0,0.0,6.0,0.0,1.0,0.0,0.0,63.41,30.0,22.22,0.0,75.0,65.22,60.0,85.71,0.2618174593962563,0.2228977591075857,2.0,2.0,0.07552064,2.0,2.0,4.0,0.3604817599999999,18.0,7.676470588235294,6.61764705882353,0.7941176470588236,13.764705882352942,1.5882352941176472,1.0588235294117647,0.5294117647058824,0.0,3.9705882352941178,1.0588235294117647,0.7941176470588236,0.5294117647058824,0.5294117647058824,0.5294117647058824,0.5294117647058824,0.0,0.0,0.0,0.5294117647058824,0.7941176470588236,0.0,1.5882352941176472,0.0,0.2647058823529412,0.0,0.0,63.41,30.0,22.22,0.0,75.0,65.22,60.0,85.71,0.0693046216048913,0.0590023479990668,0.5294117647058824,0.5294117647058824,0.0199907576470588,0.5294117647058824,0.5294117647058824,1.0588235294117647,0.0954216423529411,4.764705882352941,RB/RCB,5,5,19,5,43,62,43,52,14,7,24,31,55,43,86,26,7,7,12,95,14,43,38,86,52,52,5,29,64,14,100,86,50,100,38,48,83,21,33,40,5,5,29,5,5,5,19,5,57,86,48,52,14,10,29,33,62,52,90,26,7,7,10,100,14,57,38,90,52,52,5,29,64,14,100,86,50,100,43,48,90,33,43,43,5,10,43,5,Pro League
Gent,8y3iucyxguipljcmf87a11bk9,ay86n2sd0odbxluws2jyx4zkk,M. Sonko,Momodou Sonko,21.0,Attacker,Sweden,Striker,50.0,54.0,6.0,100.0,0.0,16.0,10.0,0.0,22.0,6.0,465.0,22.0,1.0,4.0,1.0,6.0,7.0,14.0,14.0,4.0,6.0,7.0,7.0,2.0,1.0,0.0,0.0,76.92,60.0,36.36,50.0,37.5,50.0,0.0,50.0,1.1120642297803476,0.1579304793897458,11.0,14.0,0.40006166,2.0,3.0,12.0,0.50695855,31.0,9.67741935483871,10.451612903225806,1.161290322580645,19.35483870967742,0.0,3.096774193548387,1.935483870967741,0.0,4.258064516129032,1.161290322580645,4.258064516129032,0.1935483870967742,0.7741935483870968,0.1935483870967742,1.161290322580645,1.3548387096774193,2.7096774193548385,2.7096774193548385,0.7741935483870968,1.161290322580645,1.3548387096774193,1.3548387096774193,0.3870967741935484,0.1935483870967742,0.0,0.0,76.92,60.0,36.36,50.0,37.5,50.0,0.0,50.0,0.2152382380220027,0.0305671895593056,2.129032258064516,2.7096774193548385,0.077431289032258,0.3870967741935484,0.5806451612903225,2.32258064516129,0.0981210096774193,6.0,LW,89,44,72,56,33,89,83,50,67,89,50,28,72,11,83,78,33,33,78,94,44,100,78,56,56,56,22,56,89,56,78,67,33,50,67,11,100,39,33,22,39,72,44,67,89,11,44,11,33,56,44,50,33,78,22,22,67,11,89,89,11,11,67,78,11,100,56,44,56,56,22,56,89,56,78,67,33,50,33,11,100,11,11,11,33,44,22,22,Pro League
Gent,8y3iucyxguipljcmf87a11bk9,wfnh772q3r95omx4rbkret5g,J. Vergara,Josué Vergara,19.0,Attacker,Panama,Striker,20.0,27.0,2.0,47.0,19.0,13.0,12.0,0.0,33.0,13.0,442.0,18.0,11.0,0.0,2.0,1.0,3.0,4.0,5.0,0.0,5.0,1.0,1.0,2.0,0.0,0.0,0.0,67.14,50.0,0.0,25.0,38.46,49.25,52.78,50.0,1.5508519187114276,0.1263320714229322,4.0,1.0,0.02756312,1.0,5.0,6.0,0.1244050899999999,13.0,4.072398190045249,5.497737556561086,0.4072398190045249,9.570135746606336,3.868778280542986,2.647058823529412,2.443438914027149,0.0,6.71945701357466,2.647058823529412,3.665158371040724,2.239819004524887,0.0,0.4072398190045249,0.2036199095022624,0.6108597285067873,0.8144796380090498,1.0180995475113122,0.0,1.0180995475113122,0.2036199095022624,0.2036199095022624,0.4072398190045249,0.0,0.0,0.0,67.14,50.0,0.0,25.0,38.46,49.25,52.78,50.0,0.3157843273394309,0.0257237249503708,0.8144796380090498,0.2036199095022624,0.0056124,0.2036199095022624,1.0180995475113122,1.2217194570135743,0.0253313531674207,2.647058823529412,ST,44,15,50,22,85,75,76,51,81,100,32,96,26,10,44,60,21,25,21,71,18,34,71,31,51,51,18,51,26,24,62,74,71,53,76,9,76,6,6,26,54,47,18,15,35,12,47,12,79,53,65,51,71,100,21,85,26,6,41,59,15,15,21,68,15,29,68,31,51,51,18,51,26,24,62,74,71,53,71,6,76,3,6,18,53,44,12,15,Pro League
Genk,89xivtxk59uzvhdsd6miao6tm,2ouuumxck7ekp5zsdjlfzz8r8,I. Bangoura,Ibrahima Bangoura,22.0,Midfielder,Guinea,Midfielder,94.0,82.0,9.0,176.0,4.0,4.0,2.0,0.0,24.0,6.0,469.0,7.0,8.0,0.0,4.0,2.0,1.0,2.0,2.0,8.0,2.0,1.0,5.0,0.0,1.0,0.0,0.0,91.19,75.0,0.0,50.0,50.0,38.1,28.57,45.45,0.4607398266333382,0.1427448419449821,2.0,7.0,0.16275921,3.0,15.0,15.0,0.2484757599999999,78.0,18.03837953091685,15.735607675906182,1.7270788912579955,33.77398720682303,0.767590618336887,0.767590618336887,0.3837953091684435,0.0,4.605543710021322,1.1513859275053304,1.343283582089552,1.535181236673774,0.0,0.767590618336887,0.3837953091684435,0.1918976545842217,0.3837953091684435,0.3837953091684435,1.535181236673774,0.3837953091684435,0.1918976545842217,0.9594882729211088,0.0,0.1918976545842217,0.0,0.0,91.19,75.0,0.0,50.0,50.0,38.1,28.57,45.45,0.0884148921044785,0.0273924003732375,0.3837953091684435,1.343283582089552,0.0312331106609808,0.5756929637526652,2.878464818763326,2.878464818763326,0.0476819155650319,14.968017057569297,DM/CM,45,44,35,48,40,66,73,48,44,29,63,79,24,56,68,60,23,23,66,90,34,39,42,90,52,52,94,85,24,63,89,10,16,19,81,39,73,73,74,71,42,37,13,35,52,39,32,52,42,61,77,48,45,19,68,74,24,55,71,61,23,23,68,94,32,32,42,90,52,52,94,85,24,63,89,10,16,19,81,39,77,71,68,61,32,32,13,29,Pro League
Genk,89xivtxk59uzvhdsd6miao6tm,43uuj9gwya80n4r3z6kcv87bo,J. Kongolo,Josue Kongolo,20.0,Defender,Belgium,Defender,305.0,142.0,11.0,447.0,8.0,2.0,2.0,0.0,32.0,28.0,540.0,7.0,10.0,0.0,1.0,0.0,0.0,5.0,5.0,8.0,2.0,2.0,8.0,2.0,0.0,0.0,0.0,94.11,39.29,0.0,40.0,100.0,60.38,50.0,66.67,0.5486049938066038,0.1450193906934607,1.0,6.0,0.11690197,3.0,13.0,17.0,0.5718684700000003,298.0,50.833333333333336,23.666666666666668,1.8333333333333333,74.5,1.3333333333333333,0.3333333333333333,0.3333333333333333,0.0,5.333333333333333,4.666666666666667,1.1666666666666667,1.6666666666666667,0.0,0.1666666666666666,0.0,0.0,0.8333333333333334,0.8333333333333334,1.3333333333333333,0.3333333333333333,0.3333333333333333,1.3333333333333333,0.3333333333333333,0.0,0.0,0.0,94.11,39.29,0.0,40.0,100.0,60.38,50.0,66.67,0.0914341656344339,0.0241698984489101,0.1666666666666666,1.0,0.0194836616666666,0.5,2.1666666666666665,2.833333333333333,0.0953114116666667,49.66666666666666,CB,98,78,32,95,42,35,42,44,88,56,70,100,38,46,32,21,86,86,66,89,79,82,100,45,51,51,98,28,38,62,98,60,46,60,75,68,79,76,75,79,44,50,60,98,95,75,26,92,35,22,35,44,80,41,59,98,38,36,32,21,78,78,48,82,70,71,99,45,51,51,98,28,38,62,98,60,46,60,68,62,68,70,65,71,24,35,48,92,Pro League
Genk,89xivtxk59uzvhdsd6miao6tm,4pbx40gvdmacim2n0k2qt41cl,J. Kayembe,Joris Kayembe,32.0,Defender,Congo DR,Defender,160.0,173.0,17.0,332.0,7.0,3.0,2.0,0.0,32.0,14.0,500.0,9.0,3.0,1.0,5.0,1.0,0.0,11.0,11.0,16.0,2.0,6.0,6.0,1.0,0.0,0.0,0.0,88.53,65.38,12.5,54.55,66.67,57.14,70.0,37.5,0.2119466084616497,0.630935232128127,2.0,16.0,0.3993682,10.0,33.0,47.0,1.06702098,183.0,28.8,31.14,3.06,59.760000000000005,1.26,0.54,0.36,0.0,5.76,2.52,1.62,0.54,0.18,0.9,0.18,0.0,1.98,1.98,2.88,0.36,1.08,1.08,0.18,0.0,0.0,0.0,88.53,65.38,12.5,54.55,66.67,57.14,70.0,37.5,0.0381503895230969,0.1135683417830628,0.36,2.88,0.071886276,1.8,5.94,8.46,0.1920637764,32.94,LB/LCB,94,100,74,94,71,32,41,50,88,50,74,68,32,65,32,12,94,94,100,85,94,68,88,41,53,53,94,100,29,76,91,76,94,12,18,71,62,97,94,100,85,100,82,94,94,94,71,94,59,29,35,50,88,24,71,59,29,65,29,12,88,88,100,82,94,53,88,41,53,53,94,100,29,76,91,76,94,12,12,76,59,100,94,100,88,100,76,100,Pro League
Genk,89xivtxk59uzvhdsd6miao6tm,4td7pzgggkj7v70bux2wl6l90,A. Yokoyama,Ayumu Yokoyama,23.0,Attacker,Japan,Striker,28.0,78.0,5.0,106.0,0.0,8.0,5.0,0.0,10.0,2.0,338.0,19.0,1.0,0.0,3.0,3.0,1.0,13.0,13.0,1.0,4.0,7.0,1.0,1.0,1.0,0.0,0.0,81.54,55.56,0.0,53.85,50.0,40.0,0.0,50.0,0.7392632317335202,0.215529330135424,4.0,22.0,0.62833667,10.0,3.0,9.0,0.27814939,27.0,7.455621301775148,20.76923076923077,1.331360946745562,28.22485207100592,0.0,2.1301775147929,1.331360946745562,0.0,2.662721893491124,0.5325443786982249,5.059171597633136,0.2662721893491124,0.0,0.7988165680473372,0.7988165680473372,0.2662721893491124,3.4615384615384617,3.4615384615384617,0.2662721893491124,1.0650887573964498,1.863905325443787,0.2662721893491124,0.2662721893491124,0.2662721893491124,0.0,0.0,81.54,55.56,0.0,53.85,50.0,40.0,0.0,50.0,0.1968452392189846,0.0573894666041069,1.0650887573964498,5.8579881656804735,0.1673085807692307,2.662721893491124,0.7988165680473372,2.396449704142012,0.0740634470414201,7.189349112426036,LW,67,67,50,67,33,22,17,50,11,61,33,28,11,44,56,11,22,22,33,67,44,17,39,56,56,56,56,44,11,67,89,22,33,50,33,22,44,89,89,100,39,56,11,44,44,78,78,67,33,11,22,50,11,67,33,33,11,44,44,11,33,22,22,67,22,22,44,56,56,56,56,44,11,67,89,22,33,50,22,22,44,89,89,100,44,67,11,44,Pro League
Genk,89xivtxk59uzvhdsd6miao6tm,5iuagsqdiiaadb5yuf7r4vzmc,C. Ravych,Christiaan Ravych,24.0,Defender,Belgium,Defender,92.0,26.0,3.0,118.0,8.0,4.0,4.0,0.0,13.0,21.0,270.0,6.0,1.0,0.0,1.0,0.0,0.0,0.0,0.0,4.0,1.0,0.0,1.0,1.0,0.0,0.0,0.0,84.89,23.08,0.0,0.0,25.0,52.0,50.0,25.0,0.4365751875486438,0.0,0.0,0.0,0.0,2.0,2.0,2.0,0.10308666,72.0,30.666666666666668,8.666666666666666,1.0,39.333333333333336,2.6666666666666665,1.3333333333333333,1.3333333333333333,0.0,4.333333333333333,7.0,2.0,0.3333333333333333,0.0,0.3333333333333333,0.0,0.0,0.0,0.0,1.3333333333333333,0.3333333333333333,0.0,0.3333333333333333,0.3333333333333333,0.0,0.0,0.0,84.89,23.08,0.0,0.0,25.0,52.0,50.0,25.0,0.1455250625162145,0.0,0.0,0.0,0.0,0.6666666666666666,0.6666666666666666,0.6666666666666666,0.03436222,24.0,CB,18,5,9,10,42,74,81,44,15,35,59,18,38,46,32,21,16,16,18,65,26,6,90,45,51,51,35,8,38,26,55,30,46,5,62,20,32,10,10,66,8,6,8,12,40,8,10,25,78,94,98,44,48,75,85,26,38,62,32,21,16,16,48,82,26,9,99,45,51,51,35,8,38,26,55,30,46,5,90,20,32,10,10,81,8,8,8,30,Pro League
Genk,89xivtxk59uzvhdsd6miao6tm,9v54aj9t3bby2nfzcwtr15o2c,R. Durosinmi,Rafiu Durosinmi,23.0,Attacker,Nigeria,Striker,12.0,40.0,0.0,52.0,24.0,14.0,14.0,0.0,38.0,4.0,428.0,25.0,7.0,0.0,5.0,0.0,1.0,2.0,2.0,0.0,6.0,2.0,5.0,5.0,0.0,0.0,0.0,65.82,0.0,0.0,100.0,42.86,53.52,63.16,100.0,1.4860768116092642,0.2589092556479103,0.0,5.0,0.11138014,1.0,0.0,1.0,0.06371739,20.0,2.5233644859813085,8.411214953271028,0.0,10.934579439252335,5.046728971962617,2.94392523364486,2.94392523364486,0.0,7.990654205607477,0.8411214953271028,5.257009345794392,1.47196261682243,0.0,1.0514018691588785,0.0,0.2102803738317757,0.4205607476635514,0.4205607476635514,0.0,1.2616822429906542,0.4205607476635514,1.0514018691588785,1.0514018691588785,0.0,0.0,0.0,65.82,0.0,0.0,100.0,42.86,53.52,63.16,100.0,0.3124927874879294,0.0544435350661493,0.0,1.0514018691588785,0.0234210574766355,0.2102803738317757,0.0,0.2102803738317757,0.013398516588785,4.205607476635514,ST,18,43,12,35,91,79,90,51,88,72,69,60,26,59,18,16,9,7,21,82,34,88,99,31,51,51,15,12,26,99,68,88,85,93,74,21,13,46,29,26,3,4,6,34,15,32,12,24,91,76,88,51,91,71,50,56,26,56,18,6,6,6,21,81,26,88,97,31,51,51,15,12,26,99,68,88,85,93,68,21,13,38,24,21,3,3,9,29,Pro League
Genk,89xivtxk59uzvhdsd6miao6tm,a6z9meo0yksv97ntwe0q2k650,J. Erenbjerg,Jeppe Erenbjerg,26.0,Midfielder,Denmark,Midfielder,57.0,109.0,6.0,160.0,2.0,9.0,2.0,0.0,12.0,2.0,451.0,17.0,1.0,6.0,13.0,7.0,5.0,11.0,11.0,3.0,3.0,5.0,1.0,0.0,3.0,0.0,0.0,85.56,66.67,35.29,45.45,33.33,41.38,66.67,25.0,0.5966715449289226,1.42786473988341,7.0,15.0,0.42438444,13.0,12.0,16.0,0.8615611199999998,60.0,11.374722838137473,21.751662971175165,1.197339246119734,31.929046563192905,0.3991130820399113,1.796008869179601,0.3991130820399113,0.0,2.394678492239468,0.3991130820399113,3.3924611973392462,0.1995565410199556,1.197339246119734,2.5942350332594235,1.3968957871396896,0.9977827050997784,2.1951219512195124,2.1951219512195124,0.5986696230598669,0.5986696230598669,0.9977827050997784,0.1995565410199556,0.0,0.5986696230598669,0.0,0.0,85.56,66.67,35.29,45.45,33.33,41.38,66.67,25.0,0.1190697096310488,0.284939748535492,1.3968957871396896,2.993348115299334,0.0846886909090909,2.5942350332594235,2.394678492239468,3.1929046563192904,0.1719301569844789,11.97339246119734,ST,97,91,81,94,29,49,9,51,15,53,26,7,94,97,100,93,60,51,84,49,68,34,22,94,51,51,97,71,97,68,53,44,97,29,26,97,94,85,82,96,88,87,88,88,97,91,76,94,26,32,9,51,3,50,12,6,91,100,97,87,50,44,88,47,62,26,22,94,51,51,97,71,97,68,53,44,97,29,21,97,88,79,79,97,94,82,82,88,Pro League
Genk,89xivtxk59uzvhdsd6miao6tm,a8k3ubqsi0duc3g4u5jnvcoa1,B. Heynen,Bryan Heynen,29.0,Midfielder,Belgium,Midfielder,116.0,176.0,19.0,290.0,10.0,13.0,11.0,0.0,41.0,21.0,533.0,15.0,11.0,2.0,5.0,2.0,4.0,7.0,7.0,7.0,3.0,3.0,10.0,1.0,0.0,0.0,0.0,88.15,63.33,66.67,42.86,23.08,62.12,58.82,58.82,1.4598013302833186,0.3306878024633919,0.0,14.0,0.3364002199999999,8.0,55.0,52.0,1.07853053,163.0,19.587242026266416,29.71857410881801,3.2082551594746715,48.96810506566604,1.6885553470919323,2.195121951219512,1.8574108818011257,0.0,6.9230769230769225,3.545966228893058,2.5328330206378986,1.8574108818011257,0.3377110694183864,0.8442776735459662,0.3377110694183864,0.6754221388367729,1.1819887429643527,1.1819887429643527,1.1819887429643527,0.5065666041275797,0.5065666041275797,1.6885553470919323,0.1688555347091932,0.0,0.0,0.0,88.15,63.33,66.67,42.86,23.08,62.12,58.82,58.82,0.2464955341941813,0.0558384657067641,0.0,2.363977485928705,0.0568030390243902,1.350844277673546,9.287054409005629,8.780487804878048,0.1821158493433396,27.5234521575985,DM/CM,65,94,82,84,85,100,100,48,90,94,100,89,87,68,68,100,87,87,61,100,76,89,92,40,52,52,77,65,92,48,65,71,65,58,100,61,16,97,94,95,100,100,97,84,61,87,77,74,71,100,100,48,77,94,94,84,87,58,61,97,77,77,45,97,68,71,87,40,52,52,77,65,92,48,65,71,65,58,100,58,16,94,94,94,100,100,94,81,Pro League
Genk,89xivtxk59uzvhdsd6miao6tm,cmrdm4nnd62inlvsnc52vkicp,J. Ito,Junya Ito,33.0,Attacker,Japan,Striker,41.0,120.0,6.0,148.0,1.0,6.0,6.0,0.0,16.0,1.0,522.0,25.0,4.0,13.0,15.0,0.0,2.0,12.0,15.0,1.0,3.0,4.0,2.0,1.0,2.0,0.0,0.0,77.08,46.15,28.26,33.33,50.0,37.21,25.0,28.57,0.5499369003166318,1.6986762223953424,3.0,21.0,0.6956150099999999,9.0,13.0,19.0,1.467016380000001,64.0,7.06896551724138,20.6896551724138,1.0344827586206895,25.517241379310345,0.1724137931034483,1.0344827586206895,1.0344827586206895,0.0,2.7586206896551726,0.1724137931034483,4.310344827586207,0.6896551724137931,2.241379310344828,2.586206896551724,0.0,0.3448275862068966,2.0689655172413794,2.586206896551724,0.1724137931034483,0.5172413793103449,0.6896551724137931,0.3448275862068966,0.1724137931034483,0.3448275862068966,0.0,0.0,77.08,46.15,28.26,33.33,50.0,37.21,25.0,28.57,0.0948167069511434,0.2928752107578177,0.5172413793103449,3.6206896551724137,0.1199336224137931,1.5517241379310345,2.241379310344828,3.2758620689655173,0.2529338586206898,11.03448275862069,ST,82,94,81,91,16,15,31,51,29,28,69,25,100,100,18,40,69,72,51,49,57,57,54,87,51,51,62,38,79,35,81,29,25,35,15,100,65,94,94,88,93,91,97,94,71,88,68,82,12,6,21,51,6,18,35,21,100,97,18,26,47,53,44,32,44,44,47,82,51,51,62,38,79,35,81,29,25,35,12,100,50,88,88,76,85,85,94,82,Pro League
Genk,89xivtxk59uzvhdsd6miao6tm,esvfsx8gxqw8h0codqz5xmnmc,M. Smets,Matte Smets,22.0,Defender,Belgium,Defender,169.0,118.0,33.0,287.0,11.0,1.0,1.0,0.0,18.0,40.0,450.0,5.0,2.0,0.0,0.0,0.0,0.0,0.0,0.0,6.0,1.0,0.0,3.0,0.0,0.0,0.0,0.0,87.5,55.93,0.0,0.0,100.0,69.23,78.57,60.0,0.1360978208402235,0.0,0.0,9.0,0.19300335,4.0,32.0,35.0,0.5959288800000001,182.0,33.8,23.6,6.6,57.4,2.2,0.2,0.2,0.0,3.6,8.0,1.0,0.4,0.0,0.0,0.0,0.0,0.0,0.0,1.2,0.2,0.0,0.6,0.0,0.0,0.0,0.0,87.5,55.93,0.0,0.0,100.0,69.23,78.57,60.0,0.0272195641680447,0.0,0.0,1.8,0.03860067,0.8,6.4,7.0,0.119185776,36.4,CB,57,70,100,60,64,14,22,44,39,82,45,40,38,16,32,21,16,16,45,65,26,28,41,45,51,51,52,70,38,26,98,88,100,49,20,20,32,84,82,86,85,79,68,68,48,72,100,70,57,12,25,44,38,90,48,38,38,16,32,21,16,16,42,62,26,20,41,45,51,51,52,70,38,26,98,88,100,49,15,20,32,85,82,88,88,82,65,68,Pro League
Kortrijk,1uk609mhtsfhokhaewjapb26,1awtxdlrr3ph4q7wj62oag4r8,J. Ndjeungoue,James Ndjeungoue,23.0,Defender,Cameroon,Defender,92.0,40.0,14.0,131.0,6.0,2.0,2.0,0.0,21.0,14.0,348.0,2.0,2.0,1.0,2.0,0.0,1.0,3.0,3.0,4.0,0.0,2.0,7.0,0.0,0.0,0.0,0.0,80.86,43.75,100.0,66.67,0.0,51.22,42.86,63.64,0.2490905594653993,0.0849260123764902,0.0,1.0,0.0199707,0.0,14.0,14.0,0.3571503099999998,64.0,23.79310344827586,10.344827586206897,3.6206896551724137,33.87931034482759,1.5517241379310345,0.5172413793103449,0.5172413793103449,0.0,5.431034482758621,3.6206896551724137,0.5172413793103449,0.5172413793103449,0.2586206896551724,0.5172413793103449,0.0,0.2586206896551724,0.7758620689655172,0.7758620689655172,1.0344827586206895,0.0,0.5172413793103449,1.8103448275862069,0.0,0.0,0.0,0.0,80.86,43.75,100.0,66.67,0.0,51.22,42.86,63.64,0.0644199722755343,0.0219636238904716,0.0,0.2586206896551724,0.0051648362068965,0.0,3.6206896551724137,3.6206896551724137,0.0923664594827585,16.551724137931036,LB/LCB,50,12,65,18,65,18,41,50,56,50,15,41,32,24,12,38,44,41,21,26,56,76,41,41,53,53,53,65,100,82,26,41,41,68,35,12,12,9,6,6,44,35,18,21,76,12,82,41,76,24,59,50,82,76,12,53,35,29,12,47,59,47,35,26,71,88,41,41,53,53,53,65,100,82,26,41,41,68,47,12,12,12,6,6,59,41,24,35,Pro League
Kortrijk,1uk609mhtsfhokhaewjapb26,21jvngls2hl8jltgsr0zoztw4,H. Murray-Campbell,Harrison Murray-Campbell,20.0,Defender,England,Defender,131.0,89.0,17.0,220.0,3.0,1.0,0.0,0.0,15.0,22.0,290.0,0.0,2.0,0.0,1.0,1.0,0.0,1.0,1.0,6.0,0.0,0.0,7.0,0.0,0.0,0.0,0.0,85.6,47.22,0.0,0.0,0.0,55.56,50.0,70.0,0.0519420736722548,0.0441734843627563,1.0,3.0,0.05306324,1.0,21.0,21.0,0.3852126,140.0,40.6551724137931,27.620689655172413,5.275862068965517,68.27586206896551,0.9310344827586208,0.3103448275862069,0.0,0.0,4.655172413793103,6.827586206896552,0.0,0.6206896551724138,0.0,0.3103448275862069,0.3103448275862069,0.0,0.3103448275862069,0.3103448275862069,1.862068965517241,0.0,0.0,2.1724137931034484,0.0,0.0,0.0,0.0,85.6,47.22,0.0,0.0,0.0,55.56,50.0,70.0,0.0161199538982859,0.0137090123884416,0.3103448275862069,0.9310344827586208,0.0164679020689655,0.3103448275862069,6.517241379310344,6.517241379310344,0.1195487379310344,43.44827586206896,CB,39,57,62,40,14,14,8,44,20,38,6,40,38,46,76,21,41,41,45,25,26,68,41,45,51,51,38,50,38,26,25,50,46,65,5,45,79,49,42,44,60,56,38,42,75,90,88,82,28,15,8,44,55,68,6,55,38,57,82,21,50,50,70,25,26,98,41,45,51,51,38,50,38,26,25,50,46,65,5,48,85,68,60,52,90,78,68,80,Pro League
Kortrijk,1uk609mhtsfhokhaewjapb26,2ri663cf9ev3wiyuk73e83zf8,R. Kohon,Rudy Kohon,22.0,Defender,France,Defender,108.0,67.0,4.0,175.0,5.0,2.0,1.0,0.0,27.0,20.0,450.0,2.0,4.0,0.0,2.0,1.0,0.0,9.0,9.0,8.0,1.0,4.0,9.0,0.0,0.0,0.0,0.0,82.55,23.53,0.0,44.44,50.0,48.21,35.71,64.29,0.1437681458371887,0.1162603833142258,1.0,10.0,0.22157496,6.0,7.0,10.0,0.38861996,96.0,21.6,13.4,0.8,35.0,1.0,0.4,0.2,0.0,5.4,4.0,0.4,0.8,0.0,0.4,0.2,0.0,1.8,1.8,1.6,0.2,0.8,1.8,0.0,0.0,0.0,0.0,82.55,23.53,0.0,44.44,50.0,48.21,35.71,64.29,0.0287536291674377,0.0232520766628451,0.2,2.0,0.044314992,1.2,1.4,2.0,0.0777239919999999,19.2,RB/RCB,62,38,26,52,33,24,24,52,69,67,12,62,21,43,67,26,83,81,71,69,79,83,38,40,52,52,52,24,21,57,86,19,14,71,24,33,62,79,76,98,19,36,33,62,62,33,24,52,38,24,24,52,57,67,14,71,21,40,64,26,81,76,74,67,76,71,38,40,52,52,52,24,21,57,86,19,14,71,24,33,57,81,76,90,19,29,24,62,Pro League
Kortrijk,1uk609mhtsfhokhaewjapb26,5b9ycghp21qhv7qz6zuvblh49,G. Koyalipou,Goduine Koyalipou,26.0,Attacker,Central African Republic,Striker,40.0,41.0,7.0,80.0,15.0,18.0,14.0,0.0,24.0,6.0,441.0,22.0,3.0,1.0,4.0,4.0,3.0,10.0,10.0,1.0,5.0,4.0,2.0,0.0,0.0,0.0,0.0,75.47,100.0,33.33,40.0,27.78,36.92,37.5,66.67,2.8257560488260567,0.3188190062150291,5.0,5.0,0.1649758199999999,4.0,7.0,3.0,0.2222117899999998,29.0,8.16326530612245,8.36734693877551,1.4285714285714284,16.3265306122449,3.061224489795918,3.6734693877551017,2.8571428571428568,0.0,4.897959183673469,1.2244897959183672,4.489795918367347,0.6122448979591836,0.2040816326530612,0.8163265306122448,0.8163265306122448,0.6122448979591836,2.0408163265306123,2.0408163265306123,0.2040816326530612,1.020408163265306,0.8163265306122448,0.4081632653061224,0.0,0.0,0.0,0.0,75.47,100.0,33.33,40.0,27.78,36.92,37.5,66.67,0.576684907923685,0.0650651033091896,1.020408163265306,1.020408163265306,0.0336685346938775,0.8163265306122448,1.4285714285714284,0.6122448979591836,0.0453493448979591,5.918367346938775,ST,79,49,88,62,74,97,90,51,53,84,57,18,60,38,79,60,50,47,51,71,57,57,22,31,51,51,57,96,90,59,35,26,41,68,100,32,81,46,56,74,69,24,35,62,76,29,79,59,74,94,85,51,44,85,38,15,59,35,79,62,44,41,53,71,53,56,22,31,51,51,57,96,90,59,35,26,41,68,97,24,82,32,41,68,65,21,32,53,Pro League
Kortrijk,1uk609mhtsfhokhaewjapb26,5zdapzrncz7vch3yrgftfp5g,N. Mehssatou,Nayel Mehssatou,24.0,Midfielder,Chile,Midfielder,36.0,51.0,2.0,86.0,1.0,1.0,1.0,0.0,8.0,7.0,256.0,3.0,3.0,1.0,2.0,0.0,1.0,3.0,3.0,2.0,0.0,1.0,1.0,0.0,0.0,0.0,0.0,79.63,22.22,16.67,33.33,0.0,47.06,33.33,33.33,0.1370709683130872,0.2813569965807956,0.0,4.0,0.11084225,1.0,9.0,10.0,0.58212886,36.0,12.65625,17.9296875,0.703125,30.234375,0.3515625,0.3515625,0.3515625,0.0,2.8125,2.4609375,1.0546875,1.0546875,0.3515625,0.703125,0.0,0.3515625,1.0546875,1.0546875,0.703125,0.0,0.3515625,0.3515625,0.0,0.0,0.0,0.0,79.63,22.22,16.67,33.33,0.0,47.06,33.33,33.33,0.0481890122975697,0.0989145691104359,0.0,1.40625,0.038967978515625,0.3515625,3.1640625,3.515625,0.2046546773437499,12.65625,CB,5,24,5,8,5,14,22,44,4,5,30,59,79,70,32,59,72,72,6,25,61,6,41,45,51,51,12,5,75,60,25,20,18,11,22,82,32,60,70,44,19,16,65,10,10,57,5,10,5,30,45,44,10,20,55,88,85,80,32,80,85,85,18,25,78,12,41,45,51,51,12,5,75,60,25,20,18,11,45,85,32,78,85,57,45,48,88,8,Pro League
Kortrijk,1uk609mhtsfhokhaewjapb26,65js4yds9vyg0iyck8xh10frp,T. Ambrose,Thierry Ambrose,29.0,Attacker,Guadeloupe,Striker,54.0,94.0,11.0,144.0,15.0,8.0,4.0,0.0,42.0,1.0,495.0,20.0,9.0,4.0,5.0,4.0,5.0,30.0,34.0,3.0,2.0,11.0,8.0,0.0,1.0,0.0,0.0,77.42,47.83,18.18,36.67,25.0,40.0,51.72,100.0,0.5881755959553407,0.4479346460516392,3.0,10.0,0.2561575199999999,3.0,13.0,22.0,0.85494718,61.0,9.818181818181818,17.09090909090909,2.0,26.181818181818183,2.727272727272727,1.4545454545454546,0.7272727272727273,0.0,7.636363636363637,0.1818181818181818,3.636363636363636,1.6363636363636365,0.7272727272727273,0.9090909090909092,0.7272727272727273,0.9090909090909092,5.454545454545454,6.181818181818182,0.5454545454545454,0.3636363636363636,2.0,1.4545454545454546,0.0,0.1818181818181818,0.0,0.0,77.42,47.83,18.18,36.67,25.0,40.0,51.72,100.0,0.1069410174464255,0.0814426629184798,0.5454545454545454,1.818181818181818,0.0465740945454545,0.5454545454545454,2.363636363636364,4.0,0.1554449418181818,11.090909090909092,ST,90,85,99,88,74,34,15,51,91,28,43,82,87,59,79,93,100,100,84,28,94,97,22,71,51,51,65,41,63,50,32,32,68,93,24,62,65,72,65,65,93,94,85,91,91,82,99,85,68,15,15,51,85,21,18,65,76,41,74,76,94,94,79,15,85,94,22,62,51,51,65,41,63,50,32,32,68,93,18,41,56,68,56,62,91,91,76,85,Pro League
Kortrijk,1uk609mhtsfhokhaewjapb26,7yb9jjx610j00kvxdszr9vi3u,K. Masui,Ken Masui,25.0,Midfielder,Japan,Midfielder,39.0,39.0,1.0,78.0,0.0,2.0,1.0,0.0,13.0,2.0,311.0,3.0,5.0,0.0,6.0,1.0,0.0,8.0,8.0,3.0,0.0,3.0,3.0,0.0,0.0,0.0,0.0,80.41,16.67,0.0,37.5,0.0,59.09,0.0,60.0,0.2264738545966038,0.457087375246666,1.0,3.0,0.06953038,3.0,6.0,11.0,0.36537953,29.0,11.286173633440514,11.286173633440514,0.2893890675241157,22.572347266881028,0.0,0.5787781350482315,0.2893890675241157,0.0,3.762057877813505,0.5787781350482315,0.8681672025723473,1.4469453376205788,0.0,1.7363344051446945,0.2893890675241157,0.0,2.315112540192926,2.315112540192926,0.8681672025723473,0.0,0.8681672025723473,0.8681672025723473,0.0,0.0,0.0,0.0,80.41,16.67,0.0,37.5,0.0,59.09,0.0,60.0,0.0655390576003033,0.1322760892996782,0.2893890675241157,0.8681672025723473,0.0201213318327974,0.8681672025723473,1.7363344051446945,3.183279742765273,0.1057368414790996,8.392282958199356,DM/CM,11,6,5,6,5,40,50,48,16,3,45,56,24,76,34,21,90,90,10,26,76,16,42,40,52,52,23,6,24,39,26,58,6,66,48,81,44,31,26,71,6,23,35,5,10,16,6,10,5,53,58,48,29,3,55,71,24,89,48,21,97,97,26,26,95,26,42,40,52,52,23,6,24,39,26,58,6,66,61,90,55,40,35,81,13,44,68,3,Pro League
Kortrijk,1uk609mhtsfhokhaewjapb26,c1grrjf29wtfgbni2qkydf9ey,B. Lambert,Boris Lambert,26.0,Midfielder,Belgium,Midfielder,31.0,18.0,3.0,49.0,1.0,1.0,0.0,0.0,6.0,3.0,231.0,2.0,1.0,0.0,1.0,1.0,1.0,4.0,4.0,4.0,0.0,0.0,3.0,0.0,0.0,0.0,0.0,71.01,30.0,0.0,0.0,0.0,28.57,16.67,75.0,0.0754132929157862,0.0607166004531622,0.0,0.0,0.0,0.0,5.0,1.0,0.09110317,29.0,12.077922077922077,7.012987012987012,1.1688311688311688,19.09090909090909,0.3896103896103896,0.3896103896103896,0.0,0.0,2.3376623376623376,1.1688311688311688,0.7792207792207791,0.3896103896103896,0.0,0.3896103896103896,0.3896103896103896,0.3896103896103896,1.5584415584415583,1.5584415584415583,1.5584415584415583,0.0,0.0,1.1688311688311688,0.0,0.0,0.0,0.0,71.01,30.0,0.0,0.0,0.0,28.57,16.67,75.0,0.0293818024347218,0.0236558183583748,0.0,0.0,0.0,0.0,1.948051948051948,0.3896103896103896,0.0354947415584415,11.298701298701298,DM/CM,3,3,16,3,11,18,19,48,3,6,35,5,24,18,34,60,52,48,23,26,13,16,42,40,52,52,3,10,24,13,26,3,13,89,23,16,16,3,3,6,3,3,3,5,16,3,19,6,13,39,19,48,10,23,52,13,24,35,74,94,84,84,71,26,13,48,42,40,52,52,3,10,24,13,26,3,13,89,39,35,16,3,3,6,19,3,6,10,Pro League
Kortrijk,1uk609mhtsfhokhaewjapb26,dfy8wmt4li6v2a3ulhftrxr10,S. Campbell,Shandre Campbell,21.0,Attacker,South Africa,Striker,26.0,41.0,1.0,66.0,0.0,12.0,6.0,0.0,11.0,4.0,345.0,8.0,1.0,1.0,3.0,6.0,2.0,10.0,10.0,4.0,2.0,3.0,5.0,1.0,0.0,0.0,0.0,75.86,12.5,14.29,30.0,16.67,34.38,0.0,71.43,0.8625285516848807,0.2600687308012028,8.0,12.0,0.40370588,1.0,4.0,10.0,0.23936943,19.0,6.782608695652174,10.695652173913045,0.2608695652173913,17.217391304347824,0.0,3.130434782608696,1.5652173913043477,0.0,2.869565217391304,1.0434782608695652,2.0869565217391304,0.2608695652173913,0.2608695652173913,0.7826086956521738,1.5652173913043477,0.5217391304347826,2.608695652173913,2.608695652173913,1.0434782608695652,0.5217391304347826,0.7826086956521738,1.3043478260869563,0.2608695652173913,0.0,0.0,0.0,75.86,12.5,14.29,30.0,16.67,34.38,0.0,71.43,0.225007448265621,0.0678440167307485,2.0869565217391304,3.130434782608696,0.1053145773913043,0.2608695652173913,1.0434782608695652,2.608695652173913,0.0624441991304347,4.956521739130435,RW,45,45,23,45,27,82,55,55,23,68,23,18,36,27,91,59,55,55,91,41,41,59,68,27,50,55,27,18,36,36,27,9,32,91,55,27,100,59,64,14,32,55,27,27,45,27,18,27,27,73,55,55,27,73,18,18,36,27,91,55,36,36,91,45,27,64,82,27,50,55,27,18,36,36,27,9,32,91,64,27,100,73,73,9,36,64,27,27,Pro League
Kortrijk,1uk609mhtsfhokhaewjapb26,eswivc2a0iwwdly6ft8eh0ogl,B. Dejaegere,Brecht Dejaegere,35.0,Midfielder,Belgium,Midfielder,92.0,82.0,17.0,167.0,3.0,1.0,0.0,0.0,36.0,12.0,461.0,10.0,13.0,7.0,11.0,1.0,0.0,5.0,5.0,4.0,0.0,3.0,10.0,0.0,0.0,0.0,0.0,82.27,56.67,35.0,60.0,0.0,55.38,30.0,58.82,0.0570072354474263,1.265955142673897,1.0,7.0,0.22180567,3.0,18.0,21.0,0.7566868699999999,86.0,17.960954446854664,16.008676789587852,3.31887201735358,32.60303687635575,0.5856832971800434,0.1952277657266811,0.0,0.0,7.028199566160521,2.3427331887201737,1.952277657266812,2.537960954446855,1.366594360086768,2.1475054229934925,0.1952277657266811,0.0,0.9761388286334056,0.9761388286334056,0.7809110629067246,0.0,0.5856832971800434,1.952277657266812,0.0,0.0,0.0,0.0,82.27,56.67,35.0,60.0,0.0,55.38,30.0,58.82,0.0111293952066558,0.2471495940144268,0.1952277657266811,1.366594360086768,0.0433026253796095,0.5856832971800434,3.5140997830802605,4.099783080260304,0.1477262869848156,16.789587852494577,DM/CM,42,44,73,45,26,18,19,48,84,73,82,98,100,100,34,21,71,69,23,26,76,89,42,40,52,52,39,48,71,77,26,52,21,58,13,100,44,73,84,71,56,65,90,45,45,42,81,39,23,16,19,48,81,71,77,100,100,100,35,21,58,55,19,26,74,87,42,40,52,52,39,48,71,77,26,52,21,58,13,100,45,74,84,65,55,61,87,39,Pro League
Kortrijk,1uk609mhtsfhokhaewjapb26,pi2sxs616a52jvpfywgwjowl,G. Ruyssen,Gilles Ruyssen,32.0,Defender,Belgium,Defender,203.0,66.0,17.0,269.0,15.0,2.0,2.0,0.0,29.0,50.0,540.0,4.0,3.0,0.0,0.0,0.0,1.0,0.0,0.0,7.0,1.0,0.0,8.0,0.0,0.0,0.0,0.0,84.06,36.96,0.0,0.0,50.0,60.42,65.22,72.73,0.283900630683742,0.0,0.0,0.0,0.0,0.0,10.0,15.0,0.3039994699999999,204.0,33.833333333333336,11.0,2.833333333333333,44.833333333333336,2.5,0.3333333333333333,0.3333333333333333,0.0,4.833333333333333,8.333333333333334,0.6666666666666666,0.5,0.0,0.0,0.0,0.1666666666666666,0.0,0.0,1.1666666666666667,0.1666666666666666,0.0,1.3333333333333333,0.0,0.0,0.0,0.0,84.06,36.96,0.0,0.0,50.0,60.42,65.22,72.73,0.0473167717806236,0.0,0.0,0.0,0.0,0.0,1.6666666666666667,2.5,0.0506665783333333,34.0,CB,65,40,62,55,80,35,42,44,76,100,36,59,38,16,32,59,16,16,57,65,26,82,41,45,51,51,28,15,38,26,84,62,80,74,45,20,32,10,10,15,28,38,28,75,50,18,49,35,68,22,35,44,61,98,29,46,38,16,32,50,16,16,39,52,26,71,41,45,51,51,28,15,38,26,84,62,80,74,42,20,32,10,10,15,15,24,10,57,Pro League
Mechelen,b7jmo07lqav0wfe2mtlzyspak,1hmy5uxiyr8g915tngl9l8twq,M. van Brederode,Myron van Brederode,23.0,Attacker,Netherlands,Striker,56.0,152.0,10.0,199.0,0.0,5.0,5.0,0.0,20.0,2.0,540.0,23.0,4.0,9.0,12.0,0.0,2.0,16.0,17.0,3.0,3.0,10.0,3.0,3.0,0.0,0.0,0.0,77.73,43.48,21.43,62.5,60.0,40.82,0.0,50.0,0.2250437086225022,1.2679611680894525,0.0,18.0,0.51111655,13.0,28.0,40.0,1.0568435099999998,83.0,9.333333333333334,25.33333333333333,1.6666666666666667,33.166666666666664,0.0,0.8333333333333334,0.8333333333333334,0.0,3.333333333333333,0.3333333333333333,3.8333333333333335,0.6666666666666666,1.5,2.0,0.0,0.3333333333333333,2.6666666666666665,2.833333333333333,0.5,0.5,1.6666666666666667,0.5,0.5,0.0,0.0,0.0,77.73,43.48,21.43,62.5,60.0,40.82,0.0,50.0,0.037507284770417,0.211326861348242,0.0,3.0,0.0851860916666666,2.1666666666666665,4.666666666666667,6.666666666666667,0.1761405849999999,13.833333333333334,ST,94,100,94,100,4,7,21,51,40,53,62,25,97,93,18,40,85,79,84,49,87,74,81,31,51,51,71,32,68,85,88,38,4,53,3,94,13,88,85,96,100,100,94,100,82,97,85,97,4,3,18,51,21,43,26,18,97,84,18,24,62,62,72,26,76,62,78,31,51,51,71,32,68,85,88,38,4,53,3,94,13,82,82,93,100,100,85,100,Pro League
Mechelen,b7jmo07lqav0wfe2mtlzyspak,36u3tovqdi3885wk3139wczfu,L. Marijnissen,Luc Marijnissen,23.0,Defender,Netherlands,Defender,151.0,71.0,22.0,222.0,27.0,6.0,6.0,0.0,35.0,32.0,435.0,8.0,2.0,0.0,1.0,0.0,0.0,0.0,0.0,3.0,0.0,0.0,4.0,0.0,0.0,0.0,0.0,83.77,55.0,0.0,0.0,0.0,61.4,72.97,57.14,0.9474273137196788,0.0,0.0,2.0,0.03555943,0.0,16.0,16.0,0.3102802899999998,128.0,31.24137931034483,14.689655172413794,4.551724137931035,45.93103448275863,5.586206896551724,1.2413793103448276,1.2413793103448276,0.0,7.241379310344828,6.620689655172415,1.6551724137931036,0.4137931034482759,0.0,0.2068965517241379,0.0,0.0,0.0,0.0,0.6206896551724138,0.0,0.0,0.8275862068965518,0.0,0.0,0.0,0.0,83.77,55.0,0.0,0.0,0.0,61.4,72.97,57.14,0.1960194442178646,0.0,0.0,0.4137931034482759,0.0073571234482758,0.0,3.310344827586208,3.310344827586208,0.0641959220689654,26.48275862068966,RB/RCB,86,45,88,76,100,88,95,52,88,86,60,31,21,24,29,26,7,7,24,31,14,21,38,40,52,52,81,86,21,14,31,67,86,38,100,14,26,21,14,10,62,57,14,76,81,43,90,76,100,90,95,52,81,90,62,19,21,19,29,26,7,7,19,31,14,19,38,40,52,52,81,86,21,14,31,67,86,38,100,14,26,19,14,10,57,48,14,76,Pro League
Mechelen,b7jmo07lqav0wfe2mtlzyspak,4ilyw37ebyvszpfjk65mddm38,M. Decoene,Massimo Decoene,22.0,Midfielder,Belgium,Midfielder,80.0,44.0,7.0,123.0,4.0,1.0,1.0,0.0,11.0,13.0,271.0,3.0,1.0,1.0,1.0,0.0,0.0,1.0,1.0,6.0,0.0,1.0,3.0,0.0,0.0,0.0,0.0,81.46,35.0,16.67,100.0,0.0,44.0,44.44,60.0,0.1132209979777954,0.0905462267436326,0.0,1.0,0.04066992,3.0,5.0,10.0,0.234585,73.0,26.568265682656826,14.612546125461256,2.3247232472324724,40.84870848708487,1.328413284132841,0.3321033210332103,0.3321033210332103,0.0,3.653136531365314,4.317343173431734,0.996309963099631,0.3321033210332103,0.3321033210332103,0.3321033210332103,0.0,0.0,0.3321033210332103,0.3321033210332103,1.992619926199262,0.0,0.3321033210332103,0.996309963099631,0.0,0.0,0.0,0.0,81.46,35.0,16.67,100.0,0.0,44.0,44.44,60.0,0.0376010694391202,0.0300707026085864,0.0,0.3321033210332103,0.0135066154981549,0.996309963099631,1.6605166051660516,3.321033210332103,0.0779064575645756,24.24354243542436,RM/RCM,100,40,100,80,40,30,30,60,20,90,40,20,50,40,30,20,20,20,100,30,20,30,40,40,60,60,80,60,60,100,30,20,40,50,40,40,40,30,40,60,30,40,40,100,100,40,100,100,80,40,40,60,20,80,40,20,60,40,30,20,20,20,100,30,20,60,40,40,60,60,80,60,60,100,30,20,40,50,40,40,40,40,40,60,40,40,40,100,Pro League
Mechelen,b7jmo07lqav0wfe2mtlzyspak,7szg0lek1xzuwyeo4zl38oxzo,M. Lohunanu-Mbasi,Malcolm Lohunanu-Mbasi,18.0,Attacker,Belgium,Striker,7.0,15.0,0.0,21.0,4.0,5.0,5.0,0.0,16.0,2.0,253.0,15.0,9.0,1.0,2.0,0.0,1.0,3.0,3.0,0.0,0.0,1.0,2.0,0.0,1.0,0.0,0.0,75.0,0.0,50.0,33.33,0.0,41.03,44.44,100.0,0.5646816791951849,0.1158014925812699,1.0,3.0,0.1394551799999999,1.0,1.0,1.0,0.07565248,7.0,2.490118577075099,5.335968379446641,0.0,7.470355731225297,1.4229249011857708,1.7786561264822136,1.7786561264822136,0.0,5.691699604743083,0.7114624505928854,5.335968379446641,3.2015810276679844,0.3557312252964427,0.7114624505928854,0.0,0.3557312252964427,1.067193675889328,1.067193675889328,0.0,0.0,0.3557312252964427,0.7114624505928854,0.0,0.3557312252964427,0.0,0.0,75.0,0.0,50.0,33.33,0.0,41.03,44.44,100.0,0.2008749056425559,0.041194206847092,0.3557312252964427,1.067193675889328,0.0496085620553359,0.3557312252964427,0.3557312252964427,0.3557312252964427,0.0269119494071146,2.490118577075099,ST,4,3,12,3,47,7,21,51,29,53,15,82,60,10,18,16,15,13,21,4,18,57,22,71,51,51,51,12,100,35,4,41,56,93,18,6,32,26,38,26,9,4,12,4,12,6,12,3,50,29,38,51,59,62,59,97,68,21,18,29,24,21,21,4,24,74,22,85,51,51,51,12,100,35,4,41,56,93,35,9,41,41,65,41,12,6,15,9,Pro League
Mechelen,b7jmo07lqav0wfe2mtlzyspak,8erbr3ewwl0o6ib0q4r7tmp9m,F. Hammar,Fredrik Hammar,25.0,Midfielder,Sweden,Midfielder,73.0,79.0,7.0,152.0,15.0,0.0,0.0,1.0,48.0,10.0,495.0,7.0,9.0,0.0,2.0,0.0,0.0,4.0,4.0,9.0,0.0,0.0,11.0,0.0,0.0,0.0,0.0,76.77,35.0,0.0,0.0,0.0,48.98,45.45,42.31,0.0,0.1556194147589229,0.0,2.0,0.14872094,1.0,19.0,13.0,0.35133361,92.0,13.272727272727272,14.363636363636363,1.2727272727272727,27.63636363636364,2.727272727272727,0.0,0.0,0.1818181818181818,8.727272727272727,1.818181818181818,1.2727272727272727,1.6363636363636365,0.0,0.3636363636363636,0.0,0.0,0.7272727272727273,0.7272727272727273,1.6363636363636365,0.0,0.0,2.0,0.0,0.0,0.0,0.0,76.77,35.0,0.0,0.0,0.0,48.98,45.45,42.31,0.0,0.0282944390470768,0.0,0.3636363636363636,0.0270401709090909,0.1818181818181818,3.4545454545454546,2.363636363636364,0.0638788381818181,16.727272727272727,DM/CM,32,39,27,32,97,3,19,98,100,58,63,84,24,31,8,21,52,48,74,26,13,97,42,40,52,52,10,16,24,13,26,32,42,13,3,42,16,16,65,26,63,29,26,48,23,26,23,23,97,3,19,97,100,48,61,81,24,29,8,21,42,42,74,26,13,90,42,40,52,52,10,16,24,13,26,32,42,13,3,42,16,16,58,23,45,19,16,35,Pro League
Mechelen,b7jmo07lqav0wfe2mtlzyspak,8k74pobko1dbwj30bx57ln7dg,C. Van Meirvenne,Cedric Van Meirvenne,21.0,Attacker,Belgium,Striker,27.0,62.0,5.0,84.0,0.0,2.0,1.0,0.0,22.0,1.0,259.0,7.0,6.0,5.0,8.0,1.0,1.0,12.0,12.0,1.0,0.0,6.0,6.0,0.0,0.0,0.0,0.0,83.17,62.5,38.46,50.0,0.0,53.66,0.0,60.0,0.1886858084203546,0.914410633834008,1.0,16.0,0.44828764,3.0,6.0,6.0,0.94924448,35.0,9.382239382239382,21.544401544401545,1.7374517374517375,29.18918918918919,0.0,0.694980694980695,0.3474903474903475,0.0,7.644787644787645,0.3474903474903475,2.4324324324324325,2.0849420849420848,1.7374517374517375,2.77992277992278,0.3474903474903475,0.3474903474903475,4.1698841698841695,4.1698841698841695,0.3474903474903475,0.0,2.0849420849420848,2.0849420849420848,0.0,0.0,0.0,0.0,83.17,62.5,38.46,50.0,0.0,53.66,0.0,60.0,0.0655664971344861,0.3177488688998483,0.3474903474903475,5.55984555984556,0.1557756277992278,1.0424710424710424,2.0849420849420848,2.0849420849420848,0.3298532942084942,12.16216216216216,RW,55,55,73,55,27,14,9,55,64,36,9,86,64,68,18,27,64,64,36,14,73,86,27,27,50,55,91,73,91,73,14,82,32,59,9,73,23,82,73,41,55,27,82,55,64,91,82,100,27,9,18,55,100,45,27,100,73,91,18,36,91,73,45,14,82,100,27,27,50,55,91,73,91,73,14,82,32,59,9,100,27,91,91,55,82,18,100,91,Pro League
Mechelen,b7jmo07lqav0wfe2mtlzyspak,8prtj2o0lz1zbzpuw4ah4qhud,D. Praet,Dennis Praet,32.0,Midfielder,Belgium,Midfielder,75.0,91.0,11.0,166.0,4.0,1.0,0.0,0.0,34.0,5.0,489.0,1.0,13.0,0.0,2.0,1.0,0.0,5.0,5.0,8.0,0.0,4.0,7.0,0.0,0.0,0.0,0.0,80.98,40.74,0.0,80.0,0.0,69.39,80.0,50.0,0.0723781402760952,0.1829675077196788,1.0,6.0,0.14364491,2.0,9.0,16.0,0.45690305,74.0,13.803680981595091,16.74846625766871,2.0245398773006134,30.552147239263803,0.7361963190184049,0.1840490797546012,0.0,0.0,6.257668711656441,0.920245398773006,0.1840490797546012,2.392638036809816,0.0,0.3680981595092024,0.1840490797546012,0.0,0.920245398773006,0.920245398773006,1.4723926380368098,0.0,0.7361963190184049,1.2883435582822085,0.0,0.0,0.0,0.0,80.98,40.74,0.0,80.0,0.0,69.39,80.0,50.0,0.0133211301121647,0.0336750014207997,0.1840490797546012,1.1042944785276072,0.0264377134969325,0.3680981595092024,1.656441717791411,2.9447852760736195,0.0840925858895705,13.61963190184049,DM/CM,35,56,48,42,40,18,19,48,81,18,21,98,24,31,34,21,71,69,66,26,92,61,42,40,52,52,26,23,24,97,26,100,95,27,19,48,44,61,61,50,18,44,48,32,26,52,45,26,32,13,19,48,71,6,16,97,24,32,29,21,55,52,55,26,81,52,42,40,52,52,26,23,24,97,26,100,95,27,19,48,42,52,55,52,10,35,55,23,Pro League
Mechelen,b7jmo07lqav0wfe2mtlzyspak,a1ahtfrvwqyva1m1q7fjew6ei,José Marsà,José Marsà,24.0,Defender,Spain,Defender,133.0,117.0,33.0,247.0,9.0,5.0,4.0,0.0,20.0,26.0,514.0,7.0,2.0,3.0,1.0,1.0,2.0,2.0,2.0,7.0,0.0,2.0,6.0,0.0,0.0,0.0,0.0,78.41,43.42,30.0,100.0,0.0,58.82,56.25,85.71,0.5003645618314375,0.1477614958928986,2.0,5.0,0.12570075,4.0,29.0,33.0,0.58848577,137.0,23.28793774319066,20.4863813229572,5.778210116731517,43.249027237354085,1.575875486381323,0.8754863813229572,0.7003891050583657,0.0,3.501945525291829,4.552529182879377,1.22568093385214,0.3501945525291828,0.5252918287937743,0.1750972762645914,0.1750972762645914,0.3501945525291828,0.3501945525291828,0.3501945525291828,1.22568093385214,0.0,0.3501945525291828,1.050583657587549,0.0,0.0,0.0,0.0,78.41,43.42,30.0,100.0,0.0,58.82,56.25,85.71,0.0876124719160104,0.0258726354676281,0.3501945525291828,0.8754863813229572,0.0220098589494163,0.7003891050583657,5.077821011673152,5.778210116731517,0.1030422554474708,23.988326848249027,LB/LCB,76,82,100,76,85,65,79,50,47,100,47,41,44,12,32,71,29,26,62,26,56,68,41,41,53,53,41,59,71,94,26,82,71,100,76,24,62,41,53,44,76,76,47,76,65,76,100,71,82,47,76,50,24,100,53,29,41,12,24,65,24,18,59,26,47,47,41,41,53,53,41,59,71,94,26,82,71,100,65,18,41,41,47,35,71,76,41,71,Pro League
Mechelen,b7jmo07lqav0wfe2mtlzyspak,dbfyqig1hbzbbzsdbtzyzg7pw,T. Koudou,Thérence Koudou,21.0,Midfielder,France,Midfielder,62.0,87.0,5.0,143.0,5.0,6.0,2.0,0.0,25.0,3.0,440.0,8.0,9.0,6.0,7.0,4.0,1.0,13.0,15.0,4.0,1.0,5.0,4.0,1.0,0.0,0.0,0.0,74.09,29.41,23.08,38.46,16.67,48.08,55.56,66.67,0.4599884539107723,0.6511347168795033,3.0,10.0,0.28421956,7.0,8.0,21.0,0.83821143,64.0,12.681818181818182,17.795454545454543,1.0227272727272727,29.25,1.0227272727272727,1.227272727272727,0.409090909090909,0.0,5.113636363636363,0.6136363636363635,1.6363636363636362,1.8409090909090908,1.227272727272727,1.4318181818181817,0.8181818181818181,0.2045454545454545,2.6590909090909087,3.068181818181818,0.8181818181818181,0.2045454545454545,1.0227272727272727,0.8181818181818181,0.2045454545454545,0.0,0.0,0.0,74.09,29.41,23.08,38.46,16.67,48.08,55.56,66.67,0.0940885473908397,0.1331866466344438,0.6136363636363635,2.0454545454545454,0.058135819090909,1.4318181818181817,1.6363636363636362,4.295454545454545,0.1714523379545454,13.09090909090909,RM/RCM,70,100,80,100,70,60,60,60,80,40,80,100,80,80,90,50,80,80,70,60,80,60,90,40,60,60,60,40,80,60,60,60,70,100,60,80,80,80,80,90,60,100,80,80,60,100,60,60,40,60,60,60,40,40,80,100,80,80,60,40,80,80,60,60,80,40,80,40,60,60,60,40,80,60,60,60,70,100,60,80,80,80,80,80,20,100,80,60,Pro League
Mechelen,b7jmo07lqav0wfe2mtlzyspak,ubuh5wgnl0o5bn3wirdmectm,M. Eerdhuijzen,Mike Eerdhuijzen,26.0,Defender,Netherlands,Defender,111.0,62.0,18.0,172.0,13.0,3.0,3.0,0.0,20.0,20.0,260.0,5.0,1.0,1.0,3.0,0.0,0.0,0.0,0.0,2.0,1.0,0.0,3.0,0.0,0.0,0.0,0.0,88.66,52.94,100.0,0.0,33.33,74.07,76.47,50.0,0.5580841240565708,0.2996154681945714,0.0,1.0,0.01689528,0.0,14.0,22.0,0.4587728,126.0,38.42307692307693,21.461538461538463,6.230769230769231,59.53846153846154,4.5,1.0384615384615383,1.0384615384615383,0.0,6.923076923076923,6.923076923076923,1.7307692307692308,0.3461538461538461,0.3461538461538461,1.0384615384615383,0.0,0.0,0.0,0.0,0.6923076923076923,0.3461538461538461,0.0,1.0384615384615383,0.0,0.0,0.0,0.0,88.66,52.94,100.0,0.0,33.33,74.07,76.47,50.0,0.1931829660195822,0.1037130466827362,0.0,0.3461538461538461,0.0058483661538461,0.0,4.846153846153846,7.615384615384616,0.1588059692307692,43.61538461538461,CB,28,35,68,22,71,56,64,44,48,30,45,18,79,82,32,21,16,16,6,65,26,28,41,45,51,51,60,62,98,26,70,95,95,22,78,85,32,24,20,15,48,60,48,35,72,68,95,75,100,80,88,44,95,70,78,30,82,85,32,21,16,16,15,92,26,52,41,45,51,51,60,62,98,26,70,95,95,22,100,90,32,30,25,15,75,95,78,82,Pro League
Westerlo,2nhn3ikl1ciq34w3hcp883d6p,2gheip9j20aq9iisgxc16pses,I. Sakamoto,Isa Sakamoto,23.0,Attacker,Japan,Striker,59.0,74.0,1.0,133.0,3.0,10.0,5.0,0.0,14.0,2.0,433.0,18.0,4.0,0.0,10.0,5.0,3.0,8.0,9.0,0.0,2.0,3.0,4.0,1.0,2.0,0.0,0.0,84.18,50.0,0.0,37.5,20.0,43.75,50.0,100.0,0.8378495428528268,0.8333731648731963,6.0,11.0,0.34898983,2.0,11.0,12.0,0.57968595,51.0,12.263279445727484,15.3810623556582,0.207852193995381,27.64434180138568,0.6235565819861432,2.07852193995381,1.039260969976905,0.0,2.909930715935335,0.4157043879907621,3.741339491916859,0.8314087759815243,0.0,2.07852193995381,1.039260969976905,0.6235565819861432,1.6628175519630486,1.8706697459584296,0.0,0.4157043879907621,0.6235565819861432,0.8314087759815243,0.207852193995381,0.4157043879907621,0.0,0.0,84.18,50.0,0.0,37.5,20.0,43.75,50.0,100.0,0.174148865719987,0.1732184407357683,1.2471131639722863,2.286374133949192,0.072538301847575,0.4157043879907621,2.286374133949192,2.4942263279445727,0.1204889965357967,10.600461893764434,ST,100,82,31,85,40,62,21,51,22,53,32,25,26,85,94,60,38,41,21,28,46,84,54,87,51,51,94,51,26,53,22,53,65,93,35,85,88,76,76,51,85,79,74,85,100,79,29,88,32,44,24,51,9,53,24,26,26,91,88,65,35,38,21,21,41,82,53,88,51,51,94,51,26,53,22,53,65,93,29,76,85,74,74,50,88,68,71,79,Pro League
Westerlo,2nhn3ikl1ciq34w3hcp883d6p,3ol164v8de7km3keco2x2a6ms,S. Saito,Shunsuke Saito,21.0,Attacker,Japan,Striker,50.0,80.0,2.0,126.0,0.0,11.0,8.0,0.0,24.0,1.0,447.0,20.0,5.0,4.0,8.0,3.0,3.0,20.0,21.0,0.0,5.0,9.0,6.0,3.0,0.0,1.0,0.0,79.75,20.0,21.05,45.0,45.45,46.15,0.0,60.0,0.9945203482309048,0.7963610854931472,3.0,15.0,0.45671339,3.0,12.0,16.0,1.2048029399999998,54.0,10.06711409395973,16.10738255033557,0.4026845637583892,25.369127516778523,0.0,2.214765100671141,1.610738255033557,0.0,4.832214765100671,0.2013422818791946,4.026845637583892,1.006711409395973,0.8053691275167785,1.610738255033557,0.6040268456375839,0.6040268456375839,4.026845637583892,4.228187919463087,0.0,1.006711409395973,1.812080536912752,1.2080536912751678,0.6040268456375839,0.0,0.2013422818791946,0.0,79.75,20.0,21.05,45.0,45.45,46.15,0.0,60.0,0.2002389962881016,0.1603411581529826,0.6040268456375839,3.02013422818792,0.0919557161073825,0.6040268456375839,2.416107382550336,3.221476510067114,0.2425777731543623,10.872483221476507,RW,91,73,50,91,27,68,73,55,77,36,73,64,55,68,59,82,91,91,14,77,91,86,91,27,100,55,82,27,55,64,64,64,32,59,64,64,50,73,82,41,91,73,91,91,73,73,27,64,27,55,64,55,45,27,64,45,55,64,55,64,73,82,14,82,73,55,91,27,100,55,82,27,55,64,64,64,32,59,45,55,45,64,55,36,91,82,82,64,Pro League
Westerlo,2nhn3ikl1ciq34w3hcp883d6p,5mi7tfw92j72ztsmfdxewack4,D. Ourega,Dylan Ourega,21.0,Defender,France,Defender,92.0,56.0,9.0,143.0,1.0,7.0,5.0,0.0,33.0,9.0,505.0,13.0,10.0,5.0,4.0,2.0,3.0,23.0,23.0,5.0,3.0,12.0,5.0,1.0,0.0,0.0,0.0,77.3,33.33,38.46,52.17,42.86,51.56,14.29,50.0,0.5037139680227404,0.4344788150871556,2.0,5.0,0.09828585,4.0,9.0,13.0,0.5095638099999998,64.0,16.396039603960396,9.98019801980198,1.603960396039604,25.48514851485149,0.1782178217821782,1.2475247524752475,0.8910891089108911,0.0,5.881188118811882,1.603960396039604,2.316831683168317,1.7821782178217822,0.8910891089108911,0.712871287128713,0.3564356435643565,0.5346534653465347,4.099009900990099,4.099009900990099,0.8910891089108911,0.5346534653465347,2.1386138613861387,0.8910891089108911,0.1782178217821782,0.0,0.0,0.0,77.3,33.33,38.46,52.17,42.86,51.56,14.29,50.0,0.0897708061822705,0.0774318680353346,0.3564356435643565,0.8910891089108911,0.0175162900990099,0.712871287128713,1.603960396039604,2.316831683168317,0.0908133522772277,11.405940594059407,LB/LCB,50,29,47,26,9,79,91,50,94,15,91,97,76,53,56,94,100,100,41,100,100,53,88,41,53,53,18,35,94,71,82,47,9,38,82,59,62,41,29,44,24,29,35,21,24,6,29,12,12,76,94,50,94,6,88,100,71,47,41,88,100,100,24,94,100,41,82,41,53,53,18,35,94,71,82,47,9,38,76,59,47,47,24,41,18,12,18,12,Pro League
Westerlo,2nhn3ikl1ciq34w3hcp883d6p,5txdb3wg2quv1fub6lcv8yyac,N. Bassette,Norman Bassette,21.0,Attacker,Belgium,Striker,20.0,29.0,0.0,49.0,11.0,13.0,10.0,0.0,20.0,5.0,417.0,16.0,8.0,0.0,4.0,3.0,1.0,5.0,6.0,0.0,7.0,1.0,0.0,3.0,0.0,0.0,0.0,68.06,0.0,0.0,20.0,53.85,35.09,39.29,0.0,1.2675440431973335,0.3311559805494226,3.0,1.0,0.01935132,0.0,2.0,2.0,0.13741887,11.0,4.316546762589928,6.258992805755395,0.0,10.575539568345322,2.3741007194244603,2.805755395683453,2.158273381294964,0.0,4.316546762589928,1.079136690647482,3.4532374100719423,1.7266187050359711,0.0,0.8633093525179856,0.6474820143884892,0.2158273381294964,1.079136690647482,1.2949640287769784,0.0,1.5107913669064748,0.2158273381294964,0.0,0.6474820143884892,0.0,0.0,0.0,68.06,0.0,0.0,20.0,53.85,35.09,39.29,0.0,0.2735706568051799,0.0714725137876451,0.6474820143884892,0.2158273381294964,0.004176543884892,0.0,0.4316546762589928,0.4316546762589928,0.0296587489208633,2.3741007194244603,ST,44,21,12,28,62,75,69,51,40,78,21,71,26,38,68,16,29,29,21,90,18,10,81,31,51,51,26,12,26,18,85,15,44,10,62,35,65,6,3,6,22,12,24,10,44,15,12,18,59,74,56,51,35,79,15,71,26,38,68,9,26,26,21,88,18,10,85,31,51,51,26,12,26,18,85,15,44,10,53,29,65,6,3,6,18,9,21,6,Pro League
Westerlo,2nhn3ikl1ciq34w3hcp883d6p,6jox21ck8ox2q4mpoqikpbtd6,S. Kimura,Seiji Kimura,25.0,Defender,Japan,Defender,220.0,112.0,17.0,331.0,9.0,3.0,3.0,0.0,15.0,27.0,540.0,5.0,2.0,1.0,1.0,0.0,1.0,1.0,1.0,10.0,0.0,0.0,3.0,0.0,0.0,0.0,0.0,89.46,48.57,100.0,0.0,0.0,48.39,42.86,75.0,0.3430103963838471,0.0,0.0,5.0,0.08616663,0.0,26.0,37.0,0.6564483299999998,206.0,36.66666666666666,18.666666666666668,2.833333333333333,55.16666666666666,1.5,0.5,0.5,0.0,2.5,4.5,0.8333333333333334,0.3333333333333333,0.1666666666666666,0.1666666666666666,0.0,0.1666666666666666,0.1666666666666666,0.1666666666666666,1.6666666666666667,0.0,0.0,0.5,0.0,0.0,0.0,0.0,89.46,48.57,100.0,0.0,0.0,48.39,42.86,75.0,0.0571683993973078,0.0,0.0,0.8333333333333334,0.0143611049999999,0.0,4.333333333333333,6.166666666666667,0.1094080549999999,34.333333333333336,CB,81,68,62,82,52,56,64,44,20,52,45,40,79,46,32,59,41,41,76,25,26,28,41,45,51,51,65,52,98,26,25,25,29,84,48,20,32,70,62,15,72,85,70,80,62,60,49,62,42,44,54,44,5,30,38,26,75,36,32,50,35,35,64,25,26,16,41,45,51,51,65,52,98,26,25,25,29,84,48,20,32,64,55,15,60,74,57,62,Pro League
Westerlo,2nhn3ikl1ciq34w3hcp883d6p,6lap0wrnichfxxqm5kgtoflec,L. Flø,Lasse Flø,20.0,Defender,Denmark,Defender,54.0,87.0,4.0,138.0,2.0,0.0,0.0,0.0,18.0,14.0,347.0,3.0,2.0,3.0,7.0,0.0,0.0,9.0,9.0,4.0,0.0,5.0,7.0,0.0,2.0,0.0,0.0,83.13,40.0,37.5,55.56,0.0,54.55,66.67,77.78,0.0,0.5739406630100998,0.0,15.0,0.36177574,5.0,11.0,20.0,0.6198817799999999,59.0,14.005763688760808,22.56484149855908,1.037463976945245,35.79250720461095,0.5187319884726225,0.0,0.0,0.0,4.6685878962536025,3.631123919308357,0.7780979827089337,0.5187319884726225,0.7780979827089337,1.8155619596541783,0.0,0.0,2.334293948126801,2.334293948126801,1.037463976945245,0.0,1.296829971181556,1.8155619596541783,0.0,0.5187319884726225,0.0,0.0,83.13,40.0,37.5,55.56,0.0,54.55,66.67,77.78,0.0,0.1488606906942622,0.0,3.890489913544669,0.0938323244956772,1.296829971181556,2.8530259365994235,5.187319884726224,0.1607762541786743,15.302593659942362,RB/RCB,24,67,26,33,7,7,12,52,19,33,24,31,74,81,29,26,83,81,33,31,86,55,38,98,52,52,62,52,88,76,31,48,74,88,7,76,26,100,95,86,40,67,57,29,33,95,29,57,14,7,12,52,43,57,24,29,71,95,29,26,86,81,43,31,95,81,38,100,52,52,62,52,88,76,31,48,74,88,7,90,26,100,100,100,43,86,71,38,Pro League
Westerlo,2nhn3ikl1ciq34w3hcp883d6p,9rsuz6bumw4jyw25gpingu25m,C. Sandra,Cisse Sandra,22.0,Midfielder,Belgium,Midfielder,96.0,105.0,10.0,201.0,7.0,5.0,4.0,0.0,22.0,9.0,540.0,8.0,7.0,0.0,4.0,1.0,2.0,6.0,6.0,6.0,2.0,3.0,1.0,0.0,0.0,0.0,0.0,83.75,66.67,0.0,50.0,40.0,48.89,50.0,16.67,0.4782575008924047,0.1158615138814521,2.0,4.0,0.07241456,1.0,20.0,19.0,0.45889914,111.0,16.0,17.5,1.6666666666666667,33.5,1.1666666666666667,0.8333333333333334,0.6666666666666666,0.0,3.6666666666666665,1.5,1.3333333333333333,1.1666666666666667,0.0,0.6666666666666666,0.1666666666666666,0.3333333333333333,1.0,1.0,1.0,0.3333333333333333,0.5,0.1666666666666666,0.0,0.0,0.0,0.0,83.75,66.67,0.0,50.0,40.0,48.89,50.0,16.67,0.0797095834820674,0.0193102523135753,0.3333333333333333,0.6666666666666666,0.0120690933333333,0.1666666666666666,3.333333333333333,3.1666666666666665,0.0764831899999999,18.5,DM/CM,48,69,39,61,60,77,87,48,39,47,71,71,24,56,34,89,81,81,55,90,76,3,42,40,52,52,52,71,24,63,81,29,47,3,84,32,73,40,29,26,68,60,52,65,29,58,29,48,56,65,82,48,19,32,65,61,24,48,19,79,61,58,35,81,63,3,42,40,52,52,52,71,24,63,81,29,47,3,77,23,61,31,23,16,35,39,29,52,Pro League
Westerlo,2nhn3ikl1ciq34w3hcp883d6p,cu2noj1tzmvl5unu2wazyiqs4,I. Fofana,Ibrahim Fofana,22.0,Midfielder,Côte d'Ivoire,Midfielder,128.0,135.0,13.0,262.0,7.0,5.0,2.0,0.0,30.0,15.0,473.0,4.0,4.0,1.0,7.0,3.0,0.0,6.0,6.0,14.0,0.0,2.0,10.0,0.0,1.0,0.0,0.0,85.9,41.94,50.0,33.33,0.0,50.85,58.33,58.82,0.3890662854147624,0.5050422844511022,2.0,4.0,0.08664806,1.0,27.0,25.0,0.50861036,155.0,24.355179704016912,25.687103594080337,2.473572938689218,49.85200845665962,1.331923890063425,0.9513742071881608,0.3805496828752642,0.0,5.708245243128964,2.854122621564482,0.7610993657505285,0.7610993657505285,0.1902748414376321,1.331923890063425,0.5708245243128964,0.0,1.1416490486257929,1.1416490486257929,2.66384778012685,0.0,0.3805496828752642,1.9027484143763207,0.0,0.1902748414376321,0.0,0.0,85.9,41.94,50.0,33.33,0.0,50.85,58.33,58.82,0.0740295257660224,0.0960968405932329,0.3805496828752642,0.7610993657505285,0.0164869458773784,0.1902748414376321,5.137420718816068,4.756871035940804,0.096775755602537,29.492600422832982,DM/CM,71,81,61,71,60,77,73,48,71,89,52,44,65,89,85,21,81,81,100,26,53,89,42,90,52,52,58,26,81,34,26,39,60,58,74,87,73,40,35,26,77,76,74,81,74,84,61,81,65,74,74,48,68,87,48,35,61,77,77,21,71,68,94,26,55,84,42,87,52,52,58,26,81,34,26,39,60,58,71,77,74,35,29,29,77,71,61,84,Pro League
Westerlo,2nhn3ikl1ciq34w3hcp883d6p,d0ftmfnte41xibr8pzm8tk2dw,L. Mbamba-Muanda,Lucas Mbamba-Muanda,20.0,Defender,Belgium,Defender,41.0,43.0,3.0,84.0,2.0,2.0,2.0,1.0,9.0,12.0,237.0,2.0,2.0,0.0,0.0,0.0,1.0,7.0,7.0,5.0,0.0,3.0,2.0,0.0,0.0,0.0,0.0,84.0,37.5,0.0,42.86,0.0,34.62,25.0,100.0,0.1242892664836996,0.0,1.0,2.0,0.05906544,1.0,8.0,7.0,0.18700167,34.0,15.569620253164556,16.329113924050635,1.139240506329114,31.89873417721519,0.759493670886076,0.759493670886076,0.759493670886076,0.379746835443038,3.4177215189873418,4.556962025316456,0.759493670886076,0.759493670886076,0.0,0.0,0.0,0.379746835443038,2.6582278481012658,2.6582278481012658,1.89873417721519,0.0,1.139240506329114,0.759493670886076,0.0,0.0,0.0,0.0,84.0,37.5,0.0,42.86,0.0,34.62,25.0,100.0,0.0471984556267213,0.0,0.379746835443038,0.759493670886076,0.0224299139240506,0.379746835443038,3.037974683544304,2.6582278481012658,0.0710132924050633,12.91139240506329,CB,8,12,9,5,10,35,42,94,8,21,21,40,38,16,32,59,91,91,29,25,88,15,41,45,51,51,25,18,38,65,25,5,6,99,18,20,79,36,48,44,12,10,10,5,12,48,12,12,18,70,80,100,30,32,35,65,38,16,32,82,100,98,72,25,98,32,41,45,51,51,25,18,38,65,25,5,6,99,40,20,90,55,72,60,42,30,30,10,Pro League
Westerlo,2nhn3ikl1ciq34w3hcp883d6p,do8nqlhvf43wmla5rakw1chsk,A. Lapage,Amando Lapage,21.0,Defender,Belgium,Defender,220.0,84.0,30.0,304.0,7.0,4.0,3.0,0.0,16.0,41.0,433.0,3.0,2.0,0.0,0.0,1.0,0.0,0.0,0.0,10.0,1.0,0.0,5.0,1.0,0.0,0.0,0.0,87.11,51.72,0.0,0.0,25.0,55.17,77.78,62.5,0.489939313455705,0.0,1.0,0.0,0.0,1.0,22.0,29.0,0.5376135099999998,202.0,45.72748267898383,17.45958429561201,6.235565819861432,63.18706697459584,1.4549653579676676,0.8314087759815243,0.6235565819861432,0.0,3.325635103926097,8.521939953810623,0.6235565819861432,0.4157043879907621,0.0,0.0,0.207852193995381,0.0,0.0,0.0,2.07852193995381,0.207852193995381,0.0,1.039260969976905,0.207852193995381,0.0,0.0,0.0,87.11,51.72,0.0,0.0,25.0,55.17,77.78,62.5,0.101834961226359,0.0,0.207852193995381,0.0,0.0,0.207852193995381,4.572748267898383,6.027713625866051,0.1117441475750577,41.98614318706698,CB,81,50,94,75,38,74,64,44,26,85,30,40,38,16,76,21,16,16,76,65,26,46,90,45,51,51,48,57,38,26,55,45,98,52,68,20,79,10,10,44,62,70,52,71,90,52,98,78,38,75,65,44,20,100,25,40,38,16,72,21,16,16,85,68,26,55,95,45,51,51,48,57,38,26,55,45,98,52,75,20,80,10,10,45,68,70,60,75,Pro League
Westerlo,2nhn3ikl1ciq34w3hcp883d6p,qqr3rbwxctlzsszhm7js5eui,C. Congreve,Cameron Congreve,22.0,Midfielder,Wales,Midfielder,23.0,72.0,4.0,84.0,6.0,8.0,4.0,0.0,24.0,2.0,413.0,20.0,5.0,11.0,16.0,4.0,3.0,21.0,21.0,1.0,3.0,8.0,3.0,0.0,3.0,0.0,0.0,71.79,44.44,32.35,38.1,37.5,47.06,75.0,60.0,0.7976233835371085,1.5504850398262098,4.0,12.0,0.46670474,7.0,14.0,18.0,1.05909433,44.0,5.012106537530267,15.690072639225182,0.8716707021791769,18.30508474576272,1.3075060532687652,1.7433414043583535,0.8716707021791769,0.0,5.230024213075061,0.4358353510895884,4.358353510895884,1.089588377723971,2.397094430992736,3.4866828087167074,0.8716707021791769,0.6537530266343826,4.576271186440678,4.576271186440678,0.2179176755447942,0.6537530266343826,1.7433414043583535,0.6537530266343826,0.0,0.6537530266343826,0.0,0.0,71.79,44.44,32.35,38.1,37.5,47.06,75.0,60.0,0.1738162337005805,0.3378780958459053,0.8716707021791769,2.6150121065375305,0.1017032121065375,1.5254237288135597,3.050847457627119,3.922518159806296,0.2307953745762712,9.588377723970943,RM/RCM,20,80,50,40,100,100,90,60,60,20,100,80,100,100,90,100,100,100,30,100,100,30,40,100,60,60,40,80,100,40,100,40,100,50,100,100,100,100,100,90,100,80,100,20,20,60,40,20,60,80,80,60,60,20,100,60,100,100,80,80,100,100,20,80,100,20,40,100,60,60,40,80,100,40,100,40,100,50,80,100,100,100,100,100,100,80,100,20,Pro League
Lommel,30lkpynopz5r9obxg9f6glpqc,3h06pclx1wborpmnwg52rway2,T. Reyners,Tom Reyners,26.0,Midfielder,Belgium,Midfielder,57.0,71.0,8.0,124.0,0.0,9.0,6.0,0.0,24.0,5.0,527.0,19.0,6.0,4.0,9.0,3.0,1.0,18.0,20.0,4.0,6.0,8.0,6.0,3.0,0.0,0.0,0.0,78.98,50.0,26.67,44.44,66.67,39.34,0.0,60.0,0.8411563590462997,0.8500930955649535,0.0,11.0,0.24830349,6.0,11.0,15.0,0.8740436600000001,57.0,9.734345351043643,12.125237191650855,1.366223908918406,21.176470588235297,0.0,1.537001897533207,1.0246679316888043,0.0,4.098671726755218,0.8538899430740039,3.2447817836812147,1.0246679316888043,0.683111954459203,1.537001897533207,0.5123339658444023,0.1707779886148007,3.074003795066414,3.415559772296016,0.683111954459203,1.0246679316888043,1.366223908918406,1.0246679316888043,0.5123339658444023,0.0,0.0,0.0,78.98,50.0,26.67,44.44,66.67,39.34,0.0,60.0,0.1436509911084762,0.1451771889959123,0.0,1.8785578747628084,0.0424047705882352,1.0246679316888043,1.8785578747628084,2.561669829222012,0.1492674182163188,9.734345351043643,CM/AM,64,32,64,32,5,61,70,52,77,66,82,70,45,50,45,23,98,100,70,93,93,70,93,27,50,52,32,39,36,55,95,18,7,61,64,41,11,68,55,68,30,34,64,36,41,9,55,14,5,36,64,52,45,59,64,45,36,23,32,14,86,86,59,82,91,50,86,27,50,52,32,39,36,55,95,18,7,61,50,27,11,50,36,55,14,14,41,14,Pro League
Lommel,30lkpynopz5r9obxg9f6glpqc,3rve12v22lh39aaqgjlwlmhas,D. Konadu,Don-Angelo Konadu,20.0,Attacker,Netherlands,Striker,18.0,21.0,6.0,39.0,2.0,9.0,9.0,0.0,16.0,1.0,297.0,16.0,6.0,0.0,4.0,0.0,0.0,9.0,9.0,1.0,3.0,8.0,0.0,1.0,0.0,0.0,0.0,82.98,85.71,0.0,88.89,33.33,48.48,22.22,0.0,1.1100524316422398,0.3145177393180949,1.0,4.0,0.11402483,1.0,7.0,7.0,0.1514574,16.0,5.454545454545455,6.363636363636364,1.8181818181818183,11.818181818181818,0.6060606060606061,2.7272727272727275,2.7272727272727275,0.0,4.848484848484849,0.303030303030303,4.848484848484849,1.8181818181818183,0.0,1.2121212121212122,0.0,0.0,2.7272727272727275,2.7272727272727275,0.303030303030303,0.9090909090909092,2.4242424242424243,0.0,0.303030303030303,0.0,0.0,0.0,82.98,85.71,0.0,88.89,33.33,48.48,22.22,0.0,0.3363795247400726,0.0953084058539681,0.303030303030303,1.2121212121212122,0.0345529787878787,0.303030303030303,2.121212121212121,2.121212121212121,0.0458961818181818,4.848484848484849,ST,31,9,81,12,29,49,60,51,29,28,21,50,26,38,18,3,43,41,51,49,78,10,54,31,51,51,85,87,26,94,53,71,21,10,56,26,32,35,32,26,69,56,29,21,56,18,91,29,29,65,74,51,41,38,41,76,26,59,18,3,74,59,62,59,94,10,65,31,51,51,85,87,26,94,53,71,21,10,76,53,35,50,44,38,82,62,35,32,Pro League
Lommel,30lkpynopz5r9obxg9f6glpqc,7uwe0kxpzg271d8ocms7l2kno,J. van Duiven,Jason van Duiven,21.0,Attacker,Netherlands,Striker,85.0,89.0,13.0,163.0,10.0,6.0,2.0,0.0,37.0,22.0,540.0,8.0,10.0,11.0,9.0,4.0,1.0,8.0,8.0,9.0,2.0,5.0,8.0,0.0,3.0,0.0,0.0,77.99,48.15,39.29,62.5,33.33,59.68,58.82,66.67,0.443181716482966,1.1142521403954684,4.0,12.0,0.29982788,7.0,18.0,18.0,0.7516203300000003,94.0,14.166666666666666,14.833333333333334,2.1666666666666665,27.166666666666668,1.6666666666666667,1.0,0.3333333333333333,0.0,6.166666666666667,3.6666666666666665,1.3333333333333333,1.6666666666666667,1.8333333333333333,1.5,0.6666666666666666,0.1666666666666666,1.3333333333333333,1.3333333333333333,1.5,0.3333333333333333,0.8333333333333334,1.3333333333333333,0.0,0.5,0.0,0.0,77.99,48.15,39.29,62.5,33.33,59.68,58.82,66.67,0.0738636194138276,0.1857086900659114,0.6666666666666666,2.0,0.0499713133333333,1.1666666666666667,3.0,3.0,0.125270055,15.666666666666666,RW,100,91,100,100,91,32,23,55,100,100,23,100,91,82,73,27,41,32,100,41,64,100,27,95,50,55,55,45,100,100,45,100,100,82,27,82,64,59,55,77,100,86,55,100,100,64,100,91,91,27,9,55,73,100,9,91,82,45,64,9,27,27,100,27,45,73,27,91,50,55,55,45,100,100,45,100,100,82,18,64,64,45,36,73,100,73,45,100,Pro League
Lommel,30lkpynopz5r9obxg9f6glpqc,8nnxi9lw3hso096kk81h0azh0,J. Talvitie,Juho Talvitie,21.0,Attacker,Finland,Striker,38.0,57.0,6.0,94.0,3.0,7.0,6.0,0.0,29.0,2.0,357.0,21.0,11.0,1.0,3.0,1.0,3.0,24.0,25.0,6.0,2.0,10.0,4.0,0.0,1.0,0.0,0.0,83.19,85.71,9.09,41.67,28.57,42.03,42.86,80.0,0.5729780813033631,0.3779382071613713,0.0,14.0,0.6470938100000001,2.0,8.0,16.0,0.37043788,50.0,9.579831932773107,14.369747899159664,1.512605042016807,23.69747899159664,0.7563025210084033,1.7647058823529411,1.512605042016807,0.0,7.310924369747899,0.5042016806722689,5.294117647058823,2.773109243697479,0.2521008403361344,0.7563025210084033,0.2521008403361344,0.7563025210084033,6.050420168067227,6.302521008403361,1.512605042016807,0.5042016806722689,2.5210084033613445,1.0084033613445378,0.0,0.2521008403361344,0.0,0.0,83.19,85.71,9.09,41.67,28.57,42.03,42.86,80.0,0.1444482557907638,0.0952785396205137,0.0,3.5294117647058822,0.1631328932773109,0.5042016806722689,2.016806722689076,4.033613445378151,0.0933877008403361,12.605042016806722,ST,76,62,81,76,40,22,31,51,66,53,50,96,60,22,44,60,91,91,97,28,87,84,22,71,51,51,88,87,53,65,40,47,51,79,21,47,13,82,91,51,78,87,50,82,88,74,82,76,35,26,32,51,79,59,56,94,62,24,47,68,97,97,97,29,97,85,22,71,51,51,88,87,53,65,40,47,51,79,24,50,13,85,97,56,79,94,53,91,Pro League
Lommel,30lkpynopz5r9obxg9f6glpqc,8przxwwothu3crflys7ahl4dm,S. Adewoye,Shawn Adewoye,26.0,Defender,Belgium,Defender,155.0,42.0,11.0,197.0,11.0,3.0,3.0,0.0,22.0,30.0,383.0,8.0,2.0,0.0,1.0,0.0,1.0,2.0,2.0,15.0,1.0,0.0,3.0,0.0,0.0,0.0,0.0,86.4,42.31,0.0,0.0,33.33,61.11,61.11,33.33,0.3647253046095062,0.042945546928317,0.0,5.0,0.10105766,2.0,9.0,11.0,0.23546103,99.0,36.422976501305484,9.869451697127936,2.5848563968668405,46.29242819843342,2.5848563968668405,0.7049608355091384,0.7049608355091384,0.0,5.169712793733681,7.049608355091384,1.8798955613577024,0.4699738903394256,0.0,0.2349869451697128,0.0,0.2349869451697128,0.4699738903394256,0.4699738903394256,3.524804177545692,0.2349869451697128,0.0,0.7049608355091384,0.0,0.0,0.0,0.0,86.4,42.31,0.0,0.0,33.33,61.11,61.11,33.33,0.0857056851562808,0.0100916428813277,0.0,1.174934725848564,0.0237472308093994,0.4699738903394256,2.114882506527416,2.5848563968668405,0.0553302681462141,23.263707571801568,CB,45,10,32,32,64,56,64,44,55,65,78,40,38,46,32,59,60,60,98,65,26,28,41,45,51,51,42,32,38,26,70,70,72,11,57,42,32,70,65,66,19,21,20,21,60,10,42,42,75,68,75,44,70,78,80,42,38,55,32,68,68,68,100,75,26,25,41,45,51,51,42,32,38,26,70,70,72,11,62,45,32,75,75,68,20,28,15,25,Pro League
Lommel,30lkpynopz5r9obxg9f6glpqc,94pt7ikxi5cdjhbqf7vi9xg4p,T. Eyoma,Timothy Eyoma,26.0,Defender,England,Defender,221.0,72.0,23.0,293.0,12.0,2.0,0.0,0.0,24.0,36.0,514.0,2.0,5.0,0.0,0.0,2.0,1.0,2.0,2.0,8.0,0.0,1.0,2.0,0.0,0.0,0.0,0.0,83.24,41.07,0.0,50.0,0.0,66.67,80.0,33.33,0.1127205672799436,0.0,2.0,3.0,0.05959185,1.0,25.0,29.0,0.5395303899999999,157.0,38.69649805447471,12.607003891050583,4.027237354085603,51.30350194552529,2.1011673151750974,0.3501945525291828,0.0,0.0,4.202334630350195,6.303501945525292,0.3501945525291828,0.8754863813229572,0.0,0.0,0.3501945525291828,0.1750972762645914,0.3501945525291828,0.3501945525291828,1.4007782101167314,0.0,0.1750972762645914,0.3501945525291828,0.0,0.0,0.0,0.0,83.24,41.07,0.0,50.0,0.0,66.67,80.0,33.33,0.0197370643097177,0.0,0.3501945525291828,0.5252918287937743,0.010434370622568,0.1750972762645914,4.3774319066147855,5.077821011673152,0.0944703017509727,27.49027237354085,RB/RCB,100,52,95,95,81,24,12,52,48,98,12,81,21,10,86,69,33,33,71,31,38,5,38,40,52,52,67,57,21,69,31,95,95,5,19,14,83,38,29,24,90,86,52,90,100,24,76,86,67,19,12,52,19,86,10,86,21,10,86,57,29,29,57,31,29,5,38,40,52,52,67,57,21,69,31,95,95,5,19,14,86,29,29,19,81,81,38,81,Pro League
Lommel,30lkpynopz5r9obxg9f6glpqc,9svafwvk8lle1ex1m2y279905,D. Wouters,Dries Wouters,29.0,Midfielder,Belgium,Midfielder,269.0,53.0,22.0,322.0,4.0,3.0,2.0,0.0,14.0,25.0,476.0,6.0,5.0,0.0,0.0,1.0,1.0,1.0,1.0,2.0,1.0,0.0,5.0,0.0,0.0,0.0,0.0,94.15,68.75,0.0,0.0,33.33,63.64,44.44,100.0,0.2441171967729792,0.0,2.0,6.0,0.15427662,2.0,8.0,14.0,0.3406054599999998,176.0,50.86134453781513,10.021008403361344,4.159663865546219,60.88235294117647,0.7563025210084033,0.5672268907563025,0.3781512605042016,0.0,2.647058823529412,4.726890756302521,1.134453781512605,0.9453781512605042,0.0,0.0,0.1890756302521008,0.1890756302521008,0.1890756302521008,0.1890756302521008,0.3781512605042016,0.1890756302521008,0.0,0.9453781512605042,0.0,0.0,0.0,0.0,94.15,68.75,0.0,0.0,33.33,63.64,44.44,100.0,0.0461566128352271,0.0,0.3781512605042016,1.134453781512605,0.0291699491596638,0.3781512605042016,1.512605042016807,2.647058823529412,0.0644001920168066,33.27731092436975,DM/CM,100,16,92,90,40,55,73,48,19,97,58,56,24,8,34,60,11,11,5,66,13,39,42,40,52,52,100,76,24,13,76,82,39,100,55,8,73,61,68,50,11,32,23,87,100,6,90,90,35,48,71,48,13,97,58,48,24,8,32,58,13,13,3,61,13,29,42,40,52,52,100,76,24,13,76,82,39,100,45,8,68,55,65,55,6,29,19,94,Pro League
Lommel,30lkpynopz5r9obxg9f6glpqc,e5kpw4k4tyss5ch8ehfi7nk5x,J. Pelupessy,Joey Pelupessy,33.0,Midfielder,Indonesia,Midfielder,97.0,61.0,1.0,158.0,5.0,2.0,0.0,0.0,12.0,11.0,540.0,0.0,3.0,0.0,2.0,2.0,1.0,0.0,0.0,9.0,0.0,0.0,2.0,0.0,0.0,0.0,0.0,87.78,11.11,0.0,0.0,0.0,66.67,71.43,50.0,0.1263380294833636,0.0811887642623485,1.0,2.0,0.04282587,1.0,8.0,7.0,0.14155324,73.0,16.166666666666668,10.166666666666666,0.1666666666666666,26.33333333333333,0.8333333333333334,0.3333333333333333,0.0,0.0,2.0,1.8333333333333333,0.0,0.5,0.0,0.3333333333333333,0.3333333333333333,0.1666666666666666,0.0,0.0,1.5,0.0,0.0,0.3333333333333333,0.0,0.0,0.0,0.0,87.78,11.11,0.0,0.0,0.0,66.67,71.43,50.0,0.0210563382472272,0.0135314607103914,0.1666666666666666,0.3333333333333333,0.007137645,0.1666666666666666,1.3333333333333333,1.1666666666666667,0.0235922066666666,12.166666666666666,DM/CM,52,23,5,35,48,40,19,48,11,65,8,26,24,31,68,60,5,5,74,26,13,8,42,40,52,52,74,3,24,13,26,92,74,27,35,19,44,16,10,26,11,10,6,29,32,10,3,16,45,31,19,48,3,52,8,16,24,21,55,47,5,5,58,26,13,6,42,40,52,52,74,3,24,13,26,92,74,27,23,16,35,10,6,16,3,6,3,13,Pro League
Lommel,30lkpynopz5r9obxg9f6glpqc,f2nlxmduuyv2rggsp05nzxb84,S. Appuah,Stredair Appuah,22.0,Attacker,France,Striker,43.0,61.0,8.0,102.0,1.0,5.0,1.0,0.0,30.0,6.0,409.0,12.0,4.0,2.0,6.0,4.0,1.0,28.0,29.0,2.0,0.0,20.0,1.0,0.0,1.0,0.0,0.0,80.31,72.73,11.76,71.43,0.0,54.55,33.33,20.0,0.3329660210999878,0.3635548994861945,3.0,19.0,0.51123319,8.0,5.0,7.0,0.4266034700000001,35.0,9.462102689486551,13.422982885085576,1.76039119804401,22.44498777506113,0.2200488997555012,1.1002444987775062,0.2200488997555012,0.0,6.601466992665037,1.3202933985330074,2.640586797066015,0.880195599022005,0.4400977995110025,1.3202933985330074,0.880195599022005,0.2200488997555012,6.161369193154035,6.381418092909536,0.4400977995110025,0.0,4.400977995110025,0.2200488997555012,0.0,0.2200488997555012,0.0,0.0,80.31,72.73,11.76,71.43,0.0,54.55,33.33,20.0,0.0732688065990193,0.0799998556326589,0.6601466992665037,4.180929095354523,0.1124963009779951,1.76039119804401,1.1002444987775062,1.5403422982885089,0.093873624205379,7.701711491442543,ST,85,65,91,79,16,7,6,51,71,84,3,25,74,74,79,16,97,97,69,4,100,34,22,71,51,51,79,79,59,90,4,91,32,22,9,41,65,91,88,84,54,56,65,71,85,71,88,71,15,9,6,51,65,88,3,29,71,65,82,12,100,100,65,4,100,32,22,65,51,51,79,79,59,90,4,91,32,22,9,38,68,94,85,85,56,53,56,62,Pro League
Lommel,30lkpynopz5r9obxg9f6glpqc,sbxnlkg50itbqkpuh8wnwk45,L. Schoofs,Lucas Schoofs,29.0,Midfielder,Belgium,Midfielder,100.0,91.0,13.0,190.0,8.0,6.0,4.0,0.0,28.0,6.0,540.0,10.0,4.0,1.0,7.0,2.0,2.0,2.0,2.0,5.0,1.0,2.0,6.0,1.0,0.0,0.0,0.0,78.51,72.22,100.0,100.0,16.67,46.67,72.73,42.86,0.5472822857509029,0.5250110209783446,2.0,2.0,0.13190251,2.0,14.0,15.0,0.4782007999999999,108.0,16.666666666666668,15.166666666666666,2.1666666666666665,31.666666666666668,1.3333333333333333,1.0,0.6666666666666666,0.0,4.666666666666667,1.0,1.6666666666666667,0.6666666666666666,0.1666666666666666,1.1666666666666667,0.3333333333333333,0.3333333333333333,0.3333333333333333,0.3333333333333333,0.8333333333333334,0.1666666666666666,0.3333333333333333,1.0,0.1666666666666666,0.0,0.0,0.0,78.51,72.22,100.0,100.0,16.67,46.67,72.73,42.86,0.0912137142918171,0.0875018368297241,0.3333333333333333,0.3333333333333333,0.0219837516666666,0.3333333333333333,2.333333333333333,2.5,0.0797001333333333,18.0,DM/CM,55,56,61,55,74,85,87,48,65,29,82,44,65,89,68,89,23,23,42,66,53,48,92,40,52,52,16,81,98,100,56,23,81,16,87,90,73,16,52,50,35,37,58,61,39,34,53,32,68,77,82,48,48,10,71,26,48,71,55,79,16,16,23,53,45,35,84,40,52,52,16,81,98,100,56,23,81,16,84,74,61,10,42,44,29,26,35,48,Pro League
OH Leuven,bw9wm8pqfzcchumhiwdt2w15c,1abf0y93zbw1sw183nblqoicp,E. Pletinckx,Ewoud Pletinckx,25.0,Defender,Belgium,Defender,165.0,88.0,22.0,252.0,12.0,5.0,4.0,0.0,22.0,15.0,450.0,8.0,0.0,1.0,2.0,1.0,1.0,3.0,3.0,8.0,0.0,1.0,7.0,0.0,0.0,0.0,0.0,86.9,68.75,33.33,33.33,0.0,51.16,52.17,77.78,0.541844752249296,0.1647329484881374,0.0,2.0,0.04336653,0.0,28.0,35.0,0.6475350999999999,166.0,33.0,17.6,4.4,50.4,2.4,1.0,0.8,0.0,4.4,3.0,1.6,0.0,0.2,0.4,0.2,0.2,0.6,0.6,1.6,0.0,0.2,1.4,0.0,0.0,0.0,0.0,86.9,68.75,33.33,33.33,0.0,51.16,52.17,77.78,0.1083689504498592,0.0329465896976274,0.0,0.4,0.008673306,0.0,5.6,7.0,0.1295070199999999,33.2,RB/RCB,90,71,88,90,81,74,71,52,36,43,60,5,43,43,67,69,43,43,71,31,38,55,38,40,52,52,90,100,79,43,31,29,38,88,81,38,26,21,24,10,95,95,62,95,86,67,86,81,76,74,71,52,24,43,57,5,43,40,64,71,38,38,74,31,33,43,38,40,52,52,90,100,79,43,31,29,38,88,81,38,26,14,19,10,90,95,57,90,Pro League
OH Leuven,bw9wm8pqfzcchumhiwdt2w15c,1fdi6uzonmsod2drzro8bj3rp,S. Schrijvers,Siebe Schrijvers,30.0,Midfielder,Belgium,Midfielder,44.0,95.0,6.0,129.0,8.0,14.0,6.0,0.0,26.0,4.0,430.0,14.0,5.0,10.0,15.0,8.0,4.0,7.0,7.0,6.0,1.0,4.0,5.0,0.0,1.0,0.0,0.0,75.88,31.58,45.45,57.14,7.14,55.32,44.44,55.56,1.2860826800101124,1.6765301619909914,2.0,5.0,0.20984375,2.0,18.0,19.0,0.7872187199999999,70.0,9.209302325581396,19.88372093023256,1.255813953488372,27.0,1.6744186046511629,2.9302325581395348,1.255813953488372,0.0,5.441860465116279,0.8372093023255814,2.9302325581395348,1.0465116279069768,2.0930232558139537,3.1395348837209305,1.6744186046511629,0.8372093023255814,1.4651162790697674,1.4651162790697674,1.255813953488372,0.2093023255813953,0.8372093023255814,1.0465116279069768,0.0,0.2093023255813953,0.0,0.0,75.88,31.58,45.45,57.14,7.14,55.32,44.44,55.56,0.26918009581607,0.3509016618120679,0.4186046511627907,1.0465116279069768,0.0439207848837209,0.4186046511627907,3.767441860465116,3.976744186046512,0.1647667088372092,14.651162790697676,CM/AM,32,41,45,41,89,93,70,52,82,50,59,52,91,91,91,77,45,45,86,27,59,61,23,64,50,52,23,14,86,75,14,77,50,55,91,95,50,23,45,20,57,52,45,50,32,36,41,36,95,100,68,52,77,50,55,50,86,86,91,77,50,50,77,14,59,59,23,59,50,52,23,14,86,75,14,77,50,55,91,95,45,14,41,23,50,32,55,36,Pro League
OH Leuven,bw9wm8pqfzcchumhiwdt2w15c,3vuj1n0ee6cux1snam2655udw,R. Nyakossi,Roggerio Nyakossi,22.0,Defender,Switzerland,Defender,109.0,52.0,7.0,161.0,10.0,2.0,1.0,0.0,17.0,20.0,352.0,1.0,4.0,0.0,2.0,1.0,2.0,1.0,1.0,13.0,0.0,0.0,3.0,0.0,0.0,0.0,0.0,91.48,58.33,0.0,0.0,0.0,60.71,62.5,100.0,0.1701155583171893,0.1068414808869133,0.0,0.0,0.0,1.0,10.0,16.0,0.2951381999999999,99.0,27.869318181818183,13.295454545454549,1.7897727272727273,41.16477272727273,2.556818181818182,0.5113636363636364,0.2556818181818182,0.0,4.346590909090909,5.113636363636364,0.2556818181818182,1.0227272727272727,0.0,0.5113636363636364,0.2556818181818182,0.5113636363636364,0.2556818181818182,0.2556818181818182,3.3238636363636367,0.0,0.0,0.7670454545454546,0.0,0.0,0.0,0.0,91.48,58.33,0.0,0.0,0.0,60.71,62.5,100.0,0.043495455251554,0.0273174240904039,0.0,0.0,0.0,0.2556818181818182,2.556818181818182,4.090909090909091,0.075461471590909,25.3125,CB,25,28,16,18,60,35,22,44,32,30,14,72,38,70,76,85,41,41,92,25,26,28,41,45,51,51,88,78,38,26,25,68,75,99,30,55,32,10,10,44,28,44,25,21,35,32,22,30,72,48,28,44,50,50,15,85,38,78,80,92,48,48,98,25,26,35,41,45,51,51,88,78,38,26,25,68,75,99,30,68,32,10,10,50,35,52,35,35,Pro League
OH Leuven,bw9wm8pqfzcchumhiwdt2w15c,48f3zlksc3r230qb78c5emnyt,N. Dussenne,Noë Dussenne,34.0,Defender,Belgium,Defender,165.0,98.0,29.0,263.0,18.0,7.0,7.0,0.0,30.0,43.0,512.0,12.0,3.0,0.0,2.0,0.0,4.0,0.0,0.0,12.0,0.0,0.0,8.0,0.0,0.0,0.0,0.0,78.98,38.67,0.0,0.0,0.0,54.55,64.29,88.89,0.9485734782110896,0.1299946085896068,0.0,3.0,0.0599121,0.0,25.0,30.0,0.5699503800000001,181.0,29.00390625,17.2265625,5.09765625,46.23046875,3.1640625,1.23046875,1.23046875,0.0,5.2734375,7.55859375,2.109375,0.52734375,0.0,0.3515625,0.0,0.703125,0.0,0.0,2.109375,0.0,0.0,1.40625,0.0,0.0,0.0,0.0,78.98,38.67,0.0,0.0,0.0,54.55,64.29,88.89,0.1667414317167931,0.0228506147911418,0.0,0.52734375,0.010531423828125,0.0,4.39453125,5.2734375,0.100186590234375,31.81640625,CB,50,65,90,52,88,91,99,44,80,89,89,59,38,70,32,99,16,16,88,25,26,82,41,45,51,51,10,20,38,26,25,40,78,95,100,62,32,49,50,15,70,74,57,65,38,50,85,40,85,88,95,44,78,85,88,50,38,68,32,98,16,16,88,25,26,82,41,45,51,51,10,20,38,26,25,40,78,95,98,60,32,48,48,15,62,68,55,52,Pro League
OH Leuven,bw9wm8pqfzcchumhiwdt2w15c,87pnmacw9zfch3btkzaeq1ij8,D. Opoku,Davis Opoku,18.0,Defender,Belgium,Defender,36.0,50.0,1.0,83.0,3.0,3.0,2.0,0.0,27.0,7.0,296.0,8.0,6.0,3.0,3.0,1.0,0.0,8.0,8.0,2.0,1.0,4.0,8.0,1.0,0.0,0.0,0.0,74.11,9.09,21.43,50.0,33.33,54.0,50.0,57.14,0.2698335434191691,0.2646760429974998,1.0,5.0,0.10478868,2.0,5.0,8.0,0.45771921,34.0,10.945945945945946,15.202702702702704,0.304054054054054,25.236486486486488,0.9121621621621622,0.9121621621621622,0.6081081081081081,0.0,8.20945945945946,2.1283783783783785,2.4324324324324325,1.8243243243243243,0.9121621621621622,0.9121621621621622,0.304054054054054,0.0,2.4324324324324325,2.4324324324324325,0.6081081081081081,0.304054054054054,1.2162162162162162,2.4324324324324325,0.304054054054054,0.0,0.0,0.0,74.11,9.09,21.43,50.0,33.33,54.0,50.0,57.14,0.0820439827963689,0.0804758238843749,0.304054054054054,1.5202702702702704,0.0318614229729729,0.6081081081081081,1.5202702702702704,2.4324324324324325,0.1391713814189189,10.33783783783784,RB/RCB,14,19,10,14,19,48,43,52,69,17,60,93,74,60,67,26,74,69,12,69,79,69,86,40,52,52,24,5,57,69,76,43,33,38,43,52,62,60,57,40,10,17,43,10,14,48,14,19,33,62,52,52,100,24,74,95,81,62,76,26,90,90,14,76,90,100,95,40,52,52,24,5,57,69,76,43,33,38,52,62,71,71,71,52,24,33,62,19,Pro League
OH Leuven,bw9wm8pqfzcchumhiwdt2w15c,8rm2kkceowwtj3p0k6g7id0mi,Óscar Gil,Óscar Gil,28.0,Defender,Spain,Defender,87.0,102.0,1.0,187.0,5.0,7.0,7.0,0.0,42.0,16.0,496.0,17.0,17.0,2.0,8.0,0.0,1.0,7.0,8.0,12.0,2.0,2.0,10.0,1.0,0.0,0.0,0.0,86.18,14.29,10.0,28.57,28.57,60.87,41.67,55.56,0.8816056337806459,0.7058162063341558,1.0,12.0,0.30570301,4.0,12.0,17.0,0.9457537799999998,69.0,15.786290322580646,18.508064516129032,0.1814516129032258,33.931451612903224,0.907258064516129,1.2701612903225807,1.2701612903225807,0.0,7.620967741935484,2.903225806451613,3.0846774193548385,3.0846774193548385,0.3629032258064516,1.4516129032258065,0.0,0.1814516129032258,1.2701612903225807,1.4516129032258065,2.177419354838709,0.3629032258064516,0.3629032258064516,1.814516129032258,0.1814516129032258,0.0,0.0,0.0,86.18,14.29,10.0,28.57,28.57,60.87,41.67,55.56,0.1599687641940688,0.1280714890525686,0.1814516129032258,2.177419354838709,0.0554703042338709,0.7258064516129032,2.177419354838709,3.0846774193548385,0.1716085487903225,12.52016129032258,RB/RCB,43,90,10,57,33,95,100,52,98,55,90,100,55,90,29,69,67,69,90,83,55,95,86,40,52,52,86,14,43,33,67,62,24,29,95,90,62,90,90,67,48,62,90,38,43,81,5,48,29,95,100,52,90,33,86,100,52,81,29,62,67,67,90,86,52,76,81,40,52,52,86,14,43,33,67,62,24,29,95,76,52,90,90,71,33,43,86,24,Pro League
OH Leuven,bw9wm8pqfzcchumhiwdt2w15c,9aze6hfznc76bednr9658xb3e,J. Lawrence,Jamie Lawrence,23.0,Defender,Germany,Defender,105.0,52.0,11.0,157.0,14.0,2.0,2.0,0.0,23.0,21.0,270.0,3.0,2.0,0.0,0.0,0.0,1.0,1.0,1.0,4.0,0.0,0.0,3.0,0.0,0.0,0.0,0.0,83.07,39.29,0.0,0.0,0.0,62.16,82.35,42.86,0.2849122023120732,0.0,0.0,0.0,0.0,0.0,10.0,10.0,0.3268149699999998,88.0,35.0,17.333333333333332,3.6666666666666665,52.333333333333336,4.666666666666667,0.6666666666666666,0.6666666666666666,0.0,7.666666666666667,7.0,1.0,0.6666666666666666,0.0,0.0,0.0,0.3333333333333333,0.3333333333333333,0.3333333333333333,1.3333333333333333,0.0,0.0,1.0,0.0,0.0,0.0,0.0,83.07,39.29,0.0,0.0,0.0,62.16,82.35,42.86,0.0949707341040244,0.0,0.0,0.0,0.0,0.0,3.333333333333333,3.333333333333333,0.1089383233333332,29.33333333333333,RB/RCB,57,26,62,48,90,24,43,52,43,74,24,31,21,10,29,69,21,21,33,31,14,12,38,40,52,52,57,48,21,14,31,71,100,14,48,14,26,5,5,10,33,36,19,57,90,62,71,90,95,48,62,52,95,95,40,45,21,10,29,88,24,24,48,31,14,24,38,40,52,52,57,48,21,14,31,71,100,14,71,14,26,5,5,10,62,52,48,86,Pro League
OH Leuven,bw9wm8pqfzcchumhiwdt2w15c,cllq8xizuqut48xxqc3btz97u,W. Balikwisha,William Balikwisha,27.0,Attacker,Congo DR,Striker,34.0,63.0,5.0,93.0,1.0,7.0,3.0,0.0,33.0,2.0,380.0,13.0,6.0,4.0,4.0,4.0,4.0,20.0,20.0,7.0,2.0,10.0,10.0,0.0,0.0,0.0,0.0,75.0,55.56,33.33,50.0,28.57,45.83,11.11,62.5,0.4431422589588879,0.4849473300703882,6.0,10.0,0.34871057,2.0,8.0,10.0,0.8419644599999998,35.0,8.052631578947368,14.921052631578949,1.1842105263157894,22.026315789473685,0.2368421052631578,1.6578947368421053,0.7105263157894737,0.0,7.815789473684211,0.4736842105263157,3.0789473684210527,1.4210526315789471,0.9473684210526316,0.9473684210526316,0.9473684210526316,0.9473684210526316,4.7368421052631575,4.7368421052631575,1.6578947368421053,0.4736842105263157,2.3684210526315788,2.3684210526315788,0.0,0.0,0.0,0.0,75.0,55.56,33.33,50.0,28.57,45.83,11.11,62.5,0.1049547455428945,0.1148559465956182,1.4210526315789471,2.3684210526315788,0.0825893455263157,0.4736842105263157,1.894736842105263,2.3684210526315788,0.1994126352631578,8.289473684210526,ST,74,75,72,74,16,22,12,51,81,53,9,50,87,38,79,78,88,88,100,28,87,100,22,31,51,51,51,62,90,76,40,56,15,65,12,68,88,72,74,51,78,69,82,71,74,76,74,68,18,22,12,51,88,56,7,50,88,47,85,82,91,91,100,24,91,100,22,31,51,51,51,62,90,76,40,56,15,65,15,62,91,76,76,53,71,65,88,68,Pro League
OH Leuven,bw9wm8pqfzcchumhiwdt2w15c,cxrmjljognmm5pypnnefwyal0,A. Traoré,Abdoul Traoré,19.0,Attacker,Guinea,Striker,28.0,32.0,5.0,58.0,2.0,8.0,7.0,0.0,8.0,0.0,225.0,13.0,2.0,2.0,2.0,1.0,5.0,2.0,3.0,3.0,1.0,2.0,1.0,0.0,0.0,0.0,0.0,73.42,50.0,33.33,100.0,12.5,33.33,25.0,50.0,0.6134619794021722,0.1900372710350059,2.0,2.0,0.0452365,4.0,5.0,9.0,0.4260374,23.0,11.2,12.8,2.0,23.2,0.8,3.2,2.8,0.0,3.2,0.0,5.2,0.8,0.8,0.8,0.4,2.0,0.8,1.2,1.2,0.4,0.8,0.4,0.0,0.0,0.0,0.0,73.42,50.0,33.33,100.0,12.5,33.33,25.0,50.0,0.2453847917608688,0.0760149084140023,0.8,0.8,0.0180946,1.6,2.0,3.6,0.17041496,9.2,ST,71,29,72,41,29,34,43,51,3,9,9,13,74,10,44,93,9,13,84,12,34,34,22,31,51,51,47,51,90,99,10,3,25,53,29,15,47,16,12,74,54,62,62,46,94,62,99,74,41,79,82,51,18,9,47,24,85,32,59,100,12,24,91,18,50,53,22,31,51,51,47,51,90,99,10,3,25,53,47,35,71,24,21,79,76,88,79,74,Pro League
OH Leuven,bw9wm8pqfzcchumhiwdt2w15c,dkr81i8fhdw195l8xyexge1d6,W. George,Wouter George,24.0,Midfielder,Belgium,Midfielder,71.0,124.0,14.0,188.0,2.0,8.0,1.0,0.0,17.0,4.0,503.0,7.0,2.0,7.0,10.0,7.0,2.0,5.0,5.0,2.0,2.0,1.0,9.0,1.0,1.0,0.0,0.0,75.81,46.67,33.33,20.0,25.0,36.17,20.0,75.0,0.6558440749671625,1.0258645635735422,5.0,10.0,0.23253031,4.0,22.0,29.0,1.3469583500000002,92.0,12.703777335984096,22.186878727634195,2.5049701789264414,33.638170974155074,0.3578528827037773,1.4314115308151094,0.1789264413518886,0.0,3.041749502982108,0.7157057654075547,1.252485089463221,0.3578528827037773,1.252485089463221,1.7892644135188869,1.252485089463221,0.3578528827037773,0.8946322067594434,0.8946322067594434,0.3578528827037773,0.3578528827037773,0.1789264413518886,1.610337972166998,0.1789264413518886,0.1789264413518886,0.0,0.0,75.81,46.67,33.33,20.0,25.0,36.17,20.0,75.0,0.1173478464155956,0.1835542956692222,0.8946322067594434,1.7892644135188869,0.0416058208747514,0.7157057654075547,3.936381709741551,5.188866799204772,0.2410064642147117,16.46123260437376,CM/AM,73,73,77,75,43,52,11,52,45,50,25,18,77,55,84,43,34,34,34,50,20,95,61,64,50,52,18,30,59,18,45,5,18,86,50,64,84,61,50,48,64,77,86,77,64,59,77,59,36,32,5,52,14,45,14,9,64,32,86,36,23,23,18,55,14,82,59,55,50,52,18,30,59,18,45,5,18,86,41,41,82,45,32,36,59,73,77,64,Pro League
OH Leuven,bw9wm8pqfzcchumhiwdt2w15c,ezg4lhvy2z4pkyvfrmi17y11x,B. Verstraete,Birger Verstraete,32.0,Midfielder,Belgium,Midfielder,72.0,91.0,11.0,162.0,3.0,1.0,0.0,0.0,15.0,5.0,356.0,0.0,3.0,1.0,1.0,1.0,0.0,2.0,2.0,6.0,0.0,1.0,4.0,0.0,0.0,0.0,0.0,82.23,44.0,33.33,50.0,0.0,62.5,75.0,50.0,0.0890930517212275,0.087211918833262,0.0,2.0,0.04074677,2.0,23.0,25.0,0.45959098,97.0,18.202247191011235,23.00561797752809,2.7808988764044944,40.95505617977528,0.7584269662921348,0.2528089887640449,0.0,0.0,3.792134831460674,1.2640449438202246,0.0,0.7584269662921348,0.2528089887640449,0.2528089887640449,0.2528089887640449,0.0,0.5056179775280899,0.5056179775280899,1.5168539325842696,0.0,0.2528089887640449,1.0112359550561798,0.0,0.0,0.0,0.0,82.23,44.0,33.33,50.0,0.0,62.5,75.0,50.0,0.0225235243115462,0.0220479570084089,0.0,0.5056179775280899,0.0103011497191011,0.5056179775280899,5.814606741573034,6.320224719101123,0.1161887308988764,24.52247191011236,DM/CM,29,56,48,39,26,18,19,48,23,18,8,26,65,18,34,21,23,23,55,26,34,27,42,40,52,52,35,32,61,63,26,74,87,27,26,23,16,16,6,50,73,76,55,52,55,68,68,55,39,26,19,48,32,26,8,32,71,16,45,21,29,26,61,26,39,39,42,40,52,52,35,32,61,63,26,74,87,27,29,29,16,26,16,58,90,87,77,68,Pro League
OH Leuven,bw9wm8pqfzcchumhiwdt2w15c,upsv29k59dhj8w1nm3oqveok,C. Ikwuemesi,Chukwubuikem Ikwuemesi,25.0,Attacker,Nigeria,Striker,10.0,18.0,4.0,28.0,3.0,9.0,7.0,0.0,14.0,4.0,336.0,21.0,5.0,0.0,2.0,2.0,4.0,10.0,11.0,0.0,3.0,2.0,1.0,0.0,1.0,0.0,0.0,80.0,66.67,0.0,20.0,33.33,34.15,27.27,25.0,0.9560701735732736,0.158183961835421,3.0,4.0,0.14424297,1.0,1.0,2.0,0.2559883899999999,7.0,2.6785714285714284,4.821428571428571,1.0714285714285714,7.5,0.8035714285714286,2.4107142857142856,1.875,0.0,3.75,1.0714285714285714,5.625,1.3392857142857142,0.0,0.5357142857142857,0.5357142857142857,1.0714285714285714,2.6785714285714284,2.946428571428571,0.0,0.8035714285714286,0.5357142857142857,0.2678571428571428,0.0,0.2678571428571428,0.0,0.0,80.0,66.67,0.0,20.0,33.33,34.15,27.27,25.0,0.2560902250642697,0.0423707040630591,0.8035714285714286,1.0714285714285714,0.0386365098214285,0.2678571428571428,0.2678571428571428,0.5357142857142857,0.0685683187499999,1.875,ST,13,6,66,6,40,49,43,51,22,72,50,37,26,10,60,78,50,51,21,49,34,34,22,71,51,51,76,71,26,18,53,6,29,29,44,12,65,35,41,26,9,12,38,4,18,3,71,6,44,50,44,51,26,76,68,44,26,9,65,91,71,71,21,56,32,41,22,76,51,51,76,71,26,18,53,6,29,29,50,12,74,44,47,35,9,15,44,3,Pro League
RAAL La Louvière,75b9wl3zixoytzcmvwavlp46i,181us5vol7crxrmejhkqau3t,T. Lutonda,Thierry Lutonda,25.0,Defender,Belgium,Defender,22.0,49.0,5.0,68.0,2.0,7.0,4.0,0.0,14.0,10.0,410.0,9.0,0.0,3.0,6.0,3.0,2.0,8.0,8.0,5.0,1.0,2.0,5.0,0.0,0.0,0.0,0.0,66.67,29.41,16.67,25.0,14.29,38.89,25.0,50.0,0.5120566582730468,0.6776361244485885,3.0,10.0,0.2309245899999999,8.0,6.0,12.0,0.44688865,39.0,4.829268292682927,10.75609756097561,1.0975609756097562,14.926829268292684,0.4390243902439024,1.5365853658536586,0.8780487804878049,0.0,3.073170731707317,2.1951219512195124,1.975609756097561,0.0,0.6585365853658537,1.3170731707317074,0.6585365853658537,0.4390243902439024,1.7560975609756098,1.7560975609756098,1.0975609756097562,0.2195121951219512,0.4390243902439024,1.0975609756097562,0.0,0.0,0.0,0.0,66.67,29.41,16.67,25.0,14.29,38.89,25.0,50.0,0.1124026810843273,0.1487493931716413,0.6585365853658537,2.1951219512195124,0.0506907636585365,1.7560975609756098,1.3170731707317074,2.6341463414634148,0.0980975085365853,8.560975609756097,LB/LCB,6,18,24,6,21,79,79,50,18,24,74,9,44,79,82,71,79,76,41,62,56,53,41,41,53,53,6,12,41,18,59,12,21,38,88,88,94,88,88,94,9,21,29,6,6,18,24,6,24,94,88,50,18,12,76,9,47,88,94,76,76,76,41,65,59,59,41,41,53,53,6,12,41,18,59,12,21,38,88,88,100,82,82,94,12,29,29,6,Pro League
RAAL La Louvière,75b9wl3zixoytzcmvwavlp46i,1ku51ad7aer41602idu5pkeay,I. Coulibaly,Ismaila Coulibaly,25.0,Midfielder,Mali,Midfielder,105.0,78.0,11.0,183.0,11.0,8.0,1.0,0.0,33.0,6.0,539.0,4.0,1.0,0.0,6.0,7.0,2.0,10.0,10.0,11.0,2.0,5.0,9.0,0.0,0.0,0.0,0.0,81.7,42.31,0.0,50.0,25.0,60.0,73.33,56.25,0.5545764482495901,0.4066457520378619,5.0,8.0,0.17396643,5.0,13.0,7.0,0.25091378,82.0,17.532467532467532,13.024118738404452,1.836734693877551,30.556586270871986,1.836734693877551,1.3358070500927643,0.1669758812615955,0.0,5.510204081632653,1.0018552875695732,0.6679035250463822,0.1669758812615955,0.0,1.0018552875695732,1.1688311688311688,0.3339517625231911,1.6697588126159555,1.6697588126159555,1.836734693877551,0.3339517625231911,0.8348794063079777,1.50278293135436,0.0,0.0,0.0,0.0,81.7,42.31,0.0,50.0,25.0,60.0,73.33,56.25,0.0926008911734009,0.0679000328078062,0.8348794063079777,1.3358070500927643,0.0290481979591836,0.8348794063079777,2.170686456400742,1.1688311688311688,0.0418965495361781,13.692022263450834,DM/CM,58,35,48,52,90,94,50,48,76,29,52,5,24,76,100,89,95,95,89,90,97,77,42,40,52,52,29,29,24,63,69,63,84,45,90,74,100,81,77,87,31,10,16,40,42,19,39,29,81,90,45,48,65,13,45,3,24,65,97,84,87,87,87,84,87,61,42,40,52,52,29,29,24,63,69,63,84,45,87,65,97,65,61,77,26,10,10,26,Pro League
RAAL La Louvière,75b9wl3zixoytzcmvwavlp46i,2cw7so15i3i6bl3aqla0dnhn8,M. Courcoul,Marius Courcoul,19.0,Defender,France,Midfielder,17.0,31.0,0.0,48.0,1.0,1.0,0.0,0.0,8.0,4.0,253.0,2.0,3.0,0.0,3.0,1.0,0.0,4.0,4.0,5.0,0.0,1.0,2.0,0.0,1.0,0.0,0.0,71.64,0.0,0.0,25.0,0.0,33.33,33.33,66.67,0.0869892852422334,0.2603611794722691,1.0,6.0,0.12797862,2.0,9.0,11.0,0.2035700499999999,35.0,6.047430830039526,11.027667984189724,0.0,17.07509881422925,0.3557312252964427,0.3557312252964427,0.0,0.0,2.845849802371541,1.4229249011857708,0.7114624505928854,1.067193675889328,0.0,1.067193675889328,0.3557312252964427,0.0,1.4229249011857708,1.4229249011857708,1.7786561264822136,0.0,0.3557312252964427,0.7114624505928854,0.0,0.3557312252964427,0.0,0.0,71.64,0.0,0.0,25.0,0.0,33.33,33.33,66.67,0.0309448050268814,0.0926186013932973,0.3557312252964427,2.134387351778656,0.0455259913043478,0.7114624505928854,3.2015810276679844,3.91304347826087,0.072416223320158,12.450592885375496,CB,2,8,2,2,5,14,8,44,4,2,21,59,38,82,76,21,80,80,29,25,61,15,41,94,51,51,2,2,38,54,25,2,18,60,12,78,79,76,78,66,19,21,12,8,2,20,2,2,8,32,8,44,12,4,32,90,38,88,90,21,90,90,68,25,80,28,41,100,51,51,2,2,38,54,25,2,18,60,22,80,88,90,90,85,48,50,32,5,Pro League
RAAL La Louvière,75b9wl3zixoytzcmvwavlp46i,2dger6iqr65odyqmz1x9oerxl,W. Faye,Wagane Faye,32.0,Defender,Senegal,Defender,78.0,52.0,7.0,130.0,12.0,3.0,3.0,0.0,32.0,34.0,409.0,4.0,6.0,0.0,0.0,0.0,0.0,3.0,3.0,8.0,0.0,1.0,8.0,0.0,0.0,0.0,0.0,77.38,30.43,0.0,33.33,0.0,56.14,66.67,61.54,0.3779434307236521,0.0,0.0,1.0,0.02401521,1.0,11.0,9.0,0.25748193,79.0,17.163814180929094,11.442542787286063,1.5403422982885089,28.60635696821516,2.640586797066015,0.6601466992665037,0.6601466992665037,0.0,7.04156479217604,7.481662591687042,0.880195599022005,1.3202933985330074,0.0,0.0,0.0,0.0,0.6601466992665037,0.6601466992665037,1.76039119804401,0.0,0.2200488997555012,1.76039119804401,0.0,0.0,0.0,0.0,77.38,30.43,0.0,33.33,0.0,56.14,66.67,61.54,0.0831660361005591,0.0,0.0,0.2200488997555012,0.0052845205378973,0.2200488997555012,2.4205378973105134,1.9804400977995111,0.0566586154034229,17.3838630806846,RB/RCB,38,26,43,29,81,48,64,52,81,90,36,93,21,10,29,26,43,43,71,31,38,69,38,40,52,52,33,33,21,43,31,57,74,57,57,14,26,10,10,24,40,26,10,48,48,19,43,24,86,43,57,52,76,100,33,90,21,10,29,26,48,48,81,31,43,67,38,40,52,52,33,33,21,43,31,57,74,57,57,14,26,10,10,24,38,24,10,52,Pro League
RAAL La Louvière,75b9wl3zixoytzcmvwavlp46i,33upoxyyqkh71m6d0b2nsn95g,M. Isah,Mustapha Isah,22.0,Attacker,Nigeria,Striker,22.0,28.0,3.0,50.0,5.0,17.0,13.0,0.0,27.0,2.0,471.0,27.0,8.0,0.0,5.0,4.0,4.0,14.0,15.0,0.0,11.0,10.0,3.0,5.0,0.0,0.0,0.0,81.97,100.0,0.0,71.43,64.71,50.0,35.71,75.0,2.25429751765443,0.4400396172706032,8.0,7.0,0.15518096,1.0,6.0,6.0,0.3742047699999999,19.0,4.203821656050955,5.350318471337579,0.5732484076433121,9.554140127388536,0.9554140127388536,3.248407643312102,2.484076433121019,0.0,5.159235668789809,0.3821656050955413,5.159235668789809,1.5286624203821657,0.0,0.9554140127388536,0.7643312101910827,0.7643312101910827,2.6751592356687897,2.8662420382165603,0.0,2.1019108280254777,1.910828025477707,0.5732484076433121,0.9554140127388536,0.0,0.0,0.0,81.97,100.0,0.0,71.43,64.71,50.0,35.71,75.0,0.4307574874498911,0.0840840033001152,1.5286624203821657,1.3375796178343948,0.0296524127388535,0.1910828025477706,1.1464968152866242,1.1464968152866242,0.0715040961783439,3.6305732484076434,ST,56,18,62,32,50,88,84,51,59,53,74,71,26,59,79,78,76,72,21,100,87,74,99,31,51,51,82,96,26,90,91,78,38,74,97,59,99,60,47,26,65,47,56,29,38,9,56,9,47,82,68,51,51,47,44,59,26,50,76,71,68,65,21,100,82,65,94,31,51,51,82,96,26,90,91,78,38,74,94,44,97,53,35,15,59,41,47,18,Pro League
RAAL La Louvière,75b9wl3zixoytzcmvwavlp46i,4p7jzj33eswdp0jxh8uvwyzv8,A. Tajaouart,Anas Tajaouart,21.0,Midfielder,Morocco,Midfielder,32.0,41.0,2.0,73.0,1.0,2.0,1.0,0.0,14.0,8.0,261.0,2.0,6.0,0.0,1.0,1.0,1.0,2.0,2.0,2.0,1.0,2.0,3.0,0.0,1.0,0.0,0.0,86.9,100.0,0.0,100.0,50.0,56.0,25.0,60.0,0.1822483757127506,0.1303760827062725,1.0,3.0,0.07498002,2.0,3.0,7.0,0.13446442,35.0,11.03448275862069,14.13793103448276,0.6896551724137931,25.17241379310345,0.3448275862068966,0.6896551724137931,0.3448275862068966,0.0,4.827586206896552,2.7586206896551726,0.6896551724137931,2.0689655172413794,0.0,0.3448275862068966,0.3448275862068966,0.3448275862068966,0.6896551724137931,0.6896551724137931,0.6896551724137931,0.3448275862068966,0.6896551724137931,1.0344827586206895,0.0,0.3448275862068966,0.0,0.0,86.9,100.0,0.0,100.0,50.0,56.0,25.0,60.0,0.0628442674871553,0.0449572698987146,0.3448275862068966,1.0344827586206895,0.0258551793103448,0.6896551724137931,1.0344827586206895,2.413793103448276,0.0463670413793103,12.06896551724138,CM/AM,20,9,14,11,20,14,11,52,27,86,5,70,7,5,20,23,9,9,34,27,34,45,23,64,50,52,86,100,7,98,84,86,27,61,14,5,27,9,9,20,9,9,5,14,50,18,14,23,32,9,14,52,59,100,5,95,7,5,23,32,14,14,64,41,50,55,23,68,50,52,86,100,7,98,84,86,27,61,9,5,27,9,9,32,9,9,5,23,Pro League
RAAL La Louvière,75b9wl3zixoytzcmvwavlp46i,549pz532az7awctfwj6fo8cno,Z. Gruber,Zsombor Gruber,22.0,Attacker,Hungary,Striker,16.0,34.0,2.0,43.0,2.0,9.0,4.0,0.0,20.0,0.0,288.0,14.0,5.0,7.0,6.0,5.0,2.0,13.0,14.0,3.0,0.0,8.0,5.0,0.0,1.0,0.0,0.0,65.15,25.0,31.82,61.54,0.0,45.45,33.33,100.0,0.8016462601706222,0.7724869685604487,5.0,6.0,0.1927496,7.0,3.0,7.0,0.38277196,14.0,5.0,10.625,0.625,13.4375,0.625,2.8125,1.25,0.0,6.25,0.0,4.375,1.5625,2.1875,1.875,1.5625,0.625,4.0625,4.375,0.9375,0.0,2.5,1.5625,0.0,0.3125,0.0,0.0,65.15,25.0,31.82,61.54,0.0,45.45,33.33,100.0,0.2505144563033194,0.2414021776751402,1.5625,1.875,0.0602342499999999,2.1875,0.9375,2.1875,0.1196162375,4.375,RW,27,23,50,9,64,45,45,55,55,14,45,64,82,55,82,59,73,73,77,14,82,59,27,64,50,55,9,36,82,91,14,50,73,100,45,55,82,27,27,77,18,45,36,9,27,18,64,18,64,64,45,55,82,14,73,82,91,73,82,73,82,91,82,14,91,82,27,73,50,55,9,36,82,91,14,50,73,100,73,73,82,36,45,82,27,27,36,18,Pro League
RAAL La Louvière,75b9wl3zixoytzcmvwavlp46i,5c5t927jz7ga1tns77u8i0zkk,E. Filet,Elias Filet,24.0,Attacker,France,Striker,18.0,31.0,0.0,49.0,37.0,7.0,6.0,0.0,51.0,10.0,380.0,13.0,8.0,0.0,3.0,1.0,1.0,11.0,13.0,1.0,5.0,4.0,1.0,2.0,0.0,0.0,0.0,49.0,0.0,0.0,36.36,71.43,57.95,64.91,50.0,1.2980637009706952,0.4160896275072491,2.0,2.0,0.04852272,3.0,2.0,3.0,0.18171711,22.0,4.263157894736842,7.342105263157895,0.0,11.605263157894736,8.763157894736842,1.6578947368421053,1.4210526315789471,0.0,12.078947368421051,2.3684210526315788,3.0789473684210527,1.894736842105263,0.0,0.7105263157894737,0.2368421052631578,0.2368421052631578,2.6052631578947367,3.0789473684210527,0.2368421052631578,1.1842105263157894,0.9473684210526316,0.2368421052631578,0.4736842105263157,0.0,0.0,0.0,49.0,0.0,0.0,36.36,71.43,57.95,64.91,50.0,0.3074361397035857,0.09854754335698,0.4736842105263157,0.4736842105263157,0.0114922231578947,0.7105263157894737,0.4736842105263157,0.7105263157894737,0.0430382628947368,5.2105263157894735,ST,31,26,12,28,100,22,31,51,97,97,9,71,26,22,44,16,60,66,51,71,57,34,71,31,51,51,3,12,26,44,94,97,91,53,65,53,47,16,15,65,22,24,32,40,41,24,12,26,100,22,29,51,100,97,7,79,26,18,44,18,59,74,59,76,59,38,71,31,51,51,3,12,26,44,94,97,91,53,62,56,44,18,15,65,24,26,29,44,Pro League
RAAL La Louvière,75b9wl3zixoytzcmvwavlp46i,6bsdpk81zmyx9ly731aq3hct0,P. Nkoa,Patrick Nkoa,27.0,Defender,Germany,Defender,124.0,20.0,7.0,144.0,9.0,3.0,3.0,0.0,21.0,25.0,450.0,6.0,1.0,0.0,1.0,0.0,0.0,0.0,0.0,8.0,1.0,0.0,8.0,0.0,0.0,0.0,0.0,88.89,38.89,0.0,0.0,33.33,55.26,47.37,72.73,0.4083755505202981,0.1413342315590416,0.0,0.0,0.0,0.0,1.0,2.0,0.10117504,93.0,24.8,4.0,1.4,28.8,1.8,0.6,0.6,0.0,4.2,5.0,1.2,0.2,0.0,0.2,0.0,0.0,0.0,0.0,1.6,0.2,0.0,1.6,0.0,0.0,0.0,0.0,88.89,38.89,0.0,0.0,33.33,55.26,47.37,72.73,0.0816751101040596,0.0282668463118083,0.0,0.0,0.0,0.0,0.2,0.4,0.020235008,18.6,CB,32,2,16,12,52,56,64,44,52,49,59,18,38,46,32,21,16,16,66,65,26,82,41,45,51,51,62,24,38,26,70,48,35,74,60,65,32,10,10,15,5,6,5,18,28,2,15,8,51,52,60,44,45,45,66,18,38,49,32,21,16,16,60,62,26,91,41,45,51,51,62,24,38,26,70,48,35,74,57,70,32,10,10,15,5,5,5,18,Pro League
RAAL La Louvière,75b9wl3zixoytzcmvwavlp46i,8cbqpjojozpalklx15jxjfii2,Y. Okou,Yllan Okou,23.0,Defender,France,Defender,131.0,49.0,15.0,177.0,12.0,2.0,0.0,0.0,17.0,29.0,432.0,0.0,1.0,3.0,2.0,2.0,0.0,1.0,1.0,7.0,0.0,0.0,1.0,0.0,0.0,0.0,0.0,81.94,34.09,33.33,0.0,0.0,62.96,75.0,25.0,0.0805365781557084,0.1970353251575091,2.0,0.0,0.0,1.0,10.0,15.0,0.4620569999999999,102.0,27.291666666666668,10.208333333333334,3.125,36.875,2.5,0.4166666666666667,0.0,0.0,3.541666666666667,6.041666666666667,0.0,0.2083333333333333,0.625,0.4166666666666667,0.4166666666666667,0.0,0.2083333333333333,0.2083333333333333,1.4583333333333337,0.0,0.0,0.2083333333333333,0.0,0.0,0.0,0.0,81.94,34.09,33.33,0.0,0.0,62.96,75.0,25.0,0.0167784537824392,0.041049026074481,0.4166666666666667,0.0,0.0,0.2083333333333333,2.083333333333333,3.125,0.0962618749999999,21.25,CB,39,20,50,25,68,35,8,44,32,60,6,18,88,70,92,21,41,41,57,25,26,6,41,45,51,51,18,12,84,26,25,80,92,5,10,75,95,10,10,44,28,38,50,28,32,12,60,22,68,38,8,44,35,60,6,20,88,72,92,21,45,45,57,25,26,2,41,45,51,51,18,12,84,26,25,80,92,5,8,75,92,10,10,48,18,40,50,22,Pro League
RAAL La Louvière,75b9wl3zixoytzcmvwavlp46i,8gs41aqwmw187kmf5pt2ly0wk,M. Wade,Mame Wade,23.0,Midfielder,Senegal,Midfielder,22.0,34.0,5.0,55.0,4.0,2.0,2.0,0.0,16.0,1.0,256.0,6.0,1.0,1.0,2.0,0.0,0.0,9.0,10.0,4.0,1.0,3.0,5.0,0.0,1.0,0.0,0.0,75.34,83.33,33.33,33.33,50.0,42.11,66.67,62.5,0.2062880068943533,0.1609512134445295,0.0,3.0,0.08849747,3.0,7.0,9.0,0.2377326899999999,24.0,7.734375,11.953125,1.7578125,19.3359375,1.40625,0.703125,0.703125,0.0,5.625,0.3515625,2.109375,0.3515625,0.3515625,0.703125,0.0,0.0,3.1640625,3.515625,1.40625,0.3515625,1.0546875,1.7578125,0.0,0.3515625,0.0,0.0,75.34,83.33,33.33,33.33,50.0,42.11,66.67,62.5,0.072523127423796,0.0565844109765924,0.0,1.0546875,0.0311123917968749,1.0546875,2.4609375,3.1640625,0.0835778988281249,8.4375,CM/AM,5,5,32,5,70,14,30,52,39,18,14,7,16,9,7,7,68,68,70,27,45,61,23,64,50,52,14,95,59,32,84,36,89,68,18,9,11,9,14,34,14,14,9,5,18,5,68,5,77,14,45,52,86,32,32,5,18,9,7,7,91,91,91,50,73,86,23,73,50,52,14,95,59,32,84,36,89,68,18,9,11,18,14,59,18,18,9,9,Pro League
RAAL La Louvière,75b9wl3zixoytzcmvwavlp46i,9cq4u8d460ikxiiglfpk2sr8,D. Lamego,Djibril Lamego,23.0,Defender,France,Defender,46.0,29.0,5.0,75.0,4.0,1.0,0.0,0.0,10.0,8.0,210.0,1.0,2.0,0.0,0.0,1.0,1.0,0.0,0.0,4.0,0.0,0.0,3.0,0.0,0.0,0.0,0.0,75.76,31.25,0.0,0.0,0.0,66.67,50.0,75.0,0.0387282877240511,0.0,1.0,3.0,0.05959185,2.0,6.0,6.0,0.23892419,48.0,19.71428571428571,12.428571428571429,2.142857142857143,32.14285714285714,1.7142857142857142,0.4285714285714285,0.0,0.0,4.285714285714286,3.4285714285714284,0.4285714285714285,0.8571428571428571,0.0,0.0,0.4285714285714285,0.4285714285714285,0.0,0.0,1.7142857142857142,0.0,0.0,1.2857142857142856,0.0,0.0,0.0,0.0,75.76,31.25,0.0,0.0,0.0,66.67,50.0,75.0,0.0165978375960219,0.0,0.4285714285714285,1.2857142857142856,0.0255393642857142,0.8571428571428571,2.571428571428571,2.571428571428571,0.1023960814285714,20.57142857142857,LB/LCB,12,6,24,12,35,6,6,50,6,6,6,41,15,6,32,38,6,6,21,26,9,21,41,41,53,53,12,29,15,9,26,100,59,91,6,6,29,18,18,21,9,6,6,12,53,24,41,35,88,18,6,50,53,65,6,82,15,6,53,71,6,6,71,26,9,65,41,41,53,53,12,29,15,9,26,100,59,91,6,6,71,53,53,53,35,24,35,53,Pro League
RAAL La Louvière,75b9wl3zixoytzcmvwavlp46i,cdkxx5845lj8spbg3ha7m1xm2,S. Delos,Shaquil Delos,27.0,Defender,France,Defender,47.0,54.0,9.0,98.0,5.0,3.0,2.0,0.0,26.0,15.0,524.0,8.0,4.0,3.0,6.0,1.0,0.0,10.0,14.0,4.0,1.0,7.0,4.0,0.0,1.0,0.0,0.0,68.53,33.33,15.0,70.0,33.33,66.67,62.5,40.0,0.2884649549751134,0.384697444168796,2.0,11.0,0.28297265,5.0,8.0,5.0,0.4214802399999999,49.0,8.072519083969466,9.274809160305344,1.545801526717557,16.83206106870229,0.8587786259541985,0.5152671755725191,0.3435114503816794,0.0,4.465648854961832,2.576335877862596,1.3740458015267176,0.6870229007633588,0.5152671755725191,1.0305343511450382,0.1717557251908397,0.0,1.717557251908397,2.404580152671756,0.6870229007633588,0.1717557251908397,1.202290076335878,0.6870229007633588,0.0,0.1717557251908397,0.0,0.0,68.53,33.33,15.0,70.0,33.33,66.67,62.5,40.0,0.0495455075338935,0.0660739885022741,0.3435114503816794,1.8893129770992367,0.0486021727099236,0.8587786259541985,1.3740458015267176,0.8587786259541985,0.0723916442748091,8.416030534351146,RB/RCB,19,33,52,19,33,48,43,52,55,43,60,62,74,69,67,26,90,90,33,69,95,21,38,86,52,52,10,38,48,90,76,95,57,10,52,67,83,86,86,86,29,10,38,19,10,10,48,10,24,33,33,52,29,29,52,52,57,67,57,26,76,86,24,62,86,14,38,81,52,52,10,38,48,90,76,95,57,10,33,57,81,76,81,86,14,5,19,10,Pro League
Anderlecht,6vyr13j6kbwdtxjwm1m4m8nu2,218884p8ddlc9dwk2wah482dw,M. Cvetković,Mihajlo Cvetkovic,19.0,Attacker,Serbia,Striker,7.0,33.0,0.0,40.0,1.0,9.0,9.0,0.0,12.0,0.0,299.0,28.0,8.0,0.0,5.0,0.0,4.0,5.0,5.0,0.0,2.0,2.0,0.0,0.0,0.0,0.0,0.0,75.47,0.0,0.0,40.0,22.22,36.36,9.09,0.0,0.980819998606726,0.4101361072318319,0.0,5.0,0.15690243,4.0,2.0,3.0,0.09366656,17.0,2.1070234113712374,9.933110367892976,0.0,12.040133779264211,0.3010033444816053,2.709030100334448,2.709030100334448,0.0,3.612040133779264,0.0,8.42809364548495,2.4080267558528425,0.0,1.5050167224080266,0.0,1.2040133779264213,1.5050167224080266,1.5050167224080266,0.0,0.6020066889632106,0.6020066889632106,0.0,0.0,0.0,0.0,0.0,75.47,0.0,0.0,40.0,22.22,36.36,9.09,0.0,0.295230099915068,0.1234523399694477,0.0,1.5050167224080266,0.0472281561872909,1.2040133779264213,0.6020066889632106,0.903010033444816,0.0281939478260869,5.117056856187291,ST,4,32,12,15,16,49,60,51,15,9,78,71,26,59,18,78,29,25,21,28,34,10,22,31,51,51,57,12,26,59,28,21,10,10,47,50,13,46,50,74,22,24,15,26,6,47,12,35,24,62,71,51,24,9,97,91,26,68,18,97,32,29,21,50,38,10,22,31,51,51,57,12,26,59,28,21,10,10,59,65,13,56,59,74,26,32,18,38,Pro League
Anderlecht,6vyr13j6kbwdtxjwm1m4m8nu2,3nto7ft0b2a47lqd7ethkkrxm,O. Antman,Oliver Antman,25.0,Attacker,Finland,Striker,22.0,105.0,2.0,122.0,0.0,5.0,0.0,0.0,11.0,0.0,312.0,19.0,2.0,5.0,7.0,5.0,2.0,12.0,13.0,0.0,2.0,4.0,2.0,0.0,0.0,0.0,0.0,89.05,50.0,26.32,33.33,40.0,34.38,0.0,40.0,0.2489758660442993,0.7221511698620846,5.0,35.0,1.0450665099999994,13.0,3.0,10.0,0.9471719500000004,46.0,6.346153846153846,30.288461538461537,0.5769230769230769,35.19230769230769,0.0,1.4423076923076923,0.0,0.0,3.173076923076923,0.0,5.480769230769231,0.5769230769230769,1.4423076923076923,2.019230769230769,1.4423076923076923,0.5769230769230769,3.461538461538461,3.75,0.0,0.5769230769230769,1.1538461538461535,0.5769230769230769,0.0,0.0,0.0,0.0,89.05,50.0,26.32,33.33,40.0,34.38,0.0,40.0,0.0718199613589324,0.2083128374602167,1.4423076923076923,10.096153846153843,0.3014614932692306,3.75,0.8653846153846153,2.8846153846153846,0.2732226778846155,13.269230769230768,ST,56,88,50,82,4,7,3,51,7,9,38,13,91,79,94,40,69,66,21,28,57,57,22,31,51,51,100,51,76,35,65,9,4,43,6,82,81,100,100,96,35,69,91,79,65,100,59,100,4,12,3,51,12,9,65,12,94,88,100,56,85,82,21,41,68,69,22,31,51,51,100,51,76,35,65,9,4,43,6,91,94,100,100,100,41,76,97,94,Pro League
Anderlecht,6vyr13j6kbwdtxjwm1m4m8nu2,4xfqhlmr91ekmt75motqxetjo,L. Ambros,Lukás Ambros,22.0,Midfielder,Czechia,Midfielder,49.0,140.0,5.0,183.0,1.0,7.0,3.0,0.0,19.0,1.0,343.0,17.0,4.0,6.0,12.0,4.0,4.0,18.0,18.0,2.0,1.0,11.0,1.0,0.0,0.0,0.0,0.0,82.81,55.56,26.09,61.11,14.29,48.72,33.33,33.33,0.5275230843546741,1.2529100593161002,6.0,32.0,0.8916613899999998,9.0,15.0,18.0,0.8353628299999999,86.0,12.857142857142858,36.734693877551024,1.3119533527696794,48.01749271137027,0.2623906705539359,1.836734693877551,0.7871720116618076,0.0,4.985422740524782,0.2623906705539359,4.46064139941691,1.0495626822157436,1.5743440233236152,3.1486880466472305,1.0495626822157436,1.0495626822157436,4.723032069970846,4.723032069970846,0.5247813411078718,0.2623906705539359,2.8862973760932946,0.2623906705539359,0.0,0.0,0.0,0.0,82.81,55.56,26.09,61.11,14.29,48.72,33.33,33.33,0.1384171358365034,0.3287519106077231,1.5743440233236152,8.396501457725948,0.2339636300291544,2.361516034985423,3.935860058309038,4.723032069970846,0.2191914131195335,22.565597667638485,CM/AM,45,86,32,68,20,43,48,52,61,18,68,45,70,75,61,77,98,95,34,27,100,11,23,27,50,52,59,50,32,82,18,64,39,20,41,82,98,100,100,95,50,43,55,68,68,91,45,82,18,50,50,52,68,14,82,55,77,91,73,82,100,100,41,18,100,9,23,27,50,52,59,50,32,82,18,64,39,20,45,91,100,100,100,95,55,64,68,91,Pro League
Anderlecht,6vyr13j6kbwdtxjwm1m4m8nu2,5n65xhwbd6dm3uynl4h7k920a,E. Llansana,Enric Llansana,25.0,Midfielder,Netherlands,Midfielder,40.0,105.0,3.0,144.0,7.0,3.0,1.0,0.0,24.0,5.0,286.0,13.0,4.0,1.0,4.0,2.0,0.0,4.0,4.0,4.0,1.0,1.0,7.0,0.0,0.0,0.0,0.0,81.82,33.33,33.33,25.0,33.33,48.0,58.33,58.33,0.2440211968554158,0.3095222945390075,2.0,5.0,0.1179342,1.0,18.0,23.0,0.3588363499999998,82.0,12.587412587412588,33.04195804195805,0.944055944055944,45.31468531468532,2.202797202797203,0.944055944055944,0.3146853146853147,0.0,7.552447552447552,1.5734265734265735,4.090909090909091,1.2587412587412588,0.3146853146853147,1.2587412587412588,0.6293706293706294,0.0,1.2587412587412588,1.2587412587412588,1.2587412587412588,0.3146853146853147,0.3146853146853147,2.202797202797203,0.0,0.0,0.0,0.0,81.82,33.33,33.33,25.0,33.33,48.0,58.33,58.33,0.0767898871223336,0.0974021206591282,0.6293706293706294,1.5734265734265735,0.0371121608391608,0.3146853146853147,5.664335664335665,7.237762237762238,0.1129205297202796,25.804195804195807,DM/CM,16,69,16,29,60,55,50,48,44,18,97,44,65,56,68,21,52,48,23,66,34,61,42,40,52,52,32,13,61,27,76,26,60,52,52,58,73,52,42,26,56,69,29,40,19,97,13,65,84,71,61,48,90,39,100,68,77,74,84,21,81,81,48,77,42,94,42,40,52,52,32,13,61,27,76,26,60,52,74,81,87,84,77,39,87,94,71,71,Pro League
Anderlecht,6vyr13j6kbwdtxjwm1m4m8nu2,5qs6q4zmy8hys1fc854ran5nu,D. Sikan,Danylo Sikan,25.0,Attacker,Ukraine,Striker,25.0,63.0,4.0,88.0,17.0,18.0,13.0,0.0,32.0,8.0,428.0,34.0,6.0,0.0,3.0,5.0,2.0,11.0,12.0,1.0,6.0,4.0,2.0,1.0,0.0,0.0,0.0,70.4,44.44,0.0,36.36,33.33,51.61,60.71,40.0,2.025845632912693,0.2075644741149964,3.0,9.0,0.22590457,8.0,2.0,13.0,0.31882749,37.0,5.257009345794392,13.24766355140187,0.8411214953271028,18.50467289719626,3.574766355140187,3.785046728971962,2.733644859813084,0.0,6.728971962616822,1.6822429906542056,7.149532710280374,1.2616822429906542,0.0,0.6308411214953271,1.0514018691588785,0.4205607476635514,2.3130841121495327,2.5233644859813085,0.2102803738317757,1.2616822429906542,0.8411214953271028,0.4205607476635514,0.2102803738317757,0.0,0.0,0.0,70.4,44.44,0.0,36.36,33.33,51.61,60.71,40.0,0.4259955770143513,0.0436467352110973,0.6308411214953271,1.892523364485981,0.0475032974299065,1.6822429906542056,0.4205607476635514,2.733644859813084,0.0670431637850467,7.780373831775701,ST,68,75,66,71,79,97,84,51,76,93,91,50,26,22,94,40,60,59,51,82,57,57,54,31,51,51,35,35,26,44,53,82,79,43,91,18,65,66,59,84,22,82,47,76,53,65,65,65,76,97,76,51,74,94,85,41,26,12,91,35,53,50,56,81,56,59,56,31,51,51,35,35,26,44,53,82,79,43,91,15,62,71,62,82,15,74,41,65,Pro League
Anderlecht,6vyr13j6kbwdtxjwm1m4m8nu2,7g9ulnvehk5r6rtv9p8fpm1hw,J. Nga Kana,Joshua-Williame Nga Kana,17.0,Midfielder,Belgium,Midfielder,9.0,67.0,1.0,76.0,2.0,5.0,4.0,0.0,20.0,0.0,205.0,16.0,6.0,0.0,2.0,1.0,0.0,17.0,17.0,2.0,2.0,7.0,4.0,1.0,0.0,0.0,0.0,86.36,50.0,0.0,41.18,40.0,50.0,40.0,80.0,0.5663317050097528,0.140604120208429,1.0,23.0,0.6339817099999998,3.0,5.0,8.0,0.2719055199999999,30.0,3.951219512195122,29.414634146341463,0.4390243902439024,33.36585365853659,0.8780487804878049,2.1951219512195124,1.7560975609756098,0.0,8.78048780487805,0.0,7.024390243902439,2.6341463414634148,0.0,0.8780487804878049,0.4390243902439024,0.0,7.463414634146342,7.463414634146342,0.8780487804878049,0.8780487804878049,3.073170731707317,1.7560975609756098,0.4390243902439024,0.0,0.0,0.0,86.36,50.0,0.0,41.18,40.0,50.0,40.0,80.0,0.2486334314676963,0.0617286381402859,0.4390243902439024,10.097560975609756,0.2783334336585365,1.3170731707317074,2.1951219512195124,3.5121951219512195,0.1193731551219511,13.170731707317074,LM/LCM,33,67,33,67,83,33,67,67,67,50,33,83,33,33,33,33,67,67,67,33,67,50,83,50,67,67,100,67,33,67,100,100,100,83,33,33,33,83,67,33,33,33,33,50,33,100,67,100,100,67,67,67,100,50,67,100,33,33,33,33,100,100,100,100,100,100,100,50,67,67,100,67,33,67,100,100,100,83,100,33,33,100,100,67,100,67,33,100,Pro League
Anderlecht,6vyr13j6kbwdtxjwm1m4m8nu2,axhyg79pf6dwe5foj907uqxhw,A. Maamar,Ali Maamar,21.0,Defender,Morocco,Defender,59.0,145.0,5.0,196.0,5.0,8.0,3.0,0.0,29.0,9.0,540.0,26.0,5.0,8.0,14.0,5.0,1.0,15.0,17.0,7.0,5.0,8.0,7.0,0.0,2.0,0.0,0.0,80.33,33.33,34.78,53.33,62.5,42.03,41.67,63.64,0.5453423739659169,1.4920746703793608,6.0,27.0,0.8255108400000001,9.0,27.0,30.0,1.80995122,109.0,9.833333333333334,24.166666666666668,0.8333333333333334,32.666666666666664,0.8333333333333334,1.3333333333333333,0.5,0.0,4.833333333333333,1.5,4.333333333333333,0.8333333333333334,1.3333333333333333,2.333333333333333,0.8333333333333334,0.1666666666666666,2.5,2.833333333333333,1.1666666666666667,0.8333333333333334,1.3333333333333333,1.1666666666666667,0.0,0.3333333333333333,0.0,0.0,80.33,33.33,34.78,53.33,62.5,42.03,41.67,63.64,0.0908903956609861,0.2486791117298934,1.0,4.5,0.13758514,1.5,4.5,5.0,0.3016585366666667,18.166666666666668,CB,12,82,12,30,31,99,64,44,76,12,100,85,98,98,100,59,99,100,57,100,100,68,41,100,51,51,15,10,88,80,90,12,25,55,72,98,100,98,98,95,75,74,100,30,8,78,8,15,25,94,54,44,61,8,100,70,98,98,100,50,95,100,39,100,100,62,41,98,51,51,15,10,88,80,90,12,25,55,65,98,100,98,98,95,65,62,100,15,Pro League
Anderlecht,6vyr13j6kbwdtxjwm1m4m8nu2,cu3a4pb4a9g6d0qir3oakd46i,M. Kana,Marco Kana,24.0,Midfielder,Belgium,Midfielder,108.0,199.0,11.0,306.0,5.0,3.0,2.0,0.0,15.0,8.0,431.0,2.0,1.0,1.0,7.0,1.0,1.0,5.0,5.0,3.0,1.0,5.0,1.0,0.0,0.0,0.0,0.0,90.53,52.38,100.0,100.0,33.33,46.88,55.56,25.0,0.21142528456227,0.4962819490531733,1.0,17.0,0.3580762199999999,10.0,35.0,35.0,0.8858719500000001,179.0,22.552204176334108,41.55452436194896,2.296983758700696,63.89791183294664,1.0440835266821349,0.6264501160092808,0.4176334106728538,0.0,3.132250580046404,1.6705336426914157,0.4176334106728538,0.2088167053364269,0.2088167053364269,1.4617169373549883,0.2088167053364269,0.2088167053364269,1.0440835266821349,1.0440835266821349,0.6264501160092808,0.2088167053364269,1.0440835266821349,0.2088167053364269,0.0,0.0,0.0,0.0,90.53,52.38,100.0,100.0,33.33,46.88,55.56,25.0,0.0441491313471097,0.1036319615192241,0.2088167053364269,3.5498839907192576,0.0747722965197215,2.0881670533642693,7.308584686774942,7.308584686774942,0.1849848619489559,37.37819025522042,CB,22,98,32,78,31,56,42,44,20,9,21,18,79,92,76,59,86,86,11,65,95,6,41,45,51,51,72,60,98,96,70,18,60,5,38,88,79,92,92,98,90,79,80,62,22,100,38,80,32,57,50,44,18,10,20,22,78,92,75,65,82,82,8,70,95,5,41,45,51,51,72,60,98,96,70,18,60,5,32,88,82,92,92,98,95,92,85,70,Pro League
Anderlecht,6vyr13j6kbwdtxjwm1m4m8nu2,dfss2zdkn61bbq312zhxlddyh,L. Pétrot,Léo Pétrot,29.0,Defender,France,Defender,258.0,164.0,11.0,422.0,24.0,3.0,2.0,0.0,36.0,24.0,540.0,6.0,3.0,0.0,2.0,1.0,2.0,3.0,3.0,6.0,1.0,2.0,5.0,0.0,0.0,0.0,0.0,91.14,44.0,0.0,66.67,33.33,60.0,57.14,71.43,0.3468979909060034,0.0949203631902771,0.0,3.0,0.06271785,5.0,40.0,37.0,0.7885476600000003,287.0,43.0,27.33333333333333,1.8333333333333333,70.33333333333333,4.0,0.5,0.3333333333333333,0.0,6.0,4.0,1.0,0.5,0.0,0.3333333333333333,0.1666666666666666,0.3333333333333333,0.5,0.5,1.0,0.1666666666666666,0.3333333333333333,0.8333333333333334,0.0,0.0,0.0,0.0,91.14,44.0,0.0,66.67,33.33,60.0,57.14,71.43,0.0578163318176672,0.0158200605317128,0.0,0.5,0.010452975,0.8333333333333334,6.666666666666667,6.166666666666667,0.13142461,47.833333333333336,CB,90,90,32,90,98,56,42,44,90,45,59,59,38,70,76,85,72,72,45,65,79,46,41,45,51,51,80,41,38,86,70,56,65,68,50,52,32,49,52,90,95,85,75,95,85,88,26,85,92,44,35,44,88,25,48,46,38,62,66,71,70,70,29,52,70,39,41,45,51,51,80,41,38,86,70,56,65,68,50,52,32,42,45,90,92,74,70,90,Pro League
Anderlecht,6vyr13j6kbwdtxjwm1m4m8nu2,eb48g14m2erkf7yzqz8gj4u6t,L. Augustinsson,Ludwig Augustinsson,32.0,Defender,Sweden,Defender,106.0,165.0,4.0,267.0,5.0,9.0,7.0,0.0,12.0,20.0,469.0,19.0,2.0,4.0,4.0,2.0,3.0,1.0,2.0,4.0,1.0,1.0,3.0,0.0,0.0,0.0,0.0,85.85,30.77,22.22,100.0,11.11,36.36,27.78,75.0,0.7447825114829816,0.359227558743857,2.0,7.0,0.14176843,7.0,35.0,39.0,1.1420491799999997,144.0,20.341151385927503,31.66311300639659,0.767590618336887,51.23667377398721,0.9594882729211088,1.7270788912579955,1.343283582089552,0.0,2.302771855010661,3.837953091684435,3.646055437100213,0.3837953091684435,0.767590618336887,0.767590618336887,0.3837953091684435,0.5756929637526652,0.1918976545842217,0.3837953091684435,0.767590618336887,0.1918976545842217,0.1918976545842217,0.5756929637526652,0.0,0.0,0.0,0.0,85.85,30.77,22.22,100.0,11.11,36.36,27.78,75.0,0.1429220171289303,0.0689349259849619,0.3837953091684435,1.343283582089552,0.0272050292110874,1.343283582089552,6.716417910447761,7.484008528784648,0.2191565590618336,27.63326226012793,LB/LCB,65,94,12,88,53,97,100,50,12,76,100,41,59,53,56,94,15,26,21,62,24,21,41,41,53,53,88,18,53,94,53,6,29,91,100,47,62,62,59,82,97,94,88,82,59,100,12,88,41,100,100,50,6,88,100,35,59,53,47,94,18,29,12,59,24,18,41,41,53,53,88,18,53,94,53,6,29,91,100,47,65,59,59,76,100,94,88,82,Pro League
Anderlecht,6vyr13j6kbwdtxjwm1m4m8nu2,esb4b21x729db8od4c4xt8ciy,G. Biancone,Giulian Biancone,26.0,Defender,France,Defender,206.0,203.0,32.0,409.0,22.0,7.0,6.0,0.0,48.0,25.0,487.0,8.0,8.0,0.0,1.0,1.0,4.0,7.0,7.0,6.0,0.0,5.0,6.0,0.0,0.0,0.0,0.0,88.53,64.0,0.0,71.43,0.0,60.0,55.0,46.15,0.7734688925851535,0.1644234634263542,1.0,22.0,0.52818801,12.0,47.0,52.0,1.5333052000000005,283.0,38.06981519507187,37.515400410677614,5.9137577002053385,75.58521560574948,4.0657084188911705,1.2936344969199178,1.108829568788501,0.0,8.870636550308008,4.620123203285421,1.4784394250513346,1.4784394250513346,0.0,0.1848049281314168,0.1848049281314168,0.7392197125256673,1.2936344969199178,1.2936344969199178,1.108829568788501,0.0,0.924024640657084,1.108829568788501,0.0,0.0,0.0,0.0,88.53,64.0,0.0,71.43,0.0,60.0,55.0,46.15,0.1429408631060858,0.030386266341626,0.1848049281314168,4.0657084188911705,0.097611747227926,2.217659137577002,8.685831622176591,9.609856262833675,0.2833623572895278,52.299794661190965,CB,68,100,98,88,95,91,92,44,100,49,78,95,38,46,76,99,91,91,45,25,95,57,41,45,51,51,57,95,38,90,25,56,57,18,92,72,79,95,95,100,98,100,98,90,68,98,92,95,95,90,90,44,100,38,72,95,38,45,70,100,88,88,35,25,92,60,41,45,51,51,57,95,38,90,25,56,57,18,88,72,78,95,95,100,98,100,98,98,Pro League
Antwerp,7zibyotq1x1hq6pmgibhr0e6s,2tsn78gg5xyw81srfdn05hw8a,C. Scott,Christopher Scott,24.0,Midfielder,Germany,Midfielder,32.0,49.0,3.0,80.0,3.0,6.0,2.0,0.0,11.0,4.0,266.0,8.0,3.0,1.0,4.0,4.0,2.0,5.0,5.0,4.0,1.0,2.0,2.0,0.0,1.0,0.0,0.0,83.33,60.0,25.0,40.0,16.67,40.74,60.0,66.67,0.3324177844324294,0.3826974774577845,3.0,10.0,0.25933493,3.0,10.0,7.0,0.6348239299999999,36.0,10.827067669172932,16.57894736842105,1.0150375939849623,27.06766917293233,1.0150375939849623,2.0300751879699246,0.6766917293233082,0.0,3.721804511278195,1.3533834586466165,2.706766917293233,1.0150375939849623,0.3383458646616541,1.3533834586466165,1.3533834586466165,0.6766917293233082,1.6917293233082706,1.6917293233082706,1.3533834586466165,0.3383458646616541,0.6766917293233082,0.6766917293233082,0.0,0.3383458646616541,0.0,0.0,83.33,60.0,25.0,40.0,16.67,40.74,60.0,66.67,0.1124721827027016,0.1294841089142879,1.0150375939849623,3.3834586466165413,0.0877449011278195,1.0150375939849623,3.3834586466165413,2.3684210526315788,0.2147900515037593,12.180451127819548,DM/CM,6,11,16,10,26,85,73,48,6,10,71,26,65,56,90,89,71,69,23,66,53,8,42,90,52,52,45,55,52,44,56,13,68,77,68,68,90,87,87,71,23,10,84,10,6,48,16,19,48,97,87,48,23,29,97,58,90,84,100,100,90,90,52,87,77,19,42,100,52,52,45,55,52,44,56,13,68,77,94,87,100,97,100,87,39,23,100,16,Pro League
Antwerp,7zibyotq1x1hq6pmgibhr0e6s,34j9ml9hy9yfe33ff4n1y1udw,M. Fofana,Modibo Fofana,18.0,Midfielder,Côte d'Ivoire,Midfielder,29.0,70.0,1.0,97.0,1.0,6.0,2.0,0.0,23.0,1.0,337.0,9.0,8.0,2.0,12.0,4.0,3.0,15.0,16.0,7.0,1.0,8.0,3.0,0.0,0.0,0.0,0.0,85.84,25.0,20.0,53.33,16.67,45.1,16.67,50.0,0.33047531011673,0.8663156467845997,5.0,23.0,0.54232941,12.0,14.0,15.0,0.4407053100000001,47.0,7.744807121661721,18.69436201780416,0.2670623145400593,25.90504451038576,0.2670623145400593,1.602373887240356,0.5341246290801187,0.0,6.142433234421365,0.2670623145400593,2.4035608308605343,2.136498516320475,0.5341246290801187,3.204747774480712,1.0682492581602374,0.8011869436201781,4.00593471810089,4.27299703264095,1.869436201780416,0.2670623145400593,2.136498516320475,0.8011869436201781,0.0,0.0,0.0,0.0,85.84,25.0,20.0,53.33,16.67,45.1,16.67,50.0,0.0882575012181178,0.2313602617525637,1.3353115727002969,6.142433234421365,0.1448357474777448,3.204747774480712,3.738872403560831,4.00593471810089,0.1176957801186943,12.55192878338279,CM/AM,14,27,9,23,20,34,30,52,73,18,36,95,25,75,61,61,86,86,95,27,93,45,23,27,50,52,82,9,18,68,34,55,14,48,23,50,84,95,91,100,43,34,27,23,23,27,9,27,23,41,41,52,91,18,41,100,23,100,77,68,95,95,100,23,95,45,23,27,50,52,82,9,18,68,34,55,14,48,32,73,95,95,95,100,45,41,23,27,Pro League
Antwerp,7zibyotq1x1hq6pmgibhr0e6s,5zjacoh19zbmoesxqcxep2u50,X. Dierckx,Xander Dierckx,17.0,Midfielder,Belgium,Midfielder,39.0,49.0,2.0,87.0,8.0,1.0,1.0,0.0,25.0,5.0,426.0,9.0,3.0,1.0,3.0,0.0,0.0,10.0,10.0,5.0,0.0,4.0,7.0,0.0,1.0,0.0,0.0,71.31,100.0,33.33,40.0,0.0,42.37,57.14,70.0,0.2457543991056377,0.1563598353293163,0.0,2.0,0.04347372,1.0,9.0,10.0,0.4141109699999999,47.0,8.23943661971831,10.352112676056338,0.4225352112676056,18.380281690140844,1.6901408450704225,0.2112676056338028,0.2112676056338028,0.0,5.28169014084507,1.056338028169014,1.9014084507042253,0.6338028169014085,0.2112676056338028,0.6338028169014085,0.0,0.0,2.112676056338028,2.112676056338028,1.056338028169014,0.0,0.8450704225352113,1.4788732394366195,0.0,0.2112676056338028,0.0,0.0,71.31,100.0,33.33,40.0,0.0,42.37,57.14,70.0,0.051919943473022,0.0330337680273203,0.0,0.4225352112676056,0.0091845887323943,0.2112676056338028,1.9014084507042253,2.112676056338028,0.0874882330985915,9.929577464788732,DM/CM,11,11,10,13,74,18,50,48,48,18,77,26,65,44,8,21,95,95,42,26,92,61,42,90,52,52,6,100,61,44,26,16,53,84,58,45,16,16,13,26,18,16,39,13,3,13,10,3,74,19,48,48,58,16,74,19,65,45,8,21,94,94,39,26,90,58,42,94,52,52,6,100,61,44,26,16,53,84,52,45,16,19,13,32,16,16,58,6,Pro League
Antwerp,7zibyotq1x1hq6pmgibhr0e6s,a0ecz4nlxrr62dcwixtmjiwyy,T. Somers,Thibo Somers,27.0,Attacker,Belgium,Striker,45.0,77.0,8.0,120.0,5.0,6.0,3.0,0.0,15.0,9.0,525.0,15.0,0.0,2.0,5.0,3.0,1.0,4.0,4.0,3.0,5.0,1.0,5.0,0.0,2.0,0.0,0.0,78.95,61.54,20.0,25.0,83.33,45.45,45.45,55.56,0.4592830750393842,0.4379795172790147,1.0,4.0,0.10209207,3.0,10.0,14.0,0.80030934,47.0,7.714285714285714,13.2,1.3714285714285714,20.571428571428573,0.8571428571428572,1.0285714285714287,0.5142857142857143,0.0,2.571428571428572,1.542857142857143,2.571428571428572,0.0,0.3428571428571428,0.8571428571428572,0.5142857142857143,0.1714285714285714,0.6857142857142857,0.6857142857142857,0.5142857142857143,0.8571428571428572,0.1714285714285714,0.8571428571428572,0.0,0.3428571428571428,0.0,0.0,78.95,61.54,20.0,25.0,83.33,45.45,45.45,55.56,0.078734241435323,0.0750822029621168,0.1714285714285714,0.6857142857142857,0.0175014977142857,0.5142857142857143,1.7142857142857144,2.4,0.1371958868571428,8.057142857142857,RW,73,64,82,68,82,32,36,55,45,91,59,9,45,45,59,27,9,9,77,77,9,59,27,82,50,55,64,64,45,18,100,50,91,36,36,45,23,18,18,41,82,64,64,73,55,45,73,45,82,36,27,55,18,82,36,9,45,36,45,18,9,9,64,73,9,36,27,82,50,55,64,64,45,18,100,50,91,36,27,36,9,9,9,27,55,45,55,45,Pro League
Antwerp,7zibyotq1x1hq6pmgibhr0e6s,afymbx9eo87zau8mo99pakbu,M. Busi,Maxime Busi,26.0,Defender,Belgium,Defender,30.0,45.0,10.0,73.0,7.0,0.0,0.0,0.0,14.0,7.0,216.0,0.0,1.0,2.0,2.0,0.0,0.0,1.0,1.0,2.0,0.0,0.0,5.0,0.0,0.0,0.0,0.0,69.52,50.0,33.33,0.0,0.0,48.28,77.78,83.33,0.0,0.20042805204969,0.0,3.0,0.0759214,1.0,14.0,12.0,0.6901672600000002,39.0,12.5,18.75,4.166666666666667,30.416666666666668,2.916666666666667,0.0,0.0,0.0,5.833333333333334,2.916666666666667,0.0,0.4166666666666667,0.8333333333333334,0.8333333333333334,0.0,0.0,0.4166666666666667,0.4166666666666667,0.8333333333333334,0.0,0.0,2.083333333333333,0.0,0.0,0.0,0.0,69.52,50.0,33.33,0.0,0.0,48.28,77.78,83.33,0.0,0.0835116883540375,0.0,1.25,0.0316339166666666,0.4166666666666667,5.833333333333334,5.0,0.2875696916666667,16.25,RB/RCB,10,10,57,10,55,7,12,52,10,17,5,14,55,43,29,26,21,21,12,31,14,33,38,40,52,52,14,74,79,14,31,24,90,95,7,43,26,38,38,24,55,43,67,14,24,86,81,29,90,7,12,52,62,38,5,24,76,57,29,26,33,33,31,31,14,95,38,40,52,52,14,74,79,14,31,24,90,95,7,67,26,60,67,29,95,76,95,48,Pro League
Antwerp,7zibyotq1x1hq6pmgibhr0e6s,axbyqn4r430cilb6lbnzpbuvo,R. Van Helden,Rein Van Helden,24.0,Defender,Belgium,Defender,148.0,73.0,19.0,221.0,9.0,3.0,3.0,0.0,19.0,19.0,360.0,5.0,1.0,0.0,1.0,0.0,1.0,1.0,1.0,6.0,1.0,1.0,5.0,1.0,0.0,0.0,0.0,87.7,61.29,0.0,100.0,33.33,51.35,52.94,62.5,0.3862370862779877,0.0616794455415458,0.0,5.0,0.09880668,2.0,21.0,14.0,0.35276507,145.0,37.0,18.25,4.75,55.25,2.25,0.75,0.75,0.0,4.75,4.75,1.25,0.25,0.0,0.25,0.0,0.25,0.25,0.25,1.5,0.25,0.25,1.25,0.25,0.0,0.0,0.0,87.7,61.29,0.0,100.0,33.33,51.35,52.94,62.5,0.0965592715694969,0.0154198613853864,0.0,1.25,0.02470167,0.5,5.25,3.5,0.0881912675,36.25,RB/RCB,76,57,76,71,69,48,64,52,26,62,43,14,21,24,29,69,21,21,52,69,38,33,86,40,52,52,95,95,21,100,76,33,43,64,62,29,26,60,48,40,76,50,24,86,95,71,95,95,71,52,67,52,48,76,48,14,21,29,29,81,19,19,67,71,48,33,90,40,52,52,95,95,21,100,76,33,43,64,76,29,26,60,52,38,86,57,33,100,Pro League
Antwerp,7zibyotq1x1hq6pmgibhr0e6s,bhsdb2mxe69qf71ft4390qfpw,E. Tuypens,Eran Tuypens,20.0,Defender,Belgium,Defender,63.0,85.0,8.0,143.0,4.0,3.0,2.0,0.0,15.0,9.0,307.0,2.0,2.0,5.0,6.0,1.0,0.0,6.0,6.0,9.0,2.0,2.0,5.0,1.0,1.0,0.0,0.0,82.66,50.0,31.25,33.33,66.67,45.45,36.36,71.43,0.1467463281847537,0.6642990352422167,1.0,7.0,0.15621146,5.0,14.0,15.0,0.7276327099999996,84.0,18.46905537459284,24.9185667752443,2.345276872964169,41.92182410423453,1.1726384364820848,0.8794788273615636,0.5863192182410424,0.0,4.397394136807818,2.638436482084691,0.5863192182410424,0.5863192182410424,1.4657980456026058,1.7589576547231272,0.2931596091205212,0.0,1.7589576547231272,1.7589576547231272,2.638436482084691,0.5863192182410424,0.5863192182410424,1.4657980456026058,0.2931596091205212,0.2931596091205212,0.0,0.0,82.66,50.0,31.25,33.33,66.67,45.45,36.36,71.43,0.0430200962105141,0.1947456455107475,0.2931596091205212,2.052117263843648,0.0457948905537459,1.4657980456026058,4.1042345276872965,4.397394136807818,0.2133125208469054,24.62540716612378,LB/LCB,18,47,38,26,35,32,41,50,24,15,15,41,76,79,32,12,65,65,79,85,56,53,88,88,53,53,65,79,76,32,91,18,35,82,12,82,29,62,65,59,44,41,59,47,41,82,53,65,47,53,65,50,59,29,18,65,100,94,35,12,82,82,94,100,76,71,94,94,53,53,65,79,76,32,91,18,35,82,18,94,29,76,76,82,65,59,82,76,Pro League
Antwerp,7zibyotq1x1hq6pmgibhr0e6s,bsl1uabxlj21ogpvn59kg1ixg,Y. Tsunashima,Yuto Tsunashima,26.0,Midfielder,Japan,Midfielder,178.0,97.0,20.0,275.0,27.0,3.0,2.0,0.0,43.0,46.0,540.0,2.0,2.0,0.0,0.0,1.0,0.0,4.0,4.0,10.0,0.0,3.0,4.0,0.0,0.0,0.0,0.0,84.36,44.44,0.0,75.0,0.0,67.19,79.41,36.36,0.4112434773443184,0.0,1.0,4.0,0.0820407,2.0,28.0,31.0,0.5025730499999999,183.0,29.666666666666668,16.166666666666668,3.333333333333333,45.833333333333336,4.5,0.5,0.3333333333333333,0.0,7.166666666666667,7.666666666666667,0.3333333333333333,0.3333333333333333,0.0,0.0,0.1666666666666666,0.0,0.6666666666666666,0.6666666666666666,1.6666666666666667,0.0,0.5,0.6666666666666666,0.0,0.0,0.0,0.0,84.36,44.44,0.0,75.0,0.0,67.19,79.41,36.36,0.0685405795573863,0.0,0.1666666666666666,0.6666666666666666,0.0136734499999999,0.3333333333333333,4.666666666666667,5.166666666666667,0.0837621749999999,30.5,DM/CM,94,65,87,81,100,55,73,48,97,100,35,11,24,8,34,21,52,48,81,26,76,27,42,40,52,52,55,35,24,90,26,97,90,10,77,8,44,40,32,50,81,89,71,90,87,45,84,68,100,45,65,48,84,100,31,8,24,8,19,21,39,37,77,26,63,15,42,40,52,52,55,35,24,90,26,97,90,10,68,8,35,31,26,44,68,82,52,87,Pro League
Antwerp,7zibyotq1x1hq6pmgibhr0e6s,cxa3j4u8eh5w947p1iba47yfo,I. Salah,Ibrahim Salah,25.0,Attacker,Morocco,Striker,26.0,63.0,7.0,84.0,1.0,9.0,6.0,0.0,12.0,1.0,298.0,12.0,0.0,5.0,6.0,3.0,2.0,16.0,16.0,0.0,2.0,7.0,3.0,0.0,0.0,0.0,0.0,83.17,87.5,27.78,43.75,22.22,32.43,16.67,75.0,0.611243120309205,0.4378608021801757,1.0,16.0,0.44261326,3.0,7.0,7.0,0.5824872299999999,40.0,7.852348993288591,19.026845637583893,2.114093959731544,25.369127516778526,0.3020134228187919,2.718120805369128,1.812080536912752,0.0,3.624161073825504,0.3020134228187919,3.624161073825504,0.0,1.51006711409396,1.812080536912752,0.906040268456376,0.6040268456375839,4.832214765100671,4.832214765100671,0.0,0.6040268456375839,2.114093959731544,0.906040268456376,0.0,0.0,0.0,0.0,83.17,87.5,27.78,43.75,22.22,32.43,16.67,75.0,0.1846036269390216,0.1322398395846168,0.3020134228187919,4.832214765100671,0.1336751456375839,0.906040268456376,2.114093959731544,2.114093959731544,0.1759189620805369,12.08053691275168,LW,50,56,89,44,72,39,33,50,22,28,11,11,89,67,56,28,50,50,11,17,44,67,11,22,56,56,67,78,67,22,22,11,67,78,11,78,11,56,56,44,78,39,67,78,56,56,89,56,78,33,33,50,22,22,11,11,89,67,67,22,67,67,11,11,44,67,11,22,56,56,67,78,67,22,22,11,67,78,11,78,11,78,56,56,78,33,78,100,Pro League
Antwerp,7zibyotq1x1hq6pmgibhr0e6s,ex7y8oe78ewwmibz41qbmwhxx,M. Frey,Michael Frey,32.0,Attacker,Switzerland,Striker,19.0,62.0,2.0,81.0,31.0,17.0,16.0,0.0,43.0,8.0,468.0,44.0,5.0,0.0,4.0,1.0,4.0,10.0,12.0,3.0,8.0,3.0,3.0,4.0,0.0,0.0,0.0,64.8,33.33,0.0,30.0,47.06,58.9,70.45,75.0,1.9090114402613043,0.2793780701605168,3.0,2.0,0.05365512,2.0,5.0,4.0,0.0691696099999999,20.0,3.6538461538461537,11.923076923076923,0.3846153846153846,15.576923076923077,5.961538461538462,3.269230769230769,3.0769230769230766,0.0,8.269230769230768,1.5384615384615383,8.461538461538462,0.9615384615384616,0.0,0.7692307692307692,0.1923076923076923,0.7692307692307692,1.923076923076923,2.3076923076923075,0.5769230769230769,1.5384615384615383,0.5769230769230769,0.5769230769230769,0.7692307692307692,0.0,0.0,0.0,64.8,33.33,0.0,30.0,47.06,58.9,70.45,75.0,0.3671175846656354,0.0537265519539455,0.5769230769230769,0.3846153846153846,0.0103182923076923,0.3846153846153846,0.9615384615384616,0.7692307692307692,0.013301848076923,3.846153846153846,ST,37,69,50,65,94,88,97,51,94,93,97,37,26,38,44,78,50,59,84,94,46,74,91,31,51,51,12,28,26,29,76,100,100,74,88,24,65,16,21,51,54,37,9,34,26,59,41,53,97,85,91,51,94,91,100,32,26,26,35,74,41,47,85,91,35,69,88,31,51,51,12,28,26,29,76,100,100,74,82,18,59,12,12,44,47,29,6,24,Pro League
Sporting Charleroi,920raeoumft3q2wmvc296uceo,1g0hx1y7bkrsbf4t9fag0xmy2,Aiham Ousou,Aiham Hanz Ousou,26.0,Defender,Syria,Defender,213.0,76.0,21.0,289.0,9.0,3.0,3.0,0.0,28.0,23.0,450.0,6.0,6.0,0.0,0.0,0.0,0.0,2.0,2.0,10.0,1.0,1.0,7.0,1.0,0.0,0.0,0.0,91.17,63.64,0.0,50.0,33.33,63.64,60.0,58.33,0.4769215963438082,0.0,0.0,2.0,0.03996962,1.0,17.0,17.0,0.40324791,202.0,42.6,15.2,4.2,57.8,1.8,0.6,0.6,0.0,5.6,4.6,1.2,1.2,0.0,0.0,0.0,0.0,0.4,0.4,2.0,0.2,0.2,1.4,0.2,0.0,0.0,0.0,91.17,63.64,0.0,50.0,33.33,63.64,60.0,58.33,0.0953843192687616,0.0,0.0,0.4,0.007993924,0.2,3.4,3.4,0.080649582,40.4,CB,75,45,80,62,52,56,64,44,71,41,59,92,38,16,32,21,60,60,76,65,61,68,90,45,51,51,82,92,38,72,70,82,68,45,65,20,32,36,38,44,52,50,42,71,82,45,78,72,51,52,60,44,82,35,66,92,38,16,32,21,64,64,80,62,62,80,91,45,51,51,82,92,38,72,70,82,68,45,70,20,32,35,32,41,50,42,38,72,Pro League
Sporting Charleroi,920raeoumft3q2wmvc296uceo,2lm0c7eiwntew7sdkdpwi02y1,A. Scheidler,Aurélien Scheidler,28.0,Attacker,France,Striker,15.0,40.0,1.0,55.0,21.0,12.0,12.0,0.0,31.0,1.0,387.0,32.0,6.0,0.0,4.0,0.0,4.0,2.0,2.0,0.0,4.0,0.0,1.0,1.0,1.0,0.0,0.0,61.8,50.0,0.0,0.0,33.33,53.45,65.62,25.0,1.4102458774981048,0.3655434994297321,0.0,1.0,0.03511326,1.0,4.0,4.0,0.12780141,22.0,3.488372093023256,9.30232558139535,0.2325581395348837,12.790697674418606,4.883720930232558,2.7906976744186047,2.7906976744186047,0.0,7.209302325581396,0.2325581395348837,7.441860465116279,1.3953488372093024,0.0,0.9302325581395348,0.0,0.9302325581395348,0.4651162790697674,0.4651162790697674,0.0,0.9302325581395348,0.0,0.2325581395348837,0.2325581395348837,0.2325581395348837,0.0,0.0,61.8,50.0,0.0,0.0,33.33,53.45,65.62,25.0,0.3279641575576988,0.0850101161464493,0.0,0.2325581395348837,0.0081658744186046,0.2325581395348837,0.9302325581395348,0.9302325581395348,0.0297212581395348,5.116279069767442,ST,26,43,31,38,88,69,76,51,74,28,87,50,26,38,18,78,9,7,21,60,6,34,54,71,51,51,9,51,26,6,53,85,94,29,71,44,13,6,9,26,43,37,21,40,24,41,35,38,88,71,79,51,76,26,88,47,26,44,18,79,9,9,21,62,6,35,59,68,51,51,9,51,26,6,53,85,94,29,74,47,13,9,9,29,44,35,24,35,Pro League
Sporting Charleroi,920raeoumft3q2wmvc296uceo,8ic5et3o15rkxyebpxy6y4mhh,A. Bernier,Antoine Bernier,29.0,Attacker,Belgium,Striker,23.0,62.0,0.0,83.0,7.0,7.0,7.0,0.0,18.0,1.0,314.0,21.0,5.0,2.0,6.0,0.0,2.0,11.0,12.0,2.0,1.0,4.0,0.0,0.0,0.0,0.0,0.0,83.84,0.0,18.18,36.36,14.29,47.37,63.64,0.0,0.6553002529486371,0.4666351665138186,1.0,13.0,0.4221747,7.0,5.0,11.0,0.7193006199999997,35.0,6.592356687898089,17.770700636942674,0.0,23.78980891719745,2.006369426751592,2.006369426751592,2.006369426751592,0.0,5.159235668789809,0.286624203821656,6.019108280254777,1.4331210191082802,0.5732484076433121,1.7197452229299364,0.0,0.5732484076433121,3.1528662420382165,3.4394904458598727,0.5732484076433121,0.286624203821656,1.1464968152866242,0.0,0.0,0.0,0.0,0.0,83.84,0.0,18.18,36.36,14.29,47.37,63.64,0.0,0.1878249132655329,0.1337489330772091,0.286624203821656,3.726114649681529,0.1210054872611465,2.006369426751592,1.4331210191082802,3.1528662420382165,0.2061689675159234,10.031847133757962,ST,63,69,12,68,54,22,43,51,35,28,50,37,74,74,18,40,60,59,69,12,57,10,22,31,51,51,91,12,63,44,15,65,88,10,32,65,32,79,79,79,54,76,79,71,68,85,12,79,56,41,53,51,51,35,74,53,74,74,18,53,79,76,82,12,65,10,22,31,51,51,91,12,63,44,15,65,88,10,32,68,32,91,91,88,68,79,91,76,Pro League
Sporting Charleroi,920raeoumft3q2wmvc296uceo,8n59b5l4lzz9ny4yrvl5p3wus,Y. Khalifi,Yassine Khalifi,21.0,Midfielder,Morocco,Midfielder,191.0,173.0,30.0,363.0,4.0,5.0,0.0,0.0,26.0,9.0,517.0,0.0,11.0,1.0,6.0,5.0,2.0,6.0,6.0,5.0,0.0,3.0,6.0,0.0,0.0,0.0,0.0,90.07,78.95,50.0,50.0,0.0,66.67,80.0,75.0,0.3008352558575254,0.4210083721563235,4.0,9.0,0.21382072,8.0,37.0,42.0,0.9706555499999998,195.0,33.2495164410058,30.11605415860735,5.222437137330754,63.191489361702125,0.6963249516441006,0.8704061895551257,0.0,0.0,4.526112185686654,1.5667311411992264,0.0,1.9148936170212767,0.1740812379110251,1.0444874274661509,0.8704061895551257,0.3481624758220503,1.0444874274661509,1.0444874274661509,0.8704061895551257,0.0,0.5222437137330754,1.0444874274661509,0.0,0.0,0.0,0.0,90.07,78.95,50.0,50.0,0.0,66.67,80.0,75.0,0.052369773746958,0.0732896585958783,0.6963249516441006,1.5667311411992264,0.0372221756286266,1.3926499032882012,6.44100580270793,7.311411992263056,0.1689729197292069,33.9458413926499,DM/CM,97,90,100,100,40,77,19,48,53,47,8,89,65,76,94,89,81,81,42,26,76,48,42,40,52,52,87,94,81,63,26,92,95,89,65,77,95,84,81,95,94,97,94,97,90,90,97,100,29,68,19,48,42,35,8,87,52,68,90,90,65,61,29,26,71,42,42,40,52,52,87,94,81,63,26,92,95,89,55,68,90,81,81,97,94,97,90,97,Pro League
Sporting Charleroi,920raeoumft3q2wmvc296uceo,8zo4abj7d3ut3cry9tcsoglw,C. Keita,Cheick Keita,23.0,Defender,Mali,Defender,168.0,60.0,15.0,228.0,4.0,4.0,4.0,1.0,26.0,30.0,450.0,5.0,5.0,0.0,0.0,0.0,1.0,3.0,3.0,5.0,3.0,2.0,8.0,1.0,0.0,0.0,0.0,92.31,60.0,0.0,66.67,75.0,61.9,30.77,53.33,0.6612388537942956,0.0,0.0,4.0,0.08104383,2.0,12.0,12.0,0.2784291,152.0,33.6,12.0,3.0,45.6,0.8,0.8,0.8,0.2,5.2,6.0,1.0,1.0,0.0,0.0,0.0,0.2,0.6,0.6,1.0,0.6,0.4,1.6,0.2,0.0,0.0,0.0,92.31,60.0,0.0,66.67,75.0,61.9,30.77,53.33,0.1322477707588591,0.0,0.0,0.8,0.016208766,0.4,2.4,2.4,0.05568582,30.4,CB,55,30,50,45,22,74,81,94,66,65,45,85,38,16,32,59,72,72,29,98,79,82,90,45,51,51,95,85,38,86,92,74,10,29,85,20,32,60,60,66,39,26,22,48,42,25,56,38,22,72,82,98,72,57,48,82,38,16,32,62,72,72,29,98,84,91,91,45,51,51,95,85,38,86,92,74,10,29,85,20,32,60,57,65,32,20,18,48,Pro League
Sporting Charleroi,920raeoumft3q2wmvc296uceo,9r62za5c8wuxzvj6u81jjdgyc,F. Mbemba,Freddy Mbemba,23.0,Attacker,France,Striker,18.0,40.0,0.0,57.0,0.0,9.0,9.0,0.0,19.0,1.0,227.0,22.0,7.0,1.0,7.0,0.0,2.0,16.0,16.0,1.0,3.0,6.0,2.0,2.0,0.0,0.0,0.0,80.28,0.0,50.0,37.5,33.33,46.34,0.0,33.33,0.866553251382866,0.4323604245737209,3.0,7.0,0.25324757,2.0,4.0,7.0,0.283101,26.0,7.136563876651983,15.859030837004406,0.0,22.59911894273128,0.0,3.5682819383259914,3.5682819383259914,0.0,7.533039647577093,0.3964757709251101,8.722466960352422,2.775330396475771,0.3964757709251101,2.775330396475771,0.0,0.7929515418502203,6.343612334801763,6.343612334801763,0.3964757709251101,1.1894273127753303,2.378854625550661,0.7929515418502203,0.7929515418502203,0.0,0.0,0.0,80.28,0.0,50.0,37.5,33.33,46.34,0.0,33.33,0.3435673683896825,0.1714204326503739,1.1894273127753303,2.775330396475771,0.1004065255506607,0.7929515418502203,1.5859030837004406,2.775330396475771,0.1122426872246696,10.308370044052865,LW,11,11,17,11,33,39,61,50,56,28,50,67,33,78,11,28,50,50,33,39,22,39,78,22,56,56,44,17,100,11,67,56,33,11,44,67,33,11,11,22,56,39,22,33,22,33,17,22,33,78,100,50,100,44,89,89,33,100,11,33,78,78,44,89,67,44,100,22,56,56,44,17,100,11,67,56,33,11,78,89,56,22,44,33,56,78,33,67,Pro League
Sporting Charleroi,920raeoumft3q2wmvc296uceo,cmtcvsy5wgs03nvdomn1ijnpx,P. Pflücke,Patrick Pflücke,29.0,Attacker,Germany,Striker,49.0,85.0,9.0,122.0,2.0,16.0,8.0,0.0,10.0,1.0,407.0,15.0,3.0,12.0,14.0,8.0,1.0,6.0,6.0,1.0,8.0,2.0,1.0,1.0,1.0,0.0,0.0,85.31,64.29,30.0,33.33,50.0,37.04,28.57,33.33,1.2173386820072192,1.4349104692848909,1.0,19.0,0.55363755,10.0,8.0,18.0,0.8685043999999998,45.0,10.835380835380835,18.796068796068795,1.9901719901719903,26.97788697788698,0.4422604422604422,3.538083538083538,1.769041769041769,0.0,2.211302211302211,0.2211302211302211,3.316953316953317,0.6633906633906634,2.6535626535626538,3.095823095823096,1.769041769041769,0.2211302211302211,1.3267813267813269,1.3267813267813269,0.2211302211302211,1.769041769041769,0.4422604422604422,0.2211302211302211,0.2211302211302211,0.2211302211302211,0.0,0.0,85.31,64.29,30.0,33.33,50.0,37.04,28.57,33.33,0.2691903719426283,0.3173020693750373,0.2211302211302211,4.201474201474202,0.1224259938574938,2.211302211302211,1.769041769041769,3.9803439803439806,0.19205257002457,9.95085995085995,RW,82,82,91,82,64,95,73,55,9,36,59,36,100,100,100,27,18,18,36,100,23,23,68,64,50,55,100,82,73,45,77,36,64,27,82,100,23,91,91,91,68,86,73,64,82,82,91,82,55,91,82,55,9,36,45,27,100,100,100,27,18,18,36,91,18,18,73,64,50,55,100,82,73,45,77,36,64,27,82,91,18,82,82,91,64,91,73,55,Pro League
Sporting Charleroi,920raeoumft3q2wmvc296uceo,czy9ac0vpru9je8zrlif013x0,A. Boukamir,Amine Boukamir,19.0,Midfielder,Morocco,Midfielder,162.0,112.0,17.0,274.0,3.0,2.0,1.0,0.0,17.0,8.0,407.0,2.0,3.0,0.0,2.0,1.0,1.0,4.0,4.0,5.0,1.0,2.0,5.0,1.0,0.0,0.0,0.0,88.39,58.62,0.0,50.0,50.0,37.78,30.0,55.56,0.1036819291821301,0.0902526180407187,1.0,7.0,0.15581755,1.0,16.0,18.0,0.3647961999999999,119.0,35.82309582309583,24.766584766584767,3.7592137592137593,60.58968058968059,0.6633906633906634,0.4422604422604422,0.2211302211302211,0.0,3.7592137592137593,1.769041769041769,0.4422604422604422,0.6633906633906634,0.0,0.4422604422604422,0.2211302211302211,0.2211302211302211,0.8845208845208845,0.8845208845208845,1.1056511056511056,0.2211302211302211,0.4422604422604422,1.1056511056511056,0.2211302211302211,0.0,0.0,0.0,88.39,58.62,0.0,50.0,50.0,37.78,30.0,55.56,0.0229272079272523,0.0199575813849255,0.2211302211302211,1.547911547911548,0.0344559692874692,0.2211302211302211,3.538083538083538,3.9803439803439806,0.0806674643734643,26.31449631449632,DM/CM,87,74,73,77,26,40,50,48,27,35,35,26,24,31,34,60,52,48,42,66,53,39,92,40,52,52,81,52,24,63,89,6,21,40,29,26,44,73,71,26,48,53,32,68,97,77,87,87,26,42,52,48,26,45,35,23,24,39,39,65,48,48,42,68,58,45,97,40,52,52,81,52,24,63,89,6,21,40,32,26,48,77,71,35,58,55,39,74,Pro League
Sporting Charleroi,920raeoumft3q2wmvc296uceo,dx5c8gytsnffmw7bk8lihslhx,K. Van Den Kerkhof,Kévin Van Den Kerkhof,30.0,Defender,Algeria,Defender,92.0,110.0,20.0,196.0,2.0,10.0,5.0,0.0,35.0,21.0,536.0,16.0,5.0,6.0,9.0,5.0,5.0,18.0,18.0,8.0,2.0,7.0,12.0,2.0,2.0,0.0,0.0,83.76,50.0,18.18,38.89,20.0,52.24,25.0,57.14,0.7656089519896216,1.124748748572979,4.0,14.0,0.38847607,5.0,17.0,21.0,1.56112921,83.0,15.44776119402985,18.470149253731343,3.3582089552238803,32.91044776119403,0.335820895522388,1.67910447761194,0.8395522388059701,0.0,5.876865671641791,3.526119402985074,2.686567164179104,0.8395522388059701,1.007462686567164,1.5111940298507462,0.8395522388059701,0.8395522388059701,3.0223880597014925,3.0223880597014925,1.343283582089552,0.335820895522388,1.1753731343283582,2.014925373134328,0.335820895522388,0.335820895522388,0.0,0.0,83.76,50.0,18.18,38.89,20.0,52.24,25.0,57.14,0.1285537419385558,0.1888570659917315,0.6716417910447761,2.3507462686567164,0.0652291908582089,0.8395522388059701,2.8544776119402986,3.526119402985074,0.2621299046641791,13.936567164179104,RB/RCB,52,95,81,62,7,100,83,52,88,74,83,81,95,98,100,100,100,100,71,83,95,100,100,98,52,52,76,74,52,52,62,38,10,38,90,100,98,95,100,86,67,71,95,52,38,76,67,43,5,100,76,52,67,52,81,81,90,90,100,100,95,95,52,81,81,90,100,95,52,52,76,74,52,52,62,38,10,38,90,100,100,95,95,81,48,62,90,29,Pro League
Sporting Charleroi,920raeoumft3q2wmvc296uceo,e6q4f5xvhd5db3uv3h6ke68yx,M. Nzita,Mardochée Nzita,26.0,Defender,Belgium,Defender,107.0,120.0,26.0,220.0,1.0,8.0,5.0,0.0,35.0,17.0,534.0,13.0,10.0,7.0,14.0,3.0,3.0,7.0,8.0,7.0,0.0,2.0,14.0,0.0,0.0,0.0,0.0,78.01,50.0,33.33,28.57,0.0,59.32,14.29,63.64,0.4984876701067297,1.2788657296788128,3.0,16.0,0.46892747,7.0,35.0,34.0,1.7607458300000014,130.0,18.033707865168537,20.2247191011236,4.382022471910112,37.07865168539325,0.1685393258426966,1.348314606741573,0.8426966292134831,0.0,5.8988764044943816,2.8651685393258424,2.191011235955056,1.6853932584269662,1.1797752808988764,2.359550561797753,0.5056179775280899,0.5056179775280899,1.1797752808988764,1.348314606741573,1.1797752808988764,0.0,0.3370786516853932,2.359550561797753,0.0,0.0,0.0,0.0,78.01,50.0,33.33,28.57,0.0,59.32,14.29,63.64,0.0840147758606847,0.2155391679233954,0.5056179775280899,2.696629213483146,0.0790327196629213,1.1797752808988764,5.8988764044943816,5.730337078651685,0.2967549151685395,21.91011235955056,LB/LCB,71,88,94,68,9,88,91,50,100,71,91,97,94,100,82,94,71,76,62,26,56,100,41,41,53,53,35,79,82,24,26,88,9,68,71,100,94,97,100,82,97,85,100,71,35,71,94,53,6,82,82,50,100,41,82,94,88,100,65,82,65,65,53,26,35,100,41,41,53,53,35,79,82,24,26,88,9,68,59,100,88,94,100,71,76,71,100,65,Pro League
Sporting Charleroi,920raeoumft3q2wmvc296uceo,ebkhyti8l579bl8amir9zgl5g,J. Romsaas,Jakob Romsaas,22.0,Midfielder,Norway,Midfielder,61.0,121.0,9.0,176.0,8.0,14.0,9.0,0.0,33.0,9.0,466.0,22.0,6.0,6.0,11.0,5.0,1.0,11.0,11.0,6.0,6.0,7.0,8.0,1.0,2.0,0.0,0.0,84.21,75.0,40.0,63.64,42.86,50.0,50.0,66.67,1.3125345287449486,1.1434365830401454,2.0,13.0,0.30600931,5.0,25.0,27.0,0.7752759499999999,80.0,11.781115879828326,23.369098712446352,1.7381974248927037,33.99141630901288,1.5450643776824031,2.703862660944206,1.7381974248927037,0.0,6.3733905579399135,1.7381974248927037,4.24892703862661,1.1587982832618025,1.1587982832618025,2.124463519313305,0.965665236051502,0.1931330472103004,2.124463519313305,2.124463519313305,1.1587982832618025,1.1587982832618025,1.351931330472103,1.5450643776824031,0.1931330472103004,0.3862660944206008,0.0,0.0,84.21,75.0,40.0,63.64,42.86,50.0,50.0,66.67,0.2534937931052475,0.220835391574277,0.3862660944206008,2.510729613733905,0.0591005105150214,0.965665236051502,4.828326180257511,5.214592274678111,0.1497314066523604,15.450643776824034,CM/AM,68,68,68,64,89,93,93,52,95,93,86,70,70,64,75,23,73,73,86,93,86,89,61,82,50,52,77,70,73,91,66,68,64,80,95,73,50,73,68,59,73,73,41,64,55,64,64,64,86,91,82,52,100,82,77,68,55,45,68,18,64,64,73,95,86,77,64,82,50,52,77,70,73,91,66,68,64,80,86,55,32,73,59,45,77,77,45,50,Pro League
Standard Liège,5z1b7fuvpqe6vnigvopomvecu,67egm07kcdq82h39zpczw48yy,A. Trouillet,Alexis Trouillet,25.0,Midfielder,France,Midfielder,140.0,189.0,22.0,328.0,3.0,2.0,0.0,0.0,26.0,11.0,474.0,1.0,5.0,1.0,0.0,2.0,0.0,2.0,2.0,11.0,1.0,1.0,9.0,0.0,0.0,0.0,0.0,86.54,62.86,33.33,50.0,50.0,61.9,42.86,52.94,0.1145056453237027,0.0,2.0,21.0,0.39981954,1.0,43.0,38.0,0.6985171400000003,203.0,26.58227848101265,35.88607594936709,4.177215189873418,62.27848101265823,0.569620253164557,0.379746835443038,0.0,0.0,4.936708860759493,2.088607594936709,0.189873417721519,0.949367088607595,0.189873417721519,0.0,0.379746835443038,0.0,0.379746835443038,0.379746835443038,2.088607594936709,0.189873417721519,0.189873417721519,1.7088607594936709,0.0,0.0,0.0,0.0,86.54,62.86,33.33,50.0,50.0,61.9,42.86,52.94,0.0217415782260195,0.0,0.379746835443038,3.987341772151898,0.0759151025316455,0.189873417721519,8.164556962025317,7.215189873417722,0.1326298367088608,38.54430379746835,DM/CM,81,97,92,94,26,40,19,48,53,65,21,56,65,8,68,21,23,23,89,66,34,77,42,40,52,52,68,61,61,63,89,68,35,35,32,8,73,100,100,26,97,94,87,100,81,100,94,97,19,35,19,48,52,58,19,52,58,8,68,21,19,19,90,65,29,74,42,40,52,52,68,61,61,63,89,68,35,35,26,8,71,100,97,26,97,90,81,100,Pro League
Standard Liège,5z1b7fuvpqe6vnigvopomvecu,6gm82ak9kys9wd1hpk878xdec,B. Nguene,Bernard Nguene,20.0,Attacker,Cameroon,Striker,14.0,34.0,2.0,48.0,13.0,16.0,14.0,0.0,24.0,4.0,418.0,30.0,5.0,0.0,2.0,2.0,4.0,16.0,16.0,1.0,3.0,4.0,0.0,1.0,1.0,0.0,0.0,73.85,100.0,0.0,25.0,18.75,34.78,36.11,0.0,2.0318766419307632,0.1500770928297429,3.0,7.0,0.19963601,4.0,4.0,2.0,0.1538289499999999,15.0,3.014354066985646,7.320574162679425,0.4306220095693779,10.33492822966507,2.799043062200957,3.444976076555024,3.014354066985646,0.0,5.167464114832535,0.8612440191387559,6.45933014354067,1.076555023923445,0.0,0.4306220095693779,0.4306220095693779,0.8612440191387559,3.444976076555024,3.444976076555024,0.2153110047846889,0.6459330143540669,0.8612440191387559,0.0,0.2153110047846889,0.2153110047846889,0.0,0.0,73.85,100.0,0.0,25.0,18.75,34.78,36.11,0.0,0.4374854013726523,0.0323132496523369,0.6459330143540669,1.507177033492823,0.0429838299043062,0.8612440191387559,0.8612440191387559,0.4306220095693779,0.0331210657894736,3.229665071770335,RW,14,23,50,27,100,95,100,55,77,68,91,64,18,18,36,100,82,82,36,55,55,9,68,64,50,55,18,100,18,18,36,18,82,9,100,18,50,41,36,64,32,9,18,18,9,9,55,9,100,82,91,55,55,64,82,55,18,18,36,91,64,55,27,55,55,9,64,55,50,55,18,100,18,18,36,18,82,9,91,18,55,27,27,45,18,9,9,9,Pro League
Standard Liège,5z1b7fuvpqe6vnigvopomvecu,7lfocbri1eyj151wuqodpnnpx,D. Dargahi,Dennis Dargahi,29.0,Attacker,Iran,Striker,8.0,39.0,2.0,47.0,12.0,12.0,10.0,0.0,21.0,0.0,395.0,24.0,7.0,0.0,3.0,2.0,1.0,4.0,4.0,0.0,9.0,2.0,0.0,4.0,0.0,0.0,0.0,71.21,66.67,0.0,50.0,75.0,36.84,34.29,0.0,1.5898122393821086,0.3168184085461673,1.0,4.0,0.14521078,1.0,2.0,3.0,0.13932178,16.0,1.8227848101265824,8.886075949367088,0.4556962025316455,10.70886075949367,2.7341772151898733,2.7341772151898733,2.278481012658228,0.0,4.784810126582278,0.0,5.468354430379747,1.5949367088607591,0.0,0.6835443037974683,0.4556962025316455,0.2278481012658227,0.9113924050632912,0.9113924050632912,0.0,2.050632911392405,0.4556962025316455,0.0,0.9113924050632912,0.0,0.0,0.0,71.21,66.67,0.0,50.0,75.0,36.84,34.29,0.0,0.3622357001123791,0.0721864728333039,0.2278481012658227,0.9113924050632912,0.0330860005063291,0.2278481012658227,0.4556962025316455,0.6835443037974683,0.0317442030379746,3.645569620253165,ST,9,37,50,22,65,69,69,51,47,9,65,60,26,22,60,16,21,19,21,97,34,10,91,31,51,51,38,71,26,76,99,24,35,10,79,29,32,35,44,26,22,24,26,21,3,35,50,21,71,68,59,51,38,9,62,62,26,15,62,15,18,12,21,97,29,10,91,31,51,51,38,71,26,76,99,24,35,10,79,32,26,26,38,24,21,24,26,21,Pro League
Standard Liège,5z1b7fuvpqe6vnigvopomvecu,8j92twrz92wxgtmmrtv9mt6y2,A. Abid,Adnane Abid,23.0,Midfielder,Belgium,Midfielder,54.0,132.0,11.0,185.0,1.0,16.0,12.0,0.0,37.0,2.0,540.0,49.0,10.0,1.0,12.0,4.0,3.0,27.0,28.0,3.0,7.0,13.0,7.0,3.0,2.0,0.0,0.0,73.12,73.33,11.11,48.15,43.75,47.44,16.67,53.85,1.3577604356926734,1.2228905051127397,6.0,30.0,0.9053042,13.0,16.0,34.0,1.7441632800000002,81.0,9.0,22.0,1.8333333333333333,30.83333333333333,0.1666666666666666,2.6666666666666665,2.0,0.0,6.166666666666667,0.3333333333333333,8.166666666666666,1.6666666666666667,0.1666666666666666,2.0,0.6666666666666666,0.5,4.5,4.666666666666667,0.5,1.1666666666666667,2.1666666666666665,1.1666666666666667,0.5,0.3333333333333333,0.0,0.0,73.12,73.33,11.11,48.15,43.75,47.44,16.67,53.85,0.2262934059487789,0.2038150841854566,1.0,5.0,0.1508840333333333,2.1666666666666665,2.6666666666666665,5.666666666666667,0.29069388,13.5,ST,90,97,99,97,16,82,76,51,85,53,100,90,60,93,79,60,94,94,84,90,97,93,81,87,51,51,44,82,56,71,71,68,18,62,68,91,88,97,97,96,97,97,100,97,79,94,94,91,9,59,50,51,62,43,91,68,53,84,71,44,88,88,72,74,88,91,78,79,51,51,44,82,56,71,71,68,18,62,41,88,79,97,94,93,97,97,100,97,Pro League
Standard Liège,5z1b7fuvpqe6vnigvopomvecu,aplp0s17kil5g82uz5sicn622,I. Hautekiet,Ibe Hautekiet,24.0,Defender,Belgium,Defender,208.0,87.0,19.0,295.0,17.0,2.0,2.0,0.0,28.0,37.0,540.0,6.0,1.0,0.0,0.0,0.0,1.0,1.0,1.0,10.0,1.0,0.0,8.0,0.0,0.0,0.0,0.0,86.26,59.38,0.0,0.0,50.0,53.85,51.52,80.0,0.265734465465121,0.0,0.0,2.0,0.03686598,1.0,17.0,15.0,0.3781208399999999,205.0,34.666666666666664,14.5,3.1666666666666665,49.16666666666666,2.833333333333333,0.3333333333333333,0.3333333333333333,0.0,4.666666666666667,6.166666666666667,1.0,0.1666666666666666,0.0,0.0,0.0,0.1666666666666666,0.1666666666666666,0.1666666666666666,1.6666666666666667,0.1666666666666666,0.0,1.3333333333333333,0.0,0.0,0.0,0.0,86.26,59.38,0.0,0.0,50.0,53.85,51.52,80.0,0.0442890775775201,0.0,0.0,0.3333333333333333,0.00614433,0.1666666666666666,2.833333333333333,2.5,0.0630201399999999,34.166666666666664,CB,72,52,72,72,85,35,42,44,71,76,59,18,38,16,32,59,41,41,76,65,26,82,41,45,51,51,40,82,38,26,84,35,55,90,40,20,32,36,35,44,52,38,35,78,57,35,65,50,80,22,35,44,57,65,48,11,38,16,32,50,35,35,64,52,26,71,41,45,51,51,40,82,38,26,84,35,55,90,35,20,32,26,28,34,39,24,20,60,Pro League
Standard Liège,5z1b7fuvpqe6vnigvopomvecu,bvw5oc4c040ey5dt5wn0choiy,G. Mortensen,Gustav Mortensen,22.0,Defender,Denmark,Defender,82.0,71.0,11.0,149.0,2.0,2.0,2.0,0.0,18.0,14.0,423.0,3.0,2.0,4.0,4.0,0.0,0.0,3.0,4.0,3.0,2.0,1.0,8.0,0.0,0.0,0.0,0.0,77.6,37.93,26.67,33.33,100.0,50.0,25.0,61.54,0.2438435138710015,0.3539198748146012,0.0,8.0,0.2013288,7.0,11.0,11.0,0.6634078400000001,74.0,17.4468085106383,15.106382978723405,2.3404255319148937,31.702127659574465,0.425531914893617,0.425531914893617,0.425531914893617,0.0,3.829787234042553,2.978723404255319,0.6382978723404255,0.425531914893617,0.851063829787234,0.851063829787234,0.0,0.0,0.6382978723404255,0.851063829787234,0.6382978723404255,0.425531914893617,0.2127659574468085,1.702127659574468,0.0,0.0,0.0,0.0,77.6,37.93,26.67,33.33,100.0,50.0,25.0,61.54,0.0518815986959577,0.0753021010243832,0.0,1.702127659574468,0.042835914893617,1.4893617021276595,2.3404255319148937,2.3404255319148937,0.1411506042553191,15.74468085106383,LB/LCB,38,35,59,35,21,18,41,50,35,50,26,41,59,53,12,12,44,50,6,85,24,85,41,41,53,53,24,47,65,32,100,32,21,59,29,41,12,76,82,82,29,12,53,41,29,47,47,29,18,12,41,50,35,53,24,41,65,59,12,12,41,53,6,88,29,82,41,41,53,53,24,47,65,32,100,32,21,59,41,53,12,71,71,88,24,18,53,24,Pro League
Standard Liège,5z1b7fuvpqe6vnigvopomvecu,e7y864a5ba5mxozxq3yms1ogk,R. Touzghar,Rayan Touzghar,22.0,Midfielder,Morocco,Midfielder,74.0,118.0,7.0,188.0,2.0,1.0,1.0,0.0,16.0,9.0,381.0,11.0,7.0,4.0,8.0,0.0,1.0,7.0,7.0,6.0,0.0,3.0,1.0,0.0,0.0,0.0,0.0,83.93,53.85,28.57,42.86,0.0,40.0,28.57,25.0,0.0922417876101243,0.6362347764811651,0.0,9.0,0.20367224,6.0,11.0,18.0,0.4055094000000001,73.0,17.480314960629922,27.874015748031496,1.653543307086614,44.40944881889764,0.4724409448818897,0.2362204724409448,0.2362204724409448,0.0,3.779527559055118,2.125984251968504,2.598425196850393,1.653543307086614,0.9448818897637796,1.889763779527559,0.0,0.2362204724409448,1.653543307086614,1.653543307086614,1.4173228346456692,0.0,0.7086614173228346,0.2362204724409448,0.0,0.0,0.0,0.0,83.93,53.85,28.57,42.86,0.0,40.0,28.57,25.0,0.0217893986480608,0.1502916794837397,0.0,2.125984251968504,0.0481115527559055,1.4173228346456692,2.598425196850393,4.251968503937007,0.0957896220472441,17.244094488188978,CM/AM,82,59,57,75,43,5,11,52,39,93,52,89,45,34,7,23,45,45,86,7,45,11,23,27,50,52,68,45,43,48,7,25,32,11,5,23,11,50,32,68,30,43,23,55,77,86,59,77,45,5,9,52,41,91,50,82,50,36,7,27,55,55,95,7,55,5,23,27,50,52,68,45,43,48,7,25,32,11,5,32,11,59,50,82,23,50,14,68,Pro League
Standard Liège,5z1b7fuvpqe6vnigvopomvecu,ecnh65kkhku5mdkr3il4fl6tx,C. Nielsen,Casper Nielsen,32.0,Midfielder,Denmark,Midfielder,46.0,126.0,15.0,158.0,10.0,12.0,5.0,0.0,38.0,11.0,540.0,18.0,7.0,14.0,14.0,7.0,5.0,8.0,8.0,3.0,4.0,4.0,11.0,1.0,3.0,0.0,0.0,62.95,36.59,25.0,50.0,33.33,59.38,62.5,64.71,0.6666739881917362,1.5882766839372493,4.0,8.0,0.2984347899999999,6.0,28.0,41.0,1.6326722499999995,88.0,7.666666666666667,21.0,2.5,26.33333333333333,1.6666666666666667,2.0,0.8333333333333334,0.0,6.333333333333333,1.8333333333333333,3.0,1.1666666666666667,2.333333333333333,2.333333333333333,1.1666666666666667,0.8333333333333334,1.3333333333333333,1.3333333333333333,0.5,0.6666666666666666,0.6666666666666666,1.8333333333333333,0.1666666666666666,0.5,0.0,0.0,62.95,36.59,25.0,50.0,33.33,59.38,62.5,64.71,0.1111123313652893,0.2647127806562082,0.6666666666666666,1.3333333333333333,0.0497391316666666,1.0,4.666666666666667,6.833333333333333,0.2721120416666666,14.666666666666666,CM/AM,41,82,84,59,95,75,64,52,100,100,77,89,98,84,84,86,59,59,59,73,59,100,61,93,50,52,5,18,27,61,52,93,80,73,55,91,70,39,64,68,91,93,100,73,14,45,73,32,91,59,55,52,95,86,59,73,91,59,82,73,45,45,36,64,41,91,45,86,50,52,5,18,27,61,52,93,80,73,36,77,68,23,55,50,73,82,91,41,Pro League
Standard Liège,5z1b7fuvpqe6vnigvopomvecu,eg2u042cthz9undb4xz0pu8rt,M. Fossey,Marlon Fossey,28.0,Defender,USA,Defender,61.0,98.0,8.0,153.0,7.0,5.0,5.0,0.0,22.0,15.0,431.0,20.0,3.0,6.0,7.0,0.0,2.0,3.0,3.0,7.0,0.0,1.0,9.0,0.0,1.0,0.0,0.0,77.27,53.33,40.0,33.33,0.0,66.67,63.64,75.0,0.4388847738319605,0.6208357873494652,0.0,5.0,0.1294924,6.0,14.0,14.0,0.8156462299999998,70.0,12.73781902552204,20.46403712296984,1.6705336426914157,31.94895591647332,1.4617169373549883,1.0440835266821349,1.0440835266821349,0.0,4.593967517401392,3.132250580046404,4.176334106728539,0.6264501160092808,1.2529002320185616,1.4617169373549883,0.0,0.4176334106728538,0.6264501160092808,0.6264501160092808,1.4617169373549883,0.0,0.2088167053364269,1.8793503480278424,0.0,0.2088167053364269,0.0,0.0,77.27,53.33,40.0,33.33,0.0,66.67,63.64,75.0,0.0916464724939128,0.1296408836692618,0.0,1.0440835266821349,0.0270401763341067,1.2529002320185616,2.923433874709977,2.923433874709977,0.1703205584686774,14.617169373549885,RB/RCB,33,81,48,43,55,74,83,52,36,43,100,45,95,81,29,93,43,43,57,31,38,83,38,86,52,52,29,81,95,43,31,95,62,81,67,81,26,60,62,98,55,50,76,43,29,90,52,33,52,81,90,52,38,48,100,38,100,86,29,95,43,43,62,31,38,86,38,86,52,52,29,81,95,43,31,95,62,81,67,86,26,52,57,95,52,38,81,33,Pro League
Standard Liège,5z1b7fuvpqe6vnigvopomvecu,ekeuy0th5o4eam1hw7yf05qp6,I. Karamoko,Ibrahim Karamoko,25.0,Defender,France,Defender,202.0,88.0,16.0,290.0,15.0,4.0,4.0,0.0,31.0,43.0,540.0,7.0,5.0,0.0,2.0,0.0,0.0,1.0,1.0,5.0,0.0,0.0,8.0,0.0,1.0,0.0,0.0,88.15,47.06,0.0,0.0,0.0,54.39,48.39,72.73,0.497644827259383,0.1497565277172872,0.0,4.0,0.08088066,1.0,13.0,13.0,0.5595280499999999,166.0,33.666666666666664,14.666666666666666,2.6666666666666665,48.333333333333336,2.5,0.6666666666666666,0.6666666666666666,0.0,5.166666666666667,7.166666666666667,1.1666666666666667,0.8333333333333334,0.0,0.3333333333333333,0.0,0.0,0.1666666666666666,0.1666666666666666,0.8333333333333334,0.0,0.0,1.3333333333333333,0.0,0.1666666666666666,0.0,0.0,88.15,47.06,0.0,0.0,0.0,54.39,48.39,72.73,0.0829408045432305,0.0249594212862145,0.0,0.6666666666666666,0.0134801099999999,0.1666666666666666,2.1666666666666665,2.1666666666666665,0.093254675,27.666666666666668,CB,62,55,56,65,80,74,81,44,84,89,70,85,38,70,32,21,41,41,29,25,26,82,41,94,51,51,55,48,38,26,25,38,38,74,70,70,32,60,57,44,44,30,55,55,45,40,45,48,68,61,69,44,66,80,59,70,38,62,32,21,35,35,20,25,26,71,41,90,51,51,55,48,38,26,25,38,38,74,60,65,32,51,52,34,24,15,42,40,Pro League
Union Saint-Gilloise,ecj1gmc7pqcjo4sc9hvghj5u3,153kk9y39c8lm57ng9mpvue50,O. Kričfaluši,Ondrej Kricfalusi,22.0,Defender,Czechia,Defender,105.0,55.0,8.0,160.0,5.0,4.0,2.0,0.0,22.0,12.0,366.0,3.0,0.0,0.0,2.0,2.0,1.0,2.0,2.0,8.0,1.0,2.0,8.0,0.0,0.0,0.0,0.0,83.77,42.11,0.0,100.0,25.0,55.0,45.45,53.33,0.3617727666588975,0.1412094223744822,2.0,1.0,0.02401521,1.0,12.0,19.0,0.3436986899999999,85.0,25.81967213114754,13.524590163934429,1.9672131147540983,39.34426229508197,1.2295081967213115,0.9836065573770492,0.4918032786885246,0.0,5.409836065573771,2.950819672131148,0.7377049180327869,0.0,0.0,0.4918032786885246,0.4918032786885246,0.2459016393442623,0.4918032786885246,0.4918032786885246,1.9672131147540983,0.2459016393442623,0.4918032786885246,1.9672131147540983,0.0,0.0,0.0,0.0,83.77,42.11,0.0,100.0,25.0,55.0,45.45,53.33,0.0889605163915321,0.0347236284527415,0.4918032786885246,0.2459016393442623,0.0059053795081967,0.2459016393442623,2.950819672131148,4.672131147540984,0.0845160713114754,20.901639344262296,LB/LCB,59,24,38,53,53,47,41,50,68,35,26,9,15,24,56,38,29,26,71,62,56,85,41,41,53,53,82,53,15,94,76,65,47,53,59,18,62,9,12,12,35,53,12,53,82,35,35,59,53,65,47,50,76,47,29,9,15,18,59,41,35,35,76,71,65,94,41,41,53,53,82,53,15,94,76,65,47,53,71,29,76,6,12,12,47,65,12,59,Pro League
Union Saint-Gilloise,ecj1gmc7pqcjo4sc9hvghj5u3,21abg7evjtjt6kzisu43jckmi,B. Zeneli,Besfort Zeneli,23.0,Midfielder,Sweden,Midfielder,45.0,103.0,6.0,140.0,1.0,12.0,9.0,0.0,18.0,2.0,453.0,24.0,6.0,8.0,16.0,3.0,3.0,14.0,14.0,1.0,6.0,6.0,2.0,2.0,4.0,0.0,0.0,86.96,75.0,33.33,42.86,50.0,43.9,0.0,40.0,1.1975392571327574,1.8240765683044016,2.0,14.0,0.44848182,4.0,18.0,22.0,0.6821813199999998,79.0,8.940397350993377,20.4635761589404,1.1920529801324504,27.814569536423843,0.1986754966887417,2.384105960264901,1.7880794701986755,0.0,3.576158940397351,0.3973509933774835,4.768211920529802,1.1920529801324504,1.589403973509934,3.178807947019868,0.5960264900662252,0.5960264900662252,2.781456953642384,2.781456953642384,0.1986754966887417,1.1920529801324504,1.1920529801324504,0.3973509933774835,0.3973509933774835,0.794701986754967,0.0,0.0,86.96,75.0,33.33,42.86,50.0,43.9,0.0,40.0,0.2379217067151173,0.3623993182061725,0.3973509933774835,2.781456953642384,0.0891023483443708,0.794701986754967,3.576158940397351,4.370860927152318,0.1355327125827814,15.695364238410596,CM/AM,36,48,45,45,20,75,93,52,52,36,91,70,82,98,45,61,82,82,9,93,80,27,82,100,50,52,91,70,59,48,84,45,7,39,82,100,50,77,82,48,57,59,32,59,27,41,32,41,9,86,86,52,23,41,86,77,82,95,36,55,77,77,9,100,77,27,82,95,50,52,91,70,59,48,84,45,7,39,82,100,41,77,77,41,41,55,32,55,Pro League
Union Saint-Gilloise,ecj1gmc7pqcjo4sc9hvghj5u3,22jxcce215z6wnvswoc7icnze,R. Florucz,Raul Florucz,25.0,Attacker,Austria,Striker,14.0,32.0,0.0,46.0,0.0,11.0,9.0,0.0,11.0,0.0,239.0,21.0,4.0,0.0,4.0,2.0,3.0,7.0,8.0,0.0,6.0,3.0,1.0,4.0,0.0,0.0,0.0,77.97,0.0,0.0,42.86,54.55,35.48,0.0,25.0,1.3038947713515756,0.3231215699692198,5.0,7.0,0.27515932,3.0,2.0,6.0,0.3916887999999999,21.0,5.271966527196653,12.050209205020922,0.0,17.322175732217573,0.0,4.142259414225942,3.389121338912134,0.0,4.142259414225942,0.0,7.907949790794979,1.5062761506276152,0.0,1.5062761506276152,0.7531380753138076,1.1297071129707112,2.6359832635983267,3.0125523012552304,0.0,2.2594142259414225,1.1297071129707112,0.3765690376569038,1.5062761506276152,0.0,0.0,0.0,77.97,0.0,0.0,42.86,54.55,35.48,0.0,25.0,0.4910063992537314,0.121677578649497,1.882845188284519,2.6359832635983267,0.103616480334728,1.1297071129707112,0.7531380753138076,2.2594142259414225,0.1474978744769874,7.907949790794979,RW,14,9,9,18,27,68,91,55,23,14,82,45,18,36,36,82,27,32,14,91,41,23,100,27,50,55,45,9,18,55,91,27,32,18,91,36,82,41,45,41,9,27,45,36,36,36,9,36,27,100,100,55,36,14,91,73,18,55,73,100,45,45,14,100,64,27,100,27,50,55,45,9,18,55,91,27,32,18,100,45,91,55,64,64,9,36,64,36,Pro League
Union Saint-Gilloise,ecj1gmc7pqcjo4sc9hvghj5u3,25ey2mcvgwz6ls2612os5hzv9,R. Schoofs,Rob Schoofs,32.0,Midfielder,Belgium,Midfielder,52.0,62.0,10.0,111.0,3.0,2.0,1.0,0.0,10.0,6.0,208.0,6.0,1.0,3.0,6.0,1.0,0.0,1.0,1.0,3.0,0.0,0.0,3.0,0.0,2.0,0.0,0.0,81.02,50.0,37.5,0.0,0.0,55.56,75.0,50.0,0.149561522475913,0.4725439888486106,1.0,5.0,0.15145095,4.0,12.0,11.0,0.3112372999999999,50.0,22.500000000000004,26.82692307692308,4.3269230769230775,48.02884615384616,1.2980769230769231,0.8653846153846154,0.4326923076923077,0.0,4.3269230769230775,2.5961538461538463,2.5961538461538463,0.4326923076923077,1.2980769230769231,2.5961538461538463,0.4326923076923077,0.0,0.4326923076923077,0.4326923076923077,1.2980769230769231,0.0,0.0,1.2980769230769231,0.0,0.8653846153846154,0.0,0.0,81.02,50.0,37.5,0.0,0.0,55.56,75.0,50.0,0.0647141203020777,0.2044661490210334,0.4326923076923077,2.1634615384615388,0.0655316610576923,1.7307692307692308,5.1923076923076925,4.759615384615385,0.134669985576923,21.634615384615387,CM/AM,55,18,73,27,59,14,11,52,5,80,14,7,34,16,20,7,5,5,59,7,7,45,23,82,50,52,50,39,68,7,7,82,95,48,9,14,27,23,23,48,36,23,14,32,86,82,91,86,73,18,27,52,50,95,45,18,68,64,27,7,5,5,82,7,7,68,23,100,50,52,50,39,68,7,7,82,95,48,14,45,50,64,64,86,86,68,27,86,Pro League
Union Saint-Gilloise,ecj1gmc7pqcjo4sc9hvghj5u3,5ecklu1u6t21rhh8fh4zoq2cq,A. Zorgane,Adem Zorgane,26.0,Midfielder,Algeria,Midfielder,101.0,163.0,15.0,259.0,1.0,9.0,8.0,0.0,19.0,1.0,363.0,26.0,3.0,5.0,11.0,1.0,3.0,8.0,8.0,2.0,3.0,5.0,8.0,1.0,0.0,0.0,0.0,84.09,65.22,62.5,62.5,33.33,59.38,50.0,80.0,0.8372286877888637,0.9322598374993374,1.0,15.0,0.42013872,7.0,27.0,35.0,1.4128936,143.0,25.041322314049587,40.413223140495866,3.71900826446281,64.21487603305785,0.2479338842975206,2.231404958677686,1.983471074380165,0.0,4.710743801652892,0.2479338842975206,6.446280991735537,0.7438016528925621,1.2396694214876034,2.7272727272727275,0.2479338842975206,0.7438016528925621,1.983471074380165,1.983471074380165,0.4958677685950413,0.7438016528925621,1.2396694214876034,1.983471074380165,0.2479338842975206,0.0,0.0,0.0,84.09,65.22,62.5,62.5,33.33,59.38,50.0,80.0,0.2075773606088091,0.2311388026857861,0.2479338842975206,3.71900826446281,0.1041666247933884,1.7355371900826446,6.694214876033058,8.677685950413224,0.3503041983471074,35.45454545454545,CM/AM,91,95,84,91,20,61,86,52,61,18,95,34,59,64,20,61,59,59,34,61,70,89,61,27,50,52,73,55,95,86,52,93,64,100,59,55,27,82,77,84,84,82,95,95,91,95,86,95,14,73,91,52,55,9,95,36,59,77,14,64,59,59,32,68,82,100,73,27,50,52,73,55,95,86,52,93,64,100,73,68,23,91,82,91,91,100,100,95,Pro League
Union Saint-Gilloise,ecj1gmc7pqcjo4sc9hvghj5u3,6hegcsq0b6c0y3k0hyymu1o2c,Guilherme Smith,Guilherme Henriques da Silva Carvalho,23.0,Midfielder,Brazil,Midfielder,39.0,77.0,4.0,113.0,1.0,15.0,11.0,0.0,23.0,2.0,421.0,33.0,5.0,3.0,9.0,4.0,6.0,20.0,20.0,3.0,4.0,9.0,6.0,1.0,1.0,0.0,0.0,80.71,40.0,14.29,45.0,26.67,47.92,0.0,75.0,1.0633265533085128,0.9347797624280622,8.0,23.0,0.7462819699999999,11.0,10.0,21.0,0.9448572300000002,49.0,8.337292161520189,16.46080760095012,0.8551068883610451,24.156769596199524,0.2137767220902612,3.20665083135392,2.351543942992874,0.0,4.9168646080760094,0.4275534441805225,7.054631828978622,1.0688836104513064,0.6413301662707838,1.9239904988123515,0.8551068883610451,1.2826603325415675,4.275534441805226,4.275534441805226,0.6413301662707838,0.8551068883610451,1.9239904988123515,1.2826603325415675,0.2137767220902612,0.2137767220902612,0.0,0.0,80.71,40.0,14.29,45.0,26.67,47.92,0.0,75.0,0.2273144650778293,0.1998341534881842,1.7102137767220902,4.9168646080760094,0.1595377133016626,2.351543942992874,2.137767220902613,4.489311163895486,0.2019884814726841,10.475059382422804,LM/LCM,100,100,100,100,33,100,100,67,100,100,100,33,67,100,67,100,100,100,100,100,100,100,83,100,67,67,67,33,67,100,33,67,33,33,100,100,100,83,100,100,100,100,100,100,100,67,100,67,33,100,100,67,67,100,100,33,67,100,67,100,67,67,67,67,67,67,67,100,67,67,67,33,67,100,33,67,33,33,67,100,100,67,67,100,67,100,100,67,Pro League
Union Saint-Gilloise,ecj1gmc7pqcjo4sc9hvghj5u3,96ml60jhhp13c1aaxmbi6ebqh,K. Mac Allister,Kevin Mac Allister,28.0,Defender,Argentina,Defender,141.0,94.0,6.0,235.0,15.0,5.0,5.0,0.0,42.0,36.0,518.0,14.0,4.0,0.0,3.0,0.0,0.0,4.0,4.0,17.0,3.0,3.0,9.0,1.0,0.0,0.0,0.0,83.63,22.22,0.0,75.0,60.0,64.62,71.43,45.0,0.6767249091680614,0.3638107837104402,0.0,4.0,0.13996296,4.0,21.0,22.0,0.4720906799999998,142.0,24.498069498069498,16.332046332046332,1.0424710424710424,40.83011583011583,2.606177606177606,0.8687258687258688,0.8687258687258688,0.0,7.297297297297297,6.254826254826255,2.4324324324324325,0.694980694980695,0.0,0.5212355212355212,0.0,0.0,0.694980694980695,0.694980694980695,2.9536679536679538,0.5212355212355212,0.5212355212355212,1.5637065637065637,0.1737451737451737,0.0,0.0,0.0,83.63,22.22,0.0,75.0,60.0,64.62,71.43,45.0,0.1175776869210917,0.0632103678261382,0.0,0.694980694980695,0.0243178888030888,0.694980694980695,3.6486486486486487,3.8223938223938223,0.0820234772200771,24.67181467181468,RB/RCB,71,76,36,81,95,74,83,52,98,98,76,62,21,60,29,26,52,52,100,95,67,83,86,40,52,52,71,19,21,95,93,81,81,19,86,62,26,48,67,67,76,76,48,81,67,52,33,67,81,57,81,52,86,81,74,62,21,48,29,26,52,52,100,90,67,52,76,40,52,52,71,19,21,95,93,81,81,19,86,52,26,43,48,67,71,67,29,71,Pro League
Union Saint-Gilloise,ecj1gmc7pqcjo4sc9hvghj5u3,9nu5dnykoy7k7umy5icusq9ec,M. Biondic,Mateo Biondic,23.0,Attacker,Germany,Striker,19.0,44.0,0.0,62.0,15.0,9.0,9.0,0.0,28.0,1.0,342.0,20.0,8.0,1.0,8.0,0.0,1.0,5.0,7.0,2.0,2.0,1.0,3.0,1.0,4.0,0.0,0.0,77.5,0.0,25.0,20.0,22.22,46.67,48.39,75.0,1.1856680018352286,0.7193210218758455,2.0,3.0,0.09434892,1.0,3.0,6.0,0.56296087,25.0,5.0,11.578947368421051,0.0,16.315789473684212,3.947368421052632,2.368421052631579,2.368421052631579,0.0,7.36842105263158,0.2631578947368421,5.2631578947368425,2.1052631578947367,0.2631578947368421,2.1052631578947367,0.0,0.2631578947368421,1.3157894736842106,1.842105263157895,0.5263157894736842,0.5263157894736842,0.2631578947368421,0.7894736842105263,0.2631578947368421,1.0526315789473684,0.0,0.0,77.5,0.0,25.0,20.0,22.22,46.67,48.39,75.0,0.312017895219797,0.1892950057568014,0.5263157894736842,0.7894736842105263,0.0248286631578947,0.2631578947368421,0.7894736842105263,1.5789473684210529,0.148147597368421,6.578947368421053,ST,37,53,12,50,74,49,60,51,62,28,43,71,60,82,18,16,29,34,69,28,18,74,54,99,51,51,68,12,74,18,28,60,62,74,59,79,47,26,26,26,35,47,71,53,50,56,12,56,82,47,62,51,82,29,53,82,65,94,18,21,29,35,76,35,21,79,62,100,51,51,68,12,74,18,28,60,62,74,65,82,53,21,26,32,32,56,74,59,Pro League
Union Saint-Gilloise,ecj1gmc7pqcjo4sc9hvghj5u3,co02e1gj8gq2l319gtuywkphw,M. Sylla,Massiré Sylla,21.0,Defender,Senegal,Defender,173.0,62.0,15.0,235.0,15.0,3.0,3.0,0.0,41.0,37.0,450.0,3.0,9.0,0.0,1.0,0.0,2.0,2.0,2.0,14.0,0.0,2.0,13.0,0.0,0.0,0.0,0.0,84.84,39.47,0.0,100.0,0.0,77.36,71.43,81.25,0.3533767531778756,0.0728716751144823,0.0,1.0,0.0241224,1.0,11.0,10.0,0.3518675499999998,161.0,34.6,12.4,3.0,47.0,3.0,0.6,0.6,0.0,8.2,7.4,0.6,1.8,0.0,0.2,0.0,0.4,0.4,0.4,2.8,0.0,0.4,2.6,0.0,0.0,0.0,0.0,84.84,39.47,0.0,100.0,0.0,77.36,71.43,81.25,0.0706753506355751,0.0145743350228964,0.0,0.2,0.00482448,0.2,2.2,2.0,0.0703735099999999,32.2,CB,60,35,50,48,80,56,64,44,98,76,30,98,38,46,32,85,60,60,95,25,79,100,41,45,51,51,30,30,38,96,25,100,89,92,52,50,32,24,28,44,34,16,30,52,55,28,56,45,82,52,60,44,98,82,22,100,38,49,32,85,64,64,92,25,84,100,41,45,51,51,30,30,38,96,25,100,89,92,55,50,32,22,22,41,30,10,28,55,Pro League
Union Saint-Gilloise,ecj1gmc7pqcjo4sc9hvghj5u3,dmk8usvqtzv60bwkoxk7kfqxg,L. Patris,Louis Patris,25.0,Defender,Belgium,Defender,60.0,71.0,6.0,128.0,7.0,5.0,5.0,0.0,26.0,9.0,483.0,19.0,4.0,3.0,6.0,0.0,1.0,8.0,9.0,12.0,3.0,2.0,7.0,1.0,0.0,0.0,0.0,73.99,37.5,30.0,25.0,60.0,44.07,46.67,53.85,0.481531679944117,0.6924656158761495,0.0,3.0,0.09973536,3.0,7.0,9.0,0.88991824,50.0,11.180124223602483,13.229813664596277,1.1180124223602486,23.85093167701864,1.3043478260869563,0.9316770186335404,0.9316770186335404,0.0,4.844720496894411,1.6770186335403727,3.5403726708074537,0.7453416149068324,0.5590062111801243,1.1180124223602486,0.0,0.1863354037267081,1.4906832298136647,1.6770186335403727,2.236024844720497,0.5590062111801243,0.3726708074534162,1.3043478260869563,0.1863354037267081,0.0,0.0,0.0,73.99,37.5,30.0,25.0,60.0,44.07,46.67,53.85,0.089726399989587,0.1290308601011459,0.0,0.5590062111801243,0.0185842285714285,0.5590062111801243,1.3043478260869563,1.6770186335403727,0.1658232745341614,9.316770186335404,RB/RCB,29,45,36,24,55,74,83,52,55,26,95,62,74,69,29,69,74,81,90,95,55,55,86,40,52,52,19,43,71,29,93,10,29,24,71,86,26,38,52,52,19,26,86,24,19,29,38,14,48,67,86,52,52,19,95,67,67,71,29,67,71,71,95,95,57,38,86,40,52,52,19,43,71,29,93,10,29,24,62,81,26,38,38,48,10,14,76,14,Pro League
Union Saint-Gilloise,ecj1gmc7pqcjo4sc9hvghj5u3,eer6pzs9mfd5j1r2ic4j9dbvu,K. Van de Perre,Kamiel Van de Perre,22.0,Midfielder,Belgium,Midfielder,131.0,142.0,18.0,273.0,13.0,1.0,0.0,0.0,42.0,12.0,516.0,0.0,7.0,0.0,2.0,1.0,0.0,3.0,3.0,5.0,1.0,2.0,13.0,1.0,1.0,0.0,0.0,88.93,75.0,0.0,66.67,100.0,63.64,72.22,65.0,0.0552793574502542,0.1349394194115127,0.0,7.0,0.14349132,4.0,23.0,23.0,0.4782434299999998,124.0,22.848837209302324,24.76744186046512,3.13953488372093,47.61627906976744,2.2674418604651163,0.1744186046511628,0.0,0.0,7.325581395348837,2.0930232558139537,0.0,1.2209302325581397,0.0,0.3488372093023256,0.1744186046511628,0.0,0.5232558139534884,0.5232558139534884,0.872093023255814,0.1744186046511628,0.3488372093023256,2.2674418604651163,0.1744186046511628,0.1744186046511628,0.0,0.0,88.93,75.0,0.0,66.67,100.0,63.64,72.22,65.0,0.0096417483924861,0.023535945246194,0.0,1.2209302325581397,0.0250275558139534,0.6976744186046512,4.011627906976744,4.011627906976744,0.083414551744186,21.627906976744185,DM/CM,74,84,77,74,94,18,19,48,94,73,8,71,24,31,34,21,34,32,42,66,53,100,92,90,52,52,84,85,24,81,98,82,77,74,10,35,16,73,58,84,73,69,61,71,71,81,71,71,87,10,19,48,87,61,8,65,24,26,26,21,32,29,32,58,48,97,90,84,52,52,84,85,24,81,98,82,77,74,10,32,16,61,48,71,61,58,48,58,Pro League
Beveren,ecakpwuj70mwiptbpd1i3xgzd,15hz6qslu7ovyn56a5w57xhbd,L. Mertens,Lennart Mertens,34.0,Attacker,Belgium,Striker,14.0,30.0,1.0,44.0,18.0,8.0,8.0,0.0,29.0,0.0,390.0,18.0,10.0,0.0,0.0,0.0,2.0,1.0,1.0,0.0,1.0,0.0,0.0,0.0,0.0,0.0,0.0,67.69,100.0,0.0,0.0,12.5,43.28,40.91,0.0,0.990863165343878,0.0,0.0,2.0,0.0535479299999999,1.0,1.0,2.0,0.0478550099999999,11.0,3.230769230769231,6.923076923076923,0.2307692307692307,10.153846153846157,4.153846153846154,1.8461538461538465,1.8461538461538465,0.0,6.6923076923076925,0.0,4.153846153846154,2.307692307692308,0.0,0.0,0.0,0.4615384615384615,0.2307692307692307,0.2307692307692307,0.0,0.2307692307692307,0.0,0.0,0.0,0.0,0.0,0.0,67.69,100.0,0.0,0.0,12.5,43.28,40.91,0.0,0.2286607304639718,0.0,0.0,0.4615384615384615,0.0123572146153845,0.2307692307692307,0.2307692307692307,0.4615384615384615,0.0110434638461538,2.5384615384615388,ST,24,24,31,18,82,34,51,51,66,9,32,90,26,3,18,40,3,3,21,12,6,10,22,31,51,51,21,96,26,6,10,50,47,10,50,3,13,16,18,26,9,12,3,10,21,21,32,15,85,35,41,51,68,9,29,88,26,3,18,38,3,3,21,9,6,10,22,31,51,51,21,96,26,6,10,50,47,10,44,3,13,15,18,26,6,12,3,12,Pro League
Beveren,ecakpwuj70mwiptbpd1i3xgzd,3dvcke0jtnq9k7uubw9q6f10p,K. Abrahams,Kurt Abrahams,29.0,Attacker,South Africa,Striker,29.0,35.0,1.0,64.0,2.0,2.0,2.0,0.0,13.0,4.0,217.0,9.0,2.0,0.0,1.0,0.0,1.0,8.0,9.0,2.0,1.0,2.0,4.0,0.0,0.0,0.0,0.0,79.01,50.0,0.0,25.0,50.0,50.0,0.0,57.14,0.1947336409759402,0.0709607221048371,1.0,3.0,0.08076411,1.0,5.0,6.0,0.1226666199999999,29.0,12.027649769585254,14.516129032258066,0.4147465437788019,26.54377880184332,0.8294930875576038,0.8294930875576038,0.8294930875576038,0.0,5.391705069124424,1.6589861751152075,3.7327188940092166,0.8294930875576038,0.0,0.4147465437788019,0.0,0.4147465437788019,3.317972350230415,3.7327188940092166,0.8294930875576038,0.4147465437788019,0.8294930875576038,1.6589861751152075,0.0,0.0,0.0,0.0,79.01,50.0,0.0,25.0,50.0,50.0,0.0,57.14,0.0807651045522332,0.0294307142370292,0.4147465437788019,1.2442396313364057,0.0334966354838709,0.4147465437788019,2.0737327188940093,2.4884792626728114,0.0508755566820276,12.027649769585254,RW,64,36,23,36,64,14,23,55,36,68,36,27,18,9,9,27,41,45,59,27,23,36,27,27,50,55,73,55,18,18,77,73,32,45,18,9,23,9,9,14,45,27,9,45,91,55,36,73,73,18,36,55,64,91,55,36,18,9,9,45,55,64,73,36,36,91,27,27,50,55,73,55,18,18,77,73,32,45,36,9,36,18,18,18,73,55,18,82,Pro League
Beveren,ecakpwuj70mwiptbpd1i3xgzd,3s0tyude1pghox634ij87srft,S. Dewaele,Sieben Dewaele,27.0,Midfielder,Belgium,Midfielder,108.0,91.0,13.0,197.0,7.0,2.0,1.0,0.0,27.0,15.0,540.0,4.0,6.0,2.0,0.0,1.0,1.0,0.0,0.0,11.0,0.0,0.0,8.0,0.0,0.0,0.0,0.0,80.08,46.43,50.0,0.0,0.0,52.94,38.89,57.14,0.1607284198546921,0.0,1.0,2.0,0.05256723,1.0,13.0,11.0,0.4411204899999999,102.0,18.0,15.166666666666666,2.1666666666666665,32.833333333333336,1.1666666666666667,0.3333333333333333,0.1666666666666666,0.0,4.5,2.5,0.6666666666666666,1.0,0.3333333333333333,0.0,0.1666666666666666,0.1666666666666666,0.0,0.0,1.8333333333333333,0.0,0.0,1.3333333333333333,0.0,0.0,0.0,0.0,80.08,46.43,50.0,0.0,0.0,52.94,38.89,57.14,0.026788069975782,0.0,0.1666666666666666,0.3333333333333333,0.008761205,0.1666666666666666,2.1666666666666665,1.8333333333333333,0.0735200816666666,17.0,DM/CM,61,56,61,58,60,40,50,48,60,89,52,65,87,8,34,60,5,5,89,26,13,71,42,40,52,52,19,39,81,13,26,45,31,48,42,8,44,16,19,26,31,23,42,58,48,34,53,42,56,31,40,48,39,81,42,55,82,8,19,47,5,5,84,26,13,55,42,40,52,52,19,39,81,13,26,45,31,48,35,8,35,10,10,16,23,13,26,42,Pro League
Beveren,ecakpwuj70mwiptbpd1i3xgzd,5auzs4fw49qr80b89baetcwt0,C. Lokesa,Chris Lokesa,21.0,Attacker,Belgium,Striker,41.0,92.0,6.0,132.0,4.0,13.0,7.0,0.0,35.0,1.0,495.0,33.0,8.0,1.0,3.0,6.0,7.0,37.0,42.0,5.0,4.0,17.0,3.0,3.0,0.0,0.0,0.0,85.16,54.55,8.33,45.95,30.77,43.75,50.0,50.0,1.462455341364877,0.322669231971864,7.0,21.0,0.54191045,9.0,9.0,13.0,0.72071206,54.0,7.454545454545454,16.727272727272727,1.0909090909090908,24.0,0.7272727272727273,2.363636363636364,1.2727272727272727,0.0,6.363636363636363,0.1818181818181818,6.0,1.4545454545454546,0.1818181818181818,0.5454545454545454,1.0909090909090908,1.2727272727272727,6.727272727272728,7.636363636363637,0.9090909090909092,0.7272727272727273,3.090909090909091,0.5454545454545454,0.5454545454545454,0.0,0.0,0.0,85.16,54.55,8.33,45.95,30.77,43.75,50.0,50.0,0.2659009711572503,0.0586671330857934,1.2727272727272727,3.8181818181818175,0.0985291727272727,1.6363636363636365,1.6363636363636365,2.363636363636364,0.1310385563636363,9.818181818181818,LW,78,78,72,89,100,72,44,50,89,28,78,78,33,44,83,78,100,100,100,67,100,67,100,22,56,56,89,33,22,33,56,33,89,50,89,44,78,78,67,89,89,89,78,89,33,44,33,44,89,22,11,50,67,11,56,56,22,22,78,78,89,100,78,33,89,33,78,22,56,56,89,33,22,33,56,33,89,50,56,33,67,44,33,78,67,56,44,56,Pro League
Beveren,ecakpwuj70mwiptbpd1i3xgzd,5m7g9gg8drcqu44iavj7gwvrp,L. Jans,Laurent Jans,34.0,Defender,Luxembourg,Defender,125.0,99.0,13.0,218.0,3.0,2.0,0.0,0.0,13.0,9.0,540.0,4.0,5.0,6.0,2.0,2.0,2.0,1.0,1.0,5.0,0.0,0.0,3.0,0.0,0.0,0.0,0.0,79.85,41.94,37.5,0.0,0.0,41.94,20.0,60.0,0.1090138336905654,0.2714717880557546,2.0,8.0,0.18886046,4.0,23.0,34.0,0.8839039,110.0,20.83333333333333,16.5,2.1666666666666665,36.333333333333336,0.5,0.3333333333333333,0.0,0.0,2.1666666666666665,1.5,0.6666666666666666,0.8333333333333334,1.0,0.3333333333333333,0.3333333333333333,0.3333333333333333,0.1666666666666666,0.1666666666666666,0.8333333333333334,0.0,0.0,0.5,0.0,0.0,0.0,0.0,79.85,41.94,37.5,0.0,0.0,41.94,20.0,60.0,0.0181689722817609,0.0452452980092924,0.3333333333333333,1.3333333333333333,0.0314767433333333,0.6666666666666666,3.8333333333333335,5.666666666666667,0.1473173166666666,18.33333333333333,RB/RCB,67,86,69,67,19,24,12,52,5,26,36,81,95,43,86,93,21,21,45,31,14,12,38,40,52,52,43,62,88,14,31,5,5,52,14,57,83,71,71,67,86,90,81,67,57,57,57,62,10,14,12,52,5,14,19,76,86,33,81,88,14,14,31,31,14,10,38,40,52,52,43,62,88,14,31,5,5,52,14,43,76,67,62,60,76,90,67,57,Pro League
Beveren,ecakpwuj70mwiptbpd1i3xgzd,6dpxvfpnaua6y4gevop02qc8a,J. Margaritha,Jearl Margaritha,26.0,Attacker,Curaçao,Striker,25.0,47.0,0.0,69.0,0.0,11.0,9.0,0.0,18.0,1.0,274.0,25.0,3.0,3.0,2.0,2.0,3.0,22.0,23.0,4.0,6.0,12.0,3.0,2.0,1.0,0.0,0.0,80.23,0.0,21.43,54.55,54.55,43.9,0.0,100.0,1.2157713627591622,0.3297712983284308,5.0,14.0,0.43640594,6.0,1.0,4.0,0.4840967299999999,19.0,8.211678832116789,15.437956204379564,0.0,22.66423357664234,0.0,3.613138686131387,2.956204379562044,0.0,5.912408759124088,0.3284671532846716,8.211678832116789,0.9854014598540146,0.9854014598540146,0.6569343065693432,0.6569343065693432,0.9854014598540146,7.226277372262774,7.554744525547446,1.3138686131386863,1.9708029197080288,3.9416058394160585,0.9854014598540146,0.6569343065693432,0.3284671532846716,0.0,0.0,80.23,0.0,21.43,54.55,54.55,43.9,0.0,100.0,0.3993409585705277,0.1083190395969298,1.6423357664233578,4.598540145985401,0.1433450167883211,1.9708029197080288,0.3284671532846716,1.3138686131386863,0.1590098748175182,6.240875912408759,LW,33,22,17,22,33,56,61,50,44,28,67,44,56,22,28,50,78,78,78,94,78,67,78,56,56,56,33,17,56,78,100,44,33,94,78,56,61,39,44,72,11,11,33,11,78,22,17,33,33,89,78,50,44,33,78,44,78,33,22,44,100,89,100,100,100,78,89,67,56,56,33,17,56,78,100,44,33,94,89,44,78,67,67,89,11,22,56,33,Pro League
Beveren,ecakpwuj70mwiptbpd1i3xgzd,a375qgbjxnpucpz3hprf2fkr9,C. Brüls,Christian Brüls,37.0,Midfielder,Belgium,Midfielder,140.0,142.0,26.0,268.0,11.0,7.0,2.0,0.0,30.0,2.0,491.0,10.0,6.0,14.0,16.0,5.0,2.0,13.0,13.0,2.0,3.0,5.0,3.0,0.0,2.0,0.0,0.0,80.72,78.79,31.82,38.46,42.86,44.12,47.83,37.5,0.4582960245980501,1.51640789690925,5.0,8.0,0.17003693,7.0,37.0,44.0,1.3966425200000003,114.0,25.66191446028513,26.028513238289204,4.765784114052953,49.12423625254582,2.016293279022403,1.2830957230142566,0.3665987780040733,0.0,5.4989816700611,0.3665987780040733,1.8329938900203664,1.09979633401222,2.566191446028513,2.9327902240325865,0.9164969450101832,0.3665987780040733,2.3828920570264764,2.3828920570264764,0.3665987780040733,0.5498981670061099,0.9164969450101832,0.5498981670061099,0.0,0.3665987780040733,0.0,0.0,80.72,78.79,31.82,38.46,42.86,44.12,47.83,37.5,0.0840053812908849,0.2779566409813289,0.9164969450101832,1.4663951120162932,0.031167665376782,1.2830957230142566,6.782077393075356,8.065173116089612,0.2560037205702648,20.89613034623218,CM/AM,95,91,95,95,100,43,30,52,89,36,43,70,98,98,75,43,77,77,34,61,70,45,23,82,50,52,45,86,50,41,66,50,55,30,36,86,84,39,27,84,95,100,91,91,95,77,95,91,100,27,18,52,82,36,23,59,95,82,64,41,73,73,23,59,64,41,23,77,50,52,45,86,50,41,66,50,55,30,27,82,86,27,18,68,95,91,82,82,Pro League
Beveren,ecakpwuj70mwiptbpd1i3xgzd,byalkz0dadd9zovwc3jcjv6l0,Y. Gomis,Yoni Gomis,20.0,Defender,France,Defender,217.0,74.0,21.0,291.0,6.0,1.0,1.0,1.0,26.0,30.0,529.0,2.0,4.0,0.0,1.0,0.0,0.0,2.0,2.0,17.0,1.0,1.0,8.0,1.0,0.0,0.0,0.0,90.65,55.26,0.0,50.0,100.0,61.9,46.15,53.33,0.1433846002081488,0.0498619694389845,0.0,3.0,0.05772713,0.0,9.0,16.0,0.3735933399999999,169.0,36.91871455576559,12.589792060491492,3.572778827977316,49.50850661625709,1.0207939508506616,0.1701323251417769,0.1701323251417769,0.1701323251417769,4.4234404536862,5.103969754253308,0.3402646502835538,0.6805293005671077,0.0,0.1701323251417769,0.0,0.0,0.3402646502835538,0.3402646502835538,2.892249527410208,0.1701323251417769,0.1701323251417769,1.3610586011342154,0.1701323251417769,0.0,0.0,0.0,90.65,55.26,0.0,50.0,100.0,61.9,46.15,53.33,0.0243943554229364,0.0084831327968026,0.0,0.5103969754253308,0.0098212508506616,0.0,1.5311909262759924,2.722117202268431,0.0635603035916824,28.7523629489603,CB,78,42,80,68,35,14,22,94,66,65,21,72,38,46,32,21,60,60,100,65,61,82,90,45,51,51,75,68,38,72,98,74,32,29,25,48,32,49,45,15,19,44,32,57,65,30,70,52,30,8,20,92,52,48,18,60,38,42,32,21,60,60,95,57,57,78,85,45,51,51,75,68,38,72,98,74,32,29,12,42,32,45,42,15,12,32,22,42,Pro League
Beveren,ecakpwuj70mwiptbpd1i3xgzd,dnovf1u4bk2fk1b9p5twynt1x,C. Janssens,Christophe Janssens,28.0,Defender,Belgium,Defender,152.0,113.0,17.0,260.0,10.0,5.0,2.0,1.0,22.0,25.0,503.0,8.0,4.0,5.0,7.0,3.0,1.0,2.0,2.0,9.0,1.0,1.0,3.0,0.0,0.0,0.0,0.0,77.84,30.91,25.0,50.0,20.0,50.0,58.82,42.86,0.3777883777383826,0.5877821633179282,1.0,4.0,0.0970206,4.0,33.0,34.0,0.9592261399999992,158.0,27.19681908548708,20.21868787276342,3.041749502982108,46.52087475149106,1.7892644135188869,0.8946322067594434,0.3578528827037773,0.1789264413518886,3.936381709741551,4.473161033797217,1.4314115308151094,0.7157057654075547,0.8946322067594434,1.252485089463221,0.5367793240556661,0.1789264413518886,0.3578528827037773,0.3578528827037773,1.610337972166998,0.1789264413518886,0.1789264413518886,0.5367793240556661,0.0,0.0,0.0,0.0,77.84,30.91,25.0,50.0,20.0,50.0,58.82,42.86,0.0675963300128318,0.1051697707725915,0.1789264413518886,0.7157057654075547,0.017359550695825,0.7157057654075547,5.904572564612327,6.083499005964215,0.1716309196819084,28.27037773359841,LB/LCB,88,76,74,82,97,65,41,100,68,94,62,76,76,94,82,38,29,26,79,62,24,21,41,41,53,53,29,24,59,59,65,32,76,21,65,65,29,24,24,44,85,85,76,88,88,65,65,82,94,59,29,100,41,94,65,71,76,82,79,32,29,24,65,53,18,12,41,41,53,53,29,24,59,59,65,32,76,21,53,65,24,18,18,47,82,82,71,88,Pro League
Beveren,ecakpwuj70mwiptbpd1i3xgzd,eb1g4ku9fvwx9jc7hlwufotii,C. Conde,Cheick Conde,26.0,Midfielder,Guinea,Midfielder,56.0,58.0,7.0,114.0,8.0,2.0,0.0,0.0,27.0,11.0,311.0,2.0,3.0,0.0,6.0,2.0,1.0,4.0,4.0,11.0,0.0,3.0,9.0,0.0,0.0,0.0,0.0,77.55,50.0,0.0,75.0,0.0,62.79,57.14,69.23,0.1550902964628193,0.3472382831475537,2.0,3.0,0.06021123,0.0,12.0,11.0,0.27138005,64.0,16.20578778135048,16.784565916398712,2.02572347266881,32.99035369774919,2.315112540192926,0.5787781350482315,0.0,0.0,7.813504823151125,3.183279742765273,0.5787781350482315,0.8681672025723473,0.0,1.7363344051446945,0.5787781350482315,0.2893890675241157,1.157556270096463,1.157556270096463,3.183279742765273,0.0,0.8681672025723473,2.604501607717041,0.0,0.0,0.0,0.0,77.55,50.0,0.0,75.0,0.0,62.79,57.14,69.23,0.0448814362754139,0.1004869629687454,0.5787781350482315,0.8681672025723473,0.01742447170418,0.0,3.472668810289389,3.183279742765273,0.0785344196141479,18.520900321543408,DM/CM,19,19,27,16,74,40,19,48,60,65,35,26,24,76,68,60,52,48,89,26,76,77,42,40,52,52,13,42,24,90,26,77,53,81,39,65,73,31,23,6,26,23,19,19,35,55,48,45,90,53,19,48,94,90,39,45,24,89,81,71,74,74,97,26,95,100,42,40,52,52,13,42,24,90,26,77,53,81,42,84,84,40,32,6,52,44,32,55,Pro League
Beveren,ecakpwuj70mwiptbpd1i3xgzd,eyvf8uu7jltbzalaov3qt1w5,B. Godeau,Bruno Godeau,34.0,Defender,Belgium,Defender,231.0,46.0,21.0,277.0,4.0,0.0,0.0,0.0,12.0,38.0,490.0,0.0,0.0,0.0,0.0,0.0,0.0,1.0,1.0,5.0,0.0,0.0,6.0,0.0,0.0,0.0,0.0,91.72,56.76,0.0,0.0,0.0,42.86,25.0,75.0,0.0,0.0,0.0,0.0,0.0,0.0,0.0,0.0,0.0,0.0,42.42857142857142,8.448979591836734,3.857142857142857,50.87755102040816,0.7346938775510203,0.0,0.0,0.0,2.204081632653061,6.979591836734693,0.0,0.0,0.0,0.0,0.0,0.0,0.183673469387755,0.183673469387755,0.9183673469387756,0.0,0.0,1.1020408163265305,0.0,0.0,0.0,0.0,91.72,56.76,0.0,0.0,0.0,42.86,25.0,75.0,0.0,0.0,0.0,0.0,0.0,0.0,0.0,0.0,0.0,0.0,CB,85,15,80,57,22,2,8,44,11,80,6,4,38,16,32,21,41,41,29,25,26,57,41,45,51,51,90,75,38,26,25,15,6,84,2,20,32,10,10,15,2,2,2,2,78,5,72,60,15,2,8,44,2,72,6,4,38,16,32,21,40,40,25,25,26,57,41,45,51,51,90,75,38,26,25,15,6,84,2,20,32,10,10,15,2,2,2,2,Pro League
Beveren,ecakpwuj70mwiptbpd1i3xgzd,o4kr4okiukf3umpmnchnciz8,F. Slegers,Ferre Slegers,21.0,Midfielder,Belgium,Midfielder,32.0,64.0,0.0,92.0,2.0,6.0,4.0,0.0,15.0,4.0,274.0,10.0,3.0,4.0,6.0,2.0,2.0,4.0,4.0,2.0,1.0,1.0,6.0,0.0,1.0,0.0,0.0,74.8,0.0,66.67,25.0,16.67,37.5,22.22,66.67,0.455129123764497,0.6458051386831591,2.0,7.0,0.20883338,1.0,10.0,10.0,0.8096733099999999,46.0,10.51094890510949,21.02189781021898,0.0,30.218978102189784,0.6569343065693432,1.9708029197080288,1.3138686131386863,0.0,4.927007299270073,1.3138686131386863,3.2846715328467155,0.9854014598540146,1.3138686131386863,1.9708029197080288,0.6569343065693432,0.6569343065693432,1.3138686131386863,1.3138686131386863,0.6569343065693432,0.3284671532846716,0.3284671532846716,1.9708029197080288,0.0,0.3284671532846716,0.0,0.0,74.8,0.0,66.67,25.0,16.67,37.5,22.22,66.67,0.1494949676598712,0.2121257754798698,0.6569343065693432,2.2992700729927007,0.068594905839416,0.3284671532846716,3.2846715328467155,3.2846715328467155,0.2659510872262773,15.109489051094892,CM/AM,20,23,5,18,43,34,59,52,32,50,43,34,45,16,34,43,23,23,34,27,20,70,23,64,50,52,9,5,100,25,34,14,23,80,32,27,50,32,41,7,23,18,50,18,45,50,5,50,59,55,73,52,64,77,68,41,73,41,45,59,36,36,50,27,23,95,23,64,50,52,9,5,100,25,34,14,23,80,55,50,59,68,68,9,36,23,86,45,Pro League
Zulte Waregem,547zzwqbiugzphhnrhj3z5k5i,2aoci58r7pgzm4unjl919yiuh,L. Lemoine,Laurent Lemoine,28.0,Defender,Belgium,Defender,143.0,62.0,10.0,205.0,9.0,6.0,6.0,1.0,25.0,20.0,540.0,6.0,5.0,0.0,0.0,0.0,0.0,0.0,0.0,3.0,2.0,0.0,6.0,0.0,0.0,0.0,0.0,87.23,43.48,0.0,0.0,33.33,51.02,50.0,54.55,0.7844904733330013,0.0,1.0,1.0,0.0199707,0.0,17.0,14.0,0.3996950399999998,150.0,23.83333333333333,10.333333333333334,1.6666666666666667,34.166666666666664,1.5,1.0,1.0,0.1666666666666666,4.166666666666667,3.333333333333333,1.0,0.8333333333333334,0.0,0.0,0.0,0.0,0.0,0.0,0.5,0.3333333333333333,0.0,1.0,0.0,0.0,0.0,0.0,87.23,43.48,0.0,0.0,33.33,51.02,50.0,54.55,0.1307484122221668,0.0,0.1666666666666666,0.1666666666666666,0.00332845,0.0,2.833333333333333,2.333333333333333,0.0666158399999999,25.0,CB,42,35,25,35,52,84,92,94,61,30,59,85,38,16,32,21,16,16,11,89,26,57,41,45,51,51,50,38,38,26,70,28,46,34,95,20,79,24,25,15,52,32,40,45,25,15,20,18,42,78,85,89,40,22,48,70,38,16,32,21,16,16,5,82,26,46,41,45,51,51,50,38,38,26,70,28,46,34,82,20,68,20,20,15,39,18,25,32,Pro League
Zulte Waregem,547zzwqbiugzphhnrhj3z5k5i,5263nzr05pwua9zn9bf4ov816,T. Hedl,Tobias Hedl,23.0,Attacker,Austria,Striker,23.0,39.0,1.0,59.0,1.0,8.0,8.0,0.0,21.0,3.0,368.0,28.0,5.0,3.0,5.0,0.0,2.0,14.0,17.0,2.0,6.0,7.0,3.0,2.0,2.0,0.0,0.0,72.84,33.33,23.08,50.0,75.0,46.67,9.09,37.5,0.8511967774660951,0.5948456993602018,2.0,7.0,0.28521962,0.0,8.0,4.0,0.48815965,23.0,5.625,9.538043478260873,0.2445652173913043,14.429347826086955,0.2445652173913043,1.956521739130435,1.956521739130435,0.0,5.135869565217392,0.7336956521739131,6.847826086956522,1.2228260869565215,0.7336956521739131,1.2228260869565215,0.0,0.4891304347826087,3.423913043478261,4.157608695652174,0.4891304347826087,1.4673913043478262,1.7119565217391306,0.7336956521739131,0.4891304347826087,0.4891304347826087,0.0,0.0,72.84,33.33,23.08,50.0,75.0,46.67,9.09,37.5,0.2081731249237732,0.1454785677783102,0.4891304347826087,1.7119565217391306,0.0697547983695652,0.0,1.956521739130435,0.9782608695652176,0.119386870923913,5.625,ST,63,37,31,44,16,34,51,51,47,68,78,37,81,59,18,40,76,79,69,82,74,74,71,87,51,51,41,28,71,76,99,60,10,38,38,74,47,60,68,6,78,37,68,46,62,44,38,47,21,38,47,51,47,65,82,38,79,62,18,41,82,85,68,85,79,76,74,91,51,51,41,28,71,76,99,60,10,38,38,71,47,62,71,6,74,38,68,50,Pro League
Zulte Waregem,547zzwqbiugzphhnrhj3z5k5i,5m27f84vvraap8bmfujt1qiok,A. Ementa,Anosike Ementa,24.0,Attacker,Denmark,Striker,13.0,66.0,1.0,79.0,32.0,9.0,7.0,0.0,66.0,7.0,526.0,35.0,23.0,0.0,11.0,2.0,3.0,14.0,17.0,1.0,4.0,8.0,1.0,1.0,4.0,0.0,0.0,54.48,25.0,0.0,57.14,44.44,55.0,62.75,20.0,0.8683971468094689,1.1396125783827584,2.0,6.0,0.2525987899999999,1.0,8.0,10.0,0.6723835300000003,24.0,2.2243346007604563,11.29277566539924,0.1711026615969582,13.517110266159696,5.475285171102662,1.5399239543726235,1.1977186311787074,0.0,11.29277566539924,1.1977186311787074,5.988593155893536,3.9353612167300382,0.0,1.88212927756654,0.3422053231939164,0.5133079847908746,2.3954372623574147,2.908745247148289,0.1711026615969582,0.6844106463878328,1.3688212927756656,0.1711026615969582,0.1711026615969582,0.6844106463878328,0.0,0.0,54.48,25.0,0.0,57.14,44.44,55.0,62.75,20.0,0.1485850631423045,0.1949907453506621,0.3422053231939164,1.0266159695817492,0.043220325285171,0.1711026615969582,1.3688212927756656,1.711026615969582,0.1150466115969582,4.106463878326997,ST,21,79,31,59,97,49,43,51,100,88,94,100,26,88,60,60,76,79,51,60,78,34,54,99,51,51,6,24,26,82,74,94,82,22,41,88,47,54,62,26,78,69,76,50,9,53,24,44,94,18,26,51,97,82,71,100,26,76,50,47,56,68,41,53,74,21,44,97,51,51,6,24,26,82,74,94,82,22,26,85,38,35,53,12,62,59,65,26,Pro League
Zulte Waregem,547zzwqbiugzphhnrhj3z5k5i,7jo5hyybivu2csysje8cxfmui,E. Lofolomo,Enrique Lofolomo,26.0,Midfielder,Germany,Midfielder,133.0,123.0,14.0,256.0,7.0,1.0,1.0,0.0,33.0,14.0,540.0,2.0,12.0,0.0,2.0,0.0,1.0,3.0,4.0,4.0,0.0,1.0,4.0,0.0,0.0,0.0,0.0,86.49,53.85,0.0,33.33,0.0,54.1,38.89,30.77,0.0693852164531361,0.0961480866929274,0.0,6.0,0.12079329,0.0,29.0,31.0,0.48722281,141.0,22.166666666666668,20.5,2.333333333333333,42.66666666666666,1.1666666666666667,0.1666666666666666,0.1666666666666666,0.0,5.5,2.333333333333333,0.3333333333333333,2.0,0.0,0.3333333333333333,0.0,0.1666666666666666,0.5,0.6666666666666666,0.6666666666666666,0.0,0.1666666666666666,0.6666666666666666,0.0,0.0,0.0,0.0,86.49,53.85,0.0,33.33,0.0,54.1,38.89,30.77,0.0115642027421893,0.0160246811154879,0.0,1.0,0.020132215,0.0,4.833333333333333,5.166666666666667,0.0812038016666666,23.5,DM/CM,77,77,68,68,60,18,50,48,76,81,35,94,24,31,8,60,34,48,23,26,34,27,42,40,52,52,65,45,24,34,26,48,31,6,16,29,16,61,45,6,84,89,65,77,68,61,58,61,56,6,40,48,61,66,31,90,24,21,8,47,26,37,11,26,26,15,42,40,52,52,65,45,24,34,26,48,31,6,16,19,16,48,39,6,71,82,42,65,Pro League
Zulte Waregem,547zzwqbiugzphhnrhj3z5k5i,7vvj8sozbw1g9pgsyw2v6uxas,F. Tangala,Franz Tangala,21.0,Midfielder,Belgium,Midfielder,29.0,40.0,1.0,68.0,3.0,1.0,1.0,0.0,20.0,5.0,316.0,1.0,3.0,1.0,1.0,0.0,1.0,7.0,7.0,4.0,0.0,2.0,5.0,0.0,0.0,0.0,0.0,70.1,12.5,9.09,28.57,0.0,48.78,37.5,41.67,0.0871483155644524,0.1114214719629889,0.0,1.0,0.02756312,2.0,10.0,13.0,0.28077177,45.0,8.259493670886076,11.39240506329114,0.2848101265822785,19.367088607594937,0.8544303797468354,0.2848101265822785,0.2848101265822785,0.0,5.69620253164557,1.4240506329113924,0.2848101265822785,0.8544303797468354,0.2848101265822785,0.2848101265822785,0.0,0.2848101265822785,1.993670886075949,1.993670886075949,1.139240506329114,0.0,0.569620253164557,1.4240506329113924,0.0,0.0,0.0,0.0,70.1,12.5,9.09,28.57,0.0,48.78,37.5,41.67,0.024820722787344,0.0317339635337626,0.0,0.2848101265822785,0.0078502556962025,0.569620253164557,2.848101265822785,3.702531645569621,0.0799666433544303,12.816455696202532,RM/RCM,40,20,20,20,20,30,30,60,40,60,20,40,50,40,30,50,60,60,70,30,50,80,40,40,60,60,20,20,40,20,30,80,20,20,20,60,40,30,20,30,80,60,60,40,40,20,20,40,20,20,20,60,80,60,20,40,40,20,30,60,60,60,80,30,40,80,40,40,60,60,20,20,40,20,30,80,20,20,20,60,40,20,20,20,80,60,60,40,Pro League
Zulte Waregem,547zzwqbiugzphhnrhj3z5k5i,95vx1dz2leiona1k455atzwus,T. Claes,Thomas Claes,22.0,Midfielder,Belgium,Midfielder,73.0,125.0,7.0,193.0,6.0,13.0,3.0,0.0,21.0,5.0,528.0,11.0,3.0,5.0,8.0,10.0,7.0,7.0,7.0,8.0,2.0,4.0,3.0,1.0,0.0,0.0,0.0,82.83,46.67,41.67,57.14,15.38,43.75,54.55,37.5,0.8823633345116741,0.7549312369652839,6.0,9.0,0.20382516,7.0,27.0,26.0,1.0102757600000003,104.0,12.443181818181818,21.306818181818183,1.1931818181818183,32.89772727272727,1.0227272727272727,2.215909090909092,0.5113636363636364,0.0,3.5795454545454546,0.8522727272727273,1.875,0.5113636363636364,0.8522727272727273,1.3636363636363638,1.7045454545454546,1.1931818181818183,1.1931818181818183,1.1931818181818183,1.3636363636363638,0.3409090909090909,0.6818181818181819,0.5113636363636364,0.1704545454545454,0.0,0.0,0.0,82.83,46.67,41.67,57.14,15.38,43.75,54.55,37.5,0.1504028411099444,0.1286814608463552,1.0227272727272727,1.5340909090909092,0.034742925,1.1931818181818183,4.602272727272728,4.431818181818183,0.1722060954545455,17.72727272727273,CM/AM,77,77,57,82,82,84,48,52,68,66,52,34,59,34,98,98,45,45,100,50,59,45,61,27,50,52,64,30,82,75,25,41,73,30,68,36,98,50,36,84,84,68,77,86,59,55,36,55,68,68,32,52,27,55,27,23,41,14,95,91,32,32,86,36,45,36,50,27,50,52,64,30,82,75,25,41,73,30,59,14,91,32,23,64,68,59,59,73,Pro League
Zulte Waregem,547zzwqbiugzphhnrhj3z5k5i,c1kv9ybtguhs625d1vwlwa6ay,J. Kiilerich,Jakob Kiilerich,26.0,Defender,Denmark,Defender,156.0,91.0,19.0,247.0,14.0,2.0,2.0,0.0,20.0,49.0,540.0,9.0,1.0,0.0,1.0,0.0,0.0,0.0,0.0,4.0,0.0,0.0,3.0,0.0,0.0,0.0,0.0,90.15,73.08,0.0,0.0,0.0,62.5,60.87,60.0,0.2759683441282459,0.1101828378043647,0.0,4.0,0.07610958,1.0,31.0,26.0,0.8131439400000002,178.0,26.0,15.166666666666666,3.1666666666666665,41.16666666666666,2.333333333333333,0.3333333333333333,0.3333333333333333,0.0,3.333333333333333,8.166666666666666,1.5,0.1666666666666666,0.0,0.1666666666666666,0.0,0.0,0.0,0.0,0.6666666666666666,0.0,0.0,0.5,0.0,0.0,0.0,0.0,90.15,73.08,0.0,0.0,0.0,62.5,60.87,60.0,0.0459947240213743,0.0183638063007274,0.0,0.6666666666666666,0.0126849299999999,0.1666666666666666,5.166666666666667,4.333333333333333,0.13552399,29.666666666666668,CB,48,60,72,50,75,35,42,44,48,98,82,18,38,46,32,21,16,16,18,25,26,28,41,45,51,51,68,100,38,26,25,78,70,49,42,57,32,60,55,44,82,66,78,60,30,42,65,32,60,22,35,44,25,92,75,11,38,36,32,21,16,16,11,25,26,16,41,45,51,51,68,100,38,26,25,78,70,49,38,55,32,51,50,34,80,55,72,45,Pro League
Zulte Waregem,547zzwqbiugzphhnrhj3z5k5i,dq0jv58abzqc8h1je5qmtamms,I. Átrok,István Átrok,20.0,Midfielder,Hungary,Midfielder,26.0,49.0,3.0,73.0,5.0,8.0,7.0,0.0,13.0,0.0,315.0,17.0,2.0,2.0,8.0,1.0,2.0,8.0,8.0,1.0,4.0,1.0,1.0,3.0,0.0,0.0,0.0,76.04,75.0,28.57,12.5,50.0,40.62,62.5,20.0,1.22641381289953,0.4886933799727005,2.0,3.0,0.0736248,1.0,1.0,6.0,0.34156849,27.0,7.428571428571429,14.0,0.8571428571428571,20.857142857142858,1.4285714285714286,2.2857142857142856,2.0,0.0,3.7142857142857135,0.0,4.857142857142857,0.5714285714285714,0.5714285714285714,2.2857142857142856,0.2857142857142857,0.5714285714285714,2.2857142857142856,2.2857142857142856,0.2857142857142857,1.1428571428571428,0.2857142857142857,0.2857142857142857,0.8571428571428571,0.0,0.0,0.0,76.04,75.0,28.57,12.5,50.0,40.62,62.5,20.0,0.3504039465427229,0.1396266799922001,0.5714285714285714,0.8571428571428571,0.0210356571428571,0.2857142857142857,0.2857142857142857,1.7142857142857142,0.0975909971428571,7.714285714285714,CM/AM,9,14,18,11,77,52,80,52,18,5,68,18,25,34,20,43,59,59,9,73,20,11,93,27,50,52,27,70,43,14,84,32,80,5,86,18,50,9,5,7,5,5,18,9,5,14,18,9,82,82,95,52,36,5,91,27,27,55,18,45,68,68,14,86,18,14,100,27,50,52,27,70,43,14,84,32,80,5,100,23,55,5,5,5,5,5,18,5,Pro League
Zulte Waregem,547zzwqbiugzphhnrhj3z5k5i,enl0mjrht847a24567edbi4gk,Y. Cappelle,Yannick Cappelle,23.0,Defender,Belgium,Defender,82.0,76.0,2.0,152.0,5.0,5.0,2.0,0.0,23.0,21.0,523.0,7.0,3.0,6.0,6.0,3.0,2.0,4.0,4.0,12.0,0.0,2.0,9.0,0.0,1.0,0.0,0.0,81.72,16.67,20.69,50.0,0.0,63.89,50.0,69.23,0.2729237203847375,0.6436853689063605,2.0,5.0,0.11323762,6.0,7.0,12.0,0.4173822199999999,72.0,14.110898661567878,13.078393881453156,0.3441682600382409,26.156787762906312,0.8604206500956023,0.8604206500956023,0.3441682600382409,0.0,3.9579349904397705,3.61376673040153,1.2045889101338432,0.5162523900573613,1.032504780114723,1.032504780114723,0.5162523900573613,0.3441682600382409,0.6883365200764818,0.6883365200764818,2.0650095602294454,0.0,0.3441682600382409,1.548757170172084,0.0,0.1720841300191204,0.0,0.0,81.72,16.67,20.69,50.0,0.0,63.89,50.0,69.23,0.0469658409839892,0.1107680367142876,0.3441682600382409,0.8604206500956023,0.0194863973231357,1.032504780114723,1.2045889101338432,2.0650095602294454,0.0718248562141491,12.390057361376671,LB/LCB,38,41,6,44,53,65,41,50,76,82,47,68,88,79,82,71,56,50,88,26,56,94,41,88,53,53,59,6,47,59,26,94,59,76,47,76,62,41,35,68,18,21,24,35,18,29,6,18,35,41,24,50,47,71,47,47,82,76,71,59,47,41,82,26,41,76,41,88,53,53,59,6,47,59,26,94,59,76,35,71,35,35,35,59,6,6,6,18,Pro League
Zulte Waregem,547zzwqbiugzphhnrhj3z5k5i,xshamrmjf78pzddhffl9ysmi,M. Aké,Marley Aké,25.0,Midfielder,France,Midfielder,43.0,104.0,5.0,142.0,4.0,13.0,3.0,0.0,30.0,2.0,516.0,6.0,11.0,5.0,8.0,10.0,7.0,17.0,17.0,5.0,2.0,6.0,7.0,1.0,0.0,1.0,0.0,79.78,45.45,23.81,35.29,15.38,65.22,80.0,77.78,0.8870718102654465,0.863052057736359,5.0,9.0,0.2695493,3.0,24.0,23.0,0.8813347299999998,69.0,7.5,18.13953488372093,0.872093023255814,24.76744186046512,0.6976744186046512,2.2674418604651163,0.5232558139534884,0.0,5.232558139534883,0.3488372093023256,1.0465116279069768,1.9186046511627908,0.872093023255814,1.3953488372093024,1.744186046511628,1.2209302325581397,2.9651162790697674,2.9651162790697674,0.872093023255814,0.3488372093023256,1.0465116279069768,1.2209302325581397,0.1744186046511628,0.0,0.1744186046511628,0.0,79.78,45.45,23.81,35.29,15.38,65.22,80.0,77.78,0.1547218273718802,0.1505323356516905,0.872093023255814,1.569767441860465,0.0470144127906976,0.5232558139534884,4.186046511627907,4.011627906976744,0.1537211738372092,12.034883720930232,CM/AM,27,55,32,50,70,84,48,52,89,36,14,100,59,34,98,98,91,91,77,50,80,80,61,27,100,52,41,23,23,36,25,100,100,93,73,45,84,50,59,34,68,64,68,43,9,23,23,18,64,77,36,52,73,27,9,91,45,18,100,95,82,82,68,45,68,64,55,27,100,52,41,23,23,36,25,100,100,93,64,36,77,36,45,27,64,45,50,18,Pro League
Sint-Truiden,2989v3kho9h5jaboe1nr7lx21,2e663x5a1nqazir5gxsilbac4,K. Matsuzawa,Kaito Matsuzawa,25.0,Attacker,Japan,Striker,20.0,53.0,3.0,72.0,3.0,7.0,5.0,1.0,17.0,3.0,221.0,14.0,4.0,1.0,3.0,2.0,3.0,8.0,10.0,1.0,2.0,5.0,2.0,1.0,2.0,0.0,0.0,83.72,100.0,16.67,62.5,28.57,70.83,75.0,40.0,0.7328693184953812,0.2944489805941003,2.0,10.0,0.36179832,2.0,6.0,12.0,0.52524042,29.0,8.144796380090497,21.583710407239817,1.2217194570135743,29.32126696832579,1.2217194570135743,2.850678733031674,2.0361990950226243,0.4072398190045249,6.9230769230769225,1.2217194570135743,5.701357466063348,1.6289592760180995,0.4072398190045249,1.2217194570135743,0.8144796380090498,1.2217194570135743,3.257918552036199,4.072398190045249,0.4072398190045249,0.8144796380090498,2.0361990950226243,0.8144796380090498,0.4072398190045249,0.8144796380090498,0.0,0.0,83.72,100.0,16.67,62.5,28.57,70.83,75.0,40.0,0.2984535686180285,0.1199113495632082,0.8144796380090498,4.072398190045249,0.1473386823529411,0.8144796380090498,2.443438914027149,4.886877828054298,0.2138988135746606,11.80995475113122,LW,22,33,33,33,89,11,17,100,33,78,22,56,33,44,28,50,11,11,33,17,11,39,39,83,56,56,78,94,33,100,44,100,100,22,22,33,22,22,22,22,67,72,56,56,67,89,56,78,100,44,56,100,89,89,44,67,44,56,56,67,22,33,56,56,33,56,67,100,56,56,78,94,33,100,44,100,100,22,67,56,22,56,78,44,100,100,89,89,Pro League
Sint-Truiden,2989v3kho9h5jaboe1nr7lx21,4s8ff8ufmspdueb4xi80hs7is,N. Ishiwatari,Nelson Ishiwatari,21.0,Midfielder,Japan,Midfielder,62.0,48.0,4.0,110.0,5.0,7.0,4.0,0.0,27.0,13.0,265.0,4.0,4.0,0.0,1.0,3.0,2.0,4.0,5.0,1.0,2.0,2.0,10.0,1.0,1.0,0.0,0.0,87.3,50.0,0.0,50.0,28.57,50.94,55.56,62.5,0.6729623549099197,0.0683084468990021,0.0,4.0,0.1013581,2.0,5.0,9.0,0.16437376,49.0,21.056603773584904,16.30188679245283,1.3584905660377358,37.35849056603773,1.6981132075471697,2.3773584905660377,1.3584905660377358,0.0,9.169811320754716,4.415094339622641,1.3584905660377358,1.3584905660377358,0.0,0.3396226415094339,1.018867924528302,0.6792452830188679,1.3584905660377358,1.6981132075471697,0.3396226415094339,0.6792452830188679,0.6792452830188679,3.39622641509434,0.3396226415094339,0.3396226415094339,0.0,0.0,87.3,50.0,0.0,50.0,28.57,50.94,55.56,62.5,0.2285532526109161,0.0231990951732459,0.0,1.3584905660377358,0.0344235056603773,0.6792452830188679,1.6981132075471697,3.056603773584905,0.0558250505660377,16.641509433962263,RM/RCM,70,60,50,60,70,80,90,60,100,90,60,60,20,40,60,80,40,40,30,80,50,100,90,80,60,60,100,100,20,80,80,100,70,80,80,20,40,60,60,30,30,20,20,60,80,80,80,80,100,100,100,60,100,100,60,80,20,60,100,100,40,40,40,100,60,100,100,80,60,60,100,100,20,80,80,100,70,80,100,20,40,60,60,40,60,20,20,80,Pro League
Sint-Truiden,2989v3kho9h5jaboe1nr7lx21,6sgdwfdo9cz4adyw5mc6qsjys,R. Merlen,Ryan Merlen,24.0,Midfielder,France,Midfielder,84.0,119.0,29.0,200.0,3.0,11.0,7.0,0.0,13.0,6.0,457.0,17.0,2.0,3.0,11.0,4.0,3.0,4.0,4.0,3.0,5.0,2.0,2.0,3.0,3.0,0.0,0.0,81.63,70.73,50.0,50.0,45.45,48.15,42.86,33.33,1.0516209766729303,1.1375967353535066,2.0,16.0,0.3922778199999999,7.0,26.0,36.0,1.1160430400000003,103.0,16.54266958424508,23.435448577680525,5.711159737417943,39.38730853391685,0.5908096280087528,2.166301969365427,1.3785557986870898,0.0,2.560175054704595,1.1816192560175056,3.347921225382932,0.3938730853391685,0.5908096280087528,2.166301969365427,0.7877461706783371,0.5908096280087528,0.7877461706783371,0.7877461706783371,0.5908096280087528,0.9846827133479212,0.3938730853391685,0.3938730853391685,0.5908096280087528,0.5908096280087528,0.0,0.0,81.63,70.73,50.0,50.0,45.45,48.15,42.86,33.33,0.2071025993447784,0.2240343680127256,0.3938730853391685,3.1509846827133483,0.0772538376367614,1.3785557986870898,5.12035010940919,7.089715536105033,0.2197896577680526,20.28446389496718,CM/AM,86,64,100,86,59,68,80,52,18,80,68,18,34,64,61,61,23,23,59,82,34,27,93,93,50,52,55,59,91,61,73,59,45,20,77,68,50,89,73,84,77,86,82,82,73,68,100,68,55,64,77,52,5,73,73,14,32,50,59,50,18,18,45,77,32,23,95,91,50,52,55,59,91,61,73,59,45,20,68,59,36,82,73,77,82,86,73,77,Pro League
Sint-Truiden,2989v3kho9h5jaboe1nr7lx21,6u4t6jqkc3xp41p2r7invhslw,R. Vanwesemael,Robert-Jan Vanwesemael,24.0,Defender,Belgium,Defender,90.0,144.0,16.0,227.0,1.0,8.0,4.0,0.0,17.0,8.0,506.0,22.0,2.0,7.0,11.0,4.0,3.0,9.0,10.0,5.0,2.0,5.0,5.0,1.0,1.0,0.0,0.0,83.76,61.54,21.88,55.56,25.0,54.84,33.33,55.56,0.6682124647685066,1.0329005391999997,3.0,31.0,0.8436990399999996,7.0,28.0,37.0,1.4863879,132.0,16.007905138339922,25.612648221343875,2.845849802371541,40.37549407114625,0.1778656126482213,1.4229249011857708,0.7114624505928854,0.0,3.023715415019763,1.4229249011857708,3.91304347826087,0.3557312252964427,1.2450592885375495,1.956521739130435,0.7114624505928854,0.5335968379446641,1.6007905138339922,1.7786561264822136,0.8893280632411068,0.3557312252964427,0.8893280632411068,0.8893280632411068,0.1778656126482213,0.1778656126482213,0.0,0.0,83.76,61.54,21.88,55.56,25.0,54.84,33.33,55.56,0.1188520194252284,0.1837174872094861,0.5335968379446641,5.513833992094862,0.1500650466403161,1.2450592885375495,4.980237154150198,6.58102766798419,0.2643772944664032,23.47826086956522,CB,15,80,56,42,5,99,81,44,32,9,98,40,95,95,98,95,95,95,29,89,95,46,90,94,51,51,20,88,78,82,55,42,18,39,88,95,98,100,100,92,78,85,95,38,15,80,52,28,2,98,78,44,15,4,98,32,95,95,98,95,92,92,22,95,90,42,88,95,51,51,20,88,78,82,55,42,18,39,80,95,98,100,100,92,78,80,95,28,Pro League
Sint-Truiden,2989v3kho9h5jaboe1nr7lx21,77wkqbxkqix367lc0ccnym86h,A. Sissako,Abdoulaye Sissako,28.0,Midfielder,France,Midfielder,151.0,145.0,19.0,294.0,7.0,7.0,5.0,0.0,38.0,14.0,540.0,12.0,2.0,2.0,8.0,2.0,1.0,15.0,16.0,4.0,1.0,11.0,10.0,0.0,1.0,0.0,0.0,85.96,76.0,66.67,73.33,14.29,50.0,36.84,55.56,0.6303997029344887,0.3980104359227796,2.0,11.0,0.33914518,9.0,33.0,27.0,0.6145251799999999,140.0,25.166666666666668,24.166666666666668,3.1666666666666665,49.0,1.1666666666666667,1.1666666666666667,0.8333333333333334,0.0,6.333333333333333,2.333333333333333,2.0,0.3333333333333333,0.3333333333333333,1.3333333333333333,0.3333333333333333,0.1666666666666666,2.5,2.6666666666666665,0.6666666666666666,0.1666666666666666,1.8333333333333333,1.6666666666666667,0.0,0.1666666666666666,0.0,0.0,85.96,76.0,66.67,73.33,14.29,50.0,36.84,55.56,0.1050666171557481,0.0663350726537966,0.3333333333333333,1.8333333333333333,0.0565241966666666,1.5,5.5,4.5,0.1024208633333333,23.33333333333333,DM/CM,84,87,82,87,60,90,95,48,87,81,90,11,87,97,68,60,100,100,23,66,100,89,42,90,52,52,61,90,92,84,52,35,26,40,94,71,73,90,97,100,90,81,81,74,77,74,74,77,56,84,90,48,74,66,81,8,82,81,55,47,100,100,11,53,100,68,42,81,52,52,61,90,92,84,52,35,26,40,90,61,61,87,90,100,84,65,65,61,Pro League
Sint-Truiden,2989v3kho9h5jaboe1nr7lx21,8lqo2ajhgjockasmd198nai1,J. Pupe,Joedrick Pupe,29.0,Defender,Belgium,Defender,65.0,87.0,10.0,152.0,10.0,4.0,2.0,0.0,18.0,11.0,306.0,12.0,1.0,0.0,2.0,2.0,2.0,8.0,8.0,4.0,0.0,3.0,2.0,0.0,0.0,0.0,0.0,83.06,45.45,0.0,37.5,0.0,52.94,62.5,50.0,0.3291068494061777,0.1771476911516488,2.0,8.0,0.20062283,2.0,21.0,23.0,0.55646497,68.0,19.11764705882353,25.58823529411765,2.9411764705882355,44.70588235294118,2.9411764705882355,1.1764705882352942,0.5882352941176471,0.0,5.294117647058823,3.235294117647059,3.5294117647058822,0.2941176470588235,0.0,0.5882352941176471,0.5882352941176471,0.5882352941176471,2.3529411764705883,2.3529411764705883,1.1764705882352942,0.0,0.8823529411764706,0.5882352941176471,0.0,0.0,0.0,0.0,83.06,45.45,0.0,37.5,0.0,52.94,62.5,50.0,0.0967961321782875,0.0521022621034261,0.5882352941176471,2.3529411764705883,0.0590067147058823,0.5882352941176471,6.176470588235294,6.764705882352941,0.1636661676470588,20.0,LB/LCB,24,53,53,44,97,47,41,50,35,29,82,18,15,24,56,71,79,76,21,26,82,6,41,41,53,53,76,71,15,41,26,56,82,38,53,29,62,76,76,21,71,65,41,29,47,88,59,76,100,71,71,50,71,59,94,18,15,41,88,100,94,94,47,26,88,24,41,41,53,53,76,71,15,41,26,56,82,38,82,35,94,88,88,24,94,88,65,47,Pro League
Sint-Truiden,2989v3kho9h5jaboe1nr7lx21,9qafk5ke1yzqggkcmf1zqevp,W. Janssens,Wolke Janssens,31.0,Defender,Belgium,Defender,120.0,47.0,13.0,167.0,4.0,1.0,0.0,0.0,12.0,14.0,207.0,0.0,2.0,0.0,0.0,1.0,1.0,0.0,0.0,6.0,0.0,0.0,3.0,0.0,0.0,0.0,0.0,90.76,59.09,0.0,0.0,0.0,70.59,0.0,50.0,0.0654811813908642,0.0,1.0,1.0,0.01935132,0.0,11.0,12.0,0.21577406,119.0,52.173913043478265,20.43478260869565,5.652173913043479,72.60869565217392,1.7391304347826089,0.4347826086956522,0.0,0.0,5.217391304347826,6.086956521739131,0.0,0.8695652173913044,0.0,0.0,0.4347826086956522,0.4347826086956522,0.0,0.0,2.608695652173913,0.0,0.0,1.3043478260869563,0.0,0.0,0.0,0.0,90.76,59.09,0.0,0.0,0.0,70.59,0.0,50.0,0.0284700788655931,0.0,0.4347826086956522,0.4347826086956522,0.0084136173913043,0.0,4.782608695652175,5.217391304347826,0.0938148086956521,51.73913043478261,CB,30,18,41,20,22,14,8,44,11,25,6,40,38,16,76,59,16,16,45,25,26,28,41,45,51,51,78,80,38,26,25,90,2,22,8,20,79,24,22,15,34,26,15,32,98,62,90,90,48,40,8,44,75,62,6,78,38,16,95,88,16,16,90,25,26,65,41,45,51,51,78,80,38,26,25,90,2,22,20,20,95,38,38,15,70,65,45,95,Pro League
Sint-Truiden,2989v3kho9h5jaboe1nr7lx21,9w0brh9x5ez6yoiinh50g6y5m,T. Hata,Taiga Hata,24.0,Defender,Japan,Defender,94.0,92.0,8.0,180.0,4.0,2.0,2.0,0.0,18.0,23.0,468.0,10.0,2.0,6.0,6.0,0.0,1.0,1.0,1.0,1.0,0.0,1.0,8.0,0.0,0.0,0.0,0.0,78.6,50.0,40.0,100.0,0.0,75.0,50.0,72.73,0.174206166334094,0.7668716752744937,0.0,4.0,0.1117556099999999,2.0,18.0,23.0,1.3366657900000007,100.0,18.07692307692308,17.692307692307693,1.5384615384615383,34.61538461538461,0.7692307692307692,0.3846153846153846,0.3846153846153846,0.0,3.461538461538461,4.423076923076923,1.923076923076923,0.3846153846153846,1.1538461538461535,1.1538461538461535,0.0,0.1923076923076923,0.1923076923076923,0.1923076923076923,0.1923076923076923,0.0,0.1923076923076923,1.5384615384615383,0.0,0.0,0.0,0.0,78.6,50.0,40.0,100.0,0.0,75.0,50.0,72.73,0.0335011858334796,0.1474753221681718,0.0,0.7692307692307692,0.0214914634615384,0.3846153846153846,3.461538461538461,4.423076923076923,0.2570511134615386,19.23076923076923,CB,20,62,20,28,22,35,42,44,39,41,85,40,92,89,32,59,41,41,2,25,61,82,41,45,51,51,8,55,90,96,25,98,46,74,35,92,32,60,72,66,57,62,90,25,18,55,18,20,20,35,48,44,32,28,82,35,92,90,32,60,42,42,2,25,60,88,41,45,51,51,8,55,90,96,25,98,46,74,28,92,32,57,70,62,52,57,92,20,Pro League
Sint-Truiden,2989v3kho9h5jaboe1nr7lx21,aeue0dvxs088u4ucahccoe1as,I. Sebaoui,Ilias Sebaoui,24.0,Attacker,Morocco,Striker,65.0,112.0,16.0,173.0,1.0,25.0,18.0,0.0,38.0,10.0,529.0,40.0,10.0,4.0,11.0,7.0,7.0,26.0,26.0,2.0,4.0,15.0,6.0,1.0,3.0,0.0,0.0,76.55,66.67,21.05,57.69,16.0,50.67,20.0,50.0,2.3481518442970963,0.7617049373536565,5.0,17.0,0.56787041,4.0,13.0,25.0,0.9527456,69.0,11.0586011342155,19.05482041587901,2.722117202268431,29.43289224952741,0.1701323251417769,4.253308128544423,3.062381852551985,0.0,6.465028355387523,1.7013232514177692,6.805293005671077,1.7013232514177692,0.6805293005671077,1.8714555765595464,1.1909262759924384,1.1909262759924384,4.4234404536862,4.4234404536862,0.3402646502835538,0.6805293005671077,2.551984877126654,1.0207939508506616,0.1701323251417769,0.5103969754253308,0.0,0.0,76.55,66.67,21.05,57.69,16.0,50.67,20.0,50.0,0.3994965330562167,0.1295906320639491,0.8506616257088846,2.892249527410208,0.0966131132325141,0.6805293005671077,2.2117202268431,4.253308128544423,0.1620928241965973,11.739130434782608,LW,100,94,100,100,72,100,100,50,100,100,100,89,72,100,100,78,89,89,56,67,89,89,39,100,56,56,11,67,44,89,11,78,78,50,100,89,61,67,78,56,100,100,89,100,100,67,100,89,67,100,89,50,78,100,67,78,56,78,100,56,44,44,33,22,78,89,22,89,56,56,11,67,44,89,11,78,78,50,100,67,33,33,22,22,89,89,67,78,Pro League
Sint-Truiden,2989v3kho9h5jaboe1nr7lx21,ef2clhqnx5kytqgq5pqoopvys,S. Baždar,Samed Bazdar,22.0,Attacker,Bosnia and Herzegovina,Striker,10.0,24.0,2.0,34.0,7.0,10.0,9.0,0.0,11.0,2.0,236.0,22.0,0.0,0.0,5.0,1.0,1.0,7.0,7.0,0.0,5.0,2.0,1.0,4.0,0.0,0.0,0.0,68.0,66.67,0.0,28.57,50.0,35.48,53.85,50.0,1.7701696757139087,0.433222344842299,0.0,3.0,0.07668963,3.0,2.0,4.0,0.27023444,16.0,3.8135593220338975,9.152542372881356,0.7627118644067796,12.966101694915254,2.669491525423729,3.8135593220338975,3.4322033898305087,0.0,4.194915254237288,0.7627118644067796,8.389830508474576,0.0,0.0,1.9067796610169487,0.3813559322033898,0.3813559322033898,2.669491525423729,2.669491525423729,0.0,1.9067796610169487,0.7627118644067796,0.3813559322033898,1.5254237288135593,0.0,0.0,0.0,68.0,66.67,0.0,28.57,50.0,35.48,53.85,50.0,0.6750647068400499,0.1652119111686733,0.0,1.1440677966101696,0.029246045338983,1.1440677966101696,0.7627118644067796,1.5254237288135593,0.103055506779661,6.101694915254237,ST,13,12,50,9,54,62,60,51,7,53,57,3,26,59,44,16,35,34,21,71,34,34,91,31,51,51,24,71,26,26,81,18,76,53,82,56,13,26,24,65,22,37,41,21,29,38,62,41,65,100,100,51,32,68,94,3,26,79,53,32,65,56,21,94,47,47,100,31,51,51,24,71,26,26,81,18,76,53,100,74,13,47,32,71,29,50,62,56,Pro League
Sint-Truiden,2989v3kho9h5jaboe1nr7lx21,enup95vx1a5gih6ljth7sdbrp,V. Musliu,Visar Musliu,31.0,Defender,North Macedonia,Defender,269.0,154.0,27.0,423.0,21.0,1.0,1.0,0.0,37.0,46.0,540.0,1.0,4.0,0.0,0.0,0.0,1.0,0.0,0.0,12.0,0.0,0.0,9.0,0.0,0.0,0.0,0.0,90.38,62.79,0.0,0.0,0.0,66.07,67.74,75.0,0.121833704286474,0.0,0.0,5.0,0.10729483,2.0,36.0,43.0,0.7143677600000006,284.0,44.833333333333336,25.666666666666668,4.5,70.5,3.5,0.1666666666666666,0.1666666666666666,0.0,6.166666666666667,7.666666666666667,0.1666666666666666,0.6666666666666666,0.0,0.0,0.0,0.1666666666666666,0.0,0.0,2.0,0.0,0.0,1.5,0.0,0.0,0.0,0.0,90.38,62.79,0.0,0.0,0.0,66.07,67.74,75.0,0.020305617381079,0.0,0.0,0.8333333333333334,0.0178824716666666,0.3333333333333333,6.0,7.166666666666667,0.1190612933333334,47.333333333333336,CB,92,85,88,92,92,14,22,44,92,95,14,72,38,16,32,59,16,16,88,25,26,96,41,45,51,51,70,90,38,26,25,85,82,84,15,20,32,70,68,66,92,92,72,92,88,82,80,88,90,5,16,44,90,88,12,57,38,16,32,50,16,16,80,25,26,85,41,45,51,51,70,90,38,26,25,85,82,84,10,20,32,64,62,55,85,86,62,88,Pro League
Sint-Truiden,2989v3kho9h5jaboe1nr7lx21,wp6f6m1vhdtygyelx9nj74oa,R. Araki,Ryotaro Araki,24.0,Midfielder,Japan,Midfielder,56.0,78.0,4.0,125.0,1.0,5.0,3.0,0.0,11.0,1.0,271.0,7.0,5.0,9.0,8.0,2.0,4.0,4.0,4.0,2.0,1.0,1.0,1.0,1.0,0.0,0.0,0.0,88.03,80.0,40.91,25.0,20.0,36.67,33.33,25.0,0.6336229668264349,0.9833684603912146,2.0,5.0,0.1145019499999999,4.0,9.0,12.0,0.8593708499999997,49.0,18.59778597785978,25.904059040590408,1.328413284132841,41.512915129151295,0.3321033210332103,1.6605166051660516,0.996309963099631,0.0,3.653136531365314,0.3321033210332103,2.3247232472324724,1.6605166051660516,2.988929889298893,2.656826568265682,0.6642066420664207,1.328413284132841,1.328413284132841,1.328413284132841,0.6642066420664207,0.3321033210332103,0.3321033210332103,0.3321033210332103,0.3321033210332103,0.0,0.0,0.0,88.03,80.0,40.91,25.0,20.0,36.67,33.33,25.0,0.2104282915659747,0.3265799314952373,0.6642066420664207,1.6605166051660516,0.0380264778597785,1.328413284132841,2.988929889298893,3.985239852398524,0.2853999132841327,16.273062730627306,CM/AM,59,36,23,36,20,25,48,52,9,18,25,52,86,34,34,77,23,23,34,27,20,11,61,27,50,52,95,91,77,25,41,9,39,11,45,59,50,23,18,48,18,27,59,27,82,73,50,73,27,45,59,52,32,23,36,86,100,68,50,100,41,41,55,32,27,18,77,27,50,52,95,91,77,25,41,9,39,11,77,86,64,41,27,73,32,36,95,59,Pro League
