Team,contestantId,playerId,Short Name,Player Name,Age,Position_x,Nationality,Position_y,total accurate back zone pass_Total,total accurate cross_Total,total accurate fwd zone pass_Total,total accurate long balls_Total,total accurate pass_Total,total aerial won_Total,total assists_Total,total att assist_Total,total attempt_Total,total attempts ibox_Total,total contest_Total,total dribbles attempted_Total,total duels won_Total,total effective clearance_Total,total interception_Total,total mins played,total touches in opposition box_Total,total was fouled_Total,total won contest_Total,total won tackle_Total,total attempts obox_Total,total ontarget attempt_Total,total blocked scoring att_Total,total goals_Total,total big chances saved_Total,total direct corner goals_Total,total direct setpiece goals_Total,pass_success_pct_Total,long_balls_success_pct_Total,cross_success_pct_Total,dribble_success_pct_Total,attempt_success_pct_Total,duel_success_pct_Total,aerial_success_pct_Total,tackle_success_pct_Total,xG_Total,xA_Total,CreatedOwnShot_Total,Total Carries_Total,Total Carry xT_Total,Total Final Third Carries_Total,passes_into_final_third_Total,progressive_passes_Total,xT_pass_Total,forward_passes_Total,total accurate back zone pass_p90,total accurate cross_p90,total accurate fwd zone pass_p90,total accurate long balls_p90,total accurate pass_p90,total aerial won_p90,total assists_p90,total att assist_p90,total attempt_p90,total attempts ibox_p90,total contest_p90,total dribbles attempted_p90,total duels won_p90,total effective clearance_p90,total interception_p90,total touches in opposition box_p90,total was fouled_p90,total won contest_p90,total won tackle_p90,total attempts obox_p90,total ontarget attempt_p90,total blocked scoring att_p90,total goals_p90,total big chances saved_p90,total direct corner goals_p90,total direct setpiece goals_p90,pass_success_pct_p90,long_balls_success_pct_p90,cross_success_pct_p90,dribble_success_pct_p90,attempt_success_pct_p90,duel_success_pct_p90,aerial_success_pct_p90,tackle_success_pct_p90,xG_p90,xA_p90,CreatedOwnShot_p90,Total Carries_p90,Total Carry xT_p90,Total Final Third Carries_p90,passes_into_final_third_p90,progressive_passes_p90,xT_pass_p90,forward_passes_p90,Pos.,total accurate back zone pass_TotalPR,total accurate cross_TotalPR,total accurate fwd zone pass_TotalPR,total accurate long balls_TotalPR,total accurate pass_TotalPR,total aerial won_TotalPR,total assists_TotalPR,total att assist_TotalPR,total attempt_TotalPR,total attempts ibox_TotalPR,total contest_TotalPR,total dribbles attempted_TotalPR,total duels won_TotalPR,total effective clearance_TotalPR,total interception_TotalPR,total touches in opposition box_TotalPR,total was fouled_TotalPR,total won contest_TotalPR,total won tackle_TotalPR,total attempts obox_TotalPR,total ontarget attempt_TotalPR,total blocked scoring att_TotalPR,total goals_TotalPR,total big chances saved_TotalPR,total direct corner goals_TotalPR,total direct setpiece goals_TotalPR,pass_success_pct_TotalPR,long_balls_success_pct_TotalPR,cross_success_pct_TotalPR,dribble_success_pct_TotalPR,attempt_success_pct_TotalPR,duel_success_pct_TotalPR,aerial_success_pct_TotalPR,tackle_success_pct_TotalPR,xG_TotalPR,xA_TotalPR,CreatedOwnShot_TotalPR,Total Carries_TotalPR,Total Carry xT_TotalPR,Total Final Third Carries_TotalPR,passes_into_final_third_TotalPR,progressive_passes_TotalPR,xT_pass_TotalPR,forward_passes_TotalPR,total accurate back zone pass_p90PR,total accurate cross_p90PR,total accurate fwd zone pass_p90PR,total accurate long balls_p90PR,total accurate pass_p90PR,total aerial won_p90PR,total assists_p90PR,total att assist_p90PR,total attempt_p90PR,total attempts ibox_p90PR,total contest_p90PR,total dribbles attempted_p90PR,total duels won_p90PR,total effective clearance_p90PR,total interception_p90PR,total touches in opposition box_p90PR,total was fouled_p90PR,total won contest_p90PR,total won tackle_p90PR,total attempts obox_p90PR,total ontarget attempt_p90PR,total blocked scoring att_p90PR,total goals_p90PR,total big chances saved_p90PR,total direct corner goals_p90PR,total direct setpiece goals_p90PR,pass_success_pct_p90PR,long_balls_success_pct_p90PR,cross_success_pct_p90PR,dribble_success_pct_p90PR,attempt_success_pct_p90PR,duel_success_pct_p90PR,aerial_success_pct_p90PR,tackle_success_pct_p90PR,xG_p90PR,xA_p90PR,CreatedOwnShot_p90PR,Total Carries_p90PR,Total Carry xT_p90PR,Total Final Third Carries_p90PR,passes_into_final_third_p90PR,progressive_passes_p90PR,xT_pass_p90PR,forward_passes_p90PR,League
Slovácko,bp5x8iw8pstucx6s4iqht6xqf,1ay3ef800f635ki7nks9w9re,A. Stojchevski,Andrej Stojchevski,23,Defender,North Macedonia,Defender,201.0,1.0,138.0,17.0,338.0,11.0,0.0,4.0,4.0,2.0,2.0,2.0,24.0,36.0,7.0,720.0,8.0,6.0,1.0,4.0,2.0,2.0,0.0,0.0,0.0,0.0,0.0,87.79,56.67,33.33,50.0,50.0,57.14,55.0,57.14,0.3305761070835225,0.2877795341917305,2.0,5.0,0.13599441,6.0,35.0,33.0,0.9201590799999996,190.0,25.125,0.125,17.25,2.125,42.25,1.375,0.0,0.5,0.5,0.25,0.25,0.25,3.0,4.5,0.875,1.0,0.75,0.125,0.5,0.25,0.25,0.0,0.0,0.0,0.0,0.0,87.79,56.67,33.33,50.0,50.0,57.14,55.0,57.14,0.0413220133854403,0.0359724417739663,0.25,0.625,0.01699930125,0.75,4.375,4.125,0.1150198849999999,23.75,CB,73,68,92,59,81,57,41,78,65,49,50,50,48,74,60,70,62,51,44,90,80,31,36,46,51,51,60,75,80,56,84,46,46,50,54,71,92,70,79,93,93,89,90,75,54,58,79,31,60,31,41,59,47,33,38,38,17,36,44,50,31,42,34,79,64,31,36,46,51,51,60,75,80,56,84,46,46,50,44,58,79,60,69,85,82,74,75,56,Czech League
Slovácko,bp5x8iw8pstucx6s4iqht6xqf,1oqsye3np44f24kfne286k6ol,M. Trávník,Michal Trávník,32,Midfielder,Czechia,Midfielder,176.0,12.0,180.0,17.0,344.0,1.0,1.0,12.0,15.0,3.0,8.0,9.0,51.0,8.0,3.0,710.0,11.0,28.0,5.0,13.0,12.0,2.0,6.0,0.0,0.0,0.0,0.0,86.22,53.12,24.49,62.5,13.33,61.45,33.33,76.47,0.8974622874938731,1.1710478448154318,12.0,16.0,0.4023073100000001,5.0,33.0,45.0,1.4572926600000002,183.0,22.309859154929576,1.5211267605633805,22.816901408450704,2.1549295774647885,43.6056338028169,0.1267605633802817,0.1267605633802817,1.5211267605633805,1.9014084507042253,0.380281690140845,1.0140845070422535,1.1408450704225352,6.464788732394366,1.0140845070422535,0.380281690140845,1.3943661971830985,3.549295774647887,0.6338028169014084,1.647887323943662,1.5211267605633805,0.2535211267605634,0.7605633802816901,0.0,0.0,0.0,0.0,86.22,53.12,24.49,62.5,13.33,61.45,33.33,76.47,0.1137628251752796,0.1484426845540688,1.5211267605633805,2.028169014084507,0.0509967012676056,0.6338028169014084,4.183098591549296,5.704225352112676,0.1847272385915493,23.197183098591548,CM/AM,100,99,98,96,100,23,69,84,96,41,51,57,100,86,65,54,100,69,100,100,49,95,24,50,50,49,96,60,52,77,25,94,50,77,67,85,100,92,92,71,98,99,96,100,100,85,83,85,98,19,50,58,65,21,25,27,92,71,33,27,98,38,92,94,31,82,24,50,50,49,96,60,52,77,25,94,50,77,42,62,92,67,67,48,88,90,85,98,Czech League
Slovácko,bp5x8iw8pstucx6s4iqht6xqf,3x89gzv0j50gqd044j62yxous,Š. Slončík,Simon Sloncík,19,Defender,Czechia,Defender,213.0,0.0,123.0,30.0,336.0,24.0,0.0,2.0,1.0,1.0,5.0,5.0,53.0,38.0,5.0,630.0,3.0,13.0,2.0,9.0,0.0,0.0,0.0,0.0,1.0,0.0,0.0,84.42,55.56,0.0,40.0,0.0,69.74,66.67,64.29,0.1226487938066299,0.2545544771895871,0.0,9.0,0.1687766299999999,3.0,29.0,36.0,0.82329393,207.0,30.428571428571427,0.0,17.571428571428573,4.285714285714286,48.0,3.4285714285714284,0.0,0.2857142857142857,0.1428571428571428,0.1428571428571428,0.7142857142857143,0.7142857142857143,7.571428571428571,5.428571428571429,0.7142857142857143,0.4285714285714285,1.8571428571428568,0.2857142857142857,1.2857142857142858,0.0,0.0,0.0,0.0,0.1428571428571428,0.0,0.0,84.42,55.56,0.0,40.0,0.0,69.74,66.67,64.29,0.0175212562580899,0.0363649253127981,0.0,1.2857142857142858,0.0241109471428571,0.4285714285714285,4.142857142857143,5.142857142857143,0.1176134185714285,29.571428571428573,RB/RCB,100,19,100,100,100,96,46,35,27,38,69,69,100,100,50,50,96,54,77,27,31,35,46,100,54,54,92,92,19,54,31,100,100,38,31,46,31,85,69,69,100,100,69,100,100,19,85,85,92,85,46,31,31,31,62,62,100,92,23,15,92,38,38,27,31,35,46,100,54,54,92,92,19,54,31,100,100,38,31,38,31,81,54,62,92,85,38,100,Czech League
Slovácko,bp5x8iw8pstucx6s4iqht6xqf,3zm27zj8masdyfu4n3tz0w0es,J. Behiratche,Jocelin Behiratche,26,Defender,Côte d'Ivoire,Defender,241.0,0.0,54.0,8.0,295.0,10.0,0.0,4.0,3.0,3.0,1.0,1.0,29.0,35.0,7.0,561.0,11.0,9.0,1.0,6.0,0.0,1.0,0.0,0.0,1.0,0.0,0.0,93.06,50.0,0.0,100.0,33.33,58.0,83.33,60.0,0.3585950132520516,0.3575772973995176,0.0,1.0,0.10805102,0.0,7.0,5.0,0.3002268999999999,161.0,38.66310160427808,0.0,8.663101604278074,1.2834224598930482,47.32620320855615,1.60427807486631,0.0,0.6417112299465241,0.481283422459893,0.481283422459893,0.160427807486631,0.160427807486631,4.652406417112299,5.614973262032086,1.1229946524064172,1.7647058823529411,1.4438502673796791,0.160427807486631,0.962566844919786,0.0,0.160427807486631,0.0,0.0,0.160427807486631,0.0,0.0,93.06,50.0,0.0,100.0,33.33,58.0,83.33,60.0,0.057528611751666,0.0573653418287996,0.0,0.160427807486631,0.0173343882352941,0.0,1.1229946524064172,0.8021390374331551,0.048164743315508,25.8288770053476,CB,81,27,40,27,73,53,41,78,51,65,33,33,52,70,60,79,80,51,66,25,53,31,36,96,51,51,100,57,27,91,67,50,98,55,56,85,29,28,67,16,20,5,35,62,88,27,15,19,73,38,41,67,44,56,31,31,44,60,58,79,77,54,56,25,48,31,36,96,51,51,100,57,27,91,67,50,98,55,50,83,29,23,71,16,8,4,12,65,Czech League
Slovácko,bp5x8iw8pstucx6s4iqht6xqf,50i05npy0v93nfhir5xh0ooic,G. Niarchos,Giannis Niarchos,24,Attacker,Greece,Striker,20.0,0.0,14.0,0.0,34.0,9.0,0.0,1.0,4.0,2.0,2.0,3.0,20.0,2.0,3.0,237.0,2.0,8.0,1.0,1.0,2.0,0.0,2.0,0.0,0.0,0.0,0.0,72.34,0.0,0.0,50.0,0.0,48.78,47.37,50.0,0.2905130769853341,0.0439068291727973,3.0,0.0,0.0,0.0,1.0,1.0,0.01449547,9.0,7.59493670886076,0.0,5.316455696202532,0.0,12.91139240506329,3.4177215189873418,0.0,0.379746835443038,1.518987341772152,0.759493670886076,0.759493670886076,1.139240506329114,7.59493670886076,0.759493670886076,1.139240506329114,0.759493670886076,3.037974683544304,0.379746835443038,0.379746835443038,0.759493670886076,0.0,0.759493670886076,0.0,0.0,0.0,0.0,72.34,0.0,0.0,50.0,0.0,48.78,47.37,50.0,0.1103214216400002,0.0166734794327078,1.139240506329114,0.0,0.0,0.0,0.379746835443038,0.379746835443038,0.0055046088607594,3.4177215189873418,ST,66,26,6,15,22,71,34,12,10,6,10,12,55,22,93,2,78,18,28,57,5,51,15,51,51,49,56,15,26,76,5,85,66,46,2,10,67,7,7,13,16,12,2,12,90,26,12,15,51,83,34,17,15,10,15,27,98,41,95,2,98,29,39,80,5,68,15,51,51,49,56,15,26,76,5,85,66,46,2,12,88,7,7,13,24,15,5,27,Czech League
Slovácko,bp5x8iw8pstucx6s4iqht6xqf,6ft0p23uh329gr0xc2cdni1ud,Gigli Ndefe,Gigli Nsungani Ndefe,32,Defender,Angola,Defender,83.0,3.0,101.0,2.0,181.0,2.0,0.0,3.0,6.0,5.0,4.0,4.0,31.0,26.0,7.0,677.0,11.0,15.0,1.0,5.0,1.0,1.0,2.0,1.0,0.0,0.0,0.0,83.03,16.67,21.43,25.0,16.67,56.36,25.0,38.46,0.7938558440583086,0.1057102079093589,1.0,8.0,0.18036245,0.0,11.0,14.0,0.49193443,94.0,11.03397341211226,0.3988183161004431,13.42688330871492,0.2658788774002954,24.06203840472673,0.2658788774002954,0.0,0.3988183161004431,0.7976366322008863,0.6646971935007385,0.5317577548005908,0.5317577548005908,4.121122599704579,3.4564254062038406,0.930576070901034,1.4623338257016247,1.994091580502216,0.1329394387001477,0.6646971935007385,0.1329394387001477,0.1329394387001477,0.2658788774002954,0.1329394387001477,0.0,0.0,0.0,83.03,16.67,21.43,25.0,16.67,56.36,25.0,38.46,0.1055347503179435,0.014053055704346,0.1329394387001477,1.0635155096011817,0.0239772828655834,0.0,1.4623338257016247,1.861152141802068,0.0653974870014771,12.496307237813886,CB,31,93,79,5,48,7,41,58,79,79,75,73,59,40,60,79,100,51,56,67,53,88,84,46,51,51,40,2,65,41,46,41,3,12,81,35,72,92,88,16,40,43,50,42,10,85,52,4,15,4,41,50,69,67,65,62,40,25,48,73,92,48,48,58,42,88,75,46,51,51,40,2,65,41,46,41,3,12,71,23,67,79,77,16,17,21,35,17,Czech League
Slovácko,bp5x8iw8pstucx6s4iqht6xqf,846noswumd4tahm2f7p9g6iac,P. Juroška,Pavel Juroska,25,Midfielder,Czechia,Midfielder,16.0,2.0,26.0,2.0,40.0,0.0,0.0,5.0,5.0,3.0,6.0,8.0,15.0,2.0,1.0,301.0,7.0,7.0,3.0,4.0,2.0,2.0,0.0,1.0,0.0,0.0,0.0,70.18,66.67,40.0,50.0,40.0,53.57,0.0,80.0,0.5483438830374969,0.3164492018776447,3.0,4.0,0.12890485,1.0,2.0,2.0,0.17454906,17.0,4.78405315614618,0.5980066445182725,7.774086378737541,0.5980066445182725,11.960132890365449,0.0,0.0,1.495016611295681,1.495016611295681,0.8970099667774086,1.7940199335548173,2.39202657807309,4.485049833887043,0.5980066445182725,0.2990033222591362,2.093023255813953,2.093023255813953,0.8970099667774086,1.196013289036545,0.5980066445182725,0.5980066445182725,0.0,0.2990033222591362,0.0,0.0,0.0,70.18,66.67,40.0,50.0,40.0,53.57,0.0,80.0,0.1639566427686868,0.0946193626876678,0.8970099667774086,1.196013289036545,0.0385429784053156,0.2990033222591362,0.5980066445182725,0.5980066445182725,0.0521907488372093,5.083056478405315,CM/AM,11,40,5,16,6,9,25,40,27,41,32,45,31,28,23,29,50,43,59,32,49,10,64,50,50,49,12,92,91,51,70,75,10,82,38,31,55,21,25,12,6,4,15,8,12,48,6,25,6,9,25,56,46,60,48,67,50,40,29,48,73,62,73,40,62,10,75,50,50,49,12,92,91,51,70,75,10,82,62,40,81,29,40,15,6,4,15,8,Czech League
Slovácko,bp5x8iw8pstucx6s4iqht6xqf,8zvsos5fsrrf9aizqmyhtt9m,M. Šviderský,Martin Svidersky,23,Midfielder,Slovakia,Midfielder,57.0,2.0,82.0,5.0,137.0,6.0,0.0,5.0,6.0,2.0,5.0,6.0,26.0,13.0,3.0,405.0,11.0,6.0,2.0,8.0,4.0,1.0,2.0,0.0,1.0,0.0,0.0,79.65,27.78,22.22,40.0,16.67,61.9,54.55,66.67,0.3864861300531166,0.2283144635313949,4.0,5.0,0.14204024,2.0,12.0,11.0,0.3102483599999999,66.0,12.666666666666666,0.4444444444444444,18.22222222222222,1.1111111111111112,30.444444444444443,1.3333333333333333,0.0,1.1111111111111112,1.3333333333333333,0.4444444444444444,1.1111111111111112,1.3333333333333333,5.777777777777778,2.888888888888889,0.6666666666666666,2.4444444444444446,1.3333333333333333,0.4444444444444444,1.7777777777777777,0.8888888888888888,0.2222222222222222,0.4444444444444444,0.0,0.2222222222222222,0.0,0.0,79.65,27.78,22.22,40.0,16.67,61.9,54.55,66.67,0.0858858066784703,0.050736547451421,0.8888888888888888,1.1111111111111112,0.0315644977777777,0.4444444444444444,2.6666666666666665,2.4444444444444446,0.0689440799999999,14.666666666666666,DM/CM,33,68,48,20,42,76,36,52,59,53,61,70,58,85,35,83,53,35,73,62,45,53,39,98,52,52,39,9,76,33,39,82,71,58,45,36,73,41,45,36,39,32,33,36,36,76,55,9,52,85,36,67,64,61,73,73,85,97,24,88,64,45,85,70,48,70,39,100,52,52,39,9,76,33,39,82,71,58,55,39,76,42,48,33,52,27,27,52,Czech League
Slovácko,bp5x8iw8pstucx6s4iqht6xqf,9hwxz4jig9tzvusschssz9r6d,T. Kostadinov,Tihomir Kostadinov,30,Midfielder,North Macedonia,Midfielder,104.0,1.0,109.0,6.0,212.0,2.0,0.0,6.0,6.0,3.0,6.0,6.0,26.0,9.0,4.0,513.0,7.0,14.0,4.0,4.0,3.0,1.0,3.0,0.0,0.0,0.0,0.0,85.14,35.29,33.33,66.67,16.67,48.15,25.0,66.67,0.5615359339245758,0.514694299905441,3.0,7.0,0.20250283,2.0,16.0,15.0,0.59862985,93.0,18.24561403508772,0.175438596491228,19.12280701754386,1.0526315789473684,37.19298245614035,0.3508771929824561,0.0,1.0526315789473684,1.0526315789473684,0.5263157894736842,1.0526315789473684,1.0526315789473684,4.56140350877193,1.5789473684210529,0.7017543859649122,1.2280701754385963,2.456140350877193,0.7017543859649122,0.7017543859649122,0.5263157894736842,0.175438596491228,0.5263157894736842,0.0,0.0,0.0,0.0,85.14,35.29,33.33,66.67,16.67,48.15,25.0,66.67,0.0985150761271185,0.0902972455974457,0.5263157894736842,1.2280701754385963,0.0355268122807017,0.3508771929824561,2.807017543859649,2.631578947368421,0.1050227807017543,16.31578947368421,CM/AM,94,25,77,62,90,36,25,49,34,41,32,29,71,91,78,29,90,56,59,46,28,66,24,50,50,49,90,27,79,84,31,56,38,51,42,50,55,44,48,32,79,60,67,90,94,21,69,48,90,29,25,38,27,33,27,25,52,88,67,21,83,46,46,35,25,58,24,50,50,49,90,27,79,84,31,56,38,51,33,35,52,31,29,21,67,48,46,83,Czech League
Slovácko,bp5x8iw8pstucx6s4iqht6xqf,aprzekzw2al3nf4dglv6eicb9,M. Havlík,Marek Havlík,31,Midfielder,Czechia,Midfielder,51.0,5.0,125.0,18.0,171.0,3.0,1.0,10.0,7.0,2.0,1.0,1.0,10.0,6.0,1.0,574.0,12.0,4.0,0.0,4.0,5.0,2.0,2.0,0.0,0.0,0.0,0.0,76.68,60.0,33.33,0.0,28.57,29.41,42.86,100.0,0.448949653368159,1.071619036688178,3.0,9.0,0.24306064,2.0,19.0,20.0,0.93731991,71.0,7.996515679442508,0.7839721254355401,19.5993031358885,2.822299651567944,26.811846689895468,0.470383275261324,0.156794425087108,1.56794425087108,1.097560975609756,0.313588850174216,0.156794425087108,0.156794425087108,1.56794425087108,0.940766550522648,0.156794425087108,1.881533101045296,0.627177700348432,0.0,0.627177700348432,0.7839721254355401,0.313588850174216,0.313588850174216,0.0,0.0,0.0,0.0,76.68,60.0,33.33,0.0,28.57,29.41,42.86,100.0,0.0703928027929169,0.1680238907699233,0.470383275261324,1.411149825783972,0.0381105533101045,0.313588850174216,2.979094076655052,3.1358885017421603,0.1469665364111498,11.132404181184668,CM/AM,61,72,85,98,77,54,69,74,43,27,5,3,12,80,23,60,28,4,59,75,49,43,24,50,50,49,31,80,79,4,53,8,60,94,35,77,55,58,60,32,89,79,77,71,35,58,71,94,52,42,60,62,31,12,4,4,4,60,19,38,12,4,38,60,38,31,24,50,50,49,31,80,79,4,53,8,60,94,25,71,42,40,35,17,77,60,69,50,Czech League
Slovácko,bp5x8iw8pstucx6s4iqht6xqf,bnlal8kbqu3a6vbh1zfb1zoyc,F. Horský,Filip Horsky,23,Attacker,Czechia,Striker,22.0,0.0,33.0,2.0,55.0,4.0,0.0,2.0,7.0,5.0,7.0,7.0,20.0,2.0,1.0,311.0,16.0,8.0,3.0,2.0,2.0,2.0,0.0,0.0,0.0,0.0,0.0,72.37,50.0,0.0,42.86,28.57,43.48,44.44,40.0,0.8639011346989638,0.1934885981356601,2.0,3.0,0.06640645,0.0,2.0,4.0,0.14234362,15.0,6.366559485530546,0.0,9.54983922829582,0.5787781350482315,15.916398713826366,1.157556270096463,0.0,0.5787781350482315,2.02572347266881,1.4469453376205788,2.02572347266881,2.02572347266881,5.787781350482315,0.5787781350482315,0.2893890675241157,4.630225080385852,2.315112540192926,0.8681672025723473,0.5787781350482315,0.5787781350482315,0.5787781350482315,0.0,0.0,0.0,0.0,0.0,72.37,50.0,0.0,42.86,28.57,43.48,44.44,40.0,0.2500035438035586,0.055993484991027,0.5787781350482315,0.8681672025723473,0.0192173006430868,0.0,0.5787781350482315,1.157556270096463,0.041192687459807,4.340836012861736,ST,72,26,44,57,60,37,34,29,30,30,41,34,55,22,54,35,78,54,49,57,34,13,15,51,51,49,59,62,26,61,37,68,56,34,39,32,48,49,37,13,37,54,34,46,83,26,61,68,71,44,34,37,41,39,49,49,63,32,61,54,88,61,59,66,41,13,15,51,51,49,59,62,26,61,37,68,56,34,54,44,56,51,37,13,41,56,39,54,Czech League
Slovácko,bp5x8iw8pstucx6s4iqht6xqf,d2ua4dqxer9zjh1ulsulmbz6x,P. Blahút,Patrik Blahút,28,Midfielder,Slovakia,Midfielder,33.0,2.0,58.0,5.0,89.0,0.0,0.0,4.0,4.0,2.0,8.0,8.0,6.0,4.0,2.0,376.0,6.0,3.0,2.0,1.0,2.0,1.0,2.0,0.0,0.0,0.0,0.0,85.58,71.43,22.22,25.0,25.0,25.0,0.0,100.0,0.2688752589828375,0.2835482143632443,2.0,6.0,0.1923396,2.0,4.0,7.0,0.2645548499999999,39.0,7.898936170212766,0.4787234042553191,13.882978723404255,1.1968085106382975,21.3031914893617,0.0,0.0,0.9574468085106382,0.9574468085106382,0.4787234042553191,1.9148936170212765,1.9148936170212765,1.4361702127659577,0.9574468085106382,0.4787234042553191,1.4361702127659577,0.7180851063829787,0.4787234042553191,0.2393617021276595,0.4787234042553191,0.2393617021276595,0.4787234042553191,0.0,0.0,0.0,0.0,85.58,71.43,22.22,25.0,25.0,25.0,0.0,100.0,0.0643584396501472,0.0678705832252446,0.4787234042553191,1.4361702127659577,0.0460387340425531,0.4787234042553191,0.9574468085106382,1.675531914893617,0.0633242992021276,9.335106382978722,CM/AM,42,40,31,52,38,9,25,33,22,27,51,45,5,62,44,22,22,30,9,32,28,43,24,50,50,49,94,96,46,16,45,4,10,94,23,25,43,38,42,32,10,22,21,32,33,42,40,56,35,9,25,29,19,29,54,52,2,62,42,29,19,31,6,29,29,50,24,50,50,49,94,96,46,16,45,4,10,94,17,23,44,42,56,35,12,15,23,38,Czech League
Sparta Praha,5ocdn3a6s75u0d0dy0rbou0xc,2we6yk2a54d89zp0kx0bs6u50,A. Ševínský,Adam Sevínsky,22,Defender,Czechia,Defender,167.0,0.0,74.0,14.0,241.0,6.0,0.0,0.0,2.0,2.0,1.0,1.0,9.0,14.0,2.0,277.0,2.0,1.0,1.0,0.0,0.0,2.0,0.0,0.0,0.0,0.0,0.0,91.98,63.64,0.0,100.0,100.0,50.0,54.55,0.0,0.3237722652758838,0.0,0.0,8.0,0.15759847,3.0,19.0,20.0,0.51222989,172.0,54.25992779783393,0.0,24.043321299638983,4.548736462093863,78.30324909747291,1.9494584837545128,0.0,0.0,0.6498194945848376,0.6498194945848376,0.3249097472924188,0.3249097472924188,2.9241877256317688,4.548736462093863,0.6498194945848376,0.6498194945848376,0.3249097472924188,0.3249097472924188,0.0,0.0,0.6498194945848376,0.0,0.0,0.0,0.0,0.0,91.98,63.64,0.0,100.0,100.0,50.0,54.55,0.0,0.1051967648910813,0.0,0.0,2.5992779783393503,0.0512052790613718,0.9747292418772564,6.1732851985559565,6.498194945848375,0.1664284841155234,55.88447653429603,CB,60,27,53,50,58,26,41,7,38,49,33,33,9,28,14,19,7,51,4,25,80,31,36,46,51,51,88,88,27,91,97,24,43,4,50,7,29,92,83,83,61,59,56,67,100,27,94,94,100,52,41,7,54,65,46,46,12,40,21,38,15,69,4,25,100,31,36,46,51,51,88,88,27,91,97,24,43,4,69,7,29,98,98,90,96,94,96,100,Czech League
Sparta Praha,5ocdn3a6s75u0d0dy0rbou0xc,3uwnuj4kbsjiy88i1jrkzwqqy,J. Mercado,John Mercado,24,Attacker,Ecuador,Striker,52.0,2.0,99.0,7.0,149.0,7.0,1.0,6.0,18.0,13.0,40.0,43.0,49.0,11.0,5.0,613.0,40.0,5.0,27.0,7.0,5.0,9.0,6.0,3.0,0.0,0.0,0.0,78.42,50.0,6.9,67.5,50.0,54.44,46.67,70.0,1.6640736045148925,0.7607303089492147,9.0,24.0,0.6536869199999998,12.0,10.0,12.0,0.91889295,49.0,7.6345840130505715,0.2936378466557912,14.535073409461663,1.0277324632952691,21.876019575856443,1.0277324632952691,0.1468189233278956,0.8809135399673736,2.6427406199021206,1.9086460032626429,5.872756933115824,6.313213703099511,7.194127243066885,1.6150081566068517,0.734094616639478,5.872756933115824,0.734094616639478,3.964110929853181,1.0277324632952691,0.734094616639478,1.3213703099510603,0.8809135399673736,0.4404567699836868,0.0,0.0,0.0,78.42,50.0,6.9,67.5,50.0,54.44,46.67,70.0,0.2443174949532468,0.111689604902821,1.3213703099510603,3.5236541598694946,0.0959736097879282,1.7618270799347473,1.468189233278956,1.7618270799347473,0.1349108735725938,7.194127243066885,ST,98,78,98,98,100,62,80,70,93,83,100,100,100,98,99,100,44,100,99,93,96,95,84,51,51,49,80,62,51,95,82,98,60,76,78,93,100,98,98,100,94,90,93,98,93,66,90,90,93,39,68,51,68,59,100,100,95,90,93,88,20,100,85,78,90,78,71,51,51,49,80,62,51,95,82,98,60,76,51,73,93,93,90,98,83,78,88,90,Czech League
Sparta Praha,5ocdn3a6s75u0d0dy0rbou0xc,447xbdl414dk1mbi68hr37ris,H. Sochůrek,Hugo Sochurek,18,Midfielder,Czechia,Midfielder,41.0,0.0,76.0,5.0,117.0,2.0,0.0,4.0,1.0,1.0,10.0,10.0,20.0,2.0,2.0,313.0,4.0,9.0,4.0,4.0,0.0,1.0,0.0,0.0,0.0,0.0,0.0,90.7,100.0,0.0,40.0,100.0,50.0,28.57,80.0,0.0828988798664031,0.3005417966919137,1.0,14.0,0.3797362599999999,9.0,6.0,9.0,0.4209310499999999,42.0,11.789137380191692,0.0,21.85303514376997,1.437699680511182,33.64217252396166,0.5750798722044729,0.0,1.1501597444089458,0.2875399361022364,0.2875399361022364,2.8753993610223643,2.8753993610223643,5.7507987220447285,0.5750798722044729,0.5750798722044729,1.1501597444089458,2.587859424920128,1.1501597444089458,1.1501597444089458,0.0,0.2875399361022364,0.0,0.0,0.0,0.0,0.0,90.7,100.0,0.0,40.0,100.0,50.0,28.57,80.0,0.0238367386197325,0.0864177690168442,0.2875399361022364,4.02555910543131,0.1091893399361022,2.587859424920128,1.7252396166134183,2.587859424920128,0.1210344872204472,12.07667731629393,DM/CM,21,23,39,20,30,29,36,42,8,36,89,88,44,6,23,39,80,77,35,6,45,9,39,48,52,52,97,98,23,33,100,36,18,91,9,45,23,89,94,95,21,24,36,24,24,23,70,27,61,42,36,73,12,39,100,100,82,9,21,58,91,100,58,6,55,9,39,48,52,52,97,98,23,33,100,36,18,91,12,64,33,100,100,100,27,33,58,27,Czech League
Sparta Praha,5ocdn3a6s75u0d0dy0rbou0xc,58dyik26pd4vb9biime1mw2y1,J. Braut Brunes,Jonatan Braut Brunes,26,Attacker,Norway,Striker,19.0,0.0,44.0,0.0,63.0,4.0,1.0,8.0,18.0,17.0,5.0,6.0,18.0,6.0,0.0,529.0,34.0,9.0,4.0,0.0,1.0,4.0,7.0,1.0,0.0,0.0,0.0,87.5,0.0,0.0,80.0,22.22,46.15,50.0,0.0,2.037368589872092,0.420945590286769,1.0,2.0,0.04950342,2.0,4.0,0.0,0.2470040699999999,14.0,3.2325141776937616,0.0,7.485822306238185,0.0,10.718336483931946,0.6805293005671077,0.1701323251417769,1.3610586011342154,3.062381852551985,2.892249527410208,0.8506616257088846,1.0207939508506616,3.062381852551985,1.0207939508506616,0.0,5.784499054820415,1.5311909262759924,0.6805293005671077,0.0,0.1701323251417769,0.6805293005671077,1.1909262759924384,0.1701323251417769,0.0,0.0,0.0,87.5,0.0,0.0,80.0,22.22,46.15,50.0,0.0,0.3466222553657623,0.0716164520336657,0.1701323251417769,0.3402646502835538,0.0084221319470699,0.3402646502835538,0.6805293005671077,0.0,0.0420233767485822,2.3818525519848768,ST,63,26,72,15,68,37,80,90,93,95,26,28,44,79,21,93,89,68,11,32,61,99,48,51,51,49,100,15,26,98,28,76,73,11,88,68,27,32,27,61,57,4,56,40,37,26,37,15,37,24,78,80,80,88,20,20,15,61,21,80,61,51,11,22,54,90,32,51,51,49,100,15,26,98,28,76,73,11,80,54,22,24,24,46,51,4,41,10,Czech League
Sparta Praha,5ocdn3a6s75u0d0dy0rbou0xc,6ajl37s0de73x36nhufcoejje,M. Ryneš,Matej Rynes,25,Defender,Czechia,Defender,98.0,5.0,137.0,7.0,230.0,4.0,1.0,6.0,4.0,0.0,4.0,4.0,17.0,6.0,4.0,429.0,9.0,4.0,2.0,6.0,4.0,2.0,1.0,1.0,0.0,0.0,0.0,87.12,31.82,19.23,50.0,50.0,53.12,80.0,85.71,0.2824882793295414,0.6366447874166664,3.0,9.0,0.19357762,3.0,34.0,35.0,1.2646066099999995,123.0,20.55944055944056,1.048951048951049,28.74125874125874,1.4685314685314683,48.25174825174825,0.8391608391608392,0.2097902097902098,1.2587412587412588,0.8391608391608392,0.0,0.8391608391608392,0.8391608391608392,3.5664335664335667,1.2587412587412588,0.8391608391608392,1.888111888111888,0.8391608391608392,0.4195804195804196,1.2587412587412588,0.8391608391608392,0.4195804195804196,0.2097902097902098,0.2097902097902098,0.0,0.0,0.0,87.12,31.82,19.23,50.0,50.0,53.12,80.0,85.71,0.0592632753838198,0.1335618435139859,0.6293706293706294,1.888111888111888,0.0406106895104895,0.6293706293706294,7.132867132867133,7.3426573426573425,0.2653020860139859,25.804195804195803,LB/LCB,65,78,100,35,85,22,85,72,65,10,32,28,25,28,42,82,52,55,48,92,85,62,85,50,52,52,85,35,35,78,80,50,88,80,55,70,98,80,65,60,100,100,95,90,75,80,100,40,90,25,80,65,80,10,35,30,25,25,45,80,50,65,65,90,95,75,90,50,52,52,85,35,35,78,80,50,88,80,40,65,100,75,75,60,100,100,95,85,Czech League
Sparta Praha,5ocdn3a6s75u0d0dy0rbou0xc,7clxo8giuja0f0hw9jbto3mjt,L. Mbe Soh,Loïc Mbe Soh,25,Defender,France,Defender,119.0,0.0,94.0,9.0,213.0,6.0,0.0,2.0,4.0,2.0,0.0,0.0,16.0,10.0,2.0,263.0,4.0,3.0,0.0,5.0,2.0,0.0,3.0,0.0,0.0,0.0,0.0,93.01,64.29,0.0,0.0,0.0,76.19,60.0,71.43,0.3291139398447637,0.0507536053861244,1.0,6.0,0.12060809,3.0,22.0,19.0,0.3700291899999998,158.0,40.72243346007605,0.0,32.16730038022814,3.0798479087452475,72.88973384030419,2.0532319391634983,0.0,0.6844106463878328,1.3688212927756656,0.6844106463878328,0.0,0.0,5.475285171102662,3.422053231939164,0.6844106463878328,1.3688212927756656,1.0266159695817492,0.0,1.711026615969582,0.6844106463878328,0.0,1.0266159695817492,0.0,0.0,0.0,0.0,93.01,64.29,0.0,0.0,0.0,76.19,60.0,71.43,0.1126245421522005,0.0173681539344151,0.3422053231939164,2.0532319391634983,0.0412727304182509,1.0266159695817492,7.52851711026616,6.501901140684411,0.126625958555133,54.06844106463878,CB,48,27,73,33,54,26,41,43,65,49,11,11,22,18,14,41,20,20,56,90,21,95,36,46,51,51,98,93,27,20,21,100,64,73,52,19,72,78,75,83,71,55,40,60,90,27,100,60,96,56,41,79,92,71,11,11,62,23,25,65,54,20,90,96,21,100,36,46,51,51,98,93,27,20,21,100,64,73,75,29,88,96,90,96,100,96,88,98,Czech League
Sparta Praha,5ocdn3a6s75u0d0dy0rbou0xc,7twrnp7os9wbiqsnwcbz9ju8l,J. Zelený,Jaroslav Zeleny,34,Defender,Czechia,Defender,149.0,3.0,78.0,17.0,224.0,8.0,1.0,3.0,2.0,2.0,5.0,5.0,22.0,4.0,2.0,339.0,8.0,7.0,3.0,2.0,0.0,0.0,0.0,0.0,0.0,0.0,0.0,88.19,65.38,100.0,60.0,0.0,68.75,61.54,50.0,0.2346961582073308,0.3624749995499349,0.0,8.0,0.2240909199999999,5.0,22.0,23.0,0.6029804800000005,117.0,39.55752212389381,0.7964601769911505,20.70796460176992,4.513274336283186,59.469026548672566,2.1238938053097347,0.2654867256637168,0.7964601769911505,0.5309734513274337,0.5309734513274337,1.327433628318584,1.327433628318584,5.84070796460177,1.0619469026548674,0.5309734513274337,2.1238938053097347,1.8584070796460177,0.7964601769911505,0.5309734513274337,0.0,0.0,0.0,0.0,0.0,0.0,0.0,88.19,65.38,100.0,60.0,0.0,68.75,61.54,50.0,0.0623087145683179,0.0962323007654694,0.0,2.1238938053097347,0.0594931646017698,1.327433628318584,5.84070796460177,6.106194690265487,0.1600833132743364,31.061946902654867,LB/LCB,85,60,60,88,75,72,85,40,20,52,50,40,52,12,18,68,75,78,8,15,22,22,38,50,52,52,90,95,98,90,22,100,55,10,35,55,18,75,80,80,80,75,55,85,100,60,90,100,100,90,85,60,40,85,70,65,85,10,30,95,80,90,15,15,22,22,38,50,52,52,90,95,98,90,22,100,55,10,45,60,18,90,90,100,95,95,75,100,Czech League
Sparta Praha,5ocdn3a6s75u0d0dy0rbou0xc,8m5qqvo8ubfywp7esr9agf5nu,A. Karabec,Adam Karabec,23,Midfielder,Czechia,Midfielder,60.0,12.0,158.0,7.0,206.0,3.0,1.0,26.0,20.0,9.0,23.0,23.0,36.0,2.0,1.0,640.0,31.0,16.0,14.0,2.0,11.0,9.0,7.0,3.0,0.0,0.0,0.0,84.43,58.33,21.43,60.87,45.0,54.55,42.86,66.67,1.3828021140575006,2.618934756058374,7.0,29.0,0.9638246099999996,11.0,14.0,30.0,1.8605971599999989,86.0,8.4375,1.6875,22.21875,0.984375,28.96875,0.421875,0.140625,3.65625,2.8125,1.265625,3.234375,3.234375,5.0625,0.28125,0.140625,4.359375,2.25,1.96875,0.28125,1.546875,1.265625,0.984375,0.421875,0.0,0.0,0.0,84.43,58.33,21.43,60.87,45.0,54.55,42.86,66.67,0.194456547289336,0.3682877000707089,0.984375,4.078125,0.1355378357812499,1.546875,1.96875,4.21875,0.2616464756249999,12.09375,CM/AM,73,99,96,73,88,54,69,100,100,91,98,98,92,28,23,99,93,98,26,98,100,99,92,50,50,49,83,75,41,73,77,79,60,51,94,100,96,100,100,99,69,94,100,85,38,94,80,42,60,35,56,98,96,71,83,75,62,15,17,90,77,90,8,96,100,90,88,50,50,49,83,75,41,73,77,79,60,51,71,98,85,98,98,94,38,81,94,52,Czech League
Sparta Praha,5ocdn3a6s75u0d0dy0rbou0xc,9l89pnte9uhyc8jnads2lintg,T. Guddal,Tobias Guddal,24,Defender,Norway,Defender,291.0,0.0,161.0,23.0,452.0,13.0,0.0,4.0,7.0,6.0,8.0,8.0,35.0,32.0,7.0,540.0,11.0,9.0,6.0,6.0,1.0,1.0,1.0,1.0,0.0,0.0,0.0,92.62,63.89,0.0,75.0,14.29,66.04,61.9,75.0,0.8856782463986211,0.3020880802147808,1.0,19.0,0.3752029600000001,4.0,35.0,40.0,0.7343506000000004,311.0,48.5,0.0,26.83333333333333,3.8333333333333335,75.33333333333333,2.1666666666666665,0.0,0.6666666666666666,1.1666666666666667,1.0,1.3333333333333333,1.3333333333333333,5.833333333333333,5.333333333333333,1.1666666666666667,1.8333333333333333,1.5,1.0,1.0,0.1666666666666666,0.1666666666666666,0.1666666666666666,0.1666666666666666,0.0,0.0,0.0,92.62,63.89,0.0,75.0,14.29,66.04,61.9,75.0,0.1476130410664368,0.0503480133691301,0.1666666666666666,3.1666666666666665,0.0625338266666666,0.6666666666666666,5.833333333333333,6.666666666666667,0.1223917666666667,51.833333333333336,CB,96,27,98,77,98,67,41,78,88,88,95,94,69,54,60,79,80,98,66,67,53,73,84,46,51,51,96,90,27,74,42,85,67,85,90,73,72,100,100,90,93,94,81,98,96,27,98,83,98,58,41,70,88,94,94,92,71,50,60,81,83,96,61,68,50,79,81,46,51,51,96,90,27,74,42,85,67,85,90,71,74,100,100,83,94,98,81,96,Czech League
Sparta Praha,5ocdn3a6s75u0d0dy0rbou0xc,9z5py8a1jpdx5zl7a47sd34es,M. Suchomel,Martin Suchomel,24,Defender,Czechia,Defender,58.0,2.0,91.0,2.0,147.0,3.0,1.0,4.0,2.0,1.0,4.0,5.0,18.0,8.0,10.0,423.0,5.0,6.0,2.0,4.0,1.0,1.0,0.0,0.0,0.0,0.0,0.0,83.52,22.22,22.22,50.0,50.0,38.3,37.5,57.14,0.1420445764768008,0.3536083142741256,1.0,6.0,0.16081972,1.0,21.0,21.0,0.48479888,68.0,12.340425531914892,0.425531914893617,19.361702127659573,0.425531914893617,31.27659574468085,0.6382978723404255,0.2127659574468085,0.851063829787234,0.425531914893617,0.2127659574468085,0.851063829787234,1.0638297872340423,3.829787234042553,1.702127659574468,2.127659574468085,1.0638297872340423,1.276595744680851,0.425531914893617,0.851063829787234,0.2127659574468085,0.2127659574468085,0.0,0.0,0.0,0.0,0.0,83.52,22.22,22.22,50.0,50.0,38.3,37.5,57.14,0.0302222503142129,0.0752358115476863,0.2127659574468085,1.276595744680851,0.0342169617021276,0.2127659574468085,4.468085106382978,4.468085106382978,0.1031486978723404,14.468085106382976,CB,15,85,71,5,33,17,89,78,38,31,75,82,28,14,82,54,62,71,44,67,53,31,36,46,51,51,42,4,68,56,84,12,10,50,29,83,72,78,85,45,66,64,48,23,15,88,88,6,29,10,90,94,38,27,79,85,31,10,90,52,71,77,52,73,54,31,36,46,51,51,42,4,68,56,84,12,10,50,29,92,77,85,85,44,88,77,67,21,Czech League
Sparta Praha,5ocdn3a6s75u0d0dy0rbou0xc,a0c7uephm9jijirsv7ho3hjze,J. Alcócer,Josimar Alcócer,22,Attacker,Costa Rica,Striker,32.0,6.0,111.0,3.0,137.0,3.0,1.0,8.0,12.0,8.0,32.0,35.0,29.0,6.0,0.0,554.0,36.0,7.0,12.0,2.0,4.0,6.0,2.0,4.0,0.0,0.0,0.0,83.54,75.0,30.0,37.5,50.0,38.16,30.0,28.57,1.1257599078523504,0.8125559824438637,8.0,31.0,1.0115487599999995,11.0,2.0,15.0,1.2088094800000002,40.0,5.1985559566787005,0.9747292418772564,18.03249097472924,0.4873646209386281,22.25631768953069,0.4873646209386281,0.1624548736462094,1.2996389891696751,1.9494584837545128,1.2996389891696751,5.1985559566787005,5.6859205776173285,4.711191335740072,0.9747292418772564,0.0,5.8483754512635375,1.1371841155234657,1.9494584837545128,0.3249097472924188,0.6498194945848376,0.9747292418772564,0.3249097472924188,0.6498194945848376,0.0,0.0,0.0,83.54,75.0,30.0,37.5,50.0,38.16,30.0,28.57,0.1828851835861218,0.1320036794583894,1.2996389891696751,5.036101083032491,0.1643310259927796,1.787003610108303,0.3249097472924188,2.436823104693141,0.1963769913357401,6.498194945848375,ST,88,96,100,77,98,24,80,90,62,54,98,98,85,79,21,96,67,98,49,85,82,51,98,51,51,49,95,90,73,46,82,37,24,22,51,95,96,100,100,98,37,95,98,90,71,95,95,59,98,15,76,78,39,29,98,98,51,59,21,83,49,98,32,73,68,44,93,51,51,49,95,90,73,46,82,37,24,22,27,85,90,100,100,100,15,88,95,80,Czech League
Sparta Praha,5ocdn3a6s75u0d0dy0rbou0xc,eim006d42cbiap5op1a5qyd3p,R. Macek,Roman Macek,29,Midfielder,Czechia,Midfielder,243.0,3.0,249.0,31.0,489.0,8.0,0.0,7.0,3.0,1.0,5.0,5.0,35.0,4.0,6.0,605.0,1.0,11.0,3.0,10.0,2.0,1.0,1.0,0.0,0.0,0.0,0.0,89.89,63.27,10.34,60.0,33.33,58.33,80.0,76.92,0.1940518220393172,0.5648074645722909,2.0,18.0,0.3647525300000001,4.0,58.0,54.0,1.2066629199999992,280.0,36.14876033057851,0.4462809917355372,37.04132231404959,4.6115702479338845,72.74380165289256,1.1900826446280992,0.0,1.0413223140495869,0.4462809917355372,0.1487603305785124,0.743801652892562,0.743801652892562,5.206611570247934,0.5950413223140496,0.8925619834710744,0.1487603305785124,1.6363636363636362,0.4462809917355372,1.487603305785124,0.2975206611570248,0.1487603305785124,0.1487603305785124,0.0,0.0,0.0,0.0,89.89,63.27,10.34,60.0,33.33,58.33,80.0,76.92,0.0288672131959314,0.0840209451429854,0.2975206611570248,2.677685950413223,0.0542607069421487,0.5950413223140496,8.62809917355372,8.033057851239668,0.1795035748760329,41.65289256198347,DM/CM,97,80,98,97,97,86,36,77,29,36,61,56,86,29,61,9,88,55,89,33,45,29,39,48,52,52,94,91,45,61,70,71,97,85,30,79,45,97,91,55,100,94,88,97,97,79,97,100,100,79,36,55,18,30,52,48,64,12,52,6,76,48,70,30,36,24,39,48,52,52,94,91,45,61,70,71,97,85,18,61,39,91,88,48,100,97,82,100,Czech League
Sparta Praha,5ocdn3a6s75u0d0dy0rbou0xc,jykf7m9lffcn8ezf8fcouv3d,A. Irving,Andy Irving,26,Midfielder,Scotland,Midfielder,95.0,1.0,169.0,11.0,263.0,2.0,1.0,6.0,6.0,0.0,7.0,7.0,16.0,6.0,3.0,399.0,4.0,5.0,4.0,1.0,6.0,3.0,1.0,2.0,0.0,0.0,0.0,91.32,57.89,12.5,57.14,50.0,50.0,50.0,20.0,0.4193523145122902,0.5495769676409056,4.0,13.0,0.3147532699999999,9.0,33.0,30.0,1.04948383,168.0,21.428571428571427,0.225563909774436,38.1203007518797,2.481203007518797,59.32330827067669,0.4511278195488721,0.225563909774436,1.3533834586466165,1.3533834586466165,0.0,1.5789473684210529,1.5789473684210529,3.609022556390977,1.3533834586466165,0.6766917293233082,0.9022556390977444,1.1278195488721805,0.9022556390977444,0.225563909774436,1.3533834586466165,0.6766917293233082,0.225563909774436,0.4511278195488721,0.0,0.0,0.0,91.32,57.89,12.5,57.14,50.0,50.0,50.0,20.0,0.0945907476343511,0.1239647295430614,0.9022556390977444,2.932330827067669,0.0709969781954887,2.0300751879699246,7.443609022556391,6.7669172932330826,0.2367256759398496,37.89473684210526,DM/CM,59,53,85,61,73,29,83,64,59,14,77,77,27,42,35,39,38,77,8,76,80,29,94,48,52,52,100,82,52,55,88,36,58,6,48,73,73,83,85,95,79,79,79,82,79,55,100,82,94,36,91,85,67,14,82,82,24,42,33,48,52,91,9,88,91,33,100,48,52,52,100,82,52,55,88,36,58,6,61,88,82,94,94,97,97,88,97,94,Czech League
Bohemians 1905,bqcrqg0367eqzrt4vjb5apu6g,2gfrz7llszxg2i8ij1jqm8dlh,V. Pilař,Václav Pilar,37,Midfielder,Czechia,Midfielder,9.0,4.0,38.0,2.0,43.0,2.0,0.0,3.0,8.0,4.0,12.0,12.0,24.0,1.0,2.0,261.0,15.0,9.0,9.0,0.0,4.0,0.0,1.0,0.0,0.0,0.0,0.0,74.14,40.0,28.57,75.0,0.0,57.14,20.0,0.0,0.7951677297936879,0.396806653966266,5.0,10.0,0.2790369699999999,4.0,6.0,6.0,0.44439017,20.0,3.103448275862069,1.3793103448275863,13.10344827586207,0.6896551724137931,14.827586206896552,0.6896551724137931,0.0,1.0344827586206895,2.7586206896551726,1.3793103448275863,4.137931034482759,4.137931034482759,8.275862068965518,0.3448275862068966,0.6896551724137931,5.172413793103448,3.103448275862069,3.103448275862069,0.0,1.3793103448275863,0.0,0.3448275862068966,0.0,0.0,0.0,0.0,74.14,40.0,28.57,75.0,0.0,57.14,20.0,0.0,0.2741957688943751,0.1368298806780227,1.7241379310344829,3.4482758620689657,0.0962196448275861,1.3793103448275863,2.0689655172413794,2.0689655172413794,0.1532379896551724,6.896551724137932,CM/AM,2,65,16,16,8,36,25,24,51,53,82,78,62,12,44,72,67,91,3,61,11,28,24,50,50,49,25,41,64,90,11,85,27,3,56,40,80,70,75,61,31,14,46,10,2,83,33,29,15,60,25,34,92,75,98,98,100,19,60,98,90,99,3,90,11,35,24,50,50,49,25,41,64,90,11,85,27,3,88,60,98,90,90,81,42,25,71,21,Czech League
Bohemians 1905,bqcrqg0367eqzrt4vjb5apu6g,4fj38zg3ize5yen3u5hli56hg,P. Mirvald,Petr Mirvald,23,Defender,Czechia,Defender,16.0,3.0,47.0,5.0,60.0,2.0,0.0,2.0,4.0,3.0,4.0,4.0,13.0,14.0,3.0,392.0,6.0,4.0,1.0,2.0,1.0,2.0,0.0,1.0,0.0,0.0,0.0,71.43,45.45,75.0,25.0,50.0,33.33,40.0,33.33,0.8000707067150059,0.2399329714617346,0.0,2.0,0.0452365,2.0,7.0,8.0,0.31740127,29.0,3.673469387755103,0.6887755102040817,10.790816326530614,1.1479591836734695,13.775510204081634,0.4591836734693878,0.0,0.4591836734693878,0.9183673469387756,0.6887755102040817,0.9183673469387756,0.9183673469387756,2.984693877551021,3.2142857142857144,0.6887755102040817,1.3775510204081634,0.9183673469387756,0.2295918367346939,0.4591836734693878,0.2295918367346939,0.4591836734693878,0.0,0.2295918367346939,0.0,0.0,0.0,71.43,45.45,75.0,25.0,50.0,33.33,40.0,33.33,0.1836897030723228,0.0550866516111125,0.0,0.4591836734693878,0.0103859311224489,0.4591836734693878,1.6071428571428572,1.8367346938775515,0.0728727405612245,6.658163265306123,CB,2,93,30,12,4,7,41,43,65,65,75,73,14,28,23,58,32,51,24,67,80,31,84,46,51,51,6,43,96,41,84,5,14,9,83,62,29,41,40,69,20,24,38,6,2,96,38,17,2,6,41,54,73,73,81,79,15,21,27,67,43,60,25,75,94,31,88,46,51,51,6,43,96,41,84,5,14,9,96,77,29,44,46,75,25,15,40,6,Czech League
Bohemians 1905,bqcrqg0367eqzrt4vjb5apu6g,5ox853udgbhtmp40d1cgbx1ih,V. Smrž,Vojtech Smrz,29,Midfielder,Czechia,Midfielder,67.0,2.0,66.0,8.0,131.0,3.0,1.0,6.0,9.0,3.0,9.0,9.0,21.0,3.0,7.0,477.0,9.0,4.0,5.0,8.0,6.0,2.0,4.0,0.0,0.0,0.0,0.0,76.61,32.0,28.57,55.56,22.22,51.22,60.0,88.89,0.7024867648857176,0.6013357436725515,4.0,4.0,0.12673676,2.0,13.0,13.0,0.46046309,52.0,12.641509433962264,0.3773584905660377,12.452830188679243,1.509433962264151,24.71698113207547,0.5660377358490566,0.1886792452830188,1.1320754716981132,1.69811320754717,0.5660377358490566,1.69811320754717,1.69811320754717,3.962264150943396,0.5660377358490566,1.3207547169811322,1.69811320754717,0.7547169811320755,0.9433962264150944,1.509433962264151,1.1320754716981132,0.3773584905660377,0.7547169811320755,0.0,0.0,0.0,0.0,76.61,32.0,28.57,55.56,22.22,51.22,60.0,88.89,0.1325446726199467,0.1134595742778399,0.7547169811320755,0.7547169811320755,0.023912596226415,0.3773584905660377,2.452830188679245,2.452830188679245,0.0868798283018868,9.81132075471698,CM/AM,83,40,46,77,65,54,69,49,60,41,62,57,52,46,97,44,28,69,92,84,49,86,24,50,50,49,29,25,64,64,38,67,83,85,50,56,67,21,21,32,59,48,50,53,79,31,23,69,48,54,71,40,56,38,44,42,31,31,98,35,21,65,88,88,40,79,24,50,50,49,29,25,64,64,38,67,83,85,50,44,67,19,21,23,58,44,40,42,Czech League
Bohemians 1905,bqcrqg0367eqzrt4vjb5apu6g,61vqg8nghobdb5fhr6kbmnyll,J. Matoušek,Jan Matousek,28,Attacker,Czechia,Striker,6.0,1.0,34.0,2.0,39.0,3.0,0.0,5.0,12.0,7.0,15.0,16.0,16.0,0.0,1.0,440.0,23.0,4.0,5.0,2.0,5.0,2.0,3.0,0.0,0.0,0.0,0.0,72.22,40.0,16.67,33.33,16.67,32.0,33.33,50.0,1.9935383736046504,0.3422937387715008,3.0,4.0,0.09144761,3.0,3.0,6.0,0.1442747,21.0,1.227272727272727,0.2045454545454545,6.954545454545454,0.409090909090909,7.977272727272727,0.6136363636363635,0.0,1.0227272727272727,2.454545454545454,1.4318181818181817,3.068181818181818,3.2727272727272725,3.2727272727272725,0.0,0.2045454545454545,4.704545454545454,0.8181818181818181,1.0227272727272727,0.409090909090909,1.0227272727272727,0.409090909090909,0.6136363636363635,0.0,0.0,0.0,0.0,72.22,40.0,16.67,33.33,16.67,32.0,33.33,50.0,0.4077692127827693,0.0700146283850797,0.6136363636363635,0.8181818181818181,0.0187051929545454,0.6136363636363635,0.6136363636363635,1.227272727272727,0.029510734090909,4.295454545454545,ST,7,57,46,57,33,24,34,61,62,44,85,88,30,5,54,65,28,78,49,93,34,70,15,51,51,49,54,52,59,35,20,16,33,46,85,56,67,56,49,72,49,68,37,60,5,54,32,54,15,17,34,57,59,37,76,80,17,5,49,59,24,71,44,93,22,59,15,51,51,49,54,52,59,35,20,16,33,46,93,49,61,46,34,66,44,63,29,51,Czech League
Bohemians 1905,bqcrqg0367eqzrt4vjb5apu6g,6za3yitvynb3riv1l8y4qup5h,M. Havel,Milan Havel,32,Defender,Czechia,Defender,99.0,6.0,82.0,11.0,175.0,8.0,2.0,7.0,0.0,0.0,7.0,7.0,23.0,27.0,4.0,580.0,7.0,2.0,2.0,6.0,0.0,0.0,0.0,0.0,0.0,0.0,0.0,82.55,44.0,30.0,28.57,0.0,54.76,72.73,54.55,0.0,1.0100378394443044,0.0,7.0,0.19443007,1.0,12.0,19.0,1.29061886,103.0,15.36206896551724,0.9310344827586208,12.724137931034482,1.706896551724138,27.155172413793103,1.2413793103448276,0.3103448275862069,1.0862068965517242,0.0,0.0,1.0862068965517242,1.0862068965517242,3.568965517241379,4.189655172413793,0.6206896551724138,1.0862068965517242,0.3103448275862069,0.3103448275862069,0.9310344827586208,0.0,0.0,0.0,0.0,0.0,0.0,0.0,82.55,44.0,30.0,28.57,0.0,54.76,72.73,54.55,0.0,0.1567300095689437,0.0,1.0862068965517242,0.030170183275862,0.1551724137931034,1.862068965517241,2.9482758620689653,0.2002684437931034,15.982758620689657,CB,42,100,60,44,44,39,99,100,7,11,91,91,44,42,32,64,14,71,66,25,21,31,36,46,51,51,35,40,74,44,21,35,85,46,8,100,29,86,92,45,45,55,100,44,19,100,48,29,19,29,98,100,7,11,90,88,27,27,15,54,12,67,54,25,21,31,36,46,51,51,35,40,74,44,21,35,85,46,8,100,29,81,81,33,35,54,100,23,Czech League
Bohemians 1905,bqcrqg0367eqzrt4vjb5apu6g,8d66eij88wfg6nal7s9xe5vjd,L. Almási,Ladislav Almási,27,Attacker,Slovakia,Striker,12.0,1.0,31.0,0.0,42.0,28.0,0.0,2.0,18.0,18.0,8.0,9.0,39.0,8.0,0.0,589.0,25.0,8.0,4.0,0.0,0.0,7.0,2.0,3.0,0.0,0.0,0.0,48.28,0.0,33.33,50.0,38.89,44.32,50.91,0.0,2.2603439104867245,0.1390173900751528,0.0,0.0,0.0,0.0,0.0,2.0,0.08689937,11.0,1.833616298811545,0.1528013582342954,4.736842105263158,0.0,6.417657045840407,4.278438030560272,0.0,0.3056027164685908,2.7504244482173177,2.7504244482173177,1.222410865874363,1.3752122241086588,5.959252971137522,1.222410865874363,0.0,3.8200339558573857,1.222410865874363,0.6112054329371817,0.0,0.0,1.069609507640068,0.3056027164685908,0.4584040747028862,0.0,0.0,0.0,48.28,0.0,33.33,50.0,38.89,44.32,50.91,0.0,0.3453836195989901,0.0212420460216702,0.0,0.0,0.0,0.0,0.0,0.3056027164685908,0.0132783417657045,1.6808149405772497,ST,35,57,40,15,39,98,34,29,93,99,57,62,93,87,21,72,78,68,11,10,89,51,84,51,51,49,2,15,82,76,67,71,80,11,95,24,10,7,7,13,2,23,22,21,12,51,7,15,7,95,34,10,73,85,29,37,68,73,21,29,51,44,11,10,71,41,78,51,51,49,2,15,82,76,67,71,80,11,78,17,10,7,7,13,2,12,7,2,Czech League
Bohemians 1905,bqcrqg0367eqzrt4vjb5apu6g,9ixkbogcqd6mpwu74jz7su99m,D. Javorček,Dominik Javorcek,23,Defender,Slovakia,Defender,29.0,4.0,70.0,6.0,95.0,2.0,0.0,7.0,2.0,2.0,4.0,4.0,18.0,9.0,5.0,406.0,9.0,5.0,1.0,9.0,0.0,0.0,0.0,0.0,0.0,0.0,0.0,78.51,40.0,20.0,25.0,0.0,52.94,66.67,90.0,0.2502985889042443,0.6867077318570506,0.0,6.0,0.1626683,3.0,6.0,8.0,0.44308743,37.0,6.428571428571429,0.8866995073891626,15.517241379310343,1.3300492610837438,21.05911330049261,0.4433497536945813,0.0,1.5517241379310345,0.4433497536945813,0.4433497536945813,0.8866995073891626,0.8866995073891626,3.990147783251232,1.995073891625616,1.1083743842364533,1.995073891625616,1.1083743842364533,0.2216748768472906,1.995073891625616,0.0,0.0,0.0,0.0,0.0,0.0,0.0,78.51,40.0,20.0,25.0,0.0,52.94,66.67,90.0,0.0554849088703989,0.1522258518894939,0.0,1.3300492610837438,0.0360594753694581,0.6650246305418719,1.3300492610837438,1.7733990147783252,0.0982213514778325,8.201970443349754,LB/LCB,15,68,45,28,15,10,38,82,20,52,32,28,30,40,55,82,62,30,85,15,22,22,38,50,52,52,45,62,42,32,22,45,75,90,40,80,18,60,60,60,20,15,35,15,15,65,65,35,30,15,38,80,20,65,42,38,40,50,75,85,65,30,85,15,22,22,38,50,52,52,45,62,42,32,22,45,75,90,35,85,18,65,60,65,20,15,45,20,Czech League
Bohemians 1905,bqcrqg0367eqzrt4vjb5apu6g,adgdnh26ntaid4lweet3z0mi1,R. Květ,Roman Kvet,28,Midfielder,Czechia,Midfielder,56.0,8.0,131.0,12.0,179.0,3.0,1.0,12.0,10.0,4.0,7.0,8.0,25.0,8.0,6.0,532.0,10.0,12.0,3.0,5.0,6.0,7.0,3.0,1.0,0.0,0.0,0.0,77.49,60.0,36.36,42.86,70.0,46.3,50.0,62.5,1.186514534512805,1.1738290071494053,3.0,9.0,0.19997693,5.0,13.0,23.0,0.99942125,81.0,9.473684210526317,1.3533834586466165,22.161654135338345,2.0300751879699246,30.28195488721804,0.5075187969924811,0.169172932330827,2.0300751879699246,1.6917293233082706,0.6766917293233082,1.1842105263157894,1.3533834586466165,4.2293233082706765,1.3533834586466165,1.0150375939849623,1.6917293233082706,2.0300751879699246,0.5075187969924811,0.8458646616541353,1.0150375939849623,1.1842105263157894,0.5075187969924811,0.169172932330827,0.0,0.0,0.0,77.49,60.0,36.36,42.86,70.0,46.3,50.0,62.5,0.2007261430566775,0.1985800951944482,0.5075187969924811,1.5225563909774436,0.0338306836466165,0.8458646616541353,2.199248120300752,3.8909774436090223,0.1690750234962406,13.703007518796992,CM/AM,69,89,92,86,81,54,69,84,71,53,42,45,65,86,91,48,83,43,71,84,95,66,64,50,50,49,33,80,88,41,96,42,70,42,90,88,55,58,46,71,59,85,83,83,48,79,77,79,67,48,65,81,52,44,35,38,35,83,85,33,71,35,58,77,94,54,58,50,50,49,33,80,88,41,96,42,70,42,73,77,50,46,27,60,52,71,77,65,Czech League
Bohemians 1905,bqcrqg0367eqzrt4vjb5apu6g,babj40orc5toqwgircd8vmyac,M. Kadlec,Matej Kadlec,24,Defender,Czechia,Defender,101.0,2.0,83.0,15.0,182.0,11.0,0.0,3.0,3.0,2.0,6.0,6.0,28.0,20.0,3.0,526.0,2.0,2.0,3.0,8.0,1.0,1.0,1.0,0.0,0.0,0.0,0.0,72.8,28.3,18.18,50.0,33.33,66.67,64.71,66.67,0.2514390165878915,0.2958670927394745,1.0,5.0,0.12789486,5.0,19.0,20.0,0.5995924199999998,103.0,17.281368821292777,0.3422053231939164,14.20152091254753,2.5665399239543727,31.14068441064639,1.88212927756654,0.0,0.5133079847908746,0.5133079847908746,0.3422053231939164,1.0266159695817492,1.0266159695817492,4.790874524714829,3.422053231939164,0.5133079847908746,0.3422053231939164,0.3422053231939164,0.5133079847908746,1.3688212927756656,0.1711026615969582,0.1711026615969582,0.1711026615969582,0.0,0.0,0.0,0.0,72.8,28.3,18.18,50.0,33.33,66.67,64.71,66.67,0.0430218849675099,0.0506236470466781,0.1711026615969582,0.855513307984791,0.0218831509505703,0.855513307984791,3.250950570342205,3.422053231939164,0.1025918589353611,17.623574144486692,LB/LCB,70,50,70,72,70,85,38,40,42,52,62,55,75,75,30,8,15,78,75,40,60,62,38,50,52,52,20,25,30,78,68,90,70,25,45,50,57,50,50,80,68,62,50,78,65,55,55,75,60,75,38,35,35,35,55,50,55,75,25,5,10,80,75,40,60,60,38,50,52,52,20,25,30,78,68,90,70,25,25,50,60,45,45,80,70,60,55,75,Czech League
Bohemians 1905,bqcrqg0367eqzrt4vjb5apu6g,bzx67izp5novcgm1zupcbieqc,P. Kareem,Peter Kareem,23,Defender,Nigeria,Defender,59.0,4.0,44.0,12.0,99.0,5.0,0.0,3.0,0.0,0.0,2.0,2.0,15.0,14.0,5.0,293.0,2.0,3.0,2.0,5.0,0.0,0.0,0.0,0.0,0.0,0.0,0.0,79.2,42.86,50.0,100.0,0.0,51.72,55.56,100.0,0.0,0.2689548832288111,0.0,5.0,0.14490912,1.0,12.0,14.0,0.6494074599999999,57.0,18.12286689419795,1.2286689419795225,13.515358361774744,3.686006825938567,30.40955631399317,1.5358361774744027,0.0,0.9215017064846416,0.0,0.0,0.6143344709897611,0.6143344709897611,4.607508532423208,4.300341296928328,1.5358361774744027,0.6143344709897611,0.9215017064846416,0.6143344709897611,1.5358361774744027,0.0,0.0,0.0,0.0,0.0,0.0,0.0,79.2,42.86,50.0,100.0,0.0,51.72,55.56,100.0,0.0,0.0826141279542423,0.0,1.5358361774744027,0.0445113337883959,0.3071672354948805,3.686006825938567,4.300341296928328,0.1994766941979522,17.50853242320819,RB/RCB,35,88,15,58,23,38,46,58,12,15,27,27,19,23,50,27,38,54,27,27,31,35,46,50,54,54,69,62,85,96,31,38,58,96,12,54,31,62,62,27,31,31,38,31,62,100,54,77,46,54,46,77,12,15,54,54,31,54,85,38,46,77,77,27,31,35,46,50,54,54,69,62,85,96,31,38,58,96,12,77,31,92,92,46,77,62,92,54,Czech League
Bohemians 1905,bqcrqg0367eqzrt4vjb5apu6g,dlhk63jxjq2lylne8g928b9hx,A. Čermák,Ales Cermák,31,Midfielder,Czechia,Midfielder,61.0,2.0,129.0,10.0,188.0,0.0,0.0,4.0,4.0,4.0,6.0,6.0,20.0,2.0,5.0,448.0,12.0,8.0,4.0,2.0,0.0,2.0,2.0,2.0,0.0,0.0,0.0,83.56,50.0,12.5,66.67,50.0,40.0,0.0,25.0,0.1654132867080328,0.3707882523774438,1.0,8.0,0.1909441499999999,5.0,24.0,28.0,0.5810364299999999,92.0,12.254464285714285,0.4017857142857143,25.91517857142857,2.008928571428571,37.76785714285714,0.0,0.0,0.8035714285714286,0.8035714285714286,0.8035714285714286,1.2053571428571428,1.2053571428571428,4.017857142857142,0.4017857142857143,1.0044642857142856,2.4107142857142856,1.6071428571428572,0.8035714285714286,0.4017857142857143,0.0,0.4017857142857143,0.4017857142857143,0.4017857142857143,0.0,0.0,0.0,83.56,50.0,12.5,66.67,50.0,40.0,0.0,25.0,0.0332303477761673,0.0744887114151114,0.2008928571428571,1.6071428571428572,0.0383593158482142,1.0044642857142856,4.821428571428571,5.625,0.1167260685267857,18.482142857142858,CM/AM,75,40,90,81,85,9,25,33,22,53,32,29,47,28,84,60,57,56,26,7,49,43,83,50,50,49,71,54,24,84,83,19,10,7,12,35,25,50,40,71,94,90,65,88,71,35,94,77,92,9,25,27,14,55,38,31,33,25,83,52,56,52,20,7,42,42,84,50,50,49,71,54,24,84,83,19,10,7,8,29,17,50,38,71,92,88,52,88,Czech League
Bohemians 1905,bqcrqg0367eqzrt4vjb5apu6g,dy7cb7p6w222cxynpyu6jx1ih,B. Sakala,Benson Sakala,30,Midfielder,Zambia,Midfielder,24.0,1.0,30.0,2.0,53.0,4.0,0.0,1.0,3.0,0.0,1.0,1.0,15.0,5.0,2.0,269.0,0.0,2.0,0.0,6.0,3.0,0.0,1.0,0.0,0.0,0.0,0.0,72.6,25.0,50.0,0.0,0.0,60.0,57.14,66.67,0.1752835252721152,0.0378382097972754,2.0,4.0,0.08601991,2.0,6.0,5.0,0.1529741399999999,24.0,8.029739776951672,0.3345724907063197,10.03717472118959,0.6691449814126395,17.732342007434944,1.338289962825279,0.0,0.3345724907063197,1.003717472118959,0.0,0.3345724907063197,0.3345724907063197,5.018587360594795,1.6728624535315986,0.6691449814126395,0.0,0.6691449814126395,0.0,2.007434944237918,1.003717472118959,0.0,0.3345724907063197,0.0,0.0,0.0,0.0,72.6,25.0,50.0,0.0,0.0,60.0,57.14,66.67,0.0586450456300757,0.0126596240957427,0.6691449814126395,1.338289962825279,0.0287798955390334,0.6691449814126395,2.007434944237918,1.6728624535315986,0.0511809390334572,8.029739776951672,DM/CM,3,53,15,3,3,56,36,18,29,14,12,12,20,36,23,3,11,8,59,48,17,29,39,48,52,52,9,3,95,8,17,76,76,58,24,18,45,27,24,36,21,12,15,9,6,61,12,3,6,88,36,24,48,14,12,12,61,58,27,3,21,8,94,79,17,42,39,48,52,52,9,3,95,8,17,76,76,58,39,21,67,48,42,52,30,12,21,9,Czech League
Bohemians 1905,bqcrqg0367eqzrt4vjb5apu6g,qu18vd74g7279me6z0lcxmnd,D. Lischka,David Lischka,29,Defender,Czechia,Defender,197.0,1.0,74.0,15.0,270.0,20.0,0.0,2.0,10.0,10.0,1.0,1.0,31.0,42.0,13.0,540.0,14.0,7.0,1.0,2.0,0.0,2.0,3.0,0.0,0.0,0.0,0.0,90.3,65.22,100.0,100.0,20.0,63.27,71.43,66.67,1.2513117267971865,0.1793714748650371,0.0,1.0,0.0199707,1.0,8.0,12.0,0.6926730599999998,179.0,32.833333333333336,0.1666666666666666,12.333333333333334,2.5,45.0,3.333333333333333,0.0,0.3333333333333333,1.6666666666666667,1.6666666666666667,0.1666666666666666,0.1666666666666666,5.166666666666667,7.0,2.1666666666666665,2.333333333333333,1.1666666666666667,0.1666666666666666,0.3333333333333333,0.0,0.3333333333333333,0.5,0.0,0.0,0.0,0.0,90.3,65.22,100.0,100.0,20.0,63.27,71.43,66.67,0.2085519544661977,0.0298952458108395,0.0,0.1666666666666666,0.00332845,0.1666666666666666,1.3333333333333333,2.0,0.1154455099999999,29.83333333333333,CB,69,68,53,53,65,84,41,43,95,100,33,33,59,81,94,88,70,51,24,25,80,95,36,46,51,51,75,96,99,91,51,77,83,61,98,46,29,28,24,45,26,38,75,71,71,68,44,48,67,92,41,40,94,98,33,33,52,94,92,96,58,58,15,25,80,90,36,46,51,51,75,96,99,91,51,77,83,61,98,44,29,25,23,38,12,27,77,77,Czech League
Baník Ostrava,dfvvrv84skv23rsn1k6kt4slc,3y1hr2kxzhzcmv1dllixjbo5w,A. Musák,Artúr Musák,20,Midfielder,Slovakia,Midfielder,25.0,4.0,78.0,3.0,99.0,0.0,1.0,5.0,7.0,1.0,8.0,9.0,11.0,1.0,2.0,228.0,2.0,2.0,5.0,2.0,6.0,2.0,3.0,0.0,0.0,0.0,0.0,85.34,60.0,30.77,62.5,28.57,44.0,0.0,50.0,0.4469029331446892,0.5228062273811729,6.0,17.0,0.36051256,8.0,17.0,15.0,0.5250404700000002,48.0,9.86842105263158,1.5789473684210529,30.789473684210527,1.1842105263157896,39.078947368421055,0.0,0.3947368421052631,1.973684210526316,2.763157894736842,0.3947368421052631,3.1578947368421053,3.5526315789473686,4.342105263157895,0.3947368421052631,0.7894736842105263,0.7894736842105263,0.7894736842105263,1.973684210526316,0.7894736842105263,2.368421052631579,0.7894736842105263,1.1842105263157896,0.0,0.0,0.0,0.0,85.34,60.0,30.77,62.5,28.57,44.0,0.0,50.0,0.1764090525571141,0.2063708792294103,2.368421052631579,6.710526315789474,0.1423075894736842,3.1578947368421053,6.710526315789474,5.921052631578948,0.2072528171052632,18.94736842105264,CM/AM,27,65,58,30,42,9,69,40,43,15,51,57,17,12,44,6,15,69,26,84,49,66,24,50,50,49,92,80,74,77,53,38,10,24,33,52,92,95,88,94,83,60,58,46,52,90,98,54,94,9,85,77,94,24,81,83,45,23,74,5,25,92,53,100,71,98,24,50,50,49,92,80,74,77,53,38,10,24,65,79,100,100,100,100,100,94,88,92,Czech League
Baník Ostrava,dfvvrv84skv23rsn1k6kt4slc,428kqbonea29aiv0drqpqh2hh,V. Jurečka,Václav Jurecka,32,Attacker,Czechia,Striker,17.0,0.0,44.0,5.0,61.0,3.0,0.0,2.0,6.0,5.0,8.0,8.0,14.0,5.0,0.0,428.0,15.0,4.0,2.0,3.0,1.0,3.0,0.0,1.0,0.0,0.0,0.0,79.22,62.5,0.0,25.0,50.0,30.43,42.86,60.0,0.7929453860461861,0.1405804816355953,1.0,6.0,0.20008823,3.0,6.0,10.0,0.2299425399999999,26.0,3.574766355140187,0.0,9.25233644859813,1.0514018691588785,12.82710280373832,0.6308411214953271,0.0,0.4205607476635514,1.2616822429906542,1.0514018691588785,1.6822429906542056,1.6822429906542056,2.94392523364486,1.0514018691588785,0.0,3.154205607476636,0.8411214953271028,0.4205607476635514,0.6308411214953271,0.2102803738317757,0.6308411214953271,0.0,0.2102803738317757,0.0,0.0,0.0,79.22,62.5,0.0,25.0,50.0,30.43,42.86,60.0,0.1667408522059737,0.029561316231784,0.2102803738317757,1.2616822429906542,0.0420746278037383,0.6308411214953271,1.2616822429906542,2.102803738317757,0.048352403271028,5.4672897196261685,ST,57,26,72,93,66,24,34,29,21,30,57,46,20,74,21,30,28,35,70,32,51,13,48,51,51,49,85,73,26,27,82,12,51,60,34,27,27,66,68,72,72,79,49,71,44,26,56,93,46,22,34,24,7,20,44,41,10,63,21,20,29,34,61,27,46,13,39,51,51,49,85,73,26,27,82,12,51,60,22,20,24,71,66,73,68,85,46,68,Czech League
Baník Ostrava,dfvvrv84skv23rsn1k6kt4slc,4ydkw53jymlk7i5mhmse8akgk,R. Nogha,Roan Nogha,22,Midfielder,Cameroon,Midfielder,140.0,0.0,80.0,11.0,220.0,10.0,1.0,2.0,2.0,0.0,4.0,4.0,28.0,18.0,8.0,664.0,3.0,6.0,4.0,6.0,2.0,0.0,1.0,0.0,0.0,0.0,0.0,82.09,32.35,0.0,100.0,0.0,58.33,58.82,75.0,0.1315177680836217,0.2243478412719692,2.0,3.0,0.05617798,2.0,15.0,14.0,0.5141817699999998,135.0,18.97590361445783,0.0,10.843373493975903,1.4909638554216866,29.81927710843373,1.355421686746988,0.1355421686746988,0.2710843373493976,0.2710843373493976,0.0,0.5421686746987951,0.5421686746987951,3.795180722891566,2.439759036144578,1.0843373493975903,0.4066265060240963,0.8132530120481927,0.5421686746987951,0.8132530120481927,0.2710843373493976,0.0,0.1355421686746988,0.0,0.0,0.0,0.0,82.09,32.35,0.0,100.0,0.0,58.33,58.82,75.0,0.0178262035053101,0.0304085929434898,0.2710843373493976,0.4066265060240963,0.0076144852409638,0.2710843373493976,2.033132530120482,1.897590361445783,0.0696933121987951,18.29819277108433,DM/CM,82,23,45,61,67,94,83,27,15,14,41,39,68,94,83,27,53,77,59,33,17,29,39,48,52,52,48,24,23,95,17,71,80,79,12,33,45,17,12,36,48,36,42,73,67,23,24,36,45,91,79,18,9,14,27,27,30,91,67,18,27,64,36,21,17,21,39,48,52,52,48,24,23,95,17,71,80,79,9,27,27,12,9,24,33,21,30,61,Czech League
Baník Ostrava,dfvvrv84skv23rsn1k6kt4slc,5t9iyv0nltknsabsxcjehqr4l,V. Sinyavskiy,Vlasiy Sinyavskiy,29,Defender,Estonia,Defender,19.0,0.0,65.0,5.0,84.0,5.0,0.0,3.0,4.0,2.0,11.0,11.0,24.0,4.0,2.0,407.0,8.0,2.0,7.0,8.0,2.0,0.0,1.0,0.0,0.0,0.0,0.0,74.34,45.45,0.0,63.64,0.0,51.06,50.0,80.0,0.3403479611073363,0.1779938292817205,1.0,10.0,0.30041776,5.0,10.0,17.0,0.2973073499999999,42.0,4.201474201474202,0.0,14.373464373464374,1.1056511056511056,18.57493857493857,1.1056511056511056,0.0,0.6633906633906634,0.8845208845208845,0.4422604422604422,2.4324324324324325,2.4324324324324325,5.307125307125308,0.8845208845208845,0.4422604422604422,1.769041769041769,0.4422604422604422,1.547911547911548,1.769041769041769,0.4422604422604422,0.0,0.2211302211302211,0.0,0.0,0.0,0.0,74.34,45.45,0.0,63.64,0.0,51.06,50.0,80.0,0.0752612199008851,0.0393598148288816,0.2211302211302211,2.211302211302211,0.0664314457002457,1.1056511056511056,2.211302211302211,3.7592137592137593,0.06574364004914,9.287469287469287,LB/LCB,5,10,30,20,10,38,38,40,65,52,90,90,65,12,18,68,15,95,75,65,22,62,38,50,52,52,25,70,10,100,22,40,40,70,65,25,57,85,90,80,30,48,15,25,5,10,60,25,15,50,38,50,85,60,95,90,75,5,20,75,25,100,80,75,22,80,38,50,52,52,25,70,10,100,22,40,40,70,85,40,80,95,100,90,40,65,15,30,Czech League
Baník Ostrava,dfvvrv84skv23rsn1k6kt4slc,5te1lqnohevdbo6yqbha4pc7o,A. Traoré,Aboubacar Traoré,22,Midfielder,Côte d'Ivoire,Midfielder,73.0,2.0,124.0,13.0,195.0,4.0,0.0,6.0,4.0,1.0,7.0,9.0,21.0,5.0,2.0,469.0,5.0,6.0,5.0,4.0,3.0,1.0,2.0,0.0,0.0,0.0,0.0,87.05,61.9,40.0,71.43,25.0,53.85,50.0,66.67,0.3230756486953077,0.5142749588481633,1.0,13.0,0.29936988,4.0,23.0,12.0,0.6761909599999999,121.0,14.008528784648188,0.3837953091684435,23.79530916844349,2.4946695095948828,37.42004264392324,0.767590618336887,0.0,1.1513859275053304,0.767590618336887,0.1918976545842217,1.343283582089552,1.7270788912579955,4.029850746268656,0.9594882729211088,0.3837953091684435,0.9594882729211088,1.1513859275053304,0.9594882729211088,0.767590618336887,0.5756929637526652,0.1918976545842217,0.3837953091684435,0.0,0.0,0.0,0.0,87.05,61.9,40.0,71.43,25.0,53.85,50.0,66.67,0.0619974592379055,0.0986881584143597,0.1918976545842217,2.4946695095948828,0.0574483778251599,0.767590618336887,4.4136460554371,2.302771855010661,0.1297594592750532,23.21961620469083,RM/RCM,88,62,94,88,100,75,31,69,50,38,38,38,62,19,50,44,69,75,50,56,38,75,38,56,56,56,100,100,100,100,38,100,88,75,50,62,25,62,62,38,100,38,88,100,75,62,100,88,100,62,31,62,38,38,38,38,50,12,50,50,75,75,50,38,25,75,38,56,56,56,100,100,100,100,38,100,88,75,50,62,25,75,50,38,88,50,62,100,Czech League
Baník Ostrava,dfvvrv84skv23rsn1k6kt4slc,5wgwd67f9n3qshemsag55cjdg,D. Gilbert,Dantaye Gilbert,21,Midfielder,Trinidad and Tobago,Midfielder,27.0,3.0,64.0,2.0,88.0,8.0,0.0,2.0,12.0,9.0,10.0,13.0,15.0,2.0,2.0,315.0,12.0,1.0,3.0,1.0,3.0,3.0,2.0,0.0,0.0,0.0,0.0,81.48,40.0,60.0,30.0,25.0,51.72,72.73,25.0,1.0959170087806385,0.1176974326314274,5.0,8.0,0.2197218999999999,3.0,1.0,4.0,0.2869085199999999,28.0,7.714285714285714,0.8571428571428571,18.285714285714285,0.5714285714285714,25.142857142857142,2.2857142857142856,0.0,0.5714285714285714,3.4285714285714284,2.571428571428572,2.857142857142857,3.7142857142857135,4.285714285714286,0.5714285714285714,0.5714285714285714,3.4285714285714284,0.2857142857142857,0.8571428571428571,0.2857142857142857,0.8571428571428571,0.8571428571428571,0.5714285714285714,0.0,0.0,0.0,0.0,81.48,40.0,60.0,30.0,25.0,51.72,72.73,25.0,0.3131191453658967,0.0336278378946935,1.4285714285714286,2.2857142857142856,0.0627776857142856,0.8571428571428571,0.2857142857142857,1.1428571428571428,0.0819738628571428,8.0,CM/AM,31,54,44,16,35,96,25,14,81,91,72,83,31,28,44,60,6,43,9,46,69,43,24,50,50,49,62,41,96,20,45,69,94,7,83,10,80,50,56,51,4,7,25,25,29,62,67,23,50,98,25,15,98,98,77,85,42,35,50,75,6,60,10,67,81,65,24,50,50,49,62,41,96,20,45,69,94,7,96,10,90,73,73,65,4,8,33,27,Czech League
Baník Ostrava,dfvvrv84skv23rsn1k6kt4slc,7i50ep9riukrbrm9iywvy5nv8,A. Gning,Abdallah Gning,27,Attacker,Senegal,Striker,8.0,0.0,23.0,0.0,31.0,7.0,0.0,4.0,4.0,4.0,7.0,8.0,19.0,4.0,2.0,301.0,14.0,6.0,1.0,5.0,0.0,1.0,0.0,0.0,0.0,0.0,0.0,59.62,0.0,0.0,14.29,25.0,46.34,46.67,100.0,0.4201292459854967,0.2316195057319777,0.0,1.0,0.02385149,1.0,1.0,0.0,0.0818603199999999,8.0,2.39202657807309,0.0,6.877076411960132,0.0,9.269102990033222,2.093023255813953,0.0,1.196013289036545,1.196013289036545,1.196013289036545,2.093023255813953,2.39202657807309,5.681063122923588,1.196013289036545,0.5980066445182725,4.186046511627906,1.7940199335548173,0.2990033222591362,1.495016611295681,0.0,0.2990033222591362,0.0,0.0,0.0,0.0,0.0,59.62,0.0,0.0,14.29,25.0,46.34,46.67,100.0,0.1256200403278893,0.0692550017138803,0.0,0.2990033222591362,0.0071316747508305,0.2990033222591362,0.2990033222591362,0.0,0.0244765076411959,2.39202657807309,ST,17,26,23,15,17,62,34,51,10,22,41,46,48,61,78,27,55,18,90,10,15,13,15,51,51,49,17,15,26,15,33,78,60,95,10,44,10,17,15,40,16,4,17,9,24,26,27,15,24,66,34,66,5,27,56,59,61,71,88,41,71,22,98,10,12,13,15,51,51,49,17,15,26,15,33,78,60,95,7,46,10,20,20,44,12,4,27,12,Czech League
Baník Ostrava,dfvvrv84skv23rsn1k6kt4slc,8utfqkk9niq1xvdhsw0f4awut,M. Chaluš,Matej Chalus,28,Defender,Czechia,Defender,91.0,0.0,38.0,5.0,129.0,3.0,0.0,1.0,1.0,1.0,0.0,0.0,8.0,30.0,2.0,289.0,1.0,4.0,0.0,0.0,0.0,1.0,0.0,1.0,0.0,0.0,0.0,90.85,35.71,0.0,0.0,100.0,38.1,30.0,0.0,0.1298325519050603,0.0350592771577454,0.0,0.0,0.0,0.0,9.0,7.0,0.19718506,84.0,28.33910034602076,0.0,11.833910034602075,1.5570934256055362,40.173010380622834,0.9342560553633218,0.0,0.3114186851211072,0.3114186851211072,0.3114186851211072,0.0,0.0,2.491349480968858,9.342560553633218,0.6228373702422145,0.3114186851211072,1.245674740484429,0.0,0.0,0.0,0.3114186851211072,0.0,0.3114186851211072,0.0,0.0,0.0,90.85,35.71,0.0,0.0,100.0,38.1,30.0,0.0,0.0404322826001917,0.0109181139937615,0.0,0.0,0.0,0.0,2.8027681660899653,2.179930795847751,0.0614071121107266,26.159169550173008,CB,35,27,17,12,25,17,41,23,22,31,11,11,6,49,14,8,32,20,4,25,53,31,84,46,51,51,79,12,27,20,97,10,8,4,27,15,29,10,10,16,31,16,8,35,60,27,40,27,56,19,41,33,29,38,11,11,6,100,17,10,60,20,4,25,75,31,98,46,51,51,79,12,27,20,97,10,8,4,40,17,29,10,10,16,52,35,25,67,Czech League
Baník Ostrava,dfvvrv84skv23rsn1k6kt4slc,9udih61a8rpolajfiwzfu0bmd,D. Holzer,Daniel Holzer,31,Midfielder,Czechia,Midfielder,26.0,6.0,55.0,0.0,75.0,4.0,0.0,7.0,5.0,3.0,3.0,4.0,15.0,5.0,6.0,323.0,11.0,2.0,1.0,3.0,2.0,1.0,1.0,0.0,0.0,0.0,0.0,68.18,0.0,28.57,33.33,20.0,51.72,57.14,37.5,0.4214325872912208,0.8866632962754794,1.0,5.0,0.16134041,5.0,10.0,7.0,0.9447182899999998,28.0,7.244582043343653,1.671826625386997,15.325077399380804,0.0,20.89783281733746,1.1145510835913313,0.0,1.9504643962848296,1.393188854489164,0.8359133126934984,0.8359133126934984,1.1145510835913313,4.179566563467492,1.393188854489164,1.671826625386997,3.065015479876161,0.5572755417956656,0.2786377708978328,0.8359133126934984,0.5572755417956656,0.2786377708978328,0.2786377708978328,0.0,0.0,0.0,0.0,68.18,0.0,28.57,33.33,20.0,51.72,57.14,37.5,0.1174270367065321,0.2470578844111242,0.2786377708978328,1.393188854489164,0.0449555321981424,1.393188854489164,2.786377708978328,1.9504643962848296,0.2632341984520123,7.801857585139318,LM/LCM,20,40,20,20,20,50,30,40,20,20,20,20,20,40,80,30,20,20,20,20,30,20,40,60,60,60,20,20,70,40,60,80,100,20,20,80,20,20,20,40,60,40,60,20,40,80,60,20,40,80,30,80,60,60,40,40,40,40,100,60,20,20,60,20,40,20,40,60,60,60,20,20,70,40,60,80,100,20,60,100,20,40,60,80,100,40,80,40,Czech League
Baník Ostrava,dfvvrv84skv23rsn1k6kt4slc,9vw2oyy2bom3l943iptf61v6c,A. Bewene,Abdullahi Bewene,21,Midfielder,Nigeria,Midfielder,64.0,2.0,124.0,7.0,186.0,3.0,0.0,6.0,9.0,4.0,21.0,22.0,50.0,9.0,8.0,674.0,24.0,13.0,9.0,14.0,5.0,2.0,4.0,0.0,0.0,0.0,0.0,78.81,30.43,10.0,42.86,22.22,53.76,33.33,56.0,0.5971385685535319,0.6289217868730592,6.0,18.0,0.62282382,7.0,11.0,13.0,0.6667142799999999,78.0,8.5459940652819,0.2670623145400593,16.55786350148368,0.9347181008902076,24.83679525222552,0.400593471810089,0.0,0.8011869436201781,1.2017804154302671,0.5341246290801187,2.804154302670624,2.9376854599406528,6.676557863501484,1.2017804154302671,1.0682492581602374,3.204747774480712,1.735905044510386,1.2017804154302671,1.869436201780416,0.6676557863501483,0.2670623145400593,0.5341246290801187,0.0,0.0,0.0,0.0,78.81,30.43,10.0,42.86,22.22,53.76,33.33,56.0,0.079736604109522,0.0839806540334945,0.8011869436201781,2.4035608308605343,0.0831663854599406,0.9347181008902076,1.4688427299703264,1.735905044510386,0.0890271293768545,10.415430267062314,RM/RCM,75,62,94,62,88,50,31,69,81,75,100,100,100,56,100,100,100,100,100,94,62,100,38,56,56,56,62,50,25,75,25,88,38,62,62,75,100,88,88,100,38,50,75,75,38,44,62,62,50,25,31,25,62,62,88,88,100,25,75,75,100,88,88,62,56,88,38,56,56,56,62,50,25,75,25,88,38,62,62,50,69,62,75,75,38,38,50,38,Czech League
Baník Ostrava,dfvvrv84skv23rsn1k6kt4slc,bowlrae6ezghypthbq6zao55g,V. Škrkoň,Vít Skrkon,18,Attacker,Czechia,Striker,13.0,1.0,29.0,3.0,41.0,4.0,0.0,3.0,11.0,9.0,15.0,15.0,17.0,4.0,2.0,378.0,13.0,6.0,5.0,1.0,2.0,2.0,2.0,1.0,0.0,0.0,0.0,70.69,75.0,50.0,33.33,18.18,26.98,40.0,50.0,1.3503392765092042,0.3537878107593523,4.0,3.0,0.08792541,2.0,3.0,4.0,0.3775578300000001,11.0,3.095238095238095,0.238095238095238,6.904761904761904,0.7142857142857143,9.76190476190476,0.9523809523809524,0.0,0.7142857142857143,2.619047619047619,2.142857142857143,3.571428571428571,3.571428571428571,4.047619047619048,0.9523809523809524,0.4761904761904761,3.095238095238095,1.4285714285714286,1.1904761904761905,0.238095238095238,0.4761904761904761,0.4761904761904761,0.4761904761904761,0.238095238095238,0.0,0.0,0.0,70.69,75.0,50.0,33.33,18.18,26.98,40.0,50.0,0.3215093515498105,0.084235193037941,0.9523809523809524,0.7142857142857143,0.0209346214285714,0.4761904761904761,0.7142857142857143,0.9523809523809524,0.0898947214285714,2.619047619047619,ST,43,57,32,77,37,37,34,44,51,61,85,82,38,61,78,23,55,78,28,57,34,51,48,51,51,49,49,90,94,35,22,5,43,46,59,63,80,49,44,61,49,54,73,21,29,61,29,76,32,37,34,41,66,68,93,90,37,54,78,15,59,76,27,56,32,51,46,51,51,49,49,90,94,35,22,5,43,46,71,59,80,39,41,61,56,49,73,20,Czech League
Baník Ostrava,dfvvrv84skv23rsn1k6kt4slc,cen47oljunpmotfb2bgomqfbo,D. Planka,David Planka,21,Midfielder,Czechia,Midfielder,25.0,4.0,56.0,2.0,77.0,0.0,0.0,7.0,1.0,0.0,8.0,8.0,5.0,3.0,0.0,213.0,2.0,1.0,1.0,2.0,1.0,0.0,0.0,0.0,1.0,0.0,0.0,83.7,40.0,28.57,12.5,0.0,21.74,0.0,66.67,0.0629349977908757,0.6505954470306857,1.0,7.0,0.19758388,2.0,6.0,8.0,0.39917818,43.0,10.56338028169014,1.6901408450704225,23.66197183098592,0.8450704225352113,32.53521126760563,0.0,0.0,2.9577464788732395,0.4225352112676056,0.0,3.380281690140845,3.380281690140845,2.112676056338028,1.267605633802817,0.0,0.8450704225352113,0.4225352112676056,0.4225352112676056,0.8450704225352113,0.4225352112676056,0.0,0.0,0.0,0.4225352112676056,0.0,0.0,83.7,40.0,28.57,12.5,0.0,21.74,0.0,66.67,0.0265922525876939,0.2748994846608531,0.4225352112676056,2.9577464788732395,0.0834861464788732,0.8450704225352113,2.535211267605634,3.380281690140845,0.1686668366197183,18.16901408450704,CM/AM,27,65,29,16,24,9,25,58,6,5,51,45,2,46,7,6,6,17,26,20,11,10,24,100,50,49,76,41,64,8,11,2,10,51,4,60,25,44,44,32,31,29,40,39,60,96,85,38,79,9,25,92,8,5,85,79,6,81,7,8,8,29,56,27,11,10,24,100,50,49,76,41,64,8,11,2,10,51,6,90,35,85,79,58,62,65,75,85,Czech League
Baník Ostrava,dfvvrv84skv23rsn1k6kt4slc,cu414j6tqk82k4yc7rzd4rysp,F. Kubala,Filip Kubala,27,Attacker,Czechia,Striker,25.0,0.0,62.0,4.0,87.0,6.0,1.0,5.0,13.0,10.0,11.0,11.0,24.0,3.0,2.0,353.0,23.0,8.0,6.0,2.0,3.0,1.0,3.0,0.0,0.0,0.0,0.0,79.09,80.0,0.0,54.55,7.69,52.17,54.55,50.0,1.383013572424786,0.2785056621278906,2.0,9.0,0.27132154,4.0,12.0,11.0,0.2807075399999999,37.0,6.373937677053824,0.0,15.807365439093486,1.019830028328612,22.18130311614731,1.529745042492918,0.254957507082153,1.274787535410765,3.314447592067989,2.54957507082153,2.8045325779036827,2.8045325779036827,6.118980169971672,0.764872521246459,0.509915014164306,5.864022662889519,2.039660056657224,1.529745042492918,0.509915014164306,0.764872521246459,0.254957507082153,0.764872521246459,0.0,0.0,0.0,0.0,79.09,80.0,0.0,54.55,7.69,52.17,54.55,50.0,0.352609692686206,0.0710071093243913,0.509915014164306,2.294617563739377,0.0691754634560906,1.019830028328612,3.059490084985836,2.8045325779036827,0.0715684946175637,9.43342776203966,ST,79,26,80,87,78,55,80,61,72,70,77,76,72,40,78,65,78,84,49,76,15,70,15,51,51,49,83,96,26,88,10,93,90,46,61,49,48,79,73,80,98,87,59,83,85,26,93,85,95,59,87,72,88,80,73,68,76,45,85,85,80,88,51,83,10,71,15,51,51,49,83,96,26,88,10,93,90,46,85,51,50,82,83,80,98,90,59,98,Czech League
Baník Ostrava,dfvvrv84skv23rsn1k6kt4slc,ea0xgdodlgctaxvwy5zd8gpgp,J. Boula,Jirí Boula,27,Midfielder,Czechia,Midfielder,48.0,6.0,97.0,5.0,139.0,5.0,1.0,6.0,3.0,1.0,3.0,3.0,17.0,7.0,1.0,391.0,3.0,2.0,3.0,3.0,2.0,1.0,2.0,0.0,0.0,0.0,0.0,79.43,31.25,42.86,100.0,33.33,73.91,83.33,42.86,0.1898491452867568,0.5026330331510278,1.0,7.0,0.16382389,2.0,22.0,20.0,0.64050801,69.0,11.048593350383632,1.381074168797954,22.32736572890025,1.1508951406649617,31.994884910485936,1.1508951406649617,0.2301790281329923,1.381074168797954,0.690537084398977,0.2301790281329923,0.690537084398977,0.690537084398977,3.91304347826087,1.6112531969309465,0.2301790281329923,0.690537084398977,0.4603580562659847,0.690537084398977,0.690537084398977,0.4603580562659847,0.2301790281329923,0.4603580562659847,0.0,0.0,0.0,0.0,79.43,31.25,42.86,100.0,33.33,73.91,83.33,42.86,0.0436992917539849,0.1156955830782417,0.2301790281329923,1.6112531969309465,0.0377088237851662,0.4603580562659847,5.063938618925832,4.603580562659847,0.1474315112531969,15.882352941176473,DM/CM,27,88,59,20,45,67,83,64,29,36,27,27,32,52,12,27,11,55,21,33,45,53,39,48,52,52,36,21,91,95,70,97,100,23,27,61,23,53,55,36,73,53,55,39,15,91,73,15,55,76,94,88,33,36,42,42,39,55,15,30,12,73,30,42,52,73,39,48,52,52,36,21,91,95,70,97,100,23,27,82,24,61,61,39,79,73,73,55,Czech League
Baník Ostrava,dfvvrv84skv23rsn1k6kt4slc,eiivgqzqs34z74wjdprc4apzo,Y. Skyba,Yevhenii Skyba,23,Defender,Ukraine,Defender,145.0,3.0,148.0,22.0,290.0,15.0,0.0,2.0,2.0,2.0,9.0,11.0,43.0,30.0,9.0,565.0,4.0,6.0,5.0,9.0,0.0,0.0,0.0,0.0,0.0,0.0,0.0,85.55,53.66,18.75,55.56,0.0,55.84,57.69,52.94,0.2543626510235808,0.1402673704325953,0.0,1.0,0.01870347,9.0,41.0,44.0,1.0757027500000005,199.0,23.097345132743364,0.4778761061946903,23.57522123893805,3.504424778761062,46.19469026548673,2.3893805309734515,0.0,0.3185840707964602,0.3185840707964602,0.3185840707964602,1.4336283185840708,1.752212389380531,6.849557522123894,4.778761061946903,1.4336283185840708,0.6371681415929203,0.9557522123893806,0.7964601769911505,1.4336283185840708,0.0,0.0,0.0,0.0,0.0,0.0,0.0,85.55,53.66,18.75,55.56,0.0,55.84,57.69,52.94,0.0405179444108358,0.0223434749361656,0.0,0.1592920353982301,0.0029793138053097,1.4336283185840708,6.530973451327434,7.008849557522124,0.1713508805309735,31.699115044247787,CB,56,93,96,74,71,75,41,43,38,49,98,98,90,49,76,41,62,94,80,25,21,31,36,46,51,51,48,69,58,62,21,38,54,42,44,42,29,28,21,100,100,100,96,81,46,92,90,75,71,73,41,35,31,40,96,98,92,42,73,35,48,92,77,25,21,31,36,46,51,51,48,69,58,62,21,38,54,42,42,35,29,21,21,100,98,100,98,81,Czech League
Baník Ostrava,dfvvrv84skv23rsn1k6kt4slc,nqq723jxgno3vkxe8gv6zbbo,J. Míček,Jirí Mícek,19,Defender,Czechia,Defender,82.0,0.0,84.0,17.0,166.0,15.0,0.0,1.0,5.0,3.0,4.0,5.0,40.0,23.0,6.0,608.0,6.0,14.0,2.0,8.0,2.0,4.0,0.0,1.0,1.0,0.0,0.0,76.85,39.53,0.0,50.0,80.0,63.49,55.56,72.73,0.4230401570633379,0.0829444119630489,1.0,2.0,0.0651806799999999,1.0,25.0,29.0,0.49358454,103.0,12.138157894736842,0.0,12.43421052631579,2.5164473684210527,24.57236842105263,2.2203947368421053,0.0,0.1480263157894736,0.7401315789473685,0.4440789473684211,0.5921052631578947,0.7401315789473685,5.921052631578948,3.4046052631578947,0.8881578947368421,0.8881578947368421,2.0723684210526314,0.2960526315789473,1.1842105263157894,0.2960526315789473,0.5921052631578947,0.0,0.1480263157894736,0.1480263157894736,0.0,0.0,76.85,39.53,0.0,50.0,80.0,63.49,55.56,72.73,0.0626210758810862,0.0122779557182144,0.1480263157894736,0.2960526315789473,0.0096484559210526,0.1480263157894736,3.700657894736842,4.292763157894737,0.0730635009868421,15.24671052631579,LB/LCB,55,10,75,88,60,95,38,15,85,85,32,40,82,80,72,50,90,55,75,65,100,22,85,100,52,52,40,55,10,78,100,85,45,55,75,15,57,22,30,28,85,90,40,78,55,10,40,70,45,95,38,15,70,70,15,20,90,70,55,35,95,45,55,65,100,22,80,100,52,52,40,55,10,78,100,85,45,55,55,15,50,25,25,25,75,85,20,65,Czech League
Hradec Králové,1v75g4bk8vzrvu0jmaro6lila,1j9ty6ncoes22t954ygd6mpsk,D. Ludvíček,David Ludvícek,25,Defender,Czechia,Defender,37.0,3.0,78.0,6.0,112.0,0.0,0.0,3.0,3.0,2.0,0.0,0.0,7.0,5.0,3.0,327.0,2.0,1.0,0.0,3.0,1.0,1.0,1.0,0.0,0.0,0.0,0.0,79.43,31.58,33.33,0.0,33.33,36.84,0.0,50.0,0.1866412987162537,0.1766871353550698,1.0,12.0,0.2769049899999999,7.0,8.0,11.0,0.3636747599999998,49.0,10.18348623853211,0.8256880733944955,21.467889908256883,1.651376146788991,30.82568807339449,0.0,0.0,0.8256880733944955,0.8256880733944955,0.5504587155963303,0.0,0.0,1.926605504587156,1.3761467889908257,0.8256880733944955,0.5504587155963303,0.2752293577981651,0.0,0.8256880733944955,0.2752293577981651,0.2752293577981651,0.2752293577981651,0.0,0.0,0.0,0.0,79.43,31.58,33.33,0.0,33.33,36.84,0.0,50.0,0.05136916478429,0.0486294867949733,0.2752293577981651,3.302752293577982,0.0762123825688073,1.926605504587156,2.201834862385321,3.027522935779817,0.1000939706422017,13.486238532110091,RB/RCB,15,65,62,12,31,8,46,58,58,62,12,12,8,8,27,27,12,12,15,62,73,77,46,50,54,54,77,8,77,12,85,8,8,19,38,38,73,100,100,92,19,15,23,23,23,85,92,31,62,8,46,69,62,77,12,12,8,8,46,23,8,12,8,69,85,92,46,50,54,54,77,8,77,12,85,8,8,19,54,69,77,100,100,100,15,15,15,38,Czech League
Hradec Králové,1v75g4bk8vzrvu0jmaro6lila,2bf28lr218vw4pxri6ovksa5m,M. Valenta,Matej Valenta,26,Midfielder,Czechia,Midfielder,46.0,1.0,68.0,3.0,113.0,4.0,0.0,5.0,0.0,0.0,5.0,5.0,16.0,4.0,3.0,237.0,5.0,2.0,4.0,5.0,0.0,0.0,0.0,0.0,0.0,0.0,0.0,83.7,25.0,100.0,80.0,0.0,59.26,0.0,71.43,0.0,0.3029320303493539,0.0,7.0,0.21470513,2.0,14.0,11.0,0.22551357,58.0,17.468354430379748,0.379746835443038,25.82278481012658,1.139240506329114,42.91139240506329,1.518987341772152,0.0,1.89873417721519,0.0,0.0,1.89873417721519,1.89873417721519,6.075949367088608,1.518987341772152,1.139240506329114,1.89873417721519,0.759493670886076,1.518987341772152,1.89873417721519,0.0,0.0,0.0,0.0,0.0,0.0,0.0,83.7,25.0,100.0,80.0,0.0,59.26,0.0,71.43,0.0,0.1150374798795014,0.0,2.6582278481012658,0.081533593670886,0.759493670886076,5.316455696202532,4.177215189873418,0.085638064556962,22.025316455696203,CM/AM,55,25,51,30,50,69,25,40,2,5,25,25,39,62,65,16,15,56,71,7,11,10,24,50,50,49,76,17,100,93,11,88,10,67,2,29,7,44,52,32,69,42,17,62,92,33,92,50,96,88,25,75,2,5,50,48,81,85,92,40,23,81,98,7,11,10,24,50,50,49,76,17,100,93,11,88,10,67,2,46,7,79,77,52,96,79,38,96,Czech League
Hradec Králové,1v75g4bk8vzrvu0jmaro6lila,2enfunw56fyi0fdnjr9qv7696,J. Uhrinčať,Jakub Uhrincat,25,Defender,Slovakia,Defender,155.0,1.0,132.0,18.0,286.0,12.0,0.0,5.0,3.0,0.0,4.0,4.0,35.0,32.0,10.0,665.0,4.0,2.0,2.0,13.0,3.0,0.0,0.0,0.0,0.0,0.0,0.0,80.11,40.0,20.0,50.0,0.0,71.43,80.0,68.42,0.1872640360757426,0.2633146403271764,2.0,4.0,0.08565174,2.0,38.0,39.0,0.7157254200000002,177.0,20.977443609022554,0.1353383458646616,17.864661654135336,2.43609022556391,38.70676691729323,1.6240601503759398,0.0,0.6766917293233082,0.4060150375939849,0.0,0.5413533834586466,0.5413533834586466,4.7368421052631575,4.330827067669173,1.3533834586466165,0.5413533834586466,0.2706766917293233,0.2706766917293233,1.7593984962406015,0.4060150375939849,0.0,0.0,0.0,0.0,0.0,0.0,80.11,40.0,20.0,50.0,0.0,71.43,80.0,68.42,0.0253440048824313,0.0356365678638283,0.2706766917293233,0.5413533834586466,0.01159196481203,0.2706766917293233,5.142857142857142,5.2781954887218046,0.0968650944360902,23.954887218045112,CB,58,68,90,66,69,61,41,95,51,11,75,73,69,54,82,41,14,71,97,96,21,31,36,46,51,51,31,23,61,56,21,96,95,67,40,67,92,60,60,69,98,92,79,69,33,65,83,44,54,42,41,77,35,11,67,65,47,31,71,23,8,65,92,92,21,31,36,46,51,51,31,23,61,56,21,96,95,67,25,56,83,54,52,62,90,88,58,58,Czech League
Hradec Králové,1v75g4bk8vzrvu0jmaro6lila,3bh2udfj5run303fagtx1s8vd,D. Horák,Daniel Horák,26,Defender,Czechia,Defender,80.0,7.0,105.0,9.0,178.0,4.0,2.0,9.0,8.0,4.0,5.0,5.0,20.0,13.0,5.0,594.0,12.0,6.0,3.0,4.0,4.0,1.0,2.0,0.0,0.0,0.0,0.0,81.28,64.29,25.0,60.0,12.5,47.62,30.77,57.14,0.759544176959158,0.8401923624129343,3.0,10.0,0.2406201,8.0,17.0,20.0,1.1120284500000002,81.0,12.12121212121212,1.0606060606060606,15.90909090909091,1.3636363636363638,26.96969696969697,0.6060606060606061,0.303030303030303,1.3636363636363638,1.2121212121212122,0.6060606060606061,0.7575757575757576,0.7575757575757576,3.0303030303030303,1.9696969696969693,0.7575757575757576,1.8181818181818183,0.9090909090909092,0.4545454545454546,0.6060606060606061,0.6060606060606061,0.1515151515151515,0.303030303030303,0.0,0.0,0.0,0.0,81.28,64.29,25.0,60.0,12.5,47.62,30.77,57.14,0.1150824510544178,0.1273018730928688,0.4545454545454546,1.5151515151515151,0.0364575909090909,1.2121212121212122,2.575757575757576,3.0303030303030303,0.1684891590909091,12.272727272727272,LM/LCM,80,70,80,80,80,50,80,60,40,50,40,40,40,80,60,60,50,60,60,60,30,50,40,60,60,60,100,100,40,80,20,40,40,50,60,60,40,80,60,70,100,100,80,80,80,40,80,80,80,40,80,40,20,40,20,20,20,60,60,40,40,40,20,40,20,60,40,60,60,60,100,100,40,80,20,40,40,50,40,40,40,60,40,60,80,80,40,60,Czech League
Hradec Králové,1v75g4bk8vzrvu0jmaro6lila,4wbrkcm2bxeps49cjf747or2s,T. Slončík,Tom Sloncík,21,Midfielder,Czechia,Midfielder,64.0,0.0,80.0,5.0,144.0,5.0,0.0,1.0,15.0,11.0,20.0,21.0,41.0,4.0,4.0,576.0,24.0,12.0,10.0,9.0,4.0,6.0,3.0,3.0,0.0,0.0,0.0,80.9,45.45,0.0,50.0,40.0,42.71,29.41,64.29,1.320391625416294,0.0663120830846046,5.0,15.0,0.3610753,9.0,10.0,14.0,0.3247711000000001,53.0,10.0,0.0,12.5,0.78125,22.5,0.78125,0.0,0.15625,2.34375,1.71875,3.125,3.28125,6.40625,0.625,0.625,3.75,1.875,1.5625,1.40625,0.625,0.9375,0.46875,0.46875,0.0,0.0,0.0,80.9,45.45,0.0,50.0,40.0,42.71,29.41,64.29,0.2063111914712959,0.0103612629819694,0.78125,2.34375,0.056418015625,1.40625,1.5625,2.1875,0.050745484375,8.28125,CM/AM,81,10,62,52,71,81,25,6,96,100,96,96,97,62,78,94,83,94,95,61,92,66,92,50,50,49,56,50,10,51,70,29,42,44,92,8,80,90,90,96,50,53,33,56,58,10,27,33,42,67,25,4,76,90,79,77,90,42,52,79,68,83,85,42,83,48,92,50,50,49,56,50,10,51,70,29,42,44,77,6,73,75,71,83,29,33,12,31,Czech League
Hradec Králové,1v75g4bk8vzrvu0jmaro6lila,5ir834cntiq4qhlw8dqi6rowl,V. Darida,Vladimír Darida,36,Midfielder,Czechia,Midfielder,134.0,11.0,249.0,35.0,372.0,6.0,0.0,15.0,18.0,6.0,7.0,7.0,51.0,4.0,6.0,706.0,20.0,14.0,6.0,11.0,12.0,5.0,7.0,1.0,0.0,0.0,0.0,81.94,60.34,26.19,85.71,27.78,61.45,46.15,44.0,1.2190807361173073,1.573441944457545,10.0,14.0,0.28858934,9.0,56.0,67.0,2.1962181499999995,210.0,17.08215297450425,1.4022662889518414,31.74220963172805,4.4617563739376775,47.422096317280456,0.764872521246459,0.0,1.912181303116148,2.294617563739377,0.764872521246459,0.8923512747875354,0.8923512747875354,6.501416430594901,0.509915014164306,0.764872521246459,2.54957507082153,1.7847025495750708,0.764872521246459,1.4022662889518414,1.529745042492918,0.6373937677053825,0.8923512747875354,0.1274787535410765,0.0,0.0,0.0,81.94,60.34,26.19,85.71,27.78,61.45,46.15,44.0,0.1554068927061723,0.2005804178486955,1.274787535410765,1.7847025495750708,0.0367890093484419,1.1473087818696883,7.138810198300283,8.541076487252125,0.2799711522662889,26.770538243626063,DM/CM,79,95,98,100,91,76,36,97,100,91,77,77,100,29,61,94,95,94,95,100,95,100,85,48,52,52,45,88,79,88,58,79,45,27,94,97,100,89,82,95,97,100,100,91,64,94,94,97,85,48,36,94,91,82,61,61,91,6,36,91,79,76,64,91,88,91,79,48,52,52,45,88,79,88,58,79,45,27,79,97,91,67,58,88,94,100,100,85,Czech League
Hradec Králové,1v75g4bk8vzrvu0jmaro6lila,5noo2dp9txb8r6yz77s6pt34k,A. Umar,Abdullahi Umar,19,Attacker,Nigeria,Striker,15.0,0.0,23.0,0.0,38.0,5.0,0.0,0.0,3.0,2.0,9.0,10.0,14.0,1.0,0.0,203.0,13.0,3.0,2.0,4.0,1.0,1.0,0.0,0.0,0.0,0.0,0.0,69.09,0.0,0.0,22.22,33.33,32.56,41.67,100.0,0.3032337000609794,0.0,2.0,2.0,0.0535479299999999,1.0,1.0,1.0,0.0346949099999999,12.0,6.650246305418719,0.0,10.19704433497537,0.0,16.84729064039409,2.2167487684729066,0.0,0.0,1.3300492610837438,0.8866995073891626,3.990147783251232,4.433497536945813,6.206896551724138,0.4433497536945813,0.0,5.763546798029557,1.3300492610837438,0.8866995073891626,1.7733990147783252,0.4433497536945813,0.4433497536945813,0.0,0.0,0.0,0.0,0.0,69.09,0.0,0.0,22.22,33.33,32.56,41.67,100.0,0.1344385862339317,0.0,0.8866995073891626,0.8866995073891626,0.0237404615763546,0.4433497536945813,0.4433497536945813,0.4433497536945813,0.0153819798029556,5.320197044334975,ST,52,26,23,15,28,48,34,4,4,6,70,72,20,11,21,23,12,35,82,32,15,13,15,51,51,49,44,15,26,22,46,24,48,95,7,4,48,32,29,40,16,12,7,28,88,26,68,15,78,71,34,4,10,15,95,95,78,15,21,78,54,63,100,54,24,13,15,51,51,49,44,15,26,22,46,24,48,95,12,4,73,54,44,54,32,17,15,66,Czech League
Hradec Králové,1v75g4bk8vzrvu0jmaro6lila,77r4hf2uohwyjw93tfx6sk9gp,F. Čech,Frantisek Cech,28,Defender,Czechia,Defender,208.0,0.0,108.0,5.0,316.0,7.0,0.0,1.0,4.0,3.0,3.0,3.0,25.0,34.0,6.0,546.0,4.0,4.0,1.0,6.0,1.0,2.0,1.0,1.0,0.0,0.0,0.0,92.13,29.41,0.0,33.33,50.0,49.02,46.67,46.15,0.4466900066762034,0.058009542881682,1.0,3.0,0.07012502,1.0,23.0,21.0,0.5156118799999998,169.0,34.285714285714285,0.0,17.802197802197803,0.8241758241758242,52.08791208791209,1.153846153846154,0.0,0.1648351648351648,0.6593406593406593,0.4945054945054945,0.4945054945054945,0.4945054945054945,4.120879120879121,5.604395604395605,0.989010989010989,0.6593406593406593,0.6593406593406593,0.1648351648351648,0.989010989010989,0.1648351648351648,0.3296703296703296,0.1648351648351648,0.1648351648351648,0.0,0.0,0.0,92.13,29.41,0.0,33.33,50.0,49.02,46.67,46.15,0.0736302208806928,0.0095620125629146,0.1648351648351648,0.4945054945054945,0.0115590692307692,0.1648351648351648,3.791208791208792,3.4615384615384617,0.0849909692307692,27.857142857142858,CB,75,27,83,12,79,30,41,23,65,65,62,61,50,65,50,41,32,51,66,67,80,73,84,46,51,51,92,8,27,47,84,21,21,23,67,23,72,49,44,45,75,64,58,65,77,27,81,8,83,27,41,15,56,58,62,60,38,58,50,40,25,56,58,65,77,77,79,46,51,51,92,8,27,47,84,21,21,23,60,15,71,48,50,35,73,60,52,71,Czech League
Hradec Králové,1v75g4bk8vzrvu0jmaro6lila,a39nidkjopd50d1gk58soo1cl,M. van Buren,Mick van Buren,34,Attacker,Netherlands,Striker,36.0,2.0,79.0,1.0,113.0,4.0,1.0,7.0,11.0,10.0,14.0,16.0,27.0,10.0,3.0,571.0,31.0,6.0,8.0,6.0,1.0,7.0,1.0,2.0,0.0,0.0,0.0,76.35,33.33,25.0,57.14,63.64,40.3,23.53,66.67,1.3017572118334917,0.5941348293217612,1.0,18.0,0.5561637800000001,4.0,8.0,3.0,0.5221765199999998,42.0,5.674255691768827,0.3152364273204904,12.45183887915937,0.1576182136602452,17.810858143607707,0.6304728546409808,0.1576182136602452,1.1033274956217165,1.733800350262697,1.576182136602452,2.206654991243433,2.521891418563923,4.25569176882662,1.576182136602452,0.4728546409807356,4.886164623467601,0.9457092819614712,1.2609457092819616,0.9457092819614712,0.1576182136602452,1.1033274956217165,0.1576182136602452,0.3152364273204904,0.0,0.0,0.0,76.35,33.33,25.0,57.14,63.64,40.3,23.53,66.67,0.2051806463485363,0.0936464704710306,0.1576182136602452,2.8371278458844134,0.0876615415061296,0.6304728546409808,1.2609457092819616,0.4728546409807356,0.0823045302977232,6.619964973730298,ST,91,78,90,37,93,37,80,78,51,70,80,88,80,94,93,87,55,90,95,32,89,33,71,51,51,49,73,44,66,90,98,41,17,70,56,76,27,95,95,80,85,38,78,95,78,68,83,29,85,20,71,63,27,41,61,63,44,85,76,61,34,80,83,20,76,27,61,51,51,49,73,44,66,90,98,41,17,70,32,63,20,90,88,71,66,22,66,85,Czech League
Hradec Králové,1v75g4bk8vzrvu0jmaro6lila,bptjm5hzs0fiincv8xzwq4m0a,F. Čihák,Filip Cihák,27,Defender,Czechia,Defender,281.0,1.0,126.0,28.0,406.0,25.0,0.0,4.0,10.0,9.0,8.0,9.0,49.0,36.0,12.0,720.0,16.0,8.0,4.0,5.0,1.0,3.0,1.0,0.0,0.0,0.0,0.0,89.43,51.85,100.0,50.0,30.0,54.44,58.14,41.67,1.3009719405834712,0.2278800566829487,1.0,6.0,0.11734643,2.0,28.0,33.0,0.7896823899999996,289.0,35.125,0.125,15.75,3.5,50.75,3.125,0.0,0.5,1.25,1.125,1.0,1.125,6.125,4.5,1.5,2.0,1.0,0.5,0.625,0.125,0.375,0.125,0.0,0.0,0.0,0.0,89.43,51.85,100.0,50.0,30.0,54.44,58.14,41.67,0.1626214925729339,0.0284850070853685,0.125,0.75,0.01466830375,0.25,3.5,4.125,0.0987102987499999,36.125,CB,90,68,88,94,92,92,41,78,95,98,95,96,98,74,90,94,73,88,56,67,98,73,36,46,51,51,73,65,99,56,59,33,56,19,100,60,72,78,73,69,82,89,83,96,79,58,75,73,79,85,41,59,90,96,86,90,81,36,76,88,50,81,46,53,85,66,36,46,51,51,73,65,99,56,59,33,56,19,94,42,61,68,62,55,64,74,60,85,Czech League
Hradec Králové,1v75g4bk8vzrvu0jmaro6lila,cf3ufh2lfaers984e4bv0lk2d,D. Trubač,Daniel Trubac,29,Midfielder,Czechia,Midfielder,65.0,2.0,104.0,6.0,167.0,3.0,0.0,4.0,9.0,8.0,13.0,13.0,19.0,4.0,0.0,499.0,22.0,6.0,6.0,3.0,1.0,2.0,5.0,0.0,0.0,0.0,0.0,86.98,42.86,16.67,46.15,22.22,43.18,50.0,75.0,0.662218929557236,0.3441467012290115,5.0,11.0,0.34439451,6.0,9.0,15.0,0.63484115,62.0,11.723446893787576,0.3607214428857715,18.75751503006012,1.0821643286573146,30.120240480961925,0.5410821643286573,0.0,0.7214428857715431,1.623246492985972,1.4428857715430865,2.344689378757515,2.344689378757515,3.4268537074148298,0.7214428857715431,0.0,3.967935871743487,1.0821643286573146,1.0821643286573146,0.5410821643286573,0.1803607214428857,0.3607214428857715,0.9018036072144288,0.0,0.0,0.0,0.0,86.98,42.86,16.67,46.15,22.22,43.18,50.0,75.0,0.1194382838880786,0.0620705473158537,0.9018036072144288,1.983967935871744,0.0621152422845691,1.0821643286573146,1.623246492985972,2.705410821643287,0.1145004078156312,11.182364729458918,DM/CM,42,68,64,32,52,42,36,42,74,100,98,98,39,29,5,97,53,94,21,18,67,95,39,48,52,52,77,39,59,39,48,12,58,79,70,52,85,76,88,77,30,42,52,33,21,67,61,6,48,39,36,42,82,100,97,97,18,18,5,97,45,97,18,12,64,94,39,48,52,52,77,39,59,39,48,12,58,79,67,45,79,79,91,82,18,42,52,18,Czech League
Hradec Králové,1v75g4bk8vzrvu0jmaro6lila,dp217lcujazwh6x67xxws4fai,T. Čvančara,Tomás Cvancara,26,Attacker,Czechia,Striker,11.0,2.0,35.0,0.0,44.0,4.0,1.0,4.0,3.0,2.0,7.0,8.0,11.0,8.0,0.0,253.0,9.0,4.0,3.0,0.0,1.0,1.0,1.0,1.0,0.0,0.0,0.0,75.86,0.0,50.0,42.86,33.33,32.35,36.36,0.0,0.6248881898299472,0.4150933182582762,1.0,2.0,0.0676985,3.0,1.0,3.0,0.4822468099999999,12.0,3.91304347826087,0.7114624505928854,12.450592885375496,0.0,15.65217391304348,1.4229249011857708,0.3557312252964427,1.4229249011857708,1.067193675889328,0.7114624505928854,2.490118577075099,2.845849802371541,3.91304347826087,2.845849802371541,0.0,3.2015810276679844,1.4229249011857708,1.067193675889328,0.0,0.3557312252964427,0.3557312252964427,0.3557312252964427,0.3557312252964427,0.0,0.0,0.0,75.86,0.0,50.0,42.86,33.33,32.35,36.36,0.0,0.2222922414414832,0.1476616547163828,0.3557312252964427,0.7114624505928854,0.0240824703557312,1.067193675889328,0.3557312252964427,1.067193675889328,0.1715502486166008,4.2687747035573125,ST,30,78,51,15,44,37,80,51,4,6,41,46,9,87,21,6,28,54,11,32,15,33,48,51,51,49,71,15,94,61,46,22,39,11,22,66,27,32,39,72,16,38,76,28,54,90,80,15,66,56,100,88,2,5,68,71,29,100,21,22,56,73,11,44,20,46,63,51,51,49,71,15,94,61,46,22,39,11,39,93,39,37,46,83,17,51,93,49,Czech League
Hradec Králové,1v75g4bk8vzrvu0jmaro6lila,xbp16o2bijkl84w1lklyua51,S. Dancák,Samuel Dancák,28,Midfielder,Slovakia,Midfielder,95.0,0.0,116.0,10.0,211.0,4.0,1.0,6.0,3.0,0.0,5.0,5.0,22.0,4.0,5.0,441.0,4.0,5.0,4.0,5.0,3.0,2.0,1.0,0.0,0.0,0.0,0.0,87.55,76.92,0.0,80.0,66.67,55.0,50.0,55.56,0.9294753803072032,0.5344370641892064,2.0,9.0,0.2113525,5.0,28.0,22.0,1.07434422,118.0,19.387755102040813,0.0,23.6734693877551,2.0408163265306123,43.06122448979592,0.8163265306122448,0.2040816326530612,1.2244897959183672,0.6122448979591836,0.0,1.020408163265306,1.020408163265306,4.489795918367347,0.8163265306122448,1.020408163265306,0.8163265306122448,1.020408163265306,0.8163265306122448,1.020408163265306,0.6122448979591836,0.4081632653061224,0.2040816326530612,0.0,0.0,0.0,0.0,87.55,76.92,0.0,80.0,66.67,55.0,50.0,55.56,0.189688853123919,0.1090687886100421,0.4081632653061224,1.8367346938775508,0.0431331632653061,1.020408163265306,5.7142857142857135,4.489795918367347,0.2192539224489795,24.081632653061224,DM/CM,59,23,67,47,64,56,83,64,29,14,61,56,52,29,50,39,38,77,47,48,67,29,39,48,52,52,82,94,23,83,97,61,58,33,85,67,45,64,61,68,76,61,82,67,70,23,88,64,73,58,85,82,24,14,70,67,55,27,61,39,39,82,48,52,76,30,39,48,52,52,82,94,23,83,97,61,58,33,88,79,58,73,73,79,88,70,94,82,Czech League
Slovan Liberec,2c4rs2vp0tyjiqa7y3gfttf24,2ijin6mf3w7hbzuju1jpmoq8l,L. Masopust,Lukás Masopust,33,Midfielder,Czechia,Midfielder,83.0,2.0,89.0,11.0,170.0,2.0,0.0,8.0,5.0,3.0,11.0,12.0,36.0,13.0,9.0,607.0,8.0,7.0,6.0,9.0,2.0,0.0,2.0,0.0,0.0,0.0,0.0,75.89,30.56,20.0,54.55,0.0,50.7,20.0,42.86,0.4455631469288975,0.5998411080329424,1.0,4.0,0.08007474,1.0,19.0,26.0,0.7098780299999998,98.0,12.30642504118616,0.2965403624382207,13.196046128500823,1.6309719934102145,25.20593080724877,0.2965403624382207,0.0,1.186161449752883,0.7413509060955519,0.4448105436573311,1.6309719934102145,1.7792421746293243,5.337726523887974,1.9275123558484348,1.3344316309719937,1.186161449752883,1.037891268533773,0.8896210873146623,1.3344316309719937,0.2965403624382207,0.0,0.2965403624382207,0.0,0.0,0.0,0.0,75.89,30.56,20.0,54.55,0.0,50.7,20.0,42.86,0.0660637285397047,0.0889385497907163,0.1482701812191103,0.5930807248764415,0.0118726962108731,0.1482701812191103,2.817133443163097,3.8550247116968697,0.105253744151565,14.530477759472817,DM/CM,52,68,52,61,55,29,36,88,47,68,94,94,91,85,91,71,67,94,82,33,17,53,39,48,52,52,21,18,68,52,17,42,14,23,55,82,23,27,21,23,64,76,61,58,33,58,39,42,30,21,36,79,39,64,88,88,70,70,85,61,42,88,61,27,17,36,39,48,52,52,21,18,68,52,17,42,14,23,42,70,12,21,15,18,55,64,45,48,Czech League
Slovan Liberec,2c4rs2vp0tyjiqa7y3gfttf24,6i65quse9pjdu8z2um61md8gk,M. Lexa,Milan Lexa,22,Midfielder,Czechia,Midfielder,13.0,10.0,67.0,3.0,70.0,2.0,0.0,19.0,6.0,2.0,14.0,15.0,17.0,1.0,2.0,347.0,16.0,2.0,7.0,3.0,4.0,2.0,3.0,0.0,0.0,0.0,0.0,69.31,23.08,35.71,50.0,33.33,30.36,20.0,50.0,0.4437574459253982,1.8481808037973493,1.0,6.0,0.15780068,7.0,8.0,14.0,1.06185756,41.0,3.371757925072046,2.593659942363112,17.37752161383285,0.7780979827089337,18.155619596541783,0.5187319884726225,0.0,4.927953890489913,1.5561959654178674,0.5187319884726225,3.631123919308357,3.890489913544669,4.409221902017291,0.2593659942363112,0.5187319884726225,4.14985590778098,0.5187319884726225,1.8155619596541783,0.7780979827089337,1.037463976945245,0.5187319884726225,0.7780979827089337,0.0,0.0,0.0,0.0,69.31,23.08,35.71,50.0,33.33,30.36,20.0,50.0,0.115095591162207,0.4793552517053643,0.2593659942363112,1.5561959654178674,0.0409281302593659,1.8155619596541783,2.07492795389049,3.631123919308357,0.2754097417867435,10.63400576368876,CM/AM,8,94,48,30,21,36,25,98,34,27,85,85,42,12,44,76,15,84,46,61,49,66,24,50,50,49,8,15,85,51,62,10,27,24,31,98,25,38,31,86,43,53,85,35,4,98,60,31,21,50,25,100,50,31,92,92,48,12,48,88,10,88,50,79,58,85,24,50,50,49,8,15,85,51,62,10,27,24,46,100,25,48,42,98,44,67,98,48,Czech League
Slovan Liberec,2c4rs2vp0tyjiqa7y3gfttf24,6marp4xhjkoal9ax2zx9kap78,L. Mašek,Lukás Masek,22,Attacker,Czechia,Striker,10.0,0.0,28.0,0.0,38.0,18.0,0.0,2.0,19.0,18.0,4.0,4.0,37.0,4.0,0.0,470.0,36.0,14.0,2.0,3.0,1.0,10.0,1.0,3.0,0.0,0.0,0.0,54.29,0.0,0.0,50.0,52.63,47.44,50.0,100.0,1.6345814138221666,0.0696094079599334,0.0,2.0,0.2813051099999999,0.0,1.0,1.0,0.0188271699999999,13.0,1.9148936170212765,0.0,5.361702127659575,0.0,7.276595744680851,3.4468085106382977,0.0,0.3829787234042553,3.638297872340425,3.4468085106382977,0.7659574468085106,0.7659574468085106,7.085106382978723,0.7659574468085106,0.0,6.893617021276596,2.680851063829788,0.3829787234042553,0.5744680851063829,0.1914893617021276,1.9148936170212765,0.1914893617021276,0.5744680851063829,0.0,0.0,0.0,54.29,0.0,0.0,50.0,52.63,47.44,50.0,100.0,0.313004951582968,0.0133294610987106,0.0,0.3829787234042553,0.0538669359574467,0.0,0.1914893617021276,0.1914893617021276,0.0036052027659574,2.48936170212766,ST,24,26,27,15,28,91,34,29,100,99,17,17,90,61,21,96,100,35,70,32,100,33,84,51,51,49,10,15,26,76,90,80,73,95,76,15,10,32,76,13,16,12,5,35,17,26,15,15,10,85,34,20,95,95,17,12,93,49,21,95,93,32,56,24,98,32,88,51,51,49,10,15,26,76,90,80,73,95,66,7,10,29,71,13,5,7,2,15,Czech League
Slovan Liberec,2c4rs2vp0tyjiqa7y3gfttf24,73akea5hi9ygl6lbnd5thp79w,P. Dulay,Patrik Dulay,21,Midfielder,Slovakia,Midfielder,9.0,1.0,36.0,3.0,44.0,1.0,1.0,4.0,9.0,6.0,12.0,13.0,19.0,6.0,1.0,421.0,20.0,2.0,3.0,9.0,3.0,4.0,3.0,3.0,0.0,0.0,0.0,66.67,60.0,11.11,25.0,44.44,35.85,14.29,69.23,1.069491893091707,0.3226339358777125,4.0,9.0,0.28788516,6.0,0.0,2.0,0.39438308,16.0,1.9239904988123515,0.2137767220902612,7.695961995249406,0.6413301662707838,9.406175771971496,0.2137767220902612,0.2137767220902612,0.8551068883610451,1.9239904988123515,1.2826603325415675,2.565320665083135,2.7790973871733966,4.061757719714964,1.2826603325415675,0.2137767220902612,4.275534441805226,0.4275534441805225,0.6413301662707838,1.9239904988123515,0.6413301662707838,0.8551068883610451,0.6413301662707838,0.6413301662707838,0.0,0.0,0.0,66.67,60.0,11.11,25.0,44.44,35.85,14.29,69.23,0.2286324712072532,0.0689716252470169,0.8551068883610451,1.9239904988123515,0.0615431458432303,1.2826603325415675,0.0,0.4275534441805225,0.0843099220902612,3.4204275534441804,RM/RCM,12,31,12,31,12,12,69,31,81,88,62,62,50,38,38,62,12,38,88,56,81,88,100,56,56,56,12,88,44,25,75,25,12,88,88,38,75,50,50,81,12,12,25,12,12,25,12,25,12,12,62,38,88,88,75,75,62,38,38,88,12,50,100,50,88,100,100,56,56,56,12,88,44,25,75,25,12,88,100,25,100,50,62,88,12,12,38,12,Czech League
Slovan Liberec,2c4rs2vp0tyjiqa7y3gfttf24,7bdvpsz3j3cr38n0ltxqaj5jp,J. Mikula,Jan Mikula,34,Defender,Czechia,Defender,52.0,0.0,28.0,7.0,80.0,3.0,1.0,1.0,0.0,0.0,0.0,0.0,14.0,5.0,4.0,292.0,2.0,5.0,0.0,4.0,0.0,0.0,0.0,0.0,0.0,0.0,0.0,76.92,38.89,0.0,0.0,0.0,70.0,60.0,66.67,0.0,0.0852594228156333,0.0,0.0,0.0,1.0,5.0,6.0,0.1977008599999999,39.0,16.027397260273972,0.0,8.63013698630137,2.1575342465753424,24.65753424657534,0.9246575342465754,0.3082191780821918,0.3082191780821918,0.0,0.0,0.0,0.0,4.315068493150685,1.5410958904109588,1.2328767123287672,0.6164383561643836,1.5410958904109588,0.0,1.2328767123287672,0.0,0.0,0.0,0.0,0.0,0.0,0.0,76.92,38.89,0.0,0.0,0.0,70.0,60.0,66.67,0.0,0.0262785892239965,0.0,0.0,0.0,0.3082191780821918,1.5410958904109588,1.8493150684931507,0.0609351965753424,12.02054794520548,CB,8,27,2,23,6,17,89,23,7,11,11,11,18,6,32,19,50,20,44,25,21,31,36,46,51,51,19,19,27,20,21,94,64,61,8,27,29,10,10,45,8,9,10,10,21,27,12,33,17,17,96,29,7,11,11,11,42,6,65,31,88,20,65,25,21,31,36,46,51,51,19,19,27,20,21,94,64,61,8,38,29,10,10,67,21,19,21,15,Czech League
Slovan Liberec,2c4rs2vp0tyjiqa7y3gfttf24,7q8yzcaejglf2h1ho7iukqtxw,A. Kayondo,Aziz Kayondo,23,Defender,Uganda,Defender,72.0,8.0,110.0,9.0,174.0,3.0,0.0,13.0,9.0,4.0,24.0,24.0,56.0,16.0,8.0,720.0,8.0,21.0,8.0,17.0,5.0,2.0,3.0,1.0,0.0,0.0,0.0,85.71,36.0,23.53,33.33,22.22,57.73,25.0,70.83,0.6588031891113706,1.1888720645663358,3.0,18.0,0.4764006999999999,9.0,19.0,24.0,1.31891887,91.0,9.0,1.0,13.75,1.125,21.75,0.375,0.0,1.625,1.125,0.5,3.0,3.0,7.0,2.0,1.0,1.0,2.625,1.0,2.125,0.625,0.25,0.375,0.125,0.0,0.0,0.0,85.71,36.0,23.53,33.33,22.22,57.73,25.0,70.83,0.0823503986389213,0.1486090080707919,0.375,2.25,0.0595500874999999,1.125,2.375,3.0,0.16486485875,11.375,LB/LCB,45,92,85,42,65,15,38,100,100,100,100,100,100,65,92,68,100,100,95,100,85,95,85,50,52,52,80,40,60,50,50,60,10,40,100,95,98,100,100,100,68,80,100,65,25,75,50,30,40,10,38,85,90,75,100,100,100,55,70,40,100,95,90,85,70,85,75,50,52,52,80,40,60,50,50,60,10,40,90,80,90,100,95,95,50,40,80,45,Czech League
Slovan Liberec,2c4rs2vp0tyjiqa7y3gfttf24,8uvwdn4qumwhi0pl5kx9dx3sa,V. Stránský,Vojtech Stránsky,23,Midfielder,Czechia,Midfielder,38.0,1.0,26.0,6.0,63.0,3.0,0.0,1.0,10.0,3.0,1.0,1.0,13.0,6.0,4.0,265.0,5.0,4.0,0.0,5.0,7.0,3.0,3.0,1.0,0.0,0.0,0.0,74.12,60.0,16.67,0.0,30.0,46.43,42.86,83.33,0.6310432921062252,0.1068755617947579,5.0,1.0,0.05491138,0.0,5.0,6.0,0.23527307,38.0,12.90566037735849,0.3396226415094339,8.830188679245282,2.037735849056604,21.39622641509434,1.018867924528302,0.0,0.3396226415094339,3.39622641509434,1.018867924528302,0.3396226415094339,0.3396226415094339,4.415094339622641,2.037735849056604,1.3584905660377358,1.6981132075471697,1.3584905660377358,0.0,1.6981132075471697,2.3773584905660377,1.018867924528302,1.018867924528302,0.3396226415094339,0.0,0.0,0.0,74.12,60.0,16.67,0.0,30.0,46.43,42.86,83.33,0.2143165897719255,0.0362973606095404,1.6981132075471697,0.3396226415094339,0.0186491479245283,0.0,1.6981132075471697,2.037735849056604,0.0799040615094339,12.90566037735849,DM/CM,18,53,9,32,15,42,36,18,82,68,12,12,11,42,44,50,23,8,47,85,80,74,85,48,52,52,12,85,59,8,64,23,35,94,67,24,85,8,9,9,12,15,27,18,39,64,9,61,12,64,36,27,100,91,15,15,52,82,91,67,67,8,76,97,97,97,91,48,52,52,12,85,59,8,64,23,35,94,91,30,97,9,21,9,24,24,36,33,Czech League
Slovan Liberec,2c4rs2vp0tyjiqa7y3gfttf24,8yw0no16xd4sgbpvwx95d7uac,F. Faye,Fallou Faye,20,Midfielder,Senegal,Midfielder,47.0,0.0,79.0,15.0,126.0,18.0,0.0,6.0,9.0,7.0,8.0,8.0,35.0,10.0,7.0,512.0,26.0,7.0,5.0,4.0,2.0,2.0,1.0,0.0,0.0,0.0,0.0,72.0,53.57,0.0,62.5,22.22,53.85,66.67,66.67,1.0619186393595883,0.7094090440711529,1.0,8.0,0.22912754,1.0,12.0,20.0,0.8757736899999999,76.0,8.26171875,0.0,13.88671875,2.63671875,22.1484375,3.1640625,0.0,1.0546875,1.58203125,1.23046875,1.40625,1.40625,6.15234375,1.7578125,1.23046875,4.5703125,1.23046875,0.87890625,0.703125,0.3515625,0.3515625,0.17578125,0.0,0.0,0.0,0.0,72.0,53.57,0.0,62.5,22.22,53.85,66.67,66.67,0.1866653858249276,0.1247008085281323,0.17578125,1.40625,0.040276325390625,0.17578125,2.109375,3.515625,0.1539445939453124,13.359375,DM/CM,24,23,42,79,39,100,36,64,74,95,83,83,86,65,74,100,67,88,35,33,67,29,39,48,52,52,6,70,23,67,48,56,91,58,88,88,23,61,67,23,39,53,70,47,9,23,45,85,18,100,36,61,79,97,79,79,88,61,76,100,61,85,33,33,61,27,39,48,52,52,6,70,23,67,48,56,91,58,85,91,15,55,67,21,36,55,76,36,Czech League
Slovan Liberec,2c4rs2vp0tyjiqa7y3gfttf24,9kjzskap2gy1pexzeeun8kq1h,L. Hůlka,Lukás Hulka,31,Defender,Czechia,Defender,198.0,1.0,75.0,25.0,272.0,29.0,0.0,0.0,4.0,3.0,1.0,1.0,47.0,50.0,8.0,720.0,17.0,4.0,1.0,11.0,1.0,2.0,0.0,0.0,0.0,0.0,0.0,84.21,51.02,33.33,100.0,50.0,56.63,51.79,84.62,0.508616239466322,0.0,0.0,6.0,0.11343717,0.0,17.0,17.0,0.5018740099999998,182.0,24.75,0.125,9.375,3.125,34.0,3.625,0.0,0.0,0.5,0.375,0.125,0.125,5.875,6.25,1.0,2.125,0.5,0.125,1.375,0.125,0.25,0.0,0.0,0.0,0.0,0.0,84.21,51.02,33.33,100.0,50.0,56.63,51.79,84.62,0.0635770299332902,0.0,0.0,0.75,0.01417964625,0.0,2.125,2.125,0.0627342512499999,22.75,CB,71,68,56,85,67,98,41,7,65,65,33,33,96,98,71,96,32,51,90,67,80,31,36,46,51,51,44,60,80,91,84,44,29,94,69,7,29,78,69,16,58,52,52,73,52,58,19,62,44,96,41,7,47,44,24,24,73,77,53,94,19,42,73,53,64,31,36,46,51,51,44,60,80,91,84,44,29,94,52,7,29,68,56,16,38,33,31,52,Czech League
Slovan Liberec,2c4rs2vp0tyjiqa7y3gfttf24,dn9eq343mhbkqe90tnsi4fhii,J. Koželuh,Josef Kozeluh,24,Defender,Czechia,Defender,64.0,4.0,83.0,17.0,143.0,9.0,0.0,4.0,12.0,4.0,16.0,16.0,42.0,12.0,4.0,539.0,12.0,9.0,9.0,11.0,8.0,2.0,4.0,0.0,0.0,0.0,0.0,71.86,42.5,17.39,56.25,16.67,58.33,64.29,73.33,0.8916699929596045,0.3414597568083984,5.0,8.0,0.21134252,6.0,22.0,30.0,0.65782196,79.0,10.686456400742117,0.6679035250463822,13.85899814471243,2.8385899814471243,23.877551020408163,1.50278293135436,0.0,0.6679035250463822,2.0037105751391464,0.6679035250463822,2.6716141001855287,2.6716141001855287,7.012987012987013,2.0037105751391464,0.6679035250463822,2.0037105751391464,1.50278293135436,1.50278293135436,1.836734693877551,1.3358070500927643,0.3339517625231911,0.6679035250463822,0.0,0.0,0.0,0.0,71.86,42.5,17.39,56.25,16.67,58.33,64.29,73.33,0.1488873828689506,0.0570155438084524,0.8348794063079777,1.3358070500927643,0.0352891035250463,1.0018552875695732,3.673469387755102,5.009276437847866,0.10984040148423,13.191094619666048,CB,21,98,64,59,31,48,41,78,100,74,100,100,86,23,32,83,80,100,90,100,80,100,36,46,51,51,8,35,56,65,46,54,73,80,92,77,100,92,94,93,71,84,71,28,8,94,60,52,12,35,41,73,98,69,100,100,96,12,23,90,85,100,96,100,83,98,36,46,51,51,8,35,56,65,46,54,73,80,92,81,98,88,88,94,71,83,73,19,Czech League
Slovan Liberec,2c4rs2vp0tyjiqa7y3gfttf24,eau0au7g5dqxc7zwp8ia40qju,P. Hodouš,Petr Hodous,22,Defender,Czechia,Defender,19.0,1.0,37.0,1.0,55.0,2.0,0.0,4.0,10.0,8.0,5.0,6.0,31.0,1.0,0.0,351.0,21.0,14.0,2.0,7.0,2.0,2.0,2.0,0.0,0.0,0.0,0.0,78.57,25.0,16.67,40.0,20.0,65.96,66.67,53.85,0.8591986431352743,0.1986351494210761,4.0,4.0,0.19029394,0.0,4.0,5.0,0.17504652,22.0,4.871794871794872,0.2564102564102564,9.487179487179487,0.2564102564102564,14.102564102564102,0.5128205128205129,0.0,1.0256410256410258,2.5641025641025643,2.0512820512820515,1.2820512820512822,1.5384615384615383,7.948717948717949,0.2564102564102564,0.0,5.384615384615385,3.58974358974359,0.5128205128205129,1.794871794871795,0.5128205128205129,0.5128205128205129,0.5128205128205129,0.0,0.0,0.0,0.0,78.57,25.0,16.67,40.0,20.0,65.96,66.67,53.85,0.22030734439366,0.0509320895951477,1.0256410256410258,1.0256410256410258,0.0487933179487179,0.0,1.0256410256410258,1.2820512820512822,0.044883723076923,5.641025641025641,CB,4,68,10,2,2,7,41,78,95,96,84,88,59,3,5,100,98,71,73,90,80,88,36,46,51,51,25,6,54,50,51,83,76,44,88,52,98,60,90,16,4,5,4,4,4,77,25,2,4,8,41,98,100,100,92,94,100,4,5,100,100,83,94,94,98,94,36,46,51,51,25,6,54,50,51,83,76,44,100,73,100,77,94,16,6,8,6,4,Czech League
Slovan Liberec,2c4rs2vp0tyjiqa7y3gfttf24,eqt598wenyzrxdl5y39ejab8q,A. Drakpe,Augustin Drakpe,24,Defender,Togo,Defender,180.0,0.0,60.0,17.0,240.0,20.0,0.0,6.0,3.0,3.0,3.0,3.0,44.0,49.0,10.0,684.0,4.0,7.0,3.0,11.0,0.0,0.0,0.0,0.0,1.0,0.0,0.0,86.64,45.95,0.0,100.0,0.0,66.67,66.67,73.33,0.3650632227633653,0.4199175577365803,0.0,4.0,0.07691473,0.0,9.0,14.0,0.5403584399999998,150.0,23.68421052631579,0.0,7.894736842105264,2.236842105263158,31.57894736842105,2.631578947368421,0.0,0.7894736842105263,0.3947368421052631,0.3947368421052631,0.3947368421052631,0.3947368421052631,5.789473684210527,6.447368421052632,1.3157894736842106,0.5263157894736842,0.9210526315789476,0.3947368421052631,1.4473684210526316,0.0,0.0,0.0,0.0,0.131578947368421,0.0,0.0,86.64,45.95,0.0,100.0,0.0,66.67,66.67,73.33,0.048034634574127,0.0552523102284974,0.0,0.5263157894736842,0.0101203592105263,0.0,1.1842105263157896,1.842105263157895,0.071099794736842,19.73684210526316,CB,65,27,44,59,56,84,41,98,51,65,62,61,93,96,82,41,70,81,90,25,21,31,36,96,51,51,50,47,27,91,21,89,76,80,58,92,29,60,50,16,31,43,62,56,48,27,8,38,31,77,41,88,33,48,56,56,69,85,69,21,46,75,79,25,21,31,36,94,51,51,50,47,27,91,21,89,76,80,46,79,29,52,44,16,10,17,38,40,Czech League
Slovan Liberec,2c4rs2vp0tyjiqa7y3gfttf24,gq4abws0ogyk223tpkxy5ex,V. Kušej,Vasil Kusej,26,Attacker,Czechia,Striker,17.0,12.0,91.0,5.0,96.0,1.0,1.0,15.0,12.0,6.0,16.0,16.0,12.0,3.0,0.0,404.0,19.0,2.0,4.0,3.0,6.0,5.0,3.0,2.0,0.0,0.0,0.0,62.34,33.33,33.33,25.0,41.67,22.64,12.5,60.0,0.7311116827995624,1.649207715129882,4.0,10.0,0.2820791099999999,6.0,9.0,14.0,0.7070382799999999,40.0,3.787128712871287,2.6732673267326734,20.27227722772277,1.113861386138614,21.386138613861387,0.2227722772277227,0.2227722772277227,3.341584158415841,2.6732673267326734,1.3366336633663367,3.5643564356435644,3.5643564356435644,2.6732673267326734,0.6683168316831684,0.0,4.232673267326732,0.4455445544554455,0.8910891089108911,0.6683168316831684,1.3366336633663367,1.113861386138614,0.6683168316831684,0.4455445544554455,0.0,0.0,0.0,62.34,33.33,33.33,25.0,41.67,22.64,12.5,60.0,0.162871414485051,0.3673977583210133,0.8910891089108911,2.227722772277228,0.0628394056930692,1.3366336633663367,2.004950495049505,3.118811881188119,0.1575085277227722,8.910891089108912,ST,57,100,95,93,85,7,80,100,62,35,90,88,13,40,21,49,7,68,70,98,73,70,71,51,51,49,24,44,82,27,72,2,10,60,27,100,80,83,78,91,90,93,90,90,51,100,98,95,90,5,83,100,71,34,90,88,2,39,21,44,7,66,63,98,78,63,73,51,51,49,24,44,82,27,72,2,10,60,20,98,76,78,76,93,93,98,90,95,Czech League
Viktoria Plzeň,c6fx1460nlkawjgh67sp7a1hd,41zdjk7mje36kpr8v2lndp2lm,F. Prebsl,Filip Prebsl,23,Defender,Czechia,Defender,104.0,1.0,53.0,5.0,156.0,8.0,0.0,1.0,0.0,0.0,1.0,1.0,18.0,7.0,3.0,310.0,2.0,5.0,0.0,5.0,0.0,0.0,0.0,0.0,0.0,0.0,0.0,89.14,45.45,50.0,0.0,0.0,62.07,57.14,83.33,0.0,0.0661016263267444,0.0,7.0,0.14378098,2.0,12.0,12.0,0.25245456,79.0,30.19354838709677,0.2903225806451612,15.387096774193548,1.4516129032258065,45.29032258064516,2.32258064516129,0.0,0.2903225806451612,0.0,0.0,0.2903225806451612,0.2903225806451612,5.225806451612903,2.032258064516129,0.8709677419354839,0.5806451612903225,1.4516129032258065,0.0,1.4516129032258065,0.0,0.0,0.0,0.0,0.0,0.0,0.0,89.14,45.45,50.0,0.0,0.0,62.07,57.14,83.33,0.0,0.0191907947400225,0.0,2.032258064516129,0.0417428651612903,0.5806451612903225,3.4838709677419355,3.4838709677419355,0.0732932593548387,22.93548387096774,CB,44,68,38,12,35,39,41,23,7,11,33,33,28,9,23,19,50,20,56,25,21,31,36,46,51,51,71,43,90,20,21,71,51,91,8,25,29,86,81,69,45,38,25,28,65,81,73,23,69,69,41,27,7,11,43,43,58,17,41,27,81,20,81,25,21,31,36,46,51,51,71,43,90,20,21,71,51,91,8,31,29,94,92,81,60,62,42,54,Czech League
Viktoria Plzeň,c6fx1460nlkawjgh67sp7a1hd,42ybprj1rxbn2fz3ionthzbo,P. Adu,Prince Adu,22,Attacker,Ghana,Striker,22.0,2.0,35.0,1.0,55.0,5.0,0.0,2.0,18.0,16.0,8.0,9.0,17.0,2.0,1.0,326.0,31.0,6.0,3.0,2.0,2.0,6.0,5.0,1.0,0.0,0.0,0.0,80.88,50.0,18.18,37.5,33.33,32.08,29.41,66.67,2.14224954480782,0.0606031334353968,3.0,3.0,0.10546224,1.0,1.0,3.0,0.23359226,15.0,6.07361963190184,0.5521472392638037,9.662576687116564,0.2760736196319018,15.1840490797546,1.3803680981595092,0.0,0.5521472392638037,4.969325153374233,4.41717791411043,2.208588957055215,2.4846625766871164,4.693251533742331,0.5521472392638037,0.2760736196319018,8.558282208588958,1.656441717791411,0.8282208588957055,0.5521472392638037,0.5521472392638037,1.656441717791411,1.3803680981595092,0.2760736196319018,0.0,0.0,0.0,80.88,50.0,18.18,37.5,33.33,32.08,29.41,66.67,0.591418585989889,0.0167309264085451,0.8282208588957055,0.8282208588957055,0.0291153423312883,0.2760736196319018,0.2760736196319018,0.8282208588957055,0.0644886607361963,4.141104294478527,ST,72,78,51,37,60,48,34,29,93,91,57,62,38,22,54,87,55,54,49,57,82,90,48,51,51,49,88,62,61,46,46,20,22,70,93,12,67,49,54,40,16,38,54,46,80,85,63,39,63,51,34,34,100,100,63,61,49,27,59,100,66,59,54,63,95,95,56,51,51,49,88,62,61,46,46,20,22,70,100,15,71,49,54,41,10,39,56,44,Czech League
Viktoria Plzeň,c6fx1460nlkawjgh67sp7a1hd,4riunfstr4l3lqrrd0lffv7fu,L. Červ,Lukás Cerv,25,Midfielder,Czechia,Midfielder,118.0,1.0,133.0,10.0,250.0,6.0,0.0,3.0,9.0,4.0,2.0,2.0,33.0,11.0,7.0,517.0,11.0,13.0,2.0,5.0,5.0,2.0,3.0,1.0,0.0,0.0,0.0,86.21,43.48,20.0,100.0,22.22,63.46,54.55,41.67,0.9086009423237388,0.3135703782907206,4.0,10.0,0.27719233,4.0,21.0,22.0,0.7960469600000002,117.0,20.54158607350097,0.1740812379110251,23.152804642166345,1.7408123791102514,43.520309477756285,1.0444874274661509,0.0,0.5222437137330754,1.5667311411992264,0.6963249516441006,0.3481624758220503,0.3481624758220503,5.74468085106383,1.9148936170212767,1.218568665377176,1.9148936170212767,2.263056092843327,0.3481624758220503,0.8704061895551257,0.8704061895551257,0.3481624758220503,0.5222437137330754,0.1740812379110251,0.0,0.0,0.0,86.21,43.48,20.0,100.0,22.22,63.46,54.55,41.67,0.1581703768068404,0.054586719625077,0.6963249516441006,1.7408123791102514,0.0482539839458413,0.6963249516441006,3.655705996131528,3.8297872340425534,0.1385768402321083,20.36750483558994,DM/CM,71,53,73,47,70,76,36,33,74,80,20,20,82,71,74,83,91,35,47,70,67,74,85,48,52,52,67,42,68,95,48,88,71,18,79,48,73,68,76,55,70,61,64,64,76,52,79,48,76,70,36,30,76,79,18,18,79,67,73,79,88,33,42,67,58,76,85,48,52,52,67,42,68,95,48,88,71,18,82,42,70,64,82,58,70,61,64,70,Czech League
Viktoria Plzeň,c6fx1460nlkawjgh67sp7a1hd,5nqonu6ea844ish2k3m5le3je,D. Višinský,Denis Visinsky,23,Midfielder,Czechia,Midfielder,30.0,1.0,49.0,0.0,78.0,1.0,1.0,6.0,3.0,2.0,9.0,12.0,15.0,2.0,0.0,316.0,13.0,9.0,3.0,3.0,1.0,1.0,2.0,1.0,0.0,0.0,0.0,84.78,0.0,20.0,33.33,33.33,46.88,20.0,100.0,0.2614032532971441,0.4495020368844806,2.0,10.0,0.26699156,3.0,5.0,6.0,0.2687650299999999,24.0,8.544303797468354,0.2848101265822785,13.955696202531646,0.0,22.21518987341772,0.2848101265822785,0.2848101265822785,1.7088607594936709,0.8544303797468354,0.569620253164557,2.5632911392405062,3.4177215189873418,4.272151898734177,0.569620253164557,0.0,3.702531645569621,2.5632911392405062,0.8544303797468354,0.8544303797468354,0.2848101265822785,0.2848101265822785,0.569620253164557,0.2848101265822785,0.0,0.0,0.0,84.78,0.0,20.0,33.33,33.33,46.88,20.0,100.0,0.074450293660579,0.1280227320240609,0.569620253164557,2.848101265822785,0.0760419,0.8544303797468354,1.4240506329113924,1.7088607594936709,0.0765470022151898,6.835443037974684,CM/AM,39,25,25,3,29,23,69,49,17,27,62,78,31,28,7,65,67,43,46,20,28,43,64,50,50,49,88,3,36,28,62,48,27,94,21,44,43,70,71,51,20,14,23,19,42,27,44,3,40,25,81,67,17,40,73,81,40,33,7,77,85,58,60,23,33,62,73,50,50,49,88,3,36,28,62,48,27,94,27,58,56,81,75,62,25,17,27,19,Czech League
Viktoria Plzeň,c6fx1460nlkawjgh67sp7a1hd,7cgekcpn1trfydj4gqsj4yvx0,A. Sojka,Alexandr Sojka,23,Midfielder,Czechia,Midfielder,54.0,11.0,100.0,6.0,143.0,5.0,2.0,13.0,1.0,0.0,3.0,3.0,15.0,4.0,2.0,374.0,7.0,5.0,1.0,2.0,1.0,0.0,1.0,0.0,0.0,0.0,0.0,84.12,54.55,27.5,33.33,0.0,60.0,55.56,50.0,0.0878847034835508,1.4648551287930496,0.0,9.0,0.2035793,6.0,6.0,17.0,0.4529078099999999,58.0,12.994652406417112,2.647058823529412,24.06417112299465,1.443850267379679,34.41176470588235,1.2032085561497323,0.481283422459893,3.1283422459893044,0.2406417112299465,0.0,0.7219251336898395,0.7219251336898395,3.6096256684491976,0.962566844919786,0.481283422459893,1.6844919786096255,1.2032085561497323,0.2406417112299465,0.481283422459893,0.2406417112299465,0.0,0.2406417112299465,0.0,0.0,0.0,0.0,84.12,54.55,27.5,33.33,0.0,60.0,55.56,50.0,0.0211487254372181,0.3525052448967231,0.0,2.1657754010695185,0.0489896711229946,1.443850267379679,1.443850267379679,4.090909090909091,0.1089885104278074,13.957219251336896,CM/AM,65,96,72,62,69,81,92,91,6,5,20,20,31,62,44,29,34,17,26,20,11,28,24,50,50,49,79,65,56,28,11,91,74,24,6,94,7,58,50,77,31,70,48,62,81,100,88,65,83,85,94,96,4,5,19,19,25,65,44,31,38,17,29,19,11,29,24,50,50,49,79,65,56,28,11,91,74,24,4,96,7,71,62,85,27,77,50,69,Czech League
Viktoria Plzeň,c6fx1460nlkawjgh67sp7a1hd,7jn5h7jsuo99i3pvnodqhhpuc,S. Pirgić,Stefan Pirgic,23,Midfielder,Serbia,Midfielder,36.0,0.0,29.0,5.0,65.0,1.0,0.0,0.0,0.0,0.0,0.0,0.0,9.0,2.0,2.0,225.0,7.0,5.0,0.0,1.0,0.0,0.0,0.0,0.0,0.0,0.0,0.0,84.42,50.0,0.0,0.0,0.0,56.25,16.67,33.33,0.0,0.0,0.0,0.0,0.0,0.0,0.0,0.0,0.0,0.0,14.4,0.0,11.6,2.0,26.0,0.4,0.0,0.0,0.0,0.0,0.0,0.0,3.6,0.8,0.8,2.8,2.0,0.0,0.4,0.0,0.0,0.0,0.0,0.0,0.0,0.0,84.42,50.0,0.0,0.0,0.0,56.25,16.67,33.33,0.0,0.0,0.0,0.0,0.0,0.0,0.0,0.0,0.0,0.0,DM/CM,11,23,12,20,18,14,36,6,3,14,5,5,6,6,23,64,38,8,8,6,17,9,39,48,52,52,58,59,23,8,17,67,9,12,3,8,6,3,3,9,3,3,3,3,42,23,30,58,33,26,36,6,3,14,5,5,21,24,42,94,83,8,12,6,17,9,39,48,52,52,58,59,23,8,17,67,9,12,3,8,6,3,3,9,3,3,3,3,Czech League
Viktoria Plzeň,c6fx1460nlkawjgh67sp7a1hd,7nw2ismkbgv3u53ua2glahbhm,Merchas Doski,Merchas Ghazi Salih Doski,26,Defender,Iraq,Defender,105.0,2.0,129.0,15.0,232.0,7.0,0.0,3.0,3.0,0.0,8.0,8.0,41.0,9.0,6.0,596.0,3.0,12.0,5.0,7.0,3.0,1.0,1.0,0.0,0.0,0.0,0.0,84.06,38.46,20.0,62.5,33.33,67.21,87.5,41.18,0.2033376068194017,0.2245016328189062,1.0,13.0,0.27518078,6.0,30.0,25.0,0.5440222499999999,92.0,15.855704697986578,0.3020134228187919,19.479865771812083,2.26510067114094,35.033557046979865,1.0570469798657718,0.0,0.4530201342281879,0.4530201342281879,0.0,1.2080536912751678,1.2080536912751678,6.191275167785236,1.359060402684564,0.906040268456376,0.4530201342281879,1.812080536912752,0.7550335570469799,1.0570469798657718,0.4530201342281879,0.1510067114093959,0.1510067114093959,0.0,0.0,0.0,0.0,84.06,38.46,20.0,62.5,33.33,67.21,87.5,41.18,0.0307053433116546,0.0339012532780227,0.1510067114093959,1.963087248322148,0.0415541446308724,0.906040268456376,4.530201342281879,3.7751677852349,0.0821510109060402,13.89261744966443,LB/LCB,78,50,95,72,90,60,38,40,42,10,78,72,92,40,72,15,85,90,60,82,60,62,38,50,52,52,55,45,42,95,68,95,100,5,25,45,57,90,85,95,95,85,45,70,60,45,85,65,70,45,38,25,25,10,65,60,95,35,60,15,75,85,45,80,55,55,38,50,52,52,55,45,42,95,68,95,100,5,20,35,55,85,80,85,90,70,40,60,Czech League
Viktoria Plzeň,c6fx1460nlkawjgh67sp7a1hd,96deivn85excx5vovtoh758no,A. Memić,Amar Memic,25,Midfielder,Bosnia and Herzegovina,Midfielder,60.0,6.0,122.0,6.0,176.0,10.0,3.0,13.0,14.0,9.0,12.0,13.0,25.0,18.0,7.0,618.0,21.0,7.0,4.0,1.0,5.0,5.0,1.0,1.0,0.0,0.0,0.0,75.21,28.57,18.18,33.33,35.71,44.64,55.56,25.0,1.175820037597613,1.2795782733596337,5.0,29.0,0.8820885499999999,6.0,17.0,23.0,1.09050105,75.0,8.737864077669903,0.8737864077669903,17.766990291262136,0.8737864077669903,25.63106796116505,1.4563106796116505,0.4368932038834952,1.8932038834951457,2.0388349514563107,1.3106796116504855,1.7475728155339807,1.8932038834951457,3.6407766990291264,2.621359223300971,1.019417475728155,3.058252427184466,1.019417475728155,0.5825242718446603,0.145631067961165,0.7281553398058253,0.7281553398058253,0.145631067961165,0.145631067961165,0.0,0.0,0.0,75.21,28.57,18.18,33.33,35.71,44.64,55.56,25.0,0.1712359278054776,0.186346350489267,0.7281553398058253,4.223300970873787,0.1284594975728155,0.8737864077669903,2.475728155339806,3.3495145631067964,0.1588108325242718,10.92233009708738,RM/RCM,62,88,75,50,75,88,100,100,100,100,62,62,75,100,81,81,88,50,31,94,100,44,81,56,56,56,38,25,62,44,62,62,100,25,100,100,88,100,100,81,75,94,100,62,50,88,75,50,62,88,100,100,100,100,50,50,25,75,62,62,50,38,25,75,75,25,75,56,56,56,38,25,62,44,62,62,100,25,75,100,50,100,100,62,50,75,88,50,Czech League
Viktoria Plzeň,c6fx1460nlkawjgh67sp7a1hd,a3q75g4ni6a5w8ajin85rsacq,C. Kabongo,Christophe Kabongo,23,Attacker,Czechia,Striker,21.0,0.0,44.0,2.0,65.0,7.0,0.0,0.0,7.0,7.0,11.0,12.0,27.0,2.0,2.0,355.0,18.0,4.0,4.0,5.0,0.0,5.0,0.0,3.0,0.0,0.0,0.0,83.33,66.67,0.0,36.36,71.43,48.21,63.64,41.67,0.7412264586116003,0.0,2.0,14.0,0.31927653,5.0,6.0,3.0,0.1257038999999999,25.0,5.323943661971831,0.0,11.154929577464788,0.5070422535211268,16.47887323943662,1.7746478873239435,0.0,0.0,1.7746478873239435,1.7746478873239435,2.788732394366197,3.0422535211267605,6.845070422535211,0.5070422535211268,0.5070422535211268,4.563380281690141,1.0140845070422535,1.0140845070422535,1.2676056338028168,0.0,1.2676056338028168,0.0,0.7605633802816901,0.0,0.0,0.0,83.33,66.67,0.0,36.36,71.43,48.21,63.64,41.67,0.187916566971955,0.0,0.5070422535211268,3.549295774647887,0.0809433456338028,1.2676056338028168,1.5211267605633805,0.7605633802816901,0.0318685943661971,6.338028169014084,ST,68,26,72,57,72,62,34,4,30,44,77,78,80,22,78,45,28,68,90,10,73,13,84,51,51,49,93,80,26,39,100,83,98,37,29,4,48,91,83,87,72,38,32,67,76,26,76,61,76,63,34,4,29,49,71,73,90,22,83,51,39,68,95,10,88,13,95,51,51,49,93,80,26,39,100,83,98,37,29,4,46,95,85,90,85,37,32,73,Czech League
Viktoria Plzeň,c6fx1460nlkawjgh67sp7a1hd,a9l9kaebv2dlo434goqe0z33e,C. Souaré,Cheick Souaré,24,Midfielder,France,Midfielder,28.0,1.0,79.0,6.0,106.0,3.0,2.0,9.0,13.0,9.0,1.0,2.0,8.0,4.0,1.0,320.0,18.0,3.0,0.0,0.0,4.0,3.0,6.0,1.0,0.0,0.0,0.0,82.81,66.67,7.69,0.0,23.08,47.06,60.0,0.0,1.007613986470652,0.8793498322978485,6.0,11.0,0.34669649,6.0,8.0,11.0,0.63767456,49.0,7.875,0.28125,22.21875,1.6875,29.8125,0.84375,0.5625,2.53125,3.65625,2.53125,0.28125,0.5625,2.25,1.125,0.28125,5.0625,0.84375,0.0,0.0,1.125,0.84375,1.6875,0.28125,0.0,0.0,0.0,82.81,66.67,7.69,0.0,23.08,47.06,60.0,0.0,0.2833914336948708,0.2473171403337699,1.6875,3.09375,0.0975083878125,1.6875,2.25,3.09375,0.17934597,13.78125,CM/AM,33,25,60,62,48,54,92,69,88,91,5,11,9,62,23,80,22,4,3,61,69,95,64,50,50,49,69,92,21,4,41,50,83,3,81,71,92,78,85,77,43,42,69,49,31,25,80,75,62,71,100,88,100,96,6,10,8,77,27,96,29,4,3,85,77,100,71,50,50,49,69,92,21,4,41,50,83,3,90,88,96,88,92,96,54,58,83,67,Czech League
Viktoria Plzeň,c6fx1460nlkawjgh67sp7a1hd,ab470admyu96ui8vuuybym2vo,K. Spáčil,Karel Spácil,23,Defender,Czechia,Defender,105.0,1.0,52.0,12.0,156.0,6.0,0.0,2.0,2.0,2.0,2.0,2.0,12.0,15.0,4.0,285.0,4.0,2.0,1.0,2.0,0.0,1.0,0.0,0.0,0.0,0.0,0.0,85.25,48.0,100.0,50.0,50.0,63.16,85.71,66.67,0.1707988545237475,0.2214160457426915,0.0,3.0,0.05968183,1.0,13.0,13.0,0.3208468199999999,87.0,33.15789473684211,0.3157894736842105,16.42105263157895,3.789473684210527,49.26315789473684,1.8947368421052635,0.0,0.6315789473684211,0.6315789473684211,0.6315789473684211,0.6315789473684211,0.6315789473684211,3.789473684210527,4.736842105263158,1.2631578947368425,1.2631578947368425,0.6315789473684211,0.3157894736842105,0.6315789473684211,0.0,0.3157894736842105,0.0,0.0,0.0,0.0,0.0,85.25,48.0,100.0,50.0,50.0,63.16,85.71,66.67,0.0539364803759202,0.0699208565503236,0.0,0.9473684210526316,0.0188468936842105,0.3157894736842105,4.105263157894737,4.105263157894737,0.1013200484210526,27.47368421052632,LB/LCB,78,30,15,52,55,52,38,22,20,52,15,15,12,60,42,25,15,30,8,15,60,22,38,50,52,52,70,80,98,78,80,80,95,25,15,40,18,30,25,28,50,28,20,60,95,50,75,85,95,80,38,45,50,95,25,15,35,85,95,50,40,50,20,15,80,22,38,50,52,52,70,80,98,78,80,80,95,25,30,55,18,50,35,35,80,80,50,95,Czech League
Viktoria Plzeň,c6fx1460nlkawjgh67sp7a1hd,ama1ibpjcfu206icrfmkgfavp,P. Hrošovský,Patrik Hrosovsky,34,Midfielder,Slovakia,Midfielder,124.0,11.0,177.0,11.0,290.0,2.0,1.0,16.0,11.0,4.0,5.0,5.0,18.0,3.0,6.0,688.0,13.0,7.0,3.0,5.0,7.0,3.0,4.0,1.0,0.0,0.0,0.0,86.31,39.29,32.35,60.0,27.27,50.0,40.0,71.43,0.9175808882886288,1.4105263820081106,3.0,16.0,0.3916706,7.0,38.0,37.0,1.6521419500000003,167.0,16.22093023255814,1.438953488372093,23.15406976744186,1.438953488372093,37.93604651162791,0.2616279069767441,0.130813953488372,2.093023255813953,1.438953488372093,0.5232558139534883,0.6540697674418604,0.6540697674418604,2.3546511627906974,0.3924418604651162,0.7848837209302325,1.7005813953488371,0.9156976744186046,0.3924418604651162,0.6540697674418604,0.9156976744186046,0.3924418604651162,0.5232558139534883,0.130813953488372,0.0,0.0,0.0,86.31,39.29,32.35,60.0,27.27,50.0,40.0,71.43,0.1200323836424078,0.1845165325301307,0.3924418604651162,2.093023255813953,0.0512359796511627,0.9156976744186046,4.970930232558139,4.840116279069767,0.2161232202034884,21.84593023255814,DM/CM,76,95,91,61,79,29,83,100,86,80,61,56,36,17,61,91,67,55,47,85,80,88,85,48,52,52,71,30,82,61,55,36,30,67,82,94,61,94,97,85,86,88,97,79,55,97,82,30,64,15,76,97,70,70,36,36,9,3,39,70,33,39,24,73,73,79,82,48,52,52,71,30,82,61,55,36,30,67,70,94,52,82,85,73,76,76,91,73,Czech League
Viktoria Plzeň,c6fx1460nlkawjgh67sp7a1hd,btl07lxy29q5k36jjicd4ht78,S. Dweh,Sampson Dweh,24,Defender,Liberia,Defender,351.0,0.0,191.0,29.0,542.0,27.0,0.0,2.0,6.0,6.0,5.0,5.0,53.0,59.0,16.0,720.0,15.0,2.0,5.0,8.0,0.0,2.0,2.0,1.0,0.0,0.0,0.0,91.4,63.04,0.0,100.0,33.33,65.43,69.23,42.11,0.9717913424240194,0.2167072423815026,1.0,2.0,0.03805479,2.0,35.0,23.0,0.9891851799999998,349.0,43.875,0.0,23.875,3.625,67.75,3.375,0.0,0.25,0.75,0.75,0.625,0.625,6.625,7.375,2.0,1.875,0.25,0.625,1.0,0.0,0.25,0.25,0.125,0.0,0.0,0.0,91.4,63.04,0.0,100.0,33.33,65.43,69.23,42.11,0.1214739178030024,0.0270884052976878,0.125,0.25,0.00475684875,0.25,4.375,2.875,0.1236481474999999,43.625,CB,100,27,100,96,100,96,41,43,79,88,84,82,100,100,98,91,14,94,77,25,80,88,84,46,51,51,83,85,27,91,67,81,80,21,94,56,72,41,35,69,93,71,94,100,92,27,92,77,94,94,41,21,64,78,71,71,88,96,88,83,6,88,61,25,64,85,73,46,51,51,83,85,27,91,67,81,80,21,83,40,61,35,31,55,82,50,85,92,Czech League
Viktoria Plzeň,c6fx1460nlkawjgh67sp7a1hd,cx081k5lkivuv5esvs04s7r3d,T. Ladra,Tomás Ladra,29,Attacker,Czechia,Striker,13.0,2.0,84.0,16.0,95.0,1.0,0.0,7.0,13.0,3.0,9.0,9.0,14.0,4.0,2.0,371.0,11.0,4.0,6.0,1.0,10.0,2.0,7.0,1.0,0.0,0.0,1.0,74.8,66.67,10.0,66.67,15.38,41.18,16.67,33.33,0.8703049930588215,0.7116978895279135,8.0,11.0,0.4089251499999999,6.0,22.0,24.0,0.9418752499999996,58.0,3.1536388140161726,0.4851752021563343,20.37735849056604,3.8814016172506745,23.04582210242588,0.2425876010781671,0.0,1.69811320754717,3.1536388140161726,0.7277628032345014,2.183288409703504,2.183288409703504,3.39622641509434,0.9703504043126686,0.4851752021563343,2.6684636118598384,0.9703504043126686,1.4555256064690028,0.2425876010781671,2.425876010781672,0.4851752021563343,1.69811320754717,0.2425876010781671,0.0,0.0,0.2425876010781671,74.8,66.67,10.0,66.67,15.38,41.18,16.67,33.33,0.2111252004724904,0.1726490837129709,1.9407008086253368,2.6684636118598384,0.0992001711590296,1.4555256064690028,5.336927223719677,5.822102425876011,0.2284872574123988,14.070080862533697,ST,43,78,93,100,83,7,34,78,72,13,70,62,20,61,78,17,28,84,28,100,34,99,48,51,51,99,66,80,54,93,17,51,12,28,41,88,96,85,90,91,100,100,95,100,34,76,100,100,100,7,34,93,83,7,59,54,20,56,80,5,37,85,29,100,34,100,49,51,51,100,66,80,54,93,17,51,12,28,37,95,100,88,93,95,100,100,98,100,Czech League
Viktoria Plzeň,c6fx1460nlkawjgh67sp7a1hd,dw2kvzu6l204zcj1a9hztxfkk,T. Pališčák,Tobiás Paliscák,18,Defender,Slovakia,Defender,68.0,0.0,57.0,6.0,125.0,7.0,0.0,0.0,2.0,2.0,4.0,4.0,15.0,12.0,3.0,210.0,2.0,1.0,3.0,2.0,0.0,0.0,0.0,0.0,0.0,0.0,0.0,88.65,75.0,0.0,75.0,0.0,65.22,58.33,50.0,0.3089851578085487,0.0,0.0,3.0,0.06098838,3.0,13.0,13.0,0.25336721,66.0,29.142857142857142,0.0,24.428571428571427,2.571428571428571,53.57142857142857,3.0,0.0,0.0,0.8571428571428571,0.8571428571428571,1.7142857142857142,1.7142857142857142,6.428571428571428,5.142857142857142,1.2857142857142856,0.8571428571428571,0.4285714285714285,1.2857142857142856,0.8571428571428571,0.0,0.0,0.0,0.0,0.0,0.0,0.0,88.65,75.0,0.0,75.0,0.0,65.22,58.33,50.0,0.132422210489378,0.0,0.0,1.2857142857142856,0.0261378771428571,1.2857142857142856,5.571428571428571,5.571428571428571,0.1085859471428571,28.285714285714285,RB/RCB,46,19,31,12,38,46,46,12,42,62,58,58,19,15,27,27,12,77,8,27,31,35,46,50,54,54,100,100,19,85,31,92,85,19,69,12,31,38,23,69,38,23,15,38,92,19,100,62,100,77,46,12,69,85,77,77,77,69,77,69,23,100,15,27,31,35,46,50,54,54,100,100,19,85,31,92,85,19,92,12,31,69,62,92,100,92,23,92,Czech League
Zbrojovka Brno,6k350zwynsc23f0sxw9akgc6y,56rghk02z5qvuwesnawoswfhm,J. Klíma,Jakub Klíma,28,Defender,Czechia,Defender,118.0,3.0,91.0,10.0,206.0,8.0,0.0,3.0,1.0,0.0,8.0,9.0,32.0,30.0,12.0,700.0,0.0,8.0,5.0,8.0,1.0,0.0,0.0,0.0,0.0,0.0,0.0,77.44,34.48,25.0,62.5,0.0,52.46,57.14,72.73,0.0836570102496967,0.3586054757852821,0.0,10.0,0.22683114,3.0,21.0,31.0,0.95124771,119.0,15.17142857142857,0.3857142857142857,11.7,1.2857142857142858,26.485714285714288,1.0285714285714287,0.0,0.3857142857142857,0.1285714285714286,0.0,1.0285714285714287,1.1571428571428573,4.114285714285715,3.857142857142857,1.542857142857143,0.0,1.0285714285714287,0.6428571428571429,1.0285714285714287,0.1285714285714286,0.0,0.0,0.0,0.0,0.0,0.0,77.44,34.48,25.0,62.5,0.0,52.46,57.14,72.73,0.0107559013178181,0.0461064183152505,0.0,1.2857142857142858,0.0291640037142857,0.3857142857142857,2.7,3.9857142857142858,0.122303277,15.3,RB/RCB,85,65,85,35,92,54,46,58,27,15,85,85,58,85,100,8,73,92,65,62,31,35,46,50,54,54,31,23,62,69,31,46,73,62,23,77,31,92,92,69,85,88,85,77,38,54,38,8,31,31,46,46,23,15,69,69,15,38,92,8,54,85,23,54,31,35,46,50,54,54,31,23,62,69,31,46,73,62,23,54,31,81,77,54,46,46,54,46,Czech League
Zbrojovka Brno,6k350zwynsc23f0sxw9akgc6y,6x8d55kfmrd1fys0ekt6bpa3u,Š. Langer,Stepán Langer,26,Midfielder,Czechia,Midfielder,30.0,0.0,31.0,1.0,61.0,3.0,0.0,0.0,3.0,1.0,6.0,7.0,15.0,3.0,1.0,273.0,8.0,10.0,1.0,1.0,2.0,0.0,3.0,0.0,0.0,0.0,0.0,69.32,12.5,0.0,16.67,0.0,45.45,42.86,100.0,0.1777921150588419,0.0,2.0,0.0,0.0,0.0,5.0,6.0,0.14713521,24.0,9.89010989010989,0.0,10.21978021978022,0.3296703296703296,20.10989010989011,0.989010989010989,0.0,0.0,0.989010989010989,0.3296703296703296,1.978021978021978,2.307692307692308,4.945054945054945,0.989010989010989,0.3296703296703296,2.6373626373626373,3.296703296703297,0.3296703296703296,0.3296703296703296,0.6593406593406593,0.0,0.989010989010989,0.0,0.0,0.0,0.0,69.32,12.5,0.0,16.67,0.0,45.45,42.86,100.0,0.0586127851842335,0.0,0.6593406593406593,0.0,0.0,0.0,1.6483516483516485,1.978021978021978,0.0485061131868131,7.912087912087912,CM/AM,39,10,12,6,17,54,25,2,17,15,32,35,31,46,23,39,75,17,9,32,11,66,24,50,50,49,10,6,10,10,11,40,60,94,17,3,43,3,3,4,20,14,8,19,55,10,17,10,33,75,25,2,23,17,56,65,59,67,31,58,94,21,15,46,11,92,24,50,50,49,10,6,10,10,11,40,60,94,12,3,65,3,3,4,33,20,10,25,Czech League
Zbrojovka Brno,6k350zwynsc23f0sxw9akgc6y,6xe9jlpa7tsm2jww8dxs28yxh,P. Čavoš,Patrik Cavos,31,Midfielder,Czechia,Midfielder,61.0,0.0,43.0,12.0,104.0,4.0,0.0,1.0,6.0,2.0,5.0,5.0,28.0,10.0,7.0,457.0,9.0,7.0,3.0,11.0,4.0,1.0,2.0,0.0,0.0,0.0,0.0,81.25,52.17,0.0,60.0,16.67,51.85,30.77,73.33,0.421029438391939,0.06346612534079,2.0,3.0,0.05945024,0.0,8.0,9.0,0.172731,57.0,12.01312910284464,0.0,8.468271334792123,2.3632385120350112,20.48140043763676,0.7877461706783371,0.0,0.1969365426695842,1.1816192560175056,0.3938730853391685,0.9846827133479212,0.9846827133479212,5.514223194748359,1.9693654266958425,1.3785557986870898,1.7724288840262583,1.3785557986870898,0.5908096280087528,2.166301969365427,0.7877461706783371,0.1969365426695842,0.3938730853391685,0.0,0.0,0.0,0.0,81.25,52.17,0.0,60.0,16.67,51.85,30.77,73.33,0.0829160819590252,0.0124987993012496,0.3938730853391685,0.5908096280087528,0.011707924726477,0.0,1.5754923413566742,1.7724288840262583,0.0340170459518599,11.225382932166305,DM/CM,39,23,24,71,24,56,36,18,59,53,61,56,68,65,74,77,67,55,95,62,45,53,39,48,52,52,42,67,23,61,39,52,21,73,52,21,45,17,15,9,27,24,18,30,30,23,6,76,9,55,36,15,58,52,67,64,76,76,94,76,70,67,100,61,45,55,39,48,52,52,42,67,23,61,39,52,21,73,48,18,55,18,12,9,15,18,15,21,Czech League
Zbrojovka Brno,6k350zwynsc23f0sxw9akgc6y,7mrry8ob9798f759i6qgx9c0k,T. Vachoušek,Tadeás Vachousek,22,Attacker,Czechia,Striker,26.0,0.0,64.0,2.0,90.0,5.0,2.0,7.0,8.0,3.0,18.0,19.0,24.0,3.0,2.0,509.0,17.0,4.0,9.0,2.0,5.0,4.0,0.0,1.0,0.0,0.0,0.0,73.17,40.0,0.0,50.0,50.0,42.11,31.25,33.33,0.7534065653048013,0.6240166416626839,4.0,7.0,0.17614008,5.0,8.0,9.0,0.66986391,36.0,4.597249508840864,0.0,11.316306483300588,0.3536345776031434,15.913555992141452,0.8840864440078585,0.3536345776031434,1.237721021611002,1.4145383104125735,0.5304518664047151,3.1827111984282905,3.3595284872298623,4.243614931237721,0.5304518664047151,0.3536345776031434,3.0058939096267188,0.7072691552062867,1.5913555992141453,0.3536345776031434,0.8840864440078585,0.7072691552062867,0.0,0.1768172888015717,0.0,0.0,0.0,73.17,40.0,0.0,50.0,50.0,42.11,31.25,33.33,0.1332153062424992,0.1103369307458576,0.7072691552062867,1.237721021611002,0.0311446113948919,0.8840864440078585,1.4145383104125735,1.5913555992141453,0.11844352043222,6.365422396856581,ST,83,26,83,57,80,48,98,78,39,13,94,93,72,40,78,40,28,95,49,93,61,13,48,51,51,49,61,52,26,76,82,59,28,28,32,78,80,73,59,87,85,73,88,80,63,26,78,44,68,34,95,68,12,2,80,83,41,24,68,12,15,93,34,88,56,13,34,51,51,49,61,52,26,76,82,59,28,28,10,68,63,68,56,78,80,73,85,76,Czech League
Zbrojovka Brno,6k350zwynsc23f0sxw9akgc6y,8745dcpgyzxlfyx3z16xbtsk5,J. Janetzký,Jakub Janetzky,29,Midfielder,Czechia,Midfielder,117.0,0.0,91.0,10.0,208.0,4.0,0.0,3.0,1.0,0.0,3.0,3.0,13.0,6.0,7.0,470.0,2.0,5.0,1.0,3.0,1.0,0.0,0.0,0.0,0.0,0.0,0.0,86.31,55.56,0.0,33.33,0.0,46.43,44.44,100.0,0.061299450762845,0.1395127079698525,0.0,7.0,0.14755504,2.0,16.0,15.0,0.6128383200000002,104.0,22.40425531914893,0.0,17.425531914893618,1.9148936170212765,39.82978723404256,0.7659574468085106,0.0,0.5744680851063829,0.1914893617021276,0.0,0.5744680851063829,0.5744680851063829,2.48936170212766,1.1489361702127658,1.3404255319148937,0.3829787234042553,0.9574468085106382,0.1914893617021276,0.5744680851063829,0.1914893617021276,0.0,0.0,0.0,0.0,0.0,0.0,86.31,55.56,0.0,33.33,0.0,46.43,44.44,100.0,0.0117381926992681,0.0267151993984823,0.0,1.3404255319148937,0.0282552204255319,0.3829787234042553,3.0638297872340425,2.872340425531915,0.1173520187234042,19.91489361702128,DM/CM,67,23,55,47,61,56,36,33,8,14,27,27,11,42,74,18,38,21,21,18,17,9,39,48,52,52,71,73,23,24,17,23,41,98,6,27,6,53,52,36,55,42,45,61,82,23,52,55,70,52,36,33,6,14,30,30,12,36,88,15,36,15,21,15,17,9,39,48,52,52,71,73,23,24,17,23,41,98,6,24,6,52,36,30,58,45,55,64,Czech League
Zbrojovka Brno,6k350zwynsc23f0sxw9akgc6y,8juh3g4obrxod9f2xq0q3kkq1,A. Vaníček,Antonín Vanícek,28,Midfielder,Czechia,Midfielder,23.0,6.0,61.0,4.0,78.0,4.0,1.0,7.0,12.0,7.0,10.0,10.0,26.0,4.0,0.0,432.0,14.0,9.0,4.0,6.0,5.0,5.0,3.0,3.0,0.0,0.0,0.0,66.1,28.57,28.57,40.0,41.67,47.27,57.14,66.67,0.9245854580209396,0.7414415629108966,4.0,9.0,0.25460842,1.0,5.0,6.0,0.4399426000000001,22.0,4.791666666666667,1.25,12.708333333333334,0.8333333333333334,16.25,0.8333333333333334,0.2083333333333333,1.4583333333333337,2.5,1.4583333333333337,2.083333333333333,2.083333333333333,5.416666666666667,0.8333333333333334,0.0,2.916666666666667,1.875,0.8333333333333334,1.25,1.0416666666666667,1.0416666666666667,0.625,0.625,0.0,0.0,0.0,66.1,28.57,28.57,40.0,41.67,47.27,57.14,66.67,0.1926219704210291,0.1544669922731034,0.8333333333333334,1.875,0.0530434208333333,0.2083333333333333,1.0416666666666667,1.25,0.0916547083333333,4.583333333333334,CM/AM,22,77,39,43,29,69,69,58,81,78,72,66,71,62,7,68,67,56,80,75,86,66,92,50,50,49,4,20,64,35,75,52,77,51,71,65,67,58,62,12,20,14,44,15,15,77,31,35,17,69,75,52,81,77,62,58,69,58,7,69,68,54,79,81,90,69,94,50,50,49,4,20,64,35,75,52,77,51,67,65,75,60,69,10,15,12,44,6,Czech League
Zbrojovka Brno,6k350zwynsc23f0sxw9akgc6y,978jpis015nzqhoyrc8holh5g,Kaká,Kauan Carneiro da Silva,21,Defender,Brazil,Defender,185.0,1.0,98.0,32.0,282.0,25.0,0.0,4.0,4.0,3.0,5.0,6.0,40.0,51.0,10.0,720.0,14.0,3.0,2.0,7.0,1.0,1.0,1.0,0.0,0.0,0.0,0.0,80.34,53.33,33.33,40.0,25.0,58.82,64.1,70.0,0.5197904487278953,0.179857077506785,1.0,2.0,0.05540588,0.0,21.0,22.0,0.6487946500000003,142.0,23.125,0.125,12.25,4.0,35.25,3.125,0.0,0.5,0.5,0.375,0.625,0.75,5.0,6.375,1.25,1.75,0.375,0.25,0.875,0.125,0.125,0.125,0.0,0.0,0.0,0.0,80.34,53.33,33.33,40.0,25.0,58.82,64.1,70.0,0.0649738060909869,0.0224821346883481,0.125,0.25,0.006925735,0.0,2.625,2.75,0.08109933125,17.75,LB/LCB,100,30,80,100,95,100,38,55,65,85,50,55,82,100,100,100,38,55,60,40,60,62,38,50,52,52,50,85,80,62,57,75,65,35,95,30,57,22,20,12,75,70,60,95,80,20,35,90,75,100,38,30,30,40,20,25,65,100,90,70,20,35,35,30,45,45,38,50,52,52,50,85,80,62,57,75,65,35,60,25,35,20,20,12,60,35,35,80,Czech League
Zbrojovka Brno,6k350zwynsc23f0sxw9akgc6y,9ctd54hlsaxfi1tsha385di7e,D. Vašulín,Daniel Vasulín,28,Attacker,Czechia,Striker,13.0,0.0,44.0,0.0,57.0,30.0,0.0,6.0,18.0,16.0,5.0,8.0,42.0,13.0,1.0,669.0,28.0,8.0,0.0,3.0,2.0,7.0,4.0,4.0,0.0,0.0,0.0,59.38,0.0,0.0,0.0,38.89,43.3,51.72,75.0,2.398978719170124,0.2841127355267724,2.0,2.0,0.04382219,1.0,5.0,4.0,0.1515189,25.0,1.748878923766816,0.0,5.9192825112107625,0.0,7.668161434977578,4.035874439461884,0.0,0.8071748878923767,2.42152466367713,2.1524663677130045,0.6726457399103138,1.0762331838565022,5.650224215246636,1.748878923766816,0.1345291479820627,3.7668161434977576,1.0762331838565022,0.0,0.4035874439461883,0.2690582959641255,0.9417040358744394,0.5381165919282511,0.5381165919282511,0.0,0.0,0.0,59.38,0.0,0.0,0.0,38.89,43.3,51.72,75.0,0.322732563117057,0.0382214442412698,0.2690582959641255,0.2690582959641255,0.005895361883408,0.1345291479820627,0.6726457399103138,0.5381165919282511,0.0203837085201793,3.363228699551569,ST,43,26,72,15,63,100,34,70,93,91,26,46,96,100,54,80,78,6,70,57,89,82,98,51,51,49,15,15,26,6,67,66,83,78,100,54,48,32,22,40,66,54,39,67,10,26,20,15,12,90,34,44,56,71,10,24,59,95,41,27,44,6,41,32,66,56,83,51,51,49,15,15,26,6,67,66,83,78,73,27,29,17,15,27,49,27,22,24,Czech League
Zbrojovka Brno,6k350zwynsc23f0sxw9akgc6y,9tjr2pq3er096jxb4vbgdfbpw,L. Saal,Lukás Saal,20,Midfielder,Czechia,Midfielder,30.0,2.0,34.0,4.0,62.0,0.0,0.0,4.0,2.0,1.0,0.0,0.0,6.0,2.0,0.0,238.0,2.0,1.0,0.0,3.0,1.0,1.0,1.0,0.0,0.0,0.0,0.0,75.61,40.0,100.0,0.0,50.0,37.5,0.0,60.0,0.1511130030208047,0.2523218388458584,1.0,5.0,0.10819638,4.0,6.0,9.0,0.22754765,32.0,11.344537815126053,0.7563025210084033,12.857142857142858,1.512605042016807,23.445378151260503,0.0,0.0,1.512605042016807,0.7563025210084033,0.3781512605042016,0.0,0.0,2.26890756302521,0.7563025210084033,0.0,0.7563025210084033,0.3781512605042016,0.0,1.134453781512605,0.3781512605042016,0.3781512605042016,0.3781512605042016,0.0,0.0,0.0,0.0,75.61,40.0,100.0,0.0,50.0,37.5,0.0,60.0,0.0571435725708925,0.0954158214122994,0.3781512605042016,1.8907563025210083,0.0409145974789915,1.512605042016807,2.26890756302521,3.403361344537815,0.0860474306722689,12.100840336134452,DM/CM,6,68,18,11,12,5,36,42,15,36,5,5,3,6,5,18,5,8,21,18,45,29,39,48,52,52,18,33,100,8,88,3,5,39,15,39,23,41,30,55,21,24,24,14,18,85,36,39,21,5,36,91,42,48,5,5,6,21,5,36,6,8,55,36,70,48,39,48,52,52,18,33,100,8,88,3,5,39,36,76,48,76,70,94,42,52,39,30,Czech League
Zbrojovka Brno,6k350zwynsc23f0sxw9akgc6y,bcluo7om6nax75ogy916qv9xw,L. Penxa,Lukás Penxa,22,Defender,Czechia,Defender,31.0,1.0,69.0,1.0,99.0,6.0,0.0,3.0,4.0,3.0,8.0,8.0,12.0,10.0,5.0,514.0,12.0,2.0,1.0,3.0,1.0,1.0,1.0,1.0,0.0,0.0,0.0,68.28,12.5,12.5,12.5,25.0,28.57,31.58,100.0,0.4861006644691047,0.1907054404380541,1.0,7.0,0.21887316,3.0,11.0,15.0,0.65250237,48.0,5.428015564202335,0.1750972762645914,12.081712062256807,0.1750972762645914,17.33463035019455,1.050583657587549,0.0,0.5252918287937743,0.7003891050583657,0.5252918287937743,1.4007782101167314,1.4007782101167314,2.1011673151750974,1.7509727626459144,0.8754863813229572,2.1011673151750974,0.3501945525291828,0.1750972762645914,0.5252918287937743,0.1750972762645914,0.1750972762645914,0.1750972762645914,0.1750972762645914,0.0,0.0,0.0,68.28,12.5,12.5,12.5,25.0,28.57,31.58,100.0,0.0851149023389482,0.0333920031895425,0.1750972762645914,1.22568093385214,0.0383240941634241,0.5252918287937743,1.9260700389105057,2.626459143968872,0.1142513877431906,8.40466926070039,LB/LCB,20,30,40,12,25,52,38,40,65,85,78,72,12,50,55,95,15,30,20,40,60,62,85,50,52,52,15,10,20,20,57,10,15,98,80,35,57,70,75,60,38,40,65,30,10,30,30,10,5,40,38,40,65,80,75,75,5,45,50,90,15,20,10,45,65,65,85,50,52,52,15,10,20,20,57,10,15,98,95,30,65,55,65,50,30,30,60,25,Czech League
Zbrojovka Brno,6k350zwynsc23f0sxw9akgc6y,cy5vomqx7zkwmooy89tjcl250,L. Ezeh,Lucky Ezeh,22,Attacker,Nigeria,Striker,8.0,2.0,19.0,0.0,25.0,7.0,0.0,2.0,4.0,4.0,1.0,1.0,11.0,4.0,0.0,200.0,9.0,4.0,0.0,0.0,0.0,2.0,0.0,1.0,0.0,0.0,0.0,67.57,0.0,66.67,0.0,50.0,52.38,70.0,0.0,0.5088076340152502,0.2458707004080425,0.0,2.0,0.06064062,1.0,2.0,1.0,0.19539248,13.0,3.6,0.8999999999999999,8.549999999999999,0.0,11.25,3.15,0.0,0.8999999999999999,1.7999999999999998,1.7999999999999998,0.4499999999999999,0.4499999999999999,4.95,1.7999999999999998,0.0,4.05,1.7999999999999998,0.0,0.0,0.0,0.8999999999999999,0.0,0.4499999999999999,0.0,0.0,0.0,67.57,0.0,66.67,0.0,50.0,52.38,70.0,0.0,0.2289634353068625,0.1106418151836191,0.0,0.8999999999999999,0.027288279,0.4499999999999999,0.8999999999999999,0.4499999999999999,0.087926616,5.85,ST,17,78,13,15,12,62,34,29,10,22,5,4,9,61,21,6,28,6,11,10,34,13,48,51,51,49,41,15,100,6,82,95,100,11,12,46,10,32,34,40,37,12,41,35,46,93,46,15,44,80,34,54,32,56,7,7,56,98,21,34,73,6,11,10,63,13,76,51,51,49,41,15,100,6,82,95,100,11,41,71,10,56,49,59,59,20,71,71,Czech League
Zbrojovka Brno,6k350zwynsc23f0sxw9akgc6y,ebsazlpxhbm1pozbtj8g3scq2,F. Vedral,Filip Vedral,29,Defender,Czechia,Defender,185.0,0.0,69.0,24.0,254.0,26.0,1.0,4.0,7.0,6.0,2.0,2.0,42.0,33.0,6.0,620.0,18.0,9.0,1.0,5.0,1.0,3.0,1.0,1.0,0.0,0.0,0.0,78.4,38.1,0.0,50.0,42.86,68.85,63.41,71.43,0.7443565066021056,0.3466586434594553,1.0,3.0,0.05491075,0.0,16.0,20.0,0.8465301599999999,146.0,26.854838709677416,0.0,10.016129032258064,3.4838709677419355,36.87096774193548,3.774193548387097,0.1451612903225806,0.5806451612903225,1.0161290322580645,0.8709677419354839,0.2903225806451612,0.2903225806451612,6.096774193548387,4.790322580645161,0.8709677419354839,2.6129032258064515,1.3064516129032258,0.1451612903225806,0.7258064516129031,0.1451612903225806,0.4354838709677419,0.1451612903225806,0.1451612903225806,0.0,0.0,0.0,78.4,38.1,0.0,50.0,42.86,68.85,63.41,71.43,0.1080517509583701,0.0503214159860499,0.1451612903225806,0.4354838709677419,0.0079709153225806,0.0,2.32258064516129,2.9032258064516125,0.1228834103225806,21.19354838709677,CB,67,27,48,81,62,94,89,78,88,88,50,50,86,59,50,98,80,51,56,67,98,73,84,46,51,51,23,15,27,56,75,92,71,73,79,79,72,49,42,16,56,59,85,54,56,27,31,71,48,98,83,65,83,85,43,43,79,44,41,98,75,52,50,62,90,73,77,46,51,51,23,15,27,56,75,92,71,73,73,69,69,42,38,16,44,52,83,50,Czech League
Zbrojovka Brno,6k350zwynsc23f0sxw9akgc6y,vncfk6axwmcp7u1i75qrjhii,A. Dante,Amadou Dante,25,Defender,Mali,Defender,76.0,10.0,82.0,12.0,148.0,8.0,2.0,10.0,3.0,1.0,10.0,10.0,41.0,38.0,8.0,637.0,4.0,5.0,3.0,18.0,2.0,2.0,0.0,0.0,0.0,0.0,0.0,75.51,40.0,31.25,30.0,66.67,58.57,80.0,72.0,0.1393546345200386,1.2719055203945122,1.0,6.0,0.204043,2.0,16.0,17.0,1.0709019000000002,75.0,10.737833594976452,1.4128728414442702,11.585557299843014,1.695447409733124,20.9105180533752,1.130298273155416,0.282574568288854,1.4128728414442702,0.423861852433281,0.141287284144427,1.4128728414442702,1.4128728414442702,5.792778649921507,5.368916797488226,1.130298273155416,0.565149136577708,0.7064364207221351,0.423861852433281,2.5431711145996863,0.282574568288854,0.282574568288854,0.0,0.0,0.0,0.0,0.0,75.51,40.0,31.25,30.0,66.67,58.57,80.0,72.0,0.0196890378442754,0.1797040766648447,0.141287284144427,0.847723704866562,0.0288286813186813,0.282574568288854,2.260596546310832,2.401883830455259,0.1513048210361068,10.596546310832023,LB/LCB,50,100,65,52,50,72,100,95,42,25,85,85,92,95,92,25,62,78,100,65,85,22,38,50,52,52,30,62,75,40,95,70,88,50,10,100,57,60,70,42,60,48,90,55,40,85,25,45,25,55,95,75,15,20,80,80,80,95,80,20,45,70,100,60,75,22,38,50,52,52,30,62,75,40,95,70,88,50,10,95,40,40,50,30,45,20,70,35,Czech League
Zlín,aj1nbeiatqrs6e47mnhjidn15,2xdnx2egg51d9cnec3h1lba3t,M. Pišoja,Marián Pisoja,26,Midfielder,Slovakia,Midfielder,57.0,7.0,98.0,10.0,148.0,12.0,2.0,9.0,3.0,2.0,15.0,16.0,31.0,9.0,0.0,569.0,5.0,5.0,5.0,5.0,1.0,0.0,1.0,0.0,0.0,0.0,0.0,75.13,38.46,18.92,33.33,0.0,38.75,48.0,55.56,0.2071336339410268,0.6459457642937557,1.0,7.0,0.18080494,5.0,17.0,19.0,0.45994423,74.0,9.015817223198594,1.1072056239015815,15.500878734622145,1.5817223198594026,23.40949033391916,1.898066783831283,0.3163444639718805,1.4235500878734624,0.4745166959578207,0.3163444639718805,2.372583479789104,2.530755711775044,4.903339191564148,1.4235500878734624,0.0,0.7908611599297013,0.7908611599297013,0.7908611599297013,0.7908611599297013,0.1581722319859402,0.0,0.1581722319859402,0.0,0.0,0.0,0.0,75.13,38.46,18.92,33.33,0.0,38.75,48.0,55.56,0.0327627891998109,0.1021706832802074,0.1581722319859402,1.1072056239015815,0.028598320913884,0.7908611599297013,2.688927943760984,3.005272407732865,0.0727504054481546,11.70474516695958,RM/RCM,50,100,62,75,50,100,88,88,31,50,88,88,88,56,19,44,50,75,62,19,12,44,38,56,56,56,25,62,75,44,12,38,75,50,38,88,25,38,38,56,75,75,38,50,62,100,50,75,38,100,88,88,25,50,62,62,88,62,19,38,38,62,62,12,12,38,38,56,56,56,25,62,75,44,12,38,75,50,25,75,12,25,12,50,62,62,12,62,Czech League
Zlín,aj1nbeiatqrs6e47mnhjidn15,5m8kpsvek9zb4778i3d5dylii,J. Kolář,Jakub Kolár,26,Defender,Czechia,Defender,97.0,0.0,37.0,15.0,134.0,9.0,0.0,0.0,1.0,1.0,0.0,0.0,22.0,25.0,3.0,364.0,3.0,11.0,0.0,2.0,0.0,1.0,0.0,0.0,1.0,0.0,0.0,85.35,60.0,0.0,0.0,100.0,73.33,75.0,100.0,0.1442913413538389,0.0,0.0,0.0,0.0,1.0,6.0,8.0,0.19691477,74.0,23.983516483516485,0.0,9.148351648351648,3.708791208791209,33.13186813186813,2.2252747252747254,0.0,0.0,0.2472527472527472,0.2472527472527472,0.0,0.0,5.43956043956044,6.181318681318682,0.7417582417582418,0.7417582417582418,2.71978021978022,0.0,0.4945054945054945,0.0,0.2472527472527472,0.0,0.0,0.2472527472527472,0.0,0.0,85.35,60.0,0.0,0.0,100.0,73.33,75.0,100.0,0.0356764305545206,0.0,0.0,0.0,0.0,0.2472527472527472,1.4835164835164836,1.978021978021978,0.0486877178571428,18.296703296703296,CB,40,27,10,53,29,48,41,7,22,31,11,11,39,36,23,27,94,20,24,25,53,31,36,96,51,51,46,79,27,20,97,98,90,98,31,7,29,10,10,45,14,24,6,25,50,27,17,79,40,60,41,7,25,31,11,11,60,75,33,44,98,20,31,25,58,31,36,100,51,51,46,79,27,20,97,98,90,98,33,7,29,10,10,52,19,23,15,31,Czech League
Zlín,aj1nbeiatqrs6e47mnhjidn15,6wa3jbzqeourfoynxh6bsu6tw,C. Nombil,Cletus Nombil,26,Midfielder,Ghana,Midfielder,84.0,0.0,60.0,11.0,144.0,6.0,0.0,1.0,3.0,0.0,4.0,4.0,42.0,12.0,6.0,519.0,1.0,9.0,3.0,9.0,3.0,1.0,2.0,0.0,0.0,0.0,0.0,75.0,42.31,0.0,75.0,33.33,65.62,66.67,37.5,0.1518682642698103,0.0267536197521938,3.0,4.0,0.0888817,3.0,14.0,15.0,0.2999387999999999,79.0,14.566473988439306,0.0,10.404624277456648,1.907514450867052,24.97109826589596,1.0404624277456649,0.0,0.1734104046242774,0.5202312138728323,0.0,0.6936416184971098,0.6936416184971098,7.283236994219653,2.0809248554913293,1.0404624277456649,0.1734104046242774,1.560693641618497,0.5202312138728323,1.560693641618497,0.5202312138728323,0.1734104046242774,0.3468208092485549,0.0,0.0,0.0,0.0,75.0,42.31,0.0,75.0,33.33,65.62,66.67,37.5,0.0263355371566145,0.0046393560263919,0.5202312138728323,0.6936416184971098,0.0154130115606936,0.5202312138728323,2.4277456647398843,2.601156069364162,0.0520125086705202,13.69942196531792,DM/CM,55,23,33,61,48,76,36,18,29,14,41,39,94,77,61,9,80,55,82,48,45,53,39,48,52,52,15,36,23,74,70,92,91,15,18,15,61,27,27,45,45,42,30,52,45,23,18,52,27,67,36,12,21,14,45,45,100,85,64,9,73,58,73,48,42,45,39,48,52,52,15,36,23,74,70,92,91,15,15,15,61,24,18,42,45,36,24,42,Czech League
Zlín,aj1nbeiatqrs6e47mnhjidn15,7tc1glrem1sc2vev7j2we0pux,M. Fukala,Michal Fukala,25,Defender,Czechia,Defender,46.0,1.0,43.0,6.0,88.0,14.0,0.0,4.0,10.0,5.0,1.0,1.0,31.0,29.0,9.0,535.0,8.0,6.0,0.0,10.0,5.0,3.0,3.0,1.0,0.0,0.0,0.0,70.97,40.0,20.0,0.0,30.0,58.49,73.68,83.33,0.7300914823828839,0.4223698498242053,2.0,1.0,0.02122129,2.0,10.0,6.0,0.2801207999999999,43.0,7.738317757009345,0.1682242990654205,7.233644859813084,1.0093457943925233,14.80373831775701,2.355140186915888,0.0,0.6728971962616822,1.6822429906542056,0.8411214953271028,0.1682242990654205,0.1682242990654205,5.214953271028037,4.878504672897196,1.514018691588785,1.3457943925233644,1.0093457943925233,0.0,1.6822429906542056,0.8411214953271028,0.5046728971962616,0.5046728971962616,0.1682242990654205,0.0,0.0,0.0,70.97,40.0,20.0,0.0,30.0,58.49,73.68,83.33,0.1228191278774944,0.0710528719330438,0.3364485981308411,0.1682242990654205,0.003569936635514,0.3364485981308411,1.6822429906542056,1.0093457943925233,0.0471231252336448,7.233644859813084,CB,6,68,25,20,8,71,41,78,95,79,33,33,59,45,76,70,62,20,84,98,98,95,84,46,51,51,2,23,61,20,59,56,88,91,77,94,92,28,28,69,36,9,33,12,6,71,6,12,6,71,41,75,96,83,35,35,54,46,79,62,52,20,88,98,96,92,83,46,51,51,2,23,61,20,59,56,88,91,85,88,85,27,27,71,31,6,8,8,Czech League
Zlín,aj1nbeiatqrs6e47mnhjidn15,80cmrj6gc8fb953dr7h91ual0,T. Hellebrand,Tomás Hellebrand,19,Midfielder,Czechia,Midfielder,37.0,0.0,23.0,3.0,60.0,1.0,0.0,0.0,7.0,1.0,3.0,3.0,15.0,3.0,2.0,201.0,2.0,6.0,1.0,4.0,6.0,0.0,5.0,0.0,0.0,0.0,0.0,89.55,100.0,0.0,33.33,0.0,55.56,50.0,57.14,0.4989209771641529,0.0,4.0,4.0,0.07842462,1.0,3.0,3.0,0.04870923,19.0,16.567164179104477,0.0,10.298507462686567,1.343283582089552,26.86567164179104,0.4477611940298507,0.0,0.0,3.134328358208955,0.4477611940298507,1.343283582089552,1.343283582089552,6.716417910447761,1.343283582089552,0.8955223880597015,0.8955223880597015,2.686567164179104,0.4477611940298507,1.791044776119403,2.686567164179104,0.0,2.238805970149253,0.0,0.0,0.0,0.0,89.55,100.0,0.0,33.33,0.0,55.56,50.0,57.14,0.223397452461561,0.0,1.791044776119403,1.791044776119403,0.0351155014925373,0.4477611940298507,1.343283582089552,1.343283582089552,0.0218101029850746,8.507462686567164,DM/CM,15,23,3,6,6,14,36,6,67,36,27,27,20,17,23,18,53,21,35,76,17,95,39,48,52,52,91,98,23,24,17,64,58,36,58,8,73,27,18,23,6,8,6,6,61,23,15,24,36,33,36,6,97,67,76,76,97,39,55,45,94,52,88,100,17,100,39,48,52,52,91,98,23,24,17,64,58,36,97,8,100,70,55,36,9,9,9,12,Czech League
Zlín,aj1nbeiatqrs6e47mnhjidn15,8mh53t7xicq7stqgqxqcer9ck,T. Ulbrich,Tom Ulbrich,28,Midfielder,Czechia,Midfielder,22.0,1.0,38.0,4.0,59.0,5.0,0.0,3.0,10.0,7.0,9.0,11.0,22.0,2.0,0.0,384.0,11.0,6.0,5.0,2.0,3.0,0.0,4.0,0.0,0.0,0.0,0.0,72.84,80.0,33.33,55.56,0.0,52.38,45.45,33.33,0.8914535448467285,0.2094191625632687,1.0,4.0,0.10502424,2.0,7.0,10.0,0.3516088,24.0,5.15625,0.234375,8.90625,0.9375,13.828125,1.171875,0.0,0.703125,2.34375,1.640625,2.109375,2.578125,5.15625,0.46875,0.0,2.578125,1.40625,1.171875,0.46875,0.703125,0.0,0.9375,0.0,0.0,0.0,0.0,72.84,80.0,33.33,55.56,0.0,52.38,45.45,33.33,0.208934424573452,0.0490826162257661,0.234375,0.9375,0.02461505625,0.46875,1.640625,2.34375,0.0824083125,5.625,CM/AM,19,25,16,43,15,81,25,24,71,78,62,71,57,28,7,54,42,69,26,46,11,86,24,50,50,49,19,99,79,64,11,71,65,10,65,17,25,21,17,32,38,35,35,19,21,23,12,40,12,83,25,23,76,83,67,71,65,27,7,54,48,73,27,54,11,88,24,50,50,49,19,99,79,64,11,71,65,10,79,17,19,25,23,33,31,38,35,15,Czech League
Zlín,aj1nbeiatqrs6e47mnhjidn15,abm9chfqtlt7fwzwu00vx0e6t,T. Poznar,Tomás Poznar,37,Attacker,Czechia,Striker,4.0,0.0,22.0,1.0,26.0,12.0,0.0,1.0,7.0,7.0,2.0,2.0,17.0,4.0,0.0,242.0,10.0,6.0,0.0,0.0,0.0,0.0,4.0,0.0,0.0,0.0,0.0,54.17,50.0,0.0,0.0,0.0,42.5,52.17,0.0,0.6493774348755902,0.1330896193227493,0.0,1.0,0.02401521,1.0,1.0,2.0,0.0609604299999999,7.0,1.487603305785124,0.0,8.181818181818182,0.371900826446281,9.669421487603303,4.462809917355371,0.0,0.371900826446281,2.603305785123967,2.603305785123967,0.743801652892562,0.743801652892562,6.322314049586776,1.487603305785124,0.0,3.7190082644628095,2.2314049586776856,0.0,0.0,0.0,0.0,1.487603305785124,0.0,0.0,0.0,0.0,54.17,50.0,0.0,0.0,0.0,42.5,52.17,0.0,0.241504004705798,0.0494961394175513,0.0,0.371900826446281,0.0089312764462809,0.371900826446281,0.371900826446281,0.743801652892562,0.0226712342975206,2.603305785123967,ST,2,26,20,37,15,83,34,12,30,44,10,9,38,61,21,11,55,6,11,10,5,82,15,51,51,49,7,62,26,6,5,61,85,11,24,22,10,17,17,40,16,23,12,5,7,26,44,46,29,98,34,15,63,83,12,10,83,80,21,24,83,6,11,10,5,98,15,51,51,49,7,62,26,6,5,61,85,11,49,37,10,27,27,51,22,34,24,17,Czech League
Zlín,aj1nbeiatqrs6e47mnhjidn15,bygzs11udr93gchudpxaqhk6i,J. Černín,Jakub Cernín,27,Defender,Czechia,Defender,170.0,0.0,83.0,41.0,253.0,24.0,0.0,3.0,7.0,7.0,3.0,3.0,41.0,44.0,10.0,707.0,15.0,10.0,1.0,4.0,0.0,2.0,0.0,2.0,0.0,0.0,0.0,71.07,40.59,0.0,33.33,28.57,53.25,58.54,57.14,0.8262383194287828,0.1272326605337887,0.0,2.0,0.04336653,2.0,35.0,43.0,0.6503459400000001,152.0,21.640735502121643,0.0,10.565770862800566,5.21923620933522,32.206506364922205,3.0551626591230554,0.0,0.3818953323903819,0.8910891089108911,0.8910891089108911,0.3818953323903819,0.3818953323903819,5.21923620933522,5.601131541725602,1.272984441301273,1.9094766619519088,1.272984441301273,0.1272984441301273,0.5091937765205092,0.0,0.2545968882602546,0.0,0.2545968882602546,0.0,0.0,0.0,71.07,40.59,0.0,33.33,28.57,53.25,58.54,57.14,0.1051788525439751,0.0161965197284879,0.0,0.2545968882602546,0.0055204917963224,0.2545968882602546,4.455445544554456,5.473833097595474,0.0827880263083451,19.34936350777935,CB,62,27,64,100,60,90,41,58,88,94,62,61,83,83,82,91,90,51,44,25,80,31,99,46,51,51,4,27,27,47,56,27,58,50,85,40,29,41,38,69,93,98,69,58,35,27,35,96,38,83,41,48,71,88,54,54,56,56,67,85,69,46,40,25,73,31,96,46,51,51,4,27,27,47,56,27,58,50,67,27,29,38,35,60,85,90,50,38,Czech League
Zlín,aj1nbeiatqrs6e47mnhjidn15,d8wsi1tx3s8xh4cqcn9d55lp0,S. Petruța,Stanislav Petruta,20,Midfielder,Moldova,Midfielder,40.0,2.0,40.0,4.0,78.0,3.0,0.0,3.0,7.0,3.0,9.0,9.0,21.0,7.0,6.0,364.0,5.0,7.0,2.0,5.0,4.0,2.0,3.0,1.0,0.0,0.0,0.0,78.0,36.36,25.0,22.22,28.57,40.38,60.0,55.56,0.613474256504825,0.2558043649545597,1.0,2.0,0.04813761,2.0,5.0,8.0,0.13461784,25.0,9.89010989010989,0.4945054945054945,9.89010989010989,0.989010989010989,19.285714285714285,0.7417582417582418,0.0,0.7417582417582418,1.7307692307692308,0.7417582417582418,2.2252747252747254,2.2252747252747254,5.1923076923076925,1.7307692307692308,1.4835164835164836,1.2362637362637363,1.7307692307692308,0.4945054945054945,1.2362637362637363,0.989010989010989,0.4945054945054945,0.7417582417582418,0.2472527472527472,0.0,0.0,0.0,78.0,36.36,25.0,22.22,28.57,40.38,60.0,55.56,0.1516831952896545,0.0632483319942592,0.2472527472527472,0.4945054945054945,0.0119021563186813,0.4945054945054945,1.2362637362637363,1.978021978021978,0.0332846307692307,6.181318681318682,CM/AM,44,40,19,43,29,54,25,24,43,41,62,57,52,83,91,16,50,30,71,61,49,66,64,50,50,49,38,29,54,12,53,22,83,36,44,23,25,10,8,32,20,29,4,23,55,46,15,44,27,65,25,25,60,50,69,62,67,90,100,23,65,33,77,73,56,77,65,50,50,49,38,29,54,12,53,22,83,36,60,21,22,11,8,38,18,20,2,17,Czech League
Zlín,aj1nbeiatqrs6e47mnhjidn15,e9hgvxi5mkl4ug3f452sofytw,F. Appiah,Frank Appiah,24,Midfielder,Ghana,Midfielder,29.0,9.0,47.0,3.0,67.0,2.0,1.0,11.0,8.0,5.0,30.0,32.0,37.0,1.0,1.0,522.0,15.0,8.0,18.0,7.0,3.0,1.0,1.0,1.0,0.0,0.0,0.0,72.83,37.5,34.62,60.0,12.5,46.84,66.67,77.78,0.6157530147553909,1.074473851978771,5.0,10.0,0.27602619,1.0,4.0,7.0,0.95572771,31.0,5.0,1.5517241379310345,8.10344827586207,0.5172413793103449,11.551724137931036,0.3448275862068966,0.1724137931034483,1.896551724137931,1.3793103448275863,0.8620689655172414,5.172413793103448,5.517241379310345,6.379310344827586,0.1724137931034483,0.1724137931034483,2.586206896551724,1.3793103448275863,3.103448275862069,1.206896551724138,0.5172413793103449,0.1724137931034483,0.1724137931034483,0.1724137931034483,0.0,0.0,0.0,72.83,37.5,34.62,60.0,12.5,46.84,66.67,77.78,0.1061643128888605,0.1852541124101329,0.8620689655172414,1.7241379310344829,0.0475907224137931,0.1724137931034483,0.6896551724137931,1.206896551724138,0.1647806396551724,5.344827586206897,CM/AM,35,92,23,30,19,36,69,78,51,62,100,100,94,12,23,72,57,100,88,46,28,28,64,50,50,49,17,33,83,70,23,46,92,79,46,79,80,70,73,12,10,22,79,27,19,88,8,20,4,27,69,73,38,58,100,100,88,6,23,56,44,99,75,32,23,25,60,50,50,49,17,33,83,70,23,46,92,79,38,75,79,56,58,8,10,10,73,10,Czech League
Zlín,aj1nbeiatqrs6e47mnhjidn15,edv4vmda1c38t630v2epovh79,M. Kopečný,Milos Kopecny,32,Defender,Czechia,Defender,71.0,3.0,71.0,13.0,139.0,9.0,0.0,2.0,4.0,2.0,4.0,4.0,33.0,16.0,5.0,588.0,4.0,9.0,1.0,10.0,2.0,0.0,2.0,0.0,0.0,0.0,0.0,78.98,52.0,27.27,25.0,0.0,58.93,50.0,66.67,0.3036045472082878,0.1303972532704687,1.0,8.0,0.19270546,8.0,19.0,22.0,0.75540909,71.0,10.86734693877551,0.4591836734693877,10.86734693877551,1.989795918367347,21.27551020408164,1.3775510204081634,0.0,0.3061224489795918,0.6122448979591837,0.3061224489795918,0.6122448979591837,0.6122448979591837,5.051020408163265,2.4489795918367347,0.7653061224489796,0.6122448979591837,1.3775510204081634,0.1530612244897959,1.530612244897959,0.3061224489795918,0.0,0.3061224489795918,0.0,0.0,0.0,0.0,78.98,52.0,27.27,25.0,0.0,58.93,50.0,66.67,0.0464700837563705,0.0199587632556839,0.1530612244897959,1.2244897959183674,0.0294957336734693,1.2244897959183674,2.9081632653061225,3.36734693877551,0.1156238403061224,10.86734693877551,RB/RCB,54,65,46,69,46,65,46,35,73,62,58,58,69,35,50,62,85,27,85,77,31,96,46,50,54,54,62,85,69,23,31,69,38,46,62,31,73,77,85,100,69,58,54,46,31,69,15,46,15,46,46,38,54,54,46,46,38,15,31,31,77,31,69,77,31,100,46,50,54,54,62,85,69,23,31,69,38,46,38,23,62,62,85,85,62,31,31,23,Czech League
Zlín,aj1nbeiatqrs6e47mnhjidn15,ejoci42pug77q1jpcr27vpc5x,A. Křapka,Antonín Krapka,32,Defender,Czechia,Defender,63.0,0.0,38.0,18.0,101.0,3.0,0.0,1.0,2.0,1.0,1.0,1.0,3.0,16.0,0.0,254.0,4.0,0.0,0.0,0.0,1.0,0.0,0.0,0.0,0.0,0.0,0.0,78.91,51.43,0.0,0.0,0.0,30.0,50.0,0.0,0.1620284274492178,0.1106046277113997,1.0,0.0,0.0,0.0,6.0,7.0,0.2174681099999999,57.0,22.32283464566929,0.0,13.464566929133856,6.377952755905511,35.78740157480315,1.062992125984252,0.0,0.3543307086614173,0.7086614173228346,0.3543307086614173,0.3543307086614173,0.3543307086614173,1.062992125984252,5.669291338582677,0.0,1.4173228346456692,0.0,0.0,0.0,0.3543307086614173,0.0,0.0,0.0,0.0,0.0,0.0,78.91,51.43,0.0,0.0,0.0,30.0,50.0,0.0,0.0574116475213763,0.0391906161182124,0.3543307086614173,0.0,0.0,0.0,2.125984251968504,2.4803149606299213,0.077055629527559,20.196850393700785,CB,19,27,17,66,17,17,41,23,38,31,33,33,2,31,5,41,3,20,4,67,21,31,36,46,51,51,29,62,27,20,21,2,24,4,35,38,72,10,10,16,14,16,17,18,42,27,54,98,46,23,41,42,58,42,50,50,2,62,5,69,3,20,4,83,21,31,36,46,51,51,29,62,27,20,21,2,24,4,48,62,90,10,10,16,40,40,44,46,Czech League
Zlín,aj1nbeiatqrs6e47mnhjidn15,evl8feb4btmjfp6yz61syf0iy,M. Cupák,Michal Cupák,27,Midfielder,Czechia,Midfielder,25.0,0.0,30.0,4.0,55.0,2.0,0.0,1.0,3.0,1.0,1.0,2.0,14.0,1.0,2.0,259.0,3.0,4.0,1.0,4.0,2.0,0.0,1.0,0.0,0.0,0.0,0.0,79.71,80.0,0.0,100.0,0.0,43.75,22.22,57.14,0.2008714635019332,0.0379385231463478,1.0,0.0,0.0,0.0,6.0,7.0,0.17350441,21.0,8.687258687258687,0.0,10.424710424710424,1.38996138996139,19.11196911196912,0.694980694980695,0.0,0.3474903474903475,1.0424710424710424,0.3474903474903475,0.3474903474903475,0.694980694980695,4.864864864864865,0.3474903474903475,0.694980694980695,1.0424710424710424,1.38996138996139,0.3474903474903475,1.38996138996139,0.694980694980695,0.0,0.3474903474903475,0.0,0.0,0.0,0.0,79.71,80.0,0.0,100.0,0.0,43.75,22.22,57.14,0.0698008946531814,0.0131832705913949,0.3474903474903475,0.0,0.0,0.0,2.0849420849420848,2.4324324324324325,0.0602911077220077,7.297297297297297,CM/AM,27,10,10,43,12,36,25,6,17,15,5,11,24,12,44,10,28,17,59,32,11,28,24,50,50,49,48,99,10,99,11,35,32,40,19,6,25,3,3,4,31,22,12,12,44,10,19,62,25,62,25,8,25,19,8,17,56,21,62,12,46,25,83,52,11,38,24,50,50,49,48,99,10,99,11,35,32,40,23,8,33,3,3,4,46,42,17,23,Czech League
Zlín,aj1nbeiatqrs6e47mnhjidn15,f083847g81mziziz7yugnkmj8,O. Kukučka,Ondrej Kukucka,22,Defender,Czechia,Defender,80.0,2.0,46.0,11.0,124.0,8.0,0.0,3.0,1.0,1.0,3.0,3.0,18.0,29.0,2.0,405.0,1.0,0.0,0.0,7.0,0.0,0.0,1.0,0.0,0.0,0.0,0.0,77.99,42.31,22.22,0.0,0.0,58.06,80.0,70.0,0.122355423146639,0.2149453540786559,0.0,1.0,0.02122129,1.0,14.0,15.0,0.54999452,83.0,17.77777777777778,0.4444444444444444,10.22222222222222,2.4444444444444446,27.55555555555556,1.7777777777777777,0.0,0.6666666666666666,0.2222222222222222,0.2222222222222222,0.6666666666666666,0.6666666666666666,4.0,6.444444444444445,0.4444444444444444,0.2222222222222222,0.0,0.0,1.5555555555555556,0.0,0.0,0.2222222222222222,0.0,0.0,0.0,0.0,77.99,42.31,22.22,0.0,0.0,58.06,80.0,70.0,0.0271900940325864,0.0477656342397013,0.0,0.2222222222222222,0.0047158422222222,0.2222222222222222,3.111111111111111,3.333333333333333,0.1222210044444444,18.444444444444443,CB,28,85,27,44,23,39,41,58,22,31,62,61,28,45,14,8,3,20,73,25,21,73,36,46,51,51,21,32,68,20,21,52,95,69,25,54,29,28,28,45,54,47,65,33,25,90,33,46,21,44,41,70,23,29,73,73,35,83,10,4,3,20,83,25,21,83,36,46,51,51,21,32,68,20,21,52,95,69,27,67,29,33,29,48,58,58,79,33,Czech League
Zlín,aj1nbeiatqrs6e47mnhjidn15,r2qv824sfah5ofxkyd7e08pg,D. Šmiga,Daniel Smiga,22,Attacker,Czechia,Striker,5.0,1.0,17.0,0.0,21.0,5.0,0.0,4.0,14.0,11.0,15.0,15.0,19.0,0.0,0.0,420.0,26.0,3.0,8.0,1.0,3.0,5.0,4.0,1.0,0.0,0.0,0.0,56.76,0.0,33.33,53.33,35.71,27.14,19.23,33.33,1.437944898153502,0.3528628323902786,7.0,2.0,0.07502923,0.0,1.0,1.0,0.23186065,8.0,1.0714285714285714,0.2142857142857142,3.642857142857143,0.0,4.5,1.0714285714285714,0.0,0.8571428571428571,3.0,2.357142857142857,3.214285714285714,3.214285714285714,4.071428571428571,0.0,0.0,5.571428571428571,0.6428571428571428,1.7142857142857142,0.2142857142857142,0.6428571428571428,1.0714285714285714,0.8571428571428571,0.2142857142857142,0.0,0.0,0.0,56.76,0.0,33.33,53.33,35.71,27.14,19.23,33.33,0.3081310496043218,0.0756134640836311,1.5,0.4285714285714285,0.0160776921428571,0.0,0.2142857142857142,0.2142857142857142,0.049684425,1.7142857142857142,ST,5,57,10,15,4,48,34,51,78,77,85,82,48,5,21,77,12,90,28,76,73,82,48,51,51,49,12,15,82,85,57,7,15,28,63,61,93,32,41,13,16,12,51,9,2,56,5,15,2,41,34,49,78,73,85,78,39,5,21,73,10,95,24,71,73,76,41,51,51,49,12,15,82,85,57,7,15,28,61,56,95,32,32,13,7,10,49,7,Czech League
Jablonec,bdz8tx20ekj1ryi2e2u13jdl,1jjin4rv03nnpbdgr7qr0gzys,D. Pavlović,Dusan Pavlovic,22,Defender,Serbia,Defender,290.0,0.0,103.0,24.0,393.0,11.0,0.0,0.0,4.0,4.0,0.0,0.0,23.0,45.0,7.0,714.0,4.0,5.0,0.0,4.0,0.0,2.0,0.0,0.0,0.0,0.0,0.0,87.14,40.0,0.0,0.0,50.0,53.49,52.38,50.0,0.558005898986133,0.0,0.0,6.0,0.11424279,2.0,24.0,22.0,0.5021029,251.0,36.55462184873949,0.0,12.983193277310924,3.0252100840336134,49.53781512605042,1.3865546218487397,0.0,0.0,0.5042016806722689,0.5042016806722689,0.0,0.0,2.899159663865546,5.672268907563025,0.8823529411764706,0.5042016806722689,0.6302521008403361,0.0,0.5042016806722689,0.0,0.2521008403361344,0.0,0.0,0.0,0.0,0.0,87.14,40.0,0.0,0.0,50.0,53.49,52.38,50.0,0.0703368780234621,0.0,0.0,0.7563025210084033,0.0144003516806722,0.2521008403361344,3.0252100840336134,2.773109243697479,0.063290281512605,31.63865546218487,CB,94,27,81,81,90,57,41,7,65,74,11,11,44,85,60,41,50,20,44,25,80,31,36,46,51,51,54,23,27,20,84,31,31,32,71,7,29,78,71,69,77,68,54,90,83,27,50,58,77,33,41,7,51,60,11,11,10,65,46,19,23,20,38,25,70,31,36,46,51,51,54,23,27,20,84,31,31,32,56,7,29,74,60,58,56,46,33,79,Czech League
Jablonec,bdz8tx20ekj1ryi2e2u13jdl,3p95pudljhqzrnegmko7z56uh,R. Sedláček,Richard Sedlácek,27,Midfielder,Czechia,Midfielder,183.0,3.0,160.0,27.0,340.0,2.0,2.0,8.0,5.0,2.0,4.0,4.0,28.0,13.0,9.0,621.0,4.0,8.0,3.0,10.0,3.0,0.0,4.0,0.0,0.0,0.0,0.0,85.21,50.0,50.0,75.0,0.0,49.12,33.33,66.67,0.3411870412374543,0.5255362424894374,2.0,7.0,0.14592414,7.0,38.0,36.0,0.9707959999999998,190.0,26.52173913043478,0.4347826086956521,23.18840579710145,3.913043478260869,49.27536231884058,0.2898550724637681,0.2898550724637681,1.1594202898550725,0.7246376811594203,0.2898550724637681,0.5797101449275363,0.5797101449275363,4.057971014492753,1.884057971014493,1.3043478260869563,0.5797101449275363,1.1594202898550725,0.4347826086956521,1.4492753623188406,0.4347826086956521,0.0,0.5797101449275363,0.0,0.0,0.0,0.0,85.21,50.0,50.0,75.0,0.0,49.12,33.33,66.67,0.0494473972807904,0.0761646728245561,0.2898550724637681,1.0144927536231882,0.0211484260869565,1.0144927536231882,5.507246376811594,5.217391304347826,0.140695072463768,27.53623188405797,DM/CM,89,80,82,94,88,29,98,88,47,53,41,39,68,85,91,39,76,55,89,48,17,88,39,48,52,52,64,59,95,74,17,30,26,58,42,64,45,53,48,85,86,85,76,88,91,73,85,94,91,18,100,76,36,42,33,33,45,64,79,24,58,42,67,39,17,85,39,48,52,52,64,59,95,74,17,30,26,58,33,55,36,36,27,76,85,85,67,88,Czech League
Jablonec,bdz8tx20ekj1ryi2e2u13jdl,467ykpwj32c3eip2ga0yts60a,S. Alioum,Saidou Alioum,23,Attacker,Cameroon,Striker,12.0,6.0,40.0,2.0,46.0,1.0,0.0,9.0,9.0,8.0,10.0,10.0,20.0,1.0,2.0,286.0,17.0,9.0,5.0,3.0,1.0,2.0,2.0,1.0,0.0,0.0,0.0,83.64,50.0,50.0,50.0,22.22,41.67,11.11,60.0,0.9855027361314196,1.1786106539496166,3.0,12.0,0.38676131,2.0,5.0,3.0,1.33703122,21.0,3.776223776223776,1.888111888111888,12.587412587412588,0.6293706293706294,14.475524475524477,0.3146853146853147,0.0,2.8321678321678325,2.8321678321678325,2.517482517482517,3.146853146853147,3.146853146853147,6.293706293706294,0.3146853146853147,0.6293706293706294,5.34965034965035,2.8321678321678325,1.5734265734265735,0.944055944055944,0.3146853146853147,0.6293706293706294,0.6293706293706294,0.3146853146853147,0.0,0.0,0.0,83.64,50.0,50.0,50.0,22.22,41.67,11.11,60.0,0.3101232386427544,0.3708914645295996,0.944055944055944,3.776223776223776,0.1217081045454545,0.6293706293706294,1.5734265734265735,0.944055944055944,0.4207440902097902,6.608391608391609,ST,35,96,62,57,46,7,34,98,44,54,73,72,55,11,78,40,89,78,70,32,34,51,48,51,51,49,98,62,94,76,28,56,6,60,44,98,67,88,85,61,66,38,100,60,49,98,85,71,61,12,34,98,76,78,78,76,80,10,90,71,95,90,80,37,44,61,59,51,51,49,98,62,94,76,28,56,6,60,63,100,78,98,98,68,88,46,100,83,Czech League
Jablonec,bdz8tx20ekj1ryi2e2u13jdl,5ioykn5eaz0k05yczz2ce1uy1,A. Růsek,Antonín Rusek,27,Attacker,Czechia,Striker,36.0,2.0,40.0,3.0,74.0,3.0,0.0,2.0,6.0,4.0,5.0,5.0,17.0,3.0,0.0,340.0,11.0,7.0,2.0,4.0,2.0,2.0,2.0,1.0,0.0,0.0,0.0,77.08,60.0,33.33,40.0,33.33,44.74,33.33,80.0,0.5509853113716586,0.2019830704047083,3.0,3.0,0.05772713,1.0,10.0,11.0,0.22456896,30.0,9.529411764705882,0.5294117647058824,10.588235294117649,0.7941176470588236,19.58823529411765,0.7941176470588236,0.0,0.5294117647058824,1.5882352941176472,1.0588235294117647,1.3235294117647058,1.3235294117647058,4.5,0.7941176470588236,0.0,2.911764705882353,1.8529411764705883,0.5294117647058824,1.0588235294117647,0.5294117647058824,0.5294117647058824,0.5294117647058824,0.2647058823529412,0.0,0.0,0.0,77.08,60.0,33.33,40.0,33.33,44.74,33.33,80.0,0.1458490530101449,0.0534661068718345,0.7941176470588236,0.7941176470588236,0.0152807108823529,0.2647058823529412,2.647058823529412,2.911764705882353,0.0594447247058823,7.9411764705882355,ST,91,78,62,77,76,24,34,29,21,22,26,23,38,40,21,17,67,35,82,57,34,51,48,51,51,49,78,71,82,55,46,73,33,84,20,39,67,49,32,40,94,87,46,76,100,80,73,80,88,29,34,32,22,22,37,34,46,51,21,7,76,39,88,61,39,54,54,51,51,49,78,71,82,55,46,73,33,84,17,41,66,41,29,39,95,95,54,93,Czech League
Jablonec,bdz8tx20ekj1ryi2e2u13jdl,5m0z9znbaneiy3yj0xbuas9re,N. Tekijaški,Nemanja Tekijaski,29,Defender,Serbia,Defender,226.0,1.0,90.0,27.0,315.0,18.0,0.0,5.0,6.0,5.0,2.0,2.0,37.0,39.0,6.0,540.0,9.0,12.0,2.0,3.0,1.0,2.0,0.0,0.0,0.0,0.0,0.0,87.74,56.25,25.0,100.0,33.33,62.71,52.94,50.0,0.7208803583816743,0.4622077569430309,1.0,10.0,0.30717463,7.0,22.0,28.0,0.64442749,223.0,37.66666666666666,0.1666666666666666,15.0,4.5,52.5,3.0,0.0,0.8333333333333334,1.0,0.8333333333333334,0.3333333333333333,0.3333333333333333,6.166666666666667,6.5,1.0,1.5,2.0,0.3333333333333333,0.5,0.1666666666666666,0.3333333333333333,0.0,0.0,0.0,0.0,0.0,87.74,56.25,25.0,100.0,33.33,62.71,52.94,50.0,0.1201467263969457,0.0770346261571718,0.1666666666666666,1.6666666666666667,0.0511957716666666,1.1666666666666667,3.6666666666666665,4.666666666666667,0.1074045816666666,37.16666666666666,CB,79,68,69,90,77,81,41,95,79,79,50,50,74,77,50,73,96,71,33,67,80,31,36,46,51,51,58,71,71,91,67,73,33,32,75,96,72,96,98,96,71,80,67,83,85,68,67,92,85,81,41,92,81,81,48,48,85,88,53,75,94,71,34,68,80,31,36,46,51,51,58,71,71,91,67,73,33,32,81,94,74,92,96,98,69,79,69,88,Czech League
Jablonec,bdz8tx20ekj1ryi2e2u13jdl,5nb8n31f2vntmbe008uxee5ed,J. Suchan,Jan Suchan,30,Midfielder,Czechia,Midfielder,42.0,3.0,82.0,6.0,121.0,7.0,2.0,12.0,10.0,6.0,6.0,7.0,32.0,3.0,3.0,355.0,11.0,18.0,5.0,2.0,4.0,4.0,3.0,1.0,0.0,0.0,0.0,81.21,54.55,20.0,83.33,40.0,74.42,77.78,100.0,0.966769444243786,1.1660012561659936,3.0,5.0,0.17169203,2.0,12.0,18.0,0.69159729,49.0,10.647887323943662,0.7605633802816901,20.7887323943662,1.5211267605633805,30.676056338028168,1.7746478873239435,0.5070422535211268,3.0422535211267605,2.535211267605633,1.5211267605633805,1.5211267605633805,1.7746478873239435,8.112676056338028,0.7605633802816901,0.7605633802816901,2.788732394366197,4.563380281690141,1.2676056338028168,0.5070422535211268,1.0140845070422535,1.0140845070422535,0.7605633802816901,0.2535211267605634,0.0,0.0,0.0,81.21,54.55,20.0,83.33,40.0,74.42,77.78,100.0,0.2450964788223682,0.2956059522674349,0.7605633802816901,1.2676056338028168,0.0435275569014084,0.5070422535211268,3.0422535211267605,4.563380281690141,0.1753345242253521,12.422535211267604,CM/AM,47,54,66,62,56,93,92,84,71,70,32,35,83,46,65,54,96,69,26,61,78,66,64,50,50,49,60,65,36,96,70,100,99,94,79,83,55,29,35,32,53,75,71,49,62,56,73,71,69,92,98,94,83,81,42,46,98,52,69,62,100,77,33,75,85,82,67,50,50,49,60,65,36,96,70,100,99,94,85,94,69,33,50,40,79,83,79,54,Czech League
Jablonec,bdz8tx20ekj1ryi2e2u13jdl,713as8ulfv31hz6bahrctmimt,V. Tchanturishvili,Vakhtang Tchanturishvili,33,Midfielder,Georgia,Midfielder,111.0,8.0,97.0,12.0,200.0,3.0,0.0,5.0,11.0,3.0,13.0,13.0,28.0,16.0,11.0,650.0,7.0,5.0,7.0,8.0,8.0,4.0,3.0,0.0,0.0,0.0,0.0,78.74,29.27,42.11,53.85,36.36,53.85,42.86,61.54,0.725578048360494,0.6342436514503917,8.0,7.0,0.20351829,5.0,12.0,19.0,1.21580861,97.0,15.36923076923077,1.1076923076923078,13.430769230769233,1.6615384615384614,27.692307692307693,0.4153846153846153,0.0,0.6923076923076923,1.523076923076923,0.4153846153846153,1.8,1.8,3.876923076923077,2.2153846153846155,1.523076923076923,0.9692307692307692,0.6923076923076923,0.9692307692307692,1.1076923076923078,1.1076923076923078,0.5538461538461539,0.4153846153846153,0.0,0.0,0.0,0.0,78.74,29.27,42.11,53.85,36.36,53.85,42.86,61.54,0.1004646528499145,0.087818351739285,1.1076923076923078,0.9692307692307692,0.0281794555384615,0.6923076923076923,1.6615384615384614,2.6307692307692307,0.1683427306153846,13.430769230769233,DM/CM,64,91,59,71,58,42,36,52,86,68,98,98,68,91,98,64,38,100,73,91,89,74,39,48,52,52,27,12,88,48,79,56,35,42,76,85,92,53,58,68,39,48,91,55,48,88,42,45,42,30,36,39,73,58,94,92,36,88,97,52,24,94,52,82,85,61,39,48,52,52,27,12,88,48,79,56,35,42,64,67,85,33,33,55,21,39,79,39,Czech League
Jablonec,bdz8tx20ekj1ryi2e2u13jdl,7joketqhv90x0eyr2cuyxa25m,S. Nebyla,Sebastian Nebyla,24,Midfielder,Slovakia,Midfielder,63.0,6.0,82.0,6.0,139.0,2.0,1.0,13.0,5.0,4.0,2.0,2.0,13.0,3.0,4.0,461.0,10.0,6.0,1.0,3.0,1.0,0.0,3.0,0.0,0.0,0.0,0.0,88.54,54.55,40.0,50.0,0.0,41.94,33.33,75.0,0.3384189421653985,1.2184252171246572,0.0,10.0,0.2601521599999999,2.0,15.0,14.0,1.34574837,75.0,12.299349240780913,1.1713665943600868,16.008676789587852,1.1713665943600868,27.13665943600868,0.3904555314533623,0.1952277657266811,2.537960954446855,0.9761388286334056,0.7809110629067246,0.3904555314533623,0.3904555314533623,2.537960954446855,0.5856832971800434,0.7809110629067246,1.952277657266812,1.1713665943600868,0.1952277657266811,0.5856832971800434,0.1952277657266811,0.0,0.5856832971800434,0.0,0.0,0.0,0.0,88.54,54.55,40.0,50.0,0.0,41.94,33.33,75.0,0.0660687739585376,0.2378704328442931,0.0,1.952277657266812,0.05078892494577,0.3904555314533623,2.9284164859002173,2.733188720173536,0.262727447505423,14.642082429501086,CM/AM,78,77,66,62,67,36,69,91,27,53,14,11,21,46,78,48,42,17,46,20,11,66,24,50,50,49,100,65,91,51,11,25,50,72,25,90,7,70,69,32,76,53,94,77,73,75,50,52,56,31,73,90,21,52,10,6,15,38,71,44,35,10,35,15,11,67,24,50,50,49,100,65,91,51,11,25,50,72,21,85,7,65,65,25,71,54,96,75,Czech League
Jablonec,bdz8tx20ekj1ryi2e2u13jdl,8fofcgnxsc650zuzlm6i2ryp6,M. Cedidla,Martin Cedidla,24,Defender,Czechia,Defender,109.0,1.0,96.0,10.0,204.0,10.0,0.0,3.0,6.0,6.0,3.0,3.0,34.0,26.0,5.0,547.0,13.0,8.0,2.0,8.0,0.0,3.0,0.0,3.0,0.0,0.0,0.0,78.16,32.26,7.14,66.67,50.0,53.97,41.67,57.14,0.8043704780208614,0.2929600622658696,0.0,3.0,0.07559354,4.0,17.0,22.0,0.7600105199999999,114.0,17.93418647166362,0.1645338208409506,15.79524680073126,1.6453382084095065,33.564899451553934,1.6453382084095065,0.0,0.4936014625228519,0.9872029250457038,0.9872029250457038,0.4936014625228519,0.4936014625228519,5.594149908592322,4.2778793418647165,0.8226691042047533,2.1389396709323583,1.3162705667276051,0.3290676416819013,1.3162705667276051,0.0,0.4936014625228519,0.0,0.4936014625228519,0.0,0.0,0.0,78.16,32.26,7.14,66.67,50.0,53.97,41.67,57.14,0.1323461481204342,0.0482018383984063,0.0,0.4936014625228519,0.0124376939670932,0.6581352833638026,2.797074954296161,3.619744058500914,0.1250474347349177,18.75685557586837,RB/RCB,69,42,92,35,85,81,46,58,85,92,42,42,77,77,50,88,73,54,65,27,100,35,100,50,54,54,54,15,46,77,96,54,15,31,92,69,31,38,46,85,62,58,62,69,54,38,69,23,77,62,46,54,77,92,31,31,69,46,38,85,69,46,46,27,100,35,100,50,54,54,54,15,46,77,96,54,15,31,85,62,31,31,31,77,54,38,62,69,Czech League
Jablonec,bdz8tx20ekj1ryi2e2u13jdl,auy58bckt1kkwg0get5g05pl,M. Polidar,Matej Polidar,26,Midfielder,Czechia,Midfielder,28.0,5.0,75.0,0.0,98.0,5.0,1.0,6.0,6.0,3.0,3.0,3.0,15.0,4.0,0.0,277.0,8.0,3.0,1.0,4.0,3.0,1.0,2.0,1.0,0.0,0.0,0.0,85.22,0.0,21.74,33.33,16.67,41.67,41.67,66.67,0.5021693551778514,0.6946080090924385,0.0,4.0,0.09610289,0.0,4.0,10.0,0.8519519099999998,39.0,9.097472924187723,1.624548736462094,24.36823104693141,0.0,31.84115523465704,1.624548736462094,0.3249097472924188,1.9494584837545128,1.9494584837545128,0.9747292418772564,0.9747292418772564,0.9747292418772564,4.873646209386282,1.2996389891696751,0.0,2.5992779783393503,0.9747292418772564,0.3249097472924188,1.2996389891696751,0.9747292418772564,0.3249097472924188,0.6498194945848376,0.3249097472924188,0.0,0.0,0.0,85.22,0.0,21.74,33.33,16.67,41.67,41.67,66.67,0.1631597182888325,0.2256849127015143,0.0,1.2996389891696751,0.0312247657039711,0.0,1.2996389891696751,3.249097472924188,0.2768074797833934,12.671480144404333,LB/LCB,10,78,55,5,20,38,85,72,95,85,20,20,20,12,8,68,38,30,32,82,60,85,85,50,52,52,65,5,50,50,45,20,30,25,85,85,18,40,40,12,15,20,75,20,30,95,95,5,65,65,100,100,100,100,50,45,60,30,8,100,60,55,70,100,85,90,100,50,52,52,65,5,50,50,45,20,30,25,100,100,18,60,55,12,15,55,100,50,Czech League
Jablonec,bdz8tx20ekj1ryi2e2u13jdl,bgjsocfbqa7vget1jf1n6o8dm,J. Sláma,Jirí Sláma,27,Defender,Czechia,Defender,50.0,4.0,66.0,9.0,112.0,4.0,0.0,7.0,5.0,1.0,5.0,5.0,21.0,6.0,3.0,376.0,5.0,8.0,2.0,5.0,4.0,0.0,3.0,0.0,0.0,0.0,0.0,67.88,27.27,15.38,40.0,0.0,46.67,40.0,71.43,0.2794639645655998,0.6729447635936445,2.0,0.0,0.0,2.0,9.0,13.0,0.7564661199999998,57.0,11.968085106382976,0.9574468085106382,15.797872340425531,2.154255319148936,26.80851063829787,0.9574468085106382,0.0,1.675531914893617,1.1968085106382975,0.2393617021276595,1.1968085106382975,1.1968085106382975,5.026595744680851,1.4361702127659577,0.7180851063829787,1.1968085106382975,1.9148936170212765,0.4787234042553191,1.1968085106382975,0.9574468085106382,0.0,0.7180851063829787,0.0,0.0,0.0,0.0,67.88,27.27,15.38,40.0,0.0,46.67,40.0,71.43,0.0668929702417659,0.1610772040516702,0.4787234042553191,0.0,0.0,0.4787234042553191,2.154255319148936,3.111702127659574,0.1810690180851063,13.643617021276595,LB/LCB,30,68,35,42,35,22,38,82,85,25,50,40,45,28,30,38,80,55,40,92,22,95,38,50,52,52,10,20,25,62,22,25,25,45,50,75,88,8,8,42,25,28,70,38,50,70,70,60,50,30,38,90,95,30,60,55,70,40,35,45,85,75,60,95,22,100,38,50,52,52,10,20,25,62,22,25,25,45,65,90,95,8,8,45,35,50,85,55,Czech League
Jablonec,bdz8tx20ekj1ryi2e2u13jdl,blg56dgsdwg410mbybccbynf8,N. Okeke,Nelson Okeke,24,Midfielder,Nigeria,Midfielder,70.0,0.0,42.0,4.0,112.0,4.0,0.0,1.0,4.0,3.0,1.0,1.0,15.0,3.0,3.0,314.0,7.0,4.0,1.0,6.0,1.0,0.0,3.0,0.0,0.0,0.0,0.0,84.21,44.44,0.0,100.0,0.0,39.47,50.0,100.0,0.2875604724585104,0.0,1.0,2.0,0.13206623,1.0,5.0,3.0,0.1148743799999999,42.0,20.063694267515924,0.0,12.038216560509554,1.1464968152866242,32.101910828025474,1.1464968152866242,0.0,0.286624203821656,1.1464968152866242,0.8598726114649682,0.286624203821656,0.286624203821656,4.2993630573248405,0.8598726114649682,0.8598726114649682,2.006369426751592,1.1464968152866242,0.286624203821656,1.7197452229299364,0.286624203821656,0.0,0.8598726114649682,0.0,0.0,0.0,0.0,84.21,44.44,0.0,100.0,0.0,39.47,50.0,100.0,0.0824217914689997,0.0,0.286624203821656,0.5732484076433121,0.0378533780254777,0.286624203821656,1.4331210191082802,0.8598726114649682,0.0329257777070063,12.038216560509554,DM/CM,45,23,21,11,27,56,36,18,39,68,12,12,20,17,35,64,23,21,59,18,17,74,39,48,52,52,55,45,23,95,17,9,58,98,39,8,23,12,36,23,12,8,12,24,73,23,33,12,58,73,36,21,55,85,9,9,48,30,48,82,55,30,79,24,17,88,39,48,52,52,55,45,23,95,17,9,58,98,45,8,30,15,64,27,12,6,12,24,Czech League
Jablonec,bdz8tx20ekj1ryi2e2u13jdl,bqy1z1xzk1io11we0v5tjior9,F. Zorvan,Filip Zorvan,30,Midfielder,Czechia,Midfielder,42.0,2.0,54.0,9.0,94.0,1.0,0.0,3.0,1.0,1.0,2.0,2.0,11.0,2.0,2.0,228.0,2.0,6.0,1.0,2.0,0.0,0.0,0.0,0.0,0.0,0.0,0.0,75.2,56.25,18.18,50.0,0.0,55.0,25.0,66.67,0.1661307091504761,0.2994901499263953,0.0,2.0,0.04057261,1.0,13.0,17.0,0.30591946,47.0,16.578947368421055,0.7894736842105263,21.31578947368421,3.5526315789473686,37.10526315789474,0.3947368421052631,0.0,1.1842105263157896,0.3947368421052631,0.3947368421052631,0.7894736842105263,0.7894736842105263,4.342105263157895,0.7894736842105263,0.7894736842105263,0.7894736842105263,2.368421052631579,0.3947368421052631,0.7894736842105263,0.0,0.0,0.0,0.0,0.0,0.0,0.0,75.2,56.25,18.18,50.0,0.0,55.0,25.0,66.67,0.0655779115067668,0.118219796023577,0.0,0.7894736842105263,0.0160155039473684,0.3947368421052631,5.131578947368421,6.710526315789474,0.1207576815789473,18.55263157894737,CM/AM,47,40,27,79,40,23,25,24,6,15,14,11,17,28,44,6,42,17,26,7,11,10,24,50,50,49,27,69,31,51,11,81,38,51,15,27,7,10,6,12,59,70,29,44,90,60,75,98,88,33,25,42,6,24,21,21,45,56,74,5,79,27,53,7,11,10,24,50,50,49,27,69,31,51,11,81,38,51,19,48,7,21,15,27,94,98,58,90,Czech League
Jablonec,bdz8tx20ekj1ryi2e2u13jdl,c8s2egmvso9z18fn76uw4kded,F. Novák,Filip Novák,36,Defender,Czechia,Defender,122.0,3.0,47.0,9.0,166.0,8.0,0.0,4.0,2.0,1.0,0.0,0.0,14.0,34.0,4.0,357.0,1.0,5.0,0.0,1.0,1.0,1.0,0.0,1.0,0.0,0.0,0.0,91.71,52.94,30.0,0.0,50.0,46.67,44.44,50.0,0.1602858203447213,0.4796062984626567,1.0,3.0,0.08094733,3.0,7.0,8.0,0.24413505,82.0,30.7563025210084,0.7563025210084033,11.848739495798318,2.26890756302521,41.84873949579832,2.016806722689076,0.0,1.0084033613445378,0.5042016806722689,0.2521008403361344,0.0,0.0,3.5294117647058822,8.571428571428571,1.0084033613445378,0.2521008403361344,1.2605042016806722,0.0,0.2521008403361344,0.2521008403361344,0.2521008403361344,0.0,0.2521008403361344,0.0,0.0,0.0,91.71,52.94,30.0,0.0,50.0,46.67,44.44,50.0,0.0404081900028709,0.1209091508729386,0.2521008403361344,0.7563025210084033,0.0204068899159663,0.7563025210084033,1.7647058823529411,2.016806722689076,0.0615466512605041,20.672268907563023,CB,51,93,30,33,42,39,41,78,38,31,11,11,18,65,32,8,50,20,12,67,53,31,84,46,51,51,85,67,74,20,84,19,19,32,33,98,72,49,58,83,20,24,21,31,69,98,42,40,58,54,41,96,51,35,11,11,25,98,56,6,67,20,12,81,70,31,94,46,51,51,85,67,74,20,84,19,19,32,38,98,81,74,75,88,33,31,27,48,Czech League
Jablonec,bdz8tx20ekj1ryi2e2u13jdl,d9y3zs8qysymkc7kbprgtej9w,D. Hollý,Dominik Holly,22,Midfielder,Slovakia,Midfielder,11.0,0.0,17.0,0.0,28.0,5.0,1.0,4.0,6.0,6.0,2.0,2.0,14.0,0.0,2.0,201.0,10.0,6.0,0.0,3.0,0.0,1.0,0.0,0.0,0.0,0.0,0.0,60.87,0.0,0.0,0.0,16.67,48.28,62.5,100.0,0.8120586935888975,0.3821224628086744,1.0,1.0,0.25745362,0.0,0.0,1.0,0.1678188099999999,6.0,4.925373134328358,0.0,7.611940298507463,0.0,12.53731343283582,2.238805970149253,0.4477611940298507,1.791044776119403,2.686567164179104,2.686567164179104,0.8955223880597015,0.8955223880597015,6.26865671641791,0.0,0.8955223880597015,4.477611940298507,2.686567164179104,0.0,1.343283582089552,0.0,0.4477611940298507,0.0,0.0,0.0,0.0,0.0,60.87,0.0,0.0,0.0,16.67,48.28,62.5,100.0,0.3636083702636854,0.1710996102128393,0.4477611940298507,0.4477611940298507,0.1152777402985074,0.0,0.0,0.4477611940298507,0.0751427507462686,2.686567164179104,CM/AM,4,10,2,3,2,81,69,33,34,70,14,11,24,3,44,48,42,4,46,7,28,10,24,50,50,49,2,3,10,4,31,59,89,94,58,38,25,6,65,4,2,2,10,2,17,10,4,3,10,96,92,69,88,100,23,23,85,3,77,92,88,4,81,7,50,10,24,50,50,49,2,3,10,4,31,59,89,94,98,73,40,6,96,4,2,2,25,2,Czech League
Jablonec,bdz8tx20ekj1ryi2e2u13jdl,dcou83rgnu1d5q4p6q3ee8r1l,L. Jawo,Lamin Jawo,31,Attacker,Gambia,Striker,15.0,0.0,35.0,2.0,50.0,11.0,0.0,3.0,15.0,11.0,8.0,8.0,27.0,7.0,0.0,403.0,21.0,10.0,3.0,2.0,4.0,2.0,4.0,0.0,0.0,0.0,0.0,66.67,50.0,0.0,37.5,13.33,40.91,44.0,66.67,1.469923653330676,0.2251710541097142,5.0,1.0,0.02756312,2.0,2.0,5.0,0.06341894,12.0,3.349875930521092,0.0,7.816377171215881,0.4466501240694789,11.166253101736972,2.456575682382134,0.0,0.6699751861042184,3.349875930521092,2.456575682382134,1.7866004962779156,1.7866004962779156,6.029776674937965,1.563275434243176,0.0,4.689826302729529,2.2332506203473943,0.6699751861042184,0.4466501240694789,0.8933002481389578,0.4466501240694789,0.8933002481389578,0.0,0.0,0.0,0.0,66.67,50.0,0.0,37.5,13.33,40.91,44.0,66.67,0.3282707910664041,0.0502863396274795,1.1166253101736971,0.2233250620347394,0.0061555354838709,0.4466501240694789,0.4466501240694789,1.1166253101736971,0.0141630387096774,2.679900744416873,ST,52,26,51,57,51,80,34,44,83,77,57,46,80,83,21,57,96,54,49,85,34,82,15,51,51,49,35,62,26,46,12,49,54,70,66,41,88,17,20,61,37,62,15,28,39,26,39,56,41,76,34,39,90,76,46,44,71,83,21,56,85,49,46,90,27,83,15,51,51,49,35,62,26,46,12,49,54,70,76,39,85,15,17,56,34,54,10,22,Czech League
Mladá Boleslav,2qui2adwsi022vu84b8gdw4z0,1mucgx7o7a3ee52u4p9bsa9ec,J. Kolářík,Josef Kolárík,19,Midfielder,Czechia,Midfielder,20.0,0.0,56.0,1.0,76.0,3.0,1.0,4.0,6.0,3.0,12.0,13.0,16.0,5.0,0.0,329.0,21.0,6.0,5.0,0.0,3.0,4.0,1.0,1.0,0.0,0.0,0.0,76.77,25.0,0.0,41.67,66.67,44.44,33.33,0.0,0.658556433467335,0.3002666887872829,3.0,15.0,0.44880471,5.0,3.0,5.0,0.2705485099999999,35.0,5.471124620060791,0.0,15.319148936170214,0.2735562310030395,20.790273556231003,0.8206686930091186,0.2735562310030395,1.094224924012158,1.6413373860182372,0.8206686930091186,3.2826747720364744,3.556231003039514,4.376899696048632,1.3677811550151977,0.0,5.74468085106383,1.6413373860182372,1.3677811550151977,0.0,0.8206686930091186,1.094224924012158,0.2735562310030395,0.2735562310030395,0.0,0.0,0.0,76.77,25.0,0.0,41.67,66.67,44.44,33.33,0.0,0.1801522158421281,0.0821398236804117,0.8206686930091186,4.103343465045593,0.1227733249240121,1.3677811550151977,0.8206686930091186,1.3677811550151977,0.0740102306990881,9.574468085106384,RM/RCM,25,12,38,12,25,50,69,31,62,62,62,62,38,19,19,81,69,75,12,56,81,44,81,56,56,56,50,12,12,62,88,50,38,12,75,25,56,75,75,56,25,25,12,25,25,12,38,12,25,75,75,50,75,75,100,100,75,50,19,100,88,100,12,100,100,62,88,56,56,56,50,12,12,62,88,50,38,12,88,38,88,88,88,100,25,25,25,25,Czech League
Mladá Boleslav,2qui2adwsi022vu84b8gdw4z0,2fl3li74wngmih4fl9joaq87o,J. Zíka,Jan Zíka,20,Midfielder,Czechia,Midfielder,158.0,0.0,119.0,9.0,277.0,0.0,0.0,7.0,6.0,2.0,10.0,11.0,32.0,12.0,5.0,550.0,5.0,23.0,3.0,1.0,4.0,1.0,2.0,0.0,0.0,0.0,0.0,87.66,50.0,0.0,30.0,16.67,51.61,0.0,16.67,0.5230614241161133,0.4195875688364581,2.0,13.0,0.28504017,5.0,20.0,22.0,0.4359154799999999,122.0,25.85454545454545,0.0,19.47272727272728,1.4727272727272729,45.32727272727273,0.0,0.0,1.1454545454545455,0.981818181818182,0.3272727272727272,1.6363636363636365,1.8,5.236363636363636,1.963636363636364,0.8181818181818182,0.8181818181818182,3.763636363636364,0.4909090909090909,0.1636363636363636,0.6545454545454545,0.1636363636363636,0.3272727272727272,0.0,0.0,0.0,0.0,87.66,50.0,0.0,30.0,16.67,51.61,0.0,16.67,0.0855918694008185,0.0686597839914204,0.3272727272727272,2.1272727272727274,0.0466429369090909,0.8181818181818182,3.272727272727273,3.6,0.071331624,19.963636363636365,DM/CM,85,23,70,39,76,5,36,77,59,53,89,91,79,77,50,50,100,55,8,62,45,53,39,48,52,52,85,59,23,18,39,48,5,3,61,55,45,83,79,68,67,61,39,70,85,23,64,33,79,5,36,70,45,45,91,92,67,73,45,42,100,55,3,55,39,39,39,48,52,52,85,59,23,18,39,48,5,3,52,52,42,85,79,67,64,58,33,67,Czech League
Mladá Boleslav,2qui2adwsi022vu84b8gdw4z0,2rldoenow9fyw44hbvoujixg5,M. Hybš,Matej Hybs,33,Defender,Czechia,Defender,170.0,1.0,125.0,6.0,294.0,8.0,0.0,2.0,2.0,1.0,6.0,6.0,19.0,27.0,5.0,609.0,5.0,3.0,2.0,6.0,1.0,1.0,1.0,0.0,0.0,0.0,0.0,85.47,30.0,25.0,33.33,50.0,54.29,72.73,100.0,0.1931861721471554,0.1401607210377076,1.0,4.0,0.09134042,5.0,29.0,31.0,1.0053115400000006,185.0,25.123152709359605,0.1477832512315271,18.47290640394089,0.8866995073891626,43.44827586206897,1.1822660098522169,0.0,0.2955665024630542,0.2955665024630542,0.1477832512315271,0.8866995073891626,0.8866995073891626,2.8078817733990147,3.990147783251232,0.7389162561576355,0.7389162561576355,0.4433497536945813,0.2955665024630542,0.8866995073891626,0.1477832512315271,0.1477832512315271,0.1477832512315271,0.0,0.0,0.0,0.0,85.47,30.0,25.0,33.33,50.0,54.29,72.73,100.0,0.0285496806128801,0.0207134070499075,0.1477832512315271,0.5911330049261084,0.0134985842364532,0.7389162561576355,4.285714285714286,4.58128078817734,0.1485682078817735,27.339901477832512,LB/LCB,92,30,90,28,100,72,38,22,20,25,62,55,38,85,55,38,38,55,48,40,60,62,38,50,52,52,75,30,65,50,80,55,80,98,20,20,57,40,35,80,90,95,80,100,85,25,80,20,85,60,38,20,10,25,42,38,15,80,40,30,30,40,40,35,50,50,38,50,52,52,75,30,65,50,80,55,80,98,15,20,45,30,30,75,85,90,65,90,Czech League
Mladá Boleslav,2qui2adwsi022vu84b8gdw4z0,4ff2cbr4mc7a6qcyvkaxqoyxh,M. Králik,Martin Králik,31,Defender,Slovakia,Defender,320.0,0.0,95.0,27.0,415.0,7.0,1.0,4.0,1.0,1.0,3.0,4.0,22.0,46.0,5.0,630.0,4.0,6.0,3.0,4.0,0.0,0.0,0.0,0.0,0.0,0.0,0.0,87.92,46.55,0.0,100.0,0.0,62.86,53.85,66.67,0.1046265398294607,0.385158013109583,0.0,4.0,0.07722496,1.0,19.0,27.0,0.7024219700000004,277.0,45.71428571428572,0.0,13.571428571428571,3.857142857142857,59.285714285714285,1.0,0.1428571428571428,0.5714285714285714,0.1428571428571428,0.1428571428571428,0.4285714285714285,0.5714285714285714,3.142857142857143,6.571428571428571,0.7142857142857143,0.5714285714285714,0.8571428571428571,0.4285714285714285,0.5714285714285714,0.0,0.0,0.0,0.0,0.0,0.0,0.0,87.92,46.55,0.0,100.0,0.0,62.86,53.85,66.67,0.0149466485470658,0.055022573301369,0.0,0.5714285714285714,0.0110321371428571,0.1428571428571428,2.7142857142857144,3.857142857142857,0.1003459957142857,39.57142857142857,CB,98,27,75,90,96,30,89,78,22,31,62,73,39,88,42,41,62,81,44,25,21,31,36,46,51,51,62,52,27,91,21,75,40,61,23,90,29,60,52,45,61,77,77,94,94,27,56,85,90,21,81,62,19,23,58,69,21,91,29,25,38,79,43,25,21,31,36,46,51,51,62,52,27,91,21,75,40,61,23,75,29,56,48,31,50,65,62,90,Czech League
Mladá Boleslav,2qui2adwsi022vu84b8gdw4z0,4rzbjbim35vih13agoppb1iei,D. Langhamer,Daniel Langhamer,23,Midfielder,Czechia,Midfielder,78.0,3.0,110.0,3.0,185.0,1.0,1.0,10.0,8.0,2.0,7.0,8.0,35.0,2.0,6.0,557.0,8.0,20.0,4.0,7.0,6.0,4.0,1.0,1.0,0.0,0.0,0.0,81.86,21.43,30.0,57.14,50.0,53.03,16.67,70.0,0.7062739542943638,0.7868881240479629,4.0,13.0,0.28151937,7.0,13.0,17.0,0.4942184299999998,77.0,12.603231597845602,0.4847396768402154,17.7737881508079,0.4847396768402154,29.89228007181329,0.1615798922800718,0.1615798922800718,1.615798922800718,1.2926391382405744,0.3231597845601436,1.131059245960503,1.2926391382405744,5.655296229802513,0.3231597845601436,0.9694793536804308,1.2926391382405744,3.2315978456014363,0.6463195691202872,1.131059245960503,0.9694793536804308,0.6463195691202872,0.1615798922800718,0.1615798922800718,0.0,0.0,0.0,81.86,21.43,30.0,57.14,50.0,53.03,16.67,70.0,0.1141196694551036,0.1271452983201376,0.6463195691202872,2.1005385996409336,0.0454878694793536,1.131059245960503,2.1005385996409336,2.746858168761221,0.0798557606822261,12.44165170556553,CM/AM,85,54,79,30,83,23,69,74,51,27,42,45,90,28,91,39,98,56,88,84,78,28,64,50,50,49,65,8,69,67,83,73,21,61,52,69,67,83,77,86,59,70,52,81,77,44,65,15,65,23,62,65,33,15,31,35,73,17,79,25,92,42,71,69,65,21,54,50,50,49,65,8,69,67,83,73,21,61,44,56,58,69,54,75,48,56,29,56,Czech League
Mladá Boleslav,2qui2adwsi022vu84b8gdw4z0,67m9ezodryiazzbtraaefbl04,M. Šubert,Martin Subert,24,Midfielder,Czechia,Midfielder,29.0,5.0,62.0,2.0,86.0,3.0,1.0,7.0,14.0,11.0,9.0,10.0,20.0,4.0,0.0,416.0,26.0,6.0,2.0,7.0,3.0,7.0,4.0,5.0,0.0,0.0,0.0,72.88,33.33,35.71,22.22,50.0,54.05,60.0,77.78,1.5328041861449355,0.8070797285511246,1.0,9.0,0.28127296,4.0,5.0,10.0,1.0381812699999995,34.0,6.274038461538463,1.0817307692307694,13.41346153846154,0.4326923076923077,18.60576923076924,0.6490384615384616,0.2163461538461538,1.514423076923077,3.028846153846154,2.3798076923076925,1.9471153846153848,2.1634615384615388,4.3269230769230775,0.8653846153846154,0.0,5.625000000000001,1.2980769230769231,0.4326923076923077,1.514423076923077,0.6490384615384616,1.514423076923077,0.8653846153846154,1.0817307692307694,0.0,0.0,0.0,72.88,33.33,35.71,22.22,50.0,54.05,60.0,77.78,0.3316162902717409,0.1746085951192337,0.2163461538461538,1.9471153846153848,0.060852323076923,0.8653846153846154,1.0817307692307694,2.1634615384615388,0.2246065247596153,7.355769230769232,LW,100,100,100,50,100,50,50,100,100,100,50,50,50,100,50,100,50,50,75,100,100,100,100,75,75,75,100,50,100,100,100,100,50,100,100,100,75,50,50,50,50,50,100,75,100,100,100,50,100,50,50,100,100,100,50,50,50,100,50,100,100,50,100,100,100,100,100,75,75,75,100,50,100,100,100,100,50,100,100,100,100,100,100,50,50,100,100,100,Czech League
Mladá Boleslav,2qui2adwsi022vu84b8gdw4z0,9jsumsbwvyw6dgc1t1tz6zk2y,D. Donát,Denis Donát,25,Defender,Czechia,Defender,122.0,0.0,79.0,6.0,201.0,10.0,1.0,4.0,0.0,0.0,3.0,3.0,37.0,11.0,12.0,490.0,2.0,5.0,2.0,17.0,0.0,0.0,0.0,0.0,0.0,0.0,0.0,87.01,46.15,0.0,66.67,0.0,61.67,62.5,73.91,0.0,0.3318713069990199,0.0,4.0,0.08871022,3.0,21.0,22.0,0.4431256700000001,108.0,22.40816326530612,0.0,14.510204081632653,1.1020408163265305,36.91836734693877,1.836734693877551,0.183673469387755,0.7346938775510203,0.0,0.0,0.5510204081632653,0.5510204081632653,6.795918367346938,2.020408163265306,2.204081632653061,0.3673469387755101,0.9183673469387756,0.3673469387755101,3.1224489795918364,0.0,0.0,0.0,0.0,0.0,0.0,0.0,87.01,46.15,0.0,66.67,0.0,61.67,62.5,73.91,0.0,0.0609559543467587,0.0,0.7346938775510203,0.016293713877551,0.5510204081632653,3.857142857142857,4.040816326530612,0.0813904291836734,19.83673469387755,CB,51,27,58,20,52,53,89,78,7,11,62,61,74,21,90,19,50,71,100,25,21,31,36,46,51,51,52,50,27,68,21,69,69,83,8,75,29,60,62,83,66,68,44,48,44,27,65,15,50,46,85,83,7,11,69,67,90,15,94,15,43,73,100,25,21,31,36,46,51,51,52,50,27,68,21,69,69,83,8,85,29,65,67,77,75,71,48,42,Czech League
Mladá Boleslav,2qui2adwsi022vu84b8gdw4z0,9plpe5bisbfkrlgryzbzkvdhw,S. John,Solomon John,25,Midfielder,Nigeria,Midfielder,28.0,2.0,79.0,1.0,105.0,0.0,3.0,6.0,22.0,13.0,30.0,34.0,28.0,2.0,2.0,556.0,39.0,6.0,18.0,4.0,9.0,10.0,4.0,3.0,0.0,0.0,0.0,80.15,33.33,13.33,60.0,45.45,45.16,0.0,100.0,1.7805546600014428,0.6609319185329464,15.0,21.0,0.7004560200000001,9.0,0.0,6.0,0.8011373,39.0,4.532374100719425,0.3237410071942446,12.787769784172662,0.1618705035971223,16.99640287769784,0.0,0.4856115107913669,0.9712230215827338,3.5611510791366907,2.1043165467625897,4.856115107913669,5.503597122302158,4.532374100719425,0.3237410071942446,0.3237410071942446,6.312949640287769,0.9712230215827338,2.913669064748201,0.6474820143884892,1.4568345323741008,1.618705035971223,0.6474820143884892,0.4856115107913669,0.0,0.0,0.0,80.15,33.33,13.33,60.0,45.45,45.16,0.0,100.0,0.2882192794966364,0.1069853824963402,2.4280575539568345,3.399280575539568,0.1133831687050359,1.4568345323741008,0.0,0.9712230215827338,0.1296804982014388,6.312949640287769,LM/LCM,40,20,60,40,60,20,100,20,100,100,100,100,80,20,30,100,50,100,60,100,100,80,100,60,60,60,80,80,20,80,100,20,20,100,100,20,100,100,100,100,20,20,20,40,20,20,20,40,20,20,100,20,100,100,100,100,60,20,20,100,60,100,40,100,100,80,100,60,60,60,80,80,20,80,100,20,20,100,100,20,100,100,100,100,20,20,20,20,Czech League
Mladá Boleslav,2qui2adwsi022vu84b8gdw4z0,dh934ddg4sxkbekgyph8or74l,J. Klíma,Jirí Klíma,29,Attacker,Czechia,Striker,24.0,2.0,43.0,2.0,65.0,8.0,1.0,7.0,12.0,9.0,8.0,9.0,20.0,3.0,2.0,452.0,21.0,9.0,3.0,0.0,3.0,4.0,5.0,3.0,0.0,0.0,0.0,74.71,66.67,50.0,37.5,33.33,35.71,47.06,0.0,1.1608153997381636,0.6483103762376913,3.0,6.0,0.16466488,1.0,7.0,10.0,0.58315666,32.0,4.778761061946903,0.3982300884955752,8.561946902654867,0.3982300884955752,12.942477876106194,1.592920353982301,0.1991150442477876,1.393805309734513,2.3893805309734515,1.7920353982300885,1.592920353982301,1.7920353982300885,3.982300884955752,0.5973451327433629,0.3982300884955752,4.18141592920354,1.7920353982300885,0.5973451327433629,0.0,0.5973451327433629,0.7964601769911505,0.995575221238938,0.5973451327433629,0.0,0.0,0.0,74.71,66.67,50.0,37.5,33.33,35.71,47.06,0.0,0.2311358096823777,0.1290883492508677,0.5973451327433629,1.1946902654867255,0.0327872548672566,0.1991150442477876,1.393805309734513,1.991150442477876,0.116115264159292,6.371681415929204,ST,76,78,66,57,72,68,80,78,62,61,57,62,55,40,78,57,89,54,11,76,61,90,84,51,51,49,63,80,94,46,46,34,63,11,54,80,67,66,56,40,78,79,85,78,66,71,49,49,54,61,80,83,51,54,39,46,32,34,71,39,68,41,11,68,59,85,90,51,51,49,63,80,94,46,46,34,63,11,44,83,59,63,59,32,78,80,83,78,Czech League
Mladá Boleslav,2qui2adwsi022vu84b8gdw4z0,dhxzg4r1an7bun05y1x43ctsl,O. Karafiát,Ondrej Karafiát,31,Defender,Czechia,Defender,247.0,2.0,98.0,21.0,343.0,8.0,0.0,2.0,2.0,1.0,1.0,1.0,23.0,41.0,5.0,625.0,5.0,5.0,1.0,9.0,1.0,1.0,1.0,0.0,0.0,0.0,0.0,88.63,58.33,33.33,100.0,50.0,57.5,53.33,81.82,0.2230686532850004,0.2183933066963482,0.0,5.0,0.08992922,2.0,27.0,28.0,0.9266050800000004,193.0,35.568,0.288,14.112,3.024,49.392,1.152,0.0,0.288,0.288,0.144,0.144,0.144,3.312,5.904,0.72,0.72,0.72,0.144,1.296,0.144,0.144,0.144,0.0,0.0,0.0,0.0,88.63,58.33,33.33,100.0,50.0,57.5,53.33,81.82,0.03212188607304,0.0314486361642741,0.0,0.72,0.01294980768,0.288,3.888,4.032,0.13343113152,27.792,CB,85,85,77,71,85,39,41,43,38,31,33,33,44,79,42,54,50,51,80,67,53,73,36,46,51,51,67,77,80,91,84,48,35,88,42,58,29,70,65,69,79,80,92,79,81,79,62,56,75,25,41,25,27,25,27,27,23,69,31,42,29,50,71,60,44,71,36,46,51,51,67,77,80,91,84,48,35,88,31,50,29,62,54,65,77,69,90,69,Czech League
Mladá Boleslav,2qui2adwsi022vu84b8gdw4z0,f3f1ixb8dnk7nodu00a5awy22,D. Kozel,David Kozel,24,Midfielder,Czechia,Midfielder,63.0,3.0,68.0,5.0,128.0,0.0,1.0,6.0,6.0,3.0,16.0,17.0,23.0,1.0,2.0,371.0,8.0,9.0,6.0,4.0,3.0,2.0,3.0,1.0,0.0,0.0,0.0,83.66,41.67,21.43,37.5,33.33,51.11,0.0,50.0,0.5545480928571305,0.4893502937355993,2.0,8.0,0.17119899,3.0,9.0,16.0,0.36867688,56.0,15.28301886792453,0.7277628032345014,16.495956873315365,1.2129380053908356,31.0512129380054,0.0,0.2425876010781671,1.4555256064690028,1.4555256064690028,0.7277628032345014,3.8814016172506745,4.123989218328841,5.579514824797844,0.2425876010781671,0.4851752021563343,1.9407008086253368,2.183288409703504,1.4555256064690028,0.9703504043126686,0.7277628032345014,0.4851752021563343,0.7277628032345014,0.2425876010781671,0.0,0.0,0.0,83.66,41.67,21.43,37.5,33.33,51.11,0.0,50.0,0.1345264915286839,0.1187103138442154,0.4851752021563343,1.9407008086253368,0.0415307522911051,0.7277628032345014,2.183288409703504,3.8814016172506745,0.0894364398921832,13.58490566037736,CM/AM,78,54,51,52,62,9,69,49,34,41,92,91,60,12,44,39,67,79,59,46,49,66,64,50,50,49,73,46,41,33,62,65,10,24,40,46,43,50,33,51,48,65,38,58,88,54,56,58,73,9,79,50,42,48,96,96,71,10,46,42,75,79,65,58,54,75,62,50,50,49,73,46,41,33,62,65,10,24,52,50,46,62,48,50,50,69,42,60,Czech League
Pardubice,4xbgquadoen1b303u4hi9nhg9,20aj0zcehiq6qz6kgxnlb24iy,D. Krčík,Dávid Krcík,27,Defender,Slovakia,Defender,77.0,0.0,56.0,19.0,133.0,2.0,0.0,0.0,1.0,1.0,0.0,0.0,6.0,10.0,0.0,205.0,1.0,2.0,0.0,1.0,0.0,1.0,0.0,1.0,0.0,0.0,0.0,92.36,79.17,0.0,0.0,100.0,35.29,40.0,50.0,0.0,0.0,0.0,0.0,0.0,0.0,0.0,0.0,0.0,0.0,33.80487804878049,0.0,24.585365853658537,8.341463414634147,58.39024390243903,0.8780487804878049,0.0,0.0,0.4390243902439024,0.4390243902439024,0.0,0.0,2.6341463414634148,4.390243902439025,0.0,0.4390243902439024,0.8780487804878049,0.0,0.4390243902439024,0.0,0.4390243902439024,0.0,0.4390243902439024,0.0,0.0,0.0,92.36,79.17,0.0,0.0,100.0,35.29,40.0,50.0,0.0,0.0,0.0,0.0,0.0,0.0,0.0,0.0,0.0,0.0,CB,25,27,42,69,27,7,41,7,22,31,11,11,4,18,5,8,14,20,12,25,53,31,84,46,51,51,94,100,27,20,97,8,14,32,8,7,29,10,10,16,2,2,2,2,75,27,96,100,88,15,41,7,40,50,11,11,8,33,5,17,40,20,23,25,92,31,100,46,51,51,94,100,27,20,97,8,14,32,8,7,29,10,10,16,2,2,2,2,Czech League
Pardubice,4xbgquadoen1b303u4hi9nhg9,27chkyk622r5lmd02mnnz8jys,M. Traore,Mouhamed Traore,23,Defender,Côte d'Ivoire,Defender,61.0,1.0,29.0,8.0,89.0,5.0,0.0,1.0,3.0,3.0,0.0,0.0,19.0,13.0,5.0,278.0,3.0,4.0,0.0,4.0,0.0,0.0,0.0,0.0,0.0,0.0,0.0,73.55,33.33,33.33,0.0,0.0,61.29,55.56,40.0,0.3655380891470991,0.0932121290832965,0.0,0.0,0.0,1.0,5.0,8.0,0.26280245,57.0,19.74820143884892,0.3237410071942446,9.388489208633093,2.5899280575539567,28.81294964028777,1.618705035971223,0.0,0.3237410071942446,0.9712230215827338,0.9712230215827338,0.0,0.0,6.151079136690647,4.2086330935251794,1.618705035971223,0.9712230215827338,1.2949640287769784,0.0,1.2949640287769784,0.0,0.0,0.0,0.0,0.0,0.0,0.0,73.55,33.33,33.33,0.0,0.0,61.29,55.56,40.0,0.1183396691483414,0.0301765885521463,0.0,0.0,0.0,0.3237410071942446,1.618705035971223,2.5899280575539567,0.0850799298561151,18.453237410071942,CB,17,68,4,27,10,23,41,23,51,65,11,11,33,25,42,27,32,20,44,25,21,31,36,46,51,51,10,10,80,20,21,65,48,16,60,31,29,10,10,45,8,24,27,18,29,83,21,50,25,40,41,38,79,92,11,11,83,29,85,48,73,20,69,25,21,31,36,46,51,51,10,10,80,20,21,65,48,16,79,46,29,10,10,69,27,42,54,35,Czech League
Pardubice,4xbgquadoen1b303u4hi9nhg9,2q96bh24g7zn9eh6wfyel6mtw,M. Icha,Marek Icha,24,Defender,Czechia,Defender,99.0,2.0,52.0,17.0,149.0,3.0,0.0,0.0,1.0,0.0,2.0,3.0,8.0,12.0,6.0,406.0,1.0,3.0,0.0,1.0,1.0,1.0,0.0,0.0,0.0,0.0,0.0,82.32,50.0,22.22,0.0,100.0,27.59,33.33,50.0,0.0514084560005081,0.0,1.0,6.0,0.13158895,2.0,14.0,23.0,0.6195015399999999,82.0,21.94581280788177,0.4433497536945813,11.527093596059114,3.768472906403941,33.029556650246306,0.6650246305418719,0.0,0.0,0.2216748768472906,0.0,0.4433497536945813,0.6650246305418719,1.7733990147783252,2.6600985221674875,1.3300492610837438,0.2216748768472906,0.6650246305418719,0.0,0.2216748768472906,0.2216748768472906,0.2216748768472906,0.0,0.0,0.0,0.0,0.0,82.32,50.0,22.22,0.0,100.0,27.59,33.33,50.0,0.0113959631528219,0.0,0.2216748768472906,1.3300492610837438,0.0291699642857142,0.4433497536945813,3.103448275862069,5.098522167487685,0.1373279275862068,18.17733990147784,RM/RCM,100,62,25,100,62,50,31,12,12,19,12,12,12,88,62,19,25,12,31,19,38,12,38,56,56,56,75,75,88,12,100,12,38,38,12,12,25,25,12,25,50,94,62,88,100,75,25,100,75,50,31,12,12,19,12,12,12,88,88,12,25,12,38,25,38,12,38,56,56,56,75,75,88,12,100,12,38,38,12,12,38,38,25,25,75,100,75,88,Czech League
Pardubice,4xbgquadoen1b303u4hi9nhg9,4hwlycgbyl3s2jtqzc9dxuyuh,V. Drchal,Václav Drchal,27,Attacker,Czechia,Striker,14.0,2.0,39.0,3.0,51.0,1.0,1.0,5.0,6.0,4.0,4.0,4.0,12.0,3.0,1.0,353.0,20.0,4.0,2.0,3.0,2.0,2.0,1.0,1.0,0.0,0.0,0.0,70.83,75.0,28.57,50.0,33.33,41.38,11.11,60.0,0.5286464178410224,0.5191316227371483,2.0,9.0,0.39719084,2.0,5.0,5.0,0.3019447099999999,15.0,3.5694050991501416,0.509915014164306,9.943342776203966,0.764872521246459,13.002832861189802,0.254957507082153,0.254957507082153,1.274787535410765,1.529745042492918,1.019830028328612,1.019830028328612,1.019830028328612,3.059490084985836,0.764872521246459,0.254957507082153,5.09915014164306,1.019830028328612,0.509915014164306,0.764872521246459,0.509915014164306,0.509915014164306,0.254957507082153,0.254957507082153,0.0,0.0,0.0,70.83,75.0,28.57,50.0,33.33,41.38,11.11,60.0,0.1347823728206572,0.132356504380576,0.509915014164306,2.294617563739377,0.1012667864022662,0.509915014164306,1.274787535410765,1.274787535410765,0.0769830705382436,3.824362606232295,ST,49,78,59,77,54,7,80,61,21,22,17,17,13,40,54,52,28,35,70,57,34,33,48,51,51,49,51,90,71,76,46,54,6,60,17,71,48,79,88,61,66,62,61,46,41,78,66,78,56,10,87,72,17,17,27,17,12,45,56,66,41,37,71,59,37,37,51,51,51,49,51,90,71,76,46,54,6,60,15,88,50,82,95,63,71,66,63,32,Czech League
Pardubice,4xbgquadoen1b303u4hi9nhg9,6o1b2dp4do8gvxlhn41wlmhas,J. Noslin,Jason Noslin,26,Defender,Netherlands,Defender,113.0,3.0,79.0,18.0,189.0,24.0,0.0,4.0,10.0,7.0,3.0,3.0,45.0,35.0,8.0,589.0,12.0,4.0,1.0,7.0,3.0,1.0,1.0,0.0,0.0,0.0,0.0,76.21,34.62,60.0,33.33,10.0,63.38,64.86,43.75,0.936739031080135,0.2729748079588731,3.0,3.0,0.0704432099999999,2.0,23.0,31.0,0.8791151800000003,133.0,17.266553480475384,0.4584040747028862,12.071307300509336,2.7504244482173177,28.87945670628184,3.66723259762309,0.0,0.6112054329371817,1.528013582342954,1.069609507640068,0.4584040747028862,0.4584040747028862,6.8760611205432935,5.34804753820034,1.222410865874363,1.833616298811545,0.6112054329371817,0.1528013582342954,1.069609507640068,0.4584040747028862,0.1528013582342954,0.1528013582342954,0.0,0.0,0.0,0.0,76.21,34.62,60.0,33.33,10.0,63.38,64.86,43.75,0.1431349962601225,0.0417109214198617,0.4584040747028862,0.4584040747028862,0.0107638181663836,0.3056027164685908,3.514431239388794,4.736842105263158,0.1343299935483871,20.32258064516129,RB/RCB,77,65,69,85,69,96,46,77,100,100,42,42,92,92,92,77,54,27,50,88,73,77,46,50,54,54,23,31,100,42,62,85,92,8,100,62,92,38,31,46,92,88,77,92,46,62,46,69,38,92,46,62,100,100,23,23,85,85,69,77,38,23,31,85,62,77,46,50,54,54,23,31,100,42,62,85,92,8,100,46,92,23,23,38,69,69,69,77,Czech League
Pardubice,4xbgquadoen1b303u4hi9nhg9,6ylf2fimuffty7tjuqvdlx5d6,S. Šimek,Samuel Simek,24,Midfielder,Czechia,Midfielder,46.0,2.0,59.0,11.0,103.0,5.0,0.0,3.0,5.0,2.0,2.0,2.0,11.0,9.0,6.0,425.0,5.0,1.0,1.0,2.0,3.0,1.0,0.0,0.0,0.0,0.0,0.0,79.23,57.89,13.33,50.0,20.0,32.35,55.56,40.0,0.3741187919338561,0.2544984921729613,2.0,6.0,0.14909806,2.0,14.0,19.0,0.55307597,64.0,9.741176470588234,0.4235294117647059,12.494117647058824,2.3294117647058825,21.81176470588236,1.0588235294117647,0.0,0.6352941176470588,1.0588235294117647,0.4235294117647059,0.4235294117647059,0.4235294117647059,2.3294117647058825,1.9058823529411764,1.2705882352941176,1.0588235294117647,0.2117647058823529,0.2117647058823529,0.4235294117647059,0.6352941176470588,0.2117647058823529,0.0,0.0,0.0,0.0,0.0,79.23,57.89,13.33,50.0,20.0,32.35,55.56,40.0,0.0792251559389342,0.0538937983425094,0.4235294117647059,1.2705882352941176,0.0315737068235294,0.4235294117647059,2.9647058823529413,4.023529411764706,0.117121970117647,13.552941176470588,CM/AM,55,40,33,83,46,81,25,24,27,27,14,11,17,91,91,16,6,17,26,46,28,10,24,50,50,49,44,73,27,51,35,12,74,14,27,21,43,38,29,32,69,77,62,68,50,40,25,90,38,79,25,17,29,27,12,8,10,94,96,15,4,12,25,44,27,10,24,50,50,49,44,73,27,51,35,12,74,14,29,19,38,35,25,29,74,75,54,58,Czech League
Pardubice,4xbgquadoen1b303u4hi9nhg9,7d652ns7jnbtq16jpq06qml1w,D. Smékal,Daniel Smékal,24,Attacker,Czechia,Striker,18.0,0.0,31.0,1.0,49.0,18.0,0.0,2.0,14.0,14.0,4.0,4.0,26.0,5.0,1.0,399.0,22.0,3.0,1.0,2.0,0.0,5.0,3.0,0.0,0.0,0.0,0.0,62.82,20.0,0.0,25.0,35.71,40.62,52.94,50.0,2.383670952897582,0.1314211697991052,2.0,5.0,0.20220612,1.0,2.0,4.0,0.08737373,17.0,4.060150375939849,0.0,6.992481203007518,0.225563909774436,11.052631578947368,4.060150375939849,0.0,0.4511278195488721,3.1578947368421053,3.1578947368421053,0.9022556390977444,0.9022556390977444,5.864661654135338,1.1278195488721805,0.225563909774436,4.962406015037594,0.6766917293233082,0.225563909774436,0.4511278195488721,0.0,1.1278195488721805,0.6766917293233082,0.0,0.0,0.0,0.0,62.82,20.0,0.0,25.0,35.71,40.62,52.94,50.0,0.5376701397513343,0.0296438728870162,0.4511278195488721,1.1278195488721805,0.0456104030075187,0.225563909774436,0.4511278195488721,0.9022556390977444,0.0197083601503759,3.834586466165413,ST,61,26,40,37,49,91,34,29,78,87,17,17,76,74,54,61,12,18,49,10,73,70,15,51,51,49,29,29,26,27,57,46,88,46,98,20,48,60,71,40,37,54,24,51,59,26,34,34,39,93,34,27,85,93,22,15,66,66,54,63,12,15,49,10,80,66,15,51,51,49,29,29,26,27,57,46,88,46,98,22,41,61,68,37,37,41,20,34,Czech League
Pardubice,4xbgquadoen1b303u4hi9nhg9,8s6bagu8tr59o4y8udyw6h15g,E. Godwin,Emmanuel Godwin,21,Defender,Nigeria,Defender,59.0,4.0,85.0,11.0,140.0,4.0,0.0,9.0,8.0,3.0,13.0,15.0,32.0,19.0,7.0,671.0,20.0,3.0,8.0,13.0,5.0,2.0,2.0,0.0,0.0,0.0,0.0,70.71,42.31,16.0,61.54,25.0,39.51,44.44,76.47,0.4114786767300591,1.0313110057409964,5.0,4.0,0.11166964,1.0,20.0,30.0,1.22372897,75.0,7.913561847988078,0.5365126676602087,11.400894187779434,1.4754098360655736,18.7779433681073,0.5365126676602087,0.0,1.2071535022354694,1.073025335320417,0.4023845007451564,1.743666169895678,2.011922503725782,4.292101341281669,2.548435171385991,0.9388971684053652,2.682563338301043,0.4023845007451564,1.073025335320417,1.743666169895678,0.6706408345752608,0.2682563338301043,0.2682563338301043,0.0,0.0,0.0,0.0,70.71,42.31,16.0,61.54,25.0,39.51,44.44,76.47,0.0551908806344341,0.1383278547193586,0.6706408345752608,0.5365126676602087,0.0149780441132637,0.1341281669150521,2.682563338301043,4.023845007451564,0.1641365235469448,10.059612518628912,RB/RCB,35,88,77,46,54,23,46,96,92,81,100,100,58,50,85,100,38,100,100,100,92,96,46,50,54,54,8,54,54,62,73,15,27,69,85,92,100,54,54,27,77,77,92,54,8,77,23,15,8,15,46,85,85,62,85,100,23,23,62,92,15,92,85,92,77,85,46,50,54,54,8,54,54,62,73,15,27,69,69,85,100,46,38,23,38,54,77,15,Czech League
Pardubice,4xbgquadoen1b303u4hi9nhg9,8zjkoe9nrb4yb6wxfty7ri1ux,M. Hlavatý,Michal Hlavaty,28,Midfielder,Czechia,Midfielder,106.0,0.0,120.0,16.0,226.0,3.0,1.0,7.0,10.0,5.0,8.0,8.0,26.0,5.0,7.0,628.0,14.0,10.0,2.0,6.0,5.0,3.0,3.0,0.0,0.0,0.0,0.0,80.43,51.61,0.0,25.0,30.0,42.62,33.33,54.55,0.8618260766165247,0.5026737110187226,1.0,13.0,0.33943313,7.0,30.0,36.0,0.87770514,140.0,15.19108280254777,0.0,17.197452229299362,2.2929936305732483,32.388535031847134,0.4299363057324841,0.143312101910828,1.003184713375796,1.4331210191082802,0.7165605095541401,1.1464968152866242,1.1464968152866242,3.726114649681529,0.7165605095541401,1.003184713375796,2.006369426751592,1.4331210191082802,0.286624203821656,0.8598726114649682,0.7165605095541401,0.4299363057324841,0.4299363057324841,0.0,0.0,0.0,0.0,80.43,51.61,0.0,25.0,30.0,42.62,33.33,54.55,0.1235101065214764,0.0720392261014093,0.143312101910828,1.8630573248407645,0.0486448753184713,1.003184713375796,4.2993630573248405,5.159235668789809,0.1257857684713375,20.063694267515924,CM/AM,96,10,81,94,96,54,69,58,71,62,51,45,71,74,97,68,75,30,80,75,69,66,24,50,50,49,52,56,10,16,58,27,50,33,62,48,25,83,83,86,96,96,75,96,85,10,58,88,77,40,58,31,40,46,33,29,27,48,81,46,50,19,62,56,48,46,24,50,50,49,52,56,10,16,58,27,50,33,48,25,15,58,60,69,90,85,60,94,Czech League
Pardubice,4xbgquadoen1b303u4hi9nhg9,967nbt67qy1hcw8mijqmkdt5,V. Patrák,Vojtech Patrák,26,Attacker,Czechia,Striker,13.0,0.0,20.0,2.0,33.0,2.0,0.0,5.0,5.0,2.0,5.0,5.0,15.0,4.0,1.0,222.0,11.0,9.0,2.0,2.0,3.0,3.0,2.0,1.0,0.0,0.0,0.0,76.74,66.67,0.0,40.0,60.0,51.72,40.0,100.0,0.3030066473176149,0.2800676387239788,2.0,0.0,0.0,3.0,1.0,3.0,0.08547469,12.0,5.27027027027027,0.0,8.108108108108107,0.8108108108108107,13.378378378378375,0.8108108108108107,0.0,2.0270270270270268,2.0270270270270268,0.8108108108108107,2.0270270270270268,2.0270270270270268,6.081081081081081,1.6216216216216215,0.4054054054054054,4.45945945945946,3.6486486486486487,0.8108108108108107,0.8108108108108107,1.2162162162162162,1.2162162162162162,0.8108108108108107,0.4054054054054054,0.0,0.0,0.0,76.74,66.67,0.0,40.0,60.0,51.72,40.0,100.0,0.1228405326963303,0.1135409346178292,0.8108108108108107,0.0,0.0,1.2162162162162162,0.4054054054054054,1.2162162162162162,0.0346519013513513,4.864864864864865,ST,43,26,17,57,20,16,34,61,15,6,26,23,26,61,54,17,89,35,49,76,51,51,48,51,51,49,76,80,26,55,95,90,43,95,5,51,48,7,7,72,16,38,20,28,73,26,41,83,59,32,34,95,44,12,51,51,73,93,73,46,100,56,78,95,83,73,68,51,51,49,76,80,26,55,95,90,43,95,5,76,68,7,7,88,27,61,34,61,Czech League
Pardubice,4xbgquadoen1b303u4hi9nhg9,9plkv3xyfpehai7ykea3mrxuc,T. Boledovič,Tobias Boledovic,19,Defender,Czechia,Defender,60.0,2.0,73.0,15.0,131.0,5.0,1.0,5.0,5.0,3.0,14.0,15.0,26.0,9.0,3.0,667.0,11.0,15.0,3.0,3.0,2.0,3.0,0.0,2.0,0.0,0.0,0.0,89.73,71.43,22.22,21.43,60.0,50.98,38.46,75.0,0.5091155580441965,0.3735998303333729,2.0,14.0,0.41234389,5.0,11.0,18.0,0.41139857,59.0,8.095952023988005,0.2698650674662669,9.85007496251874,2.023988005997001,17.676161919040478,0.6746626686656672,0.1349325337331334,0.6746626686656672,0.6746626686656672,0.4047976011994003,1.889055472263868,2.023988005997001,3.5082458770614693,1.2143928035982008,0.4047976011994003,1.4842578710644676,2.023988005997001,0.4047976011994003,0.4047976011994003,0.2698650674662669,0.4047976011994003,0.0,0.2698650674662669,0.0,0.0,0.0,89.73,71.43,22.22,21.43,60.0,50.98,38.46,75.0,0.0686962522098616,0.0504107717091507,0.2698650674662669,1.889055472263868,0.0556386058470764,0.6746626686656672,1.4842578710644676,2.4287856071964016,0.0555110514242878,7.961019490254872,LB/LCB,38,50,50,72,45,38,85,62,85,85,95,95,70,40,30,90,95,78,20,65,95,22,100,50,52,52,95,100,55,25,90,35,20,62,90,60,88,95,95,80,38,55,30,45,20,40,15,50,10,20,75,55,60,50,85,85,20,20,15,60,90,60,5,55,90,22,95,50,52,52,95,100,55,25,90,35,20,62,70,45,85,80,85,70,25,25,10,15,Czech League
Pardubice,4xbgquadoen1b303u4hi9nhg9,av6j0sri3l8fon2wmbmxrei5m,S. Bammens,Simon Bammens,28,Defender,Belgium,Defender,70.0,0.0,34.0,11.0,104.0,8.0,0.0,1.0,0.0,0.0,1.0,1.0,13.0,23.0,3.0,315.0,1.0,1.0,0.0,2.0,0.0,0.0,0.0,0.0,0.0,0.0,0.0,78.79,42.31,0.0,0.0,0.0,50.0,57.14,50.0,0.0,0.0412191546117851,0.0,0.0,0.0,0.0,9.0,7.0,0.2133581199999999,60.0,20.0,0.0,9.714285714285714,3.142857142857143,29.714285714285715,2.2857142857142856,0.0,0.2857142857142857,0.0,0.0,0.2857142857142857,0.2857142857142857,3.7142857142857135,6.571428571428571,0.8571428571428571,0.2857142857142857,0.2857142857142857,0.0,0.5714285714285714,0.0,0.0,0.0,0.0,0.0,0.0,0.0,78.79,42.31,0.0,0.0,0.0,50.0,57.14,50.0,0.0,0.0117769013176528,0.0,0.0,0.0,0.0,2.571428571428572,2.0,0.0609594628571428,17.142857142857142,CB,23,27,6,44,19,39,41,23,7,11,33,33,14,33,23,8,7,20,24,25,21,31,36,46,51,51,27,32,27,20,21,24,51,32,8,17,29,10,10,16,31,16,12,21,31,27,29,65,27,67,41,23,7,11,40,40,29,91,38,8,10,20,43,25,21,31,36,46,51,51,27,32,27,20,21,24,51,32,8,21,29,10,10,16,46,27,23,25,Czech League
Pardubice,4xbgquadoen1b303u4hi9nhg9,demb824ov7b94i3wurdvsavis,J. Trédl,Jan Trédl,22,Defender,Czechia,Defender,53.0,0.0,37.0,10.0,90.0,3.0,1.0,2.0,2.0,2.0,2.0,2.0,9.0,7.0,7.0,408.0,4.0,5.0,0.0,1.0,0.0,0.0,0.0,0.0,0.0,0.0,0.0,74.38,38.46,0.0,0.0,0.0,33.33,27.27,100.0,0.1830207206621994,0.0509828753322754,0.0,1.0,0.0241224,1.0,7.0,10.0,0.2149379099999999,53.0,11.691176470588236,0.0,8.161764705882353,2.2058823529411766,19.852941176470587,0.6617647058823529,0.2205882352941176,0.4411764705882353,0.4411764705882353,0.4411764705882353,0.4411764705882353,0.4411764705882353,1.9852941176470589,1.5441176470588236,1.5441176470588236,0.8823529411764706,1.1029411764705883,0.0,0.2205882352941176,0.0,0.0,0.0,0.0,0.0,0.0,0.0,74.38,38.46,0.0,0.0,0.0,33.33,27.27,100.0,0.0403722177931322,0.0112462224997666,0.0,0.2205882352941176,0.0053211176470588,0.2205882352941176,1.5441176470588236,2.2058823529411766,0.0474127742647058,11.691176470588236,CB,10,27,10,39,12,17,89,43,38,49,50,50,9,9,60,41,50,20,12,25,21,31,36,46,51,51,12,17,27,20,21,5,6,98,38,21,29,28,32,45,20,30,15,15,12,27,10,35,8,12,92,52,42,52,60,58,4,8,83,46,56,20,10,25,21,31,36,46,51,51,12,17,27,20,21,5,6,98,35,19,29,31,33,46,23,38,10,12,Czech League
Pardubice,4xbgquadoen1b303u4hi9nhg9,dy5id5li7v8wb5wjromm1ug44,V. Samuel,Victor Samuel,20,Attacker,Nigeria,Striker,7.0,2.0,19.0,3.0,24.0,2.0,0.0,3.0,7.0,6.0,6.0,7.0,8.0,4.0,1.0,264.0,15.0,1.0,1.0,2.0,1.0,1.0,3.0,0.0,0.0,0.0,0.0,53.33,37.5,33.33,16.67,14.29,32.0,25.0,50.0,0.8126680401349778,0.3509972986640809,1.0,7.0,0.19042923,1.0,4.0,6.0,0.33624228,14.0,2.3863636363636367,0.6818181818181819,6.477272727272728,1.0227272727272727,8.181818181818182,0.6818181818181819,0.0,1.0227272727272727,2.3863636363636367,2.0454545454545454,2.0454545454545454,2.3863636363636367,2.7272727272727275,1.3636363636363638,0.3409090909090909,5.113636363636364,0.3409090909090909,0.3409090909090909,0.6818181818181819,0.3409090909090909,0.3409090909090909,1.0227272727272727,0.0,0.0,0.0,0.0,53.33,37.5,33.33,16.67,14.29,32.0,25.0,50.0,0.2770459227732879,0.1196581699991185,0.3409090909090909,2.3863636363636367,0.0649190556818181,0.3409090909090909,1.3636363636363638,2.0454545454545454,0.11462805,4.772727272727273,ST,11,78,13,77,9,16,34,44,30,35,33,34,2,61,54,30,4,18,49,32,15,70,15,51,51,49,5,49,82,18,15,16,20,46,37,59,27,73,63,40,57,68,68,40,22,88,22,88,17,27,34,57,49,66,54,56,5,76,66,68,2,27,66,41,17,88,15,51,51,49,5,49,82,18,15,16,20,46,59,78,37,85,78,49,76,83,80,59,Czech League
Pardubice,4xbgquadoen1b303u4hi9nhg9,egd0soczfzl4sfqjg1h1cd0yc,T. Jelínek,Tomás Jelínek,20,Midfielder,Czechia,Midfielder,59.0,13.0,73.0,6.0,119.0,2.0,0.0,14.0,12.0,3.0,8.0,8.0,20.0,8.0,1.0,450.0,6.0,10.0,4.0,1.0,9.0,6.0,2.0,0.0,0.0,0.0,0.0,78.81,27.27,38.24,50.0,50.0,51.28,50.0,25.0,1.254299128628147,1.7283664677851869,8.0,11.0,0.23158469,4.0,16.0,25.0,0.96243093,72.0,11.8,2.6,14.6,1.2,23.8,0.4,0.0,2.8,2.4,0.6,1.6,1.6,4.0,1.6,0.2,1.2,2.0,0.8,0.2,1.8,1.2,0.4,0.0,0.0,0.0,0.0,78.81,27.27,38.24,50.0,50.0,51.28,50.0,25.0,0.2508598257256294,0.3456732935570373,1.6,2.2,0.046316938,0.8,3.2,5.0,0.192486186,14.4,DM/CM,36,100,36,32,33,29,36,94,91,68,83,83,44,58,12,56,85,77,8,95,100,53,39,48,52,52,30,6,85,44,88,45,58,9,97,100,92,76,70,55,55,73,73,42,27,100,48,18,24,26,36,100,94,73,85,85,42,52,9,64,83,79,6,94,100,58,39,48,52,52,30,6,85,44,88,45,58,9,100,100,94,88,76,64,61,79,88,45,Czech League
Pardubice,4xbgquadoen1b303u4hi9nhg9,eq790ntit6131xw3ag2x0siui,A. Tanko,Abdullahi Tanko,28,Attacker,Nigeria,Striker,8.0,2.0,37.0,1.0,43.0,6.0,0.0,2.0,8.0,7.0,7.0,7.0,15.0,2.0,5.0,383.0,25.0,4.0,3.0,0.0,1.0,2.0,2.0,1.0,0.0,0.0,0.0,66.15,25.0,25.0,42.86,25.0,42.86,50.0,0.0,1.5233096864165707,0.196612487656009,2.0,7.0,0.28387828,0.0,3.0,4.0,0.3728245499999999,18.0,1.8798955613577024,0.4699738903394256,8.694516971279374,0.2349869451697128,10.10443864229765,1.4099216710182767,0.0,0.4699738903394256,1.8798955613577024,1.6449086161879896,1.6449086161879896,1.6449086161879896,3.524804177545692,0.4699738903394256,1.174934725848564,5.87467362924282,0.9399477806788512,0.7049608355091384,0.0,0.2349869451697128,0.4699738903394256,0.4699738903394256,0.2349869451697128,0.0,0.0,0.0,66.15,25.0,25.0,42.86,25.0,42.86,50.0,0.0,0.3579578897584631,0.0462013678565034,0.4699738903394256,1.6449086161879896,0.0667076898172323,0.0,0.7049608355091384,0.9399477806788512,0.0876089020887728,4.229765013054831,ST,17,78,56,37,41,55,34,29,39,44,41,34,26,22,99,72,28,54,11,32,34,51,48,51,51,49,32,37,66,61,33,63,73,11,73,37,48,73,80,13,49,54,71,55,15,73,51,37,34,54,34,29,34,46,41,39,24,17,98,90,32,54,11,29,29,49,44,51,51,49,32,37,66,61,33,63,73,11,88,32,44,73,80,13,54,44,68,46,Czech League
Teplice,41eivtin75c5fu33x3zfx956b,3cfoswqxyk4xr6w4vf6vn7d2h,M. Čermák,Marcel Cermák,27,Midfielder,Czechia,Midfielder,44.0,6.0,87.0,2.0,125.0,4.0,0.0,9.0,13.0,6.0,11.0,11.0,22.0,5.0,3.0,580.0,21.0,6.0,7.0,2.0,7.0,3.0,7.0,1.0,0.0,0.0,0.0,73.53,22.22,23.08,63.64,23.08,50.0,36.36,40.0,1.442744658156118,0.7719387616337697,5.0,3.0,0.07335491,4.0,15.0,14.0,0.52648947,52.0,6.827586206896552,0.9310344827586208,13.5,0.3103448275862069,19.39655172413793,0.6206896551724138,0.0,1.396551724137931,2.0172413793103448,0.9310344827586208,1.706896551724138,1.706896551724138,3.413793103448276,0.7758620689655172,0.4655172413793103,3.258620689655172,0.9310344827586208,1.0862068965517242,0.3103448275862069,1.0862068965517242,0.4655172413793103,1.0862068965517242,0.1551724137931034,0.0,0.0,0.0,73.53,22.22,23.08,63.64,23.08,50.0,36.36,40.0,0.2238741710931907,0.1197836009431711,0.7758620689655172,0.4655172413793103,0.0113826584482758,0.6206896551724138,2.327586206896552,2.1724137931034484,0.0816966418965517,8.068965517241379,CM/AM,51,77,69,16,60,69,25,69,88,70,78,71,57,74,65,89,42,84,26,92,69,99,64,50,50,49,21,11,48,81,41,62,54,14,96,67,80,16,15,61,76,53,60,53,27,67,35,8,29,56,25,48,69,65,46,44,23,54,40,73,31,71,12,83,52,96,52,50,50,49,21,11,48,81,41,62,54,14,81,52,71,8,6,46,56,31,31,29,Czech League
Teplice,41eivtin75c5fu33x3zfx956b,4lx29wbwxbamo5go47tth9gtm,M. Radosta,Matej Radosta,25,Midfielder,Czechia,Midfielder,44.0,7.0,108.0,2.0,145.0,4.0,3.0,14.0,10.0,7.0,19.0,19.0,29.0,4.0,1.0,685.0,29.0,13.0,6.0,3.0,3.0,4.0,3.0,2.0,0.0,0.0,0.0,77.54,40.0,30.43,31.58,40.0,43.28,30.77,50.0,1.1403997352002349,1.2266105511977772,5.0,18.0,0.65321082,4.0,5.0,17.0,1.0755483499999998,64.0,5.781021897810219,0.9197080291970804,14.189781021897812,0.2627737226277372,19.05109489051095,0.5255474452554745,0.3941605839416058,1.8394160583941608,1.3138686131386863,0.9197080291970804,2.496350364963504,2.496350364963504,3.81021897810219,0.5255474452554745,0.1313868613138686,3.81021897810219,1.708029197080292,0.7883211678832117,0.3941605839416058,0.3941605839416058,0.5255474452554745,0.3941605839416058,0.2627737226277372,0.0,0.0,0.0,77.54,40.0,30.43,31.58,40.0,43.28,30.77,50.0,0.1498335418511257,0.1611605103763503,0.6569343065693432,2.364963503649636,0.0858233194160583,0.5255474452554745,0.6569343065693432,2.2335766423357666,0.1413129218978102,8.408759124087592,CM/AM,51,83,75,16,73,69,98,95,71,78,94,94,80,62,23,96,88,79,46,46,78,66,83,50,50,49,35,41,71,23,70,33,45,24,85,92,80,98,98,61,20,70,90,68,25,65,46,6,23,52,83,71,35,62,71,69,29,29,15,81,60,50,17,25,60,40,69,50,50,49,35,41,71,23,70,33,45,24,56,67,62,77,81,42,8,35,67,33,Czech League
Teplice,41eivtin75c5fu33x3zfx956b,73by8coqx38r9kfh2ns7n66s,J. Auta,John Auta,20,Midfielder,Nigeria,Midfielder,21.0,0.0,29.0,2.0,50.0,2.0,0.0,2.0,9.0,8.0,15.0,16.0,20.0,3.0,1.0,364.0,16.0,4.0,9.0,4.0,1.0,5.0,2.0,4.0,0.0,0.0,0.0,80.65,66.67,0.0,60.0,55.56,39.22,18.18,80.0,0.9597997632862448,0.1382935558178275,1.0,2.0,0.05240351,1.0,5.0,4.0,0.13710875,11.0,5.1923076923076925,0.0,7.170329670329671,0.4945054945054945,12.362637362637363,0.4945054945054945,0.0,0.4945054945054945,2.2252747252747254,1.978021978021978,3.708791208791209,3.956043956043956,4.945054945054945,0.7417582417582418,0.2472527472527472,3.956043956043956,0.989010989010989,2.2252747252747254,0.989010989010989,0.2472527472527472,1.2362637362637363,0.4945054945054945,0.989010989010989,0.0,0.0,0.0,80.65,66.67,0.0,60.0,55.56,39.22,18.18,80.0,0.2373131282850605,0.034193461603309,0.2472527472527472,0.4945054945054945,0.0129569118131868,0.2472527472527472,1.2362637362637363,0.989010989010989,0.0339005151098901,2.71978021978022,CM/AM,17,10,8,16,10,36,25,14,60,84,89,88,47,46,23,76,28,91,59,20,86,43,98,50,50,49,54,92,10,70,90,17,23,82,73,12,25,10,10,12,20,7,6,4,23,10,2,17,8,44,25,12,73,92,94,94,59,50,25,85,33,94,67,21,98,52,100,50,50,49,54,92,10,70,90,17,23,82,83,15,22,11,10,12,18,6,4,4,Czech League
Teplice,41eivtin75c5fu33x3zfx956b,76p9u8gc0hy1reym8qg2ac844,J. Švanda,Josef Svanda,24,Midfielder,Czechia,Midfielder,53.0,1.0,72.0,3.0,124.0,2.0,0.0,5.0,3.0,0.0,4.0,4.0,15.0,10.0,7.0,337.0,1.0,4.0,2.0,6.0,3.0,1.0,1.0,0.0,0.0,0.0,0.0,83.78,30.0,11.11,50.0,33.33,51.72,40.0,75.0,0.1764116367018093,0.43962493663046,3.0,4.0,0.13790114,1.0,17.0,17.0,0.6109752299999999,68.0,14.154302670623146,0.2670623145400593,19.228486646884274,0.8011869436201781,33.11572700296736,0.5341246290801187,0.0,1.3353115727002969,0.8011869436201781,0.0,1.0682492581602374,1.0682492581602374,4.00593471810089,2.6706231454005933,1.869436201780416,0.2670623145400593,1.0682492581602374,0.5341246290801187,1.602373887240356,0.8011869436201781,0.2670623145400593,0.2670623145400593,0.0,0.0,0.0,0.0,83.78,30.0,11.11,50.0,33.33,51.72,40.0,75.0,0.0471129000093852,0.1174072531060575,0.8011869436201781,1.0682492581602374,0.0368281976261127,0.2670623145400593,4.540059347181009,4.540059347181009,0.163168459050445,18.160237388724035,RM/RCM,38,31,50,31,38,25,31,50,31,19,25,25,25,75,81,19,38,25,75,56,38,44,38,56,56,56,88,38,44,88,50,75,62,100,25,50,56,12,25,12,75,62,50,38,88,44,88,38,88,38,31,75,50,19,25,25,38,100,100,25,62,25,75,88,56,50,38,56,56,56,88,38,44,88,50,75,62,100,38,88,69,12,38,12,100,88,100,75,Czech League
Teplice,41eivtin75c5fu33x3zfx956b,837n4oi7l69fz84lf5ra9m5g4,I. Hopi,Idris Hopi,18,Attacker,Czechia,Striker,10.0,0.0,14.0,1.0,24.0,3.0,0.0,1.0,6.0,4.0,8.0,9.0,10.0,0.0,3.0,224.0,10.0,1.0,3.0,2.0,2.0,0.0,3.0,0.0,0.0,0.0,0.0,60.0,25.0,0.0,37.5,0.0,34.48,50.0,66.67,0.519199654863929,0.1069824915749106,4.0,3.0,0.09875466,0.0,4.0,3.0,0.09469473,10.0,4.017857142857142,0.0,5.625,0.4017857142857143,9.642857142857142,1.2053571428571428,0.0,0.4017857142857143,2.4107142857142856,1.6071428571428572,3.2142857142857144,3.616071428571429,4.017857142857142,0.0,1.2053571428571428,4.017857142857142,0.4017857142857143,1.2053571428571428,0.8035714285714286,0.8035714285714286,0.0,1.2053571428571428,0.0,0.0,0.0,0.0,60.0,25.0,0.0,37.5,0.0,34.48,50.0,66.67,0.2086070041864,0.0429840367934908,1.6071428571428572,1.2053571428571428,0.0396782116071428,0.0,1.6071428571428572,1.2053571428571428,0.0380469897321428,4.017857142857142,ST,24,26,6,37,9,24,34,12,21,22,57,62,5,5,93,11,4,54,49,57,5,70,15,51,51,49,21,37,26,46,5,32,73,70,15,17,80,49,51,13,57,38,27,16,56,26,17,51,27,46,34,22,54,44,88,93,34,5,100,32,5,78,76,85,5,93,15,51,51,49,21,37,26,46,5,32,73,70,34,29,98,66,63,13,90,59,37,41,Czech League
Teplice,41eivtin75c5fu33x3zfx956b,95om33z10rzo9302j28pi6489,J. Fortelný,Jan Fortelny,27,Midfielder,Czechia,Midfielder,82.0,7.0,100.0,12.0,175.0,1.0,1.0,11.0,11.0,4.0,8.0,9.0,21.0,16.0,5.0,647.0,8.0,5.0,5.0,5.0,7.0,3.0,4.0,1.0,0.0,0.0,0.0,82.55,46.15,23.33,62.5,27.27,40.38,25.0,50.0,0.7605535516950409,0.8809690632817788,4.0,10.0,0.26001016,11.0,14.0,15.0,0.4395207400000001,74.0,11.406491499227204,0.973724884080371,13.91035548686244,1.669242658423493,24.34312210200927,0.1391035548686244,0.1391035548686244,1.5301391035548686,1.5301391035548686,0.5564142194744977,1.1128284389489953,1.2519319938176197,2.921174652241113,2.2256568778979906,0.6955177743431221,1.1128284389489953,0.6955177743431221,0.6955177743431221,0.6955177743431221,0.973724884080371,0.4173106646058732,0.5564142194744977,0.1391035548686244,0.0,0.0,0.0,82.55,46.15,23.33,62.5,27.27,40.38,25.0,50.0,0.1057957027087383,0.1225459284317775,0.5564142194744977,1.3910355486862442,0.0361683375579598,1.5301391035548686,1.947449768160742,2.0865533230293662,0.0611388973724884,10.293663060278206,CM/AM,88,83,72,86,79,23,69,78,77,53,51,57,52,96,84,39,34,69,71,92,69,86,64,50,50,49,67,52,50,77,48,22,38,24,54,73,67,70,67,99,69,60,42,74,67,69,42,73,44,21,54,60,48,35,29,33,21,96,65,19,17,44,44,71,44,60,48,50,50,49,67,52,50,77,48,22,38,24,35,54,54,38,33,92,35,27,19,46,Czech League
Teplice,41eivtin75c5fu33x3zfx956b,a0hxy44jzxrwm8k8h2idnm51,L. Mareček,Lukás Marecek,36,Midfielder,Czechia,Midfielder,118.0,0.0,176.0,19.0,294.0,10.0,1.0,8.0,14.0,5.0,6.0,6.0,24.0,21.0,9.0,690.0,8.0,3.0,2.0,7.0,9.0,4.0,3.0,3.0,0.0,0.0,0.0,86.98,57.58,0.0,33.33,28.57,45.28,58.82,77.78,1.1461690812288123,0.2905904059291898,9.0,11.0,0.24562008,6.0,41.0,56.0,0.8419297800000002,181.0,15.391304347826086,0.0,22.95652173913044,2.4782608695652173,38.34782608695652,1.3043478260869563,0.1304347826086956,1.0434782608695652,1.826086956521739,0.6521739130434783,0.7826086956521738,0.7826086956521738,3.130434782608696,2.7391304347826084,1.1739130434782608,1.0434782608695652,0.3913043478260869,0.2608695652173913,0.9130434782608696,1.1739130434782608,0.5217391304347826,0.3913043478260869,0.3913043478260869,0.0,0.0,0.0,86.98,57.58,0.0,33.33,28.57,45.28,58.82,77.78,0.1495003149428885,0.0379030964255464,1.1739130434782608,1.434782608695652,0.0320374017391304,0.7826086956521738,5.3478260869565215,7.304347826086956,0.1098169278260869,23.60869565217391,DM/CM,71,23,88,88,82,94,83,88,95,86,73,70,55,97,91,71,15,35,67,95,89,74,98,48,52,52,77,79,23,24,61,18,80,88,91,42,97,76,73,77,91,97,67,85,52,23,76,79,67,82,73,58,85,76,55,52,15,94,70,55,9,24,45,85,82,52,94,48,52,52,77,79,23,24,61,18,80,88,76,33,88,58,52,61,82,94,48,79,Czech League
Teplice,41eivtin75c5fu33x3zfx956b,cfdo1h4sk3lgm6ifd42oicqtx,M. Pulkrab,Matej Pulkrab,29,Attacker,Czechia,Striker,48.0,0.0,55.0,1.0,103.0,22.0,1.0,8.0,12.0,12.0,8.0,8.0,42.0,10.0,2.0,563.0,26.0,10.0,4.0,5.0,0.0,4.0,0.0,3.0,0.0,0.0,0.0,69.13,25.0,0.0,50.0,33.33,48.84,56.41,83.33,1.476172763183261,0.661740432336079,0.0,5.0,0.17672497,1.0,4.0,3.0,0.32467657,29.0,7.673179396092363,0.0,8.792184724689164,0.1598579040852575,16.465364120781526,3.516873889875666,0.1598579040852575,1.2788632326820604,1.9182948490230909,1.9182948490230909,1.2788632326820604,1.2788632326820604,6.714031971580817,1.5985790408525755,0.3197158081705151,4.156305506216697,1.5985790408525755,0.6394316163410302,0.7992895204262878,0.0,0.6394316163410302,0.0,0.4795737122557726,0.0,0.0,0.0,69.13,25.0,0.0,50.0,33.33,48.84,56.41,83.33,0.2359778839902193,0.1057844385617177,0.0,0.7992895204262878,0.02825088330373,0.1598579040852575,0.6394316163410302,0.4795737122557726,0.0519021159857904,4.635879218472469,ST,95,26,78,37,90,95,80,90,62,80,57,46,96,94,78,77,96,68,90,10,61,13,84,51,51,49,46,37,26,76,46,88,93,88,71,85,10,60,61,40,57,38,66,73,95,26,54,32,73,88,73,76,37,61,32,29,88,88,63,37,63,46,73,10,49,13,80,51,51,49,46,37,26,76,46,88,93,88,46,66,10,44,51,29,46,24,51,56,Czech League
Teplice,41eivtin75c5fu33x3zfx956b,dfjd4y5a331n9bm2ez6un02c,M. Riznič,Matej Riznic,22,Midfielder,Slovakia,Midfielder,86.0,10.0,119.0,10.0,195.0,6.0,0.0,10.0,9.0,4.0,10.0,10.0,43.0,31.0,11.0,627.0,11.0,20.0,6.0,11.0,5.0,3.0,2.0,0.0,0.0,0.0,0.0,74.43,32.26,28.57,60.0,33.33,61.43,50.0,91.67,0.5567185086351748,1.193184499160377,4.0,8.0,0.23523093,8.0,13.0,16.0,2.03785232,104.0,12.344497607655502,1.4354066985645932,17.08133971291866,1.4354066985645932,27.99043062200957,0.8612440191387559,0.0,1.4354066985645932,1.291866028708134,0.5741626794258373,1.4354066985645932,1.4354066985645932,6.172248803827751,4.44976076555024,1.5789473684210529,1.5789473684210529,2.8708133971291865,0.8612440191387559,1.5789473684210529,0.7177033492822966,0.4306220095693779,0.2870813397129186,0.0,0.0,0.0,0.0,74.43,32.26,28.57,60.0,33.33,61.43,50.0,91.67,0.079911747650982,0.1712705022718244,0.5741626794258373,1.1483253588516746,0.0337652052631579,1.1483253588516746,1.866028708133972,2.2966507177033493,0.2925146870813397,14.92822966507177,LM/LCM,100,100,100,100,100,90,30,90,60,50,80,80,100,100,100,30,100,80,100,80,80,50,40,60,60,60,60,60,70,80,80,100,60,80,40,100,70,40,40,70,80,80,100,100,100,60,100,100,100,60,30,60,40,20,60,60,100,100,80,20,100,80,100,60,60,40,40,60,60,60,60,60,70,80,80,100,60,80,20,60,60,20,20,40,40,60,100,100,Czech League
Teplice,41eivtin75c5fu33x3zfx956b,dgugih9fue6fnth85f8nhecph,M. Bílek,Michal Bílek,28,Midfielder,Czechia,Midfielder,51.0,3.0,75.0,15.0,123.0,5.0,0.0,3.0,9.0,1.0,3.0,3.0,26.0,17.0,2.0,411.0,5.0,11.0,1.0,7.0,8.0,0.0,3.0,0.0,0.0,1.0,1.0,74.1,37.5,15.0,33.33,0.0,68.42,62.5,70.0,0.4243150158893264,0.415231475415416,6.0,3.0,0.06656498,4.0,17.0,28.0,0.9626651099999995,74.0,11.167883211678832,0.6569343065693432,16.423357664233578,3.2846715328467155,26.934306569343068,1.094890510948905,0.0,0.6569343065693432,1.9708029197080288,0.218978102189781,0.6569343065693432,0.6569343065693432,5.693430656934307,3.7226277372262775,0.437956204379562,1.094890510948905,2.408759124087591,0.218978102189781,1.5328467153284673,1.7518248175182485,0.0,0.6569343065693432,0.0,0.0,0.218978102189781,0.218978102189781,74.1,37.5,15.0,33.33,0.0,68.42,62.5,70.0,0.0929156969100714,0.0909266004559305,1.3138686131386863,0.6569343065693432,0.0145762729927007,0.8759124087591241,3.7226277372262775,6.131386861313869,0.2108025788321167,16.204379562043798,CM/AM,61,54,56,91,58,81,25,24,60,15,20,20,71,98,44,16,79,17,88,96,11,66,24,50,100,99,23,33,29,28,11,98,89,61,29,42,92,16,12,61,83,90,81,74,65,52,54,96,54,81,25,19,67,10,15,12,75,100,38,17,81,15,90,98,11,71,24,50,100,100,23,33,29,28,11,98,89,61,31,38,88,15,12,67,85,96,90,81,Czech League
Teplice,41eivtin75c5fu33x3zfx956b,dj91g7x3c6d31jkgegr8i9btg,D. Večerka,Dalibor Vecerka,23,Defender,Czechia,Defender,170.0,0.0,59.0,13.0,229.0,13.0,0.0,0.0,0.0,0.0,0.0,0.0,23.0,34.0,6.0,573.0,4.0,2.0,0.0,7.0,0.0,0.0,0.0,0.0,0.0,0.0,0.0,90.51,56.52,0.0,0.0,0.0,40.35,43.33,87.5,0.0,0.0,0.0,0.0,0.0,0.0,0.0,0.0,0.0,0.0,26.701570680628272,0.0,9.267015706806284,2.0418848167539267,35.96858638743456,2.0418848167539267,0.0,0.0,0.0,0.0,0.0,0.0,3.612565445026178,5.340314136125655,0.9424083769633508,0.6282722513089005,0.3141361256544502,0.0,1.099476439790576,0.0,0.0,0.0,0.0,0.0,0.0,0.0,90.51,56.52,0.0,0.0,0.0,40.35,43.33,87.5,0.0,0.0,0.0,0.0,0.0,0.0,0.0,0.0,0.0,0.0,LB/LCB,92,10,25,60,80,90,38,8,5,10,8,8,60,90,72,25,15,10,60,15,22,22,38,50,52,52,100,90,10,10,22,15,35,85,5,8,18,8,8,12,5,5,5,5,90,10,5,55,80,85,38,8,5,10,8,8,30,90,65,25,5,10,50,15,22,22,38,50,52,52,100,90,10,10,22,15,35,85,5,8,18,8,8,12,5,5,5,5,Czech League
Teplice,41eivtin75c5fu33x3zfx956b,izxx5y2bgk42v0ibnta8swa2,O. Vientiess,Oskars Vientiess,23,Defender,Latvia,Defender,219.0,1.0,122.0,30.0,340.0,22.0,2.0,3.0,1.0,0.0,0.0,0.0,31.0,48.0,5.0,720.0,5.0,3.0,0.0,3.0,1.0,0.0,1.0,0.0,1.0,0.0,0.0,88.54,56.6,50.0,0.0,0.0,56.36,51.16,50.0,0.0404257634456338,0.3488971976583417,1.0,4.0,0.0755008299999999,0.0,34.0,41.0,1.2610208099999998,233.0,27.375,0.125,15.25,3.75,42.5,2.75,0.25,0.375,0.125,0.0,0.0,0.0,3.875,6.0,0.625,0.625,0.375,0.0,0.375,0.125,0.0,0.125,0.0,0.125,0.0,0.0,88.54,56.6,50.0,0.0,0.0,56.36,51.16,50.0,0.0050532204307042,0.0436121497072927,0.125,0.5,0.0094376037499999,0.0,4.25,5.125,0.1576276012499999,29.125,CB,77,68,85,98,83,88,99,58,22,11,11,11,59,93,42,54,20,20,33,67,21,73,36,96,51,51,65,73,90,20,21,41,27,32,17,81,72,60,46,16,88,96,98,85,58,58,71,81,62,79,94,45,16,11,11,11,33,72,19,33,17,20,21,53,21,66,36,92,51,51,65,73,90,20,21,41,27,32,17,65,61,50,42,16,79,85,94,73,Czech League
Artis Brno,6onh4wiqdb8r50qa6oyxlbafg,11n2y3idvspx0o5p0p61sw5xw,E. Fully,Emmanuel Fully,20,Defender,Liberia,Defender,83.0,1.0,43.0,15.0,125.0,8.0,0.0,0.0,3.0,2.0,0.0,0.0,19.0,12.0,7.0,413.0,6.0,4.0,0.0,4.0,1.0,0.0,3.0,0.0,0.0,0.0,0.0,76.69,39.47,50.0,0.0,0.0,50.0,57.14,57.14,0.3177228524323802,0.0,1.0,1.0,0.01611813,0.0,13.0,14.0,0.3617006899999998,74.0,18.08716707021792,0.2179176755447942,9.370460048426152,3.268765133171913,27.23970944309928,1.7433414043583535,0.0,0.0,0.6537530266343826,0.4358353510895884,0.0,0.0,4.14043583535109,2.6150121065375305,1.5254237288135597,1.3075060532687652,0.8716707021791769,0.0,0.8716707021791769,0.2179176755447942,0.0,0.6537530266343826,0.0,0.0,0.0,0.0,76.69,39.47,50.0,0.0,0.0,50.0,57.14,57.14,0.0692374254695259,0.0,0.2179176755447942,0.2179176755447942,0.0035124254237288,0.0,2.8329297820823247,3.050847457627119,0.0788209736077481,16.125907990314772,LB/LCB,60,30,5,72,40,72,38,8,42,52,8,8,38,55,85,50,52,10,32,40,22,95,38,50,52,52,35,50,90,10,22,30,50,15,60,8,57,15,15,12,50,35,25,50,70,35,10,80,55,70,38,8,55,55,8,8,45,60,100,55,55,10,30,50,22,95,38,50,52,52,35,50,90,10,22,30,50,15,75,8,75,15,15,12,65,45,25,70,Czech League
Artis Brno,6onh4wiqdb8r50qa6oyxlbafg,1eecexgki6vzi3b4g60tpfkyd,A. Alégué,Alexis Alégué,29,Attacker,Cameroon,Striker,61.0,12.0,83.0,7.0,132.0,2.0,0.0,13.0,14.0,10.0,20.0,23.0,27.0,5.0,2.0,621.0,24.0,12.0,8.0,3.0,4.0,6.0,6.0,1.0,0.0,0.0,0.0,83.02,70.0,38.71,40.0,42.86,49.09,50.0,60.0,1.042581399012305,1.5772473646895615,6.0,24.0,0.6460640299999998,12.0,10.0,16.0,1.15652279,58.0,8.840579710144928,1.7391304347826086,12.028985507246375,1.0144927536231882,19.13043478260869,0.2898550724637681,0.0,1.884057971014493,2.0289855072463765,1.4492753623188406,2.898550724637681,3.333333333333333,3.913043478260869,0.7246376811594203,0.2898550724637681,3.4782608695652173,1.7391304347826086,1.1594202898550725,0.4347826086956521,0.5797101449275363,0.8695652173913043,0.8695652173913043,0.144927536231884,0.0,0.0,0.0,83.02,70.0,38.71,40.0,42.86,49.09,50.0,60.0,0.1510987534800442,0.22858657459269,0.8695652173913043,3.4782608695652173,0.0936324681159419,1.7391304347826086,1.4492753623188406,2.318840579710145,0.1676119985507246,8.405797101449275,RW,100,100,100,100,100,100,100,100,100,100,100,100,100,100,100,100,100,100,100,100,100,100,100,100,100,100,100,100,100,100,100,100,100,100,100,100,100,100,100,100,100,100,100,100,100,100,100,100,100,100,100,100,100,100,100,100,100,100,100,100,100,100,100,100,100,100,100,100,100,100,100,100,100,100,100,100,100,100,100,100,100,100,100,100,100,100,100,100,Czech League
Artis Brno,6onh4wiqdb8r50qa6oyxlbafg,2vfhae70oyyzm0qttlckworqi,A. Carlén,Adam Carlén,26,Midfielder,Sweden,Midfielder,36.0,0.0,25.0,6.0,61.0,4.0,0.0,0.0,2.0,1.0,2.0,2.0,17.0,7.0,1.0,414.0,3.0,1.0,1.0,8.0,1.0,0.0,2.0,0.0,0.0,0.0,0.0,70.11,37.5,0.0,50.0,0.0,47.22,44.44,72.73,0.1587537409697289,0.0,1.0,1.0,0.01870347,0.0,5.0,8.0,0.0991378699999999,32.0,7.82608695652174,0.0,5.434782608695652,1.3043478260869563,13.260869565217392,0.8695652173913044,0.0,0.0,0.4347826086956522,0.2173913043478261,0.4347826086956522,0.4347826086956522,3.695652173913044,1.5217391304347827,0.2173913043478261,0.6521739130434783,0.2173913043478261,0.2173913043478261,1.7391304347826089,0.2173913043478261,0.0,0.4347826086956522,0.0,0.0,0.0,0.0,70.11,37.5,0.0,50.0,0.0,47.22,44.44,72.73,0.0345116828195062,0.0,0.2173913043478261,0.2173913043478261,0.0040659717391304,0.0,1.0869565217391306,1.7391304347826089,0.0215517108695652,6.956521739130436,DM/CM,11,23,6,32,9,56,36,6,15,36,20,20,32,52,12,27,5,21,73,18,17,53,39,48,52,52,3,27,23,44,17,27,41,70,21,8,23,8,6,9,12,18,9,14,3,23,3,21,3,61,36,6,15,33,21,21,27,48,12,27,3,18,82,18,17,67,39,48,52,52,3,27,23,44,17,27,41,70,24,8,18,6,6,9,6,15,6,6,Czech League
Artis Brno,6onh4wiqdb8r50qa6oyxlbafg,3r9l6aafy6rsty0329wzcdf6c,I. Fomba,Issa Fomba,25,Midfielder,Mali,Midfielder,12.0,4.0,26.0,4.0,34.0,0.0,0.0,2.0,7.0,5.0,10.0,11.0,8.0,3.0,0.0,265.0,7.0,2.0,3.0,2.0,2.0,2.0,1.0,1.0,0.0,0.0,0.0,66.67,57.14,30.77,30.0,28.57,36.36,0.0,66.67,0.8477253747724305,0.2426127748308649,1.0,11.0,0.30244904,4.0,4.0,8.0,0.52109556,16.0,4.075471698113208,1.3584905660377358,8.830188679245282,1.3584905660377358,11.547169811320757,0.0,0.0,0.6792452830188679,2.3773584905660377,1.6981132075471697,3.39622641509434,3.735849056603773,2.7169811320754715,1.018867924528302,0.0,2.3773584905660377,0.6792452830188679,1.018867924528302,0.6792452830188679,0.6792452830188679,0.6792452830188679,0.3396226415094339,0.3396226415094339,0.0,0.0,0.0,66.67,57.14,30.77,30.0,28.57,36.36,0.0,66.67,0.2879067310547877,0.0823967914519918,0.3396226415094339,3.735849056603773,0.1027185418867924,1.3584905660377358,1.3584905660377358,2.7169811320754715,0.1769758505660377,5.433962264150943,CM/AM,6,65,5,43,4,9,25,14,43,62,72,71,9,46,7,29,15,43,26,32,49,28,64,50,50,49,6,71,74,20,53,15,10,51,60,19,25,78,79,61,10,29,56,6,10,81,10,60,2,9,25,21,79,88,90,88,19,73,7,50,15,67,42,48,67,33,77,50,50,49,6,71,74,20,53,15,10,51,92,31,29,94,94,79,23,52,81,12,Czech League
Artis Brno,6onh4wiqdb8r50qa6oyxlbafg,3yskowb0w7b6ltgap7gl7zcpg,A. Labík,Albert Labík,22,Defender,Czechia,Defender,56.0,0.0,40.0,10.0,96.0,1.0,0.0,2.0,3.0,2.0,7.0,7.0,20.0,1.0,0.0,380.0,7.0,9.0,5.0,2.0,1.0,1.0,0.0,1.0,0.0,0.0,0.0,76.8,50.0,0.0,71.43,33.33,44.44,25.0,40.0,0.2784293815036778,0.1595415024476956,0.0,2.0,0.07903378,1.0,12.0,12.0,0.2630028899999999,36.0,13.263157894736842,0.0,9.473684210526317,2.3684210526315788,22.73684210526316,0.2368421052631578,0.0,0.4736842105263157,0.7105263157894737,0.4736842105263157,1.6578947368421053,1.6578947368421053,4.7368421052631575,0.2368421052631578,0.0,1.6578947368421053,2.131578947368421,1.1842105263157894,0.4736842105263157,0.2368421052631578,0.2368421052631578,0.0,0.2368421052631578,0.0,0.0,0.0,76.8,50.0,0.0,71.43,33.33,44.44,25.0,40.0,0.06594380088245,0.0377861453165594,0.0,0.4736842105263157,0.0187185268421052,0.2368421052631578,2.8421052631578947,2.8421052631578947,0.0622901581578947,8.526315789473683,CB,12,27,21,39,15,2,41,43,51,49,91,91,35,3,5,64,80,94,24,67,53,31,84,46,51,51,17,57,27,71,67,17,3,16,46,44,29,41,56,45,45,38,29,8,17,27,23,42,10,2,41,56,60,54,98,96,47,2,5,77,96,98,29,77,56,31,90,46,51,51,17,57,27,71,67,17,3,16,54,60,29,46,73,50,54,48,29,10,Czech League
Artis Brno,6onh4wiqdb8r50qa6oyxlbafg,58gt3dybri38935kmgdlfxzh1,M. Pospíšil,Martin Pospísil,35,Midfielder,Czechia,Midfielder,74.0,3.0,52.0,14.0,123.0,1.0,1.0,5.0,3.0,0.0,4.0,4.0,21.0,3.0,6.0,407.0,1.0,5.0,1.0,9.0,3.0,0.0,0.0,0.0,0.0,0.0,0.0,79.35,46.67,15.79,25.0,0.0,65.62,33.33,64.29,0.1992860606555221,0.5586628667031002,1.0,5.0,0.13808854,5.0,16.0,23.0,0.6146204000000001,76.0,16.363636363636363,0.6633906633906634,11.498771498771498,3.095823095823096,27.1990171990172,0.2211302211302211,0.2211302211302211,1.1056511056511056,0.6633906633906634,0.0,0.8845208845208845,0.8845208845208845,4.643734643734644,0.6633906633906634,1.3267813267813269,0.2211302211302211,1.1056511056511056,0.2211302211302211,1.9901719901719903,0.6633906633906634,0.0,0.0,0.0,0.0,0.0,0.0,79.35,46.67,15.79,25.0,0.0,65.62,33.33,64.29,0.0440681706609262,0.1235372432512997,0.2211302211302211,1.1056511056511056,0.0305355493857493,1.1056511056511056,3.538083538083538,5.085995085995086,0.135911144963145,16.805896805896808,DM/CM,48,80,30,76,36,14,83,52,29,14,41,39,48,17,61,9,38,21,82,48,17,9,39,48,52,52,33,48,55,15,17,92,26,48,33,76,23,41,42,68,55,68,48,47,58,82,27,91,39,12,88,64,30,14,58,58,58,15,82,12,48,21,91,58,17,9,39,48,52,52,33,48,55,15,17,92,26,48,30,85,21,39,45,85,67,82,61,58,Czech League
Artis Brno,6onh4wiqdb8r50qa6oyxlbafg,5bf54g7vm8pfgaqeu4us06yvo,E. Ndiaye,El Hadji Ndiaye,27,Attacker,Senegal,Striker,25.0,0.0,29.0,2.0,54.0,14.0,0.0,5.0,10.0,8.0,2.0,2.0,30.0,3.0,1.0,550.0,18.0,5.0,2.0,7.0,2.0,2.0,1.0,1.0,0.0,0.0,0.0,62.79,22.22,0.0,100.0,20.0,40.54,35.9,77.78,1.058844901044324,0.1950336993538204,2.0,2.0,0.04398591,0.0,8.0,10.0,0.1117094499999999,24.0,4.090909090909091,0.0,4.745454545454546,0.3272727272727272,8.836363636363638,2.290909090909091,0.0,0.8181818181818182,1.6363636363636365,1.309090909090909,0.3272727272727272,0.3272727272727272,4.909090909090909,0.4909090909090909,0.1636363636363636,2.9454545454545458,0.8181818181818182,0.3272727272727272,1.1454545454545455,0.3272727272727272,0.3272727272727272,0.1636363636363636,0.1636363636363636,0.0,0.0,0.0,62.79,22.22,0.0,100.0,20.0,40.54,35.9,77.78,0.1732655292617984,0.0319146053488069,0.3272727272727272,0.3272727272727272,0.0071976943636363,0.0,1.309090909090909,1.6363636363636365,0.0182797281818181,3.927272727272728,ST,79,26,32,57,56,87,34,61,46,54,10,9,88,40,54,45,44,35,99,57,34,33,48,51,51,49,27,32,26,100,24,44,37,80,46,34,48,32,24,13,85,79,29,63,61,26,10,41,22,73,34,46,24,32,5,2,54,20,44,10,27,24,93,39,15,29,29,51,51,49,27,32,26,100,24,44,37,80,24,24,34,22,22,13,73,76,17,37,Czech League
Artis Brno,6onh4wiqdb8r50qa6oyxlbafg,5hndhxoydfoz01r5o0nwmqot0,N. Glossoa,Neil Glossoa,22,Defender,France,Defender,134.0,7.0,76.0,15.0,203.0,4.0,2.0,9.0,3.0,3.0,12.0,12.0,35.0,19.0,6.0,591.0,5.0,13.0,4.0,12.0,0.0,0.0,1.0,0.0,0.0,0.0,0.0,77.48,40.54,53.85,33.33,0.0,59.32,44.44,80.0,0.3560210240614217,1.1146760664502635,0.0,7.0,0.17988846,2.0,15.0,21.0,1.71388128,122.0,20.40609137055837,1.065989847715736,11.573604060913706,2.284263959390863,30.913705583756347,0.6091370558375635,0.3045685279187817,1.370558375634518,0.4568527918781726,0.4568527918781726,1.8274111675126905,1.8274111675126905,5.32994923857868,2.8934010152284264,0.9137055837563453,0.7614213197969544,1.9796954314720807,0.6091370558375635,1.8274111675126905,0.0,0.0,0.1522842639593908,0.0,0.0,0.0,0.0,77.48,40.54,53.85,33.33,0.0,59.32,44.44,80.0,0.0542163996032621,0.1697476243325274,0.0,1.065989847715736,0.0273941817258883,0.3045685279187817,2.284263959390863,3.197969543147208,0.2609971492385787,18.578680203045685,RB/RCB,92,100,54,77,77,23,96,96,58,81,92,92,85,50,73,69,96,85,92,27,31,77,46,50,54,54,38,46,92,42,31,77,27,77,77,100,31,69,77,46,46,46,100,85,77,92,31,54,69,23,92,92,38,69,92,85,54,31,54,54,100,69,92,27,31,69,46,50,54,54,38,46,92,42,31,77,27,77,62,92,31,54,69,31,31,23,100,62,Czech League
Artis Brno,6onh4wiqdb8r50qa6oyxlbafg,6mlztsk5pqy7kiagn593y6jh0,Q. Adediran,Quadri Adediran,25,Attacker,Nigeria,Striker,11.0,1.0,11.0,2.0,21.0,10.0,1.0,1.0,8.0,7.0,8.0,9.0,23.0,2.0,0.0,319.0,16.0,7.0,1.0,4.0,1.0,3.0,0.0,2.0,0.0,0.0,0.0,60.0,66.67,25.0,12.5,37.5,38.33,41.67,80.0,1.1172291777260082,0.1639587385273061,1.0,0.0,0.0,0.0,2.0,2.0,0.3203890399999999,6.0,3.103448275862069,0.2821316614420063,3.103448275862069,0.5642633228840126,5.924764890282132,2.8213166144200628,0.2821316614420063,0.2821316614420063,2.2570532915360504,1.974921630094044,2.2570532915360504,2.539184952978057,6.4890282131661445,0.5642633228840126,0.0,4.514106583072101,1.974921630094044,0.2821316614420063,1.1285266457680252,0.2821316614420063,0.8463949843260189,0.0,0.5642633228840126,0.0,0.0,0.0,60.0,66.67,25.0,12.5,37.5,38.33,41.67,80.0,0.3152057241233252,0.0462579513086443,0.2821316614420063,0.0,0.0,0.0,0.5642633228840126,0.5642633228840126,0.0903918921630093,1.6927899686520378,ST,30,57,2,57,4,76,80,12,39,44,57,62,68,22,21,35,67,18,82,32,51,13,71,51,51,49,21,80,66,12,63,39,48,84,49,29,27,7,7,13,37,23,63,2,32,63,2,66,5,78,93,7,46,63,66,66,85,29,21,49,78,20,90,34,61,13,85,51,51,49,21,80,66,12,63,39,48,84,68,34,32,7,7,13,39,29,76,5,Czech League
Artis Brno,6onh4wiqdb8r50qa6oyxlbafg,7zy3nqjcujble4iy16c34p4dm,Papalélé,Hélio Alberto Delgado Silva,28,Attacker,Cabo Verde,Striker,22.0,3.0,46.0,5.0,65.0,10.0,2.0,6.0,7.0,6.0,20.0,21.0,33.0,2.0,5.0,529.0,19.0,7.0,4.0,7.0,1.0,1.0,1.0,0.0,0.0,0.0,0.0,68.42,35.71,25.0,20.0,14.29,50.77,62.5,58.33,0.700042690693462,0.5868803003605916,1.0,11.0,0.31064097,7.0,7.0,11.0,0.6154706999999999,34.0,3.742911153119093,0.5103969754253308,7.826086956521738,0.8506616257088846,11.0586011342155,1.7013232514177692,0.3402646502835538,1.0207939508506616,1.1909262759924384,1.0207939508506616,3.4026465028355384,3.572778827977316,5.614366729678639,0.3402646502835538,0.8506616257088846,3.2325141776937616,1.1909262759924384,0.6805293005671077,1.1909262759924384,0.1701323251417769,0.1701323251417769,0.1701323251417769,0.0,0.0,0.0,0.0,68.42,35.71,25.0,20.0,14.29,50.77,62.5,58.33,0.1190998906661844,0.0998473100802518,0.1701323251417769,1.8714555765595464,0.0528500705103969,1.1909262759924384,1.1909262759924384,1.8714555765595464,0.104711461247637,5.784499054820415,LW,50,50,50,100,50,100,100,50,50,50,100,100,100,50,100,50,100,100,75,50,50,50,50,75,75,75,50,100,50,50,50,50,100,50,50,50,75,100,100,100,100,100,50,75,50,50,50,100,50,100,100,50,50,50,100,100,100,50,100,50,50,100,50,50,50,50,50,75,75,75,50,100,50,50,50,50,100,50,50,50,50,50,50,100,100,50,50,50,Czech League
Artis Brno,6onh4wiqdb8r50qa6oyxlbafg,crvtv5nm7gxssmewu2kbs1my2,D. Šimek,David Simek,28,Defender,Czechia,Defender,144.0,0.0,38.0,9.0,182.0,31.0,0.0,2.0,6.0,6.0,1.0,1.0,38.0,35.0,5.0,581.0,13.0,4.0,0.0,3.0,0.0,1.0,1.0,0.0,0.0,0.0,0.0,82.73,42.86,0.0,0.0,16.67,66.67,83.78,100.0,0.5654919501247293,0.1961545070000583,0.0,0.0,0.0,0.0,5.0,10.0,0.22688533,112.0,22.306368330464714,0.0,5.886402753872633,1.3941480206540446,28.19277108433735,4.802065404475043,0.0,0.3098106712564544,0.9294320137693632,0.9294320137693632,0.1549053356282272,0.1549053356282272,5.886402753872633,5.421686746987952,0.774526678141136,2.0137693631669533,0.6196213425129088,0.0,0.4647160068846815,0.0,0.1549053356282272,0.1549053356282272,0.0,0.0,0.0,0.0,82.73,42.86,0.0,0.0,16.67,66.67,83.78,100.0,0.0875977203291319,0.0303853797418334,0.0,0.0,0.0,0.0,0.774526678141136,1.549053356282272,0.035145748192771,17.349397590361445,CB,54,27,17,33,50,100,41,43,79,88,33,33,77,70,42,85,32,20,33,25,53,73,36,46,51,51,38,38,27,20,46,89,100,98,73,50,29,10,10,16,8,30,19,50,40,27,2,21,23,100,41,31,75,90,29,29,75,52,35,92,21,20,27,25,46,75,36,46,51,51,38,38,27,20,46,89,100,98,65,48,29,10,10,16,4,12,4,27,Czech League
Artis Brno,6onh4wiqdb8r50qa6oyxlbafg,cuzvy5d70w9zbxsu3po6clucp,D. Plechatý,Dominik Plechaty,27,Defender,Czechia,Defender,246.0,0.0,52.0,27.0,298.0,15.0,0.0,0.0,1.0,0.0,1.0,1.0,40.0,47.0,12.0,720.0,0.0,10.0,1.0,10.0,1.0,0.0,1.0,0.0,0.0,0.0,0.0,88.69,64.29,0.0,100.0,0.0,61.54,53.57,71.43,0.0495069983357991,0.0,1.0,0.0,0.0,0.0,13.0,16.0,0.3923431999999999,192.0,30.75,0.0,6.5,3.375,37.25,1.875,0.0,0.0,0.125,0.0,0.125,0.125,5.0,5.875,1.5,0.0,1.25,0.125,1.25,0.125,0.0,0.125,0.0,0.0,0.0,0.0,88.69,64.29,0.0,100.0,0.0,61.54,53.57,71.43,0.0061883747919748,0.0,0.125,0.0,0.0,0.0,1.625,2.0,0.0490428999999999,24.0,CB,83,27,35,90,75,75,41,7,22,11,33,33,81,90,90,2,90,51,84,67,21,73,36,46,51,51,69,93,27,91,21,67,38,73,19,7,72,10,10,16,51,50,42,77,67,27,4,67,52,49,41,7,16,11,24,24,50,67,76,2,64,42,67,53,21,66,36,46,51,51,69,93,27,91,21,67,38,73,19,7,61,10,10,16,29,27,17,60,Czech League
Artis Brno,6onh4wiqdb8r50qa6oyxlbafg,dbku5mn74cqjzu7o91vzrlbtg,S. Komljenović,Sacha Komljenovic,23,Midfielder,Netherlands,Midfielder,49.0,0.0,47.0,10.0,96.0,8.0,0.0,3.0,5.0,5.0,4.0,5.0,29.0,9.0,3.0,400.0,9.0,14.0,3.0,3.0,0.0,2.0,0.0,1.0,0.0,0.0,0.0,78.05,50.0,0.0,75.0,40.0,63.04,61.54,75.0,0.6135978720892228,0.1940264147237731,0.0,4.0,0.12728559,0.0,10.0,11.0,0.20898095,42.0,11.025,0.0,10.575,2.25,21.6,1.7999999999999998,0.0,0.6749999999999999,1.125,1.125,0.8999999999999999,1.125,6.525,2.025,0.6749999999999999,2.025,3.15,0.6749999999999999,0.6749999999999999,0.0,0.4499999999999999,0.0,0.2249999999999999,0.0,0.0,0.0,78.05,50.0,0.0,75.0,40.0,63.04,61.54,75.0,0.1380595212200751,0.0436559433128489,0.0,0.8999999999999999,0.02863925775,0.0,2.25,2.475,0.04702071375,9.45,DM/CM,30,23,27,47,21,86,36,33,47,86,41,56,76,61,35,77,95,55,21,6,67,9,85,48,52,52,24,59,23,74,82,85,85,79,64,30,6,27,33,9,33,32,21,24,12,23,21,70,15,97,36,36,52,94,64,70,94,79,30,85,97,70,27,6,79,9,88,48,52,52,24,59,23,74,82,85,85,79,73,36,6,30,39,9,39,30,18,15,Czech League
Artis Brno,6onh4wiqdb8r50qa6oyxlbafg,jxrq5a63f8wjyonu0prz48ut,D. Preisler,Dominik Preisler,30,Defender,Czechia,Defender,60.0,8.0,56.0,22.0,108.0,5.0,0.0,9.0,4.0,2.0,4.0,7.0,22.0,17.0,6.0,458.0,2.0,3.0,1.0,11.0,2.0,0.0,1.0,0.0,0.0,0.0,0.0,64.67,46.81,28.57,25.0,0.0,57.89,62.5,84.62,0.3704003621578636,0.7334489360030153,1.0,4.0,0.0990631,2.0,13.0,20.0,1.0375050200000002,57.0,11.790393013100438,1.572052401746725,11.004366812227074,4.323144104803494,21.222707423580783,0.9825327510917032,0.0,1.7685589519650655,0.7860262008733625,0.3930131004366812,0.7860262008733625,1.3755458515283845,4.323144104803494,3.3406113537117905,1.1790393013100438,0.3930131004366812,0.5895196506550219,0.1965065502183406,2.161572052401747,0.3930131004366812,0.0,0.1965065502183406,0.0,0.0,0.0,0.0,64.67,46.81,28.57,25.0,0.0,57.89,62.5,84.62,0.0727860973672657,0.144127520175265,0.1965065502183406,0.7860262008733625,0.0194665480349345,0.3930131004366812,2.554585152838428,3.930131004366813,0.2038765323144105,11.200873362445416,LB/LCB,38,92,20,95,30,38,38,90,65,52,32,65,52,70,72,8,38,30,90,65,22,62,38,50,52,52,5,75,70,32,22,65,60,75,70,90,57,40,45,42,50,62,85,38,45,90,20,95,35,35,38,95,75,45,30,70,50,65,85,10,35,25,95,70,22,70,38,50,52,52,5,75,70,32,22,65,60,75,80,75,70,35,40,40,55,75,90,40,Czech League
Sigma Olomouc,dchxm00ei80l8ljbcfpdill8k,24ag393ieajcfwhg66ui2zotm,A. Ghali,Ahmad Ghali,26,Midfielder,Nigeria,Midfielder,97.0,5.0,126.0,4.0,218.0,5.0,1.0,8.0,14.0,10.0,11.0,12.0,33.0,18.0,8.0,696.0,21.0,10.0,6.0,6.0,4.0,8.0,4.0,3.0,0.0,0.0,0.0,84.17,22.22,19.23,54.55,57.14,60.0,38.46,50.0,1.1620177824849696,0.5695229290325456,5.0,13.0,0.32066177,6.0,19.0,21.0,1.0701059999999998,108.0,12.54310344827586,0.646551724137931,16.29310344827586,0.5172413793103449,28.1896551724138,0.646551724137931,0.1293103448275862,1.0344827586206895,1.8103448275862069,1.293103448275862,1.4224137931034482,1.5517241379310345,4.267241379310345,2.327586206896552,1.0344827586206895,2.7155172413793105,1.293103448275862,0.7758620689655172,0.7758620689655172,0.5172413793103449,1.0344827586206895,0.5172413793103449,0.3879310344827586,0.0,0.0,0.0,84.17,22.22,19.23,54.55,57.14,60.0,38.46,50.0,0.1502609201489184,0.0736452063404153,0.646551724137931,1.6810344827586208,0.0414648840517241,0.7758620689655172,2.456896551724138,2.7155172413793105,0.1383757758620689,13.96551724137931,CM/AM,90,72,88,43,94,81,69,64,92,97,78,78,85,100,100,89,75,79,80,61,98,86,92,50,50,49,81,11,33,60,94,91,56,24,88,54,80,83,81,77,89,81,88,94,75,50,52,20,58,58,52,34,62,73,40,40,38,98,90,60,40,48,48,32,88,56,81,50,50,49,81,11,33,60,94,91,56,24,58,27,60,52,46,54,60,50,65,71,Czech League
Sigma Olomouc,dchxm00ei80l8ljbcfpdill8k,2ajvbnkl3znpich7x6k5a8w2y,D. Janošek,Dominik Janosek,28,Midfielder,Czechia,Midfielder,134.0,7.0,205.0,26.0,332.0,3.0,3.0,9.0,9.0,4.0,4.0,4.0,16.0,6.0,1.0,544.0,6.0,8.0,2.0,3.0,5.0,5.0,0.0,1.0,0.0,0.0,1.0,84.69,53.06,28.0,50.0,55.56,43.24,50.0,75.0,0.6579619190372419,1.0089825351199675,3.0,9.0,0.2182421299999999,7.0,37.0,45.0,1.3250425700000006,159.0,22.169117647058822,1.1580882352941178,33.91544117647059,4.301470588235294,54.9264705882353,0.4963235294117647,0.4963235294117647,1.4889705882352942,1.4889705882352942,0.6617647058823529,0.6617647058823529,0.6617647058823529,2.647058823529412,0.9926470588235294,0.1654411764705882,0.9926470588235294,1.3235294117647058,0.3308823529411764,0.4963235294117647,0.8272058823529412,0.8272058823529412,0.0,0.1654411764705882,0.0,0.0,0.1654411764705882,84.69,53.06,28.0,50.0,55.56,43.24,50.0,75.0,0.1088539939583672,0.166927257648524,0.4963235294117647,1.4889705882352942,0.036106234742647,1.1580882352941178,6.1213235294117645,7.444852941176471,0.2192166016544118,26.30514705882353,CM/AM,98,83,100,100,98,54,98,69,60,53,23,23,39,80,23,22,57,30,46,75,86,10,64,50,50,99,85,58,58,51,90,31,70,72,48,75,55,58,54,86,100,99,92,98,98,73,100,100,100,46,96,54,44,42,17,15,17,69,21,10,42,23,31,62,75,10,56,50,50,98,85,58,58,51,90,31,70,72,40,69,48,44,31,77,98,100,92,100,Czech League
Sigma Olomouc,dchxm00ei80l8ljbcfpdill8k,2jtsn4w1j0qp3hhw0oycnbnfu,M. Beran,Michal Beran,26,Midfielder,Czechia,Midfielder,283.0,1.0,219.0,22.0,501.0,1.0,0.0,6.0,9.0,3.0,5.0,5.0,15.0,11.0,4.0,682.0,4.0,4.0,4.0,4.0,6.0,1.0,4.0,0.0,0.0,0.0,0.0,89.46,47.83,11.11,80.0,11.11,38.46,20.0,66.67,0.6969078859545517,0.490245430794804,4.0,26.0,0.5794928999999999,9.0,49.0,53.0,1.1088770799999996,302.0,37.34604105571847,0.1319648093841642,28.900293255131967,2.903225806451613,66.11436950146627,0.1319648093841642,0.0,0.7917888563049854,1.187683284457478,0.3958944281524927,0.6598240469208211,0.6598240469208211,1.979472140762464,1.4516129032258065,0.5278592375366569,0.5278592375366569,0.5278592375366569,0.5278592375366569,0.5278592375366569,0.7917888563049854,0.1319648093841642,0.5278592375366569,0.0,0.0,0.0,0.0,89.46,47.83,11.11,80.0,11.11,38.46,20.0,66.67,0.0919673163283132,0.0646951448262937,0.5278592375366569,3.43108504398827,0.0764726700879765,1.187683284457478,6.466275659824047,6.994134897360704,0.1463327524926685,39.8533724340176,DM/CM,100,53,94,91,100,14,36,64,74,68,61,56,20,71,44,39,23,77,35,76,45,88,39,48,52,52,88,52,48,83,33,6,14,58,73,58,73,100,100,95,94,91,85,100,100,45,91,88,97,9,36,45,61,55,39,39,3,45,18,21,15,61,15,64,33,82,39,48,52,52,88,52,48,83,33,6,14,58,58,48,64,97,97,91,91,91,70,97,Czech League
Sigma Olomouc,dchxm00ei80l8ljbcfpdill8k,41dpaf86yifqltfknko0ow9yi,M. Soldo,Marko Soldo,22,Midfielder,Croatia,Midfielder,57.0,0.0,44.0,6.0,101.0,7.0,0.0,1.0,2.0,0.0,6.0,6.0,19.0,3.0,3.0,262.0,0.0,0.0,3.0,5.0,2.0,2.0,0.0,1.0,0.0,0.0,0.0,86.32,60.0,0.0,50.0,100.0,54.29,77.78,55.56,0.1200401548079018,0.0,1.0,5.0,0.12836069,3.0,8.0,7.0,0.13350951,43.0,19.580152671755727,0.0,15.114503816793894,2.0610687022900764,34.69465648854962,2.404580152671756,0.0,0.3435114503816794,0.6870229007633588,0.0,2.0610687022900764,2.0610687022900764,6.526717557251908,1.0305343511450382,1.0305343511450382,0.0,0.0,1.0305343511450382,1.717557251908397,0.6870229007633588,0.6870229007633588,0.0,0.3435114503816794,0.0,0.0,0.0,86.32,60.0,0.0,50.0,100.0,54.29,77.78,55.56,0.0412351676821036,0.0,0.3435114503816794,1.717557251908397,0.0440933667938931,1.0305343511450382,2.748091603053436,2.404580152671756,0.0458620454198473,14.770992366412214,CM/AM,71,10,21,62,44,93,25,6,11,5,32,29,44,46,65,2,2,43,71,32,49,10,64,50,50,49,98,80,10,51,99,77,99,36,8,3,25,29,23,51,43,22,2,39,96,10,48,81,85,100,25,6,10,5,60,56,94,75,88,2,2,69,96,50,69,10,79,50,50,49,98,80,10,51,99,77,99,36,10,3,31,54,52,73,65,40,8,77,Czech League
Sigma Olomouc,dchxm00ei80l8ljbcfpdill8k,4oubhd9ynqsn29p2mqwhw02ui,L. Lurvink,Louis Lurvink,24,Defender,Switzerland,Defender,266.0,1.0,147.0,12.0,412.0,15.0,0.0,3.0,6.0,6.0,3.0,3.0,44.0,48.0,20.0,720.0,10.0,10.0,2.0,13.0,0.0,2.0,1.0,2.0,0.0,0.0,0.0,91.35,66.67,50.0,66.67,33.33,59.46,44.12,72.22,1.0229597743276917,0.2795764496109496,0.0,12.0,0.26375803,8.0,28.0,25.0,0.8717845400000005,238.0,33.25,0.125,18.375,1.5,51.5,1.875,0.0,0.375,0.75,0.75,0.375,0.375,5.5,6.0,2.5,1.25,1.25,0.25,1.625,0.0,0.25,0.125,0.25,0.0,0.0,0.0,91.35,66.67,50.0,66.67,33.33,59.46,44.12,72.22,0.1278699717909614,0.0349470562013687,0.0,1.5,0.03296975375,1.0,3.5,3.125,0.1089730675,29.75,CB,88,68,94,48,94,75,41,58,79,88,62,61,93,93,100,75,90,71,97,25,80,73,99,46,51,51,81,98,90,68,67,58,17,77,96,69,29,98,96,98,82,75,88,88,73,58,85,25,81,49,41,45,64,78,52,52,65,72,96,56,64,62,85,25,64,66,92,46,51,51,81,98,90,68,67,58,17,77,88,52,29,90,83,92,64,56,71,75,Czech League
Sigma Olomouc,dchxm00ei80l8ljbcfpdill8k,6po5zochya9bx4ofzhuvbcglw,D. Tkáč,David Tkác,24,Midfielder,Czechia,Midfielder,55.0,0.0,60.0,2.0,115.0,2.0,0.0,2.0,8.0,7.0,9.0,9.0,34.0,1.0,3.0,425.0,18.0,16.0,3.0,9.0,1.0,4.0,1.0,2.0,0.0,0.0,0.0,79.86,28.57,0.0,33.33,50.0,47.89,22.22,69.23,0.9129595260681124,0.1613081585162491,0.0,17.0,0.43158292,7.0,14.0,10.0,0.29257521,46.0,11.647058823529411,0.0,12.705882352941176,0.4235294117647059,24.352941176470587,0.4235294117647059,0.0,0.4235294117647059,1.6941176470588235,1.4823529411764709,1.9058823529411764,1.9058823529411764,7.2,0.2117647058823529,0.6352941176470588,3.8117647058823527,3.388235294117647,0.6352941176470588,1.9058823529411764,0.2117647058823529,0.8470588235294118,0.2117647058823529,0.4235294117647059,0.0,0.0,0.0,79.86,28.57,0.0,33.33,50.0,47.89,22.22,69.23,0.1933326055203061,0.0341593747446174,0.0,3.6,0.091394030117647,1.4823529411764709,2.9647058823529413,2.117647058823529,0.0619571032941176,9.741176470588234,CM/AM,67,10,35,16,52,36,25,14,51,78,62,57,88,12,65,80,93,43,95,20,78,28,83,50,50,49,50,20,10,28,83,54,32,58,69,15,7,95,96,86,69,35,27,42,69,10,29,12,46,38,25,10,54,79,52,50,96,8,54,83,96,40,100,17,79,27,90,50,50,49,50,20,10,28,83,54,32,58,69,12,7,92,85,90,74,29,21,40,Czech League
Sigma Olomouc,dchxm00ei80l8ljbcfpdill8k,71wijkzueuulwshsw7z5cmb8q,M. Malý,Matús Maly,25,Defender,Slovakia,Defender,289.0,0.0,71.0,24.0,360.0,13.0,0.0,1.0,0.0,0.0,0.0,0.0,18.0,32.0,7.0,517.0,2.0,4.0,0.0,2.0,0.0,0.0,0.0,0.0,0.0,0.0,0.0,92.07,61.54,0.0,0.0,0.0,41.86,50.0,66.67,0.0,0.0910335574764727,0.0,1.0,0.0199707,0.0,8.0,15.0,0.4467303999999997,266.0,50.30947775628627,0.0,12.359767891682786,4.177949709864604,62.66924564796905,2.263056092843327,0.0,0.1740812379110251,0.0,0.0,0.0,0.0,3.133462282398453,5.570599613152805,1.218568665377176,0.3481624758220503,0.6963249516441006,0.0,0.3481624758220503,0.0,0.0,0.0,0.0,0.0,0.0,0.0,92.07,61.54,0.0,0.0,0.0,41.86,50.0,66.67,0.0,0.0158472343769488,0.0,0.1740812379110251,0.0034765241779497,0.0,1.3926499032882012,2.611218568665377,0.0777673810444873,46.30560928433269,CB,92,27,50,81,88,67,41,23,7,11,11,11,28,54,60,19,32,20,24,25,21,31,36,46,51,51,90,82,27,20,21,15,24,61,8,29,29,28,24,16,26,47,46,92,98,27,46,90,92,65,41,17,7,11,11,11,19,54,62,12,27,20,17,25,21,31,36,46,51,51,90,82,27,20,21,15,24,61,8,25,29,29,25,16,15,44,46,94,Czech League
Sigma Olomouc,dchxm00ei80l8ljbcfpdill8k,af8gj4w5eg8rdl4iq7fi8aa96,A. Sylla,Abdoulaye Sylla,26,Defender,Guinea,Defender,230.0,3.0,150.0,17.0,377.0,6.0,2.0,7.0,5.0,1.0,4.0,4.0,43.0,43.0,8.0,720.0,6.0,7.0,3.0,17.0,4.0,3.0,1.0,0.0,1.0,0.0,0.0,82.49,29.82,20.0,75.0,60.0,75.44,50.0,62.96,0.2492981919697787,0.7452741903895757,3.0,10.0,0.22006849,7.0,35.0,35.0,1.4704099999999996,244.0,28.75,0.375,18.75,2.125,47.125,0.75,0.25,0.875,0.625,0.125,0.5,0.5,5.375,5.375,1.0,0.75,0.875,0.375,2.125,0.5,0.375,0.125,0.0,0.125,0.0,0.0,82.49,29.82,20.0,75.0,60.0,75.44,50.0,62.96,0.0311622739962223,0.0931592737986969,0.375,1.25,0.02750856125,0.875,4.375,4.375,0.1838012499999999,30.5,DM/CM,94,80,76,85,94,76,98,77,47,36,41,39,97,100,83,56,67,55,100,62,80,29,39,98,52,52,52,15,68,74,94,100,58,45,36,91,61,68,64,85,82,82,94,94,94,70,58,67,82,45,97,48,27,27,24,24,73,100,58,33,30,36,97,45,67,18,39,97,52,52,52,15,68,74,94,100,58,45,21,73,45,45,30,70,73,67,85,91,Czech League
Sigma Olomouc,dchxm00ei80l8ljbcfpdill8k,al7bdbzd91zkuh6ilsvw3fsru,V. Sejk,Václav Sejk,24,Attacker,Czechia,Striker,59.0,0.0,71.0,5.0,130.0,10.0,2.0,8.0,12.0,9.0,7.0,8.0,21.0,9.0,0.0,687.0,24.0,6.0,2.0,1.0,3.0,5.0,2.0,3.0,0.0,0.0,1.0,82.8,83.33,0.0,28.57,41.67,30.0,31.25,33.33,2.11272994300757,0.6495463731060098,4.0,14.0,0.45648663,9.0,7.0,10.0,0.5524053100000001,40.0,7.729257641921396,0.0,9.301310043668122,0.6550218340611353,17.030567685589517,1.310043668122271,0.2620087336244541,1.0480349344978166,1.5720524017467248,1.1790393013100435,0.9170305676855894,1.0480349344978166,2.7510917030567685,1.1790393013100435,0.0,3.1441048034934496,0.7860262008733624,0.2620087336244541,0.131004366812227,0.3930131004366812,0.6550218340611353,0.2620087336244541,0.3930131004366812,0.0,0.0,0.131004366812227,82.8,83.33,0.0,28.57,41.67,30.0,31.25,33.33,0.2767768484289393,0.0850934113239314,0.5240174672489083,1.8340611353711789,0.0598017419213973,1.1790393013100435,0.9170305676855894,1.310043668122271,0.072367507860262,5.240174672489083,ST,100,26,85,93,95,76,98,90,62,61,41,46,62,90,21,68,55,35,28,76,73,51,84,51,51,99,90,100,26,32,72,10,28,28,90,83,80,91,93,95,78,79,80,90,98,26,59,73,80,49,90,61,20,24,24,22,7,68,21,17,22,17,22,49,51,39,66,51,51,98,90,100,26,32,72,10,28,28,56,61,54,76,73,85,61,68,61,63,Czech League
Sigma Olomouc,dchxm00ei80l8ljbcfpdill8k,brj06i09sbgce9dmhurjyktwq,P. Baráth,Péter Baráth,24,Midfielder,Hungary,Midfielder,183.0,1.0,151.0,16.0,333.0,10.0,1.0,7.0,14.0,7.0,5.0,6.0,27.0,7.0,11.0,630.0,12.0,4.0,2.0,6.0,7.0,5.0,3.0,3.0,0.0,0.0,0.0,84.95,57.14,20.0,40.0,35.71,43.55,66.67,54.55,1.5607568619497028,0.5395742783588164,5.0,5.0,0.132466,4.0,17.0,23.0,0.64178618,155.0,26.142857142857142,0.1428571428571428,21.571428571428573,2.2857142857142856,47.57142857142857,1.4285714285714286,0.1428571428571428,1.0,2.0,1.0,0.7142857142857143,0.8571428571428571,3.857142857142857,1.0,1.5714285714285714,1.7142857142857142,0.5714285714285714,0.2857142857142857,0.8571428571428571,1.0,0.7142857142857143,0.4285714285714285,0.4285714285714285,0.0,0.0,0.0,84.95,57.14,20.0,40.0,35.71,43.55,66.67,54.55,0.2229652659928147,0.0770820397655452,0.7142857142857143,0.7142857142857143,0.0189237142857142,0.5714285714285714,2.4285714285714284,3.2857142857142856,0.09168374,22.142857142857142,DM/CM,89,53,79,82,85,94,83,77,95,95,61,70,61,52,98,88,23,35,59,85,95,74,98,48,52,52,61,76,68,33,76,15,91,30,100,70,85,41,39,55,61,68,58,76,88,48,67,73,88,94,82,52,88,88,48,55,33,33,100,73,18,27,39,76,94,64,97,48,52,52,61,76,68,33,76,15,91,30,94,58,73,27,24,45,48,48,42,76,Czech League
Sigma Olomouc,dchxm00ei80l8ljbcfpdill8k,c1p51x3fg0dgss14z9vozfqc4,A. Ekeroth,Anton Ekeroth,24,Defender,Sweden,Defender,35.0,7.0,46.0,1.0,74.0,0.0,1.0,5.0,2.0,2.0,7.0,9.0,10.0,4.0,0.0,330.0,6.0,6.0,0.0,3.0,0.0,0.0,0.0,0.0,0.0,0.0,0.0,85.06,20.0,46.67,0.0,0.0,27.78,0.0,75.0,0.2288420302806054,0.5069910312167427,0.0,6.0,0.1446591099999999,2.0,3.0,5.0,0.2943758799999999,24.0,9.545454545454543,1.9090909090909087,12.545454545454549,0.2727272727272727,20.181818181818183,0.0,0.2727272727272727,1.3636363636363638,0.5454545454545455,0.5454545454545455,1.9090909090909087,2.4545454545454546,2.7272727272727275,1.090909090909091,0.0,1.6363636363636365,1.6363636363636365,0.0,0.8181818181818182,0.0,0.0,0.0,0.0,0.0,0.0,0.0,85.06,20.0,46.67,0.0,0.0,27.78,0.0,75.0,0.0624114628038014,0.1382702812409298,0.0,1.6363636363636365,0.0394524845454545,0.5454545454545455,0.8181818181818182,1.3636363636363638,0.0802843309090908,6.545454545454546,LB/LCB,25,85,10,12,5,5,85,62,20,52,70,80,5,12,8,50,70,10,20,15,22,22,38,50,52,52,60,15,85,10,22,5,5,62,30,65,18,60,55,42,10,10,10,10,35,100,45,15,20,5,90,70,45,90,90,95,10,15,8,65,70,10,25,15,22,22,38,50,52,52,60,15,85,10,22,5,5,62,50,70,18,70,70,55,10,10,30,10,Czech League
Sigma Olomouc,dchxm00ei80l8ljbcfpdill8k,db4zz1wfrrkxgkl5mwce73q50,F. Krivak,Fabijan Krivak,21,Midfielder,Croatia,Midfielder,23.0,4.0,63.0,7.0,82.0,0.0,1.0,6.0,2.0,2.0,7.0,7.0,6.0,0.0,3.0,224.0,7.0,2.0,3.0,1.0,0.0,2.0,0.0,1.0,0.0,0.0,0.0,79.61,63.64,50.0,42.86,100.0,28.57,0.0,100.0,0.1561178029655947,0.6913571036609122,0.0,10.0,0.22777701,2.0,8.0,10.0,0.31704867,34.0,9.241071428571429,1.6071428571428572,25.3125,2.8125,32.94642857142857,0.0,0.4017857142857143,2.4107142857142856,0.8035714285714286,0.8035714285714286,2.8125,2.8125,2.4107142857142856,0.0,1.2053571428571428,2.8125,0.8035714285714286,1.2053571428571428,0.4017857142857143,0.0,0.8035714285714286,0.0,0.4017857142857143,0.0,0.0,0.0,79.61,63.64,50.0,42.86,100.0,28.57,0.0,100.0,0.0627259029772478,0.2777774077209022,0.0,4.017857142857142,0.0915175486607142,0.8035714285714286,3.2142857142857144,4.017857142857142,0.1273856263392857,13.660714285714285,CM/AM,22,65,42,73,33,9,69,49,11,27,42,35,5,3,65,29,15,43,9,7,49,10,64,50,50,49,46,86,94,41,99,6,10,94,10,62,7,70,58,32,43,35,31,29,46,92,90,92,81,9,88,83,14,55,75,73,12,3,94,65,27,75,20,7,73,10,84,50,50,49,46,86,94,41,99,6,10,94,15,92,7,96,88,56,81,73,62,62,Czech League
Slavia Praha,8kpapuorr6hf0vosnovbreqqd,1zrqqif7sapaypdyrau1mauei,T. Vlček,Tomás Vlcek,25,Defender,Czechia,Defender,54.0,0.0,29.0,12.0,83.0,10.0,0.0,0.0,0.0,0.0,0.0,0.0,20.0,22.0,6.0,245.0,2.0,3.0,0.0,7.0,0.0,0.0,0.0,0.0,0.0,0.0,0.0,77.57,44.44,0.0,0.0,0.0,57.14,55.56,100.0,0.0,0.0,0.0,0.0,0.0,0.0,0.0,0.0,0.0,0.0,19.83673469387755,0.0,10.653061224489797,4.408163265306122,30.489795918367346,3.673469387755102,0.0,0.0,0.0,0.0,0.0,0.0,7.346938775510204,8.081632653061224,2.204081632653061,0.7346938775510203,1.1020408163265305,0.0,2.571428571428571,0.0,0.0,0.0,0.0,0.0,0.0,0.0,77.57,44.44,0.0,0.0,0.0,57.14,55.56,100.0,0.0,0.0,0.0,0.0,0.0,0.0,0.0,0.0,0.0,0.0,RB/RCB,23,19,8,58,15,81,46,12,12,15,12,12,42,69,73,27,38,12,50,27,31,35,46,50,54,54,46,69,19,12,31,62,58,96,12,12,31,12,12,12,8,8,8,8,69,19,8,92,54,100,46,12,12,15,12,12,92,100,100,46,62,12,100,27,31,35,46,50,54,54,46,69,19,12,31,62,58,96,12,12,31,12,12,12,8,8,8,8,Czech League
Slavia Praha,8kpapuorr6hf0vosnovbreqqd,1zu783m2glrryfivtnjninklw,S. Isife,Samuel Isife,22,Defender,Nigeria,Defender,32.0,1.0,48.0,7.0,79.0,4.0,2.0,6.0,4.0,1.0,7.0,7.0,19.0,16.0,1.0,317.0,3.0,6.0,2.0,5.0,3.0,1.0,0.0,0.0,0.0,0.0,0.0,74.53,36.84,6.67,28.57,25.0,51.35,57.14,71.43,0.2110256650992759,0.6683882021237643,1.0,0.0,0.0,2.0,8.0,18.0,0.6585898499999999,44.0,9.085173501577287,0.2839116719242902,13.627760252365931,1.987381703470032,22.42902208201893,1.135646687697161,0.5678233438485805,1.7034700315457414,1.135646687697161,0.2839116719242902,1.987381703470032,1.987381703470032,5.394321766561514,4.542586750788644,0.2839116719242902,0.8517350157728707,1.7034700315457414,0.5678233438485805,1.4195583596214512,0.8517350157728707,0.2839116719242902,0.0,0.0,0.0,0.0,0.0,74.53,36.84,6.67,28.57,25.0,51.35,57.14,71.43,0.0599126493972707,0.1897632119594283,0.2839116719242902,0.0,0.0,0.5678233438485805,2.271293375394322,5.110410094637224,0.1869813454258675,12.49211356466877,RB/RCB,8,42,23,23,8,23,96,85,73,38,77,77,31,35,8,50,62,54,27,88,73,35,46,50,54,54,15,38,38,31,73,31,73,54,54,85,73,12,12,46,19,38,46,15,15,46,62,38,23,38,100,100,92,46,100,92,62,62,8,62,85,62,54,100,92,35,46,50,54,54,15,38,38,31,73,31,73,54,77,100,85,12,12,69,23,77,85,31,Czech League
Slavia Praha,8kpapuorr6hf0vosnovbreqqd,5lwvt18g3d2qpuce2nqul4cet,L. Provod,Lukás Provod,29,Midfielder,Czechia,Midfielder,18.0,2.0,135.0,7.0,151.0,9.0,0.0,12.0,13.0,6.0,10.0,10.0,29.0,3.0,0.0,428.0,23.0,8.0,8.0,2.0,7.0,2.0,5.0,0.0,0.0,0.0,0.0,81.18,63.64,12.5,80.0,15.38,56.86,75.0,50.0,0.963154513441922,1.0871097429696113,8.0,14.0,0.4166398899999999,7.0,17.0,28.0,1.7293272700000004,76.0,3.785046728971962,0.4205607476635514,28.38785046728972,1.47196261682243,31.752336448598133,1.892523364485981,0.0,2.5233644859813085,2.733644859813084,1.2616822429906542,2.102803738317757,2.102803738317757,6.098130841121495,0.6308411214953271,0.0,4.836448598130841,1.6822429906542056,1.6822429906542056,0.4205607476635514,1.47196261682243,0.4205607476635514,1.0514018691588785,0.0,0.0,0.0,0.0,81.18,63.64,12.5,80.0,15.38,56.86,75.0,50.0,0.2025324911443294,0.2285978431478154,1.6822429906542056,2.94392523364486,0.0876111918224298,1.47196261682243,3.574766355140187,5.88785046728972,0.3636435848130842,15.981308411214954,CM/AM,15,40,94,73,75,98,25,84,88,70,72,66,80,46,7,92,57,88,26,92,49,92,24,50,50,49,58,86,24,93,27,83,96,24,77,81,98,88,94,86,83,90,98,79,8,38,96,67,75,94,25,85,90,69,65,60,83,44,7,94,58,85,23,92,46,94,24,50,50,49,58,86,24,93,27,83,96,24,75,83,94,83,83,88,83,92,100,79,Czech League
Slavia Praha,8kpapuorr6hf0vosnovbreqqd,5qmcavsj5qtswsjc2djmxn5sk,M. Konečný,Mikulás Konecny,20,Defender,Czechia,Defender,93.0,1.0,68.0,17.0,160.0,13.0,0.0,4.0,1.0,0.0,5.0,5.0,35.0,25.0,3.0,450.0,3.0,4.0,4.0,7.0,1.0,0.0,0.0,0.0,0.0,0.0,0.0,80.81,45.95,50.0,80.0,0.0,64.81,76.47,50.0,0.0700577600662007,0.3661467172788778,0.0,3.0,0.07883663,1.0,13.0,24.0,0.6778888400000002,90.0,18.6,0.2,13.6,3.4,32.0,2.6,0.0,0.8,0.2,0.0,1.0,1.0,7.0,5.0,0.6,0.6,0.8,0.8,1.4,0.2,0.0,0.0,0.0,0.0,0.0,0.0,80.81,45.95,50.0,80.0,0.0,64.81,76.47,50.0,0.0140115520132401,0.0732293434557755,0.0,0.6,0.015767326,0.2,2.6,4.8,0.135577768,18.0,CB,38,68,46,59,38,67,41,78,22,11,84,82,69,36,23,27,32,88,73,67,21,31,36,46,51,51,33,47,90,78,21,79,92,32,21,88,29,49,54,45,51,73,73,40,27,75,58,69,35,75,41,90,21,11,86,83,94,48,12,29,35,94,75,71,21,31,36,46,51,51,33,47,90,78,21,79,92,32,21,90,29,58,65,42,48,81,92,29,Czech League
Slavia Praha,8kpapuorr6hf0vosnovbreqqd,6hv9tqpqwe60p2z34uzr91l3o,W. Nowak,Wiktor Nowak,21,Midfielder,Poland,Midfielder,50.0,2.0,69.0,6.0,117.0,6.0,1.0,8.0,15.0,10.0,12.0,12.0,28.0,11.0,4.0,531.0,19.0,9.0,5.0,6.0,5.0,7.0,1.0,5.0,0.0,0.0,0.0,78.52,37.5,66.67,41.67,46.67,48.28,46.15,75.0,1.7579976865084743,0.6067917943768556,5.0,5.0,0.11364334,2.0,12.0,12.0,0.25664357,58.0,8.47457627118644,0.3389830508474576,11.694915254237287,1.0169491525423728,19.83050847457627,1.0169491525423728,0.1694915254237288,1.3559322033898304,2.542372881355932,1.694915254237288,2.0338983050847457,2.0338983050847457,4.745762711864407,1.8644067796610169,0.6779661016949152,3.220338983050848,1.5254237288135593,0.847457627118644,1.0169491525423728,0.847457627118644,1.1864406779661016,0.1694915254237288,0.847457627118644,0.0,0.0,0.0,78.52,37.5,66.67,41.67,46.67,48.28,46.15,75.0,0.2979657095777075,0.1028460668435348,0.847457627118644,0.847457627118644,0.0192615830508474,0.3389830508474576,2.0338983050847457,2.0338983050847457,0.0434989101694915,9.83050847457627,CM/AM,58,40,54,62,54,90,69,64,96,97,82,78,77,94,78,83,67,69,80,75,95,28,100,50,50,49,42,33,98,38,79,59,67,72,98,58,80,29,19,32,53,46,19,62,40,29,21,46,31,77,67,44,85,85,58,54,54,92,56,71,52,56,69,65,96,23,98,50,50,49,42,33,98,38,79,59,67,72,94,42,77,23,19,19,40,23,6,44,Czech League
Slavia Praha,8kpapuorr6hf0vosnovbreqqd,71bvjduiimaomxmjznjxwdfys,A. N'Guessan,Ange N'Guessan,23,Defender,France,Defender,80.0,0.0,42.0,8.0,122.0,9.0,1.0,2.0,3.0,2.0,2.0,2.0,16.0,8.0,8.0,249.0,4.0,4.0,0.0,1.0,1.0,0.0,0.0,0.0,0.0,0.0,0.0,90.37,61.54,0.0,0.0,0.0,53.33,69.23,33.33,0.3197095260036928,0.2624715112299887,1.0,1.0,0.0241224,1.0,10.0,11.0,0.2479314399999999,88.0,28.91566265060241,0.0,15.180722891566266,2.891566265060241,44.09638554216868,3.253012048192771,0.3614457831325301,0.7228915662650602,1.0843373493975903,0.7228915662650602,0.7228915662650602,0.7228915662650602,5.783132530120482,2.891566265060241,2.891566265060241,1.4457831325301205,1.4457831325301205,0.0,0.3614457831325301,0.3614457831325301,0.0,0.0,0.0,0.0,0.0,0.0,90.37,61.54,0.0,0.0,0.0,53.33,69.23,33.33,0.1155576600013347,0.0948692209265019,0.3614457831325301,0.3614457831325301,0.0087189397590361,0.3614457831325301,3.614457831325301,3.975903614457832,0.0896137734939758,31.80722891566265,CB,28,27,23,27,21,48,89,43,51,49,50,50,22,14,71,41,32,20,12,67,21,31,36,46,51,51,77,82,27,20,21,29,80,9,48,65,72,28,32,45,36,33,23,38,62,27,69,54,65,88,100,81,85,75,75,75,67,19,100,71,79,20,19,85,21,31,36,46,51,51,77,82,27,20,21,29,80,9,77,96,92,40,40,73,67,67,56,83,Czech League
Slavia Praha,8kpapuorr6hf0vosnovbreqqd,7oz324ar8tp6nkd934y096q22,D. Zima,David Zima,25,Defender,Czechia,Defender,116.0,1.0,50.0,5.0,165.0,17.0,0.0,1.0,4.0,2.0,5.0,5.0,31.0,33.0,8.0,470.0,7.0,9.0,4.0,1.0,2.0,1.0,3.0,1.0,0.0,0.0,0.0,87.3,41.67,50.0,80.0,25.0,59.62,58.62,50.0,0.3745027615851285,0.1024352214342669,2.0,6.0,0.13234949,3.0,12.0,7.0,0.26966043,104.0,22.21276595744681,0.1914893617021276,9.574468085106382,0.9574468085106382,31.595744680851062,3.25531914893617,0.0,0.1914893617021276,0.7659574468085106,0.3829787234042553,0.9574468085106382,0.9574468085106382,5.9361702127659575,6.319148936170213,1.5319148936170213,1.3404255319148937,1.7234042553191489,0.7659574468085106,0.1914893617021276,0.3829787234042553,0.1914893617021276,0.5744680851063829,0.1914893617021276,0.0,0.0,0.0,87.3,41.67,50.0,80.0,25.0,59.62,58.62,50.0,0.0717132947716203,0.0196152551682638,0.3829787234042553,1.1489361702127658,0.0253435193617021,0.5744680851063829,2.297872340425532,1.3404255319148937,0.0516371036170212,19.91489361702128,CB,46,68,33,12,40,79,41,23,65,49,84,82,59,59,71,64,80,88,12,90,53,95,84,46,51,51,56,29,90,78,54,60,60,32,62,33,92,78,77,83,45,16,31,46,38,73,27,10,33,90,41,19,67,46,83,81,77,79,81,60,90,90,8,90,52,96,85,46,51,51,56,29,90,78,54,60,60,32,58,33,96,83,79,79,42,10,19,44,Czech League
Slavia Praha,8kpapuorr6hf0vosnovbreqqd,897kbab7cx7bnhxhaghpy3f11,T. Holeš,Tomás Holes,33,Defender,Czechia,Defender,103.0,0.0,66.0,22.0,169.0,9.0,0.0,1.0,2.0,1.0,2.0,2.0,20.0,21.0,2.0,355.0,13.0,2.0,2.0,6.0,1.0,1.0,0.0,1.0,0.0,0.0,0.0,79.72,44.9,0.0,100.0,50.0,50.0,52.94,85.71,0.1946455672979658,0.1173517798910554,1.0,2.0,0.0742627,0.0,16.0,24.0,0.47234485,89.0,26.112676056338028,0.0,16.732394366197184,5.577464788732394,42.84507042253521,2.2816901408450705,0.0,0.2535211267605634,0.5070422535211268,0.2535211267605634,0.5070422535211268,0.5070422535211268,5.070422535211267,5.323943661971831,0.5070422535211268,3.295774647887324,0.5070422535211268,0.5070422535211268,1.5211267605633805,0.2535211267605634,0.2535211267605634,0.0,0.2535211267605634,0.0,0.0,0.0,79.72,44.9,0.0,100.0,50.0,50.0,52.94,85.71,0.0493467635403293,0.0297511554653379,0.2535211267605634,0.5070422535211268,0.0188271633802816,0.0,4.056338028169014,6.084507042253521,0.1197493985915492,22.56338028169014,RB/RCB,62,19,38,92,62,65,46,23,42,38,27,27,42,62,15,88,23,54,38,62,73,35,92,50,54,54,85,77,19,96,96,23,46,85,46,23,73,23,38,12,54,69,31,62,85,19,77,100,85,69,46,23,46,38,38,38,46,77,15,100,31,54,62,62,69,35,92,50,54,54,85,77,19,96,96,23,46,85,46,31,69,38,46,12,85,100,46,85,Czech League
Slavia Praha,8kpapuorr6hf0vosnovbreqqd,9qoc020keotb4s72a09zm5pzp,M. Sadílek,Michal Sadílek,27,Midfielder,Czechia,Midfielder,101.0,8.0,124.0,15.0,217.0,11.0,3.0,14.0,12.0,8.0,1.0,1.0,41.0,5.0,3.0,630.0,20.0,12.0,1.0,12.0,4.0,2.0,3.0,1.0,0.0,0.0,0.0,78.06,42.86,21.62,100.0,16.67,65.08,57.89,70.59,0.9622264308411246,1.532255416070394,2.0,5.0,0.13389912,4.0,20.0,22.0,0.7614356200000001,101.0,14.428571428571429,1.1428571428571428,17.714285714285715,2.142857142857143,31.0,1.5714285714285714,0.4285714285714285,2.0,1.7142857142857142,1.1428571428571428,0.1428571428571428,0.1428571428571428,5.857142857142857,0.7142857142857143,0.4285714285714285,2.857142857142857,1.7142857142857142,0.1428571428571428,1.7142857142857142,0.5714285714285714,0.2857142857142857,0.4285714285714285,0.1428571428571428,0.0,0.0,0.0,78.06,42.86,21.62,100.0,16.67,65.08,57.89,70.59,0.1374609186915892,0.2188936308671991,0.2857142857142857,0.7142857142857143,0.0191284457142857,0.5714285714285714,2.857142857142857,3.142857142857143,0.1087765171428571,14.428571428571429,CM/AM,92,89,83,91,92,100,98,95,81,84,5,3,97,74,65,85,83,17,98,61,49,66,64,50,50,49,40,48,44,99,31,96,79,65,75,96,43,29,27,61,92,83,73,92,83,71,62,83,71,90,90,79,58,67,2,2,77,46,35,67,62,8,94,38,35,44,50,50,50,49,40,48,44,99,31,96,79,65,54,81,27,17,17,44,69,62,48,73,Czech League
Slavia Praha,8kpapuorr6hf0vosnovbreqqd,9vdhoij110u7e94lh8uflo5w5,T. Chorý,Tomás Chory,31,Attacker,Czechia,Striker,7.0,0.0,29.0,4.0,36.0,14.0,0.0,1.0,11.0,10.0,0.0,1.0,22.0,4.0,0.0,251.0,20.0,7.0,0.0,1.0,1.0,4.0,0.0,3.0,0.0,0.0,0.0,66.67,80.0,0.0,0.0,36.36,62.86,60.87,100.0,1.475637024962684,0.0431845654933376,0.0,0.0,0.0,0.0,1.0,2.0,0.04274954,10.0,2.50996015936255,0.0,10.398406374501992,1.4342629482071714,12.908366533864545,5.0199203187251,0.0,0.3585657370517928,3.944223107569721,3.5856573705179287,0.0,0.3585657370517928,7.888446215139442,1.4342629482071714,0.0,7.171314741035857,2.50996015936255,0.0,0.3585657370517928,0.3585657370517928,1.4342629482071714,0.0,1.0756972111553786,0.0,0.0,0.0,66.67,80.0,0.0,0.0,36.36,62.86,60.87,100.0,0.5291128774766596,0.01548450555538,0.0,0.0,0.0,0.0,0.3585657370517928,0.7171314741035857,0.0153285203187251,3.5856573705179287,ST,11,26,32,87,24,87,34,12,51,70,2,4,66,61,21,52,67,6,28,32,61,13,84,51,51,49,35,96,26,6,61,100,95,95,68,7,10,7,7,13,16,23,10,16,27,26,71,98,49,100,34,12,98,98,2,5,100,78,21,98,90,6,37,46,93,13,100,51,51,49,35,96,26,6,61,100,95,95,95,10,10,7,7,13,20,32,12,29,Czech League
Slavia Praha,8kpapuorr6hf0vosnovbreqqd,bjpmvbkbhw7ynfyvtqehg68t0,E. Ayaosi,Emmanuel Ayaosi,21,Midfielder,Nigeria,Midfielder,16.0,0.0,61.0,3.0,77.0,4.0,1.0,6.0,9.0,9.0,15.0,17.0,26.0,5.0,3.0,398.0,31.0,7.0,11.0,3.0,0.0,5.0,3.0,3.0,0.0,0.0,0.0,71.3,30.0,0.0,73.33,55.56,46.43,30.77,75.0,1.8281004592345835,0.3705445801206771,4.0,5.0,0.18151452,2.0,6.0,11.0,0.5195344599999999,39.0,3.618090452261306,0.0,13.79396984924623,0.6783919597989949,17.412060301507537,0.9045226130653266,0.2261306532663316,1.3567839195979898,2.0351758793969847,2.0351758793969847,3.3919597989949746,3.844221105527638,5.879396984924623,1.1306532663316582,0.6783919597989949,7.010050251256281,1.5829145728643217,2.487437185929648,0.6783919597989949,0.0,1.1306532663316582,0.6783919597989949,0.6783919597989949,0.0,0.0,0.0,71.3,30.0,0.0,73.33,55.56,46.43,30.77,75.0,0.4133895510831972,0.0837914879669872,0.9045226130653266,1.1306532663316582,0.0410459969849246,0.4522613065326633,1.3567839195979898,2.487437185929648,0.1174826668341708,8.819095477386934,CM/AM,11,10,39,30,24,69,69,49,60,91,89,91,71,74,65,99,50,96,46,7,86,66,92,50,50,49,15,23,10,88,90,44,45,72,100,33,67,29,38,32,31,42,54,32,6,10,38,27,19,73,77,46,71,94,88,90,79,79,58,100,54,96,40,7,92,73,96,50,50,49,15,23,10,88,90,44,45,72,100,33,83,27,44,31,21,46,56,35,Czech League
Slavia Praha,8kpapuorr6hf0vosnovbreqqd,cr8xd43b3omkv85qgiwpiducp,D. Šturm,Danijel Sturm,27,Attacker,Slovenia,Striker,28.0,3.0,73.0,3.0,98.0,1.0,2.0,8.0,14.0,10.0,18.0,20.0,21.0,2.0,1.0,507.0,32.0,4.0,8.0,4.0,4.0,7.0,5.0,1.0,0.0,0.0,0.0,75.38,33.33,10.34,44.44,50.0,32.81,9.09,50.0,1.9834152659642816,0.7505895614902967,6.0,6.0,0.19530925,4.0,7.0,16.0,0.5751977000000001,39.0,4.970414201183432,0.5325443786982248,12.958579881656805,0.5325443786982248,17.39644970414201,0.1775147928994082,0.3550295857988165,1.4201183431952662,2.485207100591716,1.7751479289940828,3.195266272189349,3.5502958579881656,3.727810650887574,0.3550295857988165,0.1775147928994082,5.680473372781065,0.7100591715976331,1.4201183431952662,0.7100591715976331,0.7100591715976331,1.242603550295858,0.8875739644970414,0.1775147928994082,0.0,0.0,0.0,75.38,33.33,10.34,44.44,50.0,32.81,9.09,50.0,0.3520855501711742,0.1332407505604076,1.0650887573964496,1.0650887573964496,0.0346702810650887,0.7100591715976331,1.242603550295858,2.8402366863905324,0.102106100591716,6.9230769230769225,ST,85,93,88,77,88,7,98,90,78,70,94,95,62,22,54,90,28,90,82,85,89,90,48,51,51,49,68,44,56,66,82,27,2,46,83,90,90,66,66,80,78,98,83,85,68,83,88,63,83,2,98,85,61,51,83,85,27,12,46,76,17,83,68,76,85,80,37,51,51,49,68,44,56,66,82,27,2,46,83,90,83,59,61,76,63,93,78,88,Czech League
Slavia Praha,8kpapuorr6hf0vosnovbreqqd,cxnlzyy9fxaca1u53y4soqk89,M. Chytil,Mojmír Chytil,27,Attacker,Czechia,Striker,10.0,1.0,30.0,0.0,39.0,10.0,0.0,7.0,16.0,14.0,6.0,6.0,16.0,3.0,1.0,412.0,29.0,5.0,1.0,0.0,2.0,9.0,1.0,4.0,0.0,0.0,0.0,67.24,0.0,33.33,16.67,56.25,33.33,50.0,0.0,1.849302749812772,0.5796589420215816,1.0,2.0,0.09002464,1.0,2.0,6.0,0.21558035,18.0,2.184466019417476,0.2184466019417476,6.553398058252427,0.0,8.519417475728156,2.184466019417476,0.0,1.529126213592233,3.4951456310679614,3.058252427184466,1.3106796116504855,1.3106796116504855,3.4951456310679614,0.6553398058252428,0.2184466019417476,6.33495145631068,1.0922330097087378,0.2184466019417476,0.0,0.4368932038834952,1.966019417475728,0.2184466019417476,0.8737864077669903,0.0,0.0,0.0,67.24,0.0,33.33,16.67,56.25,33.33,50.0,0.0,0.4039739016581298,0.126624526169763,0.2184466019417476,0.4368932038834952,0.0196655766990291,0.2184466019417476,0.4368932038834952,1.3106796116504855,0.0470927949029126,3.932038834951456,ST,24,57,37,15,33,76,34,78,85,87,33,28,30,40,54,83,44,18,11,57,96,33,98,51,51,49,39,15,82,18,93,29,73,11,80,73,27,32,46,40,37,68,44,55,20,59,24,15,20,68,34,90,93,90,34,32,22,37,51,93,46,12,11,51,100,34,98,51,51,49,39,15,82,18,93,29,73,11,90,80,27,34,39,34,29,71,44,39,Czech League
Slavia Praha,8kpapuorr6hf0vosnovbreqqd,d2es8bsls5h79dhlqtpfrekgk,M. Suleiman,Mubarak Suleiman,19,Midfielder,Nigeria,Midfielder,36.0,7.0,60.0,5.0,89.0,6.0,1.0,10.0,11.0,8.0,8.0,8.0,22.0,11.0,2.0,359.0,16.0,7.0,2.0,4.0,3.0,2.0,6.0,1.0,0.0,0.0,0.0,70.63,27.78,53.85,25.0,18.18,50.0,54.55,57.14,1.0251560186598807,0.829451463550833,4.0,9.0,0.26031473,2.0,8.0,13.0,0.8321783,50.0,9.025069637883009,1.7548746518105849,15.041782729805014,1.2534818941504178,22.31197771587744,1.504178272980501,0.2506963788300835,2.5069637883008355,2.75766016713092,2.0055710306406684,2.0055710306406684,2.0055710306406684,5.515320334261839,2.75766016713092,0.5013927576601671,4.011142061281337,1.7548746518105849,0.5013927576601671,1.0027855153203342,0.7520891364902507,0.5013927576601671,1.504178272980501,0.2506963788300835,0.0,0.0,0.0,70.63,27.78,53.85,25.0,18.18,50.0,54.55,57.14,0.2570029016138976,0.2079404783275068,1.0027855153203342,2.256267409470752,0.0652599601671309,0.5013927576601671,2.0055710306406684,3.2590529247910864,0.2086240863509749,12.534818941504176,LM/LCM,60,70,40,60,40,90,60,90,80,80,60,60,60,60,30,80,80,40,60,40,60,100,80,60,60,60,40,40,100,20,40,60,80,50,80,40,70,60,80,20,40,60,40,60,60,100,40,60,60,100,60,100,80,80,80,80,80,80,40,80,80,60,80,80,80,100,80,60,60,60,40,40,100,20,40,60,80,50,80,80,80,80,80,20,60,100,60,80,Czech League
Slavia Praha,8kpapuorr6hf0vosnovbreqqd,driu8wojk2aig2t9yesy71vro,Š. Chaloupek,Stepán Chaloupek,23,Defender,Czechia,Defender,90.0,0.0,89.0,22.0,179.0,12.0,1.0,4.0,5.0,3.0,4.0,4.0,39.0,34.0,15.0,479.0,7.0,4.0,3.0,12.0,2.0,2.0,1.0,0.0,1.0,0.0,0.0,76.17,46.81,0.0,75.0,40.0,60.0,54.55,60.0,0.4411971074523891,0.1879598026191523,2.0,4.0,0.07648713,1.0,30.0,30.0,0.5363029900000001,131.0,16.910229645093946,0.0,16.7223382045929,4.133611691022964,33.63256784968685,2.2546972860125263,0.1878914405010438,0.7515657620041754,0.9394572025052192,0.5636743215031316,0.7515657620041754,0.7515657620041754,7.32776617954071,6.388308977035491,2.8183716075156577,1.315240083507307,0.7515657620041754,0.5636743215031316,2.2546972860125263,0.3757828810020877,0.3757828810020877,0.1878914405010438,0.0,0.1878914405010438,0.0,0.0,76.17,46.81,0.0,75.0,40.0,60.0,54.55,60.0,0.0828971600641232,0.0353160380704044,0.3757828810020877,0.7515657620041754,0.0143712770354906,0.1878914405010438,5.636743215031316,5.636743215031316,0.1007667413361169,24.613778705636744,CB,33,27,67,74,46,61,89,78,73,65,75,73,79,65,96,64,32,81,94,90,80,73,36,96,51,51,15,54,27,74,73,62,43,55,65,48,92,60,48,45,85,84,60,52,23,27,77,88,42,62,88,85,77,62,77,77,98,81,98,58,33,85,98,88,88,81,36,98,51,51,15,54,27,74,73,62,43,55,62,54,94,71,58,40,92,92,65,62,Czech League
