Team,contestantId,playerId,Short Name,Player Name,Age,Position_x,Nationality,Position_y,total accurate back zone pass_Total,total accurate cross_Total,total accurate fwd zone pass_Total,total accurate long balls_Total,total accurate pass_Total,total aerial won_Total,total att assist_Total,total attempt_Total,total attempts ibox_Total,total attempts obox_Total,total blocked scoring att_Total,total duels won_Total,total interception_Total,total mins played,total touches in opposition box_Total,total was fouled_Total,total won tackle_Total,total effective clearance_Total,total goals_Total,total ontarget attempt_Total,total big chances saved_Total,total contest_Total,total dribbles attempted_Total,total won contest_Total,total assists_Total,total direct setpiece goals_Total,total direct corner goals_Total,pass_success_pct_Total,long_balls_success_pct_Total,cross_success_pct_Total,dribble_success_pct_Total,attempt_success_pct_Total,duel_success_pct_Total,aerial_success_pct_Total,tackle_success_pct_Total,xG_Total,xA_Total,CreatedOwnShot_Total,Total Carries_Total,Total Carry xT_Total,Total Final Third Carries_Total,passes_into_final_third_Total,progressive_passes_Total,xT_pass_Total,forward_passes_Total,total accurate back zone pass_p90,total accurate cross_p90,total accurate fwd zone pass_p90,total accurate long balls_p90,total accurate pass_p90,total aerial won_p90,total att assist_p90,total attempt_p90,total attempts ibox_p90,total attempts obox_p90,total blocked scoring att_p90,total duels won_p90,total interception_p90,total touches in opposition box_p90,total was fouled_p90,total won tackle_p90,total effective clearance_p90,total goals_p90,total ontarget attempt_p90,total big chances saved_p90,total contest_p90,total dribbles attempted_p90,total won contest_p90,total assists_p90,total direct setpiece goals_p90,total direct corner goals_p90,pass_success_pct_p90,long_balls_success_pct_p90,cross_success_pct_p90,dribble_success_pct_p90,attempt_success_pct_p90,duel_success_pct_p90,aerial_success_pct_p90,tackle_success_pct_p90,xG_p90,xA_p90,CreatedOwnShot_p90,Total Carries_p90,Total Carry xT_p90,Total Final Third Carries_p90,passes_into_final_third_p90,progressive_passes_p90,xT_pass_p90,forward_passes_p90,Pos.,total accurate back zone pass_TotalPR,total accurate cross_TotalPR,total accurate fwd zone pass_TotalPR,total accurate long balls_TotalPR,total accurate pass_TotalPR,total aerial won_TotalPR,total att assist_TotalPR,total attempt_TotalPR,total attempts ibox_TotalPR,total attempts obox_TotalPR,total blocked scoring att_TotalPR,total duels won_TotalPR,total interception_TotalPR,total touches in opposition box_TotalPR,total was fouled_TotalPR,total won tackle_TotalPR,total effective clearance_TotalPR,total goals_TotalPR,total ontarget attempt_TotalPR,total big chances saved_TotalPR,total contest_TotalPR,total dribbles attempted_TotalPR,total won contest_TotalPR,total assists_TotalPR,total direct setpiece goals_TotalPR,total direct corner goals_TotalPR,pass_success_pct_TotalPR,long_balls_success_pct_TotalPR,cross_success_pct_TotalPR,dribble_success_pct_TotalPR,attempt_success_pct_TotalPR,duel_success_pct_TotalPR,aerial_success_pct_TotalPR,tackle_success_pct_TotalPR,xG_TotalPR,xA_TotalPR,CreatedOwnShot_TotalPR,Total Carries_TotalPR,Total Carry xT_TotalPR,Total Final Third Carries_TotalPR,passes_into_final_third_TotalPR,progressive_passes_TotalPR,xT_pass_TotalPR,forward_passes_TotalPR,total accurate back zone pass_p90PR,total accurate cross_p90PR,total accurate fwd zone pass_p90PR,total accurate long balls_p90PR,total accurate pass_p90PR,total aerial won_p90PR,total att assist_p90PR,total attempt_p90PR,total attempts ibox_p90PR,total attempts obox_p90PR,total blocked scoring att_p90PR,total duels won_p90PR,total interception_p90PR,total touches in opposition box_p90PR,total was fouled_p90PR,total won tackle_p90PR,total effective clearance_p90PR,total goals_p90PR,total ontarget attempt_p90PR,total big chances saved_p90PR,total contest_p90PR,total dribbles attempted_p90PR,total won contest_p90PR,total assists_p90PR,total direct setpiece goals_p90PR,total direct corner goals_p90PR,pass_success_pct_p90PR,long_balls_success_pct_p90PR,cross_success_pct_p90PR,dribble_success_pct_p90PR,attempt_success_pct_p90PR,duel_success_pct_p90PR,aerial_success_pct_p90PR,tackle_success_pct_p90PR,xG_p90PR,xA_p90PR,CreatedOwnShot_p90PR,Total Carries_p90PR,Total Carry xT_p90PR,Total Final Third Carries_p90PR,passes_into_final_third_p90PR,progressive_passes_p90PR,xT_pass_p90PR,forward_passes_p90PR,League
Horsens,a9vw7ikerpr4cuweeeka5aneg,14wqefw9b78oou3ocb1wrojys,J. Tauriainen,Jimi Tauriainen,22.0,Midfielder,Finland,Midfielder,31.0,5.0,37.0,6.0,63.0,2.0,6.0,5.0,0.0,5.0,1.0,16.0,3.0,295.0,3.0,6.0,4.0,2.0,0.0,2.0,0.0,6.0,6.0,2.0,3.0,0.0,0.0,75.9,50.0,35.71,33.33,40.0,37.21,20.0,66.67,0.2643882929025948,0.6489847572347478,2.0,5.0,0.12773753,0.0,9.0,9.0,0.4485210799999999,23.0,9.457627118644067,1.5254237288135597,11.28813559322034,1.8305084745762712,19.220338983050848,0.6101694915254238,1.8305084745762712,1.5254237288135597,0.0,1.5254237288135597,0.3050847457627119,4.88135593220339,0.9152542372881356,0.9152542372881356,1.8305084745762712,1.2203389830508475,0.6101694915254238,0.0,0.6101694915254238,0.0,1.8305084745762712,1.8305084745762712,0.6101694915254238,0.9152542372881356,0.0,0.0,75.9,50.0,35.71,33.33,40.0,37.21,20.0,66.67,0.0806608351228255,0.1979953496648383,0.6101694915254238,1.5254237288135597,0.0389707718644067,0.0,2.745762711864407,2.745762711864407,0.1368369396610169,7.016949152542373,DM/CM,3,90,10,29,7,21,66,60,21,84,53,21,16,36,50,26,9,34,74,45,69,66,62,100,52,52,14,52,86,41,69,3,21,76,45,86,57,38,48,7,17,21,52,3,10,97,17,55,10,41,97,83,21,100,69,59,28,59,86,48,14,34,86,45,90,90,76,100,52,52,14,52,86,41,69,3,21,76,72,97,79,69,76,7,41,41,79,3,Danish Superliga
Horsens,a9vw7ikerpr4cuweeeka5aneg,2gsd0ocro9aqgqn4ql3rg8e8k,M. Kupijbida,Mikkel Kupijbida,18.0,Defender,Denmark,Defender,262.0,0.0,68.0,9.0,330.0,11.0,0.0,0.0,0.0,0.0,0.0,20.0,3.0,623.0,0.0,2.0,4.0,43.0,0.0,0.0,1.0,2.0,2.0,1.0,0.0,0.0,0.0,88.24,24.32,0.0,50.0,0.0,57.14,64.71,66.67,0.0005981850620907,0.0,0.0,5.0,0.09287556,0.0,14.0,10.0,0.41935227,238.0,37.84911717495987,0.0,9.823434991974317,1.3001605136436596,47.67255216693419,1.5890850722311396,0.0,0.0,0.0,0.0,0.0,2.889245585874799,0.4333868378812199,0.0,0.2889245585874799,0.5778491171749599,6.211878009630818,0.0,0.0,0.1444622792937399,0.2889245585874799,0.2889245585874799,0.1444622792937399,0.0,0.0,0.0,88.24,24.32,0.0,50.0,0.0,57.14,64.71,66.67,8.641517750908988e-05,0.0,0.0,0.7223113964686998,0.0134170150882825,0.0,2.02247191011236,1.4446227929373996,0.0605805847512038,34.38202247191011,CB,79,33,18,26,55,55,6,8,9,29,30,48,18,6,23,38,73,36,24,95,65,65,64,41,52,52,58,6,33,70,24,50,76,55,12,8,29,41,42,14,42,21,30,61,58,33,12,27,36,48,6,8,9,29,30,24,12,6,21,18,76,36,24,91,61,58,64,41,52,52,58,6,33,70,24,50,76,55,12,8,29,30,33,14,30,18,15,48,Danish Superliga
Horsens,a9vw7ikerpr4cuweeeka5aneg,4braldrfw3y7g030lctguuuol,V. Pálsson,Victor Pálsson,35.0,Defender,Iceland,Defender,129.0,5.0,125.0,28.0,249.0,18.0,4.0,4.0,3.0,1.0,2.0,39.0,10.0,719.0,14.0,2.0,12.0,38.0,0.0,0.0,1.0,3.0,3.0,2.0,0.0,0.0,0.0,74.77,44.44,31.25,66.67,0.0,59.09,51.43,70.59,0.3688458050083062,0.221214557295966,0.0,3.0,0.06748893,6.0,31.0,34.0,1.4370694300000006,132.0,16.14742698191933,0.6258692628650904,15.64673157162726,3.5048678720445063,31.168289290681503,2.2531293463143256,0.5006954102920723,0.5006954102920723,0.3755215577190542,0.125173852573018,0.2503477051460361,4.881780250347705,1.2517385257301807,1.7524339360222532,0.2503477051460361,1.502086230876217,4.756606397774687,0.0,0.0,0.125173852573018,0.3755215577190542,0.3755215577190542,0.2503477051460361,0.0,0.0,0.0,74.77,44.44,31.25,66.67,0.0,59.09,51.43,70.59,0.0461698504182859,0.0276902783819707,0.0,0.3755215577190542,0.0084478493741307,0.7510431154381085,3.88038942976356,4.255910987482615,0.1798835169680112,16.522948539638385,RB/RCB,54,83,58,92,58,100,62,50,71,46,67,88,75,83,21,92,92,42,21,96,42,38,54,42,54,54,8,67,71,67,21,67,33,50,58,33,29,8,8,75,75,75,83,58,33,67,33,83,33,92,25,33,58,42,58,67,58,67,17,83,83,42,21,92,25,25,25,42,54,54,8,67,71,67,21,67,33,50,50,17,29,8,8,50,67,58,67,42,Danish Superliga
Horsens,a9vw7ikerpr4cuweeeka5aneg,4lxxyqy78jkglhv2w6crzcnsa,O. Kolskogen,Ole Kolskogen,25.0,Defender,Norway,Defender,307.0,0.0,75.0,10.0,382.0,4.0,2.0,2.0,2.0,0.0,0.0,20.0,7.0,697.0,2.0,2.0,7.0,40.0,1.0,2.0,0.0,0.0,0.0,0.0,0.0,0.0,0.0,94.79,52.63,0.0,0.0,100.0,46.51,26.67,50.0,0.3087309167572603,0.068591681448649,0.0,3.0,0.05929272,0.0,11.0,12.0,0.3461510099999999,220.0,39.64131994261119,0.0,9.684361549497847,1.291248206599713,49.32568149210904,0.5164992826398852,0.2582496413199426,0.2582496413199426,0.2582496413199426,0.0,0.0,2.582496413199426,0.9038737446197992,0.2582496413199426,0.2582496413199426,0.9038737446197992,5.164992826398852,0.1291248206599713,0.2582496413199426,0.0,0.0,0.0,0.0,0.0,0.0,0.0,94.79,52.63,0.0,0.0,100.0,46.51,26.67,50.0,0.0398648242584697,0.0088568885658226,0.0,0.3873744619799139,0.0076561618364418,0.0,1.4203730272596844,1.5494978479196555,0.0446966870875179,28.40746054519369,CB,88,33,27,33,68,24,48,30,39,29,30,48,61,15,23,74,64,83,82,45,20,18,23,41,52,52,97,64,33,23,98,12,8,27,48,24,29,21,21,14,30,26,15,58,64,33,9,24,45,9,39,24,27,29,30,9,30,15,15,55,45,76,76,45,20,18,23,41,52,52,97,64,33,23,98,12,8,27,36,21,29,21,18,14,18,24,9,39,Danish Superliga
Horsens,a9vw7ikerpr4cuweeeka5aneg,51ymbnikkta369rn3exb1g7bo,A. Moro,Abdul Moro,20.0,Midfielder,Ghana,Midfielder,168.0,0.0,92.0,17.0,260.0,4.0,2.0,1.0,0.0,1.0,0.0,22.0,11.0,432.0,2.0,2.0,8.0,14.0,1.0,1.0,0.0,3.0,3.0,0.0,0.0,0.0,0.0,88.74,58.62,0.0,0.0,100.0,43.14,44.44,50.0,0.1522683867645442,0.1372491530503954,1.0,1.0,0.02385149,1.0,19.0,23.0,0.4114804599999999,139.0,35.0,0.0,19.166666666666668,3.541666666666667,54.16666666666667,0.8333333333333334,0.4166666666666667,0.2083333333333333,0.0,0.2083333333333333,0.0,4.583333333333334,2.291666666666667,0.4166666666666667,0.4166666666666667,1.6666666666666667,2.916666666666667,0.2083333333333333,0.2083333333333333,0.0,0.625,0.625,0.0,0.0,0.0,0.0,88.74,58.62,0.0,0.0,100.0,43.14,44.44,50.0,0.0317225805759467,0.0285935735521657,0.2083333333333333,0.2083333333333333,0.0049690604166666,0.2083333333333333,3.9583333333333335,4.791666666666667,0.0857250958333333,28.958333333333336,DM/CM,86,29,48,90,66,50,19,17,21,34,19,41,72,24,10,53,78,79,47,45,43,43,14,28,52,52,83,79,29,14,98,24,55,28,24,28,40,9,10,21,59,59,41,69,100,29,62,97,90,55,24,21,21,38,19,45,93,21,10,83,90,86,55,45,45,45,14,28,52,52,83,79,29,14,98,24,55,28,31,28,45,7,7,21,59,76,48,86,Danish Superliga
Horsens,a9vw7ikerpr4cuweeeka5aneg,7353ysa16qgg30b9z5qiagys4,A. Saine,Alagie Saine,23.0,Defender,Gambia,Defender,182.0,1.0,113.0,13.0,294.0,9.0,7.0,6.0,6.0,0.0,0.0,48.0,8.0,720.0,16.0,9.0,13.0,49.0,0.0,2.0,1.0,17.0,17.0,10.0,1.0,0.0,0.0,81.67,35.14,12.5,58.82,33.33,51.06,36.0,65.0,0.7190904538910353,0.6593732453693764,0.0,8.0,0.17852169,4.0,18.0,23.0,1.0148073800000004,168.0,22.75,0.125,14.125,1.625,36.75,1.125,0.875,0.75,0.75,0.0,0.0,6.0,1.0,2.0,1.125,1.625,6.125,0.0,0.25,0.125,2.125,2.125,1.25,0.125,0.0,0.0,81.67,35.14,12.5,58.82,33.33,51.06,36.0,65.0,0.0898863067363794,0.082421655671172,0.0,1.0,0.02231521125,0.5,2.25,2.875,0.1268509225,21.0,LB/LCB,88,34,75,75,88,88,84,84,97,22,28,100,75,88,75,94,100,47,94,97,100,100,100,78,53,53,56,38,34,50,81,38,44,69,88,81,19,62,50,53,72,50,88,94,62,25,44,38,50,62,69,62,88,22,28,94,38,75,62,75,100,47,75,94,94,94,94,62,53,53,56,38,34,50,81,38,44,69,75,69,19,38,38,44,38,31,44,75,Danish Superliga
Horsens,a9vw7ikerpr4cuweeeka5aneg,7hso2bszmf4qal560jhrg2904,Y. Ouorou,Yamirou Ouorou,20.0,Attacker,Benin,Striker,30.0,5.0,51.0,4.0,76.0,1.0,9.0,12.0,7.0,5.0,3.0,18.0,2.0,457.0,19.0,2.0,7.0,5.0,2.0,7.0,0.0,11.0,12.0,6.0,1.0,0.0,0.0,69.09,36.36,27.78,54.55,58.33,37.5,12.5,77.78,0.956912301596825,1.0803794035254344,5.0,7.0,0.30482024,2.0,5.0,14.0,0.9145729699999996,29.0,5.908096280087528,0.9846827133479212,10.043763676148798,0.7877461706783371,14.967177242888404,0.1969365426695842,1.7724288840262583,2.3632385120350112,1.3785557986870898,0.9846827133479212,0.5908096280087528,3.5448577680525166,0.3938730853391685,3.741794310722101,0.3938730853391685,1.3785557986870898,0.9846827133479212,0.3938730853391685,1.3785557986870898,0.0,2.166301969365427,2.3632385120350112,1.1816192560175056,0.1969365426695842,0.0,0.0,69.09,36.36,27.78,54.55,58.33,37.5,12.5,77.78,0.1884510003144732,0.2127661845017266,0.9846827133479212,1.3785557986870898,0.0600302442013129,0.3938730853391685,0.9846827133479212,2.7571115973741795,0.1801128387308533,5.711159737417943,ST,96,98,77,88,81,15,88,63,54,83,75,37,85,60,12,100,56,71,83,52,77,77,79,75,48,50,31,54,81,65,96,27,15,62,38,96,85,81,81,50,75,92,100,81,88,100,73,81,69,12,85,50,38,85,65,23,73,35,8,96,50,62,77,52,73,69,81,62,48,50,31,54,81,65,96,27,15,62,35,100,81,65,69,35,69,92,100,81,Danish Superliga
Horsens,a9vw7ikerpr4cuweeeka5aneg,9dh7cnu4uzbraeck0t5iqlj4k,A. Herdonsson,Adam Herdonsson,22.0,Midfielder,Sweden,Midfielder,108.0,0.0,61.0,4.0,169.0,20.0,2.0,3.0,0.0,3.0,0.0,38.0,11.0,435.0,4.0,7.0,8.0,11.0,0.0,2.0,0.0,2.0,2.0,0.0,0.0,0.0,0.0,77.52,21.05,0.0,0.0,66.67,58.46,71.43,72.73,0.1765870504876484,0.0478805328194468,3.0,6.0,0.1363508199999999,3.0,13.0,13.0,0.25933014,77.0,22.344827586206897,0.0,12.620689655172416,0.8275862068965518,34.96551724137931,4.137931034482759,0.4137931034482759,0.6206896551724138,0.0,0.6206896551724138,0.0,7.862068965517242,2.2758620689655173,0.8275862068965518,1.4482758620689655,1.6551724137931036,2.2758620689655173,0.0,0.4137931034482759,0.0,0.4137931034482759,0.4137931034482759,0.0,0.0,0.0,0.0,77.52,21.05,0.0,0.0,66.67,58.46,71.43,72.73,0.0365352518250307,0.0099063171350579,0.6206896551724138,1.2413793103448276,0.0282105144827586,0.6206896551724138,2.689655172413793,2.689655172413793,0.0536545117241379,15.93103448275862,DM/CM,55,29,31,19,45,100,19,47,21,59,19,83,72,47,60,53,64,34,74,45,29,29,14,28,52,52,17,7,29,14,91,83,100,88,31,10,72,52,59,55,28,31,17,41,76,29,21,14,55,100,21,48,21,66,19,100,90,52,59,79,72,34,79,45,31,31,14,28,52,52,17,7,29,14,91,83,100,88,34,14,83,52,55,52,34,34,14,48,Danish Superliga
Horsens,a9vw7ikerpr4cuweeeka5aneg,bcdrn5rkq3ig50nwr1vtbwfmc,K. Ehibhatiomhan,Kelvin Ehibhatiomhan,23.0,Attacker,England,Striker,15.0,0.0,33.0,1.0,48.0,15.0,1.0,16.0,12.0,4.0,2.0,37.0,1.0,525.0,23.0,14.0,3.0,8.0,4.0,11.0,0.0,13.0,14.0,4.0,0.0,0.0,0.0,66.67,100.0,0.0,30.77,68.75,44.05,46.88,75.0,1.6810652152574874,0.1011314436429228,7.0,5.0,0.15998931,3.0,1.0,6.0,0.13717453,10.0,2.571428571428572,0.0,5.6571428571428575,0.1714285714285714,8.22857142857143,2.571428571428572,0.1714285714285714,2.742857142857143,2.0571428571428574,0.6857142857142857,0.3428571428571428,6.342857142857143,0.1714285714285714,3.942857142857143,2.4,0.5142857142857143,1.3714285714285714,0.6857142857142857,1.885714285714286,0.0,2.2285714285714286,2.4,0.6857142857142857,0.0,0.0,0.0,66.67,100.0,0.0,30.77,68.75,44.05,46.88,75.0,0.288182608329855,0.0173368189102153,1.2,0.8571428571428572,0.0274267388571428,0.5142857142857143,0.1714285714285714,1.0285714285714287,0.0235156337142857,1.7142857142857144,ST,50,38,54,42,46,87,12,83,69,73,56,92,60,77,96,62,87,100,100,52,83,83,69,29,48,50,27,92,38,23,100,62,58,58,73,8,94,60,42,79,15,60,46,15,15,38,8,35,8,65,8,65,65,50,35,73,54,38,88,54,73,92,96,52,77,73,54,29,48,50,27,92,38,23,100,62,58,58,58,8,88,31,31,54,12,50,35,4,Danish Superliga
Horsens,a9vw7ikerpr4cuweeeka5aneg,dfxs5u8rdcxhzp33aks3acdn8,K. Lusavec,Karlo Lusavec,22.0,Midfielder,Croatia,Midfielder,184.0,0.0,125.0,16.0,309.0,3.0,1.0,1.0,0.0,1.0,1.0,19.0,13.0,562.0,0.0,5.0,8.0,11.0,0.0,0.0,0.0,0.0,0.0,0.0,0.0,0.0,0.0,92.79,76.19,0.0,0.0,0.0,41.3,42.86,72.73,0.0939121916851022,0.0512785903802559,0.0,7.0,0.13579086,1.0,17.0,17.0,0.4039388499999998,164.0,29.466192170818506,0.0,20.01779359430605,2.5622775800711746,49.48398576512456,0.4804270462633452,0.1601423487544484,0.1601423487544484,0.0,0.1601423487544484,0.1601423487544484,3.0427046263345194,2.0818505338078293,0.0,0.800711743772242,1.2811387900355873,1.7615658362989324,0.0,0.0,0.0,0.0,0.0,0.0,0.0,0.0,0.0,92.79,76.19,0.0,0.0,0.0,41.3,42.86,72.73,0.0150393189531302,0.0082118739043114,0.0,1.1209964412811388,0.0217458672597864,0.1601423487544484,2.7224199288256226,2.7224199288256226,0.0646877161921707,26.26334519572954,DM/CM,90,29,67,81,79,33,10,17,21,34,53,34,86,7,43,53,64,34,17,45,5,5,14,28,52,52,100,100,29,14,17,21,47,88,17,14,16,59,55,21,52,43,38,79,90,29,66,76,83,24,10,17,21,34,45,10,79,7,34,59,55,34,17,45,5,5,14,28,52,52,100,100,29,14,17,21,47,88,17,10,16,45,41,14,38,38,28,79,Danish Superliga
Horsens,a9vw7ikerpr4cuweeeka5aneg,e9o7q10wnhex4e8eo47mobbvt,J. Bonde,Jakob Bonde,32.0,Midfielder,Denmark,Midfielder,62.0,0.0,93.0,5.0,155.0,6.0,2.0,8.0,6.0,2.0,2.0,16.0,2.0,344.0,14.0,5.0,1.0,12.0,1.0,3.0,0.0,6.0,6.0,3.0,0.0,0.0,0.0,84.24,55.56,0.0,50.0,37.5,50.0,0.0,50.0,0.8445272961565249,0.1621053343381201,1.0,3.0,0.06732521,5.0,19.0,15.0,0.3637443799999999,72.0,16.22093023255814,0.0,24.33139534883721,1.3081395348837208,40.552325581395344,1.569767441860465,0.5232558139534883,2.093023255813953,1.569767441860465,0.5232558139534883,0.5232558139534883,4.186046511627906,0.5232558139534883,3.6627906976744176,1.3081395348837208,0.2616279069767441,3.13953488372093,0.2616279069767441,0.7848837209302325,0.0,1.569767441860465,1.569767441860465,0.7848837209302325,0.0,0.0,0.0,84.24,55.56,0.0,50.0,37.5,50.0,0.0,50.0,0.2209519088781605,0.0424112793326477,0.2616279069767441,0.7848837209302325,0.0176141537790697,1.3081395348837208,4.970930232558139,3.924418604651162,0.0951656808139534,18.83720930232558,CM/AM,50,13,30,46,39,76,7,33,57,22,30,20,35,30,43,9,83,50,52,52,35,33,41,26,50,52,65,80,13,63,67,67,7,35,48,9,20,4,4,37,52,30,17,39,83,13,57,52,61,91,4,59,83,39,52,37,48,61,57,9,100,65,70,52,52,48,52,26,50,52,65,80,13,63,67,67,7,35,70,9,26,9,4,48,74,52,17,57,Danish Superliga
Horsens,a9vw7ikerpr4cuweeeka5aneg,eso2tbbpnxu9qvx6zy07m5jx0,J. Madsen,Julius Madsen,23.0,Midfielder,Denmark,Midfielder,74.0,4.0,117.0,12.0,187.0,3.0,11.0,12.0,5.0,7.0,2.0,23.0,3.0,697.0,12.0,12.0,3.0,13.0,0.0,4.0,0.0,6.0,6.0,2.0,1.0,0.0,0.0,83.48,54.55,20.0,33.33,33.33,34.33,25.0,50.0,0.9384804016359104,0.955004604315552,5.0,6.0,0.14062299,1.0,25.0,17.0,0.8570121600000001,89.0,9.555236728837876,0.5164992826398852,15.107604017216644,1.5494978479196555,24.146341463414632,0.3873744619799139,1.4203730272596844,1.5494978479196555,0.6456241032998565,0.9038737446197992,0.2582496413199426,2.96987087517934,0.3873744619799139,1.5494978479196555,1.5494978479196555,0.3873744619799139,1.678622668579627,0.0,0.5164992826398852,0.0,0.7747489239598279,0.7747489239598279,0.2582496413199426,0.1291248206599713,0.0,0.0,83.48,54.55,20.0,33.33,33.33,34.33,25.0,50.0,0.1211811135541347,0.1233147982616925,0.6456241032998565,0.7747489239598279,0.0181579183644189,0.1291248206599713,3.2281205164992826,2.1951219512195124,0.1106615414634146,11.492109038737446,CM/AM,61,70,39,78,57,37,57,78,35,78,30,48,48,26,83,22,89,17,72,52,35,33,33,67,50,52,61,72,46,28,50,13,15,35,52,61,76,20,13,7,67,39,52,52,39,57,17,65,17,13,35,35,26,61,17,9,35,22,70,13,78,17,48,52,13,13,26,52,50,52,61,72,46,28,50,13,15,35,30,35,52,4,9,4,43,13,30,26,Danish Superliga
Horsens,a9vw7ikerpr4cuweeeka5aneg,uiyol728wan4mxco2foplknp,A. Justinussen,Adrian Justinussen,28.0,Attacker,Faroe Islands,Striker,35.0,0.0,36.0,2.0,71.0,8.0,4.0,10.0,3.0,7.0,0.0,23.0,0.0,400.0,9.0,5.0,5.0,4.0,2.0,3.0,0.0,5.0,5.0,3.0,0.0,1.0,0.0,81.61,100.0,0.0,60.0,30.0,40.35,33.33,71.43,0.5902527127438467,0.2776505783308428,4.0,5.0,0.2131289499999999,3.0,5.0,8.0,0.1654351499999999,32.0,7.875,0.0,8.1,0.4499999999999999,15.975,1.7999999999999998,0.8999999999999999,2.25,0.6749999999999999,1.575,0.0,5.175,0.0,2.025,1.125,1.125,0.8999999999999999,0.4499999999999999,0.6749999999999999,0.0,1.125,1.125,0.6749999999999999,0.0,0.2249999999999999,0.0,81.61,100.0,0.0,60.0,30.0,40.35,33.33,71.43,0.1328068603673655,0.0624713801244396,0.8999999999999999,1.125,0.0479540137499999,0.6749999999999999,1.125,1.7999999999999998,0.0372229087499999,7.199999999999999,ST,100,38,60,65,73,48,48,48,15,96,10,63,25,12,48,88,50,71,46,52,42,37,54,29,98,50,92,92,38,75,31,42,38,52,27,42,73,60,73,79,75,73,62,87,100,38,46,65,81,42,42,46,12,96,10,31,25,8,38,81,42,77,38,52,35,35,50,29,100,50,92,92,38,75,31,42,38,52,23,35,77,50,58,65,77,73,58,85,Danish Superliga
AGF,5rz9enoyknpg8ji78za5b82p0,1ax8roimt2kq507xi3xyutxqs,M. Camara,Mouhammade Camara,19.0,Defender,Mali,Defender,160.0,0.0,84.0,10.0,244.0,12.0,1.0,2.0,1.0,1.0,0.0,19.0,8.0,307.0,7.0,3.0,3.0,30.0,0.0,0.0,0.0,1.0,1.0,0.0,0.0,0.0,0.0,87.77,35.71,0.0,0.0,0.0,52.78,48.0,75.0,0.1208349078951422,0.0942135454166039,1.0,3.0,0.05760273,1.0,15.0,17.0,0.3660453200000002,171.0,46.90553745928339,0.0,24.62540716612378,2.931596091205212,71.53094462540717,3.5179153094462543,0.2931596091205212,0.5863192182410424,0.2931596091205212,0.2931596091205212,0.0,5.570032573289902,2.345276872964169,2.052117263843648,0.8794788273615636,0.8794788273615636,8.794788273615636,0.0,0.0,0.0,0.2931596091205212,0.2931596091205212,0.0,0.0,0.0,0.0,87.77,35.71,0.0,0.0,0.0,52.78,48.0,75.0,0.035423914366654,0.02761960614819,0.2931596091205212,0.8794788273615636,0.0168867938110749,0.2931596091205212,4.397394136807818,4.98371335504886,0.1073097029315961,50.13029315960912,CB,39,33,33,33,33,64,27,30,20,70,30,39,68,53,42,24,55,36,24,45,48,47,23,41,52,52,42,30,33,23,24,36,35,79,18,39,71,21,18,36,48,45,24,48,82,33,70,58,88,94,48,48,36,79,30,85,100,73,58,52,100,36,24,45,64,64,23,41,52,52,42,30,33,23,24,36,35,79,27,45,82,45,42,48,73,73,61,94,Danish Superliga
AGF,5rz9enoyknpg8ji78za5b82p0,1sbqjod03ch1xm77et7fzn4lw,J. Bogere,James Bogere,18.0,Attacker,Uganda,Striker,23.0,0.0,32.0,1.0,55.0,3.0,4.0,16.0,13.0,3.0,4.0,14.0,0.0,359.0,19.0,3.0,4.0,3.0,1.0,7.0,0.0,5.0,5.0,3.0,0.0,0.0,0.0,75.34,100.0,0.0,60.0,43.75,36.84,20.0,80.0,1.6160992829387766,0.2695786345760774,2.0,3.0,0.0682155,2.0,3.0,6.0,0.07176878,21.0,5.766016713091922,0.0,8.022284122562674,0.2506963788300835,13.788300835654596,0.7520891364902507,1.0027855153203342,4.011142061281337,3.2590529247910864,0.7520891364902507,1.0027855153203342,3.5097493036211698,0.0,4.763231197771588,0.7520891364902507,1.0027855153203342,0.7520891364902507,0.2506963788300835,1.7548746518105849,0.0,1.2534818941504178,1.2534818941504178,0.7520891364902507,0.0,0.0,0.0,75.34,100.0,0.0,60.0,43.75,36.84,20.0,80.0,0.4051502380626459,0.0675823874981809,0.5013927576601671,0.7520891364902507,0.0171013788300835,0.5013927576601671,0.7520891364902507,1.504178272980501,0.0179921732590529,5.264623955431754,ST,81,38,50,42,69,25,48,83,81,62,88,17,25,60,21,75,42,42,83,52,42,37,54,29,48,50,62,92,38,75,73,23,19,65,69,38,52,23,12,50,60,60,35,62,85,38,42,38,50,23,46,88,88,65,88,19,25,62,15,65,38,42,88,52,38,38,62,29,48,50,62,92,38,75,73,23,19,65,77,42,46,19,8,50,42,65,23,73,Danish Superliga
AGF,5rz9enoyknpg8ji78za5b82p0,2k1v6526ielemu1w3rayxdkkq,S. Jørgensen,Sebastian Jørgensen,26.0,Midfielder,Denmark,Midfielder,55.0,7.0,155.0,12.0,203.0,0.0,17.0,17.0,8.0,9.0,6.0,16.0,3.0,520.0,31.0,7.0,2.0,4.0,0.0,5.0,0.0,18.0,19.0,6.0,2.0,0.0,0.0,84.94,54.55,29.17,33.33,29.41,39.02,0.0,66.67,1.3175951191327764,1.7813373272821558,7.0,21.0,0.6301152199999998,9.0,24.0,31.0,1.1567346100000002,90.0,9.51923076923077,1.2115384615384617,26.82692307692308,2.076923076923077,35.13461538461539,0.0,2.9423076923076925,2.9423076923076925,1.3846153846153846,1.5576923076923077,1.0384615384615383,2.769230769230769,0.5192307692307693,5.365384615384616,1.2115384615384617,0.3461538461538461,0.6923076923076923,0.0,0.8653846153846154,0.0,3.1153846153846154,3.2884615384615383,1.0384615384615383,0.3461538461538461,0.0,0.0,84.94,54.55,29.17,33.33,29.41,39.02,0.0,66.67,0.2280453090806728,0.3083083835680654,1.2115384615384617,3.6346153846153846,0.1090584034615384,1.5576923076923077,4.153846153846154,5.365384615384616,0.2002040671153846,15.576923076923077,RM/RCM,67,92,67,83,67,25,100,100,67,100,92,25,58,100,67,17,50,42,92,58,75,83,50,100,58,58,100,100,50,17,50,33,25,50,100,100,92,67,67,58,75,83,83,67,50,83,83,100,83,25,100,83,100,83,83,17,67,67,50,17,33,42,67,58,67,67,50,100,58,58,100,100,50,17,50,33,25,50,83,100,67,67,50,67,100,100,67,100,Danish Superliga
AGF,5rz9enoyknpg8ji78za5b82p0,349g9rdismqpb1aarjp011bd,C. McCowatt,Callum McCowatt,27.0,Midfielder,New Zealand,Midfielder,91.0,4.0,124.0,13.0,211.0,7.0,12.0,15.0,7.0,8.0,6.0,25.0,4.0,525.0,18.0,4.0,5.0,5.0,2.0,4.0,0.0,11.0,14.0,5.0,2.0,0.0,0.0,76.73,43.33,20.0,45.45,26.67,38.46,53.85,55.56,1.3447076907679572,1.1349921623604595,7.0,14.0,0.45286861,6.0,20.0,20.0,0.84563623,99.0,15.6,0.6857142857142857,21.25714285714286,2.2285714285714286,36.17142857142857,1.2,2.0571428571428574,2.571428571428572,1.2,1.3714285714285714,1.0285714285714287,4.285714285714286,0.6857142857142857,3.085714285714286,0.6857142857142857,0.8571428571428572,0.8571428571428572,0.3428571428571428,0.6857142857142857,0.0,1.885714285714286,2.4,0.8571428571428572,0.3428571428571428,0.0,0.0,76.73,43.33,20.0,45.45,26.67,38.46,53.85,55.56,0.2305213184173641,0.1945700849760787,1.2,2.4,0.0776346188571428,1.0285714285714287,3.428571428571429,3.428571428571429,0.1449662108571428,16.97142857142857,CM/AM,72,70,52,87,61,87,67,83,76,85,87,59,63,54,28,48,50,76,72,52,70,78,61,93,50,52,22,46,46,52,30,17,76,48,74,78,87,43,61,43,57,57,48,61,70,65,52,91,57,78,61,76,70,87,91,43,57,48,26,43,43,78,57,52,65,70,57,91,50,52,22,46,46,52,30,17,76,48,83,70,83,39,43,35,52,48,57,52,Danish Superliga
AGF,5rz9enoyknpg8ji78za5b82p0,3gemcjqban843su9c9y5l2sk4,J. Andersen,Jacob Andersen,22.0,Defender,Denmark,Defender,114.0,2.0,94.0,3.0,206.0,4.0,3.0,4.0,2.0,2.0,0.0,19.0,4.0,392.0,9.0,6.0,5.0,6.0,0.0,0.0,0.0,2.0,2.0,0.0,0.0,0.0,0.0,88.03,30.0,18.18,0.0,0.0,39.58,26.67,55.56,0.321508570370604,0.1327281118997383,2.0,11.0,0.31033455,11.0,15.0,22.0,0.4468388499999998,91.0,26.173469387755105,0.4591836734693878,21.581632653061227,0.6887755102040817,47.29591836734694,0.9183673469387756,0.6887755102040817,0.9183673469387756,0.4591836734693878,0.4591836734693878,0.0,4.362244897959184,0.9183673469387756,2.066326530612245,1.3775510204081634,1.1479591836734695,1.3775510204081634,0.0,0.0,0.0,0.4591836734693878,0.4591836734693878,0.0,0.0,0.0,0.0,88.03,30.0,18.18,0.0,0.0,39.58,26.67,55.56,0.0738157431973325,0.0304732909973888,0.4591836734693878,2.525510204081633,0.0712502793367347,2.525510204081633,3.4438775510204085,5.051020408163266,0.1025905522959183,20.892857142857142,CB,21,89,41,12,23,24,59,67,39,92,30,39,30,65,77,50,6,36,24,45,65,65,23,41,52,52,45,21,73,23,24,3,8,38,52,45,92,73,85,98,48,58,36,24,27,91,58,12,33,30,73,82,58,97,30,52,33,79,88,79,6,36,24,45,73,73,23,41,52,52,45,21,73,23,24,3,8,38,67,52,94,91,91,100,61,76,58,24,Danish Superliga
AGF,5rz9enoyknpg8ji78za5b82p0,3uytpqx0e0jr6zgbfl1znsm7e,T. Bech,Tobias Bech,24.0,Attacker,Denmark,Striker,20.0,0.0,66.0,6.0,86.0,0.0,7.0,8.0,3.0,5.0,3.0,9.0,0.0,467.0,16.0,6.0,0.0,2.0,0.0,0.0,0.0,3.0,4.0,3.0,0.0,0.0,0.0,76.79,50.0,0.0,100.0,0.0,34.62,0.0,0.0,0.6627413359488507,0.6018677001195804,4.0,6.0,0.19010548,3.0,13.0,15.0,0.4671783799999999,52.0,3.854389721627409,0.0,12.71948608137045,1.1563169164882223,16.573875802997858,0.0,1.3490364025695931,1.5417558886509637,0.5781584582441113,0.9635974304068522,0.5781584582441113,1.734475374732334,0.0,3.083511777301927,1.1563169164882223,0.0,0.3854389721627408,0.0,0.0,0.0,0.5781584582441113,0.7708779443254817,0.5781584582441113,0.0,0.0,0.0,76.79,50.0,0.0,100.0,0.0,34.62,0.0,0.0,0.1277231696689433,0.1159916338560219,0.7708779443254817,1.1563169164882223,0.0366370304068522,0.5781584582441113,2.505353319057816,2.890792291220557,0.0900343773019271,10.021413276231264,ST,65,38,85,100,85,6,73,35,15,83,75,6,25,42,63,12,29,13,8,52,19,23,54,29,48,50,65,60,38,100,8,15,6,12,31,73,73,69,58,79,96,96,85,100,42,38,88,96,85,6,62,19,8,81,62,4,25,19,42,12,15,13,8,52,19,23,38,29,48,50,65,60,38,100,8,15,6,12,19,65,69,54,42,58,96,96,77,92,Danish Superliga
AGF,5rz9enoyknpg8ji78za5b82p0,4vmgmzg2004twoc39sk7zkzqh,G. Links,Gift Links,27.0,Midfielder,South Africa,Midfielder,51.0,5.0,100.0,6.0,146.0,0.0,6.0,8.0,4.0,4.0,3.0,39.0,4.0,268.0,17.0,12.0,5.0,0.0,0.0,3.0,0.0,17.0,18.0,15.0,0.0,0.0,0.0,83.91,46.15,13.51,88.24,37.5,81.25,0.0,41.67,0.539590413959523,0.6074246450892702,5.0,29.0,0.93815603,9.0,5.0,12.0,0.85273423,45.0,17.12686567164179,1.67910447761194,33.582089552238806,2.014925373134328,49.02985074626866,0.0,2.014925373134328,2.686567164179104,1.343283582089552,1.343283582089552,1.007462686567164,13.097014925373134,1.343283582089552,5.708955223880597,4.029850746268656,1.67910447761194,0.0,0.0,1.007462686567164,0.0,5.708955223880597,6.044776119402985,5.037313432835821,0.0,0.0,0.0,83.91,46.15,13.51,88.24,37.5,81.25,0.0,41.67,0.1812057360311831,0.2039858882762474,1.67910447761194,9.738805970149253,0.3150523981343283,3.0223880597014925,1.67910447761194,4.029850746268656,0.286365972761194,15.111940298507465,RM/RCM,50,67,50,50,50,25,42,42,50,33,42,83,83,50,83,42,17,42,42,58,50,58,83,33,58,58,83,67,17,100,92,100,25,17,33,33,50,83,100,58,25,50,50,33,100,100,100,83,100,25,83,67,83,67,67,100,83,100,100,50,17,42,83,58,100,100,100,33,58,58,83,67,17,100,92,100,25,17,67,83,100,100,100,100,17,67,100,67,Danish Superliga
AGF,5rz9enoyknpg8ji78za5b82p0,61sojkdsmaz9hbwaskt4rws15,M. Anderson,Mikael Anderson,28.0,Midfielder,Iceland,Midfielder,32.0,3.0,59.0,1.0,88.0,4.0,6.0,11.0,6.0,5.0,7.0,23.0,1.0,385.0,18.0,8.0,3.0,4.0,0.0,1.0,0.0,11.0,11.0,6.0,0.0,0.0,0.0,80.73,33.33,10.71,54.55,9.09,38.98,33.33,60.0,0.9765852700698204,0.5791744364940471,3.0,14.0,0.3588901999999999,7.0,5.0,9.0,0.3257163899999998,34.0,7.48051948051948,0.7012987012987013,13.792207792207792,0.2337662337662337,20.571428571428573,0.935064935064935,1.4025974025974026,2.571428571428572,1.4025974025974026,1.1688311688311688,1.6363636363636365,5.376623376623376,0.2337662337662337,4.207792207792208,1.87012987012987,0.7012987012987013,0.935064935064935,0.0,0.2337662337662337,0.0,2.571428571428572,2.571428571428572,1.4025974025974026,0.0,0.0,0.0,80.73,33.33,10.71,54.55,9.09,38.98,33.33,60.0,0.2282926605358022,0.1353914267128941,0.7012987012987013,3.272727272727273,0.0838964103896103,1.6363636363636365,1.1688311688311688,2.103896103896104,0.0761414937662337,7.9480519480519485,CM/AM,13,59,17,7,13,57,22,65,57,67,98,48,17,54,65,22,35,17,15,52,70,65,65,26,50,52,39,20,26,74,11,22,28,59,61,22,52,43,43,50,4,11,13,13,26,74,13,9,13,65,22,76,78,70,100,78,17,78,83,30,48,17,17,52,78,78,87,26,50,52,39,20,26,74,11,22,28,59,78,39,65,65,52,61,9,9,4,9,Danish Superliga
AGF,5rz9enoyknpg8ji78za5b82p0,76av5tb8cxhmr0yh3pbmk8npw,F. Emmery,Frederik Emmery,19.0,Attacker,Denmark,Striker,33.0,12.0,89.0,1.0,110.0,2.0,11.0,21.0,16.0,5.0,8.0,42.0,1.0,622.0,50.0,16.0,5.0,5.0,1.0,5.0,0.0,37.0,39.0,16.0,2.0,0.0,0.0,76.92,16.67,30.0,43.24,23.81,52.5,50.0,62.5,1.3119917118811766,1.3459602218244633,11.0,26.0,0.8200745399999999,11.0,6.0,10.0,1.6135780000000006,30.0,4.77491961414791,1.7363344051446945,12.87781350482315,0.1446945337620578,15.916398713826366,0.2893890675241157,1.5916398713826363,3.0385852090032155,2.315112540192926,0.7234726688102894,1.157556270096463,6.077170418006431,0.1446945337620578,7.234726688102894,2.315112540192926,0.7234726688102894,0.7234726688102894,0.1446945337620578,0.7234726688102894,0.0,5.353697749196141,5.643086816720257,2.315112540192926,0.2893890675241157,0.0,0.0,76.92,16.67,30.0,43.24,23.81,52.5,50.0,62.5,0.189838029050331,0.1947530867591667,1.5916398713826363,3.762057877813505,0.118660303215434,1.5916398713826363,0.8681672025723473,1.4469453376205788,0.2334759163987139,4.340836012861736,LW,86,100,71,29,71,64,64,79,71,64,71,100,50,71,100,86,86,50,57,57,86,86,71,93,57,57,86,14,86,57,57,100,93,71,29,100,93,100,100,100,50,43,100,43,71,100,57,14,29,57,43,71,57,43,57,86,43,57,86,71,86,57,43,57,86,86,71,86,57,57,86,14,86,57,57,100,93,71,14,100,71,100,100,100,43,29,86,14,Danish Superliga
AGF,5rz9enoyknpg8ji78za5b82p0,7je01bs3a4q6c2gd02ee6da3u,K. Arnstad,Kristian Arnstad,23.0,Midfielder,Norway,Midfielder,116.0,2.0,199.0,3.0,313.0,4.0,12.0,10.0,6.0,4.0,3.0,37.0,8.0,656.0,22.0,15.0,9.0,8.0,2.0,4.0,0.0,8.0,9.0,4.0,0.0,0.0,0.0,83.47,25.0,20.0,50.0,40.0,45.68,33.33,64.29,0.5945589485433342,0.7517758896048787,4.0,28.0,0.8937497499999996,12.0,28.0,45.0,1.0346589199999991,184.0,15.914634146341465,0.274390243902439,27.30182926829268,0.4115853658536585,42.94207317073171,0.5487804878048781,1.6463414634146345,1.3719512195121952,0.8231707317073171,0.5487804878048781,0.4115853658536585,5.076219512195122,1.0975609756097562,3.018292682926829,2.057926829268293,1.2347560975609757,1.0975609756097562,0.274390243902439,0.5487804878048781,0.0,1.0975609756097562,1.2347560975609757,0.5487804878048781,0.0,0.0,0.0,83.47,25.0,20.0,50.0,40.0,45.68,33.33,64.29,0.0815705874525915,0.1031399848543278,0.5487804878048781,3.841463414634146,0.1226181059451218,1.6463414634146345,3.841463414634146,6.173780487804878,0.1419501567073169,25.243902439024392,CM/AM,91,48,78,26,91,57,67,48,57,57,52,78,87,72,91,83,72,76,72,52,52,52,52,26,50,52,57,13,46,63,76,43,28,65,26,39,65,87,96,76,74,83,70,91,74,43,65,13,70,39,48,26,35,43,30,65,83,43,87,65,70,74,52,52,30,30,35,26,50,52,57,13,46,63,76,43,28,65,13,26,43,74,91,65,57,78,48,74,Danish Superliga
AGF,5rz9enoyknpg8ji78za5b82p0,7m68sk6x5j4izvmi83h2e6kbu,M. Knudsen,Magnus Knudsen,25.0,Midfielder,Norway,Midfielder,125.0,1.0,172.0,14.0,296.0,2.0,3.0,2.0,1.0,1.0,2.0,44.0,6.0,571.0,3.0,12.0,15.0,8.0,0.0,0.0,0.0,9.0,11.0,6.0,1.0,0.0,0.0,89.16,58.33,20.0,66.67,0.0,60.27,16.67,62.5,0.2428002881689194,0.2526273212712136,1.0,4.0,0.08791529,4.0,29.0,26.0,0.7623885899999996,156.0,19.70227670753065,0.1576182136602452,27.11033274956217,2.206654991243433,46.654991243432576,0.3152364273204904,0.4728546409807356,0.3152364273204904,0.1576182136602452,0.1576182136602452,0.3152364273204904,6.935201401050788,0.9457092819614712,0.4728546409807356,1.8914185639229424,2.364273204903678,1.2609457092819616,0.0,0.0,0.0,1.418563922942207,1.733800350262697,0.9457092819614712,0.1576182136602452,0.0,0.0,89.16,58.33,20.0,66.67,0.0,60.27,16.67,62.5,0.0382697476973778,0.0398186671005415,0.1576182136602452,0.6304728546409808,0.0138570509632224,0.6304728546409808,4.57092819614711,4.098073555166375,0.120166327670753,24.58844133099825,DM/CM,69,64,83,66,76,21,34,34,55,34,76,93,45,36,84,100,41,34,17,45,86,90,88,69,52,52,93,76,67,88,17,86,17,69,38,38,40,24,21,62,74,67,79,76,62,59,90,62,69,17,31,38,55,31,72,93,31,28,90,100,38,34,17,45,83,86,90,66,52,52,93,76,67,88,17,86,17,69,41,34,41,17,17,55,69,62,72,76,Danish Superliga
AGF,5rz9enoyknpg8ji78za5b82p0,9delpquqv81o7ftrgefb0wpp0,L. Callø,Luka Callø,20.0,Defender,Denmark,Defender,155.0,0.0,82.0,12.0,237.0,12.0,1.0,1.0,1.0,0.0,0.0,16.0,4.0,311.0,4.0,1.0,2.0,21.0,0.0,0.0,0.0,0.0,1.0,0.0,0.0,0.0,0.0,91.86,60.0,0.0,0.0,0.0,45.71,52.17,66.67,0.1412868621083393,0.0761113751923792,0.0,4.0,0.07307326,0.0,19.0,13.0,0.30620407,150.0,44.85530546623794,0.0,23.72990353697749,3.472668810289389,68.58520900321543,3.472668810289389,0.2893890675241157,0.2893890675241157,0.2893890675241157,0.0,0.0,4.630225080385852,1.157556270096463,1.157556270096463,0.2893890675241157,0.5787781350482315,6.077170418006431,0.0,0.0,0.0,0.0,0.2893890675241157,0.0,0.0,0.0,0.0,91.86,60.0,0.0,0.0,0.0,45.71,52.17,66.67,0.0408868732789406,0.0220257998949007,0.0,1.157556270096463,0.0211466025723472,0.0,5.498392282958199,3.762057877813505,0.088612110289389,43.40836012861736,CB,36,33,30,42,30,64,27,17,20,29,30,20,30,26,8,11,36,36,24,45,20,47,23,41,52,52,79,91,33,23,24,9,48,55,21,30,29,32,27,14,59,32,12,36,76,33,64,70,76,91,42,27,30,29,30,58,48,48,24,21,70,36,24,45,20,61,23,41,52,52,79,91,33,23,24,9,48,55,39,39,29,58,52,14,76,45,33,76,Danish Superliga
AGF,5rz9enoyknpg8ji78za5b82p0,an7okg1fciccqu6300k8phisq,R. Carstensen,Rasmus Carstensen,25.0,Defender,Denmark,Defender,36.0,1.0,57.0,2.0,92.0,4.0,3.0,8.0,7.0,1.0,3.0,14.0,1.0,269.0,14.0,5.0,2.0,9.0,1.0,2.0,0.0,5.0,5.0,2.0,0.0,0.0,0.0,82.14,25.0,20.0,40.0,25.0,51.85,80.0,66.67,0.787253114351348,0.342898294910392,1.0,11.0,0.29376018,2.0,3.0,6.0,0.5616524300000002,31.0,12.04460966542751,0.3345724907063197,19.070631970260223,0.6691449814126395,30.780669144981413,1.338289962825279,1.003717472118959,2.676579925650558,2.3420074349442377,0.3345724907063197,1.003717472118959,4.684014869888475,0.3345724907063197,4.684014869888475,1.6728624535315986,0.6691449814126395,3.011152416356877,0.3345724907063197,0.6691449814126395,0.0,1.6728624535315986,1.6728624535315986,0.6691449814126395,0.0,0.0,0.0,82.14,25.0,20.0,40.0,25.0,51.85,80.0,66.67,0.2633932352848376,0.1147243365871199,0.3345724907063197,3.680297397769517,0.0982840750929368,0.6691449814126395,1.003717472118959,2.007434944237918,0.1879134524163569,10.37174721189591,RB/RCB,8,25,17,17,17,12,42,92,100,46,88,17,8,83,58,8,17,92,88,46,54,50,54,42,54,54,42,29,38,29,67,25,83,42,100,50,62,79,75,25,8,8,33,8,25,33,42,25,25,50,83,100,100,58,100,50,8,100,92,8,50,100,100,46,100,92,83,42,54,54,42,29,38,29,67,25,83,42,100,83,83,92,92,33,8,8,83,17,Danish Superliga
AGF,5rz9enoyknpg8ji78za5b82p0,as6coaak724tr7igyz1wwlfc9,C. Rösler,Colin Rösler,26.0,Defender,Norway,Defender,129.0,2.0,73.0,2.0,200.0,5.0,3.0,1.0,1.0,0.0,0.0,11.0,4.0,316.0,1.0,0.0,3.0,15.0,0.0,0.0,0.0,2.0,2.0,2.0,0.0,0.0,0.0,88.89,11.11,40.0,100.0,0.0,55.0,45.45,75.0,0.1322673214488151,0.2681124987127262,0.0,6.0,0.11640047,2.0,11.0,9.0,0.4452947499999995,109.0,36.74050632911393,0.569620253164557,20.79113924050633,0.569620253164557,56.962025316455694,1.4240506329113924,0.8544303797468354,0.2848101265822785,0.2848101265822785,0.0,0.0,3.132911392405063,1.139240506329114,0.2848101265822785,0.0,0.8544303797468354,4.272151898734177,0.0,0.0,0.0,0.569620253164557,0.569620253164557,0.569620253164557,0.0,0.0,0.0,88.89,11.11,40.0,100.0,0.0,55.0,45.45,75.0,0.0376710725645359,0.0763611546966625,0.0,1.7088607594936709,0.0331520325949367,0.569620253164557,3.132911392405063,2.5632911392405062,0.1268244541139239,31.04430379746836,RB/RCB,54,42,42,17,42,33,42,21,25,21,29,8,33,8,8,21,42,42,21,46,29,25,54,42,54,54,92,8,92,92,21,58,12,75,17,42,29,29,25,25,42,17,8,50,92,58,75,17,92,58,67,25,42,21,29,17,42,17,8,25,75,42,21,46,33,33,67,42,54,54,92,8,92,92,21,58,12,75,25,50,29,50,33,25,42,33,25,92,Danish Superliga
AGF,5rz9enoyknpg8ji78za5b82p0,cgkvw4q8ddcjl0po181upzwx6,E. Kahl,Eric Kahl,24.0,Defender,Sweden,Defender,215.0,2.0,210.0,21.0,423.0,9.0,3.0,2.0,0.0,2.0,1.0,36.0,10.0,598.0,3.0,11.0,7.0,26.0,0.0,0.0,0.0,4.0,4.0,4.0,0.0,0.0,0.0,86.86,50.0,15.38,100.0,0.0,62.07,47.37,58.33,0.1031680628490457,0.3288929692157582,2.0,14.0,0.34811524,10.0,62.0,54.0,1.2273112600000002,252.0,32.357859531772576,0.3010033444816053,31.60535117056856,3.160535117056856,63.66220735785953,1.354515050167224,0.451505016722408,0.3010033444816053,0.0,0.3010033444816053,0.1505016722408026,5.418060200668896,1.5050167224080266,0.451505016722408,1.6555183946488294,1.0535117056856187,3.913043478260869,0.0,0.0,0.0,0.6020066889632106,0.6020066889632106,0.6020066889632106,0.0,0.0,0.0,86.86,50.0,15.38,100.0,0.0,62.07,47.37,58.33,0.0155269659806256,0.0494989418552144,0.3010033444816053,2.1070234113712374,0.0523919257525083,1.5050167224080266,9.331103678929765,8.127090301003344,0.1847123969899665,37.92642140468227,LB/LCB,94,53,100,94,100,88,44,38,16,72,69,81,100,25,91,56,91,47,25,47,66,66,75,31,53,53,81,81,44,91,25,88,62,62,19,38,72,88,81,91,100,100,94,100,94,50,100,88,100,75,31,25,16,62,62,81,81,19,94,50,75,47,25,47,56,56,62,31,53,53,81,81,44,91,25,88,62,62,19,44,62,81,69,81,100,100,75,100,Danish Superliga
AGF,5rz9enoyknpg8ji78za5b82p0,czpstoiy12awqpasz573ckp91,D. Grétarsson,Daníel Grétarsson,30.0,Defender,Iceland,Defender,154.0,1.0,93.0,27.0,246.0,8.0,3.0,5.0,3.0,2.0,3.0,34.0,5.0,442.0,8.0,6.0,9.0,23.0,0.0,1.0,0.0,1.0,1.0,1.0,0.0,0.0,0.0,77.12,40.3,33.33,100.0,20.0,61.82,47.06,47.37,0.4733667838049842,0.3491933193363071,2.0,6.0,0.35821215,2.0,32.0,36.0,0.8130219700000003,146.0,31.35746606334841,0.2036199095022624,18.936651583710407,5.497737556561086,50.09049773755656,1.6289592760180995,0.6108597285067873,1.0180995475113122,0.6108597285067873,0.4072398190045249,0.6108597285067873,6.9230769230769225,1.0180995475113122,1.6289592760180995,1.2217194570135743,1.832579185520362,4.683257918552036,0.0,0.2036199095022624,0.0,0.2036199095022624,0.2036199095022624,0.2036199095022624,0.0,0.0,0.0,77.12,40.3,33.33,100.0,20.0,61.82,47.06,47.37,0.0963869016797479,0.0711027120820534,0.4072398190045249,1.2217194570135743,0.0729391255656108,0.4072398190045249,6.515837104072398,7.330316742081448,0.1655474599547511,29.72850678733032,LB/LCB,81,34,59,100,81,75,44,69,66,72,94,75,50,56,59,75,81,47,69,47,22,16,34,31,53,53,44,75,81,91,66,81,56,31,69,50,72,41,88,38,94,94,56,88,88,44,62,100,81,88,62,75,69,75,94,100,50,50,69,94,94,47,56,47,19,6,31,31,53,53,44,75,81,91,66,81,56,31,88,62,81,50,88,38,88,81,62,94,Danish Superliga
AGF,5rz9enoyknpg8ji78za5b82p0,esasiq4j83g377zb8zi0bgpnt,J. Serra,Janni Serra,28.0,Attacker,Germany,Striker,13.0,0.0,30.0,0.0,43.0,11.0,8.0,13.0,13.0,0.0,1.0,17.0,0.0,270.0,26.0,2.0,1.0,2.0,3.0,4.0,0.0,4.0,4.0,3.0,0.0,0.0,0.0,82.69,0.0,0.0,75.0,30.77,60.71,68.75,100.0,1.8677229897465089,0.5050807492130491,0.0,5.0,0.1969354,2.0,0.0,2.0,0.0715382,14.0,4.333333333333333,0.0,10.0,0.0,14.333333333333334,3.6666666666666665,2.6666666666666665,4.333333333333333,4.333333333333333,0.0,0.3333333333333333,5.666666666666667,0.0,8.666666666666666,0.6666666666666666,0.3333333333333333,0.6666666666666666,1.0,1.3333333333333333,0.0,1.3333333333333333,1.3333333333333333,1.0,0.0,0.0,0.0,82.69,0.0,0.0,75.0,30.77,60.71,68.75,100.0,0.622574329915503,0.168360249737683,0.0,1.6666666666666667,0.0656451333333333,0.6666666666666666,0.0,0.6666666666666666,0.0238460666666666,4.666666666666667,ST,33,38,42,15,31,71,83,69,81,15,31,29,25,83,12,33,29,90,58,52,25,23,54,29,48,50,100,15,38,90,38,96,94,87,81,65,10,60,65,50,6,25,31,48,54,38,65,15,62,88,100,100,100,15,31,50,25,92,12,35,35,100,73,52,42,42,69,29,48,50,100,15,38,90,38,96,94,87,96,96,10,77,81,62,6,23,38,62,Danish Superliga
Brøndby,9qsmopgutr7ut5g6workk8w4i,13z6jj0jpv4z3c3uh9t7bz9m2,M. Frøkjær-Jensen,Mads Frökjaer-Jensen,27.0,Midfielder,Denmark,Midfielder,48.0,14.0,221.0,14.0,255.0,3.0,22.0,19.0,5.0,14.0,7.0,28.0,8.0,681.0,19.0,5.0,3.0,2.0,2.0,7.0,0.0,25.0,27.0,10.0,1.0,0.0,0.0,75.44,42.42,29.79,40.0,36.84,40.0,37.5,30.0,1.580029337768678,2.0794474496190216,10.0,30.0,0.7968731099999999,27.0,32.0,56.0,2.002853440000001,153.0,6.343612334801763,1.8502202643171808,29.20704845814978,1.8502202643171808,33.70044052863436,0.3964757709251101,2.907488986784141,2.511013215859031,0.6607929515418502,1.8502202643171808,0.9251101321585904,3.7004405286343616,1.0572687224669604,2.511013215859031,0.6607929515418502,0.3964757709251101,0.2643171806167401,0.2643171806167401,0.9251101321585904,0.0,3.303964757709251,3.5682819383259914,1.3215859030837005,0.13215859030837,0.0,0.0,75.44,42.42,29.79,40.0,36.84,40.0,37.5,30.0,0.2088144499253759,0.2748168435619852,1.3215859030837005,3.9647577092511015,0.1053136268722466,3.5682819383259914,4.229074889867841,7.400881057268723,0.2646942872246697,20.22026431718061,CM/AM,37,96,87,96,74,37,98,89,35,100,98,65,87,61,43,22,20,76,89,52,96,96,89,67,50,52,17,35,74,41,61,26,37,9,83,100,93,91,87,100,83,91,100,74,17,96,70,78,52,17,96,70,30,100,87,17,78,39,22,17,13,70,83,52,87,87,83,57,50,52,17,35,74,41,61,26,37,9,61,100,87,78,74,100,70,83,100,61,Danish Superliga
Brøndby,9qsmopgutr7ut5g6workk8w4i,1thbt0dca4eqad81ldqa5iqz8,O. Fenger,Oskar Fenger,18.0,Attacker,Denmark,Striker,10.0,0.0,13.0,1.0,23.0,3.0,1.0,4.0,4.0,0.0,1.0,11.0,0.0,331.0,21.0,4.0,2.0,5.0,1.0,1.0,0.0,5.0,6.0,2.0,1.0,0.0,0.0,65.71,33.33,0.0,40.0,25.0,30.56,23.08,100.0,0.5535714483514808,0.1260115941699189,0.0,3.0,0.3164183699999999,1.0,0.0,1.0,0.0161794299999999,8.0,2.719033232628399,0.0,3.5347432024169185,0.2719033232628399,6.253776435045317,0.8157099697885197,0.2719033232628399,1.0876132930513596,1.0876132930513596,0.0,0.2719033232628399,2.990936555891239,0.0,5.709969788519638,1.0876132930513596,0.5438066465256798,1.3595166163141994,0.2719033232628399,0.2719033232628399,0.0,1.3595166163141994,1.6314199395770397,0.5438066465256798,0.2719033232628399,0.0,0.0,65.71,33.33,0.0,40.0,25.0,30.56,23.08,100.0,0.1505179164701911,0.0342629712244492,0.0,0.8157099697885197,0.0860352063444108,0.2719033232628399,0.0,0.2719033232628399,0.0043992407854984,2.175226586102719,ST,13,38,4,42,4,25,12,15,29,15,31,12,25,69,33,50,56,42,19,52,42,48,35,75,48,50,23,44,38,38,21,8,23,87,23,19,10,23,85,25,6,10,4,6,19,38,4,46,4,27,12,8,27,15,27,15,25,73,31,62,69,50,15,52,46,54,31,81,48,50,23,44,38,38,21,8,23,87,27,12,10,27,92,23,6,4,4,8,Danish Superliga
Brøndby,9qsmopgutr7ut5g6workk8w4i,2tthm6h5o033dz440e476rhbe,M. Divković,Marko Divkovic,27.0,Defender,Croatia,Defender,52.0,6.0,80.0,3.0,126.0,0.0,9.0,3.0,0.0,3.0,1.0,10.0,8.0,288.0,7.0,2.0,5.0,6.0,0.0,1.0,0.0,5.0,5.0,2.0,1.0,0.0,0.0,82.35,37.5,28.57,40.0,33.33,47.62,0.0,83.33,0.1517457777067909,0.9465081190742534,3.0,8.0,0.27390301,4.0,16.0,24.0,0.9905509800000004,61.0,16.25,1.875,25.0,0.9375,39.375,0.0,2.8125,0.9375,0.0,0.9375,0.3125,3.125,2.5,2.1875,0.625,1.5625,1.875,0.0,0.3125,0.0,1.5625,1.5625,0.625,0.3125,0.0,0.0,82.35,37.5,28.57,40.0,33.33,47.62,0.0,83.33,0.0474205555333721,0.2957837872107041,0.9375,2.5,0.085594690625,1.25,5.0,7.5,0.3095471812500001,19.0625,LB/LCB,31,88,44,12,31,9,94,50,16,81,69,19,75,44,25,47,12,47,69,47,75,75,59,78,53,53,62,56,69,25,81,31,12,75,38,94,84,62,62,53,62,66,81,38,38,100,81,12,56,9,100,69,16,94,81,38,100,81,34,69,19,47,94,47,88,81,69,100,53,53,62,56,69,25,81,31,12,75,44,100,100,88,100,69,81,88,100,62,Danish Superliga
Brøndby,9qsmopgutr7ut5g6workk8w4i,2z8u8kyv91shp0la8alkn6kus,M. Ejdum,Max Ejdum,21.0,Midfielder,Denmark,Midfielder,101.0,1.0,210.0,3.0,310.0,6.0,11.0,11.0,7.0,4.0,4.0,33.0,5.0,627.0,22.0,10.0,6.0,13.0,1.0,1.0,0.0,10.0,10.0,7.0,2.0,0.0,0.0,85.16,33.33,50.0,70.0,9.09,50.77,46.15,60.0,1.0254995629326071,0.6333168655181036,2.0,15.0,0.34982351,4.0,29.0,36.0,0.97594518,156.0,14.497607655502392,0.1435406698564593,30.14354066985646,0.4306220095693779,44.49760765550239,0.8612440191387559,1.5789473684210529,1.5789473684210529,1.0047846889952152,0.5741626794258373,0.5741626794258373,4.7368421052631575,0.7177033492822966,3.1578947368421053,1.4354066985645932,0.8612440191387559,1.866028708133972,0.1435406698564593,0.1435406698564593,0.0,1.4354066985645932,1.4354066985645932,1.0047846889952152,0.2870813397129186,0.0,0.0,85.16,33.33,50.0,70.0,9.09,50.77,46.15,60.0,0.1472008942008527,0.0909067271078617,0.2870813397129186,2.15311004784689,0.0502139009569378,0.5741626794258373,4.162679425837321,5.167464114832536,0.1400878248803827,22.392344497607656,CM/AM,83,33,83,26,87,76,57,65,76,57,70,72,76,72,76,57,89,50,15,52,59,59,72,93,50,52,78,20,93,89,11,74,52,59,65,30,35,52,39,26,78,74,61,78,65,26,74,22,74,61,39,39,48,48,57,57,65,52,61,48,83,35,13,52,39,35,61,83,50,52,78,20,93,89,11,74,52,59,43,22,30,26,26,13,65,70,43,65,Danish Superliga
Brøndby,9qsmopgutr7ut5g6workk8w4i,31dub58tesepe34xkspyxsrca,S. Fukuda,Sho Fukuda,25.0,Attacker,Japan,Striker,12.0,1.0,39.0,1.0,50.0,1.0,1.0,2.0,2.0,0.0,1.0,22.0,2.0,219.0,10.0,6.0,4.0,0.0,0.0,0.0,0.0,13.0,14.0,9.0,1.0,0.0,0.0,76.92,33.33,50.0,69.23,0.0,47.83,25.0,66.67,0.1691542377585066,0.1247770618353769,1.0,7.0,0.195943,3.0,3.0,5.0,0.2498884099999999,19.0,4.931506849315069,0.4109589041095891,16.027397260273975,0.4109589041095891,20.54794520547945,0.4109589041095891,0.4109589041095891,0.8219178082191781,0.8219178082191781,0.0,0.4109589041095891,9.04109589041096,0.8219178082191781,4.109589041095891,2.4657534246575343,1.6438356164383563,0.0,0.0,0.0,0.0,5.342465753424658,5.753424657534247,3.6986301369863015,0.4109589041095891,0.0,0.0,76.92,33.33,50.0,69.23,0.0,47.83,25.0,66.67,0.0695154401747287,0.0512782445898809,0.4109589041095891,2.876712328767124,0.0805245205479452,1.2328767123287672,1.2328767123287672,2.054794520547945,0.1026938671232876,7.808219178082193,ST,25,81,69,42,54,15,12,4,8,15,31,56,85,21,63,75,6,13,8,52,83,83,92,75,48,50,71,44,96,85,8,77,27,42,4,15,31,81,62,79,60,54,69,54,65,85,92,58,92,19,15,4,15,15,42,96,100,42,96,100,6,13,8,52,96,96,100,96,48,50,71,44,96,85,8,77,27,42,4,27,42,96,85,96,85,85,88,88,Danish Superliga
Brøndby,9qsmopgutr7ut5g6workk8w4i,3luquna7mmn8rvooqevn0q0h5,B. Slisz,Bartosz Slisz,27.0,Midfielder,Poland,Midfielder,156.0,2.0,284.0,14.0,438.0,6.0,7.0,6.0,1.0,5.0,3.0,37.0,22.0,719.0,5.0,8.0,8.0,21.0,1.0,2.0,0.0,10.0,10.0,6.0,1.0,0.0,0.0,88.84,60.87,28.57,60.0,33.33,50.68,50.0,47.06,0.4118418446997635,0.5718918352469828,5.0,43.0,0.9824825899999996,13.0,64.0,55.0,1.2148991699999998,270.0,19.52712100139082,0.2503477051460361,35.549374130737135,1.7524339360222532,54.82614742698192,0.7510431154381085,0.8762169680111266,0.7510431154381085,0.125173852573018,0.6258692628650904,0.3755215577190542,4.631432545201669,2.753824756606398,0.6258692628650904,1.0013908205841446,1.0013908205841446,2.62865090403338,0.125173852573018,0.2503477051460361,0.0,1.2517385257301807,1.2517385257301807,0.7510431154381085,0.125173852573018,0.0,0.0,88.84,60.87,28.57,60.0,33.33,50.68,50.0,47.06,0.051551830351848,0.0715859042729185,0.6258692628650904,5.382475660639777,0.1229811308762169,1.627260083449235,8.011126564673157,6.884561891515994,0.152073609596662,33.79694019471488,DM/CM,79,74,100,66,97,67,79,72,55,84,88,78,100,59,72,53,93,79,74,45,90,86,88,69,52,52,86,83,79,78,59,45,71,17,76,79,95,100,100,100,100,97,90,100,55,72,100,52,93,52,55,52,45,69,79,48,100,38,45,28,83,69,62,45,69,69,86,55,52,52,86,83,79,78,59,45,71,17,48,59,86,100,100,97,97,97,86,97,Danish Superliga
Brøndby,9qsmopgutr7ut5g6workk8w4i,3sadup8mjwu4dc96wz6lmixn9,P. Mortensen,Patrick Mortensen,37.0,Attacker,Denmark,Striker,13.0,0.0,24.0,0.0,37.0,11.0,0.0,11.0,9.0,2.0,4.0,17.0,1.0,265.0,13.0,5.0,1.0,10.0,1.0,1.0,0.0,0.0,0.0,0.0,0.0,0.0,0.0,80.43,0.0,0.0,0.0,9.09,56.67,68.75,100.0,1.2798304200907389,0.0,1.0,4.0,0.10846817,1.0,1.0,1.0,0.05662867,10.0,4.415094339622641,0.0,8.150943396226415,0.0,12.566037735849056,3.735849056603773,0.0,3.735849056603773,3.056603773584905,0.6792452830188679,1.3584905660377358,5.773584905660377,0.3396226415094339,4.415094339622641,1.6981132075471697,0.3396226415094339,3.39622641509434,0.3396226415094339,0.3396226415094339,0.0,0.0,0.0,0.0,0.0,0.0,0.0,80.43,0.0,0.0,0.0,9.09,56.67,68.75,100.0,0.4346593879553452,0.0,0.3396226415094339,1.3584905660377358,0.0368382464150943,0.3396226415094339,0.3396226415094339,0.3396226415094339,0.019232378490566,3.39622641509434,ST,33,38,19,15,19,71,4,58,65,42,88,29,60,35,48,33,96,42,19,52,6,6,8,29,48,50,85,15,38,8,15,88,94,87,65,4,31,42,38,25,15,10,23,15,58,38,50,15,42,92,4,81,85,46,100,54,69,58,65,38,100,54,19,52,6,6,8,29,48,50,85,15,38,8,15,88,94,87,85,4,31,62,46,31,19,12,27,27,Danish Superliga
Brøndby,9qsmopgutr7ut5g6workk8w4i,56sjqxlsf5iitgww0hogez8ph,J. Vanlerberghe,Jordi Vanlerberghe,30.0,Defender,Belgium,Defender,235.0,0.0,183.0,21.0,418.0,12.0,1.0,4.0,3.0,1.0,1.0,33.0,11.0,612.0,4.0,2.0,10.0,28.0,1.0,1.0,1.0,1.0,1.0,1.0,0.0,0.0,0.0,88.19,45.65,0.0,100.0,25.0,60.0,48.0,55.56,0.4468447197226515,0.0575920417451797,1.0,15.0,0.28210644,6.0,48.0,40.0,0.8505640500000003,298.0,34.55882352941177,0.0,26.911764705882355,3.088235294117647,61.47058823529412,1.7647058823529411,0.1470588235294117,0.5882352941176471,0.4411764705882353,0.1470588235294117,0.1470588235294117,4.852941176470589,1.6176470588235294,0.5882352941176471,0.2941176470588235,1.4705882352941178,4.11764705882353,0.1470588235294117,0.1470588235294117,0.1470588235294117,0.1470588235294117,0.1470588235294117,0.1470588235294117,0.0,0.0,0.0,88.19,45.65,0.0,100.0,25.0,60.0,48.0,55.56,0.0657124587827428,0.0084694179037028,0.1470588235294117,2.2058823529411766,0.0414862411764705,0.8823529411764706,7.0588235294117645,5.882352941176471,0.1250829485294118,43.82352941176471,CB,70,33,88,71,79,64,27,67,65,70,70,82,83,26,23,98,48,83,61,95,48,47,64,41,52,52,55,39,33,92,58,76,35,38,67,21,71,91,82,86,94,91,79,88,52,33,85,64,73,61,18,52,48,70,73,67,76,21,27,91,30,85,61,94,48,45,67,41,52,52,55,39,33,92,58,76,35,38,48,18,70,79,76,79,94,88,67,82,Danish Superliga
Brøndby,9qsmopgutr7ut5g6workk8w4i,8l12vx57ou6ho0vptjh22r5yh,L. Binks,Luis Binks,25.0,Defender,England,Defender,280.0,0.0,213.0,29.0,493.0,23.0,5.0,9.0,8.0,1.0,2.0,39.0,7.0,630.0,20.0,8.0,2.0,45.0,1.0,2.0,0.0,2.0,2.0,1.0,2.0,0.0,0.0,88.67,46.77,0.0,50.0,22.22,61.9,67.65,28.57,0.9635831084815186,0.4113007036661682,1.0,17.0,0.3545908,6.0,40.0,42.0,1.0603313899999998,334.0,40.0,0.0,30.428571428571427,4.142857142857143,70.42857142857143,3.2857142857142856,0.7142857142857143,1.2857142857142858,1.1428571428571428,0.1428571428571428,0.2857142857142857,5.571428571428571,1.0,2.857142857142857,1.1428571428571428,0.2857142857142857,6.428571428571429,0.1428571428571428,0.2857142857142857,0.0,0.2857142857142857,0.2857142857142857,0.1428571428571428,0.2857142857142857,0.0,0.0,88.67,46.77,0.0,50.0,22.22,61.9,67.65,28.57,0.137654729783074,0.0587572433808811,0.1428571428571428,2.4285714285714284,0.0506558285714285,0.8571428571428571,5.714285714285714,6.0,0.1514759128571428,47.71428571428572,CB,82,33,100,91,94,94,80,97,95,70,86,91,61,88,89,11,80,83,82,45,65,65,64,98,52,52,64,42,33,70,52,82,97,6,94,79,71,97,91,86,88,94,91,97,67,33,97,76,82,85,76,94,94,67,76,88,36,85,79,6,82,82,79,45,58,55,61,100,52,52,64,42,33,70,52,82,97,6,94,76,67,85,82,76,79,91,85,91,Danish Superliga
Brøndby,9qsmopgutr7ut5g6workk8w4i,8wb6zb0imo0295asm428cur55,M. Köhlert,Mats Köhlert,28.0,Defender,Germany,Defender,111.0,8.0,125.0,10.0,228.0,1.0,7.0,2.0,1.0,1.0,0.0,12.0,1.0,432.0,9.0,3.0,8.0,10.0,0.0,1.0,0.0,1.0,1.0,0.0,1.0,0.0,0.0,90.84,66.67,25.81,0.0,50.0,35.29,16.67,100.0,0.222470696831582,0.7801350789085539,1.0,7.0,0.1719104,4.0,14.0,22.0,0.8530925099999999,97.0,23.125,1.6666666666666667,26.041666666666668,2.083333333333333,47.5,0.2083333333333333,1.4583333333333337,0.4166666666666667,0.2083333333333333,0.2083333333333333,0.0,2.5,0.2083333333333333,1.875,0.625,1.6666666666666667,2.083333333333333,0.0,0.2083333333333333,0.0,0.2083333333333333,0.2083333333333333,0.0,0.2083333333333333,0.0,0.0,90.84,66.67,25.81,0.0,50.0,35.29,16.67,100.0,0.0463480618399129,0.162528141439282,0.2083333333333333,1.4583333333333337,0.0358146666666666,0.8333333333333334,2.916666666666667,4.583333333333334,0.1777276062499999,20.208333333333336,LB/LCB,62,94,94,59,69,19,84,38,44,53,28,25,6,62,34,66,28,47,69,47,22,16,12,78,53,53,100,100,56,12,97,12,25,97,50,88,50,50,44,53,50,44,62,69,69,88,88,69,69,19,88,38,38,50,28,19,6,62,34,81,25,47,62,47,25,12,12,75,53,53,100,100,56,12,97,12,25,97,38,88,50,62,50,56,56,75,69,69,Danish Superliga
Brøndby,9qsmopgutr7ut5g6workk8w4i,94560hgwsjkx8qgz48f7gzitw,O. Hyseni,Olti Hyseni,19.0,Attacker,Denmark,Striker,27.0,4.0,51.0,1.0,74.0,2.0,7.0,21.0,11.0,10.0,7.0,21.0,2.0,359.0,30.0,11.0,3.0,1.0,2.0,6.0,0.0,16.0,18.0,5.0,2.0,0.0,0.0,66.07,20.0,25.0,31.25,28.57,35.0,33.33,75.0,2.2583819625698087,0.746112628105526,10.0,8.0,0.20375772,2.0,2.0,7.0,1.10135788,24.0,6.768802228412256,1.0027855153203342,12.785515320334262,0.2506963788300835,18.551532033426184,0.5013927576601671,1.7548746518105849,5.264623955431754,2.75766016713092,2.5069637883008355,1.7548746518105849,5.264623955431754,0.5013927576601671,7.520891364902507,2.75766016713092,0.7520891364902507,0.2506963788300835,0.5013927576601671,1.504178272980501,0.0,4.011142061281337,4.512534818941504,1.2534818941504178,0.5013927576601671,0.0,0.0,66.07,20.0,25.0,31.25,28.57,35.0,33.33,75.0,0.5661681800314283,0.1870477340654522,2.5069637883008355,2.0055710306406684,0.051081322562674,0.5013927576601671,0.5013927576601671,1.7548746518105849,0.2761064323119777,6.016713091922005,LW,64,43,14,29,29,64,29,79,43,100,57,21,71,36,79,64,43,86,71,57,43,43,14,93,57,57,29,36,50,14,71,29,57,93,86,43,64,14,14,29,14,29,57,14,86,57,43,43,71,86,57,100,86,100,86,71,71,71,100,86,43,100,100,57,43,43,29,100,57,57,29,36,50,14,71,29,57,93,86,86,100,14,14,29,14,43,100,43,Danish Superliga
Brøndby,9qsmopgutr7ut5g6workk8w4i,9auqrrixu34cgkpe8trlkaoh6,F. Bundgaard,Filip Bundgaard,22.0,Attacker,Denmark,Striker,22.0,1.0,55.0,2.0,76.0,2.0,3.0,13.0,6.0,7.0,5.0,21.0,4.0,424.0,22.0,7.0,2.0,3.0,0.0,2.0,0.0,12.0,12.0,7.0,0.0,0.0,0.0,73.08,40.0,9.09,58.33,15.38,44.68,25.0,40.0,0.921466262739265,0.3032643040502783,7.0,10.0,0.27152503,1.0,7.0,6.0,0.50765579,29.0,4.669811320754717,0.2122641509433962,11.674528301886792,0.4245283018867924,16.132075471698112,0.4245283018867924,0.6367924528301887,2.759433962264151,1.2735849056603774,1.4858490566037736,1.0613207547169812,4.4575471698113205,0.8490566037735848,4.669811320754717,1.4858490566037736,0.4245283018867924,0.6367924528301887,0.0,0.4245283018867924,0.0,2.547169811320755,2.547169811320755,1.4858490566037736,0.0,0.0,0.0,73.08,40.0,9.09,58.33,15.38,44.68,25.0,40.0,0.1955942538833345,0.0643721400106722,1.4858490566037736,2.1226415094339623,0.0576350299528301,0.2122641509433962,1.4858490566037736,1.2735849056603774,0.107757125235849,6.15566037735849,LW,43,21,29,64,43,64,14,14,14,86,36,21,93,14,43,29,57,21,14,57,21,14,43,21,57,57,57,86,14,100,14,71,43,29,14,14,29,29,29,14,71,14,14,29,57,29,29,71,43,71,14,43,14,86,43,29,100,14,57,43,71,21,14,57,29,14,43,21,57,57,57,86,14,100,14,71,43,29,29,14,57,29,29,14,71,14,14,57,Danish Superliga
Brøndby,9qsmopgutr7ut5g6workk8w4i,adra6wrtnrz7de6pmaf1ugm50,M. Younis,Marcus Younis,21.0,Attacker,Australia,Striker,15.0,4.0,68.0,1.0,79.0,3.0,8.0,13.0,12.0,1.0,4.0,24.0,2.0,510.0,36.0,9.0,4.0,0.0,1.0,4.0,0.0,17.0,17.0,5.0,1.0,0.0,0.0,86.81,100.0,19.05,29.41,30.77,34.78,37.5,57.14,1.2179001604931328,0.6963098683413003,3.0,18.0,0.6006236,2.0,2.0,3.0,0.6487722300000001,15.0,2.647058823529412,0.7058823529411764,12.0,0.1764705882352941,13.941176470588234,0.5294117647058824,1.4117647058823528,2.294117647058824,2.117647058823529,0.1764705882352941,0.7058823529411764,4.235294117647059,0.3529411764705882,6.352941176470588,1.588235294117647,0.7058823529411764,0.0,0.1764705882352941,0.7058823529411764,0.0,3.0,3.0,0.8823529411764706,0.1764705882352941,0.0,0.0,86.81,100.0,19.05,29.41,30.77,34.78,37.5,57.14,0.2149235577340822,0.1228782120602294,0.5294117647058824,3.176470588235294,0.1059924,0.3529411764705882,0.3529411764705882,0.5294117647058824,0.1144892170588235,2.647058823529412,RW,50,50,100,88,62,100,62,100,100,50,100,88,100,100,100,88,25,62,88,62,75,75,75,88,62,62,75,100,50,50,50,50,50,62,100,50,75,88,100,50,75,62,75,25,50,50,75,75,50,75,50,100,100,50,100,75,100,75,100,50,25,50,75,62,75,50,50,75,62,62,75,100,50,50,50,50,50,62,75,50,50,50,75,50,75,25,25,25,Danish Superliga
Brøndby,9qsmopgutr7ut5g6workk8w4i,bxx5rebv553opcpvc2x70g6sq,O. Villadsen,Oliver Villadsen,24.0,Defender,Denmark,Defender,131.0,6.0,185.0,6.0,310.0,4.0,12.0,4.0,1.0,3.0,2.0,31.0,17.0,666.0,14.0,9.0,9.0,20.0,0.0,1.0,1.0,12.0,13.0,6.0,0.0,0.0,0.0,86.59,33.33,30.0,50.0,25.0,51.67,57.14,75.0,0.3205891569995596,0.8608577553396124,0.0,31.0,0.8108911899999998,13.0,37.0,51.0,1.3722423500000005,145.0,17.7027027027027,0.8108108108108107,25.0,0.8108108108108107,41.89189189189189,0.5405405405405405,1.6216216216216215,0.5405405405405405,0.1351351351351351,0.4054054054054054,0.2702702702702702,4.189189189189189,2.2972972972972974,1.891891891891892,1.2162162162162162,1.2162162162162162,2.702702702702702,0.0,0.1351351351351351,0.1351351351351351,1.6216216216216215,1.7567567567567566,0.8108108108108107,0.0,0.0,0.0,86.59,33.33,30.0,50.0,25.0,51.67,57.14,75.0,0.0433228590539945,0.1163321290999476,0.0,4.189189189189189,0.1095798905405405,1.7567567567567566,5.0,6.891891891891891,0.1854381554054054,19.5945945945946,RB/RCB,67,100,100,42,83,12,100,50,25,75,67,75,100,83,88,75,75,42,58,96,100,100,96,42,54,54,83,42,58,46,67,17,62,75,50,100,29,100,100,100,88,100,75,67,50,92,92,33,75,8,100,50,17,75,67,33,92,75,75,67,42,42,58,100,92,100,100,42,54,54,83,42,58,46,67,17,62,75,42,92,29,100,100,100,83,83,75,58,Danish Superliga
Brøndby,9qsmopgutr7ut5g6workk8w4i,d854rlweyk5wq6d2veyviukq2,C. Winther,Casper Winther,23.0,Midfielder,Denmark,Midfielder,78.0,18.0,223.0,13.0,283.0,3.0,15.0,10.0,2.0,8.0,5.0,22.0,8.0,549.0,5.0,6.0,6.0,14.0,1.0,3.0,0.0,1.0,1.0,1.0,0.0,1.0,0.0,84.48,43.33,40.91,100.0,30.0,55.0,37.5,50.0,0.5642242010056131,1.6030605086128236,1.0,14.0,0.30327233,8.0,51.0,53.0,1.1841464500000003,163.0,12.78688524590164,2.950819672131148,36.55737704918033,2.1311475409836067,46.39344262295082,0.4918032786885246,2.459016393442623,1.639344262295082,0.3278688524590164,1.3114754098360657,0.819672131147541,3.60655737704918,1.3114754098360657,0.819672131147541,0.9836065573770492,0.9836065573770492,2.295081967213115,0.1639344262295082,0.4918032786885246,0.0,0.1639344262295082,0.1639344262295082,0.1639344262295082,0.0,0.1639344262295082,0.0,84.48,43.33,40.91,100.0,30.0,55.0,37.5,50.0,0.0924957706566578,0.2627968046906268,0.1639344262295082,2.295081967213115,0.049716775409836,1.3114754098360657,8.360655737704919,8.688524590163935,0.194122368852459,26.72131147540984,CM/AM,65,100,91,87,78,37,87,48,11,85,78,39,87,11,52,57,96,50,52,52,4,4,20,26,100,52,70,46,87,100,43,83,37,35,13,91,20,43,35,59,91,87,83,87,61,100,87,87,78,26,78,48,9,78,74,13,87,9,39,57,87,39,39,52,4,4,13,26,100,52,70,46,87,100,43,83,37,35,26,91,17,30,22,52,96,96,78,83,Danish Superliga
København,b3r6d8ydtmtjckam6pku9y400,2ubad2kxha6n1c8c8sr2ogmad,B. Meling,Birger Meling,31.0,Defender,Norway,Defender,81.0,1.0,87.0,13.0,167.0,2.0,7.0,4.0,2.0,2.0,0.0,23.0,2.0,406.0,6.0,8.0,9.0,11.0,4.0,4.0,1.0,3.0,4.0,1.0,1.0,0.0,0.0,88.36,76.47,10.0,33.33,100.0,65.71,40.0,75.0,0.5470122416224998,0.525276361323207,1.0,10.0,0.24073053,4.0,15.0,24.0,0.7600972799999998,80.0,17.95566502463054,0.2216748768472906,19.285714285714285,2.8817733990147785,37.01970443349754,0.4433497536945813,1.5517241379310345,0.8866995073891626,0.4433497536945813,0.4433497536945813,0.0,5.098522167487685,0.4433497536945813,1.3300492610837438,1.7733990147783252,1.995073891625616,2.438423645320197,0.8866995073891626,0.8866995073891626,0.2216748768472906,0.6650246305418719,0.8866995073891626,0.2216748768472906,0.2216748768472906,0.0,0.0,88.36,76.47,10.0,33.33,100.0,65.71,40.0,75.0,0.121258871295628,0.1164405727071148,0.2216748768472906,2.2167487684729066,0.053363910591133,0.8866995073891626,3.3251231527093594,5.320197044334975,0.1684944709359605,17.733990147783253,CB,15,74,36,47,15,6,91,67,39,92,30,64,9,45,89,94,20,100,95,95,74,80,64,88,52,52,61,97,67,56,98,97,21,79,76,88,71,68,67,71,48,65,70,15,18,79,48,55,18,6,97,70,52,91,30,76,15,52,100,97,21,100,100,100,85,88,79,94,52,52,61,97,67,56,98,97,21,79,88,94,76,82,85,82,55,79,91,21,Danish Superliga
København,b3r6d8ydtmtjckam6pku9y400,43q9ytkbmtk5y3tgv77v7pmg9,M. Madsen,Mads Madsen,28.0,Midfielder,Denmark,Midfielder,54.0,0.0,75.0,2.0,129.0,3.0,8.0,11.0,5.0,6.0,2.0,20.0,1.0,398.0,15.0,4.0,9.0,3.0,2.0,4.0,0.0,4.0,4.0,1.0,1.0,0.0,0.0,79.63,50.0,0.0,25.0,36.36,51.28,42.86,75.0,0.9459096242157964,0.6928852244526156,5.0,12.0,0.3713058,5.0,9.0,13.0,0.3823822599999999,59.0,12.21105527638191,0.0,16.959798994974875,0.4522613065326633,29.17085427135678,0.6783919597989949,1.809045226130653,2.487437185929648,1.1306532663316582,1.3567839195979898,0.4522613065326633,4.522613065326633,0.2261306532663316,3.3919597989949746,0.9045226130653266,2.0351758793969847,0.6783919597989949,0.4522613065326633,0.9045226130653266,0.0,0.9045226130653266,0.9045226130653266,0.2261306532663316,0.2261306532663316,0.0,0.0,79.63,50.0,0.0,25.0,36.36,51.28,42.86,75.0,0.2138991612548283,0.1566825884440588,1.1306532663316582,2.71356783919598,0.0839636231155778,1.1306532663316582,2.0351758793969847,2.939698492462312,0.0864683502512562,13.341708542713569,CM/AM,43,13,22,13,26,37,33,65,35,74,30,35,17,35,28,83,26,76,72,52,20,20,20,67,50,52,35,59,13,17,57,78,46,87,57,35,76,33,48,37,24,22,22,26,52,13,26,26,43,43,52,65,65,83,39,48,13,57,35,96,30,91,78,52,17,17,22,74,50,52,35,59,13,17,57,78,46,87,65,52,78,48,57,43,22,39,13,43,Danish Superliga
København,b3r6d8ydtmtjckam6pku9y400,4gqnyyx3i92fayq6cxvekqwut,T. Delaney,Thomas Delaney,35.0,Midfielder,Denmark,Midfielder,106.0,0.0,97.0,14.0,203.0,9.0,5.0,1.0,1.0,0.0,1.0,28.0,6.0,378.0,5.0,7.0,9.0,7.0,0.0,0.0,0.0,2.0,2.0,0.0,0.0,0.0,0.0,86.02,51.85,0.0,0.0,0.0,63.64,69.23,75.0,0.1063132819350369,0.3513922727731861,0.0,4.0,0.11806934,2.0,17.0,23.0,0.5131558599999999,102.0,25.23809523809524,0.0,23.09523809523809,3.333333333333333,48.33333333333333,2.142857142857143,1.1904761904761905,0.238095238095238,0.238095238095238,0.0,0.238095238095238,6.666666666666666,1.4285714285714286,1.1904761904761905,1.6666666666666663,2.142857142857143,1.6666666666666663,0.0,0.0,0.0,0.4761904761904761,0.4761904761904761,0.0,0.0,0.0,0.0,86.02,51.85,0.0,0.0,0.0,63.64,69.23,75.0,0.0253126861750087,0.0836648268507585,0.0,0.9523809523809524,0.0281117476190476,0.4761904761904761,4.047619047619048,5.476190476190476,0.1221799666666666,24.285714285714285,DM/CM,52,29,52,66,55,90,57,17,55,14,53,57,45,59,60,71,38,34,17,45,29,29,14,28,52,52,62,59,29,14,17,97,90,93,21,55,16,24,38,40,52,59,59,52,83,29,79,93,72,97,79,24,66,14,59,90,59,72,76,97,48,34,17,45,38,38,14,28,52,52,62,59,29,14,17,97,90,93,24,76,16,38,52,48,66,90,76,72,Danish Superliga
København,b3r6d8ydtmtjckam6pku9y400,4pu28itweq7urzmmew3rwa8d1,A. Sørensen,Asger Sørensen,30.0,Defender,Denmark,Defender,205.0,0.0,73.0,21.0,278.0,7.0,1.0,2.0,2.0,0.0,0.0,15.0,3.0,362.0,4.0,3.0,4.0,21.0,1.0,1.0,0.0,0.0,0.0,0.0,0.0,0.0,0.0,92.98,77.78,0.0,0.0,50.0,55.56,46.67,80.0,0.2952176833050014,0.049496218162563,0.0,1.0,0.01935132,0.0,12.0,18.0,0.4094051399999999,175.0,50.966850828729285,0.0,18.14917127071823,5.220994475138122,69.11602209944752,1.7403314917127073,0.2486187845303867,0.4972375690607735,0.4972375690607735,0.0,0.0,3.729281767955801,0.7458563535911602,0.994475138121547,0.7458563535911602,0.994475138121547,5.220994475138122,0.2486187845303867,0.2486187845303867,0.0,0.0,0.0,0.0,0.0,0.0,0.0,92.98,77.78,0.0,0.0,50.0,55.56,46.67,80.0,0.0733966615951661,0.0123056895984272,0.0,0.2486187845303867,0.0048111016574585,0.0,2.983425414364641,4.475138121546961,0.1017858082872927,43.50828729281768,CB,55,33,24,71,45,42,27,30,39,29,30,12,18,26,42,38,36,83,61,45,20,18,23,41,52,52,85,100,33,23,89,45,27,89,45,15,29,12,15,14,36,50,27,52,94,33,42,97,79,58,33,42,64,29,30,45,21,36,48,61,48,94,70,45,20,18,23,41,52,52,85,100,33,23,89,45,27,89,61,27,29,15,15,14,48,61,55,79,Danish Superliga
København,b3r6d8ydtmtjckam6pku9y400,5lrx5tf18h09gaw67xjbt2vpw,A. Markgráf,Ákos Markgráf,21.0,Defender,Hungary,Defender,121.0,0.0,35.0,15.0,156.0,3.0,1.0,1.0,0.0,1.0,1.0,13.0,4.0,270.0,0.0,5.0,3.0,11.0,0.0,0.0,0.0,0.0,0.0,0.0,0.0,0.0,0.0,86.67,53.57,0.0,0.0,0.0,76.47,60.0,50.0,0.0576501504758731,0.0725081902202654,1.0,0.0,0.0,0.0,10.0,13.0,0.2919832999999999,82.0,40.333333333333336,0.0,11.666666666666666,5.0,52.0,1.0,0.3333333333333333,0.3333333333333333,0.0,0.3333333333333333,0.3333333333333333,4.333333333333333,1.3333333333333333,0.0,1.6666666666666667,1.0,3.6666666666666665,0.0,0.0,0.0,0.0,0.0,0.0,0.0,0.0,0.0,86.67,53.57,0.0,0.0,0.0,76.47,60.0,50.0,0.019216716825291,0.0241693967400884,0.3333333333333333,0.0,0.0,0.0,3.333333333333333,4.333333333333333,0.0973277666666666,27.33333333333333,CB,27,33,6,52,12,15,27,17,9,70,70,6,30,6,67,24,20,36,24,45,20,18,23,41,52,52,36,70,33,23,24,100,61,27,15,27,71,5,5,14,23,32,9,18,70,33,15,88,48,33,52,33,9,85,82,48,62,6,97,68,27,36,24,45,20,18,23,41,52,52,36,70,33,23,24,100,61,27,15,42,88,5,5,14,58,55,48,33,Danish Superliga
København,b3r6d8ydtmtjckam6pku9y400,6tckvu2rw7ns18dq7dim0sout,M. Elyounoussi,Mohamed Elyounoussi,32.0,Midfielder,Norway,Midfielder,62.0,10.0,118.0,7.0,170.0,5.0,22.0,23.0,13.0,10.0,3.0,38.0,4.0,613.0,32.0,10.0,6.0,5.0,6.0,10.0,0.0,33.0,34.0,16.0,2.0,0.0,0.0,82.93,63.64,29.41,48.48,43.48,46.91,50.0,85.71,2.2659052798119768,1.809384688480786,10.0,21.0,0.5711445399999999,13.0,15.0,14.0,1.0055009899999998,86.0,9.102773246329528,1.468189233278956,17.32463295269168,1.0277324632952691,24.95921696574225,0.734094616639478,3.2300163132137034,3.376835236541599,1.9086460032626429,1.468189233278956,0.4404567699836868,5.579119086460032,0.5872756933115824,4.698205546492659,1.468189233278956,0.8809135399673736,0.734094616639478,0.8809135399673736,1.468189233278956,0.0,4.8450244698205545,4.99184339314845,2.349102773246329,0.2936378466557912,0.0,0.0,82.93,63.64,29.41,48.48,43.48,46.91,50.0,85.71,0.3326777735449884,0.2656519118487288,1.468189233278956,3.0831973898858074,0.0838548264274061,1.9086460032626429,2.202283849918434,2.0554649265905383,0.147626572756933,12.626427406199022,CM/AM,50,91,43,65,43,65,98,96,96,91,52,83,63,96,76,57,50,100,100,52,100,100,100,93,50,52,52,91,70,57,91,48,63,100,91,96,93,72,70,85,39,26,65,43,35,87,30,48,30,52,100,96,87,91,35,83,52,83,65,52,35,96,96,52,100,100,100,87,50,52,52,91,70,57,91,48,63,100,87,96,91,61,48,78,26,4,61,30,Danish Superliga
København,b3r6d8ydtmtjckam6pku9y400,7hw1plnv7nvxnqpnfnxcxszpx,A. Cornelius,Andreas Cornelius,33.0,Attacker,Denmark,Striker,14.0,0.0,26.0,2.0,40.0,14.0,6.0,4.0,3.0,1.0,1.0,18.0,0.0,231.0,17.0,2.0,1.0,1.0,0.0,2.0,0.0,0.0,0.0,0.0,0.0,0.0,0.0,59.7,66.67,0.0,0.0,50.0,56.25,66.67,50.0,0.5130401078306154,0.3196395548752625,1.0,1.0,0.10805102,0.0,2.0,2.0,0.0528842799999999,13.0,5.454545454545454,0.0,10.12987012987013,0.7792207792207791,15.584415584415584,5.454545454545454,2.3376623376623376,1.5584415584415583,1.1688311688311688,0.3896103896103896,0.3896103896103896,7.012987012987012,0.0,6.623376623376623,0.7792207792207791,0.3896103896103896,0.3896103896103896,0.0,0.7792207792207791,0.0,0.0,0.0,0.0,0.0,0.0,0.0,59.7,66.67,0.0,0.0,50.0,56.25,66.67,50.0,0.1998857562976423,0.1245348915098425,0.3896103896103896,0.3896103896103896,0.0420978,0.0,0.7792207792207791,0.7792207792207791,0.0206042649350648,5.064935064935065,ST,42,38,33,65,25,81,63,15,15,31,31,37,25,50,12,33,15,13,31,52,6,6,8,29,48,50,8,71,38,8,87,85,87,35,19,58,31,8,35,8,35,25,19,40,73,38,77,77,77,96,92,31,31,35,38,81,25,88,19,46,19,13,46,52,6,6,8,29,48,50,8,71,38,8,87,85,87,35,38,69,35,8,50,8,46,38,31,65,Danish Superliga
København,b3r6d8ydtmtjckam6pku9y400,9taxidttdt94nmvc3mqhqq0ut,A. Král,Alex Král,28.0,Midfielder,Czechia,Midfielder,75.0,1.0,72.0,8.0,146.0,6.0,3.0,5.0,1.0,4.0,2.0,18.0,3.0,497.0,8.0,3.0,6.0,10.0,1.0,2.0,0.0,5.0,6.0,0.0,1.0,0.0,0.0,79.78,47.06,14.29,0.0,40.0,45.0,66.67,66.67,0.3579398498286791,0.2714643360411004,3.0,5.0,0.10474876,2.0,14.0,14.0,0.38817863,60.0,13.58148893360161,0.1810865191146881,13.038229376257544,1.448692152917505,26.438631790744463,1.0865191146881288,0.5432595573440644,0.9054325955734408,0.1810865191146881,0.7243460764587525,0.3621730382293762,3.2595573440643864,0.5432595573440644,1.448692152917505,0.5432595573440644,1.0865191146881288,1.8108651911468807,0.1810865191146881,0.3621730382293762,0.0,0.9054325955734408,1.0865191146881288,0.0,0.1810865191146881,0.0,0.0,79.78,47.06,14.29,0.0,40.0,45.0,66.67,66.67,0.0648180814579097,0.0491585316774628,0.5432595573440644,0.9054325955734408,0.0189685883299798,0.3621730382293762,2.535211267605634,2.535211267605634,0.0702939169014084,10.865191146881289,DM/CM,41,64,38,40,36,67,34,60,55,72,76,29,16,76,22,36,57,79,74,45,55,66,14,69,52,52,31,38,59,14,69,28,86,76,62,45,72,38,34,40,34,34,34,38,38,66,24,38,28,79,38,59,59,76,76,24,14,76,28,38,59,83,76,45,59,62,14,79,52,52,31,38,59,14,69,28,86,76,59,41,69,34,34,38,31,28,34,21,Danish Superliga
København,b3r6d8ydtmtjckam6pku9y400,9yvanqi097mgyaqvdyhkyb9ck,V. Daðason,Viktor Dadason,18.0,Attacker,Iceland,Striker,14.0,0.0,26.0,2.0,40.0,8.0,4.0,10.0,8.0,2.0,3.0,15.0,0.0,248.0,17.0,4.0,1.0,3.0,1.0,3.0,0.0,5.0,6.0,2.0,0.0,0.0,0.0,72.73,66.67,0.0,40.0,30.0,57.69,61.54,100.0,1.0169102561916894,0.2806072068200922,3.0,3.0,0.07652591,2.0,3.0,2.0,0.0454509699999999,8.0,5.080645161290323,0.0,9.435483870967742,0.7258064516129032,14.516129032258064,2.903225806451613,1.4516129032258065,3.629032258064516,2.903225806451613,0.7258064516129032,1.0887096774193548,5.443548387096774,0.0,6.169354838709677,1.4516129032258065,0.3629032258064516,1.0887096774193548,0.3629032258064516,1.0887096774193548,0.0,1.814516129032258,2.177419354838709,0.7258064516129032,0.0,0.0,0.0,72.73,66.67,0.0,40.0,30.0,57.69,61.54,100.0,0.3690400123276292,0.1018332605395496,1.0887096774193548,1.0887096774193548,0.0277714995967741,0.7258064516129032,1.0887096774193548,0.7258064516129032,0.0164943036290322,2.903225806451613,ST,42,38,33,65,25,48,48,48,62,42,75,23,25,50,33,33,42,42,46,52,42,48,35,29,48,50,50,71,38,38,31,92,81,87,42,46,63,23,15,50,60,25,15,6,69,38,62,73,65,69,73,73,77,62,92,46,25,81,62,42,58,58,62,52,58,65,58,29,48,50,50,71,38,38,31,92,81,87,69,62,85,46,35,77,73,31,19,15,Danish Superliga
København,b3r6d8ydtmtjckam6pku9y400,aswmi1pnkzkvkexp8ngief6j9,F. Beijmo,Felix Beijmo,28.0,Defender,Sweden,Defender,347.0,5.0,128.0,20.0,470.0,7.0,2.0,3.0,3.0,0.0,1.0,25.0,11.0,720.0,9.0,3.0,8.0,39.0,1.0,1.0,0.0,1.0,1.0,1.0,0.0,0.0,0.0,91.8,50.0,35.71,100.0,33.33,59.52,43.75,57.14,0.2921237042305424,0.1419248571436435,1.0,7.0,0.16288853,4.0,10.0,16.0,0.9197803599999996,276.0,43.375,0.625,16.0,2.5,58.75,0.875,0.25,0.375,0.375,0.0,0.125,3.125,1.375,1.125,0.375,1.0,4.875,0.125,0.125,0.0,0.125,0.125,0.125,0.0,0.0,0.0,91.8,50.0,35.71,100.0,33.33,59.52,43.75,57.14,0.0365154630288178,0.0177406071429554,0.125,0.875,0.02036106625,0.5,1.25,2.0,0.1149725449999999,34.5,CB,91,97,70,65,91,42,48,48,65,29,70,70,83,65,42,86,61,83,61,45,48,47,64,41,52,52,76,59,85,92,70,70,24,44,39,48,71,59,61,71,23,42,85,76,73,97,36,47,64,26,36,36,39,29,64,30,68,45,30,68,42,73,48,45,41,38,48,41,52,52,76,59,85,92,70,70,24,44,30,33,58,42,48,58,15,27,64,52,Danish Superliga
København,b3r6d8ydtmtjckam6pku9y400,bbezbukg20q5b6kfnjuzhs55g,Robert Silva,Robert Vinicius Rodrigues Silva,21.0,Midfielder,Brazil,Midfielder,37.0,2.0,92.0,5.0,127.0,2.0,3.0,20.0,9.0,11.0,4.0,22.0,1.0,528.0,34.0,3.0,3.0,9.0,1.0,8.0,0.0,26.0,31.0,12.0,1.0,0.0,0.0,81.94,71.43,25.0,46.15,40.0,34.92,33.33,60.0,1.865674814425119,0.3024423034484685,8.0,29.0,0.8112467999999999,16.0,9.0,9.0,0.4463649799999999,42.0,6.306818181818183,0.3409090909090909,15.681818181818183,0.8522727272727273,21.64772727272728,0.3409090909090909,0.5113636363636364,3.409090909090909,1.5340909090909092,1.875,0.6818181818181819,3.75,0.1704545454545454,5.795454545454546,0.5113636363636364,0.5113636363636364,1.5340909090909092,0.1704545454545454,1.3636363636363638,0.0,4.431818181818183,5.284090909090909,2.0454545454545454,0.1704545454545454,0.0,0.0,81.94,71.43,25.0,46.15,40.0,34.92,33.33,60.0,0.3180127524588271,0.0515526653605344,1.3636363636363638,4.943181818181818,0.1382807045454545,2.7272727272727275,1.5340909090909092,1.5340909090909092,0.0760849397727272,7.159090909090909,LM/LCM,100,33,100,100,100,33,33,100,100,100,100,67,50,100,50,67,100,100,100,67,100,100,100,100,67,67,67,100,83,67,100,33,33,100,100,33,100,100,100,100,100,100,67,100,67,33,67,100,67,33,33,100,100,100,67,33,33,100,33,67,100,100,100,67,33,100,67,100,67,67,67,100,83,67,100,33,33,100,100,33,100,100,100,100,67,33,33,33,Danish Superliga
København,b3r6d8ydtmtjckam6pku9y400,bdcpptlf4dznvgwq5st8hxwyc,J. Suzuki,Junnosuke Suzuki,23.0,Defender,Japan,Defender,99.0,1.0,64.0,2.0,162.0,11.0,3.0,6.0,3.0,3.0,2.0,25.0,3.0,429.0,5.0,2.0,5.0,15.0,0.0,1.0,0.0,5.0,6.0,2.0,2.0,0.0,0.0,82.65,18.18,20.0,40.0,16.67,64.1,91.67,50.0,0.463366821418503,0.3435387817820956,1.0,9.0,0.21025272,4.0,9.0,12.0,0.5327942600000002,70.0,20.76923076923077,0.2097902097902098,13.426573426573428,0.4195804195804196,33.98601398601399,2.307692307692308,0.6293706293706294,1.2587412587412588,0.6293706293706294,0.6293706293706294,0.4195804195804196,5.244755244755245,0.6293706293706294,1.048951048951049,0.4195804195804196,1.048951048951049,3.146853146853147,0.0,0.2097902097902098,0.0,1.048951048951049,1.2587412587412588,0.4195804195804196,0.4195804195804196,0.0,0.0,82.65,18.18,20.0,40.0,16.67,64.1,91.67,50.0,0.0972098226752104,0.0720710731011389,0.2097902097902098,1.888111888111888,0.0441089622377622,0.8391608391608392,1.888111888111888,2.517482517482517,0.1117750195804196,14.685314685314683,RB/RCB,42,25,33,17,33,92,42,71,71,75,67,50,17,38,21,33,42,42,58,46,54,58,54,96,54,54,58,17,38,29,50,83,100,12,75,58,62,50,50,50,17,25,25,33,67,17,17,8,42,100,42,92,83,92,83,83,25,33,33,42,58,42,67,46,67,58,50,100,54,54,58,17,38,29,50,83,100,12,92,42,58,67,58,67,25,25,17,33,Danish Superliga
København,b3r6d8ydtmtjckam6pku9y400,dux0skggr99ydjz3kn58p3wmh,M. López,Marcos López,26.0,Defender,Peru,Defender,118.0,4.0,110.0,17.0,224.0,7.0,6.0,5.0,1.0,4.0,1.0,21.0,9.0,414.0,7.0,10.0,1.0,13.0,1.0,1.0,1.0,2.0,2.0,1.0,1.0,0.0,0.0,87.16,62.96,26.67,50.0,20.0,58.33,77.78,33.33,0.2387149523871882,0.6332260725164803,4.0,13.0,0.32906368,10.0,11.0,17.0,0.9366986000000004,102.0,25.65217391304348,0.8695652173913044,23.91304347826087,3.695652173913044,48.69565217391305,1.5217391304347827,1.3043478260869563,1.0869565217391306,0.2173913043478261,0.8695652173913044,0.2173913043478261,4.565217391304349,1.956521739130435,1.5217391304347827,2.173913043478261,0.2173913043478261,2.8260869565217392,0.2173913043478261,0.2173913043478261,0.2173913043478261,0.4347826086956522,0.4347826086956522,0.2173913043478261,0.2173913043478261,0.0,0.0,87.16,62.96,26.67,50.0,20.0,58.33,77.78,33.33,0.05189455486678,0.1376578418514087,0.8695652173913044,2.8260869565217392,0.0715355826086956,2.173913043478261,2.391304347826088,3.695652173913044,0.2036301304347827,22.17391304347826,LB/LCB,69,69,69,88,62,69,72,69,44,91,69,56,94,44,81,12,44,97,69,97,44,38,34,78,53,53,88,94,62,34,66,59,94,16,56,75,94,81,75,91,34,38,75,75,81,75,75,94,75,81,81,81,44,88,75,56,94,38,100,6,56,100,69,100,50,50,38,81,53,53,88,94,62,34,66,59,94,16,50,81,94,100,81,100,44,50,88,81,Danish Superliga
København,b3r6d8ydtmtjckam6pku9y400,ftw3io63hk5vuoa3lyfgowes,W. Clem,William Clem,22.0,Midfielder,Denmark,Midfielder,136.0,0.0,132.0,16.0,268.0,3.0,6.0,5.0,0.0,5.0,1.0,28.0,12.0,499.0,6.0,8.0,6.0,9.0,0.0,1.0,0.0,6.0,6.0,2.0,1.0,0.0,0.0,85.08,45.71,0.0,33.33,20.0,45.9,37.5,40.0,0.3395025060761167,0.4008013735057605,3.0,13.0,0.34515902,9.0,29.0,28.0,0.6090482500000003,128.0,24.529058116232463,0.0,23.80761523046092,2.885771543086173,48.33667334669339,0.5410821643286573,1.0821643286573146,0.9018036072144288,0.0,0.9018036072144288,0.1803607214428857,5.050100200400801,2.164328657314629,1.0821643286573146,1.4428857715430865,1.0821643286573146,1.623246492985972,0.0,0.1803607214428857,0.0,1.0821643286573146,1.0821643286573146,0.3607214428857715,0.1803607214428857,0.0,0.0,85.08,45.71,0.0,33.33,20.0,45.9,37.5,40.0,0.0612329169275561,0.0722888248807984,0.5410821643286573,2.344689378757515,0.0622531298597194,1.623246492985972,5.230460921843688,5.050100200400801,0.1098483817635271,23.08617234468938,DM/CM,76,29,72,81,72,33,66,60,21,84,53,57,81,66,72,36,48,34,47,45,69,66,62,69,52,52,59,34,29,41,45,31,36,12,59,62,72,83,90,90,74,78,69,64,79,29,83,90,76,31,66,55,21,86,52,69,86,62,55,31,41,34,48,45,66,59,62,72,52,52,59,34,29,41,45,31,36,12,55,62,66,93,90,93,76,83,66,69,Danish Superliga
København,b3r6d8ydtmtjckam6pku9y400,smdx2p6sb134e5pd1d9socno,G. Vianney Ndjee,Geovanni Vianney Ndjee,18.0,Attacker,Cameroon,Striker,14.0,0.0,31.0,0.0,45.0,5.0,4.0,3.0,1.0,2.0,2.0,19.0,1.0,228.0,9.0,5.0,3.0,1.0,0.0,1.0,0.0,10.0,10.0,6.0,0.0,0.0,0.0,77.59,0.0,0.0,60.0,33.33,42.22,55.56,100.0,0.2950949128442584,0.3192055202622791,1.0,5.0,0.16425677,1.0,2.0,1.0,0.0412960799999999,11.0,5.526315789473684,0.0,12.23684210526316,0.0,17.763157894736842,1.973684210526316,1.5789473684210529,1.1842105263157896,0.3947368421052631,0.7894736842105263,0.7894736842105263,7.5,0.3947368421052631,3.5526315789473686,1.973684210526316,1.1842105263157896,0.3947368421052631,0.0,0.3947368421052631,0.0,3.947368421052632,3.947368421052632,2.368421052631579,0.0,0.0,0.0,77.59,0.0,0.0,60.0,33.33,42.22,55.56,100.0,0.1164848340174704,0.1260021790508996,0.3947368421052631,1.973684210526316,0.0648381986842105,0.3947368421052631,0.7894736842105263,0.3947368421052631,0.0163010842105262,4.342105263157895,ST,42,38,46,15,38,37,48,8,4,42,56,44,60,12,48,62,15,13,19,52,73,73,79,29,48,50,77,15,38,75,50,54,77,87,8,54,31,60,46,25,35,10,12,25,77,38,85,15,88,50,81,12,4,73,85,88,77,27,69,88,23,13,23,52,92,92,88,29,48,50,77,15,38,75,50,54,77,87,12,73,38,88,77,38,50,15,15,50,Danish Superliga
Midtjylland,59as3grjvj19voay31j3yfgni,2ddhjp7d5sagi9cnwaszy8178,K. Wätjen,Kjell Wätjen,20.0,Midfielder,Germany,Midfielder,39.0,6.0,56.0,6.0,89.0,1.0,8.0,7.0,3.0,4.0,2.0,14.0,1.0,301.0,5.0,1.0,4.0,0.0,0.0,3.0,0.0,7.0,7.0,2.0,0.0,0.0,0.0,78.76,50.0,37.5,28.57,42.86,41.18,25.0,40.0,0.5879181639973685,0.7918415069050245,2.0,10.0,0.28111979,3.0,9.0,9.0,0.44230882,45.0,11.661129568106311,1.7940199335548173,16.744186046511626,1.7940199335548173,26.61129568106312,0.2990033222591362,2.39202657807309,2.093023255813953,0.8970099667774086,1.196013289036545,0.5980066445182725,4.186046511627906,0.2990033222591362,1.495016611295681,0.2990033222591362,1.196013289036545,0.0,0.0,0.8970099667774086,0.0,2.093023255813953,2.093023255813953,0.5980066445182725,0.0,0.0,0.0,78.76,50.0,37.5,28.57,42.86,41.18,25.0,40.0,0.1757894842517048,0.236763241267283,0.5980066445182725,2.990033222591362,0.0840557511627907,0.8970099667774086,2.691029900332226,2.691029900332226,0.1322518066445182,13.455149501661127,CM/AM,26,80,13,57,17,9,33,24,20,57,30,9,17,11,7,39,4,17,52,52,46,46,33,26,50,52,30,59,83,22,87,30,15,20,22,43,35,26,30,17,24,11,30,17,48,91,22,74,39,9,74,59,39,74,61,37,26,17,4,61,4,17,74,52,70,65,43,26,50,52,30,59,83,22,87,30,15,20,52,87,48,52,61,26,39,22,39,48,Danish Superliga
Midtjylland,59as3grjvj19voay31j3yfgni,33cny48k38nlo8pcx3i24ldqt,P. Billing,Philip Billing,30.0,Midfielder,Denmark,Midfielder,124.0,9.0,152.0,21.0,267.0,8.0,12.0,8.0,3.0,5.0,3.0,47.0,12.0,673.0,12.0,20.0,10.0,14.0,0.0,1.0,0.0,3.0,3.0,2.0,2.0,0.0,0.0,83.44,61.76,47.37,66.67,12.5,54.02,47.06,58.82,0.5752675413260258,1.124019240671727,4.0,14.0,0.33107146,10.0,37.0,38.0,1.3051535199999995,114.0,16.582466567607728,1.2035661218424962,20.326894502228825,2.8083209509658245,35.70579494799406,1.0698365527488856,1.6047548291233285,1.0698365527488856,0.4011887072808321,0.6686478454680534,0.4011887072808321,6.285289747399703,1.6047548291233285,1.6047548291233285,2.674591381872214,1.337295690936107,1.8722139673105496,0.0,0.1337295690936107,0.0,0.4011887072808321,0.4011887072808321,0.2674591381872214,0.2674591381872214,0.0,0.0,83.44,61.76,47.37,66.67,12.5,54.02,47.06,58.82,0.0769302804150703,0.1503146087079575,0.5349182763744428,1.8722139673105496,0.0442740436849925,1.337295690936107,4.947994056463596,5.081723625557206,0.1745376178306091,15.24517087667162,DM/CM,66,100,76,97,69,83,100,86,81,84,88,97,81,86,100,81,78,34,47,45,43,43,62,91,52,52,55,86,97,88,34,72,64,52,83,100,86,88,86,93,83,90,97,59,52,93,69,86,59,76,90,69,79,72,86,83,72,83,97,66,66,34,38,45,28,28,45,83,52,52,55,86,97,88,34,72,64,52,69,86,62,79,83,90,72,86,90,41,Danish Superliga
Midtjylland,59as3grjvj19voay31j3yfgni,6ul2nma4j0a7e2li6wyyrpal1,M. Jensen,Magnus Jensen,29.0,Defender,Denmark,Defender,222.0,2.0,114.0,39.0,334.0,30.0,3.0,8.0,8.0,0.0,0.0,49.0,14.0,690.0,24.0,11.0,6.0,42.0,2.0,4.0,0.0,0.0,0.0,0.0,0.0,0.0,0.0,85.64,58.21,100.0,0.0,50.0,62.03,62.5,75.0,0.968255867961744,0.3716511708211542,0.0,5.0,0.08546812,1.0,22.0,38.0,1.04186947,239.0,28.95652173913044,0.2608695652173913,14.869565217391305,5.08695652173913,43.56521739130434,3.9130434782608696,0.3913043478260869,1.0434782608695652,1.0434782608695652,0.0,0.0,6.391304347826087,1.826086956521739,3.130434782608696,1.434782608695652,0.7826086956521738,5.478260869565217,0.2608695652173913,0.5217391304347826,0.0,0.0,0.0,0.0,0.0,0.0,0.0,85.64,58.21,100.0,0.0,50.0,62.03,62.5,75.0,0.126294243647184,0.0484762396723244,0.0,0.6521739130434783,0.0111480156521739,0.1304347826086956,2.869565217391304,4.956521739130435,0.1358960178260869,31.17391304347825,CB,67,89,55,97,58,100,59,92,95,29,30,97,94,94,98,62,67,97,95,45,20,18,23,41,52,52,24,88,98,23,89,85,70,79,97,73,29,41,36,36,68,88,88,64,39,85,30,91,30,100,55,91,91,29,30,97,85,91,91,39,52,97,94,45,20,18,23,41,52,52,24,88,98,23,89,85,70,79,91,70,29,27,27,36,42,70,73,42,Danish Superliga
Midtjylland,59as3grjvj19voay31j3yfgni,7574bxep9nzun9uhbnhy01no4,S. Johannesen,Sofus Johannesen,19.0,Midfielder,Denmark,Midfielder,15.0,7.0,37.0,2.0,45.0,3.0,6.0,5.0,3.0,2.0,2.0,14.0,6.0,238.0,11.0,8.0,0.0,1.0,0.0,1.0,0.0,12.0,13.0,2.0,0.0,0.0,0.0,71.43,25.0,25.0,16.67,20.0,41.18,50.0,0.0,0.4127094226305425,0.6957673905350554,0.0,5.0,0.12434345,1.0,8.0,6.0,0.7122684499999998,24.0,5.6722689075630255,2.647058823529412,13.991596638655462,0.7563025210084033,17.016806722689076,1.134453781512605,2.26890756302521,1.8907563025210083,1.134453781512605,0.7563025210084033,0.7563025210084033,5.294117647058823,2.26890756302521,4.159663865546219,3.0252100840336134,0.0,0.3781512605042016,0.0,0.3781512605042016,0.0,4.53781512605042,4.915966386554622,0.7563025210084033,0.0,0.0,0.0,71.43,25.0,25.0,16.67,20.0,41.18,50.0,0.0,0.1560665883897009,0.2631053157485504,0.0,1.8907563025210083,0.0470206323529411,0.3781512605042016,3.0252100840336134,2.26890756302521,0.2693452121848739,9.07563025210084,LM/LCM,33,100,33,50,33,67,67,33,33,50,50,33,100,33,100,33,33,50,33,67,33,33,33,50,67,67,33,33,83,33,33,67,67,33,33,100,50,33,33,33,67,33,100,33,33,100,33,67,33,67,100,67,67,67,100,67,100,33,100,33,33,50,33,67,100,67,33,50,67,67,33,33,83,33,33,67,67,33,33,100,50,33,33,33,100,100,100,100,Danish Superliga
Midtjylland,59as3grjvj19voay31j3yfgni,78kzajya12k4sm0ebfl37d6ok,D. Castillo,Denil Castillo,22.0,Midfielder,Ecuador,Midfielder,45.0,1.0,56.0,3.0,100.0,4.0,4.0,6.0,3.0,3.0,1.0,27.0,3.0,370.0,10.0,15.0,3.0,5.0,1.0,1.0,0.0,6.0,6.0,3.0,0.0,0.0,0.0,79.37,42.86,25.0,50.0,16.67,54.0,30.77,60.0,0.3784927446922054,0.3086344018799385,3.0,3.0,0.06660681,3.0,6.0,7.0,0.25009021,39.0,10.945945945945947,0.2432432432432432,13.621621621621625,0.7297297297297298,24.324324324324326,0.972972972972973,0.972972972972973,1.4594594594594597,0.7297297297297298,0.7297297297297298,0.2432432432432432,6.567567567567568,0.7297297297297298,2.4324324324324325,3.648648648648649,0.7297297297297298,1.2162162162162162,0.2432432432432432,0.2432432432432432,0.0,1.4594594594594597,1.4594594594594597,0.7297297297297298,0.0,0.0,0.0,79.37,42.86,25.0,50.0,16.67,54.0,30.77,60.0,0.0920658027629688,0.0750732328897147,0.7297297297297298,0.7297297297297298,0.0162016564864864,0.7297297297297298,1.4594594594594597,1.7027027027027029,0.0608327537837837,9.486486486486488,DM/CM,17,64,28,10,21,50,50,72,81,59,53,52,16,83,97,21,24,79,47,45,69,66,76,28,52,52,28,24,76,62,40,69,26,57,69,52,72,17,17,55,5,7,14,10,21,69,28,10,21,62,62,76,83,79,62,86,21,86,100,17,34,90,59,45,86,83,83,28,52,52,28,24,76,62,40,69,26,57,79,69,93,21,21,62,3,7,21,14,Danish Superliga
Midtjylland,59as3grjvj19voay31j3yfgni,8ilf7i6y4c9ezpgddh5h3ohlg,F. Etim,Friday Etim,24.0,Attacker,Nigeria,Striker,11.0,0.0,41.0,2.0,52.0,15.0,7.0,18.0,18.0,0.0,0.0,41.0,3.0,441.0,43.0,12.0,5.0,8.0,3.0,9.0,0.0,17.0,18.0,7.0,2.0,0.0,0.0,61.18,50.0,0.0,41.18,50.0,44.57,51.72,71.43,2.508514372268495,0.69459378617353,1.0,7.0,0.2876110599999999,2.0,8.0,10.0,0.4917124699999999,25.0,2.2448979591836733,0.0,8.36734693877551,0.4081632653061224,10.612244897959185,3.061224489795918,1.4285714285714284,3.6734693877551017,3.6734693877551017,0.0,0.0,8.36734693877551,0.6122448979591836,8.775510204081632,2.4489795918367343,1.020408163265306,1.6326530612244896,0.6122448979591836,1.8367346938775508,0.0,3.4693877551020407,3.6734693877551017,1.4285714285714284,0.4081632653061224,0.0,0.0,61.18,50.0,0.0,41.18,50.0,44.57,51.72,71.43,0.5119417086262235,0.1417538339129652,0.2040816326530612,1.4285714285714284,0.0586961346938775,0.4081632653061224,1.6326530612244896,2.0408163265306123,0.1003494836734693,5.1020408163265305,ST,19,38,73,65,63,87,73,90,96,15,10,96,100,92,90,88,87,90,96,52,96,96,85,98,48,50,12,60,38,46,87,65,69,52,96,85,31,81,77,50,92,83,88,77,4,38,54,54,35,77,65,77,92,15,10,92,92,96,92,69,85,85,92,52,85,85,85,92,48,50,12,60,38,46,87,65,69,52,92,77,23,73,65,46,92,81,81,69,Danish Superliga
Midtjylland,59as3grjvj19voay31j3yfgni,8mn8apr6n7t7s6lx4d4vvdnca,V. Bak Jensen,Victor Bak Jensen,22.0,Defender,Denmark,Defender,43.0,0.0,26.0,5.0,69.0,0.0,1.0,1.0,1.0,0.0,0.0,7.0,3.0,223.0,2.0,1.0,2.0,6.0,0.0,0.0,0.0,3.0,3.0,2.0,0.0,0.0,0.0,83.13,62.5,0.0,66.67,0.0,58.33,0.0,50.0,0.1376849081330236,0.1003084842740391,0.0,1.0,0.01685596,0.0,7.0,7.0,0.1549154399999999,33.0,17.354260089686097,0.0,10.493273542600896,2.0179372197309418,27.847533632287,0.0,0.4035874439461883,0.4035874439461883,0.4035874439461883,0.0,0.0,2.825112107623318,1.210762331838565,0.8071748878923767,0.4035874439461883,0.8071748878923767,2.42152466367713,0.0,0.0,0.0,1.210762331838565,1.210762331838565,0.8071748878923767,0.0,0.0,0.0,83.13,62.5,0.0,66.67,0.0,58.33,0.0,50.0,0.0555679001433727,0.0404832447742758,0.0,0.4035874439461883,0.0068028538116591,0.0,2.825112107623318,2.825112107623318,0.062521926457399,13.318385650224217,LB/LCB,12,12,6,19,6,9,22,22,44,22,28,6,19,19,12,31,12,47,25,47,53,53,59,31,53,53,69,88,12,66,25,59,12,41,31,25,19,19,19,12,25,19,19,19,50,12,6,62,31,9,25,31,56,22,28,31,69,25,19,38,38,47,25,47,75,75,75,31,53,53,69,88,12,66,25,59,12,41,62,25,19,25,19,12,50,25,19,44,Danish Superliga
Midtjylland,59as3grjvj19voay31j3yfgni,a87w6l9zsbahdi4knm1347zs9,M. Bech,Mads Bech,27.0,Defender,Denmark,Defender,151.0,1.0,107.0,23.0,257.0,12.0,3.0,4.0,4.0,0.0,0.0,22.0,6.0,405.0,11.0,4.0,5.0,19.0,1.0,2.0,0.0,0.0,0.0,0.0,0.0,0.0,0.0,85.38,47.92,25.0,0.0,50.0,59.46,70.59,83.33,0.45655921003442,0.266979990053856,0.0,4.0,0.08673306,3.0,26.0,26.0,0.8421426300000002,161.0,33.55555555555556,0.2222222222222222,23.77777777777778,5.111111111111111,57.11111111111112,2.6666666666666665,0.6666666666666666,0.8888888888888888,0.8888888888888888,0.0,0.0,4.888888888888889,1.3333333333333333,2.4444444444444446,0.8888888888888888,1.1111111111111112,4.222222222222222,0.2222222222222222,0.4444444444444444,0.0,0.0,0.0,0.0,0.0,0.0,0.0,85.38,47.92,25.0,0.0,50.0,59.46,70.59,83.33,0.1014576022298711,0.0593288866786346,0.0,0.8888888888888888,0.0192740133333333,0.6666666666666666,5.777777777777778,5.777777777777778,0.1871428066666667,35.77777777777778,CB,33,74,52,80,36,64,59,67,79,29,30,59,50,77,56,50,30,83,82,45,20,18,23,41,52,52,21,45,82,23,89,65,100,94,70,70,29,32,39,58,73,71,76,39,42,82,67,94,61,76,70,74,85,29,30,70,62,82,61,76,33,91,91,45,20,18,23,41,52,52,21,45,82,23,89,65,100,94,82,79,29,48,45,71,82,85,94,55,Danish Superliga
Midtjylland,59as3grjvj19voay31j3yfgni,bsy8n8mst274cc8gkxslofrpw,B. Junior,Beni Junior,21.0,Defender,Côte d'Ivoire,Defender,58.0,5.0,51.0,7.0,104.0,2.0,2.0,2.0,1.0,1.0,0.0,15.0,4.0,327.0,7.0,6.0,2.0,6.0,0.0,1.0,0.0,4.0,4.0,2.0,1.0,0.0,0.0,77.04,31.82,38.46,50.0,50.0,46.88,50.0,40.0,0.1313827112824521,0.2224466270283384,1.0,2.0,0.06241384,1.0,11.0,14.0,0.7174879399999998,51.0,15.963302752293576,1.3761467889908257,14.036697247706424,1.926605504587156,28.623853211009173,0.5504587155963303,0.5504587155963303,0.5504587155963303,0.2752293577981651,0.2752293577981651,0.0,4.128440366972477,1.1009174311926606,1.926605504587156,1.651376146788991,0.5504587155963303,1.651376146788991,0.0,0.2752293577981651,0.0,1.1009174311926606,1.1009174311926606,0.5504587155963303,0.2752293577981651,0.0,0.0,77.04,31.82,38.46,50.0,50.0,46.88,50.0,40.0,0.036160379252051,0.0612238423013775,0.2752293577981651,0.5504587155963303,0.0171781211009174,0.2752293577981651,3.027522935779817,3.853211009174312,0.1974737449541284,14.036697247706424,LB/LCB,38,78,12,28,12,25,31,38,44,53,28,38,34,44,59,31,12,47,69,47,66,66,59,78,53,53,38,25,88,34,97,19,78,25,25,31,50,28,25,28,34,31,50,31,31,81,38,56,38,44,50,44,50,56,28,44,56,69,88,31,6,47,81,47,62,62,56,94,53,53,38,25,88,34,97,19,78,25,31,50,56,31,31,31,62,56,81,56,Danish Superliga
Midtjylland,59as3grjvj19voay31j3yfgni,bwfg9frq2ecbzg7wlzqjtnv2s,P. Bravo,Pedro Bravo,21.0,Midfielder,Colombia,Midfielder,110.0,0.0,125.0,17.0,235.0,7.0,3.0,3.0,0.0,3.0,0.0,26.0,7.0,612.0,0.0,4.0,8.0,6.0,0.0,2.0,0.0,6.0,8.0,2.0,0.0,0.0,0.0,88.35,73.91,0.0,33.33,66.67,48.15,70.0,61.54,0.2003627844937046,0.1954339251777925,2.0,12.0,0.25662477,3.0,36.0,28.0,0.5107399599999999,128.0,16.176470588235293,0.0,18.38235294117647,2.5,34.55882352941177,1.0294117647058825,0.4411764705882353,0.4411764705882353,0.0,0.4411764705882353,0.0,3.823529411764706,1.0294117647058825,0.0,0.5882352941176471,1.1764705882352942,0.8823529411764706,0.0,0.2941176470588235,0.0,0.8823529411764706,1.1764705882352942,0.2941176470588235,0.0,0.0,0.0,88.35,73.91,0.0,33.33,66.67,48.15,70.0,61.54,0.0294651153667212,0.0287402831143812,0.2941176470588235,1.7647058823529411,0.0377389367647058,0.4411764705882353,5.294117647058823,4.11764705882353,0.0751088176470588,18.823529411764707,DM/CM,59,29,67,90,60,74,34,47,21,59,19,48,53,7,34,53,31,34,74,45,69,81,62,28,52,52,79,97,29,41,91,41,93,62,34,34,57,79,72,55,79,78,55,64,45,29,59,69,52,72,28,41,21,52,19,38,38,7,31,41,24,34,69,45,55,66,48,28,52,52,79,97,29,41,91,41,93,62,28,31,52,76,69,45,83,66,45,59,Danish Superliga
Midtjylland,59as3grjvj19voay31j3yfgni,dhz1y5vtlo24r5s99p3tywu1g,S. Iheanacho,Stanley Iheanacho,21.0,Attacker,Nigeria,Striker,10.0,2.0,24.0,0.0,32.0,8.0,2.0,15.0,15.0,0.0,2.0,19.0,1.0,326.0,21.0,4.0,4.0,1.0,3.0,5.0,0.0,4.0,4.0,1.0,1.0,0.0,0.0,69.57,0.0,33.33,25.0,33.33,40.43,34.78,66.67,2.332751546482152,0.2859645569752999,2.0,2.0,0.06333317,1.0,3.0,2.0,0.3704023899999999,13.0,2.7607361963190185,0.5521472392638037,6.625766871165644,0.0,8.83435582822086,2.208588957055215,0.5521472392638037,4.141104294478527,4.141104294478527,0.0,0.5521472392638037,5.245398773006135,0.2760736196319018,5.7975460122699385,1.1042944785276074,1.1042944785276074,0.2760736196319018,0.8282208588957055,1.3803680981595092,0.0,1.1042944785276074,1.1042944785276074,0.2760736196319018,0.2760736196319018,0.0,0.0,69.57,0.0,33.33,25.0,33.33,40.43,34.78,66.67,0.6440111631392444,0.0789472703306042,0.5521472392638037,0.5521472392638037,0.0174846174846625,0.2760736196319018,0.8282208588957055,0.5521472392638037,0.1022583285276073,3.588957055214724,ST,13,90,19,15,15,48,27,75,92,15,56,44,60,69,33,75,15,90,65,52,25,23,19,75,48,50,35,15,88,19,50,46,42,42,92,50,52,12,8,25,60,25,77,40,23,92,15,15,12,54,19,92,96,15,54,35,62,77,35,73,12,96,81,52,31,31,23,85,48,50,35,15,88,19,50,46,42,42,100,46,54,15,12,27,58,19,85,35,Danish Superliga
Midtjylland,59as3grjvj19voay31j3yfgni,dn3llv8xjdbbndltfym5ar561,R. Kristensen,Rasmus Kristensen,29.0,Defender,Denmark,Defender,163.0,5.0,179.0,37.0,337.0,8.0,10.0,7.0,4.0,3.0,3.0,28.0,9.0,695.0,16.0,3.0,9.0,15.0,1.0,3.0,0.0,11.0,11.0,6.0,0.0,0.0,0.0,84.67,57.81,31.25,54.55,42.86,53.85,57.14,81.82,0.6303021797514262,0.7807337800620823,2.0,11.0,0.2570160099999999,7.0,30.0,44.0,1.29936829,185.0,21.107913669064747,0.6474820143884892,23.17985611510792,4.79136690647482,43.64028776978417,1.0359712230215827,1.2949640287769784,0.9064748201438848,0.5179856115107914,0.3884892086330935,0.3884892086330935,3.62589928057554,1.1654676258992809,2.071942446043165,0.3884892086330935,1.1654676258992809,1.9424460431654675,0.1294964028776978,0.3884892086330935,0.0,1.4244604316546765,1.4244604316546765,0.776978417266187,0.0,0.0,0.0,84.67,57.81,31.25,54.55,42.86,53.85,57.14,81.82,0.0816218650037818,0.1011022161231473,0.2589928057553957,1.4244604316546765,0.0332826487769784,0.9064748201438848,3.884892086330935,5.697841726618705,0.1682635195683453,23.9568345323741,RB/RCB,83,83,92,100,92,62,92,83,83,75,88,67,67,100,42,75,42,92,100,46,88,88,96,42,54,54,67,100,71,58,92,33,62,100,92,92,79,79,67,83,67,83,58,92,75,75,83,100,83,25,92,67,67,67,75,25,50,83,25,58,17,83,92,46,75,75,92,42,54,54,67,100,71,58,92,33,62,100,75,67,67,42,42,75,75,75,50,83,Danish Superliga
Midtjylland,59as3grjvj19voay31j3yfgni,e5fnoxb8f2hycjx4gnmce2wvd,M. Erlić,Martin Erlic,28.0,Defender,Croatia,Defender,190.0,0.0,71.0,23.0,261.0,14.0,1.0,3.0,3.0,0.0,0.0,29.0,11.0,447.0,10.0,6.0,7.0,28.0,1.0,1.0,0.0,1.0,1.0,1.0,0.0,0.0,0.0,85.86,53.49,0.0,100.0,33.33,58.0,53.85,87.5,0.4269658132823334,0.1764661576233215,0.0,1.0,0.01870347,1.0,8.0,12.0,0.4213897800000001,136.0,38.25503355704698,0.0,14.295302013422818,4.630872483221476,52.5503355704698,2.8187919463087248,0.2013422818791946,0.6040268456375839,0.6040268456375839,0.0,0.0,5.8389261744966445,2.214765100671141,2.013422818791946,1.2080536912751678,1.4093959731543624,5.6375838926174495,0.2013422818791946,0.2013422818791946,0.0,0.2013422818791946,0.2013422818791946,0.2013422818791946,0.0,0.0,0.0,85.86,53.49,0.0,100.0,33.33,58.0,53.85,87.5,0.0859662711306711,0.0355300988503331,0.0,0.2013422818791946,0.003765799328859,0.2013422818791946,1.610738255033557,2.416107382550336,0.0848435798657718,27.382550335570468,CB,48,33,21,80,42,77,27,48,65,29,30,76,83,71,77,74,48,83,61,45,48,47,64,41,52,52,27,67,33,92,70,55,55,100,61,52,29,12,12,36,17,26,33,33,61,33,24,85,52,79,26,58,73,29,30,91,97,70,85,88,58,88,65,45,55,52,76,41,52,52,27,67,33,92,70,55,55,100,76,58,29,12,12,42,21,33,27,36,Danish Superliga
Midtjylland,59as3grjvj19voay31j3yfgni,ou0gnms7vf5ff66o508nowoa,Cho Gue-Sung,Gue-Sung Cho,28.0,Attacker,Korea Republic,Striker,12.0,0.0,38.0,0.0,50.0,18.0,5.0,10.0,7.0,3.0,3.0,36.0,0.0,442.0,17.0,11.0,1.0,7.0,1.0,3.0,0.0,7.0,8.0,1.0,1.0,0.0,0.0,62.5,0.0,0.0,14.29,30.0,45.0,45.0,16.67,1.0253802804130576,0.434745519413275,3.0,4.0,0.10011543,2.0,2.0,10.0,0.15556781,20.0,2.443438914027149,0.0,7.737556561085972,0.0,10.180995475113122,3.665158371040724,1.0180995475113122,2.0361990950226243,1.425339366515837,0.6108597285067873,0.6108597285067873,7.330316742081448,0.0,3.461538461538461,2.239819004524887,0.2036199095022624,1.425339366515837,0.2036199095022624,0.6108597285067873,0.0,1.425339366515837,1.6289592760180995,0.2036199095022624,0.2036199095022624,0.0,0.0,62.5,0.0,0.0,14.29,30.0,45.0,45.0,16.67,0.2087878399031112,0.0885228433194451,0.6108597285067873,0.8144796380090498,0.02038549479638,0.4072398190045249,0.4072398190045249,2.0361990950226243,0.0316767033936651,4.072398190045249,ST,25,38,65,15,54,92,58,48,54,62,75,88,25,50,85,33,73,42,46,52,65,63,19,75,48,50,15,15,38,15,31,69,50,23,46,62,63,42,31,50,35,83,50,58,12,38,38,15,23,85,50,42,42,42,69,85,25,23,77,23,77,31,31,52,50,50,15,65,48,50,15,15,38,15,31,69,50,23,42,54,58,23,15,42,23,77,50,38,Danish Superliga
Nordsjælland,77tfx9me4aaqhzv78bmgsy9bg,1ylzr03ex5mu3gs6mu8jjbvca,Ibrahim Adel,Ibrahim Adel Ali Mohamed Hassan,25.0,Attacker,Egypt,Striker,22.0,1.0,83.0,4.0,104.0,1.0,7.0,19.0,13.0,6.0,6.0,30.0,2.0,440.0,46.0,6.0,6.0,0.0,1.0,7.0,0.0,33.0,37.0,14.0,1.0,0.0,0.0,74.29,66.67,33.33,42.42,36.84,39.47,10.0,66.67,1.823895855133211,0.7263419034620859,7.0,21.0,0.7550973699999998,11.0,7.0,11.0,0.6380427199999998,50.0,4.5,0.2045454545454545,16.977272727272727,0.8181818181818181,21.27272727272727,0.2045454545454545,1.4318181818181817,3.886363636363636,2.6590909090909087,1.227272727272727,1.227272727272727,6.136363636363636,0.409090909090909,9.409090909090908,1.227272727272727,1.227272727272727,0.0,0.2045454545454545,1.4318181818181817,0.0,6.749999999999999,7.5681818181818175,2.863636363636364,0.2045454545454545,0.0,0.0,74.29,66.67,33.33,42.42,36.84,39.47,10.0,66.67,0.3730696067317931,0.148569934799063,1.4318181818181817,4.295454545454545,0.1544517347727272,2.25,1.4318181818181817,2.25,0.1305087381818181,10.227272727272728,ST,73,81,100,88,100,15,73,96,81,92,100,81,85,100,63,96,6,42,83,52,100,100,100,75,48,50,54,71,88,50,58,31,12,42,77,88,94,100,100,100,87,88,92,96,62,77,96,85,96,15,69,85,69,88,96,65,81,100,46,92,6,35,85,52,100,100,96,69,48,50,54,71,88,50,58,31,12,42,73,81,96,100,100,100,88,88,92,96,Danish Superliga
Nordsjælland,77tfx9me4aaqhzv78bmgsy9bg,2r8s61bmydlumhg62wd0y6fis,J. Janssen,Justin Janssen,20.0,Midfielder,Denmark,Midfielder,202.0,3.0,231.0,41.0,430.0,3.0,11.0,7.0,1.0,6.0,0.0,37.0,8.0,598.0,4.0,11.0,12.0,4.0,1.0,2.0,1.0,5.0,5.0,3.0,1.0,0.0,0.0,87.93,73.21,18.75,60.0,28.57,63.79,37.5,60.0,0.5948891106856927,1.0012819856628412,4.0,14.0,0.3501911499999999,5.0,61.0,60.0,1.391691659999999,236.0,30.40133779264214,0.451505016722408,34.76588628762541,6.170568561872909,64.71571906354515,0.451505016722408,1.6555183946488294,1.0535117056856187,0.1505016722408026,0.903010033444816,0.0,5.568561872909699,1.2040133779264213,0.6020066889632106,1.6555183946488294,1.806020066889632,0.6020066889632106,0.1505016722408026,0.3010033444816053,0.1505016722408026,0.7525083612040133,0.7525083612040133,0.451505016722408,0.1505016722408026,0.0,0.0,87.93,73.21,18.75,60.0,28.57,63.79,37.5,60.0,0.0895318059560407,0.150694613226849,0.6020066889632106,2.1070234113712374,0.0527043536789297,0.7525083612040133,9.180602006688964,9.03010033444816,0.2094519220735784,35.51839464882943,DM/CM,93,83,97,100,93,33,97,81,55,97,19,78,60,47,79,90,21,79,74,95,55,53,76,69,52,52,76,93,62,78,53,100,36,57,86,93,86,88,93,66,97,100,100,93,93,79,97,100,100,21,93,66,52,90,19,76,48,34,72,93,10,76,72,97,52,52,72,62,52,52,76,93,62,78,53,100,36,57,76,90,76,86,86,66,100,100,97,100,Danish Superliga
Nordsjælland,77tfx9me4aaqhzv78bmgsy9bg,35ku8nrvbs0s788bhtem2a904,M. Sadio,Mamadou Sadio,18.0,Midfielder,Senegal,Midfielder,23.0,1.0,55.0,2.0,77.0,3.0,2.0,8.0,3.0,5.0,3.0,16.0,1.0,240.0,15.0,4.0,6.0,3.0,0.0,3.0,0.0,8.0,8.0,3.0,0.0,0.0,0.0,77.78,25.0,50.0,37.5,37.5,53.33,60.0,100.0,0.7856611794571635,0.1649218731238703,4.0,9.0,0.3541947599999999,3.0,5.0,8.0,0.1767225499999999,24.0,8.625,0.375,20.625,0.75,28.875,1.125,0.75,3.0,1.125,1.875,1.125,6.0,0.375,5.625,1.5,2.25,1.125,0.0,1.125,0.0,3.0,3.0,1.125,0.0,0.0,0.0,77.78,25.0,50.0,37.5,37.5,53.33,60.0,100.0,0.2946229422964363,0.0618457024214513,1.5,3.375,0.1328230349999999,1.125,1.875,3.0,0.0662709562499999,9.0,RM/RCM,17,17,17,17,17,83,17,42,33,50,42,25,17,33,17,67,33,42,42,58,25,25,25,33,58,58,33,17,100,42,92,50,83,100,50,17,33,33,33,17,25,25,17,17,33,17,33,33,33,83,17,100,33,100,100,50,33,83,67,67,83,42,100,58,50,50,67,33,58,58,33,17,100,42,92,50,83,100,100,17,83,50,83,33,50,33,17,17,Danish Superliga
Nordsjælland,77tfx9me4aaqhzv78bmgsy9bg,5r1v2w303bvj0vv1893qr5d5h,M. Brink,Mark Brink,28.0,Midfielder,Denmark,Midfielder,130.0,2.0,170.0,10.0,298.0,2.0,13.0,5.0,5.0,0.0,1.0,19.0,2.0,423.0,9.0,4.0,9.0,5.0,1.0,2.0,0.0,3.0,3.0,1.0,2.0,0.0,0.0,84.66,50.0,25.0,33.33,40.0,57.58,50.0,75.0,0.6454014767968415,1.0362972418916006,0.0,12.0,0.26371412,4.0,34.0,36.0,1.06135164,158.0,27.659574468085104,0.425531914893617,36.17021276595744,2.127659574468085,63.40425531914893,0.425531914893617,2.7659574468085104,1.0638297872340423,1.0638297872340423,0.0,0.2127659574468085,4.042553191489362,0.425531914893617,1.9148936170212765,0.851063829787234,1.9148936170212765,1.0638297872340423,0.2127659574468085,0.425531914893617,0.0,0.6382978723404255,0.6382978723404255,0.2127659574468085,0.425531914893617,0.0,0.0,84.66,50.0,25.0,33.33,40.0,57.58,50.0,75.0,0.1373194631482641,0.2204887748705533,0.0,2.553191489361702,0.0561093872340425,0.851063829787234,7.234042553191489,7.659574468085106,0.2258194978723404,33.61702127659574,CM/AM,96,48,74,74,83,17,76,15,35,4,13,28,35,22,28,83,50,50,33,52,11,11,20,93,50,52,74,59,65,28,76,96,63,87,35,70,7,33,26,26,87,74,78,83,100,52,83,83,96,22,87,22,57,4,13,30,39,26,30,87,65,48,35,52,9,9,17,100,50,52,74,59,65,28,76,96,63,87,39,83,7,43,30,22,91,87,83,96,Danish Superliga
Nordsjælland,77tfx9me4aaqhzv78bmgsy9bg,5ucbttulfcdufwr751zj0zcic,J. Lähteenmäki,Juho Lähteenmäki,20.0,Defender,Finland,Defender,117.0,2.0,144.0,11.0,259.0,2.0,11.0,5.0,5.0,0.0,1.0,24.0,2.0,666.0,39.0,11.0,6.0,11.0,0.0,1.0,0.0,3.0,3.0,1.0,2.0,0.0,0.0,84.36,55.0,20.0,33.33,20.0,47.06,25.0,60.0,0.6593645283506063,1.0275456497099211,2.0,18.0,0.5956509,8.0,22.0,27.0,1.90843649,124.0,15.81081081081081,0.2702702702702702,19.45945945945946,1.4864864864864864,35.0,0.2702702702702702,1.4864864864864864,0.6756756756756757,0.6756756756756757,0.0,0.1351351351351351,3.243243243243243,0.2702702702702702,5.27027027027027,1.4864864864864864,0.8108108108108107,1.4864864864864864,0.0,0.1351351351351351,0.0,0.4054054054054054,0.4054054054054054,0.1351351351351351,0.2702702702702702,0.0,0.0,84.36,55.0,20.0,33.33,20.0,47.06,25.0,60.0,0.0891033146419738,0.1388575202310704,0.2702702702702702,2.4324324324324325,0.0804933648648648,1.081081081081081,2.972972972972973,3.6486486486486487,0.2578968229729729,16.756756756756754,CB,24,89,73,39,39,6,100,80,86,29,70,67,9,100,98,62,20,36,61,45,74,73,64,98,52,52,18,79,77,56,48,17,3,48,88,100,92,100,100,94,68,76,100,27,15,88,52,30,15,3,94,61,79,29,70,33,9,100,94,45,9,36,55,45,70,70,58,97,52,52,18,79,77,56,48,17,3,48,79,97,79,88,94,88,45,42,100,18,Danish Superliga
Nordsjælland,77tfx9me4aaqhzv78bmgsy9bg,766yz5r437tgwjkn0ey8j2wwk,R. Norheim,Runar Norheim,21.0,Defender,Norway,Defender,110.0,1.0,117.0,7.0,226.0,5.0,7.0,13.0,12.0,1.0,4.0,20.0,4.0,661.0,29.0,2.0,7.0,11.0,1.0,6.0,0.0,5.0,5.0,3.0,1.0,0.0,0.0,82.78,33.33,20.0,60.0,46.15,48.78,35.71,70.0,1.5731308476034818,0.608925506978664,1.0,12.0,0.32981982,1.0,8.0,7.0,0.49553154,85.0,14.97730711043873,0.1361573373676248,15.930408472012104,0.9531013615733738,30.77155824508321,0.680786686838124,0.9531013615733738,1.7700453857791223,1.6338880484114977,0.1361573373676248,0.5446293494704992,2.723146747352496,0.5446293494704992,3.94856278366112,0.2723146747352496,0.9531013615733738,1.497730711043873,0.1361573373676248,0.8169440242057489,0.0,0.680786686838124,0.680786686838124,0.4084720121028744,0.1361573373676248,0.0,0.0,82.78,33.33,20.0,60.0,46.15,48.78,35.71,70.0,0.2141933075405648,0.0829096756854459,0.1361573373676248,1.6338880484114977,0.0449073885022692,0.1361573373676248,1.0892586989409985,0.9531013615733738,0.0674702550680786,11.57337367624811,CB,18,74,64,21,27,33,91,100,100,70,100,48,30,97,23,74,20,83,100,45,92,91,97,88,52,52,12,24,77,79,82,27,18,62,100,91,71,77,88,36,17,15,52,21,12,70,33,18,9,21,88,97,100,64,94,18,18,97,18,58,12,79,97,45,88,85,94,88,52,52,12,24,77,79,82,27,18,62,100,85,64,73,79,39,12,12,21,12,Danish Superliga
Nordsjælland,77tfx9me4aaqhzv78bmgsy9bg,7cpkykvmy8ujrahzdz7ksk2c5,P. Ankersen,Peter Ankersen,35.0,Defender,Denmark,Defender,233.0,3.0,168.0,23.0,398.0,9.0,5.0,6.0,2.0,4.0,0.0,26.0,4.0,545.0,3.0,7.0,7.0,13.0,0.0,2.0,0.0,1.0,1.0,1.0,1.0,0.0,0.0,90.05,47.92,50.0,100.0,33.33,60.47,64.29,77.78,0.4227619758056116,0.6580593221174977,4.0,16.0,0.33943742,5.0,37.0,46.0,1.6104824400000022,219.0,38.477064220183486,0.4954128440366973,27.743119266055047,3.798165137614679,65.72477064220183,1.4862385321100915,0.8256880733944955,0.9908256880733946,0.3302752293577982,0.6605504587155964,0.0,4.293577981651376,0.6605504587155964,0.4954128440366973,1.1559633027522935,1.1559633027522935,2.146788990825688,0.0,0.3302752293577982,0.0,0.1651376146788991,0.1651376146788991,0.1651376146788991,0.1651376146788991,0.0,0.0,90.05,47.92,50.0,100.0,33.33,60.47,64.29,77.78,0.0698139042614771,0.1086703467716968,0.6605504587155964,2.642201834862385,0.0560538858715596,0.8256880733944955,6.110091743119266,7.596330275229358,0.2659512286238535,36.1651376146789,RB/RCB,100,54,83,83,100,75,79,71,50,96,29,58,33,25,71,42,25,42,88,46,12,12,21,83,54,54,100,83,100,92,83,75,75,92,67,75,92,92,92,62,88,92,100,100,100,50,100,92,100,67,58,75,50,100,29,42,33,25,58,50,25,42,83,46,8,8,17,83,54,54,100,83,100,92,83,75,75,92,58,75,100,83,75,58,100,92,100,100,Danish Superliga
Nordsjælland,77tfx9me4aaqhzv78bmgsy9bg,8dqghahifyr8tjcndw9pip3x0,H. Rasmussen,Hjalte Boe Rasmussen,18.0,Midfielder,Denmark,Midfielder,17.0,0.0,29.0,4.0,46.0,3.0,4.0,11.0,9.0,2.0,4.0,7.0,0.0,255.0,23.0,1.0,0.0,1.0,3.0,5.0,0.0,7.0,7.0,1.0,1.0,0.0,0.0,74.19,80.0,0.0,14.29,45.45,25.93,50.0,0.0,2.3399139793445367,0.2943601667666151,5.0,4.0,0.12946554,2.0,7.0,8.0,0.306327,27.0,6.0,0.0,10.235294117647058,1.4117647058823528,16.235294117647058,1.0588235294117647,1.4117647058823528,3.882352941176471,3.176470588235294,0.7058823529411764,1.4117647058823528,2.4705882352941173,0.0,8.117647058823529,0.3529411764705882,0.0,0.3529411764705882,1.0588235294117647,1.7647058823529411,0.0,2.4705882352941173,2.4705882352941173,0.3529411764705882,0.3529411764705882,0.0,0.0,74.19,80.0,0.0,14.29,45.45,25.93,50.0,0.0,0.8258519927098364,0.1038918235646876,1.7647058823529411,1.4117647058823528,0.0456937199999999,0.7058823529411764,2.4705882352941173,2.8235294117647056,0.1081154117647058,9.529411764705882,CM/AM,4,13,4,39,4,37,17,65,89,22,70,4,4,80,7,4,11,91,83,52,46,46,20,67,50,52,9,100,13,13,96,4,63,4,96,17,76,11,9,13,11,4,4,4,13,13,4,61,4,74,26,100,100,57,96,4,4,100,9,4,17,100,100,52,74,74,30,96,50,52,9,100,13,13,96,4,63,4,100,30,100,17,17,17,30,26,26,17,Danish Superliga
Nordsjælland,77tfx9me4aaqhzv78bmgsy9bg,apspqh3shqfwobvh35x60q5g4,N. Markmann,Noah Markmann,19.0,Defender,Denmark,Defender,213.0,0.0,123.0,10.0,336.0,3.0,4.0,4.0,2.0,2.0,3.0,16.0,5.0,405.0,5.0,2.0,8.0,9.0,0.0,0.0,0.0,4.0,4.0,1.0,0.0,0.0,0.0,92.56,50.0,0.0,25.0,0.0,47.06,33.33,80.0,0.2941293710681402,0.2033042055198535,3.0,13.0,0.26925563,3.0,19.0,22.0,0.45253977,167.0,47.333333333333336,0.0,27.33333333333333,2.2222222222222223,74.66666666666667,0.6666666666666666,0.8888888888888888,0.8888888888888888,0.4444444444444444,0.4444444444444444,0.6666666666666666,3.555555555555556,1.1111111111111112,1.1111111111111112,0.4444444444444444,1.7777777777777777,2.0,0.0,0.0,0.0,0.8888888888888888,0.8888888888888888,0.2222222222222222,0.0,0.0,0.0,92.56,50.0,0.0,25.0,0.0,47.06,33.33,80.0,0.0653620824595867,0.0451787123377452,0.6666666666666666,2.888888888888889,0.0598345844444444,0.6666666666666666,4.222222222222222,4.888888888888889,0.1005643933333333,37.11111111111112,CB,61,33,67,33,61,15,70,67,39,92,95,20,41,38,23,86,12,36,24,45,82,80,64,41,52,52,82,59,33,52,24,17,14,89,42,58,100,85,79,58,59,58,39,42,85,33,88,36,94,18,82,74,55,94,100,36,42,42,36,94,15,36,24,45,91,91,82,41,52,52,82,59,33,52,24,17,14,89,45,67,100,94,88,71,64,67,52,61,Danish Superliga
Nordsjælland,77tfx9me4aaqhzv78bmgsy9bg,ayistjficdvpd0v10681qf578,V. Berthelsen,Villum Berthelsen,20.0,Midfielder,Denmark,Midfielder,42.0,1.0,79.0,9.0,120.0,2.0,11.0,11.0,9.0,2.0,2.0,19.0,1.0,352.0,23.0,7.0,3.0,1.0,1.0,3.0,0.0,6.0,6.0,4.0,0.0,0.0,0.0,81.08,60.0,50.0,66.67,27.27,47.5,50.0,50.0,1.4833057167165846,0.8428635274243972,3.0,17.0,0.4320073099999999,7.0,13.0,18.0,0.58300542,51.0,10.738636363636363,0.2556818181818182,20.19886363636364,2.301136363636364,30.681818181818183,0.5113636363636364,2.8125,2.8125,2.301136363636364,0.5113636363636364,0.5113636363636364,4.857954545454546,0.2556818181818182,5.880681818181818,1.7897727272727273,0.7670454545454546,0.2556818181818182,0.2556818181818182,0.7670454545454546,0.0,1.5340909090909092,1.5340909090909092,1.0227272727272727,0.0,0.0,0.0,81.08,60.0,50.0,66.67,27.27,47.5,50.0,50.0,0.3792543025695813,0.2155048791710106,0.7670454545454546,4.346590909090909,0.1104564144886363,1.7897727272727273,3.3238636363636367,4.602272727272728,0.1490638857954545,13.039772727272728,CM/AM,30,33,26,70,22,17,57,65,89,22,30,28,17,80,59,22,11,50,52,52,35,33,52,26,50,52,43,87,93,83,35,52,63,35,78,52,52,59,52,50,35,48,35,22,43,39,43,96,48,35,91,87,91,33,48,61,22,91,78,39,9,61,65,52,48,43,65,26,50,52,43,87,93,83,35,52,63,35,96,78,70,83,83,70,48,57,65,35,Danish Superliga
Nordsjælland,77tfx9me4aaqhzv78bmgsy9bg,c1s6vw84nupd8c0mbj8gov5lg,S. Acquah,Stephen Acquah,20.0,Defender,Ghana,Defender,281.0,1.0,151.0,16.0,431.0,8.0,1.0,4.0,2.0,2.0,0.0,18.0,6.0,447.0,4.0,5.0,3.0,24.0,0.0,1.0,0.0,5.0,5.0,2.0,0.0,0.0,0.0,94.31,48.48,100.0,40.0,25.0,47.37,66.67,75.0,0.3273621224740892,0.0798705493080391,2.0,6.0,0.14347315,5.0,30.0,22.0,0.7819461700000004,273.0,56.57718120805369,0.2013422818791946,30.40268456375839,3.221476510067114,86.77852348993288,1.610738255033557,0.2013422818791946,0.8053691275167785,0.4026845637583892,0.4026845637583892,0.0,3.624161073825504,1.2080536912751678,0.8053691275167785,1.006711409395973,0.6040268456375839,4.832214765100671,0.0,0.2013422818791946,0.0,1.006711409395973,1.006711409395973,0.4026845637583892,0.0,0.0,0.0,94.31,48.48,100.0,40.0,25.0,47.37,66.67,75.0,0.0659118367397495,0.0160813186526253,0.4026845637583892,1.2080536912751678,0.0288872114093959,1.006711409395973,6.040268456375839,4.429530201342282,0.1574388261744967,54.966442953020135,CB,85,74,76,56,85,48,27,67,39,92,30,30,50,26,67,24,42,36,61,45,92,91,89,41,52,52,94,52,98,61,58,23,88,79,55,33,92,50,58,80,79,58,73,71,100,76,94,67,100,52,26,64,45,88,30,42,52,30,76,24,39,36,65,45,94,94,91,41,52,52,94,52,98,61,58,23,88,79,55,30,91,64,64,85,88,58,88,97,Danish Superliga
Nordsjælland,77tfx9me4aaqhzv78bmgsy9bg,chjcbjc5nv8uyiusfafts5zv9,T. Salquist,Tobias Salquist,31.0,Defender,Denmark,Defender,259.0,0.0,116.0,2.0,375.0,5.0,1.0,0.0,0.0,0.0,0.0,14.0,4.0,413.0,4.0,2.0,6.0,21.0,0.0,0.0,0.0,0.0,0.0,0.0,1.0,0.0,0.0,95.42,16.67,0.0,0.0,0.0,63.64,50.0,85.71,0.0,0.2017135913613331,0.0,4.0,0.07614868,0.0,11.0,7.0,0.3627014800000001,273.0,56.440677966101696,0.0,25.27845036319613,0.4358353510895884,81.71912832929783,1.089588377723971,0.2179176755447942,0.0,0.0,0.0,0.0,3.050847457627119,0.8716707021791769,0.8716707021791769,0.4358353510895884,1.3075060532687652,4.576271186440678,0.0,0.0,0.0,0.0,0.0,0.0,0.2179176755447942,0.0,0.0,95.42,16.67,0.0,0.0,0.0,63.64,50.0,85.71,0.0,0.0439569569552541,0.0,0.8716707021791769,0.0165941433414043,0.0,2.397094430992736,1.5254237288135597,0.0790390634382566,59.49152542372882,CB,76,33,59,8,64,33,27,8,9,29,30,9,30,26,23,62,36,36,24,45,20,18,23,88,52,52,100,3,33,23,24,91,41,97,6,55,29,32,30,14,30,15,21,71,97,33,76,6,97,36,30,8,9,29,30,27,24,33,33,85,36,36,24,45,20,18,23,91,52,52,100,3,33,23,24,91,41,97,6,64,29,39,39,14,33,21,24,100,Danish Superliga
Nordsjælland,77tfx9me4aaqhzv78bmgsy9bg,cugmerpydsw8kqbo2rle9npm2,A. Lind,Alexander Lind,24.0,Attacker,Denmark,Striker,16.0,0.0,36.0,1.0,52.0,9.0,10.0,8.0,5.0,3.0,2.0,23.0,0.0,356.0,21.0,9.0,1.0,10.0,2.0,2.0,0.0,8.0,8.0,4.0,1.0,0.0,0.0,77.61,25.0,0.0,50.0,25.0,39.66,42.86,100.0,1.0784313280183846,0.6367956460881262,2.0,7.0,0.4129981199999999,3.0,2.0,3.0,0.11821264,22.0,4.044943820224719,0.0,9.101123595505618,0.2528089887640449,13.146067415730336,2.2752808988764044,2.528089887640449,2.02247191011236,1.2640449438202246,0.7584269662921348,0.5056179775280899,5.814606741573034,0.0,5.308988764044944,2.2752808988764044,0.2528089887640449,2.528089887640449,0.5056179775280899,0.5056179775280899,0.0,2.02247191011236,2.02247191011236,1.0112359550561798,0.2528089887640449,0.0,0.0,77.61,25.0,0.0,50.0,25.0,39.66,42.86,100.0,0.2726371334877938,0.1609876633368858,0.5056179775280899,1.7696629213483146,0.1044096370786516,0.7584269662921348,0.5056179775280899,0.7584269662921348,0.029885217977528,5.561797752808989,ST,54,38,60,42,63,58,92,35,42,62,56,63,25,69,79,33,96,71,31,52,69,63,69,75,48,50,81,31,38,56,21,35,46,87,54,77,52,81,92,79,35,40,42,65,46,38,58,42,46,58,96,35,35,69,50,58,25,69,81,27,92,81,27,52,65,58,73,77,48,50,81,31,38,56,21,35,46,87,54,88,50,85,96,81,35,35,46,77,Danish Superliga
Nordsjælland,77tfx9me4aaqhzv78bmgsy9bg,drzdo6ouxi5n4jafhfajpor85,N. Røjkjær,Nicklas Røjkjær,28.0,Midfielder,Denmark,Midfielder,91.0,3.0,166.0,6.0,254.0,3.0,8.0,8.0,6.0,2.0,3.0,23.0,3.0,389.0,21.0,5.0,8.0,2.0,1.0,3.0,0.0,4.0,4.0,3.0,0.0,0.0,0.0,90.07,54.55,15.79,75.0,37.5,47.92,60.0,66.67,0.7133147136467761,0.805464893719859,3.0,21.0,0.4876402,9.0,25.0,21.0,0.69316236,112.0,21.053984575835475,0.6940874035989718,38.40616966580977,1.3881748071979436,58.76606683804628,0.6940874035989718,1.850899742930592,1.850899742930592,1.3881748071979436,0.4627249357326478,0.6940874035989718,5.32133676092545,0.6940874035989718,4.858611825192803,1.1568123393316196,1.850899742930592,0.4627249357326478,0.2313624678663239,0.6940874035989718,0.0,0.9254498714652956,0.9254498714652956,0.6940874035989718,0.0,0.0,0.0,90.07,54.55,15.79,75.0,37.5,47.92,60.0,66.67,0.1650342525146783,0.1863543455907128,0.6940874035989718,4.858611825192803,0.1128216401028277,2.082262210796915,5.784061696658098,4.858611825192803,0.1603717542416452,25.91259640102828,CM/AM,72,59,70,57,70,37,33,33,57,22,52,48,48,65,43,72,20,50,52,52,20,20,41,26,50,52,96,72,35,96,67,57,87,70,39,48,52,72,65,67,67,63,39,65,91,70,96,57,91,48,57,52,74,17,70,70,61,87,48,83,22,52,61,52,22,22,48,26,50,52,96,72,35,96,67,57,87,70,48,61,61,96,87,91,83,61,70,78,Danish Superliga
Nordsjælland,77tfx9me4aaqhzv78bmgsy9bg,tjwcwnzx8w0rv41nr6ebhxck,P. Amoako,Prince Amoako,19.0,Attacker,Ghana,Striker,12.0,5.0,99.0,4.0,106.0,1.0,11.0,24.0,19.0,5.0,14.0,34.0,4.0,432.0,52.0,6.0,2.0,0.0,0.0,4.0,0.0,57.0,61.0,23.0,0.0,0.0,0.0,61.63,20.0,35.71,40.35,16.67,40.96,50.0,50.0,2.729842842724727,0.878076120769007,11.0,17.0,0.4632330999999999,6.0,13.0,18.0,0.97796119,62.0,2.5,1.0416666666666667,20.625,0.8333333333333334,22.083333333333336,0.2083333333333333,2.291666666666667,5.0,3.9583333333333335,1.0416666666666667,2.916666666666667,7.083333333333334,0.8333333333333334,10.833333333333334,1.25,0.4166666666666667,0.0,0.0,0.8333333333333334,0.0,11.875,12.708333333333334,4.791666666666667,0.0,0.0,0.0,61.63,20.0,35.71,40.35,16.67,40.96,50.0,50.0,0.5687172589009848,0.1829325251602098,2.291666666666667,3.541666666666667,0.0965068958333333,1.25,2.708333333333333,3.75,0.2037419145833333,12.916666666666668,LW,29,64,86,86,57,29,64,100,100,64,100,79,93,86,29,29,21,21,43,57,100,100,100,21,57,57,14,36,100,43,29,57,93,43,100,57,93,57,57,64,93,100,43,100,29,71,100,86,86,29,100,86,100,71,100,100,86,100,29,29,21,21,57,57,100,100,100,21,57,57,14,36,100,43,29,57,93,43,100,57,86,86,71,86,100,100,71,100,Danish Superliga
Lyngby,anga7587r1zv4ey71ge9zxol3,4qqaok0kamm887gckta83gv6d,J. Thomasen,Jens Thomasen,30.0,Midfielder,Denmark,Midfielder,48.0,0.0,103.0,3.0,151.0,4.0,2.0,3.0,0.0,3.0,1.0,16.0,4.0,269.0,1.0,3.0,7.0,9.0,0.0,1.0,0.0,3.0,3.0,0.0,0.0,0.0,0.0,85.8,37.5,0.0,0.0,33.33,55.17,66.67,70.0,0.1624473314722605,0.1201790641533151,3.0,6.0,0.16858768,1.0,16.0,16.0,0.4271167499999999,88.0,16.059479553903344,0.0,34.46096654275093,1.003717472118959,50.52044609665428,1.338289962825279,0.6691449814126395,1.003717472118959,0.0,1.003717472118959,0.3345724907063197,5.353159851301116,1.338289962825279,0.3345724907063197,1.003717472118959,2.3420074349442377,3.011152416356877,0.0,0.3345724907063197,0.0,1.003717472118959,1.003717472118959,0.0,0.0,0.0,0.0,85.8,37.5,0.0,0.0,33.33,55.17,66.67,70.0,0.0543504082992693,0.0402086088245292,1.003717472118959,2.007434944237918,0.0564048,0.3345724907063197,5.353159851301116,5.353159851301116,0.1429015148698884,29.44237918215613,CM/AM,37,13,35,26,30,57,7,4,4,43,13,20,63,4,15,65,78,17,15,52,11,11,7,26,50,52,83,26,13,7,50,87,100,74,4,4,52,20,22,7,43,35,26,48,78,13,78,39,87,87,9,17,4,65,22,74,91,4,43,100,96,17,26,52,26,26,7,26,50,52,83,26,13,7,50,87,100,74,4,4,74,22,35,9,78,74,52,91,Danish Superliga
Lyngby,anga7587r1zv4ey71ge9zxol3,5ezedgrsrflkr1gi8o6eu7j3e,M. Fischer,Mikkel Fischer,22.0,Defender,Denmark,Defender,180.0,0.0,202.0,16.0,382.0,20.0,5.0,2.0,2.0,0.0,1.0,40.0,13.0,720.0,14.0,8.0,8.0,49.0,0.0,0.0,0.0,0.0,0.0,0.0,0.0,0.0,0.0,83.22,27.59,0.0,0.0,0.0,62.5,62.5,66.67,0.2582093750074222,0.5010372888098016,0.0,6.0,0.10586484,1.0,62.0,50.0,1.09630563,287.0,22.5,0.0,25.25,2.0,47.75,2.5,0.625,0.25,0.25,0.0,0.125,5.0,1.625,1.75,1.0,1.0,6.125,0.0,0.0,0.0,0.0,0.0,0.0,0.0,0.0,0.0,83.22,27.59,0.0,0.0,0.0,62.5,62.5,66.67,0.0322761718759277,0.0626296611012252,0.0,0.75,0.013233105,0.125,7.75,6.25,0.13703820375,35.875,CB,42,33,94,56,68,88,80,30,39,29,70,94,91,82,89,86,92,36,24,45,20,18,23,41,52,52,15,12,33,23,24,88,70,55,36,85,29,50,45,36,100,97,97,82,21,33,73,33,39,73,65,18,21,29,64,73,79,64,71,68,73,36,24,45,20,18,23,41,52,52,15,12,33,23,24,88,70,55,24,82,29,35,30,30,100,94,79,58,Danish Superliga
Lyngby,anga7587r1zv4ey71ge9zxol3,5k2hgogp2g5ivgdnq99ejp27e,Í. Þorvaldsson,Ísak Thorvaldsson,25.0,Attacker,Iceland,Striker,17.0,0.0,72.0,3.0,89.0,22.0,11.0,25.0,20.0,5.0,5.0,50.0,1.0,647.0,45.0,17.0,2.0,7.0,3.0,8.0,0.0,5.0,7.0,4.0,2.0,0.0,0.0,70.08,100.0,0.0,80.0,32.0,52.63,48.89,28.57,2.938276557655328,0.6547768997357598,5.0,12.0,0.61293122,5.0,7.0,8.0,0.28709302,32.0,2.364760432766615,0.0,10.015455950540955,0.4173106646058732,12.380216383307571,3.060278207109737,1.5301391035548686,3.4775888717156103,2.7820710973724885,0.6955177743431221,0.6955177743431221,6.9551777434312205,0.1391035548686244,6.259659969088099,2.364760432766615,0.2782071097372488,0.973724884080371,0.4173106646058732,1.1128284389489953,0.0,0.6955177743431221,0.973724884080371,0.5564142194744977,0.2782071097372488,0.0,0.0,70.08,100.0,0.0,80.0,32.0,52.63,48.89,28.57,0.4087247143570007,0.091081794399101,0.6955177743431221,1.669242658423493,0.0852609115919629,0.6955177743431221,0.973724884080371,1.1128284389489953,0.039935659659969,4.451313755795981,ST,60,38,88,79,88,100,96,100,100,83,96,100,60,96,100,50,73,90,92,52,42,54,69,98,48,50,42,92,38,96,42,81,62,27,100,81,85,96,96,96,87,73,73,87,8,38,69,62,38,73,77,69,73,54,81,77,50,85,85,31,46,65,69,52,27,27,35,88,48,50,42,92,38,96,42,81,62,27,81,58,62,81,88,69,65,54,62,54,Danish Superliga
Lyngby,anga7587r1zv4ey71ge9zxol3,6d0lxiep13vdv32bdb0xwyrys,L. Sandgrav,Lauge Sandgrav,21.0,Midfielder,Denmark,Midfielder,99.0,0.0,288.0,13.0,387.0,14.0,8.0,7.0,5.0,2.0,3.0,46.0,4.0,698.0,16.0,9.0,11.0,18.0,0.0,1.0,0.0,13.0,13.0,8.0,0.0,0.0,0.0,82.52,41.94,0.0,61.54,14.29,50.0,53.85,73.33,0.6358905141547971,0.5843502163905,1.0,34.0,0.8547770599999998,15.0,56.0,60.0,1.8999097300000003,217.0,12.765042979942692,0.0,37.134670487106014,1.67621776504298,49.89971346704871,1.805157593123209,1.0315186246418335,0.9025787965616046,0.6446991404011462,0.2578796561604584,0.3868194842406877,5.9312320916905446,0.5157593123209169,2.0630372492836675,1.160458452722063,1.4183381088825215,2.320916905444126,0.0,0.1289398280802292,0.0,1.67621776504298,1.67621776504298,1.0315186246418335,0.0,0.0,0.0,82.52,41.94,0.0,61.54,14.29,50.0,53.85,73.33,0.0819916135729681,0.0753460164400358,0.1289398280802292,4.383954154727793,0.1102148071633237,1.9340974212034383,7.220630372492836,7.736389684813753,0.2449740339541547,27.979942693409743,CM/AM,78,13,100,87,96,96,33,24,35,22,52,91,63,41,70,91,100,17,15,52,78,74,80,26,50,52,48,30,13,78,17,67,76,78,30,26,20,100,91,96,96,96,96,96,57,13,91,70,83,96,17,9,22,9,26,87,43,30,52,74,91,17,9,52,61,61,70,26,50,52,48,30,13,78,17,67,76,78,17,17,13,87,78,87,87,91,91,87,Danish Superliga
Lyngby,anga7587r1zv4ey71ge9zxol3,6zhj070huc77sl5o5bx6ey5g4,G. Fraulo,Gustav Fraulo,21.0,Midfielder,Denmark,Midfielder,47.0,7.0,191.0,13.0,231.0,1.0,13.0,16.0,10.0,6.0,6.0,22.0,2.0,690.0,26.0,5.0,5.0,8.0,1.0,4.0,0.0,18.0,18.0,7.0,0.0,0.0,0.0,75.24,50.0,33.33,38.89,25.0,30.14,11.11,50.0,1.1502995639994236,1.4678628193342016,7.0,18.0,0.5086286400000001,10.0,24.0,33.0,1.9938381900000004,107.0,6.130434782608695,0.9130434782608696,24.913043478260867,1.6956521739130437,30.13043478260869,0.1304347826086956,1.6956521739130437,2.0869565217391304,1.3043478260869563,0.7826086956521738,0.7826086956521738,2.869565217391304,0.2608695652173913,3.391304347826087,0.6521739130434783,0.6521739130434783,1.0434782608695652,0.1304347826086956,0.5217391304347826,0.0,2.347826086956521,2.347826086956521,0.9130434782608696,0.0,0.0,0.0,75.24,50.0,33.33,38.89,25.0,30.14,11.11,50.0,0.1500390735651422,0.1914603677392437,0.9130434782608696,2.347826086956521,0.0663428660869565,1.3043478260869563,3.130434782608696,4.304347826086956,0.2600658508695652,13.956521739130434,RM/RCM,33,92,100,100,83,50,83,83,100,75,92,50,33,67,42,42,75,83,67,58,75,58,67,33,58,58,17,83,83,67,33,17,50,33,83,83,92,50,50,83,75,100,100,83,17,67,67,67,50,50,67,50,67,33,50,33,17,33,17,33,50,83,33,58,33,33,33,33,58,58,17,83,83,67,33,17,50,33,50,67,50,33,33,50,67,83,83,50,Danish Superliga
Lyngby,anga7587r1zv4ey71ge9zxol3,76ccxx0spulpjip53ecuhgb9w,D. Aronsson,Davíd Aronsson,19.0,Defender,Iceland,Defender,68.0,0.0,60.0,7.0,128.0,9.0,0.0,0.0,0.0,0.0,0.0,15.0,2.0,275.0,1.0,1.0,1.0,14.0,0.0,0.0,0.0,1.0,1.0,0.0,0.0,0.0,0.0,77.58,22.58,0.0,0.0,0.0,71.43,0.0,20.0,0.0,0.0,0.0,0.0,0.0,0.0,0.0,0.0,0.0,0.0,22.254545454545458,0.0,19.63636363636364,2.290909090909091,41.89090909090909,2.9454545454545458,0.0,0.0,0.0,0.0,0.0,4.909090909090909,0.6545454545454545,0.3272727272727272,0.3272727272727272,0.3272727272727272,4.581818181818182,0.0,0.0,0.0,0.3272727272727272,0.3272727272727272,0.0,0.0,0.0,0.0,77.58,22.58,0.0,0.0,0.0,71.43,0.0,20.0,0.0,0.0,0.0,0.0,0.0,0.0,0.0,0.0,0.0,0.0,LB/LCB,44,12,19,28,38,88,9,9,16,22,28,38,12,12,12,12,50,47,25,47,22,16,12,31,53,53,50,6,12,12,25,100,12,6,9,9,19,9,9,12,9,9,9,9,56,12,69,75,62,100,9,9,16,22,28,69,25,12,12,19,88,47,25,47,38,31,12,31,53,53,50,6,12,12,25,100,12,6,9,9,19,9,9,12,9,9,9,9,Danish Superliga
Lyngby,anga7587r1zv4ey71ge9zxol3,8822s8ns7oyvjqade4oaxzg0l,O. Buur,Oskar Buur,28.0,Defender,Denmark,Defender,76.0,5.0,142.0,13.0,213.0,5.0,5.0,0.0,0.0,0.0,0.0,21.0,16.0,635.0,10.0,3.0,9.0,18.0,0.0,0.0,0.0,7.0,10.0,1.0,2.0,0.0,0.0,82.56,44.83,35.71,14.29,0.0,45.65,45.45,75.0,0.0,0.6804258797797565,0.0,10.0,0.30395332,5.0,10.0,17.0,1.5540912799999995,92.0,10.771653543307089,0.7086614173228347,20.125984251968504,1.84251968503937,30.18897637795276,0.7086614173228347,0.7086614173228347,0.0,0.0,0.0,0.0,2.9763779527559056,2.267716535433071,1.4173228346456694,0.4251968503937008,1.2755905511811023,2.5511811023622046,0.0,0.0,0.0,0.9921259842519684,1.4173228346456694,0.1417322834645669,0.2834645669291338,0.0,0.0,82.56,44.83,35.71,14.29,0.0,45.65,45.45,75.0,0.0,0.0964383136695718,0.0,1.4173228346456694,0.0430799981102362,0.7086614173228347,1.4173228346456694,2.409448818897638,0.2202649058267715,13.039370078740156,RB/RCB,33,83,67,62,50,33,79,8,8,21,29,42,92,62,42,75,67,42,21,46,71,75,21,96,54,54,50,75,83,8,21,8,12,75,8,83,29,62,83,62,29,42,92,42,17,83,67,67,17,17,50,8,8,21,29,8,83,58,42,75,33,42,21,46,58,67,8,92,54,54,50,75,83,8,21,8,12,75,8,58,29,33,50,42,17,17,92,25,Danish Superliga
Lyngby,anga7587r1zv4ey71ge9zxol3,8jyfsal0lbf0ia92axymn2l1w,O. Højer,Oliver Højer,19.0,Midfielder,Denmark,Midfielder,27.0,4.0,85.0,2.0,108.0,9.0,7.0,6.0,4.0,2.0,2.0,34.0,1.0,344.0,19.0,3.0,4.0,4.0,0.0,2.0,0.0,17.0,17.0,8.0,0.0,0.0,0.0,82.44,50.0,20.0,47.06,33.33,55.74,69.23,28.57,0.6296113298696759,0.6840106246934423,0.0,13.0,0.4195475299999999,4.0,5.0,7.0,0.3183272199999999,33.0,7.063953488372093,1.0465116279069766,22.23837209302325,0.5232558139534883,28.25581395348837,2.3546511627906974,1.8313953488372088,1.569767441860465,1.0465116279069766,0.5232558139534883,0.5232558139534883,8.895348837209301,0.2616279069767441,4.970930232558139,0.7848837209302325,1.0465116279069766,1.0465116279069766,0.0,0.5232558139534883,0.0,4.447674418604651,4.447674418604651,2.093023255813953,0.0,0.0,0.0,82.44,50.0,20.0,47.06,33.33,55.74,69.23,28.57,0.1647238944426477,0.1789562680884006,0.0,3.4011627906976742,0.1097653421511627,1.0465116279069766,1.3081395348837208,1.8313953488372088,0.0832832843023255,8.633720930232558,LM/LCM,67,67,67,50,67,100,100,67,67,50,50,100,50,67,50,100,67,50,67,67,67,67,67,50,67,67,100,67,33,100,67,100,100,67,67,67,50,67,67,67,33,67,33,67,100,67,100,33,100,100,67,33,33,33,33,100,67,67,67,100,67,50,67,67,67,33,100,50,67,67,100,67,33,100,67,100,100,67,67,67,50,67,67,67,33,67,67,67,Danish Superliga
Lyngby,anga7587r1zv4ey71ge9zxol3,8npu0cbqjrhwv5km1w29kh016,S. Colyn,Simon Colyn,24.0,Midfielder,Canada,Midfielder,36.0,6.0,151.0,3.0,181.0,28.0,15.0,24.0,19.0,5.0,6.0,72.0,1.0,653.0,55.0,25.0,12.0,8.0,3.0,7.0,0.0,11.0,12.0,4.0,1.0,0.0,0.0,75.42,42.86,33.33,36.36,29.17,56.25,65.12,75.0,2.635845442119012,1.5274481446689796,5.0,17.0,0.6776821100000001,8.0,7.0,21.0,0.8610488800000001,63.0,4.961715160796325,0.8269525267993875,20.81163859111792,0.4134762633996937,24.94640122511485,3.859111791730475,2.0673813169984685,3.30781010719755,2.6186830015313936,0.6891271056661562,0.8269525267993875,9.92343032159265,0.1378254211332312,7.580398162327718,3.445635528330781,1.653905053598775,1.10260336906585,0.4134762633996937,0.9647779479326188,0.0,1.5160796324655437,1.653905053598775,0.5513016845329249,0.1378254211332312,0.0,0.0,75.42,42.86,33.33,36.36,29.17,56.25,65.12,75.0,0.3632865081021609,0.2105211837981748,0.6891271056661562,2.343032159264931,0.0934018222052067,1.10260336906585,0.9647779479326188,2.894333843797856,0.1186744245022971,8.683001531393568,CM/AM,22,80,65,26,48,100,87,100,100,67,87,100,17,100,100,96,72,91,89,52,70,70,52,67,50,52,13,39,78,35,39,91,96,87,100,87,76,59,74,59,11,63,57,35,4,78,48,17,26,100,65,91,96,52,78,100,9,96,100,78,74,83,87,52,43,57,39,61,50,52,13,39,78,35,39,91,96,87,91,74,57,35,65,39,4,35,35,13,Danish Superliga
Lyngby,anga7587r1zv4ey71ge9zxol3,9yvaqepplk8s4cjqjbtyb24gk,R. Tytens,Renzo Tytens,21.0,Defender,Belgium,Defender,49.0,3.0,115.0,9.0,161.0,5.0,4.0,13.0,6.0,7.0,6.0,33.0,8.0,637.0,11.0,11.0,13.0,17.0,1.0,1.0,0.0,3.0,3.0,2.0,0.0,0.0,0.0,72.2,25.71,12.5,66.67,7.69,54.1,50.0,86.67,1.0233249664474364,0.3363046755177838,5.0,8.0,0.2249214699999999,6.0,13.0,24.0,0.59193838,68.0,6.923076923076923,0.423861852433281,16.248037676609105,1.2715855572998431,22.747252747252748,0.7064364207221351,0.565149136577708,1.836734693877551,0.847723704866562,0.989010989010989,0.847723704866562,4.662480376766092,1.130298273155416,1.554160125588697,1.554160125588697,1.836734693877551,2.401883830455259,0.141287284144427,0.141287284144427,0.0,0.423861852433281,0.423861852433281,0.282574568288854,0.0,0.0,0.0,72.2,25.71,12.5,66.67,7.69,54.1,50.0,86.67,0.1445828053065452,0.0475155742489804,0.7064364207221351,1.130298273155416,0.0317785436420722,0.847723704866562,1.836734693877551,3.390894819466248,0.0836333660910518,9.607535321821036,LB/LCB,25,62,81,44,50,56,59,100,97,100,100,69,75,75,91,94,56,97,69,47,53,53,59,31,53,53,12,12,34,66,50,44,78,88,100,44,100,62,56,69,44,66,31,53,6,62,56,19,25,50,56,100,94,100,100,62,62,44,81,100,31,94,50,47,44,44,44,31,53,53,12,12,34,66,50,44,78,88,94,38,88,44,44,62,25,44,31,31,Danish Superliga
Lyngby,anga7587r1zv4ey71ge9zxol3,ajjw1ikceu3g39sy6dsf9kdg4,M. Garan'anga,Munashe Garan'anga,25.0,Defender,Zimbabwe,Defender,140.0,0.0,66.0,13.0,206.0,16.0,1.0,5.0,4.0,1.0,2.0,28.0,6.0,477.0,8.0,3.0,4.0,43.0,0.0,2.0,0.0,0.0,0.0,0.0,0.0,0.0,0.0,86.92,48.15,0.0,0.0,40.0,54.9,66.67,40.0,0.6282795767348992,0.0,1.0,1.0,0.01685596,0.0,13.0,15.0,0.3470194100000001,133.0,26.41509433962264,0.0,12.452830188679243,2.452830188679245,38.86792452830189,3.018867924528302,0.1886792452830188,0.9433962264150944,0.7547169811320755,0.1886792452830188,0.3773584905660377,5.283018867924529,1.1320754716981132,1.509433962264151,0.5660377358490566,0.7547169811320755,8.11320754716981,0.0,0.3773584905660377,0.0,0.0,0.0,0.0,0.0,0.0,0.0,86.92,48.15,0.0,0.0,40.0,54.9,66.67,40.0,0.1185433163650753,0.0,0.1886792452830188,0.1886792452830188,0.0031803698113207,0.0,2.452830188679245,2.830188679245284,0.0654753603773585,25.09433962264151,CB,30,33,14,47,23,82,27,80,79,70,86,73,50,59,42,38,73,36,82,45,20,18,23,41,52,52,39,48,33,23,79,42,88,12,82,8,71,12,9,14,39,38,18,30,33,33,21,42,24,82,21,85,82,73,85,79,45,58,42,33,94,36,85,45,20,18,23,41,52,52,39,48,33,23,79,42,88,12,85,8,73,9,9,14,36,36,18,30,Danish Superliga
OB,dbl7ir1qugqz8nvp1vzn8im50,1hbucfyn2l3bxcw5r4zcb1dlg,C. Gammelgaard,Christian Gammelgaard,23.0,Attacker,Denmark,Striker,28.0,7.0,67.0,1.0,88.0,1.0,9.0,3.0,3.0,0.0,1.0,5.0,0.0,324.0,10.0,2.0,0.0,1.0,0.0,1.0,0.0,2.0,2.0,0.0,0.0,0.0,0.0,88.0,25.0,21.88,0.0,33.33,27.78,50.0,0.0,0.2907712322782008,1.070484211296998,0.0,12.0,0.30272762,5.0,1.0,3.0,0.5685399800000001,21.0,7.777777777777778,1.9444444444444444,18.61111111111111,0.2777777777777778,24.444444444444443,0.2777777777777778,2.5,0.8333333333333333,0.8333333333333333,0.0,0.2777777777777778,1.3888888888888888,0.0,2.7777777777777777,0.5555555555555556,0.0,0.2777777777777778,0.0,0.2777777777777778,0.0,0.5555555555555556,0.5555555555555556,0.0,0.0,0.0,0.0,88.0,25.0,21.88,0.0,33.33,27.78,50.0,0.0,0.0807697867439446,0.2973567253602772,0.0,3.333333333333333,0.0840910055555555,1.3888888888888888,0.2777777777777778,0.8333333333333333,0.1579277722222222,5.833333333333333,RW,100,100,75,88,100,50,100,25,25,25,38,25,38,25,25,25,75,25,25,62,25,25,25,38,62,62,100,75,75,25,75,25,100,25,25,100,25,50,25,75,50,62,50,75,100,100,100,100,100,50,100,25,25,25,50,25,38,25,25,25,100,25,25,62,25,25,25,38,62,62,100,75,75,25,75,25,100,25,25,100,25,100,25,75,50,100,75,100,Danish Superliga
OB,dbl7ir1qugqz8nvp1vzn8im50,2mhcqwpftx46hwl2r7smhog6h,F. Arp,Fiete Arp,26.0,Attacker,Germany,Striker,25.0,2.0,78.0,5.0,101.0,0.0,6.0,12.0,4.0,8.0,0.0,24.0,0.0,405.0,9.0,6.0,5.0,7.0,2.0,5.0,0.0,16.0,17.0,12.0,0.0,1.0,1.0,69.66,27.78,10.0,75.0,41.67,36.36,0.0,83.33,1.057536093501002,0.742927397379636,8.0,4.0,0.09270623,1.0,14.0,21.0,0.69025078,48.0,5.555555555555555,0.4444444444444444,17.333333333333332,1.1111111111111112,22.444444444444443,0.0,1.3333333333333333,2.6666666666666665,0.8888888888888888,1.7777777777777777,0.0,5.333333333333333,0.0,2.0,1.3333333333333333,1.1111111111111112,1.5555555555555556,0.4444444444444444,1.1111111111111112,0.0,3.555555555555556,3.7777777777777777,2.6666666666666665,0.0,0.2222222222222222,0.2222222222222222,69.66,27.78,10.0,75.0,41.67,36.36,0.0,83.33,0.2350080207780004,0.1650949771954746,1.7777777777777777,0.8888888888888888,0.0206013844444444,0.2222222222222222,3.111111111111111,4.666666666666667,0.1533890622222222,10.666666666666666,ST,88,90,92,96,96,6,63,63,29,100,10,69,25,12,63,88,73,71,65,52,92,92,96,29,98,100,38,35,77,90,69,19,6,69,50,92,100,42,23,25,100,100,96,92,81,88,100,92,100,6,58,62,19,100,10,38,25,4,58,77,81,73,65,52,88,88,92,29,96,100,38,35,77,90,69,19,6,69,46,92,100,35,19,19,100,100,96,100,Danish Superliga
OB,dbl7ir1qugqz8nvp1vzn8im50,3leszpgxgiq8157tjrvi4fe21,P. Therkildsen,Peter Therkildsen,28.0,Defender,Denmark,Defender,53.0,1.0,63.0,4.0,115.0,5.0,2.0,2.0,2.0,0.0,0.0,20.0,8.0,287.0,9.0,3.0,8.0,16.0,0.0,0.0,0.0,2.0,3.0,1.0,0.0,0.0,0.0,79.86,25.0,9.09,50.0,0.0,54.05,50.0,72.73,0.2962363749711375,0.1417813035675477,0.0,6.0,0.15861766,3.0,10.0,25.0,0.46196722,62.0,16.62020905923345,0.313588850174216,19.756097560975608,1.254355400696864,36.06271777003485,1.56794425087108,0.627177700348432,0.627177700348432,0.627177700348432,0.0,0.0,6.2717770034843205,2.508710801393728,2.822299651567944,0.940766550522648,2.508710801393728,5.017421602787456,0.0,0.0,0.0,0.627177700348432,0.940766550522648,0.313588850174216,0.0,0.0,0.0,79.86,25.0,9.09,50.0,0.0,54.05,50.0,72.73,0.0928964242069769,0.0444610359619487,0.0,1.881533101045296,0.0497407296167247,0.940766550522648,3.1358885017421603,7.8397212543554,0.1448677693379791,19.44250871080139,RB/RCB,25,25,25,33,25,33,17,33,50,21,29,33,58,50,42,54,58,42,21,46,29,38,21,42,54,54,25,29,17,46,21,42,25,58,33,17,29,29,33,42,29,50,17,25,42,25,58,42,50,83,33,58,75,21,29,100,100,92,50,100,92,42,21,46,42,50,42,42,54,54,25,29,17,46,21,42,25,58,83,33,29,58,67,83,50,100,33,50,Danish Superliga
OB,dbl7ir1qugqz8nvp1vzn8im50,3ukx6q0q54uzz78gl7k10o2dw,M. Andersen,Magnus Andersen,20.0,Defender,Denmark,Defender,22.0,2.0,105.0,1.0,125.0,2.0,3.0,3.0,2.0,1.0,1.0,18.0,3.0,300.0,11.0,4.0,7.0,2.0,0.0,1.0,0.0,9.0,9.0,2.0,0.0,0.0,0.0,86.21,25.0,15.38,22.22,33.33,47.37,66.67,70.0,0.2203378277743887,0.3801510630893058,1.0,16.0,0.40541291,7.0,11.0,15.0,0.6914594099999997,48.0,6.6,0.6,31.5,0.3,37.5,0.6,0.8999999999999999,0.8999999999999999,0.6,0.3,0.3,5.4,0.8999999999999999,3.3,1.2,2.1,0.6,0.0,0.3,0.0,2.7,2.7,0.6,0.0,0.0,0.0,86.21,25.0,15.38,22.22,33.33,47.37,66.67,70.0,0.0661013483323166,0.1140453189267917,0.3,4.8,0.121623873,2.1,3.3,4.5,0.2074378229999998,14.4,CB,6,89,48,3,9,6,59,48,39,70,70,30,18,77,56,74,3,36,61,45,100,100,89,41,52,52,30,9,70,48,70,23,88,62,27,76,71,94,97,91,30,38,61,9,6,94,100,3,21,12,85,79,68,82,79,82,27,94,82,100,3,36,82,45,100,100,97,41,52,52,30,9,70,48,70,23,88,62,58,91,85,100,100,97,52,64,97,15,Danish Superliga
OB,dbl7ir1qugqz8nvp1vzn8im50,49m6v23y89mzt0tfccsamswoa,N. Ganaus,Noah Ganaus,25.0,Attacker,Germany,Striker,25.0,5.0,80.0,1.0,100.0,11.0,13.0,18.0,13.0,5.0,4.0,32.0,2.0,631.0,26.0,9.0,0.0,7.0,1.0,6.0,0.0,15.0,15.0,8.0,0.0,0.0,0.0,76.92,33.33,55.56,53.33,33.33,43.84,45.83,0.0,2.038608479048756,1.097423925640298,5.0,10.0,0.33561351,1.0,3.0,8.0,0.4441947600000001,23.0,3.565768621236133,0.7131537242472267,11.410459587955629,0.1426307448494453,14.263074484944532,1.5689381933438986,1.8541996830427887,2.567353407290016,1.8541996830427887,0.7131537242472267,0.5705229793977813,4.56418383518225,0.2852614896988906,3.7083993660855774,1.283676703645008,0.0,0.9984152139461172,0.1426307448494453,0.8557844690966719,0.0,2.13946117274168,2.13946117274168,1.1410459587955626,0.0,0.0,0.0,76.92,33.33,55.56,53.33,33.33,43.84,45.83,0.0,0.2907682458231189,0.156526391929678,0.7131537242472267,1.4263074484944531,0.0478688049128367,0.1426307448494453,0.4278922345483359,1.1410459587955626,0.0633558294770206,3.2805071315372425,ST,88,98,96,42,92,71,100,90,81,83,88,85,85,83,79,12,73,42,73,52,88,88,88,29,48,50,71,44,100,62,50,58,54,12,88,100,85,92,88,25,60,73,81,71,38,96,81,31,58,38,88,58,62,58,58,27,65,31,54,12,54,27,50,52,69,62,77,29,48,50,71,44,100,62,50,58,54,12,62,85,65,69,54,15,27,58,73,23,Danish Superliga
OB,dbl7ir1qugqz8nvp1vzn8im50,4n002w0ii1wqwx8t5xc1bzf2s,J. Berthel Askou,Julius Berthel Askou,20.0,Defender,Denmark,Defender,216.0,1.0,175.0,19.0,390.0,21.0,5.0,3.0,3.0,0.0,0.0,38.0,7.0,573.0,10.0,6.0,5.0,49.0,0.0,0.0,1.0,1.0,1.0,1.0,0.0,0.0,0.0,89.24,44.19,50.0,100.0,0.0,59.38,65.62,50.0,0.4695281722521457,0.2502367500880215,0.0,7.0,0.13731738,3.0,27.0,36.0,0.8681557099999998,286.0,33.92670157068063,0.1570680628272251,27.4869109947644,2.984293193717278,61.25654450261781,3.298429319371728,0.7853403141361257,0.4712041884816754,0.4712041884816754,0.0,0.0,5.968586387434556,1.099476439790576,1.5706806282722514,0.9424083769633508,0.7853403141361257,7.696335078534032,0.0,0.0,0.1570680628272251,0.1570680628272251,0.1570680628272251,0.1570680628272251,0.0,0.0,0.0,89.24,44.19,50.0,100.0,0.0,59.38,65.62,50.0,0.0737478804584522,0.0393042015845059,0.0,1.099476439790576,0.0215681748691099,0.4712041884816754,4.240837696335079,5.654450261780105,0.1363595356020942,44.92146596858639,CB,64,74,85,61,76,91,80,48,65,29,30,88,61,71,77,50,92,36,24,95,48,47,64,41,52,52,67,36,92,92,24,61,79,27,73,67,29,59,55,58,76,85,82,79,45,73,91,61,67,88,79,39,61,29,30,94,39,61,67,42,91,36,24,97,52,48,70,41,52,52,67,36,92,92,24,61,79,27,64,61,29,52,55,55,67,82,76,85,Danish Superliga
OB,dbl7ir1qugqz8nvp1vzn8im50,8f1mw21tbkct0slelpdznf7dg,M. McCoy,Marcus McCoy,21.0,Defender,Denmark,Defender,154.0,3.0,152.0,13.0,303.0,10.0,2.0,9.0,5.0,4.0,4.0,39.0,4.0,693.0,10.0,11.0,8.0,26.0,0.0,1.0,0.0,11.0,11.0,4.0,0.0,0.0,0.0,84.87,40.62,18.75,36.36,11.11,54.93,52.63,57.14,0.6108952009721992,0.2206494909943828,5.0,8.0,0.19678103,10.0,40.0,33.0,1.3087875699999991,155.0,20.0,0.3896103896103896,19.74025974025974,1.6883116883116882,39.35064935064935,1.2987012987012987,0.2597402597402597,1.1688311688311688,0.6493506493506493,0.5194805194805194,0.5194805194805194,5.064935064935065,0.5194805194805194,1.2987012987012987,1.4285714285714286,1.0389610389610389,3.3766233766233764,0.0,0.1298701298701298,0.0,1.4285714285714286,1.4285714285714286,0.5194805194805194,0.0,0.0,0.0,84.87,40.62,18.75,36.36,11.11,54.93,52.63,57.14,0.0793370390872986,0.0286557780512185,0.6493506493506493,1.0389610389610389,0.0255559779220779,1.2987012987012987,5.194805194805195,4.285714285714286,0.1699724116883115,20.12987012987013,RB/RCB,75,54,75,62,75,83,17,100,92,96,100,88,33,62,100,54,83,42,58,46,88,88,75,42,54,54,75,58,25,17,42,50,42,25,83,25,100,42,42,92,100,67,67,75,58,42,50,50,67,42,8,83,92,83,92,75,17,50,83,33,67,42,42,46,83,83,58,42,54,54,75,58,25,17,42,50,42,25,67,25,92,25,25,92,92,67,58,67,Danish Superliga
OB,dbl7ir1qugqz8nvp1vzn8im50,8qn89v5q0gjb5q5imnhu8ztyi,T. Keskinen,Topi Keskinen,23.0,Attacker,Finland,Striker,27.0,5.0,106.0,2.0,128.0,2.0,13.0,20.0,18.0,2.0,10.0,34.0,0.0,633.0,53.0,4.0,6.0,4.0,1.0,7.0,0.0,36.0,37.0,17.0,1.0,0.0,0.0,74.42,25.0,17.86,47.22,35.0,37.78,20.0,54.55,1.8140643889221453,1.286686679632451,10.0,20.0,0.61572787,6.0,4.0,14.0,1.3519731599999998,44.0,3.838862559241706,0.7109004739336493,15.071090047393366,0.2843601895734597,18.19905213270142,0.2843601895734597,1.848341232227488,2.843601895734597,2.5592417061611377,0.2843601895734597,1.4218009478672986,4.834123222748815,0.0,7.535545023696683,0.5687203791469194,0.8530805687203792,0.5687203791469194,0.1421800947867298,0.9952606635071092,0.0,5.118483412322275,5.260663507109005,2.4170616113744074,0.1421800947867298,0.0,0.0,74.42,25.0,17.86,47.22,35.0,37.78,20.0,54.55,0.2579238467661818,0.1829412340709646,1.4218009478672986,2.843601895734597,0.0875442469194312,0.8530805687203792,0.5687203791469194,1.990521327014218,0.1922236720379146,6.2559241706161135,LW,64,64,100,64,100,64,93,57,86,14,86,79,21,100,14,100,71,50,93,57,64,57,86,57,57,57,71,57,29,71,86,43,29,57,57,86,64,71,71,64,29,64,86,71,43,43,71,57,57,43,71,57,71,14,71,43,21,86,14,100,57,43,71,57,57,57,86,43,57,57,71,57,29,71,86,43,29,57,43,71,43,57,57,57,29,57,57,71,Danish Superliga
OB,dbl7ir1qugqz8nvp1vzn8im50,aulhjgm35swnx4k3rexbds8ut,U. Yttergård Jenssen,Ulrik Yttergård Jenssen,30.0,Defender,Norway,Defender,77.0,0.0,93.0,9.0,170.0,4.0,1.0,6.0,5.0,1.0,2.0,8.0,6.0,296.0,10.0,1.0,1.0,11.0,0.0,1.0,0.0,1.0,1.0,1.0,0.0,0.0,0.0,85.0,37.5,0.0,100.0,16.67,32.0,30.77,50.0,0.6138088594221742,0.058537826373687,1.0,6.0,0.14304416,7.0,27.0,26.0,0.50281717,91.0,23.41216216216216,0.0,28.277027027027028,2.7364864864864864,51.68918918918919,1.2162162162162162,0.304054054054054,1.8243243243243243,1.5202702702702704,0.304054054054054,0.6081081081081081,2.4324324324324325,1.8243243243243243,3.040540540540541,0.304054054054054,0.304054054054054,3.3445945945945947,0.0,0.304054054054054,0.0,0.304054054054054,0.304054054054054,0.304054054054054,0.0,0.0,0.0,85.0,37.5,0.0,100.0,16.67,32.0,30.77,50.0,0.186631072121607,0.0177986634244318,0.304054054054054,1.8243243243243243,0.0434931567567567,2.1283783783783785,8.20945945945946,7.905405405405406,0.1528835989864865,27.66891891891892,LB/LCB,56,12,59,44,56,50,22,84,81,53,88,12,56,69,12,12,38,47,69,47,22,16,34,31,53,53,75,56,12,91,56,6,38,41,81,19,50,41,38,75,81,81,25,62,75,12,94,81,94,69,19,94,100,69,88,12,88,94,6,12,62,47,88,47,31,19,50,31,53,53,75,56,12,91,56,6,38,41,100,19,69,69,62,94,94,94,50,88,Danish Superliga
OB,dbl7ir1qugqz8nvp1vzn8im50,b9etqcvi0eueu0bh49roth638,I. Ouédraogo,Ismahila Ouédraogo,26.0,Midfielder,Burkina Faso,Midfielder,127.0,0.0,210.0,17.0,337.0,0.0,1.0,2.0,0.0,2.0,1.0,23.0,9.0,585.0,0.0,6.0,8.0,12.0,0.0,0.0,0.0,2.0,2.0,1.0,0.0,0.0,0.0,88.92,50.0,0.0,50.0,0.0,53.49,0.0,50.0,0.1641758834051652,0.0841837133159364,1.0,9.0,0.18776978,6.0,42.0,37.0,0.6573889,201.0,19.53846153846154,0.0,32.30769230769231,2.6153846153846154,51.84615384615385,0.0,0.1538461538461538,0.3076923076923077,0.0,0.3076923076923077,0.1538461538461538,3.5384615384615383,1.3846153846153846,0.0,0.9230769230769232,1.2307692307692308,1.8461538461538465,0.0,0.0,0.0,0.3076923076923077,0.3076923076923077,0.1538461538461538,0.0,0.0,0.0,88.92,50.0,0.0,50.0,0.0,53.49,0.0,50.0,0.0252578282161792,0.012951340510144,0.1538461538461538,1.3846153846153846,0.0288876584615384,0.9230769230769232,6.461538461538462,5.6923076923076925,0.1011367538461538,30.923076923076923,DM/CM,72,29,93,90,86,9,10,34,21,47,53,45,66,7,50,53,71,34,17,45,29,29,40,28,52,52,90,52,29,62,17,55,9,28,28,17,40,66,62,71,88,86,72,86,59,29,93,79,86,9,7,34,21,45,41,28,55,7,38,55,62,34,17,45,17,17,31,28,52,52,90,52,29,62,17,55,9,28,21,21,38,62,59,72,93,93,62,90,Danish Superliga
OB,dbl7ir1qugqz8nvp1vzn8im50,bbripu6sojfgwvdahoparudey,A. Ahl-Holmström,Alexander Ahl-Holmström,27.0,Attacker,Sweden,Striker,8.0,0.0,16.0,0.0,24.0,21.0,2.0,10.0,7.0,3.0,1.0,26.0,1.0,212.0,12.0,5.0,0.0,6.0,1.0,5.0,0.0,1.0,1.0,0.0,1.0,0.0,0.0,53.33,0.0,0.0,0.0,50.0,61.9,75.0,0.0,1.180090098670327,0.1503143945383852,2.0,0.0,0.0,0.0,2.0,3.0,0.0209381199999999,10.0,3.39622641509434,0.0,6.792452830188679,0.0,10.18867924528302,8.915094339622641,0.8490566037735848,4.245283018867925,2.971698113207548,1.2735849056603774,0.4245283018867924,11.037735849056604,0.4245283018867924,5.09433962264151,2.1226415094339623,0.0,2.547169811320755,0.4245283018867924,2.1226415094339623,0.0,0.4245283018867924,0.4245283018867924,0.0,0.4245283018867924,0.0,0.0,53.33,0.0,0.0,0.0,50.0,61.9,75.0,0.0,0.5009816456619313,0.063812714662522,0.8490566037735848,0.0,0.0,0.0,0.8490566037735848,1.2735849056603774,0.0088888245283018,4.245283018867925,ST,6,38,8,15,8,96,27,48,54,62,31,77,60,31,48,12,62,42,65,52,12,12,8,75,48,50,4,15,38,8,87,100,100,12,62,23,52,4,4,8,35,40,8,15,35,38,19,15,27,100,38,96,81,92,46,100,85,65,73,12,96,69,100,52,12,12,8,100,48,50,4,15,38,8,87,100,100,12,88,38,73,4,4,8,62,62,8,42,Danish Superliga
OB,dbl7ir1qugqz8nvp1vzn8im50,bxamae8lo647u6k3kruigir8q,A. Sørensen,Adam Sørensen,25.0,Defender,Denmark,Defender,21.0,6.0,59.0,2.0,74.0,4.0,7.0,6.0,4.0,2.0,2.0,16.0,6.0,297.0,6.0,3.0,2.0,8.0,0.0,0.0,0.0,5.0,6.0,4.0,0.0,0.0,0.0,81.32,28.57,46.15,80.0,0.0,57.14,66.67,40.0,0.5591284756078682,0.8612132548305284,2.0,12.0,0.3787877,4.0,6.0,4.0,0.4871485499999999,23.0,6.363636363636364,1.8181818181818183,17.87878787878788,0.6060606060606061,22.424242424242426,1.2121212121212122,2.121212121212121,1.8181818181818183,1.2121212121212122,0.6060606060606061,0.6060606060606061,4.848484848484849,1.8181818181818183,1.8181818181818183,0.9090909090909092,0.6060606060606061,2.4242424242424243,0.0,0.0,0.0,1.5151515151515151,1.8181818181818183,1.2121212121212122,0.0,0.0,0.0,81.32,28.57,46.15,80.0,0.0,57.14,66.67,40.0,0.1694328713963236,0.2609737135850086,0.6060606060606061,3.6363636363636367,0.1147841515151515,1.2121212121212122,1.8181818181818183,1.2121212121212122,0.1476207727272727,6.96969696969697,CB,3,100,9,8,3,24,91,85,79,92,86,20,50,45,42,11,9,36,24,45,92,97,100,41,52,52,9,17,88,82,24,50,88,12,79,97,92,77,94,71,9,6,48,6,3,100,39,9,6,42,100,100,97,100,97,64,82,67,64,27,18,36,24,45,97,97,100,41,52,52,9,17,88,82,24,50,88,12,97,100,97,97,97,91,24,15,82,6,Danish Superliga
OB,dbl7ir1qugqz8nvp1vzn8im50,ev2s21ogvpjtata4fndi868ve,J. Gomez,James Gomez,24.0,Defender,Gambia,Defender,238.0,0.0,185.0,26.0,423.0,14.0,2.0,2.0,2.0,0.0,0.0,32.0,9.0,620.0,4.0,1.0,6.0,43.0,0.0,1.0,0.0,4.0,4.0,2.0,0.0,0.0,0.0,90.38,54.17,0.0,50.0,50.0,49.23,51.85,40.0,0.258160927691921,0.1303011546683624,0.0,13.0,0.25851715,11.0,41.0,26.0,0.6599449399999996,293.0,34.54838709677419,0.0,26.854838709677416,3.774193548387097,61.40322580645161,2.032258064516129,0.2903225806451612,0.2903225806451612,0.2903225806451612,0.0,0.0,4.64516129032258,1.3064516129032258,0.5806451612903225,0.1451612903225806,0.8709677419354839,6.241935483870967,0.0,0.1451612903225806,0.0,0.5806451612903225,0.5806451612903225,0.2903225806451612,0.0,0.0,0.0,90.38,54.17,0.0,50.0,50.0,49.23,51.85,40.0,0.0374749733746336,0.0189146837421816,0.0,1.8870967741935485,0.0375266830645161,1.596774193548387,5.951612903225806,3.774193548387097,0.095798459032258,42.53225806451613,CB,73,33,91,88,82,77,48,30,39,29,30,79,73,26,8,62,73,36,61,45,82,80,89,41,52,52,70,76,33,70,89,30,45,12,33,42,29,85,73,98,91,71,55,85,48,33,82,73,70,64,45,30,33,29,30,61,58,18,6,48,79,36,58,45,79,79,88,41,52,52,70,76,33,70,89,30,45,12,33,36,29,76,73,94,85,48,42,73,Danish Superliga
OB,dbl7ir1qugqz8nvp1vzn8im50,rq6npjy37kolscu8lrj4r2dx,R. Falk,Rasmus Falk,34.0,Midfielder,Denmark,Midfielder,154.0,2.0,287.0,15.0,439.0,0.0,10.0,5.0,3.0,2.0,1.0,25.0,9.0,562.0,7.0,4.0,8.0,4.0,0.0,0.0,0.0,10.0,10.0,7.0,0.0,0.0,0.0,91.65,71.43,22.22,70.0,0.0,43.1,0.0,57.14,0.5642747046233217,0.8490503525602133,0.0,19.0,0.44319261,12.0,59.0,65.0,1.5870778900000002,261.0,24.66192170818505,0.3202846975088968,45.96085409252669,2.402135231316726,70.30249110320284,0.0,1.601423487544484,0.800711743772242,0.4804270462633452,0.3202846975088968,0.1601423487544484,4.00355871886121,1.4412811387900355,1.1209964412811388,0.6405693950177936,1.2811387900355873,0.6405693950177936,0.0,0.0,0.0,1.601423487544484,1.601423487544484,1.1209964412811388,0.0,0.0,0.0,91.65,71.43,22.22,70.0,0.0,43.1,0.0,57.14,0.0903642765411013,0.135968917669785,0.0,3.0427046263345194,0.0709739055160142,1.9217081850533808,9.448398576512457,10.409252669039146,0.2541583809608541,41.79715302491103,CM/AM,100,48,96,100,100,4,46,15,20,22,13,59,96,17,28,72,35,17,4,52,59,59,72,26,50,52,100,96,61,89,4,35,7,52,17,57,7,65,57,76,100,100,91,100,96,48,100,100,100,4,43,4,13,13,9,26,100,13,17,70,26,17,4,52,57,52,74,26,50,52,100,96,61,89,4,35,7,52,22,43,7,57,39,83,100,100,96,100,Danish Superliga
Randers,9w3sjm5ml4sjr2v81oxzdrt8v,3cdo7b8vwb5kzeoaxzqm6esk4,S. Hansen,Sabil Hansen,20.0,Midfielder,Denmark,Midfielder,59.0,4.0,69.0,4.0,124.0,14.0,6.0,2.0,1.0,1.0,0.0,38.0,8.0,490.0,12.0,5.0,13.0,29.0,0.0,0.0,0.0,8.0,8.0,3.0,1.0,0.0,0.0,78.48,44.44,30.77,37.5,0.0,56.72,73.68,81.25,0.1130359166321413,0.7087665789810391,1.0,5.0,0.11805152,4.0,10.0,8.0,0.7435844899999998,54.0,10.83673469387755,0.7346938775510203,12.673469387755102,0.7346938775510203,22.77551020408163,2.571428571428571,1.1020408163265305,0.3673469387755101,0.183673469387755,0.183673469387755,0.0,6.979591836734693,1.469387755102041,2.204081632653061,0.9183673469387756,2.387755102040816,5.326530612244897,0.0,0.0,0.0,1.469387755102041,1.469387755102041,0.5510204081632653,0.183673469387755,0.0,0.0,78.48,44.44,30.77,37.5,0.0,56.72,73.68,81.25,0.0207616989732504,0.1301816165475378,0.183673469387755,0.9183673469387756,0.0216829322448979,0.7346938775510203,1.836734693877551,1.469387755102041,0.1365767430612244,9.918367346938776,RM/RCM,83,42,33,33,33,100,42,17,17,17,17,67,100,17,42,83,100,42,17,58,25,25,25,75,58,58,50,33,67,42,17,67,100,83,17,50,17,17,17,33,50,25,33,50,67,50,17,17,17,100,33,17,17,17,17,67,100,17,33,83,100,42,17,58,17,17,17,83,58,58,50,33,67,42,17,67,100,83,17,50,17,17,17,17,33,17,50,33,Danish Superliga
Randers,9w3sjm5ml4sjr2v81oxzdrt8v,4o4vrnjw7c3g7j5aw5utyw1cl,K. Junker,Kasper Junker,32.0,Attacker,Denmark,Striker,17.0,0.0,27.0,2.0,44.0,10.0,3.0,6.0,4.0,2.0,1.0,25.0,2.0,375.0,10.0,12.0,2.0,7.0,1.0,3.0,0.0,2.0,2.0,1.0,1.0,0.0,0.0,72.13,66.67,0.0,50.0,50.0,40.98,27.78,100.0,0.6709926758695177,0.1548795334278765,1.0,4.0,0.09331758,3.0,2.0,3.0,0.05683463,12.0,4.08,0.0,6.48,0.48,10.56,2.4,0.72,1.44,0.96,0.48,0.24,6.0,0.48,2.4,2.88,0.48,1.68,0.24,0.72,0.0,0.48,0.48,0.24,0.24,0.0,0.0,72.13,66.67,0.0,50.0,50.0,40.98,27.78,100.0,0.1610382422086842,0.0371710880226903,0.24,0.96,0.0223962191999999,0.72,0.48,0.72,0.0136403111999999,2.88,ST,60,38,38,65,35,62,38,27,29,42,31,73,85,21,90,50,73,42,46,52,15,15,19,75,48,50,46,71,38,56,87,50,31,87,35,31,31,42,27,79,35,40,27,33,50,38,12,69,31,62,31,15,23,38,23,62,88,15,100,50,88,38,42,52,15,15,19,73,48,50,46,71,38,56,87,50,31,87,31,15,27,42,23,73,31,27,12,12,Danish Superliga
Randers,9w3sjm5ml4sjr2v81oxzdrt8v,4vfbiav52mg5s9vnx53f0nhuc,M. Themsen,Mike Themsen,20.0,Midfielder,Denmark,Midfielder,64.0,9.0,131.0,5.0,186.0,6.0,10.0,19.0,7.0,12.0,6.0,33.0,10.0,636.0,17.0,3.0,14.0,7.0,3.0,8.0,0.0,20.0,22.0,8.0,1.0,0.0,0.0,78.48,55.56,21.95,40.0,42.11,44.0,54.55,82.35,1.5884568111053556,1.0113661153171856,12.0,26.0,0.7029359899999998,13.0,18.0,36.0,0.7635120400000001,94.0,9.056603773584904,1.2735849056603774,18.53773584905661,0.7075471698113208,26.32075471698113,0.8490566037735849,1.4150943396226416,2.688679245283019,0.9905660377358492,1.69811320754717,0.8490566037735849,4.669811320754717,1.4150943396226416,2.405660377358491,0.4245283018867924,1.981132075471698,0.9905660377358492,0.4245283018867924,1.1320754716981132,0.0,2.830188679245284,3.113207547169812,1.1320754716981132,0.1415094339622641,0.0,0.0,78.48,55.56,21.95,40.0,42.11,44.0,54.55,82.35,0.224781624213022,0.1431178465071489,1.69811320754717,3.679245283018868,0.0994720740566037,1.839622641509434,2.547169811320755,5.09433962264151,0.1080441566037736,13.30188679245283,CM/AM,57,87,57,46,52,76,46,89,76,96,87,72,100,48,15,100,65,91,96,52,83,83,80,67,50,52,26,80,57,41,83,39,83,96,87,65,100,80,78,85,48,74,43,57,30,83,35,30,35,57,30,83,43,96,83,52,96,35,13,91,57,87,91,52,83,83,78,65,50,52,26,80,57,41,83,39,83,96,74,48,96,70,70,74,35,65,22,39,Danish Superliga
Randers,9w3sjm5ml4sjr2v81oxzdrt8v,60z63hezwwosjnhvamcwxtre1,N. Dyhr,Nikolas Dyhr,25.0,Defender,Denmark,Defender,47.0,5.0,73.0,10.0,115.0,6.0,3.0,1.0,1.0,0.0,0.0,16.0,4.0,521.0,6.0,5.0,2.0,21.0,0.0,0.0,0.0,1.0,2.0,0.0,0.0,0.0,0.0,72.33,35.71,45.45,0.0,0.0,61.54,85.71,33.33,0.2024205911656446,0.3724530146259664,0.0,2.0,0.06392781,1.0,18.0,24.0,0.8860396599999998,66.0,8.119001919385797,0.8637236084452975,12.610364683301343,1.727447216890595,19.86564299424184,1.0364683301343571,0.5182341650671786,0.1727447216890595,0.1727447216890595,0.0,0.0,2.763915547024952,0.690978886756238,1.0364683301343571,0.8637236084452975,0.345489443378119,3.6276391554702494,0.0,0.0,0.0,0.1727447216890595,0.345489443378119,0.0,0.0,0.0,0.0,72.33,35.71,45.45,0.0,0.0,61.54,85.71,33.33,0.0349670886850441,0.0643392923538137,0.0,0.345489443378119,0.011043191746641,0.1727447216890595,3.109404990403071,4.1458733205374285,0.1530586744721688,11.401151631477928,LB/LCB,19,78,25,59,19,62,44,22,44,22,28,50,34,31,47,31,69,47,25,47,22,38,12,31,53,53,19,44,94,12,25,75,100,16,44,62,19,28,31,28,72,66,69,44,19,69,25,44,12,56,44,19,31,22,28,25,31,31,50,25,69,47,25,47,12,38,12,31,53,53,19,44,94,12,25,75,100,16,25,56,19,19,25,25,69,62,56,38,Danish Superliga
Randers,9w3sjm5ml4sjr2v81oxzdrt8v,6uj3c69lgu6boblkjiuhoy6eh,J. Björkengren,John Björkengren,27.0,Midfielder,Sweden,Midfielder,96.0,0.0,64.0,5.0,160.0,4.0,0.0,2.0,1.0,1.0,0.0,14.0,7.0,398.0,2.0,7.0,1.0,17.0,0.0,0.0,0.0,2.0,2.0,1.0,0.0,0.0,0.0,87.43,31.25,0.0,50.0,0.0,46.67,36.36,50.0,0.3062234164640114,0.0,0.0,5.0,0.0954609,1.0,11.0,9.0,0.19048515,56.0,21.70854271356784,0.0,14.472361809045225,1.1306532663316582,36.18090452261306,0.9045226130653266,0.0,0.4522613065326633,0.2261306532663316,0.2261306532663316,0.0,3.165829145728643,1.5829145728643217,0.4522613065326633,1.5829145728643217,0.2261306532663316,3.844221105527638,0.0,0.0,0.0,0.4522613065326633,0.4522613065326633,0.2261306532663316,0.0,0.0,0.0,87.43,31.25,0.0,50.0,0.0,46.67,36.36,50.0,0.0692465012104548,0.0,0.0,1.1306532663316582,0.0215866356783919,0.2261306532663316,2.487437185929648,2.0351758793969847,0.0430745314070351,12.663316582914572,DM/CM,48,29,34,24,41,50,3,34,55,34,19,16,53,24,60,7,86,34,17,45,29,29,40,28,52,52,72,14,29,62,17,38,31,28,48,5,16,38,28,21,24,21,7,34,72,29,34,24,62,59,3,45,62,41,19,17,69,24,66,7,97,34,17,45,34,34,41,28,52,52,72,14,29,62,17,38,31,28,66,5,16,48,38,24,24,10,7,28,Danish Superliga
Randers,9w3sjm5ml4sjr2v81oxzdrt8v,8cox96ikk1k4c24f0y5ef45x,W. Dammers,Wessel Dammers,31.0,Defender,Netherlands,Defender,187.0,0.0,96.0,23.0,283.0,12.0,0.0,3.0,3.0,0.0,2.0,18.0,8.0,450.0,7.0,4.0,0.0,38.0,0.0,0.0,0.0,2.0,2.0,1.0,0.0,0.0,0.0,88.16,48.94,0.0,50.0,0.0,60.0,66.67,0.0,0.3286777146362453,0.0,0.0,6.0,0.13093335,3.0,31.0,33.0,0.4863468799999997,192.0,37.4,0.0,19.2,4.6,56.6,2.4,0.0,0.6,0.6,0.0,0.4,3.6,1.6,1.4,0.8,0.0,7.6,0.0,0.0,0.0,0.4,0.4,0.2,0.0,0.0,0.0,88.16,48.94,0.0,50.0,0.0,60.0,66.67,0.0,0.065735542927249,0.0,0.0,1.2,0.02618667,0.6,6.2,6.6,0.0972693759999999,38.4,CB,45,33,45,80,48,64,6,48,65,29,86,30,68,53,56,3,58,36,24,45,65,65,64,41,52,52,52,55,33,70,24,76,88,3,58,8,29,50,52,58,82,79,45,55,55,33,45,79,58,70,6,55,68,29,91,39,73,55,55,3,88,36,24,45,67,67,73,41,52,52,52,55,33,70,24,76,88,3,52,8,29,61,61,64,91,97,45,64,Danish Superliga
Randers,9w3sjm5ml4sjr2v81oxzdrt8v,8domjmewnw5h6b19vef8w0afp,M. Greve,Mathias Greve,31.0,Midfielder,Denmark,Midfielder,67.0,2.0,117.0,4.0,182.0,12.0,5.0,2.0,2.0,0.0,1.0,34.0,4.0,607.0,8.0,7.0,9.0,16.0,0.0,1.0,0.0,2.0,2.0,2.0,0.0,0.0,0.0,79.13,28.57,20.0,100.0,50.0,51.52,70.59,69.23,0.2517554130487468,0.3825872739171514,0.0,10.0,0.27549587,6.0,17.0,18.0,0.35041181,104.0,9.934102141680397,0.2965403624382207,17.347611202635914,0.5930807248764415,26.98517298187809,1.7792421746293243,0.7413509060955519,0.2965403624382207,0.2965403624382207,0.0,0.1482701812191103,5.041186161449753,0.5930807248764415,1.186161449752883,1.037891268533773,1.3344316309719937,2.372322899505766,0.0,0.1482701812191103,0.0,0.2965403624382207,0.2965403624382207,0.2965403624382207,0.0,0.0,0.0,79.13,28.57,20.0,100.0,50.0,51.52,70.59,69.23,0.0373278207156296,0.0567262844358214,0.0,1.4827018121911038,0.0408478225700164,0.8896210873146623,2.5205930807248764,2.668863261943987,0.0519556225700164,15.42009884678748,DM/CM,36,74,62,19,52,93,57,34,74,14,53,64,31,76,60,71,83,34,47,45,29,29,62,28,52,52,24,10,67,97,84,52,97,83,41,59,16,72,79,71,52,50,31,55,14,76,55,7,31,90,45,31,76,14,38,66,17,69,48,62,76,34,45,45,14,14,55,28,52,52,24,10,67,97,84,52,97,83,38,52,16,66,79,69,28,31,10,45,Danish Superliga
Randers,9w3sjm5ml4sjr2v81oxzdrt8v,b2uznyb9b8fxsy57450mbmwru,M. Sankoh,Mohamed Sankoh,22.0,Attacker,Netherlands,Striker,25.0,0.0,25.0,3.0,50.0,11.0,2.0,8.0,5.0,3.0,2.0,20.0,0.0,293.0,14.0,4.0,0.0,2.0,2.0,3.0,0.0,5.0,5.0,2.0,0.0,0.0,0.0,80.65,75.0,0.0,40.0,37.5,46.51,55.0,0.0,1.1283297019966587,0.1844491841992581,4.0,3.0,0.18681389,3.0,2.0,3.0,0.15680737,14.0,7.679180887372014,0.0,7.679180887372014,0.9215017064846416,15.358361774744028,3.378839590443686,0.6143344709897611,2.4573378839590445,1.5358361774744027,0.9215017064846416,0.6143344709897611,6.143344709897611,0.0,4.300341296928328,1.2286689419795225,0.0,0.6143344709897611,0.6143344709897611,0.9215017064846416,0.0,1.5358361774744027,1.5358361774744027,0.6143344709897611,0.0,0.0,0.0,80.65,75.0,0.0,40.0,37.5,46.51,55.0,0.0,0.346585915289076,0.0566567459997721,1.2286689419795225,0.9215017064846416,0.0573831061433447,0.9215017064846416,0.6143344709897611,0.9215017064846416,0.0481660863481228,4.300341296928328,ST,88,38,27,79,54,71,27,35,42,62,56,50,25,38,33,12,29,71,46,52,42,37,35,29,48,50,88,81,38,38,62,73,73,12,58,35,73,23,54,79,35,40,54,48,96,38,35,88,73,81,23,54,46,77,73,69,25,54,50,12,27,88,54,52,54,46,42,29,48,50,88,81,38,38,62,73,73,12,65,31,92,38,62,88,38,42,65,46,Danish Superliga
Randers,9w3sjm5ml4sjr2v81oxzdrt8v,brsecgiiou4wcogoimzawyhp0,L. Pedersen,Laurits Pedersen,20.0,Midfielder,Denmark,Midfielder,119.0,0.0,116.0,9.0,235.0,7.0,8.0,2.0,2.0,0.0,0.0,35.0,14.0,647.0,5.0,3.0,12.0,30.0,1.0,1.0,0.0,1.0,1.0,1.0,2.0,0.0,0.0,82.17,47.37,0.0,100.0,50.0,53.85,58.33,50.0,0.3230783634484266,0.5364565000711313,1.0,6.0,0.11994613,7.0,26.0,17.0,0.4330410999999999,140.0,16.553323029366304,0.0,16.136012364760433,1.2519319938176197,32.689335394126736,0.973724884080371,1.1128284389489953,0.2782071097372488,0.2782071097372488,0.0,0.0,4.868624420401854,1.947449768160742,0.6955177743431221,0.4173106646058732,1.669242658423493,4.1731066460587325,0.1391035548686244,0.1391035548686244,0.0,0.1391035548686244,0.1391035548686244,0.1391035548686244,0.2782071097372488,0.0,0.0,82.17,47.37,0.0,100.0,50.0,53.85,58.33,50.0,0.0449413488568135,0.0746230061922748,0.1391035548686244,0.8346213292117465,0.0166849330757341,0.973724884080371,3.6166924265842346,2.364760432766615,0.0602375564142194,19.474497681607417,DM/CM,62,29,59,50,60,74,90,34,74,14,19,69,90,59,22,90,100,79,47,45,14,14,40,91,52,52,48,43,29,97,84,60,79,28,52,76,40,52,41,78,69,43,48,72,48,29,48,34,45,66,72,28,69,14,19,55,76,45,14,86,100,72,41,45,10,10,28,86,52,52,48,43,29,97,84,60,79,28,45,66,34,28,24,79,55,14,17,62,Danish Superliga
Randers,9w3sjm5ml4sjr2v81oxzdrt8v,cszc9gru0hty21nad6sqxyzqi,M. Sjølstad,Martin Sjølstad,26.0,Defender,Norway,Defender,41.0,2.0,77.0,2.0,116.0,3.0,6.0,4.0,3.0,1.0,1.0,26.0,8.0,531.0,19.0,5.0,5.0,10.0,0.0,0.0,0.0,14.0,16.0,9.0,1.0,0.0,0.0,76.82,40.0,20.0,64.29,0.0,47.27,27.27,55.56,0.3249387735469095,0.532823337797965,1.0,16.0,0.47706872,9.0,5.0,8.0,0.6300151099999999,50.0,6.949152542372881,0.3389830508474576,13.050847457627118,0.3389830508474576,19.66101694915254,0.5084745762711864,1.0169491525423728,0.6779661016949152,0.5084745762711864,0.1694915254237288,0.1694915254237288,4.406779661016949,1.3559322033898304,3.220338983050848,0.847457627118644,0.847457627118644,1.694915254237288,0.0,0.0,0.0,2.372881355932204,2.711864406779661,1.5254237288135593,0.1694915254237288,0.0,0.0,76.82,40.0,20.0,64.29,0.0,47.27,27.27,55.56,0.0550743683977812,0.0903090403047398,0.1694915254237288,2.711864406779661,0.0808591050847457,1.5254237288135593,0.847457627118644,1.3559322033898304,0.1067822220338982,8.47457627118644,LB/LCB,6,53,31,6,25,38,72,56,66,53,69,62,75,94,47,47,28,47,25,47,94,94,94,78,53,53,31,69,50,56,25,25,31,56,62,69,50,97,100,81,19,25,38,25,12,56,31,6,6,38,75,56,62,44,69,50,75,100,44,44,12,47,25,47,100,100,100,69,53,53,31,69,50,56,25,25,31,56,56,75,44,94,94,88,19,19,38,19,Danish Superliga
Randers,9w3sjm5ml4sjr2v81oxzdrt8v,d1j2a0az2datf1l2efdzne7vu,E. Mahmoud,Elies Mahmoud,25.0,Midfielder,France,Midfielder,84.0,4.0,171.0,9.0,251.0,2.0,12.0,15.0,9.0,6.0,5.0,70.0,3.0,673.0,27.0,13.0,25.0,8.0,2.0,5.0,0.0,30.0,30.0,18.0,1.0,0.0,0.0,78.93,45.0,16.0,60.0,33.33,59.83,33.33,67.57,0.9949513287478522,0.9609460202575876,6.0,31.0,0.8160906399999996,14.0,29.0,27.0,0.9457098,114.0,11.233283803863298,0.5349182763744428,22.86775631500743,1.2035661218424962,33.56612184249629,0.2674591381872214,1.6047548291233285,2.0059435364041605,1.2035661218424962,0.8023774145616642,0.6686478454680534,9.36106983655275,0.4011887072808321,3.610698365527489,1.7384843982169391,3.343239227340268,1.0698365527488856,0.2674591381872214,0.6686478454680534,0.0,4.011887072808321,4.011887072808321,2.4071322436849925,0.1337295690936107,0.0,0.0,78.93,45.0,16.0,60.0,33.33,59.83,33.33,67.57,0.1330544124625656,0.1285068972112673,0.8023774145616642,4.145616641901932,0.1091354496285289,1.8722139673105496,3.8781575037147102,3.610698365527489,0.1264693640416047,15.24517087667162,RM/RCM,100,42,83,67,100,67,67,67,83,75,67,100,58,83,100,100,75,100,92,58,100,100,100,75,58,58,67,50,33,83,67,83,67,67,67,67,67,100,83,100,100,67,67,100,83,33,50,50,67,67,50,33,50,50,33,83,50,50,83,100,67,100,50,58,83,83,83,67,58,58,67,50,33,83,67,83,67,67,33,33,33,83,67,83,83,50,33,83,Danish Superliga
Randers,9w3sjm5ml4sjr2v81oxzdrt8v,effgiwtme6eu08o1ninlnqqqd,D. Høegh,Daniel Høegh,35.0,Defender,Denmark,Defender,211.0,0.0,174.0,37.0,385.0,17.0,1.0,2.0,2.0,0.0,0.0,36.0,16.0,720.0,6.0,8.0,8.0,69.0,0.0,0.0,0.0,0.0,0.0,0.0,0.0,0.0,0.0,88.1,56.92,0.0,0.0,0.0,60.0,53.12,72.73,0.240877074649958,0.0812149112843605,0.0,4.0,0.0802325099999999,1.0,34.0,34.0,0.7381620299999997,263.0,26.375,0.0,21.75,4.625,48.125,2.125,0.125,0.25,0.25,0.0,0.0,4.5,2.0,0.75,1.0,1.0,8.625,0.0,0.0,0.0,0.0,0.0,0.0,0.0,0.0,0.0,88.1,56.92,0.0,0.0,0.0,60.0,53.12,72.73,0.0301096343312447,0.010151863910545,0.0,0.5,0.0100290637499999,0.125,4.25,4.25,0.0922702537499999,32.875,CB,58,33,82,94,73,85,27,30,39,29,30,85,97,45,89,86,100,36,24,45,20,18,23,41,52,52,48,82,33,23,24,76,52,70,30,36,29,32,33,36,85,82,64,67,30,33,61,82,42,67,14,18,21,29,30,55,91,27,71,68,97,36,24,45,20,18,23,41,52,52,48,82,33,23,24,76,52,70,21,24,29,24,24,30,70,52,36,45,Danish Superliga
Silkeborg,ahnt9ejgwj58ul8auzdvi3czf,1txj6px5loenmb9jayi95y1p0,W. Møller,William Møller,18.0,Defender,Denmark,Defender,241.0,1.0,78.0,9.0,318.0,3.0,0.0,0.0,0.0,0.0,0.0,15.0,4.0,566.0,0.0,3.0,8.0,26.0,0.0,0.0,0.0,1.0,2.0,1.0,0.0,0.0,0.0,89.08,37.5,100.0,100.0,0.0,60.0,37.5,100.0,0.0,0.0,0.0,0.0,0.0,0.0,0.0,0.0,0.0,0.0,38.32155477031802,0.1590106007067137,12.402826855123676,1.431095406360424,50.565371024734986,0.4770318021201413,0.0,0.0,0.0,0.0,0.0,2.385159010600707,0.6360424028268551,0.0,0.4770318021201413,1.2720848056537102,4.134275618374558,0.0,0.0,0.0,0.1590106007067137,0.3180212014134275,0.1590106007067137,0.0,0.0,0.0,89.08,37.5,100.0,100.0,0.0,60.0,37.5,100.0,0.0,0.0,0.0,0.0,0.0,0.0,0.0,0.0,0.0,0.0,LB/LCB,100,34,38,44,94,38,9,9,16,22,28,38,34,6,34,66,91,47,25,47,22,38,34,31,53,53,94,56,100,91,25,69,50,97,9,9,19,9,9,12,9,9,9,9,100,38,19,31,88,31,9,9,16,22,28,6,19,6,25,56,81,47,25,47,6,25,25,31,53,53,94,56,100,91,25,69,50,97,9,9,19,9,9,12,9,9,9,9,Danish Superliga
Silkeborg,ahnt9ejgwj58ul8auzdvi3czf,3ylgelxr6ssp42hidfnchqp2i,K. Kirkegaard,Kristian Kirkegaard,28.0,Midfielder,Denmark,Midfielder,29.0,1.0,46.0,3.0,74.0,2.0,3.0,4.0,2.0,2.0,0.0,15.0,3.0,363.0,16.0,7.0,3.0,4.0,1.0,2.0,0.0,5.0,6.0,0.0,1.0,0.0,0.0,69.81,23.08,20.0,0.0,50.0,30.0,28.57,50.0,0.3061547267342618,0.2507383512168475,1.0,4.0,0.15493652,4.0,8.0,10.0,0.3175672799999999,29.0,7.1900826446281,0.2479338842975206,11.40495867768595,0.7438016528925621,18.34710743801653,0.4958677685950413,0.7438016528925621,0.9917355371900828,0.4958677685950413,0.4958677685950413,0.0,3.71900826446281,0.7438016528925621,3.96694214876033,1.7355371900826446,0.7438016528925621,0.9917355371900828,0.2479338842975206,0.4958677685950413,0.0,1.2396694214876034,1.487603305785124,0.0,0.2479338842975206,0.0,0.0,69.81,23.08,20.0,0.0,50.0,30.0,28.57,50.0,0.0759061305952715,0.0621665333595489,0.2479338842975206,0.9917355371900828,0.0384140132231404,0.9917355371900828,1.983471074380165,2.479338842975207,0.0787356892561983,7.1900826446281,CM/AM,9,33,9,26,9,17,13,9,11,22,4,13,48,41,59,22,35,50,33,52,26,33,7,67,50,52,4,9,46,7,100,9,22,35,9,13,20,11,17,26,17,17,9,9,22,35,9,35,9,30,13,13,17,26,4,22,70,65,74,35,61,57,43,52,35,39,7,78,50,52,4,9,46,7,100,9,22,35,9,13,22,13,13,30,17,17,9,4,Danish Superliga
Silkeborg,ahnt9ejgwj58ul8auzdvi3czf,5lz41celw55rz3zh8pohclw5w,O. Ross,Oliver Ross,21.0,Attacker,Denmark,Striker,43.0,1.0,85.0,5.0,127.0,5.0,8.0,14.0,10.0,4.0,3.0,26.0,0.0,476.0,30.0,11.0,3.0,7.0,2.0,7.0,0.0,12.0,14.0,6.0,1.0,0.0,0.0,80.89,83.33,25.0,50.0,50.0,49.06,38.46,75.0,1.4189193549035966,0.6323257240617713,4.0,13.0,0.38292873,4.0,13.0,16.0,0.58417651,52.0,8.130252100840336,0.1890756302521008,16.071428571428573,0.9453781512605042,24.01260504201681,0.9453781512605042,1.512605042016807,2.647058823529412,1.8907563025210083,0.7563025210084033,0.5672268907563025,4.915966386554622,0.0,5.6722689075630255,2.0798319327731094,0.5672268907563025,1.3235294117647058,0.3781512605042016,1.3235294117647058,0.0,2.26890756302521,2.647058823529412,1.134453781512605,0.1890756302521008,0.0,0.0,80.89,83.33,25.0,50.0,50.0,49.06,38.46,75.0,0.2682830713053019,0.1195573848015954,0.7563025210084033,2.457983193277311,0.0724024909663865,0.7563025210084033,2.457983193277311,3.0252100840336134,0.1104535418067227,9.831932773109244,LW,100,21,57,100,86,100,43,29,29,36,14,43,21,36,79,64,100,86,93,57,21,29,29,57,57,57,100,100,50,86,100,86,71,93,43,29,14,43,43,43,93,86,29,86,100,14,86,100,100,100,29,29,29,57,14,57,21,43,71,57,100,86,86,57,14,29,14,71,57,57,100,100,50,86,100,86,71,93,57,29,14,43,43,43,86,86,29,86,Danish Superliga
Silkeborg,ahnt9ejgwj58ul8auzdvi3czf,6wrch4yhbs6utcc0doguj90q,M. Larsen,Mads Larsen,24.0,Midfielder,Denmark,Midfielder,261.0,0.0,191.0,14.0,452.0,4.0,7.0,1.0,1.0,0.0,0.0,36.0,17.0,720.0,2.0,8.0,13.0,20.0,0.0,0.0,1.0,6.0,6.0,3.0,0.0,0.0,0.0,92.06,63.64,0.0,50.0,0.0,63.16,44.44,61.9,0.0813288826382461,0.4463715237226908,0.0,15.0,0.31116735,8.0,42.0,27.0,0.7241910200000001,251.0,32.625,0.0,23.875,1.75,56.5,0.5,0.875,0.125,0.125,0.0,0.0,4.5,2.125,0.25,1.0,1.625,2.5,0.0,0.0,0.125,0.75,0.75,0.375,0.0,0.0,0.0,92.06,63.64,0.0,50.0,0.0,63.16,44.44,61.9,0.0101661103297807,0.0557964404653363,0.0,1.875,0.03889591875,1.0,5.25,3.375,0.0905238775,31.375,DM/CM,100,29,90,66,100,50,79,17,55,14,19,72,93,24,72,97,90,34,17,95,69,66,76,28,52,52,97,90,29,62,17,93,55,66,14,66,16,95,83,84,88,72,76,97,97,29,86,48,97,28,52,12,41,14,19,41,83,14,41,76,79,34,17,90,48,48,66,28,52,52,97,90,29,62,17,93,55,66,14,48,16,83,72,84,79,45,52,93,Danish Superliga
Silkeborg,ahnt9ejgwj58ul8auzdvi3czf,7h39w16zvj1lbfb0rqr7kvt1x,J. Gammelby,Jens Gammelby,31.0,Defender,Denmark,Defender,79.0,0.0,94.0,6.0,173.0,5.0,4.0,8.0,7.0,1.0,3.0,16.0,2.0,701.0,16.0,2.0,5.0,28.0,0.0,3.0,0.0,4.0,4.0,2.0,0.0,0.0,0.0,80.09,35.29,0.0,50.0,37.5,59.26,62.5,71.43,0.6620323384429766,0.2495793371614872,1.0,9.0,0.25592425,4.0,3.0,6.0,0.29029187,65.0,10.14265335235378,0.0,12.068473609129814,0.7703281027104137,22.2111269614836,0.6419400855920114,0.5135520684736091,1.0271041369472182,0.8987161198288159,0.1283880171184022,0.3851640513552068,2.0542082738944365,0.2567760342368045,2.0542082738944365,0.2567760342368045,0.6419400855920114,3.594864479315264,0.0,0.3851640513552068,0.0,0.5135520684736091,0.5135520684736091,0.2567760342368045,0.0,0.0,0.0,80.09,35.29,0.0,50.0,37.5,59.26,62.5,71.43,0.0849970192009527,0.0320429962118885,0.1283880171184022,1.155492154065621,0.0328576069900142,0.5135520684736091,0.3851640513552068,0.7703281027104137,0.037269997574893,8.345221112696148,CB,12,33,41,17,18,33,70,92,91,70,95,20,9,85,23,50,48,36,91,45,82,80,89,41,52,52,6,27,33,70,76,58,70,67,91,64,71,64,70,71,6,9,6,12,9,33,18,15,3,15,61,88,88,61,88,3,6,76,12,30,24,36,88,45,76,76,85,41,52,52,6,27,33,70,76,58,70,67,73,55,61,55,67,61,6,6,6,9,Danish Superliga
Silkeborg,ahnt9ejgwj58ul8auzdvi3czf,7wiwi4mzr6ku2fremmsqs366s,W. Kirk,William Kirk,19.0,Midfielder,Denmark,Midfielder,53.0,1.0,49.0,2.0,101.0,4.0,3.0,13.0,10.0,3.0,1.0,21.0,6.0,528.0,17.0,3.0,10.0,10.0,1.0,6.0,0.0,8.0,8.0,1.0,1.0,0.0,0.0,69.18,18.18,100.0,12.5,46.15,41.18,30.77,76.92,1.165247632873302,0.091635334546732,4.0,2.0,0.04282587,2.0,9.0,7.0,0.4308448099999999,46.0,9.03409090909091,0.1704545454545454,8.352272727272728,0.3409090909090909,17.215909090909093,0.6818181818181819,0.5113636363636364,2.215909090909092,1.7045454545454546,0.5113636363636364,0.1704545454545454,3.5795454545454546,1.0227272727272727,2.897727272727273,0.5113636363636364,1.7045454545454546,1.7045454545454546,0.1704545454545454,1.0227272727272727,0.0,1.3636363636363638,1.3636363636363638,0.1704545454545454,0.1704545454545454,0.0,0.0,69.18,18.18,100.0,12.5,46.15,41.18,30.77,76.92,0.1986217556034037,0.0156196592977384,0.6818181818181819,0.3409090909090909,0.0072998642045454,0.3409090909090909,1.5340909090909092,1.1931818181818183,0.07343945625,7.840909090909092,DM/CM,24,64,17,3,24,50,34,93,93,59,53,38,45,90,22,81,57,79,97,45,83,81,40,69,52,52,3,3,100,28,79,17,26,97,90,21,86,14,14,40,17,7,45,21,7,62,3,3,3,48,34,93,90,59,48,31,34,90,21,90,52,79,97,45,78,78,34,69,52,52,3,3,100,28,79,17,26,97,90,24,90,14,14,34,7,3,41,10,Danish Superliga
Silkeborg,ahnt9ejgwj58ul8auzdvi3czf,8h3cyhuw5049gcxrsld3rw1ec,V. Westh,Villads Westh,22.0,Midfielder,Denmark,Midfielder,210.0,7.0,156.0,15.0,359.0,4.0,7.0,7.0,1.0,6.0,3.0,41.0,11.0,660.0,8.0,13.0,9.0,12.0,0.0,2.0,1.0,19.0,19.0,8.0,1.0,0.0,0.0,87.14,45.45,38.89,42.11,28.57,54.67,44.44,56.25,0.3808596780063528,0.7947842956544817,3.0,10.0,0.25864785,7.0,25.0,30.0,1.065070430000001,166.0,28.63636363636364,0.9545454545454546,21.27272727272728,2.0454545454545454,48.95454545454545,0.5454545454545455,0.9545454545454546,0.9545454545454546,0.1363636363636363,0.8181818181818182,0.4090909090909091,5.590909090909091,1.5,1.090909090909091,1.7727272727272727,1.2272727272727273,1.6363636363636365,0.0,0.2727272727272727,0.1363636363636363,2.590909090909091,2.590909090909091,1.090909090909091,0.1363636363636363,0.0,0.0,87.14,45.45,38.89,42.11,28.57,54.67,44.44,56.25,0.0519354106372299,0.1083796766801566,0.4090909090909091,1.3636363636363638,0.0352701613636363,0.9545454545454546,3.409090909090909,4.090909090909091,0.1452368768181819,22.63636363636364,DM/CM,97,93,79,76,90,50,79,81,55,97,88,90,72,76,90,71,71,34,74,95,95,95,93,69,52,52,69,31,90,48,53,79,55,48,72,90,72,72,76,78,66,83,86,83,86,86,72,59,79,34,59,62,48,83,90,79,66,66,83,52,45,34,66,93,93,93,93,59,52,52,69,31,90,48,53,79,55,48,52,79,59,59,66,76,48,59,83,66,Danish Superliga
Silkeborg,ahnt9ejgwj58ul8auzdvi3czf,9pv2ame21kaydllf78eo1nqc4,A. Priesborg,Alexander Priesborg,21.0,Defender,Denmark,Defender,210.0,0.0,77.0,18.0,287.0,8.0,2.0,4.0,2.0,2.0,0.0,45.0,11.0,675.0,2.0,9.0,15.0,57.0,0.0,1.0,0.0,7.0,7.0,5.0,0.0,0.0,0.0,81.3,33.96,0.0,71.43,25.0,70.31,53.33,65.22,0.3091534942359008,0.0562572488100755,2.0,4.0,0.07241456,0.0,24.0,26.0,0.5619659799999999,167.0,28.0,0.0,10.266666666666667,2.4,38.266666666666666,1.0666666666666669,0.2666666666666666,0.5333333333333333,0.2666666666666666,0.2666666666666666,0.0,6.0,1.4666666666666666,0.2666666666666666,1.2,2.0,7.6,0.0,0.1333333333333333,0.0,0.9333333333333332,0.9333333333333332,0.6666666666666666,0.0,0.0,0.0,81.3,33.96,0.0,71.43,25.0,70.31,53.33,65.22,0.0412204658981201,0.00750096650801,0.2666666666666666,0.5333333333333333,0.0096552746666666,0.0,3.2,3.466666666666667,0.0749287973333333,22.266666666666666,RB/RCB,92,8,50,75,67,62,17,50,50,58,29,100,83,17,88,100,100,42,58,46,71,67,83,42,54,54,33,50,8,75,67,92,50,33,42,8,79,17,17,8,58,58,42,83,83,8,8,75,58,33,17,42,33,50,29,92,67,8,67,92,100,42,50,46,50,42,75,42,54,54,33,50,8,75,67,92,50,33,33,8,75,17,17,8,58,42,8,75,Danish Superliga
Silkeborg,ahnt9ejgwj58ul8auzdvi3czf,9zhmwx3g0m6xi2oh57g4z35nu,R. Østrøm,Robin Østrøm,24.0,Defender,Norway,Defender,386.0,0.0,66.0,9.0,452.0,10.0,1.0,0.0,0.0,0.0,0.0,19.0,10.0,720.0,1.0,2.0,4.0,45.0,0.0,0.0,0.0,0.0,0.0,0.0,0.0,0.0,0.0,93.97,40.91,0.0,0.0,0.0,50.0,47.62,57.14,0.0,0.0573287190181778,0.0,3.0,0.06379289,1.0,7.0,7.0,0.45287654,318.0,48.25,0.0,8.25,1.125,56.5,1.25,0.125,0.0,0.0,0.0,0.0,2.375,1.25,0.125,0.25,0.5,5.625,0.0,0.0,0.0,0.0,0.0,0.0,0.0,0.0,0.0,93.97,40.91,0.0,0.0,0.0,50.0,47.62,57.14,0.0,0.0071660898772722,0.0,0.375,0.00797411125,0.125,0.875,0.875,0.0566095675,39.75,CB,97,33,14,26,88,52,27,8,9,29,30,39,76,12,23,38,80,36,24,45,20,18,23,41,52,52,88,33,33,23,24,33,30,44,6,18,29,21,24,36,12,15,42,92,88,33,6,21,55,45,14,8,9,29,30,6,55,12,9,15,55,36,24,45,20,18,23,41,52,52,88,33,33,23,24,33,30,44,6,15,29,18,21,30,9,9,12,67,Danish Superliga
Silkeborg,ahnt9ejgwj58ul8auzdvi3czf,btbcy3kby79fi3ulyi9is6j8,L. Riisgaard,Lucas Riisgaard,22.0,Attacker,Denmark,Striker,22.0,5.0,62.0,0.0,79.0,0.0,6.0,8.0,6.0,2.0,1.0,24.0,1.0,501.0,31.0,8.0,4.0,1.0,2.0,4.0,0.0,21.0,23.0,9.0,0.0,0.0,0.0,79.0,0.0,18.52,42.86,50.0,42.86,0.0,57.14,0.85131332040036,0.6448214580584224,4.0,18.0,0.5933225300000001,10.0,3.0,3.0,1.0386191400000002,27.0,3.9520958083832336,0.8982035928143713,11.137724550898204,0.0,14.191616766467066,0.0,1.0778443113772456,1.437125748502994,1.0778443113772456,0.3592814371257485,0.1796407185628742,4.311377245508982,0.1796407185628742,5.568862275449102,1.437125748502994,0.718562874251497,0.1796407185628742,0.3592814371257485,0.718562874251497,0.0,3.77245508982036,4.131736526946108,1.6167664670658684,0.0,0.0,0.0,79.0,0.0,18.52,42.86,50.0,42.86,0.0,57.14,0.152930536598867,0.1158361900703752,0.718562874251497,3.2335329341317367,0.1065848856287425,1.796407185628743,0.5389221556886228,0.5389221556886228,0.1865782886227545,4.850299401197605,RW,75,75,50,38,62,25,25,75,75,88,38,88,75,75,75,88,75,100,88,62,100,100,100,38,62,62,50,38,25,75,100,75,25,62,50,25,100,88,75,100,100,62,100,100,75,75,50,38,75,25,25,50,50,75,25,100,75,50,75,75,50,100,100,62,100,100,100,38,62,62,50,38,25,75,100,75,25,62,50,25,100,75,100,100,100,50,100,50,Danish Superliga
Silkeborg,ahnt9ejgwj58ul8auzdvi3czf,ejv587h08dn1hgxhfgib3reqy,R. Al Hajj,Rami Al Hajj,24.0,Midfielder,Sweden,Midfielder,102.0,1.0,147.0,6.0,248.0,6.0,15.0,9.0,6.0,3.0,4.0,42.0,2.0,528.0,24.0,14.0,4.0,5.0,1.0,2.0,0.0,24.0,26.0,13.0,0.0,0.0,0.0,86.71,50.0,11.11,54.17,22.22,58.33,42.86,40.0,0.7632675382114713,1.0647124234597416,2.0,26.0,0.7568588199999997,9.0,24.0,18.0,1.03641876,132.0,17.386363636363637,0.1704545454545454,25.056818181818183,1.0227272727272727,42.27272727272727,1.0227272727272727,2.556818181818182,1.5340909090909092,1.0227272727272727,0.5113636363636364,0.6818181818181819,7.159090909090909,0.3409090909090909,4.090909090909091,2.3863636363636367,0.6818181818181819,0.8522727272727273,0.1704545454545454,0.3409090909090909,0.0,4.090909090909091,4.431818181818183,2.215909090909092,0.0,0.0,0.0,86.71,50.0,11.11,54.17,22.22,58.33,42.86,40.0,0.1301024212860462,0.1814850721806377,0.3409090909090909,4.431818181818183,0.1290100261363636,1.5340909090909092,4.090909090909091,3.0681818181818183,0.1766622886363636,22.5,CM/AM,87,33,61,57,65,76,87,39,57,43,70,87,35,87,87,39,50,50,33,52,89,89,96,26,50,52,87,59,30,70,26,100,46,20,43,74,35,80,83,67,61,48,74,70,87,30,61,43,65,70,83,30,52,33,65,91,30,70,91,26,39,43,30,52,96,96,96,26,50,52,87,59,30,70,26,100,46,20,35,57,35,91,96,57,61,43,74,70,Danish Superliga
Sønderjyske,aljua8crr0vkwit0j3m59jw9j,26lyiy5yb1jbhfmrdjcikl0mi,J. Christensen,Jacob Christensen,25.0,Midfielder,Denmark,Midfielder,67.0,8.0,52.0,9.0,111.0,2.0,9.0,5.0,1.0,4.0,1.0,8.0,4.0,304.0,2.0,1.0,2.0,3.0,0.0,2.0,0.0,2.0,2.0,1.0,2.0,0.0,0.0,81.62,47.37,47.06,50.0,40.0,38.1,40.0,50.0,0.4237115758215875,1.0433133690940333,2.0,1.0,0.01689528,1.0,7.0,8.0,0.2079731,48.0,19.83552631578948,2.3684210526315788,15.394736842105264,2.664473684210526,32.86184210526316,0.5921052631578947,2.664473684210526,1.480263157894737,0.2960526315789473,1.1842105263157894,0.2960526315789473,2.3684210526315788,1.1842105263157894,0.5921052631578947,0.2960526315789473,0.5921052631578947,0.8881578947368421,0.0,0.5921052631578947,0.0,0.5921052631578947,0.5921052631578947,0.2960526315789473,0.5921052631578947,0.0,0.0,81.62,47.37,47.06,50.0,40.0,38.1,40.0,50.0,0.1254409270524436,0.3088756684817861,0.5921052631578947,0.2960526315789473,0.0050018921052631,0.2960526315789473,2.0723684210526314,2.3684210526315788,0.0615709835526315,14.210526315789474,DM/CM,36,97,24,50,28,21,93,60,55,72,53,9,31,24,3,14,16,34,74,45,29,29,40,91,52,52,41,43,93,62,69,7,41,28,79,97,57,9,7,21,10,14,10,24,66,100,38,83,48,38,100,79,72,97,66,3,45,31,3,14,28,34,83,45,41,41,52,97,52,52,41,43,93,62,69,7,41,28,83,100,72,10,10,31,17,17,24,34,Danish Superliga
Sønderjyske,aljua8crr0vkwit0j3m59jw9j,3361cs2j60yxzy9mir80byqc5,A. Oggesen,Andreas Oggesen,32.0,Midfielder,Denmark,Midfielder,37.0,0.0,43.0,6.0,80.0,0.0,3.0,0.0,0.0,0.0,0.0,7.0,0.0,234.0,1.0,5.0,2.0,0.0,0.0,0.0,0.0,1.0,1.0,0.0,0.0,0.0,0.0,81.63,54.55,0.0,0.0,0.0,53.85,0.0,100.0,0.0,0.1500996039299362,0.0,4.0,0.09129124,0.0,15.0,12.0,0.2961700399999999,44.0,14.23076923076923,0.0,16.538461538461537,2.3076923076923075,30.769230769230766,0.0,1.1538461538461535,0.0,0.0,0.0,0.0,2.692307692307692,0.0,0.3846153846153846,1.923076923076923,0.7692307692307692,0.0,0.0,0.0,0.0,0.3846153846153846,0.3846153846153846,0.0,0.0,0.0,0.0,81.63,54.55,0.0,0.0,0.0,53.85,0.0,100.0,0.0,0.0577306168961293,0.0,1.5384615384615383,0.0351120153846153,0.0,5.769230769230769,4.615384615384615,0.1139115538461538,16.923076923076923,DM/CM,14,29,14,29,14,9,34,5,21,14,19,3,3,14,43,14,3,34,17,45,14,14,14,28,52,52,45,66,29,14,17,60,9,100,5,31,16,24,24,7,43,28,21,17,41,29,52,66,41,9,76,5,21,14,19,7,3,17,93,21,3,34,17,45,21,21,14,28,52,52,45,66,29,14,17,60,9,100,5,55,16,72,62,7,90,72,69,55,Danish Superliga
Sønderjyske,aljua8crr0vkwit0j3m59jw9j,5j9d1plbsd5ic01r3ggziutwp,R. Vinderslev,Rasmus Vinderslev,29.0,Midfielder,Denmark,Midfielder,34.0,0.0,36.0,3.0,70.0,0.0,1.0,4.0,4.0,0.0,2.0,8.0,3.0,233.0,4.0,4.0,0.0,9.0,0.0,0.0,0.0,1.0,1.0,1.0,0.0,0.0,0.0,82.35,42.86,0.0,100.0,0.0,61.54,0.0,0.0,0.335483971720497,0.0,0.0,0.0,0.0,0.0,9.0,9.0,0.1755438199999999,42.0,13.133047210300427,0.0,13.90557939914163,1.1587982832618025,27.03862660944206,0.0,0.3862660944206008,1.5450643776824031,1.5450643776824031,0.0,0.7725321888412017,3.0901287553648067,1.1587982832618025,1.5450643776824031,1.5450643776824031,0.0,3.476394849785408,0.0,0.0,0.0,0.3862660944206008,0.3862660944206008,0.3862660944206008,0.0,0.0,0.0,82.35,42.86,0.0,100.0,0.0,61.54,0.0,0.0,0.1295860834971876,0.0,0.0,0.0,0.0,0.0,3.476394849785408,3.476394849785408,0.0678066257510729,16.223175965665234,DM/CM,10,29,7,10,10,9,10,52,86,14,76,9,16,47,34,3,48,34,17,45,14,14,40,28,52,52,52,24,29,97,17,90,9,3,55,5,16,3,3,7,17,21,3,14,34,29,31,28,34,9,17,86,86,14,93,14,41,79,62,3,93,34,17,45,24,24,69,28,52,52,52,24,29,97,17,90,9,3,86,5,16,3,3,7,52,52,31,52,Danish Superliga
Sønderjyske,aljua8crr0vkwit0j3m59jw9j,5ram2md0ezy9gq621zaa22fpw,A. Hoeg,Anders Hoeg,20.0,Midfielder,Denmark,Midfielder,33.0,3.0,31.0,3.0,61.0,3.0,4.0,0.0,0.0,0.0,0.0,14.0,4.0,264.0,2.0,4.0,4.0,2.0,0.0,0.0,0.0,4.0,4.0,1.0,1.0,0.0,0.0,81.33,50.0,30.0,25.0,0.0,40.0,42.86,66.67,0.0,0.4781309191899,0.0,8.0,0.19645389,2.0,6.0,7.0,0.51678324,30.0,11.25,1.0227272727272727,10.568181818181818,1.0227272727272727,20.795454545454547,1.0227272727272727,1.3636363636363638,0.0,0.0,0.0,0.0,4.772727272727273,1.3636363636363638,0.6818181818181819,1.3636363636363638,1.3636363636363638,0.6818181818181819,0.0,0.0,0.0,1.3636363636363638,1.3636363636363638,0.3409090909090909,0.3409090909090909,0.0,0.0,81.33,50.0,30.0,25.0,0.0,40.0,42.86,66.67,0.0,0.1629991769965568,0.0,2.7272727272727275,0.0669729170454545,0.6818181818181819,2.0454545454545454,2.3863636363636367,0.1761761045454545,10.227272727272728,DM/CM,7,83,3,10,3,33,50,5,21,14,19,16,31,24,34,26,9,34,17,45,48,48,40,69,52,52,38,52,83,34,17,14,47,76,5,69,16,62,69,40,5,7,62,7,24,90,10,17,14,69,86,5,21,14,19,52,52,41,52,69,17,34,17,45,78,78,59,90,52,52,38,52,83,34,17,14,47,76,5,93,16,97,93,59,14,21,93,17,Danish Superliga
Sønderjyske,aljua8crr0vkwit0j3m59jw9j,5t2a8rmxvvps3k6hw7zdpm68k,I. Seydi,Ismaïl Seydi,25.0,Attacker,France,Striker,7.0,2.0,40.0,0.0,45.0,2.0,8.0,7.0,5.0,2.0,2.0,15.0,0.0,328.0,24.0,5.0,3.0,1.0,1.0,2.0,0.0,9.0,11.0,4.0,1.0,0.0,0.0,78.95,0.0,50.0,44.44,28.57,44.12,40.0,75.0,1.053817177984099,0.7158732999594881,2.0,8.0,0.3138948099999999,1.0,0.0,3.0,0.53396526,19.0,1.920731707317073,0.5487804878048781,10.975609756097562,0.0,12.347560975609756,0.5487804878048781,2.1951219512195124,1.920731707317073,1.3719512195121952,0.5487804878048781,0.5487804878048781,4.115853658536586,0.0,6.585365853658537,1.3719512195121952,0.8231707317073171,0.274390243902439,0.274390243902439,0.5487804878048781,0.0,2.4695121951219514,3.018292682926829,1.0975609756097562,0.274390243902439,0.0,0.0,78.95,0.0,50.0,44.44,28.57,44.12,40.0,75.0,0.2891571524956369,0.1964286493791278,0.5487804878048781,2.1951219512195124,0.0861296734756097,0.274390243902439,0.0,0.8231707317073171,0.1465148579268292,5.213414634146342,RW,25,25,25,38,25,75,62,50,50,88,75,50,38,50,50,50,75,62,50,62,50,50,50,88,62,62,25,38,100,100,25,100,75,100,75,75,50,25,50,25,25,62,25,50,25,25,25,38,25,100,75,75,75,100,75,50,38,100,50,100,75,75,50,62,50,75,75,100,62,62,25,38,100,100,25,100,75,100,100,75,75,25,50,25,25,75,50,75,Danish Superliga
Sønderjyske,aljua8crr0vkwit0j3m59jw9j,5x8064b3yr7txk0czddfjtffu,S. Emini,Sefer Emini,26.0,Midfielder,North Macedonia,Midfielder,63.0,3.0,86.0,14.0,146.0,0.0,7.0,6.0,0.0,6.0,1.0,18.0,8.0,498.0,4.0,3.0,6.0,6.0,0.0,1.0,0.0,7.0,7.0,4.0,1.0,0.0,0.0,69.52,32.56,23.08,57.14,16.67,54.55,0.0,54.55,0.3668175961837592,0.6457878686676151,5.0,5.0,0.10027108,1.0,22.0,23.0,1.24790491,84.0,11.385542168674698,0.5421686746987951,15.542168674698797,2.5301204819277108,26.3855421686747,0.0,1.2650602409638554,1.0843373493975903,0.0,1.0843373493975903,0.180722891566265,3.253012048192771,1.4457831325301205,0.7228915662650602,0.5421686746987951,1.0843373493975903,1.0843373493975903,0.0,0.180722891566265,0.0,1.2650602409638554,1.2650602409638554,0.7228915662650602,0.180722891566265,0.0,0.0,69.52,32.56,23.08,57.14,16.67,54.55,0.0,54.55,0.0662923366597155,0.1167086509640268,0.9036144578313252,0.9036144578313252,0.0181212795180722,0.180722891566265,3.975903614457832,4.156626506024097,0.2255249837349397,15.180722891566266,DM/CM,31,83,45,66,36,9,79,72,21,97,53,29,60,47,22,36,31,34,47,45,79,76,83,69,52,52,7,17,72,72,40,76,9,43,66,83,95,38,31,21,62,59,93,48,28,83,41,72,24,9,83,72,21,93,55,21,62,48,24,34,31,34,52,45,72,72,79,76,52,52,7,17,72,72,40,76,9,43,62,83,100,31,31,17,62,69,100,38,Danish Superliga
Sønderjyske,aljua8crr0vkwit0j3m59jw9j,637840asun7f3wo16c5zkhi50,M. Cherif,Mohamed Cherif,20.0,Midfielder,Guinea,Midfielder,59.0,0.0,79.0,8.0,138.0,16.0,6.0,19.0,15.0,4.0,3.0,59.0,4.0,678.0,25.0,12.0,9.0,6.0,3.0,8.0,0.0,23.0,27.0,14.0,0.0,0.0,0.0,77.97,53.33,0.0,60.87,42.11,50.86,50.0,52.94,1.7682773090212855,0.3066517481256182,6.0,6.0,0.12786852,2.0,15.0,18.0,0.2988830399999999,53.0,7.831858407079646,0.0,10.486725663716816,1.0619469026548674,18.31858407079646,2.1238938053097347,0.7964601769911505,2.52212389380531,1.991150442477876,0.5309734513274337,0.3982300884955752,7.831858407079646,0.5309734513274337,3.31858407079646,1.592920353982301,1.1946902654867255,0.7964601769911505,0.3982300884955752,1.0619469026548674,0.0,3.0530973451327434,3.584070796460177,1.8584070796460177,0.0,0.0,0.0,77.97,53.33,0.0,60.87,42.11,50.86,50.0,52.94,0.2347270764187547,0.0407059842644625,0.7964601769911505,0.7964601769911505,0.0169736973451327,0.2654867256637168,1.991150442477876,2.3893805309734515,0.0396747398230088,7.035398230088496,DM/CM,28,29,41,40,31,97,66,100,100,72,88,100,31,98,84,71,31,98,100,45,100,100,100,28,52,52,21,62,29,83,76,48,71,38,100,48,100,52,52,40,43,50,24,31,3,29,7,21,7,93,48,100,100,62,83,97,10,93,69,45,21,93,100,45,100,100,100,28,52,52,21,62,29,83,76,48,71,38,93,38,97,24,28,28,10,24,3,7,Danish Superliga
Sønderjyske,aljua8crr0vkwit0j3m59jw9j,6rd849oap6uh93wdwjk8590q1,M. Soulas,Maxime Soulas,27.0,Defender,France,Defender,196.0,1.0,116.0,20.0,311.0,29.0,8.0,7.0,5.0,2.0,0.0,55.0,17.0,720.0,23.0,5.0,10.0,57.0,0.0,2.0,0.0,5.0,5.0,1.0,1.0,0.0,0.0,86.39,54.05,50.0,20.0,28.57,52.88,54.72,50.0,0.6481673245634115,0.8040523815100069,0.0,6.0,0.12539923,3.0,16.0,18.0,0.6793936200000003,168.0,24.5,0.125,14.5,2.5,38.875,3.625,1.0,0.875,0.625,0.25,0.0,6.875,2.125,2.875,0.625,1.25,7.125,0.0,0.25,0.0,0.625,0.625,0.125,0.125,0.0,0.0,86.39,54.05,50.0,20.0,28.57,52.88,54.72,50.0,0.0810209155704264,0.1005065476887508,0.0,0.75,0.01567490375,0.375,2.0,2.25,0.0849242025,21.0,CB,52,74,59,65,52,97,97,88,86,92,30,100,100,91,67,98,97,36,82,45,92,91,64,88,52,52,33,73,92,45,64,39,58,27,85,94,29,50,48,58,55,50,58,45,24,67,27,47,27,97,91,67,76,76,30,100,94,88,45,82,85,36,73,45,82,82,48,83,52,52,33,73,92,45,64,39,58,27,70,88,29,35,36,52,27,30,30,27,Danish Superliga
Sønderjyske,aljua8crr0vkwit0j3m59jw9j,7sbdudf1vycn8hinw0giakpyi,E. Duru,Ebube Duru,27.0,Defender,Nigeria,Defender,74.0,1.0,86.0,15.0,159.0,14.0,4.0,5.0,5.0,0.0,0.0,42.0,8.0,708.0,14.0,7.0,12.0,22.0,0.0,0.0,0.0,9.0,9.0,7.0,0.0,0.0,0.0,71.62,32.61,7.14,77.78,0.0,54.55,50.0,85.71,0.5789847411792699,0.3646366873201995,1.0,10.0,0.29860796,4.0,15.0,24.0,0.63621209,68.0,9.40677966101695,0.1271186440677966,10.932203389830509,1.9067796610169487,20.21186440677966,1.779661016949153,0.5084745762711864,0.6355932203389831,0.6355932203389831,0.0,0.0,5.338983050847458,1.0169491525423728,1.779661016949153,0.8898305084745763,1.5254237288135597,2.796610169491525,0.0,0.0,0.0,1.1440677966101696,1.1440677966101696,0.8898305084745763,0.0,0.0,0.0,71.62,32.61,7.14,77.78,0.0,54.55,50.0,85.71,0.0735997552346529,0.0463521212695168,0.1271186440677966,1.2711864406779665,0.0379586389830508,0.5084745762711864,1.9067796610169487,3.050847457627119,0.0808744182203389,8.64406779661017,LB/LCB,50,34,50,81,44,100,59,69,81,22,28,88,75,81,69,81,75,47,25,47,81,81,84,31,53,53,6,31,25,75,25,50,78,81,75,56,50,75,69,53,56,66,44,53,25,31,12,50,19,94,38,50,75,22,28,75,44,56,56,62,50,47,25,47,69,69,81,31,53,53,6,31,25,75,25,50,78,81,69,31,38,56,56,50,31,38,25,25,Danish Superliga
Sønderjyske,aljua8crr0vkwit0j3m59jw9j,9ki0zmbky1zluxnz63008ozmy,M. Hoppe,Matthew Hoppe,25.0,Attacker,USA,Striker,22.0,0.0,24.0,4.0,46.0,4.0,2.0,5.0,5.0,0.0,2.0,9.0,0.0,291.0,7.0,3.0,0.0,2.0,0.0,2.0,0.0,6.0,8.0,2.0,0.0,0.0,0.0,82.14,100.0,0.0,33.33,40.0,29.03,66.67,0.0,0.3734308222593303,0.1507586845019008,0.0,7.0,0.19898275,3.0,1.0,1.0,0.16043135,11.0,6.804123711340206,0.0,7.422680412371134,1.2371134020618555,14.22680412371134,1.2371134020618555,0.6185567010309279,1.5463917525773196,1.5463917525773196,0.0,0.6185567010309279,2.783505154639175,0.0,2.164948453608248,0.9278350515463918,0.0,0.6185567010309279,0.0,0.6185567010309279,0.0,1.855670103092784,2.4742268041237114,0.6185567010309279,0.0,0.0,0.0,82.14,100.0,0.0,33.33,40.0,29.03,66.67,0.0,0.115494068739999,0.0466263972686291,0.0,2.164948453608248,0.0615410567010309,0.9278350515463918,0.3092783505154639,0.3092783505154639,0.049617943298969,3.402061855670103,ST,73,38,19,88,42,31,27,23,42,15,56,6,25,4,21,12,29,13,31,52,60,63,35,29,48,50,96,92,38,29,65,4,87,12,15,27,10,81,69,79,15,10,58,25,92,38,31,100,54,35,27,27,54,15,77,8,25,12,23,12,31,13,35,52,62,77,46,29,48,50,96,92,38,29,65,4,87,12,8,23,10,92,73,92,15,8,69,31,Danish Superliga
Sønderjyske,aljua8crr0vkwit0j3m59jw9j,aa0mhubrs6jsmf19f5sost79w,D. Frimpong,David Frimpong,19.0,Attacker,Ghana,Striker,8.0,1.0,18.0,1.0,25.0,5.0,2.0,4.0,4.0,0.0,0.0,14.0,2.0,233.0,11.0,0.0,3.0,3.0,0.0,0.0,0.0,6.0,8.0,2.0,0.0,0.0,0.0,64.1,33.33,33.33,33.33,0.0,40.0,50.0,42.86,0.3105923391046959,0.111025468335407,0.0,3.0,0.08059468,2.0,3.0,4.0,0.08897189,12.0,3.0901287553648067,0.3862660944206008,6.952789699570815,0.3862660944206008,9.656652360515022,1.931330472103004,0.7725321888412017,1.5450643776824031,1.5450643776824031,0.0,0.0,5.407725321888412,0.7725321888412017,4.24892703862661,0.0,1.1587982832618025,1.1587982832618025,0.0,0.0,0.0,2.317596566523605,3.0901287553648067,0.7725321888412017,0.0,0.0,0.0,64.1,33.33,33.33,33.33,0.0,40.0,50.0,42.86,0.1199712897829297,0.0428853740351357,0.0,1.1587982832618025,0.0311309922746781,0.7725321888412017,1.1587982832618025,1.5450643776824031,0.0343668244635193,4.63519313304721,ST,6,81,12,42,12,37,27,15,29,15,10,17,85,27,4,62,42,13,8,52,60,63,35,29,48,50,19,44,88,29,8,38,65,31,12,12,10,23,19,50,60,50,38,33,31,81,23,50,15,46,35,23,50,15,10,42,96,50,4,85,62,13,8,52,81,81,65,29,48,50,19,44,88,29,8,38,65,31,15,19,10,58,38,85,81,69,54,58,Danish Superliga
Sønderjyske,aljua8crr0vkwit0j3m59jw9j,bocqh11yx20xyy11g8ej6z7x1,A. Munksgaard,Alexander Munksgaard,28.0,Defender,Denmark,Defender,38.0,4.0,56.0,7.0,90.0,6.0,4.0,1.0,1.0,0.0,0.0,19.0,6.0,359.0,5.0,7.0,3.0,7.0,1.0,1.0,0.0,1.0,1.0,1.0,0.0,0.0,0.0,79.65,50.0,23.53,100.0,100.0,73.08,85.71,50.0,0.1344019460739576,0.4721697248672154,0.0,10.0,0.23032163,2.0,12.0,15.0,0.6179312699999998,41.0,9.526462395543176,1.0027855153203342,14.03899721448468,1.7548746518105849,22.56267409470752,1.504178272980501,1.0027855153203342,0.2506963788300835,0.2506963788300835,0.0,0.0,4.763231197771588,1.504178272980501,1.2534818941504178,1.7548746518105849,0.7520891364902507,1.7548746518105849,0.2506963788300835,0.2506963788300835,0.0,0.2506963788300835,0.2506963788300835,0.2506963788300835,0.0,0.0,0.0,79.65,50.0,23.53,100.0,100.0,73.08,85.71,50.0,0.0336940811884573,0.1183712402174077,0.0,2.5069637883008355,0.0577407986072423,0.5013927576601671,3.0083565459610027,3.7604456824512535,0.1549131317548746,10.278551532033426,RB/RCB,17,67,8,50,8,50,62,21,25,21,29,25,50,38,71,21,8,92,58,46,12,12,21,42,54,54,17,92,50,92,100,100,92,12,25,67,29,62,58,25,50,33,50,17,8,100,25,58,8,75,75,17,25,21,29,58,75,42,100,17,8,92,75,46,17,17,33,42,54,54,17,92,50,92,100,100,92,12,17,100,29,75,83,17,33,50,42,8,Danish Superliga
Sønderjyske,aljua8crr0vkwit0j3m59jw9j,dd53d1radlkv7y24724vkol49,B. Bjarnason,Brynjar Ingi Bjarnason,26.0,Defender,Iceland,Defender,69.0,0.0,19.0,6.0,88.0,3.0,0.0,0.0,0.0,0.0,0.0,7.0,5.0,234.0,0.0,0.0,2.0,15.0,0.0,0.0,0.0,0.0,0.0,0.0,0.0,0.0,0.0,79.28,28.57,0.0,0.0,0.0,43.75,33.33,50.0,0.0,0.0,0.0,0.0,0.0,0.0,0.0,0.0,0.0,0.0,26.538461538461537,0.0,7.3076923076923075,2.3076923076923075,33.84615384615385,1.1538461538461535,0.0,0.0,0.0,0.0,0.0,2.692307692307692,1.923076923076923,0.0,0.0,0.7692307692307692,5.769230769230769,0.0,0.0,0.0,0.0,0.0,0.0,0.0,0.0,0.0,79.28,28.57,0.0,0.0,0.0,43.75,33.33,50.0,0.0,0.0,0.0,0.0,0.0,0.0,0.0,0.0,0.0,0.0,CB,9,33,3,17,6,15,6,8,9,29,30,3,41,6,3,11,27,36,24,45,20,18,23,41,52,52,3,17,33,23,24,6,14,27,6,8,29,5,5,14,3,3,3,3,36,33,3,39,12,39,6,8,9,29,30,15,88,6,3,36,61,36,24,45,20,18,23,41,52,52,3,17,33,23,24,6,14,27,6,8,29,5,5,14,3,3,3,3,Danish Superliga
Viborg,cftj6g399tknheudaxsdpfdgb,5f3wfx327z9hef9k9l37c90wl,J. Grønning,Jeppe Grønning,35.0,Midfielder,Denmark,Midfielder,161.0,0.0,174.0,12.0,335.0,5.0,3.0,1.0,0.0,1.0,0.0,40.0,20.0,720.0,7.0,14.0,12.0,22.0,0.0,1.0,0.0,0.0,0.0,0.0,0.0,0.0,0.0,86.56,42.86,0.0,0.0,100.0,45.98,55.56,54.55,0.0640050189636669,0.1021974806891335,1.0,10.0,0.19523493,8.0,44.0,39.0,0.7822568200000003,216.0,20.125,0.0,21.75,1.5,41.875,0.625,0.375,0.125,0.0,0.125,0.0,5.0,2.5,0.875,1.75,1.5,2.75,0.0,0.125,0.0,0.0,0.0,0.0,0.0,0.0,0.0,86.56,42.86,0.0,0.0,100.0,45.98,55.56,54.55,0.0080006273704583,0.0127746850861416,0.125,1.25,0.02440436625,1.0,5.5,4.875,0.0977821025,27.0,DM/CM,83,29,86,55,83,62,34,17,21,34,19,86,97,69,93,90,97,34,47,45,5,5,14,28,52,52,66,24,29,14,98,34,76,43,10,24,40,72,66,84,93,93,83,90,69,29,76,41,66,45,14,12,21,28,19,62,97,55,79,72,86,34,34,45,5,5,14,28,52,52,66,24,29,14,98,34,76,43,10,17,31,55,45,84,86,79,59,83,Danish Superliga
Viborg,cftj6g399tknheudaxsdpfdgb,6d8194j12jdzgqk5uwcemecr8,C. Nouck,Charly Nouck,22.0,Attacker,Denmark,Striker,9.0,9.0,72.0,1.0,72.0,0.0,13.0,17.0,13.0,4.0,5.0,30.0,1.0,608.0,37.0,10.0,2.0,0.0,2.0,3.0,0.0,36.0,38.0,14.0,1.0,0.0,0.0,71.29,33.33,27.27,38.89,17.65,34.48,0.0,33.33,2.1017213599963696,1.2047276682701813,9.0,21.0,0.7004310099999999,7.0,6.0,14.0,1.1137182,38.0,1.332236842105263,1.332236842105263,10.657894736842104,0.1480263157894736,10.657894736842104,0.0,1.924342105263158,2.5164473684210527,1.924342105263158,0.5921052631578947,0.7401315789473685,4.440789473684211,0.1480263157894736,5.476973684210527,1.480263157894737,0.2960526315789473,0.0,0.2960526315789473,0.4440789473684211,0.0,5.328947368421052,5.625,2.0723684210526314,0.1480263157894736,0.0,0.0,71.29,33.33,27.27,38.89,17.65,34.48,0.0,33.33,0.3111100697363047,0.1783313982636781,1.332236842105263,3.108552631578948,0.1036822218749999,1.0361842105263157,0.8881578947368421,2.0723684210526314,0.1648596019736842,5.625,LW,14,86,43,29,14,14,93,43,57,36,36,57,50,57,57,29,21,86,29,57,64,71,57,57,57,57,43,71,71,29,43,14,14,14,71,71,43,86,86,86,50,64,71,57,14,86,14,29,14,14,86,14,43,29,29,14,57,29,43,14,21,71,29,57,71,71,57,57,57,57,43,71,71,29,43,14,14,14,71,43,29,71,86,71,57,71,43,29,Danish Superliga
Viborg,cftj6g399tknheudaxsdpfdgb,6ja2xnbktah4mog04g3kmjgmh,Ž. Zaletel,Zan Zaletel,26.0,Defender,Slovenia,Defender,405.0,0.0,170.0,23.0,575.0,7.0,5.0,2.0,2.0,0.0,1.0,21.0,11.0,720.0,5.0,6.0,3.0,48.0,0.0,0.0,0.0,1.0,1.0,1.0,1.0,0.0,0.0,94.11,62.16,0.0,100.0,0.0,65.62,50.0,42.86,0.2003547144266789,0.4114187638097374,0.0,13.0,0.26739466,5.0,20.0,24.0,0.7386651599999999,371.0,50.625,0.0,21.25,2.875,71.875,0.875,0.625,0.25,0.25,0.0,0.125,2.625,1.375,0.625,0.75,0.375,6.0,0.0,0.0,0.0,0.125,0.125,0.125,0.125,0.0,0.0,94.11,62.16,0.0,100.0,0.0,65.62,50.0,42.86,0.0250443393033348,0.0514273454762171,0.0,1.625,0.0334243325,0.625,2.5,3.0,0.0923331449999999,46.375,CB,100,33,79,80,100,42,80,30,39,29,70,55,83,38,77,24,86,36,24,45,48,47,64,88,52,52,91,94,33,92,24,94,41,18,24,82,29,85,76,80,64,65,67,100,91,33,55,52,91,26,65,18,21,29,64,12,68,24,52,9,64,36,24,45,41,38,48,83,52,52,91,94,33,92,24,94,41,18,18,73,29,70,70,67,39,39,39,88,Danish Superliga
Viborg,cftj6g399tknheudaxsdpfdgb,9w4k8gszipnfq1cgws1sllv6c,Dorian Junior,Dorian Junior Hanza Meha,25.0,Attacker,Equatorial Guinea,Striker,22.0,0.0,52.0,0.0,74.0,8.0,8.0,15.0,13.0,2.0,1.0,22.0,2.0,664.0,31.0,7.0,4.0,10.0,2.0,7.0,0.0,5.0,5.0,3.0,1.0,0.0,0.0,74.75,0.0,0.0,60.0,46.67,33.85,32.0,100.0,1.946143004167392,0.5850592219763638,1.0,4.0,0.1712245299999999,0.0,6.0,7.0,0.1938498,23.0,2.9819277108433733,0.0,7.048192771084337,0.0,10.03012048192771,1.0843373493975903,1.0843373493975903,2.033132530120482,1.7620481927710845,0.2710843373493976,0.1355421686746988,2.9819277108433733,0.2710843373493976,4.201807228915662,0.9487951807228916,0.5421686746987951,1.355421686746988,0.2710843373493976,0.9487951807228916,0.0,0.677710843373494,0.677710843373494,0.4066265060240963,0.1355421686746988,0.0,0.0,74.75,0.0,0.0,60.0,46.67,33.85,32.0,100.0,0.2637844433359416,0.0793001957498083,0.1355421686746988,0.5421686746987951,0.023208144126506,0.0,0.8132530120481927,0.9487951807228916,0.0262748222891566,3.117469879518072,ST,73,38,81,15,77,48,83,75,81,42,31,56,85,88,73,75,96,71,83,52,42,37,54,75,48,50,58,15,38,75,77,12,35,87,85,69,31,42,50,8,81,65,65,71,27,38,27,15,19,31,54,38,58,31,19,12,58,46,27,58,65,46,58,52,23,19,27,58,48,50,58,15,38,75,77,12,35,87,50,50,19,12,27,8,54,46,42,19,Danish Superliga
Viborg,cftj6g399tknheudaxsdpfdgb,acp1ba2irpv5wfmxke7ucmaga,O. Bundgaard,Oliver Bundgaard,25.0,Defender,Denmark,Defender,127.0,14.0,122.0,11.0,235.0,3.0,14.0,9.0,5.0,4.0,1.0,46.0,4.0,698.0,21.0,12.0,13.0,20.0,0.0,3.0,0.0,12.0,13.0,7.0,2.0,0.0,0.0,76.3,31.43,32.56,58.33,33.33,63.01,50.0,54.17,0.7360316254392145,1.6426437922825037,3.0,16.0,0.4223609299999999,11.0,28.0,34.0,1.7140792200000003,106.0,16.375358166189113,1.805157593123209,15.730659025787965,1.4183381088825215,30.30085959885387,0.3868194842406877,1.805157593123209,1.160458452722063,0.6446991404011462,0.5157593123209169,0.1289398280802292,5.9312320916905446,0.5157593123209169,2.707736389684814,1.5472779369627507,1.67621776504298,2.5787965616045847,0.0,0.3868194842406877,0.0,1.5472779369627507,1.67621776504298,0.9025787965616046,0.2578796561604584,0.0,0.0,76.3,31.43,32.56,58.33,33.33,63.01,50.0,54.17,0.094903791245744,0.2118022081739617,0.3868194842406877,2.0630372492836675,0.0544591457020057,1.4183381088825215,3.610315186246418,4.383954154727793,0.2210130799426934,13.667621776504298,LB/LCB,75,100,88,69,75,38,100,94,81,91,69,94,34,100,100,94,62,47,100,47,88,88,84,100,53,53,25,19,75,44,81,94,78,50,94,100,84,97,94,100,88,88,100,81,44,94,50,25,44,25,94,88,81,81,56,88,12,88,75,88,44,47,100,47,81,88,88,88,53,53,25,19,75,44,81,94,78,50,81,94,75,75,75,75,75,69,94,50,Danish Superliga
Viborg,cftj6g399tknheudaxsdpfdgb,dyzzo6n83rg4fpvmqqa69moes,A. Beck,Asker Beck,23.0,Midfielder,Denmark,Midfielder,81.0,0.0,100.0,8.0,181.0,8.0,7.0,14.0,11.0,3.0,6.0,34.0,2.0,576.0,25.0,2.0,6.0,3.0,3.0,5.0,0.0,19.0,19.0,9.0,0.0,0.0,0.0,81.17,57.14,0.0,47.37,35.71,53.97,61.54,40.0,1.677535720081757,0.5277943760480386,2.0,15.0,0.6152569499999999,11.0,14.0,26.0,0.5942172999999996,82.0,12.65625,0.0,15.625,1.25,28.28125,1.25,1.09375,2.1875,1.71875,0.46875,0.9375,5.3125,0.3125,3.90625,0.3125,0.9375,0.46875,0.46875,0.78125,0.0,2.96875,2.96875,1.40625,0.0,0.0,0.0,81.17,57.14,0.0,47.37,35.71,53.97,61.54,40.0,0.2621149562627745,0.082467871257506,0.3125,2.34375,0.0961338984374999,1.71875,2.1875,4.0625,0.0928464531249999,12.8125,DM/CM,45,29,55,40,48,83,79,97,97,59,100,64,7,98,10,36,16,98,93,45,95,95,97,28,52,52,34,71,29,52,62,66,83,12,97,72,57,95,97,97,34,67,66,45,31,29,45,31,38,83,69,90,93,55,97,72,7,100,7,24,7,100,93,45,97,97,97,28,52,52,34,71,29,52,62,66,83,12,97,72,55,90,97,100,21,55,55,31,Danish Superliga
Viborg,cftj6g399tknheudaxsdpfdgb,ekx0wotp433tuaw4g93nybjmc,S. Jalal,Sami Jalal,22.0,Midfielder,Denmark,Midfielder,35.0,4.0,122.0,1.0,153.0,8.0,13.0,10.0,7.0,3.0,3.0,47.0,5.0,563.0,26.0,18.0,4.0,6.0,0.0,2.0,0.0,24.0,26.0,10.0,1.0,0.0,0.0,88.44,20.0,80.0,41.67,20.0,48.96,61.54,33.33,1.215631857757366,1.1710647699640049,3.0,32.0,0.9404898299999996,14.0,12.0,18.0,1.5098429600000003,62.0,5.595026642984014,0.6394316163410302,19.50266429840142,0.1598579040852575,24.45825932504441,1.2788632326820604,2.0781527531083483,1.5985790408525755,1.119005328596803,0.4795737122557726,0.4795737122557726,7.513321492007105,0.7992895204262878,4.156305506216697,2.877442273534636,0.6394316163410302,0.9591474245115452,0.0,0.3197158081705151,0.0,3.836589698046181,4.156305506216697,1.5985790408525755,0.1598579040852575,0.0,0.0,88.44,20.0,80.0,41.67,20.0,48.96,61.54,33.33,0.1943283609203604,0.1872039596745301,0.4795737122557726,5.1154529307282415,0.1503447330373001,2.238010657193606,1.9182948490230909,2.877442273534636,0.2413603310834814,9.911190053285967,CM/AM,17,70,48,7,35,91,76,48,76,43,52,96,76,91,96,39,61,17,33,52,89,89,89,67,50,52,91,4,100,48,22,61,91,13,70,83,52,96,100,91,30,48,87,30,9,61,39,4,22,83,70,43,61,22,43,96,74,74,96,22,52,17,22,52,91,91,91,70,50,52,91,4,100,48,22,61,91,13,57,65,39,100,100,96,13,30,87,22,Danish Superliga
Viborg,cftj6g399tknheudaxsdpfdgb,wnin2353js3p5rh4d7e2ymwa,M. Søndergaard,Mads Søndergaard,23.0,Midfielder,Denmark,Midfielder,47.0,0.0,50.0,8.0,97.0,8.0,3.0,11.0,9.0,2.0,5.0,17.0,4.0,416.0,18.0,2.0,2.0,9.0,2.0,3.0,1.0,5.0,5.0,1.0,2.0,0.0,0.0,72.39,57.14,0.0,20.0,27.27,39.53,47.06,33.33,1.3263694517877365,0.2556230534290858,1.0,5.0,0.12580583,2.0,14.0,16.0,0.33494978,51.0,10.168269230769232,0.0,10.817307692307692,1.7307692307692308,20.985576923076923,1.7307692307692308,0.6490384615384616,2.3798076923076925,1.9471153846153848,0.4326923076923077,1.0817307692307694,3.677884615384616,0.8653846153846154,3.8942307692307696,0.4326923076923077,0.4326923076923077,1.9471153846153848,0.4326923076923077,0.6490384615384616,0.2163461538461538,1.0817307692307694,1.0817307692307694,0.2163461538461538,0.4326923076923077,0.0,0.0,72.39,57.14,0.0,20.0,27.27,39.53,47.06,33.33,0.2869549294733084,0.0553030644437926,0.2163461538461538,1.0817307692307694,0.027217607451923,0.4326923076923077,3.028846153846154,3.4615384615384617,0.0724650966346153,11.033653846153848,DM/CM,21,29,21,40,17,83,34,90,90,47,97,24,31,93,10,14,48,93,90,95,55,53,40,91,52,52,10,71,29,31,48,10,64,7,93,41,40,38,45,40,34,38,28,28,17,29,14,45,17,86,41,97,97,48,100,34,24,97,17,10,69,97,90,100,62,55,38,93,52,52,10,71,29,31,48,10,64,7,100,45,48,41,48,41,45,48,38,24,Danish Superliga
Viborg,cftj6g399tknheudaxsdpfdgb,xyt0wq20toh97811t65vu4no,L. Kirkegaard,Lukas Kirkegaard,21.0,Defender,Denmark,Defender,362.0,0.0,207.0,46.0,569.0,13.0,4.0,4.0,3.0,1.0,0.0,22.0,0.0,719.0,8.0,4.0,3.0,48.0,0.0,1.0,0.0,1.0,1.0,1.0,0.0,0.0,0.0,90.75,57.5,0.0,100.0,25.0,59.46,61.9,75.0,0.428573007894496,0.2231663646503615,0.0,10.0,0.19925188,2.0,59.0,59.0,1.0815755500000006,318.0,45.31293463143255,0.0,25.910987482614743,5.757997218358832,71.22392211404728,1.627260083449235,0.5006954102920723,0.5006954102920723,0.3755215577190542,0.125173852573018,0.0,2.753824756606398,0.0,1.0013908205841446,0.5006954102920723,0.3755215577190542,6.008344923504868,0.0,0.125173852573018,0.0,0.125173852573018,0.125173852573018,0.125173852573018,0.0,0.0,0.0,90.75,57.5,0.0,100.0,25.0,59.46,61.9,75.0,0.0536461345069605,0.0279345936280007,0.0,1.2517385257301807,0.0249411254520166,0.2503477051460361,7.385257301808067,7.385257301808067,0.135384978442281,39.80528511821975,CB,94,33,97,100,97,73,70,67,65,70,30,59,3,59,56,24,86,36,61,45,48,47,64,41,52,52,73,85,33,92,58,65,64,79,64,61,29,68,64,48,97,100,94,92,79,33,79,100,85,55,58,45,42,58,30,21,3,39,39,12,67,36,52,45,45,42,55,41,52,52,73,85,33,92,58,65,64,79,42,48,29,67,58,45,97,100,70,70,Danish Superliga
