Team,contestantId,playerId,Short Name,Player Name,Age,Position_x,Nationality,Position_y,total accurate back zone pass_Total,total accurate cross_Total,total accurate fwd zone pass_Total,total accurate long balls_Total,total accurate pass_Total,total aerial won_Total,total assists_Total,total att assist_Total,total attempt_Total,total attempts ibox_Total,total attempts obox_Total,total blocked scoring att_Total,total contest_Total,total dribbles attempted_Total,total duels won_Total,total effective clearance_Total,total goals_Total,total interception_Total,total mins played,total ontarget attempt_Total,total touches in opposition box_Total,total was fouled_Total,total won contest_Total,total won tackle_Total,total big chances saved_Total,total direct setpiece goals_Total,total direct corner goals_Total,pass_success_pct_Total,long_balls_success_pct_Total,cross_success_pct_Total,dribble_success_pct_Total,attempt_success_pct_Total,duel_success_pct_Total,aerial_success_pct_Total,tackle_success_pct_Total,xG_Total,xA_Total,CreatedOwnShot_Total,Total Carries_Total,Total Carry xT_Total,Total Final Third Carries_Total,passes_into_final_third_Total,progressive_passes_Total,xT_pass_Total,forward_passes_Total,total accurate back zone pass_p90,total accurate cross_p90,total accurate fwd zone pass_p90,total accurate long balls_p90,total accurate pass_p90,total aerial won_p90,total assists_p90,total att assist_p90,total attempt_p90,total attempts ibox_p90,total attempts obox_p90,total blocked scoring att_p90,total contest_p90,total dribbles attempted_p90,total duels won_p90,total effective clearance_p90,total goals_p90,total interception_p90,total ontarget attempt_p90,total touches in opposition box_p90,total was fouled_p90,total won contest_p90,total won tackle_p90,total big chances saved_p90,total direct setpiece goals_p90,total direct corner goals_p90,pass_success_pct_p90,long_balls_success_pct_p90,cross_success_pct_p90,dribble_success_pct_p90,attempt_success_pct_p90,duel_success_pct_p90,aerial_success_pct_p90,tackle_success_pct_p90,xG_p90,xA_p90,CreatedOwnShot_p90,Total Carries_p90,Total Carry xT_p90,Total Final Third Carries_p90,passes_into_final_third_p90,progressive_passes_p90,xT_pass_p90,forward_passes_p90,Pos.,total accurate back zone pass_TotalPR,total accurate cross_TotalPR,total accurate fwd zone pass_TotalPR,total accurate long balls_TotalPR,total accurate pass_TotalPR,total aerial won_TotalPR,total assists_TotalPR,total att assist_TotalPR,total attempt_TotalPR,total attempts ibox_TotalPR,total attempts obox_TotalPR,total blocked scoring att_TotalPR,total contest_TotalPR,total dribbles attempted_TotalPR,total duels won_TotalPR,total effective clearance_TotalPR,total goals_TotalPR,total interception_TotalPR,total ontarget attempt_TotalPR,total touches in opposition box_TotalPR,total was fouled_TotalPR,total won contest_TotalPR,total won tackle_TotalPR,total big chances saved_TotalPR,total direct setpiece goals_TotalPR,total direct corner goals_TotalPR,pass_success_pct_TotalPR,long_balls_success_pct_TotalPR,cross_success_pct_TotalPR,dribble_success_pct_TotalPR,attempt_success_pct_TotalPR,duel_success_pct_TotalPR,aerial_success_pct_TotalPR,tackle_success_pct_TotalPR,xG_TotalPR,xA_TotalPR,CreatedOwnShot_TotalPR,Total Carries_TotalPR,Total Carry xT_TotalPR,Total Final Third Carries_TotalPR,passes_into_final_third_TotalPR,progressive_passes_TotalPR,xT_pass_TotalPR,forward_passes_TotalPR,total accurate back zone pass_p90PR,total accurate cross_p90PR,total accurate fwd zone pass_p90PR,total accurate long balls_p90PR,total accurate pass_p90PR,total aerial won_p90PR,total assists_p90PR,total att assist_p90PR,total attempt_p90PR,total attempts ibox_p90PR,total attempts obox_p90PR,total blocked scoring att_p90PR,total contest_p90PR,total dribbles attempted_p90PR,total duels won_p90PR,total effective clearance_p90PR,total goals_p90PR,total interception_p90PR,total ontarget attempt_p90PR,total touches in opposition box_p90PR,total was fouled_p90PR,total won contest_p90PR,total won tackle_p90PR,total big chances saved_p90PR,total direct setpiece goals_p90PR,total direct corner goals_p90PR,pass_success_pct_p90PR,long_balls_success_pct_p90PR,cross_success_pct_p90PR,dribble_success_pct_p90PR,attempt_success_pct_p90PR,duel_success_pct_p90PR,aerial_success_pct_p90PR,tackle_success_pct_p90PR,xG_p90PR,xA_p90PR,CreatedOwnShot_p90PR,Total Carries_p90PR,Total Carry xT_p90PR,Total Final Third Carries_p90PR,passes_into_final_third_p90PR,progressive_passes_p90PR,xT_pass_p90PR,forward_passes_p90PR,League
Oulu,cy6zs39z79dcfbr4xzkp38z7q,18xd5tutfsezwq4bxdbuc4b9w,I. Mendolin,Iiro Mendolin,20.0,Midfielder,Finland,Midfielder,283.0,1.0,329.0,43.0,611.0,30.0,1.0,15.0,19.0,9.0,10.0,8.0,23.0,25.0,125.0,41.0,1.0,38.0,1857.0,5.0,28.0,34.0,13.0,21.0,0.0,0.0,0.0,78.84,57.33,11.11,56.52,26.32,52.52,54.55,42.86,1.3338087994071537,0.9827412808709638,5.0,20.0,0.517441,7.0,60.0,67.0,1.3038494700000012,273.0,13.7156704361874,0.048465266558966,15.94507269789984,2.0840064620355414,29.61227786752828,1.4539579967689822,0.048465266558966,0.7269789983844911,0.9208400646203554,0.4361873990306947,0.4846526655896607,0.3877221324717286,1.1147011308562198,1.2116316639741518,6.05815831987076,1.9870759289176088,0.048465266558966,1.8416801292407108,0.2423263327948303,1.3570274636510502,1.6478190630048466,0.630048465266559,1.0177705977382876,0.0,0.0,0.0,78.84,57.33,11.11,56.52,26.32,52.52,54.55,42.86,0.0646433990019622,0.047628818135911,0.2423263327948303,0.9693053311793216,0.0250779159935379,0.3392568659127625,2.9079159935379644,3.247172859450727,0.0631914121163167,13.231017770597738,DM/CM,59,38,62,74,56,94,72,66,76,82,74,82,88,88,100,91,66,97,78,87,97,87,78,47,51,51,12,76,37,74,62,62,71,10,71,65,49,44,53,44,56,65,44,47,15,35,32,50,18,82,65,41,62,65,50,74,71,71,85,79,56,91,62,53,74,74,29,47,51,51,12,76,37,74,62,62,71,10,50,38,21,26,35,18,29,35,15,21,Veikkausliiga
Oulu,cy6zs39z79dcfbr4xzkp38z7q,33va022bhya45v496wz8usn6y,O. Kemppainen,Otto Kemppainen,22.0,Defender,Finland,Defender,182.0,3.0,171.0,17.0,350.0,6.0,1.0,5.0,4.0,2.0,2.0,1.0,22.0,23.0,49.0,40.0,0.0,12.0,1112.0,2.0,7.0,11.0,11.0,14.0,0.0,0.0,0.0,82.94,38.64,12.5,50.0,50.0,46.23,30.0,66.67,0.2598437148971533,0.45966920362684,2.0,29.0,0.74356333,19.0,25.0,28.0,0.9086132100000004,152.0,14.730215827338128,0.2428057553956834,13.839928057553957,1.3758992805755397,28.3273381294964,0.4856115107913669,0.0809352517985611,0.4046762589928057,0.3237410071942446,0.1618705035971223,0.1618705035971223,0.0809352517985611,1.7805755395683454,1.8615107913669064,3.965827338129496,3.237410071942446,0.0,0.9712230215827338,0.1618705035971223,0.5665467625899281,0.8902877697841727,0.8902877697841727,1.1330935251798562,0.0,0.0,0.0,82.94,38.64,12.5,50.0,50.0,46.23,30.0,66.67,0.0210305164934746,0.0372034427395823,0.1618705035971223,2.347122302158273,0.0601804853417266,1.537769784172662,2.023381294964029,2.2661870503597124,0.0735388389388489,12.302158273381297,RB/RCB,60,42,60,60,50,45,62,40,40,32,70,60,75,75,52,75,40,68,52,28,62,80,57,45,52,52,80,70,25,48,62,25,10,72,30,40,68,90,90,95,50,45,40,50,40,35,45,45,45,10,60,40,25,25,60,55,75,75,30,70,40,45,50,10,45,75,35,45,52,52,80,70,25,48,62,25,10,72,20,35,65,90,85,100,45,35,25,35,Veikkausliiga
Oulu,cy6zs39z79dcfbr4xzkp38z7q,3ajk1fh1r7rxjmsljdm5zs639,M. Pitkänen,Mikko Pitkänen,29.0,Defender,Finland,Defender,381.0,0.0,176.0,37.0,557.0,23.0,0.0,2.0,2.0,2.0,0.0,0.0,8.0,8.0,57.0,59.0,0.0,6.0,1175.0,2.0,7.0,8.0,5.0,14.0,0.0,0.0,0.0,82.64,42.05,0.0,62.5,100.0,55.34,47.92,66.67,0.3259697227287981,0.1680224634147802,0.0,4.0,0.08608521,2.0,39.0,41.0,0.8289674799999999,342.0,29.18297872340425,0.0,13.480851063829787,2.834042553191489,42.66382978723404,1.7617021276595746,0.0,0.1531914893617021,0.1531914893617021,0.1531914893617021,0.0,0.0,0.6127659574468085,0.6127659574468085,4.365957446808511,4.519148936170213,0.0,0.4595744680851064,0.1531914893617021,0.5361702127659574,0.6127659574468085,0.3829787234042553,1.0723404255319149,0.0,0.0,0.0,82.64,42.05,0.0,62.5,100.0,55.34,47.92,66.67,0.0249678936558228,0.0128698057083661,0.0,0.3063829787234042,0.0065937607659574,0.1531914893617021,2.987234042553192,3.140425531914893,0.0634953814468085,26.195744680851064,CB,57,29,40,61,47,51,34,39,16,18,20,12,66,66,57,60,31,19,56,24,50,70,77,42,50,51,40,47,29,74,100,38,20,58,24,44,21,21,22,40,49,42,29,51,49,29,22,49,44,40,34,33,11,16,20,12,62,60,56,40,31,13,58,13,47,71,73,42,50,51,40,47,29,74,100,38,20,58,18,36,21,18,22,38,42,31,20,44,Veikkausliiga
Oulu,cy6zs39z79dcfbr4xzkp38z7q,3tpjeq8mn2sy9v6a8hcesp9wq,T. Kaukua,Tuomas Kaukua,25.0,Attacker,Finland,Striker,283.0,12.0,335.0,28.0,606.0,16.0,1.0,20.0,13.0,7.0,6.0,4.0,87.0,91.0,152.0,60.0,1.0,18.0,2032.0,6.0,43.0,35.0,50.0,34.0,0.0,0.0,0.0,70.88,20.44,25.0,57.47,46.15,56.93,44.44,65.38,0.9426993313074836,1.7303694558008895,5.0,73.0,2.24729173,33.0,62.0,87.0,3.0900630300000014,301.0,12.534448818897635,0.5314960629921259,14.83759842519685,1.2401574803149606,26.84055118110236,0.7086614173228346,0.0442913385826771,0.8858267716535433,0.5757874015748031,0.3100393700787401,0.2657480314960629,0.1771653543307086,3.853346456692913,4.030511811023622,6.732283464566929,2.6574803149606296,0.0442913385826771,0.7972440944881889,0.2657480314960629,1.904527559055118,1.5501968503937007,2.2145669291338583,1.5059055118110236,0.0,0.0,0.0,70.88,20.44,25.0,57.47,46.15,56.93,44.44,65.38,0.0417534152646031,0.07664037944,0.2214566929133858,3.233267716535433,0.0995355589074803,1.4616141732283463,2.7460629921259843,3.853346456692913,0.1368630279035433,13.331692913385826,LW,100,80,100,100,100,90,35,70,50,45,65,35,100,100,100,100,50,100,60,60,90,100,100,50,55,55,30,30,70,90,90,100,90,80,40,70,50,90,90,100,100,100,90,100,90,60,80,100,80,70,20,30,10,10,20,20,60,60,90,90,40,90,20,20,50,80,100,50,55,55,30,30,70,90,90,100,90,80,10,30,20,80,80,70,100,80,50,100,Veikkausliiga
Oulu,cy6zs39z79dcfbr4xzkp38z7q,4votdnyh0srvboatz6a20d5p0,J. Paananen,Julius Paananen,19.0,Midfielder,Finland,Midfielder,270.0,0.0,325.0,31.0,595.0,10.0,0.0,12.0,20.0,7.0,13.0,3.0,16.0,18.0,68.0,38.0,1.0,29.0,1594.0,6.0,17.0,13.0,5.0,18.0,0.0,0.0,0.0,79.76,36.05,0.0,31.25,30.0,47.22,40.0,45.0,1.4484743037094805,0.933070420819864,9.0,26.0,0.62065138,5.0,69.0,77.0,1.6715600700000002,298.0,15.244667503136762,0.0,18.35006273525721,1.7503136762860727,33.59473023839398,0.5646173149309912,0.0,0.6775407779171895,1.1292346298619824,0.3952321204516938,0.7340025094102886,0.1693851944792973,0.903387703889586,1.016311166875784,3.83939774153074,2.1455457967377667,0.0564617314930991,1.6373902132998743,0.3387703889585947,0.959849435382685,0.7340025094102886,0.2823086574654956,1.016311166875784,0.0,0.0,0.0,79.76,36.05,0.0,31.25,30.0,47.22,40.0,45.0,0.0817833672106984,0.0526827715644841,0.508155583437892,1.468005018820577,0.0350430515683814,0.2823086574654956,3.89585947302384,4.347553324968632,0.0943791758469259,16.825595984943536,DM/CM,53,16,59,56,53,59,29,57,81,69,81,51,75,75,59,87,66,87,87,59,49,53,51,47,51,51,15,21,16,18,68,21,41,15,74,56,79,72,68,32,65,74,56,59,29,16,44,44,35,38,29,35,74,59,76,35,59,59,35,82,62,85,74,41,21,32,26,47,51,51,15,21,16,18,68,21,41,15,65,47,71,50,47,9,62,62,44,41,Veikkausliiga
Oulu,cy6zs39z79dcfbr4xzkp38z7q,6yreepfqr0qh9o2mlglzkri6t,R. Riski,Roope Riski,35.0,Attacker,Finland,Striker,23.0,0.0,46.0,1.0,69.0,1.0,0.0,3.0,13.0,12.0,1.0,4.0,4.0,4.0,8.0,2.0,2.0,0.0,592.0,5.0,25.0,3.0,1.0,2.0,0.0,0.0,0.0,82.14,33.33,0.0,25.0,38.46,22.86,9.09,66.67,1.083612387796692,0.1002981125124774,2.0,1.0,0.10805102,0.0,2.0,4.0,0.1126590499999999,16.0,3.496621621621622,0.0,6.993243243243244,0.152027027027027,10.489864864864863,0.152027027027027,0.0,0.4560810810810811,1.9763513513513515,1.8243243243243243,0.152027027027027,0.6081081081081081,0.6081081081081081,0.6081081081081081,1.2162162162162162,0.304054054054054,0.304054054054054,0.0,0.7601351351351352,3.800675675675676,0.4560810810810811,0.152027027027027,0.304054054054054,0.0,0.0,0.0,82.14,33.33,0.0,25.0,38.46,22.86,9.09,66.67,0.1647383697663889,0.0152480238616942,0.304054054054054,0.152027027027027,0.0164266753378378,0.0,0.304054054054054,0.6081081081081081,0.0171272204391891,2.4324324324324325,ST,28,25,25,15,22,6,18,20,29,36,11,41,10,10,4,14,49,14,32,32,12,18,19,51,50,51,95,28,25,25,42,2,5,52,22,10,16,6,18,8,9,18,15,18,18,25,22,15,25,8,18,10,25,48,8,62,12,12,2,12,62,14,35,28,12,20,20,51,50,51,95,28,25,25,42,2,5,52,22,10,12,5,12,8,5,10,10,8,Veikkausliiga
Oulu,cy6zs39z79dcfbr4xzkp38z7q,7glr1eur910fj5b5fg743job9,R. Karjalainen,Rasmus Karjalainen,30.0,Attacker,Finland,Striker,98.0,24.0,237.0,15.0,311.0,24.0,3.0,34.0,58.0,43.0,15.0,18.0,19.0,21.0,58.0,21.0,10.0,1.0,2071.0,24.0,86.0,11.0,8.0,8.0,0.0,0.0,0.0,65.47,30.0,20.17,42.11,41.38,41.43,42.11,50.0,6.60410999150899,3.877561184812048,15.0,22.0,0.66959716,8.0,32.0,43.0,1.5823017699999995,126.0,4.2588121680347655,1.04297440849831,10.29937228392081,0.6518590053114437,13.515210043457266,1.04297440849831,0.1303718010622887,1.477547078705939,2.520521487204249,1.8686624818928053,0.6518590053114437,0.7822308063737324,0.8256880733944953,0.9126026074360212,2.520521487204249,0.9126026074360212,0.4345726702076291,0.0434572670207629,1.04297440849831,3.7373249637856105,0.478029937228392,0.3476581361661033,0.3476581361661033,0.0,0.0,0.0,65.47,30.0,20.17,42.11,41.38,41.43,42.11,50.0,0.2869965713354944,0.168508211797723,0.6518590053114437,0.956059874456784,0.0290988625784645,0.3476581361661033,1.3906325446644132,1.8686624818928053,0.0687625105263157,5.475615644616127,ST,92,98,100,98,98,80,91,98,92,90,95,96,69,72,78,92,94,36,95,84,52,68,71,51,50,51,18,22,68,59,61,52,60,16,92,98,99,82,80,78,100,98,88,95,48,90,52,78,48,42,57,80,50,50,60,78,15,20,15,62,82,28,57,25,15,32,25,51,50,51,18,22,68,59,61,52,60,16,57,92,55,35,28,38,82,82,57,68,Veikkausliiga
Oulu,cy6zs39z79dcfbr4xzkp38z7q,7ljghcaztuhry0jka0gx0x72s,A. Lietsa,Johan Lietsa,21.0,Defender,Finland,Defender,300.0,1.0,87.0,27.0,386.0,26.0,0.0,2.0,2.0,2.0,0.0,1.0,0.0,0.0,42.0,47.0,0.0,4.0,823.0,0.0,11.0,6.0,0.0,7.0,0.0,0.0,0.0,80.25,36.99,100.0,0.0,0.0,53.16,56.52,70.0,0.2630024822428607,0.1216025102943307,0.0,2.0,0.04087117,1.0,8.0,20.0,0.5570583600000001,240.0,32.806804374240585,0.1093560145808019,9.513973268529767,2.952612393681653,42.21142162818956,2.8432563791008505,0.0,0.2187120291616039,0.2187120291616039,0.2187120291616039,0.0,0.1093560145808019,0.0,0.0,4.592952612393682,5.139732685297692,0.0,0.4374240583232078,0.0,1.2029161603888214,0.6561360874848117,0.0,0.7654921020656137,0.0,0.0,0.0,80.25,36.99,100.0,0.0,0.0,53.16,56.52,70.0,0.0287609032829373,0.0132979658888089,0.0,0.2187120291616039,0.0044695082624544,0.1093560145808019,0.8748481166464156,2.187120291616039,0.0609176821385176,26.24544349939247,CB,44,62,16,44,31,60,34,39,16,18,20,37,7,7,38,40,31,11,11,42,42,13,32,42,50,51,24,24,99,13,11,31,42,69,18,29,21,14,13,28,10,16,18,38,62,67,9,56,40,84,34,47,16,27,20,47,7,7,62,56,31,9,11,56,49,13,47,42,50,51,24,24,99,13,11,31,42,69,27,40,21,9,11,27,4,13,18,47,Veikkausliiga
Oulu,cy6zs39z79dcfbr4xzkp38z7q,7os7jcq9ok9jco9kqtscubpp1,J. Pirinen,Juha Pirinen,34.0,Defender,Finland,Defender,711.0,1.0,407.0,88.0,1117.0,57.0,0.0,2.0,7.0,7.0,0.0,0.0,3.0,4.0,120.0,129.0,1.0,22.0,2070.0,4.0,22.0,34.0,2.0,18.0,0.0,0.0,0.0,78.83,34.38,25.0,66.67,57.14,70.59,65.52,66.67,0.9095356180794943,0.1440929522081044,0.0,14.0,0.27432552,0.0,107.0,113.0,2.465298480000001,697.0,30.91304347826087,0.0434782608695652,17.695652173913043,3.8260869565217392,48.56521739130435,2.4782608695652173,0.0,0.0869565217391304,0.3043478260869565,0.3043478260869565,0.0,0.0,0.1304347826086956,0.1739130434782608,5.217391304347826,5.608695652173913,0.0434782608695652,0.9565217391304348,0.1739130434782608,0.9565217391304348,1.4782608695652173,0.0869565217391304,0.782608695652174,0.0,0.0,0.0,78.83,34.38,25.0,66.67,57.14,70.59,65.52,66.67,0.0395450268730214,0.0062649109655697,0.0,0.6086956521739131,0.0119271965217391,0.0,4.652173913043479,4.913043478260869,0.1071868904347826,30.30434782608696,CB,89,62,96,98,93,97,34,39,53,68,20,12,44,46,98,96,77,87,86,80,100,50,83,42,50,51,18,13,71,84,98,98,77,58,64,38,21,64,58,9,96,97,98,91,56,58,60,84,58,60,34,20,27,33,20,12,33,38,76,69,66,47,64,40,96,36,49,42,50,51,18,13,71,84,98,98,77,58,36,20,21,32,31,9,73,76,60,60,Veikkausliiga
Oulu,cy6zs39z79dcfbr4xzkp38z7q,80whrqt5ch885cdrzpzlez85w,Adramane Cassamá,Adramane Cassamá,22.0,Defender,Guinea-Bissau,Defender,138.0,4.0,127.0,21.0,261.0,10.0,0.0,2.0,4.0,1.0,3.0,0.0,27.0,29.0,57.0,29.0,0.0,10.0,739.0,1.0,7.0,13.0,17.0,14.0,0.0,0.0,0.0,79.57,36.84,22.22,62.96,25.0,69.51,71.43,82.35,0.2545545793670081,0.2248213784025777,3.0,11.0,0.25068122,8.0,26.0,31.0,0.8569253600000003,125.0,16.806495263870097,0.4871447902571042,15.46684709066306,2.557510148849797,31.78619756427605,1.2178619756427609,0.0,0.2435723951285521,0.4871447902571042,0.121786197564276,0.3653585926928281,0.0,3.288227334235453,3.531799729364005,6.941813261163736,3.531799729364005,0.0,1.2178619756427609,0.121786197564276,0.8525033829499324,1.5832205683355889,2.070365358592693,1.7050067658998649,0.0,0.0,0.0,79.57,36.84,22.22,62.96,25.0,69.51,71.43,82.35,0.0310012342936816,0.0273801408068091,0.3653585926928281,1.3396481732070369,0.0305295125845737,0.9742895805142084,3.1664411366711778,3.775372124492558,0.1043616811907984,15.223274695534508,LB/LCB,37,39,37,45,37,47,26,13,26,16,58,13,76,84,42,32,39,37,37,24,68,74,45,45,53,53,58,42,39,58,63,100,74,100,21,11,61,42,26,47,37,37,26,37,63,37,32,79,42,58,26,5,37,11,58,13,100,100,89,68,39,68,47,32,89,100,84,45,53,53,58,42,39,58,63,100,74,100,32,11,63,53,42,63,37,21,21,37,Veikkausliiga
Oulu,cy6zs39z79dcfbr4xzkp38z7q,94890ji7pkj7c723u1n69c1zo,J. Mäkeläinen,Juuso Mäkeläinen,17.0,Midfielder,Finland,Midfielder,31.0,3.0,46.0,6.0,74.0,2.0,0.0,2.0,4.0,1.0,3.0,2.0,5.0,5.0,22.0,1.0,0.0,1.0,307.0,1.0,5.0,15.0,1.0,2.0,0.0,0.0,0.0,77.89,66.67,60.0,20.0,25.0,47.83,20.0,40.0,0.2716409252356822,0.1787591641900441,2.0,2.0,0.04336653,0.0,7.0,10.0,0.36381765,38.0,9.087947882736156,0.8794788273615636,13.485342019543976,1.7589576547231272,21.693811074918568,0.5863192182410424,0.0,0.5863192182410424,1.1726384364820848,0.2931596091205212,0.8794788273615636,0.5863192182410424,1.4657980456026058,1.4657980456026058,6.449511400651466,0.2931596091205212,0.0,0.2931596091205212,0.2931596091205212,1.4657980456026058,4.397394136807818,0.2931596091205212,0.5863192182410424,0.0,0.0,0.0,77.89,66.67,60.0,20.0,25.0,47.83,20.0,40.0,0.0796341474632293,0.0524049667006643,0.5863192182410424,0.5863192182410424,0.0127133149837133,0.0,2.052117263843648,2.931596091205212,0.1066566400651465,11.140065146579804,CM/AM,8,39,4,27,3,18,23,3,8,9,41,20,9,9,23,8,15,11,11,9,55,8,16,51,46,50,24,89,97,16,28,61,19,14,8,5,31,4,5,3,12,16,14,16,38,70,19,73,22,51,23,11,38,11,76,68,49,49,89,8,15,19,30,16,100,19,27,51,46,50,24,89,97,16,28,61,19,14,32,11,65,3,5,3,32,35,46,35,Veikkausliiga
Oulu,cy6zs39z79dcfbr4xzkp38z7q,9rle4eqj5q7d4y7hgu570vgfd,N. Jokelainen,Niklas Jokelainen,26.0,Midfielder,Finland,Midfielder,86.0,5.0,127.0,8.0,208.0,6.0,0.0,9.0,8.0,6.0,2.0,2.0,8.0,10.0,39.0,7.0,1.0,12.0,711.0,3.0,20.0,11.0,4.0,14.0,0.0,0.0,0.0,79.69,47.06,13.89,50.0,37.5,52.0,54.55,77.78,0.5812353641882345,0.782298127597333,2.0,14.0,0.31198564,4.0,13.0,20.0,0.7752279600000003,93.0,10.886075949367088,0.6329113924050632,16.075949367088608,1.0126582278481011,26.32911392405063,0.7594936708860759,0.0,1.1392405063291138,1.0126582278481011,0.7594936708860759,0.2531645569620253,0.2531645569620253,1.0126582278481011,1.2658227848101264,4.936708860759493,0.8860759493670886,0.1265822784810126,1.5189873417721518,0.3797468354430379,2.531645569620253,1.3924050632911391,0.5063291139240506,1.7721518987341771,0.0,0.0,0.0,79.69,47.06,13.89,50.0,37.5,52.0,54.55,77.78,0.0735740967326879,0.0990250794427003,0.2531645569620253,1.7721518987341771,0.0394918531645569,0.5063291139240506,1.6455696202531644,2.531645569620253,0.0981301215189873,11.772151898734176,CM/AM,43,51,31,39,30,53,23,35,30,47,24,20,27,31,49,38,49,85,36,36,41,45,76,51,46,50,38,32,27,76,69,78,76,100,30,32,31,31,24,20,27,30,22,32,43,57,35,38,38,62,23,32,30,54,22,14,24,35,70,49,59,100,46,51,57,49,97,51,46,50,38,32,27,76,69,78,76,100,27,43,35,43,32,22,22,27,41,41,Veikkausliiga
Oulu,cy6zs39z79dcfbr4xzkp38z7q,ayynbk5csj9uwle6ta26xq238,E. Kallio,Elias Kallio,22.0,Attacker,Finland,Striker,116.0,0.0,203.0,12.0,319.0,3.0,2.0,14.0,34.0,23.0,11.0,16.0,33.0,37.0,49.0,8.0,2.0,10.0,1440.0,9.0,65.0,6.0,13.0,16.0,0.0,0.0,0.0,72.17,27.27,0.0,39.39,26.47,41.88,17.65,59.26,2.6424129875034263,0.951671487534548,18.0,14.0,0.6232930099999999,11.0,27.0,36.0,1.3213777499999997,116.0,7.25,0.0,12.6875,0.75,19.9375,0.1875,0.125,0.875,2.125,1.4375,0.6875,1.0,2.0625,2.3125,3.0625,0.5,0.125,0.625,0.5625,4.0625,0.375,0.8125,1.0,0.0,0.0,0.0,72.17,27.27,0.0,39.39,26.47,41.88,17.65,59.26,0.1651508117189641,0.0594794679709092,1.125,0.875,0.0389558131249999,0.6875,1.6875,2.25,0.0825861093749999,7.25,LW,80,15,60,80,70,50,80,50,100,100,80,100,65,70,50,40,80,85,90,90,20,60,80,50,55,55,40,40,15,50,30,40,30,70,100,40,100,30,40,65,80,70,50,60,60,15,50,70,60,30,30,20,70,80,60,80,30,30,10,20,60,70,60,40,10,30,70,50,55,55,40,40,15,50,30,40,30,70,70,10,90,10,10,30,60,60,20,50,Veikkausliiga
Oulu,cy6zs39z79dcfbr4xzkp38z7q,cn6gncw8nbyds83xx6cxbzrpw,S. Silander,Santeri Silander,22.0,Defender,Finland,Defender,106.0,3.0,90.0,16.0,193.0,4.0,1.0,2.0,3.0,1.0,2.0,0.0,2.0,3.0,29.0,22.0,0.0,4.0,591.0,2.0,10.0,11.0,1.0,8.0,0.0,0.0,0.0,78.78,47.06,18.75,50.0,66.67,58.0,30.77,61.54,0.4885746312011666,0.250685932856827,1.0,1.0,0.04066992,3.0,19.0,20.0,0.4875682199999998,103.0,16.14213197969543,0.4568527918781726,13.705583756345176,2.436548223350254,29.39086294416244,0.6091370558375635,0.1522842639593908,0.3045685279187817,0.4568527918781726,0.1522842639593908,0.3045685279187817,0.0,0.3045685279187817,0.4568527918781726,4.416243654822336,3.3502538071066,0.0,0.6091370558375635,0.3045685279187817,1.5228426395939088,1.6751269035532996,0.1522842639593908,1.218274111675127,0.0,0.0,0.0,78.78,47.06,18.75,50.0,66.67,58.0,30.77,61.54,0.0744022281017005,0.0381755227700751,0.1522842639593908,0.1522842639593908,0.0061933888324873,0.4568527918781726,2.8934010152284264,3.045685279187817,0.0742489675126903,15.68527918781726,RB/RCB,35,42,32,52,32,22,62,18,22,20,70,22,18,20,35,48,40,25,52,35,62,22,30,45,52,52,45,90,42,48,90,65,15,50,60,30,40,10,10,20,38,35,20,35,50,65,40,90,50,20,75,25,40,20,80,22,10,20,55,75,40,15,75,70,95,25,45,45,52,52,45,90,42,48,90,65,15,50,75,45,50,10,10,25,75,45,30,60,Veikkausliiga
Oulu,cy6zs39z79dcfbr4xzkp38z7q,d34pugygez0vtpx1t8p5bnq0a,S. Sipola,Sami Sipola,24.0,Defender,Finland,Defender,136.0,1.0,85.0,15.0,220.0,6.0,0.0,3.0,1.0,0.0,1.0,0.0,4.0,5.0,29.0,17.0,0.0,3.0,566.0,0.0,2.0,10.0,2.0,7.0,0.0,0.0,0.0,78.57,34.09,10.0,50.0,0.0,60.42,42.86,63.64,0.0446786874323983,0.2386978007212081,1.0,4.0,0.10161898,4.0,19.0,21.0,0.44627393,111.0,21.625441696113075,0.1590106007067137,13.515901060070671,2.385159010600707,34.98233215547703,0.9540636042402828,0.0,0.4770318021201413,0.1590106007067137,0.0,0.1590106007067137,0.0,0.6360424028268551,0.7950530035335689,4.6113074204947,2.7031802120141344,0.0,0.4770318021201413,0.0,0.3180212014134275,1.5901060070671378,0.3180212014134275,1.1130742049469964,0.0,0.0,0.0,78.57,34.09,10.0,50.0,0.0,60.42,42.86,63.64,0.0071043849274131,0.0379554806800507,0.1590106007067137,0.6360424028268551,0.0161584950530035,0.6360424028268551,3.021201413427562,3.3392226148409896,0.0709622856890459,17.65017667844523,RB/RCB,45,18,25,42,40,45,25,28,10,8,32,22,25,25,35,38,40,12,12,8,50,32,25,45,52,52,40,48,18,48,12,82,50,60,10,25,40,20,20,38,38,40,15,40,80,25,35,80,70,55,25,55,10,8,55,22,40,45,65,50,40,10,12,5,80,40,30,45,52,52,40,48,18,48,12,82,50,60,10,40,60,20,25,45,80,65,20,70,Veikkausliiga
Oulu,cy6zs39z79dcfbr4xzkp38z7q,ey1ubi8kr4pvf1xfv1vq61ca2,C. Triana,Camilo Triana,29.0,Attacker,Colombia,Striker,17.0,0.0,19.0,1.0,36.0,4.0,0.0,4.0,7.0,5.0,2.0,1.0,8.0,8.0,16.0,3.0,0.0,1.0,302.0,1.0,10.0,6.0,4.0,1.0,0.0,0.0,0.0,75.0,50.0,0.0,50.0,14.29,32.0,26.67,50.0,0.6214156265442362,0.3632528645920536,3.0,5.0,0.1662165699999999,2.0,2.0,4.0,0.11077347,13.0,5.066225165562914,0.0,5.662251655629139,0.2980132450331125,10.728476821192054,1.1920529801324502,0.0,1.1920529801324502,2.086092715231788,1.490066225165563,0.5960264900662251,0.2980132450331125,2.3841059602649004,2.3841059602649004,4.768211920529801,0.8940397350993378,0.0,0.2980132450331125,0.2980132450331125,2.980132450331126,1.7880794701986755,1.1920529801324502,0.2980132450331125,0.0,0.0,0.0,75.0,50.0,0.0,50.0,14.29,32.0,26.67,50.0,0.1851900873807326,0.1082541649446517,0.8940397350993378,1.490066225165563,0.0495347394039734,0.5960264900662251,0.5960264900662251,1.1920529801324502,0.0330119612582781,3.874172185430464,ST,16,25,5,15,9,28,18,25,10,11,20,9,24,22,19,26,12,36,9,8,29,41,8,51,50,51,62,66,25,85,8,20,35,16,10,35,28,30,28,29,9,18,12,8,62,25,8,32,28,48,18,57,32,28,57,16,75,65,57,60,12,60,10,15,81,85,18,51,50,51,62,66,25,85,8,20,35,16,25,70,80,70,68,62,28,40,25,30,Veikkausliiga
Oulu,cy6zs39z79dcfbr4xzkp38z7q,f2qohaex1g5tvz10leo2ia6s,M. Arsalo,Markus Arsalo,23.0,Midfielder,Finland,Midfielder,319.0,11.0,361.0,57.0,669.0,7.0,0.0,9.0,17.0,4.0,13.0,8.0,14.0,15.0,59.0,14.0,0.0,15.0,1572.0,1.0,8.0,17.0,8.0,21.0,0.0,0.0,0.0,77.43,40.43,20.37,57.14,5.88,45.74,38.89,77.78,1.0073186479558174,0.9082105229325994,10.0,18.0,0.3827304199999999,7.0,106.0,110.0,3.033722809999999,404.0,18.26335877862596,0.6297709923664123,20.667938931297712,3.2633587786259546,38.30152671755726,0.400763358778626,0.0,0.5152671755725191,0.9732824427480916,0.2290076335877862,0.7442748091603054,0.4580152671755725,0.801526717557252,0.8587786259541985,3.377862595419848,0.801526717557252,0.0,0.8587786259541985,0.0572519083969465,0.4580152671755725,0.9732824427480916,0.4580152671755725,1.202290076335878,0.0,0.0,0.0,77.43,40.43,20.37,57.14,5.88,45.74,38.89,77.78,0.0576709149593025,0.0519967856640801,0.5725190839694657,1.0305343511450382,0.0219120469465648,0.400763358778626,6.068702290076336,6.297709923664122,0.1736864204198473,23.129770992366414,DM/CM,68,94,71,87,65,40,29,43,71,44,81,82,62,63,51,34,25,53,18,25,57,65,78,47,51,51,9,32,44,76,15,15,34,91,56,50,84,40,38,44,94,93,94,82,47,91,59,91,50,26,29,18,65,24,79,79,50,50,12,9,25,29,18,12,41,62,62,47,51,51,9,32,44,76,15,15,34,91,38,41,74,29,26,26,91,88,88,68,Veikkausliiga
Oulu,cy6zs39z79dcfbr4xzkp38z7q,ftfs3oyk34lr29mhodspsil0,K. Jatta,Kalifa Jatta,20.0,Attacker,Gambia,Striker,31.0,2.0,35.0,3.0,64.0,2.0,0.0,4.0,8.0,8.0,0.0,3.0,15.0,17.0,29.0,2.0,1.0,4.0,420.0,1.0,15.0,14.0,6.0,1.0,0.0,0.0,0.0,75.29,42.86,25.0,40.0,12.5,40.28,28.57,14.29,0.7937135695009723,0.4195073784836811,3.0,8.0,0.22871603,4.0,9.0,9.0,0.5745164800000001,29.0,6.642857142857142,0.4285714285714285,7.499999999999999,0.6428571428571428,13.714285714285714,0.4285714285714285,0.0,0.8571428571428571,1.7142857142857142,1.7142857142857142,0.0,0.6428571428571428,3.214285714285714,3.642857142857143,6.2142857142857135,0.4285714285714285,0.2142857142857142,0.8571428571428571,0.2142857142857142,3.214285714285714,3.0,1.2857142857142856,0.2142857142857142,0.0,0.0,0.0,75.29,42.86,25.0,40.0,12.5,40.28,28.57,14.29,0.1700814791787797,0.089894438246503,0.6428571428571428,1.7142857142857142,0.0490105778571428,0.8571428571428571,1.9285714285714284,1.9285714285714284,0.1231106742857143,6.2142857142857135,RW,44,28,11,33,22,22,22,17,39,50,22,50,44,44,44,17,33,56,11,11,67,44,22,44,56,56,44,44,67,44,11,33,22,22,33,11,56,11,11,28,28,17,11,17,56,44,11,56,11,22,22,11,67,78,22,67,56,56,89,22,56,89,22,22,100,44,22,44,56,56,44,44,67,44,11,33,22,22,78,11,89,33,33,56,56,22,33,22,Veikkausliiga
Oulu,cy6zs39z79dcfbr4xzkp38z7q,mnk5k2dwqsm4btenlggwpdk9,L. Ghezali,Lamine Ghezali,27.0,Attacker,France,Striker,96.0,5.0,215.0,7.0,306.0,8.0,2.0,21.0,15.0,8.0,7.0,7.0,43.0,46.0,60.0,6.0,1.0,2.0,1338.0,4.0,38.0,17.0,15.0,16.0,1.0,0.0,0.0,71.16,29.17,13.51,34.88,26.67,38.22,32.0,80.0,1.1613683372692667,1.729133860961794,7.0,42.0,1.2662456999999994,15.0,27.0,48.0,2.15330001,148.0,6.457399103139013,0.3363228699551569,14.461883408071747,0.4708520179372197,20.58295964125561,0.5381165919282511,0.1345291479820627,1.412556053811659,1.0089686098654709,0.5381165919282511,0.4708520179372197,0.4708520179372197,2.892376681614349,3.094170403587444,4.035874439461884,0.4035874439461883,0.0672645739910313,0.1345291479820627,0.2690582959641255,2.5560538116591927,1.1434977578475336,1.0089686098654709,1.0762331838565022,0.0672645739910313,0.0,0.0,71.16,29.17,13.51,34.88,26.67,38.22,32.0,80.0,0.0781189464530896,0.1163094525310623,0.4708520179372197,2.825112107623318,0.0851734775784752,1.0089686098654709,1.816143497757848,3.2286995515695067,0.1448408078475336,9.955156950672643,RW,56,56,67,56,56,67,83,78,67,50,89,83,83,89,78,56,33,39,67,61,83,78,78,94,56,56,11,11,22,22,33,22,33,89,56,78,78,100,89,89,78,100,100,89,44,22,44,33,44,56,67,44,22,11,78,33,44,44,22,11,11,11,33,11,56,33,67,89,56,56,11,11,22,22,33,22,33,89,11,33,78,56,44,67,44,78,44,56,Veikkausliiga
Inter Turku,8eab5wbcnttsiosd1o8c71gmk,2fw3pz0v22kdbiognam8zsvoq,L. Kuittinen,Luka Kuittinen,23.0,Defender,Finland,Defender,856.0,0.0,329.0,47.0,1185.0,33.0,0.0,5.0,15.0,14.0,1.0,6.0,4.0,4.0,59.0,77.0,0.0,17.0,1669.0,2.0,20.0,6.0,2.0,9.0,0.0,0.0,0.0,91.15,47.47,0.0,50.0,13.33,50.43,55.0,50.0,1.6913566198863794,0.2265370977218802,1.0,12.0,0.24474151,8.0,55.0,64.0,1.7014588099999997,791.0,46.15937687237867,0.0,17.74116237267825,2.5344517675254643,63.90053924505692,1.779508687837028,0.0,0.2696225284601558,0.8088675853804673,0.7549430796884362,0.0539245056920311,0.3235470341521869,0.2156980227681246,0.2156980227681246,3.181545835829838,4.152186938286399,0.0,0.9167165967645295,0.1078490113840623,1.078490113840623,0.3235470341521869,0.1078490113840623,0.4853205512282804,0.0,0.0,0.0,91.15,47.47,0.0,50.0,13.33,50.43,55.0,50.0,0.0912055696763176,0.0122159010155597,0.0539245056920311,0.6470940683043739,0.0131975649490713,0.4313960455362493,2.9658478130617136,3.451168364289994,0.0917503252846015,42.65428400239664,CB,96,29,87,70,96,83,34,70,82,87,54,93,49,46,62,73,31,72,56,77,42,50,48,42,50,51,91,78,29,59,29,22,33,14,82,53,52,51,49,77,64,68,71,96,98,29,62,42,93,42,34,67,67,73,53,87,42,40,18,29,31,40,47,47,16,44,18,42,50,51,91,78,29,59,29,22,33,14,67,33,47,40,38,67,40,40,31,93,Veikkausliiga
Inter Turku,8eab5wbcnttsiosd1o8c71gmk,3w17p9bq9tagjph173q9jaicq,J. Laine,Janne-Pekka Laine,25.0,Midfielder,Finland,Midfielder,320.0,17.0,385.0,41.0,688.0,10.0,1.0,20.0,9.0,3.0,6.0,2.0,19.0,20.0,64.0,10.0,1.0,20.0,1136.0,4.0,12.0,12.0,10.0,19.0,1.0,0.0,0.0,83.5,46.07,32.69,52.63,44.44,55.65,76.92,57.58,0.6938178462180855,2.5919859934913365,6.0,27.0,0.58851148,8.0,100.0,96.0,3.022094710000002,355.0,25.35211267605634,1.346830985915493,30.501760563380284,3.2482394366197185,54.50704225352113,0.7922535211267606,0.079225352112676,1.5845070422535212,0.7130281690140845,0.2376760563380281,0.4753521126760563,0.1584507042253521,1.5052816901408452,1.5845070422535212,5.070422535211268,0.7922535211267606,0.079225352112676,1.5845070422535212,0.3169014084507042,0.9507042253521129,0.9507042253521129,0.7922535211267606,1.5052816901408452,0.079225352112676,0.0,0.0,83.5,46.07,32.69,52.63,44.44,55.65,76.92,57.58,0.0549679631686863,0.2053510030054756,0.4753521126760563,2.139084507042253,0.0466250292253521,0.6338028169014085,7.922535211267606,7.605633802816902,0.2394265175176058,28.125,DM/CM,71,97,79,71,71,59,72,90,37,29,51,35,79,81,56,28,66,69,65,43,44,78,57,96,51,51,35,41,71,59,91,76,97,35,32,97,62,76,65,54,85,85,91,74,82,100,88,88,88,56,79,94,35,29,47,32,82,82,74,6,68,79,71,35,38,79,79,97,51,51,35,41,71,59,91,76,97,35,35,100,68,82,74,41,100,100,100,91,Veikkausliiga
Inter Turku,8eab5wbcnttsiosd1o8c71gmk,4v4apt20bba429lme218ksiui,Y. Amankwah,Yeboah Amankwah,25.0,Defender,Ghana,Defender,406.0,2.0,252.0,30.0,656.0,29.0,1.0,4.0,1.0,1.0,0.0,0.0,16.0,17.0,76.0,74.0,0.0,18.0,1590.0,0.0,16.0,9.0,10.0,14.0,0.0,0.0,0.0,80.69,39.47,9.09,62.5,0.0,54.68,53.7,50.0,0.1070865504532936,0.337916342359769,0.0,21.0,0.50564621,6.0,50.0,54.0,1.6368315900000012,396.0,22.98113207547169,0.1132075471698113,14.264150943396226,1.6981132075471697,37.13207547169811,1.641509433962264,0.0566037735849056,0.2264150943396226,0.0566037735849056,0.0566037735849056,0.0,0.0,0.9056603773584904,0.962264150943396,4.30188679245283,4.188679245283018,0.0,1.018867924528302,0.0,0.9056603773584904,0.5094339622641509,0.5660377358490566,0.7924528301886792,0.0,0.0,0.0,80.69,39.47,9.09,62.5,0.0,54.68,53.7,50.0,0.0060615028558468,0.0191273401335718,0.0,1.1886792452830188,0.0286214835849056,0.3396226415094339,2.830188679245283,3.056603773584905,0.0926508447169811,22.41509433962264,CB,60,71,58,50,62,71,81,61,8,8,20,12,86,86,82,68,31,76,11,68,57,88,77,42,50,51,27,29,58,74,11,36,27,14,4,64,21,84,84,68,58,54,69,58,31,69,27,20,31,36,78,49,4,4,20,12,80,80,53,31,31,58,11,36,31,82,51,42,50,51,27,29,58,74,11,36,27,14,4,53,21,67,71,56,36,29,36,38,Veikkausliiga
Inter Turku,8eab5wbcnttsiosd1o8c71gmk,50pntfz4g78co2q68kno332z9,J. Tuominen,Jasse Tuominen,30.0,Midfielder,Finland,Midfielder,96.0,2.0,220.0,8.0,314.0,14.0,2.0,11.0,24.0,16.0,8.0,4.0,29.0,30.0,94.0,7.0,3.0,2.0,998.0,8.0,55.0,33.0,16.0,18.0,0.0,0.0,0.0,80.93,40.0,13.33,55.17,33.33,56.97,56.0,58.06,2.2284467780954165,0.9267318067616864,8.0,32.0,0.8395557699999996,14.0,30.0,53.0,1.7134590900000004,147.0,8.657314629258517,0.1803607214428857,19.83967935871744,0.7214428857715431,28.316633266533067,1.2625250501002003,0.1803607214428857,0.9919839679358716,2.164328657314629,1.4428857715430865,0.7214428857715431,0.3607214428857715,2.615230460921844,2.705410821643287,8.47695390781563,0.6312625250501002,0.2705410821643286,0.1803607214428857,0.7214428857715431,4.959919839679359,2.975951903807615,1.4428857715430865,1.623246492985972,0.0,0.0,0.0,80.93,40.0,13.33,55.17,33.33,56.97,56.0,58.06,0.2009621342971818,0.0835730086258033,0.7214428857715431,2.885771543086173,0.0757114421843687,1.2625250501002003,2.705410821643287,4.779559118236473,0.1545203588176353,13.256513026052104,CM/AM,51,28,68,39,59,92,74,46,81,85,76,50,84,85,95,38,86,19,78,95,93,88,96,51,46,50,51,18,24,81,58,86,81,58,84,49,81,80,73,69,62,73,76,62,32,27,57,27,49,84,73,24,92,95,73,38,89,89,100,19,89,14,81,97,92,92,95,51,46,50,51,18,24,81,58,86,81,58,95,30,78,78,78,73,54,70,65,57,Veikkausliiga
Inter Turku,8eab5wbcnttsiosd1o8c71gmk,53kd57a8pwjno3l6cou3nexn9,J. Hämäläinen,Juuso Hämäläinen,32.0,Defender,Finland,Defender,359.0,0.0,126.0,16.0,485.0,29.0,0.0,2.0,6.0,6.0,0.0,3.0,1.0,1.0,38.0,45.0,0.0,11.0,720.0,0.0,10.0,1.0,0.0,3.0,0.0,0.0,0.0,88.83,30.77,0.0,0.0,0.0,55.88,63.04,37.5,0.7395309622585342,0.2051354552718288,1.0,5.0,0.09954451,1.0,30.0,30.0,0.73471253,247.0,44.875,0.0,15.75,2.0,60.625,3.625,0.0,0.25,0.75,0.75,0.0,0.375,0.125,0.125,4.75,5.625,0.0,1.375,0.0,1.25,0.125,0.0,0.375,0.0,0.0,0.0,88.83,30.77,0.0,0.0,0.0,55.88,63.04,37.5,0.0924413702823167,0.0256419319089786,0.125,0.625,0.01244306375,0.125,3.75,3.75,0.09183906625,30.875,CB,51,29,26,22,42,71,34,39,48,58,20,74,21,20,33,36,31,47,11,37,4,13,11,42,50,51,76,4,29,13,11,44,64,6,58,51,52,26,27,28,37,27,22,40,93,29,49,31,82,96,34,58,60,67,20,91,29,29,67,71,31,84,11,62,4,13,7,42,50,51,76,4,29,13,11,44,64,6,69,67,69,38,33,33,58,44,33,62,Veikkausliiga
Inter Turku,8eab5wbcnttsiosd1o8c71gmk,568l8kl9ejau7hiaos3xwh0tm,J. Tauriainen,Julius Tauriainen,25.0,Defender,Finland,Defender,192.0,9.0,211.0,17.0,394.0,5.0,1.0,13.0,15.0,8.0,7.0,4.0,13.0,13.0,34.0,17.0,1.0,3.0,781.0,5.0,17.0,4.0,8.0,11.0,0.0,0.0,0.0,84.55,45.95,20.93,61.54,33.33,58.62,41.67,64.71,1.1044161472423184,1.7067884809650988,5.0,24.0,0.5233250600000001,10.0,41.0,53.0,1.8471029000000003,180.0,22.125480153649168,1.0371318822023048,24.31498079385404,1.9590268886043536,45.4033290653009,0.5761843790012805,0.115236875800256,1.4980793854033292,1.7285531370038414,0.9218950064020488,0.8066581306017926,0.4609475032010243,1.4980793854033292,1.4980793854033292,3.918053777208707,1.9590268886043536,0.115236875800256,0.3457106274007682,0.5761843790012805,1.9590268886043536,0.4609475032010243,0.9218950064020488,1.267605633802817,0.0,0.0,0.0,84.55,45.95,20.93,61.54,33.33,58.62,41.67,64.71,0.1272694663915604,0.1966849721982828,0.5761843790012805,2.765685019206146,0.0603063449423815,1.152368758002561,4.7247119078105,6.1075544174135725,0.2128543674775928,20.74263764404609,CB,27,98,44,26,33,4,81,96,82,77,93,82,79,78,26,11,77,7,91,71,23,80,59,42,50,51,49,67,64,71,71,58,11,44,76,98,90,88,87,87,53,51,76,27,29,98,91,29,49,13,87,98,98,91,98,96,93,93,42,11,89,7,93,82,29,93,84,42,50,51,49,67,64,71,71,58,11,44,93,98,96,98,93,93,78,91,96,31,Veikkausliiga
Inter Turku,8eab5wbcnttsiosd1o8c71gmk,56br2o6z080833h8g2kz70a38,M. Suso,Muhammed Suso,21.0,Attacker,Gambia,Striker,44.0,5.0,139.0,9.0,178.0,5.0,1.0,11.0,29.0,20.0,9.0,5.0,23.0,23.0,44.0,5.0,2.0,6.0,916.0,12.0,50.0,15.0,12.0,9.0,0.0,0.0,0.0,79.11,69.23,13.16,52.17,41.38,41.51,23.81,75.0,2.5407825319224084,1.1394393738367157,13.0,35.0,1.1249714599999998,8.0,6.0,16.0,0.9708065100000004,54.0,4.323144104803494,0.4912663755458515,13.657205240174674,0.8842794759825328,17.489082969432314,0.4912663755458515,0.0982532751091703,1.0807860262008735,2.8493449781659392,1.9650655021834065,0.8842794759825328,0.4912663755458515,2.259825327510917,2.259825327510917,4.323144104803494,0.4912663755458515,0.1965065502183406,0.5895196506550219,1.1790393013100438,4.912663755458516,1.4737991266375547,1.1790393013100438,0.8842794759825328,0.0,0.0,0.0,79.11,69.23,13.16,52.17,41.38,41.51,23.81,75.0,0.2496402051015467,0.1119536502677995,1.277292576419214,3.438864628820961,0.1105321303493449,0.7860262008733625,0.5895196506550219,1.572052401746725,0.0953849191048035,5.3056768558951966,ST,52,80,72,81,65,35,50,56,66,65,81,56,86,82,60,45,49,86,68,61,68,89,79,51,50,51,78,95,55,90,61,55,28,75,60,62,95,98,98,78,45,62,68,62,50,85,85,92,72,30,50,52,62,55,85,35,65,62,52,30,38,82,70,48,60,82,68,51,50,51,78,95,55,90,61,55,28,75,45,75,90,92,92,78,25,60,80,62,Veikkausliiga
Inter Turku,8eab5wbcnttsiosd1o8c71gmk,5fvzbq3mstt7eatkjpodbvpm2,J. Botué,Jean Botué,24.0,Attacker,Burkina Faso,Striker,26.0,0.0,73.0,3.0,99.0,18.0,0.0,7.0,20.0,18.0,2.0,2.0,18.0,18.0,50.0,4.0,0.0,1.0,666.0,5.0,47.0,17.0,8.0,5.0,0.0,0.0,0.0,75.57,60.0,0.0,44.44,25.0,47.17,43.9,71.43,1.719883144267508,0.3604136616597819,4.0,10.0,0.3507348,1.0,6.0,10.0,0.4416595099999999,31.0,3.513513513513513,0.0,9.864864864864863,0.4054054054054054,13.378378378378375,2.4324324324324325,0.0,0.945945945945946,2.702702702702702,2.4324324324324325,0.2702702702702702,0.2702702702702702,2.4324324324324325,2.4324324324324325,6.756756756756756,0.5405405405405405,0.0,0.1351351351351351,0.6756756756756757,6.351351351351351,2.2972972972972974,1.081081081081081,0.6756756756756757,0.0,0.0,0.0,75.57,60.0,0.0,44.44,25.0,47.17,43.9,71.43,0.2324166411172308,0.0487045488729434,0.5405405405405405,1.351351351351351,0.0473965945945945,0.1351351351351351,0.8108108108108107,1.351351351351351,0.0596837175675675,4.189189189189189,ST,32,25,42,50,39,68,18,40,45,60,20,22,62,56,65,34,12,36,32,56,75,68,45,51,50,51,68,84,25,72,18,80,62,65,40,32,38,41,42,19,45,51,45,39,22,25,50,50,45,72,18,38,55,70,18,12,78,70,90,38,12,38,28,80,92,80,57,51,50,51,68,84,25,72,18,80,62,65,40,25,42,68,65,18,38,48,50,42,Veikkausliiga
Inter Turku,8eab5wbcnttsiosd1o8c71gmk,5h537xsqxhri0a9e38oexyhhw,A. Conteh,Alie Conteh,21.0,Attacker,Sierra Leone,Striker,79.0,0.0,140.0,13.0,219.0,45.0,2.0,19.0,61.0,53.0,8.0,12.0,27.0,30.0,80.0,5.0,10.0,2.0,1362.0,22.0,123.0,16.0,12.0,4.0,0.0,0.0,0.0,74.74,72.22,0.0,44.44,36.07,43.72,52.33,57.14,7.277383573014492,1.3612617520081003,9.0,16.0,0.5320474099999999,4.0,20.0,21.0,0.8597936599999996,70.0,5.220264317180617,0.0,9.251101321585905,0.8590308370044053,14.47136563876652,2.9735682819383262,0.13215859030837,1.2555066079295154,4.030837004405287,3.502202643171806,0.5286343612334802,0.7929515418502203,1.7841409691629957,1.9823788546255507,5.286343612334802,0.3303964757709251,0.6607929515418502,0.13215859030837,1.4537444933920705,8.127753303964758,1.0572687224669604,0.7929515418502203,0.2643171806167401,0.0,0.0,0.0,74.74,72.22,0.0,44.44,36.07,43.72,52.33,57.14,0.4808843770714422,0.0899512170930462,0.5947136563876653,1.0572687224669604,0.0351573178414096,0.2643171806167401,1.3215859030837005,1.3876651982378856,0.0568145590308369,4.625550660792952,ST,82,25,75,94,82,100,76,85,95,95,75,91,90,90,90,45,94,51,92,100,70,89,34,51,50,51,57,98,25,72,40,62,88,32,100,75,70,66,68,48,89,71,60,75,65,25,45,90,55,88,60,60,90,98,52,80,55,52,72,15,98,32,85,95,42,68,8,51,50,51,57,98,25,72,40,62,88,32,95,55,45,45,45,30,72,52,42,50,Veikkausliiga
Inter Turku,8eab5wbcnttsiosd1o8c71gmk,5ynhzqvpks5u5bjgno6snhyzu,P. Ahiabu,Prosper Ahiabu,27.0,Midfielder,Ghana,Midfielder,443.0,4.0,370.0,44.0,809.0,26.0,0.0,21.0,30.0,22.0,8.0,11.0,16.0,17.0,84.0,28.0,2.0,20.0,1768.0,8.0,53.0,16.0,10.0,20.0,0.0,0.0,0.0,86.34,50.0,33.33,62.5,26.67,50.0,57.78,60.61,2.944853486405889,1.681384603891928,8.0,21.0,0.4635758499999999,15.0,73.0,87.0,2.41086271,376.0,22.550904977375563,0.2036199095022624,18.834841628959275,2.239819004524887,41.182126696832576,1.3235294117647058,0.0,1.0690045248868778,1.5271493212669682,1.1199095022624437,0.4072398190045249,0.5599547511312217,0.8144796380090498,0.8653846153846153,4.276018099547511,1.425339366515837,0.1018099547511312,1.0180995475113122,0.4072398190045249,2.697963800904977,0.8144796380090498,0.5090497737556561,1.0180995475113122,0.0,0.0,0.0,86.34,50.0,33.33,62.5,26.67,50.0,57.78,60.61,0.1499077000998472,0.0855908452207429,0.4072398190045249,1.0690045248868778,0.0235983181561085,0.7635746606334841,3.716063348416289,4.428733031674208,0.1227249117081447,19.14027149321267,DM/CM,82,72,74,76,82,91,29,94,97,100,62,91,75,69,74,72,91,69,100,100,53,78,68,47,51,51,59,50,75,91,65,40,76,46,100,94,76,49,44,88,71,76,82,76,68,59,56,59,59,76,29,76,88,94,41,88,53,53,47,50,85,44,82,97,24,65,32,47,51,51,59,50,75,91,65,40,76,46,88,76,56,32,29,68,53,68,65,56,Veikkausliiga
Inter Turku,8eab5wbcnttsiosd1o8c71gmk,6aoswcs32ubpn2g50tqcopg5w,V. Ulundu,Vincent Ulundu,21.0,Midfielder,Finland,Midfielder,42.0,3.0,100.0,0.0,139.0,3.0,0.0,10.0,11.0,11.0,0.0,2.0,18.0,21.0,22.0,9.0,1.0,3.0,708.0,6.0,44.0,4.0,6.0,5.0,0.0,0.0,0.0,83.23,0.0,16.67,33.33,54.55,38.6,30.0,55.56,1.189050011381879,0.7894438788377378,3.0,28.0,1.0130657500000002,6.0,6.0,8.0,0.92342777,36.0,5.338983050847458,0.3813559322033898,12.71186440677966,0.0,17.66949152542373,0.3813559322033898,0.0,1.2711864406779665,1.3983050847457628,1.3983050847457628,0.0,0.2542372881355932,2.288135593220339,2.669491525423729,2.796610169491525,1.1440677966101696,0.1271186440677966,0.3813559322033898,0.7627118644067797,5.593220338983051,0.5084745762711864,0.7627118644067797,0.6355932203389831,0.0,0.0,0.0,83.23,0.0,16.67,33.33,54.55,38.6,30.0,55.56,0.1511504251756625,0.1003530354454751,0.3813559322033898,3.5593220338983054,0.1287795444915254,0.7627118644067797,0.7627118644067797,1.0169491525423728,0.1173848860169491,4.576271186440678,CM/AM,24,39,27,3,24,32,23,41,50,68,3,20,76,78,23,54,49,30,69,85,14,66,31,51,46,50,68,3,30,34,89,22,39,49,51,35,46,74,86,30,8,12,35,14,11,32,11,3,11,30,23,43,51,89,3,16,84,84,16,76,62,32,84,100,14,62,38,51,46,50,68,3,30,34,89,22,39,49,70,46,51,89,95,38,5,8,51,8,Veikkausliiga
Inter Turku,8eab5wbcnttsiosd1o8c71gmk,770q23ysiuqnypd1r8pzqzqc4,E. Kiiskilä,Eeli Kiiskilä,18.0,Midfielder,Finland,Midfielder,234.0,18.0,307.0,34.0,523.0,7.0,1.0,20.0,12.0,5.0,7.0,5.0,14.0,14.0,33.0,10.0,1.0,15.0,956.0,3.0,23.0,4.0,8.0,6.0,0.0,1.0,0.0,88.64,60.71,23.08,57.14,25.0,46.48,58.33,42.86,0.939495678359143,2.078699834117039,3.0,24.0,0.55186711,8.0,54.0,59.0,1.3727614700000008,219.0,22.02928870292887,1.694560669456067,28.901673640167367,3.200836820083682,49.23640167364017,0.6589958158995817,0.0941422594142259,1.882845188284519,1.1297071129707112,0.4707112970711297,0.6589958158995817,0.4707112970711297,1.3179916317991631,1.3179916317991631,3.1066945606694563,0.9414225941422596,0.0941422594142259,1.4121338912133892,0.2824267782426778,2.1652719665271967,0.3765690376569038,0.7531380753138076,0.5648535564853556,0.0,0.0941422594142259,0.0,88.64,60.71,23.08,57.14,25.0,46.48,58.33,42.86,0.0884462458706306,0.1956934990277547,0.2824267782426778,2.2594142259414225,0.0519540166317991,0.7531380753138076,5.083682008368201,5.554393305439331,0.1292348664225942,20.617154811715483,CM/AM,86,85,81,84,84,61,57,76,54,35,72,65,51,49,39,61,49,93,36,46,14,76,41,51,95,50,86,81,46,86,28,46,86,19,49,76,46,65,54,45,78,76,62,78,97,92,89,97,89,57,59,78,32,35,68,46,46,41,24,54,46,97,19,38,5,59,24,51,95,50,86,81,46,86,28,46,86,19,35,84,38,54,46,35,86,78,54,81,Veikkausliiga
Inter Turku,8eab5wbcnttsiosd1o8c71gmk,9tz8pzof2v3ktjwsyt3gl18gk,L. Laine,Lauri Laine,21.0,Attacker,Finland,Striker,7.0,0.0,19.0,0.0,26.0,2.0,1.0,3.0,10.0,7.0,3.0,5.0,17.0,18.0,17.0,1.0,0.0,0.0,217.0,1.0,20.0,7.0,6.0,1.0,0.0,0.0,0.0,70.27,0.0,0.0,35.29,10.0,45.95,40.0,50.0,0.8090130048075912,0.2962877210604395,5.0,7.0,0.18530739,3.0,0.0,2.0,0.27310763,14.0,2.903225806451613,0.0,7.880184331797236,0.0,10.783410138248849,0.8294930875576038,0.4147465437788019,1.2442396313364057,4.147465437788019,2.903225806451613,1.2442396313364057,2.0737327188940093,7.050691244239632,7.465437788018433,7.050691244239632,0.4147465437788019,0.0,0.0,0.4147465437788019,8.294930875576037,2.903225806451613,2.4884792626728114,0.4147465437788019,0.0,0.0,0.0,70.27,0.0,0.0,35.29,10.0,45.95,40.0,50.0,0.3355353476160517,0.122884308273915,2.0737327188940093,2.903225806451613,0.0768555995391705,1.2442396313364057,0.0,0.8294930875576038,0.1132704456221198,5.806451612903226,LW,10,15,10,15,10,35,35,10,20,45,25,50,30,30,10,10,20,10,10,20,30,30,20,50,55,55,20,15,15,30,10,60,80,45,20,10,50,10,10,20,10,10,10,10,10,15,10,15,10,80,100,60,100,100,100,100,100,100,100,10,20,10,40,100,100,90,30,50,55,55,20,15,15,30,10,60,80,45,100,60,100,70,50,60,10,10,30,30,Veikkausliiga
Inter Turku,8eab5wbcnttsiosd1o8c71gmk,a9234jafv17dcvbu54expih91,A. Granlund,Albin Granlund,37.0,Defender,Finland,Defender,285.0,7.0,223.0,25.0,501.0,12.0,1.0,4.0,9.0,6.0,3.0,5.0,11.0,12.0,53.0,22.0,0.0,8.0,1170.0,0.0,21.0,16.0,6.0,11.0,0.0,0.0,0.0,84.63,45.45,58.33,54.55,0.0,60.23,57.14,57.89,0.7591511717198794,0.3537735372819172,2.0,12.0,0.27709443,4.0,26.0,40.0,1.3251024800000006,234.0,21.923076923076923,0.5384615384615384,17.153846153846153,1.9230769230769231,38.53846153846154,0.9230769230769232,0.0769230769230769,0.3076923076923077,0.6923076923076923,0.4615384615384615,0.2307692307692307,0.3846153846153846,0.8461538461538461,0.9230769230769232,4.076923076923077,1.6923076923076923,0.0,0.6153846153846154,0.0,1.6153846153846154,1.2307692307692308,0.4615384615384615,0.8461538461538461,0.0,0.0,0.0,84.63,45.45,58.33,54.55,0.0,60.23,57.14,57.89,0.0583962439784522,0.0272133490216859,0.1538461538461538,0.9230769230769232,0.0213149561538461,0.3076923076923077,2.0,3.076923076923077,0.10193096,18.0,RB/RCB,80,80,78,80,75,68,62,35,82,85,90,98,65,65,60,48,40,38,12,82,78,57,40,45,52,52,90,85,100,60,12,75,80,30,80,35,68,50,40,38,57,65,50,80,85,75,75,50,85,50,55,30,70,70,70,100,50,50,45,15,40,20,12,75,60,55,15,45,52,52,90,85,100,60,12,75,80,30,60,25,55,30,30,15,40,50,45,80,Veikkausliiga
Inter Turku,8eab5wbcnttsiosd1o8c71gmk,arxu3yjspsjmmobkj92c79ze2,J. Niska,Jussi Niska,24.0,Defender,Finland,Defender,402.0,11.0,398.0,21.0,789.0,7.0,1.0,18.0,20.0,6.0,14.0,8.0,57.0,62.0,106.0,31.0,1.0,22.0,1704.0,3.0,46.0,32.0,34.0,26.0,0.0,0.0,0.0,88.06,46.67,26.83,59.65,15.0,59.89,43.75,78.79,1.3234850232541395,1.1628672697969669,12.0,66.0,1.6581484099999992,38.0,88.0,111.0,2.946580950000001,373.0,21.232394366197184,0.5809859154929577,21.02112676056338,1.1091549295774648,41.67253521126761,0.3697183098591549,0.0528169014084507,0.9507042253521126,1.056338028169014,0.3169014084507042,0.7394366197183099,0.4225352112676056,3.01056338028169,3.2746478873239435,5.598591549295775,1.6373239436619718,0.0528169014084507,1.1619718309859155,0.1584507042253521,2.4295774647887325,1.6901408450704225,1.795774647887324,1.3732394366197185,0.0,0.0,0.0,88.06,46.67,26.83,59.65,15.0,59.89,43.75,78.79,0.0699023779887749,0.0614190459399806,0.6338028169014085,3.4859154929577465,0.0875782610915492,2.0070422535211265,4.647887323943662,5.862676056338028,0.155629275528169,19.700704225352112,LB/LCB,89,53,74,45,89,32,55,74,87,74,95,89,100,100,92,37,87,84,79,92,100,100,89,45,53,53,95,74,53,53,45,58,26,84,89,53,92,100,100,100,89,89,63,79,89,47,68,21,84,11,58,58,79,47,89,84,95,95,79,16,89,63,58,100,100,95,68,45,53,53,95,74,53,53,45,58,26,84,84,37,89,100,100,100,74,79,47,68,Veikkausliiga
Inter Turku,8eab5wbcnttsiosd1o8c71gmk,bav07h3g8ygnek9u9jhedplh,I. Järvinen,Iiro Järvinen,29.0,Midfielder,Finland,Midfielder,28.0,0.0,58.0,2.0,86.0,5.0,0.0,5.0,5.0,3.0,2.0,3.0,7.0,7.0,12.0,0.0,0.0,3.0,284.0,0.0,10.0,2.0,2.0,2.0,0.0,0.0,0.0,84.31,50.0,0.0,28.57,0.0,31.58,45.45,66.67,0.3628666652101638,0.3379560725633965,2.0,4.0,0.18571924,2.0,7.0,5.0,0.18476047,33.0,8.873239436619718,0.0,18.380281690140844,0.6338028169014085,27.253521126760564,1.5845070422535212,0.0,1.5845070422535212,1.5845070422535212,0.9507042253521129,0.6338028169014085,0.9507042253521129,2.218309859154929,2.218309859154929,3.802816901408451,0.0,0.0,0.9507042253521129,0.0,3.1690140845070425,0.6338028169014085,0.6338028169014085,0.6338028169014085,0.0,0.0,0.0,84.31,50.0,0.0,28.57,0.0,31.58,45.45,66.67,0.114992957284911,0.1070987553898087,0.6338028169014085,1.267605633802817,0.0588546887323943,0.6338028169014085,2.218309859154929,1.5845070422535212,0.058550853169014,10.45774647887324,CM/AM,3,12,11,8,7,43,23,14,12,19,24,35,18,18,4,4,15,30,5,16,5,14,16,51,46,50,73,45,12,27,5,11,57,77,16,19,31,9,14,12,12,5,5,7,35,12,51,22,41,97,23,59,62,68,65,97,78,73,35,4,15,84,5,70,16,54,35,51,46,50,73,45,12,27,5,11,57,77,51,49,73,30,51,24,43,11,5,27,Veikkausliiga
Inter Turku,8eab5wbcnttsiosd1o8c71gmk,c0ijcsbmjfnl0ldvkzqthz0iy,S. Saarinen,Seth Saarinen,25.0,Defender,Finland,Defender,168.0,6.0,195.0,16.0,357.0,5.0,0.0,6.0,6.0,4.0,2.0,0.0,10.0,10.0,29.0,9.0,0.0,8.0,598.0,4.0,15.0,3.0,8.0,10.0,0.0,0.0,0.0,83.22,34.78,26.09,80.0,66.67,60.42,41.67,76.92,0.8248615873573772,0.5784813966366473,0.0,11.0,0.3067603,7.0,42.0,57.0,1.8378882400000005,175.0,25.28428093645485,0.903010033444816,29.34782608695652,2.4080267558528425,53.72909698996655,0.7525083612040133,0.0,0.903010033444816,0.903010033444816,0.6020066889632106,0.3010033444816053,0.0,1.5050167224080266,1.5050167224080266,4.364548494983278,1.354515050167224,0.0,1.2040133779264213,0.6020066889632106,2.25752508361204,0.451505016722408,1.2040133779264213,1.5050167224080266,0.0,0.0,0.0,83.22,34.78,26.09,80.0,66.67,60.42,41.67,76.92,0.1241430482644882,0.0870624175540104,0.0,1.6555183946488294,0.0461679381270902,1.0535117056856187,6.321070234113712,8.578595317725751,0.2766052535117057,26.337792642140467,RB/RCB,50,70,70,52,60,32,25,50,57,62,70,22,57,55,35,10,40,38,85,60,20,68,35,45,52,52,85,60,75,95,90,82,45,90,90,50,12,42,45,52,80,82,80,70,90,100,100,85,95,45,25,80,85,80,75,22,65,60,50,5,40,70,90,85,25,85,80,45,52,52,85,60,75,95,90,82,45,90,95,85,12,75,75,75,100,100,95,95,Veikkausliiga
Inter Turku,8eab5wbcnttsiosd1o8c71gmk,c90jak72lerrxc3kpo73cupsk,B. Ampofo,Bismark Ampofo,24.0,Midfielder,Ghana,Midfielder,134.0,0.0,106.0,14.0,240.0,1.0,0.0,4.0,2.0,1.0,1.0,0.0,12.0,13.0,18.0,4.0,0.0,7.0,395.0,0.0,8.0,5.0,7.0,2.0,0.0,0.0,0.0,86.64,73.68,0.0,58.33,0.0,48.65,33.33,40.0,0.1916492087175257,0.3860648265384651,0.0,6.0,0.1442996,4.0,13.0,17.0,0.93563531,110.0,30.53164556962025,0.0,24.15189873417721,3.1898734177215187,54.68354430379746,0.2278481012658227,0.0,0.9113924050632912,0.4556962025316455,0.2278481012658227,0.2278481012658227,0.0,2.7341772151898733,2.962025316455696,4.10126582278481,0.9113924050632912,0.0,1.5949367088607591,0.0,1.8227848101265824,1.1392405063291138,1.5949367088607591,0.4556962025316455,0.0,0.0,0.0,86.64,73.68,0.0,58.33,0.0,48.65,33.33,40.0,0.0436669083153856,0.0879641376923084,0.0,1.3670886075949369,0.0328783898734177,0.9113924050632912,2.962025316455696,3.873417721518987,0.2131827288607594,25.063291139240505,DM/CM,24,16,21,35,21,10,29,19,6,13,10,9,53,57,12,7,25,22,7,25,18,59,4,47,51,51,66,97,16,79,7,26,19,6,9,29,4,18,21,24,18,18,32,21,97,16,79,79,91,15,29,68,9,21,15,9,97,97,44,15,25,82,7,74,53,100,6,47,51,51,66,97,16,79,7,26,19,6,15,82,4,44,41,79,41,50,97,79,Veikkausliiga
Inter Turku,8eab5wbcnttsiosd1o8c71gmk,cfau8uo27rct8ixlkyowbirdg,L. Prokop,Lukás Prokop,21.0,Attacker,Slovakia,Striker,6.0,0.0,14.0,1.0,20.0,5.0,0.0,2.0,5.0,4.0,1.0,1.0,6.0,6.0,8.0,2.0,0.0,0.0,204.0,1.0,7.0,1.0,0.0,1.0,0.0,0.0,0.0,66.67,50.0,0.0,0.0,20.0,27.59,45.45,50.0,0.5021594605587499,0.1150320319282281,0.0,0.0,0.0,0.0,3.0,3.0,0.03481551,8.0,2.647058823529412,0.0,6.176470588235294,0.4411764705882353,8.823529411764707,2.2058823529411766,0.0,0.8823529411764706,2.2058823529411766,1.7647058823529411,0.4411764705882353,0.4411764705882353,2.647058823529412,2.647058823529412,3.5294117647058822,0.8823529411764706,0.0,0.0,0.4411764705882353,3.088235294117647,0.4411764705882353,0.0,0.4411764705882353,0.0,0.0,0.0,66.67,50.0,0.0,0.0,20.0,27.59,45.45,50.0,0.2215409384818014,0.0507494258506888,0.0,0.0,0.0,0.0,1.3235294117647058,1.3235294117647058,0.0153597838235294,3.5294117647058822,ST,4,25,2,15,2,35,18,10,8,6,11,9,16,16,4,14,12,14,9,5,4,6,8,51,50,51,22,66,25,6,15,8,70,16,8,15,5,2,2,8,16,11,2,2,12,25,15,57,12,68,18,35,38,42,28,30,88,85,32,57,12,14,12,20,10,6,40,51,50,51,22,66,25,6,15,8,70,16,35,28,5,2,2,8,75,45,5,19,Veikkausliiga
Inter Turku,8eab5wbcnttsiosd1o8c71gmk,csln6jgn8b4iowwma4pmoial0,C. Jephta,Clinton Jephta,19.0,Attacker,Nigeria,Striker,83.0,18.0,224.0,10.0,289.0,3.0,3.0,28.0,28.0,19.0,9.0,8.0,32.0,34.0,67.0,6.0,2.0,4.0,1231.0,9.0,90.0,26.0,17.0,14.0,0.0,0.0,0.0,82.57,76.92,39.13,53.12,32.14,51.15,30.0,66.67,2.657319432389611,2.905361931638143,11.0,55.0,1.6823618099999995,12.0,19.0,42.0,3.939827299999999,133.0,6.068237205523965,1.3160032493907392,16.376929325751423,0.7311129163281885,21.129163281884647,0.2193338748984565,0.2193338748984565,2.047116165718928,2.047116165718928,1.389114541023558,0.6580016246953696,0.5848903330625508,2.339561332250203,2.485783915515841,4.898456539398863,0.4386677497969131,0.1462225832656377,0.2924451665312754,0.6580016246953696,6.580016246953696,1.90089358245329,1.2428919577579205,1.023558082859464,0.0,0.0,0.0,82.57,76.92,39.13,53.12,32.14,51.15,30.0,66.67,0.1942800559829935,0.2124147634828861,0.8042242079610074,4.0211210398050365,0.1229996449228269,0.8773354995938262,1.389114541023558,3.070674248578392,0.2880458627132412,9.723801787164907,ST,88,92,95,88,95,21,91,95,62,62,81,78,92,92,82,56,49,72,52,90,92,98,95,51,50,51,98,100,92,98,28,90,38,52,68,95,86,100,100,88,84,95,100,98,82,92,92,82,90,12,82,98,30,22,62,60,72,72,60,20,32,57,25,85,85,88,78,51,50,51,98,100,92,98,28,90,38,52,28,98,72,100,98,85,80,98,98,98,Veikkausliiga
Inter Turku,8eab5wbcnttsiosd1o8c71gmk,dlxtr9p8d7k733qhpq9qyydey,J. Yli-Kokko,Johannes Yli-Kokko,25.0,Midfielder,Finland,Midfielder,151.0,7.0,172.0,11.0,316.0,9.0,2.0,16.0,14.0,10.0,4.0,6.0,10.0,11.0,41.0,12.0,2.0,4.0,908.0,4.0,34.0,14.0,5.0,8.0,0.0,2.0,0.0,84.04,32.35,23.33,50.0,28.57,51.9,47.37,61.54,1.2967438176693231,1.4682117517044138,1.0,12.0,0.27111931,8.0,29.0,37.0,0.8757634199999996,119.0,14.966960352422907,0.6938325991189428,17.048458149779737,1.0903083700440528,31.3215859030837,0.8920704845814978,0.198237885462555,1.5859030837004406,1.3876651982378856,0.9911894273127754,0.3964757709251101,0.5947136563876653,0.9911894273127754,1.0903083700440528,4.063876651982379,1.1894273127753303,0.198237885462555,0.3964757709251101,0.3964757709251101,3.3700440528634363,1.3876651982378856,0.4955947136563877,0.7929515418502203,0.0,0.198237885462555,0.0,84.04,32.35,23.33,50.0,28.57,51.9,47.37,61.54,0.1285318762007038,0.1455275965345784,0.0991189427312775,1.1894273127753303,0.0268730593612334,0.7929515418502203,2.8744493392070485,3.6674008810572687,0.0868047442731277,11.795154185022026,CM/AM,70,57,46,53,62,72,74,69,59,65,49,76,35,35,51,72,77,42,54,70,51,57,49,51,100,50,70,8,51,76,45,76,65,68,62,65,14,19,19,45,58,57,32,43,73,62,43,41,54,68,81,62,49,70,38,73,16,27,46,81,81,38,49,76,54,46,54,51,100,50,70,8,51,76,45,76,65,68,57,65,5,22,14,41,57,59,22,43,Veikkausliiga
Inter Turku,8eab5wbcnttsiosd1o8c71gmk,gkyakbpfwhi9ura3y4zz0tuc,H. Sjögrell,Herman Sjögrell,25.0,Midfielder,Sweden,Striker,176.0,14.0,286.0,45.0,448.0,10.0,2.0,29.0,81.0,17.0,64.0,22.0,46.0,49.0,104.0,17.0,8.0,6.0,2022.0,33.0,52.0,54.0,19.0,15.0,0.0,1.0,0.0,72.03,59.21,17.5,41.3,40.74,46.02,28.57,71.43,4.456900506888134,3.1512718766011183,52.0,37.0,0.9225332199999996,16.0,44.0,77.0,3.8388252500000006,193.0,7.833827893175075,0.6231454005934719,12.729970326409497,2.0029673590504453,19.9406528189911,0.4451038575667656,0.0890207715133531,1.2908011869436202,3.6053412462908017,0.7566765578635015,2.8486646884273,0.9792284866468844,2.047477744807122,2.1810089020771515,4.629080118694362,0.7566765578635015,0.3560830860534125,0.2670623145400593,1.4688427299703266,2.314540059347181,2.4035608308605343,0.8456973293768547,0.6676557863501484,0.0,0.0445103857566765,0.0,72.03,59.21,17.5,41.3,40.74,46.02,28.57,71.43,0.1983783608407181,0.1402643268516818,2.314540059347181,1.6468842729970328,0.0410623094955489,0.712166172106825,1.9584569732937689,3.427299703264095,0.1708675927299703,8.590504451038576,CM/AM,76,74,78,92,76,76,74,86,100,91,100,100,96,96,97,88,100,59,100,92,100,93,85,51,95,50,8,73,32,57,78,43,32,88,100,89,100,84,84,81,73,81,89,76,30,51,14,81,19,38,57,46,100,51,100,100,68,70,59,32,92,16,100,43,86,65,41,51,92,50,8,73,32,57,78,43,32,88,92,62,100,38,35,32,30,46,70,16,Veikkausliiga
Lahti,8hrhwh8rty0eoykwj44ew04ng,1fleq677w5l7ohk01zqldrhii,O. Koskinen,Otso Koskinen,23.0,Midfielder,Finland,Midfielder,79.0,7.0,182.0,6.0,254.0,2.0,0.0,13.0,20.0,15.0,5.0,3.0,36.0,37.0,56.0,6.0,4.0,5.0,996.0,11.0,49.0,19.0,13.0,11.0,0.0,0.0,0.0,78.64,46.15,41.18,36.11,55.0,44.44,18.18,50.0,2.112071311440629,1.0505041460132265,6.0,19.0,0.46352993,11.0,18.0,33.0,1.1268959100000004,120.0,7.13855421686747,0.6325301204819277,16.44578313253012,0.5421686746987951,22.951807228915666,0.180722891566265,0.0,1.1746987951807228,1.8072289156626504,1.355421686746988,0.4518072289156626,0.2710843373493976,3.253012048192771,3.343373493975904,5.0602409638554215,0.5421686746987951,0.3614457831325301,0.4518072289156626,0.993975903614458,4.427710843373494,1.716867469879518,1.1746987951807228,0.993975903614458,0.0,0.0,0.0,78.64,46.15,41.18,36.11,55.0,44.44,18.18,50.0,0.190849817298852,0.0949250734349301,0.5421686746987951,1.716867469879518,0.0418852346385542,0.993975903614458,1.6265060240963856,2.9819277108433737,0.1018279436746988,10.843373493975903,CM/AM,41,57,51,27,49,18,23,53,76,81,57,35,89,89,76,27,91,53,85,89,68,82,64,51,46,50,32,30,86,46,92,34,16,34,76,51,72,54,43,62,35,53,43,46,22,54,38,16,27,14,23,35,76,84,41,19,97,97,78,14,95,43,95,86,76,81,68,51,46,50,32,30,86,46,92,34,16,34,86,41,59,41,41,51,19,38,43,32,Veikkausliiga
Lahti,8hrhwh8rty0eoykwj44ew04ng,1prixhye9mvoojo82afh4rztg,A. Belabid,Amir Belabid,21.0,Attacker,Finland,Midfielder,37.0,0.0,74.0,2.0,111.0,18.0,3.0,11.0,16.0,11.0,5.0,4.0,19.0,21.0,54.0,8.0,2.0,8.0,618.0,7.0,44.0,12.0,5.0,11.0,0.0,0.0,0.0,66.47,28.57,0.0,26.32,43.75,58.7,62.07,55.0,2.203024608784939,0.6891325972733139,6.0,17.0,0.9297497299999998,6.0,4.0,7.0,0.3434992499999999,36.0,5.388349514563108,0.0,10.776699029126217,0.2912621359223301,16.16504854368932,2.621359223300971,0.4368932038834952,1.6019417475728157,2.330097087378641,1.6019417475728157,0.7281553398058253,0.5825242718446603,2.766990291262136,3.058252427184466,7.864077669902913,1.1650485436893203,0.2912621359223301,1.1650485436893203,1.019417475728155,6.407766990291263,1.7475728155339807,0.7281553398058253,1.6019417475728157,0.0,0.0,0.0,66.47,28.57,0.0,26.32,43.75,58.7,62.07,55.0,0.3208288265220785,0.1003591161077641,0.8737864077669903,2.475728155339806,0.1354004461165048,0.8737864077669903,0.5825242718446603,1.019417475728155,0.0500241626213592,5.242718446601942,ST,48,25,45,34,45,68,91,56,41,30,51,41,69,72,74,70,49,94,40,50,60,46,86,51,50,51,20,19,25,28,66,100,98,25,55,48,52,72,92,65,22,36,40,49,72,25,60,30,65,82,98,85,42,30,75,57,92,92,95,78,60,100,55,82,75,65,95,51,50,51,20,19,25,28,66,100,98,25,70,65,78,85,100,82,22,32,35,60,Veikkausliiga
Lahti,8hrhwh8rty0eoykwj44ew04ng,1txv3b9y7h3du9d5bbblg0vai,R. Yapi,Romaric Yapi,26.0,Defender,France,Defender,387.0,10.0,351.0,71.0,728.0,19.0,3.0,9.0,14.0,4.0,10.0,3.0,42.0,45.0,106.0,55.0,0.0,31.0,1710.0,3.0,16.0,27.0,21.0,25.0,1.0,0.0,0.0,80.89,53.79,31.25,50.0,21.43,57.92,67.86,64.1,0.7785447151780508,0.8185071378658337,9.0,32.0,0.7439825499999997,13.0,96.0,108.0,3.2208846400000004,368.0,20.36842105263158,0.5263157894736842,18.473684210526315,3.736842105263158,38.31578947368421,1.0,0.1578947368421052,0.4736842105263157,0.7368421052631579,0.2105263157894736,0.5263157894736842,0.1578947368421052,2.210526315789474,2.3684210526315788,5.578947368421052,2.894736842105264,0.0,1.631578947368421,0.1578947368421052,0.8421052631578947,1.4210526315789471,1.105263157894737,1.3157894736842106,0.0526315789473684,0.0,0.0,80.89,53.79,31.25,50.0,21.43,57.92,67.86,64.1,0.04097603764095,0.0430793230455701,0.4736842105263157,1.6842105263157894,0.0391569763157894,0.6842105263157895,5.052631578947368,5.684210526315789,0.1695202442105263,19.36842105263158,RB/RCB,90,98,100,100,95,85,98,80,95,62,100,85,95,95,90,85,40,95,75,70,92,90,90,95,52,52,55,100,85,48,30,60,95,65,85,70,100,95,95,82,100,100,100,90,75,70,85,100,80,68,80,50,80,45,100,70,85,85,75,60,40,90,45,35,70,80,55,95,52,52,55,100,85,48,30,60,95,65,50,55,95,80,55,50,95,95,80,85,Veikkausliiga
Lahti,8hrhwh8rty0eoykwj44ew04ng,2f3r5ixt5perdejbiwxhk7d3o,Neemias Barbosa,Neemias Benavenuto Barbosa,26.0,Attacker,Brazil,Striker,53.0,0.0,113.0,5.0,166.0,40.0,1.0,9.0,31.0,23.0,8.0,7.0,35.0,36.0,87.0,16.0,4.0,4.0,1254.0,14.0,65.0,27.0,13.0,4.0,0.0,0.0,0.0,67.76,50.0,0.0,37.14,45.16,48.07,53.33,57.14,3.1767191993342285,0.6255881461551722,10.0,15.0,0.6133820299999999,5.0,14.0,20.0,0.5022873800000001,53.0,3.803827751196172,0.0,8.110047846889952,0.3588516746411483,11.913875598086124,2.8708133971291865,0.0717703349282296,0.645933014354067,2.22488038277512,1.6507177033492824,0.5741626794258373,0.5023923444976076,2.511961722488038,2.583732057416268,6.244019138755981,1.1483253588516746,0.2870813397129186,0.2870813397129186,1.0047846889952152,4.6650717703349285,1.937799043062201,0.9330143540669856,0.2870813397129186,0.0,0.0,0.0,67.76,50.0,0.0,37.14,45.16,48.07,53.33,57.14,0.2279942009091551,0.044898670776687,0.7177033492822966,1.076555023923445,0.0440226337320574,0.3588516746411483,1.0047846889952152,1.4354066985645932,0.0360493334928229,3.803827751196172,ST,55,25,62,66,62,95,50,48,75,71,75,68,95,95,92,88,75,72,72,72,95,92,34,51,50,51,28,66,25,52,75,85,90,32,72,42,78,62,72,56,71,68,50,60,32,25,42,42,38,85,40,18,40,32,55,38,80,82,82,72,55,55,52,45,88,75,15,51,50,51,28,66,25,52,75,85,90,32,38,22,57,50,62,40,45,55,30,25,Veikkausliiga
Lahti,8hrhwh8rty0eoykwj44ew04ng,3unyhs3one1p4wgh3c6mlo0lw,José Müller,José Claro Müller,23.0,Defender,Portugal,Defender,891.0,0.0,381.0,84.0,1272.0,33.0,0.0,0.0,8.0,7.0,1.0,2.0,1.0,1.0,60.0,112.0,0.0,23.0,1811.0,1.0,11.0,14.0,0.0,8.0,0.0,0.0,0.0,90.66,53.5,0.0,0.0,12.5,58.82,60.0,61.54,0.9589449358790952,0.0,1.0,34.0,0.6656205599999998,7.0,94.0,113.0,1.9780469000000007,799.0,44.27940364439536,0.0,18.9342904472667,4.174489232468249,63.21369409166206,1.6399779127553835,0.0,0.0,0.3975704030922142,0.3478741027056874,0.0496963003865267,0.0993926007730535,0.0496963003865267,0.0496963003865267,2.9817780231916067,5.565985643290999,0.0,1.1430149088901158,0.0496963003865267,0.5466593042517945,0.6957482054113748,0.0,0.3975704030922142,0.0,0.0,0.0,90.66,53.5,0.0,0.0,12.5,58.82,60.0,61.54,0.0476560155875861,0.0,0.0496963003865267,1.6896742131419105,0.0330788792932081,0.3478741027056874,4.671452236333517,5.615681943677526,0.0983016129210381,39.707344008834895,CB,100,29,93,96,98,83,34,7,60,68,54,61,21,20,66,89,31,89,30,42,81,13,39,42,50,51,87,93,29,13,26,60,53,36,67,7,52,93,91,72,91,97,80,98,89,29,71,91,87,33,34,7,40,40,49,36,16,16,11,67,31,71,24,18,56,13,13,42,50,51,87,93,29,13,26,60,53,36,40,7,42,84,80,58,76,87,42,82,Veikkausliiga
Lahti,8hrhwh8rty0eoykwj44ew04ng,5koivmyqvsi9yrsyis1oas1k9,R. Sans,Romain Sans,27.0,Defender,France,Defender,369.0,37.0,452.0,42.0,784.0,24.0,3.0,49.0,12.0,3.0,9.0,3.0,27.0,27.0,88.0,60.0,0.0,19.0,1713.0,4.0,32.0,29.0,12.0,13.0,0.0,0.0,0.0,84.12,52.5,30.83,44.44,33.33,61.11,66.67,56.52,0.5734296692720328,5.60448660237773,3.0,41.0,1.2086379099999995,36.0,77.0,102.0,4.441347619999995,382.0,19.387040280210154,1.943957968476357,23.747810858143605,2.206654991243433,41.190893169877405,1.2609457092819614,0.1576182136602451,2.574430823117338,0.6304728546409807,0.1576182136602451,0.4728546409807355,0.1576182136602451,1.4185639229422065,1.4185639229422065,4.623467600700525,3.1523642732049035,0.0,0.998248686514886,0.2101576182136602,1.6812609457092818,1.5236427320490369,0.6304728546409807,0.6830122591943958,0.0,0.0,0.0,84.12,52.5,30.83,44.44,33.33,61.11,66.67,56.52,0.0301276533768143,0.2944563889165182,0.1576182136602451,2.154115586690017,0.063501116112084,1.891418563922942,4.045534150612959,5.359019264448336,0.2333457593695268,20.07005253940455,LB/LCB,79,87,79,79,84,84,82,95,66,37,74,55,76,68,74,84,39,68,89,84,89,68,37,45,53,53,79,100,61,32,76,63,58,16,53,100,61,89,89,95,84,84,89,89,74,89,89,53,79,68,74,100,53,16,68,42,53,53,53,58,39,42,79,68,84,53,16,45,53,53,79,100,61,32,76,63,58,16,26,100,42,79,95,89,63,68,84,74,Veikkausliiga
Lahti,8hrhwh8rty0eoykwj44ew04ng,7o6ktiqjswcftkuh6xa6us2ne,Tòfol Montiel,Cristóbal Montiel,26.0,Midfielder,Spain,Striker,305.0,13.0,496.0,49.0,788.0,3.0,4.0,38.0,33.0,14.0,19.0,10.0,45.0,49.0,79.0,16.0,2.0,12.0,1805.0,8.0,41.0,22.0,26.0,15.0,0.0,0.0,0.0,80.74,54.44,33.33,57.78,24.24,48.77,37.5,53.57,2.6031432678541866,3.212812563342305,17.0,54.0,1.3245655099999996,27.0,88.0,113.0,4.491468229999997,419.0,15.20775623268698,0.6481994459833794,24.73130193905817,2.443213296398892,39.29085872576177,0.149584487534626,0.1994459833795013,1.894736842105263,1.6454293628808865,0.6980609418282548,0.9473684210526316,0.4986149584487534,2.2437673130193905,2.443213296398892,3.939058171745152,0.7977839335180055,0.0997229916897506,0.5983379501385041,0.3988919667590027,2.044321329639889,1.0969529085872576,1.2963988919667588,0.7479224376731302,0.0,0.0,0.0,80.74,54.44,33.33,57.78,24.24,48.77,37.5,53.57,0.1297966172337267,0.1601956402774556,0.8476454293628808,2.6925207756232683,0.0660448176731301,1.3462603878116342,4.38781163434903,5.634349030470914,0.2239513244875344,20.89196675900277,CM/AM,95,69,92,97,92,32,96,93,89,78,92,89,92,96,92,82,77,85,78,76,80,97,85,51,46,50,46,57,68,92,22,65,46,43,92,95,89,89,89,93,92,92,95,95,78,59,78,92,81,11,84,81,68,43,78,49,81,78,41,38,49,62,51,35,41,86,49,51,46,50,46,57,68,92,22,65,46,43,59,76,84,76,65,81,76,81,89,84,Veikkausliiga
Lahti,8hrhwh8rty0eoykwj44ew04ng,9618hk1lq7i6see347k7plkyy,M. Sarr,Momodou Sarr,26.0,Attacker,Finland,Striker,110.0,8.0,300.0,9.0,402.0,32.0,2.0,24.0,41.0,35.0,6.0,13.0,39.0,42.0,100.0,20.0,3.0,12.0,1867.0,13.0,97.0,33.0,14.0,18.0,0.0,0.0,0.0,75.14,31.03,18.6,35.9,31.71,40.82,46.38,81.82,3.449454498330624,1.9566950415078512,9.0,34.0,0.9932992300000002,13.0,20.0,30.0,2.0478873500000008,125.0,5.302624531333691,0.385645420460632,14.461703267273702,0.433851098018211,19.37868237814676,1.5425816818425282,0.096411355115158,1.156936261381896,1.9764327798607395,1.6871987145152652,0.289234065345474,0.626673808248527,1.880021424745581,2.0246384574183183,4.8205677557579,0.9641135511515802,0.144617032672737,0.578468130690948,0.626673808248527,4.675950723085164,1.5907873594001072,0.6748794858061061,0.8677021960364221,0.0,0.0,0.0,75.14,31.03,18.6,35.9,31.71,40.82,46.38,81.82,0.1662832912960665,0.0943238102494411,0.433851098018211,1.6389930369576862,0.0478826623995715,0.626673808248527,0.9641135511515802,1.4461703267273702,0.0987197972683449,6.025709694697376,RW,67,100,100,67,100,100,83,100,100,100,78,100,67,67,100,89,89,89,100,100,100,67,100,44,56,56,33,22,44,33,44,44,78,100,100,89,89,67,67,78,67,67,89,56,22,33,33,11,33,89,56,33,100,67,56,56,22,22,67,67,33,67,67,67,89,22,56,44,56,56,33,22,44,33,44,44,78,100,67,22,56,22,22,22,22,11,11,11,Veikkausliiga
Lahti,8hrhwh8rty0eoykwj44ew04ng,97hjnf61dy1t9lb9l9rpt0tg4,D. Heikkinen,Daniel Heikkinen,23.0,Midfielder,Finland,Midfielder,132.0,13.0,189.0,11.0,308.0,8.0,1.0,15.0,11.0,7.0,4.0,5.0,16.0,16.0,55.0,14.0,1.0,10.0,725.0,3.0,26.0,25.0,7.0,10.0,0.0,0.0,0.0,82.8,50.0,41.94,43.75,27.27,59.14,72.73,66.67,0.8446294777257942,1.8881682923885883,4.0,20.0,0.5991672699999999,8.0,34.0,41.0,1.69899205,156.0,16.386206896551723,1.613793103448276,23.462068965517243,1.3655172413793104,38.23448275862069,0.993103448275862,0.1241379310344827,1.862068965517241,1.3655172413793104,0.8689655172413794,0.496551724137931,0.6206896551724138,1.986206896551724,1.986206896551724,6.827586206896552,1.7379310344827588,0.1241379310344827,1.2413793103448276,0.3724137931034483,3.227586206896552,3.103448275862069,0.8689655172413794,1.2413793103448276,0.0,0.0,0.0,82.8,50.0,41.94,43.75,27.27,59.14,72.73,66.67,0.1048505558556158,0.2343933052620316,0.496551724137931,2.4827586206896552,0.0743793852413793,0.993103448275862,4.220689655172414,5.089655172413793,0.2109093579310345,19.36551724137931,CM/AM,64,69,57,53,57,66,57,64,50,57,49,65,69,68,69,76,49,77,36,57,84,72,57,51,46,50,65,45,89,68,39,92,100,77,38,70,59,57,62,45,69,62,73,66,84,89,70,54,76,78,62,76,46,59,51,78,65,62,95,100,57,95,41,73,95,68,78,51,46,50,65,45,89,68,39,92,100,77,43,95,54,65,70,49,73,73,84,78,Veikkausliiga
Lahti,8hrhwh8rty0eoykwj44ew04ng,a9j0100pvmkgkmszpl3tuyoh6,Y. Cassubie,Yohan Cassubie,25.0,Midfielder,France,Midfielder,446.0,5.0,499.0,69.0,940.0,22.0,3.0,20.0,26.0,8.0,18.0,11.0,38.0,40.0,108.0,19.0,2.0,41.0,1927.0,5.0,24.0,18.0,21.0,28.0,0.0,0.0,0.0,86.64,75.82,55.56,55.26,19.23,52.43,53.66,59.57,1.920729669868369,1.373924357675476,13.0,49.0,1.1121910799999994,24.0,113.0,101.0,2.29580127,459.0,20.83030617540218,0.233523611831863,23.305656460819925,3.222625843279709,43.90243902439024,1.027503892060197,0.1401141670991178,0.934094447327452,1.2143227815256876,0.3736377789309807,0.8406850025947068,0.5137519460300985,1.7747794499221587,1.868188894654904,5.044110015568241,0.8873897249610794,0.0934094447327451,1.9148936170212765,0.233523611831863,1.1209133367929425,0.8406850025947068,0.9807991696938246,1.3077322262584328,0.0,0.0,0.0,86.64,75.82,55.56,55.26,19.23,52.43,53.66,59.57,0.0897071459720566,0.0641687556776299,0.6071613907628438,2.288531395952257,0.051944575609756,1.1209133367929425,5.277633627400104,4.717176959003632,0.1072247609237156,21.437467566165022,DM/CM,85,79,91,94,85,85,100,90,88,78,94,91,97,97,91,53,91,100,78,75,65,97,94,47,51,51,66,100,90,71,29,59,65,41,88,82,88,97,97,100,97,88,79,91,56,65,71,85,62,74,100,71,79,50,85,85,91,88,71,12,76,97,56,47,26,91,68,47,51,51,66,100,90,71,29,59,65,41,68,59,82,91,82,88,76,71,56,65,Veikkausliiga
Lahti,8hrhwh8rty0eoykwj44ew04ng,b3kzxaegfvw2k1gxjiei8f7ys,T. Inkinen,Topias Inkinen,23.0,Defender,Finland,Defender,72.0,3.0,87.0,10.0,156.0,5.0,0.0,2.0,6.0,2.0,4.0,0.0,1.0,1.0,12.0,12.0,0.0,7.0,367.0,2.0,8.0,1.0,1.0,3.0,0.0,0.0,0.0,78.39,47.62,42.86,100.0,33.33,50.0,71.43,60.0,0.3313290845569559,0.2536155638550676,4.0,9.0,0.25814557,8.0,19.0,17.0,0.8309870199999996,61.0,17.6566757493188,0.7356948228882835,21.33514986376022,2.452316076294278,38.25613079019074,1.226158038147139,0.0,0.4904632152588556,1.471389645776567,0.4904632152588556,0.9809264305177112,0.0,0.2452316076294278,0.2452316076294278,2.942779291553134,2.942779291553134,0.0,1.7166212534059946,0.4904632152588556,1.9618528610354224,0.2452316076294278,0.2452316076294278,0.7356948228882835,0.0,0.0,0.0,78.39,47.62,42.86,100.0,33.33,50.0,71.43,60.0,0.0812523640602889,0.062194552444022,0.9809264305177112,2.20708446866485,0.0633054531335149,1.9618528610354224,4.659400544959128,4.168937329700273,0.2037842828337873,14.959128065395095,LB/LCB,21,32,16,21,16,13,26,13,53,29,63,13,11,11,5,13,39,26,58,32,8,11,13,45,53,53,32,79,84,100,76,21,74,29,32,16,68,18,32,47,21,8,21,5,68,63,74,74,68,63,26,26,100,79,100,13,11,11,11,47,39,100,100,74,11,16,26,45,53,53,32,79,84,100,76,21,74,29,95,42,100,89,89,95,79,42,74,32,Veikkausliiga
Lahti,8hrhwh8rty0eoykwj44ew04ng,bbdoe533sbua0ikwxa8ldo91x,A. Kabashi,Armend Kabashi,30.0,Midfielder,Finland,Midfielder,108.0,0.0,67.0,6.0,175.0,1.0,0.0,2.0,3.0,1.0,2.0,1.0,1.0,1.0,11.0,7.0,0.0,5.0,390.0,1.0,2.0,4.0,0.0,5.0,0.0,0.0,0.0,85.78,40.0,0.0,0.0,33.33,37.93,16.67,83.33,0.2046610783215252,0.1414379118642769,2.0,3.0,0.0609883799999999,0.0,7.0,14.0,0.3141803599999999,82.0,24.923076923076923,0.0,15.461538461538463,1.3846153846153848,40.38461538461539,0.2307692307692307,0.0,0.4615384615384615,0.6923076923076924,0.2307692307692307,0.4615384615384615,0.2307692307692307,0.2307692307692307,0.2307692307692307,2.5384615384615388,1.6153846153846154,0.0,1.153846153846154,0.2307692307692307,0.4615384615384615,0.9230769230769232,0.0,1.153846153846154,0.0,0.0,0.0,85.78,40.0,0.0,0.0,33.33,37.93,16.67,83.33,0.0472294796126596,0.0326395181225254,0.4615384615384615,0.6923076923076924,0.0140742415384615,0.0,1.6153846153846154,3.230769230769231,0.0725031599999999,18.923076923076923,DM/CM,18,16,12,13,15,10,29,9,15,13,21,22,7,7,6,24,25,13,18,6,10,7,15,47,51,51,53,29,16,7,78,6,9,94,12,12,25,9,9,3,7,15,12,15,79,16,24,32,56,18,29,12,29,26,44,53,12,12,3,65,25,50,53,15,35,7,50,47,51,51,53,29,16,7,78,6,9,94,21,12,65,18,15,3,6,32,21,50,Veikkausliiga
Lahti,8hrhwh8rty0eoykwj44ew04ng,d2tr2mopsk225739f7xlc12ei,V. Vehkonen,Väinö Vehkonen,25.0,Defender,Finland,Defender,281.0,0.0,137.0,36.0,418.0,20.0,1.0,2.0,5.0,4.0,1.0,1.0,1.0,1.0,27.0,44.0,0.0,7.0,701.0,2.0,9.0,4.0,0.0,3.0,0.0,0.0,0.0,86.19,51.43,0.0,0.0,40.0,51.92,55.56,75.0,0.6182815894756121,0.074334502093812,0.0,6.0,0.13543352,9.0,30.0,36.0,0.7349635699999997,219.0,36.07703281027104,0.0,17.58915834522111,4.621968616262483,53.66619115549216,2.5677603423680457,0.1283880171184022,0.2567760342368045,0.6419400855920114,0.5135520684736091,0.1283880171184022,0.1283880171184022,0.1283880171184022,0.1283880171184022,3.466476462196862,5.6490727532097,0.0,0.8987161198288159,0.2567760342368045,1.155492154065621,0.5135520684736091,0.0,0.3851640513552068,0.0,0.0,0.0,86.19,51.43,0.0,0.0,40.0,51.92,55.56,75.0,0.0793799472935878,0.0095436593273082,0.0,0.7703281027104137,0.0173880410841654,1.155492154065621,3.8516405135520686,4.621968616262483,0.094360515406562,28.116975748930106,CB,36,29,30,57,36,37,81,39,39,37,54,37,21,20,12,33,31,26,56,31,23,13,11,42,50,51,60,91,29,13,84,24,36,83,42,22,21,31,33,81,37,38,24,33,73,29,58,98,73,67,91,60,53,49,67,53,31,31,24,73,31,38,78,53,33,13,9,42,50,51,60,91,29,13,84,24,36,83,58,29,21,51,56,96,60,67,40,49,Veikkausliiga
Lahti,8hrhwh8rty0eoykwj44ew04ng,dsn7m5pm574argz1d7ofgjmj9,E. Andersson,Erik Andersson,29.0,Midfielder,Sweden,Midfielder,136.0,4.0,209.0,15.0,341.0,12.0,1.0,10.0,24.0,18.0,6.0,8.0,14.0,14.0,55.0,12.0,1.0,9.0,1116.0,6.0,36.0,16.0,5.0,14.0,0.0,0.0,0.0,75.61,45.45,19.05,35.71,25.0,47.83,48.0,63.64,2.241560942668325,0.9006488193341408,4.0,15.0,0.44910643,5.0,27.0,38.0,1.1960268999999997,156.0,10.96774193548387,0.3225806451612903,16.85483870967742,1.2096774193548387,27.5,0.9677419354838708,0.0806451612903225,0.8064516129032258,1.935483870967741,1.4516129032258065,0.4838709677419354,0.6451612903225806,1.129032258064516,1.129032258064516,4.435483870967742,0.9677419354838708,0.0806451612903225,0.7258064516129032,0.4838709677419354,2.903225806451613,1.2903225806451613,0.4032258064516129,1.129032258064516,0.0,0.0,0.0,75.61,45.45,19.05,35.71,25.0,47.83,48.0,63.64,0.1807710437635745,0.0726329693011403,0.3225806451612903,1.2096774193548387,0.0362182604838709,0.4032258064516129,2.177419354838709,3.064516129032258,0.0964537822580644,12.580645161290322,CM/AM,68,49,65,69,68,86,57,41,81,95,65,84,51,49,69,72,49,72,69,73,59,57,76,51,46,50,16,27,38,43,28,61,68,70,86,46,59,39,41,24,53,59,49,66,46,30,41,49,46,73,49,16,84,100,43,81,32,30,54,62,35,73,65,59,46,35,70,51,46,50,16,27,38,43,28,61,68,70,84,22,41,24,27,16,41,41,35,51,Veikkausliiga
Lahti,8hrhwh8rty0eoykwj44ew04ng,dvkjpwli5u19t5563fiphsd1w,A. Lindholm,Aaron Lindholm,22.0,Midfielder,Finland,Midfielder,36.0,0.0,56.0,2.0,92.0,11.0,0.0,4.0,14.0,13.0,1.0,4.0,15.0,15.0,27.0,6.0,5.0,0.0,808.0,7.0,27.0,12.0,3.0,0.0,0.0,0.0,0.0,68.66,66.67,0.0,20.0,50.0,31.03,27.5,0.0,2.208473936432665,0.2029814003551681,1.0,8.0,0.24230241,2.0,1.0,5.0,0.1660930099999999,22.0,4.00990099009901,0.0,6.237623762376238,0.2227722772277227,10.247524752475249,1.2252475247524752,0.0,0.4455445544554455,1.5594059405940597,1.448019801980198,0.1113861386138613,0.4455445544554455,1.6707920792079207,1.6707920792079207,3.007425742574257,0.6683168316831684,0.556930693069307,0.0,0.7797029702970297,3.007425742574257,1.3366336633663367,0.3341584158415842,0.0,0.0,0.0,0.0,68.66,66.67,0.0,20.0,50.0,31.03,27.5,0.0,0.2459933840085889,0.0226093143959964,0.1113861386138613,0.8910891089108911,0.0269891298267326,0.2227722772277227,0.1113861386138613,0.556930693069307,0.0185004590346534,2.4504950495049505,CM/AM,14,12,8,8,11,80,23,8,59,76,8,50,61,61,30,27,95,4,73,61,47,28,4,51,46,50,3,89,12,16,86,8,27,4,81,8,14,16,16,12,3,5,3,3,5,12,3,5,3,81,23,3,57,97,5,43,54,54,22,27,100,4,86,62,49,24,4,51,46,50,3,89,12,16,86,8,27,4,97,3,8,8,16,8,3,3,3,3,Veikkausliiga
Lahti,8hrhwh8rty0eoykwj44ew04ng,e7cov36din7hwsjxovwr5smlm,Nícolas,Nícolas Gianini Dantas,28.0,Defender,Brazil,Defender,745.0,0.0,290.0,61.0,1035.0,57.0,0.0,6.0,18.0,17.0,1.0,4.0,22.0,23.0,116.0,103.0,0.0,34.0,1831.0,3.0,28.0,9.0,14.0,26.0,0.0,0.0,0.0,89.84,55.45,0.0,63.64,16.67,62.37,65.52,72.22,2.233642006195266,0.4397747192563109,2.0,6.0,0.10605716,1.0,56.0,65.0,1.387085350000002,648.0,36.6193336974331,0.0,14.254505734571271,2.998361551064992,50.87383943200437,2.8017476788640088,0.0,0.2949208083014746,0.8847624249044238,0.835608956854178,0.0491534680502457,0.196613872200983,1.0813762971054068,1.1305297651556525,5.701802293828509,5.062807209175314,0.0,1.671217913708356,0.1474604041507373,1.3762971054068815,0.4423812124522119,0.6881485527034408,1.27799016930639,0.0,0.0,0.0,89.84,55.45,0.0,63.64,16.67,62.37,65.52,72.22,0.1097912509872058,0.0216164526122708,0.0983069361004915,0.2949208083014746,0.0052130772255598,0.0491534680502457,2.752594210813763,3.1949754232659746,0.068180055434189,31.851447296559257,CB,91,29,74,80,87,97,34,80,88,93,54,82,92,91,96,84,31,99,78,82,57,98,96,42,50,51,82,100,29,78,36,84,77,74,93,82,69,31,29,28,67,72,56,87,78,29,24,62,64,82,34,69,76,82,47,69,82,82,82,53,31,96,53,64,24,87,87,42,50,51,82,100,29,78,36,84,77,74,84,62,60,16,16,20,33,33,22,69,Veikkausliiga
Lahti,8hrhwh8rty0eoykwj44ew04ng,el1pcuz4yf25cphmndtbqtxqs,Martim Ferreira,Martim Augusto Ferreira,22.0,Attacker,Portugal,Defender,93.0,9.0,212.0,6.0,296.0,4.0,2.0,25.0,32.0,20.0,12.0,7.0,22.0,25.0,56.0,14.0,3.0,4.0,1375.0,9.0,53.0,20.0,5.0,15.0,0.0,0.0,0.0,79.57,37.5,40.91,22.73,28.12,42.75,26.67,55.56,2.425587009352485,2.191610391378533,8.0,35.0,1.2986647499999997,10.0,11.0,34.0,2.2086274899999974,117.0,6.087272727272727,0.5890909090909091,13.876363636363635,0.3927272727272727,19.37454545454545,0.2618181818181818,0.1309090909090909,1.6363636363636362,2.0945454545454543,1.309090909090909,0.7854545454545454,0.4581818181818181,1.44,1.6363636363636362,3.665454545454545,0.9163636363636364,0.1963636363636363,0.2618181818181818,0.5890909090909091,3.469090909090909,1.309090909090909,0.3272727272727272,0.9818181818181818,0.0,0.0,0.0,79.57,37.5,40.91,22.73,28.12,42.75,26.67,55.56,0.1587656951576172,0.1434508619811403,0.5236363636363636,2.290909090909091,0.0850035109090908,0.6545454545454545,0.72,2.225454545454545,0.1445647084363634,7.658181818181818,LW,60,70,70,50,60,60,80,80,90,90,90,80,40,45,60,60,100,50,90,70,70,20,70,50,55,55,60,60,80,10,50,50,50,60,80,80,70,70,70,50,50,60,60,70,40,70,70,30,50,50,50,70,60,70,70,50,20,20,20,40,80,30,80,30,40,10,60,50,55,55,60,60,80,10,50,50,50,60,50,70,50,40,60,20,20,50,70,60,Veikkausliiga
Lahti,8hrhwh8rty0eoykwj44ew04ng,lk9d5o3phq1ioqhs0rn3dams,J. Ojanen,Justus Ojanen,21.0,Attacker,Finland,Striker,19.0,0.0,67.0,2.0,86.0,1.0,0.0,3.0,11.0,8.0,3.0,6.0,19.0,20.0,24.0,5.0,2.0,2.0,351.0,2.0,21.0,6.0,8.0,7.0,0.0,0.0,0.0,75.44,50.0,0.0,42.11,18.18,52.17,16.67,77.78,1.013080095657964,0.2847418832623766,3.0,13.0,0.3639534499999999,6.0,5.0,6.0,0.23170488,22.0,4.871794871794872,0.0,17.17948717948718,0.5128205128205129,22.05128205128205,0.2564102564102564,0.0,0.7692307692307693,2.8205128205128207,2.0512820512820515,0.7692307692307693,1.5384615384615383,4.871794871794872,5.128205128205129,6.153846153846154,1.2820512820512822,0.5128205128205129,0.5128205128205129,0.5128205128205129,5.384615384615385,1.5384615384615383,2.0512820512820515,1.794871794871795,0.0,0.0,0.0,75.44,50.0,0.0,42.11,18.18,52.17,16.67,77.78,0.2597641270917856,0.0730107392980452,0.7692307692307693,3.333333333333333,0.0933213974358974,1.5384615384615383,1.2820512820512822,1.5384615384615383,0.0594115076923076,5.641025641025641,ST,22,25,38,34,35,6,18,20,25,22,31,62,69,66,30,45,49,51,14,28,29,68,62,51,50,51,65,66,25,59,12,95,15,82,20,25,28,52,45,65,32,30,30,30,57,25,95,65,92,18,18,28,60,60,78,100,100,100,75,82,88,80,18,65,62,100,98,51,50,51,65,66,25,59,12,95,15,82,48,40,70,90,85,92,68,57,48,70,Veikkausliiga
Jaro,7efqk7uh63928il0yffxijnv7,18d805p5mzo29ens4z1yufluy,J. Skau,Jesper Skau,23.0,Midfielder,Norway,Midfielder,553.0,0.0,538.0,74.0,1091.0,21.0,0.0,18.0,16.0,8.0,8.0,4.0,15.0,18.0,71.0,84.0,0.0,28.0,2070.0,3.0,13.0,9.0,9.0,24.0,2.0,0.0,0.0,82.9,41.11,0.0,60.0,18.75,50.35,47.73,72.73,1.2356864369545095,1.069836321874798,6.0,28.0,0.6324666400000001,12.0,128.0,133.0,3.113767799999996,681.0,24.043478260869566,0.0,23.39130434782609,3.217391304347826,47.43478260869565,0.9130434782608696,0.0,0.782608695652174,0.6956521739130435,0.3478260869565217,0.3478260869565217,0.1739130434782608,0.6521739130434783,0.782608695652174,3.0869565217391304,3.652173913043478,0.0,1.2173913043478262,0.1304347826086956,0.5652173913043478,0.391304347826087,0.391304347826087,1.0434782608695652,0.0869565217391304,0.0,0.0,82.9,41.11,0.0,60.0,18.75,50.35,47.73,72.73,0.0537254972588917,0.0465146226902086,0.2608695652173913,1.2173913043478262,0.0274985495652173,0.5217391304347826,5.565217391304348,5.782608695652174,0.135381208695652,29.60869565217392,DM/CM,97,16,94,100,100,81,29,79,65,78,62,68,68,75,63,97,25,82,53,47,28,72,82,100,51,51,32,35,16,84,26,46,53,81,62,68,62,79,71,75,100,100,97,100,74,16,74,82,71,68,29,50,32,44,26,41,35,47,9,97,25,59,24,21,6,59,35,100,51,51,32,35,16,84,26,46,53,81,32,32,26,38,38,29,79,82,76,97,Veikkausliiga
Jaro,7efqk7uh63928il0yffxijnv7,39qyf115ddrp57u3p5kwp4aac,A. Sabriye,Abdi Sabriye,24.0,Attacker,Sweden,Striker,62.0,6.0,66.0,5.0,122.0,1.0,0.0,12.0,3.0,2.0,1.0,0.0,33.0,34.0,32.0,3.0,0.0,2.0,430.0,2.0,22.0,9.0,18.0,2.0,0.0,0.0,0.0,84.14,71.43,54.55,54.55,66.67,49.23,33.33,50.0,0.2083645220727064,1.2610423244719715,2.0,25.0,0.7613463199999998,7.0,4.0,9.0,0.67580736,28.0,12.976744186046512,1.255813953488372,13.813953488372093,1.0465116279069768,25.53488372093023,0.2093023255813953,0.0,2.511627906976744,0.627906976744186,0.4186046511627907,0.2093023255813953,0.0,6.906976744186046,7.116279069767442,6.697674418604652,0.627906976744186,0.0,0.4186046511627907,0.4186046511627907,4.604651162790698,1.8837209302325584,3.767441860465116,0.4186046511627907,0.0,0.0,0.0,84.14,71.43,54.55,54.55,66.67,49.23,33.33,50.0,0.0436111790384734,0.2639390911685522,0.4186046511627907,5.232558139534884,0.1593515553488371,1.4651162790697674,0.8372093023255814,1.8837209302325584,0.1414480520930232,5.8604651162790695,LW,40,60,30,40,40,15,10,40,10,10,10,10,65,60,40,20,20,30,25,40,40,75,30,50,55,55,100,100,100,80,100,80,60,45,10,50,20,50,50,40,20,25,40,25,100,80,60,80,70,40,10,100,20,20,10,10,90,90,80,30,20,40,50,90,70,100,40,50,55,55,100,100,100,80,100,80,60,45,20,100,40,90,90,80,30,40,60,40,Veikkausliiga
Jaro,7efqk7uh63928il0yffxijnv7,3cmp95fpjtqoc5njb5p7c9g8a,E. Gunnarsson,Erik Gunnarsson,27.0,Defender,Sweden,Defender,425.0,2.0,206.0,38.0,629.0,21.0,0.0,5.0,3.0,2.0,1.0,0.0,8.0,8.0,61.0,56.0,0.0,16.0,1131.0,0.0,7.0,7.0,6.0,18.0,1.0,0.0,0.0,88.97,52.05,40.0,75.0,0.0,66.3,56.76,64.29,0.2645014196914143,0.4140380903318685,1.0,12.0,0.24045539,4.0,54.0,57.0,1.5392975400000015,355.0,33.819628647214856,0.1591511936339522,16.392572944297083,3.023872679045093,50.05305039787798,1.6710875331564987,0.0,0.3978779840848806,0.2387267904509284,0.1591511936339522,0.0795755968169761,0.0,0.636604774535809,0.636604774535809,4.854111405835544,4.456233421750663,0.0,1.273209549071618,0.0,0.5570291777188329,0.5570291777188329,0.4774535809018568,1.4323607427055702,0.0795755968169761,0.0,0.0,88.97,52.05,40.0,75.0,0.0,66.3,56.76,64.29,0.0210478583308817,0.0329473281431195,0.0795755968169761,0.9549071618037136,0.0191343811671087,0.3183023872679045,4.297082228116711,4.535809018567639,0.1224905204244033,28.249336870026525,LB/LCB,95,24,53,74,63,76,26,29,21,29,34,13,34,34,47,79,39,53,16,24,32,45,61,92,53,53,100,95,79,89,16,89,47,42,26,21,29,47,21,24,53,47,47,74,95,21,37,100,89,74,26,16,5,21,32,13,32,32,63,95,39,79,16,21,37,37,74,95,53,53,100,95,79,89,16,89,47,42,11,16,26,16,11,5,68,47,37,95,Veikkausliiga
Jaro,7efqk7uh63928il0yffxijnv7,3vezn38wnyk5dtstopwbl0dn8,A. Hellemaa,Altti Hellemaa,22.0,Midfielder,Finland,Midfielder,49.0,1.0,61.0,7.0,109.0,0.0,0.0,2.0,0.0,0.0,0.0,0.0,3.0,4.0,4.0,0.0,0.0,1.0,239.0,0.0,0.0,1.0,1.0,1.0,0.0,0.0,0.0,88.62,53.85,20.0,33.33,0.0,50.0,0.0,50.0,0.0,0.1558895547315893,0.0,10.0,0.24304936,4.0,16.0,19.0,0.3681728999999998,52.0,18.451882845188287,0.3765690376569038,22.97071129707113,2.6359832635983267,41.04602510460251,0.0,0.0,0.7531380753138076,0.0,0.0,0.0,0.0,1.1297071129707112,1.5062761506276152,1.5062761506276152,0.0,0.0,0.3765690376569038,0.0,0.0,0.3765690376569038,0.3765690376569038,0.3765690376569038,0.0,0.0,0.0,88.62,53.85,20.0,33.33,0.0,50.0,0.0,50.0,0.0,0.0587031796060378,0.0,3.765690376569038,0.0915248635983263,1.5062761506276152,6.025104602510461,7.154811715481172,0.1386425146443514,19.581589958159,LM/LCM,67,33,33,67,67,33,50,33,33,33,33,33,33,33,33,33,50,33,33,33,33,33,33,67,67,67,100,33,33,50,33,100,33,33,33,33,33,33,33,67,67,67,33,67,100,67,100,100,100,33,50,33,33,33,33,33,33,33,33,33,50,33,33,33,33,33,33,67,67,67,100,33,33,50,33,100,33,33,33,67,33,100,100,100,100,100,100,100,Veikkausliiga
Jaro,7efqk7uh63928il0yffxijnv7,44gqeji9twbkdtrcr2ias4efo,M. Pedersen,Mats Pedersen,21.0,Midfielder,Norway,Midfielder,90.0,10.0,157.0,14.0,237.0,12.0,1.0,16.0,9.0,7.0,2.0,4.0,17.0,19.0,42.0,5.0,0.0,4.0,712.0,3.0,24.0,15.0,7.0,6.0,0.0,0.0,0.0,82.58,70.0,58.82,41.18,33.33,47.73,52.17,75.0,0.8056539758456303,1.6863502871992084,1.0,17.0,0.8163138900000001,7.0,27.0,30.0,1.2218518400000005,95.0,11.376404494382022,1.2640449438202246,19.84550561797753,1.7696629213483146,29.957865168539325,1.5168539325842696,0.1264044943820224,2.02247191011236,1.1376404494382022,0.8848314606741573,0.2528089887640449,0.5056179775280899,2.148876404494382,2.401685393258427,5.308988764044944,0.6320224719101123,0.0,0.5056179775280899,0.3792134831460674,3.033707865168539,1.896067415730337,0.8848314606741573,0.7584269662921348,0.0,0.0,0.0,82.58,70.0,58.82,41.18,33.33,47.73,52.17,75.0,0.101838283463633,0.2131622554043943,0.1264044943820224,2.148876404494382,0.1031857445224719,0.8848314606741573,3.412921348314607,3.792134831460674,0.1544475640449438,12.008426966292134,CM/AM,46,64,41,64,41,86,57,69,35,57,24,50,73,73,54,19,15,42,36,51,55,72,41,51,46,50,59,95,95,54,58,57,70,93,35,68,14,46,70,35,53,42,54,35,49,81,59,76,51,95,65,89,35,62,19,51,73,76,81,22,15,49,43,65,78,70,51,51,46,50,59,95,95,54,58,57,70,93,41,92,14,51,86,43,59,62,62,46,Veikkausliiga
Jaro,7efqk7uh63928il0yffxijnv7,4nddgv2nlro0poda1w6yan3rp,L. Zetterström,Henrik Zetterström,29.0,Attacker,Sweden,Striker,31.0,0.0,44.0,2.0,75.0,22.0,0.0,5.0,10.0,6.0,4.0,2.0,10.0,11.0,37.0,3.0,0.0,3.0,529.0,4.0,18.0,6.0,3.0,2.0,0.0,0.0,0.0,72.82,50.0,0.0,30.0,40.0,35.92,44.9,33.33,0.8416699854164547,0.2128969288015949,2.0,4.0,0.14899776,3.0,6.0,7.0,0.1914927399999999,25.0,5.274102079395084,0.0,7.485822306238185,0.3402646502835538,12.75992438563327,3.742911153119093,0.0,0.8506616257088846,1.7013232514177692,1.0207939508506616,0.6805293005671077,0.3402646502835538,1.7013232514177692,1.8714555765595464,6.294896030245746,0.5103969754253308,0.0,0.5103969754253308,0.6805293005671077,3.062381852551985,1.0207939508506616,0.5103969754253308,0.3402646502835538,0.0,0.0,0.0,72.82,50.0,0.0,30.0,40.0,35.92,44.9,33.33,0.1431952716209469,0.0362206495125586,0.3402646502835538,0.6805293005671077,0.0253493353497164,0.5103969754253308,1.0207939508506616,1.1909262759924384,0.0325791051039697,4.253308128544423,ST,42,25,22,34,25,78,18,30,19,15,44,22,39,41,51,26,12,61,24,10,29,35,19,51,50,51,55,66,25,35,55,38,68,6,15,20,16,20,22,39,45,36,25,32,68,25,32,40,42,95,18,32,18,15,68,20,50,50,85,32,12,78,30,18,40,52,22,51,50,51,55,66,25,35,55,38,68,6,20,18,18,15,22,57,48,38,22,45,Veikkausliiga
Jaro,7efqk7uh63928il0yffxijnv7,4q9qes9db1l7plfu2re8q3v8,V. Vuorinen,Ville Vuorinen,21.0,Midfielder,Finland,Midfielder,32.0,2.0,95.0,4.0,125.0,5.0,1.0,15.0,19.0,17.0,2.0,4.0,12.0,13.0,33.0,7.0,2.0,2.0,1085.0,12.0,42.0,17.0,2.0,5.0,0.0,0.0,0.0,76.22,57.14,18.18,16.67,63.16,37.93,17.86,55.56,1.9933449233330736,1.064554385076779,4.0,14.0,0.39850767,4.0,10.0,8.0,0.79923972,34.0,2.654377880184332,0.1658986175115207,7.880184331797235,0.3317972350230415,10.368663594470046,0.4147465437788018,0.0829493087557603,1.2442396313364057,1.576036866359447,1.4101382488479264,0.1658986175115207,0.3317972350230415,0.9953917050691244,1.0783410138248848,2.737327188940092,0.5806451612903226,0.1658986175115207,0.1658986175115207,0.9953917050691244,3.4838709677419355,1.4101382488479264,0.1658986175115207,0.4147465437788018,0.0,0.0,0.0,76.22,57.14,18.18,16.67,63.16,37.93,17.86,55.56,0.1653465835022826,0.0883040503750323,0.3317972350230415,1.1612903225806452,0.0330559357603686,0.3317972350230415,0.8294930875576036,0.663594470046083,0.0662963823041474,2.8202764976958528,CM/AM,11,28,22,20,22,43,57,64,72,91,24,50,41,39,39,38,77,19,92,78,62,14,31,51,46,50,22,65,35,8,95,19,14,49,73,54,59,31,38,20,19,12,30,11,3,24,5,11,5,32,51,41,59,92,14,35,22,24,14,16,73,11,97,81,59,11,19,51,46,50,22,65,35,8,95,19,14,49,78,35,46,19,24,14,8,5,11,5,Veikkausliiga
Jaro,7efqk7uh63928il0yffxijnv7,6iaszy97sphbfkhfxdwd93g15,M. Ogungbaro,Michael Ogungbaro,30.0,Midfielder,Nigeria,Midfielder,719.0,0.0,284.0,57.0,1003.0,57.0,1.0,6.0,13.0,11.0,2.0,3.0,2.0,2.0,80.0,144.0,0.0,23.0,1778.0,1.0,20.0,3.0,1.0,17.0,0.0,0.0,0.0,89.39,46.34,0.0,50.0,7.69,60.15,64.77,89.47,1.3191520072700529,0.3253533813107837,1.0,6.0,0.10928054,1.0,40.0,52.0,1.553505010000001,674.0,36.39482564679415,0.0,14.37570303712036,2.8852643419572552,50.770528683914506,2.8852643419572552,0.0506186726659167,0.3037120359955005,0.6580427446569178,0.5568053993250843,0.1012373453318335,0.1518560179977502,0.1012373453318335,0.1012373453318335,4.04949381327334,7.289088863892013,0.0,1.1642294713160857,0.0506186726659167,1.012373453318335,0.1518560179977502,0.0506186726659167,0.8605174353205849,0.0,0.0,0.0,89.39,46.34,0.0,50.0,7.69,60.15,64.77,89.47,0.0667737236525898,0.0164689563093197,0.0506186726659167,0.3037120359955005,0.0055316358830146,0.0506186726659167,2.02474690663667,2.6321709786276712,0.0786363615860517,34.1169853768279,DM/CM,100,16,50,87,91,100,72,31,56,88,21,51,15,15,71,100,25,76,18,66,6,18,46,47,51,51,88,44,16,47,18,97,91,100,68,24,12,18,15,7,41,41,50,97,100,16,12,76,82,100,68,6,21,76,9,29,6,6,41,100,25,53,15,44,3,15,18,47,51,51,88,44,16,47,18,97,91,100,59,6,9,3,3,6,9,12,26,100,Veikkausliiga
Jaro,7efqk7uh63928il0yffxijnv7,72qulyqarfxjwzbrcqa7tkys4,K. Hardén,Kaius Hardén,22.0,Midfielder,Finland,Midfielder,158.0,4.0,198.0,15.0,352.0,3.0,1.0,15.0,26.0,19.0,7.0,11.0,33.0,35.0,40.0,5.0,2.0,9.0,1290.0,9.0,50.0,11.0,11.0,12.0,0.0,0.0,0.0,86.7,68.18,40.0,33.33,34.62,35.71,23.08,80.0,2.4933512131067106,1.0625165733541502,9.0,39.0,1.0193803599999998,20.0,19.0,33.0,1.05587869,100.0,11.023255813953488,0.2790697674418604,13.813953488372093,1.0465116279069766,24.55813953488372,0.2093023255813953,0.0697674418604651,1.0465116279069766,1.813953488372093,1.3255813953488371,0.4883720930232558,0.7674418604651162,2.302325581395349,2.441860465116279,2.7906976744186047,0.3488372093023256,0.1395348837209302,0.627906976744186,0.627906976744186,3.488372093023256,0.7674418604651162,0.7674418604651162,0.8372093023255813,0.0,0.0,0.0,86.7,68.18,40.0,33.33,34.62,35.71,23.08,80.0,0.1739547357981425,0.0741290632572662,0.627906976744186,2.7209302325581395,0.0711195599999999,1.3953488372093024,1.3255813953488371,2.302325581395349,0.073665955116279,6.976744186046512,LM/LCM,100,100,100,100,100,67,100,100,100,100,100,100,100,100,100,100,100,100,100,100,100,100,100,67,67,67,67,100,100,50,100,33,67,100,100,100,100,100,100,100,100,100,100,100,67,33,33,33,33,67,100,83,100,100,67,100,67,67,67,67,100,67,100,100,67,67,67,67,67,67,67,100,100,50,100,33,67,100,100,100,100,33,33,67,33,33,33,33,Veikkausliiga
Jaro,7efqk7uh63928il0yffxijnv7,7e8irrii6ddjjaex00kq8cand,A. Vidjeskog,Adam Vidjeskog,28.0,Midfielder,Finland,Midfielder,239.0,1.0,200.0,11.0,438.0,9.0,0.0,2.0,9.0,5.0,4.0,2.0,2.0,2.0,51.0,19.0,0.0,11.0,989.0,2.0,9.0,20.0,1.0,9.0,0.0,0.0,0.0,84.23,31.43,50.0,50.0,22.22,50.5,56.25,42.86,1.2802029602409766,0.1214958961428638,4.0,18.0,0.40116429,7.0,35.0,34.0,0.5656780999999997,164.0,21.74924165824065,0.0910010111223458,18.20020222446916,1.0010111223458038,39.85844287158746,0.8190091001011123,0.0,0.1820020222446916,0.8190091001011123,0.455005055611729,0.3640040444893832,0.1820020222446916,0.1820020222446916,0.1820020222446916,4.641051567239636,1.7290192113245704,0.0,1.0010111223458038,0.1820020222446916,0.8190091001011123,1.820020222446916,0.0910010111223458,0.8190091001011123,0.0,0.0,0.0,84.23,31.43,50.0,50.0,22.22,50.5,56.25,42.86,0.1164997638237491,0.0110562493962161,0.3640040444893832,1.6380182002022246,0.0365063560161779,0.6370070778564206,3.185035389282103,3.094034378159757,0.0514772790697674,14.924165824064712,DM/CM,50,38,38,29,41,53,29,9,37,56,35,35,15,15,38,53,25,44,35,37,75,18,29,47,51,51,41,15,82,47,43,50,74,10,65,6,40,40,41,44,38,34,18,38,59,38,41,24,53,59,29,3,50,68,29,44,9,9,56,74,25,41,35,29,82,18,15,47,51,51,41,15,82,47,43,50,74,10,82,3,41,59,56,44,44,26,6,32,Veikkausliiga
Jaro,7efqk7uh63928il0yffxijnv7,8agzalfqtrz6d0561fg3vggyd,G. Kocsis,Gergo Kocsis,32.0,Defender,Hungary,Defender,83.0,0.0,37.0,12.0,120.0,11.0,0.0,0.0,3.0,3.0,0.0,0.0,1.0,2.0,19.0,14.0,0.0,2.0,270.0,0.0,5.0,2.0,0.0,4.0,0.0,0.0,0.0,78.43,40.0,0.0,0.0,0.0,76.0,91.67,66.67,0.2832432291922914,0.0,0.0,1.0,0.01689528,1.0,8.0,9.0,0.16382213,60.0,27.666666666666668,0.0,12.333333333333334,4.0,40.0,3.6666666666666665,0.0,0.0,1.0,1.0,0.0,0.0,0.3333333333333333,0.6666666666666666,6.333333333333333,4.666666666666667,0.0,0.6666666666666666,0.0,1.6666666666666667,0.6666666666666666,0.0,1.3333333333333333,0.0,0.0,0.0,78.43,40.0,0.0,0.0,0.0,76.0,91.67,66.67,0.0944144097307638,0.0,0.0,0.3333333333333333,0.0056317599999999,0.3333333333333333,2.6666666666666665,3.0,0.0546073766666666,20.0,CB,8,29,4,14,7,18,34,7,21,27,20,12,21,34,4,8,31,3,11,10,9,13,18,42,50,51,16,33,29,13,11,100,100,58,20,7,21,7,4,28,10,4,4,7,44,29,20,89,36,98,34,7,82,98,20,12,51,67,96,42,31,20,11,76,51,13,93,42,50,51,16,33,29,13,11,100,100,58,71,7,21,22,18,51,31,24,9,27,Veikkausliiga
Jaro,7efqk7uh63928il0yffxijnv7,9whnr91qn3xy9qd01t8lv1ic4,Oliver Kass Kawo,Oliver Isak Ferial Kass Kawo,24.0,Midfielder,Syria,Midfielder,513.0,2.0,444.0,70.0,955.0,13.0,2.0,17.0,27.0,3.0,24.0,12.0,8.0,8.0,71.0,28.0,1.0,35.0,1694.0,7.0,8.0,10.0,4.0,25.0,0.0,0.0,0.0,87.94,61.95,10.53,50.0,25.93,50.35,38.24,56.82,1.8830356120461944,0.8851361438936111,17.0,40.0,0.8828885699999995,11.0,96.0,110.0,2.46974391,451.0,27.25501770956316,0.1062573789846517,23.58913813459268,3.71900826446281,50.73789846517119,0.6906729634002361,0.1062573789846517,0.9031877213695396,1.4344746162927982,0.1593860684769775,1.2750885478158205,0.6375442739079102,0.4250295159386068,0.4250295159386068,3.772136953955136,1.487603305785124,0.0531286894923258,1.859504132231405,0.371900826446281,0.4250295159386068,0.5312868949232585,0.2125147579693034,1.3282172373081464,0.0,0.0,0.0,87.94,61.95,10.53,50.0,25.93,50.35,38.24,56.82,0.100043214335394,0.0470261233473583,0.9031877213695396,2.125147579693034,0.0469067126918535,0.5844155844155844,5.100354191263282,5.844155844155844,0.1312142573199527,23.96103896103896,DM/CM,94,51,88,97,88,74,93,75,91,29,100,97,35,32,63,72,66,94,94,25,38,43,85,47,51,51,79,85,32,47,56,46,29,32,82,47,100,88,88,69,82,93,85,88,88,47,76,97,79,50,88,65,85,15,97,94,21,21,29,53,59,94,76,9,12,26,74,47,51,51,79,85,32,47,56,46,29,32,76,35,94,79,76,38,74,85,71,74,Veikkausliiga
Jaro,7efqk7uh63928il0yffxijnv7,bhrb4rhb2fhniowp3kh2uodwq,F. Østigård Ness,Fabian Østigård Ness,27.0,Defender,Norway,Defender,358.0,39.0,454.0,25.0,773.0,16.0,4.0,51.0,24.0,12.0,12.0,7.0,43.0,45.0,74.0,70.0,1.0,24.0,2119.0,5.0,53.0,7.0,18.0,24.0,0.0,0.0,0.0,80.1,28.09,26.53,41.86,20.83,42.77,40.0,70.59,1.614415878452597,4.76198455336912,12.0,51.0,1.4629130999999993,35.0,59.0,90.0,3.8857216100000014,378.0,15.205285512033978,1.656441717791411,19.28268050967437,1.0618216139688532,32.83152430391694,0.6795658329400661,0.1698914582350165,2.1661160924964604,1.019348749410099,0.5096743747050495,0.5096743747050495,0.2973100519112789,1.826333176026428,1.911278905143936,3.1429919773478057,2.9731005191127893,0.0424728645587541,1.019348749410099,0.2123643227937706,2.251061821613969,0.2973100519112789,0.7645115620575743,1.019348749410099,0.0,0.0,0.0,80.1,28.09,26.53,41.86,20.83,42.77,40.0,70.59,0.0685688669470192,0.2022551249661259,0.5096743747050495,2.1661160924964604,0.0621341099575271,1.4865502595563946,2.5058990089664936,3.822557810287872,0.1650377276545541,16.05474280320906,LB/LCB,74,95,84,53,79,66,89,100,100,95,89,84,89,89,63,89,87,100,97,100,32,82,84,45,53,53,63,16,47,26,58,5,21,63,100,89,92,95,95,89,63,68,79,84,47,74,63,16,47,26,84,89,74,84,79,68,79,79,16,53,79,47,84,89,16,63,37,45,53,53,63,16,47,26,58,5,21,63,74,84,74,84,84,84,21,26,58,53,Veikkausliiga
Jaro,7efqk7uh63928il0yffxijnv7,dcv2hunon4wgijgt4kljtqxg5,J. Brunell,Johan Brunell,35.0,Defender,Finland,Defender,350.0,0.0,226.0,38.0,576.0,17.0,0.0,0.0,1.0,1.0,0.0,0.0,0.0,0.0,33.0,57.0,0.0,13.0,996.0,0.0,2.0,5.0,0.0,6.0,0.0,0.0,0.0,86.88,46.91,0.0,0.0,0.0,60.0,62.96,54.55,0.1353545156182505,0.0,0.0,9.0,0.17600317,0.0,51.0,51.0,1.1759641700000012,403.0,31.626506024096383,0.0,20.42168674698795,3.433734939759036,52.04819277108434,1.536144578313253,0.0,0.0,0.0903614457831325,0.0903614457831325,0.0,0.0,0.0,0.0,2.9819277108433737,5.150602409638554,0.0,1.1746987951807228,0.0,0.180722891566265,0.4518072289156626,0.0,0.5421686746987951,0.0,0.0,0.0,86.88,46.91,0.0,0.0,0.0,60.0,62.96,54.55,0.0122308297245407,0.0,0.0,0.8132530120481928,0.0159039009036144,0.0,4.60843373493976,4.60843373493976,0.1062618225903615,36.415662650602414,CB,49,29,51,64,50,27,34,7,8,8,20,12,7,7,21,58,31,58,11,3,32,13,24,42,50,51,62,73,29,13,11,68,61,22,11,7,21,42,36,9,60,47,40,60,58,29,82,76,67,31,34,7,7,7,20,12,7,7,13,58,31,76,11,2,27,13,22,42,50,51,62,73,29,13,11,68,61,22,7,7,21,56,49,9,71,64,56,80,Veikkausliiga
Jaro,7efqk7uh63928il0yffxijnv7,dtdqh03syykiv1cjstn2lhkvd,J. Myrevik,Jim Myrevik,30.0,Defender,Finland,Defender,236.0,10.0,169.0,26.0,395.0,6.0,0.0,6.0,6.0,5.0,1.0,1.0,6.0,7.0,49.0,32.0,0.0,10.0,1092.0,3.0,7.0,14.0,4.0,17.0,0.0,0.0,0.0,82.29,41.94,47.62,66.67,50.0,52.69,31.58,68.0,0.3135362194193944,0.5730080134570784,1.0,21.0,0.55259485,13.0,26.0,39.0,1.5406725900000011,171.0,19.450549450549453,0.8241758241758242,13.928571428571429,2.142857142857143,32.55494505494506,0.4945054945054945,0.0,0.4945054945054945,0.4945054945054945,0.4120879120879121,0.0824175824175824,0.0824175824175824,0.4945054945054945,0.576923076923077,4.038461538461538,2.6373626373626373,0.0,0.8241758241758242,0.2472527472527472,0.576923076923077,1.153846153846154,0.3296703296703296,1.4010989010989012,0.0,0.0,0.0,82.29,41.94,47.62,66.67,50.0,52.69,31.58,68.0,0.0258408972048951,0.0472259351750339,0.0824175824175824,1.7307692307692308,0.0455435315934065,1.0714285714285714,2.142857142857143,3.2142857142857144,0.1269785101648352,14.093406593406591,RB/RCB,70,98,48,85,70,45,25,50,57,72,32,60,30,30,52,62,40,50,75,28,70,40,70,45,52,52,65,80,95,90,62,45,20,80,35,45,40,75,80,82,57,60,70,65,70,90,50,60,60,15,25,60,50,65,30,60,25,25,40,45,40,40,65,15,50,45,75,45,52,52,65,80,95,90,62,45,20,80,30,60,40,85,70,80,50,57,60,55,Veikkausliiga
Jaro,7efqk7uh63928il0yffxijnv7,npha09mhy3755go8t6lg3ey2,A. Bjonbäck,Aron Bjonbäck,24.0,Defender,Finland,Defender,191.0,5.0,170.0,14.0,356.0,9.0,0.0,13.0,7.0,5.0,2.0,5.0,26.0,29.0,47.0,37.0,1.0,9.0,1292.0,1.0,21.0,4.0,6.0,22.0,0.0,0.0,0.0,79.11,34.15,25.0,23.08,14.29,37.9,37.5,78.57,0.6524015517308133,1.0099267182257416,2.0,19.0,0.49686597,11.0,23.0,32.0,1.352011990000001,126.0,13.304953560371516,0.348297213622291,11.842105263157894,0.9752321981424148,24.79876160990712,0.6269349845201239,0.0,0.9055727554179568,0.4876160990712074,0.348297213622291,0.1393188854489164,0.348297213622291,1.811145510835913,2.020123839009288,3.273993808049536,2.5773993808049536,0.0696594427244582,0.6269349845201239,0.0696594427244582,1.4628482972136223,0.2786377708978328,0.4179566563467492,1.5325077399380804,0.0,0.0,0.0,79.11,34.15,25.0,23.08,14.29,37.9,37.5,78.57,0.0454459285261402,0.070350932384146,0.1393188854489164,1.3235294117647058,0.0346114065789473,0.7662538699690402,1.6021671826625383,2.2291021671826625,0.0941804017801858,8.777089783281733,RB/RCB,65,62,55,35,55,55,25,100,68,72,70,98,80,80,45,70,85,45,30,82,25,57,82,45,52,52,50,55,70,30,25,10,30,95,75,90,68,70,60,75,45,55,55,45,35,40,25,25,25,25,25,85,45,55,45,95,80,80,15,40,85,25,25,65,10,50,85,45,52,52,50,55,70,30,25,10,30,95,55,70,45,45,50,60,25,30,40,10,Veikkausliiga
Jaro,7efqk7uh63928il0yffxijnv7,nzn28sstmz9x65xhwsrhgwlw,J. Vikström,Joas Vikström,18.0,Attacker,Finland,Midfielder,28.0,0.0,57.0,2.0,85.0,2.0,1.0,3.0,4.0,4.0,0.0,2.0,9.0,10.0,15.0,1.0,0.0,3.0,434.0,0.0,19.0,7.0,4.0,2.0,0.0,0.0,0.0,81.73,40.0,0.0,44.44,0.0,28.3,14.29,100.0,0.3727238877195382,0.2992557472987145,0.0,5.0,0.15554142,1.0,2.0,1.0,0.2427398599999999,19.0,5.806451612903226,0.0,11.820276497695852,0.4147465437788019,17.62672811059908,0.4147465437788019,0.2073732718894009,0.6221198156682028,0.8294930875576038,0.8294930875576038,0.0,0.4147465437788019,1.8663594470046083,2.0737327188940093,3.110599078341014,0.2073732718894009,0.0,0.6221198156682028,0.0,3.940092165898618,1.4516129032258065,0.8294930875576038,0.4147465437788019,0.0,0.0,0.0,81.73,40.0,0.0,44.44,0.0,28.3,14.29,100.0,0.0772929721077383,0.0620576434490421,0.0,1.036866359447005,0.0322551331797235,0.2073732718894009,0.4147465437788019,0.2073732718894009,0.050337758986175,3.940092165898618,ST,38,25,30,34,32,14,50,20,5,6,4,22,31,31,15,4,12,61,4,14,39,41,19,51,50,51,90,38,25,72,4,10,10,96,5,28,5,30,25,19,9,2,32,26,80,25,70,52,75,22,80,15,2,10,4,25,57,57,25,10,12,85,4,30,57,72,30,51,50,51,90,38,25,72,4,10,10,96,5,35,5,42,35,22,15,2,40,35,Veikkausliiga
HJK,303582z192rnbr2x28o2t7u38,18p445rm69t2xc13vggv5oueh,V. Tikkanen,Ville Tikkanen,27.0,Defender,Finland,Defender,864.0,0.0,618.0,75.0,1482.0,23.0,0.0,4.0,6.0,6.0,0.0,2.0,2.0,2.0,54.0,83.0,2.0,15.0,1722.0,2.0,14.0,14.0,2.0,8.0,0.0,0.0,0.0,92.62,54.35,0.0,100.0,33.33,61.36,63.89,53.33,0.5403838288188814,0.2803677971465663,0.0,41.0,0.8060925599999997,8.0,112.0,102.0,2.1377665399999994,945.0,45.15679442508711,0.0,32.29965156794425,3.9198606271777,77.45644599303137,1.202090592334495,0.0,0.2090592334494773,0.313588850174216,0.313588850174216,0.0,0.1045296167247386,0.1045296167247386,0.1045296167247386,2.822299651567944,4.337979094076655,0.1045296167247386,0.7839721254355401,0.1045296167247386,0.7317073170731707,0.7317073170731707,0.1045296167247386,0.4181184668989547,0.0,0.0,0.0,92.62,54.35,0.0,100.0,33.33,61.36,63.89,53.33,0.0282430572553422,0.0146533691888449,0.0,2.142857142857143,0.0421302731707316,0.4181184668989547,5.853658536585366,5.331010452961673,0.1117299585365853,49.39024390243903,CB,98,29,100,89,100,51,34,61,48,58,20,61,36,34,51,76,96,64,56,56,81,50,39,42,50,51,100,96,29,97,71,73,67,18,33,58,21,96,93,77,100,91,89,100,96,29,100,87,100,18,34,44,33,38,20,40,20,20,7,33,87,29,44,33,67,40,16,42,50,51,100,96,29,97,71,73,67,18,24,44,21,93,87,62,98,80,64,98,Veikkausliiga
HJK,303582z192rnbr2x28o2t7u38,1se7wkenvs4elrapvdw9mdnje,L. Montano,Leonel Montano,26.0,Defender,Denmark,Defender,310.0,15.0,380.0,35.0,675.0,21.0,2.0,22.0,14.0,13.0,1.0,4.0,13.0,15.0,67.0,37.0,0.0,17.0,1794.0,2.0,46.0,14.0,5.0,18.0,1.0,0.0,0.0,78.4,31.25,36.59,38.46,14.29,56.78,75.0,66.67,1.2583889238290835,2.214620536787341,1.0,22.0,0.64843349,14.0,60.0,73.0,3.26742383,319.0,15.551839464882942,0.7525083612040133,19.06354515050167,1.7558528428093645,33.8628762541806,1.0535117056856187,0.1003344481605351,1.1036789297658862,0.7023411371237458,0.6521739130434783,0.0501672240802675,0.2006688963210702,0.6521739130434783,0.7525083612040133,3.361204013377926,1.8561872909698995,0.0,0.8528428093645485,0.1003344481605351,2.3076923076923075,0.7023411371237458,0.2508361204013378,0.903010033444816,0.0501672240802675,0.0,0.0,78.4,31.25,36.59,38.46,14.29,56.78,75.0,66.67,0.0631298791218603,0.1111013647217729,0.0501672240802675,1.1036789297658862,0.0325301081939799,0.7023411371237458,3.0100334448160533,3.662207357859532,0.163917583444816,16.00334448160535,LB/LCB,68,79,68,63,74,76,68,79,74,100,34,71,47,47,53,53,39,61,58,92,74,34,61,92,53,53,37,21,74,11,37,42,95,50,84,79,29,68,74,63,68,58,74,63,53,68,58,32,53,53,63,68,58,95,21,53,37,37,32,26,39,26,37,95,47,21,32,89,53,53,37,21,74,11,37,42,95,50,68,63,21,42,47,37,26,16,53,47,Veikkausliiga
HJK,303582z192rnbr2x28o2t7u38,4aoegh7yokqb5ix45ruvqjalm,J. Kallinen,Jere Kallinen,24.0,Midfielder,Finland,Midfielder,163.0,4.0,197.0,7.0,356.0,4.0,1.0,9.0,6.0,4.0,2.0,1.0,8.0,8.0,53.0,10.0,0.0,8.0,948.0,2.0,21.0,19.0,4.0,17.0,0.0,0.0,0.0,91.05,53.85,80.0,50.0,33.33,57.61,40.0,65.38,0.4543968477163381,0.7330109203714847,2.0,23.0,0.7779491799999998,7.0,28.0,30.0,0.9174801500000004,129.0,15.474683544303796,0.379746835443038,18.70253164556962,0.6645569620253164,33.79746835443038,0.379746835443038,0.0949367088607595,0.8544303797468354,0.569620253164557,0.379746835443038,0.189873417721519,0.0949367088607595,0.759493670886076,0.759493670886076,5.031645569620253,0.949367088607595,0.0,0.759493670886076,0.189873417721519,1.993670886075949,1.8037974683544304,0.379746835443038,1.6139240506329111,0.0,0.0,0.0,91.05,53.85,80.0,50.0,33.33,57.61,40.0,65.38,0.0431389412388928,0.069589644339065,0.189873417721519,2.1835443037974684,0.0738559348101265,0.6645569620253164,2.6582278481012658,2.848101265822785,0.0871025458860759,12.246835443037977,DM/CM,35,72,35,19,35,25,72,43,24,44,21,22,35,32,44,28,25,28,35,71,71,43,46,47,51,51,100,68,94,47,78,82,41,53,24,41,25,54,85,44,24,26,29,24,38,82,53,12,41,21,85,59,12,53,12,21,44,41,65,18,25,18,41,79,79,56,82,47,51,51,100,68,94,47,78,82,41,53,9,68,18,85,100,56,24,21,35,12,Veikkausliiga
HJK,303582z192rnbr2x28o2t7u38,5j2hy92q8f17nppznxrp8kxxx,A. Ring,Alexander Ring,35.0,Midfielder,Finland,Midfielder,292.0,5.0,414.0,37.0,701.0,12.0,1.0,15.0,35.0,16.0,19.0,16.0,10.0,10.0,59.0,19.0,3.0,17.0,1203.0,7.0,30.0,17.0,4.0,15.0,0.0,0.0,0.0,85.49,52.86,31.25,40.0,20.0,49.17,44.44,57.69,2.520789854903988,1.2311554120585035,15.0,30.0,0.7162671299999999,10.0,89.0,76.0,2.5035766500000007,348.0,21.845386533665835,0.3740648379052368,30.972568578553616,2.768079800498753,52.44389027431421,0.8977556109725685,0.0748129675810473,1.1221945137157108,2.6184538653366585,1.1970074812967582,1.4214463840399,1.1970074812967582,0.7481296758104737,0.7481296758104737,4.413965087281795,1.4214463840399,0.2244389027431421,1.2718204488778055,0.5236907730673317,2.244389027431421,1.2718204488778055,0.2992518703241895,1.1221945137157108,0.0,0.0,0.0,85.49,52.86,31.25,40.0,20.0,49.17,44.44,57.69,0.1885877696935652,0.0921063899295638,1.1221945137157108,2.244389027431421,0.0535860695760598,0.7481296758104737,6.658354114713217,5.6857855361596,0.1872999987531172,26.034912718204488,DM/CM,62,79,85,65,74,69,72,66,100,97,97,100,43,41,51,53,100,60,94,91,57,43,41,47,51,51,50,65,65,25,35,29,50,38,94,76,97,82,79,62,76,71,88,69,62,79,94,74,85,65,76,79,100,97,100,100,41,38,50,47,94,65,97,85,65,38,47,47,51,51,50,65,65,25,35,29,50,38,97,85,100,88,85,65,94,79,91,82,Veikkausliiga
HJK,303582z192rnbr2x28o2t7u38,6w5dcnb562uioxwkwui8u1mhg,M. Kirilov,Martin Kirilov,19.0,Midfielder,Finland,Midfielder,59.0,0.0,156.0,9.0,215.0,21.0,3.0,12.0,18.0,12.0,6.0,7.0,15.0,15.0,61.0,8.0,1.0,3.0,803.0,4.0,43.0,30.0,3.0,5.0,0.0,0.0,0.0,78.75,47.37,0.0,20.0,22.22,48.8,61.76,50.0,1.731426411887165,1.195852577720935,5.0,24.0,0.6590914199999999,6.0,15.0,31.0,1.6652342100000002,82.0,6.612702366127024,0.0,17.484433374844333,1.0087173100871731,24.09713574097136,2.3536737235367373,0.336239103362391,1.3449564134495642,2.0174346201743463,1.3449564134495642,0.6724782067247821,0.7845579078455791,1.6811955168119552,1.6811955168119552,6.8368617683686175,0.896637608966376,0.112079701120797,0.336239103362391,0.448318804483188,4.819427148194271,3.3623910336239105,0.336239103362391,0.5603985056039851,0.0,0.0,0.0,78.75,47.37,0.0,20.0,22.22,48.8,61.76,50.0,0.1940577547569674,0.134030799495497,0.5603985056039851,2.6899128268991284,0.0738707693648816,0.6724782067247821,1.6811955168119552,3.474470734744707,0.1866389525529265,9.190535491905354,CM/AM,30,12,38,47,32,97,86,49,68,72,65,81,61,61,78,47,49,30,54,81,89,28,31,51,46,50,35,35,12,16,19,68,92,34,68,62,68,65,65,30,32,46,70,30,19,12,46,35,35,100,97,49,86,81,70,92,59,59,97,51,51,22,57,95,97,27,22,51,46,50,35,35,12,16,19,68,92,34,89,54,62,73,68,27,24,49,73,19,Veikkausliiga
HJK,303582z192rnbr2x28o2t7u38,6zp2un1mqgnx97pvme3lbovtg,M. Bogićević,Mihailo Bogicevic,28.0,Defender,Serbia,Defender,381.0,0.0,213.0,20.0,594.0,25.0,0.0,1.0,4.0,4.0,0.0,1.0,0.0,0.0,33.0,54.0,1.0,10.0,773.0,1.0,5.0,6.0,0.0,1.0,1.0,0.0,0.0,90.96,43.48,0.0,0.0,25.0,62.26,71.43,33.33,0.5505341966331978,0.0595757928050377,0.0,6.0,0.12715012,1.0,49.0,57.0,1.0787547300000004,460.0,44.35963777490298,0.0,24.79948253557568,2.3285899094437257,69.15912031047866,2.9107373868046573,0.0,0.1164294954721863,0.4657179818887452,0.4657179818887452,0.0,0.1164294954721863,0.0,0.0,3.842173350582148,6.28719275549806,0.1164294954721863,1.1642949547218628,0.1164294954721863,0.5821474773609314,0.6985769728331177,0.0,0.1164294954721863,0.1164294954721863,0.0,0.0,90.96,43.48,0.0,0.0,25.0,62.26,71.43,33.33,0.0640984187541886,0.006936379498646,0.0,0.6985769728331177,0.0148040243208279,0.1164294954721863,5.705045278137129,6.636481241914619,0.1255988689521346,53.557567917205695,CB,57,29,47,33,56,58,34,21,29,37,20,37,7,7,21,50,77,41,30,10,42,13,2,92,50,51,89,60,29,13,53,82,93,2,36,16,21,31,31,28,56,61,33,73,91,29,96,36,98,87,34,24,42,47,20,51,7,7,38,89,91,73,49,20,58,13,2,98,50,51,89,60,29,13,53,82,93,2,49,22,21,42,42,29,96,98,87,100,Veikkausliiga
HJK,303582z192rnbr2x28o2t7u38,6zw6j1zpm7vs8zkx5z6enqpgq,M. Borchers,Mads Borchers,24.0,Attacker,Denmark,Striker,61.0,6.0,149.0,4.0,204.0,37.0,2.0,14.0,48.0,41.0,7.0,8.0,17.0,17.0,90.0,26.0,10.0,3.0,1298.0,21.0,89.0,25.0,9.0,11.0,0.0,0.0,0.0,64.97,20.0,28.57,52.94,43.75,51.43,44.05,57.89,5.10905120046224,1.49054193143764,11.0,13.0,0.4989080900000001,7.0,8.0,26.0,1.7356265300000004,86.0,4.229583975346687,0.4160246533127889,10.331278890600924,0.2773497688751926,14.144838212634822,2.565485362095532,0.1386748844375963,0.970724191063174,3.328197226502311,2.842835130970724,0.485362095531587,0.5546995377503852,1.1787365177195686,1.1787365177195686,6.240369799691833,1.802773497688752,0.6933744221879815,0.2080123266563944,1.4560862865947612,6.171032357473036,1.7334360554699535,0.6240369799691834,0.7627118644067796,0.0,0.0,0.0,64.97,20.0,28.57,52.94,43.75,51.43,44.05,57.89,0.3542485424049318,0.1033503650457531,0.7627118644067796,0.901386748844376,0.0345930108628659,0.485362095531587,0.5546995377503852,1.802773497688752,0.1203439042372881,5.963020030816641,ST,65,84,78,60,75,89,76,65,86,85,66,78,57,51,95,95,94,61,90,88,89,78,86,51,50,51,15,8,84,94,66,92,65,38,85,80,86,52,60,71,59,82,90,82,45,78,57,28,50,78,68,42,80,85,40,48,35,28,80,98,100,50,88,72,72,60,62,51,50,51,15,8,84,94,66,92,65,38,78,68,65,28,42,52,20,78,88,75,Veikkausliiga
HJK,303582z192rnbr2x28o2t7u38,7hxyx431t8h01hahqtqqx8zxl,T. Cissokho,Till Cissokho,26.0,Defender,France,Defender,436.0,0.0,285.0,33.0,721.0,31.0,0.0,1.0,6.0,5.0,1.0,1.0,8.0,8.0,47.0,74.0,0.0,8.0,1076.0,1.0,11.0,4.0,3.0,6.0,0.0,0.0,0.0,89.01,41.77,0.0,37.5,16.67,65.28,77.5,66.67,0.7350072910312143,0.1557446248914717,1.0,20.0,0.42163665,5.0,59.0,64.0,1.380299989999999,500.0,36.468401486988846,0.0,23.83828996282528,2.7602230483271377,60.30669144981413,2.592936802973977,0.0,0.0836431226765799,0.5018587360594795,0.4182156133828996,0.0836431226765799,0.0836431226765799,0.6691449814126395,0.6691449814126395,3.931226765799257,6.189591078066915,0.0,0.6691449814126395,0.0836431226765799,0.9200743494423792,0.3345724907063197,0.2509293680297397,0.5018587360594795,0.0,0.0,0.0,89.01,41.77,0.0,37.5,16.67,65.28,77.5,66.67,0.0614783050119045,0.0130269667660152,0.0836431226765799,1.6728624535315986,0.0352670060408921,0.4182156133828996,4.934944237918216,5.353159851301116,0.1154526013940519,41.82156133828996,CB,67,29,71,53,73,78,34,21,48,49,54,37,66,66,44,68,31,32,30,42,23,62,24,42,50,51,78,42,29,33,36,87,98,58,56,42,52,81,80,59,70,68,53,78,76,29,89,47,80,69,34,18,44,44,60,31,69,69,44,84,31,22,31,38,18,60,20,42,50,51,78,42,29,33,36,87,98,58,44,38,53,82,82,64,84,82,71,89,Veikkausliiga
HJK,303582z192rnbr2x28o2t7u38,7jv2mo9fes84761ebn6437axg,D. Ezeh,David Ezeh,20.0,Attacker,Finland,Striker,15.0,3.0,51.0,2.0,63.0,2.0,2.0,9.0,8.0,8.0,0.0,3.0,15.0,18.0,28.0,4.0,1.0,1.0,393.0,3.0,32.0,6.0,9.0,6.0,0.0,0.0,0.0,72.41,40.0,50.0,60.0,37.5,43.75,33.33,54.55,0.799013542766834,0.8974777232295408,1.0,17.0,0.5732065999999999,3.0,10.0,12.0,1.01695583,29.0,3.435114503816794,0.6870229007633588,11.6793893129771,0.4580152671755725,14.427480916030536,0.4580152671755725,0.4580152671755725,2.0610687022900764,1.8320610687022905,1.8320610687022905,0.0,0.6870229007633588,3.435114503816794,4.122137404580153,6.412213740458016,0.9160305343511452,0.2290076335877862,0.2290076335877862,0.6870229007633588,7.328244274809161,1.3740458015267176,2.0610687022900764,1.3740458015267176,0.0,0.0,0.0,72.41,40.0,50.0,60.0,37.5,43.75,33.33,54.55,0.1829802006336261,0.2055292495945513,0.2290076335877862,3.893129770992367,0.1312686870229007,0.6870229007633588,2.290076335877863,2.748091603053436,0.232890648091603,6.641221374045802,RW,11,44,22,17,11,22,83,44,39,50,22,50,44,56,33,39,33,17,44,44,33,56,44,44,56,56,22,33,94,89,67,56,44,56,44,44,28,33,44,11,44,39,44,17,11,100,22,22,22,33,100,89,89,100,22,78,67,89,100,56,78,22,78,100,67,100,89,44,56,56,22,33,94,89,67,56,44,56,89,100,33,89,89,33,67,67,100,33,Veikkausliiga
HJK,303582z192rnbr2x28o2t7u38,7mn880d3dieg0qb49tlzx1mfp,L. Lingman,Lucas Lingman,28.0,Midfielder,Finland,Midfielder,470.0,21.0,583.0,61.0,1032.0,1.0,2.0,30.0,14.0,5.0,9.0,8.0,10.0,12.0,58.0,20.0,0.0,29.0,1541.0,2.0,25.0,20.0,4.0,20.0,0.0,0.0,0.0,87.09,55.96,26.25,40.0,14.29,59.79,20.0,60.61,0.991715299160808,3.058680765859188,6.0,52.0,1.1456561599999993,21.0,103.0,130.0,3.261232179999999,506.0,27.449707981829977,1.226476314081765,34.04931862426995,3.562621674237508,60.27255029201817,0.0584036340038935,0.1168072680077871,1.752109020116807,0.81765087605451,0.2920181700194678,0.5256327060350421,0.4672290720311485,0.5840363400389357,0.7008436080467229,3.387410772225828,1.1680726800778714,0.0,1.6937053861129137,0.1168072680077871,1.4600908500973393,1.1680726800778714,0.2336145360155742,1.1680726800778714,0.0,0.0,0.0,87.09,55.96,26.25,40.0,14.29,59.79,20.0,60.61,0.0579197773682496,0.1786380719839889,0.3504218040233614,3.0369889682024658,0.066910483062946,1.226476314081765,6.0155743024010375,7.592472420506164,0.1904678106424399,29.55223880597015,DM/CM,88,100,100,91,97,10,93,100,62,56,69,82,43,49,47,62,25,87,35,81,75,43,68,47,51,51,71,71,50,25,24,91,12,46,50,100,62,100,100,97,91,97,100,94,91,97,100,94,100,6,91,100,47,32,53,82,26,32,15,24,25,88,21,59,56,29,53,47,51,51,71,71,50,25,24,91,12,46,41,97,35,100,97,91,88,97,94,94,Veikkausliiga
HJK,303582z192rnbr2x28o2t7u38,7pcn6i4j0hfmtfet2isnsieax,L. Lappalainen,Lassi Lappalainen,28.0,Attacker,Finland,Striker,28.0,1.0,61.0,4.0,88.0,2.0,1.0,4.0,7.0,7.0,0.0,3.0,8.0,8.0,17.0,4.0,3.0,1.0,344.0,3.0,25.0,3.0,5.0,5.0,0.0,0.0,0.0,79.28,66.67,10.0,62.5,42.86,44.74,40.0,71.43,0.7202652199456488,0.4468385618259771,0.0,14.0,0.42744064,4.0,2.0,9.0,0.6580350600000001,30.0,7.325581395348837,0.2616279069767441,15.959302325581394,1.0465116279069766,23.023255813953487,0.5232558139534883,0.2616279069767441,1.0465116279069766,1.8313953488372088,1.8313953488372088,0.0,0.7848837209302325,2.093023255813953,2.093023255813953,4.447674418604651,1.0465116279069766,0.7848837209302325,0.2616279069767441,0.7848837209302325,6.540697674418604,0.7848837209302325,1.3081395348837208,1.3081395348837208,0.0,0.0,0.0,79.28,66.67,10.0,62.5,42.86,44.74,40.0,71.43,0.1884414819625244,0.1169054376870288,0.0,3.6627906976744176,0.1118304,1.0465116279069766,0.5232558139534883,2.3546511627906974,0.1721603354651163,7.848837209302325,RW,33,11,33,44,33,22,50,17,22,22,22,50,22,22,22,39,89,17,44,33,22,28,33,44,56,56,56,94,11,100,89,67,67,67,22,22,11,22,22,28,11,17,22,33,67,11,56,67,56,44,89,22,78,89,22,89,33,33,56,78,100,33,89,78,33,56,78,44,56,56,56,94,11,100,89,67,67,67,100,44,11,78,67,78,11,33,67,44,Veikkausliiga
HJK,303582z192rnbr2x28o2t7u38,8jb026oewf17pg61vdstcgj4l,T. Pukki,Teemu Pukki,36.0,Attacker,Finland,Striker,55.0,1.0,98.0,6.0,152.0,6.0,5.0,18.0,48.0,42.0,6.0,18.0,23.0,26.0,32.0,2.0,5.0,2.0,1178.0,19.0,111.0,7.0,7.0,6.0,0.0,0.0,0.0,70.05,46.15,33.33,30.43,39.58,27.35,22.22,50.0,4.776225293736666,1.8475242801303489,10.0,16.0,0.6505918999999999,5.0,14.0,22.0,1.7879612100000002,65.0,4.202037351443124,0.0764006791171477,7.487266553480476,0.4584040747028862,11.612903225806452,0.4584040747028862,0.3820033955857385,1.3752122241086588,3.66723259762309,3.208828522920204,0.4584040747028862,1.3752122241086588,1.757215619694397,1.9864176570458405,2.444821731748726,0.1528013582342954,0.3820033955857385,0.1528013582342954,1.4516129032258065,8.480475382003396,0.534804753820034,0.534804753820034,0.4584040747028862,0.0,0.0,0.0,70.05,46.15,33.33,30.43,39.58,27.35,22.22,50.0,0.3649068560579796,0.1411521096873781,0.7640067911714771,1.222410865874363,0.0497056629881154,0.3820033955857385,1.069609507640068,1.6808149405772497,0.1366014506791171,4.966044142614601,ST,57,57,57,71,57,40,98,82,86,88,57,96,86,88,40,14,81,51,86,96,39,61,55,51,50,51,40,46,88,40,50,5,24,16,82,90,78,66,78,56,71,78,92,70,42,55,35,60,35,25,92,72,85,90,32,98,52,55,12,5,68,40,82,98,20,55,42,51,50,51,40,46,88,40,50,5,24,16,80,82,68,57,70,42,50,70,92,55,Veikkausliiga
HJK,303582z192rnbr2x28o2t7u38,9fpgvc2avj64hiii3wd6w74k,K. Simojoki,Kaius Simojoki,20.0,Defender,Finland,Defender,155.0,6.0,175.0,8.0,324.0,1.0,0.0,5.0,4.0,4.0,0.0,1.0,10.0,10.0,20.0,22.0,1.0,2.0,639.0,2.0,12.0,5.0,5.0,6.0,0.0,0.0,0.0,85.71,32.0,50.0,50.0,50.0,48.78,16.67,66.67,0.442659310450499,0.581894758213434,0.0,17.0,0.49658093,5.0,30.0,32.0,1.5293842800000006,157.0,21.83098591549296,0.8450704225352114,24.647887323943664,1.1267605633802815,45.63380281690141,0.1408450704225352,0.0,0.7042253521126761,0.5633802816901409,0.5633802816901409,0.0,0.1408450704225352,1.4084507042253522,1.4084507042253522,2.8169014084507045,3.098591549295775,0.1408450704225352,0.2816901408450704,0.2816901408450704,1.6901408450704227,0.7042253521126761,0.7042253521126761,0.8450704225352114,0.0,0.0,0.0,85.71,32.0,50.0,50.0,50.0,48.78,16.67,66.67,0.0623463817535914,0.0819570081990752,0.0,2.3943661971830985,0.069940976056338,0.7042253521126761,4.225352112676057,4.507042253521127,0.2154062366197184,22.112676056338028,CB,21,91,38,8,22,2,34,70,29,37,20,37,73,73,7,18,77,3,56,47,32,70,24,42,50,51,56,9,91,59,92,16,2,58,29,84,21,76,82,59,37,29,60,20,27,96,93,9,56,2,34,89,47,53,20,58,91,89,4,20,93,2,80,78,60,89,58,42,50,51,56,9,91,59,92,16,2,58,47,91,21,96,98,78,64,60,100,36,Veikkausliiga
HJK,303582z192rnbr2x28o2t7u38,a0andlmoe41kqbc3i99xpgzro,E. Leveälahti,Emil Leveälahti,20.0,Defender,Finland,Defender,109.0,0.0,50.0,4.0,159.0,9.0,0.0,0.0,1.0,1.0,0.0,1.0,2.0,2.0,15.0,20.0,0.0,6.0,290.0,0.0,2.0,3.0,1.0,2.0,0.0,0.0,0.0,92.44,44.44,0.0,50.0,0.0,57.69,64.29,100.0,0.1162907658639982,0.0,0.0,1.0,0.01935132,0.0,7.0,13.0,0.26233103,109.0,33.82758620689655,0.0,15.517241379310343,1.2413793103448276,49.3448275862069,2.793103448275862,0.0,0.0,0.3103448275862069,0.3103448275862069,0.0,0.3103448275862069,0.6206896551724138,0.6206896551724138,4.655172413793103,6.206896551724138,0.0,1.862068965517241,0.0,0.6206896551724138,0.9310344827586208,0.3103448275862069,0.6206896551724138,0.0,0.0,0.0,92.44,44.44,0.0,50.0,0.0,57.69,64.29,100.0,0.0360902376819304,0.0,0.0,0.3103448275862069,0.0060055820689655,0.0,2.1724137931034484,4.0344827586206895,0.081413078275862,33.82758620689655,CB,16,29,7,4,9,16,34,7,8,8,20,37,36,34,2,13,31,19,11,3,16,33,4,42,50,51,98,64,29,59,11,50,69,99,7,7,21,7,8,9,6,10,7,16,64,29,47,16,60,80,34,7,29,36,20,80,64,62,64,87,31,98,11,24,78,67,33,42,50,51,98,64,29,59,11,50,69,99,33,7,21,20,20,9,22,51,24,73,Veikkausliiga
HJK,303582z192rnbr2x28o2t7u38,a3jetivxcnpp4z36nhboz5ysq,S. Haarala,Santeri Haarala,26.0,Attacker,Finland,Striker,65.0,0.0,100.0,9.0,165.0,0.0,0.0,9.0,15.0,12.0,3.0,4.0,10.0,11.0,14.0,3.0,3.0,2.0,557.0,7.0,34.0,3.0,3.0,7.0,0.0,0.0,0.0,81.68,60.0,0.0,30.0,46.67,32.56,0.0,87.5,1.8890954022576527,0.8150698101677707,2.0,11.0,0.44069098,3.0,12.0,13.0,0.57283958,51.0,10.502692998204669,0.0,16.15798922800718,1.4542190305206462,26.660682226211847,0.0,0.0,1.4542190305206462,2.423698384201077,1.9389587073608616,0.4847396768402154,0.6463195691202872,1.615798922800718,1.77737881508079,2.2621184919210053,0.4847396768402154,0.4847396768402154,0.3231597845601436,1.131059245960503,5.493716337522441,0.4847396768402154,0.4847396768402154,1.131059245960503,0.0,0.0,0.0,81.68,60.0,0.0,30.0,46.67,32.56,0.0,87.5,0.3052398316035704,0.1316988921276469,0.3231597845601436,1.77737881508079,0.0712068010771992,0.4847396768402154,1.9389587073608616,2.1005385996409336,0.0925593576301615,8.240574506283663,ST,72,25,60,81,60,2,18,48,36,36,31,41,39,41,11,26,66,51,40,44,12,35,62,51,50,51,88,84,25,35,88,25,2,90,45,57,16,45,55,39,68,56,55,57,98,25,90,100,98,2,18,75,45,52,38,70,45,48,8,28,85,68,62,68,18,50,80,51,50,51,88,84,25,35,88,25,2,90,65,80,15,75,80,50,95,88,78,92,Veikkausliiga
HJK,303582z192rnbr2x28o2t7u38,bas4d4drvf8kefls9tszu0oic,P. Mentu,Pyry Mentu,19.0,Midfielder,Finland,Midfielder,282.0,15.0,523.0,36.0,790.0,9.0,3.0,24.0,10.0,5.0,5.0,4.0,23.0,23.0,68.0,9.0,0.0,5.0,1233.0,4.0,27.0,26.0,13.0,10.0,0.0,0.0,0.0,87.29,54.55,38.46,56.52,40.0,57.14,64.29,50.0,0.858935980477748,2.1958419796583297,3.0,73.0,2.138391219999999,27.0,102.0,129.0,3.55349269,390.0,20.583941605839417,1.094890510948905,38.17518248175183,2.6277372262773726,57.66423357664234,0.6569343065693432,0.218978102189781,1.7518248175182485,0.7299270072992701,0.364963503649635,0.364963503649635,0.291970802919708,1.6788321167883211,1.6788321167883211,4.963503649635037,0.6569343065693432,0.0,0.364963503649635,0.291970802919708,1.9708029197080288,1.8978102189781023,0.9489051094890512,0.7299270072992701,0.0,0.0,0.0,87.29,54.55,38.46,56.52,40.0,57.14,64.29,50.0,0.0626960569691787,0.1602804364714109,0.218978102189781,5.328467153284672,0.1560869503649634,1.9708029197080288,7.445255474452555,9.416058394160585,0.2593790284671533,28.467153284671536,CM/AM,89,78,95,86,95,72,86,84,43,35,57,50,81,81,81,54,15,53,54,61,86,82,57,51,46,50,81,61,81,84,76,89,95,34,41,78,46,95,97,93,95,95,86,89,92,76,97,95,95,54,86,70,16,24,30,27,57,57,73,24,15,27,27,32,81,76,43,51,46,50,81,61,81,84,76,89,95,34,22,78,24,97,100,95,97,97,92,95,Veikkausliiga
HJK,303582z192rnbr2x28o2t7u38,bl6vj48jfq2s09w7sezntwgt0,L. Möller,Liam Möller,21.0,Midfielder,Finland,Midfielder,122.0,5.0,289.0,16.0,406.0,3.0,2.0,24.0,26.0,14.0,12.0,8.0,31.0,33.0,61.0,5.0,2.0,16.0,1299.0,6.0,61.0,20.0,15.0,12.0,0.0,0.0,0.0,81.04,48.48,33.33,48.39,23.08,44.2,25.0,52.17,2.352952600016569,2.2177050451843865,14.0,71.0,2.6033807800000006,20.0,21.0,41.0,1.33413971,142.0,8.452655889145497,0.3464203233256351,20.023094688221708,1.1085450346420322,28.12933025404157,0.207852193995381,0.138568129330254,1.6628175519630484,1.8013856812933025,0.9699769053117784,0.8314087759815242,0.5542725173210161,2.147806004618938,2.286374133949192,4.226327944572748,0.3464203233256351,0.138568129330254,1.1085450346420322,0.4157043879907621,4.226327944572748,1.3856812933025404,1.039260969976905,0.8314087759815242,0.0,0.0,0.0,81.04,48.48,33.33,48.39,23.08,44.2,25.0,52.17,0.1630221200935267,0.1536516197587334,0.9699769053117784,4.919168591224018,0.1803728023094688,1.3856812933025404,1.4549653579676671,2.840646651270208,0.0924346219399538,9.838337182448036,RM/RCM,83,67,83,75,83,50,83,100,83,83,92,67,83,83,83,33,75,100,83,100,67,83,67,58,58,58,67,67,83,100,67,50,50,17,83,83,100,100,100,83,50,67,83,83,50,33,100,33,67,33,67,100,100,83,100,83,67,67,67,17,67,50,83,100,67,83,33,58,58,58,67,67,83,100,67,50,50,17,100,100,100,100,100,83,17,50,50,67,Veikkausliiga
HJK,303582z192rnbr2x28o2t7u38,dha1vsr7zyz3flnuu92qtol5g,M. Guèye,Mouhamed Guèye,22.0,Midfielder,Senegal,Midfielder,75.0,1.0,65.0,7.0,139.0,7.0,0.0,1.0,8.0,5.0,3.0,3.0,2.0,2.0,19.0,4.0,1.0,6.0,277.0,3.0,7.0,4.0,1.0,5.0,0.0,0.0,0.0,87.97,58.33,100.0,50.0,37.5,52.78,63.64,71.43,0.8385475910118947,0.1408130556154066,2.0,2.0,0.03686598,1.0,8.0,6.0,0.1900217899999999,55.0,24.36823104693141,0.3249097472924188,21.11913357400722,2.274368231046932,45.162454873646205,2.274368231046932,0.0,0.3249097472924188,2.5992779783393503,1.624548736462094,0.9747292418772564,0.9747292418772564,0.6498194945848376,0.6498194945848376,6.1732851985559565,1.2996389891696751,0.3249097472924188,1.9494584837545128,0.9747292418772564,2.274368231046932,1.2996389891696751,0.3249097472924188,1.624548736462094,0.0,0.0,0.0,87.97,58.33,100.0,50.0,37.5,52.78,63.64,71.43,0.2724522858883412,0.045751534315475,0.6498194945848376,0.6498194945848376,0.0119781162454873,0.3249097472924188,2.5992779783393503,1.9494584837545128,0.061739931768953,17.87003610108303,DM/CM,12,38,9,19,12,40,29,3,28,56,29,51,15,15,15,7,66,18,53,15,10,18,15,47,51,51,82,79,99,47,85,65,88,76,44,9,25,4,3,7,12,6,6,12,76,76,65,62,65,97,29,9,97,100,88,97,32,26,88,38,100,100,100,88,68,41,85,47,51,51,82,79,99,47,85,65,88,76,100,29,88,12,6,15,21,6,12,44,Veikkausliiga
HJK,303582z192rnbr2x28o2t7u38,eaa9sktij53071abummj4pkwk,A. Cicale,Alfie Cicale,24.0,Attacker,England,Striker,114.0,23.0,305.0,10.0,396.0,7.0,2.0,29.0,21.0,16.0,5.0,6.0,43.0,49.0,62.0,16.0,2.0,7.0,1207.0,8.0,57.0,24.0,18.0,6.0,0.0,0.0,0.0,83.37,45.45,41.82,41.86,38.1,40.0,24.14,46.15,1.883015285888376,2.441869143135698,9.0,82.0,2.5743393799999987,32.0,25.0,53.0,2.8211328199999985,132.0,8.500414250207125,1.7149958574979287,22.742336371168182,0.7456503728251864,29.527754763877383,0.5219552609776305,0.1491300745650372,2.1623860811930404,1.5658657829328917,1.193040596520298,0.3728251864125932,0.4473902236951118,3.2062966031483016,3.653686826843413,4.623032311516155,1.193040596520298,0.1491300745650372,0.5219552609776305,0.5965202982601491,4.250207125103563,1.789560894780447,1.3421706710853356,0.4473902236951118,0.0,0.0,0.0,83.37,45.45,41.82,41.86,38.1,40.0,24.14,46.15,0.1404071049958192,0.1820780636969451,0.6710853355426678,6.114333057166529,0.1919557118475558,2.3860811930405963,1.864125932062966,3.951946975973488,0.2103578739022368,9.84258492129246,LW,70,90,90,70,90,75,80,100,70,80,45,65,80,80,75,80,80,60,70,80,80,75,50,50,55,55,90,80,90,60,80,20,40,30,70,90,80,100,100,90,70,80,80,80,70,90,100,60,100,60,70,90,40,60,40,40,50,50,50,60,70,60,90,50,60,50,50,50,55,55,90,80,90,60,80,20,40,30,40,80,60,100,100,100,80,90,90,80,Veikkausliiga
Gnistan,3cbke8cbou2ms925872vk6dwx,2nn3lis9cmmx2b07f8odcitjo,A. Jouhi,Adam Jouhi,19.0,Midfielder,Finland,Midfielder,223.0,3.0,264.0,39.0,484.0,8.0,0.0,24.0,12.0,3.0,9.0,4.0,13.0,13.0,117.0,18.0,0.0,14.0,1498.0,4.0,24.0,52.0,9.0,34.0,0.0,0.0,0.0,86.27,62.9,30.0,69.23,33.33,59.09,36.36,70.83,0.8305222404218651,1.5624750320996723,7.0,24.0,0.641218,11.0,47.0,59.0,1.77645884,251.0,13.397863818424565,0.1802403204272363,15.861148197596794,2.343124165554072,29.078771695594124,0.4806408544726301,0.0,1.4419225634178905,0.7209612817089452,0.1802403204272363,0.5407209612817089,0.240320427236315,0.781041388518024,0.781041388518024,7.029372496662216,1.0814419225634178,0.0,0.8411214953271028,0.240320427236315,1.4419225634178905,3.124165554072096,0.5407209612817089,2.042723631508678,0.0,0.0,0.0,86.27,62.9,30.0,69.23,33.33,59.09,36.36,70.83,0.049897864911861,0.093873666815067,0.4205607476635514,1.4419225634178905,0.0385244459279038,0.6608811748998664,2.823765020026702,3.5447263017356474,0.1067298368491321,15.08010680907877,DM/CM,44,63,44,68,44,49,29,97,50,29,69,68,59,57,97,43,25,50,65,75,100,72,97,47,51,51,56,88,60,100,78,88,24,74,41,91,72,62,74,69,46,50,62,44,12,50,29,65,12,35,29,88,38,18,56,56,47,44,100,21,25,26,59,56,100,68,94,47,51,51,56,88,60,100,78,88,24,74,24,88,59,47,62,53,26,44,53,38,Veikkausliiga
Gnistan,3cbke8cbou2ms925872vk6dwx,33brlh4khnmo4dqsggx4gxtzo,M. Bjurstrøm,Max Bjurstrøm,20.0,Defender,Norway,Defender,17.0,0.0,24.0,1.0,41.0,3.0,0.0,0.0,0.0,0.0,0.0,0.0,2.0,2.0,10.0,9.0,0.0,4.0,272.0,0.0,2.0,2.0,0.0,2.0,0.0,0.0,0.0,64.06,33.33,0.0,0.0,0.0,45.45,33.33,40.0,0.0,0.0,0.0,0.0,0.0,0.0,0.0,0.0,0.0,0.0,5.625,0.0,7.9411764705882355,0.3308823529411764,13.566176470588236,0.9926470588235294,0.0,0.0,0.0,0.0,0.0,0.0,0.6617647058823529,0.6617647058823529,3.308823529411765,2.9779411764705883,0.0,1.3235294117647058,0.0,0.6617647058823529,0.6617647058823529,0.0,0.6617647058823529,0.0,0.0,0.0,64.06,33.33,0.0,0.0,0.0,45.45,33.33,40.0,0.0,0.0,0.0,0.0,0.0,0.0,0.0,0.0,0.0,0.0,RB/RCB,5,8,5,5,5,15,25,8,5,8,8,22,18,15,10,10,40,25,12,8,12,10,5,45,52,52,5,38,8,10,12,20,25,5,5,8,12,5,5,5,5,5,5,5,5,8,5,5,5,60,25,8,5,8,8,22,45,40,20,65,40,80,12,25,35,10,10,45,52,52,5,38,8,10,12,20,25,5,5,8,12,5,5,5,5,5,5,5,Veikkausliiga
Gnistan,3cbke8cbou2ms925872vk6dwx,3m695xuxs4o8lnc6jeav9xw5w,Marcelo Costa,Marcelo Costa Amaral,25.0,Defender,Brazil,Defender,186.0,2.0,167.0,31.0,351.0,41.0,0.0,9.0,7.0,6.0,1.0,1.0,15.0,16.0,112.0,74.0,2.0,20.0,1338.0,3.0,21.0,10.0,11.0,30.0,2.0,0.0,0.0,73.12,36.05,16.67,73.33,42.86,68.71,73.21,60.0,1.0280156389664723,0.6768771309813688,2.0,13.0,0.34741689,8.0,49.0,58.0,1.3348559599999996,233.0,12.51121076233184,0.1345291479820627,11.233183856502242,2.085201793721973,23.60986547085201,2.7578475336322867,0.0,0.6053811659192825,0.4708520179372197,0.4035874439461883,0.0672645739910313,0.0672645739910313,1.0089686098654709,1.0762331838565022,7.533632286995515,4.977578475336323,0.1345291479820627,1.3452914798206277,0.2017937219730941,1.412556053811659,0.6726457399103138,0.7399103139013453,2.0179372197309418,0.1345291479820627,0.0,0.0,73.12,36.05,16.67,73.33,42.86,68.71,73.21,60.0,0.0691490340111976,0.0455298518597333,0.1345291479820627,0.874439461883408,0.023368849103139,0.5381165919282511,3.295964125560538,3.90134529147982,0.0897885174887892,15.672645739910314,LB/LCB,53,24,42,58,42,89,26,45,58,74,34,34,53,53,100,95,100,74,79,63,55,58,95,100,53,53,11,32,16,79,89,95,89,29,68,42,47,53,53,47,47,53,32,53,37,16,5,42,21,95,26,37,32,63,26,32,47,47,100,100,95,84,71,53,42,58,100,100,53,53,11,32,16,79,89,95,89,29,79,26,32,11,21,21,42,37,11,42,Veikkausliiga
Gnistan,3cbke8cbou2ms925872vk6dwx,3nrf0fvktniv392ytt09npp1w,A. Atarah,Artur Atarah,21.0,Attacker,Finland,Striker,22.0,0.0,78.0,2.0,100.0,20.0,1.0,12.0,23.0,17.0,6.0,5.0,20.0,20.0,51.0,7.0,0.0,1.0,544.0,8.0,46.0,14.0,10.0,4.0,0.0,0.0,0.0,69.44,40.0,0.0,50.0,34.78,46.79,46.51,57.14,2.252328141858071,0.8960307134895742,8.0,5.0,0.21999164,0.0,7.0,13.0,0.6773841099999999,48.0,3.639705882352941,0.0,12.904411764705882,0.3308823529411764,16.544117647058822,3.308823529411765,0.1654411764705882,1.9852941176470589,3.8051470588235294,2.8125,0.9926470588235294,0.8272058823529412,3.308823529411765,3.308823529411765,8.4375,1.1580882352941178,0.0,0.1654411764705882,1.3235294117647058,7.610294117647059,2.3161764705882355,1.6544117647058825,0.6617647058823529,0.0,0.0,0.0,69.44,40.0,0.0,50.0,34.78,46.79,46.51,57.14,0.3726278175868132,0.1482403753934957,1.3235294117647058,0.8272058823529412,0.0363956757352941,0.0,1.1580882352941178,2.150735294117647,0.1120672240808823,7.9411764705882355,ST,25,25,48,34,42,74,50,61,51,55,57,56,78,66,69,62,12,36,46,52,65,85,34,51,50,51,38,38,25,85,38,78,78,32,57,60,62,30,30,8,54,56,57,55,28,25,75,35,70,90,78,90,88,82,90,85,95,95,98,75,12,45,72,92,95,98,55,51,50,51,38,38,25,85,38,78,78,32,85,85,98,22,48,8,62,90,85,90,Veikkausliiga
Gnistan,3cbke8cbou2ms925872vk6dwx,4y7niu1b8drpeccb84s2e9wwl,S. Eremenko,Sergey Eremenko,27.0,Midfielder,Finland,Midfielder,106.0,0.0,104.0,17.0,210.0,17.0,0.0,6.0,13.0,7.0,6.0,1.0,3.0,3.0,37.0,32.0,1.0,13.0,914.0,5.0,17.0,5.0,2.0,11.0,0.0,0.0,0.0,71.67,38.64,0.0,66.67,38.46,48.05,58.62,84.62,1.64325133675262,0.366636474539974,6.0,7.0,0.13771084,3.0,30.0,27.0,0.5935235000000001,100.0,10.437636761487964,0.0,10.24070021881838,1.673960612691466,20.678336980306348,1.673960612691466,0.0,0.5908096280087528,1.2800875273522976,0.6892778993435449,0.5908096280087528,0.0984682713347921,0.2954048140043764,0.2954048140043764,3.6433260393873086,3.1509846827133483,0.0984682713347921,1.2800875273522976,0.4923413566739606,1.673960612691466,0.4923413566739606,0.1969365426695842,1.0831509846827134,0.0,0.0,0.0,71.67,38.64,0.0,66.67,38.46,48.05,58.62,84.62,0.1618081184986168,0.0361020598562337,0.5908096280087528,0.6892778993435449,0.0135601483588621,0.2954048140043764,2.954048140043764,2.658643326039388,0.0584432330415755,9.846827133479213,DM/CM,15,16,18,38,18,76,29,31,56,69,51,22,21,21,29,76,66,47,78,59,18,24,35,47,51,51,3,26,16,97,88,24,82,97,79,26,62,25,18,13,26,24,21,18,3,16,3,38,3,91,29,29,82,82,68,24,15,15,24,94,82,68,91,68,9,21,38,47,51,51,3,26,16,97,88,24,82,97,94,15,76,15,12,12,38,15,9,6,Veikkausliiga
Gnistan,3cbke8cbou2ms925872vk6dwx,54oea7q0kaa11f9m1r7gyw4ix,Ruxi,Roger Bonet Badía,31.0,Defender,Spain,Defender,41.0,1.0,59.0,9.0,99.0,9.0,0.0,3.0,5.0,5.0,0.0,3.0,0.0,0.0,14.0,16.0,0.0,2.0,375.0,0.0,9.0,1.0,0.0,3.0,0.0,0.0,0.0,78.57,45.0,50.0,0.0,0.0,63.64,90.0,75.0,0.4219022594804885,0.5105459843612095,0.0,4.0,0.08608521,3.0,10.0,20.0,0.5031865699999999,68.0,9.84,0.24,14.159999999999998,2.16,23.76,2.16,0.0,0.72,1.2,1.2,0.0,0.72,0.0,0.0,3.36,3.84,0.0,0.48,0.0,2.16,0.24,0.0,0.72,0.0,0.0,0.0,78.57,45.0,50.0,0.0,0.0,63.64,90.0,75.0,0.1012565422753172,0.1225310362466902,0.0,0.96,0.0206604504,0.72,2.4,4.8,0.1207647767999999,16.32,LB/LCB,5,16,5,16,5,39,26,21,39,55,11,55,5,5,11,26,39,5,16,37,8,5,13,45,53,53,42,68,97,5,16,68,100,74,42,32,11,5,5,11,11,16,11,11,11,26,26,47,26,79,26,42,95,100,11,100,5,5,26,74,39,11,16,84,5,5,21,45,53,53,42,68,97,5,16,68,100,74,100,68,11,21,16,42,16,58,26,58,Veikkausliiga
Gnistan,3cbke8cbou2ms925872vk6dwx,5l991oj3vxvz34ntdzcw06pec,O. Hannula,Otto Hannula,20.0,Midfielder,Finland,Midfielder,105.0,9.0,168.0,38.0,264.0,4.0,0.0,14.0,22.0,12.0,10.0,9.0,17.0,18.0,54.0,31.0,0.0,12.0,1488.0,5.0,37.0,26.0,4.0,15.0,0.0,0.0,0.0,69.66,44.71,23.68,23.53,22.73,42.52,23.53,75.0,1.7119676952882974,1.3043360773143875,9.0,14.0,0.41811932,6.0,30.0,49.0,1.2096250900000003,128.0,6.350806451612903,0.5443548387096774,10.161290322580644,2.298387096774193,15.96774193548387,0.2419354838709677,0.0,0.846774193548387,1.3306451612903225,0.7258064516129031,0.6048387096774193,0.5443548387096774,1.0282258064516128,1.0887096774193548,3.266129032258064,1.875,0.0,0.7258064516129031,0.3024193548387096,2.2379032258064515,1.5725806451612905,0.2419354838709677,0.9072580645161288,0.0,0.0,0.0,69.66,44.71,23.68,23.53,22.73,42.52,23.53,75.0,0.1035464331827599,0.078891294998854,0.5443548387096774,0.846774193548387,0.025289475,0.3629032258064515,1.8145161290322576,2.9637096774193545,0.0731628078629032,7.741935483870967,RM/RCM,67,83,67,100,67,67,33,67,67,67,67,83,67,67,67,100,33,83,67,67,83,67,100,58,58,58,17,50,50,50,50,33,33,67,67,67,67,67,67,67,83,100,67,67,17,50,17,83,17,50,33,50,67,67,67,67,33,33,17,67,33,33,50,50,83,33,50,58,58,58,17,50,50,50,50,33,33,67,67,50,67,50,50,50,50,67,33,17,Veikkausliiga
Gnistan,3cbke8cbou2ms925872vk6dwx,6q0g98fnbdx5sg52lazo2sqac,R. Gnanou,Pakwo Gnanou,21.0,Defender,Burkina Faso,Defender,402.0,2.0,223.0,57.0,623.0,53.0,2.0,3.0,16.0,15.0,1.0,1.0,9.0,9.0,122.0,153.0,1.0,41.0,2104.0,5.0,34.0,16.0,5.0,29.0,1.0,0.0,0.0,76.07,36.31,22.22,55.56,31.25,59.51,54.08,60.42,2.1625168725349946,0.1425214640345226,1.0,9.0,0.18548938,3.0,58.0,66.0,1.3869415499999993,376.0,17.1958174904943,0.0855513307984791,9.53897338403042,2.438212927756654,26.64923954372624,2.267110266159696,0.0855513307984791,0.1283269961977186,0.6844106463878328,0.6416349809885932,0.0427756653992395,0.0427756653992395,0.3849809885931559,0.3849809885931559,5.218631178707224,6.54467680608365,0.0427756653992395,1.7538022813688214,0.2138783269961977,1.4543726235741443,0.6844106463878328,0.2138783269961977,1.2404942965779469,0.0427756653992395,0.0,0.0,76.07,36.31,22.22,55.56,31.25,59.51,54.08,60.42,0.0925030981597668,0.0060964504577504,0.0427756653992395,0.3849809885931559,0.0079344316539923,0.1283269961977186,2.4809885931558937,2.82319391634981,0.0593273476711026,16.08365019011407,RB/RCB,95,28,78,95,90,100,85,28,100,100,32,60,48,42,100,100,85,100,92,100,78,48,95,95,52,52,30,65,60,70,50,70,70,45,100,15,40,35,30,20,90,92,60,95,55,20,10,95,35,100,65,15,65,85,15,45,20,15,70,100,80,95,60,60,40,35,50,90,52,52,30,65,60,70,50,70,70,45,85,15,25,15,15,10,60,40,15,65,Veikkausliiga
Gnistan,3cbke8cbou2ms925872vk6dwx,9ykuo0c905u48vd44wxgb6jth,A. Obileye,Ayo Obileye,32.0,Defender,England,Defender,541.0,1.0,158.0,64.0,698.0,54.0,0.0,4.0,20.0,19.0,1.0,4.0,5.0,5.0,75.0,144.0,2.0,24.0,1980.0,3.0,43.0,3.0,2.0,13.0,0.0,0.0,0.0,83.89,48.85,100.0,40.0,15.0,61.48,70.13,76.47,2.6358431987453472,0.3567284764560178,2.0,2.0,0.04320281,1.0,26.0,35.0,1.1658103399999993,427.0,24.59090909090909,0.0454545454545454,7.181818181818182,2.909090909090909,31.727272727272727,2.4545454545454546,0.0,0.1818181818181818,0.9090909090909092,0.8636363636363636,0.0454545454545454,0.1818181818181818,0.2272727272727272,0.2272727272727272,3.409090909090909,6.545454545454546,0.0909090909090909,1.0909090909090908,0.1363636363636363,1.9545454545454544,0.1363636363636363,0.0909090909090909,0.5909090909090909,0.0,0.0,0.0,83.89,48.85,100.0,40.0,15.0,61.48,70.13,76.47,0.1198110544884248,0.0162149307480008,0.0909090909090909,0.0909090909090909,0.001963764090909,0.0454545454545454,1.181818181818182,1.5909090909090908,0.052991379090909,19.40909090909091,CB,73,62,36,82,69,93,34,61,92,97,54,82,54,54,80,100,96,92,78,93,16,50,71,42,50,51,44,80,99,38,31,76,87,87,98,67,69,14,16,28,29,36,38,69,33,60,7,53,18,58,34,38,80,89,42,67,44,42,22,93,84,64,51,80,7,38,27,42,50,51,44,80,99,38,31,76,87,87,89,49,58,7,7,18,7,7,7,24,Veikkausliiga
Gnistan,3cbke8cbou2ms925872vk6dwx,b0wmozayt7xbjz6ihhdiczq0a,J. Latonen,Joakim Latonen,28.0,Attacker,Finland,Striker,80.0,30.0,199.0,12.0,249.0,12.0,6.0,38.0,29.0,13.0,16.0,1.0,16.0,19.0,59.0,12.0,6.0,12.0,1355.0,15.0,50.0,17.0,7.0,14.0,0.0,1.0,0.0,71.55,46.15,40.54,43.75,51.72,40.97,33.33,60.87,1.975148203267808,4.2677065247005,15.0,19.0,0.55572457,10.0,27.0,34.0,3.01536311,114.0,5.313653136531365,1.992619926199262,13.217712177121772,0.7970479704797048,16.538745387453876,0.7970479704797048,0.3985239852398524,2.5239852398523985,1.92619926199262,0.8634686346863468,1.062730627306273,0.066420664206642,1.062730627306273,1.2619926199261993,3.918819188191882,0.7970479704797048,0.3985239852398524,0.7970479704797048,0.996309963099631,3.321033210332103,1.1291512915129152,0.4649446494464945,0.929889298892989,0.0,0.066420664206642,0.0,71.55,46.15,40.54,43.75,51.72,40.97,33.33,60.87,0.1311906555676034,0.2834639020096273,0.996309963099631,1.2619926199261993,0.0369115950553505,0.6642066420664207,1.793357933579336,2.2583025830258303,0.2002824205904059,7.571955719557196,ST,85,100,92,90,88,54,100,100,66,45,98,9,52,61,80,80,85,98,75,61,75,61,95,51,100,51,50,46,100,68,92,50,42,42,48,100,99,78,70,82,92,88,98,90,70,100,80,85,68,35,95,100,22,12,92,5,28,32,42,50,70,98,48,22,45,45,70,51,100,51,50,46,100,68,92,50,42,42,12,100,85,60,50,70,92,92,95,88,Veikkausliiga
Gnistan,3cbke8cbou2ms925872vk6dwx,b7x9fczqecsf267ewzcvccmhh,R. Eremenko,Roman Eremenko,39.0,Midfielder,Finland,Midfielder,161.0,30.0,325.0,57.0,456.0,7.0,4.0,50.0,31.0,16.0,15.0,9.0,3.0,3.0,36.0,11.0,2.0,7.0,1244.0,12.0,31.0,12.0,0.0,12.0,0.0,0.0,0.0,80.99,57.58,34.09,0.0,38.71,43.9,46.67,70.59,1.9774862339746693,5.036022908689626,14.0,32.0,0.8610828099999998,15.0,68.0,91.0,4.747111810000001,228.0,11.647909967845658,2.170418006430868,23.512861736334404,4.123794212218649,32.99035369774919,0.5064308681672025,0.2893890675241157,3.617363344051447,2.242765273311897,1.157556270096463,1.085209003215434,0.6511254019292604,0.2170418006430868,0.2170418006430868,2.604501607717041,0.7958199356913183,0.1446945337620578,0.5064308681672025,0.8681672025723473,2.242765273311897,0.8681672025723473,0.0,0.8681672025723473,0.0,0.0,0.0,80.99,57.58,34.09,0.0,38.71,43.9,46.67,70.59,0.1430657243229262,0.364342493393944,1.012861736334405,2.315112540192926,0.0622969878617363,1.085209003215434,4.919614147909968,6.583601286173633,0.3434405650321543,16.495176848874596,CM/AM,73,100,84,100,78,61,96,100,86,85,86,86,4,4,45,66,77,64,92,68,47,4,68,51,46,50,54,68,78,4,73,30,62,84,70,100,86,80,76,76,86,84,97,81,51,95,73,100,59,46,92,100,95,76,86,84,3,3,11,35,70,51,89,41,32,4,59,51,46,50,54,68,78,4,73,30,62,84,62,100,92,57,62,54,81,86,100,68,Veikkausliiga
Gnistan,3cbke8cbou2ms925872vk6dwx,bdgqvvkpadpthmlm40wa6dcyx,B. Milovanov,Bohdan Milovanov,28.0,Defender,Ukraine,Defender,47.0,4.0,59.0,11.0,102.0,5.0,1.0,8.0,8.0,6.0,2.0,0.0,8.0,8.0,28.0,17.0,2.0,11.0,450.0,5.0,17.0,7.0,1.0,13.0,0.0,0.0,0.0,72.86,39.29,30.77,12.5,62.5,43.75,38.46,81.25,0.6337941723281945,0.8903851316225858,3.0,8.0,0.23371693,3.0,8.0,19.0,1.3934295999999995,69.0,9.4,0.8,11.8,2.2,20.4,1.0,0.2,1.6,1.6,1.2,0.4,0.0,1.6,1.6,5.6,3.4,0.4,2.2,1.0,3.4,1.4,0.2,2.6,0.0,0.0,0.0,72.86,39.29,30.77,12.5,62.5,43.75,38.46,81.25,0.1267588344656389,0.1780770263245171,0.6,1.6,0.046743386,0.6,1.6,3.8,0.2786859199999999,13.8,RB/RCB,10,55,15,30,10,32,62,72,75,85,70,22,38,35,25,38,98,57,92,75,38,22,48,45,52,52,20,75,80,20,80,15,35,100,70,75,85,30,35,20,15,30,65,25,10,80,20,70,10,68,95,100,100,100,90,22,70,70,80,80,100,100,100,95,65,30,100,45,52,52,20,75,80,20,80,15,35,100,100,100,100,60,80,40,20,80,100,45,Veikkausliiga
Gnistan,3cbke8cbou2ms925872vk6dwx,bl43lr9kdb35de8gxvuk4xgk4,G. Europaeus,Gabriel Europaeus,21.0,Midfielder,Finland,Midfielder,341.0,7.0,342.0,50.0,676.0,23.0,1.0,19.0,20.0,7.0,13.0,4.0,15.0,17.0,94.0,50.0,2.0,30.0,2092.0,4.0,17.0,24.0,8.0,26.0,0.0,0.0,0.0,84.92,52.08,53.85,53.33,20.0,51.93,41.07,66.67,1.5024832828971248,1.4235520637002796,14.0,25.0,0.56105453,15.0,87.0,93.0,2.239001429999999,348.0,14.67017208413002,0.3011472275334608,14.7131931166348,2.1510516252390057,29.08221797323136,0.9894837476099426,0.0430210325047801,0.8173996175908222,0.8604206500956023,0.3011472275334608,0.5592734225621415,0.1720841300191204,0.6453154875717018,0.731357552581262,4.043977055449331,2.1510516252390057,0.0860420650095602,1.2906309751434035,0.1720841300191204,0.731357552581262,1.032504780114723,0.3441682600382409,1.118546845124283,0.0,0.0,0.0,84.92,52.08,53.85,53.33,20.0,51.93,41.07,66.67,0.0646383821514059,0.0612426796046965,0.6022944550669216,1.0755258126195029,0.0241371451720841,0.6453154875717018,3.74282982791587,4.000956022944551,0.0963241532982791,14.97131931166348,DM/CM,74,88,65,79,68,88,72,84,81,69,81,68,68,69,85,94,91,91,65,59,87,65,90,47,51,51,44,62,85,66,35,56,47,59,76,85,93,68,59,88,74,82,76,69,26,74,15,56,15,71,59,53,53,38,62,38,29,35,38,85,71,71,32,24,44,47,44,47,51,51,44,62,85,66,35,56,47,59,47,53,79,35,32,50,56,53,47,35,Veikkausliiga
Gnistan,3cbke8cbou2ms925872vk6dwx,bpjmwp030jnapyjfii8nyqdhx,J. Ojala,Juhani Ojala,37.0,Defender,Finland,Defender,52.0,0.0,31.0,12.0,83.0,20.0,0.0,1.0,1.0,1.0,0.0,0.0,0.0,0.0,30.0,34.0,0.0,4.0,442.0,0.0,6.0,2.0,0.0,3.0,0.0,0.0,0.0,68.03,31.58,0.0,0.0,0.0,57.69,60.61,37.5,0.1204181159146489,0.145572968124222,0.0,0.0,0.0,0.0,7.0,10.0,0.14421675,44.0,10.588235294117649,0.0,6.312217194570136,2.443438914027149,16.900452488687783,4.072398190045249,0.0,0.2036199095022624,0.2036199095022624,0.2036199095022624,0.0,0.0,0.0,0.0,6.108597285067873,6.9230769230769225,0.0,0.8144796380090498,0.0,1.2217194570135743,0.4072398190045249,0.0,0.6108597285067873,0.0,0.0,0.0,68.03,31.58,0.0,0.0,0.0,57.69,60.61,37.5,0.0245195258649737,0.0296415545954298,0.0,0.0,0.0,0.0,1.425339366515837,2.0361990950226243,0.0293654015837104,8.959276018099548,CB,4,29,2,14,3,37,34,21,8,8,20,12,7,7,16,27,31,11,11,18,9,13,11,42,50,51,4,7,29,13,11,50,56,6,9,40,21,2,2,9,6,7,2,4,11,29,2,40,4,100,34,42,13,24,20,12,7,7,89,96,31,33,11,60,20,13,31,42,50,51,4,7,29,13,11,50,56,6,16,73,21,2,2,9,13,9,2,7,Veikkausliiga
Gnistan,3cbke8cbou2ms925872vk6dwx,dlpw0ifxzwotsw2ttopgispka,E. Arko-Mensah,Edmund Arko-Mensah,25.0,Defender,Ghana,Defender,154.0,12.0,254.0,48.0,396.0,13.0,3.0,14.0,20.0,10.0,10.0,6.0,44.0,48.0,106.0,40.0,0.0,23.0,1664.0,3.0,30.0,30.0,21.0,22.0,0.0,0.0,0.0,69.6,42.86,17.14,47.73,15.0,58.56,50.0,52.38,1.401370548901176,1.532237705448647,15.0,20.0,0.6033785999999998,15.0,58.0,84.0,3.1902764499999963,216.0,8.329326923076923,0.6490384615384616,13.73798076923077,2.5961538461538463,21.41826923076924,0.7031250000000001,0.1622596153846154,0.7572115384615385,1.0817307692307694,0.5408653846153847,0.5408653846153847,0.3245192307692308,2.3798076923076925,2.5961538461538463,5.7331730769230775,2.1634615384615388,0.0,1.2439903846153848,0.1622596153846154,1.622596153846154,1.622596153846154,1.1358173076923077,1.1899038461538465,0.0,0.0,0.0,69.6,42.86,17.14,47.73,15.0,58.56,50.0,52.38,0.0757952820920107,0.0828734335879676,0.811298076923077,1.0817307692307694,0.0326346598557692,0.811298076923077,3.137019230769232,4.543269230769231,0.1725510099158652,11.682692307692308,LB/LCB,42,63,63,100,53,58,82,63,87,89,82,79,95,95,92,63,39,95,79,76,95,95,76,45,53,53,5,61,21,37,45,47,32,5,95,74,100,63,68,71,58,63,68,47,5,58,21,84,11,32,79,53,84,89,84,74,89,89,84,32,39,74,63,63,95,79,58,45,53,53,5,61,21,37,45,47,32,5,89,58,95,37,53,53,32,53,63,16,Veikkausliiga
Gnistan,3cbke8cbou2ms925872vk6dwx,e35lm9dtyk20pgja81zbvb3d,D. Pérez,Danny Pérez,26.0,Attacker,Venezuela,Striker,28.0,1.0,72.0,3.0,99.0,43.0,1.0,9.0,30.0,25.0,5.0,5.0,19.0,19.0,92.0,5.0,3.0,5.0,628.0,10.0,61.0,17.0,9.0,13.0,0.0,0.0,0.0,70.71,50.0,6.25,47.37,33.33,46.7,45.74,56.52,4.224250951267133,0.6774123534560266,9.0,7.0,0.27293718,2.0,5.0,7.0,0.51515389,34.0,4.012738853503184,0.143312101910828,10.318471337579618,0.4299363057324841,14.187898089171972,6.162420382165605,0.143312101910828,1.2898089171974525,4.2993630573248405,3.5828025477707004,0.7165605095541401,0.7165605095541401,2.7229299363057327,2.7229299363057327,13.18471337579618,0.7165605095541401,0.4299363057324841,0.7165605095541401,1.4331210191082802,8.742038216560509,2.4363057324840764,1.2898089171974525,1.8630573248407645,0.0,0.0,0.0,70.71,50.0,6.25,47.37,33.33,46.7,45.74,56.52,0.6053862828249076,0.0970813882341439,1.2898089171974525,1.003184713375796,0.039115200955414,0.286624203821656,0.7165605095541401,1.003184713375796,0.0738277867834394,4.872611464968153,ST,38,57,40,50,39,98,50,48,71,75,51,56,69,61,98,45,66,81,57,70,75,78,90,51,50,51,48,66,50,80,32,75,72,28,80,45,70,35,35,29,32,36,52,45,38,65,55,55,52,100,70,68,98,100,72,75,90,88,100,48,80,92,80,100,98,90,100,51,50,51,48,66,50,80,32,75,72,28,100,60,95,40,55,32,30,28,62,52,Veikkausliiga
Gnistan,3cbke8cbou2ms925872vk6dwx,ersburboye1ic6pxc36ytm4et,S. Ylätupa,Saku Ylätupa,27.0,Attacker,Finland,Striker,113.0,23.0,190.0,17.0,280.0,2.0,2.0,22.0,16.0,12.0,4.0,4.0,15.0,17.0,36.0,17.0,2.0,4.0,1348.0,9.0,41.0,9.0,5.0,14.0,0.0,0.0,0.0,77.35,45.95,38.98,33.33,56.25,34.29,11.11,70.0,1.5838235327652088,2.469342783774996,6.0,17.0,0.50518481,13.0,20.0,36.0,0.97409786,108.0,7.544510385756676,1.5356083086053411,12.68545994065282,1.1350148367952522,18.69436201780416,0.1335311572700296,0.1335311572700296,1.4688427299703264,1.0682492581602374,0.8011869436201781,0.2670623145400593,0.2670623145400593,1.0014836795252224,1.1350148367952522,2.4035608308605343,1.1350148367952522,0.1335311572700296,0.2670623145400593,0.6008902077151336,2.7373887240356085,0.6008902077151336,0.3338278931750741,0.9347181008902076,0.0,0.0,0.0,77.35,45.95,38.98,33.33,56.25,34.29,11.11,70.0,0.1057448946208225,0.1648670998069359,0.400593471810089,1.1350148367952522,0.03372895615727,0.8679525222551929,1.3353115727002969,2.4035608308605343,0.0650362072700296,7.210682492581602,ST,100,95,90,100,92,14,76,90,41,36,44,41,50,51,48,90,49,72,52,48,45,46,95,51,50,51,75,42,90,46,98,28,8,59,35,92,52,72,65,91,89,90,70,88,90,95,72,98,80,5,62,78,10,8,15,10,25,25,10,70,30,52,22,10,22,30,72,51,50,51,75,42,90,46,98,28,8,59,10,90,25,55,40,80,78,95,55,82,Veikkausliiga
Mariehamn,3ptum5fjcgw51mqui0gu6uuf4,14qiwbaa44dy3quxn0by90wlw,A. Soiniemi,Aaro Soiniemi,21.0,Defender,Finland,Defender,98.0,4.0,111.0,7.0,205.0,5.0,0.0,5.0,5.0,4.0,1.0,4.0,21.0,22.0,51.0,33.0,0.0,9.0,886.0,0.0,12.0,8.0,11.0,17.0,0.0,0.0,0.0,75.65,25.0,22.22,52.38,0.0,49.51,29.41,62.96,0.3927207052973372,0.4946258460612222,2.0,10.0,0.26883625,6.0,9.0,17.0,0.5841587300000001,72.0,9.954853273137696,0.4063205417607223,11.275395033860043,0.7110609480812641,20.82392776523702,0.5079006772009029,0.0,0.5079006772009029,0.5079006772009029,0.4063205417607223,0.1015801354401805,0.4063205417607223,2.1331828442437923,2.234762979683973,5.18058690744921,3.352144469525959,0.0,0.9142212189616252,0.0,1.218961625282167,0.8126410835214446,1.1173814898419865,1.7268623024830698,0.0,0.0,0.0,75.65,25.0,22.22,52.38,0.0,49.51,29.41,62.96,0.0398926224342667,0.0502441604351128,0.2031602708803611,1.015801354401806,0.0273084226862302,0.6094808126410834,0.9142212189616252,1.7268623024830698,0.0593389229119638,7.313769751693002,LB/LCB,32,39,21,11,32,13,26,29,39,42,34,71,63,63,32,47,39,32,16,42,45,58,53,45,53,53,21,8,39,42,16,16,8,37,37,26,47,32,37,32,5,8,16,16,16,32,11,5,5,16,26,32,42,68,37,79,84,84,68,63,39,37,16,47,58,74,95,45,53,53,21,8,39,42,16,16,8,37,37,32,47,32,32,26,5,5,5,5,Veikkausliiga
Mariehamn,3ptum5fjcgw51mqui0gu6uuf4,23ngtx061omtotnlvbzlgd3bo,T. Koivisto,Tuomas Koivisto,22.0,Defender,Finland,Defender,286.0,3.0,152.0,30.0,435.0,22.0,1.0,5.0,9.0,8.0,1.0,2.0,5.0,5.0,64.0,76.0,0.0,19.0,1197.0,2.0,19.0,13.0,2.0,15.0,0.0,0.0,0.0,82.39,41.1,60.0,40.0,22.22,56.64,61.11,53.57,1.0595162588981797,0.4343700972212031,1.0,10.0,0.20061803,3.0,40.0,40.0,1.3384809999999998,284.0,21.50375939849624,0.225563909774436,11.428571428571429,2.255639097744361,32.70676691729323,1.6541353383458646,0.075187969924812,0.3759398496240601,0.6766917293233082,0.6015037593984962,0.075187969924812,0.150375939849624,0.3759398496240601,0.3759398496240601,4.81203007518797,5.714285714285714,0.0,1.4285714285714286,0.150375939849624,1.4285714285714286,0.9774436090225564,0.150375939849624,1.1278195488721805,0.0,0.0,0.0,82.39,41.1,60.0,40.0,22.22,56.64,61.11,53.57,0.0796628766088856,0.0326594058061055,0.075187969924812,0.7518796992481203,0.015084062406015,0.225563909774436,3.007518796992481,3.007518796992481,0.1006376691729323,21.35338345864661,CB,40,78,33,50,38,46,81,70,70,77,54,61,54,54,71,71,31,79,56,73,78,50,80,42,50,51,36,40,96,38,44,47,58,20,73,80,52,47,42,43,51,40,47,44,24,80,16,33,20,38,80,76,56,62,56,60,53,49,69,76,31,89,56,69,82,53,78,42,50,51,36,40,96,38,44,47,58,20,60,78,49,49,44,44,44,27,47,33,Veikkausliiga
Mariehamn,3ptum5fjcgw51mqui0gu6uuf4,36gi7l0qvkbru5w6v2nym00ve,E. Patut,Emmanuel Patut,23.0,Midfielder,Finland,Midfielder,356.0,2.0,391.0,52.0,745.0,10.0,1.0,12.0,13.0,7.0,6.0,1.0,55.0,59.0,101.0,36.0,1.0,16.0,1888.0,4.0,20.0,22.0,29.0,19.0,1.0,0.0,0.0,81.87,56.52,11.76,52.73,30.77,49.75,37.04,47.5,1.0523419207137614,0.8200214817920659,6.0,43.0,0.96633525,18.0,91.0,75.0,1.93629614,390.0,16.970338983050848,0.0953389830508474,18.63877118644068,2.4788135593220337,35.51377118644068,0.4766949152542373,0.0476694915254237,0.5720338983050848,0.6197033898305084,0.3336864406779661,0.2860169491525424,0.0476694915254237,2.621822033898305,2.8125,4.814618644067797,1.7161016949152543,0.0476694915254237,0.7627118644067796,0.1906779661016949,0.9533898305084746,1.048728813559322,1.382415254237288,0.9057203389830508,0.0476694915254237,0.0,0.0,81.87,56.52,11.76,52.73,30.77,49.75,37.04,47.5,0.0501646042713127,0.0390900070769522,0.2860169491525424,2.04978813559322,0.0460647100105932,0.8580508474576272,4.33792372881356,3.57521186440678,0.0923022524364406,18.591101694915253,DM/CM,76,51,82,82,79,59,72,57,56,69,51,22,100,100,88,82,66,56,65,66,81,100,57,96,51,51,26,74,41,62,71,35,26,21,59,44,62,93,94,94,79,68,71,79,44,44,50,71,47,32,62,24,15,41,24,18,94,94,59,71,53,21,44,38,47,94,21,94,51,51,26,74,41,62,71,35,26,21,26,21,29,74,71,76,68,47,41,47,Veikkausliiga
Mariehamn,3ptum5fjcgw51mqui0gu6uuf4,4b7bubqmagki7cvuqfuqgafpw,A. Stroud,Adam Stroud,21.0,Defender,Sweden,Defender,34.0,5.0,54.0,2.0,83.0,12.0,0.0,2.0,9.0,7.0,2.0,2.0,20.0,21.0,34.0,8.0,2.0,4.0,760.0,5.0,32.0,5.0,9.0,7.0,0.0,0.0,0.0,63.85,33.33,29.41,45.0,55.56,42.5,52.17,87.5,1.7658298143497475,0.232717069210853,3.0,12.0,0.3113115899999999,6.0,3.0,6.0,0.5010679599999999,37.0,4.026315789473684,0.5921052631578947,6.394736842105263,0.2368421052631578,9.828947368421051,1.4210526315789471,0.0,0.2368421052631578,1.0657894736842104,0.8289473684210527,0.2368421052631578,0.2368421052631578,2.3684210526315788,2.486842105263158,4.026315789473684,0.9473684210526316,0.2368421052631578,0.4736842105263157,0.5921052631578947,3.789473684210526,0.5921052631578947,1.0657894736842104,0.8289473684210527,0.0,0.0,0.0,63.85,33.33,29.41,45.0,55.56,42.5,52.17,87.5,0.2091114253835227,0.0275586003012852,0.3552631578947368,1.4210526315789471,0.0368658461842105,0.7105263157894737,0.3552631578947368,0.7105263157894737,0.0593369952631578,4.381578947368421,CB,2,86,9,2,3,20,34,39,70,68,73,61,89,89,26,2,96,11,91,87,32,83,32,42,50,51,2,11,80,49,96,4,22,96,87,56,78,51,67,68,2,2,11,2,2,93,4,2,2,27,34,53,84,80,82,73,96,96,49,7,98,16,96,98,42,96,56,42,50,51,2,11,80,49,96,4,22,96,98,69,87,78,84,80,2,2,13,2,Veikkausliiga
Mariehamn,3ptum5fjcgw51mqui0gu6uuf4,4zizd9804wk2k5v0l7ph0u0kq,A. Huttunen,Anttoni Huttunen,24.0,Midfielder,Finland,Midfielder,118.0,14.0,166.0,8.0,270.0,1.0,0.0,14.0,19.0,5.0,14.0,6.0,15.0,15.0,14.0,10.0,1.0,4.0,1042.0,5.0,19.0,5.0,4.0,1.0,0.0,0.0,0.0,73.57,25.0,19.72,26.67,26.32,28.57,12.5,25.0,1.2940729309696424,1.0854011170129774,7.0,13.0,0.30845382,8.0,22.0,30.0,1.08272008,123.0,10.191938579654511,1.2092130518234163,14.33781190019194,0.690978886756238,23.32053742802304,0.0863723608445297,0.0,1.2092130518234163,1.6410748560460653,0.4318618042226487,1.2092130518234163,0.5182341650671786,1.2955854126679462,1.2955854126679462,1.2092130518234163,0.8637236084452975,0.0863723608445297,0.345489443378119,0.4318618042226487,1.6410748560460653,0.4318618042226487,0.345489443378119,0.0863723608445297,0.0,0.0,0.0,73.57,25.0,19.72,26.67,26.32,28.57,12.5,25.0,0.1117721341528481,0.0937486569397005,0.6046065259117083,1.1228406909788868,0.0266418846449136,0.690978886756238,1.9001919385796544,2.5911708253358925,0.0935170894433781,10.62380038387716,CM/AM,57,74,43,39,51,7,23,58,72,35,84,76,61,61,11,61,49,42,64,32,26,45,9,51,46,50,11,5,41,24,35,3,5,11,57,57,76,23,22,45,41,42,41,49,41,78,24,24,32,8,23,38,65,30,92,57,43,38,3,46,43,24,54,19,11,32,8,51,46,50,11,5,41,24,35,3,5,11,49,38,68,16,11,30,27,30,32,30,Veikkausliiga
Mariehamn,3ptum5fjcgw51mqui0gu6uuf4,5kgu7z697mnyizf6pbaf5j5zo,L. Richtnér,Ludvig Richtnér,21.0,Midfielder,Sweden,Midfielder,82.0,4.0,83.0,9.0,161.0,10.0,0.0,7.0,2.0,1.0,1.0,0.0,10.0,10.0,37.0,11.0,2.0,8.0,495.0,2.0,7.0,3.0,2.0,13.0,0.0,0.0,0.0,82.56,56.25,22.22,20.0,100.0,49.33,76.92,59.09,0.1793846363228471,0.709721030096807,1.0,10.0,0.2842879499999999,5.0,12.0,18.0,0.8827267799999999,64.0,14.909090909090908,0.7272727272727273,15.090909090909092,1.6363636363636365,29.27272727272728,1.818181818181818,0.0,1.2727272727272727,0.3636363636363636,0.1818181818181818,0.1818181818181818,0.0,1.818181818181818,1.818181818181818,6.727272727272728,2.0,0.3636363636363636,1.4545454545454546,0.3636363636363636,1.2727272727272727,0.5454545454545454,0.3636363636363636,2.363636363636364,0.0,0.0,0.0,82.56,56.25,22.22,20.0,100.0,49.33,76.92,59.09,0.0326153884223358,0.1290401872903285,0.1818181818181818,1.818181818181818,0.0516887181818181,0.9090909090909092,2.1818181818181817,3.272727272727273,0.1604957781818181,11.636363636363637,RM/RCM,33,50,50,42,33,83,33,50,33,25,42,17,50,50,50,67,75,67,50,33,42,33,83,58,58,58,83,100,33,33,100,83,100,33,50,50,42,50,50,50,33,33,50,33,83,67,50,67,83,83,33,83,17,17,33,17,50,50,100,83,100,83,67,33,33,50,100,58,58,58,83,100,33,33,100,83,100,33,33,67,33,67,67,67,67,83,100,83,Veikkausliiga
Mariehamn,3ptum5fjcgw51mqui0gu6uuf4,61mrkguqs2ixbvyqfqdydiyvo,A. Bergvik,Arvid Bergvik,17.0,Midfielder,Finland,Midfielder,29.0,0.0,70.0,3.0,99.0,2.0,1.0,10.0,10.0,7.0,3.0,3.0,19.0,20.0,36.0,5.0,1.0,3.0,475.0,3.0,24.0,4.0,9.0,10.0,0.0,0.0,0.0,78.57,42.86,0.0,47.37,30.0,45.0,28.57,47.62,1.3440271617649495,0.799534403549283,4.0,14.0,0.3940914199999999,9.0,11.0,19.0,0.7915292400000001,49.0,5.494736842105263,0.0,13.263157894736842,0.5684210526315789,18.757894736842104,0.3789473684210526,0.1894736842105263,1.8947368421052635,1.8947368421052635,1.3263157894736843,0.5684210526315789,0.5684210526315789,3.6,3.789473684210527,6.821052631578947,0.9473684210526316,0.1894736842105263,0.5684210526315789,0.5684210526315789,4.547368421052632,0.7578947368421053,1.7052631578947368,1.8947368421052635,0.0,0.0,0.0,78.57,42.86,0.0,47.37,30.0,45.0,28.57,47.62,0.254657778018622,0.1514907290935483,0.7578947368421053,2.6526315789473687,0.0746699532631578,1.7052631578947368,2.0842105263157893,3.6,0.1499739612631579,9.284210526315787,CM/AM,5,12,16,15,14,18,57,41,43,57,41,35,78,76,45,19,49,30,36,51,14,78,57,51,46,50,30,24,12,70,49,41,32,24,65,41,59,31,35,55,22,27,27,22,14,12,16,19,14,27,78,84,81,78,57,65,100,100,92,57,78,57,70,92,27,100,100,51,46,50,30,24,12,70,49,41,32,24,100,73,81,70,73,89,35,54,59,22,Veikkausliiga
Mariehamn,3ptum5fjcgw51mqui0gu6uuf4,6m754ilbjdtpjz3dpkutb7l78,S. Ngulube,Samson Ngulube,20.0,Defender,Zambia,Defender,185.0,8.0,190.0,20.0,367.0,5.0,0.0,7.0,12.0,5.0,7.0,3.0,24.0,28.0,70.0,38.0,0.0,22.0,1402.0,2.0,18.0,21.0,18.0,20.0,0.0,0.0,0.0,74.14,25.0,21.62,75.0,16.67,54.69,29.41,76.92,0.7027638552145472,0.6136393813654211,8.0,15.0,0.36836328,10.0,30.0,33.0,1.4137601700000006,164.0,11.875891583452212,0.5135520684736091,12.196861626248218,1.2838801711840229,23.55920114122682,0.3209700427960057,0.0,0.4493580599144079,0.7703281027104137,0.3209700427960057,0.4493580599144079,0.1925820256776034,1.5406562054208277,1.797432239657632,4.49358059914408,2.439372325249644,0.0,1.412268188302425,0.1283880171184022,1.155492154065621,1.348074179743224,1.155492154065621,1.2838801711840229,0.0,0.0,0.0,74.14,25.0,21.62,75.0,16.67,54.69,29.41,76.92,0.0451132289367398,0.0393919716996347,0.5135520684736091,0.9629101283880172,0.0236467155492154,0.6419400855920114,1.9258202567760343,2.118402282453637,0.0907549324536377,10.527817403708989,LB/LCB,47,47,47,37,47,13,26,37,66,55,68,55,68,76,58,58,39,84,58,53,84,82,68,45,53,53,16,8,26,89,53,37,8,79,58,37,79,58,58,58,42,42,37,42,32,42,16,26,16,5,26,21,63,53,63,47,68,74,47,42,39,89,53,42,79,84,63,45,53,53,16,8,26,89,53,37,8,79,42,21,79,26,26,32,11,11,16,11,Veikkausliiga
Mariehamn,3ptum5fjcgw51mqui0gu6uuf4,7089po2kvwvx2r6bh3ht72s5w,M. Hyvönen,Marlo Hyvönen,21.0,Midfielder,Finland,Midfielder,45.0,3.0,98.0,2.0,140.0,3.0,0.0,5.0,7.0,5.0,2.0,2.0,15.0,15.0,17.0,8.0,1.0,1.0,635.0,2.0,20.0,5.0,5.0,2.0,0.0,0.0,0.0,76.09,40.0,30.0,33.33,28.57,34.0,30.0,50.0,1.19895588743575,0.6137070900039896,1.0,14.0,0.33091835,8.0,9.0,15.0,0.7790700299999997,48.0,6.377952755905512,0.4251968503937008,13.88976377952756,0.2834645669291338,19.84251968503937,0.4251968503937008,0.0,0.7086614173228347,0.9921259842519684,0.7086614173228347,0.2834645669291338,0.2834645669291338,2.125984251968504,2.125984251968504,2.409448818897638,1.1338582677165354,0.1417322834645669,0.1417322834645669,0.2834645669291338,2.834645669291339,0.7086614173228347,0.7086614173228347,0.2834645669291338,0.0,0.0,0.0,76.09,40.0,30.0,33.33,28.57,34.0,30.0,50.0,0.1699307556995551,0.0869821072446599,0.1417322834645669,1.984251968503937,0.0469018133858267,1.1338582677165354,1.2755905511811023,2.125984251968504,0.1104193743307086,6.803149606299213,CM/AM,27,39,24,8,27,32,23,14,24,35,24,20,61,61,16,47,49,11,19,36,26,57,16,51,46,50,19,18,62,34,45,14,39,34,54,27,14,31,30,45,16,24,24,19,16,38,22,8,16,35,23,14,27,46,24,22,70,65,8,73,65,8,22,57,22,57,14,51,46,50,19,18,62,34,45,14,39,34,81,32,16,49,43,62,16,22,49,11,Veikkausliiga
Mariehamn,3ptum5fjcgw51mqui0gu6uuf4,7d326gljgym4qtmxvx5t5poq2,A. Larsson,Adam Larsson,27.0,Attacker,Sweden,Striker,62.0,1.0,82.0,5.0,143.0,5.0,1.0,10.0,30.0,23.0,7.0,7.0,6.0,6.0,38.0,8.0,4.0,1.0,1245.0,12.0,55.0,28.0,2.0,3.0,0.0,0.0,0.0,74.87,62.5,14.29,33.33,40.0,36.89,15.62,100.0,2.868053102637512,0.3710597221804199,6.0,13.0,0.43387631,2.0,5.0,9.0,0.26058159,33.0,4.481927710843373,0.072289156626506,5.927710843373494,0.3614457831325301,10.33734939759036,0.3614457831325301,0.072289156626506,0.7228915662650602,2.1686746987951806,1.6626506024096386,0.5060240963855421,0.5060240963855421,0.4337349397590361,0.4337349397590361,2.746987951807229,0.5783132530120482,0.2891566265060241,0.072289156626506,0.8674698795180723,3.975903614457831,2.0240963855421685,0.144578313253012,0.216867469879518,0.0,0.0,0.0,74.87,62.5,14.29,33.33,40.0,36.89,15.62,100.0,0.2073291399496996,0.0268235943744881,0.4337349397590361,0.9397590361445782,0.0313645525301204,0.144578313253012,0.3614457831325301,0.6506024096385542,0.0188372233734939,2.3855421686746987,ST,68,57,50,66,55,35,50,52,71,71,66,68,16,16,55,70,75,36,68,68,98,28,26,51,50,51,60,90,59,46,55,42,12,96,70,38,52,52,52,29,32,48,35,42,52,52,12,45,22,20,42,25,35,35,48,40,10,10,18,40,57,30,40,32,90,18,5,51,50,51,60,90,59,46,55,42,12,96,32,12,30,32,30,20,10,15,12,5,Veikkausliiga
Mariehamn,3ptum5fjcgw51mqui0gu6uuf4,7mtrb2q1po3bwtkfp1w4w2qxh,J. van der Heyden,Jelle van der Heyden,31.0,Midfielder,Netherlands,Midfielder,415.0,6.0,297.0,24.0,706.0,2.0,1.0,11.0,9.0,1.0,8.0,3.0,15.0,15.0,49.0,18.0,0.0,17.0,1273.0,2.0,4.0,9.0,8.0,20.0,0.0,0.0,0.0,87.48,51.06,31.58,53.33,22.22,58.33,66.67,66.67,0.6478721628556585,1.0913305464446732,5.0,24.0,0.5689179799999999,12.0,53.0,58.0,1.0938498700000006,294.0,29.3401413982718,0.4241948153967007,20.997643362136685,1.696779261586803,49.913589945011786,0.1413982717989002,0.0706991358994501,0.7776904948939514,0.6362922230950511,0.0706991358994501,0.565593087195601,0.2120974076983503,1.0604870384917515,1.0604870384917515,3.464257659073056,1.272584446190102,0.0,1.2018853102906522,0.1413982717989002,0.2827965435978005,0.6362922230950511,0.565593087195601,1.4139827179890023,0.0,0.0,0.0,87.48,51.06,31.58,53.33,22.22,58.33,66.67,66.67,0.0458040020872028,0.0771561266143131,0.3534956794972506,1.696779261586803,0.0402220095836606,0.8483896307934015,3.747054202670856,4.100549882168107,0.0773342406127258,20.785545954438334,DM/CM,79,85,53,46,76,19,72,49,37,13,62,51,68,63,34,43,25,60,35,9,28,65,68,47,51,51,74,56,68,66,43,85,94,59,29,71,49,62,62,75,53,47,41,56,94,85,62,41,76,9,74,47,18,9,65,50,65,62,18,32,25,56,29,6,15,71,76,47,51,51,74,56,68,66,43,85,94,59,18,74,38,62,68,74,59,56,24,62,Veikkausliiga
Mariehamn,3ptum5fjcgw51mqui0gu6uuf4,8tzmahdp1kkbot7nulpirqhh,J. Nissinen,Jiri Nissinen,29.0,Defender,Finland,Defender,127.0,9.0,169.0,24.0,287.0,15.0,0.0,10.0,4.0,3.0,1.0,1.0,39.0,39.0,88.0,32.0,0.0,12.0,1007.0,1.0,14.0,23.0,24.0,15.0,1.0,0.0,0.0,71.04,33.33,18.75,61.54,25.0,53.33,50.0,55.56,0.2525974347478418,0.9645768838830816,2.0,18.0,0.44516829,8.0,31.0,41.0,1.7099953200000009,153.0,11.350546176762665,0.804369414101291,15.104270109235353,2.1449851042701096,25.65044687189673,1.3406156901688184,0.0,0.893743793445879,0.3574975173783515,0.2681231380337637,0.0893743793445878,0.0893743793445878,3.485600794438928,3.485600794438928,7.864945382323734,2.8599801390268125,0.0,1.0724925521350548,0.0893743793445878,1.2512413108242304,2.055610724925521,2.1449851042701096,1.3406156901688184,0.0893743793445878,0.0,0.0,71.04,33.33,18.75,61.54,25.0,53.33,50.0,55.56,0.0225757389546234,0.086208460327187,0.1787487586891757,1.608738828202582,0.0397866396226415,0.7149950347567031,2.7706057596822244,3.664349553128104,0.15282977040715,13.674280039721948,RB/RCB,40,90,48,75,45,75,25,85,40,48,32,60,90,90,80,62,40,68,30,50,85,95,65,95,52,52,10,38,42,80,40,50,60,18,25,85,68,65,55,60,70,70,75,55,20,85,60,65,30,80,25,75,30,50,35,65,90,90,95,55,40,60,30,50,100,100,65,100,52,52,10,38,42,80,40,50,60,18,25,80,80,65,60,55,70,75,75,40,Veikkausliiga
Mariehamn,3ptum5fjcgw51mqui0gu6uuf4,8v9ms04dm6d99xb9lt5qdk74k,L. Andersson,Leo Andersson,22.0,Attacker,Finland,Striker,60.0,0.0,63.0,1.0,123.0,10.0,0.0,2.0,10.0,7.0,3.0,2.0,11.0,11.0,33.0,3.0,0.0,3.0,604.0,4.0,19.0,12.0,3.0,5.0,0.0,0.0,0.0,76.4,33.33,0.0,27.27,40.0,35.48,26.32,62.5,0.9189662567427488,0.0565112513376952,3.0,9.0,0.22152962,5.0,5.0,5.0,0.1044498599999999,31.0,8.940397350993377,0.0,9.387417218543046,0.1490066225165562,18.327814569536425,1.490066225165563,0.0,0.2980132450331125,1.490066225165563,1.043046357615894,0.4470198675496689,0.2980132450331125,1.6390728476821192,1.6390728476821192,4.917218543046357,0.4470198675496689,0.0,0.4470198675496689,0.5960264900662251,2.831125827814569,1.7880794701986755,0.4470198675496689,0.7450331125827815,0.0,0.0,0.0,76.4,33.33,0.0,27.27,40.0,35.48,26.32,62.5,0.1369320581239195,0.0084205506960141,0.4470198675496689,1.3410596026490067,0.0330093804635761,0.7450331125827815,0.7450331125827815,0.7450331125827815,0.0155637208609271,4.619205298013245,ST,62,25,35,15,50,49,18,10,19,19,31,22,44,41,44,26,12,61,24,14,60,35,45,51,50,51,70,28,25,30,55,35,32,45,18,5,28,38,32,56,32,25,10,39,95,25,48,12,78,52,18,8,12,18,30,16,48,45,62,22,12,72,20,12,81,42,60,51,50,51,70,28,25,30,55,35,32,45,15,5,32,65,38,75,32,20,8,48,Veikkausliiga
Mariehamn,3ptum5fjcgw51mqui0gu6uuf4,9184a77akqe3pinkdqdkbzuy2,N. Nurmi,Noah Nurmi,25.0,Defender,Finland,Defender,550.0,2.0,293.0,89.0,841.0,27.0,0.0,3.0,5.0,4.0,1.0,2.0,1.0,1.0,72.0,131.0,1.0,27.0,1836.0,2.0,5.0,12.0,1.0,18.0,1.0,0.0,0.0,81.57,44.06,50.0,100.0,40.0,58.54,57.45,56.25,0.4884244455893856,0.2814024958251698,0.0,15.0,0.2907305,3.0,64.0,83.0,2.171251630000003,587.0,26.96078431372549,0.0980392156862745,14.362745098039216,4.362745098039216,41.22549019607843,1.323529411764706,0.0,0.1470588235294117,0.2450980392156863,0.196078431372549,0.0490196078431372,0.0980392156862745,0.0490196078431372,0.0490196078431372,3.5294117647058827,6.421568627450981,0.0490196078431372,1.323529411764706,0.0980392156862745,0.2450980392156863,0.5882352941176471,0.0490196078431372,0.8823529411764707,0.0490196078431372,0.0,0.0,81.57,44.06,50.0,100.0,40.0,58.54,57.45,56.25,0.0239423747837934,0.0137942399914298,0.0,0.7352941176470589,0.0142514950980392,0.1470588235294117,3.1372549019607847,4.068627450980393,0.1064339034313727,28.77450980392157,CB,76,71,78,100,80,63,34,52,39,37,54,61,21,20,74,98,77,96,56,10,73,33,83,92,50,51,31,62,91,97,84,56,44,28,31,60,21,69,62,43,78,80,91,82,40,64,29,93,38,22,34,31,18,20,44,33,13,13,29,91,69,82,38,4,40,27,60,87,50,51,31,62,91,97,84,56,44,28,13,42,21,47,40,36,47,53,58,53,Veikkausliiga
Mariehamn,3ptum5fjcgw51mqui0gu6uuf4,9j6wrg04o32zuepsj675m104p,J. Svedberg,Jonathan Svedberg,27.0,Midfielder,Sweden,Striker,128.0,19.0,238.0,12.0,347.0,12.0,3.0,20.0,16.0,7.0,9.0,5.0,5.0,5.0,28.0,7.0,1.0,5.0,765.0,4.0,14.0,9.0,0.0,5.0,0.0,0.0,0.0,80.89,32.43,26.76,0.0,25.0,46.67,54.55,71.43,1.2952392050155443,2.4291518357648263,8.0,22.0,0.52146912,10.0,45.0,65.0,1.6488048200000007,188.0,15.058823529411764,2.235294117647059,28.0,1.411764705882353,40.8235294117647,1.411764705882353,0.3529411764705882,2.3529411764705883,1.8823529411764703,0.8235294117647058,1.0588235294117647,0.5882352941176471,0.5882352941176471,0.5882352941176471,3.294117647058824,0.8235294117647058,0.1176470588235294,0.5882352941176471,0.4705882352941176,1.6470588235294117,1.0588235294117647,0.0,0.5882352941176471,0.0,0.0,0.0,80.89,32.43,26.76,0.0,25.0,46.67,54.55,71.43,0.1523810829430052,0.2857825689135089,0.9411764705882352,2.588235294117647,0.0613493082352941,1.1764705882352942,5.294117647058823,7.647058823529412,0.1939770376470589,22.11764705882353,CM/AM,59,89,73,58,70,86,86,76,65,57,80,65,9,9,34,38,49,53,54,22,35,4,31,51,46,50,49,11,59,4,28,49,76,88,59,84,81,59,49,59,76,78,68,73,76,97,86,57,86,92,100,97,78,57,84,70,8,8,30,41,54,59,62,22,35,4,30,51,46,50,49,11,59,4,28,49,76,88,73,97,89,68,59,70,89,89,76,86,Veikkausliiga
Mariehamn,3ptum5fjcgw51mqui0gu6uuf4,aipi6decyxanooe0jwf129qtw,F. Gyamfi,Foster Gyamfi,22.0,Defender,Ghana,Defender,198.0,1.0,101.0,26.0,298.0,19.0,1.0,5.0,9.0,6.0,3.0,2.0,9.0,9.0,47.0,55.0,0.0,19.0,630.0,2.0,14.0,4.0,6.0,13.0,1.0,0.0,0.0,82.55,50.98,33.33,66.67,22.22,58.02,55.88,72.22,0.6923250201613678,0.1969067231282775,2.0,9.0,0.18241669,4.0,24.0,29.0,0.8580288400000006,200.0,28.285714285714285,0.1428571428571428,14.428571428571429,3.7142857142857135,42.57142857142857,2.7142857142857144,0.1428571428571428,0.7142857142857143,1.2857142857142858,0.8571428571428571,0.4285714285714285,0.2857142857142857,1.2857142857142858,1.2857142857142858,6.714285714285714,7.857142857142857,0.0,2.7142857142857144,0.2857142857142857,2.0,0.5714285714285714,0.8571428571428571,1.8571428571428568,0.1428571428571428,0.0,0.0,82.55,50.98,33.33,66.67,22.22,58.02,55.88,72.22,0.0989035743087668,0.0281295318754682,0.2857142857142857,1.2857142857142858,0.0260595271428571,0.5714285714285714,3.4285714285714284,4.142857142857143,0.1225755485714286,28.571428571428573,CB,29,62,18,42,20,32,81,70,70,58,79,61,70,70,44,53,31,79,56,56,23,74,71,92,50,51,38,89,84,84,44,53,38,74,53,49,69,42,38,49,26,24,31,29,47,71,31,82,42,76,93,91,89,87,89,78,87,87,100,100,31,100,82,84,38,91,100,100,50,51,38,89,84,84,44,53,38,74,78,71,82,71,67,73,53,56,84,51,Veikkausliiga
Mariehamn,3ptum5fjcgw51mqui0gu6uuf4,djrkg0gezih1ptm9dglenxgtm,T. Jakobsen,Thomas Jakobsen,27.0,Attacker,Norway,Striker,11.0,0.0,25.0,0.0,36.0,8.0,0.0,0.0,15.0,12.0,3.0,2.0,11.0,11.0,28.0,2.0,1.0,0.0,387.0,5.0,22.0,11.0,2.0,5.0,0.0,0.0,0.0,53.73,0.0,0.0,18.18,33.33,48.28,50.0,71.43,1.388956978240087,0.0,4.0,4.0,0.12376612,0.0,6.0,7.0,0.1361318899999999,16.0,2.558139534883721,0.0,5.813953488372094,0.0,8.372093023255815,1.8604651162790693,0.0,0.0,3.488372093023256,2.7906976744186047,0.6976744186046512,0.4651162790697674,2.558139534883721,2.558139534883721,6.511627906976744,0.4651162790697674,0.2325581395348837,0.0,1.162790697674419,5.116279069767442,2.558139534883721,0.4651162790697674,1.162790697674419,0.0,0.0,0.0,53.73,0.0,0.0,18.18,33.33,48.28,50.0,71.43,0.3230132507535086,0.0,0.9302325581395348,0.9302325581395348,0.0287828186046511,0.0,1.3953488372093024,1.627906976744186,0.0316585790697674,3.72093023255814,ST,10,25,10,4,9,45,18,2,36,36,31,22,44,41,35,14,30,14,32,30,52,28,45,51,50,51,2,4,25,18,32,88,85,65,30,2,38,20,20,8,45,36,18,18,10,25,10,4,8,62,18,2,82,80,70,32,85,78,88,25,40,14,68,55,100,48,85,51,50,51,2,4,25,18,32,88,85,65,72,2,82,30,25,8,85,62,20,22,Veikkausliiga
Mariehamn,3ptum5fjcgw51mqui0gu6uuf4,dx4ozcnl5ulrteevsakktp8us,Rui Monteiro,Rui Barbosa Monteiro,23.0,Attacker,Portugal,Striker,20.0,2.0,90.0,2.0,108.0,3.0,0.0,8.0,6.0,4.0,2.0,3.0,15.0,16.0,11.0,2.0,1.0,2.0,318.0,3.0,24.0,2.0,5.0,0.0,0.0,0.0,0.0,81.82,66.67,50.0,33.33,50.0,36.67,0.0,0.0,0.5365857706140924,0.5829128811288878,1.0,22.0,0.7920444699999999,5.0,9.0,12.0,0.68610038,43.0,5.660377358490567,0.5660377358490566,25.471698113207548,0.5660377358490566,30.56603773584905,0.8490566037735849,0.0,2.2641509433962264,1.69811320754717,1.1320754716981132,0.5660377358490566,0.8490566037735849,4.245283018867925,4.528301886792453,3.113207547169812,0.5660377358490566,0.2830188679245283,0.5660377358490566,0.8490566037735849,6.79245283018868,0.5660377358490566,1.4150943396226416,0.0,0.0,0.0,0.0,81.82,66.67,50.0,33.33,50.0,36.67,0.0,0.0,0.151863897343611,0.1649753437157229,0.2830188679245283,6.226415094339623,0.224163529245283,1.4150943396226416,2.547169811320755,3.39622641509434,0.1941793528301886,12.169811320754718,RW,22,28,44,17,44,50,22,33,11,11,56,50,44,33,11,17,33,39,44,22,11,28,11,44,56,56,78,94,94,11,100,11,11,11,11,33,28,56,56,44,28,39,33,44,33,78,100,44,78,67,22,100,56,44,89,100,100,100,11,44,89,56,100,89,11,67,11,44,56,56,78,94,94,11,100,11,11,11,56,89,44,100,100,89,89,89,89,89,Veikkausliiga
Mariehamn,3ptum5fjcgw51mqui0gu6uuf4,f4s0ivvfhlpuugt6prrasobv8,V. Widlund,Viktor Widlund,24.0,Midfielder,Sweden,Midfielder,39.0,0.0,85.0,4.0,124.0,5.0,1.0,8.0,7.0,5.0,2.0,3.0,8.0,8.0,26.0,9.0,0.0,2.0,485.0,3.0,14.0,4.0,3.0,7.0,0.0,0.0,0.0,73.81,50.0,0.0,37.5,42.86,40.0,23.81,50.0,0.5765839161147274,0.3110553587977364,2.0,13.0,0.3185064999999999,6.0,14.0,14.0,0.40237522,62.0,7.237113402061855,0.0,15.77319587628866,0.7422680412371133,23.010309278350515,0.9278350515463916,0.1855670103092783,1.4845360824742266,1.2989690721649485,0.9278350515463916,0.3711340206185566,0.556701030927835,1.4845360824742266,1.4845360824742266,4.824742268041237,1.670103092783505,0.0,0.3711340206185566,0.556701030927835,2.597938144329897,0.7422680412371133,0.556701030927835,1.2989690721649485,0.0,0.0,0.0,73.81,50.0,0.0,37.5,42.86,40.0,23.81,50.0,0.1069949535058256,0.0577216129727758,0.3711340206185566,2.4123711340206184,0.0591042989690721,1.11340206185567,2.597938144329897,2.597938144329897,0.0746675665979381,11.505154639175258,CM/AM,19,12,19,20,19,43,57,31,24,35,24,35,27,23,27,54,15,19,36,22,14,28,46,51,46,50,14,45,12,50,81,24,22,34,24,14,31,23,27,30,30,22,16,27,24,12,32,30,30,70,76,54,43,65,32,62,51,51,65,97,15,30,68,54,24,51,86,51,46,50,14,45,12,50,81,24,22,34,46,16,49,59,54,57,51,32,16,38,Veikkausliiga
Mariehamn,3ptum5fjcgw51mqui0gu6uuf4,u8remrfu8ug41xu71brhukmh,S. Dahlström,Sebastian Dahlström,29.0,Midfielder,Finland,Midfielder,153.0,2.0,161.0,13.0,312.0,7.0,0.0,17.0,10.0,6.0,4.0,3.0,12.0,12.0,49.0,14.0,2.0,9.0,980.0,5.0,28.0,22.0,4.0,8.0,0.0,0.0,0.0,72.9,50.0,33.33,33.33,50.0,43.75,26.92,47.06,0.8809657614317253,1.3104537319655267,4.0,7.0,0.20075322,4.0,32.0,37.0,1.7068604699999996,153.0,14.051020408163264,0.183673469387755,14.785714285714285,1.193877551020408,28.6530612244898,0.6428571428571428,0.0,1.5612244897959182,0.9183673469387756,0.5510204081632653,0.3673469387755101,0.2755102040816326,1.1020408163265305,1.1020408163265305,4.5,1.2857142857142856,0.183673469387755,0.8265306122448979,0.4591836734693877,2.571428571428571,2.020408163265306,0.3673469387755101,0.7346938775510203,0.0,0.0,0.0,72.9,50.0,33.33,33.33,50.0,43.75,26.92,47.06,0.0809050189069951,0.1203477917111198,0.3673469387755101,0.6428571428571428,0.0184365202040816,0.3673469387755101,2.9387755102040813,3.397959183673469,0.1567524921428571,14.051020408163264,DM/CM,29,51,26,32,26,40,29,75,46,62,35,51,53,49,34,34,91,34,78,87,81,43,25,47,51,51,6,50,75,21,96,12,15,18,47,79,40,25,26,24,31,38,59,32,18,53,18,29,9,44,29,91,57,74,32,62,68,65,53,35,91,24,88,94,85,50,9,47,51,51,6,50,75,21,96,12,15,18,62,94,44,9,18,21,34,41,82,26,Veikkausliiga
KuPS,1c7dv8ays675v9kp6a04sd8pq,10qxrh1rh7uyhtm3scj8glqs,N. Kujasalo,Niilo Kujasalo,22.0,Midfielder,Finland,Midfielder,155.0,2.0,247.0,6.0,400.0,7.0,0.0,4.0,3.0,1.0,2.0,3.0,7.0,8.0,31.0,19.0,0.0,7.0,727.0,0.0,6.0,10.0,3.0,8.0,0.0,0.0,0.0,86.39,28.57,28.57,42.86,0.0,50.0,38.89,72.73,0.2154554174115533,0.2312715240244119,2.0,21.0,0.47431606,14.0,47.0,54.0,1.09246745,214.0,19.188445667125173,0.2475928473177441,30.577716643741404,0.7427785419532325,49.51856946354884,0.8665749656121046,0.0,0.4951856946354883,0.3713892709766162,0.123796423658872,0.2475928473177441,0.3713892709766162,0.8665749656121046,0.9903713892709768,3.837689133425034,2.3521320495185694,0.0,0.8665749656121046,0.0,0.7427785419532325,1.237964236588721,0.3713892709766162,0.9903713892709768,0.0,0.0,0.0,86.39,28.57,28.57,42.86,0.0,50.0,38.89,72.73,0.0266726101334797,0.0286305875683591,0.2475928473177441,2.599724896836314,0.0587186319119669,1.7331499312242091,5.818431911966988,6.6850068775790925,0.1352435632737276,26.492434662998622,DM/CM,32,51,41,13,38,40,29,19,15,13,21,51,28,32,26,53,25,22,7,12,38,29,25,47,51,51,62,12,56,31,7,40,34,81,15,18,25,49,47,81,46,44,38,41,53,68,91,18,74,62,29,15,3,12,18,71,56,56,32,88,25,32,7,26,62,53,24,47,51,51,62,12,56,31,7,40,34,81,3,9,24,97,91,100,85,94,74,85,Veikkausliiga
KuPS,1c7dv8ays675v9kp6a04sd8pq,1g4jvou273uzqsu72llflpu6s,B. Magassa,Brahima Magassa,29.0,Defender,France,Defender,431.0,0.0,254.0,22.0,685.0,32.0,0.0,1.0,11.0,10.0,1.0,2.0,5.0,5.0,74.0,56.0,1.0,10.0,1123.0,3.0,14.0,22.0,3.0,12.0,1.0,0.0,0.0,91.7,43.14,0.0,60.0,27.27,65.49,71.11,60.0,1.2205891865093672,0.0947177223914643,1.0,20.0,0.40640197,9.0,59.0,65.0,1.2547945100000009,389.0,34.54140694568121,0.0,20.35618878005343,1.7631344612644702,54.89759572573464,2.564559216384684,0.0,0.0801424755120213,0.8815672306322351,0.8014247551202137,0.0801424755120213,0.1602849510240427,0.4007123775601068,0.4007123775601068,5.930543187889581,4.487978628673197,0.0801424755120213,0.8014247551202137,0.2404274265360641,1.1219946571682993,1.7631344612644702,0.2404274265360641,0.9617097061442564,0.0801424755120213,0.0,0.0,91.7,43.14,0.0,60.0,27.27,65.49,71.11,60.0,0.097821038990065,0.0075909127473123,0.0801424755120213,1.6028495102404274,0.0325700599287622,0.7212822796081924,4.728406055209261,5.209260908281389,0.1005623382902939,31.17542297417632,CB,64,29,60,37,64,80,34,21,77,82,54,61,54,54,78,56,77,41,78,56,97,62,64,92,50,51,96,56,29,69,62,89,91,33,80,24,52,81,78,81,70,72,42,53,69,29,80,22,76,64,34,16,73,76,58,62,56,51,87,38,80,31,76,51,100,58,69,91,50,51,96,56,29,69,62,89,91,33,76,24,51,80,78,82,80,78,44,64,Veikkausliiga
KuPS,1c7dv8ays675v9kp6a04sd8pq,1s3v8iujq9j1qbhccuun62jft,J. Eskesen,Julius Eskesen,27.0,Midfielder,Denmark,Midfielder,41.0,1.0,46.0,3.0,86.0,2.0,0.0,5.0,1.0,0.0,1.0,0.0,8.0,8.0,16.0,3.0,0.0,1.0,231.0,0.0,5.0,4.0,4.0,3.0,0.0,0.0,0.0,82.69,50.0,33.33,50.0,0.0,61.54,66.67,50.0,0.029005529885738,0.3379170312616898,0.0,4.0,0.09691446,3.0,3.0,5.0,0.2394650999999999,33.0,15.974025974025972,0.3896103896103896,17.92207792207792,1.1688311688311688,33.506493506493506,0.7792207792207791,0.0,1.948051948051948,0.3896103896103896,0.0,0.3896103896103896,0.0,3.1168831168831166,3.1168831168831166,6.233766233766233,1.1688311688311688,0.0,0.3896103896103896,0.0,1.948051948051948,1.5584415584415583,1.5584415584415583,1.1688311688311688,0.0,0.0,0.0,82.69,50.0,33.33,50.0,0.0,61.54,66.67,50.0,0.0113008557996381,0.1316559862058531,0.0,1.5584415584415583,0.0377588805194805,1.1688311688311688,1.1688311688311688,1.948051948051948,0.0932980909090908,12.857142857142856,CM/AM,22,24,4,15,7,18,23,14,3,4,8,4,27,23,14,11,15,11,5,9,14,45,23,51,46,50,62,45,68,76,5,100,97,34,3,16,3,9,8,16,5,5,11,7,81,35,49,46,65,65,23,86,3,4,35,4,95,95,86,78,15,35,5,30,70,95,76,51,46,50,62,45,68,76,5,100,97,34,3,51,3,35,30,68,11,16,30,54,Veikkausliiga
KuPS,1c7dv8ays675v9kp6a04sd8pq,2eibwkyep3uk1zbe1u1lyo4fe,T. Hämäläinen,Taneli Hämäläinen,25.0,Defender,Finland,Defender,603.0,7.0,348.0,37.0,944.0,30.0,1.0,6.0,4.0,3.0,1.0,3.0,9.0,10.0,72.0,71.0,0.0,13.0,1423.0,0.0,13.0,10.0,8.0,14.0,0.0,0.0,0.0,90.86,52.86,31.82,88.89,0.0,66.06,66.67,58.33,0.2280497845864579,0.6432607725562525,1.0,24.0,0.52921258,9.0,61.0,66.0,2.7151761999999984,511.0,38.137737174982426,0.4427266338721011,22.009838369641603,2.340126493323963,59.70484891075193,1.8973998594518624,0.0632466619817287,0.3794799718903724,0.2529866479269149,0.1897399859451862,0.0632466619817287,0.1897399859451862,0.5692199578355587,0.6324666198172874,4.553759662684469,4.49051300070274,0.0,0.8222066057624736,0.0,0.8222066057624736,0.6324666198172874,0.5059732958538299,0.8854532677442023,0.0,0.0,0.0,90.86,52.86,31.82,88.89,0.0,66.06,66.67,58.33,0.0144233876407457,0.0406840966479709,0.0632466619817287,1.5179198875614897,0.0334709291637385,0.5692199578355587,3.858046380885453,4.174279690794097,0.1717258313422346,32.31904427266338,RB/RCB,100,80,95,90,100,95,62,50,40,48,32,85,48,55,75,95,40,75,12,45,50,68,57,45,52,52,100,95,90,100,12,100,90,35,20,60,40,80,75,65,95,92,95,100,100,55,95,75,100,95,50,35,20,40,25,85,30,35,60,90,40,35,12,30,30,60,20,45,52,52,100,95,90,100,12,100,90,35,15,50,35,50,45,35,85,85,85,100,Veikkausliiga
KuPS,1c7dv8ays675v9kp6a04sd8pq,2vvnbkdgeje34aivohozzvm5l,A. Heinonen,Arttu Heinonen,27.0,Midfielder,Finland,Midfielder,60.0,0.0,70.0,2.0,130.0,6.0,0.0,4.0,3.0,3.0,0.0,0.0,6.0,8.0,24.0,6.0,1.0,2.0,348.0,2.0,8.0,9.0,0.0,7.0,0.0,0.0,0.0,81.76,20.0,0.0,0.0,66.67,46.15,60.0,70.0,0.3544131951106047,0.2698497999721113,0.0,6.0,0.14550562,4.0,9.0,13.0,0.43253858,49.0,15.517241379310343,0.0,18.103448275862068,0.5172413793103449,33.62068965517241,1.5517241379310345,0.0,1.0344827586206895,0.7758620689655172,0.7758620689655172,0.0,0.0,1.5517241379310345,2.0689655172413794,6.206896551724138,1.5517241379310345,0.2586206896551724,0.5172413793103449,0.5172413793103449,2.0689655172413794,2.327586206896552,0.0,1.8103448275862069,0.0,0.0,0.0,81.76,20.0,0.0,0.0,66.67,46.15,60.0,70.0,0.0916585849423977,0.0697887413720977,0.0,1.5517241379310345,0.0376307637931034,1.0344827586206895,2.327586206896552,3.362068965517241,0.1118634258620689,12.672413793103448,DM/CM,9,16,15,9,9,32,29,19,15,29,4,9,24,32,18,19,66,6,35,25,28,7,21,47,51,51,24,6,16,7,100,18,85,71,18,21,4,18,24,24,15,12,15,9,41,16,38,9,38,85,29,74,41,85,4,9,85,91,91,59,97,6,94,82,94,7,91,47,51,51,24,6,16,7,100,18,85,71,71,71,4,56,59,85,12,38,59,15,Veikkausliiga
KuPS,1c7dv8ays675v9kp6a04sd8pq,2yyodldan4gscxb0jjrpkygyy,J. Luyeye-Lutumba,Joslyn Luyeye-Lutumba,23.0,Attacker,Finland,Striker,57.0,4.0,154.0,3.0,207.0,13.0,2.0,21.0,35.0,28.0,7.0,8.0,20.0,21.0,54.0,5.0,5.0,5.0,1251.0,16.0,70.0,18.0,6.0,9.0,0.0,0.0,0.0,79.62,27.27,40.0,30.0,45.71,34.84,26.0,52.94,3.8497413152469537,1.7285866726890045,4.0,32.0,0.9647905799999996,15.0,15.0,19.0,1.20660112,74.0,4.100719424460432,0.2877697841726618,11.079136690647482,0.2158273381294964,14.892086330935252,0.935251798561151,0.1438848920863309,1.5107913669064748,2.517985611510792,2.014388489208633,0.5035971223021583,0.5755395683453237,1.4388489208633093,1.5107913669064748,3.884892086330935,0.3597122302158273,0.3597122302158273,0.3597122302158273,1.1510791366906474,5.035971223021583,1.2949640287769784,0.4316546762589928,0.6474820143884892,0.0,0.0,0.0,79.62,27.27,40.0,30.0,45.71,34.84,26.0,52.94,0.2769598068522988,0.1243587534308636,0.2877697841726618,2.302158273381295,0.0694093942446042,1.079136690647482,1.079136690647482,1.3669064748201438,0.086805835971223,5.323741007194244,ST,60,78,82,50,78,59,76,88,79,80,66,78,78,72,74,45,81,81,80,75,81,54,79,51,50,51,82,14,96,35,79,32,30,22,78,88,38,95,95,100,75,65,80,78,40,72,68,22,57,40,72,82,48,57,45,55,40,38,38,18,65,70,65,50,52,40,52,51,50,51,82,14,96,35,79,32,30,22,50,78,10,82,75,88,55,50,72,65,Veikkausliiga
KuPS,1c7dv8ays675v9kp6a04sd8pq,3ani6i6zvyyz715jalqfbcvoq,A. Lötjönen,Arttu Lötjönen,22.0,Defender,Finland,Defender,574.0,0.0,370.0,48.0,944.0,21.0,0.0,4.0,2.0,2.0,0.0,1.0,2.0,2.0,46.0,85.0,0.0,5.0,1338.0,0.0,9.0,9.0,1.0,10.0,1.0,0.0,0.0,91.3,48.98,0.0,50.0,0.0,48.94,45.65,66.67,0.2425056407095785,0.1732438042118101,0.0,16.0,0.33367017,5.0,96.0,103.0,1.7925941600000022,601.0,38.609865470852014,0.0,24.887892376681613,3.2286995515695067,63.49775784753363,1.412556053811659,0.0,0.2690582959641255,0.1345291479820627,0.1345291479820627,0.0,0.0672645739910313,0.1345291479820627,0.1345291479820627,3.094170403587444,5.717488789237668,0.0,0.3363228699551569,0.0,0.6053811659192825,0.6053811659192825,0.0672645739910313,0.6726457399103138,0.0672645739910313,0.0,0.0,91.3,48.98,0.0,50.0,0.0,48.94,45.65,66.67,0.0163120386127519,0.011653170686893,0.0,1.0762331838565022,0.022444181838565,0.3363228699551569,6.457399103139013,6.928251121076233,0.1205780825112109,40.42600896860986,CB,82,29,91,73,82,41,34,61,16,18,20,37,36,34,40,78,31,16,11,31,57,33,54,92,50,51,93,82,29,59,11,18,16,58,13,47,21,71,69,59,93,93,73,84,80,29,98,71,89,24,34,64,9,13,20,27,36,33,16,78,31,4,11,22,44,29,40,89,50,51,93,82,29,59,11,18,16,58,9,31,21,64,60,53,100,100,80,84,Veikkausliiga
KuPS,1c7dv8ays675v9kp6a04sd8pq,495xdhu4x5bvngu75pel55ko9,T. Jyry,Tommi Jyry,27.0,Midfielder,Finland,Midfielder,75.0,3.0,146.0,9.0,218.0,0.0,1.0,8.0,10.0,3.0,7.0,3.0,6.0,6.0,13.0,4.0,1.0,3.0,524.0,2.0,14.0,5.0,2.0,1.0,0.0,0.0,0.0,91.98,90.0,33.33,33.33,20.0,36.11,0.0,16.67,0.4318324879974378,0.7972144475256169,4.0,18.0,0.5979459999999999,9.0,23.0,25.0,1.1862432900000004,104.0,12.881679389312978,0.5152671755725191,25.0763358778626,1.545801526717557,37.44274809160306,0.0,0.1717557251908397,1.3740458015267176,1.717557251908397,0.5152671755725191,1.202290076335878,0.5152671755725191,1.0305343511450382,1.0305343511450382,2.232824427480916,0.6870229007633588,0.1717557251908397,0.5152671755725191,0.3435114503816794,2.404580152671756,0.8587786259541985,0.3435114503816794,0.1717557251908397,0.0,0.0,0.0,91.98,90.0,33.33,33.33,20.0,36.11,0.0,16.67,0.0741697021369645,0.1369261455673769,0.6870229007633588,3.0916030534351147,0.1027006488549618,1.545801526717557,3.950381679389313,4.293893129770993,0.2037440765267176,17.862595419847327,CM/AM,38,39,35,47,35,3,57,31,43,19,72,35,14,14,8,14,49,30,19,22,26,14,9,51,46,50,100,100,68,34,14,16,3,8,19,38,59,50,59,55,45,35,46,41,62,46,81,62,73,3,70,51,73,38,89,54,30,22,5,30,76,54,35,49,30,30,11,51,46,50,100,100,68,34,14,16,3,8,30,59,76,84,84,84,68,65,78,70,Veikkausliiga
KuPS,1c7dv8ays675v9kp6a04sd8pq,4fg01i3o0o1dtfzeq5shyvlsk,A. Puukko,Akseli Puukko,20.0,Defender,Finland,Defender,71.0,5.0,95.0,3.0,161.0,2.0,2.0,7.0,4.0,2.0,2.0,0.0,8.0,9.0,19.0,9.0,0.0,4.0,515.0,3.0,15.0,7.0,5.0,3.0,0.0,0.0,0.0,82.56,25.0,20.83,62.5,75.0,63.33,50.0,60.0,0.3477491982161493,0.9238329898260648,1.0,16.0,0.50902419,7.0,10.0,12.0,1.320257770000001,53.0,12.40776699029126,0.8737864077669902,16.601941747572816,0.5242718446601942,28.135922330097088,0.3495145631067961,0.3495145631067961,1.2233009708737863,0.6990291262135923,0.3495145631067961,0.3495145631067961,0.0,1.3980582524271843,1.5728155339805825,3.320388349514563,1.5728155339805825,0.0,0.6990291262135923,0.5242718446601942,2.621359223300971,1.2233009708737863,0.8737864077669902,0.5242718446601942,0.0,0.0,0.0,82.56,25.0,20.83,62.5,75.0,63.33,50.0,60.0,0.060771704542628,0.1614465419113511,0.174757281553398,2.796116504854369,0.0889556836893203,1.2233009708737863,1.7475728155339805,2.0970873786407767,0.2307246588349516,9.262135922330096,RB/RCB,15,62,40,10,25,8,85,62,40,32,70,22,38,42,20,10,40,25,75,60,38,48,10,45,52,52,75,5,55,85,100,95,60,40,45,80,40,57,65,52,22,20,45,10,30,95,70,10,40,5,100,90,75,60,85,22,60,65,25,10,40,30,85,90,55,70,5,45,52,52,75,5,55,85,100,95,60,40,65,95,70,95,100,85,35,25,90,15,Veikkausliiga
KuPS,1c7dv8ays675v9kp6a04sd8pq,59d5otjevb4zussjofufdg4ph,P. Pennanen,Petteri Pennanen,35.0,Midfielder,Finland,Midfielder,541.0,20.0,698.0,41.0,1219.0,6.0,3.0,30.0,44.0,12.0,32.0,16.0,13.0,14.0,55.0,19.0,4.0,17.0,1671.0,12.0,44.0,20.0,3.0,15.0,0.0,0.0,0.0,91.52,62.12,23.81,23.08,27.27,53.4,54.55,57.69,2.7644757788962693,3.0762975931266263,20.0,59.0,1.399433069999999,29.0,123.0,169.0,4.058918189999993,646.0,29.138240574506284,1.0771992818671454,37.59425493716338,2.208258527827648,65.65529622980252,0.3231597845601436,0.1615798922800718,1.615798922800718,2.36983842010772,0.6463195691202872,1.7235188509874326,0.8617594254937163,0.7001795332136446,0.7540394973070018,2.96229802513465,1.0233393177737882,0.215439856373429,0.9156193895870736,0.6463195691202872,2.36983842010772,1.0771992818671454,0.1615798922800718,0.8078994614003591,0.0,0.0,0.0,91.52,62.12,23.81,23.08,27.27,53.4,54.55,57.69,0.1488945661883089,0.1656892779062815,1.0771992818671454,3.177737881508079,0.0753734149012566,1.5619389587073609,6.624775583482944,9.10233393177738,0.2186131879712743,34.7935368043088,CM/AM,100,93,100,89,100,53,86,89,97,72,95,97,46,49,69,93,91,97,92,85,73,28,85,51,46,50,97,84,54,22,39,81,76,54,97,86,95,92,92,97,97,97,92,100,100,73,95,86,100,22,68,65,97,41,97,95,11,11,19,70,84,81,76,46,38,8,57,51,46,50,97,84,54,22,39,81,76,54,68,81,97,86,76,86,92,95,86,97,Veikkausliiga
KuPS,1c7dv8ays675v9kp6a04sd8pq,5gzobg231vp6fnjrrh6k49qz9,G. Engvall,Gustav Engvall,30.0,Attacker,Sweden,Striker,75.0,1.0,174.0,4.0,248.0,2.0,3.0,16.0,35.0,27.0,8.0,11.0,46.0,46.0,42.0,2.0,3.0,8.0,1076.0,16.0,74.0,11.0,18.0,5.0,0.0,0.0,0.0,76.78,50.0,20.0,39.13,45.71,39.25,22.22,45.45,3.368052218286823,1.1906510243706137,9.0,24.0,0.6262167299999999,8.0,19.0,22.0,1.2393728100000003,106.0,6.273234200743494,0.0836431226765799,14.553903345724908,0.3345724907063197,20.74349442379182,0.1672862453531598,0.2509293680297397,1.338289962825279,2.9275092936802976,2.2583643122676578,0.6691449814126395,0.9200743494423792,3.8475836431226766,3.8475836431226766,3.513011152416357,0.1672862453531598,0.2509293680297397,0.6691449814126395,1.338289962825279,6.189591078066915,0.9200743494423792,1.5055762081784387,0.4182156133828996,0.0,0.0,0.0,76.78,50.0,20.0,39.13,45.71,39.25,22.22,45.45,0.2817144048752918,0.0995897696964267,0.7527881040892194,2.007434944237918,0.0523787227695167,0.6691449814126395,1.5892193308550189,1.8401486988847584,0.1036650119888476,8.866171003717472,ST,78,57,88,60,85,14,91,76,79,78,75,88,100,100,57,14,66,94,80,78,52,100,45,51,50,51,72,66,65,55,79,45,24,10,75,70,70,85,75,78,84,78,82,85,85,57,88,38,88,10,88,70,65,62,65,88,98,98,30,8,45,90,75,75,35,92,35,51,50,51,72,66,65,55,79,45,24,10,55,62,60,78,72,72,88,80,82,95,Veikkausliiga
KuPS,1c7dv8ays675v9kp6a04sd8pq,5irotktf4k5ynobf0zugdom0a,C. Antwi,Clinton Antwi,26.0,Defender,Ghana,Defender,385.0,37.0,670.0,46.0,1018.0,11.0,2.0,41.0,22.0,6.0,16.0,12.0,28.0,28.0,53.0,45.0,0.0,17.0,1763.0,2.0,19.0,10.0,19.0,9.0,0.0,0.0,0.0,87.61,50.55,30.83,67.86,9.09,46.49,37.93,69.23,1.2072950778628553,3.834229512306896,11.0,40.0,0.9399445599999998,23.0,131.0,178.0,5.31967419,523.0,19.653998865570053,1.888825865002836,34.20306296086217,2.3482699943278504,51.968235961429386,0.5615428247305729,0.1020986954055587,2.0930232558139537,1.123085649461146,0.3062960862166761,0.8167895632444697,0.6125921724333523,1.429381735677822,1.429381735677822,2.705615428247306,2.297220646625071,0.0,0.8678389109472491,0.1020986954055587,0.9699376063528076,0.5104934770277936,0.9699376063528076,0.4594441293250141,0.0,0.0,0.0,87.61,50.55,30.83,67.86,9.09,46.49,37.93,69.23,0.0616316262096749,0.1957349155460128,0.5615428247305729,2.0419739081111743,0.0479835566647759,1.1741349971639252,6.687464549064096,9.086783891094726,0.2715658973908111,26.698808848553604,LB/LCB,84,87,100,89,95,53,68,84,95,74,100,100,84,76,37,68,39,61,58,58,55,89,26,45,53,53,89,89,61,68,32,11,16,58,79,84,84,84,84,84,100,100,100,95,79,84,100,68,95,21,68,79,89,42,95,95,63,63,5,37,39,32,42,37,32,68,11,45,53,53,89,89,61,68,32,11,16,58,63,79,84,74,74,74,100,100,89,89,Veikkausliiga
KuPS,1c7dv8ays675v9kp6a04sd8pq,5ojtb45gyd00i0chyku6btuxh,J. Moreno,Jaime Moreno,31.0,Attacker,Nicaragua,Striker,63.0,0.0,116.0,9.0,179.0,39.0,2.0,16.0,72.0,55.0,17.0,20.0,17.0,22.0,78.0,31.0,10.0,0.0,1419.0,28.0,105.0,18.0,9.0,8.0,0.0,0.0,0.0,67.04,47.37,0.0,52.94,38.89,44.57,45.88,66.67,6.902037273159777,1.4242901882059829,12.0,14.0,0.3819227999999999,7.0,17.0,28.0,1.14140333,82.0,3.995771670190275,0.0,7.357293868921776,0.5708245243128964,11.35306553911205,2.473572938689218,0.1268498942917547,1.014799154334038,4.5665961945031714,3.488372093023256,1.0782241014799154,1.2684989429175475,1.0782241014799154,1.3953488372093024,4.947145877378436,1.9661733615221983,0.6342494714587738,0.0,1.7758985200845665,6.659619450317124,1.1416490486257929,0.5708245243128964,0.507399577167019,0.0,0.0,0.0,67.04,47.37,0.0,52.94,38.89,44.57,45.88,66.67,0.4377613492490345,0.0903355299073562,0.7610993657505285,0.8879492600422833,0.0242234334038054,0.4439746300211416,1.0782241014799154,1.7758985200845665,0.0723934458773784,5.200845665961944,ST,70,25,70,81,68,92,76,76,100,98,100,100,57,79,88,100,94,14,98,92,81,78,71,51,50,51,25,52,25,94,45,68,75,52,95,78,92,59,48,71,80,85,78,80,35,25,30,70,32,75,55,50,100,95,95,95,30,35,65,100,95,14,92,88,48,57,48,51,50,51,25,52,25,94,45,68,75,52,92,57,62,25,20,48,52,75,60,57,Veikkausliiga
KuPS,1c7dv8ays675v9kp6a04sd8pq,5skki9qedwo05d1scee0obu1h,S. Savolainen,Saku Savolainen,30.0,Attacker,Finland,Striker,169.0,7.0,212.0,16.0,374.0,25.0,2.0,17.0,9.0,8.0,1.0,1.0,7.0,7.0,51.0,29.0,1.0,8.0,1062.0,2.0,41.0,8.0,4.0,7.0,1.0,0.0,0.0,79.74,43.24,25.93,57.14,22.22,52.58,59.52,50.0,1.1787075324423515,1.4992393807775386,2.0,19.0,0.5298135199999999,9.0,19.0,28.0,1.814208070000002,137.0,14.322033898305085,0.5932203389830508,17.966101694915253,1.3559322033898304,31.694915254237287,2.11864406779661,0.1694915254237288,1.4406779661016949,0.7627118644067796,0.6779661016949152,0.0847457627118644,0.0847457627118644,0.5932203389830508,0.5932203389830508,4.322033898305085,2.4576271186440675,0.0847457627118644,0.6779661016949152,0.1694915254237288,3.4745762711864403,0.6779661016949152,0.3389830508474576,0.5932203389830508,0.0847457627118644,0.0,0.0,79.74,43.24,25.93,57.14,22.22,52.58,59.52,50.0,0.0998904688510467,0.1270541848116558,0.1694915254237288,1.6101694915254237,0.0448994508474576,0.7627118644067796,1.6101694915254237,2.372881355932204,0.1537464466101696,11.610169491525424,RW,100,89,56,100,89,89,83,61,56,50,44,11,11,11,56,100,33,78,22,78,44,11,56,94,56,56,67,56,78,78,22,100,100,39,67,67,44,44,33,67,56,56,67,78,100,89,78,100,89,100,78,56,11,33,44,11,11,11,44,100,22,78,11,44,22,11,33,100,56,56,67,56,78,78,22,100,100,39,22,67,22,11,11,44,33,44,56,78,Veikkausliiga
KuPS,1c7dv8ays675v9kp6a04sd8pq,6zxmiojkikr9no952g862h3is,B. Armah,Bob Armah,22.0,Defender,Ghana,Defender,155.0,2.0,296.0,15.0,449.0,6.0,3.0,19.0,37.0,24.0,13.0,10.0,65.0,69.0,85.0,10.0,5.0,13.0,1160.0,12.0,78.0,22.0,28.0,23.0,0.0,0.0,0.0,83.93,46.88,18.18,43.08,32.43,43.81,26.09,79.31,3.330246431181992,1.4668121173050417,15.0,55.0,1.850901799999999,24.0,37.0,42.0,1.50752979,166.0,12.025862068965516,0.1551724137931034,22.96551724137931,1.1637931034482758,34.83620689655172,0.4655172413793103,0.2327586206896551,1.4741379310344829,2.8706896551724137,1.862068965517241,1.0086206896551724,0.7758620689655172,5.043103448275862,5.3534482758620685,6.594827586206896,0.7758620689655172,0.3879310344827586,1.0086206896551724,0.9310344827586208,6.051724137931035,1.706896551724138,2.1724137931034484,1.7844827586206895,0.0,0.0,0.0,83.93,46.88,18.18,43.08,32.43,43.81,26.09,79.31,0.258381188626189,0.113804388411598,1.1637931034482758,4.267241379310344,0.1436044499999999,1.862068965517241,2.8706896551724137,3.258620689655172,0.1169635181896551,12.879310344827584,CB,21,71,80,19,40,8,99,98,100,100,100,100,100,100,90,4,100,58,98,100,97,100,93,42,50,51,47,71,61,47,64,7,9,89,100,96,100,100,100,98,44,44,58,22,13,73,84,11,27,11,98,96,100,100,100,100,100,100,98,2,100,53,100,100,98,100,98,42,50,51,47,71,61,47,64,7,9,89,100,96,100,100,100,100,38,38,73,16,Veikkausliiga
KuPS,1c7dv8ays675v9kp6a04sd8pq,7ied0n6vz7y6owt4c96apsafp,P. Parzyszek,Piotr Parzyszek,33.0,Attacker,Poland,Striker,18.0,1.0,33.0,1.0,50.0,13.0,0.0,5.0,21.0,17.0,4.0,4.0,2.0,2.0,23.0,5.0,2.0,1.0,448.0,11.0,30.0,4.0,1.0,4.0,0.0,0.0,0.0,58.14,50.0,25.0,50.0,52.38,57.5,65.0,80.0,2.6452510231881927,0.3995589841727837,3.0,1.0,0.0199707,0.0,10.0,10.0,0.4359916,19.0,3.616071428571429,0.2008928571428571,6.629464285714286,0.2008928571428571,10.044642857142858,2.611607142857143,0.0,1.0044642857142856,4.21875,3.415178571428571,0.8035714285714286,0.8035714285714286,0.4017857142857143,0.4017857142857143,4.620535714285714,1.0044642857142856,0.4017857142857143,0.2008928571428571,2.2098214285714284,6.026785714285714,0.8035714285714286,0.2008928571428571,0.8035714285714286,0.0,0.0,0.0,58.14,50.0,25.0,50.0,52.38,57.5,65.0,80.0,0.5314120359083423,0.0802685459275681,0.6026785714285714,0.2008928571428571,0.0040119709821428,0.0,2.008928571428571,2.008928571428571,0.0875875982142857,3.8169642857142856,ST,20,57,18,15,18,59,18,30,48,55,44,41,5,5,28,45,49,36,61,38,21,18,34,51,50,51,5,66,80,85,95,98,100,86,65,40,28,6,5,8,64,51,42,26,25,70,18,20,15,80,18,48,95,92,82,82,8,8,55,65,75,48,100,70,28,22,65,51,50,51,5,66,80,85,95,98,100,86,98,48,48,8,5,8,98,85,75,28,Veikkausliiga
KuPS,1c7dv8ays675v9kp6a04sd8pq,a8020on6xt35x63gdi0l0kj8q,S. Touray,Saikou Touray,26.0,Midfielder,Gambia,Midfielder,115.0,3.0,155.0,18.0,267.0,0.0,0.0,6.0,8.0,3.0,5.0,2.0,8.0,8.0,27.0,6.0,0.0,5.0,431.0,2.0,9.0,10.0,4.0,10.0,0.0,0.0,0.0,88.41,60.0,42.86,50.0,25.0,57.45,0.0,76.92,0.4823466533110194,0.4203685846398431,3.0,9.0,0.26200505,7.0,33.0,31.0,0.7956973999999999,130.0,24.013921113689097,0.6264501160092808,32.36658932714617,3.758700696055685,55.75406032482599,0.0,0.0,1.2529002320185616,1.6705336426914157,0.6264501160092808,1.0440835266821349,0.4176334106728538,1.6705336426914157,1.6705336426914157,5.638051044083527,1.2529002320185616,0.0,1.0440835266821349,0.4176334106728538,1.8793503480278424,2.0881670533642693,0.8352668213457077,2.0881670533642693,0.0,0.0,0.0,88.41,60.0,42.86,50.0,25.0,57.45,0.0,76.92,0.1007220389744588,0.0877799828714289,0.6264501160092808,1.8793503480278424,0.0547110313225058,1.4617169373549883,6.890951276102088,6.473317865429235,0.166154909512761,27.1461716937355,DM/CM,21,63,24,41,24,3,29,31,28,29,43,35,35,32,21,19,25,13,35,37,38,43,32,47,51,51,85,82,79,47,51,79,3,88,26,35,35,34,35,44,35,29,26,26,71,88,97,100,94,3,29,82,94,79,91,76,88,85,79,29,25,47,85,76,91,82,97,47,51,51,85,82,79,47,51,79,3,88,79,79,85,71,88,94,97,91,85,88,Veikkausliiga
KuPS,1c7dv8ays675v9kp6a04sd8pq,bmbdwons7wudqebn3o3flm19l,V. Gasc,Valentín Gasc,25.0,Midfielder,Finland,Midfielder,477.0,5.0,547.0,34.0,1019.0,12.0,1.0,16.0,28.0,14.0,14.0,11.0,12.0,12.0,89.0,25.0,2.0,22.0,1617.0,7.0,44.0,32.0,6.0,20.0,0.0,0.0,0.0,89.94,50.0,55.56,50.0,25.0,51.74,48.0,51.28,2.7407442872956973,1.1689653081575289,7.0,43.0,0.9252849299999996,15.0,101.0,92.0,2.2187622100000013,447.0,26.54916512059369,0.2782931354359926,30.44526901669759,1.8923933209647497,56.71614100185529,0.6679035250463823,0.0556586270871985,0.8905380333951763,1.5584415584415583,0.7792207792207793,0.7792207792207793,0.6122448979591837,0.6679035250463823,0.6679035250463823,4.953617810760669,1.391465677179963,0.111317254174397,1.2244897959183674,0.3896103896103896,2.4489795918367347,1.781076066790353,0.3339517625231911,1.1131725417439704,0.0,0.0,0.0,89.94,50.0,55.56,50.0,25.0,51.74,48.0,51.28,0.1525460642279609,0.065063004164612,0.3896103896103896,2.3933209647495364,0.0515000888682745,0.8348794063079779,5.621521335807051,5.120593692022264,0.1234932584415585,24.87940630797774,DM/CM,91,79,97,59,94,69,72,71,94,94,88,91,53,49,79,65,91,74,94,97,94,56,68,47,51,51,94,50,90,47,51,53,56,24,97,74,72,93,91,88,88,79,74,85,85,71,85,47,97,47,71,62,91,88,82,91,38,29,62,41,88,62,79,91,76,44,41,47,51,51,94,50,90,47,51,53,56,24,91,65,50,94,79,71,82,76,68,76,Veikkausliiga
KuPS,1c7dv8ays675v9kp6a04sd8pq,dpqm3menp3xy0tq2gm76bo5hx,K. Adams,Kasim Adams,31.0,Defender,Ghana,Defender,407.0,0.0,229.0,36.0,636.0,27.0,0.0,6.0,3.0,2.0,1.0,1.0,9.0,9.0,36.0,53.0,0.0,11.0,896.0,1.0,5.0,0.0,6.0,3.0,0.0,0.0,0.0,87.97,47.37,0.0,66.67,33.33,67.92,71.05,100.0,0.2501309676374043,0.3145077266427407,1.0,7.0,0.24668783,1.0,54.0,57.0,1.373784969999999,414.0,40.88169642857143,0.0,23.002232142857142,3.616071428571429,63.88392857142857,2.712053571428571,0.0,0.6026785714285714,0.3013392857142857,0.2008928571428571,0.1004464285714285,0.1004464285714285,0.9040178571428572,0.9040178571428572,3.616071428571429,5.323660714285714,0.0,1.1049107142857142,0.1004464285714285,0.5022321428571428,0.0,0.6026785714285714,0.3013392857142857,0.0,0.0,0.0,87.97,47.37,0.0,66.67,33.33,67.92,71.05,100.0,0.0251247623742928,0.0315911778993824,0.1004464285714285,0.703125,0.0247789114955357,0.1004464285714285,5.424107142857142,5.725446428571429,0.137991793861607,41.58482142857143,CB,62,29,53,57,60,63,34,80,21,18,54,37,70,70,30,47,31,47,30,10,2,74,11,42,50,51,71,76,29,84,71,93,89,99,16,62,52,37,51,28,62,61,51,63,84,29,87,80,91,73,34,84,24,22,62,38,78,76,31,60,31,67,40,11,2,84,4,42,50,51,71,76,29,84,71,93,89,99,20,76,62,44,64,22,89,89,93,87,Veikkausliiga
KuPS,1c7dv8ays675v9kp6a04sd8pq,nxt066bqaqw7grehjw514d7t,S. Heiskanen,Saku Heiskanen,24.0,Midfielder,Finland,Midfielder,132.0,22.0,230.0,14.0,340.0,2.0,3.0,20.0,9.0,4.0,5.0,5.0,12.0,13.0,44.0,15.0,0.0,4.0,859.0,3.0,30.0,19.0,4.0,13.0,0.0,0.0,0.0,81.15,41.18,33.85,33.33,33.33,47.31,13.33,68.42,0.5806533486109541,1.9384067812859485,6.0,28.0,0.8640370299999995,17.0,23.0,44.0,2.7508159099999974,141.0,13.830034924330617,2.3050058207217696,24.09778812572759,1.466821885913853,35.62281722933644,0.209545983701979,0.3143189755529685,2.0954598370197903,0.9429569266589056,0.4190919674039581,0.5238649592549476,0.5238649592549476,1.2572759022118742,1.362048894062864,4.610011641443539,1.571594877764843,0.0,0.4190919674039581,0.3143189755529685,3.143189755529686,1.990686845168801,0.4190919674039581,1.362048894062864,0.0,0.0,0.0,81.15,41.18,33.85,33.33,33.33,47.31,13.33,68.42,0.0608367885622652,0.2030926778995755,0.6286379511059371,2.933643771827706,0.0905277447031431,1.7811408614668218,2.409778812572759,4.610011641443539,0.2882112129220021,14.772991850989523,CM/AM,64,97,70,64,65,18,86,76,35,24,57,65,41,39,57,78,15,42,36,65,68,45,70,51,46,50,57,22,73,34,58,54,8,81,27,73,72,74,78,84,45,68,81,58,68,100,76,59,70,16,95,92,24,27,54,59,41,46,57,89,15,41,32,68,84,38,92,51,46,50,57,22,73,34,58,54,8,81,16,89,70,81,81,92,46,68,95,65,Veikkausliiga
SJK,ea3yd0dgq6uy6pupkpn17j5xg,17p2jqe16w5j9qh5f8yr80g7o,O. Väistö,Oskari Väistö,21.0,Defender,Finland,Defender,378.0,0.0,247.0,37.0,625.0,23.0,0.0,3.0,9.0,7.0,2.0,4.0,2.0,2.0,48.0,37.0,0.0,7.0,1109.0,2.0,15.0,9.0,1.0,9.0,1.0,0.0,0.0,87.9,50.0,0.0,50.0,22.22,59.26,56.1,56.25,0.7961119045225598,0.42334516445063,3.0,17.0,0.38068621,10.0,65.0,58.0,1.3411954100000003,395.0,30.67628494138864,0.0,20.04508566275924,3.0027051397655544,50.72137060414788,1.866546438232642,0.0,0.2434625788999098,0.7303877366997295,0.5680793507664562,0.1623083859332732,0.3246167718665464,0.1623083859332732,0.1623083859332732,3.895401262398557,3.0027051397655544,0.0,0.5680793507664562,0.1623083859332732,1.217312894499549,0.7303877366997295,0.0811541929666366,0.7303877366997295,0.0811541929666366,0.0,0.0,87.9,50.0,0.0,50.0,22.22,59.26,56.1,56.25,0.0646078191226603,0.0343562351673189,0.2434625788999098,1.3796212804328225,0.0308942821460775,0.8115419296663661,5.27502254283138,4.706943192064923,0.1088436311091073,32.05590622182146,CB,53,29,56,61,58,51,34,52,70,68,73,82,36,34,49,29,31,26,56,62,57,33,48,92,50,51,69,87,29,59,44,63,40,28,62,76,78,76,76,87,80,64,49,56,53,29,76,64,62,44,34,56,58,56,71,89,38,36,40,18,31,18,62,58,64,33,44,93,50,51,69,87,29,59,44,63,40,28,51,80,80,73,73,87,87,69,62,71,Veikkausliiga
SJK,ea3yd0dgq6uy6pupkpn17j5xg,3h900ulsj68bktnzbti1jvr6y,J. Moisio,Jaakko Moisio,21.0,Defender,Finland,Defender,105.0,2.0,90.0,7.0,193.0,4.0,1.0,8.0,2.0,1.0,1.0,1.0,1.0,1.0,15.0,14.0,0.0,1.0,500.0,1.0,6.0,2.0,0.0,5.0,0.0,0.0,0.0,78.14,26.92,20.0,0.0,50.0,48.39,40.0,55.56,0.1571210868207924,0.7870801311278327,0.0,7.0,0.15585741,3.0,6.0,5.0,0.7613498099999999,59.0,18.9,0.36,16.2,1.26,34.74,0.72,0.18,1.44,0.36,0.18,0.18,0.18,0.18,0.18,2.7,2.52,0.0,0.18,0.18,1.08,0.36,0.0,0.9,0.0,0.0,0.0,78.14,26.92,20.0,0.0,50.0,48.39,40.0,55.56,0.0282817956277426,0.1416744236030098,0.0,1.26,0.0280543338,0.54,1.08,0.9,0.1370429658,10.62,RB/RCB,30,28,32,25,32,22,62,72,15,20,32,60,8,8,15,25,40,5,30,20,12,10,20,45,52,52,35,10,50,10,62,30,40,18,15,65,12,25,25,20,10,10,30,15,65,45,65,35,65,35,85,95,35,35,65,75,5,5,10,35,40,5,55,45,20,10,25,45,52,52,35,10,50,10,62,30,40,18,45,90,12,40,40,30,10,10,70,30,Veikkausliiga
SJK,ea3yd0dgq6uy6pupkpn17j5xg,3zfwycbtlksz95tsqcog03yp6,Kelvin Pires,Kelvin Spencer Pires,26.0,Defender,Cabo Verde,Defender,439.0,0.0,273.0,77.0,712.0,44.0,0.0,1.0,18.0,13.0,5.0,3.0,11.0,13.0,72.0,51.0,1.0,13.0,1219.0,3.0,29.0,11.0,4.0,9.0,0.0,0.0,0.0,85.27,55.4,0.0,36.36,16.67,53.33,57.89,64.29,2.2267261373503384,0.0609666083469059,5.0,17.0,0.35416696,7.0,76.0,83.0,1.5928640700000003,474.0,32.41181296144381,0.0,20.155865463494667,5.68498769483183,52.56767842493848,3.2485643970467595,0.0,0.0738310090237899,1.3289581624282198,0.95980311730927,0.36915504511895,0.2214930270713699,0.8121410992616899,0.95980311730927,5.315832649712879,3.76538146021329,0.0738310090237899,0.95980311730927,0.2214930270713699,2.14109926168991,0.8121410992616899,0.2953240360951599,0.6644790812141099,0.0,0.0,0.0,85.27,55.4,0.0,36.36,16.67,53.33,57.89,64.29,0.1644014375402218,0.0045012262110102,0.36915504511895,1.25512715340443,0.0261485040196882,0.51681706316653,5.611156685808039,6.127973748974569,0.1176027615258408,34.99589827727646,CB,69,29,64,91,71,89,34,21,88,84,88,74,76,78,74,44,77,58,78,84,67,67,48,42,50,51,51,98,29,31,36,33,47,42,91,18,90,76,71,72,87,80,62,76,60,29,78,100,69,89,34,13,91,93,87,71,76,78,78,27,78,49,71,87,73,64,38,42,50,51,51,98,29,31,36,33,47,42,96,13,89,69,69,69,91,93,78,76,Veikkausliiga
SJK,ea3yd0dgq6uy6pupkpn17j5xg,45qku8wdg1zb39amv4marb95g,Kelwin,Kelwin Souza do Nascimento,20.0,Attacker,Brazil,Striker,17.0,1.0,35.0,1.0,51.0,14.0,0.0,2.0,24.0,17.0,7.0,5.0,17.0,18.0,37.0,1.0,3.0,1.0,673.0,11.0,34.0,12.0,6.0,3.0,0.0,0.0,0.0,68.0,50.0,14.29,35.29,45.83,36.27,36.84,60.0,2.097713399526553,0.1045713779109231,8.0,3.0,0.10519133,3.0,1.0,5.0,0.15302659,15.0,2.273402674591382,0.1337295690936107,4.680534918276375,0.1337295690936107,6.820208023774145,1.8722139673105496,0.0,0.2674591381872214,3.209509658246657,2.273402674591382,0.9361069836552748,0.6686478454680534,2.273402674591382,2.4071322436849925,4.947994056463596,0.1337295690936107,0.4011887072808321,0.1337295690936107,1.4710252600297176,4.546805349182764,1.6047548291233285,0.8023774145616642,0.4011887072808321,0.0,0.0,0.0,68.0,50.0,14.29,35.29,45.83,36.27,36.84,60.0,0.2805263090005791,0.0139842853075528,1.0698365527488856,0.4011887072808321,0.0140671912332838,0.4011887072808321,0.1337295690936107,0.6686478454680534,0.0204641799405646,2.0059435364041605,ST,16,57,20,15,20,62,18,10,56,55,66,56,57,56,51,4,66,36,61,44,60,54,26,51,50,51,30,66,59,50,82,40,48,40,50,12,62,11,15,39,2,25,20,12,8,62,2,8,2,65,18,5,72,65,88,72,68,68,68,2,72,35,90,40,65,70,28,51,50,51,30,66,59,50,82,40,48,40,52,8,88,10,10,45,2,18,15,2,Veikkausliiga
SJK,ea3yd0dgq6uy6pupkpn17j5xg,4a8qjfagq2xr6wqsv875jth0q,V. Hänninen,Vertti Hänninen,24.0,Midfielder,Finland,Midfielder,35.0,3.0,41.0,4.0,73.0,1.0,1.0,2.0,2.0,2.0,0.0,1.0,7.0,8.0,11.0,2.0,0.0,4.0,273.0,0.0,8.0,1.0,3.0,5.0,0.0,0.0,0.0,75.26,40.0,17.65,42.86,0.0,37.93,50.0,83.33,0.1673352325681172,0.1170326770022196,0.0,2.0,0.03682666,0.0,8.0,7.0,0.15215504,25.0,11.538461538461538,0.989010989010989,13.516483516483516,1.3186813186813189,24.065934065934066,0.3296703296703296,0.3296703296703296,0.6593406593406593,0.6593406593406593,0.6593406593406593,0.0,0.3296703296703296,2.307692307692308,2.6373626373626373,3.6263736263736255,0.6593406593406593,0.0,1.3186813186813189,0.0,2.6373626373626373,0.3296703296703296,0.989010989010989,1.6483516483516485,0.0,0.0,0.0,75.26,40.0,17.65,42.86,0.0,37.93,50.0,83.33,0.0551654612861924,0.0385822012095229,0.0,0.6593406593406593,0.0121406571428571,0.0,2.6373626373626373,2.307692307692308,0.0501610021978021,8.241758241758243,RM/RCM,17,33,17,17,17,25,67,33,33,50,17,42,33,33,17,17,33,33,25,50,17,50,33,58,58,58,33,33,17,83,25,17,67,100,33,33,17,33,33,25,17,17,17,17,67,83,33,50,50,67,100,33,50,50,17,50,83,83,33,50,33,67,25,83,17,67,83,58,58,58,33,33,17,83,25,17,67,100,50,33,17,33,33,25,83,17,17,33,Veikkausliiga
SJK,ea3yd0dgq6uy6pupkpn17j5xg,6579suybbobyazw9em1ztg844,Caio Araújo,Caio de Oliveira Araújo,21.0,Midfielder,Brazil,Midfielder,101.0,3.0,127.0,16.0,225.0,2.0,0.0,6.0,6.0,2.0,4.0,2.0,7.0,7.0,28.0,7.0,0.0,7.0,620.0,2.0,9.0,11.0,3.0,9.0,0.0,1.0,1.0,86.54,76.19,20.0,42.86,33.33,44.44,28.57,75.0,0.3095991501728145,0.5154140315898228,1.0,7.0,0.18223824,1.0,25.0,23.0,0.48442197,100.0,14.661290322580644,0.4354838709677419,18.43548387096774,2.32258064516129,32.66129032258064,0.2903225806451612,0.0,0.8709677419354839,0.8709677419354839,0.2903225806451612,0.5806451612903225,0.2903225806451612,1.0161290322580645,1.0161290322580645,4.064516129032258,1.0161290322580645,0.0,1.0161290322580645,0.2903225806451612,1.3064516129032258,1.596774193548387,0.4354838709677419,1.3064516129032258,0.0,0.1451612903225806,0.1451612903225806,86.54,76.19,20.0,42.86,33.33,44.44,28.57,75.0,0.0449418121218601,0.074818165875942,0.1451612903225806,1.0161290322580645,0.0264539380645161,0.1451612903225806,3.629032258064516,3.3387096774193545,0.0703193182258064,14.516129032258064,CM/AM,54,39,31,74,38,18,23,22,18,14,49,20,18,18,34,38,15,64,19,14,41,28,51,51,95,100,76,97,43,64,58,34,32,93,11,22,14,14,11,7,49,32,19,38,70,41,54,89,57,19,23,22,19,8,59,24,27,19,49,68,15,86,24,14,73,41,89,51,97,100,76,97,43,64,58,34,32,93,8,24,22,14,8,5,65,43,14,59,Veikkausliiga
SJK,ea3yd0dgq6uy6pupkpn17j5xg,7ddd7xvczzdgiy94c0uqh4ve1,Murilo Henrique,Murilo Henrique de Araujo Santos,30.0,Defender,Brazil,Midfielder,67.0,13.0,118.0,13.0,172.0,5.0,0.0,11.0,2.0,1.0,1.0,1.0,8.0,8.0,16.0,5.0,1.0,3.0,446.0,1.0,2.0,2.0,6.0,2.0,0.0,0.0,0.0,79.26,40.62,21.67,75.0,50.0,53.33,71.43,66.67,0.1199900788116351,1.2024585910144363,2.0,10.0,0.2724234,7.0,20.0,29.0,1.496926030000001,93.0,13.520179372197308,2.623318385650224,23.81165919282511,2.623318385650224,34.708520179372194,1.0089686098654709,0.0,2.219730941704036,0.4035874439461883,0.2017937219730941,0.2017937219730941,0.2017937219730941,1.6143497757847534,1.6143497757847534,3.2286995515695067,1.0089686098654709,0.2017937219730941,0.6053811659192825,0.2017937219730941,0.4035874439461883,0.4035874439461883,1.210762331838565,0.4035874439461883,0.0,0.0,0.0,79.26,40.62,21.67,75.0,50.0,53.33,71.43,66.67,0.0242132446032447,0.2426485945993257,0.4035874439461883,2.0179372197309418,0.054973331838565,1.412556053811659,4.035874439461884,5.852017937219731,0.3020702751121078,18.76681614349776,LB/LCB,16,74,26,29,21,13,26,53,11,16,34,34,34,34,16,5,87,13,37,11,16,45,5,45,53,53,53,50,32,89,97,32,74,50,5,58,47,32,42,37,26,32,42,32,42,100,95,89,58,47,26,95,21,26,42,58,74,68,21,5,100,16,71,11,26,89,5,45,53,53,53,50,32,89,97,32,74,50,21,89,68,68,79,79,58,74,100,63,Veikkausliiga
SJK,ea3yd0dgq6uy6pupkpn17j5xg,9kw6w7xecw08ixwux0q17i4iy,Facundo Costantini,Facundo Costantini,26.0,Defender,Brazil,Defender,179.0,0.0,86.0,18.0,265.0,17.0,0.0,1.0,4.0,3.0,1.0,0.0,0.0,0.0,26.0,22.0,0.0,7.0,450.0,2.0,7.0,5.0,0.0,3.0,0.0,0.0,0.0,85.76,41.86,0.0,0.0,50.0,60.47,62.96,75.0,0.4248383283372946,0.0979131177662803,1.0,4.0,0.07903315,1.0,23.0,23.0,0.5735771799999999,178.0,35.8,0.0,17.2,3.6,53.0,3.4,0.0,0.2,0.8,0.6,0.2,0.0,0.0,0.0,5.2,4.4,0.0,1.4,0.4,1.4,1.0,0.0,0.6,0.0,0.0,0.0,85.76,41.86,0.0,0.0,50.0,60.47,62.96,75.0,0.0849676656674589,0.019582623553256,0.2,0.8,0.01580663,0.2,4.6,4.6,0.1147154359999999,35.6,CB,24,29,13,29,17,27,34,21,29,27,54,12,7,7,9,18,31,26,56,24,32,13,11,42,50,51,58,44,29,13,92,71,61,83,27,27,52,21,20,28,21,18,20,24,71,29,56,78,71,93,34,40,62,60,76,12,7,7,73,36,31,87,89,67,84,13,29,42,50,51,58,44,29,13,92,71,61,83,62,58,76,53,47,42,69,62,69,78,Veikkausliiga
SJK,ea3yd0dgq6uy6pupkpn17j5xg,9zarnui5mw164tuv52fql4vmc,E. Onuoha,Eze Onuoha,17.0,Midfielder,Finland,Midfielder,181.0,7.0,207.0,16.0,381.0,1.0,1.0,14.0,7.0,5.0,2.0,1.0,30.0,30.0,70.0,6.0,2.0,10.0,1248.0,5.0,24.0,19.0,19.0,18.0,0.0,0.0,0.0,90.71,66.67,77.78,63.33,71.43,46.98,14.29,58.06,0.8740660599466364,1.0975216674848527,2.0,26.0,0.73127862,18.0,29.0,27.0,1.27925989,169.0,13.052884615384617,0.5048076923076923,14.927884615384617,1.1538461538461535,27.475961538461537,0.0721153846153846,0.0721153846153846,1.0096153846153846,0.5048076923076923,0.3605769230769231,0.1442307692307692,0.0721153846153846,2.1634615384615383,2.1634615384615383,5.0480769230769225,0.4326923076923076,0.1442307692307692,0.7211538461538461,0.3605769230769231,1.7307692307692306,1.3701923076923077,1.3701923076923077,1.2980769230769231,0.0,0.0,0.0,90.71,66.67,77.78,63.33,71.43,46.98,14.29,58.06,0.0630336100923055,0.0791481971743884,0.1442307692307692,1.875,0.0527364389423076,1.2980769230769231,2.0913461538461537,1.9471153846153848,0.0922543189903846,12.1875,CM/AM,78,57,62,74,73,7,57,58,24,35,24,9,86,85,89,27,77,77,64,51,68,93,96,51,46,50,95,89,100,97,97,51,11,58,43,59,31,70,68,86,58,38,59,70,65,43,27,43,43,5,46,30,8,22,11,8,76,68,76,11,68,70,38,27,51,89,84,51,46,50,95,89,100,97,97,51,11,58,24,27,19,46,49,78,38,14,27,49,Veikkausliiga
SJK,ea3yd0dgq6uy6pupkpn17j5xg,a6mt7f1hy6ieaowii8na2j7dg,A. Traoré,Amidou Traore,22.0,Midfielder,Côte d'Ivoire,Midfielder,57.0,0.0,41.0,0.0,98.0,5.0,0.0,2.0,2.0,0.0,2.0,0.0,1.0,1.0,15.0,5.0,0.0,4.0,268.0,0.0,0.0,2.0,0.0,5.0,0.0,0.0,0.0,85.22,0.0,0.0,0.0,0.0,60.0,83.33,62.5,0.1007498244834688,0.1551838979285043,2.0,4.0,0.10179062,3.0,7.0,8.0,0.25513744,33.0,19.14179104477612,0.0,13.76865671641791,0.0,32.91044776119403,1.67910447761194,0.0,0.6716417910447761,0.6716417910447761,0.0,0.6716417910447761,0.0,0.335820895522388,0.335820895522388,5.037313432835821,1.67910447761194,0.0,1.343283582089552,0.0,0.0,0.6716417910447761,0.0,1.67910447761194,0.0,0.0,0.0,85.22,0.0,0.0,0.0,0.0,60.0,83.33,62.5,0.0338338962817619,0.0521139955730051,0.6716417910447761,1.343283582089552,0.0341834171641791,1.007462686567164,2.3507462686567164,2.686567164179104,0.0856804835820895,11.082089552238806,DM/CM,6,16,6,3,6,29,29,9,6,3,21,9,7,7,9,13,25,9,7,3,3,7,15,47,51,51,47,3,16,7,7,94,100,50,3,15,25,12,12,13,7,9,9,6,50,16,9,3,29,94,29,32,26,3,74,9,18,18,68,68,25,74,7,3,18,7,88,47,51,51,47,3,16,7,7,94,100,50,6,44,91,41,44,82,15,18,29,9,Veikkausliiga
SJK,ea3yd0dgq6uy6pupkpn17j5xg,ag78l8kpc7icq4payr6mgyej8,S. Yussif,Salim Yussif,24.0,Defender,Ghana,Defender,249.0,7.0,279.0,15.0,521.0,12.0,2.0,12.0,9.0,1.0,8.0,3.0,60.0,63.0,113.0,29.0,0.0,16.0,1456.0,2.0,15.0,27.0,33.0,22.0,0.0,0.0,0.0,85.41,34.09,22.58,55.0,22.22,55.12,70.59,53.66,0.4488560479951103,1.1423179475457632,7.0,46.0,1.1756327399999993,21.0,38.0,52.0,1.9655613400000025,227.0,15.391483516483516,0.4326923076923077,17.24587912087912,0.9271978021978022,32.20467032967033,0.7417582417582418,0.1236263736263736,0.7417582417582418,0.5563186813186813,0.0618131868131868,0.4945054945054945,0.1854395604395604,3.708791208791209,3.894230769230769,6.98489010989011,1.7925824175824177,0.0,0.989010989010989,0.1236263736263736,0.9271978021978022,1.668956043956044,2.0398351648351647,1.35989010989011,0.0,0.0,0.0,85.41,34.09,22.58,55.0,22.22,55.12,70.59,53.66,0.0277452227469505,0.0706103126917024,0.4326923076923077,2.843406593406593,0.0726696061813186,1.2980769230769231,2.348901098901099,3.2142857142857144,0.1214976103021979,14.031593406593409,RB/RCB,75,80,85,42,80,68,85,92,82,20,95,85,100,100,95,55,40,80,52,60,92,100,82,45,52,52,95,48,65,65,35,55,100,10,50,100,95,100,100,100,75,75,85,75,45,50,80,20,55,40,70,70,55,15,95,80,95,95,90,25,40,50,40,40,90,95,70,45,52,52,95,48,65,65,35,55,100,10,40,75,85,100,90,90,55,57,55,50,Veikkausliiga
SJK,ea3yd0dgq6uy6pupkpn17j5xg,al0ijga6z3jqyzekjawpfruhg,K. Nwanege,Karlson Nwanege,21.0,Defender,Sweden,Defender,81.0,0.0,45.0,6.0,126.0,2.0,0.0,0.0,3.0,3.0,0.0,1.0,1.0,1.0,8.0,15.0,0.0,3.0,271.0,2.0,4.0,0.0,0.0,4.0,0.0,0.0,0.0,82.35,31.58,0.0,0.0,66.67,34.78,28.57,66.67,0.3447168481265479,0.0,0.0,2.0,0.0478667,3.0,15.0,16.0,0.3241890899999998,77.0,26.90036900369004,0.0,14.944649446494465,1.992619926199262,41.8450184501845,0.6642066420664207,0.0,0.0,0.996309963099631,0.996309963099631,0.0,0.3321033210332103,0.3321033210332103,0.3321033210332103,2.656826568265682,4.981549815498156,0.0,0.996309963099631,0.6642066420664207,1.328413284132841,0.0,0.0,1.328413284132841,0.0,0.0,0.0,82.35,31.58,0.0,0.0,66.67,34.78,28.57,66.67,0.1144816100789273,0.0,0.0,0.6642066420664207,0.0158966900369003,0.996309963099631,4.981549815498156,5.313653136531365,0.1076642734317342,25.571955719557195,RB/RCB,25,8,10,20,15,8,25,8,22,48,8,60,8,8,5,30,40,12,52,15,5,10,15,45,52,52,70,25,8,10,90,5,5,72,40,8,12,15,15,20,30,25,10,30,95,8,55,55,90,30,25,8,90,95,8,90,15,10,5,95,40,55,95,55,5,10,60,45,52,52,70,25,8,10,90,5,5,72,90,8,12,25,20,65,90,90,50,90,Veikkausliiga
SJK,ea3yd0dgq6uy6pupkpn17j5xg,amdo0gvq5yaascwon92mhyaga,E. Mömmö,Eetu Mömmö,24.0,Attacker,Finland,Striker,168.0,30.0,241.0,17.0,379.0,17.0,2.0,28.0,11.0,6.0,5.0,4.0,12.0,13.0,62.0,44.0,1.0,10.0,1254.0,3.0,19.0,17.0,8.0,17.0,1.0,0.0,0.0,82.75,47.22,24.39,66.67,27.27,50.82,34.0,85.0,1.380101532997667,3.5823775756394403,2.0,31.0,0.8245179899999999,22.0,37.0,58.0,3.517734239999999,159.0,12.057416267942584,2.15311004784689,17.29665071770335,1.2200956937799043,27.20095693779904,1.2200956937799043,0.1435406698564593,2.0095693779904304,0.7894736842105263,0.4306220095693779,0.3588516746411483,0.2870813397129186,0.8612440191387559,0.9330143540669856,4.44976076555024,3.1578947368421053,0.0717703349282296,0.7177033492822966,0.2153110047846889,1.3636363636363635,1.2200956937799043,0.5741626794258373,1.2200956937799043,0.0717703349282296,0.0,0.0,82.75,47.22,24.39,66.67,27.27,50.82,34.0,85.0,0.0990503492582057,0.257108438443022,0.1435406698564593,2.22488038277512,0.0591759322966507,1.5789473684210529,2.6555023923444976,4.162679425837321,0.2524689645933013,11.411483253588516,LW,90,100,80,90,80,100,80,90,35,30,45,35,20,20,75,90,50,85,40,10,60,40,90,100,55,55,70,90,60,100,40,90,70,100,50,100,20,60,60,80,90,90,100,90,80,100,90,90,90,90,60,80,30,30,30,30,10,10,30,100,50,80,10,10,30,20,80,100,55,55,70,90,60,100,40,90,70,100,30,90,10,20,20,90,90,100,100,90,Veikkausliiga
SJK,ea3yd0dgq6uy6pupkpn17j5xg,c7jcfzshrka86x5q2hoqo0duc,A. Boström,Aapo Boström,20.0,Midfielder,Finland,Midfielder,302.0,9.0,347.0,29.0,640.0,8.0,0.0,19.0,9.0,4.0,5.0,4.0,20.0,20.0,91.0,19.0,0.0,9.0,1222.0,3.0,12.0,18.0,13.0,35.0,0.0,0.0,0.0,87.67,51.79,26.47,65.0,33.33,61.9,50.0,67.31,0.7961244397444066,1.4670715572302284,5.0,24.0,0.4858744899999999,10.0,64.0,65.0,1.91379809,323.0,22.24222585924713,0.662847790507365,25.55646481178396,2.1358428805237315,47.13584288052373,0.5891980360065466,0.0,1.3993453355155483,0.662847790507365,0.2945990180032733,0.3682487725040916,0.2945990180032733,1.4729950900163666,1.4729950900163666,6.702127659574468,1.3993453355155483,0.0,0.662847790507365,0.220949263502455,0.88379705400982,1.32569558101473,0.9574468085106383,2.5777414075286416,0.0,0.0,0.0,87.67,51.79,26.47,65.0,33.33,61.9,50.0,67.31,0.058634369539277,0.1080494600251395,0.3682487725040916,1.76759410801964,0.0357845369067103,0.7364975450081833,4.713584288052373,4.787234042553192,0.140950759492635,23.78887070376432,DM/CM,65,91,68,53,59,49,29,84,37,44,43,68,84,81,82,53,25,34,53,43,65,87,100,47,51,51,76,59,53,94,78,100,59,65,38,88,49,62,50,62,62,62,68,65,65,94,82,53,68,41,29,85,24,35,35,68,79,76,97,44,25,9,50,32,71,88,100,47,51,51,76,59,53,94,78,100,59,65,44,91,47,65,53,62,71,74,79,71,Veikkausliiga
SJK,ea3yd0dgq6uy6pupkpn17j5xg,ciursygt8i2deeszjdebb28yx,E. Mastokangas,Elias Mastokangas,25.0,Attacker,Finland,Striker,105.0,14.0,165.0,9.0,256.0,2.0,2.0,16.0,13.0,9.0,4.0,8.0,9.0,10.0,16.0,10.0,2.0,4.0,723.0,2.0,20.0,3.0,1.0,8.0,0.0,0.0,0.0,82.85,37.5,24.14,11.11,15.38,29.09,20.0,80.0,1.1381278706923783,1.6810335168827748,5.0,31.0,0.7824748199999998,14.0,30.0,48.0,2.442210290000001,116.0,13.070539419087137,1.7427385892116185,20.53941908713693,1.120331950207469,31.86721991701245,0.2489626556016597,0.2489626556016597,1.991701244813278,1.6182572614107884,1.120331950207469,0.4979253112033195,0.995850622406639,1.120331950207469,1.2448132780082988,1.991701244813278,1.2448132780082988,0.2489626556016597,0.4979253112033195,0.2489626556016597,2.489626556016597,0.3734439834024896,0.1244813278008298,0.995850622406639,0.0,0.0,0.0,82.85,37.5,24.14,11.11,15.38,29.09,20.0,80.0,0.1416756685509184,0.2092572842592665,0.6224066390041494,3.858921161825726,0.0974035045643153,1.7427385892116185,3.734439834024896,5.975103734439834,0.3040095796680499,14.439834024896266,ST,98,90,85,81,90,14,76,76,29,25,44,78,31,31,19,75,49,72,14,21,12,18,71,51,50,51,100,32,78,12,10,12,18,86,25,82,44,92,82,96,98,100,95,92,100,98,100,95,100,15,85,92,15,20,42,92,32,30,5,80,42,75,8,5,5,15,75,51,50,51,100,32,78,12,10,12,18,86,18,95,50,98,88,100,100,100,100,100,Veikkausliiga
SJK,ea3yd0dgq6uy6pupkpn17j5xg,dytql3b2co1cst72z5qf879pl,J. Streng,Jeremiah Streng,24.0,Attacker,Finland,Striker,92.0,6.0,114.0,8.0,200.0,26.0,1.0,16.0,50.0,44.0,6.0,10.0,14.0,14.0,48.0,14.0,4.0,0.0,1434.0,16.0,81.0,7.0,6.0,7.0,0.0,0.0,0.0,72.46,61.54,23.08,42.86,32.0,43.64,57.78,70.0,6.124676515643651,1.1851876351988648,6.0,17.0,0.5024571299999999,5.0,16.0,21.0,0.91449026,63.0,5.7740585774058575,0.3765690376569037,7.154811715481172,0.502092050209205,12.552301255230123,1.6317991631799162,0.0627615062761506,1.00418410041841,3.1380753138075312,2.7615062761506275,0.3765690376569037,0.6276150627615062,0.8786610878661087,0.8786610878661087,3.01255230125523,0.8786610878661087,0.2510460251046025,0.0,1.00418410041841,5.083682008368201,0.4393305439330544,0.3765690376569037,0.4393305439330544,0.0,0.0,0.0,72.46,61.54,23.08,42.86,32.0,43.64,57.78,70.0,0.3843939235759613,0.0743841612049496,0.3765690376569037,1.0669456066945606,0.0315349663179916,0.3138075313807531,1.00418410041841,1.3179916317991631,0.0573947861924686,3.9539748953974896,ST,90,84,66,75,72,82,50,76,90,92,57,85,48,48,62,84,75,14,80,80,39,54,62,51,50,51,52,88,74,64,25,60,95,59,90,68,52,72,62,56,78,71,62,66,78,75,28,62,40,57,38,45,70,75,22,65,20,18,22,55,48,14,50,52,8,35,38,51,50,51,52,88,74,64,25,60,95,59,88,42,22,48,32,35,42,42,45,38,Veikkausliiga
SJK,ea3yd0dgq6uy6pupkpn17j5xg,f2hzgos2s0wri26qn11hcial0,L. Vesterbacka,Leon Vesterbacka,18.0,Midfielder,Finland,Midfielder,27.0,2.0,69.0,6.0,94.0,7.0,0.0,4.0,4.0,2.0,2.0,2.0,11.0,14.0,24.0,3.0,0.0,5.0,344.0,1.0,10.0,6.0,4.0,4.0,0.0,0.0,0.0,83.93,54.55,25.0,36.36,25.0,43.64,46.67,57.14,0.3028302050741274,0.1620701912573613,2.0,11.0,0.2922536,3.0,7.0,9.0,0.4034339299999999,32.0,7.063953488372093,0.5232558139534883,18.052325581395348,1.569767441860465,24.59302325581396,1.8313953488372088,0.0,1.0465116279069766,1.0465116279069766,0.5232558139534883,0.5232558139534883,0.5232558139534883,2.877906976744186,3.6627906976744176,6.27906976744186,0.7848837209302325,0.0,1.3081395348837208,0.2616279069767441,2.6162790697674416,1.569767441860465,1.0465116279069766,1.0465116279069766,0.0,0.0,0.0,83.93,54.55,25.0,36.36,25.0,43.64,46.67,57.14,0.0792288327228821,0.042402084921984,0.5232558139534883,2.877906976744186,0.0764616976744186,0.7848837209302325,1.8313953488372088,2.3546511627906974,0.1055495747093022,8.372093023255813,LM/LCM,33,67,67,33,33,100,50,67,67,67,67,67,67,67,67,67,50,67,67,67,67,67,67,67,67,67,33,67,67,100,67,67,100,67,67,67,67,67,67,33,33,33,67,33,33,100,67,67,67,100,50,83,67,67,100,67,100,100,100,100,50,100,67,67,100,100,100,67,67,67,33,67,67,100,67,67,100,67,67,33,67,67,67,33,67,67,67,67,Veikkausliiga
SJK,ea3yd0dgq6uy6pupkpn17j5xg,ro21tqqaeslyebto6ukon5zo,A. Wilson,Armaan Wilson,24.0,Midfielder,Canada,Midfielder,207.0,3.0,303.0,35.0,507.0,11.0,2.0,12.0,17.0,13.0,4.0,2.0,7.0,7.0,52.0,27.0,0.0,10.0,1288.0,4.0,25.0,13.0,3.0,18.0,0.0,0.0,0.0,90.37,66.04,25.0,42.86,23.53,54.74,57.89,69.23,1.9179576279232025,0.9248862384460508,5.0,26.0,0.55635594,10.0,62.0,63.0,1.6260704099999992,278.0,14.464285714285714,0.2096273291925465,21.172360248447205,2.4456521739130435,35.42701863354037,0.7686335403726707,0.139751552795031,0.8385093167701863,1.187888198757764,0.9083850931677018,0.2795031055900621,0.139751552795031,0.4891304347826086,0.4891304347826086,3.633540372670807,1.886645962732919,0.0,0.6987577639751552,0.2795031055900621,1.746894409937888,0.9083850931677018,0.2096273291925465,1.2577639751552794,0.0,0.0,0.0,90.37,66.04,25.0,42.86,23.53,54.74,57.89,69.23,0.1340187783486709,0.0646271439907954,0.3493788819875776,1.8167701863354035,0.0388758032608695,0.6987577639751552,4.332298136645963,4.402173913043479,0.1136229323757763,19.425465838509314,DM/CM,41,63,56,62,47,65,93,57,71,91,35,35,28,24,41,68,25,40,65,81,49,29,51,47,51,51,97,91,47,31,47,71,79,68,85,53,49,72,56,62,59,54,53,50,21,62,68,68,44,53,97,56,76,91,21,26,24,24,21,76,25,12,68,71,32,24,65,47,51,51,97,91,47,31,47,71,79,68,85,62,32,68,65,59,65,65,62,59,Veikkausliiga
Ilves,2rdnn9p03qrmmv34tyx1nahpa,1vt9w739g9cui1qrjhld5jgt1,S. Väisänen,Sauli Väisänen,32.0,Defender,Finland,Defender,462.0,0.0,126.0,25.0,588.0,22.0,1.0,2.0,5.0,5.0,0.0,1.0,1.0,1.0,47.0,63.0,0.0,9.0,779.0,2.0,9.0,10.0,1.0,6.0,0.0,0.0,0.0,89.09,35.21,0.0,100.0,40.0,68.12,64.71,40.0,0.6377007361482034,0.1326475729408627,0.0,2.0,0.03608883,0.0,28.0,33.0,0.8142959900000002,414.0,53.37612323491656,0.0,14.557124518613607,2.88831835686778,67.93324775353017,2.541720154043646,0.1155327342747111,0.2310654685494223,0.5776636713735559,0.5776636713735559,0.0,0.1155327342747111,0.1155327342747111,0.1155327342747111,5.430038510911425,7.278562259306804,0.0,1.0397946084724006,0.2310654685494223,1.0397946084724006,1.1553273427471118,0.1155327342747111,0.693196405648267,0.0,0.0,0.0,89.09,35.21,0.0,100.0,40.0,68.12,64.71,40.0,0.0736753096961981,0.015325136796762,0.0,0.2310654685494223,0.0041694412066752,0.0,3.234916559691913,3.8125802310654686,0.0940778422336328,47.83055198973042,CB,71,29,26,40,53,46,81,39,39,49,20,37,21,20,44,64,31,37,56,31,62,33,24,42,50,51,80,18,29,97,84,96,71,9,47,33,21,14,11,9,31,31,27,63,100,29,38,51,96,62,89,51,49,58,20,49,24,24,80,98,31,60,73,42,89,49,42,42,50,51,80,18,29,97,84,96,71,9,56,47,21,11,9,9,49,47,38,96,Veikkausliiga
Ilves,2rdnn9p03qrmmv34tyx1nahpa,20bqqlems9oasr1azr7ss72tw,Y. Raap,Yiandro Raap,20.0,Midfielder,Venezuela,Midfielder,166.0,1.0,168.0,8.0,333.0,2.0,1.0,8.0,10.0,4.0,6.0,2.0,35.0,36.0,72.0,5.0,1.0,8.0,980.0,2.0,14.0,30.0,16.0,13.0,0.0,0.0,0.0,89.52,66.67,100.0,45.71,20.0,49.66,33.33,54.17,0.7135063171930474,0.6177761669744042,2.0,23.0,0.64961559,6.0,32.0,34.0,0.7620556000000004,155.0,15.244897959183673,0.0918367346938775,15.428571428571429,0.7346938775510203,30.581632653061224,0.183673469387755,0.0918367346938775,0.7346938775510203,0.9183673469387756,0.3673469387755101,0.5510204081632653,0.183673469387755,3.214285714285714,3.3061224489795915,6.612244897959183,0.4591836734693877,0.0918367346938775,0.7346938775510203,0.183673469387755,1.2857142857142856,2.7551020408163263,1.469387755102041,1.193877551020408,0.0,0.0,0.0,89.52,66.67,100.0,45.71,20.0,49.66,33.33,54.17,0.0655260903544635,0.0567345459466289,0.183673469387755,2.1122448979591835,0.0596585745918367,0.5510204081632653,2.9387755102040813,3.1224489795918364,0.0699846979591837,14.23469387755102,DM/CM,38,38,32,25,32,19,72,38,46,44,51,35,94,94,68,13,66,28,35,50,91,91,38,47,51,51,91,94,99,35,35,32,19,29,35,38,25,54,76,35,31,34,24,35,32,41,21,15,26,12,82,44,57,47,59,47,100,100,94,3,74,15,38,50,97,97,56,47,51,51,91,94,99,35,35,32,19,29,53,50,15,76,94,35,34,29,18,29,Veikkausliiga
Ilves,2rdnn9p03qrmmv34tyx1nahpa,2ds2jprriwxkden7xw0pvhe51,T. Miettunen,Tatu Miettunen,31.0,Defender,Finland,Defender,681.0,0.0,306.0,54.0,987.0,30.0,0.0,0.0,4.0,4.0,0.0,0.0,3.0,4.0,81.0,92.0,0.0,16.0,1417.0,1.0,7.0,17.0,2.0,21.0,0.0,0.0,0.0,88.6,42.19,0.0,66.67,25.0,65.85,58.82,65.62,0.6394794237218036,0.0,0.0,14.0,0.27177933,0.0,72.0,75.0,1.620684790000001,668.0,43.25335215243472,0.0,19.43542695836274,3.429781227946365,62.68877911079746,1.9054340155257588,0.0,0.0,0.2540578687367678,0.2540578687367678,0.0,0.0,0.1905434015525758,0.2540578687367678,5.144671841919549,5.84333098094566,0.0,1.0162314749470711,0.0635144671841919,0.4446012702893437,1.0797459421312632,0.1270289343683839,1.333803810868031,0.0,0.0,0.0,88.6,42.19,0.0,66.67,25.0,65.85,58.82,65.62,0.0406161948729444,0.0,0.0,0.8892025405786874,0.0172619193366266,0.0,4.573041637261821,4.763585038814397,0.102936930910374,42.42766407904023,CB,87,29,84,76,84,76,34,7,29,37,20,12,44,46,87,82,31,68,30,24,89,50,87,42,50,51,73,49,29,84,53,91,51,49,49,7,21,64,56,9,84,76,64,89,87,29,73,73,84,47,34,7,20,29,20,12,40,44,71,82,31,56,27,9,87,51,96,42,50,51,73,49,29,84,53,91,51,49,38,7,21,60,53,9,67,71,53,91,Veikkausliiga
Ilves,2rdnn9p03qrmmv34tyx1nahpa,72oiz92rfd5sxtpxxnqb7kpre,O. Pettersson,Oliver Pettersson,23.0,Defender,Finland,Defender,296.0,1.0,316.0,21.0,611.0,26.0,3.0,12.0,11.0,9.0,2.0,0.0,10.0,10.0,66.0,63.0,2.0,21.0,1473.0,6.0,29.0,5.0,2.0,19.0,0.0,0.0,0.0,81.68,28.77,10.0,20.0,54.55,51.16,60.47,57.58,1.118824575999067,1.025007012537086,1.0,25.0,0.69740403,17.0,43.0,57.0,2.0896898600000013,293.0,18.08553971486762,0.0610997963340122,19.30753564154786,1.2830957230142566,37.33197556008147,1.5885947046843176,0.1832993890020366,0.7331975560081466,0.6720977596741344,0.5498981670061099,0.1221995926680244,0.0,0.6109979633401221,0.6109979633401221,4.032586558044806,3.84928716904277,0.1221995926680244,1.2830957230142566,0.3665987780040733,1.7718940936863543,0.305498981670061,0.1221995926680244,1.1608961303462322,0.0,0.0,0.0,81.68,28.77,10.0,20.0,54.55,51.16,60.47,57.58,0.0683599537270305,0.0626277197069502,0.0610997963340122,1.5274949083503055,0.0426112441955193,1.0386965376782078,2.627291242362525,3.4826883910386965,0.1276796248472506,17.90224032586558,RB/RCB,85,18,90,70,85,90,98,92,90,95,70,22,57,55,70,90,98,90,100,95,30,32,75,45,52,52,60,15,18,25,75,40,85,25,95,95,40,85,85,90,85,82,90,85,60,15,90,40,75,85,90,65,60,75,40,22,35,30,35,85,90,75,80,80,15,20,40,45,52,52,60,15,18,25,75,40,85,25,70,65,30,55,65,70,65,70,65,75,Veikkausliiga
Ilves,2rdnn9p03qrmmv34tyx1nahpa,74od0bd25ox7cv2sfmebf72s5,A. Popovitš,Anton Popovitch,30.0,Midfielder,Finland,Midfielder,339.0,20.0,450.0,24.0,769.0,8.0,0.0,23.0,14.0,5.0,9.0,5.0,8.0,9.0,55.0,25.0,1.0,14.0,1388.0,2.0,18.0,22.0,3.0,14.0,0.0,0.0,0.0,89.31,60.0,40.0,37.5,14.29,51.89,40.0,60.87,0.9111110738396516,2.256685802808254,8.0,38.0,0.9174454999999996,15.0,78.0,94.0,2.060140569999999,394.0,21.981268011527376,1.296829971181556,29.178674351585013,1.5561959654178674,49.863112391930834,0.5187319884726225,0.0,1.4913544668587897,0.9077809798270892,0.324207492795389,0.5835734870317003,0.324207492795389,0.5187319884726225,0.5835734870317003,3.56628242074928,1.6210374639769451,0.0648414985590778,0.9077809798270892,0.1296829971181556,1.1671469740634006,1.4265129682997115,0.1945244956772334,0.9077809798270892,0.0,0.0,0.0,89.31,60.0,40.0,37.5,14.29,51.89,40.0,60.87,0.0590778073815336,0.1463268892310827,0.5187319884726225,2.4639769452449567,0.0594885410662823,0.9726224783861672,5.057636887608069,6.095100864553314,0.1335826018011526,25.54755043227666,CM/AM,97,93,89,78,89,66,23,81,59,35,80,65,27,27,69,97,49,89,19,28,80,28,76,51,46,50,89,77,84,50,11,73,49,65,46,81,81,86,81,76,89,89,78,92,95,86,92,65,92,49,23,57,22,16,62,32,5,5,32,92,30,78,11,11,62,14,62,51,46,50,89,77,84,50,11,73,49,65,14,68,57,62,57,46,84,84,57,92,Veikkausliiga
Ilves,2rdnn9p03qrmmv34tyx1nahpa,7orfbi07ytn14ir63ji93h79w,S. Baranov,Stanislav Baranov,21.0,Attacker,Finland,Striker,33.0,2.0,57.0,3.0,88.0,7.0,1.0,6.0,11.0,5.0,6.0,3.0,11.0,12.0,22.0,11.0,1.0,8.0,435.0,2.0,21.0,3.0,4.0,6.0,0.0,0.0,0.0,68.22,30.0,20.0,36.36,18.18,48.89,53.85,75.0,0.8286697596711591,0.5249562043978477,5.0,11.0,0.36231663,2.0,9.0,13.0,0.5653834200000001,38.0,6.8275862068965525,0.4137931034482759,11.793103448275865,0.6206896551724138,18.20689655172414,1.4482758620689655,0.2068965517241379,1.2413793103448276,2.2758620689655173,1.0344827586206895,1.2413793103448276,0.6206896551724138,2.2758620689655173,2.4827586206896552,4.551724137931035,2.2758620689655173,0.2068965517241379,1.6551724137931036,0.4137931034482759,4.344827586206897,0.6206896551724138,0.8275862068965518,1.2413793103448276,0.0,0.0,0.0,68.22,30.0,20.0,36.36,18.18,48.89,53.85,75.0,0.1714489157940329,0.1086116284961064,1.0344827586206895,2.2758620689655173,0.0749620613793103,0.4137931034482759,1.862068965517241,2.689655172413793,0.11697588,7.862068965517242,LW,30,40,20,30,20,75,35,30,35,20,65,20,10,10,20,50,50,70,25,30,10,10,50,50,55,55,10,50,50,40,20,70,100,90,30,30,50,20,20,10,40,40,30,40,50,50,40,50,40,100,90,50,80,50,90,60,40,40,40,80,90,100,30,60,20,40,90,50,55,55,10,50,50,40,20,70,100,90,80,50,70,30,40,10,70,70,40,70,Veikkausliiga
Ilves,2rdnn9p03qrmmv34tyx1nahpa,7wysiv77u3wt6pk31uzzl7dre,T. Hytönen,Teemu Hytönen,24.0,Attacker,Finland,Striker,76.0,2.0,114.0,3.0,188.0,30.0,2.0,15.0,67.0,57.0,10.0,12.0,20.0,22.0,70.0,14.0,12.0,7.0,1952.0,30.0,111.0,25.0,9.0,6.0,0.0,0.0,0.0,70.68,23.08,28.57,45.0,44.78,41.92,37.04,75.0,6.917640591212348,1.2581937721972574,10.0,21.0,0.8866730399999999,11.0,8.0,22.0,1.0864319499999997,68.0,3.5040983606557377,0.0922131147540983,5.256147540983607,0.1383196721311475,8.668032786885245,1.3831967213114753,0.0922131147540983,0.6915983606557377,3.089139344262295,2.628073770491804,0.4610655737704918,0.5532786885245902,0.9221311475409836,1.014344262295082,3.2274590163934422,0.6454918032786885,0.5532786885245902,0.3227459016393442,1.3831967213114753,5.1178278688524586,1.1526639344262295,0.4149590163934426,0.2766393442622951,0.0,0.0,0.0,70.68,23.08,28.57,45.0,44.78,41.92,37.04,75.0,0.3189485928325365,0.0580109833492587,0.4610655737704918,0.9682377049180328,0.0408814413934426,0.507172131147541,0.3688524590163934,1.014344262295082,0.0500916370389344,3.135245901639344,ST,80,70,66,50,70,85,76,69,98,100,85,91,78,79,85,84,100,90,100,96,89,78,55,51,50,51,45,10,84,78,72,57,50,75,98,72,78,80,88,85,59,78,75,72,20,60,5,10,10,50,48,20,68,72,35,45,22,22,28,45,90,65,78,57,50,38,10,51,50,51,45,10,84,78,72,57,50,75,68,30,38,38,57,55,12,30,38,12,Veikkausliiga
Ilves,2rdnn9p03qrmmv34tyx1nahpa,87xd8a3n7mtk57za6pcc5l5n9,L. Ala-Myllymäki,Lauri Ala-Myllymäki,29.0,Midfielder,Finland,Midfielder,26.0,0.0,30.0,1.0,56.0,1.0,0.0,4.0,2.0,1.0,1.0,0.0,0.0,0.0,9.0,3.0,0.0,1.0,222.0,0.0,8.0,5.0,0.0,2.0,0.0,0.0,0.0,81.16,25.0,0.0,0.0,0.0,36.0,12.5,66.67,0.1273370181241202,0.1122530084482984,1.0,2.0,0.04803042,4.0,2.0,2.0,0.0806593199999999,22.0,10.54054054054054,0.0,12.16216216216216,0.4054054054054054,22.7027027027027,0.4054054054054054,0.0,1.6216216216216215,0.8108108108108107,0.4054054054054054,0.4054054054054054,0.0,0.0,0.0,3.6486486486486487,1.2162162162162162,0.0,0.4054054054054054,0.0,3.243243243243243,2.0270270270270268,0.0,0.8108108108108107,0.0,0.0,0.0,81.16,25.0,0.0,0.0,0.0,36.0,12.5,66.67,0.0516231154557244,0.0455079763979588,0.4054054054054054,0.8108108108108107,0.0194717918918918,1.6216216216216215,0.8108108108108107,0.8108108108108107,0.0326997243243242,8.91891891891892,DM/CM,3,16,3,6,3,10,29,19,6,13,10,9,3,3,3,3,25,3,7,25,18,7,4,47,51,51,21,9,16,7,7,3,6,59,6,3,12,4,6,24,3,3,3,3,6,16,6,6,6,29,29,97,44,62,38,9,3,3,26,26,25,3,7,100,88,7,12,47,51,51,21,9,16,7,7,3,6,59,29,26,53,24,21,97,3,3,3,3,Veikkausliiga
Ilves,2rdnn9p03qrmmv34tyx1nahpa,8r3xgvgtysw3a026rrhebyxre,M. Stjopin,Maksim Stjopin,23.0,Attacker,Finland,Striker,129.0,6.0,232.0,15.0,355.0,3.0,1.0,23.0,20.0,9.0,11.0,7.0,48.0,52.0,56.0,7.0,3.0,6.0,1216.0,8.0,53.0,13.0,20.0,10.0,0.0,0.0,0.0,82.18,65.22,17.14,41.67,40.0,47.86,50.0,50.0,1.39775136068907,1.9808830204483745,12.0,37.0,1.5563189099999994,6.0,31.0,33.0,1.4384198300000006,135.0,9.547697368421051,0.4440789473684211,17.17105263157895,1.1101973684210529,26.27467105263158,0.2220394736842105,0.0740131578947368,1.7023026315789471,1.480263157894737,0.6661184210526315,0.8141447368421053,0.5180921052631579,3.5526315789473686,3.848684210526316,4.144736842105263,0.5180921052631579,0.2220394736842105,0.4440789473684211,0.5921052631578947,3.9226973684210527,0.962171052631579,1.480263157894737,0.7401315789473685,0.0,0.0,0.0,82.18,65.22,17.14,41.67,40.0,47.86,50.0,50.0,0.1034519921562634,0.1466114077634487,0.8881578947368421,2.738486842105264,0.1151880772203947,0.4440789473684211,2.294407894736842,2.442434210526316,0.1064619939967105,9.991776315789474,RW,89,72,78,89,72,50,50,89,89,78,100,83,100,100,67,67,89,67,89,89,56,89,67,44,56,56,100,78,33,56,78,78,89,39,78,100,100,83,100,56,89,78,56,67,78,56,67,78,67,11,44,78,33,22,100,44,78,67,33,33,67,44,56,56,44,78,44,44,56,56,100,78,33,56,78,78,89,39,33,78,100,44,78,11,78,56,22,67,Veikkausliiga
Ilves,2rdnn9p03qrmmv34tyx1nahpa,9z20bahis006f6sxfq50515as,G. Bamba,Goudouss Bamba,20.0,Defender,Côte d'Ivoire,Defender,77.0,3.0,82.0,5.0,156.0,11.0,0.0,2.0,7.0,6.0,1.0,0.0,29.0,35.0,54.0,12.0,1.0,11.0,607.0,2.0,23.0,10.0,13.0,13.0,0.0,0.0,0.0,72.56,29.41,14.29,44.83,28.57,50.94,50.0,61.9,0.5633267868645292,0.1793083574580219,3.0,11.0,0.52898135,10.0,10.0,11.0,0.5171233399999999,67.0,11.4168039538715,0.4448105436573311,12.158154859967052,0.7413509060955519,23.13014827018122,1.6309719934102145,0.0,0.2965403624382207,1.037891268533773,0.8896210873146623,0.1482701812191103,0.0,4.299835255354201,5.189456342668863,8.006589785831961,1.7792421746293243,0.1482701812191103,1.6309719934102145,0.2965403624382207,3.4102141680395386,1.4827018121911038,1.9275123558484348,1.9275123558484348,0.0,0.0,0.0,72.56,29.41,14.29,44.83,28.57,50.94,50.0,61.9,0.0835245647739829,0.0265860826544019,0.4448105436573311,1.6309719934102145,0.0784321606260296,1.4827018121911038,1.4827018121911038,1.6309719934102145,0.0766739713344316,9.934102141680397,RB/RCB,20,42,20,15,20,60,25,18,68,85,32,22,85,85,65,20,85,57,52,90,50,85,48,45,52,52,15,20,32,35,45,35,60,55,65,20,85,42,70,70,22,15,25,20,25,60,30,15,20,90,25,20,95,90,50,22,100,100,100,20,95,85,70,100,75,90,90,45,52,52,15,20,32,35,45,35,60,55,80,20,90,70,95,95,15,15,35,25,Veikkausliiga
Ilves,2rdnn9p03qrmmv34tyx1nahpa,a30y638aa4uo6vudqgrcjvpat,J. Veteli,Joona Veteli,31.0,Midfielder,Finland,Midfielder,68.0,3.0,187.0,7.0,252.0,3.0,0.0,7.0,5.0,3.0,2.0,0.0,8.0,10.0,19.0,0.0,1.0,5.0,364.0,4.0,18.0,6.0,5.0,3.0,0.0,0.0,0.0,90.32,58.33,42.86,62.5,80.0,59.38,42.86,60.0,0.4679627730820462,0.5947111799092233,1.0,24.0,0.5951673699999999,13.0,34.0,49.0,1.2408026500000005,141.0,16.813186813186814,0.7417582417582418,46.23626373626374,1.7307692307692308,62.30769230769231,0.7417582417582418,0.0,1.7307692307692308,1.2362637362637363,0.7417582417582418,0.4945054945054945,0.0,1.978021978021978,2.4725274725274726,4.697802197802198,0.0,0.2472527472527472,1.2362637362637363,0.989010989010989,4.450549450549451,1.4835164835164836,1.2362637362637363,0.7417582417582418,0.0,0.0,0.0,90.32,58.33,42.86,62.5,80.0,59.38,42.86,60.0,0.1157050812565499,0.1470439730544782,0.2472527472527472,5.934065934065934,0.1471567673076922,3.2142857142857144,8.406593406593407,12.115384615384617,0.3067918640109891,34.862637362637365,CM/AM,32,39,54,32,45,32,23,27,12,19,24,4,27,31,19,4,49,53,54,28,32,57,23,51,46,50,92,70,92,95,100,95,51,62,22,24,14,65,57,65,69,70,57,58,86,65,100,70,97,59,23,68,41,49,49,4,62,81,62,4,86,92,92,89,68,84,46,51,46,50,92,70,92,95,100,95,51,62,54,70,32,100,97,100,100,100,97,100,Veikkausliiga
Ilves,2rdnn9p03qrmmv34tyx1nahpa,afacx0e14xrz11u9dnbry92ei,K. Wallius,Kalle Wallius,23.0,Defender,Finland,Defender,294.0,8.0,290.0,29.0,576.0,6.0,1.0,11.0,27.0,15.0,12.0,9.0,23.0,25.0,58.0,46.0,1.0,9.0,1793.0,7.0,53.0,6.0,11.0,22.0,0.0,0.0,0.0,80.0,36.25,18.18,47.83,25.93,47.15,25.0,62.86,1.7019042963097668,0.9914264362649864,10.0,42.0,1.3462268499999994,26.0,31.0,55.0,2.254269510000001,208.0,14.757389849414391,0.4015616285554936,14.556609035136644,1.4556609035136645,28.912437255995545,0.3011712214166202,0.0501952035694367,0.5521472392638037,1.355270496374791,0.7529280535415506,0.6023424428332405,0.4517568321249303,1.154489682097044,1.2548800892359175,2.911321807027329,2.308979364194088,0.0501952035694367,0.4517568321249303,0.3513664249860569,2.660345789180145,0.3011712214166202,0.5521472392638037,1.1042944785276074,0.0,0.0,0.0,80.0,36.25,18.18,47.83,25.93,47.15,25.0,62.86,0.0854274326089676,0.0497648517924421,0.501952035694367,2.1081985499163416,0.0675741307863915,1.3050752928053542,1.5560513106525378,2.7607361963190185,0.1131535169548243,10.440602342442832,CB,42,96,74,47,50,8,81,89,97,89,98,98,96,96,60,38,77,37,96,96,42,92,90,42,50,51,22,20,61,51,60,13,4,40,84,89,96,98,98,100,42,58,93,31,18,87,36,18,16,4,73,82,93,71,93,93,84,84,9,13,71,11,87,91,11,78,76,42,50,51,22,20,61,51,60,13,4,40,64,89,91,91,96,98,16,22,67,13,Veikkausliiga
Ilves,2rdnn9p03qrmmv34tyx1nahpa,auivgwfbffghtuzi2i5e9mxw4,V. Kumpu,Ville Kumpu,18.0,Defender,Finland,Defender,779.0,1.0,304.0,57.0,1082.0,50.0,0.0,6.0,6.0,5.0,1.0,0.0,6.0,6.0,85.0,105.0,0.0,20.0,1729.0,2.0,13.0,15.0,3.0,12.0,0.0,0.0,0.0,86.91,40.71,50.0,50.0,33.33,62.04,76.92,70.59,0.5665883153816254,0.3679700125884145,1.0,12.0,0.24409468,5.0,67.0,83.0,1.9664417400000007,561.0,40.54945054945055,0.0520532099479467,15.824175824175825,2.9670329670329667,56.32157316367842,2.6026604973973395,0.0,0.3123192596876807,0.3123192596876807,0.2602660497397339,0.0520532099479467,0.0,0.3123192596876807,0.3123192596876807,4.424522845575477,5.465587044534413,0.0,1.0410641989589358,0.1041064198958935,0.6766917293233082,0.7807981492192018,0.1561596298438403,0.6246385193753614,0.0,0.0,0.0,86.91,40.71,50.0,50.0,33.33,62.04,76.92,70.59,0.0294927405346132,0.0191540203198133,0.0520532099479467,0.6246385193753614,0.0127059116252168,0.2602660497397339,3.4875650665124347,4.320416425679583,0.1023596047426258,29.201850780798143,CB,93,62,82,78,91,91,34,80,48,49,54,12,60,60,90,87,31,83,56,50,86,62,64,42,50,51,64,38,91,59,71,80,96,71,38,71,52,51,47,59,82,80,78,80,82,62,51,58,78,71,34,71,31,31,51,12,47,47,58,62,31,62,42,27,71,56,36,42,50,51,64,38,91,59,71,80,96,71,29,56,44,36,36,47,56,58,49,56,Veikkausliiga
Ilves,2rdnn9p03qrmmv34tyx1nahpa,cmik2be7ztkdteqx8y4wjr7my,J. Kilo,Jesse Kilo,22.0,Midfielder,Finland,Midfielder,221.0,10.0,381.0,30.0,592.0,6.0,5.0,38.0,37.0,19.0,18.0,13.0,46.0,48.0,69.0,17.0,0.0,11.0,1599.0,8.0,62.0,21.0,16.0,11.0,0.0,0.0,0.0,80.65,54.55,23.26,34.78,21.62,42.59,27.27,42.31,2.563065770511126,3.601952671918224,18.0,82.0,2.070786649999999,23.0,63.0,93.0,2.861561630000001,262.0,12.439024390243905,0.5628517823639775,21.444652908067543,1.6885553470919326,33.32082551594747,0.3377110694183865,0.2814258911819887,2.1388367729831144,2.082551594746717,1.0694183864915572,1.0131332082551596,0.7317073170731707,2.5891181988742966,2.701688555347092,3.883677298311445,0.9568480300187616,0.0,0.6191369606003753,0.450281425891182,3.4896810506566607,1.1819887429643527,0.9005628517823641,0.6191369606003753,0.0,0.0,0.0,80.65,54.55,23.26,34.78,21.62,42.59,27.27,42.31,0.1442626137248288,0.2027365481379863,1.0131332082551596,4.615384615384616,0.1165545956848029,1.2945590994371483,3.5459662288930582,5.234521575984991,0.1610635063789869,14.746716697936211,CM/AM,84,64,86,81,86,53,100,93,92,97,89,92,96,92,85,88,15,81,78,100,76,88,64,51,46,50,41,61,49,41,16,27,24,16,89,97,92,97,95,89,84,86,84,86,57,49,62,68,62,24,89,95,89,73,81,89,86,86,38,59,15,65,59,84,43,73,32,51,46,50,41,61,49,41,16,27,24,16,65,86,95,92,92,76,62,76,68,62,Veikkausliiga
Ilves,2rdnn9p03qrmmv34tyx1nahpa,cpxcd9wihjrac0ttpvfzv5kkq,M. Rale,Matias Rale,25.0,Defender,Finland,Defender,704.0,12.0,478.0,45.0,1170.0,44.0,1.0,15.0,5.0,5.0,0.0,1.0,10.0,11.0,94.0,79.0,0.0,15.0,1816.0,2.0,17.0,7.0,4.0,22.0,0.0,0.0,0.0,86.03,33.09,46.15,40.0,40.0,65.73,67.69,56.41,0.4482401009160819,1.4821781398858216,0.0,25.0,0.57201905,15.0,97.0,139.0,4.511839639999998,683.0,34.88986784140969,0.5947136563876653,23.68942731277533,2.2301762114537445,57.98458149779736,2.1806167400881056,0.0495594713656387,0.7433920704845816,0.2477973568281938,0.2477973568281938,0.0,0.0495594713656387,0.4955947136563877,0.5451541850220264,4.658590308370044,3.915198237885463,0.0,0.7433920704845816,0.0991189427312775,0.8425110132158591,0.3469162995594714,0.198237885462555,1.0903083700440528,0.0,0.0,0.0,86.03,33.09,46.15,40.0,40.0,65.73,67.69,56.41,0.0222145424462815,0.0734559650824471,0.0,1.2389867841409692,0.0283489617290748,0.7433920704845816,4.807268722466961,6.888766519823789,0.2236043874449338,33.84911894273128,LB/LCB,100,63,95,84,100,95,55,68,39,55,11,34,42,42,84,100,39,47,58,47,32,26,76,45,53,53,84,26,89,18,84,79,63,11,47,68,11,74,63,71,95,95,95,100,100,53,84,58,100,84,53,47,11,32,11,26,21,16,58,79,39,21,32,26,21,11,42,45,53,53,84,26,89,18,84,79,63,11,16,53,11,47,37,47,84,89,79,100,Veikkausliiga
Ilves,2rdnn9p03qrmmv34tyx1nahpa,dwykh0u3d3shtklz3yfrev8d0,O. Multala,Oskari Multala,19.0,Midfielder,Finland,Midfielder,152.0,0.0,163.0,8.0,315.0,4.0,0.0,6.0,4.0,4.0,0.0,0.0,11.0,12.0,30.0,16.0,1.0,10.0,936.0,2.0,16.0,9.0,3.0,4.0,0.0,0.0,0.0,84.0,42.11,0.0,27.27,50.0,39.47,40.0,28.57,0.452192631784276,0.3953542859925161,1.0,8.0,0.2135364699999999,4.0,26.0,26.0,1.03148714,136.0,14.615384615384617,0.0,15.673076923076923,0.7692307692307692,30.288461538461537,0.3846153846153846,0.0,0.5769230769230769,0.3846153846153846,0.3846153846153846,0.0,0.0,1.0576923076923077,1.1538461538461535,2.8846153846153846,1.5384615384615383,0.0961538461538461,0.9615384615384616,0.1923076923076923,1.5384615384615383,0.8653846153846153,0.2884615384615384,0.3846153846153846,0.0,0.0,0.0,84.0,42.11,0.0,27.27,50.0,39.47,40.0,28.57,0.043480060748488,0.038014835191588,0.0961538461538461,0.7692307692307692,0.0205323528846153,0.3846153846153846,2.5,2.5,0.0991814557692307,13.076923076923077,DM/CM,26,16,29,25,29,25,29,31,21,44,4,9,47,49,24,38,66,40,35,53,28,29,9,47,51,51,38,38,16,15,96,9,41,3,21,32,12,29,32,24,21,21,35,29,24,16,26,21,21,24,29,26,6,56,4,9,62,68,6,56,79,38,47,65,29,35,3,47,51,51,38,38,16,15,96,9,41,3,12,18,12,21,24,24,18,9,50,18,Veikkausliiga
TPS,bzi3odajl7kfbut8jbi7wioa8,18r82tlqmziv1einyrx0hptxx,A. Sihvonen,Atte Sihvonen,30.0,Defender,Finland,Defender,285.0,0.0,83.0,15.0,368.0,19.0,0.0,1.0,0.0,0.0,0.0,0.0,1.0,1.0,31.0,41.0,0.0,8.0,758.0,0.0,6.0,2.0,0.0,8.0,0.0,0.0,0.0,89.98,36.59,0.0,0.0,0.0,49.21,54.29,80.0,0.0,0.0716985555482516,0.0,2.0,0.04382219,1.0,12.0,13.0,0.3690169300000001,248.0,33.83905013192612,0.0,9.854881266490764,1.7810026385224274,43.693931398416886,2.2559366754617414,0.0,0.1187335092348284,0.0,0.0,0.0,0.0,0.1187335092348284,0.1187335092348284,3.680738786279683,4.8680738786279685,0.0,0.949868073878628,0.0,0.7124010554089709,0.2374670184696569,0.0,0.949868073878628,0.0,0.0,0.0,89.98,36.59,0.0,0.0,0.0,49.21,54.29,80.0,0.0,0.0085130211073121,0.0,0.2374670184696569,0.0052031624010554,0.1187335092348284,1.4248021108179418,1.5435356200527703,0.043814675065963,29.445910290237467,CB,38,29,11,19,29,32,34,21,2,2,20,12,21,20,18,31,31,32,11,18,9,13,39,42,50,51,84,22,29,13,11,20,29,92,2,20,21,14,18,28,13,10,9,42,67,29,13,24,47,56,34,27,2,2,20,12,27,27,33,49,31,44,11,31,9,13,64,42,50,51,84,22,29,13,11,20,29,92,2,27,21,13,13,31,11,4,4,58,Veikkausliiga
TPS,bzi3odajl7kfbut8jbi7wioa8,1oma5zkiwrbss9kaoy5uvbl04,K. Visser,Kian Visser,24.0,Attacker,Netherlands,Striker,28.0,0.0,53.0,3.0,81.0,18.0,1.0,15.0,24.0,13.0,11.0,4.0,2.0,2.0,29.0,4.0,2.0,0.0,670.0,8.0,47.0,10.0,0.0,1.0,0.0,0.0,0.0,60.45,50.0,0.0,0.0,33.33,45.31,47.37,100.0,2.175175968497576,1.172700190938798,6.0,4.0,0.08764438,1.0,6.0,8.0,0.2686064800000001,26.0,3.761194029850746,0.0,7.119402985074626,0.4029850746268656,10.880597014925373,2.417910447761194,0.1343283582089552,2.014925373134328,3.2238805970149254,1.7462686567164178,1.4776119402985075,0.5373134328358209,0.2686567164179104,0.2686567164179104,3.895522388059701,0.5373134328358209,0.2686567164179104,0.0,1.0746268656716418,6.313432835820896,1.343283582089552,0.0,0.1343283582089552,0.0,0.0,0.0,60.45,50.0,0.0,0.0,33.33,45.31,47.37,100.0,0.2921878166638535,0.157526891320137,0.8059701492537313,0.5373134328358209,0.0117731256716417,0.1343283582089552,0.8059701492537313,1.0746268656716418,0.0360814674626865,3.492537313432836,ST,38,25,28,50,28,68,50,69,56,45,90,41,5,5,38,34,49,14,46,56,48,6,8,51,50,51,12,66,25,6,32,70,82,96,52,65,52,20,8,19,45,44,38,35,30,25,25,48,30,70,65,95,78,40,98,42,2,2,40,35,52,14,60,78,55,6,2,51,50,51,12,66,25,6,32,70,82,96,60,88,75,12,8,15,35,35,32,15,Veikkausliiga
TPS,bzi3odajl7kfbut8jbi7wioa8,2h5u151i11d49on3k9cdtfqqc,E. Vauhkonen,Elmer Vauhkonen,20.0,Attacker,Finland,Striker,69.0,5.0,155.0,7.0,219.0,2.0,2.0,16.0,28.0,14.0,14.0,11.0,68.0,73.0,79.0,15.0,0.0,1.0,1402.0,9.0,70.0,38.0,23.0,6.0,0.0,0.0,0.0,75.78,38.89,10.87,33.82,32.14,40.31,14.29,37.5,2.535182762754757,1.477009479562507,17.0,39.0,1.4221819899999997,11.0,17.0,25.0,2.358444370000001,64.0,4.429386590584879,0.3209700427960057,9.950071326676175,0.4493580599144079,14.058487874465053,0.1283880171184022,0.1283880171184022,1.0271041369472182,1.797432239657632,0.8987161198288159,0.8987161198288159,0.7061340941512125,4.365192582025678,4.686162624821684,5.0713266761768905,0.9629101283880172,0.0,0.0641940085592011,0.5777460770328103,4.49358059914408,2.439372325249644,1.4764621968616265,0.3851640513552068,0.0,0.0,0.0,75.78,38.89,10.87,33.82,32.14,40.31,14.29,37.5,0.162743543971418,0.0948151591730568,1.0912981455064197,2.5035663338088447,0.0912955628388016,0.7061340941512125,1.0912981455064197,1.6048502139800285,0.1513979980741798,4.108416547788873,LW,50,50,50,60,50,35,80,60,80,70,100,90,90,90,90,70,20,20,90,100,100,90,50,50,55,55,50,70,40,20,60,30,10,20,90,60,90,80,80,65,60,50,70,50,20,40,20,40,20,10,40,40,50,40,80,70,80,80,70,50,20,20,70,70,90,60,20,50,55,55,50,70,40,20,60,30,10,20,60,40,80,50,70,40,50,30,80,10,Veikkausliiga
TPS,bzi3odajl7kfbut8jbi7wioa8,2tnl1pjxxg2n4564fz9hcdsoa,M. Könkkölä,Marius Könkkölä,22.0,Midfielder,Finland,Striker,131.0,22.0,328.0,9.0,437.0,1.0,3.0,23.0,31.0,19.0,12.0,13.0,72.0,78.0,68.0,8.0,3.0,2.0,1638.0,10.0,42.0,32.0,30.0,3.0,0.0,0.0,0.0,87.58,52.94,30.56,41.67,32.26,46.58,14.29,60.0,2.7615678823519145,2.6047911248109537,12.0,61.0,1.5181257599999989,29.0,31.0,45.0,2.5845493200000003,151.0,7.197802197802198,1.208791208791209,18.021978021978025,0.4945054945054945,24.01098901098901,0.0549450549450549,0.1648351648351648,1.2637362637362637,1.7032967032967037,1.043956043956044,0.6593406593406593,0.7142857142857143,3.956043956043956,4.285714285714286,3.736263736263736,0.4395604395604395,0.1648351648351648,0.1098901098901098,0.5494505494505495,2.307692307692308,1.7582417582417582,1.6483516483516485,0.1648351648351648,0.0,0.0,0.0,87.58,52.94,30.56,41.67,32.26,46.58,14.29,60.0,0.151734499030325,0.1431203914731293,0.6593406593406593,3.351648351648352,0.0834135032967032,1.5934065934065935,1.7032967032967037,2.4725274725274726,0.1420082043956044,8.296703296703297,RM/RCM,100,100,100,42,100,25,100,83,100,100,92,100,100,100,100,50,100,17,100,83,100,100,17,58,58,58,100,83,67,67,83,67,17,50,100,100,83,83,83,100,100,83,100,100,33,100,83,17,33,17,83,67,83,100,83,100,100,100,50,33,83,17,100,67,100,100,17,58,58,58,100,83,67,67,83,67,17,50,83,83,83,83,83,100,33,33,83,50,Veikkausliiga
TPS,bzi3odajl7kfbut8jbi7wioa8,3ng6q6ppqixbe98y68dup307p,A. Muzaci,Albijon Muzaci,30.0,Attacker,Kosovo,Striker,99.0,1.0,234.0,13.0,332.0,37.0,1.0,25.0,43.0,32.0,11.0,8.0,43.0,45.0,133.0,28.0,9.0,14.0,1934.0,19.0,86.0,37.0,14.0,30.0,0.0,0.0,0.0,70.19,46.43,12.5,32.56,44.19,44.19,39.36,63.83,5.204487729131834,1.7114409445086074,11.0,28.0,0.798306,14.0,28.0,38.0,1.3568754099999996,144.0,4.6070320579110655,0.046535677352637,10.889348500517064,0.6049638055842813,15.449844881075492,1.72182006204757,0.046535677352637,1.1633919338159255,2.001034126163392,1.489141675284385,0.5118924508790073,0.3722854188210962,2.001034126163392,2.094105480868666,6.189245087900725,1.3029989658738368,0.4188210961737332,0.6514994829369184,0.8841778697001035,4.002068252326784,1.72182006204757,0.6514994829369184,1.3960703205791107,0.0,0.0,0.0,70.19,46.43,12.5,32.56,44.19,44.19,39.36,63.83,0.2421943617486376,0.0796430636017449,0.5118924508790073,1.3029989658738368,0.0371497104446742,0.6514994829369184,1.3029989658738368,1.768355739400207,0.063143116287487,6.701137538779732,ST,95,57,98,94,100,89,50,92,82,82,90,78,98,98,100,98,88,100,86,84,100,95,100,51,50,51,42,50,52,42,70,65,55,48,88,85,86,88,85,96,95,92,85,100,55,50,65,72,60,60,35,55,28,25,50,22,60,60,78,88,78,88,42,35,70,62,92,51,50,51,42,50,52,42,70,65,55,48,42,45,40,62,52,68,70,72,52,80,Veikkausliiga
TPS,bzi3odajl7kfbut8jbi7wioa8,3o6woe2uh6754hw803v86l1t6,T. Zaal,Timo Zaal,22.0,Midfielder,Netherlands,Midfielder,297.0,18.0,634.0,48.0,913.0,11.0,2.0,41.0,40.0,7.0,33.0,14.0,68.0,71.0,113.0,29.0,2.0,20.0,2098.0,15.0,21.0,34.0,39.0,22.0,0.0,0.0,0.0,80.73,51.06,26.47,57.35,37.5,51.36,44.0,75.86,2.1978464480665507,3.155787558844775,21.0,114.0,2.686199980000001,64.0,169.0,199.0,4.76479368,577.0,12.740705433746426,0.7721639656816016,27.197330791229746,2.059103908484271,39.16587225929457,0.4718779790276454,0.0857959961868446,1.7588179218303146,1.7159199237368925,0.3002859866539561,1.4156339370829365,0.6005719733079123,2.917063870352717,3.045757864632984,4.847473784556721,1.244041944709247,0.0857959961868446,0.8579599618684461,0.6434699714013347,0.9008579599618683,1.4585319351763586,1.67302192564347,0.9437559580552908,0.0,0.0,0.0,80.73,51.06,26.47,57.35,37.5,51.36,44.0,75.86,0.0942832127387938,0.135376968682569,0.9008579599618683,4.890371782650143,0.115232601620591,2.745471877979028,7.249761677788371,8.536701620591039,0.2044001102001907,24.75214489990467,CM/AM,92,85,97,95,97,80,74,97,95,57,97,95,100,100,100,100,77,100,97,41,97,100,100,51,46,50,43,51,57,89,69,70,54,97,78,92,97,100,100,100,100,100,100,97,59,68,84,84,78,41,54,73,70,14,95,76,92,92,68,84,41,76,73,8,65,97,65,51,46,50,43,51,57,89,69,70,54,97,38,57,86,95,89,97,95,92,81,89,Veikkausliiga
TPS,bzi3odajl7kfbut8jbi7wioa8,4147llewjlwzb4os4mhdz3qzu,L. Ikonen,Lasse Ikonen,23.0,Midfielder,Finland,Midfielder,219.0,16.0,284.0,15.0,487.0,6.0,0.0,6.0,6.0,0.0,6.0,1.0,14.0,14.0,69.0,19.0,1.0,15.0,1113.0,2.0,2.0,33.0,6.0,16.0,0.0,0.0,0.0,87.43,48.39,34.04,42.86,33.33,56.1,46.15,64.0,0.3170385241061669,0.7234321616038397,3.0,15.0,0.3485058,14.0,55.0,43.0,1.2001745899999996,233.0,17.7088948787062,1.293800539083558,22.96495956873316,1.2129380053908356,39.38005390835579,0.4851752021563342,0.0,0.4851752021563342,0.4851752021563342,0.0,0.4851752021563342,0.0808625336927223,1.1320754716981132,1.1320754716981132,5.579514824797844,1.536388140161725,0.0808625336927223,1.2129380053908356,0.1617250673854447,0.1617250673854447,2.6684636118598384,0.4851752021563342,1.293800539083558,0.0,0.0,0.0,87.43,48.39,34.04,42.86,33.33,56.1,46.15,64.0,0.0256365383374258,0.0584985575420894,0.2425876010781671,1.2129380053908356,0.0281810619946091,1.1320754716981132,4.44743935309973,3.477088948787062,0.0970491582210242,18.840970350404312,CM/AM,81,81,76,69,81,53,23,22,18,4,65,9,51,49,85,93,49,93,19,5,93,66,92,51,46,50,84,38,76,64,58,84,59,73,14,30,46,39,32,69,81,65,51,84,89,84,68,51,84,43,23,8,5,4,46,11,35,32,84,86,38,89,14,3,89,43,81,51,46,50,84,38,76,64,58,84,59,73,5,19,30,27,19,59,78,51,38,76,Veikkausliiga
TPS,bzi3odajl7kfbut8jbi7wioa8,52of31tczdfsth725bchex4b8,T. Karkulowski,Tobias Karkulowski,21.0,Defender,Finland,Defender,83.0,3.0,137.0,8.0,217.0,14.0,1.0,6.0,8.0,5.0,3.0,1.0,26.0,26.0,57.0,31.0,0.0,14.0,838.0,3.0,15.0,12.0,11.0,9.0,0.0,0.0,0.0,73.06,29.63,27.27,42.31,37.5,52.29,66.67,45.0,0.6786937543347049,0.433153612364641,5.0,13.0,0.29305459,10.0,22.0,19.0,1.12600235,86.0,8.914081145584724,0.3221957040572792,14.71360381861575,0.8591885441527446,23.3054892601432,1.503579952267303,0.107398568019093,0.6443914081145584,0.8591885441527446,0.5369928400954653,0.3221957040572792,0.107398568019093,2.79236276849642,2.79236276849642,6.121718377088305,3.3293556085918854,0.0,1.503579952267303,0.3221957040572792,1.610978520286396,1.2887828162291168,1.181384248210024,0.9665871121718376,0.0,0.0,0.0,73.06,29.63,27.27,42.31,37.5,52.29,66.67,45.0,0.0728907373390494,0.0465200777002597,0.5369928400954653,1.39618138424821,0.0314736433174224,1.0739856801909309,2.362768496420048,2.0405727923627683,0.1209310399761336,9.236276849642003,CB,8,78,30,8,11,22,81,80,60,49,79,37,98,98,57,24,31,62,78,62,73,92,48,42,50,51,11,2,77,44,80,29,82,11,51,78,90,58,64,87,18,13,36,9,9,82,40,7,11,29,84,87,70,51,84,43,98,98,91,24,31,91,84,73,91,98,71,42,50,51,11,2,77,44,80,29,82,11,53,84,93,76,76,91,24,11,82,9,Veikkausliiga
TPS,bzi3odajl7kfbut8jbi7wioa8,8fmkkulhl4y14n7a13z0kbbe2,Pau Juvanteny,Pau Juvanteny,26.0,Midfielder,Spain,Midfielder,232.0,3.0,279.0,25.0,508.0,21.0,2.0,11.0,17.0,1.0,16.0,4.0,20.0,22.0,87.0,38.0,1.0,24.0,1364.0,2.0,8.0,18.0,12.0,20.0,0.0,0.0,0.0,82.74,37.31,30.0,60.0,11.76,55.06,53.85,52.63,1.0023490048996244,0.9520953571220698,14.0,9.0,0.20449804,8.0,49.0,63.0,1.3074131999999996,289.0,15.30791788856305,0.1979472140762463,18.40909090909091,1.6495601173020529,33.51906158357772,1.3856304985337244,0.1319648093841642,0.7258064516129032,1.121700879765396,0.0659824046920821,1.0557184750733135,0.2639296187683284,1.3196480938416422,1.4516129032258065,5.740469208211144,2.50733137829912,0.0659824046920821,1.5835777126099708,0.1319648093841642,0.5278592375366569,1.187683284457478,0.7917888563049854,1.3196480938416422,0.0,0.0,0.0,82.74,37.31,30.0,60.0,11.76,55.06,53.85,52.63,0.0661373976839928,0.0628215411590808,0.9237536656891496,0.593841642228739,0.0134932724340175,0.5278592375366569,3.233137829912024,4.156891495601173,0.08626626686217,19.06891495601173,DM/CM,47,63,47,50,50,81,93,49,71,13,91,68,84,85,76,87,66,79,35,25,65,82,68,47,51,51,29,24,60,84,21,74,68,26,53,62,93,34,29,54,50,54,47,53,35,56,47,35,32,79,94,38,71,6,94,59,74,74,82,91,65,76,26,18,59,76,71,47,51,51,29,24,60,84,21,74,68,26,56,56,97,6,9,32,47,59,32,53,Veikkausliiga
TPS,bzi3odajl7kfbut8jbi7wioa8,8z52sh6ltrcp1fqzld7wad250,A. Tamba,Abdoulie Tamba,20.0,Defender,Gambia,Defender,56.0,0.0,66.0,3.0,122.0,9.0,0.0,1.0,2.0,1.0,1.0,0.0,5.0,5.0,19.0,15.0,0.0,6.0,316.0,1.0,1.0,3.0,2.0,4.0,0.0,0.0,0.0,82.99,42.86,0.0,40.0,50.0,59.38,60.0,80.0,0.1809347962624382,0.0608642567551946,1.0,9.0,0.16483476,3.0,18.0,21.0,0.4274215599999998,73.0,15.949367088607596,0.0,18.79746835443038,0.8544303797468354,34.74683544303797,2.5632911392405062,0.0,0.2848101265822785,0.569620253164557,0.2848101265822785,0.2848101265822785,0.0,1.4240506329113924,1.4240506329113924,5.411392405063292,4.272151898734177,0.0,1.7088607594936709,0.2848101265822785,0.2848101265822785,0.8544303797468354,0.569620253164557,1.139240506329114,0.0,0.0,0.0,82.99,42.86,0.0,40.0,50.0,59.38,60.0,80.0,0.0515320622266437,0.0173347566707832,0.2848101265822785,2.5632911392405062,0.0469466088607594,0.8544303797468354,5.1265822784810124,5.981012658227848,0.1217339886075948,20.79113924050633,LB/LCB,11,8,11,5,11,39,26,5,11,16,34,13,21,21,21,21,39,21,37,5,21,18,21,45,53,53,74,61,8,18,97,53,53,92,16,5,29,18,11,11,16,21,5,21,58,8,53,11,63,89,26,11,47,37,47,13,58,58,74,89,39,95,95,5,63,47,47,45,53,53,74,61,8,18,97,53,53,92,53,5,53,95,68,58,89,84,32,79,Veikkausliiga
TPS,bzi3odajl7kfbut8jbi7wioa8,9nkfxqpx8vahlapoqpehag3ys,E. Turkki,Eetu Turkki,19.0,Defender,Finland,Defender,253.0,0.0,220.0,36.0,473.0,46.0,5.0,12.0,5.0,5.0,0.0,3.0,7.0,7.0,85.0,50.0,0.0,13.0,1102.0,0.0,26.0,12.0,5.0,14.0,0.0,0.0,0.0,82.69,48.0,0.0,71.43,0.0,63.91,71.88,58.33,0.737005933435482,0.8833001390409498,0.0,8.0,0.16607819,4.0,67.0,91.0,1.7138308000000009,322.0,20.66243194192377,0.0,17.96733212341198,2.9401088929219603,38.62976406533576,3.756805807622505,0.4083484573502722,0.9800362976406536,0.4083484573502722,0.4083484573502722,0.0,0.2450090744101633,0.5716878402903811,0.5716878402903811,6.9419237749546285,4.083484573502723,0.0,1.061705989110708,0.0,2.123411978221416,0.9800362976406536,0.4083484573502722,1.1433756805807622,0.0,0.0,0.0,82.69,48.0,0.0,71.43,0.0,63.91,71.88,58.33,0.0601910471952753,0.0721388498309305,0.0,0.6533575317604357,0.013563554537205,0.3266787658802178,5.471869328493648,7.431941923774955,0.1399680326678766,26.297640653357533,LB/LCB,63,8,58,68,58,100,97,58,39,55,11,55,26,26,68,74,39,42,16,68,63,34,45,45,53,53,68,84,8,74,16,74,84,21,63,47,11,11,16,24,74,74,53,68,84,8,47,95,74,100,100,63,26,74,11,63,26,21,95,84,39,58,16,79,68,32,53,45,53,53,68,84,8,74,16,74,84,21,58,47,11,5,5,11,95,95,42,84,Veikkausliiga
TPS,bzi3odajl7kfbut8jbi7wioa8,a3gmn3pacpve8i9nso24nj4t0,N. Veinbergs,Nils Veinbergs,19.0,Attacker,Latvia,Striker,6.0,0.0,24.0,0.0,30.0,12.0,1.0,6.0,10.0,10.0,0.0,2.0,8.0,9.0,19.0,6.0,2.0,0.0,324.0,3.0,27.0,3.0,0.0,1.0,0.0,0.0,0.0,60.0,0.0,0.0,0.0,30.0,29.69,38.71,25.0,1.43892308585408,0.3030002641097146,0.0,4.0,0.4134785299999999,2.0,3.0,3.0,0.04921945,14.0,1.6666666666666663,0.0,6.666666666666666,0.0,8.333333333333334,3.333333333333333,0.2777777777777778,1.6666666666666663,2.7777777777777777,2.7777777777777777,0.0,0.5555555555555556,2.2222222222222223,2.5,5.277777777777778,1.6666666666666663,0.5555555555555556,0.0,0.8333333333333333,7.5,0.8333333333333333,0.0,0.2777777777777778,0.0,0.0,0.0,60.0,0.0,0.0,0.0,30.0,29.69,38.71,25.0,0.3997008571816889,0.0841667400304762,0.0,1.1111111111111112,0.1148551472222221,0.5555555555555556,0.8333333333333333,0.8333333333333333,0.0136720694444444,3.888888888888889,ST,4,25,8,4,5,54,50,36,19,28,4,22,24,25,25,56,49,14,18,35,12,6,8,51,50,51,10,4,25,6,22,15,52,2,32,30,5,20,50,29,16,11,5,10,2,25,20,4,5,92,90,88,57,78,4,50,62,75,70,95,92,14,38,90,30,6,12,51,50,51,10,4,25,6,22,15,52,2,90,52,5,52,95,60,40,25,2,32,Veikkausliiga
TPS,bzi3odajl7kfbut8jbi7wioa8,a8bnllzr6rufovka7x3ccurfu,M. Kauppila,Miika Kauppila,26.0,Attacker,Finland,Defender,73.0,7.0,151.0,6.0,217.0,4.0,1.0,6.0,8.0,5.0,3.0,2.0,21.0,24.0,33.0,11.0,1.0,6.0,750.0,4.0,20.0,7.0,9.0,10.0,0.0,0.0,0.0,81.58,27.27,21.88,42.86,50.0,47.83,57.14,76.92,0.6698000261313338,0.6916357156446113,3.0,30.0,0.9165661599999998,13.0,10.0,14.0,1.06780925,63.0,8.76,0.84,18.12,0.72,26.04,0.48,0.12,0.72,0.96,0.6,0.36,0.24,2.52,2.88,3.96,1.3199999999999998,0.12,0.72,0.48,2.4,0.84,1.0799999999999998,1.2,0.0,0.0,0.0,81.58,27.27,21.88,42.86,50.0,47.83,57.14,76.92,0.08037600313576,0.0829962858773533,0.36,3.6,0.1099879391999999,1.5599999999999998,1.2,1.68,0.12813711,7.56,ST,75,88,80,71,80,28,50,36,12,11,31,22,82,85,44,78,30,86,24,21,39,78,82,51,50,51,85,14,70,64,90,82,92,80,12,50,28,90,90,91,64,60,72,66,92,88,98,80,95,28,52,22,8,5,20,8,82,90,45,90,28,95,15,2,32,78,88,51,50,51,85,14,70,64,90,82,92,80,8,50,20,95,90,95,65,68,90,85,Veikkausliiga
TPS,bzi3odajl7kfbut8jbi7wioa8,b9u97px7eymxxd2h71odna5n8,C. Azongnitode,Charlemagne Azongnitode,25.0,Defender,Benin,Defender,237.0,0.0,114.0,22.0,351.0,21.0,0.0,1.0,8.0,7.0,1.0,1.0,3.0,4.0,40.0,54.0,0.0,12.0,838.0,2.0,10.0,3.0,1.0,12.0,1.0,0.0,0.0,85.61,46.81,0.0,33.33,25.0,51.95,58.33,80.0,0.964680644760128,0.0502419035811302,1.0,5.0,0.08850422,1.0,23.0,24.0,0.5561944200000001,220.0,25.453460620525057,0.0,12.24343675417661,2.362768496420048,37.69689737470167,2.2553699284009543,0.0,0.107398568019093,0.8591885441527446,0.7517899761336515,0.107398568019093,0.107398568019093,0.3221957040572792,0.4295942720763723,4.295942720763723,5.799522673031026,0.0,1.2887828162291168,0.2147971360381861,1.0739856801909309,0.3221957040572792,0.107398568019093,1.2887828162291168,0.107398568019093,0.0,0.0,85.61,46.81,0.0,33.33,25.0,51.95,58.33,80.0,0.1036053198429731,0.0053959084991667,0.107398568019093,0.5369928400954653,0.0095052264916467,0.107398568019093,2.4701670644391407,2.5775656324582337,0.05973448424821,23.62768496420048,CB,31,29,22,37,27,41,34,21,60,68,54,37,44,46,36,50,31,52,56,37,16,33,64,92,50,51,53,69,29,29,53,27,49,92,69,13,52,26,24,28,21,21,16,36,38,29,18,38,33,53,34,22,70,69,64,43,49,53,51,80,31,80,67,44,13,42,89,96,50,51,53,69,29,29,53,27,49,92,82,16,64,27,24,24,27,18,16,42,Veikkausliiga
TPS,bzi3odajl7kfbut8jbi7wioa8,brasq8mvv87b8jtba2vnuvxn8,T. Väkiparta,Tomi Väkiparta,18.0,Midfielder,Finland,Midfielder,37.0,0.0,65.0,6.0,102.0,3.0,0.0,3.0,2.0,1.0,1.0,2.0,3.0,3.0,12.0,5.0,0.0,0.0,272.0,0.0,1.0,1.0,3.0,0.0,0.0,0.0,0.0,87.18,60.0,0.0,100.0,0.0,60.0,60.0,0.0,0.1507204166583104,0.1688026802232757,1.0,2.0,0.03740694,1.0,12.0,11.0,0.19910292,55.0,12.242647058823527,0.0,21.50735294117647,1.9852941176470589,33.75,0.9926470588235294,0.0,0.9926470588235294,0.6617647058823529,0.3308823529411764,0.3308823529411764,0.6617647058823529,0.9926470588235294,0.9926470588235294,3.9705882352941178,1.6544117647058825,0.0,0.0,0.0,0.3308823529411764,0.3308823529411764,0.9926470588235294,0.0,0.0,0.0,0.0,87.18,60.0,0.0,100.0,0.0,60.0,60.0,0.0,0.0498707261001762,0.0558538280150544,0.3308823529411764,0.6617647058823529,0.0123772963235294,0.3308823529411764,3.9705882352941178,3.639705882352941,0.0658796426470588,18.198529411764707,CM/AM,16,12,14,27,16,32,23,5,5,9,8,20,4,4,4,19,15,4,5,3,3,28,4,51,46,50,78,77,12,100,5,97,89,4,5,3,14,4,3,7,24,19,8,24,54,12,65,78,68,76,23,27,11,19,27,86,19,16,43,95,15,4,5,5,3,78,4,51,46,50,78,77,12,100,5,97,89,4,11,14,43,5,3,11,70,57,8,73,Veikkausliiga
TPS,bzi3odajl7kfbut8jbi7wioa8,djz5cm1g7ouen2y4o7w35jbl6,L. Ivanovic,Luke Ivanovic,26.0,Attacker,Australia,Striker,42.0,3.0,83.0,4.0,122.0,7.0,1.0,8.0,26.0,15.0,11.0,4.0,9.0,10.0,26.0,7.0,1.0,1.0,570.0,12.0,33.0,6.0,2.0,8.0,0.0,0.0,0.0,79.22,57.14,23.08,22.22,46.15,39.39,46.67,72.73,1.8627573427483577,0.6946650904658975,11.0,14.0,0.4433910199999999,4.0,7.0,5.0,0.4898633400000001,36.0,6.631578947368421,0.4736842105263158,13.105263157894738,0.6315789473684211,19.26315789473684,1.105263157894737,0.1578947368421052,1.2631578947368425,4.105263157894737,2.368421052631579,1.736842105263158,0.6315789473684211,1.4210526315789471,1.5789473684210529,4.105263157894737,1.105263157894737,0.1578947368421052,0.1578947368421052,1.8947368421052635,5.210526315789474,0.9473684210526316,0.3157894736842105,1.2631578947368425,0.0,0.0,0.0,79.22,57.14,23.08,22.22,46.15,39.39,46.67,72.73,0.2941195804339512,0.1096839616525101,1.736842105263158,2.210526315789474,0.0700091084210526,0.6315789473684211,1.105263157894737,0.7894736842105263,0.0773468431578947,5.684210526315789,ST,50,75,52,60,48,42,50,42,60,50,90,41,31,31,32,62,30,36,68,40,29,28,71,51,50,51,80,80,74,22,85,48,80,70,42,52,86,59,57,48,54,25,48,49,88,82,78,75,85,45,75,62,92,68,100,68,38,40,50,68,35,42,98,62,38,28,90,51,50,51,80,80,74,22,85,48,80,70,62,72,100,80,78,65,57,22,68,72,Veikkausliiga
TPS,bzi3odajl7kfbut8jbi7wioa8,e1f3xgzwo1455el37dgh9z2tw,O. Häggström,Oscar Häggström,22.0,Defender,Finland,Defender,180.0,3.0,185.0,19.0,362.0,17.0,0.0,7.0,4.0,3.0,1.0,1.0,15.0,16.0,103.0,41.0,0.0,20.0,1522.0,2.0,11.0,28.0,9.0,34.0,0.0,0.0,0.0,75.57,32.76,14.29,60.0,50.0,62.05,56.67,69.39,0.4661535272789971,0.5982973295833623,3.0,16.0,0.38009035,6.0,29.0,30.0,0.8547502199999998,160.0,10.64388961892247,0.1773981603153745,10.939553219448094,1.123521681997372,21.40604467805519,1.0052562417871225,0.0,0.4139290407358738,0.2365308804204993,0.1773981603153745,0.0591327201051248,0.0591327201051248,0.8869908015768725,0.9461235216819972,6.090670170827858,2.4244415243101183,0.0,1.1826544021024967,0.1182654402102496,0.6504599211563732,1.655716162943495,0.5321944809461235,2.0105124835742445,0.0,0.0,0.0,75.57,32.76,14.29,60.0,50.0,62.05,56.67,69.39,0.0275649260546056,0.0353789485298965,0.1773981603153745,0.9461235216819972,0.0224757762812089,0.354796320630749,1.7148488830486202,1.773981603153745,0.0505437055190538,9.461235216819974,RB/RCB,55,42,65,65,65,80,25,62,40,48,32,60,70,70,85,80,40,85,52,40,100,75,100,45,52,52,25,30,32,75,62,90,75,85,55,55,85,57,50,45,65,50,35,60,15,30,15,30,15,75,25,45,15,30,20,50,55,55,85,30,40,65,35,20,85,65,95,45,52,52,25,30,32,75,62,90,75,85,35,30,75,35,35,20,30,20,10,20,Veikkausliiga
TPS,bzi3odajl7kfbut8jbi7wioa8,eic5aqr8l99rhm9udams7dlg5,M. Hrádecký,Matej Hrádecky,31.0,Defender,Finland,Defender,623.0,0.0,424.0,70.0,1047.0,29.0,1.0,6.0,8.0,4.0,4.0,4.0,15.0,15.0,80.0,116.0,1.0,20.0,2070.0,2.0,16.0,12.0,10.0,22.0,1.0,0.0,0.0,87.18,49.3,0.0,66.67,25.0,61.54,65.91,68.75,0.7773929864914157,0.4217482097466887,4.0,14.0,0.2595338,4.0,111.0,124.0,2.3644428599999987,723.0,27.08695652173913,0.0,18.43478260869565,3.0434782608695654,45.52173913043478,1.2608695652173914,0.0434782608695652,0.2608695652173913,0.3478260869565217,0.1739130434782608,0.1739130434782608,0.1739130434782608,0.6521739130434783,0.6521739130434783,3.4782608695652173,5.043478260869565,0.0434782608695652,0.8695652173913043,0.0869565217391304,0.6956521739130435,0.5217391304347826,0.4347826086956521,0.9565217391304348,0.0434782608695652,0.0,0.0,87.18,49.3,0.0,66.67,25.0,61.54,65.91,68.75,0.0337996950648441,0.0183368786846386,0.1739130434782608,0.6086956521739131,0.0112840782608695,0.1739130434782608,4.826086956521739,5.391304347826087,0.1028018634782608,31.43478260869565,CB,84,29,98,87,89,71,81,80,60,37,83,82,82,82,84,91,77,83,56,68,73,88,90,92,50,51,67,84,29,84,53,78,80,67,60,73,83,64,53,49,98,100,96,93,42,29,69,67,53,20,71,62,38,18,73,64,67,64,27,51,66,36,33,29,36,73,67,84,50,51,67,84,29,84,53,78,80,67,31,51,71,32,29,40,82,84,51,67,Veikkausliiga
TPS,bzi3odajl7kfbut8jbi7wioa8,emdm2ibw4b2ctav7n19d92hka,S. Anini,Samuel Anini,24.0,Attacker,Finland,Striker,30.0,1.0,67.0,0.0,96.0,1.0,1.0,5.0,15.0,12.0,3.0,6.0,23.0,25.0,27.0,7.0,2.0,3.0,520.0,5.0,26.0,12.0,11.0,0.0,0.0,0.0,0.0,82.76,0.0,7.69,47.83,33.33,39.71,16.67,0.0,1.5939500134909408,0.3876145824212425,2.0,16.0,0.42267457,5.0,5.0,9.0,0.3170102299999999,28.0,5.1923076923076925,0.173076923076923,11.596153846153848,0.0,16.615384615384617,0.173076923076923,0.173076923076923,0.8653846153846154,2.5961538461538463,2.076923076923077,0.5192307692307693,1.0384615384615383,3.980769230769231,4.326923076923077,4.673076923076923,1.2115384615384617,0.3461538461538461,0.5192307692307693,0.8653846153846154,4.5,2.076923076923077,1.903846153846154,0.0,0.0,0.0,0.0,82.76,0.0,7.69,47.83,33.33,39.71,16.67,0.0,0.275875963873432,0.067087139265215,0.3461538461538461,2.769230769230769,0.0731552140384615,0.8653846153846154,0.8653846153846154,1.5576923076923077,0.0548671551923076,4.846153846153846,LW,20,30,40,15,30,15,35,20,60,60,25,65,50,45,30,30,80,40,50,50,50,50,10,50,55,55,80,15,30,70,70,10,20,10,60,20,20,40,30,30,30,25,20,25,30,30,30,15,30,20,80,10,90,90,50,90,70,70,60,70,100,50,100,80,80,70,10,50,55,55,80,15,30,70,70,10,20,10,90,20,30,60,30,50,40,20,10,20,Veikkausliiga
TPS,bzi3odajl7kfbut8jbi7wioa8,f2ab1zbzm717i2z80l869obqi,N. Talo,Nikolas Talo,23.0,Defender,Finland,Defender,82.0,12.0,119.0,13.0,189.0,6.0,2.0,9.0,2.0,0.0,2.0,1.0,3.0,4.0,31.0,12.0,0.0,3.0,627.0,0.0,3.0,8.0,2.0,12.0,0.0,0.0,0.0,78.75,40.62,50.0,66.67,0.0,65.96,54.55,80.0,0.1340736149658273,1.2583635902896055,1.0,10.0,0.32363937,3.0,23.0,27.0,1.95748292,88.0,11.770334928229666,1.7224880382775118,17.08133971291866,1.866028708133972,27.129186602870814,0.8612440191387559,0.2870813397129186,1.291866028708134,0.2870813397129186,0.0,0.2870813397129186,0.1435406698564593,0.4306220095693779,0.5741626794258373,4.44976076555024,1.7224880382775118,0.0,0.4306220095693779,0.0,0.4306220095693779,1.1483253588516746,0.2870813397129186,1.7224880382775118,0.0,0.0,0.0,78.75,40.62,50.0,66.67,0.0,65.96,54.55,80.0,0.0192450165022718,0.1806263526731491,0.1435406698564593,1.4354066985645932,0.0464554119617224,0.4306220095693779,3.3014354066985647,3.875598086124402,0.280978409569378,12.63157894736842,LB/LCB,26,63,32,29,26,26,68,45,11,5,53,34,16,16,26,13,39,13,16,16,45,18,32,45,53,53,47,50,97,63,16,84,42,92,11,63,29,32,47,11,32,26,58,26,26,79,42,37,32,42,95,74,16,5,53,37,16,26,42,21,39,5,16,16,74,26,89,45,53,53,47,50,97,63,16,84,42,92,5,74,37,58,63,16,47,32,95,21,Veikkausliiga
VPS,duspptyvnr5kpx2iko5gerhnz,1o833wo2hbq0j83flgf2pkpux,Paulo Lima,Paulo Jorge Barros Pimentel Lima,28.0,Midfielder,São Tomé e Príncipe,Midfielder,281.0,1.0,378.0,24.0,658.0,34.0,0.0,12.0,23.0,10.0,13.0,6.0,31.0,32.0,112.0,34.0,1.0,19.0,1954.0,6.0,32.0,24.0,19.0,26.0,0.0,0.0,0.0,80.64,33.8,11.11,61.29,26.09,54.37,51.52,74.29,2.044297078399504,0.9400250293935188,10.0,33.0,0.7655747199999997,14.0,71.0,64.0,1.91114189,301.0,12.942681678607984,0.0460593654042988,17.410440122824973,1.105424769703173,30.30706243602866,1.5660184237461616,0.0,0.5527123848515865,1.059365404298874,0.4605936540429887,0.5987717502558854,0.2763561924257932,1.427840327533265,1.4738996929375638,5.158648925281474,1.5660184237461616,0.0460593654042988,0.8751279426816786,0.2763561924257932,1.4738996929375638,1.105424769703173,0.8751279426816786,1.1975435005117707,0.0,0.0,0.0,80.64,33.8,11.11,61.29,26.09,54.37,51.52,74.29,0.0941590261289433,0.0432969563180228,0.4605936540429887,1.5199590583418627,0.0352618857727737,0.6448311156601843,3.27021494370522,2.947799385875128,0.0880259826509723,13.86386898669396,DM/CM,56,38,76,46,62,97,29,57,85,85,81,76,91,91,94,79,66,65,87,94,87,94,90,47,51,51,18,18,37,88,59,68,62,85,91,59,84,85,82,81,68,59,65,62,9,32,35,26,24,88,29,21,68,71,71,65,76,79,76,62,50,35,65,62,50,85,59,47,51,51,18,18,37,88,59,68,62,85,74,24,62,53,50,47,50,24,38,24,Veikkausliiga
VPS,duspptyvnr5kpx2iko5gerhnz,1wg15zg0fffyoag6owdh35vkk,V. Rönnberg,Vilmer Rönnberg,24.0,Defender,Sweden,Defender,115.0,3.0,112.0,17.0,224.0,17.0,2.0,2.0,5.0,5.0,0.0,2.0,5.0,5.0,36.0,29.0,1.0,7.0,557.0,1.0,15.0,6.0,2.0,8.0,0.0,0.0,0.0,78.87,34.69,23.08,40.0,20.0,60.0,68.0,72.73,0.6259840470683073,0.1394440407427223,0.0,13.0,0.36788627,4.0,24.0,24.0,0.5367821199999999,102.0,18.581687612208256,0.4847396768402154,18.096947935368043,2.746858168761221,36.193895870736085,2.746858168761221,0.3231597845601436,0.3231597845601436,0.8078994614003591,0.8078994614003591,0.0,0.3231597845601436,0.8078994614003591,0.8078994614003591,5.816876122082585,4.685816876122082,0.1615798922800718,1.131059245960503,0.1615798922800718,2.423698384201077,0.9694793536804308,0.3231597845601436,1.2926391382405744,0.0,0.0,0.0,78.87,34.69,23.08,40.0,20.0,60.0,68.0,72.73,0.1011464348943405,0.022531353082307,0.0,2.1005385996409336,0.0594430238779174,0.6463195691202872,3.8779174147217232,3.8779174147217232,0.0867331971274685,16.481149012567325,CB,18,78,20,26,13,27,96,39,39,49,20,61,54,54,30,22,77,26,30,62,42,50,39,42,50,51,20,16,69,38,40,68,84,78,44,36,21,58,73,49,26,21,13,13,22,91,67,44,29,78,100,73,64,78,20,84,73,73,84,44,96,69,60,89,80,69,91,42,50,51,20,16,69,38,40,68,84,78,80,64,21,89,91,76,62,49,29,20,Veikkausliiga
VPS,duspptyvnr5kpx2iko5gerhnz,1zud0qdtf6c6wzkgqhz6b94a1,M. Haukioja,Martti Haukioja,26.0,Defender,Finland,Defender,552.0,4.0,280.0,82.0,828.0,36.0,1.0,3.0,11.0,7.0,4.0,1.0,2.0,2.0,61.0,86.0,1.0,17.0,1641.0,4.0,20.0,8.0,2.0,10.0,0.0,1.0,0.0,83.72,43.39,44.44,100.0,36.36,55.45,54.55,62.5,1.006612046395686,0.3581577542263697,2.0,9.0,0.18802844,5.0,62.0,87.0,2.135030810000002,426.0,30.27422303473492,0.2193784277879341,15.356489945155392,4.49725776965265,45.411334552102375,1.974405850091408,0.0548446069469835,0.1645338208409506,0.603290676416819,0.3839122486288848,0.2193784277879341,0.0548446069469835,0.109689213893967,0.109689213893967,3.345521023765996,4.716636197440585,0.0548446069469835,0.9323583180987204,0.2193784277879341,1.0968921389396709,0.4387568555758683,0.109689213893967,0.5484460694698354,0.0,0.0548446069469835,0.0,83.72,43.39,44.44,100.0,36.36,55.45,54.55,62.5,0.0552072420326701,0.0196430212555595,0.109689213893967,0.4936014625228519,0.0103123458866544,0.2742230347349177,3.40036563071298,4.7714808043875685,0.11709492559415,23.36380255941499,CB,78,82,69,93,78,87,81,52,77,68,83,37,36,34,69,80,77,72,86,77,50,50,54,42,100,51,42,58,87,97,78,40,31,38,71,69,69,42,40,59,73,87,87,67,51,78,44,96,51,51,76,36,51,42,80,24,22,22,20,47,73,42,69,49,22,47,24,42,100,51,42,58,87,97,78,40,31,38,42,60,67,24,27,49,51,73,76,40,Veikkausliiga
VPS,duspptyvnr5kpx2iko5gerhnz,2shgmz0kct6m0wphe28gq04ix,S. Lindholm,Simon Lindholm,24.0,Midfielder,Finland,Midfielder,71.0,0.0,181.0,8.0,252.0,22.0,0.0,13.0,24.0,22.0,2.0,6.0,12.0,14.0,51.0,16.0,7.0,8.0,1447.0,11.0,56.0,11.0,5.0,6.0,0.0,0.0,0.0,72.0,38.1,0.0,41.67,45.83,30.54,34.92,46.15,2.653811976105034,0.836139033635602,2.0,16.0,0.4803253,8.0,20.0,33.0,1.44932164,125.0,4.416033172080166,0.0,11.257774706288872,0.497581202487906,15.673807878369038,1.3683483068417417,0.0,0.8085694540428472,1.492743607463718,1.3683483068417417,0.1243953006219765,0.3731859018659295,0.746371803731859,0.8707671043538354,3.1720801658604003,0.995162404975812,0.4353835521769177,0.497581202487906,0.6841741534208707,3.4830684174153417,0.6841741534208707,0.3109882515549412,0.3731859018659295,0.0,0.0,0.0,72.0,38.1,0.0,41.67,45.83,30.54,34.92,46.15,0.1650608692808935,0.0520058832254348,0.1243953006219765,0.995162404975812,0.0298751050449205,0.497581202487906,1.243953006219765,2.052522460262612,0.0901444005528679,7.77470628887353,CM/AM,35,12,49,39,45,100,23,53,81,100,24,76,41,49,59,82,97,68,85,97,41,57,41,51,46,50,5,14,12,59,84,5,43,22,95,43,31,43,46,45,38,53,65,51,8,12,8,14,8,86,23,19,54,86,8,41,14,14,27,65,97,46,78,78,19,22,16,51,46,50,5,14,12,59,84,5,43,22,76,8,11,11,22,19,14,19,24,14,Veikkausliiga
VPS,duspptyvnr5kpx2iko5gerhnz,3ax5796zogpcbett7l1i4vhg4,R. Simpson,Razak Simpson,28.0,Midfielder,Ghana,Midfielder,93.0,1.0,74.0,16.0,166.0,12.0,0.0,0.0,2.0,1.0,1.0,1.0,1.0,1.0,24.0,18.0,0.0,7.0,401.0,0.0,5.0,3.0,0.0,7.0,0.0,0.0,0.0,79.05,38.1,50.0,0.0,0.0,61.54,70.59,77.78,0.1335848314997982,0.0,1.0,1.0,0.01935132,0.0,23.0,27.0,0.4402538599999999,104.0,20.87281795511221,0.2244389027431421,16.60847880299252,3.591022443890274,37.2568578553616,2.693266832917706,0.0,0.0,0.4488778054862842,0.2244389027431421,0.2244389027431421,0.2244389027431421,0.2244389027431421,0.2244389027431421,5.386533665835412,4.039900249376559,0.0,1.5710723192019949,0.0,1.1221945137157108,0.6733167082294265,0.0,1.5710723192019949,0.0,0.0,0.0,79.05,38.1,50.0,0.0,0.0,61.54,70.59,77.78,0.0299816330049422,0.0,0.2244389027431421,0.2244389027431421,0.0043431890274314,0.0,5.162094763092269,6.059850374064838,0.0988100932668328,23.34164588528678,RM/RCM,50,17,33,75,50,100,33,17,33,25,42,42,17,17,33,83,33,50,25,17,42,17,50,58,58,58,50,17,100,17,25,100,83,83,17,17,42,17,17,25,67,50,33,50,100,17,67,100,100,100,33,17,33,33,50,33,17,17,83,100,33,100,25,17,50,17,67,58,58,58,50,17,100,17,25,100,83,83,17,17,50,17,17,25,100,100,67,100,Veikkausliiga
VPS,duspptyvnr5kpx2iko5gerhnz,3h8gqv4l0lrls9day28t1sw0k,J. Turfkruier,Jayden Turfkruier,23.0,Defender,Suriname,Defender,212.0,51.0,470.0,47.0,631.0,16.0,5.0,44.0,18.0,8.0,10.0,9.0,20.0,20.0,89.0,32.0,1.0,22.0,1876.0,5.0,30.0,16.0,11.0,33.0,0.0,0.0,0.0,76.02,36.15,31.29,55.0,27.78,51.45,51.61,71.74,1.0635997679709592,5.127316502647693,6.0,33.0,0.8838201899999996,21.0,71.0,101.0,4.05852252,282.0,10.170575692963752,2.446695095948827,22.547974413646056,2.2547974413646057,30.27185501066098,0.767590618336887,0.2398720682302771,2.11087420042644,0.8635394456289979,0.3837953091684435,0.4797441364605543,0.4317697228144989,0.9594882729211088,0.9594882729211088,4.269722814498934,1.535181236673774,0.0479744136460554,1.0554371002132197,0.2398720682302771,1.439232409381663,0.767590618336887,0.5277185501066098,1.5831556503198294,0.0,0.0,0.0,76.02,36.15,31.29,55.0,27.78,51.45,51.61,71.74,0.0510255752224873,0.2459800027922667,0.2878464818763326,1.5831556503198294,0.0424007553837952,1.007462686567164,3.406183368869936,4.845415778251599,0.1947052381663113,13.528784648187631,LB/LCB,58,100,89,95,68,66,97,89,79,84,82,95,58,58,79,42,87,84,97,76,79,58,100,45,53,53,26,37,68,47,68,26,37,68,74,95,74,79,79,79,79,79,84,58,21,95,79,63,37,37,89,84,68,58,74,89,42,42,37,11,84,53,89,58,53,42,79,45,53,53,26,37,68,47,68,26,37,68,47,95,58,63,58,68,53,63,68,26,Veikkausliiga
VPS,duspptyvnr5kpx2iko5gerhnz,45vh3c99keqayr9hj0r6x0ei2,S. van Duivenbooden,Simon van Duivenbooden,24.0,Attacker,Netherlands,Striker,12.0,0.0,26.0,2.0,38.0,10.0,0.0,2.0,2.0,1.0,1.0,1.0,2.0,2.0,17.0,2.0,0.0,0.0,216.0,0.0,6.0,4.0,0.0,1.0,0.0,0.0,0.0,58.46,40.0,0.0,0.0,0.0,34.69,32.26,33.33,0.0907721157895895,0.0702799412897856,1.0,4.0,0.0999366099999999,4.0,4.0,4.0,0.19824867,16.0,5.0,0.0,10.833333333333334,0.8333333333333334,15.833333333333334,4.166666666666667,0.0,0.8333333333333334,0.8333333333333334,0.4166666666666667,0.4166666666666667,0.4166666666666667,0.8333333333333334,0.8333333333333334,7.083333333333334,0.8333333333333334,0.0,0.0,0.0,2.5,1.6666666666666667,0.0,0.4166666666666667,0.0,0.0,0.0,58.46,40.0,0.0,0.0,0.0,34.69,32.26,33.33,0.0378217149123289,0.029283308870744,0.4166666666666667,1.6666666666666667,0.0416402541666666,1.6666666666666667,1.6666666666666667,1.6666666666666667,0.0826036124999999,6.666666666666667,ST,12,25,12,34,12,49,18,10,2,2,11,9,5,5,22,14,12,14,4,2,21,6,8,51,50,51,8,38,25,6,4,30,40,6,2,8,10,20,12,48,22,18,28,18,60,25,62,88,62,98,18,30,5,2,25,28,18,15,92,52,12,14,4,8,68,6,32,51,50,51,8,38,25,6,4,30,40,6,2,15,28,72,60,98,90,65,70,78,Veikkausliiga
VPS,duspptyvnr5kpx2iko5gerhnz,4lv7kvbtfspy378pqcye9w1uy,J. Muzinga,Jonathan Muzinga,23.0,Attacker,Finland,Striker,35.0,2.0,95.0,2.0,128.0,20.0,1.0,12.0,23.0,21.0,2.0,7.0,5.0,5.0,51.0,8.0,1.0,4.0,1122.0,9.0,53.0,22.0,1.0,6.0,0.0,0.0,0.0,68.45,28.57,40.0,20.0,39.13,46.36,40.0,75.0,2.5821973922659,0.7275864082200344,8.0,10.0,0.30082048,3.0,4.0,8.0,0.9407795100000002,44.0,2.807486631016043,0.160427807486631,7.620320855614973,0.160427807486631,10.267379679144383,1.60427807486631,0.0802139037433155,0.962566844919786,1.8449197860962567,1.6844919786096255,0.160427807486631,0.5614973262032086,0.4010695187165775,0.4010695187165775,4.090909090909091,0.6417112299465241,0.0802139037433155,0.320855614973262,0.7219251336898396,4.251336898395722,1.7647058823529411,0.0802139037433155,0.481283422459893,0.0,0.0,0.0,68.45,28.57,40.0,20.0,39.13,46.36,40.0,75.0,0.2071281330694572,0.0583625461139065,0.6417112299465241,0.8021390374331551,0.0241299850267379,0.2406417112299465,0.320855614973262,0.6417112299465241,0.0754635970588235,3.5294117647058822,ST,45,70,55,34,52,74,50,61,51,68,20,68,12,12,69,70,30,72,52,65,85,18,55,51,50,51,35,19,96,20,48,72,57,75,62,55,62,41,38,39,22,44,65,52,15,68,38,18,20,55,45,40,20,38,10,52,5,5,48,42,25,62,32,38,78,12,45,51,50,51,35,19,96,20,48,72,57,75,30,32,52,20,18,25,8,12,65,19,Veikkausliiga
VPS,duspptyvnr5kpx2iko5gerhnz,7cfvfo7j1hdln0ef4skv57my1,K. Kouassivi-Benissan,Kevin Kouassivi-Benissan,27.0,Defender,Finland,Defender,97.0,23.0,268.0,19.0,342.0,7.0,3.0,36.0,27.0,16.0,11.0,5.0,22.0,24.0,60.0,14.0,1.0,12.0,1443.0,13.0,59.0,21.0,9.0,13.0,0.0,0.0,0.0,72.61,42.22,26.74,40.91,48.15,45.8,25.93,56.52,1.983954893361454,4.053392192507888,13.0,31.0,0.90438688,13.0,30.0,52.0,3.4315136400000013,151.0,6.0498960498960495,1.4345114345114345,16.715176715176714,1.185031185031185,21.330561330561327,0.4365904365904365,0.1871101871101871,2.245322245322245,1.6839916839916838,0.997920997920998,0.686070686070686,0.3118503118503118,1.372141372141372,1.4968814968814967,3.742203742203742,0.8731808731808731,0.0623700623700623,0.7484407484407484,0.8108108108108107,3.67983367983368,1.3097713097713095,0.5613305613305613,0.8108108108108107,0.0,0.0,0.0,72.61,42.22,26.74,40.91,48.15,45.8,25.93,56.52,0.1237393904383443,0.2528103238570408,0.8108108108108107,1.9334719334719328,0.0564066661122661,0.8108108108108107,1.871101871101871,3.243243243243243,0.2140237197505198,9.417879417879416,CB,13,100,62,31,24,12,99,100,97,91,96,89,92,93,66,8,77,52,100,98,93,83,71,42,50,51,9,51,73,42,89,11,7,31,89,100,98,91,96,92,37,49,100,18,4,100,53,13,7,7,96,100,96,96,96,82,89,91,36,4,76,27,98,96,93,80,53,42,50,51,9,51,73,42,89,11,7,31,91,100,98,87,89,84,20,36,98,11,Veikkausliiga
VPS,duspptyvnr5kpx2iko5gerhnz,7zztpnbw4cfyw6q231nqy8nv9,M. Niemi,Miika Niemi,32.0,Defender,Finland,Defender,244.0,6.0,274.0,47.0,512.0,7.0,0.0,7.0,4.0,2.0,2.0,2.0,1.0,1.0,27.0,50.0,0.0,11.0,1371.0,1.0,6.0,11.0,0.0,6.0,0.0,0.0,0.0,78.29,39.83,30.0,0.0,25.0,45.76,46.67,66.67,0.2858306744564904,0.6106388605153183,3.0,13.0,0.2887852099999999,14.0,86.0,96.0,2.024942640000001,294.0,16.01750547045952,0.3938730853391685,17.986870897155363,3.085339168490153,33.610503282275715,0.4595185995623632,0.0,0.4595185995623632,0.262582056892779,0.1312910284463895,0.1312910284463895,0.1312910284463895,0.0656455142231947,0.0656455142231947,1.7724288840262583,3.2822757111597376,0.0,0.7221006564551423,0.0656455142231947,0.3938730853391685,0.7221006564551423,0.0,0.3938730853391685,0.0,0.0,0.0,78.29,39.83,30.0,0.0,25.0,45.76,46.67,66.67,0.0187635016054588,0.0400857020031937,0.1969365426695842,0.8533916849015317,0.0189574536105032,0.9190371991247264,5.645514223194748,6.301969365426697,0.1329284008752735,19.299781181619256,CB,33,91,67,70,44,12,34,87,29,18,73,61,21,20,12,42,31,47,30,18,67,13,24,42,50,51,13,31,82,13,53,9,18,58,22,87,78,58,60,96,89,89,84,47,20,84,64,69,22,9,34,78,22,11,69,56,18,18,2,22,31,24,29,7,62,13,11,42,50,51,13,31,82,13,53,9,18,58,11,82,73,58,58,89,93,96,91,22,Veikkausliiga
VPS,duspptyvnr5kpx2iko5gerhnz,9iqrojw1zas7uwcubiwbzmns9,Y. Daoussi,Yassin Daoussi,26.0,Defender,Finland,Defender,91.0,6.0,180.0,10.0,265.0,24.0,1.0,12.0,15.0,9.0,6.0,6.0,7.0,7.0,56.0,22.0,1.0,16.0,1118.0,5.0,35.0,11.0,1.0,11.0,0.0,0.0,0.0,70.29,37.04,27.27,14.29,33.33,40.29,45.28,55.0,1.211214356183424,1.2853478726090872,4.0,7.0,0.20570752,5.0,15.0,34.0,1.62360006,99.0,7.325581395348837,0.4830053667262969,14.490161001788907,0.8050089445438282,21.332737030411447,1.932021466905188,0.0805008944543828,0.966010733452594,1.2075134168157424,0.7245080500894454,0.4830053667262969,0.4830053667262969,0.5635062611806798,0.5635062611806798,4.508050089445439,1.7710196779964222,0.0805008944543828,1.2880143112701252,0.4025044722719141,2.817531305903399,0.8855098389982111,0.0805008944543828,0.8855098389982111,0.0,0.0,0.0,70.29,37.04,27.27,14.29,33.33,40.29,45.28,55.0,0.097503839048755,0.1034716534300696,0.3220035778175313,0.5635062611806798,0.0165596393559928,0.4025044722719141,1.2075134168157424,2.737030411449016,0.1307012570661896,7.969588550983899,CB,11,91,42,11,17,56,81,92,82,80,91,93,62,62,53,18,77,68,91,91,67,33,59,42,50,51,7,27,77,27,71,2,13,24,78,93,83,37,44,59,16,33,67,11,7,89,33,4,9,49,82,93,87,64,91,98,60,58,60,9,82,78,91,93,76,31,62,42,50,51,7,27,77,27,71,2,13,24,73,93,84,29,51,60,9,20,89,4,Veikkausliiga
VPS,duspptyvnr5kpx2iko5gerhnz,9ka422rjynvrx4kofh5q8ivop,A. Räisänen,Antti-Ville Räisänen,28.0,Midfielder,Finland,Midfielder,95.0,0.0,198.0,12.0,293.0,18.0,0.0,6.0,9.0,6.0,3.0,4.0,16.0,17.0,53.0,11.0,1.0,9.0,1158.0,3.0,22.0,5.0,3.0,15.0,0.0,0.0,0.0,78.13,52.17,0.0,18.75,33.33,44.54,56.25,55.56,0.7852848435738723,0.30799701124465,3.0,18.0,0.53666353,15.0,33.0,32.0,0.99974261,131.0,7.383419689119171,0.0,15.38860103626943,0.932642487046632,22.7720207253886,1.398963730569948,0.0,0.466321243523316,0.699481865284974,0.466321243523316,0.233160621761658,0.310880829015544,1.243523316062176,1.3212435233160622,4.119170984455958,0.854922279792746,0.077720207253886,0.699481865284974,0.233160621761658,1.709844559585492,0.38860103626943,0.233160621761658,1.16580310880829,0.0,0.0,0.0,78.13,52.17,0.0,18.75,33.33,44.54,56.25,55.56,0.0610325007958968,0.0239375915475116,0.233160621761658,1.398963730569948,0.041709600777202,1.16580310880829,2.564766839378238,2.4870466321243523,0.0777002028497409,10.181347150259066,CM/AM,49,12,59,58,54,95,23,22,35,47,41,50,69,70,62,66,49,72,36,43,26,28,85,51,46,50,27,54,12,11,58,38,84,49,32,11,46,50,51,76,65,49,38,54,27,12,30,32,24,89,23,5,14,32,16,30,38,43,51,43,32,68,16,24,8,16,73,51,46,50,27,54,12,11,58,38,84,49,19,5,27,32,38,65,49,24,19,24,Veikkausliiga
VPS,duspptyvnr5kpx2iko5gerhnz,b7594v117himyndjrpkval8us,E. Okereke,Emmanuel Okereke,23.0,Defender,Nigeria,Defender,565.0,0.0,214.0,67.0,779.0,76.0,0.0,3.0,20.0,19.0,1.0,6.0,16.0,17.0,141.0,125.0,0.0,34.0,2022.0,2.0,33.0,15.0,12.0,28.0,0.0,0.0,0.0,81.4,42.95,0.0,75.0,10.0,55.51,64.96,73.68,2.6230786331942504,0.1237146102645978,2.0,1.0,0.01935132,0.0,38.0,54.0,1.276721680000002,455.0,25.148367952522257,0.0,9.525222551928785,2.982195845697329,34.67359050445104,3.382789317507419,0.0,0.1335311572700296,0.8902077151335313,0.8456973293768547,0.0445103857566765,0.2670623145400593,0.712166172106825,0.7566765578635015,6.275964391691395,5.56379821958457,0.0,1.513353115727003,0.0890207715133531,1.4688427299703266,0.6676557863501484,0.5341246290801187,1.2462908011869438,0.0,0.0,0.0,81.4,42.95,0.0,75.0,10.0,55.51,64.96,73.68,0.1167542418335719,0.0055065850266141,0.0890207715133531,0.0445103857566765,0.0008613347181008,0.0,1.6913946587537094,2.4035608308605343,0.0568273744807122,20.25222551928784,CB,80,29,49,84,76,100,34,52,92,97,54,93,86,86,100,93,31,99,56,89,86,96,99,42,50,51,29,53,29,91,22,42,73,80,96,31,69,7,8,9,47,54,44,71,36,29,11,60,24,91,34,29,78,84,40,76,71,71,93,64,31,93,36,71,53,76,82,42,50,51,29,53,29,91,22,42,73,80,87,18,56,4,4,9,18,16,11,29,Veikkausliiga
VPS,duspptyvnr5kpx2iko5gerhnz,b936xgwgyt2zr6730pvx3q2hg,Lassana Mané,Lassana Mané,26.0,Defender,Guinea-Bissau,Defender,327.0,5.0,368.0,43.0,690.0,28.0,1.0,12.0,8.0,3.0,5.0,2.0,13.0,13.0,96.0,60.0,1.0,24.0,2160.0,1.0,13.0,18.0,7.0,28.0,0.0,0.0,0.0,81.85,40.57,21.74,53.85,12.5,59.26,52.83,65.12,0.6122165881670445,1.1371096733788308,5.0,24.0,0.57659819,13.0,63.0,86.0,2.02076866,338.0,13.625,0.2083333333333333,15.333333333333334,1.7916666666666667,28.75,1.1666666666666667,0.0416666666666666,0.5,0.3333333333333333,0.125,0.2083333333333333,0.0833333333333333,0.5416666666666666,0.5416666666666666,4.0,2.5,0.0416666666666666,1.0,0.0416666666666666,0.5416666666666666,0.75,0.2916666666666667,1.1666666666666667,0.0,0.0,0.0,81.85,40.57,21.74,53.85,12.5,59.26,52.83,65.12,0.0255090245069601,0.0473795697241179,0.2083333333333333,1.0,0.0240249245833333,0.5416666666666666,2.625,3.583333333333333,0.0841986941666666,14.083333333333334,CB,47,86,89,67,67,67,81,92,60,27,88,61,79,78,93,62,77,92,30,50,91,78,99,42,50,51,33,36,67,67,26,63,24,47,40,91,90,88,89,92,76,84,82,49,16,76,42,27,13,16,69,80,36,9,78,29,58,56,47,16,62,51,22,16,69,62,80,42,50,51,33,36,67,67,26,63,24,47,22,87,78,62,62,71,29,42,27,18,Veikkausliiga
VPS,duspptyvnr5kpx2iko5gerhnz,bmbqxxppt49l7d7glv3eg9k44,O. Ogunniyi,Oluwaseyi Ogunniyi,19.0,Attacker,Nigeria,Striker,125.0,6.0,236.0,14.0,355.0,10.0,0.0,17.0,18.0,13.0,5.0,2.0,43.0,45.0,69.0,15.0,2.0,16.0,1003.0,6.0,38.0,17.0,21.0,17.0,0.0,0.0,0.0,81.99,46.67,19.35,48.84,33.33,49.64,38.46,77.27,1.5100744058286089,1.3901910184710211,5.0,37.0,1.0360205899999997,16.0,36.0,46.0,1.989837650000001,154.0,11.216350947158524,0.5383848454636092,21.176470588235293,1.2562313060817547,31.85443668993021,0.897308075772682,0.0,1.5254237288135597,1.6151545363908275,1.166500498504487,0.448654037886341,0.1794616151545364,3.8584247258225326,4.037886340977069,6.1914257228315055,1.345962113659023,0.1794616151545364,1.4356929212362912,0.5383848454636092,3.4097706879361915,1.5254237288135597,1.8843469591226325,1.5254237288135597,0.0,0.0,0.0,81.99,46.67,19.35,48.84,33.33,49.64,38.46,77.27,0.1355001959367645,0.1247429627740697,0.448654037886341,3.3200398803589235,0.0929629642073778,1.4356929212362912,3.230309072781655,4.127617148554338,0.1785497392821536,13.818544366899305,RW,78,72,89,78,72,78,22,61,78,89,67,22,83,78,89,78,67,100,78,61,83,100,89,44,56,56,89,67,56,67,56,89,56,78,89,56,67,83,78,100,100,89,78,100,89,67,89,89,100,78,22,67,44,56,67,22,89,78,78,89,44,100,44,33,78,89,100,44,56,56,89,67,56,67,56,89,56,78,44,56,67,67,56,100,100,100,78,100,Veikkausliiga
VPS,duspptyvnr5kpx2iko5gerhnz,d2faddqz3ulinxt2idj79z3oq,H. Salomaa,Henri Salomaa,23.0,Attacker,Finland,Striker,25.0,2.0,59.0,1.0,82.0,4.0,2.0,2.0,14.0,13.0,1.0,4.0,7.0,7.0,13.0,7.0,0.0,0.0,391.0,4.0,20.0,1.0,1.0,5.0,0.0,0.0,0.0,82.0,33.33,16.67,14.29,28.57,32.5,36.36,71.43,1.5857753367423972,0.187685786753667,2.0,12.0,0.3435927099999999,6.0,5.0,2.0,0.1556008099999999,18.0,5.754475703324808,0.4603580562659847,13.580562659846548,0.2301790281329923,18.87468030690537,0.9207161125319694,0.4603580562659847,0.4603580562659847,3.222506393861893,2.9923273657289005,0.2301790281329923,0.9207161125319694,1.6112531969309465,1.6112531969309465,2.9923273657289005,1.6112531969309465,0.0,0.0,0.9207161125319694,4.603580562659847,0.2301790281329923,0.2301790281329923,1.1508951406649617,0.0,0.0,0.0,82.0,33.33,16.67,14.29,28.57,32.5,36.36,71.43,0.3650122258486337,0.0432013319893351,0.4603580562659847,2.762148337595908,0.079087836061381,1.381074168797954,1.1508951406649617,0.4603580562659847,0.0358160432225063,4.143222506393863,ST,30,70,32,15,30,28,76,10,32,45,11,41,20,20,8,62,12,14,24,21,4,18,45,51,50,51,92,28,62,15,20,22,45,65,38,18,16,48,40,65,32,6,22,22,75,80,82,25,82,38,100,12,75,88,12,90,42,42,20,92,12,14,45,42,2,25,82,51,50,51,92,28,62,15,20,22,45,65,82,20,35,88,82,90,60,5,28,40,Veikkausliiga
VPS,duspptyvnr5kpx2iko5gerhnz,d9ix4ojatsb0l7hon5e7ykrh0,X. Odhiambo,Xavier Odhiambo,21.0,Attacker,Kenya,Striker,8.0,0.0,31.0,2.0,39.0,3.0,0.0,5.0,10.0,7.0,3.0,0.0,9.0,10.0,14.0,5.0,1.0,0.0,349.0,7.0,20.0,3.0,6.0,2.0,0.0,0.0,0.0,68.42,66.67,0.0,66.67,70.0,29.79,21.43,100.0,1.3174529088068898,0.2584994500249732,5.0,3.0,0.0917426299999999,1.0,2.0,2.0,0.08617835,11.0,2.0630372492836675,0.0,7.994269340974212,0.5157593123209169,10.05730659025788,0.7736389684813754,0.0,1.2893982808022924,2.5787965616045847,1.805157593123209,0.7736389684813754,0.0,2.320916905444126,2.5787965616045847,3.610315186246418,1.2893982808022924,0.2578796561604584,0.0,1.805157593123209,5.157593123209169,0.7736389684813754,1.5472779369627507,0.5157593123209169,0.0,0.0,0.0,68.42,66.67,0.0,66.67,70.0,29.79,21.43,100.0,0.3397443031307166,0.0666617492901077,1.2893982808022924,0.7736389684813754,0.0236585578796561,0.2578796561604584,0.5157593123209169,0.5157593123209169,0.0222236432664756,2.836676217765043,ST,8,25,15,34,15,21,18,30,19,19,31,2,31,31,11,45,30,14,40,21,12,54,19,51,50,51,32,92,25,100,100,18,20,96,28,22,44,11,10,19,9,6,8,5,5,25,40,68,18,32,18,65,52,45,80,2,70,80,35,85,50,14,95,60,25,95,50,51,50,51,32,92,25,100,100,18,20,96,75,38,92,18,15,28,18,8,18,10,Veikkausliiga
