Team,contestantId,playerId,Short Name,Player Name,Age,Position_x,Nationality,Position_y,total accurate back zone pass_Total,total accurate fwd zone pass_Total,total accurate long balls_Total,total accurate pass_Total,total att assist_Total,total big chances saved_Total,total mins played,total aerial won_Total,total assists_Total,total attempt_Total,total attempts ibox_Total,total attempts obox_Total,total blocked scoring att_Total,total contest_Total,total dribbles attempted_Total,total duels won_Total,total goals_Total,total interception_Total,total ontarget attempt_Total,total touches in opposition box_Total,total was fouled_Total,total won contest_Total,total accurate cross_Total,total effective clearance_Total,total won tackle_Total,total direct setpiece goals_Total,pass_success_pct_Total,long_balls_success_pct_Total,cross_success_pct_Total,dribble_success_pct_Total,attempt_success_pct_Total,duel_success_pct_Total,aerial_success_pct_Total,tackle_success_pct_Total,xG_Total,xA_Total,CreatedOwnShot_Total,Total Carries_Total,Total Carry xT_Total,Total Final Third Carries_Total,passes_into_final_third_Total,progressive_passes_Total,xT_pass_Total,forward_passes_Total,total accurate back zone pass_p90,total accurate fwd zone pass_p90,total accurate long balls_p90,total accurate pass_p90,total att assist_p90,total big chances saved_p90,total aerial won_p90,total assists_p90,total attempt_p90,total attempts ibox_p90,total attempts obox_p90,total blocked scoring att_p90,total contest_p90,total dribbles attempted_p90,total duels won_p90,total goals_p90,total interception_p90,total ontarget attempt_p90,total touches in opposition box_p90,total was fouled_p90,total won contest_p90,total accurate cross_p90,total effective clearance_p90,total won tackle_p90,total direct setpiece goals_p90,pass_success_pct_p90,long_balls_success_pct_p90,cross_success_pct_p90,dribble_success_pct_p90,attempt_success_pct_p90,duel_success_pct_p90,aerial_success_pct_p90,tackle_success_pct_p90,xG_p90,xA_p90,CreatedOwnShot_p90,Total Carries_p90,Total Carry xT_p90,Total Final Third Carries_p90,passes_into_final_third_p90,progressive_passes_p90,xT_pass_p90,forward_passes_p90,Pos.,total accurate back zone pass_TotalPR,total accurate fwd zone pass_TotalPR,total accurate long balls_TotalPR,total accurate pass_TotalPR,total att assist_TotalPR,total big chances saved_TotalPR,total aerial won_TotalPR,total assists_TotalPR,total attempt_TotalPR,total attempts ibox_TotalPR,total attempts obox_TotalPR,total blocked scoring att_TotalPR,total contest_TotalPR,total dribbles attempted_TotalPR,total duels won_TotalPR,total goals_TotalPR,total interception_TotalPR,total ontarget attempt_TotalPR,total touches in opposition box_TotalPR,total was fouled_TotalPR,total won contest_TotalPR,total accurate cross_TotalPR,total effective clearance_TotalPR,total won tackle_TotalPR,total direct setpiece goals_TotalPR,pass_success_pct_TotalPR,long_balls_success_pct_TotalPR,cross_success_pct_TotalPR,dribble_success_pct_TotalPR,attempt_success_pct_TotalPR,duel_success_pct_TotalPR,aerial_success_pct_TotalPR,tackle_success_pct_TotalPR,xG_TotalPR,xA_TotalPR,CreatedOwnShot_TotalPR,Total Carries_TotalPR,Total Carry xT_TotalPR,Total Final Third Carries_TotalPR,passes_into_final_third_TotalPR,progressive_passes_TotalPR,xT_pass_TotalPR,forward_passes_TotalPR,total accurate back zone pass_p90PR,total accurate fwd zone pass_p90PR,total accurate long balls_p90PR,total accurate pass_p90PR,total att assist_p90PR,total big chances saved_p90PR,total aerial won_p90PR,total assists_p90PR,total attempt_p90PR,total attempts ibox_p90PR,total attempts obox_p90PR,total blocked scoring att_p90PR,total contest_p90PR,total dribbles attempted_p90PR,total duels won_p90PR,total goals_p90PR,total interception_p90PR,total ontarget attempt_p90PR,total touches in opposition box_p90PR,total was fouled_p90PR,total won contest_p90PR,total accurate cross_p90PR,total effective clearance_p90PR,total won tackle_p90PR,total direct setpiece goals_p90PR,pass_success_pct_p90PR,long_balls_success_pct_p90PR,cross_success_pct_p90PR,dribble_success_pct_p90PR,attempt_success_pct_p90PR,duel_success_pct_p90PR,aerial_success_pct_p90PR,tackle_success_pct_p90PR,xG_p90PR,xA_p90PR,CreatedOwnShot_p90PR,Total Carries_p90PR,Total Carry xT_p90PR,Total Final Third Carries_p90PR,passes_into_final_third_p90PR,progressive_passes_p90PR,xT_pass_p90PR,forward_passes_p90PR,League
Köln,8q1ul09cygzswb7tb456bmifv,3jruai7zu28e8f0ooj4t16l05,L. Lochoshvili,Luka Lochoshvili,28,Defender,Georgia,Defender,107.0,28.0,4.0,135.0,0.0,0.0,270.0,5.0,0.0,3.0,3.0,0.0,0.0,2.0,2.0,9.0,0.0,1.0,0.0,6.0,2.0,1.0,0.0,17.0,1.0,0.0,91.22,26.67,0.0,50.0,0.0,42.86,41.67,100.0,0.3942413379766833,0.0,0.0,1.0,0.01870347,0.0,1.0,4.0,0.11421689,73.0,35.666666666666664,9.333333333333334,1.3333333333333333,45.0,0.0,0.0,1.6666666666666667,0.0,1.0,1.0,0.0,0.0,0.6666666666666666,0.6666666666666666,3.0,0.0,0.3333333333333333,0.0,2.0,0.6666666666666666,0.3333333333333333,0.0,5.666666666666667,0.3333333333333333,0.0,91.22,26.67,0.0,50.0,0.0,42.86,41.67,100.0,0.1314137793255611,0.0,0.0,0.3333333333333333,0.00623449,0.0,0.3333333333333333,1.3333333333333333,0.0380722966666666,24.33333333333333,CB,70,22,35,48,20,50,33,44,67,72,37,30,72,72,24,41,15,31,80,54,70,43,52,24,50,81,15,43,61,31,19,33,94,70,22,39,31,30,26,13,28,22,37,67,22,31,46,20,50,33,44,65,69,37,30,70,70,22,41,9,31,72,50,65,43,52,19,50,81,15,43,61,31,19,33,94,70,22,39,28,30,26,13,28,22,33,Bundesliga
Köln,8q1ul09cygzswb7tb456bmifv,512mx8ixg85cbefyan94g82y1,G. Mensah,Gideon Mensah,28,Defender,Ghana,Defender,47.0,60.0,8.0,105.0,0.0,0.0,270.0,1.0,0.0,4.0,0.0,4.0,2.0,8.0,8.0,8.0,0.0,4.0,0.0,0.0,2.0,2.0,2.0,6.0,2.0,0.0,88.24,72.73,18.18,25.0,0.0,34.78,0.0,66.67,0.4977617514321093,0.0,3.0,4.0,0.0918188599999999,4.0,14.0,20.0,0.33119852,54.0,15.666666666666666,20.0,2.6666666666666665,35.0,0.0,0.0,0.3333333333333333,0.0,1.3333333333333333,0.0,1.3333333333333333,0.6666666666666666,2.6666666666666665,2.6666666666666665,2.6666666666666665,0.0,1.3333333333333333,0.0,0.0,0.6666666666666666,0.6666666666666666,0.6666666666666666,2.0,0.6666666666666666,0.0,88.24,72.73,18.18,25.0,0.0,34.78,0.0,66.67,0.1659205838107031,0.0,1.0,1.3333333333333333,0.0306062866666666,1.3333333333333333,4.666666666666667,6.666666666666667,0.1103995066666666,18.0,LB/LCB,46,69,100,46,19,46,15,38,96,23,100,88,100,100,31,50,65,23,15,62,96,73,23,38,54,77,100,73,50,23,23,12,54,92,23,100,54,54,81,81,100,46,62,38,69,92,38,19,46,12,38,96,23,100,81,100,100,23,50,58,23,15,58,92,73,23,31,54,77,100,73,50,23,23,12,54,92,23,100,50,46,81,81,100,46,62,Bundesliga
Köln,8q1ul09cygzswb7tb456bmifv,7dayrhr0c60zbc1b6lig8pm8l,A. Castro-Montes,Alessio Castro-Montes,29,Midfielder,Belgium,Midfielder,25.0,37.0,3.0,58.0,4.0,0.0,244.0,2.0,0.0,0.0,0.0,0.0,0.0,5.0,5.0,12.0,0.0,4.0,0.0,6.0,0.0,3.0,4.0,7.0,5.0,0.0,69.05,25.0,22.22,60.0,0.0,60.0,40.0,71.43,0.0,0.4736795273657448,0.0,10.0,0.2656249600000001,7.0,2.0,9.0,0.17128432,30.0,9.221311475409836,13.647540983606556,1.1065573770491803,21.39344262295082,1.4754098360655736,0.0,0.7377049180327868,0.0,0.0,0.0,0.0,0.0,1.8442622950819672,1.8442622950819672,4.426229508196721,0.0,1.4754098360655736,0.0,2.2131147540983607,0.0,1.1065573770491803,1.4754098360655736,2.581967213114754,1.8442622950819672,0.0,69.05,25.0,22.22,60.0,0.0,60.0,40.0,71.43,0.0,0.174717858454578,0.0,3.6885245901639343,0.0979764196721311,2.581967213114754,0.7377049180327868,3.319672131147541,0.0631786426229508,11.065573770491802,CM/AM,38,31,56,28,56,53,62,38,6,16,9,19,69,69,56,38,72,12,44,6,69,78,94,81,50,12,38,31,50,12,75,50,62,6,62,9,81,100,100,12,44,12,25,38,19,56,12,50,53,62,38,6,16,9,19,69,69,50,38,69,12,44,6,69,81,94,81,50,12,38,31,50,12,75,50,62,6,50,9,81,94,100,12,50,12,31,Bundesliga
Köln,8q1ul09cygzswb7tb456bmifv,bwhn9ve3o3jh21a4vuyjmzbbo,J. Simpson-Pusey,Jahmai Simpson-Pusey,20,Defender,England,Defender,88.0,43.0,4.0,131.0,0.0,0.0,270.0,7.0,0.0,0.0,0.0,0.0,0.0,4.0,4.0,18.0,0.0,5.0,0.0,0.0,4.0,3.0,0.0,21.0,3.0,0.0,86.18,28.57,0.0,75.0,0.0,66.67,53.85,75.0,0.0,0.0,0.0,0.0,0.0,0.0,0.0,0.0,0.0,0.0,29.33333333333333,14.333333333333334,1.3333333333333333,43.66666666666666,0.0,0.0,2.333333333333333,0.0,0.0,0.0,0.0,0.0,1.3333333333333333,1.3333333333333333,6.0,0.0,1.6666666666666667,0.0,0.0,1.3333333333333333,1.0,0.0,7.0,1.0,0.0,86.18,28.57,0.0,75.0,0.0,66.67,53.85,75.0,0.0,0.0,0.0,0.0,0.0,0.0,0.0,0.0,0.0,0.0,CB,37,44,35,39,20,50,54,44,9,17,37,30,96,94,70,41,72,31,9,89,96,43,72,61,50,33,24,43,78,31,67,37,63,9,22,39,13,13,26,6,7,6,6,37,44,31,33,20,50,54,44,9,17,37,30,96,94,70,41,67,31,9,89,94,43,72,54,50,33,24,43,78,31,67,37,63,9,22,39,13,13,26,6,7,6,6,Bundesliga
Köln,8q1ul09cygzswb7tb456bmifv,dgysidzshgxqm3jegaihwi5wq,T. Krauß,Tom Krauß,25,Midfielder,Germany,Midfielder,53.0,47.0,1.0,99.0,2.0,0.0,267.0,2.0,0.0,5.0,5.0,0.0,1.0,3.0,3.0,9.0,0.0,6.0,2.0,8.0,3.0,0.0,1.0,7.0,2.0,0.0,87.61,14.29,25.0,0.0,40.0,34.62,40.0,50.0,0.5344558570863236,0.1881995644261051,0.0,4.0,0.09804756,0.0,6.0,4.0,0.20840574,51.0,17.865168539325843,15.842696629213483,0.3370786516853932,33.37078651685393,0.6741573033707865,0.0,0.6741573033707865,0.0,1.6853932584269662,1.6853932584269662,0.0,0.3370786516853932,1.0112359550561798,1.0112359550561798,3.033707865168539,0.0,2.02247191011236,0.6741573033707865,2.696629213483146,1.0112359550561798,0.0,0.3370786516853932,2.359550561797753,0.6741573033707865,0.0,87.61,14.29,25.0,0.0,40.0,34.62,40.0,50.0,0.1801536596920191,0.0634380554245298,0.0,1.348314606741573,0.0330497393258426,0.0,2.02247191011236,1.348314606741573,0.0702491258426966,17.191011235955056,DM/CM,44,33,14,33,47,50,50,44,75,94,17,61,78,78,39,36,78,81,89,67,31,75,67,42,53,44,11,72,31,78,11,47,36,72,67,25,56,61,6,19,22,33,39,39,33,17,33,56,50,50,44,72,94,17,61,78,78,39,36,78,83,89,78,31,78,67,39,53,44,11,72,31,78,11,47,36,72,61,25,50,50,6,22,22,39,39,Bundesliga
Köln,8q1ul09cygzswb7tb456bmifv,ej8pxizgwjx9qjacvc136yusq,Í. Jóhannesson,Ísak Jóhannesson,23,Midfielder,Iceland,Midfielder,28.0,32.0,3.0,58.0,4.0,0.0,205.0,0.0,0.0,3.0,2.0,1.0,1.0,0.0,0.0,7.0,0.0,1.0,1.0,5.0,2.0,0.0,2.0,3.0,4.0,0.0,86.57,75.0,11.76,0.0,33.33,63.64,0.0,80.0,0.1982873930483829,0.4666761014538187,1.0,3.0,0.06854148,1.0,6.0,10.0,0.26015061,32.0,12.292682926829269,14.048780487804878,1.3170731707317074,25.463414634146343,1.7560975609756098,0.0,0.0,0.0,1.3170731707317074,0.8780487804878049,0.4390243902439024,0.4390243902439024,0.0,0.0,3.073170731707317,0.0,0.4390243902439024,0.4390243902439024,2.1951219512195124,0.8780487804878049,0.0,0.8780487804878049,1.3170731707317074,1.7560975609756098,0.0,86.57,75.0,11.76,0.0,33.33,63.64,0.0,80.0,0.0870530018261193,0.2048821908821643,0.4390243902439024,1.3170731707317074,0.0300913814634146,0.4390243902439024,2.6341463414634148,4.390243902439025,0.1142124629268292,14.048780487804878,CM/AM,44,12,56,28,56,53,16,38,25,44,38,56,9,9,16,38,28,38,31,28,9,53,56,66,50,75,72,12,9,47,81,16,69,25,56,41,16,12,25,34,66,44,34,56,25,62,44,69,53,16,38,31,50,47,69,9,9,19,38,38,47,38,31,9,62,62,75,50,75,72,12,9,47,81,16,69,31,69,53,19,19,34,56,75,44,69,Bundesliga
Union Berlin,a8d2gb2nag8fy0itbuxmcibh2,1vv29mash2uijx542ssjk666t,R. Khedira,Rani Khedira,32,Midfielder,Tunisia,Midfielder,29.0,33.0,3.0,60.0,1.0,0.0,270.0,6.0,0.0,0.0,0.0,0.0,0.0,0.0,0.0,15.0,0.0,2.0,0.0,4.0,2.0,0.0,2.0,7.0,5.0,0.0,66.67,25.0,100.0,0.0,0.0,62.5,66.67,71.43,0.0,0.1218706840640553,0.0,1.0,0.02401521,1.0,6.0,7.0,0.21650378,31.0,9.666666666666666,11.0,1.0,20.0,0.3333333333333333,0.0,2.0,0.0,0.0,0.0,0.0,0.0,0.0,0.0,5.0,0.0,0.6666666666666666,0.0,1.3333333333333333,0.6666666666666666,0.0,0.6666666666666666,2.333333333333333,1.6666666666666667,0.0,66.67,25.0,100.0,0.0,0.0,62.5,66.67,71.43,0.0,0.040623561354685,0.0,0.3333333333333333,0.00800507,0.3333333333333333,2.0,2.333333333333333,0.0721679266666666,10.333333333333334,DM/CM,6,11,42,6,19,50,83,44,8,19,17,25,17,14,89,36,19,22,53,36,31,89,67,89,53,6,19,97,31,22,89,86,78,8,39,25,6,6,31,19,42,50,6,6,11,39,6,17,50,83,44,8,19,17,25,17,14,83,36,11,22,50,31,31,86,61,83,53,6,19,97,31,22,89,86,78,8,39,25,6,6,25,17,42,50,6,Bundesliga
Union Berlin,a8d2gb2nag8fy0itbuxmcibh2,1y77693pn6jwr0t3kel8z2g2x,E. Latte Lath,Emmanuel Latte Lath,27,Attacker,Côte d'Ivoire,Striker,1.0,11.0,0.0,11.0,0.0,0.0,200.0,5.0,0.0,4.0,4.0,0.0,0.0,2.0,2.0,9.0,1.0,1.0,2.0,6.0,1.0,1.0,1.0,0.0,1.0,0.0,42.31,0.0,100.0,50.0,50.0,37.5,35.71,50.0,0.5854670406040232,0.0,0.0,1.0,0.04066992,0.0,1.0,2.0,0.09577399,6.0,0.4499999999999999,4.95,0.0,4.95,0.0,0.0,2.25,0.0,1.7999999999999998,1.7999999999999998,0.0,0.0,0.8999999999999999,0.8999999999999999,4.05,0.4499999999999999,0.4499999999999999,0.8999999999999999,2.7,0.4499999999999999,0.4499999999999999,0.4499999999999999,0.0,0.4499999999999999,0.0,42.31,0.0,100.0,50.0,50.0,37.5,35.71,50.0,0.2634601682718104,0.0,0.0,0.4499999999999999,0.018301464,0.0,0.4499999999999999,0.8999999999999999,0.0430982955,2.7,ST,6,14,17,6,6,53,64,33,14,28,14,11,25,22,39,44,67,36,17,19,31,83,14,64,53,6,17,100,58,72,39,47,64,33,6,11,19,28,14,8,25,22,6,6,17,17,6,6,53,72,33,22,33,14,11,28,28,39,56,83,56,17,28,39,89,14,72,53,6,17,100,58,72,39,47,64,44,6,11,28,28,14,11,33,28,11,Bundesliga
Union Berlin,a8d2gb2nag8fy0itbuxmcibh2,4rtps64cca8vrscv80bgyvjf8,T. Rothe,Tom Rothe,21,Defender,Germany,Defender,32.0,51.0,0.0,82.0,3.0,1.0,270.0,9.0,1.0,4.0,4.0,0.0,1.0,5.0,5.0,18.0,0.0,3.0,2.0,8.0,2.0,0.0,1.0,8.0,6.0,0.0,69.49,0.0,14.29,0.0,50.0,48.65,60.0,85.71,0.4313980613784917,0.3848203101048255,0.0,2.0,0.0359572499999999,2.0,10.0,10.0,0.58677563,49.0,10.666666666666666,17.0,0.0,27.33333333333333,1.0,0.3333333333333333,3.0,0.3333333333333333,1.3333333333333333,1.3333333333333333,0.0,0.3333333333333333,1.6666666666666667,1.6666666666666667,6.0,0.0,1.0,0.6666666666666666,2.6666666666666665,0.6666666666666666,0.0,0.3333333333333333,2.6666666666666665,2.0,0.0,69.49,0.0,14.29,0.0,50.0,48.65,60.0,85.71,0.1437993537928305,0.1282734367016084,0.0,0.6666666666666666,0.0119857499999999,0.6666666666666666,3.333333333333333,3.333333333333333,0.1955918766666666,16.333333333333332,LB/LCB,23,54,15,31,69,96,92,85,96,100,23,65,92,88,73,50,38,92,85,62,23,54,38,73,54,15,15,54,23,73,38,65,92,85,77,23,27,23,42,58,54,85,46,23,54,15,31,65,92,92,81,96,100,23,65,92,85,73,50,38,92,85,58,23,54,38,69,54,15,15,54,23,73,38,65,92,85,77,23,27,23,38,54,54,85,46,Bundesliga
Union Berlin,a8d2gb2nag8fy0itbuxmcibh2,9kxuwgequrilkom3ru6sdxall,J. Juranović,Josip Juranovic,31,Defender,Croatia,Defender,28.0,57.0,9.0,77.0,9.0,0.0,254.0,1.0,2.0,4.0,0.0,4.0,2.0,0.0,0.0,7.0,0.0,4.0,2.0,0.0,0.0,0.0,8.0,5.0,6.0,0.0,66.96,36.0,26.67,0.0,50.0,63.64,33.33,100.0,0.2581784873621894,0.9917208611049774,3.0,2.0,0.04565085,2.0,8.0,11.0,0.29637055,37.0,9.921259842519683,20.196850393700785,3.188976377952756,27.283464566929133,3.188976377952756,0.0,0.3543307086614173,0.7086614173228346,1.4173228346456692,0.0,1.4173228346456692,0.7086614173228346,0.0,0.0,2.4803149606299213,0.0,1.4173228346456692,0.7086614173228346,0.0,0.0,0.0,2.8346456692913384,1.7716535433070866,2.125984251968504,0.0,66.96,36.0,26.67,0.0,50.0,63.64,33.33,100.0,0.0914805663881773,0.3513971555096376,1.062992125984252,0.7086614173228346,0.016175498031496,0.7086614173228346,2.8346456692913384,3.8976377952755903,0.105013187007874,13.11023622047244,RB/RCB,38,92,100,54,100,54,23,96,81,27,100,96,15,15,8,50,73,92,19,8,15,100,27,69,54,8,62,62,15,88,92,19,81,69,100,100,35,38,62,77,85,54,69,23,85,100,46,100,54,15,92,77,27,100,92,15,15,8,50,69,92,19,8,15,100,23,69,54,8,62,62,15,88,92,19,81,69,100,100,31,38,54,77,85,46,69,Bundesliga
Union Berlin,a8d2gb2nag8fy0itbuxmcibh2,avg54tzd7cxjld09569czfgus,M. Ljubičić,Marin Ljubicic,24,Attacker,Croatia,Striker,10.0,11.0,0.0,21.0,1.0,0.0,217.0,3.0,0.0,4.0,3.0,1.0,1.0,3.0,3.0,8.0,0.0,0.0,2.0,5.0,2.0,2.0,0.0,0.0,0.0,0.0,65.62,0.0,0.0,66.67,50.0,30.77,23.08,0.0,0.4301647850129437,0.0737519215218088,2.0,4.0,0.0988070899999999,0.0,1.0,1.0,0.14774955,8.0,4.147465437788019,4.56221198156682,0.0,8.70967741935484,0.4147465437788019,0.0,1.2442396313364057,0.0,1.6589861751152075,1.2442396313364057,0.4147465437788019,0.4147465437788019,1.2442396313364057,1.2442396313364057,3.317972350230415,0.0,0.0,0.8294930875576038,2.0737327188940093,0.8294930875576038,0.8294930875576038,0.0,0.0,0.0,0.0,65.62,0.0,0.0,66.67,50.0,30.77,23.08,0.0,0.1784093578394697,0.0305883545482156,0.8294930875576038,1.6589861751152075,0.0409798990783409,0.0,0.4147465437788019,0.4147465437788019,0.0612786152073732,3.317972350230415,ST,31,14,17,11,17,53,39,33,14,14,36,28,39,39,28,17,25,36,8,44,58,39,14,28,53,17,17,39,83,72,22,22,28,11,22,58,75,50,14,8,8,50,17,39,11,17,17,17,53,33,33,17,17,44,28,44,44,28,17,25,50,11,50,61,39,14,28,53,17,17,39,83,72,22,22,28,17,22,56,78,61,14,6,6,50,17,Bundesliga
Union Berlin,a8d2gb2nag8fy0itbuxmcibh2,bpfg11qh1q0zj2x6sqd3srvmx,M. Aebischer,Michel Aebischer,29,Midfielder,Switzerland,Midfielder,18.0,20.0,1.0,37.0,4.0,0.0,209.0,4.0,0.0,5.0,4.0,1.0,4.0,1.0,2.0,9.0,0.0,0.0,0.0,8.0,1.0,0.0,1.0,1.0,3.0,0.0,69.81,25.0,16.67,0.0,0.0,37.5,33.33,75.0,0.426345695517185,0.2805819048647447,1.0,1.0,0.01685596,0.0,2.0,4.0,0.1603774699999999,21.0,7.751196172248803,8.61244019138756,0.4306220095693779,15.933014354066984,1.7224880382775118,0.0,1.7224880382775118,0.0,2.15311004784689,1.7224880382775118,0.4306220095693779,1.7224880382775118,0.4306220095693779,0.8612440191387559,3.8755980861244015,0.0,0.0,0.0,3.444976076555024,0.4306220095693779,0.0,0.4306220095693779,0.4306220095693779,1.2918660287081338,0.0,69.81,25.0,16.67,0.0,0.0,37.5,33.33,75.0,0.1835938401748643,0.1208247437216604,0.4306220095693779,0.4306220095693779,0.007258547368421,0.0,0.8612440191387559,1.7224880382775118,0.0690620684210525,9.043062200956935,RM/RCM,20,20,20,20,60,60,100,60,80,80,60,100,20,30,30,50,20,40,60,40,30,20,40,60,60,20,40,20,30,40,40,80,90,80,40,70,20,20,20,20,20,20,20,20,20,20,20,60,60,100,60,80,80,60,100,20,40,40,50,20,40,60,40,30,20,40,60,60,20,40,20,30,40,40,80,90,80,60,80,20,20,20,20,20,20,40,Bundesliga
Mainz 05,1c7qokc1j5z50cjj4tcu32haa,6dtp194pewnyuhwkxcn2xpf8q,K. Sano,Kaishu Sano,25,Midfielder,Japan,Midfielder,44.0,83.0,3.0,126.0,5.0,0.0,268.0,1.0,1.0,3.0,1.0,2.0,0.0,4.0,4.0,14.0,0.0,11.0,0.0,8.0,6.0,1.0,1.0,3.0,3.0,0.0,92.65,50.0,100.0,25.0,0.0,48.28,25.0,50.0,0.2282660759798007,0.3746772993264092,2.0,3.0,0.0599121,2.0,15.0,12.0,0.3881380999999999,86.0,14.776119402985074,27.87313432835821,1.007462686567164,42.3134328358209,1.67910447761194,0.0,0.335820895522388,0.335820895522388,1.007462686567164,0.335820895522388,0.6716417910447761,0.0,1.343283582089552,1.343283582089552,4.701492537313433,0.0,3.694029850746269,0.0,2.686567164179104,2.014925373134328,0.335820895522388,0.335820895522388,1.007462686567164,1.007462686567164,0.0,92.65,50.0,100.0,25.0,0.0,48.28,25.0,50.0,0.0766565180529181,0.1258244661917045,0.6716417910447761,1.007462686567164,0.0201197350746268,0.6716417910447761,5.037313432835821,4.029850746268656,0.1303448843283581,28.88059701492537,DM/CM,25,81,42,61,86,50,33,94,53,47,69,25,92,92,81,36,100,22,89,100,72,75,44,58,53,89,39,97,64,22,56,33,36,56,83,89,42,44,56,81,75,83,81,22,78,44,61,83,50,39,89,61,44,72,25,89,89,72,36,100,22,83,94,72,72,44,61,53,89,39,97,64,22,56,33,36,56,78,94,39,39,56,83,72,78,72,Bundesliga
Mainz 05,1c7qokc1j5z50cjj4tcu32haa,6u47fsriz3ejlf72hxtsew5bd,A. Caci,Anthony Caci,29,Defender,France,Defender,25.0,49.0,3.0,72.0,3.0,0.0,216.0,1.0,0.0,2.0,1.0,1.0,1.0,2.0,2.0,11.0,0.0,4.0,1.0,4.0,1.0,2.0,2.0,4.0,7.0,0.0,73.47,30.0,28.57,100.0,50.0,55.0,50.0,100.0,0.1532383774841756,0.2653254434793309,0.0,3.0,0.11087256,2.0,11.0,14.0,0.6565716599999998,38.0,10.416666666666668,20.416666666666668,1.25,30.0,1.25,0.0,0.4166666666666667,0.0,0.8333333333333334,0.4166666666666667,0.4166666666666667,0.4166666666666667,0.8333333333333334,0.8333333333333334,4.583333333333334,0.0,1.6666666666666667,0.4166666666666667,1.6666666666666667,0.4166666666666667,0.8333333333333334,0.8333333333333334,1.6666666666666667,2.916666666666667,0.0,73.47,30.0,28.57,100.0,50.0,55.0,50.0,100.0,0.0638493239517398,0.1105522681163878,0.0,1.25,0.0461969,0.8333333333333334,4.583333333333334,5.833333333333334,0.2735715249999999,15.833333333333334,RB/RCB,23,85,27,42,46,54,23,27,54,62,58,73,42,35,38,50,73,73,58,19,69,62,12,85,54,23,35,77,92,88,54,46,81,62,54,31,54,85,62,92,92,92,77,31,92,38,69,46,54,31,27,54,62,69,77,46,38,54,50,85,77,65,23,77,62,15,100,54,23,35,77,92,88,54,46,81,62,54,31,62,85,69,92,100,92,77,Bundesliga
Mainz 05,1c7qokc1j5z50cjj4tcu32haa,7c8ms7bw3fva4xeubax4ep8et,P. Mwene,Phillipp Mwene,32,Defender,Austria,Defender,26.0,26.0,3.0,52.0,2.0,0.0,254.0,1.0,1.0,3.0,3.0,0.0,1.0,2.0,2.0,15.0,1.0,2.0,2.0,10.0,7.0,1.0,0.0,8.0,5.0,0.0,72.22,50.0,0.0,50.0,66.67,57.69,20.0,83.33,0.3223842298576694,0.1519269998335845,0.0,2.0,0.03555943,0.0,5.0,3.0,0.10482094,22.0,9.21259842519685,9.21259842519685,1.062992125984252,18.4251968503937,0.7086614173228346,0.0,0.3543307086614173,0.3543307086614173,1.062992125984252,1.062992125984252,0.0,0.3543307086614173,0.7086614173228346,0.7086614173228346,5.314960629921259,0.3543307086614173,0.7086614173228346,0.7086614173228346,3.543307086614173,2.4803149606299213,0.3543307086614173,0.0,2.8346456692913384,1.7716535433070866,0.0,72.22,50.0,0.0,50.0,66.67,57.69,20.0,83.33,0.1142306326267332,0.053832401515837,0.0,0.7086614173228346,0.012599798031496,0.0,1.7716535433070866,1.062992125984252,0.0371412779527559,7.795275590551181,CB,7,19,19,7,87,50,9,93,67,72,37,72,72,72,57,91,33,91,96,98,70,43,15,87,50,7,56,43,61,96,33,11,81,63,81,39,52,37,26,39,19,15,15,7,15,22,7,85,50,11,96,70,74,37,76,74,74,59,93,41,94,96,100,74,43,15,89,50,7,56,43,61,96,33,11,81,67,85,39,59,44,26,41,22,19,15,Bundesliga
Mainz 05,1c7qokc1j5z50cjj4tcu32haa,7w63iqek6hmnizlirurla1cr9,N. Amiri,Nadiem Amiri,29,Midfielder,Germany,Midfielder,41.0,93.0,4.0,124.0,12.0,0.0,265.0,0.0,0.0,7.0,4.0,3.0,3.0,8.0,9.0,10.0,0.0,2.0,2.0,12.0,2.0,5.0,10.0,1.0,2.0,0.0,84.35,57.14,41.67,62.5,28.57,45.45,0.0,66.67,0.534064313711159,1.3594941268294187,1.0,11.0,0.24129765,4.0,16.0,19.0,0.6387483399999999,70.0,13.924528301886792,31.584905660377355,1.3584905660377358,42.11320754716981,4.075471698113208,0.0,0.0,0.0,2.3773584905660377,1.3584905660377358,1.018867924528302,1.018867924528302,2.7169811320754715,3.056603773584905,3.39622641509434,0.0,0.6792452830188679,0.6792452830188679,4.075471698113208,0.6792452830188679,1.6981132075471697,3.39622641509434,0.3396226415094339,0.6792452830188679,0.0,84.35,57.14,41.67,62.5,28.57,45.45,0.0,66.67,0.1813803329585068,0.4617149864703685,0.3396226415094339,3.735849056603773,0.0819501452830188,1.3584905660377358,5.433962264150943,6.452830188679245,0.216933398490566,23.77358490566037,CM/AM,94,94,72,94,100,53,16,38,88,75,72,91,84,91,38,38,53,59,81,28,94,100,22,44,50,56,56,81,56,38,31,16,53,69,100,41,91,81,75,94,84,94,94,94,94,69,94,100,53,16,38,88,69,75,88,88,88,25,38,44,62,81,19,94,100,12,31,50,56,56,81,56,38,31,16,53,62,100,25,88,81,75,88,81,88,94,Bundesliga
Mainz 05,1c7qokc1j5z50cjj4tcu32haa,8gtjbmdgsrf1pwqd4vmtcvcru,F. Gruber,Fabio Gruber,24,Defender,Peru,Defender,75.0,58.0,12.0,133.0,0.0,0.0,270.0,10.0,0.0,2.0,2.0,0.0,1.0,3.0,3.0,20.0,0.0,5.0,0.0,6.0,0.0,2.0,0.0,22.0,6.0,0.0,85.81,50.0,0.0,66.67,0.0,57.14,62.5,75.0,0.2686002630834126,0.0,0.0,2.0,0.04320281,1.0,13.0,10.0,0.24959219,103.0,25.0,19.33333333333333,4.0,44.333333333333336,0.0,0.0,3.333333333333333,0.0,0.6666666666666666,0.6666666666666666,0.0,0.3333333333333333,1.0,1.0,6.666666666666667,0.0,1.6666666666666667,0.0,2.0,0.0,0.6666666666666666,0.0,7.333333333333333,2.0,0.0,85.81,50.0,0.0,66.67,0.0,57.14,62.5,75.0,0.0895334210278042,0.0,0.0,0.6666666666666666,0.0144009366666666,0.3333333333333333,4.333333333333333,3.333333333333333,0.0831973966666666,34.333333333333336,CB,22,69,96,44,20,50,72,44,52,61,37,72,85,83,81,41,72,31,80,13,87,43,80,96,50,26,56,43,72,31,30,57,63,59,22,39,52,56,59,74,57,56,70,22,67,91,41,20,50,72,44,48,61,37,65,83,81,80,41,67,31,72,13,87,43,80,94,50,26,56,43,72,31,30,57,63,59,22,39,46,56,57,74,56,52,70,Bundesliga
Mainz 05,1c7qokc1j5z50cjj4tcu32haa,bwqqecmqm76v5b83v1cz891p1,Lee Jae-Sung,Jae-Sung Lee,34,Midfielder,Korea Republic,Midfielder,18.0,36.0,1.0,53.0,5.0,0.0,201.0,4.0,1.0,4.0,3.0,1.0,1.0,1.0,1.0,8.0,0.0,7.0,0.0,14.0,2.0,1.0,1.0,9.0,1.0,0.0,75.71,20.0,33.33,100.0,0.0,53.33,50.0,100.0,0.4690411629259455,0.5208467466231177,1.0,0.0,0.0,0.0,1.0,1.0,0.29356121,19.0,8.059701492537313,16.119402985074625,0.4477611940298507,23.73134328358209,2.238805970149253,0.0,1.791044776119403,0.4477611940298507,1.791044776119403,1.343283582089552,0.4477611940298507,0.4477611940298507,0.4477611940298507,0.4477611940298507,3.582089552238806,0.0,3.134328358208955,0.0,6.26865671641791,0.8955223880597015,0.4477611940298507,0.4477611940298507,4.029850746268656,0.4477611940298507,0.0,75.71,20.0,33.33,100.0,0.0,53.33,50.0,100.0,0.2100184311608711,0.2332149611745303,0.4477611940298507,0.0,0.0,0.0,0.4477611940298507,0.4477611940298507,0.1314453179104477,8.507462686567164,CM/AM,9,22,28,12,75,53,91,81,44,59,38,56,28,25,25,38,100,12,94,28,34,25,100,19,50,19,28,69,91,12,62,69,91,62,69,41,6,6,6,6,6,50,6,31,56,38,31,81,53,94,88,62,62,56,75,38,31,38,38,100,12,100,38,50,38,100,25,50,19,28,69,91,12,62,69,91,75,75,62,6,6,6,6,6,56,12,Bundesliga
Mainz 05,1c7qokc1j5z50cjj4tcu32haa,cywgibmici8hwp1ad1nhk3ufp,S. Becker,Sheraldo Becker,31,Attacker,Suriname,Striker,2.0,31.0,0.0,32.0,4.0,0.0,210.0,3.0,2.0,8.0,5.0,3.0,2.0,6.0,6.0,7.0,1.0,0.0,3.0,17.0,2.0,2.0,1.0,2.0,0.0,0.0,74.42,0.0,11.11,33.33,37.5,28.0,42.86,0.0,0.721764889533144,0.4831682878168962,5.0,3.0,0.13364789,2.0,3.0,5.0,0.7208156299999999,15.0,0.8571428571428571,13.285714285714285,0.0,13.714285714285714,1.7142857142857142,0.0,1.2857142857142856,0.8571428571428571,3.4285714285714284,2.142857142857143,1.2857142857142856,0.8571428571428571,2.571428571428571,2.571428571428571,3.0,0.4285714285714285,0.0,1.2857142857142856,7.285714285714286,0.8571428571428571,0.8571428571428571,0.4285714285714285,0.8571428571428571,0.0,0.0,74.42,0.0,11.11,33.33,37.5,28.0,42.86,0.0,0.3093278097999188,0.2070721233500983,2.142857142857143,1.2857142857142856,0.0572776671428571,0.8571428571428571,1.2857142857142856,2.142857142857143,0.3089209842857142,6.428571428571428,ST,11,50,17,28,67,53,39,94,56,44,69,56,83,83,14,44,25,64,72,44,58,83,39,28,53,61,17,78,28,50,11,72,28,50,78,94,56,67,75,36,64,94,50,11,72,17,33,72,53,39,100,72,50,72,67,83,83,22,50,25,67,83,56,67,83,39,28,53,61,17,78,28,50,11,72,28,56,83,94,61,72,83,39,67,94,61,Bundesliga
Mainz 05,1c7qokc1j5z50cjj4tcu32haa,dg6vrx8k026l7f8ytbu1xxj9x,P. Tietz,Phillip Tietz,29,Attacker,Germany,Striker,14.0,40.0,2.0,54.0,4.0,0.0,270.0,17.0,0.0,13.0,12.0,1.0,3.0,4.0,5.0,20.0,3.0,1.0,5.0,23.0,1.0,2.0,0.0,2.0,0.0,0.0,66.67,66.67,0.0,50.0,38.46,41.67,51.52,0.0,1.4408136911562432,0.3079894218574246,1.0,2.0,0.28146883,0.0,4.0,5.0,0.0772042,12.0,4.666666666666667,13.333333333333334,0.6666666666666666,18.0,1.3333333333333333,0.0,5.666666666666667,0.0,4.333333333333333,4.0,0.3333333333333333,1.0,1.3333333333333333,1.6666666666666667,6.666666666666667,1.0,0.3333333333333333,1.6666666666666667,7.666666666666667,0.3333333333333333,0.6666666666666666,0.0,0.6666666666666666,0.0,0.0,66.67,66.67,0.0,50.0,38.46,41.67,51.52,0.0,0.4802712303854144,0.1026631406191415,0.3333333333333333,0.6666666666666666,0.0938229433333333,0.0,1.3333333333333333,1.6666666666666667,0.0257347333333333,4.0,ST,53,89,50,78,67,53,100,33,94,100,36,78,53,61,89,94,67,83,94,19,58,39,39,28,53,33,67,39,58,56,53,89,28,100,67,36,36,83,14,58,64,6,31,50,78,39,61,61,53,100,33,81,100,28,78,50,50,83,89,50,75,89,11,44,39,33,28,53,33,67,39,58,56,53,89,28,89,56,22,33,83,14,44,56,6,22,Bundesliga
Borussia Dortmund,dt4pinj0vw0t0cvz7za6mhmzy,3uqn1adw8rarez1gpen9vng7p,W. Anton,Waldemar Anton,30,Defender,Germany,Defender,119.0,64.0,6.0,183.0,1.0,0.0,270.0,9.0,1.0,1.0,0.0,1.0,0.0,3.0,3.0,14.0,0.0,13.0,0.0,4.0,2.0,0.0,0.0,32.0,2.0,0.0,91.04,50.0,0.0,0.0,0.0,60.87,69.23,66.67,0.0382940224218983,0.1290811576983994,1.0,2.0,0.03686598,0.0,12.0,4.0,0.2676811600000002,136.0,39.66666666666666,21.33333333333333,2.0,61.0,0.3333333333333333,0.0,3.0,0.3333333333333333,0.3333333333333333,0.0,0.3333333333333333,0.0,1.0,1.0,4.666666666666667,0.0,4.333333333333333,0.0,1.3333333333333333,0.6666666666666666,0.0,0.0,10.666666666666666,0.6666666666666666,0.0,91.04,50.0,0.0,0.0,0.0,60.87,69.23,66.67,0.0127646741406327,0.0430270525661331,0.3333333333333333,0.6666666666666666,0.01228866,0.0,4.0,1.3333333333333333,0.0892270533333334,45.333333333333336,CB,93,76,50,89,59,50,65,93,30,17,80,30,85,83,50,41,100,31,50,54,30,43,96,44,50,74,56,43,30,31,41,72,50,22,78,83,52,44,26,70,28,63,89,89,74,50,81,54,50,65,91,26,17,78,30,83,81,48,41,100,31,48,50,30,43,96,43,50,74,56,43,30,31,41,72,50,22,74,81,46,37,26,70,28,59,89,Bundesliga
Borussia Dortmund,dt4pinj0vw0t0cvz7za6mhmzy,4pmk7ahjm3cym6adkdcixkcno,J. Gadou,Joane Gadou,19,Defender,France,Defender,102.0,64.0,4.0,166.0,0.0,0.0,243.0,2.0,0.0,0.0,0.0,0.0,0.0,1.0,1.0,8.0,0.0,1.0,0.0,0.0,0.0,1.0,0.0,10.0,3.0,0.0,90.71,50.0,0.0,100.0,0.0,61.54,40.0,60.0,0.0,0.0,0.0,0.0,0.0,0.0,0.0,0.0,0.0,0.0,37.77777777777778,23.703703703703702,1.4814814814814814,61.48148148148148,0.0,0.0,0.7407407407407407,0.0,0.0,0.0,0.0,0.0,0.3703703703703703,0.3703703703703703,2.962962962962963,0.0,0.3703703703703703,0.0,0.0,0.0,0.3703703703703703,0.0,3.7037037037037033,1.111111111111111,0.0,90.71,50.0,0.0,100.0,0.0,61.54,40.0,60.0,0.0,0.0,0.0,0.0,0.0,0.0,0.0,0.0,0.0,0.0,CB,59,76,35,63,20,50,22,44,9,17,37,30,56,56,19,41,15,31,9,13,70,43,20,61,50,70,56,43,91,31,48,28,39,9,22,39,13,13,26,6,7,6,6,74,78,44,85,20,50,26,44,9,17,37,30,67,67,19,41,19,31,9,13,81,43,22,70,50,70,56,43,91,31,48,28,39,9,22,39,13,13,26,6,7,6,6,Bundesliga
Borussia Dortmund,dt4pinj0vw0t0cvz7za6mhmzy,bmrdtenqr84jt4gmw6i7wez11,S. Guirassy,Serhou Guirassy,30,Attacker,Guinea,Striker,20.0,37.0,4.0,57.0,6.0,0.0,267.0,6.0,2.0,10.0,9.0,1.0,2.0,3.0,3.0,13.0,2.0,0.0,7.0,20.0,6.0,1.0,0.0,3.0,0.0,0.0,72.15,80.0,0.0,33.33,70.0,43.33,40.0,0.0,1.3024342446023114,0.5564321450126904,3.0,3.0,0.15187321,1.0,2.0,5.0,0.20572331,18.0,6.741573033707865,12.47191011235955,1.348314606741573,19.21348314606741,2.02247191011236,0.0,2.02247191011236,0.6741573033707865,3.3707865168539324,3.033707865168539,0.3370786516853932,0.6741573033707865,1.0112359550561798,1.0112359550561798,4.382022471910112,0.6741573033707865,0.0,2.359550561797753,6.741573033707865,2.02247191011236,0.3370786516853932,0.0,1.0112359550561798,0.0,0.0,72.15,80.0,0.0,33.33,70.0,43.33,40.0,0.0,0.4390227790794307,0.1875613971952889,1.0112359550561798,1.0112359550561798,0.0511932168539325,0.3370786516853932,0.6741573033707865,1.6853932584269662,0.0693449359550561,6.067415730337078,ST,72,78,78,83,86,53,72,94,72,94,36,56,39,39,61,72,25,94,86,86,31,39,61,28,53,50,83,39,28,89,67,61,28,89,83,72,56,72,44,22,64,72,69,67,61,78,72,83,53,67,89,67,83,33,39,33,33,50,61,25,89,72,83,22,39,56,28,53,50,83,39,28,89,67,61,28,72,78,67,44,67,28,17,61,61,50,Bundesliga
Borussia Dortmund,dt4pinj0vw0t0cvz7za6mhmzy,c9e54hwefvwos94ri459uylbe,D. Svensson,Daniel Svensson,24,Defender,Sweden,Defender,72.0,60.0,4.0,131.0,1.0,0.0,270.0,5.0,0.0,1.0,1.0,0.0,1.0,3.0,3.0,24.0,0.0,8.0,0.0,3.0,7.0,1.0,1.0,18.0,8.0,0.0,91.61,57.14,16.67,33.33,0.0,64.86,45.45,72.73,0.0919391951677407,0.0,0.0,6.0,0.12435115,1.0,15.0,15.0,0.3479822999999999,65.0,24.0,20.0,1.3333333333333333,43.66666666666666,0.3333333333333333,0.0,1.6666666666666667,0.0,0.3333333333333333,0.3333333333333333,0.0,0.3333333333333333,1.0,1.0,8.0,0.0,2.6666666666666665,0.0,1.0,2.333333333333333,0.3333333333333333,0.3333333333333333,6.0,2.6666666666666665,0.0,91.61,57.14,16.67,33.33,0.0,64.86,45.45,72.73,0.0306463983892469,0.0,0.0,2.0,0.0414503833333333,0.3333333333333333,5.0,5.0,0.1159940999999999,21.666666666666668,LB/LCB,85,69,50,85,38,46,69,38,31,69,23,65,58,58,92,50,100,23,38,85,65,54,85,92,54,100,92,62,73,23,77,31,77,38,23,23,69,69,31,92,69,62,77,85,69,50,85,38,46,69,38,27,54,23,65,54,54,92,50,100,23,38,85,58,54,77,85,54,100,92,62,73,23,77,31,77,38,23,23,69,69,31,92,62,62,69,Bundesliga
Borussia Dortmund,dt4pinj0vw0t0cvz7za6mhmzy,cl6720rdjeubt0bc3su0qg3qh,J. Ryerson,Julian Ryerson,28,Defender,Norway,Defender,25.0,39.0,1.0,57.0,5.0,0.0,241.0,1.0,0.0,0.0,0.0,0.0,0.0,6.0,7.0,9.0,0.0,4.0,0.0,6.0,5.0,1.0,7.0,4.0,2.0,0.0,75.0,25.0,28.0,16.67,0.0,45.0,33.33,100.0,0.0,0.7992965113093526,0.0,3.0,0.0793917099999999,3.0,5.0,5.0,0.86951034,25.0,9.33609958506224,14.564315352697095,0.3734439834024896,21.28630705394191,1.867219917012448,0.0,0.3734439834024896,0.0,0.0,0.0,0.0,0.0,2.240663900414938,2.6141078838174274,3.3609958506224067,0.0,1.4937759336099583,0.0,2.240663900414938,1.867219917012448,0.3734439834024896,2.6141078838174274,1.4937759336099583,0.7468879668049793,0.0,75.0,25.0,28.0,16.67,0.0,45.0,33.33,100.0,0.0,0.2984924731030777,0.0,1.120331950207469,0.0296483564315352,1.120331950207469,1.867219917012448,1.867219917012448,0.3247134049792531,9.33609958506224,RB/RCB,23,46,8,15,81,54,23,27,15,27,23,31,92,100,19,50,73,35,81,96,42,92,12,31,54,38,12,69,31,35,8,19,81,15,92,31,54,62,85,42,46,100,31,15,38,8,8,92,54,23,27,15,27,23,31,92,92,15,50,77,35,85,100,54,92,8,38,54,38,12,69,31,35,8,19,81,15,92,31,54,69,92,46,54,100,23,Bundesliga
Borussia Dortmund,dt4pinj0vw0t0cvz7za6mhmzy,dw8cxbn8i288w0rqiemop6qs4,J. Bellingham,Jobe Bellingham,20,Midfielder,England,Midfielder,60.0,59.0,6.0,117.0,4.0,0.0,270.0,3.0,0.0,3.0,1.0,2.0,1.0,3.0,3.0,16.0,0.0,8.0,0.0,3.0,3.0,2.0,2.0,6.0,5.0,0.0,84.17,54.55,50.0,66.67,0.0,69.57,0.0,62.5,0.2519026238380913,0.3288409714046116,0.0,6.0,0.18547074,1.0,14.0,12.0,0.2393439899999999,55.0,20.0,19.666666666666668,2.0,39.0,1.3333333333333333,0.0,1.0,0.0,1.0,0.3333333333333333,0.6666666666666666,0.3333333333333333,1.0,1.0,5.333333333333333,0.0,2.6666666666666665,0.0,1.0,1.0,0.6666666666666666,0.6666666666666666,2.0,1.6666666666666667,0.0,84.17,54.55,50.0,66.67,0.0,69.57,0.0,62.5,0.0839675412793637,0.1096136571348705,0.0,2.0,0.0618235799999999,0.3333333333333333,4.666666666666667,4.0,0.0797813299999999,18.33333333333333,DM/CM,67,53,75,50,78,50,61,44,53,47,69,61,78,78,94,36,92,22,36,67,92,89,56,89,53,33,56,89,89,22,100,17,61,61,78,25,78,83,31,69,75,61,44,56,53,75,50,72,50,61,44,50,39,61,53,72,72,89,36,92,22,33,61,89,86,56,83,53,33,56,89,89,22,100,17,61,61,72,25,78,83,25,64,67,56,44,Bundesliga
Bayer 04 Leverkusen,7ad69ngbpjuyzv96drf8d9sn2,2udtmz4lvh4vil16mxvo0j4l,Aleix García,Aleix García,29,Midfielder,Spain,Midfielder,115.0,178.0,15.0,283.0,12.0,0.0,270.0,1.0,0.0,4.0,2.0,2.0,2.0,1.0,1.0,8.0,0.0,3.0,2.0,3.0,1.0,1.0,10.0,2.0,0.0,0.0,92.79,75.0,38.46,100.0,50.0,66.67,50.0,0.0,0.2649802614747261,1.396164471925132,1.0,12.0,0.2604628,3.0,35.0,25.0,0.6368006000000002,171.0,38.333333333333336,59.333333333333336,5.0,94.33333333333331,4.0,0.0,0.3333333333333333,0.0,1.3333333333333333,0.6666666666666666,0.6666666666666666,0.6666666666666666,0.3333333333333333,0.3333333333333333,2.6666666666666665,0.0,1.0,0.6666666666666666,1.0,0.3333333333333333,0.3333333333333333,3.333333333333333,0.6666666666666666,0.0,0.0,92.79,75.0,38.46,100.0,50.0,66.67,50.0,0.0,0.0883267538249086,0.4653881573083773,0.3333333333333333,4.0,0.0868209333333333,1.0,11.666666666666666,8.333333333333334,0.2122668666666667,57.0,DM/CM,100,94,100,100,100,50,33,44,67,64,69,81,44,42,28,36,44,81,36,14,72,100,25,8,53,94,86,83,97,86,94,56,8,67,100,64,94,94,67,100,94,94,100,100,94,100,94,100,50,31,44,67,64,61,78,42,39,28,36,39,75,33,11,64,100,14,8,53,94,86,83,97,86,94,56,8,67,100,56,94,94,64,100,94,94,100,Bundesliga
Bayer 04 Leverkusen,7ad69ngbpjuyzv96drf8d9sn2,4hhwub45239nculr9sowalr10,Afonso Moreira,Afonso Bastardo Moreira,21,Attacker,Portugal,Striker,10.0,53.0,2.0,62.0,2.0,0.0,250.0,0.0,0.0,7.0,4.0,3.0,2.0,4.0,5.0,13.0,0.0,0.0,3.0,12.0,7.0,3.0,1.0,5.0,2.0,0.0,82.67,33.33,12.5,75.0,42.86,44.83,0.0,66.67,0.5233897086491914,0.223431345698389,3.0,16.0,0.41474082,4.0,4.0,9.0,0.45612485,24.0,3.6,19.08,0.72,22.32,0.72,0.0,0.0,0.0,2.52,1.44,1.08,0.72,1.44,1.8,4.680000000000001,0.0,0.0,1.08,4.32,2.52,1.08,0.36,1.8,0.72,0.0,82.67,33.33,12.5,75.0,42.86,44.83,0.0,66.67,0.1884202951137089,0.08043528445142,1.08,5.76,0.1493066952,1.44,1.44,3.24,0.164204946,8.64,ST,31,94,50,92,33,53,8,33,39,28,69,56,53,61,61,17,25,64,50,97,83,83,92,86,53,94,33,83,94,61,72,8,75,22,50,72,100,94,94,58,92,89,89,22,94,44,94,33,53,8,33,39,28,61,56,56,61,61,17,25,61,50,100,83,78,89,78,53,94,33,83,94,61,72,8,75,22,50,72,100,94,94,56,89,89,89,Bundesliga
Bayer 04 Leverkusen,7ad69ngbpjuyzv96drf8d9sn2,9x0s8mzjc9ey0q812sn3poums,I. Maza,Ibrahim Maza,20,Midfielder,Algeria,Midfielder,27.0,79.0,5.0,102.0,8.0,0.0,270.0,2.0,1.0,13.0,7.0,6.0,4.0,11.0,11.0,14.0,1.0,2.0,2.0,28.0,3.0,7.0,4.0,3.0,1.0,0.0,73.91,50.0,33.33,63.64,15.38,42.42,40.0,50.0,1.2140361192883298,0.7458722005279053,7.0,14.0,0.5022106399999999,6.0,13.0,11.0,1.18954715,56.0,9.0,26.33333333333333,1.6666666666666667,34.0,2.6666666666666665,0.0,0.6666666666666666,0.3333333333333333,4.333333333333333,2.333333333333333,2.0,1.3333333333333333,3.6666666666666665,3.6666666666666665,4.666666666666667,0.3333333333333333,0.6666666666666666,0.6666666666666666,9.333333333333334,1.0,2.333333333333333,1.3333333333333333,1.0,0.3333333333333333,0.0,73.91,50.0,33.33,63.64,15.38,42.42,40.0,50.0,0.4046787064294432,0.248624066842635,2.333333333333333,4.666666666666667,0.1674035466666666,2.0,4.333333333333333,3.6666666666666665,0.3965157166666667,18.666666666666668,ST,97,100,86,100,97,53,28,75,94,75,97,89,97,97,72,44,89,36,100,64,94,100,61,64,53,56,47,94,78,6,61,61,64,72,100,100,94,100,100,100,100,100,100,94,100,83,100,94,53,28,67,81,61,89,83,94,94,56,33,89,17,100,61,94,100,50,56,53,56,47,94,78,6,61,61,64,61,94,100,94,100,100,100,100,100,100,Bundesliga
Bayer 04 Leverkusen,7ad69ngbpjuyzv96drf8d9sn2,c1s9pmfkytw0du5ril4kv9i0a,E. Fernández,Equi Fernández,24,Midfielder,Argentina,Midfielder,51.0,89.0,4.0,140.0,3.0,0.0,202.0,0.0,0.0,5.0,3.0,2.0,2.0,5.0,5.0,13.0,1.0,3.0,1.0,8.0,5.0,2.0,0.0,2.0,4.0,0.0,93.96,80.0,0.0,40.0,20.0,54.17,0.0,66.67,0.5505262408632763,0.3080351073877043,1.0,4.0,0.07924678,1.0,22.0,11.0,0.3407366299999999,86.0,22.722772277227723,39.65346534653465,1.7821782178217822,62.37623762376238,1.3366336633663367,0.0,0.0,0.0,2.227722772277228,1.3366336633663367,0.8910891089108911,0.8910891089108911,2.227722772277228,2.227722772277228,5.792079207920792,0.4455445544554455,1.3366336633663367,0.4455445544554455,3.5643564356435644,2.227722772277228,0.8910891089108911,0.0,0.8910891089108911,1.7821782178217822,0.0,93.96,80.0,0.0,40.0,20.0,54.17,0.0,66.67,0.2452839687014597,0.13724336467769,0.4455445544554455,1.7821782178217822,0.0353079712871287,0.4455445544554455,9.801980198019802,4.900990099009901,0.1518133499999999,38.31683168316832,DM/CM,39,89,56,78,69,50,14,44,75,75,69,81,100,100,64,81,44,56,89,94,92,36,25,75,53,100,97,36,72,44,75,17,69,78,72,64,56,56,31,89,67,78,81,67,89,67,89,78,50,14,44,89,83,83,83,100,100,94,89,56,67,94,100,94,36,39,94,53,100,97,36,72,44,75,17,69,94,83,78,72,67,50,89,83,89,89,Bundesliga
Bayer 04 Leverkusen,7ad69ngbpjuyzv96drf8d9sn2,d7pzcnoztn30xoj5b2sr9slt6,Miguel Gutiérrez,Miguel Gutiérrez,25,Defender,Spain,Defender,50.0,105.0,2.0,150.0,8.0,0.0,263.0,1.0,2.0,3.0,1.0,2.0,2.0,3.0,3.0,7.0,0.0,2.0,1.0,11.0,2.0,1.0,5.0,2.0,2.0,0.0,90.91,28.57,20.83,33.33,33.33,53.85,50.0,66.67,0.1809596152801444,1.034164390838351,2.0,25.0,0.70069936,5.0,8.0,15.0,1.0998571700000002,64.0,17.11026615969582,35.93155893536122,0.6844106463878328,51.330798479087456,2.737642585551331,0.0,0.3422053231939164,0.6844106463878328,1.0266159695817492,0.3422053231939164,0.6844106463878328,0.6844106463878328,1.0266159695817492,1.0266159695817492,2.3954372623574147,0.0,0.6844106463878328,0.3422053231939164,3.76425855513308,0.6844106463878328,0.3422053231939164,1.711026615969582,0.6844106463878328,0.6844106463878328,0.0,90.91,28.57,20.83,33.33,33.33,53.85,50.0,66.67,0.0619253436319885,0.3538965596024775,0.6844106463878328,8.55513307984791,0.2397830509505703,1.711026615969582,2.737642585551331,5.133079847908745,0.3763769783269963,21.90114068441065,LB/LCB,54,92,35,92,85,46,15,100,73,69,77,88,58,58,15,50,19,65,100,62,65,85,8,38,54,92,38,85,73,54,46,50,54,77,85,85,100,100,96,38,69,100,69,46,92,31,92,85,46,23,100,77,73,77,92,69,69,15,50,15,69,100,69,77,85,8,38,54,92,38,85,73,54,46,50,54,77,85,85,100,100,100,38,69,100,77,Bundesliga
Bayer 04 Leverkusen,7ad69ngbpjuyzv96drf8d9sn2,djha3ac2mfhyb7oia64hq2nd,E. Tapsoba,Edmond Tapsoba,27,Defender,Burkina Faso,Defender,116.0,80.0,8.0,196.0,1.0,0.0,270.0,7.0,1.0,1.0,1.0,0.0,1.0,1.0,1.0,13.0,0.0,2.0,0.0,3.0,2.0,0.0,0.0,14.0,3.0,0.0,90.32,53.33,0.0,0.0,0.0,68.42,70.0,75.0,0.1131963477834851,0.1143664707811867,0.0,6.0,0.12661793,3.0,19.0,14.0,0.3312387799999998,134.0,38.66666666666666,26.666666666666668,2.6666666666666665,65.33333333333333,0.3333333333333333,0.0,2.333333333333333,0.3333333333333333,0.3333333333333333,0.3333333333333333,0.0,0.3333333333333333,0.3333333333333333,0.3333333333333333,4.333333333333333,0.0,0.6666666666666666,0.0,1.0,0.6666666666666666,0.0,0.0,4.666666666666667,1.0,0.0,90.32,53.33,0.0,0.0,0.0,68.42,70.0,75.0,0.0377321159278283,0.0381221569270622,0.0,2.0,0.0422059766666666,1.0,6.333333333333333,4.666666666666667,0.1104129266666665,44.66666666666666,CB,89,89,61,93,59,50,54,93,30,44,37,72,56,56,44,41,33,31,37,54,30,43,31,61,50,63,70,43,30,31,78,78,63,33,67,39,85,81,87,81,72,70,85,85,85,59,93,54,50,54,91,26,43,37,65,52,52,44,41,31,31,37,50,30,43,30,54,50,63,70,43,30,31,78,78,63,33,63,39,85,81,87,80,72,70,85,Bundesliga
Borussia M'gladbach,go76xxm0xyfgqt1h6tcrtimm,70tsvrcmklvp4ecdhxlugf8ix,K. Itakura,Ko Itakura,29,Defender,Japan,Defender,89.0,32.0,3.0,119.0,1.0,0.0,270.0,2.0,0.0,4.0,4.0,0.0,2.0,0.0,0.0,6.0,0.0,2.0,1.0,4.0,2.0,0.0,2.0,10.0,1.0,0.0,90.15,27.27,100.0,0.0,25.0,40.0,33.33,50.0,0.5462535972122853,0.121065548606663,0.0,4.0,0.08664806,3.0,3.0,5.0,0.4166355899999998,77.0,29.666666666666668,10.666666666666666,1.0,39.66666666666666,0.3333333333333333,0.0,0.6666666666666666,0.0,1.3333333333333333,1.3333333333333333,0.0,0.6666666666666666,0.0,0.0,2.0,0.0,0.6666666666666666,0.3333333333333333,1.3333333333333333,0.6666666666666666,0.0,0.6666666666666666,3.333333333333333,0.3333333333333333,0.0,90.15,27.27,100.0,0.0,25.0,40.0,33.33,50.0,0.182084532404095,0.0403551828688876,0.0,1.3333333333333333,0.0288826866666666,1.0,1.0,1.6666666666666667,0.1388785299999999,25.666666666666668,CB,41,30,19,26,59,50,22,44,78,85,37,93,22,22,13,41,33,70,50,54,30,100,20,24,50,59,19,98,30,65,15,20,24,89,70,39,78,78,87,20,37,81,48,41,30,15,26,54,50,15,44,78,85,37,93,22,22,11,41,31,69,48,50,30,100,19,19,50,59,19,98,30,65,15,20,24,89,67,39,76,78,87,19,33,78,41,Bundesliga
Borussia M'gladbach,go76xxm0xyfgqt1h6tcrtimm,7hugqbtot3c8fmxtfqld9l15g,H. Bolin,Hugo Bolin,23,Midfielder,Sweden,Midfielder,18.0,40.0,0.0,57.0,4.0,0.0,225.0,1.0,0.0,10.0,7.0,3.0,5.0,3.0,3.0,13.0,2.0,2.0,4.0,15.0,6.0,2.0,1.0,1.0,1.0,0.0,87.69,0.0,33.33,66.67,40.0,65.0,50.0,25.0,1.013974200976092,0.4465021434801282,4.0,7.0,0.19387212,1.0,5.0,10.0,0.58418752,28.0,7.2,16.0,0.0,22.8,1.6,0.0,0.4,0.0,4.0,2.8,1.2,2.0,1.2,1.2,5.2,0.8,0.8,1.6,6.0,2.4,0.8,0.4,0.4,0.4,0.0,87.69,0.0,33.33,66.67,40.0,65.0,50.0,25.0,0.4055896803904367,0.1786008573920512,1.6,2.8,0.077548848,0.4,2.0,4.0,0.233675008,11.2,CM/AM,9,44,9,19,56,53,41,38,100,100,72,100,50,50,69,91,53,88,100,94,56,25,22,19,50,81,9,69,62,56,88,69,12,100,50,97,72,69,25,22,66,88,19,12,47,9,25,62,53,50,38,100,100,81,100,56,56,69,94,62,94,94,94,56,31,25,19,50,81,9,69,62,56,88,69,12,100,56,100,75,69,25,25,69,94,38,Bundesliga
Borussia M'gladbach,go76xxm0xyfgqt1h6tcrtimm,7xc0qldxpidl07vij2wgu1sk5,K. Diks,Kevin Diks,29,Defender,Indonesia,Defender,99.0,49.0,6.0,148.0,0.0,0.0,270.0,6.0,0.0,2.0,1.0,1.0,1.0,0.0,0.0,10.0,0.0,0.0,0.0,4.0,2.0,0.0,0.0,15.0,1.0,0.0,89.7,35.29,0.0,0.0,0.0,71.43,75.0,50.0,0.1291454405893443,0.0,1.0,2.0,0.03932202,2.0,9.0,6.0,0.2143710199999999,96.0,33.0,16.333333333333332,2.0,49.333333333333336,0.0,0.0,2.0,0.0,0.6666666666666666,0.3333333333333333,0.3333333333333333,0.3333333333333333,0.0,0.0,3.333333333333333,0.0,0.0,0.0,1.3333333333333333,0.6666666666666666,0.0,0.0,5.0,0.3333333333333333,0.0,89.7,35.29,0.0,0.0,0.0,71.43,75.0,50.0,0.0430484801964481,0.0,0.3333333333333333,0.6666666666666666,0.01310734,0.6666666666666666,3.0,2.0,0.0714570066666666,32.0,CB,52,54,50,56,20,50,43,44,52,44,80,72,22,22,30,41,4,31,50,54,30,43,41,24,50,56,30,43,30,31,89,85,24,41,22,83,52,48,76,56,46,44,59,48,52,50,56,20,50,41,44,48,43,78,65,22,22,30,41,4,31,48,50,30,43,35,19,50,56,30,43,30,31,89,85,24,41,22,81,46,48,72,56,41,44,59,Bundesliga
Borussia M'gladbach,go76xxm0xyfgqt1h6tcrtimm,7zbu2y3nlj4dyhe1qdj15g3xl,P. Sander,Philipp Sander,28,Midfielder,Germany,Midfielder,79.0,65.0,10.0,142.0,3.0,0.0,270.0,3.0,0.0,4.0,2.0,2.0,2.0,3.0,3.0,12.0,0.0,4.0,0.0,4.0,0.0,1.0,2.0,3.0,6.0,0.0,89.31,58.82,33.33,33.33,0.0,35.29,50.0,75.0,0.3427497799533161,0.3430657858362664,1.0,6.0,0.17299182,2.0,14.0,14.0,0.52329225,67.0,26.33333333333333,21.666666666666668,3.333333333333333,47.333333333333336,1.0,0.0,1.0,0.0,1.3333333333333333,0.6666666666666666,0.6666666666666666,0.6666666666666666,1.0,1.0,4.0,0.0,1.3333333333333333,0.0,1.3333333333333333,0.0,0.3333333333333333,0.6666666666666666,1.0,2.0,0.0,89.31,58.82,33.33,33.33,0.0,35.29,50.0,75.0,0.1142499266511053,0.1143552619454221,0.3333333333333333,2.0,0.05766394,0.6666666666666666,4.666666666666667,4.666666666666667,0.17443075,22.33333333333333,RM/RCM,100,80,100,100,40,60,80,60,60,50,80,60,60,60,60,50,80,40,40,20,60,50,60,100,60,100,80,40,60,40,20,100,90,60,60,70,80,80,70,90,80,60,100,100,80,100,80,40,60,80,60,60,40,80,60,60,60,60,50,80,40,40,20,60,50,60,100,60,100,80,40,60,40,20,100,90,60,40,60,80,80,70,80,80,60,80,Bundesliga
Borussia M'gladbach,go76xxm0xyfgqt1h6tcrtimm,aopmwx748flafzpj58w2afwlx,T. Kleindienst,Tim Kleindienst,31,Attacker,Germany,Striker,15.0,13.0,5.0,28.0,2.0,0.0,219.0,10.0,0.0,6.0,6.0,0.0,2.0,2.0,2.0,15.0,0.0,0.0,1.0,13.0,1.0,1.0,0.0,5.0,0.0,0.0,65.12,100.0,0.0,50.0,16.67,41.67,45.45,0.0,0.6207451276456308,0.0769636601505481,0.0,1.0,0.01689528,0.0,6.0,4.0,0.09134473,10.0,6.164383561643836,5.342465753424658,2.054794520547945,11.506849315068497,0.8219178082191781,0.0,4.109589041095891,0.0,2.4657534246575343,2.4657534246575343,0.0,0.8219178082191781,0.8219178082191781,0.8219178082191781,6.164383561643836,0.0,0.0,0.4109589041095891,5.342465753424658,0.4109589041095891,0.4109589041095891,0.0,2.054794520547945,0.0,0.0,65.12,100.0,0.0,50.0,16.67,41.67,45.45,0.0,0.2551007373886154,0.0316289014317321,0.0,0.4109589041095891,0.0069432657534246,0.0,2.4657534246575343,1.6438356164383563,0.0375389301369863,4.109589041095891,ST,61,22,86,22,33,53,83,33,33,61,14,56,25,22,78,17,25,8,58,19,31,39,92,28,53,11,97,39,58,11,53,78,28,39,28,11,19,11,14,89,47,11,22,61,22,89,22,39,53,83,33,33,69,14,61,22,22,78,17,25,11,61,17,33,39,94,28,53,11,97,39,58,11,53,78,28,39,28,11,22,11,14,89,50,17,28,Bundesliga
Eintracht Frankfurt,c5hderjlkcoaze51e5wgvptk,1zumt9vkrqd8d3p3eqtwezi6t,R. Koch,Robin Koch,30,Defender,Germany,Defender,106.0,75.0,11.0,181.0,1.0,0.0,270.0,17.0,0.0,4.0,4.0,0.0,0.0,0.0,0.0,20.0,0.0,7.0,2.0,6.0,0.0,0.0,0.0,31.0,1.0,0.0,93.3,64.71,0.0,0.0,50.0,66.67,70.83,33.33,0.511373603776248,0.0744606919743322,0.0,1.0,0.05491138,0.0,23.0,22.0,0.41197875,143.0,35.333333333333336,25.0,3.6666666666666665,60.333333333333336,0.3333333333333333,0.0,5.666666666666667,0.0,1.3333333333333333,1.3333333333333333,0.0,0.0,0.0,0.0,6.666666666666667,0.0,2.333333333333333,0.6666666666666666,2.0,0.0,0.0,0.0,10.333333333333334,0.3333333333333333,0.0,93.3,64.71,0.0,0.0,50.0,66.67,70.83,33.33,0.1704578679254159,0.0248202306581107,0.0,0.3333333333333333,0.0183037933333333,0.0,7.666666666666667,7.333333333333333,0.13732625,47.66666666666666,CB,65,81,87,83,59,50,93,44,78,85,37,30,22,22,81,41,96,91,80,13,30,43,93,24,50,93,81,43,30,91,67,81,11,85,52,39,31,63,26,89,91,78,93,61,81,85,76,54,50,93,44,78,85,37,30,22,22,80,41,96,83,72,13,30,43,93,19,50,93,81,43,30,91,67,81,11,81,52,39,28,59,26,89,89,74,93,Bundesliga
Eintracht Frankfurt,c5hderjlkcoaze51e5wgvptk,4a59itr8bwm9auhz9f2dno104,C. Uzun,Can Uzun,20,Midfielder,Türkiye,Midfielder,33.0,68.0,8.0,96.0,7.0,0.0,235.0,0.0,0.0,6.0,5.0,1.0,2.0,14.0,15.0,12.0,2.0,0.0,3.0,13.0,4.0,5.0,5.0,2.0,1.0,0.0,84.96,80.0,31.25,35.71,50.0,40.0,0.0,33.33,0.6790312359494499,0.8683699707287487,1.0,11.0,0.25493327,3.0,15.0,21.0,0.4985774999999999,45.0,12.638297872340424,26.04255319148936,3.0638297872340425,36.76595744680851,2.680851063829788,0.0,0.0,0.0,2.297872340425532,1.9148936170212765,0.3829787234042553,0.7659574468085106,5.361702127659575,5.74468085106383,4.595744680851063,0.7659574468085106,0.0,1.1489361702127658,4.97872340425532,1.5319148936170213,1.9148936170212765,1.9148936170212765,0.7659574468085106,0.3829787234042553,0.0,84.96,80.0,31.25,35.71,50.0,40.0,0.0,33.33,0.260054515895534,0.3325672228322867,0.3829787234042553,4.212765957446808,0.0976340182978723,1.1489361702127658,5.74468085106383,8.042553191489361,0.190944574468085,17.23404255319149,CM/AM,62,81,94,81,94,53,16,38,78,91,38,81,100,100,56,91,9,72,88,66,94,91,41,19,50,69,88,53,38,62,19,16,22,81,94,41,91,94,56,88,94,81,81,75,88,94,81,94,53,16,38,81,94,38,81,100,100,56,88,9,75,88,62,100,88,44,12,50,69,88,53,38,62,19,16,22,81,88,44,94,88,69,94,94,81,81,Bundesliga
Eintracht Frankfurt,c5hderjlkcoaze51e5wgvptk,ab3og2sas7q4czd31wbdbnro,K. Kosugi,Keita Kosugi,20,Defender,Japan,Defender,25.0,45.0,0.0,68.0,3.0,0.0,270.0,6.0,0.0,2.0,1.0,1.0,0.0,2.0,2.0,21.0,0.0,7.0,1.0,4.0,9.0,1.0,2.0,12.0,3.0,0.0,75.56,0.0,18.18,50.0,50.0,67.74,66.67,60.0,0.1500378370393099,0.2405194511159691,1.0,4.0,0.1235510599999999,5.0,9.0,8.0,0.2429097699999999,30.0,8.333333333333334,15.0,0.0,22.666666666666668,1.0,0.0,2.0,0.0,0.6666666666666666,0.3333333333333333,0.3333333333333333,0.0,0.6666666666666666,0.6666666666666666,7.0,0.0,2.333333333333333,0.3333333333333333,1.3333333333333333,3.0,0.3333333333333333,0.6666666666666666,4.0,1.0,0.0,75.56,0.0,18.18,50.0,50.0,67.74,66.67,60.0,0.0500126123464366,0.0801731503719897,0.3333333333333333,1.3333333333333333,0.0411836866666666,1.6666666666666667,3.0,2.6666666666666665,0.0809699233333333,10.0,LB/LCB,8,38,15,23,69,46,81,38,50,69,54,31,38,38,85,50,92,65,54,100,65,73,62,54,54,31,15,73,96,73,85,81,27,62,62,58,54,62,96,46,38,38,31,8,38,15,15,65,46,77,38,46,54,50,31,38,38,85,50,92,54,46,100,58,73,62,54,54,31,15,73,96,73,85,81,27,62,54,54,50,62,92,46,35,38,31,Bundesliga
Eintracht Frankfurt,c5hderjlkcoaze51e5wgvptk,d1e8em0pe47h68uq73h8aq1w4,E. Baum,Elias Baum,20,Defender,Germany,Defender,38.0,41.0,3.0,79.0,3.0,0.0,246.0,4.0,1.0,4.0,4.0,0.0,2.0,6.0,6.0,18.0,0.0,3.0,2.0,10.0,2.0,3.0,0.0,9.0,7.0,0.0,78.22,30.0,0.0,50.0,50.0,48.65,44.44,77.78,0.3052076897511291,0.2284594261823342,1.0,4.0,0.12986581,2.0,5.0,9.0,0.56510279,26.0,13.902439024390244,15.0,1.0975609756097562,28.902439024390244,1.0975609756097562,0.0,1.4634146341463414,0.3658536585365853,1.4634146341463414,1.4634146341463414,0.0,0.7317073170731707,2.1951219512195124,2.1951219512195124,6.585365853658536,0.0,1.0975609756097562,0.7317073170731707,3.658536585365854,0.7317073170731707,1.0975609756097562,0.0,3.292682926829268,2.5609756097560976,0.0,78.22,30.0,0.0,50.0,50.0,48.65,44.44,77.78,0.1116613499089496,0.0835827168959759,0.3658536585365853,1.4634146341463414,0.047511881707317,0.7317073170731707,1.829268292682927,3.292682926829268,0.2067449231707317,9.51219512195122,RB/RCB,46,54,27,62,46,54,58,69,81,96,23,96,92,88,81,50,38,92,100,38,88,23,62,85,54,46,35,23,54,88,23,38,50,85,46,73,85,100,62,42,73,77,38,46,46,31,62,38,54,62,77,92,100,23,100,85,85,92,50,54,100,100,46,92,23,62,85,54,46,35,23,54,88,23,38,50,85,46,77,92,100,62,38,77,85,31,Bundesliga
Eintracht Frankfurt,c5hderjlkcoaze51e5wgvptk,d3tfdqfnab7bqxfdh3399y06i,J. Burkardt,Jonathan Burkardt,26,Attacker,Germany,Striker,19.0,29.0,6.0,48.0,5.0,0.0,230.0,5.0,1.0,8.0,8.0,0.0,4.0,5.0,5.0,12.0,2.0,3.0,2.0,18.0,5.0,2.0,0.0,0.0,0.0,0.0,85.71,85.71,0.0,40.0,25.0,41.38,35.71,0.0,1.1517894771513046,0.4277785035209728,1.0,4.0,0.10462653,1.0,4.0,3.0,0.3078817699999999,13.0,7.434782608695652,11.347826086956523,2.347826086956522,18.782608695652176,1.956521739130435,0.0,1.956521739130435,0.391304347826087,3.130434782608696,3.130434782608696,0.0,1.565217391304348,1.956521739130435,1.956521739130435,4.695652173913044,0.782608695652174,1.173913043478261,0.782608695652174,7.043478260869565,1.956521739130435,0.782608695652174,0.0,0.0,0.0,0.0,85.71,85.71,0.0,40.0,25.0,41.38,35.71,0.0,0.450700230189641,0.1673915883342937,0.391304347826087,1.565217391304348,0.0409408160869565,0.391304347826087,1.565217391304348,1.173913043478261,0.1204754752173912,5.086956521739131,ST,67,44,97,58,78,53,64,75,56,86,14,89,67,61,50,72,94,36,78,75,58,39,14,28,53,100,89,39,42,31,44,47,28,67,72,36,75,56,44,58,39,78,39,72,44,94,67,78,53,61,78,61,89,14,94,72,72,67,72,94,39,78,78,56,39,14,28,53,100,89,39,42,31,44,47,28,78,72,50,72,56,50,67,39,78,39,Bundesliga
Eintracht Frankfurt,c5hderjlkcoaze51e5wgvptk,mkq18lpl3d44wxq974mci5wq,R. Onyedika,Raphael Onyedika,25,Midfielder,Nigeria,Midfielder,56.0,50.0,9.0,106.0,2.0,0.0,270.0,7.0,0.0,1.0,0.0,1.0,0.0,1.0,1.0,14.0,0.0,2.0,1.0,0.0,1.0,0.0,0.0,10.0,4.0,0.0,79.7,52.94,0.0,0.0,100.0,53.85,70.0,66.67,0.0628982281418094,0.1312662341388564,1.0,5.0,0.10510909,1.0,9.0,7.0,0.3065152299999999,61.0,18.666666666666668,16.666666666666668,3.0,35.333333333333336,0.6666666666666666,0.0,2.333333333333333,0.0,0.3333333333333333,0.0,0.3333333333333333,0.0,0.3333333333333333,0.3333333333333333,4.666666666666667,0.0,0.6666666666666666,0.3333333333333333,0.0,0.3333333333333333,0.0,0.0,3.333333333333333,1.3333333333333333,0.0,79.7,52.94,0.0,0.0,100.0,53.85,70.0,66.67,0.0209660760472698,0.0437554113796188,0.3333333333333333,1.6666666666666667,0.0350363633333333,0.3333333333333333,3.0,2.333333333333333,0.1021717433333333,20.33333333333333,DM/CM,61,39,94,39,47,50,94,44,28,19,42,25,44,42,81,36,19,56,8,14,31,36,89,75,53,11,44,36,31,97,67,94,69,22,44,64,69,67,31,39,42,72,53,50,39,94,39,42,50,92,44,19,19,39,25,42,39,67,36,11,53,8,11,31,36,89,72,53,11,44,36,31,97,67,94,69,22,44,56,58,61,25,39,42,72,50,Bundesliga
Augsburg,ex3psl8e3ajeypwjy4xfltpx6,3akb6xex1efr9ypj8yxr2uf4k,N. Banks,Noahkai Banks,19,Defender,USA,Defender,77.0,38.0,9.0,114.0,4.0,0.0,270.0,9.0,0.0,2.0,2.0,0.0,1.0,1.0,1.0,17.0,0.0,4.0,0.0,4.0,2.0,1.0,1.0,19.0,4.0,0.0,88.37,56.25,50.0,100.0,0.0,70.83,81.82,80.0,0.2565829568012073,0.2600370099103741,0.0,4.0,0.08565174,2.0,8.0,11.0,0.2578442999999999,74.0,25.666666666666668,12.666666666666666,3.0,38.0,1.3333333333333333,0.0,3.0,0.0,0.6666666666666666,0.6666666666666666,0.0,0.3333333333333333,0.3333333333333333,0.3333333333333333,5.666666666666667,0.0,1.3333333333333333,0.0,1.3333333333333333,0.6666666666666666,0.3333333333333333,0.3333333333333333,6.333333333333333,1.3333333333333333,0.0,88.37,56.25,50.0,100.0,0.0,70.83,81.82,80.0,0.0855276522670691,0.086679003303458,0.0,1.3333333333333333,0.02855058,0.6666666666666666,2.6666666666666665,3.6666666666666665,0.0859480999999999,24.666666666666668,CB,26,35,69,22,96,50,65,44,52,61,37,72,56,56,67,41,57,31,50,54,70,91,59,78,50,37,78,91,91,31,85,100,76,56,96,39,78,74,76,50,63,59,41,26,35,69,22,96,50,65,44,48,61,37,65,52,52,67,41,57,31,48,50,65,85,57,78,50,37,78,91,91,31,85,100,76,56,96,39,76,74,72,48,63,56,37,Bundesliga
Augsburg,ex3psl8e3ajeypwjy4xfltpx6,46vm60m1v8o9t0aesa0bpr42y,H. Massengo,Han-Noah Massengo,25,Midfielder,France,Midfielder,38.0,40.0,5.0,76.0,5.0,0.0,265.0,0.0,1.0,1.0,1.0,0.0,0.0,0.0,0.0,5.0,0.0,5.0,0.0,1.0,1.0,0.0,2.0,7.0,2.0,0.0,80.0,55.56,28.57,0.0,0.0,41.67,0.0,50.0,0.1028304945023486,0.5603765442132717,0.0,2.0,0.04797389,3.0,13.0,13.0,0.1964122399999999,49.0,12.90566037735849,13.584905660377355,1.6981132075471697,25.81132075471698,1.6981132075471697,0.0,0.0,0.3396226415094339,0.3396226415094339,0.3396226415094339,0.0,0.0,0.0,0.0,1.6981132075471697,0.0,1.6981132075471697,0.0,0.3396226415094339,0.3396226415094339,0.0,0.6792452830188679,2.3773584905660377,0.6792452830188679,0.0,80.0,55.56,28.57,0.0,0.0,41.67,0.0,50.0,0.0349235641706089,0.1903165621856394,0.0,0.6792452830188679,0.016293019245283,1.018867924528302,4.415094339622641,4.415094339622641,0.0667060437735848,16.641509433962263,DM/CM,17,22,67,11,86,50,14,94,28,47,17,25,17,14,8,36,67,22,19,14,31,89,67,42,53,19,61,78,31,22,22,17,36,39,94,25,22,22,67,58,83,22,31,17,17,61,11,89,50,14,94,28,50,17,25,17,14,11,36,72,22,22,22,31,94,72,44,53,19,61,78,31,22,22,17,36,39,89,25,33,22,72,56,78,28,33,Bundesliga
Augsburg,ex3psl8e3ajeypwjy4xfltpx6,5irixhhyayq9yl7sb2kohjrv9,M. Wolf,Marius Wolf,31,Defender,Germany,Defender,21.0,31.0,4.0,46.0,9.0,0.0,238.0,1.0,0.0,2.0,2.0,0.0,1.0,7.0,7.0,9.0,0.0,1.0,1.0,10.0,2.0,4.0,6.0,4.0,1.0,0.0,74.19,44.44,75.0,57.14,50.0,60.0,0.0,50.0,0.2513346833820354,1.1701977692952472,0.0,3.0,0.08224292,1.0,5.0,8.0,0.8257363700000001,23.0,7.9411764705882355,11.722689075630251,1.512605042016807,17.39495798319328,3.403361344537815,0.0,0.3781512605042016,0.0,0.7563025210084033,0.7563025210084033,0.0,0.3781512605042016,2.647058823529412,2.647058823529412,3.403361344537815,0.0,0.3781512605042016,0.3781512605042016,3.7815126050420167,0.7563025210084033,1.512605042016807,2.26890756302521,1.512605042016807,0.3781512605042016,0.0,74.19,44.44,75.0,57.14,50.0,60.0,0.0,50.0,0.0950425273293411,0.4425117614982027,0.0,1.134453781512605,0.0311002638655462,0.3781512605042016,1.8907563025210083,3.0252100840336134,0.3122532491596639,8.69747899159664,RM/RCM,40,40,80,40,100,60,40,60,40,50,30,40,80,80,30,50,50,80,80,60,80,100,80,40,60,60,60,100,100,100,100,30,40,40,100,30,50,60,40,50,60,80,40,40,40,80,40,100,60,40,60,40,60,30,40,80,80,20,50,40,80,80,60,80,100,80,40,60,60,60,100,100,100,100,30,40,40,100,30,60,60,40,60,60,80,20,Bundesliga
Augsburg,ex3psl8e3ajeypwjy4xfltpx6,7c6034wb3zsuq9nhxxiahiuol,M. Gregoritsch,Michael Gregoritsch,32,Attacker,Austria,Striker,11.0,32.0,2.0,43.0,4.0,0.0,240.0,10.0,0.0,8.0,6.0,2.0,0.0,1.0,2.0,13.0,3.0,1.0,7.0,11.0,2.0,0.0,0.0,3.0,1.0,0.0,69.35,40.0,0.0,0.0,87.5,52.0,50.0,100.0,1.3133576374015068,0.3052926830804499,1.0,0.0,0.0,1.0,5.0,8.0,0.171461,20.0,4.125,12.0,0.75,16.125,1.5,0.0,3.75,0.0,3.0,2.25,0.75,0.0,0.375,0.75,4.875,1.125,0.375,2.625,4.125,0.75,0.0,0.0,1.125,0.375,0.0,69.35,40.0,0.0,0.0,87.5,52.0,50.0,100.0,0.4925091140255651,0.1144847561551687,0.375,0.0,0.0,0.375,1.875,3.0,0.064297875,7.5,ST,39,61,50,50,67,53,83,33,56,61,53,11,11,22,61,94,67,94,42,44,11,39,61,64,53,44,39,39,11,100,83,83,92,94,61,36,6,6,44,81,81,56,78,33,56,56,39,67,53,78,33,56,56,56,11,11,17,72,100,61,100,44,39,11,39,67,67,53,44,39,39,11,100,83,83,92,94,67,39,6,6,39,83,78,56,78,Bundesliga
Augsburg,ex3psl8e3ajeypwjy4xfltpx6,83usrrx99pkiihnkz44dt2gru,F. Rieder,Fabian Rieder,24,Midfielder,Switzerland,Midfielder,36.0,45.0,3.0,79.0,3.0,0.0,263.0,2.0,2.0,5.0,0.0,5.0,0.0,4.0,4.0,19.0,1.0,5.0,4.0,2.0,5.0,3.0,2.0,3.0,6.0,1.0,84.95,75.0,50.0,75.0,80.0,65.52,66.67,66.67,0.2611107896766741,0.3188291379787636,3.0,4.0,0.08379181,3.0,10.0,9.0,0.2515281299999999,39.0,12.31939163498099,15.399239543726235,1.0266159695817492,27.03422053231939,1.0266159695817492,0.0,0.6844106463878328,0.6844106463878328,1.711026615969582,0.0,1.711026615969582,0.0,1.3688212927756656,1.3688212927756656,6.501901140684411,0.3422053231939164,1.711026615969582,1.3688212927756656,0.6844106463878328,1.711026615969582,1.0266159695817492,0.6844106463878328,1.0266159695817492,2.0532319391634983,0.3422053231939164,84.95,75.0,50.0,75.0,80.0,65.52,66.67,66.67,0.0893535021707249,0.1091050282056605,1.0266159695817492,1.3688212927756656,0.0286740034220532,1.0266159695817492,3.422053231939164,3.0798479087452475,0.0860742650190113,13.346007604562738,CM/AM,75,50,56,69,28,53,62,97,62,16,100,19,62,62,94,78,88,88,6,81,69,53,56,97,100,62,72,91,75,94,94,94,53,38,38,88,28,19,56,69,44,31,66,62,38,50,62,28,53,56,94,56,16,100,19,62,62,100,75,81,81,6,72,62,50,53,100,100,62,72,91,75,94,94,94,53,38,31,88,28,12,53,69,41,31,50,Bundesliga
Augsburg,ex3psl8e3ajeypwjy4xfltpx6,bjm2mqn0a1c7tlgnpa9thbqp5,C. Brackelmann,Calvin Brackelmann,27,Defender,Germany,Defender,73.0,38.0,6.0,111.0,2.0,0.0,263.0,15.0,0.0,2.0,1.0,1.0,0.0,0.0,0.0,26.0,0.0,4.0,0.0,4.0,1.0,0.0,0.0,20.0,6.0,0.0,76.55,27.27,0.0,0.0,0.0,76.47,71.43,60.0,0.1446757061490751,0.1440467031639416,1.0,3.0,0.06945748,2.0,6.0,8.0,0.19497999,70.0,24.980988593155896,13.003802281368822,2.0532319391634983,37.98479087452472,0.6844106463878328,0.0,5.133079847908745,0.0,0.6844106463878328,0.3422053231939164,0.3422053231939164,0.0,0.0,0.0,8.897338403041825,0.0,1.3688212927756656,0.0,1.3688212927756656,0.3422053231939164,0.0,0.0,6.844106463878328,2.0532319391634983,0.0,76.55,27.27,0.0,0.0,0.0,76.47,71.43,60.0,0.0495087967810523,0.0492935486112347,0.3422053231939164,1.0266159695817492,0.0237687193916349,0.6844106463878328,2.0532319391634983,2.737642585551331,0.0667231904942965,23.954372623574145,LB/LCB,92,31,73,62,50,46,100,38,50,69,54,31,15,15,100,50,65,23,54,42,23,23,100,73,54,38,31,23,23,23,100,92,27,54,46,58,38,38,42,31,38,31,88,92,31,77,54,54,46,100,38,54,73,62,31,15,15,100,50,69,23,54,38,23,23,92,77,54,38,31,23,23,23,100,92,27,54,46,69,38,38,46,31,46,31,85,Bundesliga
Augsburg,ex3psl8e3ajeypwjy4xfltpx6,cyz9jisw86vjjf85xxgbae0yy,C. Matsima,Chrislain Matsima,24,Defender,France,Defender,106.0,17.0,1.0,123.0,1.0,2.0,270.0,6.0,0.0,1.0,1.0,0.0,0.0,1.0,1.0,11.0,0.0,6.0,1.0,1.0,0.0,1.0,0.0,25.0,2.0,0.0,93.89,20.0,0.0,100.0,100.0,68.75,60.0,50.0,0.1109008446353045,0.0334372207329964,0.0,0.0,0.0,0.0,1.0,0.0,0.0905456699999999,89.0,35.333333333333336,5.666666666666667,0.3333333333333333,41.0,0.3333333333333333,0.6666666666666666,2.0,0.0,0.3333333333333333,0.3333333333333333,0.0,0.0,0.3333333333333333,0.3333333333333333,3.6666666666666665,0.0,2.0,0.3333333333333333,0.3333333333333333,0.0,0.3333333333333333,0.0,8.333333333333334,0.6666666666666666,0.0,93.89,20.0,0.0,100.0,100.0,68.75,60.0,50.0,0.0369669482117681,0.0111457402443321,0.0,0.0,0.0,0.0,0.3333333333333333,0.0,0.0301818899999999,29.666666666666668,CB,65,4,7,30,59,100,43,44,30,44,37,30,56,56,37,41,89,70,22,13,70,43,85,44,50,96,11,43,91,100,81,48,24,30,44,39,13,13,26,13,7,11,52,61,4,7,30,54,100,41,44,26,43,37,30,52,52,33,41,87,69,20,13,65,43,85,43,50,96,11,43,91,100,81,48,24,30,44,39,13,13,26,13,7,11,52,Bundesliga
Augsburg,ex3psl8e3ajeypwjy4xfltpx6,e0ywbn79yd3cd9kfngcgffxg4,H. Behrens,Hennes Behrens,21,Defender,Germany,Defender,33.0,46.0,3.0,76.0,2.0,0.0,270.0,2.0,1.0,2.0,2.0,0.0,1.0,8.0,8.0,22.0,0.0,10.0,0.0,5.0,3.0,6.0,3.0,9.0,3.0,0.0,73.08,33.33,25.0,75.0,0.0,68.75,50.0,27.27,0.1287156423679268,0.225158959829494,0.0,3.0,0.1058917599999999,3.0,10.0,13.0,0.3658103299999999,51.0,11.0,15.333333333333334,1.0,25.33333333333333,0.6666666666666666,0.0,0.6666666666666666,0.3333333333333333,0.6666666666666666,0.6666666666666666,0.0,0.3333333333333333,2.6666666666666665,2.6666666666666665,7.333333333333333,0.0,3.333333333333333,0.0,1.6666666666666667,1.0,2.0,1.0,3.0,1.0,0.0,73.08,33.33,25.0,75.0,0.0,68.75,50.0,27.27,0.0429052141226422,0.0750529866098313,0.0,1.0,0.0352972533333333,1.0,3.333333333333333,4.333333333333333,0.1219367766666666,17.0,LM/LCM,67,67,83,67,33,67,83,67,50,67,33,83,67,67,100,50,100,50,67,67,67,67,100,100,67,33,67,67,100,50,100,83,67,67,33,33,33,33,67,100,100,67,100,67,67,83,67,33,67,83,67,50,67,33,83,67,67,67,50,100,50,67,67,67,67,100,100,67,33,67,67,100,50,100,83,67,67,33,33,33,33,50,100,100,67,100,Bundesliga
Augsburg,ex3psl8e3ajeypwjy4xfltpx6,oivi495h0xuu6sw8i1ra6dpl,R. Fellhauer,Robin Fellhauer,28,Midfielder,Germany,Midfielder,12.0,22.0,0.0,33.0,2.0,0.0,214.0,2.0,0.0,5.0,3.0,2.0,3.0,3.0,3.0,4.0,1.0,1.0,2.0,5.0,1.0,0.0,1.0,2.0,0.0,0.0,64.71,0.0,20.0,0.0,40.0,26.67,40.0,0.0,0.4168759977841009,0.2056605491796465,2.0,2.0,0.05256723,2.0,4.0,5.0,0.2207419699999999,17.0,5.046728971962617,9.25233644859813,0.0,13.878504672897195,0.8411214953271028,0.0,0.8411214953271028,0.0,2.102803738317757,1.2616822429906542,0.8411214953271028,1.2616822429906542,1.2616822429906542,1.2616822429906542,1.6822429906542056,0.4205607476635514,0.4205607476635514,0.8411214953271028,2.102803738317757,0.4205607476635514,0.0,0.4205607476635514,0.8411214953271028,0.0,0.0,64.71,0.0,20.0,0.0,40.0,26.67,40.0,0.0,0.1753216813110704,0.0864927543278887,0.8411214953271028,0.8411214953271028,0.0221077135514018,0.8411214953271028,1.6822429906542056,2.102803738317757,0.0928354079439252,7.149532710280374,CB,4,15,4,4,87,50,22,44,91,72,93,100,85,83,4,91,15,91,65,30,30,91,4,6,50,4,4,85,30,81,4,28,6,74,93,94,52,59,76,30,37,52,11,4,19,4,4,93,50,30,44,96,78,96,100,93,89,7,100,22,100,85,33,30,96,4,6,50,4,4,85,30,81,4,28,6,85,93,96,63,70,81,37,44,63,11,Bundesliga
Bayern München,apoawtpvac4zqlancmvw4nk4o,5ch0r2awkzjfd4hv6kbw6c9gp,L. Díaz,Luis Díaz,29,Attacker,Colombia,Striker,19.0,110.0,2.0,128.0,5.0,0.0,205.0,3.0,0.0,10.0,8.0,2.0,3.0,15.0,16.0,14.0,1.0,0.0,4.0,33.0,3.0,6.0,1.0,0.0,2.0,0.0,89.51,50.0,100.0,40.0,40.0,38.89,75.0,100.0,2.5908742728431924,0.4058497153117926,3.0,23.0,0.6585119700000001,5.0,3.0,10.0,0.51164956,43.0,8.341463414634147,48.29268292682927,0.8780487804878049,56.19512195121951,2.1951219512195124,0.0,1.3170731707317074,0.0,4.390243902439025,3.5121951219512195,0.8780487804878049,1.3170731707317074,6.585365853658537,7.024390243902439,6.146341463414634,0.4390243902439024,0.0,1.7560975609756098,14.48780487804878,1.3170731707317074,2.6341463414634148,0.4390243902439024,0.0,0.8780487804878049,0.0,89.51,50.0,100.0,40.0,40.0,38.89,75.0,100.0,1.1374569978335969,0.1781779237954211,1.3170731707317074,10.097560975609756,0.289102816097561,2.1951219512195124,1.3170731707317074,4.390243902439025,0.2246266360975609,18.87804878048781,LW,67,100,67,100,67,67,100,50,100,100,67,67,100,100,100,100,50,100,100,83,100,67,50,83,67,67,67,100,67,100,67,100,83,100,67,83,100,100,100,67,100,100,67,67,100,67,100,67,67,100,50,100,100,67,67,100,100,100,100,50,100,100,100,100,67,50,100,67,67,67,100,67,100,67,100,83,100,67,100,100,100,100,67,100,100,100,Bundesliga
Bayern München,apoawtpvac4zqlancmvw4nk4o,97nv3y9z2ajz6b4ynoo0jn3kl,J. Kimmich,Joshua Kimmich,31,Midfielder,Germany,Midfielder,55.0,166.0,19.0,216.0,6.0,0.0,205.0,3.0,2.0,1.0,0.0,1.0,0.0,1.0,1.0,10.0,0.0,4.0,1.0,3.0,4.0,1.0,5.0,1.0,2.0,0.0,90.38,76.0,31.25,100.0,100.0,76.92,60.0,100.0,0.0451287846493482,0.7901384467380776,1.0,12.0,0.2420613999999999,1.0,34.0,35.0,0.8199412800000004,122.0,24.14634146341464,72.8780487804878,8.341463414634147,94.82926829268293,2.6341463414634148,0.0,1.3170731707317074,0.8780487804878049,0.4390243902439024,0.0,0.4390243902439024,0.0,0.4390243902439024,0.4390243902439024,4.390243902439025,0.0,1.7560975609756098,0.4390243902439024,1.3170731707317074,1.7560975609756098,0.4390243902439024,2.1951219512195124,0.4390243902439024,0.8780487804878049,0.0,90.38,76.0,31.25,100.0,100.0,76.92,60.0,100.0,0.0198126371631284,0.3468900497874487,0.4390243902439024,5.2682926829268295,0.1062708585365853,0.4390243902439024,14.926829268292684,15.365853658536588,0.3599742204878051,53.5609756097561,CM/AM,100,100,100,100,84,53,78,97,12,16,38,19,28,25,38,38,72,38,16,66,34,91,22,44,50,100,81,53,91,100,100,88,91,12,88,41,100,88,25,100,100,100,100,100,100,100,100,88,53,81,100,12,16,47,19,31,25,44,38,94,47,19,81,44,94,31,56,50,100,81,53,91,100,100,88,91,12,94,53,100,100,34,100,100,100,100,Bundesliga
Bayern München,apoawtpvac4zqlancmvw4nk4o,9u0jnvttp25l5bp2pvx7pces,A. Pavlović,Aleksandar Pavlovic,22,Midfielder,Germany,Midfielder,78.0,188.0,7.0,266.0,7.0,0.0,248.0,5.0,1.0,6.0,3.0,3.0,3.0,3.0,3.0,13.0,1.0,3.0,2.0,11.0,2.0,3.0,0.0,2.0,3.0,0.0,90.48,53.85,0.0,100.0,33.33,54.17,83.33,100.0,0.5564644206909651,0.5286513766963243,1.0,26.0,0.6665640399999998,8.0,31.0,34.0,0.6450576199999999,134.0,28.306451612903228,68.2258064516129,2.540322580645161,96.53225806451611,2.540322580645161,0.0,1.814516129032258,0.3629032258064516,2.177419354838709,1.0887096774193548,1.0887096774193548,1.0887096774193548,1.0887096774193548,1.0887096774193548,4.717741935483871,0.3629032258064516,1.0887096774193548,0.7258064516129032,3.991935483870968,0.7258064516129032,1.0887096774193548,0.0,0.7258064516129032,1.0887096774193548,0.0,90.48,53.85,0.0,100.0,33.33,54.17,83.33,100.0,0.2019427333152696,0.1918492899301177,0.3629032258064516,9.435483870967742,0.2418982403225806,2.903225806451613,11.25,12.338709677419354,0.2340934911290322,48.62903225806452,DM/CM,89,100,86,94,94,50,72,94,86,75,92,89,78,78,64,81,44,81,100,36,100,36,25,58,53,75,50,36,97,61,75,100,94,83,89,64,100,100,100,94,100,100,94,94,100,89,100,94,50,78,100,83,72,94,89,83,83,78,83,44,89,100,39,100,36,28,67,53,75,50,36,97,61,75,100,94,78,94,67,100,100,100,94,100,100,94,Bundesliga
Bayern München,apoawtpvac4zqlancmvw4nk4o,b9g4qurpll4wizajo95c406hh,H. Kane,Harry Kane,33,Attacker,England,Striker,14.0,36.0,6.0,50.0,8.0,0.0,219.0,1.0,1.0,11.0,6.0,5.0,6.0,6.0,6.0,10.0,1.0,1.0,2.0,20.0,6.0,3.0,0.0,0.0,0.0,0.0,76.92,54.55,0.0,50.0,18.18,55.56,20.0,0.0,0.9950464013310968,0.6233670518353693,3.0,3.0,0.09405413,1.0,7.0,8.0,0.20160248,18.0,5.753424657534247,14.794520547945206,2.4657534246575343,20.54794520547945,3.2876712328767126,0.0,0.4109589041095891,0.4109589041095891,4.52054794520548,2.4657534246575343,2.054794520547945,2.4657534246575343,2.4657534246575343,2.4657534246575343,4.109589041095891,0.4109589041095891,0.4109589041095891,0.8219178082191781,8.219178082191782,2.4657534246575343,1.2328767123287672,0.0,0.0,0.0,0.0,76.92,54.55,0.0,50.0,18.18,55.56,20.0,0.0,0.4089231786292179,0.2561782404802888,1.2328767123287672,1.2328767123287672,0.0386523821917808,0.4109589041095891,2.876712328767124,3.2876712328767126,0.0828503342465753,7.397260273972603,ST,53,72,97,67,97,53,19,75,81,61,89,100,83,83,44,44,67,36,86,86,83,39,14,28,53,72,56,39,58,17,89,17,28,61,94,72,56,44,44,94,81,61,69,56,89,100,83,100,53,22,83,89,69,94,100,78,78,44,44,72,44,94,94,89,39,14,28,53,72,56,39,58,17,89,17,28,67,100,78,56,44,56,94,94,72,72,Bundesliga
Bayern München,apoawtpvac4zqlancmvw4nk4o,m2c4lckkcr7yilnqxrrsgh2i,M. Olise,Michael Olise,24,Midfielder,France,Midfielder,22.0,113.0,3.0,130.0,8.0,0.0,213.0,0.0,0.0,11.0,7.0,4.0,3.0,13.0,16.0,13.0,1.0,1.0,4.0,23.0,6.0,6.0,5.0,0.0,0.0,0.0,86.67,100.0,35.71,46.15,36.36,52.0,0.0,0.0,1.26019019758952,0.9965549345535808,5.0,21.0,0.59721707,3.0,14.0,16.0,0.9405252999999998,60.0,9.295774647887324,47.74647887323943,1.267605633802817,54.92957746478873,3.380281690140845,0.0,0.0,0.0,4.647887323943662,2.9577464788732395,1.6901408450704225,1.267605633802817,5.492957746478873,6.76056338028169,5.492957746478873,0.4225352112676056,0.4225352112676056,1.6901408450704225,9.71830985915493,2.535211267605634,2.535211267605634,2.112676056338028,0.0,0.0,0.0,86.67,100.0,35.71,46.15,36.36,52.0,0.0,0.0,0.5324747313758535,0.4210795498113722,2.112676056338028,8.873239436619718,0.2523452408450704,1.267605633802817,5.915492957746479,6.76056338028169,0.3974050563380281,25.352112676056336,RM/RCM,60,100,50,80,80,60,20,60,100,100,100,80,100,100,80,100,50,100,100,80,100,80,20,20,60,80,100,60,80,80,80,30,20,100,80,100,100,100,100,90,100,100,80,60,100,60,100,80,60,20,60,100,100,100,80,100,100,80,100,60,100,100,80,100,80,20,20,60,80,100,60,80,80,80,30,20,100,80,100,100,100,100,100,100,100,100,Bundesliga
Bayern München,apoawtpvac4zqlancmvw4nk4o,x4qyxhfr2vi007sazoqe5vit,D. Upamecano,Dayot Upamecano,27,Defender,France,Defender,101.0,154.0,4.0,255.0,1.0,0.0,270.0,11.0,0.0,3.0,3.0,0.0,0.0,3.0,3.0,23.0,1.0,6.0,1.0,4.0,1.0,3.0,0.0,16.0,6.0,0.0,91.4,40.0,0.0,100.0,33.33,71.88,78.57,75.0,0.4597619009513185,0.0760400439268613,0.0,8.0,0.17514065,4.0,43.0,36.0,0.7139070399999996,177.0,33.666666666666664,51.333333333333336,1.3333333333333333,85.0,0.3333333333333333,0.0,3.6666666666666665,0.0,1.0,1.0,0.0,0.0,1.0,1.0,7.666666666666667,0.3333333333333333,2.0,0.3333333333333333,1.3333333333333333,0.3333333333333333,1.0,0.0,5.333333333333333,2.0,0.0,91.4,40.0,0.0,100.0,33.33,71.88,78.57,75.0,0.1532539669837728,0.0253466813089537,0.0,2.6666666666666665,0.0583802166666666,1.3333333333333333,14.333333333333334,12.0,0.2379690133333332,59.0,CB,56,100,35,100,59,50,78,44,67,72,37,30,85,83,89,91,89,70,50,30,96,43,48,96,50,85,37,43,91,74,93,93,63,78,56,39,89,85,94,100,100,100,100,52,100,31,100,54,50,78,44,65,69,37,30,83,81,89,83,87,69,48,28,94,43,48,94,50,85,37,43,91,74,93,93,63,74,56,39,89,85,94,100,100,100,100,Bundesliga
Schalke 04,cz4a6wmzx2obyisadhgaccx7b,2qkesslfmzmgt7igvgosixg8a,A. Aouchiche,Adil Aouchiche,24,Midfielder,Algeria,Midfielder,22.0,30.0,2.0,50.0,6.0,0.0,259.0,3.0,0.0,8.0,4.0,4.0,1.0,3.0,3.0,7.0,1.0,5.0,5.0,6.0,1.0,1.0,2.0,5.0,2.0,0.0,75.76,33.33,20.0,33.33,62.5,33.33,42.86,100.0,0.8735138729150851,0.7243980516874962,2.0,3.0,0.10560568,1.0,6.0,7.0,0.42056384,24.0,7.644787644787645,10.424710424710424,0.694980694980695,17.374517374517374,2.0849420849420848,0.0,1.0424710424710424,0.0,2.77992277992278,1.38996138996139,1.38996138996139,0.3474903474903475,1.0424710424710424,1.0424710424710424,2.4324324324324325,0.3474903474903475,1.7374517374517375,1.7374517374517375,2.0849420849420848,0.3474903474903475,0.3474903474903475,0.694980694980695,1.7374517374517375,0.694980694980695,0.0,75.76,33.33,20.0,33.33,62.5,33.33,42.86,100.0,0.3035376392369021,0.2517213307022187,0.694980694980695,1.0424710424710424,0.0366969544401544,0.3474903474903475,2.0849420849420848,2.4324324324324325,0.1461418749034749,8.339768339768339,CM/AM,31,6,44,6,84,53,78,38,94,75,91,56,50,50,16,78,88,100,44,12,34,53,78,44,50,25,44,25,25,75,12,56,91,88,81,75,16,25,25,34,31,62,12,19,6,44,6,75,53,75,38,94,81,88,53,50,50,12,81,88,100,31,12,34,56,75,47,50,25,44,25,25,75,12,56,91,88,81,81,12,25,19,31,31,69,6,Bundesliga
Schalke 04,cz4a6wmzx2obyisadhgaccx7b,3ujlvpg5xlbtexe2h2oy5qcx5,N. Katić,Nikola Katic,29,Defender,Bosnia and Herzegovina,Defender,52.0,21.0,3.0,72.0,2.0,0.0,256.0,18.0,0.0,0.0,0.0,0.0,0.0,0.0,0.0,26.0,0.0,1.0,0.0,4.0,2.0,0.0,1.0,45.0,3.0,0.0,80.0,37.5,100.0,0.0,0.0,72.22,69.23,50.0,0.0,0.1263406236299608,0.0,4.0,0.32631812,0.0,3.0,3.0,0.10549731,46.0,18.28125,7.3828125,1.0546875,25.3125,0.703125,0.0,6.328125,0.0,0.0,0.0,0.0,0.0,0.0,0.0,9.140625,0.0,0.3515625,0.0,1.40625,0.703125,0.0,0.3515625,15.8203125,1.0546875,0.0,80.0,37.5,100.0,0.0,0.0,72.22,69.23,50.0,0.0,0.044416625494908,0.0,1.40625,0.1147212140625,0.0,1.0546875,1.0546875,0.037088898046875,16.171875,CB,15,9,19,15,87,50,96,44,9,17,37,30,22,22,100,41,15,31,50,54,30,91,100,61,50,15,33,98,30,31,96,72,24,9,74,39,78,100,26,20,19,19,22,15,11,19,15,81,50,96,44,9,17,37,30,22,22,100,41,15,31,59,67,30,89,100,59,50,15,33,98,30,31,96,72,24,9,78,39,81,100,26,22,19,15,22,Bundesliga
Schalke 04,cz4a6wmzx2obyisadhgaccx7b,4xybfmps23nlo5trvgstoftux,T. Becker,Timo Becker,29,Defender,Germany,Defender,48.0,24.0,6.0,72.0,0.0,0.0,270.0,10.0,0.0,0.0,0.0,0.0,0.0,0.0,0.0,19.0,0.0,3.0,0.0,0.0,1.0,0.0,0.0,25.0,8.0,0.0,70.59,28.57,0.0,0.0,0.0,70.37,76.92,100.0,0.0,0.0,0.0,0.0,0.0,0.0,0.0,0.0,0.0,0.0,16.0,8.0,2.0,24.0,0.0,0.0,3.333333333333333,0.0,0.0,0.0,0.0,0.0,0.0,0.0,6.333333333333333,0.0,1.0,0.0,0.0,0.3333333333333333,0.0,0.0,8.333333333333334,2.6666666666666665,0.0,70.59,28.57,0.0,0.0,0.0,70.37,76.92,100.0,0.0,0.0,0.0,0.0,0.0,0.0,0.0,0.0,0.0,0.0,RB/RCB,69,23,81,42,8,54,92,27,15,27,23,31,15,15,92,50,38,35,19,19,15,23,92,100,54,15,23,23,15,35,100,100,81,15,12,31,12,12,15,12,12,12,12,69,23,77,15,8,54,92,27,15,27,23,31,15,15,85,50,27,35,19,15,15,23,92,92,54,15,23,23,15,35,100,100,81,15,12,31,12,12,15,12,12,12,12,Bundesliga
Schalke 04,cz4a6wmzx2obyisadhgaccx7b,em3hp3y4xma6guuplqgpqf7c9,H. Kuruçay,Hasan Kuruçay,29,Defender,Türkiye,Defender,43.0,20.0,6.0,63.0,0.0,1.0,226.0,3.0,0.0,0.0,0.0,0.0,0.0,0.0,0.0,13.0,0.0,1.0,0.0,0.0,0.0,0.0,0.0,16.0,7.0,0.0,72.41,33.33,0.0,0.0,0.0,68.42,42.86,70.0,0.0,0.0,0.0,0.0,0.0,0.0,0.0,0.0,0.0,0.0,17.123893805309734,7.964601769911504,2.3893805309734515,25.08849557522124,0.0,0.3982300884955752,1.1946902654867255,0.0,0.0,0.0,0.0,0.0,0.0,0.0,5.176991150442478,0.0,0.3982300884955752,0.0,0.0,0.0,0.0,0.0,6.371681415929204,2.7876106194690267,0.0,72.41,33.33,0.0,0.0,0.0,68.42,42.86,70.0,0.0,0.0,0.0,0.0,0.0,0.0,0.0,0.0,0.0,0.0,LB/LCB,38,15,73,15,19,96,46,38,12,23,23,31,15,15,46,50,8,23,15,19,23,23,77,85,54,23,50,23,23,23,92,23,69,12,23,23,12,12,15,12,12,12,12,54,15,85,23,19,100,54,38,12,23,23,31,15,15,62,50,8,23,15,19,23,23,85,92,54,23,50,23,23,23,92,23,69,12,23,23,12,12,15,12,12,12,12,Bundesliga
Schalke 04,cz4a6wmzx2obyisadhgaccx7b,w83pbf7srb9c2wkqn01a75lg,S. El-Faouzi,Soufiane El-Faouzi,24,Midfielder,Morocco,Midfielder,37.0,36.0,1.0,72.0,2.0,0.0,270.0,1.0,0.0,5.0,2.0,3.0,0.0,7.0,7.0,19.0,0.0,5.0,3.0,3.0,3.0,5.0,1.0,4.0,5.0,0.0,66.06,9.09,33.33,71.43,60.0,44.19,11.11,50.0,0.3259408869332929,0.2739488282908943,1.0,6.0,0.18383495,3.0,7.0,5.0,0.4354235899999999,32.0,12.333333333333334,12.0,0.3333333333333333,24.0,0.6666666666666666,0.0,0.3333333333333333,0.0,1.6666666666666667,0.6666666666666666,1.0,0.0,2.333333333333333,2.333333333333333,6.333333333333333,0.0,1.6666666666666667,1.0,1.0,1.0,1.6666666666666667,0.3333333333333333,1.3333333333333333,1.6666666666666667,0.0,66.06,9.09,33.33,71.43,60.0,44.19,11.11,50.0,0.1086469623110976,0.0913162760969647,0.3333333333333333,2.0,0.0612783166666666,1.0,2.333333333333333,1.6666666666666667,0.1451411966666666,10.666666666666666,CM/AM,84,22,28,53,9,53,41,38,62,44,72,19,75,75,94,38,88,72,16,50,94,25,69,81,50,6,19,69,69,69,25,31,38,56,25,41,56,62,56,50,19,69,34,69,12,19,38,6,53,31,38,50,38,66,19,75,75,91,38,75,69,12,44,88,12,69,69,50,6,19,69,69,69,25,31,38,50,25,19,53,62,44,41,19,62,19,Bundesliga
Hamburger SV,75xi6hloabmnjn2kzgj1g8h1s,6rxd6ltpl30qmksb5fkwrl756,N. Capaldo,Nicolás Capaldo,28,Midfielder,Argentina,Midfielder,40.0,39.0,3.0,77.0,2.0,0.0,270.0,2.0,0.0,1.0,1.0,0.0,0.0,2.0,2.0,20.0,0.0,6.0,0.0,2.0,10.0,0.0,2.0,10.0,5.0,0.0,72.64,21.43,66.67,0.0,0.0,42.55,15.38,62.5,0.1388964980110149,0.2208087547512788,0.0,3.0,0.07832444,2.0,5.0,7.0,0.3048377799999999,50.0,13.333333333333334,13.0,1.0,25.666666666666668,0.6666666666666666,0.0,0.6666666666666666,0.0,0.3333333333333333,0.3333333333333333,0.0,0.0,0.6666666666666666,0.6666666666666666,6.666666666666667,0.0,2.0,0.0,0.6666666666666666,3.333333333333333,0.0,0.6666666666666666,3.333333333333333,1.6666666666666667,0.0,72.64,21.43,66.67,0.0,0.0,42.55,15.38,62.5,0.0462988326703383,0.0736029182504262,0.0,1.0,0.0261081466666666,0.6666666666666666,1.6666666666666667,2.333333333333333,0.1016125933333332,16.666666666666668,RM/RCM,80,60,50,60,20,60,60,60,20,20,30,20,40,30,100,50,100,40,20,100,30,50,100,80,60,40,20,80,30,40,60,60,60,20,20,30,50,40,70,50,40,40,60,80,60,40,60,20,60,60,60,20,20,30,20,40,20,100,50,100,40,20,100,30,50,100,80,60,40,20,80,30,40,60,60,60,20,20,30,40,40,70,40,40,40,60,Bundesliga
Hamburger SV,75xi6hloabmnjn2kzgj1g8h1s,849wrp9wm8cjyrbshlaukyz56,N. Remberg,Nicolai Remberg,26,Midfielder,Germany,Midfielder,68.0,57.0,2.0,125.0,1.0,0.0,270.0,5.0,0.0,1.0,0.0,1.0,0.0,1.0,1.0,11.0,0.0,5.0,1.0,3.0,3.0,0.0,0.0,9.0,3.0,0.0,89.93,66.67,0.0,0.0,100.0,52.38,62.5,100.0,0.0820370411487457,0.056524502041632,0.0,2.0,0.03932202,1.0,15.0,8.0,0.2587487899999999,67.0,22.666666666666668,19.0,0.6666666666666666,41.66666666666666,0.3333333333333333,0.0,1.6666666666666667,0.0,0.3333333333333333,0.0,0.3333333333333333,0.0,0.3333333333333333,0.3333333333333333,3.6666666666666665,0.0,1.6666666666666667,0.3333333333333333,1.0,1.0,0.0,0.0,3.0,1.0,0.0,89.93,66.67,0.0,0.0,100.0,52.38,62.5,100.0,0.0273456803829152,0.018841500680544,0.0,0.6666666666666666,0.01310734,0.3333333333333333,5.0,2.6666666666666665,0.0862495966666666,22.33333333333333,DM/CM,72,44,28,56,19,50,72,44,28,19,42,25,44,42,50,36,67,56,36,67,31,36,81,58,53,67,75,36,31,97,61,75,94,33,17,25,22,17,31,81,50,67,61,61,44,22,56,17,50,69,44,19,19,39,25,42,39,50,36,64,53,33,61,31,36,81,53,53,67,75,36,31,97,61,75,94,28,17,25,19,17,25,78,50,61,61,Bundesliga
Hamburger SV,75xi6hloabmnjn2kzgj1g8h1s,biuovem90utcyzda58nixtaay,A. Grønbæk,Albert Grønbæk,25,Midfielder,Denmark,Midfielder,31.0,48.0,6.0,77.0,3.0,0.0,270.0,0.0,0.0,3.0,0.0,3.0,1.0,8.0,8.0,19.0,0.0,1.0,2.0,4.0,8.0,4.0,2.0,0.0,6.0,0.0,76.24,60.0,15.38,50.0,66.67,54.29,0.0,85.71,0.1370663567650444,0.3406292132638804,2.0,6.0,0.17166715,5.0,7.0,10.0,0.4636892699999999,33.0,10.333333333333334,16.0,2.0,25.666666666666668,1.0,0.0,0.0,0.0,1.0,0.0,1.0,0.3333333333333333,2.6666666666666665,2.6666666666666665,6.333333333333333,0.0,0.3333333333333333,0.6666666666666666,1.3333333333333333,2.6666666666666665,1.3333333333333333,0.6666666666666666,0.0,2.0,0.0,76.24,60.0,15.38,50.0,66.67,54.29,0.0,85.71,0.0456887855883481,0.1135430710879601,0.6666666666666666,2.0,0.0572223833333333,1.6666666666666667,2.333333333333333,3.333333333333333,0.1545630899999999,11.0,CM/AM,56,56,88,62,28,53,16,38,25,16,72,56,84,81,94,38,28,59,25,100,81,53,6,97,50,31,62,19,44,84,69,16,75,19,44,75,56,56,84,50,66,75,44,50,47,88,50,19,53,16,38,19,16,66,38,81,81,91,38,19,56,25,100,81,44,6,94,50,31,62,19,44,84,69,16,75,19,38,69,53,56,81,41,56,75,25,Bundesliga
Hamburger SV,75xi6hloabmnjn2kzgj1g8h1s,fs5utga62tud5s06xj27qdat,J. Torunarigha,Jordan Torunarigha,29,Defender,Nigeria,Defender,79.0,17.0,7.0,96.0,0.0,0.0,217.0,6.0,0.0,0.0,0.0,0.0,0.0,0.0,0.0,8.0,0.0,4.0,0.0,0.0,0.0,0.0,0.0,19.0,0.0,0.0,83.48,46.67,0.0,0.0,0.0,33.33,46.15,0.0,0.0,0.0,0.0,0.0,0.0,0.0,0.0,0.0,0.0,0.0,32.764976958525345,7.050691244239632,2.903225806451613,39.81566820276498,0.0,0.0,2.4884792626728114,0.0,0.0,0.0,0.0,0.0,0.0,0.0,3.317972350230415,0.0,1.6589861751152075,0.0,0.0,0.0,0.0,0.0,7.880184331797236,0.0,0.0,83.48,46.67,0.0,0.0,0.0,33.33,46.15,0.0,0.0,0.0,0.0,0.0,0.0,0.0,0.0,0.0,0.0,0.0,LB/LCB,100,8,92,38,19,46,81,38,12,23,23,31,15,15,31,50,65,23,15,19,23,23,92,8,54,69,69,23,23,23,15,38,8,12,23,23,12,12,15,12,12,12,12,100,8,100,69,19,46,85,38,12,23,23,31,15,15,38,50,77,23,15,19,23,23,100,8,54,69,69,23,23,23,15,38,8,12,23,23,12,12,15,12,12,12,12,Bundesliga
RB Leipzig,9gefq4dz9b2hl8rqrxwrlrzmp,2uz1cmslnjjzsgfcgji26kqg9,D. Raum,David Raum,28,Defender,Germany,Defender,61.0,116.0,6.0,167.0,13.0,0.0,270.0,1.0,0.0,3.0,0.0,3.0,2.0,1.0,1.0,2.0,0.0,3.0,1.0,5.0,0.0,0.0,10.0,7.0,1.0,0.0,89.3,50.0,31.25,0.0,33.33,15.38,0.0,100.0,0.1341495278900661,1.3740141245133255,1.0,14.0,0.33235461,4.0,19.0,16.0,0.8740900000000006,75.0,20.33333333333333,38.66666666666666,2.0,55.66666666666666,4.333333333333333,0.0,0.3333333333333333,0.0,1.0,0.0,1.0,0.6666666666666666,0.3333333333333333,0.3333333333333333,0.6666666666666666,0.0,1.0,0.3333333333333333,1.6666666666666667,0.0,0.0,3.333333333333333,2.333333333333333,0.3333333333333333,0.0,89.3,50.0,31.25,0.0,33.33,15.38,0.0,100.0,0.0447165092966886,0.4580047081711085,0.3333333333333333,4.666666666666667,0.11078487,1.3333333333333333,6.333333333333333,5.333333333333333,0.2913633333333335,25.0,LB/LCB,77,100,73,100,100,46,15,38,73,23,92,88,31,31,8,50,38,65,73,19,23,96,31,19,54,85,81,92,23,54,8,12,100,46,92,58,92,85,81,100,88,92,100,77,100,65,100,100,46,12,38,65,23,92,81,31,31,8,50,38,54,73,19,23,92,31,19,54,85,81,92,23,54,8,12,100,46,92,54,92,85,81,100,88,92,100,Bundesliga
RB Leipzig,9gefq4dz9b2hl8rqrxwrlrzmp,4j9ug0ng9dhx6xwhdwx6fafx0,E. Banzuzi,Ezechiel Banzuzi,21,Midfielder,Netherlands,Midfielder,30.0,63.0,4.0,92.0,3.0,0.0,263.0,4.0,1.0,4.0,4.0,0.0,0.0,3.0,3.0,17.0,0.0,0.0,1.0,7.0,5.0,1.0,1.0,3.0,4.0,0.0,88.46,100.0,100.0,33.33,25.0,45.95,80.0,57.14,0.5816345567150507,0.2425360163072936,1.0,6.0,0.12278747,1.0,11.0,9.0,0.25982781,41.0,10.26615969581749,21.558935361216733,1.3688212927756656,31.482889733840302,1.0266159695817492,0.0,1.3688212927756656,0.3422053231939164,1.3688212927756656,1.3688212927756656,0.0,0.0,1.0266159695817492,1.0266159695817492,5.817490494296578,0.0,0.0,0.3422053231939164,2.3954372623574147,1.711026615969582,0.3422053231939164,0.3422053231939164,1.0266159695817492,1.3688212927756656,0.0,88.46,100.0,100.0,33.33,25.0,45.95,80.0,57.14,0.1990384414614242,0.0829971158466023,0.3422053231939164,2.0532319391634983,0.0420185258555133,0.3422053231939164,3.76425855513308,3.0798479087452475,0.0889144596958174,14.030418250950571,CM/AM,50,75,72,75,28,53,91,81,44,75,9,19,50,50,78,38,9,38,59,81,34,25,56,66,50,88,97,100,25,28,38,100,44,75,19,41,56,50,25,75,44,38,75,44,75,75,75,28,53,88,78,41,75,9,19,44,44,75,38,9,28,56,72,22,19,53,62,50,88,97,100,25,28,38,100,44,69,12,31,62,44,12,75,41,38,62,Bundesliga
RB Leipzig,9gefq4dz9b2hl8rqrxwrlrzmp,8mkkchf0ysdf78r0lncd73klw,A. Nusa,Antonio Nusa,21,Midfielder,Norway,Midfielder,14.0,56.0,2.0,68.0,5.0,0.0,252.0,0.0,2.0,8.0,6.0,2.0,0.0,15.0,16.0,21.0,2.0,0.0,5.0,14.0,8.0,9.0,2.0,0.0,2.0,0.0,76.4,40.0,33.33,60.0,62.5,60.0,0.0,50.0,0.6932914120474821,0.3816173874232721,6.0,11.0,0.3701290599999999,3.0,4.0,5.0,0.3239284499999999,25.0,5.0,20.0,0.7142857142857143,24.28571428571429,1.7857142857142858,0.0,0.0,0.7142857142857143,2.857142857142857,2.142857142857143,0.7142857142857143,0.0,5.357142857142858,5.714285714285714,7.500000000000001,0.7142857142857143,0.0,1.7857142857142858,5.0,2.857142857142857,3.2142857142857144,0.7142857142857143,0.0,0.7142857142857143,0.0,76.4,40.0,33.33,60.0,62.5,60.0,0.0,50.0,0.2476040757312436,0.13629192407974,2.142857142857143,3.928571428571429,0.1321889499999999,1.0714285714285714,1.4285714285714286,1.7857142857142858,0.1156887321428571,8.928571428571429,LM/LCM,33,100,33,33,100,67,33,100,100,100,83,33,100,100,67,100,33,100,100,100,100,33,33,67,67,100,100,100,50,100,33,33,100,100,67,100,100,100,67,33,50,33,33,33,100,33,33,100,67,33,100,100,100,100,33,100,100,100,100,33,100,100,100,100,33,33,67,67,100,100,100,50,100,33,33,100,100,100,100,100,100,100,33,67,33,33,Bundesliga
RB Leipzig,9gefq4dz9b2hl8rqrxwrlrzmp,eapihgte8ydc4g6hzygsx2e39,W. Orbán,Willi Orbán,33,Defender,Hungary,Defender,109.0,137.0,7.0,246.0,0.0,0.0,270.0,12.0,0.0,7.0,7.0,0.0,0.0,0.0,0.0,15.0,1.0,1.0,2.0,8.0,3.0,0.0,0.0,19.0,0.0,0.0,91.79,50.0,0.0,0.0,28.57,60.0,66.67,0.0,0.9701494774296816,0.0,0.0,9.0,0.17522602,5.0,31.0,29.0,0.4328968399999999,174.0,36.333333333333336,45.66666666666666,2.333333333333333,82.0,0.0,0.0,4.0,0.0,2.333333333333333,2.333333333333333,0.0,0.0,0.0,0.0,5.0,0.3333333333333333,0.3333333333333333,0.6666666666666666,2.6666666666666665,1.0,0.0,0.0,6.333333333333333,0.0,0.0,91.79,50.0,0.0,0.0,28.57,60.0,66.67,0.0,0.3233831591432272,0.0,0.0,3.0,0.0584086733333333,1.6666666666666667,10.333333333333334,9.666666666666666,0.1442989466666666,58.0,CB,74,96,56,96,20,50,81,44,100,100,37,30,22,22,57,91,15,91,93,80,30,43,59,6,50,89,56,43,30,70,37,65,6,100,22,39,93,89,100,96,96,89,96,70,96,56,96,20,50,81,44,100,100,37,30,22,22,52,83,9,83,93,74,30,43,57,6,50,89,56,43,30,70,37,65,6,100,22,39,93,89,100,96,96,85,96,Bundesliga
Freiburg,6k5zscdm9ufw0tguvzyjlp5hq,53nd6a4o02ebb0w2s12prijje,Y. Suzuki,Yuito Suzuki,24,Midfielder,Japan,Midfielder,21.0,51.0,1.0,72.0,4.0,0.0,240.0,1.0,0.0,6.0,5.0,1.0,1.0,9.0,9.0,6.0,3.0,1.0,4.0,10.0,2.0,3.0,0.0,1.0,0.0,0.0,90.0,100.0,0.0,33.33,66.67,27.27,50.0,0.0,0.9811524507782048,0.2246049905397079,1.0,5.0,0.12087314,3.0,9.0,6.0,0.19994965,39.0,7.875,19.125,0.375,27.0,1.5,0.0,0.375,0.0,2.25,1.875,0.375,0.375,3.375,3.375,2.25,1.125,0.375,1.5,3.75,0.75,1.125,0.0,0.375,0.0,0.0,90.0,100.0,0.0,33.33,66.67,27.27,50.0,0.0,0.3679321690418268,0.0842268714523904,0.375,1.875,0.0453274275,1.125,3.375,2.25,0.07498111875,14.625,CM/AM,22,69,28,53,56,53,41,38,78,91,38,56,94,91,6,100,28,88,75,28,69,6,22,6,50,94,97,6,25,84,6,69,6,94,12,41,41,44,56,62,25,19,66,25,69,31,56,56,53,44,38,75,88,31,62,94,94,6,100,31,88,75,25,75,6,19,6,50,94,97,6,25,84,6,69,6,94,19,38,44,50,62,62,25,19,75,Bundesliga
Freiburg,6k5zscdm9ufw0tguvzyjlp5hq,6a0w73agnkslcc6gea1jxxzvt,N. Beste,Niklas Beste,27,Midfielder,Germany,Midfielder,24.0,37.0,4.0,56.0,3.0,0.0,201.0,0.0,1.0,3.0,1.0,2.0,1.0,6.0,6.0,9.0,0.0,1.0,0.0,2.0,3.0,4.0,5.0,5.0,1.0,0.0,82.35,80.0,33.33,66.67,0.0,52.94,0.0,50.0,0.1377487329644799,0.4593497985438091,1.0,4.0,0.07958466,1.0,3.0,7.0,0.27368724,24.0,10.746268656716415,16.567164179104477,1.791044776119403,25.07462686567164,1.343283582089552,0.0,0.0,0.4477611940298507,1.343283582089552,0.4477611940298507,0.8955223880597015,0.4477611940298507,2.686567164179104,2.686567164179104,4.029850746268656,0.0,0.4477611940298507,0.0,0.8955223880597015,1.343283582089552,1.791044776119403,2.238805970149253,2.238805970149253,0.4477611940298507,0.0,82.35,80.0,33.33,66.67,0.0,52.94,0.0,50.0,0.0616785371482745,0.2056790142733473,0.4477611940298507,1.791044776119403,0.0356349223880597,0.4477611940298507,1.343283582089552,3.134328358208955,0.1225465253731343,10.746268656716415,RB/RCB,8,31,46,8,46,54,8,69,62,62,85,73,92,88,19,50,8,35,42,69,100,85,27,12,54,77,100,85,73,35,31,8,19,54,62,73,85,69,38,31,62,46,23,38,69,54,31,62,54,8,85,62,69,92,85,100,100,38,50,8,35,46,85,100,85,38,15,54,77,100,85,73,35,31,8,19,54,85,85,100,77,46,31,62,54,38,Bundesliga
Freiburg,6k5zscdm9ufw0tguvzyjlp5hq,6o2v57d92t1mejod24gmufcut,P. Lienhart,Philipp Lienhart,30,Defender,Austria,Defender,96.0,78.0,10.0,174.0,2.0,0.0,249.0,8.0,0.0,0.0,0.0,0.0,0.0,0.0,0.0,14.0,0.0,3.0,0.0,1.0,5.0,0.0,0.0,14.0,1.0,0.0,91.1,45.45,0.0,0.0,0.0,63.64,66.67,100.0,0.0,0.1573611865233999,0.0,11.0,0.22533249,2.0,28.0,22.0,0.4222658099999999,117.0,34.69879518072289,28.19277108433735,3.614457831325301,62.89156626506024,0.7228915662650602,0.0,2.891566265060241,0.0,0.0,0.0,0.0,0.0,0.0,0.0,5.0602409638554215,0.0,1.0843373493975903,0.0,0.3614457831325301,1.8072289156626504,0.0,0.0,5.0602409638554215,0.3614457831325301,0.0,91.1,45.45,0.0,0.0,0.0,63.64,66.67,100.0,0.0,0.0568775372976144,0.0,3.975903614457832,0.081445478313253,0.7228915662650602,10.120481927710845,7.951807228915663,0.1526261963855421,42.28915662650603,CB,48,85,78,74,87,50,59,44,9,17,37,30,22,22,50,41,48,31,22,93,30,43,31,24,50,78,44,43,30,31,52,65,94,9,89,39,96,93,76,93,91,85,78,56,93,81,89,89,50,59,44,9,17,37,30,22,22,56,41,48,31,26,93,30,43,41,37,50,78,44,43,30,31,52,65,94,9,89,39,96,93,78,93,93,89,81,Bundesliga
Freiburg,6k5zscdm9ufw0tguvzyjlp5hq,84mp3eqt1ckw107hwxpby9cd1,M. Ginter,Matthias Ginter,32,Defender,Germany,Defender,94.0,84.0,10.0,178.0,6.0,0.0,270.0,13.0,3.0,5.0,4.0,1.0,2.0,1.0,1.0,25.0,0.0,4.0,0.0,6.0,7.0,0.0,0.0,15.0,4.0,0.0,90.36,71.43,0.0,0.0,0.0,67.57,59.09,66.67,0.4932270051705812,0.3870826331101819,1.0,12.0,0.26393664,4.0,19.0,21.0,0.4579026999999997,122.0,31.33333333333333,28.0,3.333333333333333,59.333333333333336,2.0,0.0,4.333333333333333,1.0,1.6666666666666667,1.3333333333333333,0.3333333333333333,0.6666666666666666,0.3333333333333333,0.3333333333333333,8.333333333333334,0.0,1.3333333333333333,0.0,2.0,2.333333333333333,0.0,0.0,5.0,1.3333333333333333,0.0,90.36,71.43,0.0,0.0,0.0,67.57,59.09,66.67,0.164409001723527,0.1290275443700606,0.3333333333333333,4.0,0.08797888,1.3333333333333333,6.333333333333333,7.0,0.1526342333333332,40.66666666666666,CB,44,93,78,78,100,50,87,100,91,85,80,93,56,56,96,41,57,31,80,98,30,43,41,78,50,67,96,43,30,31,74,41,50,81,100,83,100,96,94,81,85,93,81,44,89,74,70,100,50,85,100,85,85,78,93,52,52,93,41,57,31,72,96,30,43,35,78,50,67,96,43,30,31,74,41,50,78,100,81,100,96,94,80,85,93,78,Bundesliga
Freiburg,6k5zscdm9ufw0tguvzyjlp5hq,bytrobr8rfp9zwbxzopr4vgno,D. Scherhant,Derry Scherhant,23,Attacker,Germany,Striker,11.0,33.0,0.0,41.0,6.0,0.0,231.0,1.0,1.0,7.0,1.0,6.0,4.0,10.0,10.0,7.0,0.0,1.0,1.0,16.0,1.0,2.0,3.0,2.0,2.0,0.0,77.36,0.0,21.43,20.0,14.29,26.92,33.33,66.67,0.2932749062730233,0.560836994674574,3.0,6.0,0.24594489,0.0,2.0,6.0,0.3487955599999999,16.0,4.285714285714286,12.857142857142856,0.0,15.974025974025972,2.3376623376623376,0.0,0.3896103896103896,0.3896103896103896,2.727272727272727,0.3896103896103896,2.3376623376623376,1.5584415584415583,3.896103896103896,3.896103896103896,2.727272727272727,0.0,0.3896103896103896,0.3896103896103896,6.233766233766233,0.3896103896103896,0.7792207792207791,1.1688311688311688,0.7792207792207791,0.7792207792207791,0.0,77.36,0.0,21.43,20.0,14.29,26.92,33.33,66.67,0.114262950495983,0.2185079200030807,1.1688311688311688,2.3376623376623376,0.0958226844155844,0.0,0.7792207792207791,2.3376623376623376,0.1358943740259739,6.233766233766233,LW,33,33,33,33,100,67,67,100,67,67,100,100,50,33,33,50,100,67,67,33,33,100,100,83,67,33,33,67,33,67,33,67,33,67,100,83,67,67,33,33,67,67,33,33,33,33,33,100,67,67,100,67,67,100,100,67,33,33,50,100,67,67,33,33,100,100,67,67,33,33,67,33,67,33,67,33,67,100,67,67,67,33,33,67,67,33,Bundesliga
Freiburg,6k5zscdm9ufw0tguvzyjlp5hq,cp5t077hogyhom0scrziguyju,J. Makengo,Jordy Makengo,25,Defender,France,Defender,57.0,60.0,4.0,117.0,2.0,0.0,270.0,4.0,1.0,1.0,0.0,1.0,0.0,3.0,3.0,15.0,0.0,4.0,1.0,5.0,8.0,1.0,0.0,10.0,1.0,0.0,82.39,50.0,0.0,33.33,100.0,60.0,50.0,50.0,0.044208495432764,0.2855192785524757,1.0,7.0,0.14629644,3.0,14.0,8.0,0.39555236,51.0,19.0,20.0,1.3333333333333333,39.0,0.6666666666666666,0.0,1.3333333333333333,0.3333333333333333,0.3333333333333333,0.0,0.3333333333333333,0.0,1.0,1.0,5.0,0.0,1.3333333333333333,0.3333333333333333,1.6666666666666667,2.6666666666666665,0.3333333333333333,0.0,3.333333333333333,0.3333333333333333,0.0,82.39,50.0,0.0,33.33,100.0,60.0,50.0,50.0,0.0147361651442546,0.0951730928508252,0.3333333333333333,2.333333333333333,0.04876548,1.0,4.666666666666667,2.6666666666666665,0.1318507866666666,17.0,LB/LCB,62,69,50,77,50,46,62,85,31,23,54,31,58,58,62,50,65,65,73,92,65,23,50,19,54,54,81,23,73,92,62,50,15,23,69,58,77,77,62,81,38,69,54,62,69,50,62,46,46,62,81,27,23,50,31,54,54,54,50,58,54,73,92,58,23,46,19,54,54,81,23,73,92,62,50,15,23,69,54,77,77,54,81,35,69,54,Bundesliga
Freiburg,6k5zscdm9ufw0tguvzyjlp5hq,dvhjw2ieemakzw9o56r6y4foq,I. Matanović,Igor Matanovic,23,Attacker,Croatia,Striker,7.0,26.0,3.0,33.0,3.0,0.0,241.0,12.0,1.0,13.0,7.0,6.0,4.0,11.0,11.0,26.0,3.0,1.0,7.0,11.0,5.0,8.0,0.0,11.0,1.0,0.0,66.0,100.0,0.0,72.73,53.85,63.41,60.0,100.0,1.2167725566196004,0.2760956897025358,4.0,3.0,0.25095276,1.0,5.0,4.0,0.20223634,16.0,2.6141078838174274,9.709543568464731,1.120331950207469,12.323651452282158,1.120331950207469,0.0,4.481327800829876,0.3734439834024896,4.854771784232366,2.6141078838174274,2.240663900414938,1.4937759336099583,4.107883817427386,4.107883817427386,9.709543568464731,1.120331950207469,0.3734439834024896,2.6141078838174274,4.107883817427386,1.867219917012448,2.987551867219917,0.0,4.107883817427386,0.3734439834024896,0.0,66.0,100.0,0.0,72.73,53.85,63.41,60.0,100.0,0.4543963904388549,0.1031062741627727,1.4937759336099583,1.120331950207469,0.0937167983402489,0.3734439834024896,1.867219917012448,1.4937759336099583,0.0755239443983402,5.975103734439834,ST,17,39,69,33,50,53,94,75,94,75,97,89,97,97,100,94,67,94,42,75,100,39,100,64,53,22,97,39,89,83,100,100,92,78,56,86,56,78,44,81,47,67,61,17,39,72,28,44,53,94,72,100,78,100,89,100,100,100,94,56,94,39,72,100,39,100,61,53,22,97,39,89,83,100,100,92,83,61,89,50,78,33,78,44,67,44,Bundesliga
Freiburg,6k5zscdm9ufw0tguvzyjlp5hq,f5ln82l8q7gvouj3zhsp5t4gl,M. Eggestein,Maximilian Eggestein,29,Midfielder,Germany,Midfielder,69.0,73.0,6.0,142.0,3.0,0.0,270.0,2.0,0.0,8.0,4.0,4.0,4.0,2.0,2.0,8.0,2.0,5.0,2.0,7.0,3.0,1.0,0.0,0.0,1.0,0.0,88.2,75.0,0.0,50.0,25.0,42.11,40.0,50.0,0.7091797748824606,0.1616632037825743,3.0,7.0,0.15468582,5.0,12.0,10.0,0.21320572,83.0,23.0,24.33333333333333,2.0,47.333333333333336,1.0,0.0,0.6666666666666666,0.0,2.6666666666666665,1.3333333333333333,1.3333333333333333,1.3333333333333333,0.6666666666666666,0.6666666666666666,2.6666666666666665,0.6666666666666666,1.6666666666666667,0.6666666666666666,2.333333333333333,1.0,0.3333333333333333,0.0,0.0,0.3333333333333333,0.0,88.2,75.0,0.0,50.0,25.0,42.11,40.0,50.0,0.2363932582941535,0.0538877345941914,1.0,2.333333333333333,0.05156194,1.6666666666666667,4.0,3.333333333333333,0.0710685733333333,27.666666666666668,DM/CM,78,67,75,83,69,50,50,44,97,86,100,97,64,64,28,97,67,81,75,67,72,36,6,25,53,50,86,36,81,50,28,47,36,89,56,100,83,78,94,50,61,44,72,72,67,75,72,67,50,44,44,97,78,100,97,61,61,28,94,64,75,75,61,64,36,6,19,53,50,86,36,81,50,28,47,36,83,56,100,83,78,89,44,56,44,67,Bundesliga
Freiburg,6k5zscdm9ufw0tguvzyjlp5hq,vzbmf6lqvbw398clnt7jyiqy,Y. Engelhardt,Yannik Engelhardt,25,Midfielder,Germany,Midfielder,44.0,66.0,2.0,110.0,0.0,0.0,262.0,7.0,0.0,6.0,4.0,2.0,1.0,4.0,4.0,13.0,2.0,2.0,3.0,5.0,4.0,1.0,0.0,2.0,1.0,0.0,83.97,66.67,0.0,25.0,50.0,48.15,58.33,100.0,0.7102047512685324,0.0,0.0,11.0,0.21380631,4.0,7.0,5.0,0.1741761399999999,61.0,15.114503816793894,22.67175572519084,0.6870229007633588,37.786259541984734,0.0,0.0,2.404580152671756,0.0,2.0610687022900764,1.3740458015267176,0.6870229007633588,0.3435114503816794,1.3740458015267176,1.3740458015267176,4.465648854961832,0.6870229007633588,0.6870229007633588,1.0305343511450382,1.717557251908397,1.3740458015267176,0.3435114503816794,0.0,0.6870229007633588,0.3435114503816794,0.0,83.97,66.67,0.0,25.0,50.0,48.15,58.33,100.0,0.2439634641762134,0.0,0.0,3.7786259541984735,0.0734449156488549,1.3740458015267176,2.404580152671756,1.717557251908397,0.0598314984732824,20.95419847328244,DM/CM,25,61,28,44,6,50,94,44,86,86,69,61,92,92,64,97,19,97,61,89,72,36,25,25,53,28,75,36,64,86,50,64,94,94,6,25,89,89,83,31,31,17,53,28,61,28,44,6,50,100,44,78,89,78,67,94,94,61,100,22,100,61,89,78,36,22,28,53,28,75,36,64,86,50,64,94,89,6,25,89,89,83,28,33,17,56,Bundesliga
Paderborn,62ljqd4za2a6svd9wgctg8b53,15zmp06runzqxogas99bj5aay,L. Ulrich,Laurin Ulrich,21,Midfielder,Germany,Midfielder,34.0,38.0,0.0,71.0,3.0,0.0,226.0,2.0,0.0,5.0,1.0,4.0,3.0,0.0,0.0,12.0,0.0,2.0,0.0,6.0,5.0,0.0,1.0,5.0,5.0,0.0,81.61,0.0,25.0,0.0,0.0,46.15,28.57,100.0,0.3063256797435031,0.2944526778873388,4.0,7.0,0.19902184,5.0,5.0,3.0,0.1009989499999999,35.0,13.539823008849558,15.132743362831858,0.0,28.274336283185843,1.1946902654867255,0.0,0.7964601769911505,0.0,1.991150442477876,0.3982300884955752,1.592920353982301,1.1946902654867255,0.0,0.0,4.778761061946903,0.0,0.7964601769911505,0.0,2.3893805309734515,1.991150442477876,0.0,0.3982300884955752,1.991150442477876,1.991150442477876,0.0,81.61,0.0,25.0,0.0,0.0,46.15,28.57,100.0,0.1219881025527224,0.117259915972834,1.592920353982301,2.7876106194690267,0.0792564849557522,1.991150442477876,1.991150442477876,1.1946902654867255,0.0402208207964601,13.938053097345133,CM/AM,69,38,9,44,28,53,62,38,62,31,91,91,9,9,56,38,53,12,44,81,9,25,78,81,50,50,9,38,9,12,44,44,91,50,31,97,72,75,84,22,12,6,56,88,31,9,69,38,53,69,38,69,31,94,94,9,9,62,38,56,12,50,88,9,25,81,88,50,50,9,38,9,12,44,44,91,56,44,94,69,75,88,19,12,6,56,Bundesliga
Paderborn,62ljqd4za2a6svd9wgctg8b53,3znd103smd5bsn5cblzagotbe,M. Hansen,Mattes Hansen,22,Defender,Germany,Midfielder,112.0,49.0,11.0,160.0,1.0,0.0,246.0,2.0,0.0,2.0,0.0,2.0,1.0,1.0,1.0,11.0,0.0,3.0,0.0,0.0,3.0,1.0,1.0,7.0,3.0,0.0,88.89,68.75,50.0,100.0,0.0,61.11,33.33,60.0,0.0794459788832487,0.1111573568153649,2.0,1.0,0.01689528,0.0,10.0,10.0,0.38215047,71.0,40.97560975609756,17.926829268292682,4.024390243902439,58.53658536585366,0.3658536585365853,0.0,0.7317073170731707,0.0,0.7317073170731707,0.0,0.7317073170731707,0.3658536585365853,0.3658536585365853,0.3658536585365853,4.024390243902439,0.0,1.0975609756097562,0.0,0.0,1.0975609756097562,0.3658536585365853,0.3658536585365853,2.5609756097560976,1.0975609756097562,0.0,88.89,68.75,50.0,100.0,0.0,61.11,33.33,60.0,0.0290656020304568,0.0406673256641578,0.7317073170731707,0.3658536585365853,0.0061811999999999,0.0,3.658536585365854,3.658536585365854,0.1398111475609756,25.97560975609756,CB,81,54,87,59,59,50,22,44,52,17,93,72,56,56,37,41,48,31,9,80,70,91,11,61,50,48,89,91,91,31,44,20,39,26,63,94,31,26,26,59,57,74,33,93,56,96,67,78,50,22,44,59,17,93,85,63,63,41,41,52,31,9,85,78,93,11,67,50,48,89,91,91,31,44,20,39,26,70,93,37,26,26,59,59,81,44,Bundesliga
Paderborn,62ljqd4za2a6svd9wgctg8b53,4212luiyivgvje1vm1ojieicq,G. Vidović,Gabriel Vidovic,22,Attacker,Croatia,Striker,60.0,53.0,6.0,113.0,1.0,0.0,247.0,0.0,0.0,0.0,0.0,0.0,0.0,10.0,11.0,9.0,0.0,0.0,0.0,1.0,3.0,5.0,0.0,0.0,1.0,0.0,90.4,100.0,0.0,50.0,0.0,42.86,0.0,100.0,0.0,0.0470688852668885,0.0,3.0,0.1139768199999999,1.0,6.0,5.0,0.1227476,44.0,21.86234817813765,19.31174089068826,2.1862348178137654,41.17408906882591,0.3643724696356275,0.0,0.0,0.0,0.0,0.0,0.0,0.0,3.643724696356276,4.008097165991903,3.279352226720648,0.0,0.0,0.0,0.3643724696356275,1.0931174089068827,1.8218623481781373,0.0,0.0,0.3643724696356275,0.0,90.4,100.0,0.0,50.0,0.0,42.86,0.0,100.0,0.0,0.0171506059676921,0.0,1.0931174089068827,0.0415300153846153,0.3643724696356275,2.1862348178137654,1.8218623481781373,0.0447258461538461,16.032388663967613,LW,100,67,100,67,33,67,33,50,33,33,33,33,50,67,67,50,50,33,33,83,67,33,50,33,67,100,100,33,100,33,100,33,83,33,33,33,33,33,67,100,33,33,100,100,67,100,67,33,67,33,50,33,33,33,33,33,67,67,50,50,33,33,67,67,33,50,33,67,100,100,33,100,33,100,33,83,33,33,33,33,33,67,100,33,33,67,Bundesliga
Paderborn,62ljqd4za2a6svd9wgctg8b53,8ykilmatoql1qvz5bwe0teove,T. Scheller,Tjark Scheller,24,Defender,Germany,Defender,131.0,38.0,4.0,169.0,1.0,0.0,270.0,10.0,0.0,1.0,1.0,0.0,0.0,3.0,4.0,19.0,0.0,2.0,0.0,5.0,2.0,2.0,0.0,22.0,4.0,0.0,88.48,28.57,0.0,66.67,0.0,65.52,62.5,80.0,0.1640491619543491,0.0437122013550855,0.0,3.0,0.06333723,1.0,5.0,3.0,0.19317999,102.0,43.66666666666666,12.666666666666666,1.3333333333333333,56.333333333333336,0.3333333333333333,0.0,3.333333333333333,0.0,0.3333333333333333,0.3333333333333333,0.0,0.0,1.0,1.3333333333333333,6.333333333333333,0.0,0.6666666666666666,0.0,1.6666666666666667,0.6666666666666666,0.6666666666666666,0.0,7.333333333333333,1.3333333333333333,0.0,88.48,28.57,0.0,66.67,0.0,65.52,62.5,80.0,0.054683053984783,0.0145707337850285,0.0,1.0,0.0211124099999999,0.3333333333333333,1.6666666666666667,1.0,0.06439333,34.0,CB,100,35,35,67,59,50,72,44,30,44,37,30,85,94,74,41,33,31,65,54,87,43,80,78,50,41,24,43,72,31,59,57,76,52,48,39,69,70,59,39,19,41,67,100,35,31,59,54,50,72,44,26,43,37,30,83,94,74,41,31,31,63,50,87,43,80,78,50,41,24,43,72,31,59,57,76,52,48,39,69,67,57,33,15,33,67,Bundesliga
Paderborn,62ljqd4za2a6svd9wgctg8b53,citk63ulb3h3xblhzpmuk78fe,L. Curda,Laurin Curda,24,Defender,Germany,Defender,25.0,46.0,5.0,70.0,5.0,0.0,247.0,14.0,0.0,4.0,3.0,1.0,0.0,4.0,4.0,27.0,0.0,3.0,0.0,8.0,5.0,1.0,1.0,19.0,5.0,0.0,73.68,41.67,11.11,25.0,0.0,62.79,73.68,71.43,0.2874269747383653,0.5214779238455535,2.0,4.0,0.12726997,3.0,9.0,9.0,0.4941851899999999,30.0,9.109311740890687,16.761133603238868,1.8218623481781373,25.506072874493928,1.8218623481781373,0.0,5.101214574898785,0.0,1.45748987854251,1.0931174089068827,0.3643724696356275,0.0,1.45748987854251,1.45748987854251,9.838056680161944,0.0,1.0931174089068827,0.0,2.91497975708502,1.8218623481781373,0.3643724696356275,0.3643724696356275,6.923076923076923,1.8218623481781373,0.0,73.68,41.67,11.11,25.0,0.0,62.79,73.68,71.43,0.1047304766253153,0.190012198972064,0.728744939271255,1.45748987854251,0.0463736732793522,1.0931174089068827,3.279352226720648,3.279352226720648,0.1800674781376517,10.931174089068826,RB/RCB,23,69,62,31,81,54,100,27,81,85,58,31,65,65,100,50,38,35,92,96,42,50,77,62,54,31,69,46,42,35,77,85,31,77,77,92,85,92,85,85,73,62,46,8,77,69,38,85,54,100,27,85,85,62,31,69,69,100,50,46,35,92,92,46,54,77,62,54,31,69,46,42,35,77,85,31,77,77,92,85,92,85,85,69,62,46,Bundesliga
Paderborn,62ljqd4za2a6svd9wgctg8b53,dgubl900t52nssngev6atayju,M. Pieringer,Marvin Pieringer,26,Attacker,Germany,Striker,26.0,22.0,1.0,48.0,2.0,0.0,261.0,4.0,0.0,4.0,2.0,2.0,2.0,3.0,3.0,8.0,0.0,0.0,1.0,10.0,2.0,0.0,0.0,4.0,0.0,0.0,81.36,50.0,0.0,0.0,25.0,22.22,40.0,0.0,0.2740947824259815,0.206188961608778,1.0,5.0,0.11305692,2.0,2.0,2.0,0.13099015,12.0,8.965517241379311,7.586206896551724,0.3448275862068966,16.551724137931036,0.6896551724137931,0.0,1.3793103448275863,0.0,1.3793103448275863,0.6896551724137931,0.6896551724137931,0.6896551724137931,1.0344827586206895,1.0344827586206895,2.7586206896551726,0.0,0.0,0.3448275862068966,3.4482758620689657,0.6896551724137931,0.0,0.0,1.3793103448275863,0.0,0.0,81.36,50.0,0.0,0.0,25.0,22.22,40.0,0.0,0.0945154422158557,0.0710996419340613,0.3448275862068966,1.7241379310344829,0.0389851448275862,0.6896551724137931,0.6896551724137931,0.6896551724137931,0.0451690172413793,4.137931034482759,ST,89,33,33,58,33,53,53,33,14,6,53,56,39,39,28,17,25,8,33,44,11,39,81,28,53,89,47,39,11,31,6,61,28,6,44,36,83,61,75,22,25,39,31,89,28,33,44,28,53,50,33,6,6,50,50,39,39,17,17,25,6,33,33,11,39,83,28,53,89,47,39,11,31,6,61,28,6,33,28,83,50,67,22,17,33,33,Bundesliga
Paderborn,62ljqd4za2a6svd9wgctg8b53,e1w7f2zm2yfn65qgj0by7une1,R. Obermair,Raphael Obermair,30,Midfielder,Philippines,Midfielder,41.0,40.0,3.0,77.0,4.0,0.0,270.0,2.0,0.0,2.0,0.0,2.0,1.0,5.0,6.0,9.0,0.0,8.0,0.0,2.0,0.0,3.0,4.0,7.0,1.0,0.0,76.24,27.27,19.05,60.0,0.0,64.29,50.0,25.0,0.095193250304533,0.3822620625851471,1.0,5.0,0.15308378,3.0,5.0,5.0,0.3860080999999999,39.0,13.666666666666666,13.333333333333334,1.0,25.666666666666668,1.3333333333333333,0.0,0.6666666666666666,0.0,0.6666666666666666,0.0,0.6666666666666666,0.3333333333333333,1.6666666666666667,2.0,3.0,0.0,2.6666666666666665,0.0,0.6666666666666666,0.0,1.0,1.3333333333333333,2.333333333333333,0.3333333333333333,0.0,76.24,27.27,19.05,60.0,0.0,64.29,50.0,25.0,0.0317310834348443,0.1274206875283823,0.3333333333333333,1.6666666666666667,0.0510279266666666,1.0,1.6666666666666667,1.6666666666666667,0.1286693666666666,13.0,LM/LCM,100,33,83,100,67,67,83,33,50,33,83,83,33,33,33,50,67,50,33,33,33,100,67,33,67,67,33,33,50,50,67,83,33,33,100,67,67,67,67,67,50,100,67,100,33,83,100,67,67,83,33,50,33,67,83,33,33,33,50,67,50,33,33,33,100,67,33,67,67,33,33,50,50,67,83,33,33,67,67,67,67,50,67,33,100,67,Bundesliga
Paderborn,62ljqd4za2a6svd9wgctg8b53,tq9adw3zd9lzucm2zq6xdhey,J. ter Horst,Jano ter Horst,24,Defender,Germany,Defender,103.0,38.0,5.0,140.0,1.0,0.0,262.0,7.0,0.0,1.0,0.0,1.0,0.0,1.0,2.0,15.0,0.0,8.0,0.0,0.0,2.0,1.0,1.0,23.0,1.0,0.0,84.85,35.71,100.0,100.0,0.0,57.69,58.33,20.0,0.0343479387266504,0.1069588218233675,1.0,4.0,0.07807319,1.0,2.0,3.0,0.25421762,73.0,35.38167938931298,13.053435114503817,1.717557251908397,48.09160305343512,0.3435114503816794,0.0,2.404580152671756,0.0,0.3435114503816794,0.0,0.3435114503816794,0.0,0.3435114503816794,0.6870229007633588,5.152671755725191,0.0,2.748091603053436,0.0,0.0,0.6870229007633588,0.3435114503816794,0.3435114503816794,7.900763358778626,0.3435114503816794,0.0,84.85,35.71,100.0,100.0,0.0,57.69,58.33,20.0,0.0117989102496127,0.0367415800156605,0.3435114503816794,1.3740458015267176,0.0268190347328244,0.3435114503816794,0.6870229007633588,1.0305343511450382,0.0873266633587786,25.0763358778626,RB/RCB,100,38,62,100,23,54,73,27,38,27,58,31,31,35,62,50,100,35,19,38,42,50,85,12,54,85,54,100,92,35,62,62,8,31,31,73,85,54,38,23,23,38,100,100,31,46,100,23,54,77,27,31,27,46,31,31,31,62,50,100,35,19,38,31,46,85,8,54,85,54,100,92,35,62,62,8,31,31,69,77,62,38,23,23,38,100,Bundesliga
Paderborn,62ljqd4za2a6svd9wgctg8b53,zj59uztnn42yuyawd39evp0q,S. Castañeda,Santiago Castañeda,21,Midfielder,USA,Midfielder,83.0,44.0,4.0,127.0,2.0,0.0,270.0,5.0,0.0,3.0,2.0,1.0,0.0,0.0,1.0,13.0,0.0,8.0,1.0,6.0,3.0,0.0,0.0,22.0,3.0,0.0,86.99,40.0,0.0,0.0,33.33,46.43,62.5,50.0,0.2220813657088891,0.070749674638507,1.0,5.0,0.10858417,3.0,5.0,2.0,0.1979462599999999,49.0,27.666666666666668,14.666666666666666,1.3333333333333333,42.333333333333336,0.6666666666666666,0.0,1.6666666666666667,0.0,1.0,0.6666666666666666,0.3333333333333333,0.0,0.0,0.3333333333333333,4.333333333333333,0.0,2.6666666666666665,0.3333333333333333,2.0,1.0,0.0,0.0,7.333333333333333,1.0,0.0,86.99,40.0,0.0,0.0,33.33,46.43,62.5,50.0,0.074027121902963,0.0235832248795023,0.3333333333333333,1.6666666666666667,0.0361947233333333,1.0,1.6666666666666667,0.6666666666666666,0.0659820866666666,16.333333333333332,DM/CM,94,28,56,67,47,50,72,44,53,64,42,25,17,42,64,36,92,56,67,67,31,36,100,58,53,39,33,36,31,61,39,75,36,50,22,64,69,72,67,8,6,28,31,89,28,50,67,42,50,69,44,50,64,39,25,17,39,56,36,92,53,67,61,31,36,100,53,53,39,33,36,31,61,39,75,36,50,22,56,58,72,64,8,6,22,28,Bundesliga
Elversberg,cig09m7g3wx983agnqgovggoh,15iz2a4rfw054ti9gb5q95w16,L. Pinckert,Lukas Pinckert,26,Defender,Germany,Defender,87.0,21.0,3.0,108.0,1.0,0.0,270.0,9.0,1.0,0.0,0.0,0.0,0.0,0.0,0.0,12.0,0.0,4.0,0.0,0.0,2.0,0.0,0.0,28.0,2.0,0.0,87.1,25.0,0.0,0.0,0.0,46.15,56.25,100.0,0.0,0.0,0.0,0.0,0.0,0.0,0.0,0.0,0.0,0.0,29.0,7.0,1.0,36.0,0.3333333333333333,0.0,3.0,0.3333333333333333,0.0,0.0,0.0,0.0,0.0,0.0,4.0,0.0,1.3333333333333333,0.0,0.0,0.6666666666666666,0.0,0.0,9.333333333333334,0.6666666666666666,0.0,87.1,25.0,0.0,0.0,0.0,46.15,56.25,100.0,0.0,0.0,0.0,0.0,0.0,0.0,0.0,0.0,0.0,0.0,RB/RCB,92,15,27,77,23,54,85,69,15,27,23,31,15,15,50,50,73,35,19,38,15,23,100,31,54,100,12,23,15,35,15,54,81,15,12,31,12,12,15,12,12,12,12,92,8,15,77,15,54,85,58,15,27,23,31,15,15,31,50,62,35,19,31,15,23,100,23,54,100,12,23,15,35,15,54,81,15,12,31,12,12,15,12,12,12,12,Bundesliga
Elversberg,cig09m7g3wx983agnqgovggoh,1wnemsdjzdpyhmt2liu05mtxw,D. Mokwa,David Mokwa,22,Attacker,France,Striker,12.0,10.0,0.0,22.0,3.0,0.0,236.0,0.0,0.0,4.0,3.0,1.0,0.0,5.0,5.0,5.0,2.0,1.0,2.0,5.0,2.0,2.0,0.0,1.0,0.0,0.0,78.57,0.0,0.0,40.0,50.0,31.25,0.0,0.0,0.6641123844776216,0.1914404636165105,1.0,1.0,0.02756312,1.0,2.0,2.0,0.1087222299999999,7.0,4.576271186440678,3.8135593220338975,0.0,8.389830508474576,1.1440677966101696,0.0,0.0,0.0,1.5254237288135593,1.1440677966101696,0.3813559322033898,0.0,1.9067796610169487,1.9067796610169487,1.9067796610169487,0.7627118644067796,0.3813559322033898,0.7627118644067796,1.9067796610169487,0.7627118644067796,0.7627118644067796,0.0,0.3813559322033898,0.0,0.0,78.57,0.0,0.0,40.0,50.0,31.25,0.0,0.0,0.2532631974702794,0.0730069564639235,0.3813559322033898,0.3813559322033898,0.0105113593220338,0.3813559322033898,0.7627118644067796,0.7627118644067796,0.0414618673728813,2.669491525423729,ST,44,6,17,17,50,53,8,33,14,14,36,11,67,61,6,72,67,36,8,44,58,39,28,28,53,78,17,39,42,72,28,8,28,44,39,36,19,17,44,22,25,28,11,44,6,17,11,50,53,8,33,11,11,39,11,67,67,6,67,67,33,6,44,50,39,28,28,53,78,17,39,42,72,28,8,28,33,39,44,17,17,44,28,28,22,6,Bundesliga
Elversberg,cig09m7g3wx983agnqgovggoh,3abavmbqh6vt0xgcx6zo4mgru,L. Petkov,Lukas Petkov,25,Attacker,Bulgaria,Striker,16.0,19.0,4.0,32.0,4.0,0.0,263.0,3.0,1.0,4.0,2.0,2.0,1.0,10.0,10.0,20.0,1.0,2.0,3.0,5.0,5.0,2.0,3.0,6.0,7.0,0.0,59.26,66.67,42.86,20.0,75.0,40.82,37.5,70.0,0.2769366834076999,0.5099002242908461,1.0,1.0,0.02756312,1.0,4.0,6.0,0.74457525,15.0,5.475285171102662,6.501901140684411,1.3688212927756656,10.950570342205324,1.3688212927756656,0.0,1.0266159695817492,0.3422053231939164,1.3688212927756656,0.6844106463878328,0.6844106463878328,0.3422053231939164,3.422053231939164,3.422053231939164,6.844106463878328,0.3422053231939164,0.6844106463878328,1.0266159695817492,1.711026615969582,1.711026615969582,0.6844106463878328,1.0266159695817492,2.0532319391634983,2.3954372623574147,0.0,59.26,66.67,42.86,20.0,75.0,40.82,37.5,70.0,0.0947692072497832,0.1744905710500994,0.3422053231939164,0.3422053231939164,0.0094322463878327,0.3422053231939164,1.3688212927756656,2.0532319391634983,0.2547976140684411,5.133079847908745,RW,100,50,100,50,50,75,50,50,50,50,75,50,50,50,100,75,50,75,50,100,75,75,100,100,75,50,100,100,100,100,100,50,50,100,100,75,50,50,50,100,75,100,50,100,50,100,50,50,75,50,50,50,50,100,50,50,50,100,100,50,100,50,100,100,100,100,100,75,50,100,100,100,100,100,50,50,100,100,100,50,50,50,100,100,100,50,Bundesliga
Elversberg,cig09m7g3wx983agnqgovggoh,3vc4cabxofay0sdv7e1ym663u,L. Günther,Lasse Günther,23,Defender,Germany,Defender,26.0,23.0,0.0,49.0,3.0,0.0,255.0,2.0,0.0,1.0,1.0,0.0,0.0,4.0,5.0,8.0,0.0,2.0,1.0,4.0,3.0,1.0,0.0,10.0,2.0,0.0,62.03,0.0,0.0,25.0,100.0,42.11,66.67,66.67,0.0699286711777695,0.2330940360627758,0.0,4.0,0.09106206,3.0,5.0,5.0,0.1123026199999999,26.0,9.176470588235292,8.117647058823529,0.0,17.294117647058822,1.0588235294117647,0.0,0.7058823529411764,0.0,0.3529411764705882,0.3529411764705882,0.0,0.0,1.4117647058823528,1.7647058823529411,2.8235294117647056,0.0,0.7058823529411764,0.3529411764705882,1.4117647058823528,1.0588235294117647,0.3529411764705882,0.0,3.5294117647058822,0.7058823529411764,0.0,62.03,0.0,0.0,25.0,100.0,42.11,66.67,66.67,0.0246807074745068,0.0822684833162738,0.0,1.4117647058823528,0.0321395505882352,1.0588235294117647,1.7647058823529411,1.7647058823529411,0.0396362188235293,9.176470588235292,LB/LCB,15,23,15,8,69,46,31,38,31,69,23,31,81,88,31,50,19,65,54,77,65,23,50,38,54,8,15,23,50,92,31,81,54,31,54,23,54,46,62,23,23,23,23,15,23,15,8,77,46,31,38,38,92,23,31,85,92,31,50,23,85,62,77,85,23,54,46,54,8,15,23,50,92,31,81,54,31,62,23,62,54,69,23,23,23,23,Bundesliga
Elversberg,cig09m7g3wx983agnqgovggoh,7dcl84ahs5b2kjzaipai5ikno,F. Keidel,Felix Keidel,23,Defender,Germany,Defender,32.0,29.0,4.0,61.0,1.0,0.0,253.0,0.0,0.0,2.0,0.0,2.0,1.0,5.0,5.0,9.0,1.0,6.0,1.0,0.0,2.0,3.0,0.0,5.0,3.0,1.0,78.21,80.0,0.0,60.0,50.0,47.37,0.0,75.0,0.1294383931461533,0.092562934547772,0.0,0.0,0.0,1.0,4.0,6.0,0.13566076,26.0,11.383399209486166,10.316205533596838,1.4229249011857708,21.699604743083004,0.3557312252964427,0.0,0.0,0.0,0.7114624505928854,0.0,0.7114624505928854,0.3557312252964427,1.7786561264822136,1.7786561264822136,3.2015810276679844,0.3557312252964427,2.134387351778656,0.3557312252964427,0.0,0.7114624505928854,1.067193675889328,0.0,1.7786561264822136,1.067193675889328,0.3557312252964427,78.21,80.0,0.0,60.0,50.0,47.37,0.0,75.0,0.0460452781942837,0.0329275261237133,0.0,0.0,0.0,0.3557312252964427,1.4229249011857708,2.134387351778656,0.0482587683794466,9.24901185770751,CB,11,26,35,11,59,50,4,44,52,17,93,72,100,100,24,91,89,70,9,54,96,43,7,61,100,11,100,43,67,91,26,4,63,44,59,39,13,13,59,30,46,30,19,11,26,41,11,74,50,4,44,56,17,89,81,100,100,26,96,93,78,9,70,100,43,7,63,100,11,100,43,67,91,26,4,63,48,59,39,13,13,67,30,48,30,19,Bundesliga
Elversberg,cig09m7g3wx983agnqgovggoh,bhshqnrzmdjbqhtr8rcy7tca2,M. Rohr,Maximilian Rohr,31,Defender,Germany,Defender,110.0,21.0,2.0,131.0,0.0,0.0,262.0,2.0,0.0,1.0,1.0,0.0,0.0,0.0,0.0,6.0,0.0,5.0,0.0,2.0,3.0,0.0,0.0,15.0,1.0,0.0,85.62,13.33,0.0,0.0,0.0,35.29,25.0,100.0,0.1298550525931251,0.0,0.0,2.0,0.03608883,0.0,4.0,5.0,0.1235389999999999,53.0,37.786259541984734,7.213740458015267,0.6870229007633588,45.0,0.0,0.0,0.6870229007633588,0.0,0.3435114503816794,0.3435114503816794,0.0,0.0,0.0,0.0,2.0610687022900764,0.0,1.717557251908397,0.0,0.6870229007633588,1.0305343511450382,0.0,0.0,5.152671755725191,0.3435114503816794,0.0,85.62,13.33,0.0,0.0,0.0,35.29,25.0,100.0,0.0446066974556536,0.0,0.0,0.6870229007633588,0.0123969263358778,0.0,1.3740458015267176,1.717557251908397,0.0424370610687022,18.206106870229007,CB,78,9,11,39,20,50,22,44,30,44,37,30,22,22,13,41,72,31,31,80,30,43,41,24,50,22,7,43,30,31,11,15,94,48,22,39,52,41,26,30,37,26,26,78,7,11,46,20,50,19,44,41,56,37,30,22,22,15,41,78,31,33,81,30,43,44,33,50,22,7,43,30,31,11,15,94,44,22,39,56,41,26,26,37,26,26,Bundesliga
Elversberg,cig09m7g3wx983agnqgovggoh,ci4pwzieoc94uj3i1371bsatx,J. Gyamerah,Jan Gyamerah,31,Defender,Ghana,Defender,49.0,20.0,3.0,69.0,1.0,0.0,253.0,4.0,0.0,1.0,1.0,0.0,0.0,4.0,4.0,17.0,0.0,3.0,0.0,2.0,3.0,1.0,0.0,6.0,7.0,0.0,80.23,42.86,0.0,25.0,0.0,54.84,66.67,77.78,0.0753473294724501,0.0331829527083247,0.0,2.0,0.04336653,0.0,6.0,5.0,0.1064852099999999,32.0,17.43083003952569,7.114624505928854,1.067193675889328,24.545454545454547,0.3557312252964427,0.0,1.4229249011857708,0.0,0.3557312252964427,0.3557312252964427,0.0,0.0,1.4229249011857708,1.4229249011857708,6.047430830039526,0.0,1.067193675889328,0.0,0.7114624505928854,1.067193675889328,0.3557312252964427,0.0,2.134387351778656,2.490118577075099,0.0,80.23,42.86,0.0,25.0,0.0,54.84,66.67,77.78,0.0268033978360494,0.0118042124258862,0.0,0.7114624505928854,0.0154268288537549,0.0,2.134387351778656,1.7786561264822136,0.0378801142292489,11.383399209486166,RB/RCB,77,8,27,23,23,54,58,27,38,62,23,31,65,65,69,50,38,35,42,69,42,23,38,85,54,62,77,23,42,35,46,73,50,46,23,31,35,31,15,62,46,23,54,77,15,23,23,31,54,54,27,38,54,23,31,62,62,77,50,38,35,38,69,38,23,31,77,54,62,77,23,42,35,46,73,50,46,23,31,38,31,15,69,46,23,54,Bundesliga
Elversberg,cig09m7g3wx983agnqgovggoh,d49iskrm33kt3vlxy4q85m0ru,Ł. Poręba,Lukasz Poreba,26,Midfielder,Poland,Midfielder,55.0,28.0,0.0,83.0,1.0,1.0,270.0,0.0,0.0,0.0,0.0,0.0,0.0,0.0,0.0,5.0,0.0,4.0,0.0,0.0,2.0,0.0,0.0,9.0,1.0,0.0,91.21,0.0,0.0,0.0,0.0,31.25,0.0,33.33,0.0,0.0454217652527397,0.0,2.0,0.03867417,1.0,5.0,3.0,0.0796211699999999,35.0,18.33333333333333,9.333333333333334,0.0,27.666666666666668,0.3333333333333333,0.3333333333333333,0.0,0.0,0.0,0.0,0.0,0.0,0.0,0.0,1.6666666666666667,0.0,1.3333333333333333,0.0,0.0,0.6666666666666666,0.0,0.0,3.0,0.3333333333333333,0.0,91.21,0.0,0.0,0.0,0.0,31.25,0.0,33.33,0.0,0.0151405884175799,0.0,0.6666666666666666,0.01289139,0.3333333333333333,1.6666666666666667,1.0,0.0265403899999999,11.666666666666666,DM/CM,53,6,6,17,19,100,14,44,8,19,17,25,17,14,8,36,56,22,8,36,31,36,81,25,53,83,6,36,31,22,6,17,17,8,11,25,22,11,31,8,14,6,17,44,6,6,17,17,100,14,44,8,19,17,25,17,14,6,36,50,22,8,31,31,36,81,19,53,83,6,36,31,22,6,17,17,8,11,25,19,11,25,8,11,6,11,Bundesliga
Werder Bremen,cu0eztmjcsbydyp53aleznorw,1psr9ra8k9j4r94p1xixagzbp,A. Pieper,Amos Pieper,28,Defender,Germany,Defender,114.0,56.0,12.0,170.0,0.0,0.0,270.0,6.0,0.0,4.0,1.0,3.0,2.0,0.0,0.0,16.0,0.0,5.0,1.0,1.0,2.0,0.0,0.0,20.0,5.0,0.0,89.47,52.17,0.0,0.0,25.0,72.73,60.0,62.5,0.3237562540840164,0.0,3.0,2.0,0.0427186799999999,1.0,11.0,17.0,0.27988581,116.0,38.0,18.666666666666668,4.0,56.66666666666666,0.0,0.0,2.0,0.0,1.3333333333333333,0.3333333333333333,1.0,0.6666666666666666,0.0,0.0,5.333333333333333,0.0,1.6666666666666667,0.3333333333333333,0.3333333333333333,0.6666666666666666,0.0,0.0,6.666666666666667,1.6666666666666667,0.0,89.47,52.17,0.0,0.0,25.0,72.73,60.0,62.5,0.1079187513613388,0.0,1.0,0.6666666666666666,0.0142395599999999,0.3333333333333333,3.6666666666666665,5.666666666666667,0.09329527,38.66666666666666,CB,85,63,96,70,20,50,43,44,78,44,100,93,22,22,63,41,72,70,22,54,30,43,67,87,50,52,67,43,30,65,100,48,44,67,22,100,52,52,59,65,81,67,74,81,63,91,63,20,50,41,44,78,43,100,93,22,22,63,41,67,69,20,50,30,43,63,85,50,52,67,43,30,65,100,48,44,63,22,100,46,52,57,65,81,67,74,Bundesliga
Werder Bremen,cu0eztmjcsbydyp53aleznorw,3ia67tz2wkwnl35dszw841xxw,Chuki,Iván San José Cantalejo,22,Midfielder,Spain,Midfielder,21.0,49.0,1.0,66.0,4.0,0.0,263.0,1.0,1.0,4.0,3.0,1.0,1.0,1.0,2.0,10.0,0.0,1.0,1.0,8.0,3.0,1.0,4.0,2.0,2.0,0.0,76.74,20.0,30.77,100.0,25.0,52.63,20.0,40.0,0.2830365854721803,0.5286266359979537,2.0,4.0,0.11382845,3.0,7.0,10.0,0.24910982,34.0,7.186311787072244,16.768060836501903,0.3422053231939164,22.58555133079848,1.3688212927756656,0.0,0.3422053231939164,0.3422053231939164,1.3688212927756656,1.0266159695817492,0.3422053231939164,0.3422053231939164,0.3422053231939164,0.6844106463878328,3.422053231939164,0.0,0.3422053231939164,0.3422053231939164,2.737642585551331,1.0266159695817492,0.3422053231939164,1.3688212927756656,0.6844106463878328,0.6844106463878328,0.0,76.74,20.0,30.77,100.0,25.0,52.63,20.0,40.0,0.09685662620721,0.1808988488205925,0.6844106463878328,1.3688212927756656,0.0389527015209125,1.0266159695817492,2.3954372623574147,3.422053231939164,0.0852467064638783,11.634980988593156,CM/AM,22,62,28,38,56,53,41,81,44,59,38,56,28,38,38,38,28,38,69,50,34,78,41,44,50,38,28,44,91,28,50,38,31,44,75,75,28,38,56,50,66,25,50,6,62,25,19,44,53,38,78,41,56,19,44,19,38,31,38,25,28,69,50,22,75,38,38,50,38,28,44,91,28,50,38,31,44,62,75,28,38,53,50,62,25,44,Bundesliga
Werder Bremen,cu0eztmjcsbydyp53aleznorw,5wn1xudozb4s78x0m8ch7vn8q,O. Deman,Olivier Deman,26,Defender,Belgium,Defender,58.0,49.0,6.0,106.0,0.0,0.0,270.0,3.0,0.0,3.0,1.0,2.0,0.0,3.0,3.0,18.0,0.0,3.0,3.0,2.0,0.0,1.0,1.0,14.0,11.0,0.0,83.46,37.5,11.11,33.33,100.0,62.07,75.0,78.57,0.1805821792400701,0.0,2.0,2.0,0.0361540699999999,0.0,11.0,16.0,0.3377792,41.0,19.33333333333333,16.333333333333332,2.0,35.333333333333336,0.0,0.0,1.0,0.0,1.0,0.3333333333333333,0.6666666666666666,0.0,1.0,1.0,6.0,0.0,1.0,1.0,0.6666666666666666,0.0,0.3333333333333333,0.3333333333333333,4.666666666666667,3.6666666666666665,0.0,83.46,37.5,11.11,33.33,100.0,62.07,75.0,78.57,0.06019405974669,0.0,0.6666666666666666,0.6666666666666666,0.0120513566666666,0.0,3.6666666666666665,5.333333333333333,0.1125930666666666,13.666666666666666,LB/LCB,69,46,73,54,19,46,46,38,73,69,77,31,58,58,73,50,38,100,31,19,65,54,69,100,54,62,62,46,73,92,69,100,85,69,23,85,27,31,15,69,88,54,38,69,46,65,46,19,46,38,38,65,54,69,31,54,54,73,50,38,100,31,19,58,54,69,100,54,62,62,46,73,92,69,100,85,69,23,77,27,31,15,69,88,54,38,Bundesliga
Werder Bremen,cu0eztmjcsbydyp53aleznorw,6qj9kdcrum9mqla72ytoojje1,M. Grüll,Marco Grüll,28,Attacker,Austria,Striker,27.0,38.0,3.0,62.0,6.0,0.0,265.0,1.0,2.0,8.0,4.0,4.0,2.0,5.0,5.0,23.0,1.0,6.0,2.0,13.0,7.0,3.0,3.0,4.0,8.0,0.0,74.7,75.0,21.43,60.0,25.0,60.53,25.0,66.67,0.4708376256272505,0.6175627872424446,4.0,12.0,0.31225177,3.0,4.0,9.0,0.38467167,27.0,9.169811320754716,12.90566037735849,1.018867924528302,21.056603773584904,2.037735849056604,0.0,0.3396226415094339,0.6792452830188679,2.7169811320754715,1.3584905660377358,1.3584905660377358,0.6792452830188679,1.6981132075471697,1.6981132075471697,7.811320754716981,0.3396226415094339,2.037735849056604,0.6792452830188679,4.415094339622641,2.3773584905660377,1.018867924528302,1.018867924528302,1.3584905660377358,2.7169811320754715,0.0,74.7,75.0,21.43,60.0,25.0,60.53,25.0,66.67,0.1599071181375567,0.2097383051012075,1.3584905660377358,4.075471698113208,0.1060477709433962,1.018867924528302,1.3584905660377358,3.056603773584905,0.1306432086792452,9.169811320754716,ST,97,83,69,92,86,53,19,94,56,28,83,56,67,61,94,44,100,36,58,97,83,94,81,100,53,67,78,89,72,31,94,28,75,17,89,86,89,89,89,58,92,83,94,100,67,67,89,89,53,17,94,44,22,83,44,61,56,94,39,100,22,56,89,78,94,78,100,53,67,78,89,72,31,94,28,75,11,89,83,89,89,89,50,83,83,94,Bundesliga
Werder Bremen,cu0eztmjcsbydyp53aleznorw,7b9gqjq7z692znpoklj7c057u,L. Reis,Ludovit Reis,26,Midfielder,Netherlands,Midfielder,47.0,38.0,4.0,85.0,1.0,0.0,245.0,0.0,0.0,1.0,0.0,1.0,1.0,2.0,2.0,17.0,0.0,2.0,0.0,3.0,3.0,1.0,0.0,11.0,7.0,0.0,88.54,80.0,0.0,50.0,0.0,60.71,0.0,53.85,0.052722453987099,0.0764128005834548,1.0,3.0,0.05559792,1.0,7.0,3.0,0.12751787,34.0,17.26530612244898,13.959183673469386,1.469387755102041,31.22448979591837,0.3673469387755101,0.0,0.0,0.0,0.3673469387755101,0.0,0.3673469387755101,0.3673469387755101,0.7346938775510203,0.7346938775510203,6.244897959183673,0.0,0.7346938775510203,0.0,1.1020408163265305,1.1020408163265305,0.3673469387755101,0.0,4.040816326530612,2.571428571428571,0.0,88.54,80.0,0.0,50.0,0.0,60.71,0.0,53.85,0.0193674320768935,0.0280700083775956,0.3673469387755101,1.1020408163265305,0.0204237257142857,0.3673469387755101,2.571428571428571,1.1020408163265305,0.0468432991836734,12.489795918367346,DM/CM,33,17,56,22,19,50,14,44,28,19,42,61,64,64,100,36,19,22,36,67,72,36,94,100,53,61,97,36,81,22,83,17,56,17,28,64,42,28,31,31,14,11,11,33,22,56,22,28,50,14,44,33,19,50,72,67,67,100,36,28,22,44,83,83,36,94,100,53,61,97,36,81,22,83,17,56,17,28,72,44,44,44,33,17,11,17,Bundesliga
Werder Bremen,cu0eztmjcsbydyp53aleznorw,aaoycxwi9jny6flm4apz8a2uh,M. Friedl,Marco Friedl,28,Defender,Austria,Defender,126.0,55.0,9.0,181.0,1.0,0.0,270.0,1.0,0.0,1.0,1.0,0.0,0.0,1.0,1.0,5.0,0.0,2.0,0.0,2.0,1.0,1.0,0.0,21.0,1.0,0.0,95.26,69.23,0.0,100.0,0.0,29.41,16.67,50.0,0.1183843267047518,0.0,0.0,3.0,0.05959185,1.0,11.0,14.0,0.2157211299999999,101.0,42.0,18.33333333333333,3.0,60.333333333333336,0.3333333333333333,0.0,0.3333333333333333,0.0,0.3333333333333333,0.3333333333333333,0.0,0.0,0.3333333333333333,0.3333333333333333,1.6666666666666667,0.0,0.6666666666666666,0.0,0.6666666666666666,0.3333333333333333,0.3333333333333333,0.0,7.0,0.3333333333333333,0.0,95.26,69.23,0.0,100.0,0.0,29.41,16.67,50.0,0.0394614422349172,0.0,0.0,1.0,0.01986395,0.3333333333333333,3.6666666666666665,4.666666666666667,0.0719070433333333,33.666666666666664,CB,96,59,69,83,59,50,9,44,30,44,37,30,56,56,7,41,33,31,31,30,70,43,72,24,50,100,93,43,91,31,7,7,24,37,22,39,69,67,59,65,72,48,63,96,59,69,76,54,50,7,44,26,43,37,30,52,52,4,41,31,31,30,28,65,43,72,19,50,100,93,43,91,31,7,7,24,37,22,39,69,63,57,65,72,48,63,Bundesliga
Werder Bremen,cu0eztmjcsbydyp53aleznorw,cjq9g6zgcxk1ceo2xzpe1qnyt,N. Füllkrug,Niclas Füllkrug,33,Attacker,Germany,Striker,21.0,19.0,2.0,40.0,3.0,0.0,216.0,10.0,0.0,5.0,5.0,0.0,1.0,1.0,1.0,18.0,2.0,0.0,4.0,8.0,3.0,0.0,0.0,3.0,2.0,0.0,68.97,66.67,0.0,0.0,80.0,47.37,58.82,40.0,0.5385978077360245,0.1834793292882679,0.0,2.0,0.0478667,2.0,3.0,1.0,0.13092765,15.0,8.75,7.916666666666667,0.8333333333333334,16.666666666666668,1.25,0.0,4.166666666666667,0.0,2.083333333333333,2.083333333333333,0.0,0.4166666666666667,0.4166666666666667,0.4166666666666667,7.5,0.8333333333333334,0.0,1.6666666666666667,3.333333333333333,1.25,0.0,0.0,1.25,0.8333333333333334,0.0,68.97,66.67,0.0,0.0,80.0,47.37,58.82,40.0,0.2244157532233435,0.0764497205367783,0.0,0.8333333333333334,0.0199444583333333,0.8333333333333334,1.25,0.4166666666666667,0.0545531875,6.25,ST,81,28,50,39,50,53,83,33,28,44,14,28,11,8,83,72,25,75,22,64,11,39,61,86,53,39,67,39,11,94,78,94,56,28,33,11,36,33,75,36,8,33,50,83,33,61,50,56,53,89,33,28,44,14,33,17,11,89,78,25,75,25,67,11,39,72,89,53,39,67,39,11,94,78,94,56,28,44,11,39,33,78,33,11,39,56,Bundesliga
Hoffenheim,4l9mrqzmajz5crzlz50mtbt6x,17iz3i6kzdxc115bdlgcgqdck,A. Daghim,Adam Daghim,20,Attacker,Denmark,Striker,11.0,45.0,2.0,53.0,7.0,0.0,267.0,4.0,2.0,5.0,3.0,2.0,2.0,12.0,14.0,13.0,1.0,4.0,3.0,11.0,2.0,2.0,3.0,1.0,5.0,0.0,68.83,40.0,25.0,16.67,60.0,40.62,80.0,83.33,0.2711719226076561,0.4790939759016959,1.0,6.0,0.1798787399999999,2.0,3.0,6.0,0.37722042,20.0,3.7078651685393256,15.168539325842696,0.6741573033707865,17.865168539325843,2.359550561797753,0.0,1.348314606741573,0.6741573033707865,1.6853932584269662,1.0112359550561798,0.6741573033707865,0.6741573033707865,4.044943820224719,4.719101123595506,4.382022471910112,0.3370786516853932,1.348314606741573,1.0112359550561798,3.7078651685393256,0.6741573033707865,0.6741573033707865,1.0112359550561798,0.3370786516853932,1.6853932584269662,0.0,68.83,40.0,25.0,16.67,60.0,40.62,80.0,83.33,0.0914062660475245,0.1614923514275379,0.3370786516853932,2.02247191011236,0.0606332831460673,0.6741573033707865,1.0112359550561798,2.02247191011236,0.1271529505617977,6.741573033707865,RW,50,100,50,100,100,75,100,100,100,100,75,100,100,100,50,75,100,75,100,50,75,75,50,50,75,100,50,50,50,50,50,100,100,50,50,75,100,100,100,50,75,50,100,50,100,50,100,100,75,100,100,100,100,50,100,100,100,50,50,100,50,100,50,50,50,50,50,75,100,50,50,50,50,50,100,100,50,50,50,100,100,100,50,50,50,100,Bundesliga
Hoffenheim,4l9mrqzmajz5crzlz50mtbt6x,4ryipy52oscxkv71ws0os5w5,V. Coufal,Vladimír Coufal,34,Defender,Czechia,Defender,39.0,82.0,5.0,117.0,5.0,0.0,249.0,3.0,2.0,1.0,0.0,1.0,1.0,3.0,3.0,12.0,0.0,5.0,0.0,4.0,3.0,2.0,4.0,7.0,3.0,0.0,80.14,33.33,14.81,66.67,0.0,63.16,75.0,75.0,0.0380401358633777,0.4728539718687142,0.0,3.0,0.05802321,3.0,13.0,15.0,0.5379561899999997,67.0,14.096385542168674,29.63855421686747,1.8072289156626504,42.28915662650603,1.8072289156626504,0.0,1.0843373493975903,0.7228915662650602,0.3614457831325301,0.0,0.3614457831325301,0.3614457831325301,1.0843373493975903,1.0843373493975903,4.337349397590361,0.0,1.8072289156626504,0.0,1.4457831325301205,1.0843373493975903,0.7228915662650602,1.4457831325301205,2.5301204819277108,1.0843373493975903,0.0,80.14,33.33,14.81,66.67,0.0,63.16,75.0,75.0,0.0137494466976063,0.1709110741694147,0.0,1.0843373493975903,0.0209722445783132,1.0843373493975903,4.698795180722891,5.421686746987952,0.194441996385542,24.21686746987952,RB/RCB,54,100,62,85,81,54,46,96,38,27,58,73,54,50,50,50,92,35,58,69,69,77,50,50,54,54,46,54,73,35,85,92,38,38,69,31,54,46,85,100,100,69,92,54,100,62,85,77,54,46,100,46,27,54,69,54,54,46,50,92,35,54,77,69,77,54,54,54,54,46,54,73,35,85,92,38,38,62,31,46,46,77,100,92,69,92,Bundesliga
Hoffenheim,4l9mrqzmajz5crzlz50mtbt6x,4z9prwdr22kb7vpemekkzqooa,A. Hajdari,Albian Hajdari,23,Defender,Kosovo,Defender,86.0,58.0,12.0,144.0,0.0,0.0,267.0,6.0,0.0,1.0,0.0,1.0,0.0,0.0,0.0,11.0,0.0,5.0,0.0,6.0,3.0,0.0,0.0,11.0,1.0,0.0,83.72,44.44,0.0,0.0,0.0,45.83,60.0,50.0,0.0259402347730146,0.0,1.0,1.0,0.02385149,0.0,19.0,16.0,0.5237295999999997,92.0,28.988764044943817,19.55056179775281,4.044943820224719,48.53932584269663,0.0,0.0,2.02247191011236,0.0,0.3370786516853932,0.0,0.3370786516853932,0.0,0.0,0.0,3.7078651685393256,0.0,1.6853932584269662,0.0,2.02247191011236,1.0112359550561798,0.0,0.0,3.7078651685393256,0.3370786516853932,0.0,83.72,44.44,0.0,0.0,0.0,45.83,60.0,50.0,0.0087438993616903,0.0,0.3370786516853932,0.3370786516853932,0.0080398280898876,0.0,6.404494382022472,5.393258426966292,0.1765380674157302,31.01123595505618,CB,33,69,96,52,20,50,43,44,30,17,80,30,22,22,37,41,72,31,80,80,30,43,26,24,50,19,41,43,30,31,22,48,24,19,22,83,31,33,26,81,78,96,56,33,70,100,52,20,50,48,44,37,17,85,30,22,22,37,41,74,31,81,78,30,43,26,30,50,19,41,43,30,31,22,48,24,19,22,89,33,33,26,85,78,96,56,Bundesliga
Hoffenheim,4l9mrqzmajz5crzlz50mtbt6x,6ki6rv564ybctrajr2xtgyeax,O. Kabak,Ozan Kabak,26,Defender,Türkiye,Defender,59.0,40.0,8.0,99.0,1.0,0.0,259.0,22.0,0.0,5.0,5.0,0.0,0.0,0.0,0.0,24.0,1.0,3.0,2.0,11.0,0.0,0.0,0.0,29.0,2.0,0.0,86.09,66.67,0.0,0.0,40.0,64.86,81.48,100.0,0.6449136064231804,0.1527001253904702,0.0,0.0,0.0,0.0,6.0,9.0,0.1899845999999999,60.0,20.501930501930502,13.8996138996139,2.77992277992278,34.4015444015444,0.3474903474903475,0.0,7.644787644787645,0.0,1.7374517374517375,1.7374517374517375,0.0,0.0,0.0,0.0,8.339768339768339,0.3474903474903475,1.0424710424710424,0.694980694980695,3.8223938223938223,0.0,0.0,0.0,10.077220077220078,0.694980694980695,0.0,86.09,66.67,0.0,0.0,40.0,64.86,81.48,100.0,0.2241012531972441,0.0530618196337541,0.0,0.0,0.0,0.0,2.0849420849420848,3.1274131274131274,0.0660178146718146,20.84942084942085,CB,19,41,61,19,59,50,100,44,91,94,37,30,22,22,93,91,48,91,100,13,30,43,89,44,50,30,85,43,30,81,56,96,94,93,85,39,13,13,26,44,52,37,30,19,41,63,19,70,50,100,44,89,93,37,30,22,22,96,89,44,89,100,13,30,43,89,48,50,30,85,43,30,81,56,96,94,93,81,39,13,13,26,44,52,37,30,Bundesliga
Hoffenheim,4l9mrqzmajz5crzlz50mtbt6x,84d0jugdidn3if1iqx4ynuxw4,L. Avdullahu,Leon Avdullahu,22,Midfielder,Kosovo,Midfielder,76.0,83.0,7.0,159.0,2.0,0.0,270.0,1.0,0.0,3.0,0.0,3.0,1.0,1.0,1.0,8.0,1.0,7.0,1.0,1.0,1.0,0.0,0.0,2.0,5.0,0.0,88.33,63.64,0.0,0.0,33.33,47.06,33.33,83.33,0.1555039577937328,0.1329330296141073,2.0,2.0,0.0589647499999999,4.0,14.0,16.0,0.43508436,91.0,25.33333333333333,27.666666666666668,2.333333333333333,53.0,0.6666666666666666,0.0,0.3333333333333333,0.0,1.0,0.0,1.0,0.3333333333333333,0.3333333333333333,0.3333333333333333,2.6666666666666665,0.3333333333333333,2.333333333333333,0.3333333333333333,0.3333333333333333,0.3333333333333333,0.0,0.0,0.6666666666666666,1.6666666666666667,0.0,88.33,63.64,0.0,0.0,33.33,47.06,33.33,83.33,0.0518346525979109,0.0443110098713691,0.6666666666666666,0.6666666666666666,0.0196549166666666,1.3333333333333333,4.666666666666667,5.333333333333333,0.14502812,30.33333333333333,DM/CM,83,81,86,89,47,50,33,44,53,19,92,61,44,42,28,81,83,56,19,14,31,36,25,89,53,56,67,36,31,61,44,39,83,44,50,89,22,36,83,69,89,89,89,83,72,83,78,42,50,31,44,50,19,89,53,42,39,28,75,83,53,17,11,31,36,14,83,53,56,67,36,31,61,44,39,83,44,50,86,19,31,78,64,89,83,78,Bundesliga
Hoffenheim,4l9mrqzmajz5crzlz50mtbt6x,ag6hkplnlodzxqrs9fh7mka5m,W. Burger,Wouter Burger,25,Midfielder,Netherlands,Midfielder,37.0,74.0,5.0,108.0,2.0,0.0,259.0,7.0,0.0,3.0,2.0,1.0,1.0,1.0,1.0,17.0,0.0,2.0,1.0,7.0,3.0,1.0,3.0,6.0,2.0,0.0,77.14,38.46,50.0,100.0,33.33,53.12,53.85,33.33,0.2100970743266836,0.1112973297321385,0.0,5.0,0.10950323,6.0,13.0,19.0,0.35571989,56.0,12.857142857142858,25.714285714285715,1.7374517374517375,37.52895752895753,0.694980694980695,0.0,2.4324324324324325,0.0,1.0424710424710424,0.694980694980695,0.3474903474903475,0.3474903474903475,0.3474903474903475,0.3474903474903475,5.907335907335908,0.0,0.694980694980695,0.3474903474903475,2.4324324324324325,1.0424710424710424,0.3474903474903475,1.0424710424710424,2.0849420849420848,0.694980694980695,0.0,77.14,38.46,50.0,100.0,33.33,53.12,53.85,33.33,0.0730067053644846,0.0386747477833685,0.0,1.7374517374517375,0.0380513154440154,2.0849420849420848,4.517374517374518,6.602316602316602,0.1236092281853281,19.45945945945946,CM/AM,84,88,81,88,9,53,100,38,25,44,38,56,28,25,78,38,53,38,59,50,34,69,88,44,50,44,50,91,91,47,56,81,22,31,6,9,41,31,94,81,84,56,88,81,81,81,88,12,53,100,38,25,44,25,53,25,19,81,38,50,38,62,56,34,69,88,47,50,44,50,91,91,47,56,81,22,25,6,9,38,31,94,81,88,50,88,Bundesliga
Hoffenheim,4l9mrqzmajz5crzlz50mtbt6x,e4vr28e9cbq3q5nux1jlpuuei,A. Hložek,Adam Hlozek,24,Attacker,Czechia,Striker,9.0,32.0,0.0,41.0,1.0,0.0,208.0,3.0,0.0,11.0,8.0,3.0,2.0,6.0,6.0,8.0,2.0,1.0,4.0,15.0,1.0,2.0,0.0,2.0,2.0,0.0,80.39,0.0,0.0,33.33,36.36,29.63,27.27,100.0,1.2499985768285091,0.0509825541771252,2.0,3.0,0.06732521,1.0,4.0,5.0,0.13537964,15.0,3.8942307692307696,13.846153846153848,0.0,17.740384615384617,0.4326923076923077,0.0,1.2980769230769231,0.0,4.759615384615385,3.4615384615384617,1.2980769230769231,0.8653846153846154,2.5961538461538463,2.5961538461538463,3.4615384615384617,0.8653846153846154,0.4326923076923077,1.7307692307692308,6.490384615384616,0.4326923076923077,0.8653846153846154,0.0,0.8653846153846154,0.8653846153846154,0.0,80.39,0.0,0.0,33.33,36.36,29.63,27.27,100.0,0.540864768820028,0.0220597590189484,0.8653846153846154,1.2980769230769231,0.0291311004807692,0.4326923076923077,1.7307692307692308,2.1634615384615388,0.0585777288461538,6.490384615384616,ST,22,61,17,44,17,53,39,33,81,86,69,56,83,83,28,72,67,75,67,19,58,39,39,86,53,83,17,39,28,44,17,39,92,83,11,58,56,39,44,58,64,44,50,28,83,17,56,22,53,44,33,94,94,78,72,89,89,33,83,78,83,67,22,72,39,44,94,53,83,17,39,28,44,17,39,92,100,11,61,67,39,61,72,72,44,67,Bundesliga
Stuttgart,3dwlvz6cl4lcavvrg0y2dycrt,4whvqapvco3c56audz34s6jv8,F. Jeltsch,Finn Jeltsch,20,Defender,Germany,Defender,83.0,48.0,7.0,131.0,4.0,0.0,270.0,7.0,1.0,6.0,4.0,2.0,0.0,2.0,3.0,18.0,0.0,3.0,1.0,5.0,3.0,2.0,0.0,17.0,3.0,0.0,86.18,46.67,0.0,100.0,16.67,54.55,43.75,50.0,0.6487303997968891,0.1875871175198001,1.0,4.0,0.07965253,1.0,6.0,4.0,0.1648728999999999,64.0,27.666666666666668,16.0,2.333333333333333,43.66666666666666,1.3333333333333333,0.0,2.333333333333333,0.3333333333333333,2.0,1.3333333333333333,0.6666666666666666,0.0,0.6666666666666666,1.0,6.0,0.0,1.0,0.3333333333333333,1.6666666666666667,1.0,0.6666666666666666,0.0,5.666666666666667,1.0,0.0,86.18,46.67,0.0,100.0,16.67,54.55,43.75,50.0,0.216243466598963,0.0625290391732667,0.3333333333333333,1.3333333333333333,0.0265508433333333,0.3333333333333333,2.0,1.3333333333333333,0.0549576333333333,21.33333333333333,RB/RCB,85,77,92,92,62,54,73,69,100,96,85,31,42,50,81,50,38,73,69,69,69,23,69,50,54,92,85,23,92,69,38,31,19,100,38,73,85,77,38,62,31,31,85,85,62,92,92,54,54,69,58,100,92,77,31,38,46,69,50,27,69,65,54,62,23,69,46,54,92,85,23,92,69,38,31,19,100,38,62,69,54,31,54,31,31,85,Bundesliga
Stuttgart,3dwlvz6cl4lcavvrg0y2dycrt,57c808184l80uuuv7z3flcu6t,G. Prömel,Grischa Prömel,31,Midfielder,Germany,Midfielder,37.0,59.0,1.0,96.0,2.0,0.0,270.0,7.0,0.0,8.0,6.0,2.0,4.0,0.0,0.0,10.0,1.0,2.0,3.0,7.0,3.0,0.0,0.0,5.0,0.0,0.0,80.0,25.0,0.0,0.0,37.5,43.48,58.33,0.0,0.8100390888185987,0.0888567155337505,2.0,2.0,0.0589647499999999,1.0,13.0,5.0,0.2086678199999997,39.0,12.333333333333334,19.666666666666668,0.3333333333333333,32.0,0.6666666666666666,0.0,2.333333333333333,0.0,2.6666666666666665,2.0,0.6666666666666666,1.3333333333333333,0.0,0.0,3.333333333333333,0.3333333333333333,0.6666666666666666,1.0,2.333333333333333,1.0,0.0,0.0,1.6666666666666667,0.0,0.0,80.0,25.0,0.0,0.0,37.5,43.48,58.33,0.0,0.2700130296061995,0.0296189051779168,0.6666666666666666,0.6666666666666666,0.0196549166666666,0.3333333333333333,4.333333333333333,1.6666666666666667,0.0695559399999999,13.0,DM/CM,11,53,14,28,47,50,94,44,97,100,69,97,17,14,44,81,19,97,75,67,31,36,50,8,53,19,19,36,31,72,33,64,8,100,33,89,22,36,31,58,31,39,22,11,53,11,28,42,50,92,44,97,100,61,97,17,14,44,75,11,94,75,61,31,36,50,8,53,19,19,36,31,72,33,64,8,100,33,86,19,31,25,50,28,33,22,Bundesliga
Stuttgart,3dwlvz6cl4lcavvrg0y2dycrt,6q2mf0qrkt51z28b46wltxal1,M. Mittelstädt,Maximilian Mittelstädt,29,Defender,Germany,Defender,35.0,91.0,2.0,116.0,11.0,0.0,258.0,3.0,1.0,3.0,1.0,2.0,2.0,4.0,4.0,14.0,1.0,5.0,1.0,10.0,1.0,2.0,10.0,5.0,5.0,0.0,80.56,33.33,34.48,50.0,33.33,58.33,60.0,62.5,0.6046971821160068,1.619840856644417,2.0,9.0,0.4343369099999999,3.0,10.0,15.0,0.5274225399999999,70.0,12.209302325581396,31.74418604651163,0.6976744186046512,40.46511627906977,3.8372093023255816,0.0,1.0465116279069768,0.3488372093023256,1.0465116279069768,0.3488372093023256,0.6976744186046512,0.6976744186046512,1.3953488372093024,1.3953488372093024,4.883720930232558,0.3488372093023256,1.744186046511628,0.3488372093023256,3.488372093023256,0.3488372093023256,0.6976744186046512,3.488372093023256,1.744186046511628,1.744186046511628,0.0,80.56,33.33,34.48,50.0,33.33,58.33,60.0,62.5,0.2109408774823279,0.5650607639457268,0.6976744186046512,3.13953488372093,0.1515128755813953,1.0465116279069768,3.488372093023256,5.232558139534883,0.1839846069767441,24.41860465116279,LB/LCB,31,85,35,69,92,46,46,85,73,69,77,88,81,77,54,100,85,65,92,42,96,96,15,62,54,46,50,100,96,54,54,65,38,100,100,85,85,92,62,58,69,77,88,31,85,38,77,92,46,46,92,85,85,85,100,77,77,46,100,85,77,92,46,100,100,15,62,54,46,50,100,96,54,54,65,38,100,100,92,85,92,62,62,77,77,92,Bundesliga
Stuttgart,3dwlvz6cl4lcavvrg0y2dycrt,7hnmtyfmurizitwz1whecjnmy,A. Stiller,Angelo Stiller,25,Midfielder,Germany,Midfielder,55.0,78.0,2.0,133.0,2.0,0.0,212.0,2.0,0.0,1.0,1.0,0.0,0.0,1.0,1.0,6.0,0.0,2.0,0.0,4.0,2.0,0.0,0.0,2.0,1.0,0.0,90.48,33.33,0.0,0.0,0.0,37.5,66.67,50.0,0.0661481650566103,0.1779939811285867,0.0,4.0,0.07880156,4.0,11.0,9.0,0.2343446599999999,72.0,23.349056603773583,33.11320754716981,0.8490566037735848,56.4622641509434,0.8490566037735848,0.0,0.8490566037735848,0.0,0.4245283018867924,0.4245283018867924,0.0,0.0,0.4245283018867924,0.4245283018867924,2.547169811320755,0.0,0.8490566037735848,0.0,1.6981132075471697,0.8490566037735848,0.0,0.0,0.8490566037735848,0.4245283018867924,0.0,90.48,33.33,0.0,0.0,0.0,37.5,66.67,50.0,0.02808176818441,0.0755634825545886,0.0,1.6981132075471697,0.0334534924528301,1.6981132075471697,4.669811320754717,3.820754716981132,0.0994859405660376,30.56603773584905,DM/CM,53,72,28,72,47,50,50,44,28,47,17,25,44,42,17,36,19,22,53,36,31,36,25,25,53,75,28,36,31,22,17,86,36,28,61,25,56,50,83,44,56,56,67,78,83,33,83,61,50,56,44,39,56,17,25,56,56,17,36,33,22,56,44,31,36,33,33,53,75,28,36,31,22,17,86,36,33,67,25,67,56,94,72,61,67,83,Bundesliga
Stuttgart,3dwlvz6cl4lcavvrg0y2dycrt,8ri0md3tr27a1bn10xmfkgsus,D. Pejčinović,Dzenan Pejcinovic,21,Attacker,Germany,Striker,21.0,32.0,2.0,53.0,1.0,0.0,243.0,4.0,0.0,8.0,5.0,3.0,1.0,1.0,1.0,7.0,0.0,0.0,2.0,9.0,0.0,1.0,0.0,3.0,2.0,0.0,66.25,66.67,0.0,100.0,25.0,33.33,26.67,100.0,0.7864250131311842,0.0613634522977332,1.0,1.0,0.03511326,2.0,4.0,2.0,0.09329367,23.0,7.777777777777778,11.851851851851851,0.7407407407407407,19.62962962962963,0.3703703703703703,0.0,1.4814814814814814,0.0,2.962962962962963,1.851851851851852,1.111111111111111,0.3703703703703703,0.3703703703703703,0.3703703703703703,2.592592592592593,0.0,0.0,0.7407407407407407,3.333333333333333,0.0,0.3703703703703703,0.0,1.111111111111111,0.7407407407407407,0.0,66.25,66.67,0.0,100.0,25.0,33.33,26.67,100.0,0.29126852338192,0.0227272045547159,0.3703703703703703,0.3703703703703703,0.0130049111111111,0.7407407407407407,1.4814814814814814,0.7407407407407407,0.0345532111111111,8.518518518518517,ST,81,61,50,72,17,53,53,33,56,44,69,28,11,8,14,17,25,36,28,6,31,39,61,86,53,28,67,39,100,31,33,33,92,56,17,36,19,22,75,58,25,17,83,78,50,50,78,11,53,56,33,50,39,67,22,6,6,11,17,25,28,25,6,28,39,61,83,53,28,67,39,100,31,33,33,92,50,17,33,11,22,72,61,22,11,83,Bundesliga
Stuttgart,3dwlvz6cl4lcavvrg0y2dycrt,bibz1qxakmbflq73marmo4nop,J. Vagnoman,Josha Vagnoman,25,Defender,Germany,Defender,41.0,44.0,6.0,82.0,5.0,0.0,261.0,2.0,1.0,4.0,2.0,2.0,1.0,5.0,5.0,10.0,2.0,2.0,2.0,6.0,3.0,3.0,3.0,7.0,2.0,0.0,81.19,66.67,50.0,60.0,50.0,58.82,66.67,100.0,0.3526091807072675,0.5248449496803143,0.0,1.0,0.02401521,4.0,6.0,5.0,0.5752784899999999,36.0,14.13793103448276,15.172413793103448,2.0689655172413794,28.27586206896552,1.7241379310344829,0.0,0.6896551724137931,0.3448275862068966,1.3793103448275863,0.6896551724137931,0.6896551724137931,0.3448275862068966,1.7241379310344829,1.7241379310344829,3.4482758620689657,0.6896551724137931,0.6896551724137931,0.6896551724137931,2.0689655172413794,1.0344827586206895,1.0344827586206895,1.0344827586206895,2.413793103448276,0.6896551724137931,0.0,81.19,66.67,50.0,60.0,50.0,58.82,66.67,100.0,0.1215893726576784,0.1809810171311428,0.0,0.3448275862068966,0.0082811068965517,1.3793103448275863,2.0689655172413794,1.7241379310344829,0.1983718931034482,12.413793103448276,RB/RCB,62,62,81,69,81,54,38,69,81,77,85,73,77,77,31,100,15,92,81,69,88,69,50,31,54,69,92,92,62,88,69,73,81,92,85,31,23,23,100,62,46,85,62,62,54,85,54,69,54,38,69,69,77,85,62,77,77,23,100,15,85,77,62,85,69,46,31,54,69,92,92,62,88,69,73,81,92,69,31,23,23,100,62,38,77,62,Bundesliga
Stuttgart,3dwlvz6cl4lcavvrg0y2dycrt,mgwgcv336wb93xvv0pfr6dih,J. Chabot,Jeff Chabot,28,Defender,Germany,Defender,80.0,45.0,10.0,125.0,0.0,0.0,254.0,13.0,0.0,5.0,5.0,0.0,1.0,0.0,0.0,20.0,0.0,5.0,2.0,6.0,0.0,0.0,0.0,19.0,6.0,0.0,88.65,55.56,0.0,0.0,40.0,66.67,76.47,85.71,0.7204431342116201,0.0,0.0,0.0,0.0,0.0,8.0,13.0,0.1887489999999999,76.0,28.346456692913385,15.944881889763778,3.543307086614173,44.29133858267716,0.0,0.0,4.606299212598425,0.0,1.7716535433070866,1.7716535433070866,0.0,0.3543307086614173,0.0,0.0,7.086614173228346,0.0,1.7716535433070866,0.7086614173228346,2.125984251968504,0.0,0.0,0.0,6.732283464566929,2.125984251968504,0.0,88.65,55.56,0.0,0.0,40.0,66.67,76.47,85.71,0.2552751262954559,0.0,0.0,0.0,0.0,0.0,2.8346456692913384,4.606299212598425,0.0668795669291338,26.929133858267715,CB,30,48,78,33,20,50,87,44,91,94,37,72,22,22,81,41,72,91,80,13,30,43,59,96,50,44,74,43,30,81,67,89,85,96,22,39,13,13,26,50,67,33,44,30,48,78,37,20,50,89,44,93,96,37,76,22,22,85,41,81,94,89,13,30,43,67,100,50,44,74,43,30,81,67,89,85,96,22,39,13,13,26,52,67,41,48,Bundesliga
