Team,contestantId,playerId,Short Name,Player Name,Age,Position_x,Nationality,Position_y,total accurate back zone pass_Total,total accurate fwd zone pass_Total,total accurate long balls_Total,total accurate pass_Total,total aerial won_Total,total att assist_Total,total attempt_Total,total attempts ibox_Total,total attempts obox_Total,total blocked scoring att_Total,total contest_Total,total dribbles attempted_Total,total duels won_Total,total effective clearance_Total,total goals_Total,total interception_Total,total mins played,total ontarget attempt_Total,total touches in opposition box_Total,total was fouled_Total,total won contest_Total,total won tackle_Total,total accurate cross_Total,total assists_Total,total big chances saved_Total,total direct setpiece goals_Total,pass_success_pct_Total,long_balls_success_pct_Total,cross_success_pct_Total,dribble_success_pct_Total,attempt_success_pct_Total,duel_success_pct_Total,aerial_success_pct_Total,tackle_success_pct_Total,xG_Total,xA_Total,CreatedOwnShot_Total,Total Carries_Total,Total Carry xT_Total,Total Final Third Carries_Total,passes_into_final_third_Total,progressive_passes_Total,xT_pass_Total,forward_passes_Total,total accurate back zone pass_p90,total accurate fwd zone pass_p90,total accurate long balls_p90,total accurate pass_p90,total aerial won_p90,total att assist_p90,total attempt_p90,total attempts ibox_p90,total attempts obox_p90,total blocked scoring att_p90,total contest_p90,total dribbles attempted_p90,total duels won_p90,total effective clearance_p90,total goals_p90,total interception_p90,total ontarget attempt_p90,total touches in opposition box_p90,total was fouled_p90,total won contest_p90,total won tackle_p90,total accurate cross_p90,total assists_p90,total big chances saved_p90,total direct setpiece goals_p90,pass_success_pct_p90,long_balls_success_pct_p90,cross_success_pct_p90,dribble_success_pct_p90,attempt_success_pct_p90,duel_success_pct_p90,aerial_success_pct_p90,tackle_success_pct_p90,xG_p90,xA_p90,CreatedOwnShot_p90,Total Carries_p90,Total Carry xT_p90,Total Final Third Carries_p90,passes_into_final_third_p90,progressive_passes_p90,xT_pass_p90,forward_passes_p90,Pos.,total accurate back zone pass_TotalPR,total accurate fwd zone pass_TotalPR,total accurate long balls_TotalPR,total accurate pass_TotalPR,total aerial won_TotalPR,total att assist_TotalPR,total attempt_TotalPR,total attempts ibox_TotalPR,total attempts obox_TotalPR,total blocked scoring att_TotalPR,total contest_TotalPR,total dribbles attempted_TotalPR,total duels won_TotalPR,total effective clearance_TotalPR,total goals_TotalPR,total interception_TotalPR,total ontarget attempt_TotalPR,total touches in opposition box_TotalPR,total was fouled_TotalPR,total won contest_TotalPR,total won tackle_TotalPR,total accurate cross_TotalPR,total assists_TotalPR,total big chances saved_TotalPR,total direct setpiece goals_TotalPR,pass_success_pct_TotalPR,long_balls_success_pct_TotalPR,cross_success_pct_TotalPR,dribble_success_pct_TotalPR,attempt_success_pct_TotalPR,duel_success_pct_TotalPR,aerial_success_pct_TotalPR,tackle_success_pct_TotalPR,xG_TotalPR,xA_TotalPR,CreatedOwnShot_TotalPR,Total Carries_TotalPR,Total Carry xT_TotalPR,Total Final Third Carries_TotalPR,passes_into_final_third_TotalPR,progressive_passes_TotalPR,xT_pass_TotalPR,forward_passes_TotalPR,total accurate back zone pass_p90PR,total accurate fwd zone pass_p90PR,total accurate long balls_p90PR,total accurate pass_p90PR,total aerial won_p90PR,total att assist_p90PR,total attempt_p90PR,total attempts ibox_p90PR,total attempts obox_p90PR,total blocked scoring att_p90PR,total contest_p90PR,total dribbles attempted_p90PR,total duels won_p90PR,total effective clearance_p90PR,total goals_p90PR,total interception_p90PR,total ontarget attempt_p90PR,total touches in opposition box_p90PR,total was fouled_p90PR,total won contest_p90PR,total won tackle_p90PR,total accurate cross_p90PR,total assists_p90PR,total big chances saved_p90PR,total direct setpiece goals_p90PR,pass_success_pct_p90PR,long_balls_success_pct_p90PR,cross_success_pct_p90PR,dribble_success_pct_p90PR,attempt_success_pct_p90PR,duel_success_pct_p90PR,aerial_success_pct_p90PR,tackle_success_pct_p90PR,xG_p90PR,xA_p90PR,CreatedOwnShot_p90PR,Total Carries_p90PR,Total Carry xT_p90PR,Total Final Third Carries_p90PR,passes_into_final_third_p90PR,progressive_passes_p90PR,xT_pass_p90PR,forward_passes_p90PR,League
Heidenheim,3xcg7xikgrn2x8oa65sopb2is,1jp5ure85qhx8kkzgivt86t3p,M. Costly,Marcel Costly,30,Attacker,Germany,Striker,28.0,59.0,4.0,76.0,9.0,16.0,9.0,5.0,4.0,1.0,9.0,10.0,26.0,9.0,1.0,2.0,441.0,3.0,16.0,4.0,3.0,6.0,11.0,3.0,0.0,0.0,72.38,44.44,27.5,33.33,33.33,55.32,69.23,60.0,1.1810053610712925,1.4947740411453705,4.0,15.0,0.3512820799999999,10.0,9.0,11.0,0.9229703600000002,29.0,5.7142857142857135,12.040816326530612,0.8163265306122448,15.510204081632653,1.8367346938775508,3.265306122448979,1.8367346938775508,1.020408163265306,0.8163265306122448,0.2040816326530612,1.8367346938775508,2.0408163265306123,5.306122448979592,1.8367346938775508,0.2040816326530612,0.4081632653061224,0.6122448979591836,3.265306122448979,0.8163265306122448,0.6122448979591836,1.2244897959183672,2.2448979591836733,0.6122448979591836,0.0,0.0,72.38,44.44,27.5,33.33,33.33,55.32,69.23,60.0,0.2410215022594474,0.3050559267643613,0.8163265306122448,3.061224489795918,0.0716902204081632,2.0408163265306123,1.8367346938775508,2.2448979591836733,0.1883612979591837,5.918367346938775,ST,81,90,86,81,79,100,47,22,79,21,64,67,86,100,34,81,31,47,60,50,100,100,100,52,52,55,52,83,31,33,90,97,69,59,100,76,97,90,100,91,78,93,78,69,83,76,59,72,100,21,14,76,10,55,55,76,100,17,76,21,21,48,38,100,100,100,52,52,55,52,83,31,33,90,97,69,45,100,66,93,83,100,90,72,90,69,2. Bundesliga
Heidenheim,3xcg7xikgrn2x8oa65sopb2is,5dcemmjwbguvnz7sz0m8uomad,J. Föhrenbach,Jonas Föhrenbach,30,Defender,Germany,Defender,116.0,82.0,30.0,193.0,6.0,8.0,1.0,1.0,0.0,0.0,3.0,3.0,12.0,18.0,1.0,2.0,450.0,1.0,1.0,2.0,1.0,1.0,5.0,1.0,0.0,0.0,82.83,52.63,41.67,33.33,100.0,57.14,60.0,33.33,0.1197301545908704,0.9036340082923212,0.0,9.0,0.1935916,5.0,17.0,22.0,0.9927845200000004,114.0,23.2,16.4,6.0,38.6,1.2,1.6,0.2,0.2,0.0,0.0,0.6,0.6,2.4,3.6,0.2,0.4,0.2,0.2,0.4,0.2,0.2,1.0,0.2,0.0,0.0,82.83,52.63,41.67,33.33,100.0,57.14,60.0,33.33,0.023946030918174,0.1807268016584642,0.0,1.8,0.03871832,1.0,3.4,4.4,0.1985569040000001,22.8,LB/LCB,75,60,100,70,70,90,28,45,22,32,35,32,18,75,98,22,62,10,32,38,10,82,85,48,52,50,80,75,42,98,60,75,12,30,95,22,90,85,85,75,80,85,75,60,35,100,55,60,85,18,38,22,32,22,22,10,65,98,18,55,5,28,30,5,72,70,48,52,50,80,75,42,98,60,75,12,30,95,22,80,70,75,55,70,80,65,2. Bundesliga
Heidenheim,3xcg7xikgrn2x8oa65sopb2is,6hotzhpidcjljm3u0ud1uqsid,B. Zivzivadze,Budu Zivzivadze,32,Attacker,Georgia,Striker,17.0,26.0,3.0,43.0,6.0,5.0,7.0,6.0,1.0,0.0,5.0,5.0,14.0,5.0,2.0,0.0,331.0,4.0,14.0,2.0,4.0,1.0,0.0,0.0,0.0,0.0,65.15,75.0,0.0,80.0,57.14,38.89,42.86,50.0,0.5316588859601067,0.3624954382235367,2.0,3.0,0.30470911,1.0,2.0,7.0,0.17388051,18.0,4.622356495468278,7.069486404833837,0.8157099697885197,11.691842900302117,1.6314199395770397,1.3595166163141994,1.9033232628398795,1.6314199395770397,0.2719033232628399,0.0,1.3595166163141994,1.3595166163141994,3.806646525679759,1.3595166163141994,0.5438066465256798,0.0,1.0876132930513596,3.806646525679759,0.5438066465256798,1.0876132930513596,0.2719033232628399,0.0,0.0,0.0,0.0,65.15,75.0,0.0,80.0,57.14,38.89,42.86,50.0,0.1445598179347722,0.0985637143205991,0.5438066465256798,0.8157099697885197,0.0828514196374622,0.2719033232628399,0.5438066465256798,1.9033232628398795,0.0472786885196374,4.894259818731118,ST,45,33,66,36,69,64,19,33,31,5,47,45,34,76,66,33,52,36,28,67,31,34,29,52,52,17,76,34,84,93,28,52,52,17,52,53,45,83,34,28,67,45,52,52,31,72,34,62,69,24,41,24,5,48,45,28,83,66,33,45,34,28,59,24,34,29,52,52,17,76,34,84,93,28,52,52,17,45,59,41,86,31,24,66,41,45,2. Bundesliga
Heidenheim,3xcg7xikgrn2x8oa65sopb2is,98glpci54ztzmd3yn1kttlvpx,M. Busch,Marnon Busch,31,Defender,Germany,Defender,39.0,41.0,6.0,80.0,4.0,1.0,1.0,0.0,1.0,0.0,1.0,1.0,13.0,15.0,0.0,2.0,336.0,0.0,1.0,2.0,0.0,3.0,0.0,0.0,0.0,0.0,80.81,46.15,0.0,0.0,0.0,52.0,50.0,42.86,0.0528974565771893,0.058598479513903,1.0,1.0,0.01935132,1.0,13.0,15.0,0.3048831199999999,35.0,10.446428571428571,10.982142857142858,1.6071428571428572,21.428571428571427,1.0714285714285714,0.2678571428571428,0.2678571428571428,0.0,0.2678571428571428,0.0,0.2678571428571428,0.2678571428571428,3.482142857142857,4.017857142857142,0.0,0.5357142857142857,0.0,0.2678571428571428,0.5357142857142857,0.0,0.8035714285714286,0.0,0.0,0.0,0.0,80.81,46.15,0.0,0.0,0.0,52.0,50.0,42.86,0.0141689615831757,0.0156960212983668,0.2678571428571428,0.2678571428571428,0.0051833892857142,0.2678571428571428,3.482142857142857,4.017857142857142,0.0816651214285714,9.375,RB/RCB,19,19,33,24,52,19,12,12,40,24,14,14,31,67,40,31,21,10,29,14,33,26,40,40,52,62,52,26,14,21,48,62,19,10,10,43,10,5,24,57,48,33,14,33,19,38,19,57,24,10,12,43,24,19,19,33,81,40,33,21,10,33,14,38,26,40,40,52,62,52,26,14,21,48,62,19,10,10,48,5,5,29,71,67,33,14,2. Bundesliga
Heidenheim,3xcg7xikgrn2x8oa65sopb2is,9bc9agusjoz8173beezt6qbdg,M. Heule,Michael Heule,25,Defender,Switzerland,Defender,30.0,37.0,5.0,64.0,1.0,3.0,6.0,2.0,4.0,0.0,10.0,11.0,19.0,6.0,0.0,4.0,270.0,2.0,5.0,4.0,5.0,2.0,3.0,1.0,1.0,0.0,76.19,33.33,25.0,50.0,33.33,55.88,50.0,22.22,0.4621785838818959,0.4205106792850244,3.0,6.0,0.17422785,2.0,11.0,11.0,0.64557176,40.0,10.0,12.333333333333334,1.6666666666666667,21.33333333333333,0.3333333333333333,1.0,2.0,0.6666666666666666,1.3333333333333333,0.0,3.333333333333333,3.6666666666666665,6.333333333333333,2.0,0.0,1.3333333333333333,0.6666666666666666,1.6666666666666667,1.3333333333333333,1.6666666666666667,0.6666666666666666,1.0,0.3333333333333333,0.3333333333333333,0.0,76.19,33.33,25.0,50.0,33.33,55.88,50.0,22.22,0.1540595279606319,0.1401702264283414,1.0,2.0,0.0580759499999999,0.6666666666666666,3.6666666666666665,3.6666666666666665,0.2151905866666666,13.333333333333334,LB/LCB,15,10,28,10,10,50,88,70,88,32,98,100,68,18,48,50,90,68,60,100,30,62,85,98,52,10,32,48,60,68,55,42,5,90,55,92,70,75,42,40,32,65,10,20,15,45,10,10,57,90,80,95,32,100,100,95,30,48,70,95,80,75,100,35,72,95,100,52,10,32,48,60,68,55,42,5,95,80,95,85,90,60,60,50,85,25,2. Bundesliga
Heidenheim,3xcg7xikgrn2x8oa65sopb2is,9heh3f6hvyp4sgbu0ft4xfh05,P. Mainka,Patrick Mainka,31,Defender,Germany,Defender,123.0,47.0,16.0,170.0,17.0,1.0,1.0,1.0,0.0,1.0,0.0,0.0,25.0,47.0,0.0,8.0,405.0,0.0,6.0,1.0,0.0,2.0,0.0,0.0,0.0,0.0,85.0,55.17,0.0,0.0,0.0,56.82,56.67,28.57,0.0748182097746049,0.0968219387978667,0.0,1.0,0.01611813,0.0,6.0,10.0,0.3087545299999998,109.0,27.33333333333333,10.444444444444445,3.555555555555556,37.77777777777778,3.7777777777777777,0.2222222222222222,0.2222222222222222,0.2222222222222222,0.0,0.2222222222222222,0.0,0.0,5.555555555555555,10.444444444444445,0.0,1.7777777777777777,0.0,1.3333333333333333,0.2222222222222222,0.0,0.4444444444444444,0.0,0.0,0.0,0.0,85.0,55.17,0.0,0.0,0.0,56.82,56.67,28.57,0.016626268838801,0.0215159863995259,0.0,0.2222222222222222,0.0035818066666666,0.0,1.3333333333333333,2.2222222222222223,0.0686121177777777,24.22222222222222,CB,53,30,79,42,91,38,20,24,30,74,20,20,76,100,42,80,21,71,20,30,23,42,44,45,52,39,76,42,30,21,45,48,14,21,48,32,29,24,24,15,26,39,42,45,18,86,27,91,39,24,27,30,71,20,20,76,100,42,76,21,70,18,30,24,42,44,45,52,39,76,42,30,21,45,48,14,21,48,32,30,24,24,18,24,24,45,2. Bundesliga
Heidenheim,3xcg7xikgrn2x8oa65sopb2is,bqjrib66m08p1qw8315ljc38q,J. Schöppner,Jan Schöppner,27,Midfielder,Germany,Midfielder,70.0,57.0,11.0,127.0,16.0,2.0,5.0,4.0,1.0,1.0,6.0,6.0,33.0,20.0,3.0,6.0,450.0,3.0,10.0,4.0,2.0,9.0,0.0,0.0,0.0,0.0,71.75,50.0,0.0,33.33,60.0,48.53,66.67,81.82,0.9190067424010656,0.1592241303562098,0.0,5.0,0.11103276,3.0,14.0,12.0,0.2659303699999999,66.0,14.0,11.4,2.2,25.4,3.2,0.4,1.0,0.8,0.2,0.2,1.2,1.2,6.6,4.0,0.6,1.2,0.6,2.0,0.8,0.4,1.8,0.0,0.0,0.0,0.0,71.75,50.0,0.0,33.33,60.0,48.53,66.67,81.82,0.1838013484802131,0.0318448260712419,0.0,1.0,0.0222065519999999,0.6,2.8,2.4,0.0531860739999999,13.2,DM/CM,37,24,65,23,97,27,52,76,24,45,74,71,85,95,98,74,90,89,39,61,94,34,35,52,52,6,58,34,42,97,39,85,82,97,26,11,58,61,69,50,32,16,23,13,3,55,3,97,16,35,61,15,39,71,68,77,90,98,61,84,87,32,53,90,34,35,52,52,6,58,34,42,97,39,85,82,97,23,11,45,48,63,32,16,6,13,2. Bundesliga
Heidenheim,3xcg7xikgrn2x8oa65sopb2is,csdd9p7ai8i0s4b2akm9is8yy,O. Mhamdi,Oualid Mhamdi,23,Defender,Morocco,Defender,52.0,28.0,7.0,76.0,1.0,4.0,11.0,5.0,6.0,4.0,6.0,7.0,8.0,7.0,1.0,1.0,256.0,3.0,8.0,2.0,3.0,0.0,4.0,0.0,0.0,0.0,73.79,70.0,57.14,50.0,27.27,36.36,20.0,0.0,0.6834905429044771,0.6182674048653947,4.0,3.0,0.05769113,1.0,9.0,12.0,0.5930491400000001,38.0,18.28125,9.84375,2.4609375,26.71875,0.3515625,1.40625,3.8671875,1.7578125,2.109375,1.40625,2.109375,2.4609375,2.8125,2.4609375,0.3515625,0.3515625,1.0546875,2.8125,0.703125,1.0546875,0.0,1.40625,0.0,0.0,0.0,73.79,70.0,57.14,50.0,27.27,36.36,20.0,0.0,0.2402896439898552,0.2173596345229903,1.40625,1.0546875,0.020282037890625,0.3515625,3.1640625,4.21875,0.20849383828125,13.359375,RB/RCB,48,5,50,14,7,79,100,98,98,100,81,79,10,29,88,17,98,83,29,79,5,86,40,40,52,14,100,100,67,62,14,7,5,100,86,86,48,48,24,31,33,76,29,67,5,81,43,10,86,100,100,100,100,86,90,5,38,95,19,100,100,52,90,5,95,40,40,52,14,100,100,67,62,14,7,5,100,95,95,67,57,33,52,71,90,43,2. Bundesliga
Heidenheim,3xcg7xikgrn2x8oa65sopb2is,euywniqwcq40dqoo55xni961h,M. Honsak,Mathias Honsak,29,Attacker,Austria,Striker,29.0,18.0,3.0,47.0,3.0,3.0,4.0,4.0,0.0,1.0,4.0,4.0,9.0,5.0,0.0,2.0,278.0,0.0,11.0,3.0,0.0,3.0,0.0,1.0,0.0,0.0,82.46,75.0,0.0,0.0,0.0,32.14,30.0,100.0,0.322323259494551,0.0644654252266684,0.0,0.0,0.0,0.0,2.0,2.0,0.0382983,13.0,9.388489208633093,5.827338129496403,0.9712230215827338,15.215827338129497,0.9712230215827338,0.9712230215827338,1.2949640287769784,1.2949640287769784,0.0,0.3237410071942446,1.2949640287769784,1.2949640287769784,2.913669064748201,1.618705035971223,0.0,0.6474820143884892,0.0,3.5611510791366907,0.9712230215827338,0.0,0.9712230215827338,0.0,0.3237410071942446,0.0,0.0,82.46,75.0,0.0,0.0,0.0,32.14,30.0,100.0,0.1043492566708978,0.0208701016920868,0.0,0.0,0.0,0.0,0.6474820143884892,0.6474820143884892,0.0123987302158273,4.2086330935251794,LW,50,12,44,25,56,25,25,38,25,38,12,12,19,88,31,62,19,38,31,12,69,19,56,50,56,75,94,19,12,19,12,12,88,25,12,12,12,12,12,25,19,12,25,50,12,50,12,75,25,38,62,25,38,12,12,12,100,31,75,19,62,38,12,75,19,62,50,56,75,94,19,12,19,12,12,88,38,12,12,12,12,12,25,12,12,12,2. Bundesliga
Kaiserslautern,dmw05a03pgt48fnf9ikxs6i1o,7ar1ei23cs1bli4v1rg5iegru,S. Şahin,Semih Sahin,26,Midfielder,Germany,Midfielder,77.0,120.0,13.0,192.0,0.0,11.0,5.0,0.0,5.0,1.0,9.0,9.0,21.0,7.0,0.0,5.0,444.0,1.0,5.0,5.0,5.0,5.0,5.0,3.0,0.0,0.0,79.67,54.17,31.25,55.56,20.0,50.0,0.0,45.45,0.286366637786546,1.1171146636169398,4.0,12.0,0.33804183,0.0,26.0,29.0,1.39821989,115.0,15.608108108108109,24.324324324324323,2.635135135135135,38.91891891891892,0.0,2.22972972972973,1.0135135135135134,0.0,1.0135135135135134,0.2027027027027027,1.8243243243243243,1.8243243243243243,4.256756756756756,1.4189189189189189,0.0,1.0135135135135134,0.2027027027027027,1.0135135135135134,1.0135135135135134,1.0135135135135134,1.0135135135135134,1.0135135135135134,0.6081081081081081,0.0,0.0,79.67,54.17,31.25,55.56,20.0,50.0,0.0,45.45,0.0580472914432187,0.2264421615439742,0.8108108108108107,2.4324324324324325,0.0685219925675675,0.0,5.27027027027027,5.878378378378378,0.2834229506756757,23.31081081081081,CM/AM,96,91,96,87,24,96,35,7,83,17,74,74,83,100,37,87,37,26,59,76,83,87,100,52,50,43,48,70,63,35,65,24,43,22,96,70,78,87,7,89,91,100,96,91,78,83,83,24,83,22,7,48,9,57,48,61,83,37,74,26,17,43,50,74,70,96,52,50,43,48,70,63,35,65,24,43,13,87,43,52,57,7,76,83,96,87,2. Bundesliga
Kaiserslautern,dmw05a03pgt48fnf9ikxs6i1o,81yqeo02okqakoiura0wnxv1m,P. Joly,Paul Joly,26,Defender,France,Defender,23.0,39.0,5.0,59.0,2.0,1.0,2.0,1.0,1.0,1.0,4.0,7.0,7.0,5.0,0.0,3.0,205.0,1.0,4.0,0.0,2.0,2.0,3.0,0.0,0.0,0.0,66.29,25.0,23.08,50.0,50.0,25.93,33.33,66.67,0.1434316557593769,0.108187394658993,1.0,3.0,0.0777775199999999,4.0,11.0,11.0,0.3570294399999999,37.0,10.097560975609756,17.121951219512194,2.1951219512195124,25.902439024390244,0.8780487804878049,0.4390243902439024,0.8780487804878049,0.4390243902439024,0.4390243902439024,0.4390243902439024,1.7560975609756098,3.073170731707317,3.073170731707317,2.1951219512195124,0.0,1.3170731707317074,0.4390243902439024,1.7560975609756098,0.0,0.8780487804878049,0.8780487804878049,1.3170731707317074,0.0,0.0,0.0,66.29,25.0,23.08,50.0,50.0,25.93,33.33,66.67,0.0629699952114337,0.0474969049722408,0.4390243902439024,1.3170731707317074,0.0341462282926828,1.7560975609756098,4.829268292682927,4.829268292682927,0.1567446321951219,16.243902439024392,RB/RCB,10,14,19,10,24,19,29,36,40,57,50,79,5,19,40,43,60,43,7,57,19,74,40,40,52,5,10,71,67,79,5,29,43,24,43,43,48,57,67,38,29,38,21,24,62,76,33,48,52,62,52,52,76,71,95,19,24,40,71,81,71,7,81,48,90,40,40,52,5,10,71,67,79,5,29,43,52,52,62,76,76,100,95,95,76,62,2. Bundesliga
Kaiserslautern,dmw05a03pgt48fnf9ikxs6i1o,9o83lsxfn8bdtljxekx42xq6t,M. Ritter,Marlon Ritter,31,Midfielder,Germany,Midfielder,12.0,70.0,12.0,78.0,0.0,4.0,11.0,6.0,5.0,3.0,4.0,4.0,12.0,1.0,0.0,0.0,337.0,3.0,9.0,9.0,1.0,1.0,4.0,0.0,0.0,0.0,68.42,54.55,16.67,25.0,27.27,44.44,0.0,50.0,0.6544307694455009,0.5630891022811721,5.0,3.0,0.06268938,4.0,12.0,15.0,0.3494843199999999,35.0,3.204747774480712,18.69436201780416,3.204747774480712,20.83086053412463,0.0,1.0682492581602374,2.9376854599406528,1.602373887240356,1.3353115727002969,0.8011869436201781,1.0682492581602374,1.0682492581602374,3.204747774480712,0.2670623145400593,0.0,0.0,0.8011869436201781,2.4035608308605343,2.4035608308605343,0.2670623145400593,0.2670623145400593,1.0682492581602374,0.0,0.0,0.0,68.42,54.55,16.67,25.0,27.27,44.44,0.0,50.0,0.1747737959943474,0.150379878947494,1.3353115727002969,0.8011869436201781,0.0167419709198813,1.0682492581602374,3.204747774480712,4.00593471810089,0.0933340913946587,9.347181008902076,CM/AM,15,57,91,39,24,35,83,85,83,76,28,26,33,30,37,11,74,63,87,20,28,74,28,52,50,13,52,52,15,43,43,24,48,74,70,89,11,13,61,46,61,35,30,9,43,96,17,24,26,78,83,74,74,26,22,22,35,37,11,78,48,87,13,22,74,28,52,50,13,52,52,15,43,43,24,48,74,61,78,9,9,52,43,48,30,26,2. Bundesliga
Kaiserslautern,dmw05a03pgt48fnf9ikxs6i1o,b9sg12k0kbh2u3frtmsf6074k,T. Tazemeta,Thierry Tazemeta,19,Midfielder,Austria,Midfielder,10.0,47.0,0.0,57.0,8.0,3.0,9.0,6.0,3.0,1.0,19.0,20.0,30.0,4.0,2.0,2.0,224.0,4.0,12.0,3.0,13.0,5.0,0.0,0.0,0.0,0.0,83.82,0.0,0.0,68.42,44.44,53.57,53.33,83.33,0.7035687198392052,0.2185726360675835,5.0,9.0,0.25139896,3.0,5.0,5.0,0.0910264999999999,21.0,4.017857142857142,18.88392857142857,0.0,22.901785714285715,3.2142857142857144,1.2053571428571428,3.616071428571429,2.4107142857142856,1.2053571428571428,0.4017857142857143,7.633928571428571,8.035714285714285,12.053571428571429,1.6071428571428572,0.8035714285714286,0.8035714285714286,1.6071428571428572,4.821428571428571,1.2053571428571428,5.223214285714286,2.008928571428571,0.0,0.0,0.0,0.0,83.82,0.0,0.0,68.42,44.44,53.57,53.33,83.33,0.2826838606496806,0.0878193627057255,2.008928571428571,3.616071428571429,0.1010085107142857,1.2053571428571428,2.008928571428571,2.008928571428571,0.0365731473214285,8.4375,CM/AM,4,30,7,22,100,24,74,85,39,17,100,100,96,80,91,41,85,72,24,100,83,17,28,52,50,83,7,17,78,70,74,96,76,78,17,89,70,65,43,13,9,4,9,13,48,7,35,100,39,87,91,61,22,100,100,100,100,96,61,96,96,52,100,96,17,28,52,50,83,7,17,78,70,74,96,76,91,26,100,83,96,70,17,9,4,17,2. Bundesliga
Kaiserslautern,dmw05a03pgt48fnf9ikxs6i1o,bnar4f48vnx4oaz2lzch48es5,J. Rasmussen,Jacob Rasmussen,29,Defender,Denmark,Defender,131.0,101.0,25.0,231.0,22.0,4.0,2.0,2.0,0.0,0.0,1.0,1.0,31.0,41.0,0.0,7.0,450.0,1.0,4.0,3.0,0.0,2.0,1.0,0.0,0.0,0.0,79.38,48.08,20.0,0.0,50.0,65.96,70.97,28.57,0.3256329256299454,0.3266458622986193,0.0,3.0,0.05669074,4.0,23.0,31.0,0.67586873,138.0,26.2,20.2,5.0,46.2,4.4,0.8,0.4,0.4,0.0,0.0,0.2,0.2,6.2,8.2,0.0,1.4,0.2,0.8,0.6,0.0,0.4,0.2,0.0,0.0,0.0,79.38,48.08,20.0,0.0,50.0,65.96,70.97,28.57,0.065126585125989,0.0653291724597238,0.0,0.6,0.011338148,0.8,4.6,6.2,0.135173746,27.6,CB,61,88,100,76,100,89,39,55,30,30,50,48,98,94,42,70,61,52,53,30,23,85,44,45,52,15,55,88,30,80,94,94,14,67,91,32,56,48,97,92,100,91,70,33,82,100,58,97,89,33,42,30,30,44,44,89,91,42,59,48,45,45,30,15,85,44,45,52,15,55,88,30,80,94,94,14,58,91,32,47,45,97,86,97,88,52,2. Bundesliga
Kaiserslautern,dmw05a03pgt48fnf9ikxs6i1o,bydicw8aoqtybqxs9vxes7a0a,M. Gyamfi,Maxwell Gyamfi,26,Defender,Germany,Defender,107.0,39.0,4.0,146.0,8.0,1.0,1.0,1.0,0.0,0.0,0.0,0.0,25.0,31.0,0.0,2.0,444.0,0.0,2.0,9.0,0.0,5.0,0.0,0.0,1.0,0.0,86.9,28.57,0.0,0.0,0.0,69.44,57.14,62.5,0.0732842431246882,0.080820210287827,0.0,1.0,0.0199707,0.0,5.0,7.0,0.1760397499999999,96.0,21.68918918918919,7.905405405405405,0.8108108108108107,29.5945945945946,1.6216216216216215,0.2027027027027027,0.2027027027027027,0.2027027027027027,0.0,0.0,0.0,0.0,5.067567567567568,6.283783783783783,0.0,0.4054054054054054,0.0,0.4054054054054054,1.8243243243243243,0.0,1.0135135135135134,0.0,0.0,0.2027027027027027,0.0,86.9,28.57,0.0,0.0,0.0,69.44,57.14,62.5,0.0148549141468962,0.0163824750583433,0.0,0.2027027027027027,0.0040481148648648,0.0,1.0135135135135134,1.4189189189189189,0.035683733108108,19.45945945945946,CB,39,18,8,21,55,38,20,24,30,30,20,20,76,74,42,11,21,23,100,30,76,42,44,95,52,45,15,42,30,21,100,53,50,18,39,32,29,36,24,9,12,9,32,15,6,6,9,33,30,18,21,30,30,20,20,67,64,42,6,21,21,100,30,76,42,44,97,52,45,15,42,30,21,100,53,50,18,36,32,24,27,24,9,6,3,18,2. Bundesliga
Kaiserslautern,dmw05a03pgt48fnf9ikxs6i1o,cx771rvpay5m6ltl3gk0u3g4q,S. Asta,Simon Asta,25,Defender,Germany,Defender,15.0,32.0,3.0,47.0,2.0,3.0,1.0,1.0,0.0,0.0,5.0,6.0,10.0,3.0,0.0,1.0,244.0,0.0,7.0,5.0,1.0,2.0,0.0,0.0,0.0,0.0,71.21,50.0,0.0,20.0,0.0,34.48,28.57,100.0,0.1133852072767974,0.2465359520301548,0.0,1.0,0.02122129,1.0,2.0,4.0,0.08192162,14.0,5.532786885245901,11.803278688524587,1.1065573770491803,17.33606557377049,0.7377049180327868,1.1065573770491803,0.3688524590163934,0.3688524590163934,0.0,0.0,1.8442622950819672,2.2131147540983607,3.6885245901639343,1.1065573770491803,0.0,0.3688524590163934,0.0,2.581967213114754,1.8442622950819672,0.3688524590163934,0.7377049180327868,0.0,0.0,0.0,0.0,71.21,50.0,0.0,20.0,0.0,34.48,28.57,100.0,0.0418224125201301,0.0909353921422702,0.0,0.3688524590163934,0.007827525,0.3688524590163934,0.7377049180327868,1.4754098360655736,0.0302169909836065,5.163934426229508,RB/RCB,5,10,14,5,24,62,12,36,17,24,69,69,14,12,40,17,21,74,76,36,19,26,40,40,52,10,69,26,31,21,10,17,95,19,57,17,10,10,24,5,5,5,5,5,24,14,5,38,71,14,43,17,24,76,76,38,14,40,24,21,90,90,43,19,26,40,40,52,10,69,26,31,21,10,17,95,24,71,17,14,14,38,5,5,5,5,2. Bundesliga
Kaiserslautern,dmw05a03pgt48fnf9ikxs6i1o,cz1x6wxet4gw70j9p2t7991hx,J. Elvedi,Jan Elvedi,29,Defender,Switzerland,Defender,90.0,76.0,10.0,164.0,14.0,3.0,5.0,4.0,1.0,0.0,3.0,3.0,28.0,32.0,0.0,7.0,450.0,2.0,8.0,4.0,2.0,8.0,2.0,0.0,0.0,0.0,82.83,50.0,66.67,66.67,40.0,60.87,60.87,100.0,0.5843305667598505,0.2502907253725143,1.0,2.0,0.0348216,0.0,21.0,26.0,0.5215765799999995,99.0,18.0,15.2,2.0,32.8,2.8,0.6,1.0,0.8,0.2,0.0,0.6,0.6,5.6,6.4,0.0,1.4,0.4,1.6,0.8,0.4,1.6,0.4,0.0,0.0,0.0,82.83,50.0,66.67,66.67,40.0,60.87,60.87,100.0,0.1168661133519701,0.0500581450745028,0.2,0.4,0.00696432,0.0,4.2,5.2,0.1043153159999999,19.8,CB,18,67,48,33,83,79,86,85,76,30,83,79,85,80,42,70,89,83,68,86,88,88,44,45,52,30,62,97,77,70,64,64,95,91,85,74,42,39,24,82,94,82,36,12,55,39,18,74,73,76,79,67,30,73,70,79,68,42,59,80,76,61,79,85,88,44,45,52,30,62,97,77,70,64,64,95,82,82,67,39,39,24,73,82,76,21,2. Bundesliga
Kaiserslautern,dmw05a03pgt48fnf9ikxs6i1o,d7rzuhjvst3evprsco50069lg,M. Haas,Mika Haas,21,Defender,Germany,Defender,58.0,55.0,4.0,106.0,6.0,5.0,0.0,0.0,0.0,0.0,4.0,4.0,19.0,19.0,0.0,3.0,373.0,0.0,7.0,4.0,1.0,4.0,7.0,0.0,0.0,0.0,83.46,80.0,43.75,25.0,0.0,48.72,60.0,50.0,0.0,0.4625866961432627,0.0,4.0,0.11028449,4.0,5.0,10.0,0.4680917499999999,61.0,13.994638069705092,13.27077747989276,0.9651474530831098,25.57640750670241,1.4477211796246647,1.206434316353887,0.0,0.0,0.0,0.0,0.9651474530831098,0.9651474530831098,4.584450402144772,4.584450402144772,0.0,0.7238605898123324,0.0,1.6890080428954422,0.9651474530831098,0.2412868632707774,0.9651474530831098,1.6890080428954422,0.0,0.0,0.0,83.46,80.0,43.75,25.0,0.0,48.72,60.0,50.0,0.0,0.1116160929032001,0.0,0.9651474530831098,0.0266101986595174,0.9651474530831098,1.206434316353887,2.412868632707774,0.1129443900804289,14.718498659517424,LB/LCB,35,25,12,20,70,68,8,18,22,32,50,45,68,82,48,38,22,80,60,38,62,95,35,48,52,55,100,85,35,22,35,75,38,8,75,22,48,55,78,10,25,45,38,35,25,5,20,65,70,8,18,22,32,45,40,70,80,48,40,22,85,55,35,60,95,35,48,52,55,100,85,35,22,35,75,38,8,70,22,35,45,70,10,10,30,30,2. Bundesliga
Kaiserslautern,dmw05a03pgt48fnf9ikxs6i1o,d9jj0525pm3nu9vqewtpo2rpx,M. Berisha,Mërgim Berisha,28,Attacker,Germany,Striker,14.0,25.0,0.0,39.0,3.0,2.0,9.0,6.0,3.0,3.0,3.0,3.0,13.0,4.0,1.0,0.0,239.0,3.0,8.0,3.0,3.0,2.0,0.0,0.0,0.0,0.0,78.0,0.0,0.0,100.0,33.33,46.43,37.5,50.0,1.0611689711308352,0.1466128366474043,1.0,0.0,0.0,0.0,4.0,5.0,0.07136771,15.0,5.271966527196653,9.414225941422597,0.0,14.686192468619248,1.1297071129707112,0.7531380753138076,3.389121338912134,2.2594142259414225,1.1297071129707112,1.1297071129707112,1.1297071129707112,1.1297071129707112,4.895397489539749,1.5062761506276152,0.3765690376569038,0.0,1.1297071129707112,3.0125523012552304,1.1297071129707112,1.1297071129707112,0.7531380753138076,0.0,0.0,0.0,0.0,78.0,0.0,0.0,100.0,33.33,46.43,37.5,50.0,0.3996033782501053,0.0552098548044618,0.3765690376569038,0.0,0.0,0.0,1.5062761506276152,1.882845188284519,0.0268748698744769,5.648535564853557,ST,28,26,17,21,33,7,47,33,67,69,29,26,29,66,34,33,31,12,45,50,64,34,29,52,52,86,17,34,95,33,62,40,52,52,7,24,3,3,14,66,55,21,31,62,59,17,52,48,14,69,52,90,83,38,38,62,90,48,33,48,14,59,62,76,34,29,52,52,86,17,34,95,33,62,40,52,76,21,34,3,3,14,76,62,24,62,2. Bundesliga
Kaiserslautern,dmw05a03pgt48fnf9ikxs6i1o,o5vd32oa837a8vttimjoaw2d,F. Kunze,Fabian Kunze,28,Midfielder,Germany,Midfielder,71.0,85.0,4.0,156.0,9.0,2.0,4.0,1.0,3.0,2.0,7.0,8.0,30.0,8.0,0.0,5.0,419.0,1.0,7.0,7.0,3.0,9.0,0.0,0.0,0.0,0.0,83.42,36.36,0.0,42.86,25.0,54.55,56.25,81.82,0.3714906656817523,0.1269499986828933,3.0,4.0,0.08667653,3.0,24.0,25.0,0.3234349600000001,87.0,15.250596658711215,18.25775656324582,0.8591885441527446,33.50835322195704,1.933174224343676,0.4295942720763723,0.8591885441527446,0.2147971360381861,0.6443914081145584,0.4295942720763723,1.503579952267303,1.7183770883054892,6.443914081145584,1.7183770883054892,0.0,1.0739856801909309,0.2147971360381861,1.503579952267303,1.503579952267303,0.6443914081145584,1.933174224343676,0.0,0.0,0.0,0.0,83.42,36.36,0.0,42.86,25.0,54.55,56.25,81.82,0.0797951310533596,0.0272684961371369,0.6443914081145584,0.8591885441527446,0.0186178704057279,0.6443914081145584,5.155131264916467,5.369928400954653,0.0694729031026253,18.6873508353222,DM/CM,44,58,21,45,76,27,39,19,73,66,84,85,77,47,31,58,42,58,73,79,94,34,35,52,52,32,23,34,52,44,61,55,82,45,23,82,44,39,69,76,87,35,55,32,55,13,29,77,26,32,16,68,71,81,84,68,39,31,48,35,55,71,84,97,34,35,52,52,32,23,34,52,44,61,55,82,42,19,81,35,35,74,77,94,26,48,2. Bundesliga
Magdeburg,7tsc39uwtnq238hrx6d9zi3xy,2nrkoyk72b7zd62cknp8ytln9,T. Müller,Tobias Müller,32,Defender,Germany,Defender,115.0,46.0,13.0,161.0,1.0,1.0,0.0,0.0,0.0,0.0,1.0,1.0,11.0,14.0,0.0,0.0,277.0,0.0,1.0,1.0,1.0,5.0,0.0,1.0,0.0,0.0,93.06,72.22,0.0,100.0,0.0,44.0,25.0,62.5,0.0,0.0513327805572748,0.0,3.0,0.06252566,1.0,9.0,8.0,0.2291462599999999,96.0,37.36462093862816,14.945848375451265,4.223826714801444,52.31046931407942,0.3249097472924188,0.3249097472924188,0.0,0.0,0.0,0.0,0.3249097472924188,0.3249097472924188,3.574007220216606,4.548736462093863,0.0,0.0,0.0,0.3249097472924188,0.3249097472924188,0.3249097472924188,1.624548736462094,0.0,0.3249097472924188,0.0,0.0,93.06,72.22,0.0,100.0,0.0,44.0,25.0,62.5,0.0,0.0166785207586813,0.0,0.9747292418772564,0.0203151963898916,0.3249097472924188,2.9241877256317688,2.5992779783393503,0.0744518534296028,31.1913357400722,CB,48,27,59,29,6,38,6,9,30,30,50,48,9,23,42,3,21,11,20,68,76,42,92,45,52,100,97,42,94,21,6,8,50,6,30,32,56,55,58,33,18,18,32,85,52,91,76,9,42,6,9,30,30,58,55,30,39,42,3,21,12,21,70,88,42,94,45,52,100,97,42,94,21,6,8,50,6,39,32,70,70,61,48,30,33,70,2. Bundesliga
Magdeburg,7tsc39uwtnq238hrx6d9zi3xy,3fhqq4991etzowo979yey5ega,F. Michel,Falko Michel,25,Midfielder,Germany,Midfielder,104.0,84.0,19.0,188.0,6.0,2.0,8.0,6.0,2.0,3.0,5.0,5.0,25.0,18.0,1.0,4.0,426.0,1.0,7.0,11.0,1.0,4.0,0.0,0.0,0.0,0.0,85.84,61.29,0.0,20.0,12.5,51.02,54.55,50.0,0.6339928788697335,0.0336515526352348,3.0,5.0,0.10726661,2.0,18.0,17.0,0.28784991,107.0,21.97183098591549,17.746478873239436,4.014084507042253,39.71830985915493,1.267605633802817,0.4225352112676056,1.6901408450704225,1.267605633802817,0.4225352112676056,0.6338028169014085,1.056338028169014,1.056338028169014,5.28169014084507,3.8028169014084505,0.2112676056338028,0.8450704225352113,0.2112676056338028,1.4788732394366195,2.323943661971831,0.2112676056338028,0.8450704225352113,0.0,0.0,0.0,0.0,85.84,61.29,0.0,20.0,12.5,51.02,54.55,50.0,0.1339421575076901,0.0071094829511059,0.6338028169014085,1.056338028169014,0.0226619598591549,0.4225352112676056,3.8028169014084505,3.591549295774648,0.0608133612676056,22.6056338028169,DM/CM,84,55,97,68,61,27,85,97,48,84,65,63,65,90,74,40,42,58,90,39,37,34,35,52,52,61,74,34,35,26,47,48,37,71,6,82,58,56,53,65,68,26,71,71,48,97,58,52,23,81,97,48,84,65,61,58,87,77,35,32,52,87,35,32,34,35,52,52,61,74,34,35,26,47,48,37,74,6,77,48,52,52,58,52,23,68,2. Bundesliga
Magdeburg,7tsc39uwtnq238hrx6d9zi3xy,84qe6053b105nvafop1d60e09,M. Kwarteng,Moritz-Broni Kwarteng,28,Midfielder,Germany,Midfielder,30.0,51.0,5.0,81.0,2.0,8.0,5.0,1.0,4.0,2.0,7.0,7.0,15.0,3.0,0.0,2.0,282.0,1.0,4.0,3.0,3.0,4.0,0.0,1.0,0.0,0.0,83.51,55.56,0.0,42.86,20.0,53.57,40.0,57.14,0.244518000845114,0.5936768100192983,4.0,7.0,0.16433401,5.0,7.0,10.0,0.3182181999999999,43.0,9.574468085106384,16.27659574468085,1.5957446808510638,25.85106382978724,0.6382978723404256,2.5531914893617023,1.5957446808510638,0.3191489361702128,1.2765957446808511,0.6382978723404256,2.2340425531914896,2.2340425531914896,4.787234042553192,0.9574468085106383,0.0,0.6382978723404256,0.3191489361702128,1.2765957446808511,0.9574468085106383,0.9574468085106383,1.2765957446808511,0.0,0.3191489361702128,0.0,0.0,83.51,55.56,0.0,42.86,20.0,53.57,40.0,57.14,0.0780376598441853,0.1894713223465845,1.2765957446808511,2.2340425531914896,0.0524470244680851,1.5957446808510638,2.2340425531914896,3.191489361702128,0.1015589999999999,13.72340425531915,CM,100,100,100,100,100,100,100,100,100,100,100,100,100,100,100,100,100,100,100,100,100,100,100,100,100,100,100,100,100,100,100,100,100,100,100,100,100,100,100,100,100,100,100,100,100,100,100,100,100,100,100,100,100,100,100,100,100,100,100,100,100,100,100,100,100,100,100,100,100,100,100,100,100,100,100,100,100,100,100,100,100,100,100,100,100,100,2. Bundesliga
Magdeburg,7tsc39uwtnq238hrx6d9zi3xy,8j19g553xmh4lr4kz6r0mqi8l,B. Atik,Baris Atik,31,Attacker,Türkiye,Striker,57.0,112.0,18.0,165.0,4.0,17.0,6.0,3.0,3.0,2.0,15.0,15.0,17.0,1.0,0.0,1.0,448.0,1.0,16.0,3.0,7.0,2.0,4.0,4.0,0.0,0.0,79.71,62.07,14.81,46.67,16.67,33.33,33.33,66.67,0.3617468598760947,1.5121833727504996,5.0,24.0,0.6894911100000001,7.0,22.0,33.0,1.1717862600000002,72.0,11.450892857142858,22.5,3.616071428571429,33.14732142857143,0.8035714285714286,3.415178571428571,1.2053571428571428,0.6026785714285714,0.6026785714285714,0.4017857142857143,3.013392857142857,3.013392857142857,3.415178571428571,0.2008928571428571,0.0,0.2008928571428571,0.2008928571428571,3.2142857142857144,0.6026785714285714,1.40625,0.4017857142857143,0.8035714285714286,0.8035714285714286,0.0,0.0,79.71,62.07,14.81,46.67,16.67,33.33,33.33,66.67,0.0726723602429654,0.30378683827577,1.0044642857142856,4.821428571428571,0.1385138390625,1.40625,4.419642857142857,6.629464285714286,0.2354034897321429,14.464285714285714,LW,88,100,100,100,94,100,44,19,75,69,62,56,44,19,31,31,44,62,31,56,31,75,100,50,56,62,62,50,56,44,25,25,44,38,88,88,100,100,75,100,100,100,100,88,100,100,100,62,100,25,12,62,62,38,38,38,12,31,25,38,38,12,44,12,62,100,50,56,62,62,50,56,44,25,25,44,12,88,75,88,88,62,100,100,100,100,2. Bundesliga
Magdeburg,7tsc39uwtnq238hrx6d9zi3xy,aeks1yjg9e1a07zdtor0yvluy,M. Żukowski,Mateusz Zukowski,24,Attacker,Poland,Striker,19.0,27.0,3.0,43.0,4.0,5.0,22.0,17.0,5.0,2.0,7.0,7.0,15.0,1.0,2.0,0.0,440.0,10.0,29.0,4.0,2.0,5.0,3.0,0.0,0.0,0.0,74.14,100.0,60.0,28.57,45.45,34.88,26.67,100.0,2.3855349032794018,0.4933597383357126,7.0,3.0,0.0998614199999999,2.0,3.0,5.0,0.5117636,17.0,3.886363636363636,5.5227272727272725,0.6136363636363635,8.795454545454545,0.8181818181818181,1.0227272727272727,4.5,3.477272727272727,1.0227272727272727,0.409090909090909,1.4318181818181817,1.4318181818181817,3.068181818181818,0.2045454545454545,0.409090909090909,0.0,2.0454545454545454,5.931818181818182,0.8181818181818181,0.409090909090909,1.0227272727272727,0.6136363636363635,0.0,0.0,0.0,74.14,100.0,60.0,28.57,45.45,34.88,26.67,100.0,0.4879503211253321,0.1009144919323048,1.4318181818181817,0.6136363636363635,0.0204261995454545,0.409090909090909,0.6136363636363635,1.0227272727272727,0.1046789181818181,3.477272727272727,ST,52,40,66,36,47,64,95,93,90,47,53,53,40,19,66,33,98,95,60,29,97,79,29,52,52,66,93,97,17,62,12,21,91,97,72,98,45,48,55,50,55,79,43,24,14,59,7,31,38,93,90,83,28,52,48,14,7,55,33,93,83,52,21,97,76,29,52,52,66,93,97,17,62,12,21,91,90,52,90,31,38,48,31,38,72,24,2. Bundesliga
Magdeburg,7tsc39uwtnq238hrx6d9zi3xy,bnbxzr09vcjvl6uxh2zpafb9x,E. Iyoha,Emmanuel Iyoha,28,Attacker,Germany,Striker,43.0,56.0,3.0,99.0,4.0,3.0,9.0,8.0,1.0,2.0,13.0,14.0,22.0,5.0,3.0,5.0,425.0,4.0,16.0,9.0,6.0,2.0,0.0,0.0,0.0,0.0,77.95,30.0,0.0,46.15,44.44,56.41,50.0,66.67,0.7611784765562639,0.237147433326665,2.0,8.0,0.24797848,0.0,7.0,13.0,0.5097170900000001,32.0,9.105882352941176,11.858823529411763,0.6352941176470588,20.96470588235294,0.8470588235294118,0.6352941176470588,1.9058823529411764,1.6941176470588235,0.2117647058823529,0.4235294117647059,2.752941176470588,2.9647058823529413,4.658823529411765,1.0588235294117647,0.6352941176470588,1.0588235294117647,0.8470588235294118,3.388235294117647,1.9058823529411764,1.2705882352941176,0.4235294117647059,0.0,0.0,0.0,0.0,77.95,30.0,0.0,46.15,44.44,56.41,50.0,66.67,0.1611907362119147,0.0502194564691761,0.4235294117647059,1.6941176470588235,0.0525130898823529,0.0,1.4823529411764709,2.752941176470588,0.1079400896470588,6.776470588235294,ST,100,83,66,97,47,28,47,57,31,47,84,83,76,76,86,100,52,47,98,83,64,34,29,52,52,83,34,34,45,53,93,72,76,38,31,53,76,72,14,81,93,76,83,100,76,66,93,34,10,28,45,14,31,72,76,52,69,83,100,34,24,93,66,48,34,29,52,52,83,34,34,45,53,93,72,76,21,7,45,72,69,14,72,86,76,76,2. Bundesliga
Magdeburg,7tsc39uwtnq238hrx6d9zi3xy,bv5f7oter2ppn71ti2434vlyh,A. Nollenberger,Alexander Nollenberger,29,Attacker,Germany,Striker,69.0,72.0,9.0,137.0,3.0,4.0,9.0,6.0,3.0,0.0,15.0,18.0,26.0,7.0,3.0,3.0,439.0,5.0,13.0,6.0,8.0,8.0,4.0,1.0,2.0,0.0,87.26,75.0,15.38,53.33,55.56,59.09,60.0,88.89,0.6517697268257233,0.4694263855680878,4.0,19.0,0.5706730799999998,9.0,6.0,7.0,1.0920502799999996,43.0,14.145785876993164,14.760820045558086,1.8451025056947608,28.08656036446469,0.6150341685649202,0.8200455580865603,1.8451025056947608,1.2300683371298404,0.6150341685649202,0.0,3.075170842824601,3.6902050113895215,5.330296127562642,1.4350797266514803,0.6150341685649202,0.6150341685649202,1.0250569476082003,2.665148063781321,1.2300683371298404,1.6400911161731206,1.6400911161731206,0.8200455580865603,0.20501138952164,0.4100227790432801,0.0,87.26,75.0,15.38,53.33,55.56,59.09,60.0,88.89,0.1336202173446813,0.0962377555834348,0.8200455580865603,3.895216400911161,0.116994481093394,1.8451025056947608,1.2300683371298404,1.4350797266514803,0.223882745330296,8.815489749430522,LW,100,62,81,88,56,50,81,69,75,12,62,88,88,100,88,88,81,50,88,75,100,75,56,100,56,100,94,62,75,81,100,88,62,62,50,69,75,75,100,62,50,88,75,100,50,88,88,38,12,50,38,75,12,50,75,62,75,75,62,62,12,62,62,100,75,38,100,56,100,94,62,75,81,100,88,62,50,38,50,62,62,88,50,38,88,50,2. Bundesliga
Magdeburg,7tsc39uwtnq238hrx6d9zi3xy,d5g7rl9a83vu3cyyzvu5yveqy,A. MacNulty,Anselmo MacNulty,23,Defender,Republic of Ireland,Defender,230.0,94.0,14.0,323.0,5.0,0.0,3.0,3.0,0.0,0.0,5.0,5.0,21.0,27.0,0.0,2.0,450.0,1.0,5.0,4.0,4.0,7.0,1.0,0.0,0.0,0.0,87.53,29.79,50.0,80.0,33.33,53.85,38.46,77.78,0.2675897412241422,0.0,1.0,1.0,0.01870347,2.0,22.0,25.0,0.57609429,163.0,46.0,18.8,2.8,64.6,1.0,0.0,0.6,0.6,0.0,0.0,1.0,1.0,4.2,5.4,0.0,0.4,0.2,1.0,0.8,0.8,1.4,0.2,0.0,0.0,0.0,87.53,29.79,50.0,80.0,33.33,53.85,38.46,77.78,0.0535179482448284,0.0,0.2,0.2,0.003740694,0.4,4.4,5.0,0.115218858,32.6,LB/LCB,100,75,85,100,57,5,65,88,22,32,68,62,82,100,48,22,62,68,60,85,88,35,35,48,52,85,15,92,90,68,40,20,85,80,5,62,10,10,42,85,90,60,100,95,55,80,95,50,5,55,70,22,32,50,45,45,95,48,18,55,60,48,72,80,28,35,48,52,85,15,92,90,68,40,20,85,70,5,48,8,5,25,85,80,40,90,2. Bundesliga
Magdeburg,7tsc39uwtnq238hrx6d9zi3xy,ex263044s3lw0qei74nb5e904,L. Hyryläinen,Luka Hyryläinen,22,Midfielder,Finland,Midfielder,97.0,74.0,5.0,170.0,14.0,4.0,3.0,2.0,1.0,2.0,6.0,7.0,37.0,16.0,1.0,9.0,429.0,1.0,8.0,9.0,2.0,7.0,1.0,1.0,0.0,0.0,85.0,35.71,100.0,33.33,33.33,53.62,58.33,58.33,0.3108670183513415,0.3529396439416779,0.0,1.0,0.05491138,1.0,11.0,15.0,0.6458922,71.0,20.34965034965035,15.524475524475523,1.048951048951049,35.66433566433567,2.937062937062937,0.8391608391608392,0.6293706293706294,0.4195804195804196,0.2097902097902098,0.4195804195804196,1.2587412587412588,1.4685314685314683,7.762237762237762,3.3566433566433567,0.2097902097902098,1.888111888111888,0.2097902097902098,1.6783216783216783,1.888111888111888,0.4195804195804196,1.4685314685314683,0.2097902097902098,0.2097902097902098,0.0,0.0,85.0,35.71,100.0,33.33,33.33,53.62,58.33,58.33,0.0652168569967849,0.0740432819458065,0.0,0.2097902097902098,0.0115198699300699,0.2097902097902098,2.307692307692308,3.146853146853147,0.1355018601398601,14.895104895104897,DM/CM,74,52,32,55,94,53,24,40,24,66,74,79,95,82,74,95,42,69,84,61,82,74,82,52,52,55,19,100,42,68,55,65,55,39,68,11,8,26,35,27,53,87,39,65,35,26,42,94,53,16,34,23,65,74,77,97,77,71,97,29,68,81,63,74,73,84,52,52,55,19,100,42,68,55,65,55,32,65,11,3,23,32,13,39,87,23,2. Bundesliga
Nürnberg,c8rdmlwqz77xe8yzv3r881dz3,1el5jabd8ax82groqut6z9a1g,T. Janisch,Tim Janisch,21,Defender,Germany,Defender,54.0,64.0,6.0,114.0,2.0,4.0,2.0,1.0,1.0,0.0,12.0,13.0,19.0,6.0,1.0,0.0,359.0,2.0,7.0,8.0,5.0,3.0,4.0,0.0,0.0,0.0,85.07,42.86,44.44,41.67,100.0,47.5,28.57,75.0,0.174494161369549,0.4093963768116288,1.0,6.0,0.15451797,4.0,16.0,19.0,0.4646261900000001,61.0,13.537604456824512,16.044568245125348,1.504178272980501,28.579387186629525,0.5013927576601671,1.0027855153203342,0.5013927576601671,0.2506963788300835,0.2506963788300835,0.0,3.0083565459610027,3.2590529247910864,4.763231197771588,1.504178272980501,0.2506963788300835,0.0,0.5013927576601671,1.7548746518105849,2.0055710306406684,1.2534818941504178,0.7520891364902507,1.0027855153203342,0.0,0.0,0.0,85.07,42.86,44.44,41.67,100.0,47.5,28.57,75.0,0.0437450543823381,0.1026341891728317,0.2506963788300835,1.504178272980501,0.0387370955431754,1.0027855153203342,4.011142061281337,4.763231197771588,0.1164801033426184,15.292479108635098,RB/RCB,52,62,33,55,24,79,29,36,40,24,100,100,52,24,88,5,86,74,90,93,33,86,40,40,52,76,45,95,52,98,33,17,55,33,76,43,88,86,67,74,81,57,52,52,57,33,52,14,67,29,38,38,24,100,100,57,19,86,5,86,67,95,100,24,81,40,40,52,76,45,95,52,98,33,17,55,29,76,43,90,86,76,81,90,62,52,2. Bundesliga
Nürnberg,c8rdmlwqz77xe8yzv3r881dz3,1qw1mczntkei5rdhqb5mdspp0,P. Scobel,Piet Scobel,21,Attacker,Germany,Striker,20.0,22.0,0.0,42.0,16.0,6.0,19.0,18.0,1.0,1.0,2.0,2.0,20.0,6.0,3.0,3.0,400.0,9.0,22.0,2.0,0.0,2.0,0.0,1.0,0.0,0.0,65.62,0.0,0.0,0.0,47.37,48.78,55.17,100.0,2.2873428175511865,0.4400196713216789,2.0,1.0,0.01685596,1.0,1.0,1.0,0.0156983999999999,9.0,4.5,4.95,0.0,9.45,3.6,1.35,4.275,4.05,0.2249999999999999,0.2249999999999999,0.4499999999999999,0.4499999999999999,4.5,1.35,0.6749999999999999,0.6749999999999999,2.025,4.95,0.4499999999999999,0.0,0.4499999999999999,0.0,0.2249999999999999,0.0,0.0,65.62,0.0,0.0,0.0,47.37,48.78,55.17,100.0,0.514652133949017,0.0990044260473777,0.4499999999999999,0.2249999999999999,0.0037925909999999,0.2249999999999999,0.2249999999999999,0.2249999999999999,0.0035321399999999,2.025,ST,59,17,17,29,93,71,86,97,31,21,14,12,72,88,86,90,91,71,28,7,64,34,71,52,52,21,17,34,7,66,69,79,91,93,66,53,16,7,34,10,10,3,14,38,7,17,17,90,66,86,100,21,14,10,10,48,79,86,90,90,66,24,7,62,34,62,52,52,21,17,34,7,66,69,79,91,93,48,52,7,7,28,14,7,3,10,2. Bundesliga
Nürnberg,c8rdmlwqz77xe8yzv3r881dz3,2eaelm8qn6rvw1tm7p7hyq54a,A. Markhiyev,Adam Markhiyev,24,Midfielder,Finland,Midfielder,125.0,156.0,18.0,277.0,4.0,8.0,8.0,1.0,7.0,1.0,8.0,8.0,41.0,15.0,3.0,4.0,450.0,3.0,4.0,12.0,4.0,11.0,4.0,1.0,0.0,0.0,89.94,64.29,30.77,50.0,37.5,56.16,57.14,52.38,0.514299669094834,0.8308365097134811,4.0,16.0,0.33117004,5.0,36.0,34.0,0.8935432700000002,174.0,25.0,31.2,3.6,55.4,0.8,1.6,1.6,0.2,1.4,0.2,1.6,1.6,8.2,3.0,0.6,0.8,0.6,0.8,2.4,0.8,2.2,0.8,0.2,0.0,0.0,89.94,64.29,30.77,50.0,37.5,56.16,57.14,52.38,0.1028599338189668,0.1661673019426962,0.8,3.2,0.066234008,1.0,7.2,6.8,0.178708654,34.8,DM/CM,94,100,92,97,45,90,85,19,100,45,90,85,100,77,98,40,90,32,95,89,100,97,82,52,52,94,87,71,60,81,71,60,48,61,94,92,94,90,84,100,100,97,100,87,97,90,97,37,89,74,11,100,39,84,81,100,71,98,16,84,13,90,87,100,97,73,52,52,94,87,71,60,81,71,60,48,52,87,92,90,90,81,100,97,97,97,2. Bundesliga
Nürnberg,c8rdmlwqz77xe8yzv3r881dz3,2pkpc9z2xk2bnkqtop5plgq21,J. Justvan,Julian Justvan,28,Midfielder,Germany,Midfielder,26.0,68.0,4.0,93.0,0.0,1.0,11.0,4.0,7.0,3.0,3.0,3.0,8.0,2.0,3.0,3.0,358.0,5.0,6.0,4.0,1.0,2.0,1.0,1.0,0.0,0.0,74.4,30.77,33.33,33.33,45.45,57.14,0.0,66.67,0.840889523536217,0.1452909118632246,4.0,15.0,0.3587344899999999,2.0,9.0,20.0,0.6210716199999998,41.0,6.536312849162011,17.094972067039105,1.005586592178771,23.379888268156424,0.0,0.2513966480446927,2.76536312849162,1.005586592178771,1.759776536312849,0.7541899441340782,0.7541899441340782,0.7541899441340782,2.011173184357542,0.5027932960893855,0.7541899441340782,0.7541899441340782,1.2569832402234635,1.5083798882681565,1.005586592178771,0.2513966480446927,0.5027932960893855,0.2513966480446927,0.2513966480446927,0.0,0.0,74.4,30.77,33.33,33.33,45.45,57.14,0.0,66.67,0.2113968075929037,0.0365256482337715,1.005586592178771,3.770949720670391,0.0901846483240223,0.5027932960893855,2.2625698324022347,5.027932960893855,0.1561353234636871,10.3072625698324,CM/AM,43,48,46,54,24,7,83,74,91,76,13,11,20,52,96,63,93,35,41,20,50,46,72,52,50,26,30,74,30,76,83,24,57,87,13,70,91,91,28,28,70,65,43,35,30,39,39,24,4,74,74,83,70,9,9,17,48,91,57,83,30,39,9,39,43,74,52,50,26,30,74,30,76,83,24,57,83,13,61,87,83,22,22,65,61,35,2. Bundesliga
Nürnberg,c8rdmlwqz77xe8yzv3r881dz3,2tbgv05xm6th4t7ejcww3y978,M. Zoma,Mohamed Alì Zoma,22,Attacker,Italy,Striker,18.0,57.0,3.0,75.0,3.0,10.0,19.0,16.0,3.0,4.0,26.0,30.0,33.0,3.0,5.0,0.0,432.0,10.0,39.0,7.0,16.0,4.0,0.0,0.0,0.0,0.0,75.76,42.86,0.0,61.54,52.63,51.56,37.5,57.14,1.8295318251789123,0.7776056632374612,6.0,10.0,0.29759139,7.0,4.0,11.0,0.8115041699999999,26.0,3.75,11.875,0.625,15.625,0.625,2.083333333333333,3.9583333333333335,3.333333333333333,0.625,0.8333333333333334,5.416666666666667,6.25,6.875,0.625,1.0416666666666667,0.0,2.083333333333333,8.125,1.4583333333333337,3.333333333333333,0.8333333333333334,0.0,0.0,0.0,0.0,75.76,42.86,0.0,61.54,52.63,51.56,37.5,57.14,0.38115246357894,0.1620011798411377,1.25,2.083333333333333,0.06199820625,1.4583333333333337,0.8333333333333334,2.291666666666667,0.1690633687499999,5.416666666666667,ST,48,86,66,76,33,90,86,90,67,83,100,100,97,53,100,33,98,100,91,100,90,34,29,52,52,76,48,34,62,86,79,40,66,83,83,90,81,79,97,66,78,86,66,17,79,62,62,28,86,83,86,62,67,100,100,93,45,100,33,97,100,86,100,83,34,29,52,52,76,48,34,62,86,79,40,66,72,79,86,79,79,97,50,76,86,59,2. Bundesliga
Nürnberg,c8rdmlwqz77xe8yzv3r881dz3,3enp6k1qxfs1wa05zrukiqga,F. Otto,Fynn Otto,24,Defender,Germany,Defender,159.0,98.0,7.0,257.0,7.0,2.0,2.0,1.0,1.0,0.0,5.0,5.0,20.0,12.0,0.0,4.0,360.0,1.0,3.0,6.0,4.0,1.0,0.0,1.0,0.0,0.0,91.79,46.67,0.0,80.0,50.0,62.5,58.33,33.33,0.0279699998502763,0.1171323864464936,1.0,10.0,0.19384537,2.0,27.0,24.0,0.4738179699999999,153.0,39.75,24.5,1.75,64.25,1.75,0.5,0.5,0.25,0.25,0.0,1.25,1.25,5.0,3.0,0.0,1.0,0.25,0.75,1.5,1.0,0.25,0.0,0.25,0.0,0.0,91.79,46.67,0.0,80.0,50.0,62.5,58.33,33.33,0.006992499962569,0.0292830966116234,0.25,2.5,0.0484613425,0.5,6.75,6.0,0.1184544924999999,38.25,LB/LCB,90,90,50,90,80,32,50,45,60,32,68,62,75,48,48,50,62,40,82,85,10,12,85,48,52,100,75,12,90,82,85,60,12,15,25,62,95,90,42,90,85,50,90,90,90,50,90,75,30,50,55,55,32,75,65,75,45,48,50,80,35,80,95,10,12,90,48,52,100,75,12,90,82,85,60,12,15,20,65,95,85,40,100,95,45,100,2. Bundesliga
Nürnberg,c8rdmlwqz77xe8yzv3r881dz3,5ixg2xf9iw9t6io8w6e1jxfys,Javier Fernández,Javier Fernández,19,Midfielder,Spain,Midfielder,122.0,130.0,12.0,252.0,10.0,6.0,9.0,4.0,5.0,3.0,13.0,13.0,33.0,10.0,0.0,4.0,437.0,3.0,9.0,6.0,8.0,5.0,0.0,1.0,0.0,0.0,88.42,63.16,0.0,61.54,33.33,58.93,66.67,55.56,0.6893353055313048,0.3723257781688331,5.0,7.0,0.1932867,6.0,26.0,14.0,0.4146399999999997,115.0,25.125858123569795,26.77345537757437,2.471395881006865,51.89931350114417,2.059496567505721,1.2356979405034323,1.853546910755149,0.8237986270022883,1.0297482837528604,0.6178489702517163,2.677345537757437,2.677345537757437,6.796338672768879,2.059496567505721,0.0,0.8237986270022883,0.6178489702517163,1.853546910755149,1.2356979405034323,1.647597254004577,1.0297482837528604,0.0,0.205949656750572,0.0,0.0,88.42,63.16,0.0,61.54,33.33,58.93,66.67,55.56,0.141968369560223,0.0766803662132608,1.0297482837528604,1.4416475972540046,0.0398073295194508,1.2356979405034323,5.354691075514874,2.883295194508009,0.0853949656750571,23.68421052631579,DM/CM,90,87,74,94,82,79,95,76,90,84,97,97,85,60,31,40,90,81,66,98,48,34,82,52,52,84,84,34,77,68,77,85,52,84,77,98,69,77,94,82,40,61,84,90,87,61,94,81,68,97,71,87,81,97,97,84,55,31,19,97,77,58,97,42,34,81,52,52,84,84,34,77,68,77,85,52,77,68,100,68,74,94,84,32,52,81,2. Bundesliga
Nürnberg,c8rdmlwqz77xe8yzv3r881dz3,8um4xh0ekvr4q6uti3ksld8q2,F. Becker,Finn Becker,26,Midfielder,Germany,Midfielder,25.0,102.0,5.0,121.0,0.0,10.0,6.0,3.0,3.0,2.0,4.0,4.0,7.0,2.0,0.0,0.0,374.0,3.0,13.0,4.0,2.0,0.0,6.0,2.0,0.0,0.0,81.76,62.5,37.5,50.0,50.0,35.0,0.0,0.0,0.3994785627004956,1.0179823936367132,3.0,7.0,0.17454235,3.0,18.0,29.0,0.6887117200000001,65.0,6.016042780748663,24.545454545454543,1.2032085561497323,29.117647058823525,0.0,2.406417112299465,1.443850267379679,0.7219251336898395,0.7219251336898395,0.481283422459893,0.962566844919786,0.962566844919786,1.6844919786096255,0.481283422459893,0.0,0.0,0.7219251336898395,3.1283422459893044,0.962566844919786,0.481283422459893,0.0,1.443850267379679,0.481283422459893,0.0,0.0,81.76,62.5,37.5,50.0,50.0,35.0,0.0,0.0,0.0961312049279267,0.2449690252066956,0.7219251336898395,1.6844919786096255,0.0420021697860962,0.7219251336898395,4.331550802139037,6.978609625668448,0.1657327668449198,15.641711229946525,CM/AM,37,78,54,70,24,91,54,57,39,48,28,26,11,52,37,11,74,80,41,41,11,91,93,52,50,65,65,80,52,89,9,24,11,48,91,43,46,43,43,78,91,74,78,30,83,43,61,24,91,43,57,30,39,22,17,9,43,37,11,70,78,35,39,11,83,91,52,50,65,65,80,52,89,9,24,11,39,91,35,35,30,26,65,96,74,61,2. Bundesliga
Nürnberg,c8rdmlwqz77xe8yzv3r881dz3,bxqr7spu9y20ij0r2fy4gd0yc,A. Kalogeropoulos,Alexis Kalogeropoulos,22,Defender,Greece,Defender,198.0,66.0,11.0,264.0,7.0,2.0,2.0,2.0,0.0,0.0,0.0,0.0,15.0,34.0,0.0,6.0,450.0,0.0,2.0,2.0,0.0,4.0,0.0,0.0,0.0,0.0,91.67,50.0,0.0,0.0,0.0,48.39,46.67,66.67,0.26427587942826,0.1648118151836713,0.0,3.0,0.065418,1.0,20.0,17.0,0.3859181999999997,158.0,39.6,13.2,2.2,52.8,1.4,0.4,0.4,0.4,0.0,0.0,0.0,0.0,3.0,6.8,0.0,1.2,0.0,0.4,0.4,0.0,0.8,0.0,0.0,0.0,0.0,91.67,50.0,0.0,0.0,0.0,48.39,46.67,66.67,0.0528551758856519,0.0329623630367342,0.0,0.6,0.0130836,0.2,4.0,3.4,0.0771836399999999,31.6,CB,94,58,53,94,42,64,39,55,30,30,20,20,39,88,42,58,21,23,35,30,62,42,44,45,52,97,62,42,30,21,24,24,58,48,70,32,56,61,58,77,67,61,88,91,36,47,82,26,52,33,42,30,30,20,20,21,82,42,44,21,18,27,30,50,42,44,45,52,97,62,42,30,21,24,24,58,45,58,32,47,48,48,70,52,39,73,2. Bundesliga
Nürnberg,c8rdmlwqz77xe8yzv3r881dz3,d0ooaz36uwlf026uf07kmyoes,E. Porstner,Eric Porstner,19,Defender,Germany,Defender,80.0,95.0,7.0,170.0,2.0,12.0,1.0,1.0,0.0,1.0,5.0,6.0,18.0,8.0,0.0,5.0,426.0,0.0,4.0,2.0,4.0,5.0,5.0,1.0,0.0,0.0,87.63,41.18,38.46,80.0,0.0,62.07,40.0,50.0,0.1276183286561769,0.8295247378308761,0.0,5.0,0.12366082,7.0,8.0,20.0,0.74291602,63.0,16.901408450704224,20.070422535211268,1.4788732394366195,35.91549295774648,0.4225352112676056,2.535211267605634,0.2112676056338028,0.2112676056338028,0.0,0.2112676056338028,1.056338028169014,1.267605633802817,3.8028169014084505,1.6901408450704225,0.0,1.056338028169014,0.0,0.8450704225352113,0.4225352112676056,0.8450704225352113,1.056338028169014,1.056338028169014,0.2112676056338028,0.0,0.0,87.63,41.18,38.46,80.0,0.0,62.07,40.0,50.0,0.0269616187301782,0.1752517051755372,0.0,1.056338028169014,0.0261255253521126,1.4788732394366195,1.6901408450704225,4.225352112676056,0.1569540887323943,13.309859154929578,LB/LCB,48,82,50,65,22,95,28,45,22,75,68,78,57,30,48,65,22,52,32,85,72,82,85,48,52,90,55,65,90,22,80,28,38,35,90,22,57,60,100,25,72,70,45,40,80,25,45,15,95,25,50,22,70,55,70,40,20,48,55,22,50,35,80,70,85,85,48,52,90,55,65,90,22,80,28,38,35,90,22,45,40,95,15,65,70,20,2. Bundesliga
Eintracht Braunschweig,kxpw3rqn4ukt7nqmtjj62lbn,13za9epvzsczbjs3jtqgf4il0,S. Di Benedetto,Samuele Di Benedetto,21,Midfielder,Germany,Midfielder,44.0,74.0,15.0,118.0,2.0,6.0,5.0,1.0,4.0,2.0,4.0,4.0,19.0,5.0,1.0,0.0,298.0,2.0,4.0,8.0,1.0,3.0,0.0,1.0,0.0,0.0,79.73,60.0,0.0,25.0,40.0,45.24,28.57,37.5,0.3201500997135497,0.3932442284373076,4.0,5.0,0.10530571,5.0,21.0,12.0,0.24527913,63.0,13.288590604026847,22.34899328859061,4.530201342281879,35.63758389261745,0.6040268456375839,1.812080536912752,1.51006711409396,0.3020134228187919,1.2080536912751678,0.6040268456375839,1.2080536912751678,1.2080536912751678,5.738255033557048,1.51006711409396,0.3020134228187919,0.0,0.6040268456375839,1.2080536912751678,2.416107382550336,0.3020134228187919,0.906040268456376,0.0,0.3020134228187919,0.0,0.0,79.73,60.0,0.0,25.0,40.0,45.24,28.57,37.5,0.0966896274302666,0.1187650354340862,1.2080536912751678,1.51006711409396,0.031803737919463,1.51006711409396,6.342281879194632,3.624161073825504,0.0740775895973154,19.026845637583893,CM/AM,74,61,100,65,74,65,35,20,63,48,28,26,74,91,80,11,59,20,83,20,70,17,72,52,50,48,61,17,15,65,52,52,35,26,48,70,17,17,80,83,50,22,74,78,70,100,70,70,70,52,17,65,57,35,30,87,96,83,11,65,22,91,26,70,17,78,52,50,48,61,17,15,65,52,52,35,43,52,74,26,17,91,91,43,22,78,2. Bundesliga
Eintracht Braunschweig,kxpw3rqn4ukt7nqmtjj62lbn,1falkoydwxoiazskcoalwll62,F. Di Michele Sánchez,Fabio Di Michele Sánchez,23,Defender,Germany,Defender,47.0,69.0,4.0,115.0,2.0,5.0,3.0,2.0,1.0,1.0,4.0,4.0,16.0,3.0,0.0,2.0,319.0,2.0,8.0,7.0,2.0,3.0,1.0,0.0,1.0,0.0,84.56,44.44,7.69,50.0,66.67,64.0,40.0,60.0,0.1879393375161218,0.3757863200783841,1.0,4.0,0.09753782,6.0,13.0,11.0,0.5099085500000001,58.0,13.260188087774296,19.467084639498434,1.1285266457680252,32.445141065830725,0.5642633228840126,1.4106583072100314,0.8463949843260189,0.5642633228840126,0.2821316614420063,0.2821316614420063,1.1285266457680252,1.1285266457680252,4.514106583072101,0.8463949843260189,0.0,0.5642633228840126,0.5642633228840126,2.2570532915360504,1.974921630094044,0.5642633228840126,0.8463949843260189,0.2821316614420063,0.0,0.2821316614420063,0.0,84.56,44.44,7.69,50.0,66.67,64.0,40.0,60.0,0.0530236375437334,0.106021218830892,0.2821316614420063,1.1285266457680252,0.0275185072100313,1.6927899686520378,3.6677115987460818,3.103448275862069,0.1438613463949843,16.363636363636363,LB/LCB,25,55,12,25,22,68,65,70,60,75,50,45,45,5,48,22,90,92,90,50,50,35,35,98,52,65,65,30,60,90,90,28,62,50,50,62,48,50,92,57,32,55,20,30,75,10,40,25,80,70,65,60,75,65,55,65,5,48,30,90,90,90,50,50,35,35,95,52,65,65,30,60,90,90,28,62,65,65,70,55,50,100,65,45,60,40,2. Bundesliga
Eintracht Braunschweig,kxpw3rqn4ukt7nqmtjj62lbn,2rmqefxeco0fahr605mrgatpl,M. Entrup,Maximilian Entrup,29,Attacker,Austria,Striker,16.0,27.0,0.0,42.0,2.0,3.0,2.0,2.0,0.0,1.0,3.0,3.0,7.0,1.0,1.0,0.0,208.0,1.0,4.0,1.0,3.0,1.0,1.0,0.0,0.0,0.0,70.0,0.0,100.0,100.0,50.0,50.0,66.67,100.0,0.2524229508717582,0.269067455315113,0.0,2.0,0.04336653,2.0,3.0,3.0,0.14884005,12.0,6.923076923076923,11.682692307692308,0.0,18.173076923076923,0.8653846153846154,1.2980769230769231,0.8653846153846154,0.8653846153846154,0.0,0.4326923076923077,1.2980769230769231,1.2980769230769231,3.028846153846154,0.4326923076923077,0.4326923076923077,0.0,0.4326923076923077,1.7307692307692308,0.4326923076923077,1.2980769230769231,0.4326923076923077,0.4326923076923077,0.0,0.0,0.0,70.0,0.0,100.0,100.0,50.0,50.0,66.67,100.0,0.109221469127203,0.1164234181651931,0.0,0.8653846153846154,0.0187643639423076,0.8653846153846154,1.2980769230769231,1.2980769230769231,0.0644019447115384,5.1923076923076925,ST,40,40,17,29,19,28,3,9,7,21,29,26,5,19,34,33,10,3,9,50,31,69,29,52,52,45,17,100,95,76,74,88,91,3,38,7,33,28,55,50,33,38,28,83,69,17,90,41,59,7,10,7,45,45,41,10,34,62,33,17,3,21,69,59,72,29,52,52,45,17,100,95,76,74,88,91,7,66,7,48,34,79,66,55,59,55,2. Bundesliga
Eintracht Braunschweig,kxpw3rqn4ukt7nqmtjj62lbn,2rsdnuf5kuu8kxybsjq7ogbje,M. Aydın,Mehmet Can Aydin,24,Midfielder,Türkiye,Midfielder,91.0,97.0,14.0,185.0,12.0,3.0,9.0,3.0,6.0,0.0,5.0,5.0,37.0,17.0,2.0,6.0,450.0,3.0,6.0,14.0,3.0,6.0,3.0,1.0,0.0,0.0,79.74,48.28,14.29,60.0,33.33,69.81,80.0,75.0,0.3914693488999874,0.1792121894291271,4.0,6.0,0.13061733,6.0,24.0,26.0,0.6627381499999998,94.0,18.2,19.4,2.8,37.0,2.4,0.6,1.8,0.6,1.2,0.0,1.0,1.0,7.4,3.4,0.4,1.2,0.6,1.2,2.8,0.6,1.2,0.6,0.2,0.0,0.0,79.74,48.28,14.29,60.0,33.33,69.81,80.0,75.0,0.0782938697799974,0.0358424378858254,0.8,1.2,0.026123466,1.2,4.8,5.2,0.1325476299999999,18.8,DM/CM,63,74,87,61,90,44,95,56,95,18,65,63,95,87,92,74,90,47,100,79,66,92,82,52,52,16,52,68,73,68,100,100,74,52,39,92,65,65,94,76,94,90,65,45,65,74,48,87,35,90,48,94,18,58,58,94,81,90,61,84,39,97,74,48,92,73,52,52,16,52,68,73,68,100,100,74,39,26,92,58,58,87,74,87,81,52,2. Bundesliga
Eintracht Braunschweig,kxpw3rqn4ukt7nqmtjj62lbn,3ggalwxtvh3sdvddquw10u3qi,A. Hoti,Andi Hoti,23,Defender,Kosovo,Defender,96.0,36.0,4.0,132.0,5.0,1.0,3.0,3.0,0.0,2.0,2.0,2.0,12.0,13.0,0.0,5.0,259.0,0.0,5.0,3.0,2.0,2.0,0.0,0.0,0.0,0.0,87.42,26.67,0.0,100.0,0.0,50.0,55.56,100.0,0.3719807540798463,0.1025090331831754,0.0,3.0,0.06207,1.0,8.0,10.0,0.25326942,64.0,33.35907335907336,12.50965250965251,1.38996138996139,45.86872586872587,1.7374517374517375,0.3474903474903475,1.0424710424710424,1.0424710424710424,0.0,0.694980694980695,0.694980694980695,0.694980694980695,4.1698841698841695,4.517374517374518,0.0,1.7374517374517375,0.0,1.7374517374517375,1.0424710424710424,0.694980694980695,0.694980694980695,0.0,0.0,0.0,0.0,87.42,26.67,0.0,100.0,0.0,50.0,55.56,100.0,0.1292597214949273,0.0356208995617211,0.0,1.0424710424710424,0.0215687258687258,0.3474903474903475,2.77992277992278,3.474903474903475,0.0880086787644787,22.23938223938224,CB,24,9,8,15,24,38,64,80,30,95,68,65,15,18,42,45,21,61,53,86,23,42,44,45,52,58,9,42,94,21,32,42,95,73,55,32,56,52,58,27,26,27,12,64,30,15,55,39,45,88,91,30,100,82,76,36,36,42,73,21,79,70,94,45,42,44,45,52,58,9,42,94,21,32,42,95,85,64,32,73,73,64,36,55,58,24,2. Bundesliga
Eintracht Braunschweig,kxpw3rqn4ukt7nqmtjj62lbn,4rbwu9j1hucsm95jertjbju38,M. Marie,Max Marie,21,Midfielder,Germany,Midfielder,53.0,108.0,12.0,161.0,1.0,10.0,8.0,6.0,2.0,1.0,23.0,23.0,24.0,4.0,0.0,6.0,420.0,4.0,18.0,6.0,8.0,7.0,0.0,2.0,0.0,0.0,86.1,85.71,0.0,34.78,50.0,40.68,11.11,70.0,0.6756240603054664,0.8924469580246608,2.0,19.0,0.42414796,9.0,16.0,18.0,0.70511286,81.0,11.357142857142856,23.142857142857142,2.571428571428571,34.5,0.2142857142857142,2.142857142857143,1.7142857142857142,1.2857142857142856,0.4285714285714285,0.2142857142857142,4.928571428571428,4.928571428571428,5.142857142857142,0.8571428571428571,0.0,1.2857142857142856,0.8571428571428571,3.8571428571428568,1.2857142857142856,1.7142857142857142,1.5,0.0,0.4285714285714285,0.0,0.0,86.1,85.71,0.0,34.78,50.0,40.68,11.11,70.0,0.1447765843511713,0.1912386338624273,0.4285714285714285,4.071428571428571,0.0908888485714285,1.9285714285714284,3.4285714285714284,3.8571428571428568,0.1510956128571428,17.357142857142858,DM/CM,10,81,74,52,8,100,85,97,48,45,100,100,58,18,31,74,100,100,66,98,82,34,98,52,52,68,100,34,48,89,16,10,66,81,97,61,100,100,100,58,73,94,50,6,74,65,39,6,94,84,100,52,48,100,100,55,16,31,74,100,100,65,100,77,34,97,52,52,68,100,34,48,89,16,10,66,81,94,58,97,97,100,52,61,94,35,2. Bundesliga
Eintracht Braunschweig,kxpw3rqn4ukt7nqmtjj62lbn,58jjd14yvf4d6tvqcz4xo3a7e,F. Flick,Florian Flick,26,Midfielder,Germany,Midfielder,103.0,136.0,21.0,239.0,8.0,1.0,6.0,4.0,2.0,0.0,1.0,1.0,19.0,9.0,1.0,6.0,447.0,3.0,4.0,1.0,0.0,9.0,0.0,0.0,0.0,0.0,87.55,72.41,0.0,0.0,50.0,61.29,0.0,90.0,0.7201015237110033,0.0449145319320889,1.0,14.0,0.28786676,5.0,29.0,16.0,0.3855231299999998,150.0,20.73825503355705,27.382550335570468,4.228187919463087,48.12080536912752,1.610738255033557,0.2013422818791946,1.2080536912751678,0.8053691275167785,0.4026845637583892,0.0,0.2013422818791946,0.2013422818791946,3.825503355704698,1.812080536912752,0.2013422818791946,1.2080536912751678,0.6040268456375839,0.8053691275167785,0.2013422818791946,0.0,1.812080536912752,0.0,0.0,0.0,0.0,87.55,72.41,0.0,0.0,50.0,61.29,0.0,90.0,0.1449868839686584,0.0090431943487427,0.2013422818791946,2.8187919463087248,0.0579597503355704,1.006711409395973,5.8389261744966445,3.221476510067114,0.0776221067114093,30.201342281879192,DM/CM,81,94,100,90,71,10,63,76,48,18,18,16,42,55,74,74,90,32,8,15,94,34,35,52,52,77,97,34,15,89,94,5,90,87,10,34,89,87,84,92,63,48,94,68,90,100,87,68,6,55,65,39,18,13,13,26,45,61,68,94,16,3,15,94,34,35,52,52,77,97,34,15,89,94,5,90,84,10,26,84,84,84,87,45,35,94,2. Bundesliga
Eintracht Braunschweig,kxpw3rqn4ukt7nqmtjj62lbn,6las8etwx9c9kdkcip8gz26wa,K. Ehlers,Kevin Ehlers,25,Defender,Germany,Defender,176.0,93.0,10.0,269.0,9.0,1.0,3.0,3.0,0.0,0.0,1.0,1.0,21.0,23.0,1.0,4.0,450.0,2.0,3.0,3.0,1.0,4.0,0.0,0.0,0.0,0.0,88.49,38.46,0.0,100.0,66.67,63.64,52.94,50.0,0.4062740081563898,0.0800264635142122,0.0,3.0,0.05731012,1.0,23.0,20.0,0.4355722100000002,176.0,35.2,18.6,2.0,53.8,1.8,0.2,0.6,0.6,0.0,0.0,0.2,0.2,4.2,4.6,0.2,0.8,0.4,0.6,0.6,0.2,0.8,0.0,0.0,0.0,0.0,88.49,38.46,0.0,100.0,66.67,63.64,52.94,50.0,0.0812548016312779,0.0160052927028424,0.0,0.6,0.011462024,0.2,4.6,4.0,0.087114442,35.2,RB/RCB,100,90,83,100,88,19,48,83,17,24,14,14,57,90,88,57,86,29,52,36,50,26,40,40,52,95,29,26,98,90,95,71,26,76,29,17,48,43,24,95,90,52,100,100,86,71,100,86,5,33,76,17,24,12,12,48,90,81,50,76,24,45,29,31,26,40,40,52,95,29,26,98,90,95,71,26,57,14,17,40,38,14,86,62,38,100,2. Bundesliga
Eintracht Braunschweig,kxpw3rqn4ukt7nqmtjj62lbn,aw83l7afhw2lhkg8qm7mbnms4,J. Urbich,Jan Urbich,22,Attacker,Germany,Striker,14.0,18.0,0.0,32.0,6.0,4.0,13.0,11.0,2.0,1.0,3.0,3.0,13.0,1.0,3.0,0.0,272.0,9.0,22.0,4.0,1.0,1.0,0.0,1.0,0.0,0.0,68.09,0.0,0.0,33.33,69.23,36.11,31.58,50.0,2.0726549998023107,0.1666664240798334,2.0,1.0,0.01935132,0.0,2.0,2.0,0.04945066,6.0,4.632352941176471,5.955882352941177,0.0,10.588235294117649,1.9852941176470589,1.3235294117647058,4.301470588235294,3.639705882352941,0.6617647058823529,0.3308823529411764,0.9926470588235294,0.9926470588235294,4.301470588235294,0.3308823529411764,0.9926470588235294,0.0,2.9779411764705883,7.279411764705882,1.3235294117647058,0.3308823529411764,0.3308823529411764,0.0,0.3308823529411764,0.0,0.0,68.09,0.0,0.0,33.33,69.23,36.11,31.58,50.0,0.6858049631698823,0.0551469785558272,0.6617647058823529,0.3308823529411764,0.0064030102941176,0.0,0.6617647058823529,0.6617647058823529,0.0163623507352941,1.9852941176470589,ST,28,10,17,17,69,52,72,71,55,21,29,26,29,19,86,33,91,71,60,16,31,34,71,52,52,34,17,34,31,100,17,31,52,90,14,53,16,10,14,28,21,17,3,55,21,17,24,76,62,90,93,66,24,28,28,45,21,97,33,100,93,79,17,34,34,83,52,52,34,17,34,31,100,17,31,52,100,17,62,17,10,14,34,21,14,3,2. Bundesliga
Eintracht Braunschweig,kxpw3rqn4ukt7nqmtjj62lbn,cyvk6luj08lo8hpgimx518yl0,Y. Sturm,Yann Sturm,21,Midfielder,Germany,Midfielder,17.0,47.0,2.0,63.0,0.0,7.0,18.0,13.0,5.0,3.0,22.0,25.0,20.0,0.0,2.0,1.0,389.0,10.0,27.0,4.0,14.0,1.0,1.0,1.0,0.0,0.0,74.12,50.0,100.0,63.64,55.56,52.63,0.0,50.0,2.3422058266448165,0.5053476997979756,13.0,20.0,0.5653199799999999,7.0,4.0,10.0,0.5464470399999999,33.0,3.933161953727507,10.874035989717225,0.4627249357326478,14.575835475578408,0.0,1.6195372750642674,4.16452442159383,3.007712082262211,1.1568123393316196,0.6940874035989718,5.089974293059126,5.784061696658098,4.627249357326479,0.0,0.4627249357326478,0.2313624678663239,2.31362467866324,6.246786632390746,0.9254498714652956,3.2390745501285347,0.2313624678663239,0.2313624678663239,0.2313624678663239,0.0,0.0,74.12,50.0,100.0,63.64,55.56,52.63,0.0,50.0,0.541898520303428,0.1169184909558298,3.007712082262211,4.627249357326479,0.1307938257069408,1.6195372750642674,0.9254498714652956,2.31362467866324,0.1264273357326478,7.63496143958869,LM/LCM,20,20,20,20,15,55,80,90,70,70,100,100,50,10,85,45,100,90,30,100,15,40,75,55,55,20,60,100,90,100,90,15,45,100,50,100,95,100,80,25,25,60,20,10,10,20,10,15,50,90,90,70,70,100,100,40,10,80,40,100,90,30,100,10,40,80,55,55,20,60,100,90,100,90,15,45,100,50,100,100,100,90,10,20,50,10,2. Bundesliga
Eintracht Braunschweig,kxpw3rqn4ukt7nqmtjj62lbn,esb5jfhw65o0dgbs6gwvibyeh,A. Opoku,Aaron Opoku,27,Attacker,Germany,Striker,19.0,82.0,2.0,94.0,3.0,18.0,7.0,3.0,4.0,1.0,13.0,13.0,16.0,4.0,1.0,2.0,381.0,2.0,19.0,2.0,6.0,3.0,7.0,1.0,0.0,0.0,71.76,50.0,33.33,46.15,28.57,43.24,33.33,60.0,0.9080491002519308,1.616555603006912,2.0,19.0,0.6004226500000001,5.0,10.0,16.0,0.6564946199999999,57.0,4.488188976377953,19.37007874015748,0.4724409448818897,22.20472440944882,0.7086614173228346,4.251968503937007,1.653543307086614,0.7086614173228346,0.9448818897637796,0.2362204724409448,3.070866141732284,3.070866141732284,3.779527559055118,0.9448818897637796,0.2362204724409448,0.4724409448818897,0.4724409448818897,4.488188976377953,0.4724409448818897,1.4173228346456692,0.7086614173228346,1.653543307086614,0.2362204724409448,0.0,0.0,71.76,50.0,33.33,46.15,28.57,43.24,33.33,60.0,0.214499787461086,0.3818635282693493,0.4724409448818897,4.488188976377953,0.1418321220472441,1.1811023622047243,2.3622047244094486,3.779527559055118,0.1550774692913385,13.464566929133856,RW,100,100,88,100,62,100,38,25,100,25,88,62,75,75,100,75,62,50,38,62,75,100,100,62,62,50,62,100,50,75,50,38,62,75,100,25,100,100,75,100,100,50,100,50,75,75,75,50,100,25,25,50,25,50,25,25,75,100,75,50,25,25,25,50,75,100,62,62,50,62,100,50,75,50,38,62,50,100,25,75,75,75,100,100,50,100,2. Bundesliga
Arminia Bielefeld,bdlavlqj0dshxnepyfanzwu47,2pr5dhz0lfsy86ka37xoeub8q,J. Grodowski,Joel Grodowski,28,Attacker,Germany,Striker,21.0,31.0,4.0,52.0,8.0,2.0,14.0,12.0,2.0,5.0,15.0,15.0,24.0,4.0,4.0,1.0,417.0,7.0,28.0,6.0,8.0,1.0,0.0,0.0,0.0,0.0,72.22,80.0,0.0,53.33,50.0,40.0,36.36,50.0,1.6892195321428711,0.1659884803541601,5.0,7.0,0.21644574,6.0,1.0,4.0,0.26879043,21.0,4.532374100719424,6.690647482014388,0.8633093525179856,11.223021582733812,1.7266187050359711,0.4316546762589928,3.021582733812949,2.5899280575539567,0.4316546762589928,1.079136690647482,3.237410071942446,3.237410071942446,5.179856115107913,0.8633093525179856,0.8633093525179856,0.2158273381294964,1.5107913669064748,6.043165467625899,1.2949640287769784,1.7266187050359711,0.2158273381294964,0.0,0.0,0.0,0.0,72.22,80.0,0.0,53.33,50.0,40.0,36.36,50.0,0.3645797551387491,0.0358248518749985,1.079136690647482,1.5107913669064748,0.046714907913669,1.2949640287769784,0.2158273381294964,0.8633093525179856,0.0580123230215827,4.532374100719424,ST,66,52,86,55,76,7,76,76,55,90,90,88,79,66,97,71,83,90,84,90,31,34,29,52,52,52,83,34,55,76,33,34,52,76,10,83,71,66,90,10,45,62,55,41,28,83,31,69,3,55,59,53,79,79,79,72,55,93,66,79,90,69,86,21,34,29,52,52,52,83,34,55,76,33,34,52,62,3,83,69,62,91,10,34,48,38,2. Bundesliga
Arminia Bielefeld,bdlavlqj0dshxnepyfanzwu47,38e1vhlbuwztsud75adfexs0k,M. Wörl,Marius Wörl,22,Midfielder,Germany,Midfielder,77.0,67.0,9.0,144.0,1.0,2.0,7.0,1.0,6.0,2.0,4.0,4.0,9.0,5.0,2.0,6.0,334.0,3.0,13.0,4.0,1.0,3.0,0.0,0.0,0.0,0.0,87.8,81.82,0.0,25.0,42.86,33.33,50.0,75.0,0.7853881023776731,0.1027581944053989,6.0,5.0,0.12803696,3.0,14.0,16.0,0.35892286,57.0,20.74850299401197,18.05389221556886,2.4251497005988023,38.80239520958084,0.2694610778443114,0.5389221556886228,1.8862275449101795,0.2694610778443114,1.616766467065868,0.5389221556886228,1.0778443113772456,1.0778443113772456,2.4251497005988023,1.3473053892215567,0.5389221556886228,1.616766467065868,0.8083832335329341,3.502994011976048,1.0778443113772456,0.2694610778443114,0.8083832335329341,0.0,0.0,0.0,0.0,87.8,81.82,0.0,25.0,42.86,33.33,50.0,75.0,0.2116315245927861,0.027689333821814,1.616766467065868,1.3473053892215567,0.0345009772455089,0.8083832335329341,3.772455089820359,4.311377245508982,0.0967157407185628,15.359281437125748,LM/LCM,85,30,90,70,30,15,50,15,80,60,20,20,10,75,85,100,50,50,30,20,50,15,35,55,55,80,80,15,20,55,10,65,75,60,20,70,20,20,35,55,60,10,60,90,70,100,80,30,20,60,20,80,60,20,20,10,90,90,100,50,50,40,20,70,15,35,55,55,80,80,15,20,55,10,65,75,60,20,80,20,20,30,90,80,30,70,2. Bundesliga
Arminia Bielefeld,bdlavlqj0dshxnepyfanzwu47,63mjx2t3943wpqiomzdwg0mlm,M. Großer,Maximilian Großer,25,Defender,Germany,Defender,180.0,38.0,11.0,218.0,19.0,0.0,5.0,5.0,0.0,2.0,0.0,0.0,27.0,30.0,0.0,4.0,450.0,0.0,9.0,7.0,0.0,2.0,0.0,0.0,0.0,0.0,89.34,55.0,0.0,0.0,0.0,51.92,50.0,100.0,0.6498276282691111,0.0,0.0,0.0,0.0,0.0,6.0,11.0,0.20889708,147.0,36.0,7.6,2.2,43.6,3.8,0.0,1.0,1.0,0.0,0.4,0.0,0.0,5.4,6.0,0.0,0.8,0.0,1.8,1.4,0.0,0.4,0.0,0.0,0.0,0.0,89.34,55.0,0.0,0.0,0.0,51.92,50.0,100.0,0.1299655256538222,0.0,0.0,0.0,0.0,0.0,1.2,2.2,0.041779416,29.4,CB,88,15,53,64,94,11,86,91,30,95,20,20,82,68,42,33,21,89,94,30,23,42,44,45,52,71,73,42,30,21,39,29,95,94,14,32,11,11,24,15,30,12,73,82,3,47,39,94,11,76,85,30,88,20,20,70,61,42,23,21,83,89,30,15,42,44,45,52,71,73,42,30,21,39,29,95,91,14,32,11,11,24,12,21,6,58,2. Bundesliga
Arminia Bielefeld,bdlavlqj0dshxnepyfanzwu47,6tuxx5z4yoa95m83g9t9oyne,M. Momuluh,Monju Momuluh,24,Attacker,Germany,Striker,10.0,35.0,1.0,44.0,4.0,2.0,10.0,9.0,1.0,3.0,12.0,13.0,32.0,5.0,0.0,3.0,362.0,2.0,21.0,12.0,6.0,6.0,1.0,0.0,0.0,0.0,65.67,50.0,9.09,50.0,20.0,61.54,57.14,60.0,0.9760347020618948,0.2120911345487681,3.0,12.0,0.32497986,4.0,2.0,5.0,0.4431229299999999,15.0,2.4861878453038675,8.701657458563536,0.2486187845303867,10.939226519337018,0.994475138121547,0.4972375690607735,2.4861878453038675,2.2375690607734806,0.2486187845303867,0.7458563535911602,2.983425414364641,3.232044198895028,7.955801104972376,1.2430939226519335,0.0,0.7458563535911602,0.4972375690607735,5.220994475138122,2.983425414364641,1.4917127071823204,1.4917127071823204,0.2486187845303867,0.0,0.0,0.0,65.67,50.0,9.09,50.0,20.0,61.54,57.14,60.0,0.2426605612861064,0.0527298400811854,0.7458563535911602,2.983425414364641,0.0807960977900552,0.994475138121547,0.4972375690607735,1.2430939226519335,0.1101686842541436,3.729281767955801,RW,25,25,38,25,100,25,88,100,25,88,50,62,100,100,50,100,62,75,100,62,100,25,50,62,62,25,62,25,75,50,100,75,62,100,25,62,50,50,50,25,38,25,25,25,25,25,25,75,25,50,75,25,50,25,50,100,100,50,100,75,50,100,50,100,25,50,62,62,25,62,25,75,50,100,75,62,75,25,50,50,25,50,25,25,25,25,2. Bundesliga
Arminia Bielefeld,bdlavlqj0dshxnepyfanzwu47,8bu0qcj7offuotc82kr2vhafo,H. Koudossou,Henri Koudossou,27,Defender,Germany,Defender,76.0,60.0,9.0,131.0,6.0,7.0,5.0,1.0,4.0,1.0,5.0,5.0,15.0,19.0,0.0,8.0,441.0,1.0,3.0,2.0,2.0,4.0,5.0,1.0,0.0,0.0,76.61,42.86,21.74,40.0,20.0,50.0,54.55,80.0,0.288317607405276,0.8114687120120573,4.0,4.0,0.12178723,4.0,15.0,18.0,1.11603012,78.0,15.510204081632653,12.244897959183673,1.8367346938775508,26.734693877551017,1.2244897959183672,1.4285714285714284,1.020408163265306,0.2040816326530612,0.8163265306122448,0.2040816326530612,1.020408163265306,1.020408163265306,3.061224489795918,3.877551020408163,0.0,1.6326530612244896,0.2040816326530612,0.6122448979591836,0.4081632653061224,0.4081632653061224,0.8163265306122448,1.020408163265306,0.2040816326530612,0.0,0.0,76.61,42.86,21.74,40.0,20.0,50.0,54.55,80.0,0.058840328041893,0.1656058595942973,0.8163265306122448,0.8163265306122448,0.0248545367346938,0.8163265306122448,3.061224489795918,3.6734693877551017,0.2277612489795918,15.918367346938776,RB/RCB,71,48,74,62,74,95,74,36,86,57,69,60,43,79,40,93,60,29,29,57,50,95,88,40,52,24,45,67,48,55,38,76,83,52,95,86,67,71,67,64,69,100,71,57,29,57,48,67,90,71,24,86,52,52,43,14,76,40,95,48,29,24,52,43,86,86,40,52,24,45,67,48,55,38,76,83,48,86,81,57,62,62,43,48,95,57,2. Bundesliga
Arminia Bielefeld,bdlavlqj0dshxnepyfanzwu47,8jildds7zfj7uk3iohmmkj3kl,A. Sicker,Arne Sicker,29,Defender,Germany,Defender,68.0,61.0,10.0,124.0,3.0,2.0,1.0,0.0,1.0,0.0,2.0,2.0,14.0,19.0,0.0,7.0,288.0,0.0,4.0,4.0,0.0,6.0,5.0,0.0,0.0,0.0,79.49,43.48,27.78,0.0,0.0,70.0,75.0,75.0,0.1328199924306664,0.2714783813093689,0.0,3.0,0.0619089999999999,2.0,13.0,18.0,0.3124890899999999,60.0,21.25,19.0625,3.125,38.75,0.9375,0.625,0.3125,0.0,0.3125,0.0,0.625,0.625,4.375,5.9375,0.0,2.1875,0.0,1.25,1.25,0.0,1.875,1.5625,0.0,0.0,0.0,79.49,43.48,27.78,0.0,0.0,70.0,75.0,75.0,0.0415062476345832,0.0848369941591777,0.0,0.9375,0.0193465624999999,0.625,4.0625,5.625,0.0976528406249999,18.75,LB/LCB,40,35,70,32,40,32,28,18,60,32,22,22,25,82,48,90,22,52,60,15,80,82,35,48,52,25,60,60,15,22,95,98,78,40,45,22,35,30,42,57,60,15,30,55,65,85,60,45,40,35,18,65,32,30,30,60,100,48,95,22,70,65,15,90,90,35,48,52,25,60,60,15,22,95,98,78,50,45,22,30,30,50,80,85,25,55,2. Bundesliga
Arminia Bielefeld,bdlavlqj0dshxnepyfanzwu47,9aqzi05rzxjcberb53718z5xx,M. Mehlem,Marvin Mehlem,29,Midfielder,Germany,Midfielder,35.0,30.0,2.0,65.0,2.0,4.0,6.0,2.0,4.0,2.0,2.0,2.0,13.0,5.0,1.0,5.0,299.0,2.0,8.0,4.0,1.0,6.0,0.0,0.0,0.0,0.0,79.27,28.57,0.0,50.0,33.33,50.0,40.0,100.0,0.4836446326612794,0.3043821676677109,4.0,7.0,0.31486634,1.0,6.0,9.0,0.27796627,29.0,10.535117056856189,9.03010033444816,0.6020066889632106,19.565217391304348,0.6020066889632106,1.2040133779264213,1.806020066889632,0.6020066889632106,1.2040133779264213,0.6020066889632106,0.6020066889632106,0.6020066889632106,3.913043478260869,1.5050167224080266,0.3010033444816053,1.5050167224080266,0.6020066889632106,2.4080267558528425,1.2040133779264213,0.3010033444816053,1.806020066889632,0.0,0.0,0.0,0.0,79.27,28.57,0.0,50.0,33.33,50.0,40.0,100.0,0.1455786519716225,0.0916200504685417,1.2040133779264213,2.1070234113712374,0.0947758214046822,0.3010033444816053,1.806020066889632,2.709030100334448,0.0836687769230769,8.729096989966555,CM/AM,61,4,26,30,74,35,54,37,63,48,7,4,43,91,80,87,59,54,41,20,91,17,28,52,50,39,26,17,52,52,65,63,91,61,35,70,46,83,15,17,26,26,22,65,4,26,13,65,35,57,35,57,52,4,4,52,91,78,96,61,52,48,22,91,17,28,52,50,39,26,17,52,52,65,63,91,61,30,65,43,87,17,13,17,26,22,2. Bundesliga
Arminia Bielefeld,bdlavlqj0dshxnepyfanzwu47,av5y7xqlp9hw9cw0hupvsl4kq,S. Russo,Stefano Russo,26,Midfielder,Germany,Midfielder,115.0,90.0,18.0,205.0,7.0,4.0,7.0,4.0,3.0,2.0,3.0,3.0,21.0,20.0,0.0,4.0,435.0,2.0,8.0,5.0,1.0,6.0,0.0,0.0,0.0,0.0,84.36,60.0,0.0,33.33,28.57,41.18,38.89,75.0,0.531212840776105,0.2327355141475049,2.0,2.0,0.04347372,1.0,29.0,25.0,0.4808549299999998,109.0,23.793103448275865,18.620689655172416,3.724137931034483,42.41379310344828,1.4482758620689655,0.8275862068965518,1.4482758620689655,0.8275862068965518,0.6206896551724138,0.4137931034482759,0.6206896551724138,0.6206896551724138,4.344827586206897,4.137931034482759,0.0,0.8275862068965518,0.4137931034482759,1.6551724137931036,1.0344827586206895,0.2068965517241379,1.2413793103448276,0.0,0.0,0.0,0.0,84.36,60.0,0.0,33.33,28.57,41.18,38.89,75.0,0.1099061049881596,0.048152175340863,0.4137931034482759,0.4137931034482759,0.0089945627586206,0.2068965517241379,6.0,5.172413793103448,0.0994872268965516,22.55172413793104,DM/CM,87,65,92,77,68,53,74,76,73,66,44,40,47,95,31,40,73,69,55,39,66,34,35,52,52,42,69,34,42,53,21,32,74,68,48,61,23,19,35,92,87,77,74,81,58,94,68,61,48,68,74,65,61,45,35,39,94,31,23,68,65,45,29,55,34,35,52,52,42,69,34,42,53,21,32,74,65,42,52,19,16,29,90,84,68,61,2. Bundesliga
Arminia Bielefeld,bdlavlqj0dshxnepyfanzwu47,bs6f5ag1f47ropxefrybtaktl,M. Bauer,Maximilian Bauer,26,Defender,Germany,Defender,178.0,65.0,22.0,243.0,11.0,3.0,2.0,2.0,0.0,1.0,0.0,0.0,31.0,24.0,0.0,5.0,450.0,1.0,14.0,7.0,0.0,9.0,0.0,0.0,0.0,0.0,84.38,47.83,0.0,0.0,50.0,54.39,44.0,69.23,0.3729754530484732,0.3030096444502389,0.0,0.0,0.0,0.0,15.0,18.0,0.3932079199999998,149.0,35.6,13.0,4.4,48.6,2.2,0.6,0.4,0.4,0.0,0.2,0.0,0.0,6.2,4.8,0.0,1.0,0.2,2.8,1.4,0.0,1.8,0.0,0.0,0.0,0.0,84.38,47.83,0.0,0.0,50.0,54.39,44.0,69.23,0.0745950906096946,0.0606019288900477,0.0,0.0,0.0,0.0,3.0,3.6,0.0786415839999999,29.8,CB,85,55,97,85,67,79,39,55,30,74,20,20,98,55,42,45,61,97,94,30,94,42,44,45,52,36,52,42,30,80,42,21,64,76,88,32,11,11,24,61,71,64,77,79,33,94,64,58,73,33,42,30,64,20,20,89,45,42,33,48,94,89,30,92,42,44,45,52,36,52,42,30,80,42,21,64,64,88,32,11,11,24,52,62,42,64,2. Bundesliga
Arminia Bielefeld,bdlavlqj0dshxnepyfanzwu47,ei2ws86d1webny8zgrmyw7s6i,J. Rochelt,Jannik Rochelt,27,Midfielder,Germany,Midfielder,46.0,72.0,7.0,110.0,2.0,10.0,3.0,2.0,1.0,0.0,8.0,8.0,16.0,5.0,1.0,0.0,399.0,1.0,5.0,4.0,4.0,6.0,8.0,0.0,0.0,0.0,76.39,36.84,26.67,50.0,33.33,40.0,40.0,100.0,0.6236573166496494,1.0503639444597188,1.0,9.0,0.2199247,4.0,16.0,18.0,0.92747184,47.0,10.37593984962406,16.240601503759397,1.5789473684210529,24.81203007518797,0.4511278195488721,2.255639097744361,0.6766917293233082,0.4511278195488721,0.225563909774436,0.0,1.8045112781954888,1.8045112781954888,3.609022556390977,1.1278195488721805,0.225563909774436,0.0,0.225563909774436,1.1278195488721805,0.9022556390977444,0.9022556390977444,1.3533834586466165,1.8045112781954888,0.0,0.0,0.0,76.39,36.84,26.67,50.0,33.33,40.0,40.0,100.0,0.1406745827029284,0.2369241979984328,0.225563909774436,2.0300751879699246,0.0496070751879699,0.9022556390977444,3.609022556390977,4.060150375939849,0.2092041744360902,10.601503759398495,LM/LCM,60,45,75,40,45,90,30,40,35,25,40,40,30,75,55,15,25,20,30,65,95,90,35,55,55,30,40,50,65,20,20,40,95,40,90,25,40,40,55,80,80,90,50,60,30,80,40,40,90,20,40,30,25,30,30,30,60,60,15,20,20,20,60,90,90,35,55,55,30,40,50,65,20,20,40,95,40,90,20,30,30,40,80,60,90,50,2. Bundesliga
Energie Cottbus,9oqny7is99a388pcuflckc9fa,26nfmfc8p2doisd9p8vtd33dh,L. Bittencourt,Leonardo Bittencourt,32,Midfielder,Germany,Midfielder,81.0,132.0,13.0,207.0,3.0,9.0,6.0,3.0,3.0,2.0,3.0,3.0,27.0,6.0,0.0,7.0,370.0,0.0,10.0,12.0,2.0,5.0,6.0,2.0,0.0,0.0,80.54,41.94,60.0,66.67,0.0,55.1,60.0,50.0,0.4867200509219742,1.1011479837834826,2.0,18.0,0.40310804,5.0,28.0,28.0,1.7235794299999998,113.0,19.702702702702705,32.10810810810811,3.1621621621621623,50.35135135135136,0.7297297297297298,2.189189189189189,1.4594594594594597,0.7297297297297298,0.7297297297297298,0.4864864864864865,0.7297297297297298,0.7297297297297298,6.567567567567568,1.4594594594594597,0.0,1.7027027027027029,0.0,2.4324324324324325,2.91891891891892,0.4864864864864865,1.2162162162162162,1.4594594594594597,0.4864864864864865,0.0,0.0,80.54,41.94,60.0,66.67,0.0,55.1,60.0,50.0,0.1183913637377775,0.2678468068662525,0.4864864864864865,4.378378378378379,0.098053307027027,1.2162162162162162,6.810810810810811,6.810810810810811,0.4192490505405405,27.486486486486488,DM/CM,58,90,82,81,32,97,63,56,73,66,44,40,73,31,31,89,11,89,95,61,48,100,98,52,52,26,35,94,87,11,68,73,37,58,100,61,97,97,84,87,97,100,79,55,100,81,90,32,100,71,55,71,74,52,42,71,29,31,87,11,94,100,71,52,100,100,52,52,26,35,94,87,11,68,73,37,68,100,61,100,100,90,97,100,100,90,2. Bundesliga
Energie Cottbus,9oqny7is99a388pcuflckc9fa,2lcgxuccmasurysc8r1yi40lw,L. Erlein,Luca Erlein,19,Defender,Germany,Defender,99.0,62.0,14.0,161.0,3.0,3.0,2.0,2.0,0.0,0.0,2.0,2.0,12.0,19.0,1.0,4.0,405.0,1.0,5.0,2.0,0.0,4.0,0.0,1.0,0.0,0.0,81.31,41.18,0.0,0.0,50.0,46.15,42.86,57.14,0.2184112097979051,0.2011272907184109,0.0,3.0,0.0642557399999999,3.0,11.0,15.0,0.26192651,82.0,22.0,13.77777777777778,3.111111111111111,35.77777777777778,0.6666666666666666,0.6666666666666666,0.4444444444444444,0.4444444444444444,0.0,0.0,0.4444444444444444,0.4444444444444444,2.6666666666666665,4.222222222222222,0.2222222222222222,0.8888888888888888,0.2222222222222222,1.1111111111111112,0.4444444444444444,0.0,0.8888888888888888,0.0,0.2222222222222222,0.0,0.0,81.31,41.18,0.0,0.0,50.0,46.15,42.86,57.14,0.0485358243995344,0.0446949534929802,0.0,0.6666666666666666,0.0142790533333333,0.6666666666666666,2.4444444444444446,3.333333333333333,0.0582058911111111,18.22222222222222,CB,32,45,65,29,17,79,39,55,30,30,68,65,15,47,92,33,61,61,35,30,62,42,92,45,52,21,38,42,30,80,12,18,35,42,76,32,56,58,92,38,56,30,21,18,42,67,24,18,79,39,61,30,30,70,65,12,27,91,29,64,61,33,30,62,42,89,45,52,21,38,42,30,80,12,18,35,42,70,32,52,52,88,33,48,18,15,2. Bundesliga
Energie Cottbus,9oqny7is99a388pcuflckc9fa,42sjindqvk1d8vukuifebhdd5,M. Hannemann,Moritz Hannemann,28,Attacker,Germany,Striker,9.0,20.0,0.0,29.0,4.0,4.0,4.0,3.0,1.0,1.0,10.0,10.0,16.0,1.0,0.0,0.0,209.0,1.0,13.0,5.0,4.0,1.0,0.0,0.0,0.0,0.0,59.18,0.0,0.0,40.0,25.0,41.03,44.44,33.33,0.3806284362797228,0.3010343082038617,2.0,2.0,0.07059961,0.0,3.0,5.0,0.15014364,11.0,3.8755980861244015,8.61244019138756,0.0,12.48803827751196,1.7224880382775118,1.7224880382775118,1.7224880382775118,1.2918660287081338,0.4306220095693779,0.4306220095693779,4.30622009569378,4.30622009569378,6.889952153110047,0.4306220095693779,0.0,0.0,0.4306220095693779,5.598086124401913,2.15311004784689,1.7224880382775118,0.4306220095693779,0.0,0.0,0.0,0.0,59.18,0.0,0.0,40.0,25.0,41.03,44.44,33.33,0.1639069821300241,0.1296319987480744,0.8612440191387559,0.8612440191387559,0.0304017459330143,0.0,1.2918660287081338,2.15311004784689,0.0646551559808612,4.7368421052631575,ST,10,14,17,10,47,52,10,14,31,21,72,67,47,19,9,33,10,31,76,67,31,34,29,52,52,7,17,34,41,10,38,62,24,10,41,53,33,38,14,50,55,41,24,21,45,17,38,66,76,14,17,48,38,93,86,97,31,9,33,14,79,100,83,55,34,29,52,52,7,17,34,41,10,38,62,24,24,69,72,45,48,14,62,69,62,41,2. Bundesliga
Energie Cottbus,9oqny7is99a388pcuflckc9fa,4ajp37qriye173bbam9rtjmne,H. Rorig,Henry Rorig,26,Defender,Germany,Defender,47.0,56.0,11.0,101.0,9.0,1.0,7.0,2.0,5.0,2.0,4.0,4.0,15.0,12.0,0.0,4.0,390.0,0.0,5.0,2.0,0.0,2.0,2.0,0.0,2.0,0.0,74.26,52.38,13.33,0.0,0.0,44.12,64.29,50.0,0.4386554732753727,0.0781868921469326,5.0,2.0,0.04790334,1.0,12.0,13.0,0.29099628,41.0,10.846153846153848,12.923076923076923,2.5384615384615388,23.30769230769231,2.076923076923077,0.2307692307692307,1.6153846153846154,0.4615384615384615,1.153846153846154,0.4615384615384615,0.9230769230769232,0.9230769230769232,3.4615384615384617,2.7692307692307696,0.0,0.9230769230769232,0.0,1.153846153846154,0.4615384615384615,0.0,0.4615384615384615,0.4615384615384615,0.0,0.4615384615384615,0.0,74.26,52.38,13.33,0.0,0.0,44.12,64.29,50.0,0.1012281861404706,0.0180431289569844,1.153846153846154,0.4615384615384615,0.0110546169230769,0.2307692307692307,2.7692307692307696,3.0,0.0671529876923077,9.461538461538462,RB/RCB,38,43,90,36,88,19,90,62,90,79,50,45,43,55,40,57,21,52,29,14,19,67,40,100,52,19,81,60,14,21,29,90,26,81,24,95,26,33,24,48,38,24,38,38,43,86,24,90,14,90,57,90,81,38,33,29,52,40,57,21,48,29,14,14,67,40,100,52,19,81,60,14,21,29,90,26,76,29,90,29,29,24,33,29,24,19,2. Bundesliga
Energie Cottbus,9oqny7is99a388pcuflckc9fa,57fmc5cx71td15f6y12b8d3bo,L. Michelbrink,Lukas Michelbrink,21,Midfielder,Lithuania,Midfielder,69.0,69.0,6.0,138.0,1.0,6.0,6.0,4.0,2.0,2.0,2.0,2.0,12.0,10.0,1.0,4.0,427.0,2.0,9.0,2.0,1.0,6.0,0.0,1.0,0.0,0.0,84.15,35.29,0.0,50.0,33.33,36.36,14.29,75.0,0.5168324366437218,0.3421530967577457,2.0,9.0,0.19202483,3.0,19.0,15.0,0.3806365499999999,69.0,14.543325526932083,14.543325526932083,1.2646370023419204,29.08665105386417,0.2107728337236534,1.2646370023419204,1.2646370023419204,0.8430913348946136,0.4215456674473068,0.4215456674473068,0.4215456674473068,0.4215456674473068,2.529274004683841,2.107728337236534,0.2107728337236534,0.8430913348946136,0.4215456674473068,1.8969555035128804,0.4215456674473068,0.2107728337236534,1.2646370023419204,0.0,0.2107728337236534,0.0,0.0,84.15,35.29,0.0,50.0,33.33,36.36,14.29,75.0,0.1089342372316978,0.0721165777709534,0.4215456674473068,1.8969555035128804,0.0404736175644028,0.6323185011709602,4.004683840749414,3.161592505854801,0.080227844262295,14.543325526932083,DM/CM,31,47,42,37,8,79,63,76,48,66,29,24,16,60,74,40,73,81,18,39,66,34,82,52,52,39,15,34,60,68,13,13,74,65,65,61,77,74,69,68,53,45,32,23,26,39,23,3,71,58,77,45,68,26,23,16,58,74,29,74,81,16,32,58,34,87,52,52,39,15,34,60,68,13,13,74,61,58,55,77,77,71,65,42,42,19,2. Bundesliga
Energie Cottbus,9oqny7is99a388pcuflckc9fa,5zlfbrphymfs7ixs6z26i2lsl,T. Ciğerci,Tolcay Cigerci,31,Midfielder,Türkiye,Midfielder,38.0,91.0,8.0,122.0,1.0,15.0,19.0,7.0,12.0,6.0,9.0,9.0,16.0,3.0,4.0,2.0,393.0,7.0,14.0,7.0,5.0,0.0,7.0,1.0,0.0,1.0,82.99,72.73,29.17,55.56,36.84,39.02,25.0,0.0,1.0493369858806685,1.5191692150082157,6.0,17.0,0.5095963,6.0,13.0,25.0,0.4870714599999999,58.0,8.70229007633588,20.83969465648855,1.8320610687022905,27.938931297709928,0.2290076335877862,3.435114503816794,4.35114503816794,1.603053435114504,2.748091603053436,1.3740458015267176,2.0610687022900764,2.0610687022900764,3.664122137404581,0.6870229007633588,0.9160305343511452,0.4580152671755725,1.603053435114504,3.206106870229008,1.603053435114504,1.1450381679389314,0.0,1.603053435114504,0.2290076335877862,0.0,0.2290076335877862,82.99,72.73,29.17,55.56,36.84,39.02,25.0,0.0,0.2403061799726722,0.3479013469484464,1.3740458015267176,3.893129770992367,0.1167014427480916,1.3740458015267176,2.9770992366412217,5.725190839694657,0.111543082442748,13.282442748091604,CM/AM,65,74,78,74,54,100,100,93,100,96,74,74,67,72,100,41,100,89,74,76,11,96,72,52,100,78,74,65,63,61,26,48,11,100,100,98,96,100,93,54,76,57,65,48,57,78,57,52,100,91,87,100,87,65,61,35,57,100,30,91,83,57,78,11,87,61,52,100,78,74,65,63,61,26,48,11,87,100,83,96,100,83,30,78,48,48,2. Bundesliga
Energie Cottbus,9oqny7is99a388pcuflckc9fa,7b9473p0ben0elquj3wjq7q50,F. Doumbia,Fousseny Doumbia,21,Defender,Mali,Defender,85.0,41.0,4.0,126.0,4.0,1.0,3.0,2.0,1.0,1.0,2.0,2.0,8.0,12.0,0.0,5.0,205.0,0.0,2.0,3.0,0.0,1.0,0.0,0.0,0.0,0.0,85.14,33.33,0.0,0.0,0.0,34.78,57.14,100.0,0.2571410642039992,0.0819432593274653,1.0,3.0,0.0667338899999999,2.0,7.0,7.0,0.1712550899999999,61.0,37.31707317073171,18.0,1.7560975609756098,55.31707317073171,1.7560975609756098,0.4390243902439024,1.3170731707317074,0.8780487804878049,0.4390243902439024,0.4390243902439024,0.8780487804878049,0.8780487804878049,3.5121951219512195,5.2682926829268295,0.0,2.1951219512195124,0.0,0.8780487804878049,1.3170731707317074,0.0,0.4390243902439024,0.0,0.0,0.0,0.0,85.14,33.33,0.0,0.0,0.0,34.78,57.14,100.0,0.1128911989188289,0.0359750894608384,0.4390243902439024,1.3170731707317074,0.0292978053658536,0.8780487804878049,3.073170731707317,3.073170731707317,0.0751851614634145,26.78048780487805,LB/LCB,55,15,12,40,50,15,65,70,60,75,22,22,10,48,48,65,22,28,45,15,10,12,35,48,52,70,32,12,15,22,10,55,98,75,15,62,35,35,42,18,10,5,38,85,40,55,85,80,20,85,95,75,90,40,35,25,90,48,100,22,55,70,15,25,12,35,48,52,70,32,12,15,22,10,55,98,85,30,80,65,55,65,45,40,15,85,2. Bundesliga
Energie Cottbus,9oqny7is99a388pcuflckc9fa,a1eb9qftpii46ao5c84vbzvqi,J. Butler,Justin Butler,25,Attacker,USA,Striker,10.0,36.0,2.0,45.0,2.0,3.0,7.0,6.0,1.0,1.0,15.0,15.0,17.0,4.0,2.0,0.0,231.0,4.0,9.0,4.0,7.0,2.0,1.0,1.0,0.0,0.0,77.59,66.67,9.09,46.67,57.14,38.64,50.0,50.0,0.6933669785985247,0.1901385776913735,2.0,6.0,0.1837598999999999,2.0,0.0,2.0,0.13114883,11.0,3.896103896103896,14.025974025974024,0.7792207792207791,17.532467532467532,0.7792207792207791,1.1688311688311688,2.727272727272727,2.3376623376623376,0.3896103896103896,0.3896103896103896,5.844155844155844,5.844155844155844,6.623376623376623,1.5584415584415583,0.7792207792207791,0.0,1.5584415584415583,3.506493506493506,1.5584415584415583,2.727272727272727,0.7792207792207791,0.3896103896103896,0.3896103896103896,0.0,0.0,77.59,66.67,9.09,46.67,57.14,38.64,50.0,50.0,0.2701429786747498,0.0740799653343013,0.7792207792207791,2.3376623376623376,0.0715947662337661,0.7792207792207791,0.0,0.7792207792207791,0.0510969467532467,4.285714285714286,LW,12,25,25,12,19,25,62,69,50,38,62,56,44,69,75,12,62,12,50,56,31,44,56,50,56,50,75,38,56,100,50,69,12,75,25,38,25,25,31,12,19,25,12,12,38,25,25,50,50,100,100,50,50,100,100,100,88,88,12,100,50,88,88,62,50,75,50,56,50,75,38,56,100,50,69,12,100,25,38,38,38,38,12,25,25,25,2. Bundesliga
Energie Cottbus,9oqny7is99a388pcuflckc9fa,c6fcafjqn8xth1r5a47vt0c2c,K. Manu,King Manu,22,Defender,Germany,Defender,112.0,64.0,14.0,176.0,11.0,2.0,5.0,5.0,0.0,0.0,3.0,3.0,23.0,14.0,1.0,3.0,360.0,1.0,6.0,5.0,2.0,4.0,0.0,0.0,0.0,0.0,89.34,60.87,0.0,66.67,20.0,65.71,78.57,80.0,0.519066755367319,0.1026225909338122,1.0,6.0,0.12785669,1.0,15.0,23.0,0.3471144,119.0,28.0,16.0,3.5,44.0,2.75,0.5,1.25,1.25,0.0,0.0,0.75,0.75,5.75,3.5,0.25,0.75,0.25,1.5,1.25,0.5,1.0,0.0,0.0,0.0,0.0,89.34,60.87,0.0,66.67,20.0,65.71,78.57,80.0,0.1297666888418297,0.025655647733453,0.25,1.5,0.0319641725,0.25,3.75,5.75,0.0867786,29.75,CB,45,52,65,48,67,64,86,91,30,30,83,79,67,23,92,20,61,71,79,86,62,42,44,45,52,71,85,42,77,44,91,97,83,85,58,74,83,82,58,61,88,45,62,52,61,82,48,70,64,94,97,30,30,85,79,82,15,94,18,70,73,79,88,68,42,44,45,52,71,85,42,77,44,91,97,83,88,52,82,88,85,58,64,94,55,61,2. Bundesliga
Energie Cottbus,9oqny7is99a388pcuflckc9fa,ckyg1eh3rmfmwzp3cy2k4me39,A. Borgmann,Axel Borgmann,32,Defender,Germany,Defender,29.0,63.0,4.0,90.0,6.0,3.0,7.0,5.0,2.0,1.0,7.0,7.0,15.0,13.0,0.0,1.0,312.0,3.0,8.0,2.0,1.0,3.0,2.0,0.0,0.0,0.0,82.57,28.57,50.0,14.29,42.86,46.88,60.0,50.0,0.7136975970306902,0.1990133519098989,2.0,6.0,0.15242648,4.0,7.0,9.0,0.3988337199999999,46.0,8.365384615384615,18.173076923076923,1.1538461538461535,25.96153846153846,1.7307692307692306,0.8653846153846153,2.019230769230769,1.4423076923076923,0.5769230769230769,0.2884615384615384,2.019230769230769,2.019230769230769,4.326923076923077,3.75,0.0,0.2884615384615384,0.8653846153846153,2.3076923076923075,0.5769230769230769,0.2884615384615384,0.8653846153846153,0.5769230769230769,0.0,0.0,0.0,82.57,28.57,50.0,14.29,42.86,46.88,60.0,50.0,0.205874306835776,0.0574076976663169,0.5769230769230769,1.7307692307692306,0.0439691769230769,1.1538461538461535,2.019230769230769,2.5961538461538463,0.1150481884615384,13.269230769230768,LB/LCB,10,45,12,15,70,50,95,100,80,75,88,88,32,55,48,8,100,92,32,38,50,52,35,48,52,45,10,92,30,75,20,75,38,100,40,85,70,70,78,18,20,35,15,15,45,15,25,70,50,95,100,80,80,90,90,55,70,48,5,100,95,40,40,55,55,35,48,52,45,10,92,30,75,20,75,38,100,35,85,75,80,85,20,20,35,15,2. Bundesliga
Energie Cottbus,9oqny7is99a388pcuflckc9fa,dk8dkykpno2tl80wmurr05qp6,L. Copado,Lucas Copado,22,Attacker,Germany,Striker,29.0,33.0,4.0,62.0,2.0,4.0,9.0,6.0,3.0,4.0,10.0,11.0,9.0,1.0,1.0,0.0,343.0,5.0,17.0,5.0,3.0,0.0,0.0,1.0,0.0,0.0,75.61,50.0,0.0,30.0,55.56,26.47,28.57,0.0,0.7531910274581447,0.4148558472785715,4.0,5.0,0.2245061,2.0,3.0,4.0,0.22405664,17.0,7.60932944606414,8.658892128279884,1.0495626822157436,16.268221574344025,0.5247813411078718,1.0495626822157436,2.361516034985423,1.5743440233236152,0.7871720116618076,1.0495626822157436,2.623906705539359,2.8862973760932946,2.361516034985423,0.2623906705539359,0.2623906705539359,0.0,1.3119533527696794,4.46064139941691,1.3119533527696794,0.7871720116618076,0.0,0.0,0.2623906705539359,0.0,0.0,75.61,50.0,0.0,30.0,55.56,26.47,28.57,0.0,0.1976302987499505,0.1088543039506455,1.0495626822157436,1.3119533527696794,0.0589083061224489,0.5247813411078718,0.7871720116618076,1.0495626822157436,0.0587903720116618,4.46064139941691,ST,86,57,86,64,19,52,47,33,67,83,72,76,10,19,34,33,66,55,76,50,9,34,71,52,52,72,59,34,22,90,3,26,9,31,59,76,64,69,55,50,45,55,43,93,48,90,72,21,45,41,34,69,76,69,69,7,14,34,33,66,48,76,45,9,34,69,52,52,72,59,34,22,90,3,26,9,34,62,79,62,76,55,41,45,52,34,2. Bundesliga
St. Pauli,85jtaw5dcxxx1yp8te6axh3p8,277xa3ka9se9p5nzga0sunavp,B. Hrgota,Branimir Hrgota,33,Attacker,Sweden,Striker,23.0,54.0,4.0,72.0,0.0,7.0,8.0,1.0,7.0,3.0,13.0,15.0,16.0,1.0,0.0,0.0,305.0,4.0,8.0,4.0,5.0,3.0,5.0,1.0,0.0,0.0,67.92,57.14,21.74,38.46,50.0,40.0,0.0,42.86,0.4146485450737223,0.9421651630198684,6.0,12.0,0.3415579,3.0,10.0,13.0,0.4222615999999999,34.0,6.786885245901639,15.934426229508198,1.180327868852459,21.24590163934426,0.0,2.065573770491804,2.360655737704918,0.2950819672131147,2.065573770491804,0.8852459016393442,3.836065573770492,4.426229508196721,4.721311475409836,0.2950819672131147,0.0,0.0,1.180327868852459,2.360655737704918,1.180327868852459,1.475409836065574,0.8852459016393442,1.475409836065574,0.2950819672131147,0.0,0.0,67.92,57.14,21.74,38.46,50.0,40.0,0.0,42.86,0.1223553083824098,0.2780159497435677,1.7704918032786885,3.540983606557377,0.1007875770491803,0.8852459016393442,2.950819672131148,3.836065573770492,0.1246017836065573,10.0327868852459,ST,71,78,86,72,5,78,28,3,97,69,84,88,47,19,9,33,52,12,60,78,83,91,71,52,52,31,67,72,38,76,33,5,38,14,86,90,86,86,74,97,93,72,86,76,97,93,97,5,83,38,3,100,72,86,93,59,17,9,33,52,7,62,79,90,93,72,52,52,31,67,72,38,76,33,5,38,10,93,97,100,97,83,100,97,79,97,2. Bundesliga
St. Pauli,85jtaw5dcxxx1yp8te6axh3p8,2n808wa0h841cn8xi78n21v8q,T. Hara,Taichi Hara,27,Attacker,Japan,Striker,6.0,28.0,2.0,31.0,12.0,3.0,6.0,5.0,1.0,2.0,3.0,3.0,17.0,2.0,2.0,0.0,297.0,3.0,12.0,2.0,1.0,1.0,3.0,1.0,0.0,0.0,56.36,50.0,27.27,33.33,50.0,54.84,75.0,50.0,0.686884388029086,0.3519989465545184,1.0,3.0,0.07615281,2.0,5.0,4.0,0.26353254,17.0,1.8181818181818183,8.484848484848484,0.6060606060606061,9.393939393939394,3.6363636363636367,0.9090909090909092,1.8181818181818183,1.5151515151515151,0.303030303030303,0.6060606060606061,0.9090909090909092,0.9090909090909092,5.151515151515151,0.6060606060606061,0.6060606060606061,0.0,0.9090909090909092,3.6363636363636367,0.6060606060606061,0.303030303030303,0.303030303030303,0.9090909090909092,0.303030303030303,0.0,0.0,56.36,50.0,27.27,33.33,50.0,54.84,75.0,50.0,0.2081467842512382,0.1066663474407631,0.303030303030303,0.9090909090909092,0.023076609090909,0.6060606060606061,1.5151515151515151,1.2121212121212122,0.0798583454545454,5.151515151515151,ST,7,45,52,14,88,28,14,22,31,47,29,26,55,40,66,33,31,26,28,16,31,79,71,52,52,3,59,78,31,76,86,100,52,28,48,24,45,41,55,72,45,59,43,7,41,55,10,93,31,17,31,31,52,24,24,69,38,76,33,38,31,34,14,28,83,76,52,52,3,59,78,31,76,86,100,52,38,59,24,52,41,59,83,48,66,52,2. Bundesliga
St. Pauli,85jtaw5dcxxx1yp8te6axh3p8,3v695dpbm6bdgifkyhlie6kbu,J. Fujita,Joel Chima Fujita,24,Midfielder,Japan,Midfielder,27.0,57.0,0.0,84.0,2.0,2.0,2.0,0.0,2.0,0.0,4.0,5.0,9.0,2.0,1.0,3.0,244.0,1.0,2.0,1.0,3.0,1.0,0.0,0.0,0.0,0.0,78.5,0.0,0.0,75.0,50.0,42.86,66.67,33.33,0.0949592538890474,0.0958997737952467,2.0,6.0,0.21377949,2.0,12.0,11.0,0.14677726,36.0,9.959016393442624,21.024590163934427,0.0,30.983606557377048,0.7377049180327868,0.7377049180327868,0.7377049180327868,0.0,0.7377049180327868,0.0,1.4754098360655736,1.8442622950819672,3.319672131147541,0.7377049180327868,0.3688524590163934,1.1065573770491803,0.3688524590163934,0.7377049180327868,0.3688524590163934,1.1065573770491803,0.3688524590163934,0.0,0.0,0.0,0.0,78.5,0.0,0.0,75.0,50.0,42.86,66.67,33.33,0.0350259543033371,0.0353728673834926,0.7377049180327868,2.2131147540983607,0.0788530905737704,0.7377049180327868,4.426229508196721,4.057377049180328,0.0541391532786885,13.278688524590164,CM/AM,50,43,7,43,74,15,7,7,22,4,28,41,26,52,80,63,37,7,9,50,28,17,28,52,50,35,7,17,96,89,35,100,28,4,9,28,26,57,28,46,37,13,35,61,61,7,65,74,17,4,7,35,4,43,52,30,65,87,83,39,4,9,70,30,17,28,52,50,35,7,17,96,89,35,100,28,4,9,39,48,61,30,70,52,13,43,2. Bundesliga
St. Pauli,85jtaw5dcxxx1yp8te6axh3p8,7wsv4h6o1ps1vxxvs6dnt6az8,T. Andō,Tomoya Ando,27,Defender,Japan,Defender,91.0,113.0,6.0,204.0,7.0,0.0,3.0,3.0,0.0,1.0,0.0,0.0,17.0,15.0,0.0,6.0,360.0,2.0,8.0,7.0,0.0,2.0,0.0,0.0,0.0,0.0,87.55,31.58,0.0,0.0,66.67,62.96,70.0,50.0,0.4376298133634797,0.0,0.0,10.0,0.19961603,3.0,29.0,22.0,0.44724452,129.0,22.75,28.25,1.5,51.0,1.75,0.0,0.75,0.75,0.0,0.25,0.0,0.0,4.25,3.75,0.0,1.5,0.5,2.0,1.75,0.0,0.5,0.0,0.0,0.0,0.0,87.55,31.58,0.0,0.0,66.67,62.96,70.0,50.0,0.1094074533408699,0.0,0.0,2.5,0.0499040075,0.75,7.25,5.5,0.11181113,32.25,CB,21,94,26,61,42,11,64,80,30,74,20,20,48,29,42,58,89,83,94,30,23,42,44,45,52,61,21,42,30,92,82,86,27,79,14,32,95,94,92,97,82,73,67,24,97,27,73,42,11,67,76,30,76,20,20,45,24,42,64,97,88,97,30,27,42,44,45,52,61,21,42,30,92,82,86,27,79,14,32,94,94,94,97,85,79,76,2. Bundesliga
St. Pauli,85jtaw5dcxxx1yp8te6axh3p8,8bllf54c5zh74je3guhk6u3ca,D. Nemeth,David Nemeth,25,Defender,Austria,Defender,118.0,133.0,9.0,251.0,22.0,2.0,4.0,3.0,1.0,0.0,1.0,1.0,35.0,26.0,0.0,4.0,450.0,0.0,8.0,3.0,0.0,8.0,0.0,1.0,0.0,0.0,87.76,40.91,0.0,0.0,0.0,64.81,78.57,80.0,0.5115327741557756,0.0999951190240824,1.0,4.0,0.08077347,5.0,28.0,31.0,0.52941474,154.0,23.6,26.6,1.8,50.2,4.4,0.4,0.8,0.6,0.2,0.0,0.2,0.2,7.0,5.2,0.0,0.8,0.0,1.6,0.6,0.0,1.6,0.0,0.2,0.0,0.0,87.76,40.91,0.0,0.0,0.0,64.81,78.57,80.0,0.1023065548311551,0.0199990238048164,0.2,0.8,0.016154694,1.0,5.6,6.2,0.105882948,30.8,RB/RCB,90,100,74,95,100,45,62,83,40,24,14,14,100,95,40,57,21,83,52,14,69,26,88,40,52,90,38,26,14,21,100,100,83,90,38,43,67,62,86,100,100,67,95,90,100,52,95,100,40,52,76,33,24,12,12,100,95,40,50,21,62,45,14,62,26,81,40,52,90,38,26,14,21,100,100,83,86,38,33,52,52,71,100,100,57,95,2. Bundesliga
St. Pauli,85jtaw5dcxxx1yp8te6axh3p8,8im7pgnph2au11blma5pewe09,M. Kaars,Martijn Kaars,27,Attacker,Netherlands,Striker,14.0,33.0,0.0,47.0,3.0,2.0,10.0,9.0,1.0,2.0,2.0,2.0,7.0,2.0,1.0,0.0,295.0,6.0,15.0,1.0,2.0,0.0,0.0,0.0,0.0,0.0,85.45,0.0,0.0,100.0,60.0,41.18,42.86,0.0,1.1317841594333289,0.1867019628243147,1.0,4.0,0.16505387,0.0,0.0,1.0,0.03459174,10.0,4.271186440677966,10.067796610169491,0.0,14.33898305084746,0.9152542372881356,0.6101694915254238,3.050847457627119,2.745762711864407,0.3050847457627119,0.6101694915254238,0.6101694915254238,0.6101694915254238,2.135593220338983,0.6101694915254238,0.3050847457627119,0.0,1.8305084745762712,4.576271186440678,0.3050847457627119,0.6101694915254238,0.0,0.0,0.0,0.0,0.0,85.45,0.0,0.0,100.0,60.0,41.18,42.86,0.0,0.3452900825389817,0.0569599208616553,0.3050847457627119,1.2203389830508475,0.0503554179661016,0.0,0.0,0.3050847457627119,0.0105534122033898,3.050847457627119,ST,28,57,17,48,33,7,62,66,31,47,14,12,5,40,34,33,72,41,9,29,9,34,29,52,52,97,17,34,95,97,41,52,9,55,17,24,55,55,14,3,10,10,19,31,62,17,48,45,7,62,69,34,55,17,14,3,41,38,33,86,55,7,34,9,34,29,52,52,97,17,34,95,97,41,52,9,59,24,28,59,66,14,3,14,10,14,2. Bundesliga
St. Pauli,85jtaw5dcxxx1yp8te6axh3p8,8yiq2pl6mno23dgg2h7p2fcut,E. Smith,Eric Smith,29,Midfielder,Sweden,Midfielder,79.0,118.0,10.0,193.0,4.0,4.0,3.0,1.0,2.0,1.0,4.0,4.0,13.0,5.0,0.0,7.0,301.0,2.0,3.0,3.0,1.0,2.0,4.0,0.0,0.0,0.0,85.4,55.56,40.0,25.0,66.67,48.15,50.0,40.0,0.167223761880089,0.3336011740850431,1.0,13.0,0.28531487,3.0,28.0,12.0,0.3663411599999998,101.0,23.62126245847176,35.28239202657807,2.990033222591362,57.70764119601328,1.196013289036545,1.196013289036545,0.8970099667774086,0.2990033222591362,0.5980066445182725,0.2990033222591362,1.196013289036545,1.196013289036545,3.88704318936877,1.495016611295681,0.0,2.093023255813953,0.5980066445182725,0.8970099667774086,0.8970099667774086,0.2990033222591362,0.5980066445182725,1.196013289036545,0.0,0.0,0.0,85.4,55.56,40.0,25.0,66.67,48.15,50.0,40.0,0.0500004603628173,0.0997478593609763,0.2990033222591362,3.88704318936877,0.0853100940199335,0.8970099667774086,8.372093023255813,3.5880398671096345,0.1095372239202657,30.199335548172755,CM/AM,100,87,87,91,91,35,13,20,22,17,28,26,43,91,37,100,59,13,24,20,50,74,28,52,50,96,57,87,15,100,57,85,39,9,43,13,85,70,43,100,50,43,91,100,100,91,100,96,30,17,13,17,17,30,26,48,87,37,100,57,13,26,17,48,78,28,52,50,96,57,87,15,100,57,85,39,9,39,13,91,70,43,100,39,35,100,2. Bundesliga
St. Pauli,85jtaw5dcxxx1yp8te6axh3p8,9z8zmq5mh3nzaxtvpf5ox3snp,M. Mathisen,Marcus Mathisen,30,Defender,Denmark,Defender,111.0,139.0,17.0,250.0,11.0,2.0,2.0,2.0,0.0,0.0,3.0,3.0,29.0,18.0,1.0,7.0,325.0,1.0,2.0,2.0,2.0,11.0,0.0,0.0,0.0,0.0,87.11,53.12,0.0,66.67,50.0,61.7,52.38,78.57,0.2876618616758278,0.2029103451396978,0.0,10.0,0.19876737,2.0,35.0,23.0,0.6041941500000001,207.0,30.73846153846154,38.49230769230769,4.707692307692308,69.23076923076923,3.046153846153846,0.5538461538461539,0.5538461538461539,0.5538461538461539,0.0,0.0,0.8307692307692307,0.8307692307692307,8.03076923076923,4.984615384615385,0.2769230769230769,1.9384615384615385,0.2769230769230769,0.5538461538461539,0.5538461538461539,0.5538461538461539,3.046153846153846,0.0,0.0,0.0,0.0,87.11,53.12,0.0,66.67,50.0,61.7,52.38,78.57,0.0796602078486907,0.0561905571156086,0.0,2.769230769230769,0.0550432716923076,0.5538461538461539,9.692307692307692,6.369230769230769,0.1673153030769231,57.323076923076925,CB,42,100,89,88,67,64,39,55,30,30,83,79,89,39,92,70,61,23,35,86,100,42,44,45,52,48,67,42,77,80,70,33,79,58,79,32,95,91,79,100,88,85,100,58,100,97,100,82,67,45,70,30,30,91,88,100,48,97,82,76,24,39,91,100,42,44,45,52,48,67,42,77,80,70,33,79,67,85,32,97,97,85,100,100,97,100,2. Bundesliga
St. Pauli,85jtaw5dcxxx1yp8te6axh3p8,eg5haueyvosx3euq9e0ogdj6y,L. Oppie,Louis Oppie,24,Defender,Germany,Defender,38.0,90.0,8.0,124.0,3.0,3.0,10.0,3.0,7.0,4.0,4.0,5.0,15.0,15.0,0.0,4.0,445.0,2.0,6.0,5.0,3.0,2.0,4.0,0.0,0.0,0.0,77.99,32.0,26.67,75.0,20.0,60.0,75.0,40.0,0.6087627555374148,0.4316038712201724,5.0,6.0,0.14493255,2.0,10.0,15.0,1.2307046700000002,59.0,7.685393258426966,18.202247191011235,1.6179775280898876,25.078651685393258,0.6067415730337078,0.6067415730337078,2.02247191011236,0.6067415730337078,1.4157303370786516,0.8089887640449438,0.8089887640449438,1.0112359550561798,3.033707865168539,3.033707865168539,0.0,0.8089887640449438,0.4044943820224719,1.2134831460674156,1.0112359550561798,0.6067415730337078,0.4044943820224719,0.8089887640449438,0.0,0.0,0.0,77.99,32.0,26.67,75.0,20.0,60.0,75.0,40.0,0.1231205572997018,0.087290670583855,1.0112359550561798,1.2134831460674156,0.0293122011235955,0.4044943820224719,2.02247191011236,3.033707865168539,0.2489065624719101,11.932584269662922,LB/LCB,20,70,62,32,40,50,100,88,100,100,50,62,32,68,48,50,90,75,75,62,30,70,35,48,52,20,20,55,80,52,65,98,20,95,60,100,70,65,42,32,52,95,25,5,50,35,15,35,35,100,75,100,100,35,50,20,50,48,45,85,65,60,60,15,65,35,48,52,20,20,55,80,52,65,98,20,90,50,100,60,60,30,25,35,95,10,2. Bundesliga
St. Pauli,85jtaw5dcxxx1yp8te6axh3p8,payije8nojdfrbkuq9hj2sph,M. Rasmussen,Mathias Rasmussen,28,Midfielder,Norway,Midfielder,59.0,144.0,7.0,199.0,5.0,5.0,7.0,3.0,4.0,3.0,6.0,7.0,38.0,4.0,0.0,4.0,444.0,0.0,6.0,10.0,5.0,13.0,4.0,0.0,0.0,0.0,81.89,36.84,44.44,83.33,0.0,64.41,45.45,72.22,0.4967513863488606,0.4673485769803168,3.0,13.0,0.2872599,6.0,26.0,25.0,0.8157493699999996,86.0,11.95945945945946,29.18918918918919,1.4189189189189189,40.33783783783784,1.0135135135135134,1.0135135135135134,1.4189189189189189,0.6081081081081081,0.8108108108108107,0.6081081081081081,1.2162162162162162,1.4189189189189189,7.702702702702703,0.8108108108108107,0.0,0.8108108108108107,0.0,1.2162162162162162,2.0270270270270268,1.0135135135135134,2.635135135135135,0.8108108108108107,0.0,0.0,0.0,81.89,36.84,44.44,83.33,0.0,64.41,45.45,72.22,0.1006928485842285,0.0947328196581723,0.6081081081081081,2.635135135135135,0.0582283581081081,1.2162162162162162,5.27027027027027,5.067567567567568,0.1653546020270269,17.43243243243243,CM/AM,87,100,70,96,96,48,65,57,63,76,50,54,100,80,37,76,13,35,93,76,100,74,28,52,50,70,35,93,100,13,91,74,65,65,57,43,85,74,93,89,76,87,83,70,91,61,87,91,22,39,39,43,61,39,39,96,74,37,65,13,26,74,50,100,61,28,52,50,70,35,93,100,13,91,74,65,48,35,26,61,43,74,76,70,70,74,2. Bundesliga
St. Pauli,85jtaw5dcxxx1yp8te6axh3p8,rvqiq9rz1ur11jb8skb7419m,A. Pyrka,Arkadiusz Pyrka,23,Defender,Poland,Defender,48.0,110.0,6.0,148.0,3.0,12.0,2.0,0.0,2.0,1.0,11.0,11.0,26.0,3.0,0.0,3.0,439.0,1.0,4.0,8.0,6.0,9.0,10.0,2.0,0.0,0.0,79.14,37.5,37.04,54.55,50.0,54.17,50.0,100.0,0.0911911429473567,1.2162324933305435,2.0,4.0,0.1815027699999999,8.0,9.0,17.0,1.1113636700000005,73.0,9.840546697038723,22.551252847380407,1.2300683371298404,30.34168564920273,0.6150341685649202,2.460136674259681,0.4100227790432801,0.0,0.4100227790432801,0.20501138952164,2.2551252847380407,2.2551252847380407,5.330296127562642,0.6150341685649202,0.0,0.6150341685649202,0.20501138952164,0.8200455580865603,1.6400911161731206,1.2300683371298404,1.8451025056947608,2.0501138952164006,0.4100227790432801,0.0,0.0,79.14,37.5,37.04,54.55,50.0,54.17,50.0,100.0,0.0186952229277041,0.2493415134390635,0.4100227790432801,0.8200455580865603,0.0372101350797266,1.6400911161731206,1.8451025056947608,3.4851936218678814,0.2278422102505695,14.965831435079725,RB/RCB,43,95,33,67,40,100,29,12,57,57,93,93,76,12,40,43,60,43,90,100,81,100,100,40,52,52,24,90,76,79,67,62,95,14,100,64,67,95,100,31,57,95,67,19,95,19,62,31,100,24,12,48,62,93,83,67,10,40,38,55,38,86,95,76,100,100,40,52,52,24,90,76,79,67,62,95,14,100,57,62,81,95,24,38,100,48,2. Bundesliga
Hannover 96,5lidfwkteyu9dj9ysmdq2v4tk,2vxt1arc33nnhp8bgcctut2ol,M. Neubauer,Maurice Neubauer,30,Defender,Germany,Defender,54.0,108.0,7.0,153.0,1.0,10.0,6.0,5.0,1.0,2.0,3.0,4.0,13.0,8.0,1.0,2.0,439.0,2.0,12.0,3.0,1.0,3.0,9.0,0.0,0.0,0.0,81.82,41.18,47.37,33.33,33.33,61.9,50.0,37.5,0.4783755482946252,0.9606234822875608,2.0,7.0,0.2023438099999999,6.0,14.0,20.0,0.6108918900000001,76.0,11.070615034168563,22.141230068337126,1.4350797266514803,31.36674259681093,0.20501138952164,2.0501138952164006,1.2300683371298404,1.0250569476082003,0.20501138952164,0.4100227790432801,0.6150341685649202,0.8200455580865603,2.665148063781321,1.6400911161731206,0.20501138952164,0.4100227790432801,0.4100227790432801,2.460136674259681,0.6150341685649202,0.20501138952164,0.6150341685649202,1.8451025056947608,0.0,0.0,0.0,81.82,41.18,47.37,33.33,33.33,61.9,50.0,37.5,0.0980724358690575,0.1969387549108894,0.4100227790432801,1.4350797266514803,0.0414827856492027,1.2300683371298404,2.870159453302961,4.100227790432801,0.1252397952164009,15.580865603644645,CB,6,91,36,24,6,100,94,91,76,95,83,89,26,6,92,11,89,94,53,68,44,100,44,45,52,24,38,94,62,61,76,29,21,82,100,92,88,97,100,53,79,88,18,3,91,24,15,3,100,91,88,82,94,79,85,9,3,88,9,88,91,55,64,36,100,44,45,52,24,38,94,62,61,76,29,21,73,100,94,85,91,100,42,73,85,9,2. Bundesliga
Hannover 96,5lidfwkteyu9dj9ysmdq2v4tk,3w2eolfcth7by81g83367y99m,L. Gindorf,Lars Gindorf,25,Midfielder,Germany,Midfielder,18.0,72.0,0.0,87.0,2.0,7.0,19.0,18.0,1.0,7.0,18.0,19.0,26.0,1.0,3.0,1.0,375.0,7.0,45.0,9.0,9.0,3.0,3.0,0.0,0.0,0.0,73.73,0.0,33.33,50.0,36.84,50.98,28.57,50.0,1.819422543446832,0.5766962630553386,5.0,11.0,0.36357598,4.0,4.0,13.0,0.8366448699999999,39.0,4.319999999999999,17.279999999999998,0.0,20.88,0.48,1.68,4.56,4.319999999999999,0.24,1.68,4.319999999999999,4.56,6.239999999999999,0.24,0.72,0.24,1.68,10.8,2.16,2.16,0.72,0.72,0.0,0.0,0.0,73.73,0.0,33.33,50.0,36.84,50.98,28.57,50.0,0.4366614104272396,0.1384071031332812,1.2,2.64,0.0872582351999999,0.96,0.96,3.12,0.2007947687999999,9.36,LM/LCM,30,45,10,30,45,55,95,100,35,100,90,90,85,20,100,45,85,100,90,80,50,60,35,55,55,10,10,80,65,35,80,30,45,90,60,60,55,70,55,25,40,80,30,20,40,10,30,50,60,100,100,40,100,90,90,90,20,100,50,90,100,80,80,60,60,35,55,55,10,10,80,65,35,80,30,45,90,70,60,50,70,50,20,30,80,30,2. Bundesliga
Hannover 96,5lidfwkteyu9dj9ysmdq2v4tk,4v3o4yemj0frzgkxez1zg51w5,M. Hartel,Marcel Hartel,30,Midfielder,Germany,Midfielder,46.0,113.0,5.0,156.0,0.0,6.0,8.0,4.0,4.0,6.0,9.0,9.0,7.0,2.0,1.0,2.0,331.0,1.0,15.0,1.0,4.0,2.0,3.0,0.0,0.0,0.0,81.25,71.43,25.0,44.44,12.5,38.89,0.0,100.0,0.5479555373126448,0.5748854468999676,3.0,10.0,0.30606245,4.0,15.0,29.0,1.01292129,95.0,12.507552870090636,30.72507552870091,1.3595166163141994,42.41691842900303,0.0,1.6314199395770397,2.175226586102719,1.0876132930513596,1.0876132930513596,1.6314199395770397,2.447129909365559,2.447129909365559,1.9033232628398795,0.5438066465256798,0.2719033232628399,0.5438066465256798,0.2719033232628399,4.078549848942599,0.2719033232628399,1.0876132930513596,0.5438066465256798,0.8157099697885197,0.0,0.0,0.0,81.25,71.43,25.0,44.44,12.5,38.89,0.0,100.0,0.1489909315955832,0.156313263507544,0.8157099697885197,2.719033232628399,0.0832193972809667,1.0876132930513596,4.078549848942599,7.885196374622357,0.2754166649546828,25.83081570996979,CM/AM,78,83,54,83,24,65,70,74,63,96,74,74,11,52,80,41,37,96,9,59,50,61,28,52,50,61,70,61,43,30,22,24,91,70,74,43,74,78,61,70,91,96,87,74,96,57,91,24,59,65,78,52,91,74,74,13,52,74,37,35,91,4,63,43,65,28,52,50,61,70,61,43,30,22,24,91,65,65,48,65,65,59,59,100,91,96,2. Bundesliga
Hannover 96,5lidfwkteyu9dj9ysmdq2v4tk,6nsvidy8m4m7u7umlo0fyfah,M. Bundu,Mustapha Bundu,29,Attacker,Sierra Leone,Striker,11.0,45.0,1.0,53.0,1.0,3.0,10.0,7.0,3.0,2.0,10.0,11.0,12.0,0.0,0.0,0.0,200.0,3.0,28.0,2.0,9.0,0.0,3.0,0.0,0.0,0.0,76.81,25.0,27.27,90.0,30.0,57.14,33.33,0.0,0.9071823472086656,0.3737288736105032,3.0,13.0,0.50349292,1.0,4.0,5.0,0.6749097700000001,16.0,4.95,20.25,0.4499999999999999,23.85,0.4499999999999999,1.35,4.5,3.15,1.35,0.8999999999999999,4.5,4.95,5.4,0.0,0.0,0.0,1.35,12.6,0.8999999999999999,4.05,0.0,1.35,0.0,0.0,0.0,76.81,25.0,27.27,90.0,30.0,57.14,33.33,0.0,0.4082320562438995,0.1681779931247264,1.35,5.85,0.2265718139999999,0.4499999999999999,1.7999999999999998,2.25,0.3037093965,7.199999999999999,RW,50,75,38,75,25,50,88,75,62,50,25,25,25,25,50,25,100,100,38,100,25,50,50,62,62,75,25,50,100,100,75,38,25,50,50,62,75,75,25,75,38,75,50,75,100,50,100,25,50,100,100,100,75,75,75,50,25,50,25,100,100,50,100,25,50,50,62,62,75,25,50,100,100,75,38,25,100,50,75,100,100,25,75,50,75,50,2. Bundesliga
Hannover 96,5lidfwkteyu9dj9ysmdq2v4tk,7omchctl0wvwc9o76cfqmzca,B. Allgeier,Bastian Allgeier,24,Defender,Germany,Defender,133.0,92.0,17.0,225.0,8.0,0.0,1.0,0.0,1.0,0.0,0.0,0.0,15.0,18.0,0.0,5.0,449.0,0.0,1.0,0.0,0.0,4.0,0.0,0.0,0.0,0.0,87.21,58.62,0.0,0.0,0.0,57.69,80.0,57.14,0.0661839009411071,0.0,1.0,4.0,0.0912414,0.0,22.0,28.0,0.4858886799999998,117.0,26.65924276169265,18.44097995545657,3.4075723830734965,45.10022271714922,1.6035634743875278,0.0,0.2004454342984409,0.0,0.2004454342984409,0.0,0.0,0.0,3.0066815144766146,3.6080178173719375,0.0,1.0022271714922049,0.0,0.2004454342984409,0.0,0.0,0.8017817371937639,0.0,0.0,0.0,0.0,87.21,58.62,0.0,0.0,0.0,57.69,80.0,57.14,0.0132662607677052,0.0,0.2004454342984409,0.8017817371937639,0.0182889220489977,0.0,4.409799554565701,5.612472160356347,0.0973941674832961,23.4521158129176,CB,64,82,89,73,55,11,20,9,76,30,20,20,39,39,42,45,21,11,8,30,62,42,44,45,52,52,79,42,30,21,52,100,35,15,14,74,73,79,24,86,97,76,56,36,73,79,52,30,11,15,9,77,30,20,20,24,21,42,36,21,9,8,30,55,42,44,45,52,52,79,42,30,21,52,100,35,15,14,74,61,64,24,82,88,70,42,2. Bundesliga
Hannover 96,5lidfwkteyu9dj9ysmdq2v4tk,axd13jrtld0w44iypks2hl0x5,B. Tomiak,Boris Tomiak,28,Defender,Germany,Defender,155.0,82.0,6.0,237.0,12.0,3.0,2.0,2.0,0.0,0.0,6.0,6.0,29.0,19.0,0.0,11.0,395.0,1.0,3.0,5.0,4.0,3.0,0.0,0.0,0.0,0.0,90.8,37.5,0.0,66.67,50.0,63.04,70.59,33.33,0.2123480925805181,0.1708756560711745,0.0,6.0,0.13942851,2.0,16.0,16.0,0.4251495299999996,150.0,35.31645569620253,18.68354430379747,1.3670886075949369,53.99999999999999,2.7341772151898733,0.6835443037974683,0.4556962025316455,0.4556962025316455,0.0,0.0,1.3670886075949369,1.3670886075949369,6.6075949367088604,4.329113924050633,0.0,2.5063291139240502,0.2278481012658227,0.6835443037974683,1.1392405063291138,0.9113924050632912,0.6835443037974683,0.0,0.0,0.0,0.0,90.8,37.5,0.0,66.67,50.0,63.04,70.59,33.33,0.0483831097018901,0.0389336937883688,0.0,1.3670886075949369,0.0317685212658227,0.4556962025316455,3.645569620253165,3.645569620253165,0.0968695131645568,34.177215189873415,CB,79,79,26,79,76,79,39,55,30,30,98,98,89,47,42,95,61,38,79,98,44,42,44,45,52,91,30,42,77,80,85,91,18,39,73,32,83,85,79,67,64,67,82,73,79,12,85,67,85,42,64,30,30,97,97,94,30,42,97,67,36,73,97,42,42,44,45,52,91,30,42,77,80,85,91,18,39,67,32,82,82,79,61,67,64,82,2. Bundesliga
Hannover 96,5lidfwkteyu9dj9ysmdq2v4tk,cu795zfyv700xs983ulz09cr9,V. Ghiță,Virgil Ghita,28,Defender,Romania,Defender,98.0,40.0,6.0,138.0,7.0,1.0,0.0,0.0,0.0,0.0,0.0,0.0,15.0,11.0,0.0,3.0,222.0,0.0,0.0,0.0,0.0,2.0,0.0,0.0,0.0,0.0,87.34,60.0,0.0,0.0,0.0,57.69,63.64,25.0,0.0,0.0858657784463684,0.0,3.0,0.07202574,1.0,13.0,14.0,0.2925051399999999,92.0,39.729729729729726,16.216216216216214,2.4324324324324325,55.94594594594594,2.8378378378378377,0.4054054054054054,0.0,0.0,0.0,0.0,0.0,0.0,6.081081081081081,4.45945945945946,0.0,1.2162162162162162,0.0,0.0,0.0,0.0,0.8108108108108107,0.0,0.0,0.0,0.0,87.34,60.0,0.0,0.0,0.0,57.69,63.64,25.0,0.0,0.0348104507215007,0.0,1.2162162162162162,0.0291996243243243,0.4054054054054054,5.27027027027027,5.675675675675675,0.1185831648648648,37.2972972972973,CB,27,21,26,18,42,38,6,9,30,30,20,20,39,15,42,20,21,3,8,30,23,42,44,45,52,55,82,42,30,21,52,73,8,6,42,32,56,64,58,48,47,36,27,94,64,52,88,79,55,6,9,30,30,20,20,85,33,42,48,21,3,8,30,58,42,44,45,52,55,82,42,30,21,52,73,8,6,61,32,76,79,76,94,91,82,91,2. Bundesliga
Hannover 96,5lidfwkteyu9dj9ysmdq2v4tk,evqjfe6houcytpphsxecs7eg9,S. Þórðarson,Stefán Thórdarson,27,Midfielder,Iceland,Midfielder,77.0,42.0,11.0,118.0,1.0,5.0,4.0,1.0,3.0,0.0,0.0,0.0,7.0,3.0,0.0,3.0,312.0,1.0,3.0,4.0,0.0,2.0,1.0,0.0,0.0,0.0,83.69,64.71,50.0,0.0,25.0,41.18,16.67,100.0,0.2179360913281455,0.6238150538132887,2.0,3.0,0.06908799,2.0,9.0,14.0,0.4896520799999998,53.0,22.21153846153846,12.115384615384617,3.173076923076923,34.03846153846154,0.2884615384615384,1.4423076923076923,1.1538461538461535,0.2884615384615384,0.8653846153846153,0.0,0.0,0.0,2.019230769230769,0.8653846153846153,0.0,0.8653846153846153,0.2884615384615384,0.8653846153846153,1.1538461538461535,0.0,0.5769230769230769,0.2884615384615384,0.0,0.0,0.0,83.69,64.71,50.0,0.0,25.0,41.18,16.67,100.0,0.0628661801908112,0.1799466501384486,0.5769230769230769,0.8653846153846153,0.0199292278846153,0.5769230769230769,2.5961538461538463,4.038461538461538,0.1412457923076922,15.288461538461538,DM/CM,52,10,65,16,8,66,39,19,73,18,6,6,8,10,31,19,42,18,39,15,15,74,35,52,52,35,90,87,15,44,21,16,97,23,87,61,32,29,53,18,40,81,13,74,6,87,35,13,81,45,26,84,18,6,6,6,19,31,39,58,29,52,15,16,81,35,52,52,35,90,87,15,44,21,16,97,26,90,74,39,39,58,26,68,90,26,2. Bundesliga
Hannover 96,5lidfwkteyu9dj9ysmdq2v4tk,f2ew09iry5vrew93i1gyg0ydw,K. Oudenne,Kolja Oudenne,24,Midfielder,Sweden,Midfielder,43.0,104.0,4.0,142.0,0.0,9.0,14.0,6.0,8.0,5.0,17.0,17.0,25.0,3.0,0.0,1.0,434.0,6.0,25.0,6.0,11.0,3.0,5.0,1.0,0.0,0.0,79.78,28.57,38.46,64.71,42.86,49.02,0.0,37.5,1.0462633914665906,0.6369834924246631,10.0,16.0,0.52341318,11.0,14.0,25.0,0.7198525500000001,65.0,8.91705069124424,21.566820276497698,0.8294930875576038,29.44700460829493,0.0,1.8663594470046083,2.903225806451613,1.2442396313364057,1.6589861751152075,1.036866359447005,3.525345622119816,3.525345622119816,5.184331797235023,0.6221198156682028,0.0,0.2073732718894009,1.2442396313364057,5.184331797235023,1.2442396313364057,2.28110599078341,0.6221198156682028,1.036866359447005,0.2073732718894009,0.0,0.0,79.78,28.57,38.46,64.71,42.86,49.02,0.0,37.5,0.216967062746528,0.1320933509636398,2.0737327188940093,3.317972350230415,0.1085419036866359,2.28110599078341,2.903225806451613,5.184331797235023,0.1492781785714286,13.47926267281106,LM/LCM,50,90,50,60,15,75,70,65,90,80,80,80,70,45,20,45,70,80,60,90,50,75,75,55,55,60,20,90,100,55,70,15,15,70,70,90,80,80,100,55,90,70,70,50,90,40,60,15,70,70,70,90,80,80,80,60,40,20,30,70,80,50,90,40,70,70,55,55,60,20,90,100,55,70,15,15,70,60,90,80,80,100,50,90,60,60,2. Bundesliga
Hannover 96,5lidfwkteyu9dj9ysmdq2v4tk,qooxolimrpdm50kl9woa6jje,W. Taïbi,Waniss Taïbi,24,Midfielder,France,Midfielder,72.0,140.0,8.0,212.0,1.0,6.0,4.0,3.0,1.0,2.0,10.0,10.0,21.0,1.0,0.0,5.0,436.0,1.0,14.0,4.0,7.0,7.0,0.0,0.0,0.0,0.0,86.18,80.0,0.0,70.0,25.0,58.33,33.33,77.78,0.3865900620727784,0.3100790129860624,1.0,19.0,0.41712092,5.0,27.0,31.0,0.8262307699999997,121.0,14.862385321100918,28.89908256880734,1.651376146788991,43.76146788990826,0.2064220183486238,1.2385321100917432,0.8256880733944955,0.6192660550458716,0.2064220183486238,0.4128440366972477,2.064220183486239,2.064220183486239,4.3348623853211015,0.2064220183486238,0.0,1.0321100917431194,0.2064220183486238,2.889908256880734,0.8256880733944955,1.444954128440367,1.444954128440367,0.0,0.0,0.0,0.0,86.18,80.0,0.0,70.0,25.0,58.33,33.33,77.78,0.0798007008865827,0.0640071357081321,0.2064220183486238,3.922018348623853,0.0861029422018348,1.0321100917431194,5.5733944954128445,6.39908256880734,0.1705522231651375,24.97706422018349,CM/AM,91,96,78,100,54,65,20,57,9,48,83,83,83,30,37,87,37,89,41,91,96,17,28,52,50,100,80,17,83,39,87,57,70,43,39,13,100,96,80,96,100,91,100,87,87,74,96,48,43,9,43,4,26,70,65,65,26,37,78,30,61,22,87,87,17,28,52,50,100,80,17,83,39,87,57,70,17,17,4,100,74,48,83,91,78,91,2. Bundesliga
Hertha BSC,f0w62l8zql3tukxsy8fqwp72x,1kst4u41rlyirggwoo1m8ovdh,J. Þorsteinsson,Jón Dagur Thorsteinsson,27,Attacker,Iceland,Striker,14.0,36.0,3.0,47.0,5.0,3.0,9.0,8.0,1.0,4.0,8.0,8.0,18.0,3.0,1.0,3.0,277.0,4.0,23.0,4.0,4.0,1.0,3.0,1.0,0.0,0.0,63.51,37.5,27.27,50.0,44.44,47.37,50.0,20.0,0.7592628984604466,0.4701824284439262,1.0,2.0,0.04368125,2.0,3.0,10.0,0.8705084899999999,29.0,4.548736462093863,11.696750902527077,0.9747292418772564,15.27075812274368,1.624548736462094,0.9747292418772564,2.9241877256317688,2.5992779783393503,0.3249097472924188,1.2996389891696751,2.5992779783393503,2.5992779783393503,5.8483754512635375,0.9747292418772564,0.3249097472924188,0.9747292418772564,1.2996389891696751,7.472924187725631,1.2996389891696751,1.2996389891696751,0.3249097472924188,0.9747292418772564,0.3249097472924188,0.0,0.0,63.51,37.5,27.27,50.0,44.44,47.37,50.0,20.0,0.2466919164672931,0.1527668540070518,0.3249097472924188,0.6498194945848376,0.0141924638989169,0.6498194945848376,0.9747292418772564,3.249097472924188,0.282836693501805,9.422382671480143,ST,28,62,66,48,59,28,47,57,31,83,59,59,62,53,34,90,52,79,60,67,31,79,71,52,52,14,45,78,50,53,66,72,17,34,69,24,33,31,55,50,72,90,78,45,72,86,55,59,34,52,62,38,93,66,66,86,62,41,97,62,97,72,72,31,86,79,52,52,14,45,78,50,53,66,72,17,48,76,31,34,28,66,55,90,97,90,2. Bundesliga
Hertha BSC,f0w62l8zql3tukxsy8fqwp72x,42kmidg5d2k528c6wxoo71muh,N. Kolbe,Niklas Kolbe,29,Defender,Germany,Defender,136.0,65.0,16.0,200.0,15.0,5.0,1.0,1.0,0.0,0.0,3.0,3.0,34.0,25.0,0.0,8.0,450.0,1.0,2.0,9.0,3.0,4.0,1.0,0.0,0.0,0.0,86.21,64.0,100.0,100.0,100.0,72.34,60.0,50.0,0.1711249758777437,0.440259084723733,0.0,2.0,0.03301341,0.0,16.0,13.0,0.8469969199999999,91.0,27.2,13.0,3.2,40.0,3.0,1.0,0.2,0.2,0.0,0.0,0.6,0.6,6.8,5.0,0.0,1.6,0.2,0.4,1.8,0.6,0.8,0.2,0.0,0.0,0.0,86.21,64.0,100.0,100.0,100.0,72.34,60.0,50.0,0.0342249951755487,0.0880518169447465,0.0,0.4,0.006602682,0.0,3.2,2.6,0.169399384,18.2,LB/LCB,85,50,90,75,100,68,28,45,22,32,35,32,100,95,48,100,62,28,95,62,62,35,35,48,52,75,90,100,100,98,100,75,38,45,65,22,22,20,10,70,45,80,65,80,20,90,65,100,57,18,38,22,32,22,22,100,85,48,85,55,20,85,55,45,28,35,48,52,75,90,100,100,98,100,75,38,40,55,22,20,20,10,50,25,75,50,2. Bundesliga
Hertha BSC,f0w62l8zql3tukxsy8fqwp72x,5nqi00ylwluros9d7dh18lw8a,K. Sessa,Kevin Sessa,26,Midfielder,Germany,Midfielder,68.0,60.0,6.0,127.0,3.0,5.0,12.0,6.0,6.0,2.0,5.0,6.0,18.0,12.0,1.0,6.0,443.0,1.0,11.0,8.0,3.0,2.0,1.0,0.0,0.0,0.0,77.44,35.29,50.0,60.0,8.33,46.15,42.86,50.0,1.010882538058305,0.2320683204429092,5.0,7.0,0.17455296,0.0,12.0,11.0,0.4398569799999999,57.0,13.81489841986456,12.18961625282167,1.218961625282167,25.801354401805867,0.6094808126410834,1.015801354401806,2.437923250564334,1.218961625282167,1.218961625282167,0.4063205417607223,1.015801354401806,1.218961625282167,3.656884875846501,2.437923250564334,0.2031602708803611,1.218961625282167,0.2031602708803611,2.234762979683973,1.6252821670428892,0.6094808126410834,0.4063205417607223,0.2031602708803611,0.0,0.0,0.0,77.44,35.29,50.0,60.0,8.33,46.15,42.86,50.0,0.2053711702601522,0.0471470628439318,1.015801354401806,1.4221218961625282,0.0354622266365688,0.0,2.437923250564334,2.234762979683973,0.0893614632054175,11.580135440180586,DM/CM,26,29,42,23,32,66,100,97,95,66,65,71,39,69,74,74,42,94,79,79,15,74,35,52,52,13,15,87,73,23,32,35,37,100,45,98,69,71,13,37,23,71,16,10,10,35,6,29,61,100,94,97,58,61,71,23,68,65,71,26,90,74,77,13,68,35,52,52,13,15,87,73,23,32,35,37,100,39,97,65,68,13,23,10,61,10,2. Bundesliga
Hertha BSC,f0w62l8zql3tukxsy8fqwp72x,602fyni27c129xjs9ziyn5as5,P. Seguin,Paul Seguin,31,Midfielder,Germany,Midfielder,71.0,67.0,10.0,138.0,2.0,5.0,0.0,0.0,0.0,0.0,1.0,1.0,5.0,3.0,0.0,3.0,320.0,0.0,3.0,1.0,0.0,0.0,0.0,0.0,0.0,0.0,87.34,62.5,0.0,0.0,0.0,27.78,66.67,0.0,0.0,0.3298350481577524,0.0,4.0,0.07488145,0.0,11.0,15.0,0.3651191799999999,70.0,19.96875,18.84375,2.8125,38.8125,0.5625,1.40625,0.0,0.0,0.0,0.0,0.28125,0.28125,1.40625,0.84375,0.0,0.84375,0.0,0.84375,0.28125,0.0,0.0,0.0,0.0,0.0,0.0,87.34,62.5,0.0,0.0,0.0,27.78,66.67,0.0,0.0,0.0927661072943678,0.0,1.125,0.0210604078125,0.0,3.09375,4.21875,0.1026897693749999,19.6875,DM/CM,44,40,58,37,21,66,3,5,6,18,18,16,3,10,31,19,11,18,8,15,3,34,35,52,52,74,81,34,15,11,3,85,3,3,61,11,44,35,13,27,53,42,35,58,61,77,55,26,77,3,5,6,18,16,16,3,13,31,32,11,26,10,15,3,34,35,52,52,74,81,34,15,11,3,85,3,3,77,11,55,45,13,42,71,74,55,2. Bundesliga
Hertha BSC,f0w62l8zql3tukxsy8fqwp72x,9ae74f9dlbqo92m4geu9v8c4q,L. Gechter,Linus Gechter,22,Defender,Germany,Defender,189.0,74.0,17.0,263.0,11.0,1.0,3.0,2.0,1.0,0.0,1.0,1.0,24.0,39.0,0.0,6.0,450.0,1.0,6.0,1.0,1.0,9.0,0.0,0.0,0.0,0.0,88.55,48.57,0.0,100.0,33.33,63.16,64.71,81.82,0.1812943165493294,0.059082721011228,2.0,1.0,0.01685596,0.0,7.0,8.0,0.3607584499999999,171.0,37.8,14.8,3.4,52.6,2.2,0.2,0.6,0.4,0.2,0.0,0.2,0.2,4.8,7.8,0.0,1.2,0.2,1.2,0.2,0.2,1.8,0.0,0.0,0.0,0.0,88.55,48.57,0.0,100.0,33.33,63.16,64.71,81.82,0.0362588633098658,0.0118165442022456,0.4,0.2,0.003371192,0.0,1.4,1.6,0.0721516899999999,34.2,CB,91,64,89,91,67,38,64,55,76,30,50,48,70,91,42,58,61,71,20,68,94,42,44,45,52,64,58,42,94,61,88,79,88,33,33,92,29,27,24,21,18,52,91,88,48,74,79,58,24,52,42,67,30,44,44,58,85,42,44,48,65,15,61,92,42,44,45,52,64,58,42,94,61,88,79,88,30,30,88,21,21,24,21,11,27,85,2. Bundesliga
Hertha BSC,f0w62l8zql3tukxsy8fqwp72x,d6jr00cgfoj4wd6aathyfbl04,S. Gouram,Soufian Gouram,20,Midfielder,Estonia,Midfielder,13.0,43.0,4.0,56.0,2.0,6.0,12.0,7.0,5.0,6.0,13.0,14.0,14.0,0.0,0.0,2.0,241.0,1.0,9.0,5.0,5.0,0.0,0.0,2.0,0.0,0.0,73.68,100.0,0.0,38.46,8.33,41.18,40.0,0.0,0.9079371178709283,0.5104493609603774,4.0,7.0,0.17081769,4.0,10.0,12.0,0.2944962499999999,22.0,4.854771784232366,16.058091286307054,1.4937759336099583,20.91286307053942,0.7468879668049793,2.240663900414938,4.481327800829876,2.6141078838174274,1.867219917012448,2.240663900414938,4.854771784232366,5.228215767634855,5.228215767634855,0.0,0.0,0.7468879668049793,0.3734439834024896,3.3609958506224067,1.867219917012448,1.867219917012448,0.0,0.0,0.7468879668049793,0.0,0.0,73.68,100.0,0.0,38.46,8.33,41.18,40.0,0.0,0.3390636539766952,0.1906242426822986,1.4937759336099583,2.6141078838174274,0.0637908385892116,1.4937759336099583,3.734439834024896,4.481327800829876,0.1099778526970954,8.215767634854773,CM/AM,22,22,46,17,74,65,93,93,83,96,96,96,57,13,37,41,37,63,59,76,11,17,93,52,50,22,96,17,35,26,30,63,11,91,61,70,46,35,61,37,50,30,13,17,22,65,22,83,87,96,96,91,100,91,96,74,13,37,52,43,87,65,91,11,17,100,52,50,22,96,17,35,26,30,63,11,96,74,87,57,48,87,52,61,39,13,2. Bundesliga
Hertha BSC,f0w62l8zql3tukxsy8fqwp72x,dagqmnyits33v1tnw02w3mk4q,J. Eitschberger,Julian Eitschberger,22,Defender,Germany,Defender,43.0,61.0,8.0,101.0,3.0,3.0,3.0,0.0,3.0,2.0,11.0,11.0,33.0,21.0,0.0,5.0,439.0,1.0,2.0,11.0,5.0,11.0,3.0,0.0,1.0,0.0,78.29,50.0,25.0,45.45,33.33,57.89,30.0,78.57,0.1799701699292075,0.4367373210901666,3.0,2.0,0.04146581,4.0,15.0,19.0,0.8715039299999998,57.0,8.815489749430522,12.505694760820043,1.6400911161731206,20.70615034168565,0.6150341685649202,0.6150341685649202,0.6150341685649202,0.0,0.6150341685649202,0.4100227790432801,2.2551252847380407,2.2551252847380407,6.765375854214122,4.305239179954442,0.0,1.0250569476082003,0.20501138952164,0.4100227790432801,2.2551252847380407,1.0250569476082003,2.2551252847380407,0.6150341685649202,0.0,0.20501138952164,0.0,78.29,50.0,25.0,45.45,33.33,57.89,30.0,78.57,0.0368959346096325,0.0895361250526537,0.6150341685649202,0.4100227790432801,0.0085009633257403,0.8200455580865603,3.075170842824601,3.895216400911161,0.1786682316628701,11.685649202733485,RB/RCB,31,52,62,36,40,62,48,12,74,79,93,93,95,86,40,69,60,17,100,93,95,74,40,88,52,48,69,81,57,67,81,24,76,38,81,76,26,29,67,64,81,90,48,10,38,48,10,31,57,38,12,76,71,93,83,95,86,40,67,55,14,100,86,90,71,40,86,52,48,69,81,57,67,81,24,76,19,62,76,24,24,67,48,57,86,33,2. Bundesliga
Hertha BSC,f0w62l8zql3tukxsy8fqwp72x,dn8qd3thtswisleeesyk0oxrd,S. Grønning,Sebastian Grønning,29,Attacker,Denmark,Striker,11.0,29.0,1.0,40.0,12.0,3.0,11.0,11.0,0.0,1.0,1.0,1.0,17.0,5.0,2.0,0.0,325.0,3.0,17.0,2.0,0.0,2.0,0.0,0.0,0.0,0.0,68.97,100.0,0.0,0.0,27.27,38.64,42.86,66.67,1.5752726704707112,0.2174572516724227,1.0,1.0,0.02385149,0.0,2.0,1.0,0.02626823,16.0,3.046153846153846,8.03076923076923,0.2769230769230769,11.076923076923077,3.323076923076923,0.8307692307692307,3.046153846153846,3.046153846153846,0.0,0.2769230769230769,0.2769230769230769,0.2769230769230769,4.707692307692308,1.3846153846153846,0.5538461538461539,0.0,0.8307692307692307,4.707692307692308,0.5538461538461539,0.0,0.5538461538461539,0.0,0.0,0.0,0.0,68.97,100.0,0.0,0.0,27.27,38.64,42.86,66.67,0.4362293548995815,0.0602189312323632,0.2769230769230769,0.2769230769230769,0.006605028,0.0,0.5538461538461539,0.2769230769230769,0.007274279076923,4.430769230769231,ST,14,48,41,24,88,28,67,71,7,21,7,5,55,76,66,33,31,55,28,7,64,34,29,52,52,38,93,34,7,16,24,52,76,72,24,24,16,14,14,28,10,7,34,10,38,41,28,86,24,59,79,7,21,7,7,55,86,69,33,28,59,31,7,66,34,29,52,52,38,93,34,7,16,24,52,76,83,31,21,10,14,14,28,10,7,31,2. Bundesliga
Hertha BSC,f0w62l8zql3tukxsy8fqwp72x,ec04djw7dspowrm7h7wr6e5ed,J. Brekalo,Josip Brekalo,28,Attacker,Croatia,Striker,52.0,87.0,9.0,131.0,3.0,16.0,11.0,7.0,4.0,3.0,25.0,25.0,25.0,3.0,4.0,2.0,446.0,6.0,27.0,5.0,14.0,3.0,8.0,2.0,0.0,0.0,76.61,45.0,26.67,56.0,54.55,40.98,50.0,100.0,1.2822219654385316,1.5411146229197383,6.0,17.0,0.4300897499999999,7.0,11.0,17.0,0.7478100000000001,50.0,10.493273542600896,17.556053811659194,1.816143497757848,26.434977578475337,0.6053811659192825,3.2286995515695067,2.219730941704036,1.412556053811659,0.8071748878923767,0.6053811659192825,5.044843049327354,5.044843049327354,5.044843049327354,0.6053811659192825,0.8071748878923767,0.4035874439461883,1.210762331838565,5.448430493273542,1.0089686098654709,2.825112107623318,0.6053811659192825,1.6143497757847534,0.4035874439461883,0.0,0.0,76.61,45.0,26.67,56.0,54.55,40.98,50.0,100.0,0.2587443428014974,0.3109872557461355,1.210762331838565,3.430493273542601,0.0867894114349775,1.412556053811659,2.219730941704036,3.430493273542601,0.1509033632286995,10.089686098654708,LW,69,88,81,62,56,88,100,100,100,94,100,100,75,50,100,62,100,94,69,100,69,100,88,50,56,25,25,100,88,62,62,69,88,100,100,100,62,50,75,88,88,75,88,62,75,75,62,25,88,88,75,100,88,88,88,50,50,100,50,88,75,50,100,38,100,88,50,56,25,25,100,88,62,62,69,88,88,100,100,50,50,75,88,88,62,88,2. Bundesliga
Hertha BSC,f0w62l8zql3tukxsy8fqwp72x,egmcpa7j5clzga5m0zvg2f105,M. Pedersen,Mads Pedersen,30,Defender,Denmark,Defender,23.0,32.0,5.0,54.0,0.0,5.0,2.0,2.0,0.0,0.0,3.0,4.0,3.0,4.0,0.0,1.0,249.0,0.0,8.0,0.0,1.0,2.0,1.0,1.0,0.0,0.0,81.82,62.5,6.25,33.33,0.0,30.0,0.0,100.0,0.2162612964485047,0.4450268579820389,0.0,8.0,0.18284351,3.0,3.0,7.0,0.34126577,28.0,8.313253012048193,11.566265060240964,1.8072289156626504,19.518072289156628,0.0,1.8072289156626504,0.7228915662650602,0.7228915662650602,0.0,0.0,1.0843373493975903,1.4457831325301205,1.0843373493975903,1.4457831325301205,0.0,0.3614457831325301,0.0,2.891566265060241,0.0,0.3614457831325301,0.7228915662650602,0.3614457831325301,0.3614457831325301,0.0,0.0,81.82,62.5,6.25,33.33,0.0,30.0,0.0,100.0,0.078166733656086,0.1608530811983273,0.0,2.891566265060241,0.0660880156626506,1.0843373493975903,1.0843373493975903,2.5301204819277108,0.1233490734939759,10.120481927710845,LB/LCB,5,5,28,5,5,68,50,70,22,32,35,45,5,10,48,8,22,92,8,38,30,35,85,48,52,40,85,25,42,22,5,5,98,65,70,22,82,80,68,5,10,20,5,10,10,60,5,5,90,60,85,22,32,60,80,5,10,48,10,22,100,8,45,40,45,100,48,52,40,85,25,42,22,5,5,98,80,85,22,100,95,80,5,15,50,5,2. Bundesliga
Karlsruher SC,aojwbjr39s1w2mcd9l2bf2dhk,18oyd3rz9q0jijtdzpl582ns9,C. Kobald,Christoph Kobald,29,Defender,Austria,Defender,134.0,58.0,7.0,192.0,3.0,1.0,3.0,1.0,2.0,0.0,2.0,5.0,13.0,27.0,0.0,8.0,441.0,2.0,4.0,3.0,2.0,3.0,0.0,0.0,1.0,0.0,89.72,36.84,0.0,100.0,66.67,41.94,30.0,60.0,0.2113861428829805,0.0657621666582813,2.0,2.0,0.04101768,1.0,6.0,12.0,0.22935668,119.0,27.346938775510203,11.83673469387755,1.4285714285714284,39.18367346938775,0.6122448979591836,0.2040816326530612,0.6122448979591836,0.2040816326530612,0.4081632653061224,0.0,0.4081632653061224,1.020408163265306,2.653061224489796,5.5102040816326525,0.0,1.6326530612244896,0.4081632653061224,0.8163265306122448,0.6122448979591836,0.4081632653061224,0.6122448979591836,0.0,0.0,0.2040816326530612,0.0,89.72,36.84,0.0,100.0,66.67,41.94,30.0,60.0,0.0431400291597919,0.0134208503384247,0.4081632653061224,0.4081632653061224,0.0083709551020408,0.2040816326530612,1.2244897959183672,2.4489795918367343,0.0468074857142857,24.285714285714285,CB,67,39,36,58,17,38,64,24,95,30,68,94,26,58,42,80,89,52,53,86,44,42,44,95,52,76,27,42,94,92,3,12,42,36,36,92,42,45,58,15,36,21,62,48,27,21,33,15,33,61,24,94,30,64,91,6,55,42,70,85,48,52,85,33,42,44,100,52,76,27,42,94,92,3,12,42,33,33,91,42,42,52,15,27,15,48,2. Bundesliga
Karlsruher SC,aojwbjr39s1w2mcd9l2bf2dhk,32yloi4j3lfxlxkj2bkbh1gd0,N. Eichinger,Noel Eichinger,25,Attacker,Germany,Striker,20.0,46.0,3.0,65.0,4.0,10.0,3.0,3.0,0.0,1.0,11.0,12.0,21.0,4.0,0.0,1.0,320.0,0.0,10.0,5.0,5.0,4.0,1.0,0.0,0.0,0.0,66.33,37.5,25.0,45.45,0.0,45.65,40.0,57.14,0.2919341396831941,0.959737332599277,1.0,8.0,0.2088438,2.0,4.0,11.0,0.74386552,35.0,5.625,12.9375,0.84375,18.28125,1.125,2.8125,0.84375,0.84375,0.0,0.28125,3.09375,3.375,5.90625,1.125,0.0,0.28125,0.0,2.8125,1.40625,1.40625,1.125,0.28125,0.0,0.0,0.0,66.33,37.5,25.0,45.45,0.0,45.65,40.0,57.14,0.0821064767858983,0.2699261247935466,0.28125,2.25,0.05873731875,0.5625,1.125,3.09375,0.2092121774999999,9.84375,LW,38,38,44,38,94,69,12,19,25,38,38,38,62,69,31,31,19,25,69,38,88,44,19,50,56,12,12,88,38,19,75,50,25,12,75,25,38,38,31,38,75,62,50,25,25,38,38,100,75,12,25,25,25,62,50,88,62,31,38,19,25,75,44,88,38,19,50,56,12,12,88,38,19,75,50,25,25,75,25,25,25,25,38,75,75,75,2. Bundesliga
Karlsruher SC,aojwbjr39s1w2mcd9l2bf2dhk,4749x4vbxm1b56hbm27cy9o7p,M. Wanitzek,Marvin Wanitzek,33,Midfielder,Germany,Midfielder,63.0,150.0,12.0,200.0,6.0,23.0,19.0,6.0,13.0,6.0,11.0,11.0,27.0,2.0,1.0,4.0,450.0,7.0,23.0,12.0,3.0,3.0,13.0,2.0,0.0,0.0,77.22,50.0,29.55,27.27,36.84,54.0,54.55,50.0,1.310112134606734,2.4066236515032955,7.0,20.0,0.55295169,8.0,16.0,27.0,1.1019865,89.0,12.6,30.0,2.4,40.0,1.2,4.6,3.8,1.2,2.6,1.2,2.2,2.2,5.4,0.4,0.2,0.8,1.4,4.6,2.4,0.6,0.6,2.6,0.4,0.0,0.0,77.22,50.0,29.55,27.27,36.84,54.0,54.55,50.0,0.2620224269213468,0.4813247303006591,1.4,4.0,0.110590338,1.6,3.2,5.4,0.2203973,17.8,LM/LCM,70,100,100,90,80,100,95,65,100,90,65,65,100,30,55,70,85,70,100,40,50,100,95,55,55,40,60,60,30,35,100,80,45,80,100,80,95,90,90,80,100,100,90,70,100,90,90,80,100,80,60,100,90,60,50,70,30,40,70,80,70,90,30,30,100,90,55,55,40,60,60,30,35,100,80,45,80,100,70,90,90,80,60,100,100,80,2. Bundesliga
Karlsruher SC,aojwbjr39s1w2mcd9l2bf2dhk,61tl76nxelzp9mn608h9gji1g,S. Fukuda,Shio Fukuda,22,Attacker,Japan,Striker,4.0,14.0,1.0,18.0,1.0,3.0,9.0,8.0,1.0,3.0,3.0,5.0,10.0,1.0,2.0,0.0,225.0,4.0,11.0,3.0,2.0,2.0,0.0,0.0,0.0,0.0,85.71,100.0,0.0,66.67,44.44,38.46,11.11,50.0,1.1974102180382589,0.3417124455633358,0.0,1.0,0.03511326,1.0,2.0,0.0,0.1102603099999999,8.0,1.6,5.6,0.4,7.2,0.4,1.2,3.6,3.2,0.4,1.2,1.2,2.0,4.0,0.4,0.8,0.0,1.6,4.4,1.2,0.8,0.8,0.0,0.0,0.0,0.0,85.71,100.0,0.0,66.67,44.44,38.46,11.11,50.0,0.4789640872153035,0.1366849782253343,0.0,0.4,0.014045304,0.4,0.8,0.0,0.0441041239999999,3.2,ST,3,7,41,3,10,28,47,57,31,69,29,45,16,19,66,33,52,19,45,29,64,34,29,52,52,100,93,34,71,53,21,10,52,62,45,7,16,21,34,28,3,28,9,3,17,48,3,10,48,76,83,41,88,41,52,34,24,90,33,83,45,66,50,79,34,29,52,52,100,93,34,71,53,21,10,52,86,72,7,22,24,41,45,3,34,17,2. Bundesliga
Karlsruher SC,aojwbjr39s1w2mcd9l2bf2dhk,7ljltttfi77o87y9e8me9vzf8,K. Wiethaup,Kevin Wiethaup,21,Midfielder,Germany,Midfielder,39.0,53.0,2.0,91.0,1.0,1.0,5.0,1.0,4.0,2.0,7.0,7.0,8.0,2.0,0.0,0.0,224.0,0.0,2.0,2.0,2.0,2.0,1.0,0.0,0.0,0.0,84.26,100.0,50.0,28.57,0.0,36.36,50.0,66.67,0.3339137879622326,0.0496179568748637,3.0,8.0,0.16649278,4.0,8.0,8.0,0.36134101,49.0,15.669642857142858,21.294642857142858,0.8035714285714286,36.5625,0.4017857142857143,0.4017857142857143,2.008928571428571,0.4017857142857143,1.6071428571428572,0.8035714285714286,2.8125,2.8125,3.2142857142857144,0.8035714285714286,0.0,0.0,0.0,0.8035714285714286,0.8035714285714286,0.8035714285714286,0.8035714285714286,0.4017857142857143,0.0,0.0,0.0,84.26,100.0,50.0,28.57,0.0,36.36,50.0,66.67,0.1341617898062541,0.0199357862443648,1.2053571428571428,3.2142857142857144,0.0668944205357142,1.6071428571428572,3.2142857142857144,3.2142857142857144,0.1451816558035714,19.6875,CM/AM,70,39,26,48,54,7,35,20,63,48,61,54,20,52,37,11,13,7,17,41,50,46,28,52,50,87,96,100,26,13,13,85,57,30,4,43,63,30,61,22,15,39,57,96,65,30,74,61,9,61,22,78,78,87,83,26,70,37,11,13,9,17,43,57,57,28,52,50,87,96,100,26,13,13,85,57,57,4,70,74,52,96,48,30,57,83,2. Bundesliga
Karlsruher SC,aojwbjr39s1w2mcd9l2bf2dhk,8lrj5szdkc8k01idjqbnqapcl,M. Franke,Marcel Franke,33,Defender,Germany,Defender,143.0,78.0,16.0,221.0,20.0,2.0,10.0,10.0,0.0,1.0,1.0,2.0,30.0,30.0,0.0,4.0,405.0,2.0,23.0,4.0,0.0,4.0,0.0,1.0,0.0,0.0,86.67,64.0,0.0,0.0,20.0,57.69,57.14,66.67,1.343535212994828,0.2181081998058897,0.0,4.0,0.08268855,1.0,17.0,19.0,0.3566488299999999,149.0,31.77777777777778,17.333333333333332,3.555555555555556,49.11111111111112,4.444444444444445,0.4444444444444444,2.2222222222222223,2.2222222222222223,0.0,0.2222222222222222,0.2222222222222222,0.4444444444444444,6.666666666666667,6.666666666666667,0.0,0.8888888888888888,0.4444444444444444,5.111111111111111,0.8888888888888888,0.0,0.8888888888888888,0.0,0.2222222222222222,0.0,0.0,86.67,64.0,0.0,0.0,20.0,57.69,57.14,66.67,0.2985633806655173,0.0484684888457532,0.0,0.8888888888888888,0.0183752333333333,0.2222222222222222,3.7777777777777777,4.222222222222222,0.0792552955555555,33.111111111111114,CB,76,71,79,70,97,64,100,100,30,74,50,65,94,68,42,33,89,100,68,30,62,42,92,45,52,42,91,42,30,44,52,53,58,100,82,32,73,70,58,70,76,48,77,61,70,86,67,100,58,100,100,30,71,55,65,97,76,42,29,91,100,67,30,62,42,89,45,52,42,91,42,30,44,52,53,58,100,76,32,64,67,55,67,76,45,79,2. Bundesliga
Karlsruher SC,aojwbjr39s1w2mcd9l2bf2dhk,9cv50yjyt18vfojkiw0p0jbpw,D. Zor,Danyal Zor,19,Midfielder,Germany,Midfielder,67.0,93.0,2.0,160.0,1.0,6.0,1.0,1.0,0.0,0.0,7.0,7.0,17.0,3.0,0.0,2.0,358.0,1.0,4.0,5.0,4.0,3.0,0.0,0.0,0.0,0.0,89.89,40.0,0.0,57.14,100.0,47.22,25.0,42.86,0.1101204499937416,0.4112930557127215,0.0,12.0,0.23798519,0.0,17.0,11.0,0.22542829,67.0,16.843575418994412,23.379888268156424,0.5027932960893855,40.22346368715084,0.2513966480446927,1.5083798882681565,0.2513966480446927,0.2513966480446927,0.0,0.0,1.759776536312849,1.759776536312849,4.273743016759776,0.7541899441340782,0.0,0.5027932960893855,0.2513966480446927,1.005586592178771,1.2569832402234635,1.005586592178771,0.7541899441340782,0.0,0.0,0.0,0.0,89.89,40.0,0.0,57.14,100.0,47.22,25.0,42.86,0.0276839120095998,0.1033976955702372,0.0,3.016759776536313,0.0598286790502793,0.0,4.273743016759776,2.76536312849162,0.0566719164804469,16.843575418994412,DM/CM,23,71,6,48,8,79,8,19,6,18,84,79,32,10,31,10,42,32,55,89,26,34,35,52,52,90,31,34,68,100,35,26,19,10,81,11,84,84,13,61,23,13,26,42,81,6,61,10,84,6,19,6,18,90,87,35,6,31,10,45,32,61,90,26,34,35,52,52,90,31,34,68,100,35,26,19,13,84,11,87,87,13,68,29,13,32,2. Bundesliga
Karlsruher SC,aojwbjr39s1w2mcd9l2bf2dhk,enpkvxwcyv4sqfzulxwmvxmac,D. Ofli,Deniz Ofli,19,Defender,Türkiye,Defender,109.0,61.0,7.0,168.0,2.0,1.0,1.0,0.0,1.0,0.0,10.0,10.0,16.0,7.0,0.0,2.0,405.0,0.0,1.0,1.0,4.0,5.0,2.0,0.0,0.0,0.0,84.42,38.89,40.0,40.0,0.0,47.06,50.0,55.56,0.0543382418244206,0.1478133667679114,1.0,5.0,0.09652307,1.0,10.0,7.0,0.2165205799999999,73.0,24.22222222222222,13.555555555555555,1.5555555555555556,37.333333333333336,0.4444444444444444,0.2222222222222222,0.2222222222222222,0.0,0.2222222222222222,0.0,2.2222222222222223,2.2222222222222223,3.555555555555556,1.5555555555555556,0.0,0.4444444444444444,0.0,0.2222222222222222,0.2222222222222222,0.8888888888888888,1.1111111111111112,0.4444444444444444,0.0,0.0,0.0,84.42,38.89,40.0,40.0,0.0,47.06,50.0,55.56,0.0120751648498712,0.0328474148373136,0.2222222222222222,1.1111111111111112,0.0214495711111111,0.2222222222222222,2.2222222222222223,1.5555555555555556,0.0481156844444444,16.22222222222222,LB/LCB,70,35,50,60,22,15,28,18,60,32,98,95,45,25,48,22,22,10,18,85,72,52,35,48,52,60,45,70,50,22,25,42,55,25,30,62,57,45,20,32,10,10,50,65,30,30,50,20,15,30,18,50,32,95,95,30,15,48,25,22,15,20,85,75,50,35,48,52,60,45,70,50,22,25,42,55,20,25,60,50,35,20,30,5,5,35,2. Bundesliga
Karlsruher SC,aojwbjr39s1w2mcd9l2bf2dhk,exv3nnlltc7h6s5jtdad5k9hw,R. Pinto Pedrosa,Rafael Pinto Pedrosa,18,Defender,Germany,Defender,40.0,42.0,1.0,82.0,2.0,1.0,4.0,2.0,2.0,0.0,8.0,8.0,22.0,2.0,1.0,3.0,345.0,2.0,10.0,5.0,3.0,9.0,0.0,0.0,1.0,0.0,85.42,50.0,0.0,37.5,50.0,53.66,66.67,75.0,0.3644632878502625,0.0652345565479999,2.0,5.0,0.1148149699999999,3.0,5.0,6.0,0.18452476,37.0,10.434782608695652,10.956521739130434,0.2608695652173913,21.39130434782609,0.5217391304347826,0.2608695652173913,1.0434782608695652,0.5217391304347826,0.5217391304347826,0.0,2.0869565217391304,2.0869565217391304,5.739130434782608,0.5217391304347826,0.2608695652173913,0.7826086956521738,0.5217391304347826,2.608695652173913,1.3043478260869563,0.7826086956521738,2.347826086956521,0.0,0.0,0.2608695652173913,0.0,85.42,50.0,0.0,37.5,50.0,53.66,66.67,75.0,0.0950773794391989,0.017017710403826,0.5217391304347826,1.3043478260869563,0.0299517313043478,0.7826086956521738,1.3043478260869563,1.5652173913043477,0.0481368939130434,9.652173913043478,RB/RCB,24,24,5,29,24,19,62,62,57,24,86,86,64,5,88,43,86,98,76,79,81,26,40,88,52,81,69,26,43,79,57,95,55,57,19,64,79,67,50,14,12,14,21,29,14,5,14,19,19,76,62,62,24,81,71,86,5,90,43,90,95,71,71,95,26,40,95,52,81,69,26,43,79,57,95,55,62,19,71,71,71,52,14,10,14,24,2. Bundesliga
Karlsruher SC,aojwbjr39s1w2mcd9l2bf2dhk,tljae4gm0cajryekhfrx6dck,L. Ben Farhat,Louey Ben Farhat,20,Midfielder,Tunisia,Midfielder,12.0,31.0,3.0,43.0,0.0,3.0,12.0,8.0,4.0,5.0,11.0,11.0,14.0,0.0,0.0,1.0,201.0,4.0,18.0,4.0,8.0,2.0,0.0,1.0,0.0,0.0,76.79,100.0,0.0,72.73,33.33,56.0,0.0,100.0,1.007060712994183,0.2529596092280042,4.0,7.0,0.1947609699999999,7.0,3.0,3.0,0.0985578999999999,17.0,5.3731343283582085,13.880597014925373,1.343283582089552,19.253731343283583,0.0,1.343283582089552,5.3731343283582085,3.582089552238806,1.791044776119403,2.238805970149253,4.925373134328358,4.925373134328358,6.26865671641791,0.0,0.0,0.4477611940298507,1.791044776119403,8.059701492537313,1.791044776119403,3.582089552238806,0.8955223880597015,0.0,0.4477611940298507,0.0,0.0,76.79,100.0,0.0,72.73,33.33,56.0,0.0,100.0,0.4509227073108282,0.1132654966692556,1.791044776119403,3.134328358208955,0.0872064044776119,3.134328358208955,1.343283582089552,1.343283582089552,0.0441304029850745,7.611940298507463,CM/AM,15,9,39,4,24,24,93,100,63,87,87,87,57,13,37,24,85,100,41,96,50,17,72,52,50,30,96,17,91,52,78,24,91,96,22,70,46,48,100,7,4,9,4,22,13,48,9,24,48,100,100,87,96,96,91,91,13,37,26,100,100,61,96,65,17,87,52,50,30,96,17,91,52,78,24,91,100,48,96,70,78,100,9,4,9,9,2. Bundesliga
Karlsruher SC,aojwbjr39s1w2mcd9l2bf2dhk,znl4pu034okfvsqah5za29xx,S. Jung,Sebastian Jung,36,Defender,Germany,Defender,27.0,51.0,2.0,77.0,1.0,4.0,2.0,2.0,0.0,0.0,3.0,3.0,12.0,8.0,0.0,1.0,262.0,1.0,6.0,4.0,2.0,5.0,1.0,0.0,0.0,0.0,77.0,16.67,25.0,66.67,50.0,52.17,20.0,100.0,0.1499947935343454,0.3389001567300727,0.0,5.0,0.14110378,2.0,4.0,7.0,0.2886165199999999,34.0,9.274809160305344,17.51908396946565,0.6870229007633588,26.45038167938932,0.3435114503816794,1.3740458015267176,0.6870229007633588,0.6870229007633588,0.0,0.0,1.0305343511450382,1.0305343511450382,4.122137404580153,2.748091603053436,0.0,0.3435114503816794,0.3435114503816794,2.0610687022900764,1.3740458015267176,0.6870229007633588,1.717557251908397,0.3435114503816794,0.0,0.0,0.0,77.0,16.67,25.0,66.67,50.0,52.17,20.0,100.0,0.0515249290766835,0.1164160843729257,0.0,1.717557251908397,0.0484707641221374,0.6870229007633588,1.3740458015267176,2.404580152671756,0.0991430793893129,11.6793893129771,RB/RCB,14,38,10,19,7,79,29,62,17,24,31,29,24,36,40,17,60,62,64,57,62,57,40,40,52,33,5,81,83,79,52,7,95,29,71,17,79,81,43,10,19,19,10,14,67,10,38,5,81,43,86,17,24,57,48,43,48,40,14,71,81,76,62,71,62,40,40,52,33,5,81,83,79,52,7,95,43,81,17,95,95,48,19,24,48,29,2. Bundesliga
Holstein Kiel,6zwg0wxjie31da2i4wwh2h4ho,2r0o55zkda9zi7zg77i2i7fv8,H. Sekine,Hiroki Sekine,24,Defender,Japan,Defender,152.0,88.0,7.0,239.0,12.0,2.0,6.0,3.0,3.0,1.0,5.0,6.0,27.0,17.0,0.0,5.0,450.0,0.0,10.0,2.0,0.0,10.0,1.0,0.0,0.0,0.0,90.53,46.67,25.0,0.0,0.0,54.0,57.14,76.92,0.4797781923011585,0.3099850371544864,2.0,7.0,0.13187075,4.0,19.0,22.0,0.6683857100000002,120.0,30.4,17.6,1.4,47.8,2.4,0.4,1.2,0.6,0.6,0.2,1.0,1.2,5.4,3.4,0.0,1.0,0.0,2.0,0.4,0.0,2.0,0.2,0.0,0.0,0.0,90.53,46.67,25.0,0.0,0.0,54.0,57.14,76.92,0.0959556384602317,0.0619970074308972,0.4,1.4,0.02637415,0.8,3.8,4.4,0.133677142,24.0,RB/RCB,95,86,50,90,95,45,83,83,74,57,69,69,83,71,40,69,21,98,29,14,90,57,40,40,52,100,57,81,14,21,62,81,71,86,62,64,95,76,67,88,95,86,90,95,71,24,90,95,40,81,76,67,48,48,57,74,62,40,62,21,76,17,14,81,52,40,40,52,100,57,81,14,21,62,81,71,67,57,52,81,67,57,76,76,67,90,2. Bundesliga
Holstein Kiel,6zwg0wxjie31da2i4wwh2h4ho,36b4jkncdieq9yryo32wk5d78,G. Balzi,Guillermo Balzi,25,Midfielder,Argentina,Midfielder,36.0,134.0,7.0,162.0,0.0,11.0,8.0,4.0,4.0,2.0,16.0,17.0,25.0,1.0,1.0,2.0,401.0,4.0,5.0,9.0,9.0,1.0,8.0,0.0,0.0,0.0,89.5,87.5,34.78,56.25,50.0,43.86,0.0,14.29,0.6324590739285675,0.9313229420596548,1.0,30.0,0.72041424,12.0,14.0,23.0,0.9886921300000002,89.0,8.079800498753118,30.07481296758105,1.5710723192019949,36.35910224438903,0.0,2.468827930174564,1.795511221945137,0.8977556109725685,0.8977556109725685,0.4488778054862842,3.591022443890274,3.815461346633416,5.610972568578553,0.2244389027431421,0.2244389027431421,0.4488778054862842,0.8977556109725685,1.1221945137157108,2.0199501246882794,2.0199501246882794,0.2244389027431421,1.795511221945137,0.0,0.0,0.0,89.5,87.5,34.78,56.25,50.0,43.86,0.0,14.29,0.1419484205824715,0.2090250992153838,0.2244389027431421,6.733167082294264,0.1616889815461346,2.693266832917706,3.1421446384039897,5.162094763092269,0.2219009768079801,19.97506234413965,RM/RCM,67,100,100,100,33,100,33,33,50,33,100,100,100,67,33,67,33,33,67,100,50,100,50,67,67,100,100,100,100,50,67,33,33,33,100,33,100,100,100,100,100,100,100,67,100,100,100,33,100,33,33,67,33,100,100,100,67,33,67,33,33,67,100,67,100,50,67,67,100,100,100,100,50,67,33,33,33,100,33,100,100,100,100,100,100,100,2. Bundesliga
Holstein Kiel,6zwg0wxjie31da2i4wwh2h4ho,4kabyphz0h9megt5r97o5rd9l,D. Zec,David Zec,26,Defender,Slovenia,Defender,141.0,78.0,7.0,219.0,14.0,3.0,3.0,2.0,1.0,1.0,4.0,4.0,22.0,15.0,0.0,4.0,450.0,1.0,6.0,3.0,0.0,3.0,0.0,0.0,0.0,0.0,90.5,63.64,0.0,0.0,33.33,47.83,63.64,60.0,0.2759272019478126,0.1005394025844346,1.0,4.0,0.07764747,2.0,22.0,13.0,0.38142464,112.0,28.2,15.6,1.4,43.8,2.8,0.6,0.6,0.4,0.2,0.2,0.8,0.8,4.4,3.0,0.0,0.8,0.2,1.2,0.6,0.0,0.6,0.0,0.0,0.0,0.0,90.5,63.64,0.0,0.0,33.33,47.83,63.64,60.0,0.0551854403895625,0.0201078805168869,0.2,0.8,0.015529494,0.4,4.4,2.6,0.076284928,22.4,CB,73,71,36,67,83,79,64,55,76,74,94,89,62,29,42,33,61,71,53,30,44,42,44,45,52,88,88,42,30,61,18,73,42,52,52,74,73,67,79,86,42,58,45,55,58,18,42,74,73,52,42,67,64,88,82,52,12,42,23,48,65,45,30,30,42,44,45,52,88,88,42,30,61,18,73,42,48,45,67,56,55,70,79,33,36,27,2. Bundesliga
Holstein Kiel,6zwg0wxjie31da2i4wwh2h4ho,6v1kpakd3t0jhnoh1eh75ev4k,K. Davidsen,Kasper Davidsen,21,Midfielder,Denmark,Midfielder,40.0,56.0,5.0,96.0,6.0,5.0,5.0,2.0,3.0,3.0,4.0,4.0,21.0,6.0,0.0,3.0,322.0,1.0,13.0,7.0,0.0,3.0,0.0,0.0,0.0,0.0,74.42,50.0,0.0,0.0,20.0,45.65,60.0,37.5,0.3239758757559318,0.3685831627098858,2.0,4.0,0.09257785,1.0,8.0,11.0,0.30959198,41.0,11.180124223602483,15.652173913043477,1.3975155279503104,26.83229813664596,1.6770186335403725,1.3975155279503104,1.3975155279503104,0.5590062111801242,0.8385093167701863,0.8385093167701863,1.1180124223602483,1.1180124223602483,5.869565217391304,1.6770186335403725,0.0,0.8385093167701863,0.2795031055900621,3.633540372670807,1.9565217391304344,0.0,0.8385093167701863,0.0,0.0,0.0,0.0,74.42,50.0,0.0,0.0,20.0,45.65,60.0,37.5,0.090552263410043,0.1030201386456202,0.5590062111801242,1.1180124223602483,0.0258757965838509,0.2795031055900621,2.2360248447204967,3.074534161490683,0.0865319198757764,11.459627329192546,DM/CM,6,18,32,6,61,66,52,40,73,84,56,56,47,31,31,19,42,97,73,15,26,34,35,52,52,10,58,34,15,34,29,73,10,42,74,61,44,48,35,11,23,32,6,3,39,42,10,71,74,61,45,81,94,68,65,65,32,31,26,55,97,84,15,29,34,35,52,52,10,58,34,15,34,29,73,10,45,81,71,52,55,42,6,35,55,6,2. Bundesliga
Holstein Kiel,6zwg0wxjie31da2i4wwh2h4ho,73bt1irnki81xex9jkn7vxxey,A. Kaprálik,Adrián Kaprálik,24,Attacker,Slovakia,Striker,16.0,70.0,1.0,76.0,2.0,9.0,8.0,7.0,1.0,2.0,11.0,12.0,19.0,3.0,1.0,3.0,422.0,1.0,19.0,9.0,3.0,2.0,10.0,2.0,0.0,0.0,73.79,33.33,33.33,27.27,12.5,42.22,20.0,40.0,0.636619086011883,1.1675346240572917,2.0,13.0,0.447678,4.0,2.0,6.0,0.7039966199999999,27.0,3.4123222748815163,14.928909952606634,0.2132701421800947,16.208530805687204,0.4265402843601895,1.919431279620853,1.706161137440758,1.4928909952606635,0.2132701421800947,0.4265402843601895,2.3459715639810423,2.559241706161137,4.052132701421801,0.6398104265402843,0.2132701421800947,0.6398104265402843,0.2132701421800947,4.052132701421801,1.919431279620853,0.6398104265402843,0.4265402843601895,2.132701421800948,0.4265402843601895,0.0,0.0,73.79,33.33,33.33,27.27,12.5,42.22,20.0,40.0,0.1357718429883162,0.2490002752728821,0.4265402843601895,2.772511848341232,0.0954763507109004,0.8530805687203791,0.4265402843601895,1.2796208530805686,0.1501414592417061,5.758293838862559,ST,40,97,41,81,19,86,28,45,31,47,79,79,67,53,34,90,10,62,98,50,64,97,91,52,52,62,40,90,14,7,48,17,31,24,90,53,90,97,83,28,62,83,71,14,93,34,69,17,79,10,24,17,34,62,62,38,48,21,86,3,41,97,41,52,97,90,52,52,62,40,90,14,7,48,17,31,14,86,48,86,93,76,17,52,83,66,2. Bundesliga
Holstein Kiel,6zwg0wxjie31da2i4wwh2h4ho,7gnn9d501aradmmdrhhs5vfo4,J. Therkelsen,Jonas Therkelsen,23,Midfielder,Norway,Midfielder,16.0,38.0,3.0,53.0,3.0,3.0,2.0,2.0,0.0,0.0,5.0,6.0,18.0,3.0,1.0,1.0,233.0,1.0,7.0,8.0,3.0,4.0,1.0,0.0,0.0,0.0,79.1,50.0,10.0,60.0,50.0,48.65,50.0,100.0,0.2566457656058557,0.2787483094296958,1.0,7.0,0.17013749,3.0,3.0,9.0,0.45870215,26.0,6.180257510729613,14.678111587982832,1.1587982832618025,20.47210300429185,1.1587982832618025,1.1587982832618025,0.7725321888412017,0.7725321888412017,0.0,0.0,1.931330472103004,2.317596566523605,6.952789699570815,1.1587982832618025,0.3862660944206008,0.3862660944206008,0.3862660944206008,2.703862660944206,3.0901287553648067,1.1587982832618025,1.5450643776824031,0.3862660944206008,0.0,0.0,0.0,79.1,50.0,10.0,60.0,50.0,48.65,50.0,100.0,0.0991335575301588,0.1076710208097537,0.3862660944206008,2.703862660944206,0.065718343776824,1.1587982832618025,1.1587982832618025,3.476394849785408,0.1771810879828326,10.042918454935622,LM/LCM,10,10,35,10,60,30,15,40,10,25,30,30,40,45,55,45,25,35,80,40,80,40,35,55,55,50,60,40,80,80,50,65,95,30,30,25,30,30,35,10,10,50,10,30,20,60,20,70,40,30,50,10,25,40,60,100,70,70,60,40,40,100,70,100,50,35,55,55,50,60,40,80,80,50,65,95,30,40,40,60,50,70,30,50,70,40,2. Bundesliga
Holstein Kiel,6zwg0wxjie31da2i4wwh2h4ho,9u3au5060ighmwlo9nsk5vcic,L. Parduzi,Leon Parduzi,19,Defender,Kosovo,Defender,80.0,61.0,6.0,140.0,2.0,2.0,1.0,0.0,1.0,0.0,5.0,5.0,16.0,6.0,0.0,6.0,273.0,0.0,2.0,6.0,3.0,3.0,1.0,0.0,0.0,0.0,86.42,46.15,16.67,60.0,0.0,48.48,25.0,60.0,0.051578232529367,0.178063232663629,1.0,3.0,0.0932371499999999,2.0,12.0,15.0,0.3756621299999999,75.0,26.373626373626376,20.10989010989011,1.978021978021978,46.15384615384615,0.6593406593406593,0.6593406593406593,0.3296703296703296,0.0,0.3296703296703296,0.0,1.6483516483516485,1.6483516483516485,5.274725274725275,1.978021978021978,0.0,1.978021978021978,0.0,0.6593406593406593,1.978021978021978,0.989010989010989,0.989010989010989,0.3296703296703296,0.0,0.0,0.0,86.42,46.15,16.67,60.0,0.0,48.48,25.0,60.0,0.0170038129217693,0.0587021646143831,0.3296703296703296,0.989010989010989,0.0307375219780219,0.6593406593406593,3.956043956043956,4.945054945054945,0.1238446582417582,24.725274725274726,LB/LCB,48,35,38,45,22,32,28,18,60,32,68,62,45,18,48,78,22,28,82,62,50,35,35,48,52,80,70,40,75,22,30,10,62,20,35,62,35,40,42,48,52,30,55,75,85,65,75,40,45,40,18,70,32,85,85,80,25,48,90,22,30,95,90,65,40,35,48,52,80,70,40,75,22,30,10,62,25,40,75,40,65,55,75,75,55,70,2. Bundesliga
Holstein Kiel,6zwg0wxjie31da2i4wwh2h4ho,apdrig6xt1hxub1986s3uh1x,J. Meffert,Jonas Meffert,32,Midfielder,Germany,Midfielder,70.0,138.0,6.0,208.0,9.0,6.0,5.0,4.0,1.0,3.0,3.0,3.0,25.0,4.0,0.0,9.0,445.0,1.0,9.0,4.0,2.0,7.0,0.0,1.0,0.0,0.0,88.51,66.67,0.0,66.67,20.0,59.52,64.29,70.0,0.6389518477530725,0.358234653250794,1.0,8.0,0.1597986199999999,1.0,31.0,23.0,0.4124669900000002,124.0,14.157303370786517,27.91011235955056,1.2134831460674156,42.06741573033708,1.820224719101124,1.2134831460674156,1.0112359550561798,0.8089887640449438,0.2022471910112359,0.6067415730337078,0.6067415730337078,0.6067415730337078,5.056179775280898,0.8089887640449438,0.0,1.820224719101124,0.2022471910112359,1.820224719101124,0.8089887640449438,0.4044943820224719,1.4157303370786516,0.0,0.2022471910112359,0.0,0.0,88.51,66.67,0.0,66.67,20.0,59.52,64.29,70.0,0.1292262163994978,0.0724519523428572,0.2022471910112359,1.6179775280898876,0.0323188220224718,0.2022471910112359,6.269662921348314,4.651685393258426,0.0834202901123595,25.078651685393258,DM/CM,37,97,42,84,76,79,52,76,24,84,44,40,65,18,31,95,42,81,39,61,82,34,82,52,52,87,94,34,87,34,84,77,66,74,71,34,74,68,35,97,81,58,90,16,94,32,65,74,65,39,68,19,77,39,29,52,10,31,94,23,74,35,58,68,34,77,52,52,87,94,34,87,34,84,77,66,71,61,29,74,65,26,94,81,45,87,2. Bundesliga
Holstein Kiel,6zwg0wxjie31da2i4wwh2h4ho,eswroj7hvnu9po0ni9i6820vd,I. Nekić,Ivan Nekic,25,Defender,Croatia,Defender,115.0,74.0,16.0,189.0,8.0,2.0,5.0,5.0,0.0,3.0,0.0,0.0,30.0,19.0,0.0,7.0,450.0,1.0,6.0,8.0,0.0,4.0,0.0,0.0,0.0,0.0,83.26,57.14,0.0,0.0,20.0,61.22,38.1,28.57,0.610838586646494,0.2044724440480741,0.0,3.0,0.06317351,1.0,16.0,19.0,0.4651330600000001,107.0,23.0,14.8,3.2,37.8,1.6,0.4,1.0,1.0,0.0,0.6,0.0,0.0,6.0,3.8,0.0,1.4,0.2,1.2,1.6,0.0,0.8,0.0,0.0,0.0,0.0,83.26,57.14,0.0,0.0,20.0,61.22,38.1,28.57,0.1221677173292988,0.0408944888096148,0.0,0.6,0.012634702,0.2,3.2,3.8,0.093026612,21.4,RB/RCB,86,74,100,86,81,45,74,98,17,93,5,5,90,79,40,83,60,62,90,14,50,26,40,40,52,71,86,26,14,55,90,33,14,95,52,17,48,52,24,74,81,62,81,86,52,100,86,81,40,67,95,17,90,5,5,90,71,40,76,43,55,81,14,31,26,40,40,52,71,86,26,14,55,90,33,14,95,48,17,40,48,14,57,52,43,81,2. Bundesliga
Holstein Kiel,6zwg0wxjie31da2i4wwh2h4ho,oy3mdkrur6xfcjrcw2dyghgq,P. Harres,Phil Harres,24,Attacker,Germany,Striker,23.0,24.0,0.0,47.0,20.0,7.0,23.0,19.0,4.0,6.0,5.0,5.0,32.0,6.0,3.0,0.0,450.0,7.0,26.0,7.0,4.0,0.0,0.0,2.0,0.0,0.0,69.12,0.0,0.0,80.0,30.43,60.38,68.97,0.0,2.7482458259653333,0.4274821959766732,2.0,2.0,0.0482448,2.0,1.0,2.0,0.10646484,10.0,4.6,4.8,0.0,9.4,4.0,1.4,4.6,3.8,0.8,1.2,1.0,1.0,6.4,1.2,0.6,0.0,1.4,5.2,1.4,0.8,0.0,0.0,0.4,0.0,0.0,69.12,0.0,0.0,80.0,30.43,60.38,68.97,0.0,0.5496491651930666,0.0854964391953346,0.4,0.4,0.00964896,0.4,0.2,0.4,0.021292968,2.0,ST,71,21,17,48,97,78,100,100,79,93,47,45,93,88,86,33,83,86,91,67,9,34,91,52,52,41,17,34,84,24,97,93,9,100,62,53,33,34,55,10,21,24,19,48,3,17,14,97,72,100,97,72,88,31,31,90,74,72,33,72,76,83,50,9,34,86,52,52,41,17,34,84,24,97,93,9,97,38,38,22,21,41,7,17,21,7,2. Bundesliga
Dynamo Dresden,97lyl18hz6apklot7hbz4h446,1675dd1p91lb20f9b3w5v067e,T. Keller,Thomas Keller,27,Defender,Germany,Defender,232.0,55.0,9.0,287.0,4.0,0.0,4.0,1.0,3.0,0.0,0.0,0.0,8.0,16.0,1.0,4.0,339.0,1.0,1.0,3.0,0.0,1.0,0.0,0.0,0.0,0.0,93.79,47.37,0.0,0.0,25.0,50.0,57.14,100.0,0.3831317650665594,0.0,2.0,1.0,0.01870347,0.0,11.0,14.0,0.3303647299999999,163.0,61.5929203539823,14.601769911504425,2.3893805309734515,76.19469026548673,1.0619469026548674,0.0,1.0619469026548674,0.2654867256637168,0.7964601769911505,0.0,0.0,0.0,2.1238938053097347,4.247787610619469,0.2654867256637168,1.0619469026548674,0.2654867256637168,0.2654867256637168,0.7964601769911505,0.0,0.2654867256637168,0.0,0.0,0.0,0.0,93.79,47.37,0.0,0.0,25.0,50.0,57.14,100.0,0.1017163978052812,0.0,0.5309734513274337,0.2654867256637168,0.0049655230088495,0.0,2.920353982300885,3.7168141592920354,0.0877074504424778,43.27433628318584,DM/CM,100,13,53,100,45,3,39,19,73,18,6,6,13,82,74,40,42,3,26,15,8,34,35,52,52,100,48,34,15,44,42,60,97,48,3,61,8,3,13,27,40,39,97,100,29,58,100,45,3,42,23,77,18,6,6,10,97,84,45,52,3,29,15,6,34,35,52,52,100,48,34,15,44,42,60,97,48,3,68,6,3,13,35,55,58,100,2. Bundesliga
Dynamo Dresden,97lyl18hz6apklot7hbz4h446,56e76dk2fd95o2n7e98tpjg0l,N. Rapp,Nicolai Rapp,29,Midfielder,Germany,Midfielder,93.0,56.0,2.0,149.0,3.0,2.0,4.0,2.0,2.0,0.0,1.0,1.0,13.0,2.0,1.0,6.0,299.0,2.0,4.0,4.0,0.0,3.0,0.0,0.0,0.0,0.0,90.85,33.33,0.0,0.0,50.0,59.09,50.0,50.0,0.2401825141812984,0.1898709010419087,1.0,2.0,0.04255496,0.0,9.0,8.0,0.1942806399999999,77.0,27.993311036789297,16.8561872909699,0.6020066889632106,44.84949832775919,0.903010033444816,0.6020066889632106,1.2040133779264213,0.6020066889632106,0.6020066889632106,0.0,0.3010033444816053,0.3010033444816053,3.913043478260869,0.6020066889632106,0.3010033444816053,1.806020066889632,0.6020066889632106,1.2040133779264213,1.2040133779264213,0.0,0.903010033444816,0.0,0.0,0.0,0.0,90.85,33.33,0.0,0.0,50.0,59.09,50.0,50.0,0.0722957400545714,0.0571517762333504,0.3010033444816053,0.6020066889632106,0.0128091852842809,0.0,2.709030100334448,2.4080267558528425,0.0584791224080267,23.17725752508361,DM/CM,68,18,6,42,32,27,39,40,48,18,18,16,19,3,74,74,73,32,39,15,26,34,35,52,52,97,10,34,15,89,81,42,37,26,42,34,23,16,13,18,13,10,44,94,45,10,74,42,39,52,52,58,18,19,19,29,3,87,90,90,42,55,15,35,34,35,52,52,97,10,34,15,89,81,42,37,35,52,39,29,26,13,29,19,16,71,2. Bundesliga
Dynamo Dresden,97lyl18hz6apklot7hbz4h446,74n6zo57y4h14zll0p5ncm3ca,B. Bobzien,Ben Bobzien,23,Attacker,Germany,Striker,52.0,80.0,5.0,132.0,2.0,10.0,9.0,6.0,3.0,2.0,17.0,17.0,27.0,2.0,1.0,5.0,431.0,5.0,27.0,12.0,10.0,2.0,0.0,1.0,0.0,0.0,84.08,50.0,0.0,58.82,55.56,56.25,66.67,66.67,0.8793132497301718,0.7729078756806609,4.0,20.0,0.6098612999999999,4.0,10.0,10.0,0.53917174,36.0,10.8584686774942,16.705336426914155,1.0440835266821349,27.56380510440836,0.4176334106728538,2.0881670533642693,1.8793503480278424,1.2529002320185616,0.6264501160092808,0.4176334106728538,3.5498839907192576,3.5498839907192576,5.638051044083527,0.4176334106728538,0.2088167053364269,1.0440835266821349,1.0440835266821349,5.638051044083527,2.505800464037123,2.0881670533642693,0.4176334106728538,0.0,0.2088167053364269,0.0,0.0,84.08,50.0,0.0,58.82,55.56,56.25,66.67,66.67,0.1836152957673212,0.1613960761282122,0.8352668213457077,4.176334106728539,0.1273492273781902,0.8352668213457077,2.0881670533642693,2.0881670533642693,0.1125880663573085,7.517401392111369,LW,69,75,62,75,19,69,81,69,75,69,88,75,100,38,62,100,81,94,100,88,31,19,56,50,56,88,44,19,100,81,88,100,44,88,62,69,88,88,50,75,62,50,62,75,62,62,75,12,62,62,50,88,75,75,62,75,38,62,100,75,88,100,75,25,19,50,50,56,88,44,19,100,81,88,100,44,75,62,62,75,75,50,75,62,38,38,2. Bundesliga
Dynamo Dresden,97lyl18hz6apklot7hbz4h446,80phrrugb78acwel3c79jd8bu,J. Sterner,Jonas Sterner,24,Defender,Germany,Defender,80.0,74.0,6.0,150.0,5.0,6.0,3.0,1.0,2.0,0.0,5.0,5.0,13.0,13.0,2.0,2.0,360.0,3.0,2.0,0.0,1.0,4.0,4.0,1.0,0.0,0.0,77.72,27.27,13.33,20.0,100.0,37.14,38.46,57.14,0.4057688796318123,0.7407122169836428,1.0,6.0,0.16039864,6.0,19.0,18.0,0.6515399599999998,85.0,20.0,18.5,1.5,37.5,1.25,1.5,0.75,0.25,0.5,0.0,1.25,1.25,3.25,3.25,0.5,0.5,0.75,0.5,0.0,0.25,1.0,1.0,0.25,0.0,0.0,77.72,27.27,13.33,20.0,100.0,37.14,38.46,57.14,0.101442219907953,0.1851780542459107,0.25,1.5,0.04009966,1.5,4.75,4.5,0.1628849899999999,21.25,RB/RCB,76,74,33,74,64,90,48,36,57,24,69,60,31,62,100,31,98,17,7,36,50,86,88,40,52,43,14,60,31,98,19,38,36,71,90,43,88,90,95,88,69,81,76,71,81,29,81,71,95,48,33,57,24,62,62,24,57,100,29,95,19,7,38,57,76,90,40,52,43,14,60,31,98,19,38,36,81,90,38,86,90,90,90,81,81,76,2. Bundesliga
Dynamo Dresden,97lyl18hz6apklot7hbz4h446,aluogo3t5ravqnakgo6duv6s4,F. Müller,Friedrich Müller,20,Defender,Germany,Defender,233.0,74.0,3.0,307.0,9.0,2.0,2.0,1.0,1.0,0.0,0.0,0.0,11.0,10.0,0.0,5.0,369.0,1.0,2.0,0.0,0.0,1.0,0.0,0.0,0.0,0.0,92.19,30.0,0.0,0.0,50.0,47.83,60.0,50.0,0.1334185418760433,0.0754968062530432,1.0,2.0,0.03686598,2.0,18.0,17.0,0.36293646,145.0,56.82926829268293,18.04878048780488,0.7317073170731708,74.87804878048782,2.1951219512195124,0.4878048780487805,0.4878048780487805,0.2439024390243902,0.2439024390243902,0.0,0.0,0.0,2.682926829268293,2.439024390243903,0.0,1.2195121951219514,0.2439024390243902,0.4878048780487805,0.0,0.0,0.2439024390243902,0.0,0.0,0.0,0.0,92.19,30.0,0.0,0.0,50.0,47.83,60.0,50.0,0.0325411077746447,0.018413855183669,0.2439024390243902,0.4878048780487805,0.0089917024390243,0.4878048780487805,4.390243902439025,4.146341463414634,0.088521087804878,35.36585365853659,LM/LCM,100,60,35,100,100,15,15,15,35,25,10,10,20,100,20,85,25,10,10,10,15,15,35,55,55,100,30,15,10,80,40,100,45,10,10,25,10,10,15,100,70,20,100,100,60,30,100,100,10,10,10,50,25,10,10,20,100,20,90,30,10,10,10,20,15,35,55,55,100,30,15,10,80,40,100,45,10,10,30,10,10,20,100,70,20,100,2. Bundesliga
Dynamo Dresden,97lyl18hz6apklot7hbz4h446,bh5gxk1kd65fnph0s6kgxt8q2,R. Wagner,Robert Wagner,23,Midfielder,Germany,Midfielder,141.0,69.0,4.0,210.0,2.0,1.0,3.0,2.0,1.0,1.0,6.0,6.0,15.0,8.0,1.0,5.0,405.0,1.0,6.0,5.0,1.0,6.0,0.0,0.0,0.0,0.0,86.07,26.67,0.0,16.67,33.33,35.71,22.22,85.71,0.2741347591528725,0.068066600449427,0.0,2.0,0.03620728,0.0,14.0,11.0,0.26670656,105.0,31.33333333333333,15.333333333333334,0.8888888888888888,46.66666666666666,0.4444444444444444,0.2222222222222222,0.6666666666666666,0.4444444444444444,0.2222222222222222,0.2222222222222222,1.3333333333333333,1.3333333333333333,3.333333333333333,1.7777777777777777,0.2222222222222222,1.1111111111111112,0.2222222222222222,1.3333333333333333,1.1111111111111112,0.2222222222222222,1.3333333333333333,0.0,0.0,0.0,0.0,86.07,26.67,0.0,16.67,33.33,35.71,22.22,85.71,0.0609188353673049,0.0151259112109837,0.0,0.4444444444444444,0.0080460622222222,0.0,3.111111111111111,2.4444444444444446,0.0592681244444444,23.33333333333333,DM/CM,97,47,21,87,21,10,24,40,24,45,74,71,26,47,74,58,42,47,55,39,66,34,35,52,52,65,3,34,32,68,10,23,87,32,16,11,23,13,13,50,23,19,68,97,32,16,81,16,10,21,39,26,52,77,74,19,42,81,52,39,45,48,39,65,34,35,52,52,65,3,34,32,68,10,23,87,23,13,11,23,13,13,45,23,19,77,2. Bundesliga
Dynamo Dresden,97lyl18hz6apklot7hbz4h446,btgtfolx9bhri1d7hol40gvrp,V. Vermeij,Vincent Vermeij,32,Attacker,Netherlands,Striker,38.0,39.0,3.0,77.0,11.0,4.0,11.0,7.0,4.0,3.0,3.0,3.0,19.0,4.0,1.0,0.0,398.0,1.0,17.0,3.0,2.0,4.0,0.0,1.0,0.0,0.0,81.91,100.0,0.0,66.67,9.09,41.3,44.0,100.0,1.768312716154511,0.3918416163993023,2.0,10.0,0.2584267799999999,3.0,3.0,3.0,0.20657275,27.0,8.592964824120603,8.819095477386934,0.6783919597989949,17.412060301507537,2.487437185929648,0.9045226130653266,2.487437185929648,1.5829145728643217,0.9045226130653266,0.6783919597989949,0.6783919597989949,0.6783919597989949,4.296482412060302,0.9045226130653266,0.2261306532663316,0.0,0.2261306532663316,3.844221105527638,0.6783919597989949,0.4522613065326633,0.9045226130653266,0.0,0.2261306532663316,0.0,0.0,81.91,100.0,0.0,66.67,9.09,41.3,44.0,100.0,0.3998697096831808,0.0886074006933095,0.4522613065326633,2.2613065326633164,0.0584382165829145,0.6783919597989949,0.6783919597989949,0.6783919597989949,0.0467124309045226,6.105527638190955,ST,97,66,66,86,83,52,67,45,79,69,29,26,67,66,34,33,10,55,45,29,90,34,71,52,52,93,93,34,71,3,45,59,91,79,55,53,81,76,74,50,33,52,71,97,52,69,79,83,28,45,38,79,59,21,17,41,59,28,33,7,38,38,24,93,34,66,52,52,93,93,34,71,3,45,59,91,79,41,55,83,72,69,38,24,38,72,2. Bundesliga
Dynamo Dresden,97lyl18hz6apklot7hbz4h446,di0uw1d4sz4pa46nol4mb8yqd,N. Hauptmann,Niklas Hauptmann,30,Midfielder,Germany,Midfielder,25.0,69.0,6.0,93.0,0.0,7.0,6.0,3.0,3.0,1.0,12.0,13.0,21.0,0.0,0.0,4.0,398.0,2.0,13.0,10.0,5.0,5.0,1.0,1.0,0.0,0.0,82.3,85.71,14.29,41.67,33.33,43.75,0.0,83.33,0.4076000155449611,0.6958278428363969,3.0,7.0,0.16304875,5.0,14.0,26.0,0.7270277699999999,45.0,5.653266331658291,15.603015075376884,1.3567839195979898,21.030150753768844,0.0,1.5829145728643217,1.3567839195979898,0.6783919597989949,0.6783919597989949,0.2261306532663316,2.71356783919598,2.939698492462312,4.748743718592965,0.0,0.0,0.9045226130653266,0.4522613065326633,2.939698492462312,2.2613065326633164,1.1306532663316582,1.1306532663316582,0.2261306532663316,0.2261306532663316,0.0,0.0,82.3,85.71,14.29,41.67,33.33,43.75,0.0,83.33,0.0921708577865489,0.1573480046614967,0.6783919597989949,1.5829145728643217,0.0368703203517587,1.1306532663316582,3.165829145728643,5.879396984924623,0.1644032645728642,10.175879396984923,CM/AM,37,52,63,54,24,80,54,57,39,17,91,91,83,13,37,76,59,80,93,76,83,46,72,52,50,74,87,46,39,52,39,24,76,57,78,43,46,26,80,61,83,83,50,26,17,52,26,24,52,30,48,22,13,83,87,70,13,37,70,52,65,83,74,83,35,57,52,50,74,87,46,39,52,39,24,76,30,70,30,30,22,65,39,87,65,30,2. Bundesliga
Dynamo Dresden,97lyl18hz6apklot7hbz4h446,dmkmf1nu3mtotjvzdykez793p,A. Rossipal,Alexander Rossipal,30,Defender,Germany,Defender,123.0,126.0,11.0,244.0,9.0,6.0,5.0,4.0,1.0,2.0,0.0,0.0,18.0,15.0,0.0,7.0,433.0,1.0,8.0,1.0,0.0,7.0,5.0,1.0,0.0,0.0,81.61,33.33,25.0,0.0,20.0,54.55,60.0,87.5,0.3419530199787879,0.6676192182345515,1.0,8.0,0.20145169,2.0,32.0,29.0,1.0661398899999996,120.0,25.56581986143188,26.189376443418016,2.286374133949192,50.71593533487298,1.8706697459584296,1.2471131639722863,1.039260969976905,0.8314087759815243,0.207852193995381,0.4157043879907621,0.0,0.0,3.741339491916859,3.117782909930716,0.0,1.4549653579676676,0.207852193995381,1.6628175519630486,0.207852193995381,0.0,1.4549653579676676,1.039260969976905,0.207852193995381,0.0,0.0,81.61,33.33,25.0,0.0,20.0,54.55,60.0,87.5,0.0710756854459374,0.1387661192635326,0.207852193995381,1.6628175519630486,0.0418721757505773,0.4157043879907621,6.651270207852194,6.027713625866051,0.2215995152424941,24.94226327944573,LB/LCB,80,95,75,85,92,82,80,95,60,90,8,8,57,68,48,90,62,92,18,15,88,82,85,48,52,35,32,48,15,52,45,75,90,85,85,62,82,95,42,100,98,90,80,70,100,70,80,95,75,75,90,45,85,8,8,35,60,48,80,75,75,15,15,85,80,80,48,52,35,32,48,15,52,45,75,90,75,75,55,70,75,35,95,100,90,75,2. Bundesliga
Darmstadt 98,1y7e48j8swyafegsucvewse5a,2es4ydlcwwasm6mu7rmey5r3e,N. Weißhaupt,Noah Weißhaupt,24,Midfielder,Germany,Midfielder,11.0,40.0,2.0,50.0,3.0,2.0,6.0,3.0,3.0,2.0,7.0,8.0,23.0,1.0,0.0,6.0,364.0,3.0,12.0,14.0,5.0,0.0,1.0,1.0,0.0,0.0,67.57,25.0,7.69,71.43,50.0,65.71,42.86,0.0,0.4072676529189863,0.2650647171234265,4.0,6.0,0.1712833,5.0,3.0,11.0,0.44936146,24.0,2.71978021978022,9.89010989010989,0.4945054945054945,12.362637362637363,0.7417582417582418,0.4945054945054945,1.4835164835164836,0.7417582417582418,0.7417582417582418,0.4945054945054945,1.7307692307692308,1.978021978021978,5.686813186813187,0.2472527472527472,0.0,1.4835164835164836,0.7417582417582418,2.967032967032967,3.4615384615384617,1.2362637362637363,0.0,0.2472527472527472,0.2472527472527472,0.0,0.0,67.57,25.0,7.69,71.43,50.0,65.71,42.86,0.0,0.1006980460513977,0.0655379795085395,0.989010989010989,1.4835164835164836,0.0423502664835164,1.2362637362637363,0.7417582417582418,2.71978021978022,0.1111058554945055,5.934065934065934,CM/AM,9,15,26,9,87,15,54,57,39,48,61,63,91,30,37,96,74,72,100,76,11,46,72,52,50,9,20,35,87,89,96,70,11,52,26,70,26,39,80,7,37,52,17,4,9,22,4,78,13,48,61,39,43,50,57,83,30,37,91,74,70,100,83,11,39,70,52,50,9,20,35,87,89,96,70,11,52,22,57,22,35,78,4,22,43,4,2. Bundesliga
Darmstadt 98,1y7e48j8swyafegsucvewse5a,7dbwrqhq3tr2vtycdz6b63uuh,K. Klefisch,Kai Klefisch,26,Midfielder,Germany,Midfielder,91.0,88.0,12.0,179.0,5.0,3.0,7.0,3.0,4.0,4.0,2.0,3.0,25.0,14.0,0.0,1.0,341.0,1.0,6.0,10.0,0.0,5.0,0.0,1.0,0.0,0.0,87.75,60.0,0.0,0.0,14.29,51.02,35.71,41.67,0.6490853761243925,0.1626342346440168,2.0,5.0,0.10726661,1.0,12.0,15.0,0.2745134999999999,88.0,24.01759530791789,23.225806451612904,3.1671554252199416,47.24340175953079,1.3196480938416422,0.7917888563049854,1.8475073313783,0.7917888563049854,1.0557184750733135,1.0557184750733135,0.5278592375366569,0.7917888563049854,6.598240469208212,3.6950146627566,0.0,0.2639296187683284,0.2639296187683284,1.5835777126099708,2.6392961876832843,0.0,1.3196480938416422,0.0,0.2639296187683284,0.0,0.0,87.75,60.0,0.0,0.0,14.29,51.02,35.71,41.67,0.171312855868608,0.0429239915482742,0.5278592375366569,1.3196480938416422,0.0283108354838709,0.2639296187683284,3.1671554252199416,3.958944281524927,0.0724522434017595,23.225806451612904,DM/CM,63,61,74,58,55,44,74,56,87,97,29,40,65,74,31,5,42,47,87,15,48,34,82,52,52,81,69,34,15,29,47,29,15,77,29,61,58,56,35,37,53,23,60,84,77,84,84,55,42,94,58,90,100,29,45,74,84,31,6,48,58,94,15,61,34,90,52,52,81,69,34,15,29,47,29,15,90,35,65,61,61,39,48,65,29,74,2. Bundesliga
Darmstadt 98,1y7e48j8swyafegsucvewse5a,8lqpjau7qoetlw19tmw5j43my,Y. Lührs,Yannik Lührs,23,Defender,Germany,Defender,62.0,22.0,5.0,84.0,6.0,0.0,1.0,1.0,0.0,1.0,0.0,0.0,8.0,28.0,0.0,3.0,248.0,0.0,2.0,0.0,0.0,1.0,0.0,0.0,0.0,0.0,70.59,20.83,0.0,0.0,0.0,50.0,54.55,50.0,0.1241616910116119,0.0,0.0,1.0,0.01473596,0.0,2.0,3.0,0.11615737,49.0,22.5,7.983870967741936,1.814516129032258,30.483870967741936,2.177419354838709,0.0,0.3629032258064516,0.3629032258064516,0.0,0.3629032258064516,0.0,0.0,2.903225806451613,10.161290322580646,0.0,1.0887096774193548,0.0,0.7258064516129032,0.0,0.0,0.3629032258064516,0.0,0.0,0.0,0.0,70.59,20.83,0.0,0.0,0.0,50.0,54.55,50.0,0.0450586781896978,0.0,0.0,0.3629032258064516,0.0053477274193548,0.0,0.7258064516129032,1.0887096774193548,0.0421538842741935,17.782258064516128,CB,12,3,15,6,32,11,20,24,30,74,20,20,3,62,42,20,21,23,8,30,8,42,44,45,52,3,3,42,30,21,32,36,27,27,14,32,29,21,24,6,3,3,6,21,9,36,12,52,11,27,30,30,85,20,20,18,97,42,39,21,39,8,30,9,42,44,45,52,3,3,42,30,21,32,36,27,36,14,32,36,33,24,6,3,9,12,2. Bundesliga
Darmstadt 98,1y7e48j8swyafegsucvewse5a,a24vimk2li0nbswdipoih6gkq,H. Akiyama,Hiroki Akiyama,25,Midfielder,Japan,Midfielder,60.0,41.0,3.0,101.0,4.0,1.0,2.0,1.0,1.0,0.0,0.0,0.0,7.0,6.0,0.0,4.0,270.0,0.0,2.0,2.0,0.0,1.0,0.0,0.0,0.0,0.0,85.59,42.86,0.0,0.0,0.0,43.75,0.0,100.0,0.1485558570261068,0.0500256546264446,1.0,1.0,0.01935132,0.0,7.0,4.0,0.1612684199999999,50.0,20.0,13.666666666666666,1.0,33.666666666666664,1.3333333333333333,0.3333333333333333,0.6666666666666666,0.3333333333333333,0.3333333333333333,0.0,0.0,0.0,2.333333333333333,2.0,0.0,1.3333333333333333,0.0,0.6666666666666666,0.6666666666666666,0.0,0.3333333333333333,0.0,0.0,0.0,0.0,85.59,42.86,0.0,0.0,0.0,43.75,0.0,100.0,0.0495186190087022,0.0166752182088148,0.3333333333333333,0.3333333333333333,0.00645044,0.0,2.333333333333333,1.3333333333333333,0.0537561399999999,16.666666666666668,DM/CM,15,6,13,10,45,10,15,19,24,18,6,6,8,31,31,40,11,8,18,15,8,34,35,52,52,58,39,34,15,11,26,5,97,16,13,34,8,6,13,6,3,6,10,61,19,19,32,58,13,21,29,35,18,6,6,13,52,31,77,11,10,26,15,10,34,35,52,52,58,39,34,15,11,26,5,97,16,16,42,13,6,13,16,3,10,29,2. Bundesliga
Darmstadt 98,1y7e48j8swyafegsucvewse5a,anjuea8h25j0gi522nt0l774l,C. Lannert,Christopher Lannert,28,Defender,Germany,Defender,64.0,50.0,8.0,114.0,4.0,1.0,4.0,1.0,3.0,1.0,3.0,3.0,24.0,11.0,0.0,7.0,440.0,0.0,3.0,5.0,1.0,8.0,0.0,0.0,0.0,0.0,79.72,50.0,0.0,33.33,0.0,57.14,50.0,57.14,0.2218758790986406,0.0853321713077314,4.0,3.0,0.05678072,3.0,6.0,10.0,0.29664244,44.0,13.09090909090909,10.227272727272728,1.6363636363636362,23.318181818181817,0.8181818181818181,0.2045454545454545,0.8181818181818181,0.2045454545454545,0.6136363636363635,0.2045454545454545,0.6136363636363635,0.6136363636363635,4.909090909090908,2.25,0.0,1.4318181818181817,0.0,0.6136363636363635,1.0227272727272727,0.2045454545454545,1.6363636363636362,0.0,0.0,0.0,0.0,79.72,50.0,0.0,33.33,0.0,57.14,50.0,57.14,0.0453837025429037,0.0174543077674905,0.8181818181818181,0.6136363636363635,0.0116142381818181,0.6136363636363635,1.227272727272727,2.0454545454545454,0.0606768627272727,9.0,RB/RCB,60,33,62,55,52,19,62,36,74,57,31,29,71,48,40,83,21,29,76,36,69,26,40,40,52,57,69,26,38,21,76,62,36,43,33,86,48,38,50,19,24,29,43,48,10,43,29,43,10,57,29,71,57,29,29,62,33,40,81,21,33,62,33,67,26,40,40,52,57,69,26,38,21,76,62,36,33,24,86,48,43,43,10,19,19,10,2. Bundesliga
Darmstadt 98,1y7e48j8swyafegsucvewse5a,c6ufljjgl050g9xn7e9ma7hg4,M. Smit,Milan Smit,23,Attacker,Netherlands,Striker,28.0,25.0,0.0,53.0,6.0,3.0,8.0,8.0,0.0,1.0,2.0,3.0,15.0,6.0,1.0,0.0,349.0,4.0,14.0,6.0,2.0,0.0,0.0,0.0,0.0,0.0,77.94,0.0,0.0,100.0,50.0,34.88,28.57,0.0,0.815876140602086,0.2303431081342903,1.0,4.0,0.09096348,3.0,2.0,3.0,0.12535459,17.0,7.220630372492836,6.446991404011461,0.0,13.667621776504298,1.5472779369627507,0.7736389684813754,2.0630372492836675,2.0630372492836675,0.0,0.2578796561604584,0.5157593123209169,0.7736389684813754,3.8681948424068766,1.5472779369627507,0.2578796561604584,0.0,1.0315186246418335,3.610315186246418,1.5472779369627507,0.5157593123209169,0.0,0.0,0.0,0.0,0.0,77.94,0.0,0.0,100.0,50.0,34.88,28.57,0.0,0.2103978586079878,0.059400801524602,0.2578796561604584,1.0315186246418335,0.0234576309455587,0.7736389684813754,0.5157593123209169,0.7736389684813754,0.0323263985673352,4.383954154727793,ST,81,26,17,59,69,28,28,57,7,21,14,26,40,88,34,33,52,36,84,29,9,34,29,52,52,79,17,34,95,76,12,26,9,45,28,24,55,45,74,28,33,31,43,86,24,17,45,55,17,34,48,7,17,14,21,31,93,31,33,41,28,90,28,9,34,29,52,52,79,17,34,95,76,12,26,9,41,28,17,55,45,72,21,28,28,28,2. Bundesliga
Darmstadt 98,1y7e48j8swyafegsucvewse5a,ccmmsnrfn58gwi1petlp08f3e,L. Duijvestijn,Lance Duijvestijn,27,Midfielder,Netherlands,Midfielder,29.0,77.0,2.0,97.0,1.0,8.0,5.0,4.0,1.0,2.0,4.0,4.0,16.0,2.0,0.0,3.0,390.0,0.0,8.0,4.0,1.0,3.0,9.0,1.0,0.0,0.0,72.93,50.0,37.5,25.0,0.0,50.0,50.0,30.0,0.3676790200485628,0.9359959123778552,1.0,6.0,0.20121431,1.0,10.0,9.0,0.4911021099999998,53.0,6.6923076923076925,17.76923076923077,0.4615384615384615,22.384615384615387,0.2307692307692307,1.8461538461538465,1.153846153846154,0.9230769230769232,0.2307692307692307,0.4615384615384615,0.9230769230769232,0.9230769230769232,3.692307692307693,0.4615384615384615,0.0,0.6923076923076924,0.0,1.8461538461538465,0.9230769230769232,0.2307692307692307,0.6923076923076924,2.076923076923077,0.2307692307692307,0.0,0.0,72.93,50.0,37.5,25.0,0.0,50.0,50.0,30.0,0.0848490046265914,0.215999056702582,0.2307692307692307,1.3846153846153848,0.0464340715384615,0.2307692307692307,2.307692307692308,2.076923076923077,0.1133312561538461,12.230769230769232,CM/AM,57,65,26,61,54,87,35,74,9,48,28,26,67,52,37,63,13,54,41,20,70,100,72,52,50,17,43,80,15,13,65,85,22,35,87,13,26,52,15,37,26,61,61,39,39,17,30,57,74,26,70,9,35,17,13,39,39,37,48,13,43,30,4,52,100,65,52,50,17,43,80,15,13,65,85,22,22,83,9,17,39,13,26,13,52,39,2. Bundesliga
Darmstadt 98,1y7e48j8swyafegsucvewse5a,dhbt80hxmsucww2l2zs5efzrp,A. Vukotić,Aleksandar Vukotic,31,Defender,Serbia,Defender,76.0,37.0,6.0,113.0,7.0,1.0,2.0,2.0,0.0,1.0,0.0,0.0,10.0,18.0,1.0,1.0,200.0,1.0,7.0,1.0,0.0,0.0,0.0,0.0,0.0,0.0,80.71,26.09,0.0,0.0,50.0,66.67,70.0,0.0,0.2416440466949296,0.0050788324360538,0.0,2.0,0.03608883,0.0,1.0,4.0,0.1646600599999999,65.0,34.2,16.65,2.7,50.85,3.15,0.4499999999999999,0.8999999999999999,0.8999999999999999,0.0,0.4499999999999999,0.0,0.0,4.5,8.1,0.4499999999999999,0.4499999999999999,0.4499999999999999,3.15,0.4499999999999999,0.0,0.0,0.0,0.0,0.0,0.0,80.71,26.09,0.0,0.0,50.0,66.67,70.0,0.0,0.1087398210127183,0.0022854745962242,0.0,0.8999999999999999,0.0162399735,0.0,0.4499999999999999,1.7999999999999998,0.0740970269999999,29.25,CB,15,12,26,12,42,38,39,55,30,74,20,20,6,39,92,6,61,79,20,30,3,42,44,45,52,18,6,42,30,80,97,86,3,45,27,32,42,42,24,3,6,6,15,70,67,55,70,85,61,70,82,30,97,20,20,55,88,100,12,94,97,36,30,3,42,44,45,52,18,6,42,30,80,97,86,3,76,27,32,67,58,24,3,15,30,55,2. Bundesliga
Darmstadt 98,1y7e48j8swyafegsucvewse5a,dhx7h06arq0q6vp9ja9vs1wwl,R. Petretta,Raoul Petretta,29,Defender,Italy,Defender,40.0,24.0,2.0,61.0,5.0,1.0,0.0,0.0,0.0,0.0,3.0,3.0,14.0,10.0,0.0,6.0,250.0,0.0,1.0,4.0,1.0,1.0,3.0,0.0,0.0,0.0,75.31,28.57,37.5,33.33,0.0,50.0,55.56,25.0,0.0,0.137780100869584,0.0,1.0,0.0174506,0.0,8.0,6.0,0.2470894099999999,28.0,14.4,8.64,0.72,21.96,1.8,0.36,0.0,0.0,0.0,0.0,1.08,1.08,5.04,3.6,0.0,2.16,0.0,0.36,1.44,0.36,0.36,1.08,0.0,0.0,0.0,75.31,28.57,37.5,33.33,0.0,50.0,55.56,25.0,0.0,0.0496008363130502,0.0,0.36,0.006282216,0.0,2.88,2.16,0.0889521875999999,10.08,CB,3,6,3,3,24,38,6,9,30,30,83,79,33,12,42,58,21,11,68,68,8,92,44,45,52,9,15,91,62,21,32,42,8,6,61,32,29,30,24,27,9,24,3,9,15,3,3,48,48,6,9,30,30,94,94,64,18,42,91,21,15,94,76,6,94,44,45,52,9,15,91,62,21,32,42,8,6,79,32,33,36,24,45,18,61,3,2. Bundesliga
Darmstadt 98,1y7e48j8swyafegsucvewse5a,f1ta475tq6ie1xbx8jrzau9d5,P. Pfeiffer,Patric Pfeiffer,27,Defender,Ghana,Defender,136.0,53.0,17.0,189.0,16.0,1.0,7.0,6.0,1.0,0.0,1.0,1.0,25.0,44.0,0.0,8.0,450.0,2.0,9.0,6.0,0.0,2.0,0.0,0.0,1.0,0.0,77.46,32.08,0.0,0.0,28.57,62.5,66.67,66.67,0.8836335287485835,0.0,1.0,0.0,0.0,0.0,11.0,8.0,0.2243497499999999,113.0,27.2,10.6,3.4,37.8,3.2,0.2,1.4,1.2,0.2,0.0,0.2,0.2,5.0,8.8,0.0,1.6,0.4,1.8,1.2,0.0,0.4,0.0,0.0,0.2,0.0,77.46,32.08,0.0,0.0,28.57,62.5,66.67,66.67,0.1767267057497167,0.0,0.2,0.0,0.0,0.0,2.2,1.6,0.0448699499999999,22.6,CB,70,36,89,55,88,38,97,97,76,30,50,48,76,97,42,80,89,89,86,30,23,42,44,95,52,12,24,42,30,52,79,82,58,97,14,74,11,11,24,38,18,15,48,42,21,74,30,88,24,97,94,67,30,44,44,61,94,42,67,80,83,76,30,15,42,44,92,52,12,24,42,30,52,79,82,58,97,14,67,11,11,24,27,11,12,33,2. Bundesliga
Greuther Fürth,9dlxuym0eab00j9ggrdr87soj,1atq3p7zxyrldwfy8zt2g6jxm,K. Keresztes,Krisztián Keresztes,26,Defender,Hungary,Defender,123.0,61.0,13.0,184.0,8.0,1.0,1.0,0.0,1.0,0.0,1.0,1.0,12.0,31.0,0.0,11.0,411.0,1.0,3.0,0.0,0.0,3.0,0.0,0.0,0.0,0.0,84.02,40.62,0.0,0.0,100.0,48.0,61.54,75.0,0.0377113058842071,0.0,1.0,1.0,0.01870347,0.0,20.0,23.0,0.3775280199999999,104.0,26.934306569343068,13.357664233576642,2.8467153284671536,40.29197080291971,1.7518248175182485,0.218978102189781,0.218978102189781,0.0,0.218978102189781,0.0,0.218978102189781,0.218978102189781,2.6277372262773726,6.788321167883212,0.0,2.408759124087591,0.218978102189781,0.6569343065693432,0.0,0.0,0.6569343065693432,0.0,0.0,0.0,0.0,84.02,40.62,0.0,0.0,100.0,48.0,61.54,75.0,0.0082579501936219,0.0,0.218978102189781,0.218978102189781,0.0040956503649635,0.0,4.37956204379562,5.036496350364963,0.0826703693430656,22.77372262773723,CB,53,42,59,52,55,38,20,9,76,30,50,48,15,74,42,95,61,38,8,30,44,42,44,45,52,33,33,42,30,100,21,67,71,12,14,74,29,33,24,77,88,55,39,39,39,58,36,45,36,21,9,85,30,52,52,3,79,42,94,58,33,8,30,39,42,44,45,52,33,33,42,30,100,21,67,71,12,14,79,27,30,24,76,79,48,36,2. Bundesliga
Greuther Fürth,9dlxuym0eab00j9ggrdr87soj,1ovauk85z1csu04oc4nlyu31l,J. Heuer,Jannis Heuer,27,Defender,Germany,Defender,167.0,73.0,16.0,240.0,11.0,1.0,5.0,2.0,3.0,1.0,0.0,0.0,21.0,28.0,0.0,9.0,450.0,4.0,5.0,3.0,0.0,5.0,0.0,0.0,1.0,0.0,89.89,66.67,0.0,0.0,80.0,61.76,57.89,71.43,0.3671664799023941,0.0908401004349109,3.0,9.0,0.17232491,2.0,18.0,18.0,0.4943426499999999,153.0,33.4,14.6,3.2,48.0,2.2,0.2,1.0,0.4,0.6,0.2,0.0,0.0,4.2,5.6,0.0,1.8,0.8,1.0,0.6,0.0,1.0,0.0,0.0,0.2,0.0,89.89,66.67,0.0,0.0,80.0,61.76,57.89,71.43,0.0734332959804788,0.0181680200869821,0.6,1.8,0.034464982,0.4,3.6,3.6,0.0988685299999999,30.6,CB,82,61,79,82,67,38,86,55,100,74,20,20,56,62,42,88,100,61,53,30,76,42,44,95,52,80,94,42,30,97,73,58,67,70,45,100,91,88,79,73,71,79,85,67,45,70,61,58,24,76,42,100,64,20,20,39,58,42,79,100,55,45,30,68,42,44,92,52,80,94,42,30,97,73,58,67,61,42,100,91,88,70,58,62,73,67,2. Bundesliga
Greuther Fürth,9dlxuym0eab00j9ggrdr87soj,4vy25qkyfhxkxf3rbdafrdn9,J. Dehm,Jannik Dehm,30,Defender,Germany,Defender,43.0,66.0,10.0,108.0,2.0,4.0,8.0,2.0,6.0,2.0,3.0,4.0,11.0,8.0,0.0,1.0,325.0,1.0,4.0,2.0,3.0,1.0,1.0,1.0,0.0,0.0,85.71,58.82,9.09,100.0,12.5,55.0,40.0,25.0,0.3897207997186388,0.3252938803484642,7.0,2.0,0.04024053,5.0,12.0,17.0,0.5302657900000001,70.0,11.907692307692308,18.27692307692308,2.769230769230769,29.907692307692308,0.5538461538461539,1.1076923076923078,2.2153846153846155,0.5538461538461539,1.6615384615384614,0.5538461538461539,0.8307692307692307,1.1076923076923078,3.046153846153846,2.2153846153846155,0.0,0.2769230769230769,0.2769230769230769,1.1076923076923078,0.5538461538461539,0.8307692307692307,0.2769230769230769,0.2769230769230769,0.2769230769230769,0.0,0.0,85.71,58.82,9.09,100.0,12.5,55.0,40.0,25.0,0.1079226829990076,0.0900813822503439,1.9384615384615385,0.5538461538461539,0.0111435313846153,1.3846153846153846,3.323076923076923,4.707692307692308,0.1468428341538461,19.384615384615383,RB/RCB,31,67,83,48,24,79,95,62,98,79,31,45,19,36,40,17,60,43,29,79,10,57,88,40,52,86,90,52,98,43,71,45,10,62,67,100,26,24,86,48,57,71,57,43,76,95,57,24,76,95,67,95,86,33,52,10,29,40,10,67,43,38,76,10,57,95,40,52,86,90,52,98,43,71,45,10,90,67,100,33,33,86,62,86,71,71,2. Bundesliga
Greuther Fürth,9dlxuym0eab00j9ggrdr87soj,5s3o96wdlqzi15p0xhtfgsbf9,D. Srbeny,Dennis Srbeny,32,Attacker,Germany,Striker,14.0,48.0,7.0,62.0,5.0,8.0,3.0,2.0,1.0,0.0,4.0,4.0,12.0,0.0,0.0,1.0,319.0,1.0,11.0,1.0,2.0,2.0,0.0,2.0,0.0,0.0,71.26,77.78,0.0,50.0,33.33,42.86,45.45,50.0,0.3113570081806436,0.6223280442057568,0.0,1.0,0.02401521,0.0,9.0,13.0,0.29281406,42.0,3.949843260188088,13.542319749216302,1.974921630094044,17.49216300940439,1.4106583072100314,2.2570532915360504,0.8463949843260189,0.5642633228840126,0.2821316614420063,0.0,1.1285266457680252,1.1285266457680252,3.385579937304076,0.0,0.0,0.2821316614420063,0.2821316614420063,3.103448275862069,0.2821316614420063,0.5642633228840126,0.5642633228840126,0.0,0.5642633228840126,0.0,0.0,71.26,77.78,0.0,50.0,33.33,42.86,45.45,50.0,0.0878436700196173,0.1755784450737245,0.0,0.2821316614420063,0.0067754510971786,0.0,2.539184952978057,3.6677115987460818,0.0826121172413793,11.849529780564264,ST,28,72,98,64,59,83,7,9,31,5,41,38,22,3,9,71,10,19,9,29,64,34,91,52,52,48,79,34,50,33,53,66,52,7,79,7,16,17,14,91,93,66,97,28,86,100,83,52,90,3,7,28,5,34,34,17,3,9,69,10,17,3,31,69,34,97,52,52,48,79,34,50,33,53,66,52,3,83,7,14,17,14,93,93,69,100,2. Bundesliga
Greuther Fürth,9dlxuym0eab00j9ggrdr87soj,b8tpqxd3npru6an744rz7scfd,S. Appelkamp,Shinta Appelkamp,25,Midfielder,Germany,Midfielder,27.0,49.0,8.0,75.0,0.0,5.0,4.0,2.0,2.0,2.0,5.0,5.0,12.0,2.0,0.0,2.0,260.0,0.0,7.0,6.0,3.0,3.0,1.0,0.0,0.0,0.0,85.23,80.0,14.29,60.0,0.0,66.67,0.0,100.0,0.2501849130040809,0.2940666052204998,1.0,2.0,0.04013334,0.0,9.0,9.0,0.1854382599999999,45.0,9.346153846153848,16.961538461538463,2.769230769230769,25.961538461538463,0.0,1.7307692307692308,1.3846153846153846,0.6923076923076923,0.6923076923076923,0.6923076923076923,1.7307692307692308,1.7307692307692308,4.153846153846154,0.6923076923076923,0.0,0.6923076923076923,0.0,2.423076923076923,2.076923076923077,1.0384615384615383,1.0384615384615383,0.3461538461538461,0.0,0.0,0.0,85.23,80.0,14.29,60.0,0.0,66.67,0.0,100.0,0.086602469886028,0.1017922864224807,0.3461538461538461,0.6923076923076923,0.01389231,0.0,3.1153846153846154,3.1153846153846154,0.0641901669230769,15.576923076923077,CM/AM,50,35,78,35,24,48,20,37,22,48,43,41,33,52,37,41,13,46,65,50,70,46,28,52,50,91,80,46,74,13,100,24,91,17,30,13,4,4,7,28,26,17,50,52,26,87,48,24,65,35,52,26,65,50,43,57,61,37,43,13,57,78,57,78,52,28,52,50,91,80,46,74,13,100,24,91,26,43,17,4,4,7,35,26,17,57,2. Bundesliga
Greuther Fürth,9dlxuym0eab00j9ggrdr87soj,b980cevn0v0wifqmw53leqytx,F. Klaus,Felix Klaus,34,Midfielder,Germany,Midfielder,33.0,84.0,4.0,116.0,3.0,9.0,22.0,16.0,6.0,4.0,9.0,9.0,22.0,0.0,5.0,0.0,436.0,15.0,35.0,12.0,5.0,1.0,1.0,0.0,0.0,0.0,76.32,50.0,6.25,55.56,68.18,44.0,25.0,50.0,2.058649501279412,0.5724309722028558,7.0,13.0,0.35199968,8.0,7.0,10.0,0.38060518,43.0,6.811926605504588,17.339449541284406,0.8256880733944955,23.94495412844037,0.6192660550458716,1.8577981651376148,4.541284403669725,3.302752293577982,1.2385321100917432,0.8256880733944955,1.8577981651376148,1.8577981651376148,4.541284403669725,0.0,1.0321100917431194,0.0,3.096330275229358,7.224770642201835,2.4770642201834865,1.0321100917431194,0.2064220183486238,0.2064220183486238,0.0,0.0,0.0,76.32,50.0,6.25,55.56,68.18,44.0,25.0,50.0,0.4249505851264842,0.1181623566473785,1.444954128440367,2.6834862385321103,0.0726604844036697,1.651376146788991,1.444954128440367,2.064220183486239,0.0785652894495412,8.876146788990827,RM/RCM,33,67,33,67,100,67,100,100,100,100,33,33,67,33,100,33,100,100,100,50,50,50,50,67,67,67,67,33,67,100,100,100,100,100,67,100,67,67,67,33,33,67,33,33,67,33,67,100,67,100,100,100,100,33,33,67,33,100,33,100,100,100,33,33,33,50,67,67,67,67,33,67,100,100,100,100,100,67,100,67,67,67,33,33,67,33,2. Bundesliga
Greuther Fürth,9dlxuym0eab00j9ggrdr87soj,cjks4v7acb94q4v0idm0colwp,L. Itter,Luca Itter,27,Defender,Germany,Defender,57.0,95.0,6.0,149.0,3.0,6.0,4.0,0.0,4.0,1.0,7.0,7.0,27.0,11.0,0.0,3.0,450.0,1.0,4.0,2.0,4.0,12.0,3.0,0.0,0.0,0.0,76.8,33.33,10.0,57.14,25.0,61.36,33.33,66.67,0.203278334840505,0.5202627192361476,1.0,11.0,0.35892528,3.0,19.0,20.0,0.7465405900000001,83.0,11.4,19.0,1.2,29.8,0.6,1.2,0.8,0.0,0.8,0.2,1.4,1.4,5.4,2.2,0.0,0.6,0.2,0.8,0.4,0.8,2.4,0.6,0.0,0.0,0.0,76.8,33.33,10.0,57.14,25.0,61.36,33.33,66.67,0.040655666968101,0.1040525438472295,0.2,2.2,0.071785056,0.6,3.8,4.0,0.149308118,16.6,LB/LCB,30,82,38,55,40,82,75,18,88,75,88,88,90,40,48,38,62,52,32,85,98,62,35,48,52,15,32,35,70,60,70,15,70,55,80,62,100,100,68,80,72,75,60,25,60,20,35,30,65,65,18,85,65,80,75,85,40,48,35,55,42,28,72,98,60,35,48,52,15,32,35,70,60,70,15,70,45,60,48,90,100,45,70,60,65,45,2. Bundesliga
Greuther Fürth,9dlxuym0eab00j9ggrdr87soj,ex8oxu32lq96cd8waf33qeu50,S. Bansé,Sacha Bansé,25,Midfielder,Burkina Faso,Midfielder,60.0,57.0,2.0,116.0,2.0,2.0,6.0,4.0,2.0,4.0,7.0,9.0,17.0,7.0,0.0,3.0,373.0,0.0,7.0,1.0,1.0,6.0,1.0,0.0,0.0,0.0,84.67,40.0,50.0,14.29,0.0,35.42,20.0,46.15,0.4308972732504511,0.1777941263449171,3.0,2.0,0.0703287,3.0,8.0,7.0,0.39824989,59.0,14.477211796246648,13.753351206434315,0.4825737265415549,27.989276139410187,0.4825737265415549,0.4825737265415549,1.4477211796246647,0.9651474530831098,0.4825737265415549,0.9651474530831098,1.6890080428954422,2.171581769436997,4.101876675603217,1.6890080428954422,0.0,0.7238605898123324,0.0,1.6890080428954422,0.2412868632707774,0.2412868632707774,1.4477211796246647,0.2412868632707774,0.0,0.0,0.0,84.67,40.0,50.0,14.29,0.0,35.42,20.0,46.15,0.1039698514545324,0.0428993870537333,0.7238605898123324,0.4825737265415549,0.0169693914209115,0.7238605898123324,1.93029490616622,1.6890080428954422,0.0960924667560321,14.23592493297587,DM/CM,15,24,6,13,21,27,63,76,48,97,84,92,32,39,31,19,11,58,8,39,66,74,35,52,52,52,31,87,29,11,6,19,26,55,35,82,23,32,69,11,10,52,19,19,23,3,16,19,32,65,81,55,97,87,90,32,35,31,13,11,71,6,42,71,77,35,52,52,52,31,87,29,11,6,19,26,58,32,84,26,29,77,3,6,65,16,2. Bundesliga
Greuther Fürth,9dlxuym0eab00j9ggrdr87soj,vgvhxmqjvf4g34bd2ebja44q,O. Pohlmann,Ole Pohlmann,25,Midfielder,Germany,Midfielder,40.0,81.0,5.0,120.0,5.0,4.0,8.0,7.0,1.0,1.0,9.0,9.0,22.0,4.0,1.0,0.0,417.0,4.0,18.0,6.0,3.0,6.0,1.0,0.0,0.0,0.0,91.6,83.33,7.69,33.33,50.0,48.89,55.56,75.0,0.6908792327722472,0.3040507562951122,3.0,11.0,0.25254605,2.0,6.0,10.0,0.40073425,42.0,8.633093525179856,17.48201438848921,1.079136690647482,25.899280575539567,1.079136690647482,0.8633093525179856,1.7266187050359711,1.5107913669064748,0.2158273381294964,0.2158273381294964,1.9424460431654675,1.9424460431654675,4.748201438848921,0.8633093525179856,0.2158273381294964,0.0,0.8633093525179856,3.884892086330935,1.2949640287769784,0.6474820143884892,1.2949640287769784,0.2158273381294964,0.0,0.0,0.0,91.6,83.33,7.69,33.33,50.0,48.89,55.56,75.0,0.1491106257781828,0.0656224653874342,0.6474820143884892,2.3741007194244603,0.0545063417266187,0.4316546762589928,1.2949640287769784,2.158273381294964,0.0864894064748201,9.064748201438848,LM/LCM,40,70,60,50,70,40,60,80,35,50,50,50,60,60,55,15,60,60,60,40,95,40,35,55,55,90,90,30,40,80,60,90,75,50,40,50,55,50,15,40,25,30,40,40,50,50,50,60,30,50,80,20,50,50,40,50,50,50,15,60,60,60,40,80,30,35,55,55,90,90,30,40,80,60,90,75,50,30,50,40,40,10,40,10,10,20,2. Bundesliga
Greuther Fürth,9dlxuym0eab00j9ggrdr87soj,xftmvkjliz16tsy1n8v7tqzt,P. Will,Paul Will,27,Midfielder,Germany,Midfielder,98.0,98.0,9.0,193.0,4.0,8.0,2.0,1.0,1.0,1.0,3.0,3.0,22.0,12.0,0.0,6.0,450.0,0.0,2.0,5.0,2.0,3.0,3.0,0.0,0.0,0.0,86.55,45.0,75.0,66.67,0.0,64.71,50.0,27.27,0.136963942226392,0.4281161875281098,1.0,4.0,0.09261582,3.0,26.0,22.0,0.4009637799999999,113.0,19.6,19.6,1.8,38.6,0.8,1.6,0.4,0.2,0.2,0.2,0.6,0.6,4.4,2.4,0.0,1.2,0.0,0.4,1.0,0.4,0.6,0.6,0.0,0.0,0.0,86.55,45.0,75.0,66.67,0.0,64.71,50.0,27.27,0.0273927884452784,0.0856232375056219,0.2,0.8,0.018523164,0.6,5.2,4.4,0.0801927559999999,22.6,DM/CM,77,77,53,71,45,90,15,19,24,45,44,40,52,69,31,74,11,8,55,61,26,92,35,52,52,71,42,97,87,11,97,42,6,13,84,34,44,52,69,82,77,55,79,52,68,48,52,37,89,13,11,15,39,35,26,42,65,31,61,11,6,42,53,19,92,35,52,52,71,42,97,87,11,97,42,6,10,74,23,32,32,63,81,77,39,65,2. Bundesliga
Bochum,eq1oq6y61xnzq88zu0cnw131z,13c9mrscf8azyd4h33jlyt7qi,M. Steinwender,Michael Steinwender,26,Defender,Austria,Defender,231.0,115.0,15.0,346.0,13.0,0.0,1.0,1.0,0.0,0.0,1.0,1.0,20.0,23.0,0.0,3.0,450.0,0.0,1.0,2.0,0.0,4.0,0.0,0.0,0.0,0.0,90.34,42.86,0.0,0.0,0.0,60.61,59.09,80.0,0.0894384670629042,0.0,0.0,0.0,0.0,0.0,14.0,15.0,0.4258022700000001,192.0,46.2,23.0,3.0,69.2,2.6,0.0,0.2,0.2,0.0,0.0,0.2,0.2,4.0,4.6,0.0,0.6,0.0,0.2,0.4,0.0,0.8,0.0,0.0,0.0,0.0,90.34,42.86,0.0,0.0,0.0,60.61,59.09,80.0,0.0178876934125808,0.0,0.0,0.0,0.0,0.0,2.8,3.0,0.085160454,38.4,CB,100,97,71,100,79,11,20,24,30,30,50,48,52,52,42,20,21,11,35,30,62,42,44,45,52,85,45,42,30,21,61,61,83,24,14,32,11,11,24,53,56,70,97,100,94,62,97,64,11,12,18,30,30,44,44,33,42,42,15,21,6,27,30,50,42,44,45,52,85,45,42,30,21,61,61,83,24,14,32,11,11,24,39,41,52,94,2. Bundesliga
Bochum,eq1oq6y61xnzq88zu0cnw131z,3nins3wtqjz9vt8q06s087vth,G. Holtmann,Gerrit Holtmann,31,Attacker,Philippines,Striker,19.0,51.0,1.0,66.0,3.0,3.0,6.0,6.0,0.0,3.0,6.0,6.0,9.0,1.0,0.0,2.0,259.0,1.0,18.0,2.0,2.0,2.0,4.0,0.0,0.0,0.0,76.74,50.0,23.53,33.33,16.67,36.0,37.5,100.0,0.5105663685059016,0.3254225555092415,3.0,16.0,0.48465829,7.0,5.0,6.0,0.3719934999999998,26.0,6.602316602316602,17.72200772200772,0.3474903474903475,22.93436293436293,1.0424710424710424,1.0424710424710424,2.0849420849420848,2.0849420849420848,0.0,1.0424710424710424,2.0849420849420848,2.0849420849420848,3.1274131274131274,0.3474903474903475,0.0,0.694980694980695,0.3474903474903475,6.254826254826255,0.694980694980695,0.694980694980695,0.694980694980695,1.38996138996139,0.0,0.0,0.0,76.74,50.0,23.53,33.33,16.67,36.0,37.5,100.0,0.1774168848090005,0.1130811968951032,1.0424710424710424,5.55984555984556,0.1684140776061776,2.4324324324324325,1.7374517374517375,2.0849420849420848,0.1292641505791505,9.034749034749035,LW,25,50,12,50,56,25,44,69,25,94,25,25,19,19,31,62,44,75,12,25,31,75,19,50,56,38,44,75,25,44,38,38,88,50,38,50,50,62,75,50,38,38,38,38,88,12,50,88,38,75,88,25,100,25,25,25,25,31,88,50,100,25,25,50,88,19,50,56,38,44,75,25,44,38,38,88,62,50,88,100,100,100,62,50,50,62,2. Bundesliga
Bochum,eq1oq6y61xnzq88zu0cnw131z,5gyjq8tsjxk396qt4hqlwn3dh,M. Wittek,Maximilian Wittek,31,Defender,Germany,Defender,99.0,127.0,8.0,211.0,5.0,15.0,6.0,1.0,5.0,3.0,6.0,6.0,21.0,10.0,0.0,7.0,438.0,1.0,1.0,11.0,3.0,2.0,15.0,1.0,0.0,0.0,79.62,25.81,42.86,50.0,16.67,55.26,71.43,50.0,0.2478913281825651,1.9993585985475928,3.0,2.0,0.03740694,6.0,29.0,29.0,1.36735053,128.0,20.34246575342466,26.095890410958905,1.6438356164383563,43.35616438356165,1.0273972602739727,3.082191780821918,1.2328767123287672,0.2054794520547945,1.0273972602739727,0.6164383561643836,1.2328767123287672,1.2328767123287672,4.315068493150685,2.054794520547945,0.0,1.4383561643835618,0.2054794520547945,0.2054794520547945,2.26027397260274,0.6164383561643836,0.4109589041095891,3.082191780821918,0.2054794520547945,0.0,0.0,79.62,25.81,42.86,50.0,16.67,55.26,71.43,50.0,0.0509365742840887,0.4108271092906013,0.6164383561643836,0.4109589041095891,0.0076863575342465,1.2328767123287672,5.958904109589041,5.958904109589041,0.2809624376712329,26.3013698630137,LB/LCB,65,100,62,80,57,100,88,45,95,95,80,78,82,35,48,90,62,10,100,62,30,100,85,48,52,30,5,80,60,45,50,90,38,70,100,92,22,25,92,95,98,100,85,50,95,40,70,55,100,80,45,90,95,70,60,50,35,48,75,70,10,100,65,20,100,75,48,52,30,5,80,60,45,50,90,38,60,100,90,25,25,90,90,90,100,80,2. Bundesliga
Bochum,eq1oq6y61xnzq88zu0cnw131z,5tsrmx2p5f3mrpwt8gpx4x979,K. Miyoshi,Koji Miyoshi,29,Midfielder,Japan,Midfielder,43.0,68.0,5.0,110.0,1.0,7.0,14.0,10.0,4.0,3.0,13.0,13.0,16.0,2.0,2.0,3.0,425.0,7.0,17.0,5.0,5.0,2.0,1.0,1.0,0.0,0.0,73.83,41.67,16.67,38.46,50.0,34.04,12.5,40.0,1.7050540516426476,0.4842401708912669,5.0,7.0,0.25617106,3.0,11.0,15.0,0.3586621899999999,55.0,9.105882352941176,14.4,1.0588235294117647,23.294117647058822,0.2117647058823529,1.4823529411764709,2.9647058823529413,2.117647058823529,0.8470588235294118,0.6352941176470588,2.752941176470588,2.752941176470588,3.388235294117647,0.4235294117647059,0.4235294117647059,0.6352941176470588,1.4823529411764709,3.6,1.0588235294117647,1.0588235294117647,0.4235294117647059,0.2117647058823529,0.2117647058823529,0.0,0.0,73.83,41.67,16.67,38.46,50.0,34.04,12.5,40.0,0.3610702697596195,0.1025449773652094,1.0588235294117647,1.4823529411764709,0.0542479891764705,0.6352941176470588,2.3294117647058825,3.176470588235294,0.0759519931764705,11.647058823529411,RM/RCM,100,33,67,33,67,33,67,67,50,67,67,67,33,100,67,100,67,67,33,50,100,50,100,67,67,33,33,67,33,50,33,67,67,67,33,67,33,33,33,67,67,33,67,100,33,67,33,67,33,67,67,33,67,67,67,33,100,67,100,67,67,33,67,100,67,100,67,67,33,33,67,33,50,33,67,67,67,33,67,33,33,33,67,67,33,67,2. Bundesliga
Bochum,eq1oq6y61xnzq88zu0cnw131z,6m5ftd7c68b2d4d2931xs5srt,O. Olsen,Oliver Olsen,26,Defender,Denmark,Defender,64.0,43.0,6.0,107.0,5.0,1.0,0.0,0.0,0.0,0.0,4.0,4.0,15.0,12.0,0.0,9.0,285.0,0.0,0.0,4.0,2.0,3.0,0.0,0.0,0.0,0.0,77.54,40.0,0.0,50.0,0.0,41.67,62.5,75.0,0.0,0.0596592350543667,0.0,1.0,0.02385149,0.0,7.0,6.0,0.12991245,40.0,20.21052631578948,13.578947368421051,1.8947368421052635,33.78947368421053,1.5789473684210529,0.3157894736842105,0.0,0.0,0.0,0.0,1.2631578947368425,1.2631578947368425,4.736842105263158,3.789473684210527,0.0,2.8421052631578947,0.0,0.0,1.2631578947368425,0.6315789473684211,0.9473684210526316,0.0,0.0,0.0,0.0,77.54,40.0,0.0,50.0,0.0,41.67,62.5,75.0,0.0,0.018839758438221,0.0,0.3157894736842105,0.0075320494736842,0.0,2.210526315789474,1.8947368421052635,0.0410249842105263,12.63157894736842,RB/RCB,60,29,33,43,64,19,5,12,17,24,50,45,43,55,40,100,21,5,64,57,33,26,40,40,52,38,33,26,67,21,24,86,55,5,14,17,10,14,5,24,12,10,33,76,48,62,67,76,29,5,12,17,24,67,67,52,67,40,100,21,5,67,57,52,26,40,40,52,38,33,26,67,21,24,86,55,5,33,17,10,10,5,29,14,10,38,2. Bundesliga
Bochum,eq1oq6y61xnzq88zu0cnw131z,7tjguurexixlasgd9vi47auzu,B. Taz,Berkan Taz,27,Midfielder,Germany,Midfielder,22.0,44.0,1.0,62.0,0.0,7.0,5.0,2.0,3.0,3.0,6.0,6.0,3.0,0.0,0.0,1.0,206.0,0.0,7.0,1.0,1.0,1.0,4.0,0.0,0.0,0.0,80.52,25.0,23.53,16.67,0.0,25.0,0.0,100.0,0.377758790165788,0.7630680672878063,2.0,8.0,0.2278540499999999,2.0,15.0,12.0,0.7149038099999998,37.0,9.611650485436892,19.223300970873787,0.4368932038834952,27.087378640776706,0.0,3.058252427184466,2.184466019417476,0.8737864077669903,1.3106796116504855,1.3106796116504855,2.621359223300971,2.621359223300971,1.3106796116504855,0.0,0.0,0.4368932038834952,0.0,3.058252427184466,0.4368932038834952,0.4368932038834952,0.4368932038834952,1.7475728155339807,0.0,0.0,0.0,80.52,25.0,23.53,16.67,0.0,25.0,0.0,100.0,0.1650402481306841,0.3333792526985561,0.8737864077669903,3.4951456310679614,0.09954788592233,0.8737864077669903,6.553398058252427,5.242718446601942,0.3123366160194174,16.16504854368932,CM/AM,30,26,13,26,24,80,35,37,39,76,50,48,4,13,37,24,13,46,9,20,28,74,28,52,50,52,20,57,4,13,4,24,91,39,83,28,63,61,28,70,50,78,39,57,52,13,52,24,96,70,65,70,83,78,78,4,13,37,22,13,74,13,33,35,93,28,52,50,52,20,57,4,13,4,24,91,70,96,52,78,91,37,96,74,100,65,2. Bundesliga
Bochum,eq1oq6y61xnzq88zu0cnw131z,80i3boeh7f1ghu4ka7r66izje,C. Rasmussen,Christian Rasmussen,23,Attacker,Denmark,Striker,16.0,40.0,2.0,51.0,3.0,4.0,7.0,4.0,3.0,3.0,13.0,15.0,14.0,1.0,0.0,1.0,223.0,1.0,13.0,4.0,5.0,2.0,5.0,0.0,0.0,0.0,86.44,100.0,29.41,38.46,14.29,41.18,60.0,100.0,0.4292918047278755,0.492954255904548,7.0,7.0,0.21557147,6.0,3.0,8.0,0.95530435,21.0,6.457399103139013,16.143497757847534,0.8071748878923767,20.58295964125561,1.210762331838565,1.6143497757847534,2.825112107623318,1.6143497757847534,1.210762331838565,1.210762331838565,5.246636771300448,6.053811659192825,5.650224215246636,0.4035874439461883,0.0,0.4035874439461883,0.4035874439461883,5.246636771300448,1.6143497757847534,2.0179372197309418,0.8071748878923767,2.0179372197309418,0.0,0.0,0.0,86.44,100.0,29.41,38.46,14.29,41.18,60.0,100.0,0.1732567821771694,0.1989501481229117,2.825112107623318,2.825112107623318,0.0870019385650224,2.42152466367713,1.210762331838565,3.2286995515695067,0.3855488408071749,8.475336322869955,RW,75,50,88,50,62,75,38,50,62,88,88,100,50,50,50,50,25,25,75,25,50,75,50,62,62,100,100,75,25,25,25,100,100,25,75,100,25,25,100,50,75,100,75,100,50,100,50,100,75,75,50,75,100,100,100,75,50,50,50,25,75,75,75,75,100,50,62,62,100,100,75,25,25,25,100,100,25,75,100,25,50,100,50,75,100,75,2. Bundesliga
Bochum,eq1oq6y61xnzq88zu0cnw131z,8gyn2cp2fm1afyh9olhem2bro,M. Pannewig,Mats Pannewig,21,Midfielder,Germany,Midfielder,95.0,91.0,8.0,186.0,11.0,4.0,7.0,4.0,3.0,3.0,9.0,9.0,27.0,8.0,0.0,13.0,364.0,2.0,8.0,4.0,6.0,3.0,0.0,0.0,0.0,0.0,84.55,38.1,0.0,66.67,28.57,57.45,78.57,50.0,0.7349076285778764,0.3294782757445934,3.0,14.0,0.3601594999999999,6.0,14.0,11.0,0.29413428,81.0,23.48901098901099,22.5,1.978021978021978,45.98901098901099,2.71978021978022,0.989010989010989,1.7307692307692308,0.989010989010989,0.7417582417582418,0.7417582417582418,2.2252747252747254,2.2252747252747254,6.675824175824176,1.978021978021978,0.0,3.2142857142857144,0.4945054945054945,1.978021978021978,0.989010989010989,1.4835164835164836,0.7417582417582418,0.0,0.0,0.0,0.0,84.55,38.1,0.0,66.67,28.57,57.45,78.57,50.0,0.1817079301428815,0.0814644088379489,0.7417582417582418,3.4615384615384617,0.0890504258241758,1.4835164835164836,3.4615384615384617,2.71978021978022,0.0727255087912088,20.02747252747253,DM/CM,71,68,48,65,87,53,74,76,73,84,94,92,73,47,31,100,73,69,39,94,26,34,35,52,52,45,26,34,87,53,74,97,37,90,58,82,89,94,94,50,23,29,50,77,71,52,77,90,58,87,84,74,87,94,94,81,48,31,100,77,84,39,94,23,34,35,52,52,45,26,34,87,53,74,97,37,94,71,87,94,94,97,55,26,32,58,2. Bundesliga
Bochum,eq1oq6y61xnzq88zu0cnw131z,d2pco79bmi3f9x3zahtf9q2mt,P. Hofmann,Philipp Hofmann,33,Attacker,Germany,Striker,27.0,40.0,3.0,67.0,34.0,4.0,17.0,14.0,3.0,3.0,0.0,1.0,39.0,6.0,2.0,0.0,450.0,6.0,25.0,4.0,0.0,1.0,0.0,0.0,0.0,0.0,62.62,100.0,0.0,0.0,35.29,54.17,66.67,100.0,1.8342282001797416,0.2665031231808502,1.0,4.0,0.17445747,2.0,6.0,7.0,0.1954708399999999,25.0,5.4,8.0,0.6,13.4,6.8,0.8,3.4,2.8,0.6,0.6,0.0,0.2,7.8,1.2,0.4,0.0,1.2,5.0,0.8,0.0,0.2,0.0,0.0,0.0,0.0,62.62,100.0,0.0,0.0,35.29,54.17,66.67,100.0,0.3668456400359483,0.05330062463617,0.2,0.8,0.034891494,0.4,1.2,1.4,0.0390941679999999,5.0,ST,76,69,66,69,100,52,79,84,67,69,3,5,100,88,66,33,72,83,60,7,31,34,29,52,52,10,93,34,7,41,83,88,91,86,34,24,55,62,55,76,67,48,62,66,34,52,41,100,21,72,72,59,48,3,3,100,74,52,33,55,71,45,7,17,34,29,52,52,10,93,34,7,41,83,88,91,66,14,14,38,52,41,59,59,31,48,2. Bundesliga
Bochum,eq1oq6y61xnzq88zu0cnw131z,d3ikbsb9xrytwlf4ls34cvqol,K. Mets,Karol Mets,33,Defender,Estonia,Defender,210.0,87.0,22.0,297.0,8.0,2.0,0.0,0.0,0.0,0.0,1.0,1.0,12.0,14.0,0.0,5.0,405.0,0.0,2.0,0.0,0.0,2.0,0.0,0.0,0.0,0.0,88.39,68.75,0.0,0.0,0.0,46.15,44.44,50.0,0.0,0.0274303215663927,0.0,1.0,0.01689528,0.0,12.0,12.0,0.4098086799999998,158.0,46.66666666666666,19.33333333333333,4.888888888888889,66.0,1.7777777777777777,0.4444444444444444,0.0,0.0,0.0,0.0,0.2222222222222222,0.2222222222222222,2.6666666666666665,3.111111111111111,0.0,1.1111111111111112,0.0,0.4444444444444444,0.0,0.0,0.4444444444444444,0.0,0.0,0.0,0.0,88.39,68.75,0.0,0.0,0.0,46.15,44.44,50.0,0.0,0.0060956270147539,0.0,0.2222222222222222,0.0037545066666666,0.0,2.6666666666666665,2.6666666666666665,0.0910685955555555,35.111111111111114,LB/LCB,95,65,95,95,85,32,8,18,22,32,15,15,18,60,48,65,22,28,8,15,30,12,35,48,52,95,95,12,15,22,15,35,38,8,10,22,10,5,10,48,40,40,95,100,70,95,100,85,25,8,18,22,32,15,15,15,55,48,60,22,25,8,15,30,12,35,48,52,95,95,12,15,22,15,35,38,8,10,22,15,10,10,35,30,20,95,2. Bundesliga
Bochum,eq1oq6y61xnzq88zu0cnw131z,exnu0u4383rih0lxh5aizk5xw,T. Meyer,Tom Meyer,18,Midfielder,Germany,Midfielder,39.0,32.0,4.0,71.0,4.0,2.0,3.0,3.0,0.0,1.0,1.0,2.0,14.0,8.0,0.0,3.0,226.0,1.0,3.0,1.0,1.0,4.0,0.0,1.0,0.0,0.0,79.78,57.14,0.0,100.0,33.33,53.85,66.67,50.0,0.2604090696842479,0.1264886285802635,1.0,4.0,0.09225683,1.0,6.0,6.0,0.09296158,26.0,15.530973451327434,12.743362831858407,1.592920353982301,28.274336283185843,1.592920353982301,0.7964601769911505,1.1946902654867255,1.1946902654867255,0.0,0.3982300884955752,0.3982300884955752,0.7964601769911505,5.575221238938053,3.185840707964602,0.0,1.1946902654867255,0.3982300884955752,1.1946902654867255,0.3982300884955752,0.3982300884955752,1.592920353982301,0.0,0.3982300884955752,0.0,0.0,79.78,57.14,0.0,100.0,33.33,53.85,66.67,50.0,0.1037027268654084,0.0503715777532022,0.3982300884955752,1.592920353982301,0.0367394455752212,0.3982300884955752,2.3893805309734515,2.3893805309734515,0.0370200982300885,10.353982300884956,DM/CM,3,3,21,3,45,27,24,56,6,45,18,24,23,47,31,19,42,18,8,39,37,34,82,52,52,19,65,34,98,68,58,85,37,29,19,34,44,45,35,3,6,3,3,35,13,45,19,65,45,48,90,6,55,23,48,61,74,31,55,61,35,13,48,81,34,94,52,52,19,65,34,98,68,58,85,37,55,45,45,71,71,45,19,13,3,3,2. Bundesliga
Osnabrück,8xvajtyria7w2ejfn2ilwq28i,282aj2w9kao690pbhg7kstdlg,R. Fabinski,Robin Fabinski,23,Defender,Germany,Defender,113.0,62.0,13.0,175.0,6.0,2.0,2.0,2.0,0.0,2.0,3.0,3.0,27.0,39.0,0.0,8.0,450.0,0.0,6.0,2.0,2.0,13.0,0.0,0.0,1.0,0.0,76.75,35.14,0.0,66.67,0.0,58.7,46.15,76.47,0.2568263897042613,0.0516720812111509,0.0,2.0,0.03932202,1.0,17.0,17.0,0.40795514,115.0,22.6,12.4,2.6,35.0,1.2,0.4,0.4,0.4,0.0,0.4,0.6,0.6,5.4,7.8,0.0,1.6,0.0,1.2,0.4,0.4,2.6,0.0,0.0,0.2,0.0,76.75,35.14,0.0,66.67,0.0,58.7,46.15,76.47,0.0513652779408522,0.0103344162422301,0.0,0.4,0.007864404,0.2,3.4,3.4,0.081591028,23.0,RB/RCB,81,57,95,81,74,45,29,62,17,79,31,29,83,100,40,93,21,62,29,57,100,26,40,88,52,29,19,26,83,21,86,52,67,48,5,17,26,19,24,81,57,48,86,81,33,90,71,62,40,19,48,17,67,24,24,74,100,40,90,21,55,17,48,100,26,40,81,52,29,19,26,83,21,86,52,67,38,5,17,19,19,14,67,33,29,86,2. Bundesliga
Osnabrück,8xvajtyria7w2ejfn2ilwq28i,2e5buyhiwaps1qloetwufkru1,R. Meißner,Robin Meißner,26,Attacker,Germany,Striker,32.0,54.0,4.0,84.0,3.0,6.0,19.0,14.0,5.0,7.0,9.0,10.0,17.0,2.0,2.0,0.0,435.0,7.0,22.0,2.0,7.0,2.0,2.0,0.0,0.0,0.0,67.74,57.14,28.57,77.78,36.84,44.74,16.67,40.0,1.5672482007409647,0.5040943270911349,2.0,7.0,0.17298132,6.0,8.0,12.0,0.30353689,41.0,6.620689655172415,11.172413793103448,0.8275862068965518,17.379310344827587,0.6206896551724138,1.2413793103448276,3.931034482758621,2.896551724137931,1.0344827586206895,1.4482758620689655,1.862068965517241,2.0689655172413794,3.517241379310345,0.4137931034482759,0.4137931034482759,0.0,1.4482758620689655,4.551724137931035,0.4137931034482759,1.4482758620689655,0.4137931034482759,0.4137931034482759,0.0,0.0,0.0,67.74,57.14,28.57,77.78,36.84,44.74,16.67,40.0,0.3242582484291651,0.1042953780188555,0.4137931034482759,1.4482758620689655,0.0357892386206896,1.2413793103448276,1.6551724137931036,2.4827586206896552,0.0628007358620689,8.482758620689655,ST,90,78,86,93,33,71,86,84,90,98,64,67,55,40,66,33,83,71,28,86,64,72,29,52,52,24,67,86,79,45,59,14,31,69,76,53,71,59,90,86,84,69,93,72,66,79,76,24,52,79,76,86,100,59,59,24,28,59,33,76,52,14,76,41,69,29,52,52,24,67,86,79,45,59,14,31,55,55,41,66,55,86,86,79,55,86,2. Bundesliga
Osnabrück,8xvajtyria7w2ejfn2ilwq28i,6x4ywqmispidw0tznzpjwd1hx,A. Beck,Adrian Beck,29,Midfielder,Germany,Midfielder,77.0,86.0,7.0,158.0,8.0,9.0,4.0,2.0,2.0,0.0,11.0,11.0,26.0,6.0,0.0,5.0,402.0,1.0,7.0,6.0,4.0,3.0,5.0,2.0,0.0,0.0,83.16,87.5,31.25,36.36,25.0,44.83,44.44,37.5,0.2517571106610088,0.7289198662489385,1.0,14.0,0.3488562799999999,5.0,16.0,15.0,0.43787399,88.0,17.238805970149254,19.253731343283583,1.5671641791044777,35.373134328358205,1.791044776119403,2.014925373134328,0.8955223880597015,0.4477611940298507,0.4477611940298507,0.0,2.462686567164179,2.462686567164179,5.820895522388059,1.343283582089552,0.0,1.1194029850746268,0.2238805970149253,1.5671641791044777,1.343283582089552,0.8955223880597015,0.6716417910447761,1.1194029850746268,0.4477611940298507,0.0,0.0,83.16,87.5,31.25,36.36,25.0,44.83,44.44,37.5,0.0563635322375392,0.1631910148318519,0.2238805970149253,3.134328358208955,0.0781021522388059,1.1194029850746268,3.582089552238806,3.3582089552238803,0.0980314902985074,19.70149253731343,LM/LCM,85,80,75,80,90,75,40,40,60,25,65,65,85,90,20,85,25,35,60,65,50,75,95,55,55,70,100,70,50,10,30,50,15,20,80,25,70,60,70,80,50,40,80,80,80,70,70,90,80,40,30,60,25,70,70,80,80,20,80,10,30,70,50,50,80,100,55,55,70,100,70,50,10,30,50,15,20,80,10,70,60,60,70,40,40,90,2. Bundesliga
Osnabrück,8xvajtyria7w2ejfn2ilwq28i,88uz80ti7b0g6k38g4iy55ec5,B. Jacobsen,Bjarke Jacobsen,33,Midfielder,Denmark,Midfielder,72.0,64.0,5.0,136.0,19.0,2.0,8.0,5.0,3.0,4.0,3.0,3.0,34.0,21.0,1.0,7.0,438.0,2.0,8.0,3.0,3.0,5.0,0.0,0.0,0.0,0.0,80.0,45.45,0.0,100.0,25.0,54.84,59.38,45.45,0.7915135971776285,0.1754060776842567,2.0,2.0,0.04398591,2.0,11.0,16.0,0.4151693599999999,88.0,14.794520547945206,13.15068493150685,1.0273972602739727,27.945205479452056,3.904109589041096,0.4109589041095891,1.6438356164383563,1.0273972602739727,0.6164383561643836,0.8219178082191781,0.6164383561643836,0.6164383561643836,6.986301369863014,4.315068493150685,0.2054794520547945,1.4383561643835618,0.4109589041095891,1.6438356164383563,0.6164383561643836,0.6164383561643836,1.0273972602739727,0.0,0.0,0.0,0.0,80.0,45.45,0.0,100.0,25.0,54.84,59.38,45.45,0.1626397802419784,0.0360423447296417,0.4109589041095891,0.4109589041095891,0.0090382006849315,0.4109589041095891,2.26027397260274,3.2876712328767126,0.0853087726027397,18.08219178082192,DM/CM,48,32,32,32,100,27,85,90,73,97,44,40,90,100,74,89,73,69,26,79,48,34,35,52,52,23,45,34,98,44,65,68,23,94,32,61,23,23,53,27,63,65,60,29,16,23,13,100,19,77,87,61,90,42,32,87,100,68,84,65,61,19,81,39,34,35,52,52,23,45,34,98,44,65,68,23,87,29,48,16,19,48,10,48,48,39,2. Bundesliga
Osnabrück,8xvajtyria7w2ejfn2ilwq28i,9diqegpezvk9zo4ws18v1tysq,L. Münst,Leonhard Münst,24,Midfielder,Germany,Midfielder,18.0,40.0,2.0,54.0,2.0,5.0,2.0,1.0,1.0,1.0,2.0,3.0,13.0,0.0,0.0,3.0,206.0,1.0,4.0,7.0,1.0,2.0,4.0,1.0,0.0,0.0,64.29,20.0,44.44,50.0,50.0,44.83,50.0,66.67,0.2180762942703803,0.4606277455139016,1.0,3.0,0.05866817,2.0,13.0,8.0,0.4194068399999999,34.0,7.864077669902913,17.475728155339805,0.8737864077669903,23.59223300970874,0.8737864077669903,2.184466019417476,0.8737864077669903,0.4368932038834952,0.4368932038834952,0.4368932038834952,0.8737864077669903,1.3106796116504855,5.6796116504854375,0.0,0.0,1.3106796116504855,0.4368932038834952,1.7475728155339807,3.058252427184466,0.4368932038834952,0.8737864077669903,1.7475728155339807,0.4368932038834952,0.0,0.0,64.29,20.0,44.44,50.0,50.0,44.83,50.0,66.67,0.0952760508948263,0.2012451315351997,0.4368932038834952,1.3106796116504855,0.0256317247572815,0.8737864077669903,5.6796116504854375,3.4951456310679614,0.1832359980582524,14.854368932038836,CM/AM,26,15,26,13,74,48,7,20,9,17,7,11,43,13,37,63,37,20,74,20,50,74,72,52,50,4,13,93,52,89,48,85,57,13,52,13,11,9,28,54,15,48,26,43,35,35,43,87,78,13,26,13,30,13,35,78,13,37,87,48,39,96,33,61,93,83,52,50,4,13,93,52,89,48,85,57,35,78,22,13,13,37,87,35,83,52,2. Bundesliga
Osnabrück,8xvajtyria7w2ejfn2ilwq28i,ayb90lqv48ocodasevzeg81d5,N. Wiemann,Niklas Wiemann,27,Defender,Germany,Defender,94.0,53.0,12.0,147.0,9.0,1.0,2.0,2.0,0.0,0.0,0.0,0.0,29.0,20.0,1.0,6.0,450.0,1.0,4.0,4.0,0.0,12.0,0.0,0.0,0.0,0.0,76.17,40.0,0.0,0.0,50.0,61.7,56.25,75.0,0.2089427880771041,0.0874341101972685,0.0,1.0,0.01935132,0.0,14.0,19.0,0.3488677599999998,95.0,18.8,10.6,2.4,29.4,1.8,0.2,0.4,0.4,0.0,0.0,0.0,0.0,5.8,4.0,0.2,1.2,0.2,0.8,0.8,0.0,2.4,0.0,0.0,0.0,0.0,76.17,40.0,0.0,0.0,50.0,61.7,56.25,75.0,0.0417885576154208,0.0174868220394537,0.0,0.2,0.003870264,0.0,2.8,3.8,0.0697735519999999,19.0,LB/LCB,60,20,80,50,92,15,50,70,22,32,8,8,95,90,98,78,62,52,60,15,98,12,35,48,52,5,50,12,15,82,75,50,78,60,20,22,10,15,10,65,65,25,70,45,5,75,30,90,10,45,60,22,32,8,8,90,75,98,65,55,42,48,15,98,12,35,48,52,5,50,12,15,82,75,50,78,55,15,22,8,15,10,40,55,10,60,2. Bundesliga
Osnabrück,8xvajtyria7w2ejfn2ilwq28i,cyz34cdwlfy058918kk84s3it,J. Müller,Jannik Müller,32,Defender,Germany,Defender,125.0,43.0,8.0,168.0,6.0,0.0,3.0,2.0,1.0,2.0,3.0,3.0,21.0,33.0,0.0,13.0,449.0,0.0,3.0,4.0,2.0,7.0,0.0,0.0,0.0,0.0,82.76,28.57,0.0,66.67,0.0,47.73,33.33,77.78,0.3126271475867884,0.0,1.0,0.0,0.0,0.0,12.0,15.0,0.3136266799999999,115.0,25.05567928730512,8.619153674832962,1.6035634743875278,33.67483296213808,1.2026726057906458,0.0,0.6013363028953229,0.4008908685968819,0.2004454342984409,0.4008908685968819,0.6013363028953229,0.6013363028953229,4.20935412026726,6.614699331848552,0.0,2.6057906458797326,0.0,0.6013363028953229,0.8017817371937639,0.4008908685968819,1.4031180400890868,0.0,0.0,0.0,0.0,82.76,28.57,0.0,66.67,0.0,47.73,33.33,77.78,0.0626646843715166,0.0,0.2004454342984409,0.0,0.0,0.0,2.405345211581292,3.0066815144766146,0.0628650360801781,23.051224944320712,CB,58,24,44,36,32,11,64,55,76,95,83,79,56,85,42,100,21,38,68,86,83,42,44,45,52,27,15,42,77,21,15,15,76,61,14,74,11,11,24,44,56,42,52,30,12,30,21,21,11,58,55,77,91,76,73,42,73,42,100,21,30,64,82,82,42,44,45,52,27,15,42,77,21,15,15,76,52,14,74,11,11,24,30,45,21,39,2. Bundesliga
Osnabrück,8xvajtyria7w2ejfn2ilwq28i,d0hdy4qxltsfy99ks2uj9yod1,F. Wagner,Fridolin Wagner,28,Midfielder,Germany,Midfielder,62.0,67.0,11.0,127.0,10.0,2.0,3.0,2.0,1.0,0.0,3.0,3.0,31.0,6.0,0.0,4.0,382.0,1.0,6.0,8.0,2.0,7.0,2.0,0.0,0.0,0.0,69.78,50.0,40.0,66.67,33.33,59.62,55.56,63.64,0.2124137842617434,0.2823591951298404,1.0,4.0,0.0889915699999999,1.0,13.0,18.0,0.4349867499999998,77.0,14.607329842931938,15.785340314136125,2.5916230366492146,29.921465968586386,2.356020942408377,0.4712041884816754,0.7068062827225131,0.4712041884816754,0.2356020942408377,0.0,0.7068062827225131,0.7068062827225131,7.303664921465969,1.4136125654450262,0.0,0.9424083769633508,0.2356020942408377,1.4136125654450262,1.8848167539267016,0.4712041884816754,1.649214659685864,0.4712041884816754,0.0,0.0,0.0,69.78,50.0,40.0,66.67,33.33,59.62,55.56,63.64,0.0500451324176882,0.0665244177007477,0.2356020942408377,0.9424083769633508,0.02096660026178,0.2356020942408377,3.06282722513089,4.240837696335079,0.1024837892670156,18.141361256544503,DM/CM,19,40,65,23,82,27,24,40,24,18,44,40,81,31,31,40,42,47,79,61,82,85,35,52,52,3,58,81,87,68,87,52,58,19,55,34,44,42,35,42,73,68,44,26,42,68,26,84,29,26,42,29,18,48,39,90,26,31,42,42,48,77,68,87,84,35,52,52,3,58,81,87,68,87,52,58,19,55,35,42,42,35,39,74,71,42,2. Bundesliga
Osnabrück,8xvajtyria7w2ejfn2ilwq28i,dhh6ijia10zku28xmjczqu784,I. Badjie,Ismail Badjie,20,Attacker,Germany,Striker,20.0,26.0,1.0,46.0,0.0,3.0,9.0,4.0,5.0,2.0,10.0,10.0,10.0,3.0,1.0,1.0,263.0,4.0,7.0,2.0,3.0,2.0,0.0,0.0,0.0,0.0,75.41,33.33,0.0,30.0,44.44,34.48,0.0,40.0,0.5396928457533605,0.1906047646167588,6.0,5.0,0.13000329,1.0,4.0,3.0,0.14138051,22.0,6.844106463878328,8.897338403041825,0.3422053231939164,15.741444866920151,0.0,1.0266159695817492,3.0798479087452475,1.3688212927756656,1.711026615969582,0.6844106463878328,3.422053231939164,3.422053231939164,3.422053231939164,1.0266159695817492,0.3422053231939164,0.3422053231939164,1.3688212927756656,2.3954372623574147,0.6844106463878328,1.0266159695817492,0.6844106463878328,0.0,0.0,0.0,0.0,75.41,33.33,0.0,30.0,44.44,34.48,0.0,40.0,0.1846857647064732,0.0652259650779783,2.0532319391634983,1.711026615969582,0.0444878178707224,0.3422053231939164,1.3688212927756656,1.0266159695817492,0.0483811631178707,7.52851711026616,ST,59,33,41,41,5,28,47,17,90,47,72,67,16,53,34,71,52,7,28,50,64,34,29,52,52,69,40,34,22,53,7,5,31,21,21,90,64,52,34,66,33,34,59,79,55,45,66,5,41,66,21,93,62,83,83,21,66,45,72,69,10,41,55,72,34,29,52,52,69,40,34,22,53,7,5,31,31,34,100,76,59,34,69,41,45,79,2. Bundesliga
Osnabrück,8xvajtyria7w2ejfn2ilwq28i,dmmvtfxdbolx1bih0y14xux91,P. Kammerbauer,Patrick Kammerbauer,29,Defender,Germany,Defender,59.0,49.0,5.0,105.0,2.0,6.0,3.0,2.0,1.0,0.0,2.0,2.0,13.0,8.0,0.0,6.0,409.0,1.0,4.0,6.0,1.0,2.0,3.0,0.0,0.0,0.0,70.95,41.67,17.65,50.0,33.33,44.83,25.0,50.0,0.1632361537928985,0.6266832077559911,0.0,0.0,0.0,0.0,8.0,12.0,0.72728874,54.0,12.982885085574573,10.78239608801956,1.1002444987775062,23.105134474327627,0.4400977995110025,1.3202933985330074,0.6601466992665037,0.4400977995110025,0.2200488997555012,0.0,0.4400977995110025,0.4400977995110025,2.860635696821516,1.76039119804401,0.0,1.3202933985330074,0.2200488997555012,0.880195599022005,1.3202933985330074,0.2200488997555012,0.4400977995110025,0.6601466992665037,0.0,0.0,0.0,70.95,41.67,17.65,50.0,33.33,44.83,25.0,50.0,0.0359199360424471,0.137900950361954,0.0,0.0,0.0,0.0,1.76039119804401,2.640586797066015,0.1600390870415648,11.882640586797066,CB,9,33,15,9,12,97,64,55,76,30,68,65,26,6,42,58,61,52,86,68,23,92,44,45,52,6,42,85,67,61,9,8,27,30,97,32,11,11,24,27,36,97,9,6,24,9,6,12,97,64,58,88,30,67,61,15,6,42,52,61,52,85,67,21,91,44,45,52,6,42,85,67,61,9,8,27,27,97,32,11,11,24,24,36,94,6,2. Bundesliga
Wolfsburg,a8l3w3n0j99qjlsxj3jnmgkz1,2mwe6l0eu1tisri3eu26fx8x6,K. Fischer,Kilian Fischer,25,Defender,Germany,Defender,71.0,79.0,8.0,150.0,4.0,3.0,6.0,3.0,3.0,3.0,4.0,4.0,22.0,10.0,0.0,6.0,361.0,1.0,9.0,3.0,3.0,9.0,0.0,0.0,1.0,0.0,81.97,61.54,0.0,75.0,16.67,51.16,40.0,75.0,0.4054651620619017,0.1536432541448055,2.0,9.0,0.19780397,5.0,12.0,14.0,0.40112425,71.0,17.700831024930746,19.69529085872576,1.994459833795014,37.39612188365651,0.997229916897507,0.7479224376731302,1.4958448753462603,0.7479224376731302,0.7479224376731302,0.7479224376731302,0.997229916897507,0.997229916897507,5.484764542936288,2.4930747922437675,0.0,1.4958448753462603,0.2493074792243767,2.2437673130193905,0.7479224376731302,0.7479224376731302,2.2437673130193905,0.0,0.0,0.2493074792243767,0.0,81.97,61.54,0.0,75.0,16.67,51.16,40.0,75.0,0.1010854974669561,0.0383044123906717,0.4986149584487535,2.2437673130193905,0.0493140091412742,1.2465373961218835,2.9916897506925206,3.490304709141274,0.1000032756232687,17.700831024930746,RB/RCB,67,81,62,74,52,62,83,83,74,93,50,45,64,43,40,76,60,90,52,79,81,26,40,88,52,67,95,26,90,48,43,45,55,67,48,64,100,100,86,48,43,43,62,62,90,67,76,52,62,86,90,81,95,43,38,81,43,40,86,62,86,57,67,86,26,40,90,52,67,95,26,90,48,43,45,55,71,43,67,100,100,81,38,43,52,67,2. Bundesliga
Wolfsburg,a8l3w3n0j99qjlsxj3jnmgkz1,32ko5zzk7805mp4q4n3iwiihg,K. Shiogai,Kento Shiogai,21,Attacker,Japan,Striker,12.0,13.0,0.0,25.0,5.0,3.0,7.0,6.0,1.0,2.0,7.0,7.0,12.0,2.0,0.0,1.0,216.0,2.0,12.0,1.0,5.0,1.0,0.0,0.0,0.0,0.0,73.53,0.0,0.0,71.43,28.57,42.86,55.56,100.0,0.9063370336191876,0.1248141965730592,2.0,1.0,0.04066992,1.0,2.0,2.0,0.04856021,8.0,5.0,5.416666666666667,0.0,10.416666666666668,2.083333333333333,1.25,2.916666666666667,2.5,0.4166666666666667,0.8333333333333334,2.916666666666667,2.916666666666667,5.0,0.8333333333333334,0.0,0.4166666666666667,0.8333333333333334,5.0,0.4166666666666667,2.083333333333333,0.4166666666666667,0.0,0.0,0.0,0.0,73.53,0.0,0.0,71.43,28.57,42.86,55.56,100.0,0.3776404306746615,0.0520059152387746,0.8333333333333334,0.4166666666666667,0.0169458,0.4166666666666667,0.8333333333333334,0.8333333333333334,0.0202334208333333,3.333333333333333,ST,17,3,17,7,59,28,19,33,31,47,53,53,22,40,9,71,21,26,9,78,31,34,29,52,52,59,17,34,76,21,53,83,91,48,3,53,16,24,34,28,21,14,9,59,10,17,21,79,55,48,55,45,67,76,72,66,52,9,79,31,71,17,90,45,34,29,52,52,59,17,34,76,21,53,83,91,69,10,69,28,31,52,50,31,17,21,2. Bundesliga
Wolfsburg,a8l3w3n0j99qjlsxj3jnmgkz1,4kolmisdpprx0wrahisadl5n9,E. Rexhbeçaj,Elvis Rexhbeçaj,28,Midfielder,Kosovo,Midfielder,69.0,66.0,4.0,133.0,2.0,8.0,1.0,0.0,1.0,0.0,2.0,3.0,17.0,5.0,0.0,5.0,329.0,0.0,3.0,5.0,1.0,6.0,2.0,0.0,0.0,0.0,83.12,30.77,33.33,50.0,0.0,53.12,50.0,66.67,0.0598952499500279,0.717258844595262,0.0,1.0,0.02401521,2.0,14.0,14.0,0.4466904499999998,68.0,18.87537993920973,18.054711246200608,1.094224924012158,36.38297872340426,0.547112462006079,2.188449848024316,0.2735562310030395,0.0,0.2735562310030395,0.0,0.547112462006079,0.8206686930091186,4.650455927051672,1.3677811550151977,0.0,1.3677811550151977,0.0,0.8206686930091186,1.3677811550151977,0.2735562310030395,1.6413373860182372,0.547112462006079,0.0,0.0,0.0,83.12,30.77,33.33,50.0,0.0,53.12,50.0,66.67,0.0163847188313146,0.1962106261810747,0.0,0.2735562310030395,0.0065695103343465,0.547112462006079,3.8297872340425534,3.8297872340425534,0.1221949559270516,18.601823708206688,DM/CM,31,35,21,29,21,90,8,5,24,18,29,40,32,23,31,58,11,18,55,39,66,85,35,52,52,29,6,76,60,11,52,42,61,6,90,11,8,10,53,50,40,74,29,48,52,29,45,23,97,10,5,32,18,32,52,45,23,31,81,11,19,68,45,84,87,35,52,52,29,6,76,60,11,52,42,61,6,97,11,10,10,55,61,58,77,45,2. Bundesliga
Wolfsburg,a8l3w3n0j99qjlsxj3jnmgkz1,65v1s740zfmpwkc0z1v3aisd0,M. Damar,Muhammed Damar,22,Midfielder,Germany,Midfielder,53.0,84.0,6.0,136.0,0.0,6.0,11.0,2.0,9.0,2.0,7.0,8.0,14.0,3.0,0.0,2.0,331.0,5.0,6.0,7.0,4.0,1.0,1.0,0.0,0.0,0.0,80.95,40.0,11.11,57.14,45.45,36.84,0.0,33.33,0.7665094716473826,0.5516614461167397,6.0,7.0,0.14782863,4.0,15.0,16.0,0.67972224,61.0,14.410876132930516,22.839879154078552,1.6314199395770397,36.97885196374622,0.0,1.6314199395770397,2.990936555891239,0.5438066465256798,2.447129909365559,0.5438066465256798,1.9033232628398795,2.175226586102719,3.806646525679759,0.8157099697885197,0.0,0.5438066465256798,1.3595166163141994,1.6314199395770397,1.9033232628398795,1.0876132930513596,0.2719033232628399,0.2719033232628399,0.0,0.0,0.0,80.95,40.0,11.11,57.14,45.45,36.84,0.0,33.33,0.2084164726533668,0.1499985805151256,1.6314199395770397,1.9033232628398795,0.0401950957703927,1.0876132930513596,4.078549848942599,4.350453172205438,0.1848187359516616,16.586102719033235,CM/AM,83,70,63,78,24,65,83,37,96,48,61,63,57,72,37,41,93,35,74,59,28,46,28,52,50,57,39,39,70,76,17,24,28,83,65,98,46,22,61,70,65,70,70,83,74,70,78,24,59,83,30,96,48,61,70,43,78,37,37,87,35,70,63,26,48,28,52,50,57,39,39,70,76,17,24,28,78,57,91,39,26,59,59,57,87,70,2. Bundesliga
Wolfsburg,a8l3w3n0j99qjlsxj3jnmgkz1,6lfje6glfgycun47flgmc9jvt,J. Mæhle,Joakim Mæhle,29,Defender,Denmark,Defender,99.0,81.0,8.0,175.0,1.0,5.0,4.0,2.0,2.0,1.0,6.0,6.0,22.0,8.0,0.0,8.0,359.0,1.0,3.0,5.0,4.0,9.0,5.0,2.0,0.0,0.0,89.29,72.73,83.33,66.67,25.0,61.11,16.67,75.0,0.5437448117116592,0.4418834627087932,2.0,12.0,0.33677892,2.0,12.0,14.0,1.0327279400000005,90.0,24.81894150417828,20.30640668523677,2.0055710306406684,43.871866295264624,0.2506963788300835,1.2534818941504178,1.0027855153203342,0.5013927576601671,0.5013927576601671,0.2506963788300835,1.504178272980501,1.504178272980501,5.515320334261839,2.0055710306406684,0.0,2.0055710306406684,0.2506963788300835,0.7520891364902507,1.2534818941504178,1.0027855153203342,2.256267409470752,1.2534818941504178,0.5013927576601671,0.0,0.0,89.29,72.73,83.33,66.67,25.0,61.11,16.67,75.0,0.1363148553037586,0.1107785839659927,0.5013927576601671,3.0083565459610027,0.0844292557103064,0.5013927576601671,3.0083565459610027,3.5097493036211698,0.2589011548746519,22.56267409470752,CB,32,76,44,45,6,94,79,55,95,74,98,98,62,6,42,80,61,38,79,98,94,97,100,45,52,67,100,100,77,48,67,3,71,88,94,92,100,100,79,44,47,100,24,27,85,42,45,6,94,82,67,97,79,100,100,73,9,42,88,73,42,82,100,97,97,100,45,52,67,100,100,77,48,67,3,71,94,94,97,100,100,82,55,58,100,30,2. Bundesliga
Wolfsburg,a8l3w3n0j99qjlsxj3jnmgkz1,adi6l78sdvet408eho4fi4xk9,Vini Souza,Vinicius de Souza Costa,27,Midfielder,Brazil,Midfielder,78.0,126.0,13.0,203.0,6.0,4.0,4.0,2.0,2.0,1.0,4.0,4.0,23.0,11.0,2.0,1.0,429.0,2.0,4.0,3.0,2.0,5.0,1.0,0.0,0.0,0.0,84.58,61.9,33.33,50.0,50.0,60.53,75.0,41.67,0.3064034754928088,0.2660027123333351,1.0,10.0,0.23185764,3.0,21.0,25.0,0.6332741399999999,119.0,16.363636363636363,26.43356643356644,2.7272727272727275,42.58741258741259,1.2587412587412588,0.8391608391608392,0.8391608391608392,0.4195804195804196,0.4195804195804196,0.2097902097902098,0.8391608391608392,0.8391608391608392,4.825174825174825,2.307692307692308,0.4195804195804196,0.2097902097902098,0.4195804195804196,0.8391608391608392,0.6293706293706294,0.4195804195804196,1.048951048951049,0.2097902097902098,0.0,0.0,0.0,84.58,61.9,33.33,50.0,50.0,60.53,75.0,41.67,0.0642804494040857,0.0558047648251752,0.2097902097902098,2.097902097902098,0.0486414629370629,0.6293706293706294,4.405594405594406,5.244755244755245,0.1328547146853146,24.965034965034967,DM/CM,55,84,82,74,61,53,39,40,48,45,56,56,55,65,92,5,73,32,26,61,48,74,35,52,52,48,77,76,60,89,90,94,15,35,52,34,81,81,69,71,87,84,87,39,84,71,71,48,53,29,34,42,45,55,55,48,61,94,3,71,23,23,63,45,73,35,52,52,48,77,76,60,89,90,94,15,29,48,32,81,81,68,71,90,84,84,2. Bundesliga
Wolfsburg,a8l3w3n0j99qjlsxj3jnmgkz1,bb1x3kz4wsx5pjpymhw5mmve2,A. Bernhardsson,Alexander Bernhardsson,28,Attacker,Sweden,Striker,20.0,66.0,1.0,82.0,4.0,12.0,9.0,7.0,2.0,2.0,20.0,21.0,26.0,8.0,1.0,2.0,417.0,3.0,22.0,5.0,11.0,4.0,4.0,2.0,0.0,0.0,67.77,50.0,40.0,55.0,33.33,50.0,40.0,66.67,0.8019474144483228,1.2073408948738067,4.0,14.0,0.41579002,6.0,7.0,12.0,1.3207996200000005,36.0,4.316546762589928,14.24460431654676,0.2158273381294964,17.697841726618705,0.8633093525179856,2.5899280575539567,1.9424460431654675,1.5107913669064748,0.4316546762589928,0.4316546762589928,4.316546762589928,4.532374100719424,5.611510791366906,1.7266187050359711,0.2158273381294964,0.4316546762589928,0.6474820143884892,4.748201438848921,1.079136690647482,2.3741007194244603,0.8633093525179856,0.8633093525179856,0.4316546762589928,0.0,0.0,67.77,50.0,40.0,55.0,33.33,50.0,40.0,66.67,0.1730821757802135,0.2605771715554978,0.8633093525179856,3.021582733812949,0.08973885323741,1.2949640287769784,1.5107913669064748,2.5899280575539567,0.2850646661870504,7.76978417266187,ST,59,93,41,90,47,93,47,45,55,47,95,95,86,97,34,81,31,71,76,93,90,86,91,52,52,28,59,93,59,33,74,45,76,41,93,76,93,93,90,81,84,100,90,34,90,38,86,38,93,31,28,53,41,97,97,83,97,24,83,24,62,55,93,86,79,93,52,52,28,59,93,59,33,74,45,76,28,90,76,90,90,91,79,83,100,83,2. Bundesliga
Wolfsburg,a8l3w3n0j99qjlsxj3jnmgkz1,bbfl8vdz0htr9pcl641q9byl1,F. Reese,Fabian Reese,28,Attacker,Germany,Striker,37.0,89.0,7.0,121.0,2.0,15.0,22.0,13.0,9.0,7.0,20.0,21.0,26.0,1.0,3.0,4.0,438.0,6.0,29.0,2.0,13.0,2.0,5.0,1.0,0.0,0.0,80.67,58.33,12.5,65.0,27.27,68.42,50.0,22.22,1.4065456103910885,1.4469516206974034,7.0,17.0,0.51658811,3.0,13.0,19.0,1.26014824,47.0,7.602739726027398,18.287671232876715,1.4383561643835618,24.86301369863014,0.4109589041095891,3.082191780821918,4.52054794520548,2.671232876712329,1.8493150684931507,1.4383561643835618,4.109589041095891,4.315068493150685,5.342465753424658,0.2054794520547945,0.6164383561643836,0.8219178082191781,1.2328767123287672,5.958904109589041,0.4109589041095891,2.671232876712329,0.4109589041095891,1.0273972602739727,0.2054794520547945,0.0,0.0,80.67,58.33,12.5,65.0,27.27,68.42,50.0,22.22,0.2890162213132374,0.2973188261706993,1.4383561643835618,3.493150684931507,0.1061482417808219,0.6164383561643836,2.671232876712329,3.904109589041096,0.2589345698630137,9.657534246575343,ST,93,100,98,100,19,97,95,79,100,98,95,95,86,19,86,97,72,95,28,97,64,91,71,52,52,90,72,69,66,16,100,72,21,66,97,98,100,100,74,100,100,97,100,90,100,97,100,14,97,97,66,97,97,90,90,79,10,79,93,59,86,10,97,38,90,59,52,52,90,72,69,66,16,100,72,21,52,97,93,97,100,62,97,100,93,93,2. Bundesliga
Wolfsburg,a8l3w3n0j99qjlsxj3jnmgkz1,eeam67v6h8omb3tt9run8k7bo,M. Angély,Mathys Angély,19,Defender,France,Defender,106.0,63.0,5.0,169.0,5.0,2.0,3.0,2.0,1.0,1.0,1.0,1.0,13.0,16.0,0.0,4.0,268.0,0.0,3.0,2.0,1.0,3.0,0.0,1.0,0.0,0.0,89.89,45.45,0.0,100.0,0.0,50.0,55.56,60.0,0.282774689106037,0.1388635829327638,1.0,4.0,0.0840739799999999,2.0,15.0,12.0,0.28893185,117.0,35.59701492537313,21.15671641791045,1.67910447761194,56.75373134328358,1.67910447761194,0.6716417910447761,1.007462686567164,0.6716417910447761,0.335820895522388,0.335820895522388,0.335820895522388,0.335820895522388,4.365671641791045,5.3731343283582085,0.0,1.343283582089552,0.0,1.007462686567164,0.6716417910447761,0.335820895522388,1.007462686567164,0.0,0.335820895522388,0.0,0.0,89.89,45.45,0.0,100.0,0.0,50.0,55.56,60.0,0.0949616493266542,0.0466332927759281,0.335820895522388,1.343283582089552,0.0282337992537313,0.6716417910447761,5.037313432835821,4.029850746268656,0.0970293526119402,39.2910447761194,CB,36,48,15,39,24,64,64,55,76,74,50,48,26,33,42,33,21,38,35,68,44,42,92,45,52,80,48,42,94,21,32,42,42,55,64,74,73,73,79,61,36,33,56,76,88,33,91,36,82,85,73,91,82,61,58,48,52,42,55,21,58,58,73,73,42,97,45,52,80,48,42,94,21,32,42,42,70,73,85,79,76,91,91,70,67,97,2. Bundesliga
Wolfsburg,a8l3w3n0j99qjlsxj3jnmgkz1,effmy99qczj7w9kb28u5y7mqd,H. Wahl,Hauke Wahl,32,Defender,Germany,Defender,209.0,93.0,15.0,302.0,7.0,4.0,3.0,2.0,1.0,0.0,0.0,0.0,16.0,32.0,1.0,10.0,450.0,1.0,3.0,2.0,0.0,7.0,0.0,0.0,0.0,0.0,91.52,53.57,0.0,0.0,33.33,59.26,63.64,100.0,0.3178604449473765,0.1464978266313585,0.0,4.0,0.08512428,2.0,23.0,15.0,0.7243060000000004,183.0,41.8,18.6,3.0,60.4,1.4,0.8,0.6,0.4,0.2,0.0,0.0,0.0,3.2,6.4,0.2,2.0,0.2,0.6,0.4,0.0,1.4,0.0,0.0,0.0,0.0,91.52,53.57,0.0,0.0,33.33,59.26,63.64,100.0,0.0635720889894752,0.0292995653262716,0.0,0.8,0.0170248559999999,0.4,4.6,3.0,0.1448612,36.6,CB,97,85,71,97,42,89,64,55,76,30,20,20,45,80,92,91,61,38,35,30,83,42,44,45,52,94,70,42,30,61,58,73,95,64,67,32,73,76,79,92,56,94,94,97,76,62,94,26,89,52,42,67,30,20,20,27,68,85,85,48,27,27,30,79,42,44,45,52,94,70,42,30,61,58,73,95,55,55,32,56,61,70,86,41,91,88,2. Bundesliga
