Team,contestantId,playerId,Short Name,Player Name,Age,Position_x,Nationality,Position_y,total accurate back zone pass_Total,total accurate fwd zone pass_Total,total accurate long balls_Total,total accurate pass_Total,total aerial won_Total,total big chances saved_Total,total contest_Total,total dribbles attempted_Total,total duels won_Total,total effective clearance_Total,total interception_Total,total mins played,total touches in opposition box_Total,total was fouled_Total,total won tackle_Total,total assists_Total,total att assist_Total,total attempt_Total,total attempts ibox_Total,total attempts obox_Total,total blocked scoring att_Total,total goals_Total,total ontarget attempt_Total,total accurate cross_Total,total won contest_Total,total direct setpiece goals_Total,total direct corner goals_Total,pass_success_pct_Total,long_balls_success_pct_Total,cross_success_pct_Total,dribble_success_pct_Total,attempt_success_pct_Total,duel_success_pct_Total,aerial_success_pct_Total,tackle_success_pct_Total,xG_Total,xA_Total,CreatedOwnShot_Total,Total Carries_Total,Total Carry xT_Total,Total Final Third Carries_Total,passes_into_final_third_Total,progressive_passes_Total,xT_pass_Total,forward_passes_Total,total accurate back zone pass_p90,total accurate fwd zone pass_p90,total accurate long balls_p90,total accurate pass_p90,total aerial won_p90,total big chances saved_p90,total contest_p90,total dribbles attempted_p90,total duels won_p90,total effective clearance_p90,total interception_p90,total touches in opposition box_p90,total was fouled_p90,total won tackle_p90,total assists_p90,total att assist_p90,total attempt_p90,total attempts ibox_p90,total attempts obox_p90,total blocked scoring att_p90,total goals_p90,total ontarget attempt_p90,total accurate cross_p90,total won contest_p90,total direct setpiece goals_p90,total direct corner goals_p90,pass_success_pct_p90,long_balls_success_pct_p90,cross_success_pct_p90,dribble_success_pct_p90,attempt_success_pct_p90,duel_success_pct_p90,aerial_success_pct_p90,tackle_success_pct_p90,xG_p90,xA_p90,CreatedOwnShot_p90,Total Carries_p90,Total Carry xT_p90,Total Final Third Carries_p90,passes_into_final_third_p90,progressive_passes_p90,xT_pass_p90,forward_passes_p90,Pos.,total accurate back zone pass_TotalPR,total accurate fwd zone pass_TotalPR,total accurate long balls_TotalPR,total accurate pass_TotalPR,total aerial won_TotalPR,total big chances saved_TotalPR,total contest_TotalPR,total dribbles attempted_TotalPR,total duels won_TotalPR,total effective clearance_TotalPR,total interception_TotalPR,total touches in opposition box_TotalPR,total was fouled_TotalPR,total won tackle_TotalPR,total assists_TotalPR,total att assist_TotalPR,total attempt_TotalPR,total attempts ibox_TotalPR,total attempts obox_TotalPR,total blocked scoring att_TotalPR,total goals_TotalPR,total ontarget attempt_TotalPR,total accurate cross_TotalPR,total won contest_TotalPR,total direct setpiece goals_TotalPR,total direct corner goals_TotalPR,pass_success_pct_TotalPR,long_balls_success_pct_TotalPR,cross_success_pct_TotalPR,dribble_success_pct_TotalPR,attempt_success_pct_TotalPR,duel_success_pct_TotalPR,aerial_success_pct_TotalPR,tackle_success_pct_TotalPR,xG_TotalPR,xA_TotalPR,CreatedOwnShot_TotalPR,Total Carries_TotalPR,Total Carry xT_TotalPR,Total Final Third Carries_TotalPR,passes_into_final_third_TotalPR,progressive_passes_TotalPR,xT_pass_TotalPR,forward_passes_TotalPR,total accurate back zone pass_p90PR,total accurate fwd zone pass_p90PR,total accurate long balls_p90PR,total accurate pass_p90PR,total aerial won_p90PR,total big chances saved_p90PR,total contest_p90PR,total dribbles attempted_p90PR,total duels won_p90PR,total effective clearance_p90PR,total interception_p90PR,total touches in opposition box_p90PR,total was fouled_p90PR,total won tackle_p90PR,total assists_p90PR,total att assist_p90PR,total attempt_p90PR,total attempts ibox_p90PR,total attempts obox_p90PR,total blocked scoring att_p90PR,total goals_p90PR,total ontarget attempt_p90PR,total accurate cross_p90PR,total won contest_p90PR,total direct setpiece goals_p90PR,total direct corner goals_p90PR,pass_success_pct_p90PR,long_balls_success_pct_p90PR,cross_success_pct_p90PR,dribble_success_pct_p90PR,attempt_success_pct_p90PR,duel_success_pct_p90PR,aerial_success_pct_p90PR,tackle_success_pct_p90PR,xG_p90PR,xA_p90PR,CreatedOwnShot_p90PR,Total Carries_p90PR,Total Carry xT_p90PR,Total Final Third Carries_p90PR,passes_into_final_third_p90PR,progressive_passes_p90PR,xT_pass_p90PR,forward_passes_p90PR,League
ADO Den Haag,e8hiwrw6ocxm5iht6sp7jiv19,1ainxl6zw3ne3doloixspdez8,P. Mulder,Pascal Mulder,27,Defender,Netherlands,Defender,183.0,88.0,23.0,271.0,16.0,0.0,3.0,3.0,34.0,29.0,17.0,523.0,9.0,5.0,7.0,0.0,1.0,5.0,5.0,0.0,0.0,0.0,1.0,0.0,2.0,0.0,0.0,86.03,52.27,0.0,66.67,20.0,53.97,57.14,63.64,0.6153462703592762,0.0475886374467249,0.0,9.0,0.16923196,1.0,28.0,30.0,0.6137244799999997,175.0,31.491395793499045,15.1434034416826,3.9579349904397705,46.634799235181646,2.753346080305928,0.0,0.5162523900573613,0.5162523900573613,5.850860420650096,4.990439770554493,2.925430210325048,1.548757170172084,0.8604206500956023,1.2045889101338432,0.0,0.1720841300191204,0.8604206500956023,0.8604206500956023,0.0,0.0,0.0,0.1720841300191204,0.0,0.3441682600382409,0.0,0.0,86.03,52.27,0.0,66.67,20.0,53.97,57.14,63.64,0.1058913275952865,0.0081892492738149,0.0,1.548757170172084,0.0291221346080305,0.1720841300191204,4.818355640535373,5.162523900573614,0.105612243212237,30.114722753346083,CB,85,45,89,62,89,41,81,78,94,79,100,90,76,83,39,45,87,93,28,29,35,57,37,80,50,51,40,68,37,74,43,36,62,51,85,34,31,67,55,35,74,77,81,70,70,40,79,45,74,41,74,72,87,68,98,83,68,72,39,38,81,87,28,29,35,53,37,77,50,51,40,68,37,74,43,36,62,51,79,34,31,66,53,30,64,68,66,57,Eredivisie
ADO Den Haag,e8hiwrw6ocxm5iht6sp7jiv19,1cfenhtdvum1vtwn1fd01fzhm,J. Kilo,Juho Kilo,24,Midfielder,Finland,Midfielder,199.0,182.0,22.0,374.0,6.0,0.0,2.0,2.0,27.0,14.0,3.0,540.0,3.0,3.0,12.0,1.0,8.0,4.0,1.0,3.0,1.0,0.0,3.0,7.0,1.0,0.0,0.0,90.12,56.41,43.75,50.0,75.0,61.36,0.0,70.59,0.28989813846222,0.6755777627937776,2.0,16.0,0.3206807,5.0,41.0,33.0,0.8123748400000003,207.0,33.166666666666664,30.33333333333333,3.6666666666666665,62.333333333333336,1.0,0.0,0.3333333333333333,0.3333333333333333,4.5,2.333333333333333,0.5,0.5,0.5,2.0,0.1666666666666666,1.3333333333333333,0.6666666666666666,0.1666666666666666,0.5,0.1666666666666666,0.0,0.5,1.1666666666666667,0.1666666666666666,0.0,0.0,90.12,56.41,43.75,50.0,75.0,61.36,0.0,70.59,0.04831635641037,0.1125962937989629,0.3333333333333333,2.6666666666666665,0.0534467833333333,0.8333333333333334,6.833333333333333,5.5,0.1353958066666667,34.5,DM/CM,100,92,100,96,69,48,15,13,87,85,37,25,38,100,77,83,56,38,73,52,33,81,94,23,50,50,85,58,77,40,87,85,6,62,50,85,62,75,58,54,94,88,81,96,100,65,100,96,54,48,8,4,62,69,27,15,23,96,62,62,38,23,50,35,33,65,88,12,50,50,85,58,77,40,87,85,6,62,31,73,50,65,50,42,85,77,62,88,Eredivisie
ADO Den Haag,e8hiwrw6ocxm5iht6sp7jiv19,1sb4655mgzrdohlltyk9fqlzp,D. van Mieghem,Daryl van Mieghem,36,Attacker,Netherlands,Striker,24.0,37.0,7.0,59.0,2.0,0.0,6.0,6.0,10.0,1.0,1.0,345.0,3.0,6.0,0.0,0.0,2.0,6.0,2.0,4.0,3.0,0.0,1.0,2.0,0.0,0.0,0.0,59.6,46.67,12.5,0.0,16.67,45.45,66.67,0.0,0.416774566092666,0.2236407505597372,1.0,4.0,0.1172523599999999,0.0,11.0,11.0,0.43143119,28.0,6.260869565217391,9.652173913043478,1.826086956521739,15.391304347826086,0.5217391304347826,0.0,1.5652173913043477,1.5652173913043477,2.608695652173913,0.2608695652173913,0.2608695652173913,0.7826086956521738,1.5652173913043477,0.0,0.0,0.5217391304347826,1.5652173913043477,0.5217391304347826,1.0434782608695652,0.7826086956521738,0.0,0.2608695652173913,0.5217391304347826,0.0,0.0,0.0,59.6,46.67,12.5,0.0,16.67,45.45,66.67,0.0,0.1087237998502606,0.0583410653634097,0.2608695652173913,1.0434782608695652,0.030587572173913,0.0,2.869565217391304,2.869565217391304,0.1125472669565217,7.304347826086956,RW,47,25,94,19,50,53,25,22,12,25,41,9,81,12,34,9,16,12,62,50,25,16,38,6,53,53,6,31,38,6,19,56,88,12,12,25,19,19,19,6,94,59,38,38,62,12,88,31,56,53,25,19,12,25,50,6,75,12,34,12,12,12,75,50,25,12,38,6,53,53,6,31,38,6,19,56,88,12,12,25,19,19,19,6,94,56,31,38,Eredivisie
ADO Den Haag,e8hiwrw6ocxm5iht6sp7jiv19,4isvhkgvsyqhoyvwd38agic5w,M. Hokke,Milan Hokke,22,Defender,Netherlands,Defender,163.0,106.0,24.0,265.0,5.0,0.0,3.0,4.0,27.0,21.0,6.0,524.0,7.0,3.0,11.0,1.0,10.0,3.0,1.0,2.0,2.0,0.0,1.0,4.0,2.0,0.0,0.0,83.6,51.06,36.36,66.67,33.33,54.0,33.33,64.71,0.2109983363233091,0.676471150021306,1.0,7.0,0.20291467,2.0,30.0,33.0,0.8701289200000003,148.0,27.99618320610687,18.206106870229007,4.122137404580153,45.51526717557252,0.8587786259541985,0.0,0.5152671755725191,0.6870229007633588,4.637404580152672,3.6068702290076335,1.0305343511450382,1.202290076335878,0.5152671755725191,1.8893129770992367,0.1717557251908397,1.717557251908397,0.5152671755725191,0.1717557251908397,0.3435114503816794,0.3435114503816794,0.0,0.1717557251908397,0.6870229007633588,0.3435114503816794,0.0,0.0,83.6,51.06,36.36,66.67,33.33,54.0,33.33,64.71,0.0362401722692706,0.1161877929425907,0.1717557251908397,1.202290076335878,0.0348517562977099,0.3435114503816794,5.152671755725191,5.66793893129771,0.1494496236641222,25.41984732824428,CB,68,54,91,53,27,41,81,87,79,50,59,74,49,97,88,100,54,34,88,93,35,57,97,80,50,51,28,64,85,74,62,38,16,53,43,94,76,55,66,50,79,85,91,55,38,51,83,43,21,41,72,77,55,34,47,70,40,94,87,100,51,30,83,96,35,51,96,74,50,51,28,64,85,74,62,38,16,53,36,91,77,53,60,47,68,74,87,51,Eredivisie
ADO Den Haag,e8hiwrw6ocxm5iht6sp7jiv19,5f8ajd8cgyvmmdzr0lzi1gtii,E. Rottier,Evan Rottier,24,Attacker,Netherlands,Striker,25.0,51.0,5.0,73.0,5.0,0.0,0.0,1.0,17.0,4.0,1.0,445.0,12.0,8.0,1.0,2.0,11.0,5.0,3.0,2.0,1.0,1.0,3.0,3.0,0.0,0.0,0.0,77.66,55.56,60.0,0.0,60.0,48.57,41.67,25.0,0.4816490157036442,0.8518709857934682,3.0,7.0,0.25151659,1.0,4.0,7.0,0.4706046599999999,32.0,5.056179775280898,10.314606741573034,1.0112359550561798,14.764044943820224,1.0112359550561798,0.0,0.0,0.2022471910112359,3.438202247191011,0.8089887640449438,0.2022471910112359,2.426966292134831,1.6179775280898876,0.2022471910112359,0.4044943820224719,2.224719101123596,1.0112359550561798,0.6067415730337078,0.4044943820224719,0.2022471910112359,0.2022471910112359,0.6067415730337078,0.6067415730337078,0.0,0.0,0.0,77.66,55.56,60.0,0.0,60.0,48.57,41.67,25.0,0.0974121604793887,0.1722885139807014,0.6067415730337078,1.4157303370786516,0.0508685238202247,0.2022471910112359,0.8089887640449438,1.4157303370786516,0.0951784705617977,6.47191011235955,ST,67,72,92,69,40,50,4,8,53,71,62,24,86,36,92,90,22,21,58,31,35,38,86,8,51,51,64,61,100,8,88,72,58,19,22,86,74,75,75,42,61,75,81,78,53,69,92,53,31,50,4,6,22,56,64,11,78,19,94,92,8,14,44,28,25,22,86,8,51,51,64,61,100,8,88,72,58,19,17,86,64,67,69,39,53,69,72,75,Eredivisie
ADO Den Haag,e8hiwrw6ocxm5iht6sp7jiv19,6bd8f7n398r2c92uve249rzmc,O. Raterink,Othniël Raterink,20,Defender,Netherlands,Defender,49.0,41.0,2.0,87.0,4.0,0.0,4.0,4.0,24.0,18.0,1.0,382.0,5.0,1.0,8.0,0.0,4.0,2.0,1.0,1.0,1.0,0.0,0.0,3.0,3.0,0.0,0.0,82.86,33.33,30.0,75.0,0.0,68.57,50.0,50.0,0.1458055618058839,0.3591459729865337,1.0,7.0,0.14731276,3.0,6.0,6.0,0.20824992,31.0,11.544502617801047,9.659685863874346,0.4712041884816754,20.49738219895288,0.9424083769633508,0.0,0.9424083769633508,0.9424083769633508,5.654450261780105,4.240837696335079,0.2356020942408377,1.1780104712041886,0.2356020942408377,1.8848167539267016,0.0,0.9424083769633508,0.4712041884816754,0.2356020942408377,0.2356020942408377,0.2356020942408377,0.0,0.0,0.7068062827225131,0.7068062827225131,0.0,0.0,82.86,33.33,30.0,75.0,0.0,68.57,50.0,50.0,0.0343520957134281,0.0846155433737906,0.2356020942408377,1.649214659685864,0.0347071947643979,0.7068062827225131,1.4136125654450262,1.4136125654450262,0.0490641172774869,7.303664921465969,RB/RCB,38,23,15,23,42,50,81,81,65,62,19,42,15,69,31,62,46,42,58,50,50,31,69,88,54,54,62,54,69,85,31,100,46,23,46,62,81,65,62,58,27,19,15,15,31,31,15,38,54,50,77,77,77,77,23,46,15,85,31,69,46,54,62,54,50,31,77,85,54,54,62,54,69,85,31,100,46,23,54,62,92,62,62,62,31,23,15,15,Eredivisie
ADO Den Haag,e8hiwrw6ocxm5iht6sp7jiv19,7d9x6ojih9obktxl3fnrjskk4,M. Waem,Matteo Waem,26,Defender,Belgium,Defender,124.0,34.0,12.0,158.0,7.0,0.0,2.0,2.0,16.0,24.0,3.0,259.0,1.0,0.0,3.0,0.0,0.0,1.0,0.0,1.0,0.0,0.0,1.0,0.0,1.0,0.0,0.0,89.27,66.67,0.0,50.0,100.0,59.26,70.0,37.5,0.0367823415603722,0.0,1.0,3.0,0.05617798,1.0,9.0,7.0,0.16415015,86.0,43.08880308880309,11.814671814671817,4.1698841698841695,54.9034749034749,2.4324324324324325,0.0,0.694980694980695,0.694980694980695,5.55984555984556,8.339768339768339,1.0424710424710424,0.3474903474903475,0.0,1.0424710424710424,0.0,0.0,0.3474903474903475,0.0,0.3474903474903475,0.0,0.0,0.3474903474903475,0.0,0.3474903474903475,0.0,0.0,89.27,66.67,0.0,50.0,100.0,59.26,70.0,37.5,0.0127815086503223,0.0,0.3474903474903475,1.0424710424710424,0.0195213057915057,0.3474903474903475,3.1274131274131274,2.4324324324324325,0.0570405926640926,29.88416988416989,CB,37,13,51,28,45,41,64,63,33,60,17,17,5,36,39,16,22,14,68,29,35,57,37,60,50,51,57,96,37,61,99,66,85,9,17,16,76,33,30,35,28,21,17,32,98,21,87,68,70,41,83,79,81,91,49,21,5,64,39,16,30,14,85,29,35,81,37,79,50,51,57,96,37,61,99,66,85,9,17,16,89,47,36,49,40,28,28,55,Eredivisie
ADO Den Haag,e8hiwrw6ocxm5iht6sp7jiv19,8kns1kywrlakjwll1cxs19r3e,N. Thomas,Nigel Thomas,25,Attacker,Curaçao,Striker,16.0,41.0,1.0,57.0,0.0,0.0,10.0,11.0,11.0,5.0,0.0,231.0,3.0,2.0,1.0,1.0,2.0,9.0,1.0,8.0,4.0,1.0,2.0,0.0,6.0,0.0,0.0,83.82,25.0,0.0,60.0,22.22,47.83,0.0,33.33,0.4506904072457722,0.213436619688747,7.0,9.0,0.2726138,4.0,8.0,6.0,0.41247426,12.0,6.233766233766233,15.974025974025972,0.3896103896103896,22.20779220779221,0.0,0.0,3.896103896103896,4.285714285714286,4.285714285714286,1.948051948051948,0.0,1.1688311688311688,0.7792207792207791,0.3896103896103896,0.3896103896103896,0.7792207792207791,3.506493506493506,0.3896103896103896,3.1168831168831166,1.5584415584415583,0.3896103896103896,0.7792207792207791,0.0,2.3376623376623376,0.0,0.0,83.82,25.0,0.0,60.0,22.22,47.83,0.0,33.33,0.1755936651606904,0.0831571245540572,2.727272727272727,3.506493506493506,0.1062131688311688,1.5584415584415583,3.1168831168831166,2.3376623376623376,0.1607042571428571,4.675324675324675,ST,39,67,40,64,6,50,81,83,12,79,26,3,29,36,68,19,51,6,97,93,35,24,33,94,51,51,89,31,33,76,14,69,6,26,19,33,94,81,81,88,83,69,75,32,75,86,51,86,6,50,94,94,40,97,26,3,36,60,92,25,81,6,100,100,42,28,33,100,51,51,89,31,33,76,14,69,6,26,25,50,100,94,94,89,97,81,83,58,Eredivisie
ADO Den Haag,e8hiwrw6ocxm5iht6sp7jiv19,c82umtdnxng9vgwogrbznr1be,J. Hawkins,Jalen Hawkins,25,Midfielder,USA,Midfielder,7.0,27.0,1.0,31.0,1.0,0.0,4.0,4.0,10.0,3.0,0.0,210.0,6.0,6.0,1.0,0.0,2.0,4.0,2.0,2.0,2.0,0.0,0.0,3.0,2.0,0.0,0.0,63.27,12.5,18.75,50.0,0.0,43.48,50.0,100.0,0.3011937661439305,0.1631412895711613,4.0,2.0,0.05256723,2.0,0.0,3.0,0.27998025,10.0,3.0,11.571428571428571,0.4285714285714285,13.285714285714285,0.4285714285714285,0.0,1.7142857142857142,1.7142857142857142,4.285714285714286,1.2857142857142856,0.0,2.571428571428571,2.571428571428571,0.4285714285714285,0.0,0.8571428571428571,1.7142857142857142,0.8571428571428571,0.8571428571428571,0.8571428571428571,0.0,0.0,1.2857142857142856,0.8571428571428571,0.0,0.0,63.27,12.5,18.75,50.0,0.0,43.48,50.0,100.0,0.129083042633113,0.0699176955304977,1.7142857142857142,0.8571428571428571,0.0225288128571428,0.8571428571428571,0.0,1.2857142857142856,0.1199915357142857,4.285714285714286,CM/AM,5,3,6,3,35,52,32,31,19,35,10,27,71,18,24,6,19,27,31,52,21,11,69,35,52,52,3,6,35,50,11,29,65,94,19,13,60,8,6,19,3,6,19,3,6,16,6,3,45,52,58,55,58,58,10,52,97,26,24,13,48,52,52,74,21,11,74,58,52,52,3,6,35,50,11,29,65,94,45,19,84,10,13,32,3,6,45,3,Eredivisie
ADO Den Haag,e8hiwrw6ocxm5iht6sp7jiv19,cgnl3msfddxlw37gu1jtiu42c,Y. Eduardo,Yannick Eduardo,20,Attacker,Czechia,Striker,20.0,18.0,0.0,38.0,6.0,0.0,9.0,10.0,18.0,1.0,0.0,414.0,18.0,4.0,1.0,0.0,1.0,5.0,5.0,0.0,0.0,2.0,2.0,0.0,5.0,0.0,0.0,79.17,0.0,0.0,55.56,40.0,36.73,27.27,33.33,0.9445411031909868,0.1041234649111672,1.0,3.0,0.15187321,3.0,1.0,2.0,0.02093956,6.0,4.347826086956522,3.91304347826087,0.0,8.260869565217392,1.3043478260869563,0.0,1.956521739130435,2.173913043478261,3.91304347826087,0.2173913043478261,0.0,3.91304347826087,0.8695652173913044,0.2173913043478261,0.0,0.2173913043478261,1.0869565217391306,1.0869565217391306,0.0,0.0,0.4347826086956522,0.4347826086956522,0.0,1.0869565217391306,0.0,0.0,79.17,0.0,0.0,55.56,40.0,36.73,27.27,33.33,0.2053350224328232,0.0226355358502537,0.2173913043478261,0.6521739130434783,0.0330159152173913,0.6521739130434783,0.2173913043478261,0.4347826086956522,0.0045520782608695,1.3043478260869563,ST,53,14,12,28,47,50,71,75,58,18,26,47,54,36,28,6,22,35,10,11,60,24,33,85,51,51,69,12,33,69,51,25,19,26,47,11,31,43,58,76,22,22,6,8,42,6,12,11,36,50,64,64,28,11,26,36,47,25,28,6,14,31,10,11,51,17,33,78,51,51,69,12,33,69,51,25,19,26,28,8,25,39,50,72,19,17,6,6,Eredivisie
ADO Den Haag,e8hiwrw6ocxm5iht6sp7jiv19,cn74cq8r7zsppzq52p518sums,J. Bal,Jesse Bal,19,Attacker,Netherlands,Striker,7.0,29.0,0.0,36.0,6.0,0.0,1.0,1.0,10.0,1.0,0.0,207.0,12.0,3.0,0.0,0.0,2.0,6.0,5.0,1.0,0.0,1.0,3.0,0.0,1.0,0.0,0.0,69.23,0.0,0.0,100.0,50.0,38.46,50.0,0.0,0.4934779525000626,0.0827441533427454,0.0,2.0,0.04770298,3.0,0.0,2.0,0.2040909899999999,9.0,3.0434782608695654,12.608695652173914,0.0,15.65217391304348,2.608695652173913,0.0,0.4347826086956522,0.4347826086956522,4.347826086956522,0.4347826086956522,0.0,5.217391304347826,1.3043478260869563,0.0,0.0,0.8695652173913044,2.608695652173913,2.173913043478261,0.4347826086956522,0.0,0.4347826086956522,1.3043478260869563,0.0,0.4347826086956522,0.0,0.0,69.23,0.0,0.0,100.0,50.0,38.46,50.0,0.0,0.2145556315217663,0.0359757188446719,0.0,0.8695652173913044,0.0207404260869565,1.3043478260869563,0.0,0.8695652173913044,0.0887352130434782,3.91304347826087,ST,10,47,12,25,47,50,10,8,8,18,26,24,43,10,28,19,31,35,31,11,35,38,33,28,51,51,42,12,33,96,72,32,78,10,25,8,8,28,22,76,8,22,53,18,17,81,12,69,64,50,14,14,44,33,26,67,61,10,28,42,61,64,50,11,51,75,33,44,51,51,42,12,33,96,72,32,78,10,33,14,8,53,36,83,8,42,69,42,Eredivisie
ADO Den Haag,e8hiwrw6ocxm5iht6sp7jiv19,eyx1wga1fue6lb5a0ak5f32i2,S. Oumar Sylla,Sékou Sylla,27,Defender,Guinea,Defender,67.0,40.0,3.0,106.0,0.0,0.0,1.0,1.0,21.0,18.0,3.0,387.0,2.0,9.0,6.0,0.0,1.0,3.0,2.0,1.0,1.0,1.0,1.0,1.0,0.0,0.0,0.0,79.7,20.0,20.0,0.0,33.33,51.22,0.0,50.0,0.2208414478337309,0.0329510174019645,2.0,1.0,0.01611813,1.0,9.0,9.0,0.21905782,40.0,15.58139534883721,9.30232558139535,0.6976744186046512,24.65116279069768,0.0,0.0,0.2325581395348837,0.2325581395348837,4.883720930232558,4.186046511627907,0.6976744186046512,0.4651162790697674,2.0930232558139537,1.3953488372093024,0.0,0.2325581395348837,0.6976744186046512,0.4651162790697674,0.2325581395348837,0.2325581395348837,0.2325581395348837,0.2325581395348837,0.2325581395348837,0.0,0.0,0.0,79.7,20.0,20.0,0.0,33.33,51.22,0.0,50.0,0.0513584762404025,0.0076630273027824,0.4651162790697674,0.2325581395348837,0.0037484023255813,0.2325581395348837,2.0930232558139537,2.0930232558139537,0.0509436790697674,9.30232558139535,LB/LCB,60,15,10,35,5,50,18,15,75,68,18,25,95,72,35,12,65,62,60,57,98,80,22,15,52,52,30,5,22,15,82,40,8,32,60,10,90,15,15,18,30,28,15,22,60,25,5,25,5,50,10,10,80,85,20,25,90,65,35,10,75,65,75,65,100,95,20,15,52,52,30,5,22,15,82,40,8,32,60,10,95,15,15,20,20,20,15,20,Eredivisie
Ajax,d0zdg647gvgc95xdtk1vpbkys,1o7se1aziz6fpes5hey7yijft,Caio Henrique,Caio Henrique Oliveira Silva,29,Defender,Brazil,Defender,69.0,152.0,10.0,215.0,3.0,0.0,3.0,3.0,17.0,5.0,4.0,442.0,13.0,4.0,5.0,1.0,8.0,2.0,0.0,2.0,0.0,0.0,0.0,6.0,1.0,0.0,0.0,87.04,55.56,23.08,33.33,0.0,54.84,75.0,55.56,0.1019900510063777,0.7035541183170323,1.0,24.0,0.59192891,12.0,28.0,31.0,1.515977900000001,117.0,14.049773755656108,30.950226244343888,2.0361990950226243,43.77828054298642,0.6108597285067873,0.0,0.6108597285067873,0.6108597285067873,3.461538461538461,1.0180995475113122,0.8144796380090498,2.647058823529412,0.8144796380090498,1.0180995475113122,0.2036199095022624,1.6289592760180995,0.4072398190045249,0.0,0.4072398190045249,0.0,0.0,0.0,1.2217194570135743,0.2036199095022624,0.0,0.0,87.04,55.56,23.08,33.33,0.0,54.84,75.0,55.56,0.0207672049560497,0.1432576259016581,0.2036199095022624,4.886877828054298,0.1205285110859728,2.443438914027149,5.701357466063348,6.312217194570136,0.30868328280543,23.823529411764703,LB/LCB,65,90,72,95,45,50,52,48,40,5,42,92,52,55,75,72,42,15,92,22,48,32,80,40,52,52,90,100,35,40,32,60,95,40,30,70,60,90,95,92,95,92,90,90,40,90,85,90,40,50,45,40,40,5,45,95,55,50,75,70,45,15,100,22,48,32,80,40,52,52,90,100,35,40,32,60,95,40,30,65,65,90,90,90,90,95,90,85,Eredivisie
Ajax,d0zdg647gvgc95xdtk1vpbkys,2wesmq2wuhnuwh2yhgkuaxqfo,A. Bouwman,Aaron Bouwman,19,Defender,Netherlands,Defender,166.0,154.0,6.0,319.0,6.0,0.0,3.0,3.0,13.0,10.0,4.0,354.0,1.0,2.0,2.0,0.0,2.0,1.0,1.0,0.0,0.0,0.0,1.0,1.0,3.0,0.0,0.0,95.22,40.0,100.0,100.0,100.0,59.09,60.0,100.0,0.1401019769182688,0.1575303087464771,0.0,16.0,0.33054453,6.0,29.0,31.0,0.7015446300000002,205.0,42.20338983050848,39.15254237288136,1.5254237288135597,81.10169491525424,1.5254237288135597,0.0,0.7627118644067797,0.7627118644067797,3.305084745762712,2.5423728813559325,1.0169491525423728,0.2542372881355932,0.5084745762711864,0.5084745762711864,0.0,0.5084745762711864,0.2542372881355932,0.2542372881355932,0.0,0.0,0.0,0.2542372881355932,0.2542372881355932,0.7627118644067797,0.0,0.0,95.22,40.0,100.0,100.0,100.0,59.09,60.0,100.0,0.0356191466741361,0.040050078494867,0.0,4.067796610169491,0.0840367449152542,1.5254237288135597,7.372881355932204,7.88135593220339,0.1783588042372882,52.118644067796616,CB,72,87,22,83,36,41,81,78,13,14,31,17,33,19,39,65,22,34,28,29,35,57,82,88,50,51,98,35,96,91,99,64,67,94,32,64,31,88,89,83,77,80,85,87,96,96,30,100,38,41,85,81,19,15,43,17,36,26,39,74,21,34,28,29,35,72,85,94,50,51,98,35,96,91,99,64,67,94,34,74,31,94,91,85,89,91,91,100,Eredivisie
Ajax,d0zdg647gvgc95xdtk1vpbkys,47l204bkq2qqjhtazusr0019m,Y. Baas,Youri Baas,23,Defender,Netherlands,Defender,144.0,145.0,2.0,289.0,6.0,0.0,1.0,1.0,14.0,13.0,4.0,384.0,5.0,6.0,1.0,0.0,4.0,4.0,3.0,1.0,1.0,1.0,1.0,0.0,0.0,0.0,0.0,95.38,33.33,0.0,0.0,25.0,51.85,42.86,33.33,0.5223916789110762,0.2809661992067976,1.0,14.0,0.293363,7.0,44.0,34.0,0.6083545699999999,178.0,33.75,33.984375,0.46875,67.734375,1.40625,0.0,0.234375,0.234375,3.28125,3.046875,0.9375,1.171875,1.40625,0.234375,0.0,0.9375,0.9375,0.703125,0.234375,0.234375,0.234375,0.234375,0.0,0.0,0.0,0.0,95.38,33.33,0.0,0.0,25.0,51.85,42.86,33.33,0.1224355497447834,0.0658514529390932,0.234375,3.28125,0.0687569531249999,1.640625,10.3125,7.96875,0.14258310234375,41.71875,CB,49,81,6,70,36,41,40,39,18,24,31,51,88,7,39,84,74,72,68,71,82,57,37,23,50,51,100,21,37,23,50,26,23,5,83,85,76,81,83,87,94,88,79,72,83,89,4,91,34,41,45,43,17,23,34,64,91,6,39,85,87,79,74,77,89,64,37,23,50,51,100,21,37,23,50,26,23,5,89,85,81,89,89,87,96,94,83,87,Eredivisie
Ajax,d0zdg647gvgc95xdtk1vpbkys,4n18t6bixl6ba3bx76hym51qs,A. Gaaei,Anton Gaaei,23,Defender,Denmark,Defender,42.0,80.0,5.0,118.0,4.0,0.0,3.0,3.0,18.0,4.0,2.0,270.0,4.0,2.0,6.0,0.0,3.0,4.0,2.0,2.0,2.0,0.0,1.0,4.0,3.0,0.0,0.0,81.94,45.45,25.0,100.0,25.0,52.94,30.77,66.67,0.2405851871294761,0.2879171409897741,2.0,7.0,0.17025131,5.0,10.0,18.0,0.49597725,62.0,14.0,26.666666666666668,1.6666666666666667,39.333333333333336,1.3333333333333333,0.0,1.0,1.0,6.0,1.3333333333333333,0.6666666666666666,1.3333333333333333,0.6666666666666666,2.0,0.0,1.0,1.3333333333333333,0.6666666666666666,0.6666666666666666,0.6666666666666666,0.0,0.3333333333333333,1.3333333333333333,1.0,0.0,0.0,81.94,45.45,25.0,100.0,25.0,52.94,30.77,66.67,0.080195062376492,0.0959723803299247,0.6666666666666666,2.333333333333333,0.0567504366666666,1.6666666666666667,3.333333333333333,6.0,0.16532575,20.666666666666668,RB/RCB,27,62,58,54,42,50,65,65,31,8,38,31,35,46,31,38,77,69,88,77,50,81,88,88,54,54,54,73,50,96,77,31,23,62,69,54,100,65,69,69,46,85,69,46,54,85,77,62,69,50,85,85,92,15,54,69,62,92,31,77,92,77,100,100,50,100,92,92,54,54,54,73,50,96,77,31,23,62,85,69,100,69,69,85,77,85,77,85,Eredivisie
Ajax,d0zdg647gvgc95xdtk1vpbkys,7joybllup4h9oe6zfhcepjy6t,S. Berghuis,Steven Berghuis,34,Attacker,Netherlands,Striker,28.0,129.0,6.0,150.0,2.0,0.0,11.0,11.0,18.0,2.0,0.0,349.0,21.0,5.0,3.0,2.0,12.0,12.0,8.0,4.0,2.0,1.0,5.0,7.0,5.0,0.0,0.0,86.71,60.0,22.58,45.45,41.67,48.65,66.67,50.0,0.9370329704126004,1.276911989483955,3.0,15.0,0.40052496,4.0,16.0,21.0,0.8665555100000001,73.0,7.220630372492836,33.26647564469914,1.5472779369627507,38.68194842406877,0.5157593123209169,0.0,2.836676217765043,2.836676217765043,4.641833810888252,0.5157593123209169,0.0,5.415472779369628,1.2893982808022924,0.7736389684813754,0.5157593123209169,3.094555873925501,3.094555873925501,2.0630372492836675,1.0315186246418335,0.5157593123209169,0.2578796561604584,1.2893982808022924,1.805157593123209,1.2893982808022924,0.0,0.0,86.71,60.0,22.58,45.45,41.67,48.65,66.67,50.0,0.2416417402210144,0.3292896247952892,0.7736389684813754,3.8681948424068766,0.1032872389684813,1.0315186246418335,4.126074498567335,5.415472779369628,0.2234670369627507,18.825214899713465,RW,81,97,84,94,50,53,59,53,59,44,9,62,62,56,94,88,72,75,62,31,62,84,91,56,53,53,94,72,69,56,72,62,88,62,56,88,38,66,62,38,100,94,69,100,81,94,81,100,50,53,69,62,50,44,9,75,62,56,94,94,75,75,69,31,62,94,100,62,53,53,94,72,69,56,72,62,88,62,56,94,38,69,50,38,100,100,75,100,Eredivisie
Ajax,d0zdg647gvgc95xdtk1vpbkys,8hgpvnzy2mra3ps209tniq7f8,O. Gloukh,Oscar Gloukh,22,Midfielder,Israel,Midfielder,23.0,88.0,3.0,110.0,0.0,0.0,9.0,9.0,16.0,1.0,1.0,269.0,16.0,7.0,3.0,2.0,8.0,12.0,8.0,4.0,4.0,0.0,4.0,1.0,6.0,0.0,0.0,85.94,60.0,25.0,66.67,33.33,53.33,0.0,100.0,1.2725829975346952,0.481153580864686,3.0,26.0,0.6516647799999999,11.0,5.0,9.0,0.5133504699999999,42.0,7.695167286245353,29.44237918215613,1.003717472118959,36.80297397769517,0.0,0.0,3.011152416356877,3.011152416356877,5.353159851301116,0.3345724907063197,0.3345724907063197,5.353159851301116,2.3420074349442377,1.003717472118959,0.6691449814126395,2.676579925650558,4.014869888475836,2.676579925650558,1.338289962825279,1.338289962825279,0.0,1.338289962825279,0.3345724907063197,2.007434944237918,0.0,0.0,85.94,60.0,25.0,66.67,33.33,53.33,0.0,100.0,0.4257712631156972,0.1609807519621626,1.003717472118959,8.698884758364311,0.2180291085501858,3.680297397769517,1.6728624535315986,3.011152416356877,0.1717529453531598,14.052044609665428,CM/AM,13,42,19,32,13,52,71,69,45,13,29,65,87,47,90,65,74,85,55,85,21,55,32,74,52,52,58,58,52,81,42,61,16,94,81,45,48,90,81,92,13,19,35,29,26,71,32,65,13,52,84,84,74,16,32,87,94,68,97,87,97,97,81,94,21,84,42,100,52,52,58,58,52,81,42,61,16,94,97,65,74,97,97,97,16,29,68,45,Eredivisie
Ajax,d0zdg647gvgc95xdtk1vpbkys,baakmd4ndnulbl9npvmq90mvp,D. Klaassen,Davy Klaassen,33,Midfielder,Netherlands,Midfielder,47.0,49.0,0.0,96.0,3.0,0.0,2.0,2.0,13.0,5.0,2.0,314.0,13.0,3.0,3.0,0.0,6.0,6.0,4.0,2.0,0.0,2.0,2.0,0.0,1.0,0.0,0.0,84.96,0.0,0.0,50.0,33.33,59.09,60.0,50.0,0.751590485985592,0.3198928408134258,1.0,4.0,0.31236437,2.0,4.0,6.0,0.12109033,50.0,13.471337579617837,14.044585987261147,0.0,27.515923566878985,0.8598726114649682,0.0,0.5732484076433121,0.5732484076433121,3.726114649681529,1.4331210191082802,0.5732484076433121,3.726114649681529,0.8598726114649682,0.8598726114649682,0.0,1.7197452229299364,1.7197452229299364,1.1464968152866242,0.5732484076433121,0.0,0.5732484076433121,0.5732484076433121,0.0,0.286624203821656,0.0,0.0,84.96,0.0,0.0,50.0,33.33,59.09,60.0,50.0,0.2154240246455518,0.0916890308063959,0.286624203821656,1.1464968152866242,0.0895311888535031,0.5732484076433121,1.1464968152866242,1.7197452229299364,0.0347074194267515,14.331210191082802,DM/CM,27,19,4,19,38,48,15,13,21,37,23,83,38,37,31,71,71,79,54,17,96,65,23,23,50,50,38,4,23,40,48,71,92,37,85,50,31,13,54,23,8,6,12,23,38,19,4,23,50,48,31,31,42,50,31,85,54,54,31,85,81,85,62,17,96,69,23,31,50,50,38,4,23,40,48,71,92,37,92,62,46,19,73,27,12,12,8,27,Eredivisie
Ajax,d0zdg647gvgc95xdtk1vpbkys,boehs62sf23wlas5wb4l5s2y,T. Arokodare,Tolu Arokodare,25,Attacker,Nigeria,Striker,15.0,28.0,1.0,43.0,8.0,0.0,8.0,8.0,18.0,3.0,2.0,245.0,18.0,3.0,1.0,1.0,4.0,11.0,9.0,2.0,3.0,2.0,3.0,0.0,6.0,0.0,0.0,81.13,100.0,0.0,75.0,27.27,48.65,42.11,100.0,1.4167243241216978,0.4010138940590482,2.0,4.0,0.1729201899999999,1.0,1.0,2.0,0.17066929,15.0,5.5102040816326525,10.285714285714285,0.3673469387755101,15.79591836734694,2.9387755102040813,0.0,2.9387755102040813,2.9387755102040813,6.612244897959183,1.1020408163265305,0.7346938775510203,6.612244897959183,1.1020408163265305,0.3673469387755101,0.3673469387755101,1.469387755102041,4.040816326530612,3.3061224489795915,0.7346938775510203,1.1020408163265305,0.7346938775510203,1.1020408163265305,0.0,2.204081632653061,0.0,0.0,81.13,100.0,0.0,75.0,27.27,48.65,42.11,100.0,0.5204293435549093,0.1473112263890381,0.7346938775510203,1.469387755102041,0.0635217024489795,0.3673469387755101,0.3673469387755101,0.7346938775510203,0.0626948412244897,5.5102040816326525,ST,36,43,40,46,60,50,65,64,58,56,79,47,43,36,68,50,61,61,58,81,60,38,33,94,51,51,86,93,33,86,22,75,61,88,72,64,58,58,69,42,22,22,44,50,56,67,47,72,72,50,83,83,86,69,89,86,50,53,89,72,92,89,81,92,89,64,33,97,51,51,86,93,33,86,22,75,61,88,89,75,75,72,81,58,28,31,61,67,Eredivisie
Ajax,d0zdg647gvgc95xdtk1vpbkys,brfa9yhy2llgt9l75unddogk,J. Mokio,Jorthy Mokio,18,Midfielder,Congo DR,Midfielder,44.0,58.0,2.0,102.0,4.0,0.0,4.0,4.0,15.0,4.0,5.0,267.0,12.0,1.0,5.0,0.0,4.0,6.0,4.0,2.0,1.0,1.0,2.0,0.0,3.0,0.0,0.0,87.18,66.67,0.0,75.0,33.33,45.45,57.14,71.43,0.4929228623036435,0.3224040231524155,2.0,5.0,0.1173872199999999,0.0,7.0,8.0,0.2331945799999999,52.0,14.831460674157302,19.55056179775281,0.6741573033707865,34.38202247191011,1.348314606741573,0.0,1.348314606741573,1.348314606741573,5.056179775280898,1.348314606741573,1.6853932584269662,4.044943820224719,0.3370786516853932,1.6853932584269662,0.0,1.348314606741573,2.02247191011236,1.348314606741573,0.6741573033707865,0.3370786516853932,0.3370786516853932,0.6741573033707865,0.0,1.0112359550561798,0.0,0.0,87.18,66.67,0.0,75.0,33.33,45.45,57.14,71.43,0.1661537738102169,0.1086755134221625,0.6741573033707865,1.6853932584269662,0.0395687258426965,0.0,2.359550561797753,2.696629213483146,0.0786049146067415,17.528089887640448,DM/CM,19,27,12,23,54,48,52,50,35,27,62,77,8,71,31,52,71,79,54,52,79,65,23,62,50,50,54,85,23,90,48,27,85,67,69,54,62,25,19,6,23,12,23,27,46,42,27,38,73,48,65,65,69,42,85,92,12,92,31,65,85,88,69,65,92,81,23,77,50,50,54,85,23,90,48,27,85,67,81,69,77,38,27,6,27,23,31,38,Eredivisie
Ajax,d0zdg647gvgc95xdtk1vpbkys,dyurvoycbhux9rm1mpaaegf10,A. Ouazane,Abdellah Ouazane,17,Midfielder,Morocco,Midfielder,8.0,69.0,1.0,73.0,2.0,0.0,12.0,13.0,13.0,2.0,3.0,235.0,30.0,3.0,2.0,0.0,5.0,11.0,7.0,4.0,4.0,1.0,3.0,4.0,5.0,0.0,0.0,83.91,50.0,33.33,41.67,27.27,35.14,50.0,66.67,0.7174655016116179,0.6266009780262425,8.0,29.0,1.0651592099999996,6.0,5.0,10.0,1.34653376,32.0,3.0638297872340425,26.42553191489361,0.3829787234042553,27.95744680851064,0.7659574468085106,0.0,4.595744680851063,4.97872340425532,4.97872340425532,0.7659574468085106,1.1489361702127658,11.48936170212766,1.1489361702127658,0.7659574468085106,0.0,1.9148936170212765,4.212765957446808,2.680851063829788,1.5319148936170213,1.5319148936170213,0.3829787234042553,1.1489361702127658,1.5319148936170213,1.9148936170212765,0.0,0.0,83.91,50.0,33.33,41.67,27.27,35.14,50.0,66.67,0.2747740218938111,0.2399748426483481,3.0638297872340425,11.106382978723405,0.4079333144680849,2.297872340425532,1.9148936170212765,3.829787234042553,0.5156937804255319,12.25531914893617,LM/LCM,25,75,25,50,50,62,50,50,62,50,100,75,50,88,38,75,50,50,75,62,75,50,100,75,62,62,75,38,100,75,50,50,75,88,50,75,100,75,75,75,50,50,100,75,25,75,25,75,50,62,100,100,100,50,100,100,50,100,38,75,75,100,75,100,100,75,100,100,62,62,75,38,100,75,50,50,75,88,75,100,100,100,100,100,50,100,100,100,Eredivisie
Ajax,d0zdg647gvgc95xdtk1vpbkys,f4qcgzveslklfi8601tep77x1,J. Brandt,Julian Brandt,30,Midfielder,Germany,Midfielder,33.0,112.0,6.0,144.0,1.0,0.0,3.0,3.0,6.0,2.0,1.0,284.0,17.0,2.0,0.0,0.0,5.0,9.0,6.0,3.0,2.0,2.0,6.0,1.0,2.0,0.0,0.0,83.24,75.0,9.09,66.67,66.67,42.86,50.0,0.0,0.8544326293681637,0.3079861639545922,2.0,11.0,0.35456086,5.0,17.0,16.0,0.5213375299999999,57.0,10.45774647887324,35.49295774647887,1.9014084507042253,45.63380281690141,0.3169014084507042,0.0,0.9507042253521129,0.9507042253521129,1.9014084507042253,0.6338028169014085,0.3169014084507042,5.387323943661972,0.6338028169014085,0.0,0.0,1.5845070422535212,2.852112676056338,1.9014084507042253,0.9507042253521129,0.6338028169014085,0.6338028169014085,1.9014084507042253,0.3169014084507042,0.6338028169014085,0.0,0.0,83.24,75.0,9.09,66.67,66.67,42.86,50.0,0.0,0.2707709036730096,0.0976012491405397,0.6338028169014085,3.4859154929577465,0.1123608359154929,1.5845070422535212,5.387323943661972,5.070422535211268,0.1652125975352112,18.06338028169014,CM/AM,26,58,52,48,35,52,19,19,5,23,29,73,13,6,24,39,65,69,47,52,76,84,32,35,52,52,45,82,23,81,90,26,65,6,61,29,35,52,58,42,65,50,42,39,45,90,71,87,42,52,26,26,6,26,26,94,19,6,24,52,87,87,61,68,87,97,39,45,52,52,45,82,23,81,90,26,65,6,81,35,39,65,68,61,84,74,65,74,Eredivisie
AZ,3kfktv64h7kg7zryax1wktr5r,3dx91sb6ktg8z1xmoti25kru,P. Koopmeiners,Peer Koopmeiners,26,Midfielder,Netherlands,Midfielder,97.0,320.0,21.0,405.0,8.0,1.0,3.0,3.0,29.0,17.0,6.0,535.0,3.0,6.0,10.0,0.0,14.0,8.0,1.0,7.0,1.0,1.0,4.0,12.0,2.0,1.0,1.0,92.26,77.78,37.5,66.67,50.0,58.0,57.14,76.92,0.4651128248339852,1.4596315997496538,3.0,36.0,0.7889662699999997,29.0,59.0,61.0,1.6167830199999995,261.0,16.317757009345794,53.83177570093458,3.5327102803738315,68.13084112149532,1.3457943925233644,0.1682242990654205,0.5046728971962616,0.5046728971962616,4.878504672897196,2.8598130841121496,1.0093457943925233,0.5046728971962616,1.0093457943925233,1.6822429906542056,0.0,2.355140186915888,1.3457943925233644,0.1682242990654205,1.1775700934579438,0.1682242990654205,0.1682242990654205,0.6728971962616822,2.0186915887850465,0.3364485981308411,0.1682242990654205,0.1682242990654205,92.26,77.78,37.5,66.67,50.0,58.0,57.14,76.92,0.0782432789440348,0.245545502761624,0.5046728971962616,6.05607476635514,0.1327232977570093,4.878504672897196,9.925233644859812,10.261682242990654,0.2719821902803737,43.90654205607476,DM/CM,81,100,96,100,87,98,35,35,94,88,75,25,87,92,31,96,83,38,92,52,79,92,100,46,100,100,100,96,69,67,73,65,85,81,62,96,79,100,96,100,100,100,100,100,58,100,92,100,69,96,15,15,65,81,54,19,65,88,31,92,69,27,88,38,65,77,100,38,100,100,100,96,69,67,73,65,85,81,58,96,65,96,92,100,100,100,96,100,Eredivisie
AZ,3kfktv64h7kg7zryax1wktr5r,5ylwgfqvaobru2lxqvlhpxul0,E. Dijkstra,Elijah Dijkstra,20,Defender,Netherlands,Defender,89.0,158.0,5.0,247.0,6.0,0.0,10.0,10.0,18.0,11.0,7.0,501.0,29.0,5.0,3.0,0.0,6.0,4.0,2.0,2.0,2.0,0.0,0.0,0.0,1.0,0.0,0.0,90.15,45.45,0.0,10.0,0.0,41.86,54.55,50.0,0.3624508510777974,0.4092139203319989,1.0,31.0,0.9751042599999996,16.0,15.0,16.0,0.4004351099999999,86.0,15.988023952095809,28.38323353293413,0.8982035928143713,44.37125748502994,1.0778443113772456,0.0,1.796407185628743,1.796407185628743,3.2335329341317367,1.9760479041916168,1.25748502994012,5.209580838323354,0.8982035928143713,0.5389221556886228,0.0,1.0778443113772456,0.718562874251497,0.3592814371257485,0.3592814371257485,0.3592814371257485,0.0,0.0,0.0,0.1796407185628742,0.0,0.0,90.15,45.45,0.0,10.0,0.0,41.86,54.55,50.0,0.0651109313313408,0.073511482694371,0.1796407185628742,5.568862275449102,0.1751684299401197,2.874251497005988,2.694610778443114,2.874251497005988,0.0719344508982035,15.449101796407186,RB/RCB,69,92,58,92,69,50,92,92,31,31,85,100,85,12,31,85,77,69,88,77,50,31,12,54,54,54,92,73,12,38,31,8,69,23,85,69,81,100,100,100,73,62,46,62,62,92,46,85,62,50,92,92,15,31,85,100,85,8,31,85,69,69,85,77,50,31,12,46,54,54,92,73,12,38,31,8,69,23,77,54,69,100,100,100,54,46,38,46,Eredivisie
AZ,3kfktv64h7kg7zryax1wktr5r,8u19xeh9ugvh8f1mh7jnbbhuc,K. Smit,Kees Smit,20,Midfielder,Netherlands,Midfielder,29.0,104.0,6.0,133.0,2.0,0.0,4.0,6.0,6.0,0.0,1.0,298.0,18.0,2.0,0.0,2.0,10.0,6.0,4.0,2.0,3.0,0.0,1.0,0.0,1.0,0.0,0.0,83.12,50.0,0.0,25.0,16.67,26.09,50.0,0.0,0.4902110634252969,0.9349579794290844,2.0,31.0,1.0201397199999998,10.0,12.0,16.0,0.7797161099999997,71.0,8.758389261744966,31.409395973154364,1.812080536912752,40.16778523489933,0.6040268456375839,0.0,1.2080536912751678,1.812080536912752,1.812080536912752,0.0,0.3020134228187919,5.436241610738255,0.6040268456375839,0.0,0.6040268456375839,3.02013422818792,1.812080536912752,1.2080536912751678,0.6040268456375839,0.906040268456376,0.0,0.3020134228187919,0.0,0.3020134228187919,0.0,0.0,83.12,50.0,0.0,25.0,16.67,26.09,50.0,0.0,0.1480503211687138,0.2823698595591195,0.6040268456375839,9.36241610738255,0.308095888590604,3.02013422818792,3.624161073825504,4.832214765100671,0.2354847312080536,21.44295302013423,CM/AM,18,52,52,39,56,52,32,52,5,5,29,77,13,6,90,79,35,55,31,71,21,29,8,18,52,52,42,35,8,18,24,3,65,6,42,81,35,94,97,87,32,50,74,48,35,74,65,77,55,52,42,61,3,5,23,97,16,6,94,97,52,65,32,81,21,32,8,19,52,52,42,35,8,18,24,3,65,6,52,90,35,100,100,94,58,71,81,87,Eredivisie
AZ,3kfktv64h7kg7zryax1wktr5r,9bgq1tfyfzc3wg9pfr8q510k4,D. Kwakman,Dave Kwakman,22,Midfielder,Netherlands,Midfielder,61.0,165.0,3.0,226.0,6.0,0.0,1.0,2.0,29.0,6.0,1.0,466.0,7.0,12.0,6.0,1.0,4.0,14.0,3.0,11.0,4.0,1.0,4.0,0.0,1.0,0.0,0.0,91.87,42.86,0.0,100.0,28.57,63.04,46.15,60.0,0.956775582789278,0.2287433705158584,8.0,27.0,0.5988063299999998,8.0,13.0,21.0,0.4231676500000001,106.0,11.781115879828326,31.866952789699567,0.5793991416309012,43.648068669527895,1.1587982832618025,0.0,0.1931330472103004,0.3862660944206008,5.600858369098712,1.1587982832618025,0.1931330472103004,1.351931330472103,2.317596566523605,1.1587982832618025,0.1931330472103004,0.7725321888412017,2.703862660944206,0.5793991416309012,2.124463519313305,0.7725321888412017,0.1931330472103004,0.7725321888412017,0.0,0.1931330472103004,0.0,0.0,91.87,42.86,0.0,100.0,28.57,63.04,46.15,60.0,0.1847849838005043,0.0441779041768825,1.5450643776824031,5.214592274678111,0.1156492912017167,1.5450643776824031,2.510729613733905,4.055793991416309,0.0817276577253219,20.47210300429185,DM/CM,35,88,23,69,69,48,4,13,94,42,12,62,100,85,77,52,96,67,100,92,79,92,23,23,50,50,96,42,23,98,33,92,46,58,92,42,100,92,92,71,38,65,35,62,23,81,12,62,62,48,4,8,73,31,12,54,100,77,77,50,96,69,100,88,77,92,23,19,50,50,96,42,23,98,33,92,46,58,88,27,100,85,81,69,35,54,38,50,Eredivisie
AZ,3kfktv64h7kg7zryax1wktr5r,9lixevzo8exxiia17altfw8ic,W. Goes,Wouter Goes,22,Defender,Netherlands,Defender,188.0,166.0,20.0,354.0,10.0,0.0,3.0,3.0,25.0,26.0,10.0,540.0,7.0,2.0,8.0,1.0,2.0,2.0,2.0,0.0,0.0,0.0,0.0,0.0,2.0,0.0,0.0,91.71,64.52,0.0,66.67,0.0,59.52,62.5,72.73,0.1920512126367927,0.1460903971366913,0.0,18.0,0.37710572,14.0,32.0,31.0,0.6600214099999999,211.0,31.33333333333333,27.666666666666668,3.333333333333333,59.0,1.6666666666666667,0.0,0.5,0.5,4.166666666666667,4.333333333333333,1.6666666666666667,1.1666666666666667,0.3333333333333333,1.3333333333333333,0.1666666666666666,0.3333333333333333,0.3333333333333333,0.3333333333333333,0.0,0.0,0.0,0.0,0.0,0.3333333333333333,0.0,0.0,91.71,64.52,0.0,66.67,0.0,59.52,62.5,72.73,0.0320085354394654,0.0243483995227818,0.0,3.0,0.0628509533333333,2.333333333333333,5.333333333333333,5.166666666666667,0.1100035683333333,35.166666666666664,CB,89,89,81,91,61,41,81,78,70,68,87,74,33,90,88,65,36,54,28,29,35,19,37,80,50,51,81,89,37,74,19,69,76,72,38,60,31,93,91,100,81,80,83,91,67,74,63,72,51,41,69,69,37,50,76,61,27,80,81,63,27,43,28,29,35,19,37,72,50,51,81,89,37,74,19,69,76,72,30,57,31,87,85,94,70,70,72,74,Eredivisie
AZ,3kfktv64h7kg7zryax1wktr5r,9tgbdheyuooa8cfz06l577end,C. Stengs,Calvin Stengs,27,Midfielder,Netherlands,Midfielder,19.0,82.0,4.0,99.0,1.0,0.0,10.0,11.0,14.0,1.0,0.0,237.0,18.0,1.0,3.0,2.0,10.0,7.0,4.0,3.0,3.0,1.0,2.0,2.0,8.0,0.0,0.0,77.34,80.0,22.22,80.0,28.57,51.85,50.0,75.0,0.6323367889201622,0.8664692923181405,2.0,20.0,0.61156465,5.0,9.0,18.0,1.25142659,39.0,7.215189873417722,31.13924050632912,1.518987341772152,37.59493670886076,0.379746835443038,0.0,3.79746835443038,4.177215189873418,5.316455696202532,0.379746835443038,0.0,6.835443037974684,0.379746835443038,1.139240506329114,0.759493670886076,3.79746835443038,2.6582278481012658,1.518987341772152,1.139240506329114,1.139240506329114,0.379746835443038,0.759493670886076,0.759493670886076,3.037974683544304,0.0,0.0,77.34,80.0,22.22,80.0,28.57,51.85,50.0,75.0,0.2401278945266438,0.3290389717663824,0.759493670886076,7.59493670886076,0.2322397405063291,1.89873417721519,3.4177215189873418,6.835443037974684,0.4752252873417721,14.810126582278482,RM/RCM,25,75,50,50,50,62,75,75,50,38,25,75,38,25,88,88,75,75,75,75,75,75,75,75,62,62,25,100,75,88,50,50,50,100,75,75,75,100,100,100,50,100,100,50,25,100,75,100,50,62,100,100,50,50,25,100,50,50,100,100,75,75,100,100,75,75,75,100,62,62,25,100,75,88,50,50,50,100,75,100,75,100,100,100,100,100,100,100,Eredivisie
AZ,3kfktv64h7kg7zryax1wktr5r,ab17bik4y8ilv3ahe50a81ixg,M. Meerdink,Mexx Meerdink,23,Attacker,Netherlands,Striker,33.0,46.0,2.0,79.0,18.0,0.0,5.0,5.0,33.0,4.0,0.0,491.0,36.0,10.0,2.0,2.0,3.0,21.0,20.0,1.0,3.0,2.0,6.0,0.0,3.0,0.0,0.0,73.15,100.0,0.0,60.0,28.57,52.38,58.06,66.67,2.8603903416935186,0.2771008634468533,4.0,5.0,0.1226840499999999,1.0,8.0,5.0,0.14035095,22.0,6.04887983706721,8.431771894093686,0.3665987780040733,14.480651731160895,3.29938900203666,0.0,0.9164969450101832,0.9164969450101832,6.04887983706721,0.7331975560081466,0.0,6.59877800407332,1.8329938900203664,0.3665987780040733,0.3665987780040733,0.5498981670061099,3.84928716904277,3.665987780040733,0.1832993890020366,0.5498981670061099,0.3665987780040733,1.09979633401222,0.0,0.5498981670061099,0.0,0.0,73.15,100.0,0.0,60.0,28.57,52.38,58.06,66.67,0.5243078019397488,0.050792418961745,0.7331975560081466,0.9164969450101832,0.0224879114052952,0.1832993890020366,1.4663951120162932,0.9164969450101832,0.0257262433808553,4.032586558044806,ST,83,69,71,75,86,50,54,49,92,71,26,97,94,64,92,36,97,100,31,81,60,82,33,58,51,51,44,93,33,76,26,86,92,54,97,47,83,68,53,42,83,62,42,67,69,53,44,50,78,50,39,36,81,50,26,83,86,50,86,8,86,94,19,58,39,61,33,53,51,51,44,93,33,76,26,86,92,54,92,25,72,56,39,31,72,50,31,47,Eredivisie
AZ,3kfktv64h7kg7zryax1wktr5r,cs49ec8y6cubrlo5nmu3j3jtg,L. Schouten,Lewis Schouten,22,Midfielder,Netherlands,Midfielder,180.0,140.0,6.0,320.0,11.0,1.0,3.0,3.0,30.0,22.0,2.0,540.0,11.0,4.0,8.0,0.0,0.0,7.0,6.0,1.0,2.0,1.0,1.0,0.0,3.0,0.0,0.0,89.14,37.5,0.0,100.0,14.29,60.0,50.0,66.67,0.8475414422154893,0.0,1.0,16.0,0.32117173,4.0,26.0,29.0,0.4614540899999999,214.0,30.0,23.33333333333333,1.0,53.333333333333336,1.8333333333333333,0.1666666666666666,0.5,0.5,5.0,3.6666666666666665,0.3333333333333333,1.8333333333333333,0.6666666666666666,1.3333333333333333,0.0,0.0,1.1666666666666667,1.0,0.1666666666666666,0.3333333333333333,0.1666666666666666,0.1666666666666666,0.0,0.5,0.0,0.0,89.14,37.5,0.0,100.0,14.29,60.0,50.0,66.67,0.1412569070359149,0.0,0.1666666666666666,2.6666666666666665,0.0535286216666666,0.6666666666666666,4.333333333333333,4.833333333333333,0.0769090149999999,35.666666666666664,CB,83,77,22,85,64,90,81,78,84,54,11,98,63,90,39,16,95,97,68,93,82,57,37,88,50,51,55,26,37,91,38,74,34,61,96,16,76,88,87,66,69,73,53,94,49,66,14,60,55,85,69,69,64,39,6,96,53,80,39,16,89,94,59,89,73,44,37,85,50,51,55,26,37,91,38,74,34,61,91,16,66,82,81,63,55,66,45,77,Eredivisie
AZ,3kfktv64h7kg7zryax1wktr5r,czlf1kiqdfepc61hwfutoydqs,Weslley Patati,Weslley Pinto Batista,22,Attacker,Brazil,Striker,15.0,118.0,3.0,128.0,3.0,0.0,11.0,13.0,24.0,1.0,3.0,303.0,25.0,5.0,5.0,0.0,8.0,14.0,8.0,6.0,3.0,1.0,4.0,5.0,7.0,0.0,0.0,84.77,60.0,29.41,63.64,28.57,53.33,50.0,55.56,1.2433372214855212,0.7680316393957272,4.0,26.0,0.8563766599999999,8.0,3.0,9.0,0.42458709,34.0,4.455445544554456,35.04950495049505,0.8910891089108911,38.01980198019802,0.8910891089108911,0.0,3.267326732673267,3.861386138613861,7.128712871287129,0.297029702970297,0.8910891089108911,7.425742574257426,1.4851485148514851,1.4851485148514851,0.0,2.376237623762376,4.158415841584159,2.376237623762376,1.7821782178217822,0.8910891089108911,0.297029702970297,1.188118811881188,1.4851485148514851,2.07920792079208,0.0,0.0,84.77,60.0,29.41,63.64,28.57,53.33,50.0,55.56,0.3693080855897587,0.2281282097215031,1.188118811881188,7.722772277227722,0.254369304950495,2.376237623762376,0.8910891089108911,2.6732673267326734,0.1261149772277227,10.0990099009901,RW,6,81,38,81,66,53,59,62,84,25,75,81,62,94,34,75,88,75,94,50,62,62,69,66,53,53,75,72,75,88,31,88,59,72,81,69,47,88,88,88,28,41,31,50,19,100,38,94,75,53,75,75,100,31,75,94,69,100,34,81,100,81,100,69,69,75,81,81,53,53,75,72,75,88,31,88,59,72,100,75,56,94,88,88,31,44,38,56,Eredivisie
AZ,3kfktv64h7kg7zryax1wktr5r,es363spp9pgd4hralx6ni2xw4,M. Chávez,Mateo Chávez,22,Defender,Mexico,Defender,54.0,156.0,7.0,205.0,1.0,0.0,5.0,6.0,23.0,8.0,4.0,471.0,28.0,6.0,9.0,3.0,12.0,6.0,5.0,1.0,1.0,1.0,3.0,5.0,2.0,0.0,0.0,83.0,41.18,29.41,40.0,50.0,52.27,25.0,64.29,0.4586703611671856,1.2720931130132669,1.0,34.0,0.8818456199999999,16.0,19.0,31.0,1.6695091099999997,120.0,10.318471337579618,29.808917197452228,1.3375796178343948,39.17197452229299,0.1910828025477706,0.0,0.9554140127388536,1.1464968152866242,4.394904458598727,1.5286624203821657,0.7643312101910827,5.350318471337579,1.1464968152866242,1.7197452229299364,0.5732484076433121,2.2929936305732483,1.1464968152866242,0.9554140127388536,0.1910828025477706,0.1910828025477706,0.1910828025477706,0.5732484076433121,0.9554140127388536,0.3821656050955413,0.0,0.0,83.0,41.18,29.41,40.0,50.0,52.27,25.0,64.29,0.087644018057424,0.243075117136293,0.1910828025477706,6.496815286624204,0.1685055324840764,3.057324840764331,3.6305732484076434,5.923566878980892,0.3190144796178343,22.929936305732483,LB/LCB,40,95,45,85,15,50,68,70,85,22,42,100,78,98,95,100,92,95,60,57,98,100,70,57,52,52,50,40,60,45,98,50,30,65,85,100,60,100,100,100,75,92,100,95,25,85,40,85,15,50,70,65,65,15,35,100,80,85,95,100,95,95,55,55,95,100,65,55,52,52,50,40,60,45,98,50,30,65,85,100,60,100,100,95,70,90,100,80,Eredivisie
AZ,3kfktv64h7kg7zryax1wktr5r,wuh8s4gfo9ro3nel3rormg44,R. Daal,Ro-Zangelo Daal,22,Attacker,Netherlands,Striker,28.0,194.0,4.0,217.0,1.0,0.0,29.0,29.0,30.0,0.0,3.0,511.0,49.0,7.0,1.0,0.0,19.0,14.0,9.0,5.0,4.0,4.0,10.0,5.0,19.0,0.0,0.0,85.43,80.0,22.73,65.52,71.43,53.57,20.0,33.33,1.113019425052806,1.6767261621270892,9.0,94.0,3.05807175,19.0,3.0,25.0,2.464232780000001,78.0,4.931506849315069,34.168297455968684,0.7045009784735812,38.21917808219178,0.1761252446183953,0.0,5.107632093933463,5.107632093933463,5.283757338551859,0.0,0.5283757338551859,8.63013698630137,1.2328767123287672,0.1761252446183953,0.0,3.3463796477495107,2.4657534246575343,1.5851272015655578,0.8806262230919765,0.7045009784735812,0.7045009784735812,1.761252446183953,0.8806262230919765,3.3463796477495107,0.0,0.0,85.43,80.0,22.73,65.52,71.43,53.57,20.0,33.33,0.1960308185024511,0.2953138054626967,1.5851272015655578,16.555772994129157,0.5386036350293542,3.3463796477495107,0.5283757338551859,4.403131115459883,0.4340136011741684,13.737769080234832,LW,70,100,80,100,40,55,100,100,100,15,65,100,60,20,25,100,90,90,90,80,100,100,90,100,55,55,80,70,60,100,100,90,40,20,70,100,90,100,100,100,25,100,100,100,30,100,60,90,30,55,80,80,60,15,40,90,50,10,25,100,70,70,70,70,90,90,70,100,55,55,80,70,60,100,100,90,40,20,50,100,80,100,100,100,20,100,100,100,Eredivisie
Excelsior,dqk062lu0vm8epvytbm6r4mmf,20ib1q65ul2h570xl6jpcx1jo,D. van Vianen,Daniël van Vianen,23,Midfielder,Netherlands,Midfielder,27.0,35.0,4.0,61.0,8.0,0.0,4.0,4.0,17.0,9.0,2.0,254.0,5.0,4.0,3.0,0.0,2.0,2.0,1.0,1.0,1.0,0.0,0.0,1.0,2.0,0.0,0.0,84.72,80.0,100.0,50.0,0.0,62.96,88.89,100.0,0.2154299092397004,0.1441148064846877,1.0,3.0,0.1487977899999999,1.0,6.0,9.0,0.10238816,28.0,9.566929133858268,12.401574803149606,1.4173228346456692,21.614173228346456,2.8346456692913384,0.0,1.4173228346456692,1.4173228346456692,6.0236220472440944,3.188976377952756,0.7086614173228346,1.7716535433070866,1.4173228346456692,1.062992125984252,0.0,0.7086614173228346,0.7086614173228346,0.3543307086614173,0.3543307086614173,0.3543307086614173,0.0,0.0,0.3543307086614173,0.7086614173228346,0.0,0.0,84.72,80.0,100.0,50.0,0.0,62.96,88.89,100.0,0.0763334324077678,0.0510643015103224,0.3543307086614173,1.062992125984252,0.0527236263779527,0.3543307086614173,2.125984251968504,3.188976377952756,0.0362792692913385,9.921259842519683,DM/CM,12,4,37,4,87,48,52,50,52,65,23,46,54,37,31,19,21,38,27,52,33,12,56,46,50,50,35,100,98,40,12,88,100,96,42,23,31,8,27,13,17,19,8,8,12,15,42,12,96,48,69,69,88,92,35,65,92,69,31,38,46,54,38,73,33,12,69,62,50,50,35,100,98,40,12,88,100,96,54,38,54,15,42,15,23,35,12,15,Eredivisie
Excelsior,dqk062lu0vm8epvytbm6r4mmf,2tox45zgi16bvmn2xzdlvblsk,J. Plug,Jan Plug,21,Defender,Netherlands,Defender,202.0,111.0,29.0,313.0,9.0,0.0,0.0,0.0,22.0,29.0,10.0,540.0,5.0,1.0,5.0,0.0,1.0,3.0,2.0,1.0,1.0,0.0,1.0,0.0,0.0,0.0,0.0,90.99,56.86,0.0,0.0,33.33,48.89,34.62,41.67,0.2490877495017287,0.0448404975598162,1.0,2.0,0.03875117,2.0,34.0,32.0,0.5119938399999998,138.0,33.666666666666664,18.5,4.833333333333333,52.16666666666666,1.5,0.0,0.0,0.0,3.6666666666666665,4.833333333333333,1.6666666666666667,0.8333333333333334,0.1666666666666666,0.8333333333333334,0.0,0.1666666666666666,0.5,0.3333333333333333,0.1666666666666666,0.1666666666666666,0.0,0.1666666666666666,0.0,0.0,0.0,0.0,90.99,56.86,0.0,0.0,33.33,48.89,34.62,41.67,0.0415146249169547,0.0074734162599693,0.1666666666666666,0.3333333333333333,0.0064585283333333,0.3333333333333333,5.666666666666667,5.333333333333333,0.0853323066666666,23.0,CB,94,60,100,81,54,41,14,13,57,79,87,51,18,68,39,45,54,54,68,71,35,57,37,23,50,51,74,72,37,23,62,17,19,11,53,32,76,23,21,50,86,83,60,50,79,53,94,57,36,41,14,13,26,64,76,47,11,53,39,33,44,43,59,60,35,44,37,23,50,51,74,72,37,23,62,17,19,11,43,32,66,21,19,41,73,72,49,33,Eredivisie
Excelsior,dqk062lu0vm8epvytbm6r4mmf,3hu6e9wa0nt4ekubxye6l4pas,I. Yegoian,Irakli Yegoian,22,Midfielder,Georgia,Midfielder,66.0,130.0,13.0,184.0,5.0,0.0,21.0,22.0,34.0,7.0,5.0,525.0,19.0,7.0,6.0,4.0,14.0,15.0,6.0,9.0,3.0,2.0,7.0,12.0,11.0,0.0,0.0,79.65,56.52,40.0,52.38,46.67,40.0,41.67,54.55,1.0465036391735807,1.7111730782727566,12.0,24.0,0.7106691499999997,9.0,27.0,31.0,2.7881871599999988,97.0,11.314285714285717,22.28571428571429,2.2285714285714286,31.542857142857144,0.8571428571428572,0.0,3.6,3.771428571428572,5.828571428571429,1.2,0.8571428571428572,3.257142857142857,1.2,1.0285714285714287,0.6857142857142857,2.4,2.571428571428572,1.0285714285714287,1.542857142857143,0.5142857142857143,0.3428571428571428,1.2,2.0571428571428574,1.885714285714286,0.0,0.0,79.65,56.52,40.0,52.38,46.67,40.0,41.67,54.55,0.1794006238583281,0.2933439562753297,2.0571428571428574,4.114285714285715,0.1218289971428571,1.542857142857143,4.628571428571429,5.314285714285715,0.4779749417142855,16.62857142857143,CM/AM,74,81,92,76,79,52,100,100,98,68,82,81,87,90,100,90,90,69,97,71,76,95,100,97,52,52,23,52,69,68,68,23,53,45,71,97,100,81,90,76,94,89,100,81,55,61,87,48,74,52,94,94,84,55,77,65,68,71,100,81,74,58,87,55,68,81,97,84,52,52,23,52,69,68,68,23,53,45,61,97,90,68,74,55,81,77,100,65,Eredivisie
Excelsior,dqk062lu0vm8epvytbm6r4mmf,49xsd6e4oyjrhtwsdbdm4rj84,L. Hartjes,Lennard Hartjes,23,Midfielder,Netherlands,Midfielder,84.0,103.0,11.0,187.0,4.0,0.0,4.0,5.0,17.0,18.0,6.0,519.0,5.0,3.0,5.0,0.0,3.0,4.0,3.0,1.0,2.0,0.0,2.0,0.0,3.0,0.0,0.0,86.57,55.0,0.0,75.0,50.0,37.78,50.0,71.43,0.3638468440557714,0.2153122490831526,3.0,15.0,0.34647301,8.0,22.0,17.0,0.44416662,94.0,14.566473988439306,17.86127167630058,1.907514450867052,32.42774566473989,0.6936416184971098,0.0,0.6936416184971098,0.8670520231213873,2.947976878612717,3.121387283236994,1.0404624277456649,0.8670520231213873,0.5202312138728323,0.8670520231213873,0.0,0.5202312138728323,0.6936416184971098,0.5202312138728323,0.1734104046242774,0.3468208092485549,0.0,0.3468208092485549,0.0,0.5202312138728323,0.0,0.0,86.57,55.0,0.0,75.0,50.0,37.78,50.0,71.43,0.0630948284489777,0.0373373842340727,0.5202312138728323,2.601156069364162,0.0600820248554913,1.3872832369942196,3.815028901734104,2.947976878612717,0.0770231132947976,16.300578034682083,DM/CM,65,42,77,54,54,48,52,58,52,92,75,46,38,71,31,35,56,67,27,77,33,65,23,62,50,50,50,54,23,90,73,12,63,67,54,38,79,69,65,71,65,52,38,58,42,27,65,35,42,48,38,42,27,88,58,35,31,58,31,19,42,65,19,69,33,58,23,46,50,50,50,54,23,90,73,12,63,67,50,23,73,62,54,62,46,27,27,35,Eredivisie
Excelsior,dqk062lu0vm8epvytbm6r4mmf,5pg02unrm16jaa8vt5ego9z6y,S. Janssen,Simon Janssen,25,Defender,Netherlands,Defender,62.0,64.0,9.0,119.0,8.0,0.0,2.0,2.0,19.0,9.0,0.0,401.0,7.0,2.0,9.0,3.0,7.0,3.0,3.0,0.0,2.0,0.0,0.0,7.0,0.0,0.0,0.0,83.22,47.37,25.93,0.0,0.0,51.35,57.14,100.0,0.3110128254875057,1.0406514427598077,0.0,0.0,0.0,3.0,11.0,18.0,0.77496981,48.0,13.915211970074813,14.364089775561096,2.0199501246882794,26.70822942643392,1.795511221945137,0.0,0.4488778054862842,0.4488778054862842,4.2643391521197005,2.0199501246882794,0.0,1.5710723192019949,0.4488778054862842,2.0199501246882794,0.6733167082294265,1.5710723192019949,0.6733167082294265,0.6733167082294265,0.0,0.4488778054862842,0.0,0.0,1.5710723192019949,0.0,0.0,0.0,83.22,47.37,25.93,0.0,0.0,51.35,57.14,100.0,0.0698033772914601,0.233562667951079,0.0,0.0,0.0,0.6733167082294265,2.468827930174564,4.039900249376559,0.1739333738154613,10.773067331670823,LB/LCB,55,48,65,40,88,50,38,32,62,30,5,57,25,98,95,65,65,78,20,82,48,32,88,15,52,52,55,65,40,15,32,45,70,98,70,85,20,8,8,50,38,60,60,35,35,55,80,35,90,50,40,35,55,25,5,65,20,90,100,65,70,85,20,90,48,32,90,15,52,52,55,65,40,15,32,45,70,98,80,95,20,8,8,55,40,65,65,35,Eredivisie
Excelsior,dqk062lu0vm8epvytbm6r4mmf,987w8p2dsxd9tm1phv18g6pec,A. Sliti,Aymen Sliti,20,Attacker,Netherlands,Striker,17.0,49.0,3.0,65.0,4.0,0.0,5.0,6.0,12.0,2.0,1.0,296.0,13.0,3.0,2.0,1.0,4.0,12.0,8.0,4.0,4.0,2.0,5.0,1.0,2.0,0.0,0.0,74.71,50.0,12.5,40.0,41.67,60.0,80.0,66.67,0.9444729779064608,0.3681924780759134,7.0,8.0,0.22927766,7.0,4.0,9.0,0.34141093,37.0,5.168918918918919,14.89864864864865,0.9121621621621622,19.76351351351352,1.2162162162162162,0.0,1.5202702702702704,1.8243243243243243,3.6486486486486487,0.6081081081081081,0.304054054054054,3.952702702702703,0.9121621621621622,0.6081081081081081,0.304054054054054,1.2162162162162162,3.6486486486486487,2.4324324324324325,1.2162162162162162,1.2162162162162162,0.6081081081081081,1.5202702702702704,0.304054054054054,0.6081081081081081,0.0,0.0,74.71,50.0,12.5,40.0,41.67,60.0,80.0,66.67,0.2871708378769644,0.1119504156311898,2.1283783783783785,2.4324324324324325,0.069712802027027,2.1283783783783785,1.2162162162162162,2.7364864864864864,0.1038073773648648,11.25,RW,16,38,38,25,84,53,19,22,25,44,41,38,19,44,78,31,72,75,62,72,88,84,19,34,53,53,31,44,38,44,72,94,100,81,62,31,88,25,25,75,44,41,25,59,38,56,44,50,88,53,19,25,31,56,62,44,31,44,88,44,94,88,94,100,94,100,19,44,53,53,31,44,38,44,72,94,100,81,81,31,100,31,31,81,50,50,25,69,Eredivisie
Excelsior,dqk062lu0vm8epvytbm6r4mmf,aeqj9ogm0dntus0wl352w9z6y,C. Widell,Casper Widell,23,Defender,Sweden,Defender,158.0,72.0,14.0,230.0,27.0,0.0,0.0,0.0,36.0,39.0,7.0,465.0,9.0,4.0,3.0,0.0,4.0,4.0,4.0,0.0,1.0,1.0,1.0,0.0,0.0,0.0,0.0,81.56,37.84,0.0,0.0,25.0,65.45,77.14,60.0,0.4111751282202509,0.2024301216294448,0.0,1.0,0.0199707,0.0,15.0,16.0,0.37077018,131.0,30.58064516129032,13.935483870967742,2.7096774193548385,44.516129032258064,5.225806451612903,0.0,0.0,0.0,6.967741935483871,7.548387096774193,1.3548387096774193,1.7419354838709675,0.7741935483870968,0.5806451612903225,0.0,0.7741935483870968,0.7741935483870968,0.7741935483870968,0.0,0.1935483870967742,0.1935483870967742,0.1935483870967742,0.0,0.0,0.0,0.0,81.56,37.84,0.0,0.0,25.0,65.45,77.14,60.0,0.0795822828813388,0.0391800235411828,0.0,0.1935483870967742,0.0038652967741935,0.0,2.9032258064516125,3.096774193548387,0.0717619703225806,25.354838709677416,CB,66,36,60,45,100,41,14,13,98,98,69,90,63,36,39,84,74,84,28,71,82,57,37,23,50,51,19,28,37,23,50,87,94,46,70,74,31,17,17,14,39,41,36,43,55,36,60,40,100,41,14,13,98,89,64,94,60,32,39,81,70,83,28,70,83,57,37,23,50,51,19,28,37,23,50,87,94,46,72,72,31,17,17,14,38,36,36,49,Eredivisie
Excelsior,dqk062lu0vm8epvytbm6r4mmf,bag719kcv7cq4xwjgmccw57o4,Á. Þorsteinsson,Ágúst Thorsteinsson,21,Midfielder,Iceland,Midfielder,19.0,41.0,2.0,60.0,3.0,0.0,5.0,6.0,14.0,4.0,0.0,284.0,11.0,5.0,2.0,1.0,3.0,4.0,3.0,1.0,3.0,0.0,1.0,0.0,3.0,0.0,0.0,82.19,100.0,0.0,60.0,25.0,41.18,30.0,66.67,0.3935844971451368,0.281207404341823,2.0,13.0,0.4558806800000001,2.0,2.0,5.0,0.1808919499999999,23.0,6.021126760563381,12.992957746478874,0.6338028169014085,19.014084507042256,0.9507042253521129,0.0,1.5845070422535212,1.9014084507042253,4.436619718309859,1.267605633802817,0.0,3.4859154929577465,1.5845070422535212,0.6338028169014085,0.3169014084507042,0.9507042253521129,1.267605633802817,0.9507042253521129,0.3169014084507042,0.9507042253521129,0.0,0.3169014084507042,0.0,0.9507042253521129,0.0,0.0,82.19,100.0,0.0,60.0,25.0,41.18,30.0,66.67,0.124727481489656,0.0891150225026903,0.6338028169014085,4.119718309859155,0.1444692295774648,0.6338028169014085,0.6338028169014085,1.5845070422535212,0.0573249137323943,7.288732394366197,LM/LCM,50,25,62,25,75,62,25,25,100,100,25,25,88,88,75,50,25,25,25,25,25,25,38,38,62,62,50,100,38,100,25,100,50,88,25,50,25,25,25,25,25,25,25,25,100,25,75,25,100,62,25,25,75,100,25,25,100,75,75,50,25,25,25,50,25,25,38,50,62,62,50,100,38,100,25,100,50,88,25,50,25,25,50,25,25,25,25,25,Eredivisie
Excelsior,dqk062lu0vm8epvytbm6r4mmf,c6i4usq34m3389rtbqptahrai,R. Meissen,Rick Meissen,24,Defender,Netherlands,Defender,123.0,106.0,20.0,229.0,13.0,0.0,0.0,0.0,25.0,25.0,9.0,540.0,5.0,2.0,7.0,0.0,2.0,3.0,2.0,1.0,0.0,1.0,2.0,0.0,0.0,0.0,0.0,83.27,64.52,0.0,0.0,66.67,50.0,61.9,70.0,0.3348367758279356,0.1874398818529528,1.0,9.0,0.19596624,5.0,24.0,27.0,0.4194547699999999,104.0,20.5,17.666666666666668,3.333333333333333,38.16666666666666,2.1666666666666665,0.0,0.0,0.0,4.166666666666667,4.166666666666667,1.5,0.8333333333333334,0.3333333333333333,1.1666666666666667,0.0,0.3333333333333333,0.5,0.3333333333333333,0.1666666666666666,0.0,0.1666666666666666,0.3333333333333333,0.0,0.0,0.0,0.0,83.27,64.52,0.0,0.0,66.67,50.0,61.9,70.0,0.0558061293046559,0.0312399803088254,0.1666666666666666,1.5,0.03266104,0.8333333333333334,4.0,4.5,0.0699091283333333,17.333333333333332,CB,34,54,81,43,79,41,14,13,70,63,81,51,33,83,39,65,54,54,68,29,82,85,37,23,50,51,26,89,37,23,90,19,72,68,64,70,76,67,62,76,60,69,43,40,15,49,63,28,59,41,14,13,37,47,68,47,27,70,39,63,44,43,59,29,73,77,37,23,50,51,26,89,37,23,90,19,72,68,49,62,66,63,55,68,48,59,32,26,Eredivisie
Excelsior,dqk062lu0vm8epvytbm6r4mmf,d7usri5fwyn96j26nyuwr2p04,E. da Silva Moreira,Eric da Silva Moreira,20,Attacker,Germany,Striker,34.0,33.0,5.0,67.0,0.0,0.0,4.0,4.0,13.0,3.0,5.0,237.0,3.0,5.0,3.0,0.0,3.0,1.0,1.0,0.0,0.0,0.0,0.0,0.0,1.0,0.0,0.0,72.83,41.67,0.0,25.0,0.0,65.0,0.0,42.86,0.1108053745491783,0.1170846639251037,0.0,2.0,0.04977331,2.0,7.0,6.0,0.1649025,31.0,12.91139240506329,12.531645569620252,1.89873417721519,25.443037974683545,0.0,0.0,1.518987341772152,1.518987341772152,4.936708860759493,1.139240506329114,1.89873417721519,1.139240506329114,1.89873417721519,1.139240506329114,0.0,1.139240506329114,0.379746835443038,0.379746835443038,0.0,0.0,0.0,0.0,0.0,0.379746835443038,0.0,0.0,72.83,41.67,0.0,25.0,0.0,65.0,0.0,42.86,0.042077990335131,0.0444625306044697,0.0,0.759493670886076,0.0189012569620253,0.759493670886076,2.6582278481012658,2.278481012658228,0.0626212025316455,11.772151898734178,RW,97,9,66,31,12,53,12,9,31,66,94,9,62,56,34,22,6,6,6,12,25,6,9,12,53,53,19,25,9,25,6,100,12,47,6,19,6,6,6,16,69,19,6,44,100,50,100,62,12,53,12,12,69,84,100,12,88,81,34,31,6,6,6,12,25,6,9,12,53,53,19,25,9,25,6,100,12,47,6,19,6,12,6,25,88,31,19,81,Eredivisie
Excelsior,dqk062lu0vm8epvytbm6r4mmf,dc897iic6p3j5s9hrhm3h25n8,D. Garden,David Garden,22,Attacker,Netherlands,Striker,10.0,32.0,1.0,42.0,16.0,0.0,4.0,5.0,21.0,9.0,0.0,428.0,13.0,2.0,0.0,0.0,3.0,9.0,8.0,1.0,2.0,3.0,4.0,0.0,3.0,0.0,0.0,65.62,33.33,0.0,75.0,44.44,42.86,45.71,0.0,1.129403218853114,0.1439981326017679,1.0,3.0,0.05804795,1.0,7.0,3.0,0.0517701799999998,15.0,2.102803738317757,6.728971962616822,0.2102803738317757,8.83177570093458,3.364485981308411,0.0,0.8411214953271028,1.0514018691588785,4.41588785046729,1.892523364485981,0.0,2.733644859813084,0.4205607476635514,0.0,0.0,0.6308411214953271,1.892523364485981,1.6822429906542056,0.2102803738317757,0.4205607476635514,0.6308411214953271,0.8411214953271028,0.0,0.6308411214953271,0.0,0.0,65.62,33.33,0.0,75.0,44.44,42.86,45.71,0.0,0.2374913310672436,0.0302799811545773,0.2102803738317757,0.6308411214953271,0.0122063446261682,0.2102803738317757,1.47196261682243,0.6308411214953271,0.0108862528037382,3.154205607476636,ST,19,58,40,39,81,50,40,49,68,96,26,32,29,10,28,36,51,54,31,57,82,54,33,58,51,51,25,40,33,86,64,47,67,10,58,17,31,43,28,42,76,38,17,50,8,31,36,17,81,50,33,42,53,94,26,14,25,10,28,17,31,39,25,56,81,42,33,58,51,51,25,40,33,86,64,47,67,10,47,11,22,36,22,44,75,28,8,22,Eredivisie
Groningen,cos9hxi16eitbcbthof7zrm4m,1nk0hcaa9o4jnyxc9ndz1lams,D. van der Werff,David van der Werff,22,Midfielder,Netherlands,Midfielder,44.0,113.0,11.0,149.0,1.0,0.0,17.0,17.0,22.0,9.0,3.0,483.0,20.0,4.0,5.0,1.0,16.0,15.0,9.0,6.0,6.0,2.0,6.0,8.0,8.0,0.0,0.0,81.87,68.75,19.51,47.06,40.0,56.41,25.0,55.56,1.1085550284438443,1.7331441742025222,4.0,18.0,0.43518262,9.0,21.0,24.0,1.5477772600000004,74.0,8.198757763975156,21.055900621118013,2.049689440993789,27.763975155279507,0.1863354037267081,0.0,3.1677018633540377,3.1677018633540377,4.099378881987578,1.6770186335403727,0.5590062111801243,3.726708074534162,0.7453416149068324,0.9316770186335404,0.1863354037267081,2.981366459627329,2.7950310559006213,1.6770186335403727,1.1180124223602486,1.1180124223602486,0.3726708074534162,1.1180124223602486,1.4906832298136647,1.4906832298136647,0.0,0.0,81.87,68.75,19.51,47.06,40.0,56.41,25.0,55.56,0.2065630487783561,0.322946119416619,0.7453416149068324,3.354037267080745,0.0810899291925466,1.6770186335403727,3.91304347826087,4.472049689440994,0.2884057006211181,13.7888198757764,CM/AM,50,61,81,52,35,52,92,90,71,74,69,84,42,76,65,95,90,92,81,97,76,84,89,85,52,52,35,71,39,31,61,81,39,50,74,100,60,66,65,76,79,77,94,56,32,52,81,35,29,52,87,87,55,74,71,71,29,65,61,94,81,81,71,84,81,74,84,77,52,52,35,71,39,31,61,81,39,50,65,100,52,61,55,71,71,65,97,35,Eredivisie
Groningen,cos9hxi16eitbcbthof7zrm4m,2rq9bdoqppx3thlsm79j2i0ru,M. Csinger,Márk Csinger,23,Defender,Hungary,Defender,83.0,51.0,4.0,134.0,14.0,0.0,0.0,0.0,25.0,25.0,6.0,353.0,1.0,3.0,5.0,0.0,1.0,0.0,0.0,0.0,0.0,0.0,0.0,0.0,0.0,0.0,0.0,87.01,40.0,0.0,0.0,0.0,59.52,60.87,62.5,0.0,0.0810701953423307,0.0,3.0,0.0681083099999999,2.0,7.0,10.0,0.2266393699999999,81.0,21.1614730878187,13.002832861189802,1.019830028328612,34.1643059490085,3.5694050991501416,0.0,0.0,0.0,6.373937677053824,6.373937677053824,1.529745042492918,0.254957507082153,0.764872521246459,1.274787535410765,0.0,0.254957507082153,0.0,0.0,0.0,0.0,0.0,0.0,0.0,0.0,0.0,0.0,87.01,40.0,0.0,0.0,0.0,59.52,60.87,62.5,0.0,0.0206694549031438,0.0,0.764872521246459,0.0173647249291784,0.509915014164306,1.7847025495750708,2.54957507082153,0.0577834087818696,20.651558073654392,CB,19,27,14,19,85,41,14,13,70,63,59,17,49,68,39,45,7,14,28,29,35,19,37,23,50,51,45,35,37,23,19,69,70,49,7,51,31,33,34,50,23,28,26,26,17,28,17,19,87,41,14,13,94,83,70,19,57,77,39,53,7,14,28,29,35,19,37,23,50,51,45,35,37,23,19,69,70,49,7,53,31,36,34,57,21,30,30,28,Eredivisie
Groningen,cos9hxi16eitbcbthof7zrm4m,3aly8eihwfvtwde7dg0k18w7o,J. Schreuders,Jorg Schreuders,22,Midfielder,Netherlands,Midfielder,97.0,120.0,12.0,216.0,4.0,0.0,4.0,4.0,28.0,12.0,2.0,495.0,8.0,2.0,14.0,1.0,4.0,6.0,3.0,3.0,3.0,0.0,1.0,1.0,2.0,0.0,0.0,88.52,60.0,7.14,50.0,16.67,54.9,57.14,70.0,0.4670778676820755,0.4027669153203812,4.0,23.0,0.5503233000000001,9.0,10.0,13.0,0.56179606,75.0,17.636363636363637,21.818181818181817,2.1818181818181817,39.27272727272727,0.7272727272727273,0.0,0.7272727272727273,0.7272727272727273,5.090909090909091,2.1818181818181817,0.3636363636363636,1.4545454545454546,0.3636363636363636,2.5454545454545454,0.1818181818181818,0.7272727272727273,1.0909090909090908,0.5454545454545454,0.5454545454545454,0.5454545454545454,0.0,0.1818181818181818,0.1818181818181818,0.3636363636363636,0.0,0.0,88.52,60.0,7.14,50.0,16.67,54.9,57.14,70.0,0.0849232486694682,0.0732303482400693,0.7272727272727273,4.181818181818182,0.1000587818181818,1.6363636363636365,1.818181818181818,2.363636363636364,0.1021447381818181,13.636363636363637,CM/AM,97,77,85,90,71,52,32,31,85,89,50,35,13,100,65,23,35,44,47,71,21,29,32,35,52,52,74,58,16,50,24,74,81,74,39,32,60,77,74,76,29,34,52,61,90,58,84,74,68,52,16,16,65,84,39,32,3,100,58,6,16,26,29,61,21,23,26,23,52,52,74,58,16,50,24,74,81,74,23,23,48,71,65,65,23,19,32,32,Eredivisie
Groningen,cos9hxi16eitbcbthof7zrm4m,5q8rvam8iv65g4wjb8rarw15,B. Willumsson,Brynjólfur Willumsson,26,Attacker,Iceland,Striker,18.0,30.0,0.0,48.0,19.0,0.0,3.0,3.0,27.0,2.0,1.0,430.0,30.0,4.0,2.0,0.0,5.0,15.0,13.0,2.0,2.0,4.0,9.0,0.0,1.0,0.0,0.0,59.26,0.0,0.0,33.33,60.0,56.25,65.52,66.67,2.318245114687348,0.4341634653860355,3.0,4.0,0.19103098,1.0,1.0,3.0,0.08020776,16.0,3.767441860465116,6.279069767441861,0.0,10.046511627906977,3.976744186046512,0.0,0.627906976744186,0.627906976744186,5.651162790697675,0.4186046511627907,0.2093023255813953,6.279069767441861,0.8372093023255814,0.4186046511627907,0.0,1.0465116279069768,3.1395348837209305,2.7209302325581395,0.4186046511627907,0.4186046511627907,0.8372093023255814,1.8837209302325584,0.0,0.2093023255813953,0.0,0.0,59.26,0.0,0.0,33.33,60.0,56.25,65.52,66.67,0.4852140937717705,0.0908714229877748,0.627906976744186,0.8372093023255814,0.039983228372093,0.2093023255813953,0.2093023255813953,0.627906976744186,0.0167876706976744,3.3488372093023258,ST,49,50,12,56,92,50,26,25,88,38,62,88,54,64,28,64,83,83,58,57,96,96,33,28,51,51,17,12,33,43,88,94,94,54,89,67,74,58,72,42,22,38,25,57,25,22,12,31,92,50,22,19,78,31,67,81,42,64,28,53,72,78,47,53,94,94,33,19,51,51,17,12,33,43,88,94,94,54,86,64,67,50,56,42,17,25,19,28,Eredivisie
Groningen,cos9hxi16eitbcbthof7zrm4m,7xovmwq2h4rcr9nuou4gi3g2c,W. Prins,Wouter Prins,22,Defender,Netherlands,Defender,44.0,56.0,5.0,96.0,6.0,0.0,10.0,11.0,16.0,17.0,4.0,483.0,13.0,4.0,3.0,0.0,5.0,4.0,2.0,2.0,3.0,0.0,0.0,4.0,3.0,0.0,0.0,75.59,41.67,44.44,30.0,0.0,39.02,46.15,100.0,0.3154299765449655,0.5317950091569468,2.0,5.0,0.14051421,5.0,6.0,9.0,0.7547037799999998,40.0,8.198757763975156,10.434782608695652,0.9316770186335404,17.888198757763977,1.1180124223602486,0.0,1.863354037267081,2.049689440993789,2.981366459627329,3.1677018633540377,0.7453416149068324,2.4223602484472053,0.7453416149068324,0.5590062111801243,0.0,0.9316770186335404,0.7453416149068324,0.3726708074534162,0.3726708074534162,0.5590062111801243,0.0,0.0,0.7453416149068324,0.5590062111801243,0.0,0.0,75.59,41.67,44.44,30.0,0.0,39.02,46.15,100.0,0.0587757720270122,0.0990922377311081,0.3726708074534162,0.9316770186335404,0.0261827720496894,0.9316770186335404,1.1180124223602486,1.6770186335403727,0.1406280335403726,7.453416149068324,LB/LCB,20,35,25,25,80,50,95,95,35,60,42,92,52,30,35,52,80,62,92,95,48,32,57,72,52,52,25,50,90,35,32,20,45,98,75,50,90,42,50,65,12,28,50,22,10,30,10,15,65,50,90,90,25,50,30,90,45,30,35,45,80,55,95,95,48,32,60,70,52,52,25,50,90,35,32,20,45,98,70,45,90,35,60,60,15,15,45,10,Eredivisie
Groningen,cos9hxi16eitbcbthof7zrm4m,9wwud2tglhtdocmjgl2u5ib6c,T. Blokzijl,Thijmen Blokzijl,21,Defender,Netherlands,Defender,184.0,121.0,16.0,305.0,13.0,0.0,0.0,0.0,15.0,34.0,8.0,540.0,1.0,0.0,1.0,1.0,3.0,1.0,1.0,0.0,0.0,0.0,0.0,0.0,0.0,0.0,0.0,88.15,48.48,0.0,0.0,0.0,46.88,56.52,50.0,0.1373906529180765,0.1667671294128893,0.0,9.0,0.16820733,4.0,17.0,18.0,0.4452400999999997,192.0,30.666666666666668,20.166666666666668,2.6666666666666665,50.833333333333336,2.1666666666666665,0.0,0.0,0.0,2.5,5.666666666666667,1.3333333333333333,0.1666666666666666,0.0,0.1666666666666666,0.1666666666666666,0.5,0.1666666666666666,0.1666666666666666,0.0,0.0,0.0,0.0,0.0,0.0,0.0,0.0,88.15,48.48,0.0,0.0,0.0,46.88,56.52,50.0,0.0228984421530127,0.0277945215688148,0.0,1.5,0.028034555,0.6666666666666666,2.833333333333333,3.0,0.0742066833333332,32.0,CB,87,68,71,79,79,41,14,13,24,91,76,17,5,7,88,77,22,34,28,29,35,19,37,23,50,51,51,60,37,23,19,15,56,29,30,68,31,67,53,66,43,46,49,81,57,57,56,51,59,41,14,13,10,77,61,11,5,2,81,71,15,28,28,29,35,19,37,23,50,51,51,60,37,23,19,15,56,29,23,60,31,63,51,63,36,34,40,66,Eredivisie
Groningen,cos9hxi16eitbcbthof7zrm4m,dbg4ducw8j747foxiexle1iad,P. Clement,Pelle Clement,30,Midfielder,Netherlands,Midfielder,60.0,104.0,4.0,162.0,9.0,0.0,10.0,10.0,21.0,10.0,0.0,488.0,10.0,5.0,3.0,1.0,4.0,1.0,1.0,0.0,0.0,0.0,1.0,2.0,4.0,0.0,0.0,81.82,30.77,33.33,40.0,100.0,44.68,52.94,75.0,0.1524953903621395,0.4033635113017108,1.0,14.0,0.4180864699999999,12.0,13.0,16.0,0.5960500799999999,67.0,11.065573770491802,19.18032786885246,0.7377049180327868,29.877049180327862,1.6598360655737705,0.0,1.8442622950819672,1.8442622950819672,3.872950819672131,1.8442622950819672,0.0,1.8442622950819672,0.9221311475409836,0.5532786885245902,0.1844262295081967,0.7377049180327868,0.1844262295081967,0.1844262295081967,0.0,0.0,0.0,0.1844262295081967,0.3688524590163934,0.7377049180327868,0.0,0.0,81.82,30.77,33.33,40.0,100.0,44.68,52.94,75.0,0.0281241498618699,0.0743908115105614,0.1844262295081967,2.581967213114754,0.0771061112704917,2.2131147540983607,2.3975409836065573,2.950819672131148,0.109927268852459,12.35655737704918,DM/CM,31,46,37,35,92,48,87,85,65,73,6,73,69,37,77,52,8,38,8,17,33,38,77,71,50,50,19,15,65,23,96,23,77,75,19,65,31,65,81,94,38,42,62,31,19,38,35,31,85,48,77,77,46,58,6,73,62,35,73,46,8,35,8,17,33,35,77,69,50,50,19,15,65,23,96,23,77,75,15,54,23,58,65,88,31,31,58,19,Eredivisie
Groningen,cos9hxi16eitbcbthof7zrm4m,e6x3hs6v8cq74ojgluyny72fo,T. Land,Tygo Land,20,Midfielder,Netherlands,Midfielder,100.0,152.0,12.0,252.0,0.0,0.0,7.0,7.0,16.0,2.0,2.0,501.0,6.0,7.0,2.0,1.0,8.0,3.0,2.0,1.0,0.0,1.0,1.0,0.0,5.0,0.0,0.0,91.64,66.67,0.0,71.43,33.33,66.67,0.0,50.0,0.5305448199202378,0.5243163208794366,2.0,13.0,0.28958788,7.0,31.0,28.0,0.56627319,136.0,17.964071856287426,27.305389221556887,2.155688622754491,45.26946107784431,0.0,0.0,1.25748502994012,1.25748502994012,2.874251497005988,0.3592814371257485,0.3592814371257485,1.0778443113772456,1.25748502994012,0.3592814371257485,0.1796407185628742,1.437125748502994,0.5389221556886228,0.3592814371257485,0.1796407185628742,0.0,0.1796407185628742,0.1796407185628742,0.0,0.8982035928143713,0.0,0.0,91.64,66.67,0.0,71.43,33.33,66.67,0.0,50.0,0.0953074526802822,0.0941885606370245,0.3592814371257485,2.335329341317365,0.0520217748502994,1.25748502994012,5.568862275449102,5.02994011976048,0.101725722754491,24.4311377245509,DM/CM,88,77,81,85,4,48,75,73,44,8,23,54,96,25,77,83,38,60,27,17,79,38,23,79,50,50,92,85,23,83,48,98,6,37,77,69,62,60,50,65,85,73,58,85,65,58,73,65,4,48,58,58,19,8,19,46,77,23,69,69,27,58,27,17,73,31,23,73,50,50,92,85,23,83,48,98,6,37,62,65,58,54,38,58,77,65,50,65,Eredivisie
Groningen,cos9hxi16eitbcbthof7zrm4m,ei9h1loyggj8fnf1q4jfdm710,T. van Bergen,Thom van Bergen,22,Attacker,Netherlands,Striker,50.0,69.0,4.0,118.0,10.0,0.0,20.0,22.0,41.0,7.0,3.0,540.0,44.0,17.0,4.0,2.0,8.0,23.0,19.0,4.0,7.0,3.0,8.0,1.0,11.0,0.0,0.0,80.82,80.0,25.0,55.0,34.78,53.25,40.0,100.0,2.5596598722652617,0.5099201449929126,8.0,21.0,0.50420199,13.0,11.0,25.0,0.8185172099999999,61.0,8.333333333333334,11.5,0.6666666666666666,19.666666666666668,1.6666666666666667,0.0,3.333333333333333,3.6666666666666665,6.833333333333333,1.1666666666666667,0.5,7.333333333333333,2.833333333333333,0.6666666666666666,0.3333333333333333,1.3333333333333333,3.8333333333333335,3.1666666666666665,0.6666666666666666,1.1666666666666667,0.5,1.3333333333333333,0.1666666666666666,1.8333333333333333,0.0,0.0,80.82,80.0,25.0,55.0,34.78,53.25,40.0,100.0,0.4266099787108769,0.0849866908321521,1.3333333333333333,3.5,0.084033665,2.1666666666666665,1.8333333333333333,4.166666666666667,0.1364195349999999,10.166666666666666,ST,97,83,89,86,69,50,100,99,100,85,89,100,100,90,92,78,100,97,90,100,82,90,74,100,51,51,83,83,78,67,44,89,50,88,94,72,97,97,94,100,90,99,86,92,89,75,78,83,47,50,92,92,89,74,78,97,94,75,78,64,83,86,67,94,58,78,67,92,51,51,83,83,78,67,44,89,50,88,75,58,86,92,89,100,81,94,81,89,Eredivisie
Groningen,cos9hxi16eitbcbthof7zrm4m,f4liap69r76gyc8pnxsergbqi,T. de Jonge,Tika de Jonge,23,Midfielder,Netherlands,Midfielder,91.0,142.0,16.0,232.0,3.0,0.0,11.0,11.0,24.0,8.0,16.0,532.0,13.0,5.0,5.0,0.0,10.0,10.0,6.0,4.0,3.0,0.0,4.0,1.0,7.0,0.0,0.0,85.29,59.26,7.14,63.64,40.0,60.0,37.5,55.56,0.9144909108695236,0.9685151508495996,6.0,18.0,0.37432828,9.0,34.0,31.0,1.1662143299999996,129.0,15.394736842105262,24.02255639097744,2.706766917293233,39.24812030075188,0.5075187969924811,0.0,1.8609022556390973,1.8609022556390973,4.060150375939849,1.3533834586466165,2.706766917293233,2.199248120300752,0.8458646616541353,0.8458646616541353,0.0,1.6917293233082706,1.6917293233082706,1.0150375939849623,0.6766917293233082,0.5075187969924811,0.0,0.6766917293233082,0.169172932330827,1.1842105263157894,0.0,0.0,85.29,59.26,7.14,63.64,40.0,60.0,37.5,55.56,0.1547071089816863,0.16384654807606,1.0150375939849623,3.045112781954887,0.0633262127819548,1.5225563909774436,5.75187969924812,5.244360902255639,0.1972918979323307,21.82330827067669,DM/CM,73,73,87,73,38,48,92,90,77,56,100,83,69,71,31,88,88,92,85,85,33,92,56,94,50,50,42,69,46,58,65,79,40,44,88,92,96,81,73,79,88,85,92,73,54,54,81,50,27,48,81,81,58,46,96,77,46,42,31,81,73,81,73,77,33,85,46,85,50,50,42,69,46,58,65,79,40,44,73,81,88,73,58,65,81,73,77,58,Eredivisie
Twente,4tic29sox7m39fy1ztgv0jsiq,1rmox6tf7r283dca2vi844kr8,A. Adelgaard,Aske Adelgaard,22,Defender,Denmark,Defender,71.0,109.0,2.0,179.0,5.0,0.0,3.0,3.0,16.0,4.0,7.0,325.0,3.0,2.0,4.0,0.0,1.0,1.0,1.0,0.0,0.0,0.0,0.0,1.0,1.0,0.0,0.0,90.4,22.22,16.67,33.33,0.0,57.14,83.33,50.0,0.1030956540274165,0.1144132262478874,0.0,18.0,0.48210264,12.0,14.0,15.0,0.4339664999999999,89.0,19.661538461538463,30.184615384615384,0.5538461538461539,49.56923076923077,1.3846153846153846,0.0,0.8307692307692307,0.8307692307692307,4.430769230769231,1.1076923076923078,1.9384615384615385,0.8307692307692307,0.5538461538461539,1.1076923076923078,0.0,0.2769230769230769,0.2769230769230769,0.2769230769230769,0.0,0.0,0.0,0.0,0.2769230769230769,0.2769230769230769,0.0,0.0,90.4,22.22,16.67,33.33,0.0,57.14,83.33,50.0,0.0285495657306691,0.0316836626532611,0.0,4.984615384615385,0.1335053464615384,3.323076923076923,3.876923076923077,4.153846153846154,0.1201753384615384,24.646153846153847,CB,15,57,6,32,27,41,81,78,33,3,69,39,33,54,39,45,22,34,28,29,35,19,82,60,50,51,70,4,77,50,19,56,100,29,23,57,31,93,94,96,35,36,47,34,13,81,9,49,32,41,89,87,49,6,81,43,45,68,39,55,23,36,28,29,35,19,87,66,50,51,70,4,77,50,19,56,100,29,28,64,31,96,98,100,45,51,74,43,Eredivisie
Twente,4tic29sox7m39fy1ztgv0jsiq,2hbduprkyabq8g1nhe6b4g3bp,M. Pjaca,Marko Pjaca,31,Attacker,Croatia,Striker,29.0,101.0,2.0,126.0,6.0,0.0,4.0,4.0,13.0,1.0,4.0,340.0,23.0,1.0,4.0,0.0,6.0,7.0,6.0,1.0,0.0,2.0,4.0,4.0,1.0,0.0,0.0,86.3,50.0,36.36,25.0,57.14,46.43,54.55,80.0,1.0235586567975137,0.6233534861851624,1.0,25.0,0.7183392299999999,7.0,7.0,14.0,0.8896192600000001,45.0,7.676470588235294,26.73529411764705,0.5294117647058824,33.35294117647059,1.5882352941176472,0.0,1.0588235294117647,1.0588235294117647,3.4411764705882355,0.2647058823529412,1.0588235294117647,6.088235294117648,0.2647058823529412,1.0588235294117647,0.0,1.5882352941176472,1.8529411764705883,1.5882352941176472,0.2647058823529412,0.0,0.5294117647058824,1.0588235294117647,1.0588235294117647,0.2647058823529412,0.0,0.0,86.3,50.0,36.36,25.0,57.14,46.43,54.55,80.0,0.2709419973875772,0.1650053345784253,0.2647058823529412,6.61764705882353,0.1901486197058823,1.8529411764705883,1.8529411764705883,3.7058823529411766,0.2354874511764706,11.911764705882351,ST,74,92,71,89,47,50,40,36,32,18,97,68,14,90,28,71,38,44,31,11,60,54,90,28,51,51,100,51,92,32,83,64,86,69,50,81,31,100,100,94,76,88,89,83,83,94,67,94,42,50,46,46,25,14,97,75,14,89,28,78,28,36,31,11,67,56,92,28,51,51,100,51,92,32,83,64,86,69,53,83,31,100,100,97,83,92,92,92,Eredivisie
Twente,4tic29sox7m39fy1ztgv0jsiq,3xlkchrk28u0cb620cajre1hw,R. Nijstad,Ruud Nijstad,18,Defender,Netherlands,Defender,127.0,153.0,8.0,280.0,4.0,0.0,2.0,2.0,9.0,13.0,2.0,450.0,5.0,0.0,3.0,0.0,0.0,3.0,0.0,3.0,0.0,1.0,1.0,0.0,2.0,0.0,0.0,91.21,40.0,0.0,100.0,33.33,56.25,57.14,100.0,0.1868670111666943,0.0,3.0,20.0,0.5201747299999999,13.0,33.0,22.0,0.5313628800000001,165.0,25.4,30.6,1.6,56.0,0.8,0.0,0.4,0.4,1.8,2.6,0.4,1.0,0.0,0.6,0.0,0.0,0.6,0.0,0.6,0.0,0.2,0.2,0.0,0.4,0.0,0.0,91.21,40.0,0.0,100.0,33.33,56.25,57.14,100.0,0.0373734022333388,0.0,0.6,4.0,0.1040349459999999,2.6,6.6,4.4,0.106272576,33.0,CB,40,85,36,68,19,41,64,63,6,24,11,51,5,36,39,16,54,14,96,29,82,57,37,80,50,51,77,35,37,91,62,47,62,94,36,16,98,96,96,98,83,55,66,64,30,85,32,70,17,41,62,62,4,17,10,54,5,35,39,16,53,14,96,29,85,60,37,81,50,51,77,35,37,91,62,47,62,94,38,16,98,91,94,96,85,55,68,70,Eredivisie
Twente,4tic29sox7m39fy1ztgv0jsiq,57btqxe5sy3ygzxpp55p4umdx,W. Weghorst,Wout Weghorst,34,Attacker,Netherlands,Striker,34.0,74.0,1.0,108.0,13.0,0.0,4.0,4.0,27.0,2.0,1.0,518.0,31.0,8.0,3.0,1.0,9.0,19.0,16.0,3.0,1.0,3.0,12.0,0.0,3.0,0.0,0.0,77.7,25.0,0.0,75.0,63.16,42.19,43.33,100.0,2.4599338012330354,0.5401876723221833,2.0,2.0,0.0482448,2.0,2.0,3.0,0.25283817,48.0,5.907335907335908,12.857142857142858,0.1737451737451737,18.764478764478763,2.258687258687259,0.0,0.694980694980695,0.694980694980695,4.691119691119691,0.3474903474903475,0.1737451737451737,5.386100386100386,1.38996138996139,0.5212355212355212,0.1737451737451737,1.5637065637065637,3.301158301158301,2.77992277992278,0.5212355212355212,0.1737451737451737,0.5212355212355212,2.0849420849420848,0.0,0.5212355212355212,0.0,0.0,77.7,25.0,0.0,75.0,63.16,42.19,43.33,100.0,0.4274016256968594,0.0938550009826187,0.3474903474903475,0.3474903474903475,0.0083823011583011,0.3474903474903475,0.3474903474903475,0.5212355212355212,0.0439294117760617,8.339768339768339,ST,86,86,40,83,76,50,40,36,88,38,62,92,86,78,68,85,93,94,81,31,82,100,33,58,51,51,67,31,33,86,97,42,64,88,92,75,58,28,25,62,36,38,67,86,64,83,28,81,61,50,25,22,67,22,57,69,67,69,58,75,75,81,56,22,61,97,33,50,51,51,67,31,33,86,97,42,64,88,78,67,42,17,19,53,22,19,53,83,Eredivisie
Twente,4tic29sox7m39fy1ztgv0jsiq,5m8pflpgynidzk7d9507oujje,D. Rots,Daan Rots,25,Attacker,Netherlands,Striker,17.0,82.0,4.0,97.0,4.0,0.0,3.0,4.0,16.0,3.0,4.0,292.0,18.0,6.0,4.0,0.0,6.0,11.0,9.0,2.0,2.0,1.0,1.0,2.0,2.0,0.0,0.0,79.51,66.67,20.0,66.67,9.09,44.44,57.14,80.0,1.1262925785616973,0.7352241269473384,2.0,12.0,0.39272355,5.0,4.0,14.0,1.0479081300000002,44.0,5.239726027397261,25.273972602739725,1.2328767123287672,29.8972602739726,1.2328767123287672,0.0,0.9246575342465754,1.2328767123287672,4.931506849315069,0.9246575342465754,1.2328767123287672,5.547945205479452,1.8493150684931507,1.2328767123287672,0.0,1.8493150684931507,3.3904109589041096,2.773972602739726,0.6164383561643836,0.6164383561643836,0.3082191780821918,0.3082191780821918,0.6164383561643836,0.6164383561643836,0.0,0.0,79.51,66.67,20.0,66.67,9.09,44.44,57.14,80.0,0.3471449728443587,0.2266101761139056,0.6164383561643836,3.6986301369863015,0.1210449297945205,1.5410958904109588,1.2328767123287672,4.315068493150685,0.3229853825342466,13.561643835616438,RW,16,75,50,75,84,53,6,9,44,66,84,56,81,75,34,59,62,88,25,31,62,16,38,34,53,53,50,88,56,100,12,38,72,91,69,62,31,41,56,50,44,69,88,81,44,81,56,81,94,53,6,6,62,69,94,81,81,88,34,69,88,100,31,38,75,19,50,50,53,53,50,88,56,100,12,38,72,91,94,69,31,50,69,62,56,94,100,94,Eredivisie
Twente,4tic29sox7m39fy1ztgv0jsiq,6wwk8y9mklkh8x606ynhe1lp0,S. Ørjasæter,Sondre Ørjasæter,22,Attacker,Norway,Striker,25.0,128.0,2.0,150.0,4.0,0.0,18.0,18.0,13.0,1.0,2.0,420.0,38.0,1.0,0.0,2.0,11.0,13.0,11.0,2.0,4.0,1.0,4.0,3.0,7.0,0.0,0.0,88.76,50.0,21.43,38.89,30.77,38.24,57.14,0.0,1.254396866028883,0.9637450419277374,7.0,44.0,1.4940296199999996,8.0,11.0,13.0,1.08991527,37.0,5.357142857142857,27.428571428571427,0.4285714285714285,32.14285714285714,0.8571428571428571,0.0,3.8571428571428568,3.8571428571428568,2.7857142857142856,0.2142857142857142,0.4285714285714285,8.142857142857142,0.2142857142857142,0.0,0.4285714285714285,2.357142857142857,2.7857142857142856,2.357142857142857,0.4285714285714285,0.8571428571428571,0.2142857142857142,0.8571428571428571,0.6428571428571428,1.5,0.0,0.0,88.76,50.0,21.43,38.89,30.77,38.24,57.14,0.0,0.2687993284347606,0.2065167946988008,1.5,9.428571428571429,0.3201492042857142,1.7142857142857142,2.357142857142857,2.7857142857142856,0.2335532721428571,7.928571428571428,LM/LCM,100,100,62,100,100,62,100,100,62,25,62,100,25,38,100,100,75,100,50,62,75,75,75,100,62,62,100,38,75,50,75,75,100,38,100,100,75,100,100,100,100,100,75,100,50,100,50,100,75,62,50,50,25,25,50,75,25,38,100,100,50,75,50,25,50,50,75,75,62,62,100,38,75,50,75,75,100,38,50,75,50,75,75,75,100,50,75,75,Eredivisie
Twente,4tic29sox7m39fy1ztgv0jsiq,bner5siqnwn1fqusfrgujt0fe,M. Bruns,Max Bruns,23,Defender,Netherlands,Defender,150.0,119.0,8.0,269.0,10.0,0.0,1.0,1.0,18.0,15.0,4.0,365.0,2.0,1.0,4.0,0.0,0.0,2.0,2.0,0.0,0.0,0.0,1.0,0.0,1.0,0.0,0.0,92.76,57.14,0.0,100.0,50.0,64.29,62.5,66.67,0.2748018139639146,0.0,0.0,10.0,0.20539204,4.0,24.0,26.0,0.3877648399999996,190.0,36.98630136986301,29.34246575342466,1.9726027397260275,66.32876712328768,2.4657534246575343,0.0,0.2465753424657534,0.2465753424657534,4.438356164383562,3.6986301369863015,0.9863013698630138,0.4931506849315069,0.2465753424657534,0.9863013698630138,0.0,0.0,0.4931506849315069,0.4931506849315069,0.0,0.0,0.0,0.2465753424657534,0.0,0.2465753424657534,0.0,0.0,92.76,57.14,0.0,100.0,50.0,64.29,62.5,66.67,0.0677593513883625,0.0,0.0,2.4657534246575343,0.0506446126027397,0.9863013698630138,5.917808219178083,6.41095890410959,0.095613248219178,46.84931506849316,CB,57,66,36,56,61,41,40,39,41,31,31,31,18,54,39,16,36,54,28,29,35,57,37,60,50,51,91,76,37,91,80,83,76,61,55,16,31,74,70,66,60,64,38,79,87,79,38,87,72,41,47,47,51,43,37,30,17,57,39,16,38,62,28,29,35,67,37,64,50,51,91,76,37,91,80,83,76,61,62,16,31,74,72,79,81,85,57,96,Eredivisie
Twente,4tic29sox7m39fy1ztgv0jsiq,bvwaamcj0bpdrcuoffl6b9rf8,D. Weidmann,Daouda Weidmann,23,Midfielder,France,Midfielder,54.0,148.0,8.0,195.0,2.0,0.0,17.0,18.0,25.0,5.0,3.0,381.0,17.0,7.0,5.0,1.0,10.0,14.0,6.0,8.0,2.0,1.0,5.0,7.0,8.0,0.0,0.0,91.12,80.0,35.0,47.06,35.71,50.0,40.0,62.5,0.9859364967860372,1.1557698538855763,9.0,25.0,0.66011083,8.0,14.0,16.0,0.3788774699999999,87.0,12.755905511811024,34.960629921259844,1.889763779527559,46.06299212598425,0.4724409448818897,0.0,4.015748031496063,4.251968503937007,5.905511811023622,1.1811023622047243,0.7086614173228346,4.015748031496063,1.653543307086614,1.1811023622047243,0.2362204724409448,2.3622047244094486,3.307086614173228,1.4173228346456692,1.889763779527559,0.4724409448818897,0.2362204724409448,1.1811023622047243,1.653543307086614,1.889763779527559,0.0,0.0,91.12,80.0,35.0,47.06,35.71,50.0,40.0,62.5,0.2328983850675678,0.2730165009178527,2.125984251968504,5.905511811023622,0.1559316921259842,1.889763779527559,3.307086614173228,3.779527559055118,0.0894986149606299,20.551181102362204,CM/AM,63,90,71,85,56,52,92,95,79,53,69,73,87,76,65,79,84,69,94,52,53,68,82,85,52,52,94,92,65,31,52,52,47,60,68,84,92,85,84,63,50,50,29,77,74,87,68,90,48,52,100,100,87,52,74,74,84,77,71,77,90,74,94,52,55,77,90,87,52,52,94,92,65,31,52,52,47,60,71,87,94,87,87,84,52,58,26,81,Eredivisie
Twente,4tic29sox7m39fy1ztgv0jsiq,by85t8ssyumcjcks1jx3v96vo,Y. Taha,Younes Taha,23,Attacker,Morocco,Striker,44.0,116.0,6.0,150.0,2.0,0.0,10.0,11.0,13.0,2.0,3.0,353.0,15.0,2.0,4.0,2.0,15.0,13.0,3.0,10.0,3.0,1.0,4.0,10.0,4.0,0.0,0.0,86.21,66.67,23.81,40.0,30.77,35.14,40.0,80.0,1.5594478576420985,1.6682068876086893,9.0,13.0,0.38409359,3.0,15.0,14.0,1.5873063000000007,65.0,11.21813031161473,29.575070821529746,1.529745042492918,38.24362606232295,0.509915014164306,0.0,2.54957507082153,2.8045325779036827,3.314447592067989,0.509915014164306,0.764872521246459,3.824362606232295,0.509915014164306,1.019830028328612,0.509915014164306,3.824362606232295,3.314447592067989,0.764872521246459,2.54957507082153,0.764872521246459,0.254957507082153,1.019830028328612,2.54957507082153,1.019830028328612,0.0,0.0,86.21,66.67,23.81,40.0,30.77,35.14,40.0,80.0,0.3975929382090336,0.4253218693619888,2.294617563739377,3.314447592067989,0.0979275441926345,0.764872521246459,3.824362606232295,3.5694050991501416,0.4046956572237962,16.572237960339944,ST,92,97,94,97,18,50,81,83,32,38,89,39,29,90,92,100,72,21,100,81,35,54,97,72,51,51,97,72,69,53,32,22,50,69,75,100,100,90,89,76,100,88,100,94,97,97,94,97,22,50,81,81,19,39,92,31,28,86,97,100,78,19,97,78,31,50,100,75,51,51,97,72,69,53,32,22,50,69,72,100,97,89,92,78,100,89,100,97,Eredivisie
Twente,4tic29sox7m39fy1ztgv0jsiq,dc119ejc7lls2rd3ywigl2smi,R. Zerrouki,Ramiz Zerrouki,28,Midfielder,Algeria,Midfielder,102.0,271.0,31.0,372.0,10.0,0.0,6.0,6.0,24.0,5.0,8.0,527.0,8.0,3.0,10.0,1.0,12.0,7.0,2.0,5.0,1.0,0.0,0.0,1.0,1.0,0.0,0.0,86.31,64.58,16.67,16.67,0.0,43.64,41.67,100.0,0.4497430250062726,0.6896426251396356,5.0,32.0,0.7340346499999999,11.0,74.0,63.0,1.4679379200000005,230.0,17.41935483870968,46.280834914611006,5.294117647058824,63.52941176470589,1.7077798861480078,0.0,1.0246679316888043,1.0246679316888043,4.098671726755218,0.8538899430740039,1.366223908918406,1.366223908918406,0.5123339658444023,1.7077798861480078,0.1707779886148007,2.049335863377609,1.1954459203036054,0.3415559772296015,0.8538899430740039,0.1707779886148007,0.0,0.0,0.1707779886148007,0.1707779886148007,0.0,0.0,86.31,64.58,16.67,16.67,0.0,43.64,41.67,100.0,0.0768062092041072,0.117775780384378,0.8538899430740039,5.464895635673624,0.1253569611005692,1.8785578747628084,12.637571157495255,10.759013282732449,0.2506914853889944,39.27893738140418,CM/AM,100,100,100,100,95,52,55,52,74,53,95,35,29,97,65,84,48,27,66,26,21,11,32,18,52,52,61,65,29,13,11,32,53,94,32,61,74,97,94,92,100,100,90,100,87,100,100,100,94,52,29,29,52,42,90,26,13,97,52,71,26,19,48,13,21,11,19,16,52,52,61,65,29,13,11,32,53,94,19,45,58,84,77,81,100,100,84,100,Eredivisie
Twente,4tic29sox7m39fy1ztgv0jsiq,lduqoe45t2fnbn9s9rbvlnf9,R. Pröpper,Robin Pröpper,32,Defender,Netherlands,Defender,175.0,146.0,18.0,321.0,26.0,0.0,1.0,1.0,35.0,23.0,4.0,467.0,8.0,6.0,2.0,0.0,1.0,7.0,7.0,0.0,1.0,1.0,3.0,0.0,0.0,0.0,0.0,85.6,40.0,0.0,0.0,42.86,63.64,70.27,50.0,0.8797170369236241,0.0567479548911355,0.0,7.0,0.13901874,5.0,26.0,36.0,0.4989655699999998,203.0,33.72591006423983,28.137044967880083,3.468950749464668,61.86295503211991,5.010706638115631,0.0,0.1927194860813704,0.1927194860813704,6.745182012847965,4.43254817987152,0.7708779443254817,1.5417558886509637,1.1563169164882223,0.3854389721627408,0.0,0.1927194860813704,1.3490364025695931,1.3490364025695931,0.0,0.1927194860813704,0.1927194860813704,0.5781584582441113,0.0,0.0,0.0,0.0,85.6,40.0,0.0,0.0,42.86,63.64,70.27,50.0,0.1695386152529468,0.0109364367027884,0.0,1.3490364025695931,0.0267916201284796,0.9635974304068522,5.010706638115631,6.937901498929336,0.096160388222698,39.1220556745182,CB,79,83,74,87,98,41,40,39,96,57,31,84,88,19,39,45,95,100,28,71,82,95,37,23,50,51,38,35,37,23,74,81,87,29,98,40,31,55,47,76,69,91,57,85,81,77,68,83,98,41,36,34,96,55,26,81,83,13,39,43,96,100,28,68,81,96,37,23,50,51,38,35,37,23,74,81,87,29,94,38,31,57,49,77,66,87,60,83,Eredivisie
Twente,4tic29sox7m39fy1ztgv0jsiq,qobf1v5kwuz6hj2ooixfw4mi,B. van Rooij,Bart van Rooij,25,Defender,Netherlands,Defender,140.0,247.0,26.0,378.0,3.0,0.0,2.0,2.0,19.0,13.0,8.0,514.0,13.0,4.0,9.0,1.0,18.0,3.0,2.0,1.0,2.0,0.0,1.0,9.0,1.0,0.0,0.0,90.21,65.0,33.33,50.0,33.33,51.35,50.0,81.82,0.2237286620491163,1.9481889970053667,0.0,29.0,0.6972611199999997,8.0,57.0,57.0,2.7581541800000013,205.0,24.5136186770428,43.249027237354085,4.552529182879377,66.18677042801556,0.5252918287937743,0.0,0.3501945525291828,0.3501945525291828,3.326848249027237,2.2762645914396886,1.4007782101167314,2.2762645914396886,0.7003891050583657,1.575875486381323,0.1750972762645914,3.151750972762646,0.5252918287937743,0.3501945525291828,0.1750972762645914,0.3501945525291828,0.0,0.1750972762645914,1.575875486381323,0.1750972762645914,0.0,0.0,90.21,65.0,33.33,50.0,33.33,51.35,50.0,81.82,0.0391742793471215,0.341122587024286,0.0,5.077821011673152,0.1220885229571984,1.4007782101167314,9.980544747081712,9.980544747081712,0.4829452844357979,35.89494163424124,RB/RCB,100,100,100,100,23,50,46,46,46,42,96,77,77,85,73,100,58,69,58,77,50,81,100,54,54,54,100,100,85,69,85,15,46,85,62,100,35,92,92,85,100,100,100,100,92,100,100,100,15,50,38,38,38,38,92,77,69,62,62,100,62,62,46,69,50,62,100,38,54,54,100,100,85,69,85,15,46,85,62,100,35,92,92,77,100,100,100,100,Eredivisie
Utrecht,ccpscwdcm65czscrun048ecn5,1k60tee702idfrp0ibca1s57u,G. Offerhaus,Guus Offerhaus,25,Defender,Netherlands,Defender,48.0,40.0,4.0,88.0,1.0,0.0,2.0,3.0,8.0,9.0,4.0,274.0,2.0,1.0,5.0,0.0,0.0,2.0,2.0,0.0,1.0,0.0,0.0,0.0,1.0,0.0,0.0,81.48,57.14,0.0,50.0,0.0,34.78,20.0,100.0,0.2192701300269773,0.0,0.0,4.0,0.07479147,0.0,6.0,6.0,0.13734184,38.0,15.766423357664234,13.138686131386862,1.3138686131386863,28.905109489051096,0.3284671532846716,0.0,0.6569343065693432,0.9854014598540146,2.6277372262773726,2.956204379562044,1.3138686131386863,0.6569343065693432,0.3284671532846716,1.6423357664233578,0.0,0.0,0.6569343065693432,0.6569343065693432,0.0,0.3284671532846716,0.0,0.0,0.0,0.3284671532846716,0.0,0.0,81.48,57.14,0.0,50.0,0.0,34.78,20.0,100.0,0.072023035410321,0.0,0.0,1.3138686131386863,0.0245665412408759,0.0,1.9708029197080288,1.9708029197080288,0.0451122832116788,12.481751824817518,CB,6,19,14,9,3,41,64,78,4,11,31,31,18,68,39,16,36,54,28,71,35,19,37,60,50,51,17,76,37,61,19,2,2,94,47,16,31,44,36,14,20,17,15,13,11,32,21,9,4,41,79,91,13,21,57,34,21,89,39,16,55,70,28,85,35,19,37,70,50,51,17,76,37,61,19,2,2,94,66,16,31,55,45,14,23,21,19,17,Eredivisie
Utrecht,ccpscwdcm65czscrun048ecn5,29s8wk0a2m66rebsfx1jfuuh,D. van den Berg,Davy van den Berg,26,Midfielder,Netherlands,Midfielder,83.0,88.0,9.0,164.0,2.0,0.0,3.0,3.0,15.0,9.0,2.0,387.0,7.0,2.0,4.0,2.0,12.0,5.0,4.0,1.0,1.0,0.0,1.0,7.0,2.0,0.0,0.0,84.54,52.94,50.0,66.67,20.0,46.88,33.33,44.44,0.4928513917449256,0.9235073053386874,1.0,5.0,0.12082396,2.0,20.0,16.0,0.4635578599999999,92.0,19.30232558139535,20.46511627906977,2.0930232558139537,38.13953488372093,0.4651162790697674,0.0,0.6976744186046512,0.6976744186046512,3.488372093023256,2.0930232558139537,0.4651162790697674,1.627906976744186,0.4651162790697674,0.9302325581395348,0.4651162790697674,2.7906976744186047,1.162790697674419,0.9302325581395348,0.2325581395348837,0.2325581395348837,0.0,0.2325581395348837,1.627906976744186,0.4651162790697674,0.0,0.0,84.54,52.94,50.0,66.67,20.0,46.88,33.33,44.44,0.114616602731378,0.2147691407764389,0.2325581395348837,1.162790697674419,0.0280985953488372,0.4651162790697674,4.651162790697675,3.72093023255814,0.107804153488372,21.395348837209305,DM/CM,62,35,71,38,25,48,35,35,35,65,23,62,21,52,96,92,65,79,27,52,33,38,94,46,50,50,31,50,85,67,27,42,29,29,65,88,31,25,23,23,62,42,54,52,77,46,69,46,23,48,42,38,38,62,23,62,19,62,96,96,62,77,35,54,33,46,96,42,50,50,31,50,85,67,27,42,29,29,69,92,38,23,15,23,65,46,54,54,Eredivisie
Utrecht,ccpscwdcm65czscrun048ecn5,2t2mq9pun2hrdvadnpixxvlzo,A. Blake,Adrian Blake,21,Attacker,England,Striker,27.0,32.0,2.0,57.0,0.0,0.0,12.0,12.0,18.0,1.0,2.0,209.0,11.0,8.0,2.0,0.0,0.0,10.0,6.0,4.0,1.0,2.0,5.0,2.0,7.0,0.0,0.0,78.08,100.0,33.33,58.33,50.0,58.06,0.0,66.67,1.1577424712002315,0.0,7.0,8.0,0.21890335,3.0,5.0,8.0,0.4676918,24.0,11.626794258373204,13.779904306220097,0.8612440191387559,24.545454545454543,0.0,0.0,5.167464114832535,5.167464114832535,7.751196172248803,0.4306220095693779,0.8612440191387559,4.7368421052631575,3.444976076555024,0.8612440191387559,0.0,0.0,4.30622009569378,2.583732057416268,1.7224880382775118,0.4306220095693779,0.8612440191387559,2.15311004784689,0.8612440191387559,3.014354066985646,0.0,0.0,78.08,100.0,33.33,58.33,50.0,58.06,0.0,66.67,0.4985493895120614,0.0,3.014354066985646,3.444976076555024,0.0942646004784689,1.2918660287081338,2.15311004784689,3.444976076555024,0.2013983827751196,10.33492822966507,LW,55,20,35,30,15,55,50,50,40,40,35,20,75,40,25,15,70,65,80,25,75,75,55,80,55,55,50,90,85,90,80,100,15,85,80,15,80,30,30,40,70,35,40,30,90,50,70,60,15,55,100,100,100,50,60,50,100,50,25,15,90,100,90,40,100,100,60,90,55,55,50,90,85,90,80,100,15,85,100,15,100,50,50,70,100,80,80,80,Eredivisie
Utrecht,ccpscwdcm65czscrun048ecn5,2tc8y9du64tjno62zll2jhy7e,Y. Cathline,Yoann Cathline,24,Attacker,France,Striker,30.0,47.0,4.0,70.0,1.0,0.0,13.0,14.0,22.0,1.0,3.0,354.0,12.0,10.0,5.0,2.0,5.0,5.0,3.0,2.0,1.0,0.0,0.0,7.0,4.0,0.0,0.0,75.27,57.14,33.33,30.77,0.0,43.14,20.0,71.43,0.4459139455025502,0.6912983185770118,1.0,10.0,0.28097175,3.0,7.0,9.0,0.4392794400000001,29.0,7.627118644067797,11.949152542372882,1.0169491525423728,17.796610169491526,0.2542372881355932,0.0,3.305084745762712,3.5593220338983054,5.593220338983051,0.2542372881355932,0.7627118644067797,3.050847457627119,2.5423728813559325,1.2711864406779665,0.5084745762711864,1.2711864406779665,1.2711864406779665,0.7627118644067797,0.5084745762711864,0.2542372881355932,0.0,0.0,1.779661016949153,1.0169491525423728,0.0,0.0,75.27,57.14,33.33,30.77,0.0,43.14,20.0,71.43,0.113367952246411,0.1757538098077148,0.2542372881355932,2.5423728813559325,0.0714334957627118,0.7627118644067797,1.779661016949153,2.288135593220339,0.111681213559322,7.372881355932204,LW,80,40,80,40,40,55,70,70,75,40,65,30,90,85,90,55,30,35,20,25,25,20,100,45,55,55,30,50,85,25,20,40,40,100,40,70,20,50,50,40,100,50,30,50,60,40,90,30,50,55,70,70,70,40,50,20,80,90,100,60,20,40,20,10,25,20,100,50,55,55,30,50,85,25,20,40,40,100,30,70,20,40,40,40,90,50,20,40,Eredivisie
Utrecht,ccpscwdcm65czscrun048ecn5,3r6elcuru7no13hrfczmwbmy1,S. Horemans,Siebe Horemans,28,Defender,Belgium,Defender,132.0,53.0,18.0,181.0,15.0,0.0,2.0,2.0,30.0,22.0,8.0,478.0,7.0,1.0,8.0,0.0,2.0,4.0,4.0,0.0,1.0,0.0,0.0,4.0,2.0,0.0,0.0,83.41,62.07,40.0,100.0,0.0,66.67,68.18,66.67,0.3317140425292872,0.248004062860811,0.0,3.0,0.08141669,1.0,6.0,8.0,0.48654891,103.0,24.85355648535565,9.97907949790795,3.389121338912134,34.07949790794979,2.8242677824267783,0.0,0.3765690376569038,0.3765690376569038,5.648535564853557,4.142259414225942,1.5062761506276152,1.3179916317991631,0.1882845188284519,1.5062761506276152,0.0,0.3765690376569038,0.7531380753138076,0.7531380753138076,0.0,0.1882845188284519,0.0,0.0,0.7531380753138076,0.3765690376569038,0.0,0.0,83.41,62.07,40.0,100.0,0.0,66.67,68.18,66.67,0.0624566188862674,0.0466953256432489,0.0,0.5648535564853556,0.0153295023012552,0.1882845188284519,1.1297071129707112,1.5062761506276152,0.0916096274058577,19.393305439330543,RB/RCB,92,38,92,62,100,50,46,46,92,81,96,69,15,69,31,19,77,88,23,50,50,31,88,77,54,54,69,92,100,96,31,88,85,62,77,38,35,46,54,27,27,31,62,85,100,38,92,54,100,50,46,46,69,69,100,54,8,54,31,15,77,85,23,46,50,31,85,77,54,54,69,92,100,96,31,88,85,62,69,31,35,46,46,23,23,31,46,69,Eredivisie
Utrecht,ccpscwdcm65czscrun048ecn5,3ypxn1nvgv8e321sq5394w3my,M. Didden,Matisse Didden,24,Defender,Belgium,Defender,103.0,45.0,14.0,148.0,13.0,0.0,0.0,0.0,18.0,37.0,0.0,315.0,6.0,2.0,2.0,0.0,1.0,3.0,3.0,0.0,0.0,2.0,2.0,0.0,0.0,0.0,0.0,81.32,43.75,0.0,0.0,66.67,52.94,56.52,66.67,0.3906595543739419,0.0782446449085599,0.0,0.0,0.0,0.0,9.0,12.0,0.2545134199999999,84.0,29.428571428571427,12.857142857142858,4.0,42.285714285714285,3.7142857142857135,0.0,0.0,0.0,5.142857142857143,10.571428571428571,0.0,1.7142857142857142,0.5714285714285714,0.5714285714285714,0.0,0.2857142857142857,0.8571428571428571,0.8571428571428571,0.0,0.0,0.5714285714285714,0.5714285714285714,0.0,0.0,0.0,0.0,81.32,43.75,0.0,0.0,66.67,52.94,56.52,66.67,0.1116170155354119,0.0223556128310171,0.0,0.0,0.0,0.0,2.571428571428572,3.4285714285714284,0.0727181199999999,24.0,CB,28,23,60,23,79,41,14,13,41,96,2,62,33,19,39,45,54,72,28,29,98,85,37,23,50,51,15,40,37,23,90,30,56,61,68,49,31,9,9,14,28,31,28,29,45,26,81,36,91,41,14,13,68,100,2,89,47,30,39,57,79,85,28,29,100,94,37,23,50,51,15,40,37,23,90,30,56,61,85,55,31,9,9,14,34,38,38,38,Eredivisie
Utrecht,ccpscwdcm65czscrun048ecn5,5wwqe546ohp130rvi8x8pt0tm,A. Zagré,Arthur Zagré,24,Defender,Burkina Faso,Defender,90.0,75.0,7.0,161.0,1.0,0.0,12.0,12.0,24.0,8.0,6.0,494.0,8.0,4.0,8.0,0.0,10.0,3.0,1.0,2.0,2.0,0.0,1.0,4.0,5.0,0.0,0.0,82.99,41.18,26.67,41.67,33.33,42.11,12.5,57.14,0.1989213778243792,0.9432267704488746,2.0,9.0,0.2582701899999999,6.0,12.0,13.0,0.59795247,69.0,16.39676113360324,13.663967611336032,1.2753036437246963,29.331983805668017,0.1821862348178137,0.0,2.1862348178137654,2.1862348178137654,4.372469635627531,1.45748987854251,1.0931174089068827,1.45748987854251,0.728744939271255,1.45748987854251,0.0,1.8218623481781373,0.5465587044534413,0.1821862348178137,0.3643724696356275,0.3643724696356275,0.0,0.1821862348178137,0.728744939271255,0.9109311740890688,0.0,0.0,82.99,41.18,26.67,41.67,33.33,42.11,12.5,57.14,0.0362407368505953,0.1718429338874467,0.3643724696356275,1.639676113360324,0.0470532734817813,1.0931174089068827,2.1862348178137654,2.3684210526315788,0.1089387091093117,12.570850202429147,LB/LCB,80,60,45,62,15,50,100,100,90,22,85,70,52,88,35,88,65,40,92,82,48,80,57,95,52,52,45,40,45,50,82,25,15,48,50,75,90,70,70,75,45,42,45,57,70,50,30,50,10,50,100,100,60,10,70,60,40,70,35,80,60,35,90,80,48,80,55,95,52,52,45,40,45,50,82,25,15,48,40,75,85,70,70,70,25,35,40,40,Eredivisie
Utrecht,ccpscwdcm65czscrun048ecn5,6narzhg4hjarzdm235jkcclxw,A. Stepanov,Artem Stepanov,19,Attacker,Ukraine,Striker,36.0,33.0,2.0,69.0,2.0,0.0,10.0,10.0,12.0,2.0,0.0,405.0,21.0,3.0,4.0,0.0,4.0,10.0,9.0,1.0,4.0,5.0,5.0,0.0,3.0,0.0,0.0,80.23,100.0,0.0,30.0,50.0,30.77,25.0,100.0,1.184953764401952,0.3963525080891634,1.0,2.0,0.03555943,2.0,5.0,4.0,0.24777552,25.0,8.0,7.333333333333333,0.4444444444444444,15.333333333333334,0.4444444444444444,0.0,2.2222222222222223,2.2222222222222223,2.6666666666666665,0.4444444444444444,0.0,4.666666666666667,0.6666666666666666,0.8888888888888888,0.0,0.8888888888888888,2.2222222222222223,2.0,0.2222222222222222,0.8888888888888888,1.1111111111111112,1.1111111111111112,0.0,0.6666666666666666,0.0,0.0,80.23,100.0,0.0,30.0,50.0,30.77,25.0,100.0,0.2633230587559894,0.0880783351309252,0.2222222222222222,0.4444444444444444,0.0079020955555555,0.4444444444444444,1.1111111111111112,0.8888888888888888,0.0550612266666666,5.555555555555555,ST,89,61,71,67,18,50,81,75,21,38,26,61,43,90,28,50,57,61,31,93,100,72,33,58,51,51,81,93,33,36,72,8,12,88,61,61,31,28,19,62,67,53,64,72,86,42,61,61,19,50,69,67,14,36,26,50,33,83,28,47,42,56,28,86,97,67,33,61,51,51,81,93,33,36,72,8,12,88,50,61,28,25,17,61,67,44,56,69,Eredivisie
Utrecht,ccpscwdcm65czscrun048ecn5,8tqsvu5sw6kn014hdv88zppm1,N. Vesterlund,Niklas Vesterlund,27,Defender,Denmark,Defender,58.0,28.0,4.0,85.0,4.0,0.0,0.0,0.0,15.0,5.0,2.0,406.0,6.0,3.0,4.0,2.0,4.0,1.0,1.0,0.0,0.0,0.0,1.0,1.0,0.0,0.0,0.0,77.98,28.57,33.33,0.0,100.0,51.72,40.0,50.0,0.0836154632990809,0.4868139019717754,0.0,0.0,0.0,1.0,4.0,6.0,0.4667739000000001,45.0,12.857142857142858,6.206896551724138,0.8866995073891626,18.842364532019705,0.8866995073891626,0.0,0.0,0.0,3.3251231527093594,1.1083743842364533,0.4433497536945813,1.3300492610837438,0.6650246305418719,0.8866995073891626,0.4433497536945813,0.8866995073891626,0.2216748768472906,0.2216748768472906,0.0,0.0,0.0,0.2216748768472906,0.2216748768472906,0.0,0.0,0.0,77.98,28.57,33.33,0.0,100.0,51.72,40.0,50.0,0.0185354475293529,0.1079144117671423,0.0,0.0,0.0,0.2216748768472906,0.8866995073891626,1.3300492610837438,0.1034720467980295,9.975369458128078,RB/RCB,54,15,38,15,42,50,12,12,15,15,38,58,58,23,92,62,31,42,23,23,50,81,35,19,54,54,46,38,85,19,96,23,31,23,31,77,35,12,12,27,15,19,54,31,46,8,38,31,46,50,12,12,31,8,38,62,54,15,92,54,31,46,23,23,50,92,38,19,54,54,46,38,85,19,96,23,31,23,38,85,35,12,12,31,15,15,62,31,Eredivisie
Utrecht,ccpscwdcm65czscrun048ecn5,8ymqihdfqc7esda7y407lebx1,D. de Wit,Dani de Wit,28,Midfielder,Netherlands,Midfielder,58.0,54.0,4.0,111.0,21.0,0.0,0.0,0.0,34.0,11.0,2.0,505.0,13.0,5.0,5.0,0.0,5.0,8.0,8.0,0.0,2.0,2.0,6.0,1.0,0.0,0.0,0.0,75.0,28.57,100.0,0.0,75.0,45.33,48.84,62.5,1.2779930577806788,0.4557215656775755,0.0,2.0,0.05633455,2.0,9.0,8.0,0.31151086,49.0,10.336633663366335,9.623762376237623,0.712871287128713,19.782178217821784,3.742574257425743,0.0,0.0,0.0,6.05940594059406,1.9603960396039608,0.3564356435643565,2.316831683168317,0.8910891089108911,0.8910891089108911,0.0,0.8910891089108911,1.425742574257426,1.425742574257426,0.0,0.3564356435643565,0.3564356435643565,1.0693069306930694,0.1782178217821782,0.0,0.0,0.0,75.0,28.57,100.0,0.0,75.0,45.33,48.84,62.5,0.227761139010418,0.0812177047742213,0.0,0.3564356435643565,0.0100398207920792,0.3564356435643565,1.603960396039604,1.425742574257426,0.055516786930693,8.732673267326733,CM/AM,68,23,32,35,100,52,5,5,98,79,50,52,53,76,24,39,58,85,5,52,76,84,32,6,52,52,16,13,97,6,100,39,58,60,84,42,8,8,10,19,26,16,23,35,42,3,16,16,100,52,5,5,90,77,35,39,39,58,24,16,35,77,5,45,74,71,23,6,52,52,16,13,97,6,100,39,58,60,68,29,8,6,6,6,13,10,13,13,Eredivisie
Utrecht,ccpscwdcm65czscrun048ecn5,c3j7m8kaoius8i6jihubgy6p6,Ángel Alarcón,Ángel Alarcón,22,Attacker,Spain,Striker,20.0,55.0,3.0,73.0,3.0,0.0,14.0,16.0,20.0,0.0,1.0,449.0,26.0,3.0,4.0,0.0,6.0,13.0,7.0,6.0,5.0,0.0,4.0,2.0,9.0,0.0,0.0,74.49,50.0,9.09,64.29,30.77,43.48,50.0,80.0,1.2732282747838997,0.621240765555171,7.0,14.0,0.38233749,7.0,6.0,15.0,0.7680394500000001,38.0,4.008908685968819,11.024498886414252,0.6013363028953229,14.632516703786193,0.6013363028953229,0.0,2.8062360801781736,3.207126948775056,4.008908685968819,0.0,0.2004454342984409,5.211581291759465,0.6013363028953229,0.8017817371937639,0.0,1.2026726057906458,2.6057906458797326,1.4031180400890868,1.2026726057906458,1.0022271714922049,0.0,0.8017817371937639,0.4008908685968819,1.8040089086859687,0.0,0.0,74.49,50.0,9.09,64.29,30.77,43.48,50.0,80.0,0.2552127945001135,0.1245248750556022,1.4031180400890868,2.8062360801781736,0.0766378042316258,1.4031180400890868,1.2026726057906458,3.0066815144766146,0.1539500011135857,7.616926503340757,RW,34,50,38,50,66,53,75,81,69,9,41,88,19,75,34,59,81,56,94,91,25,62,38,84,53,53,25,44,19,94,44,31,59,91,88,44,88,53,44,75,59,78,62,69,6,31,31,25,62,53,62,69,38,9,25,69,12,62,34,38,56,38,88,75,25,44,31,75,53,53,25,44,19,94,44,31,59,91,75,38,75,38,38,56,44,62,56,44,Eredivisie
Feyenoord,20vymiy7bo8wkyxai3ew494fz,29fr98or3mqippn84z3p9ihhw,L. Valente,Luciano Valente,22,Midfielder,Netherlands,Midfielder,67.0,194.0,8.0,259.0,0.0,0.0,12.0,13.0,14.0,0.0,3.0,511.0,26.0,6.0,0.0,1.0,16.0,12.0,7.0,5.0,2.0,3.0,6.0,2.0,6.0,0.0,0.0,87.5,72.73,50.0,50.0,50.0,51.85,0.0,0.0,1.484611082248669,1.523403564936245,5.0,42.0,1.1077709699999996,15.0,31.0,37.0,1.4518055900000006,131.0,11.800391389432486,34.168297455968684,1.4090019569471623,45.61643835616438,0.0,0.0,2.1135029354207435,2.2896281800391387,2.4657534246575343,0.0,0.5283757338551859,4.579256360078277,1.0567514677103718,0.0,0.1761252446183953,2.8180039138943247,2.1135029354207435,1.2328767123287672,0.8806262230919765,0.3522504892367906,0.5283757338551859,1.0567514677103718,0.3522504892367906,1.0567514677103718,0.0,0.0,87.5,72.73,50.0,50.0,50.0,51.85,0.0,0.0,0.2614774900242274,0.2683098255269316,0.8806262230919765,7.397260273972602,0.1951064330724069,2.641878669275929,5.459882583170254,6.516634050880626,0.2556996146771038,23.072407045009783,CM/AM,77,97,71,97,13,52,77,77,35,5,69,97,71,6,65,95,74,79,66,52,90,84,56,74,52,52,71,74,84,50,77,58,16,6,94,90,74,100,100,98,97,97,87,94,65,84,55,84,13,52,71,71,16,5,61,77,55,6,55,90,65,68,55,42,84,68,45,68,52,52,71,74,84,50,77,58,16,6,77,84,65,94,94,90,87,87,87,90,Eredivisie
Feyenoord,20vymiy7bo8wkyxai3ew494fz,4ej8uchqe3rt1s5h6phjo3310,G. Zechiël,Gjivai Zechiël,22,Midfielder,Netherlands,Midfielder,71.0,185.0,3.0,254.0,1.0,0.0,15.0,16.0,23.0,2.0,2.0,530.0,37.0,5.0,5.0,3.0,18.0,18.0,9.0,9.0,6.0,5.0,10.0,2.0,8.0,0.0,0.0,89.44,33.33,16.67,53.33,55.56,54.76,33.33,55.56,2.4128232559543696,1.6838787703736078,5.0,32.0,1.10681232,11.0,26.0,30.0,1.3245320100000006,131.0,12.056603773584904,31.41509433962264,0.5094339622641509,43.13207547169811,0.1698113207547169,0.0,2.5471698113207544,2.7169811320754715,3.9056603773584895,0.3396226415094339,0.3396226415094339,6.283018867924528,0.8490566037735848,0.8490566037735848,0.5094339622641509,3.056603773584905,3.056603773584905,1.5283018867924527,1.5283018867924527,1.018867924528302,0.8490566037735848,1.6981132075471697,0.3396226415094339,1.3584905660377358,0.0,0.0,89.44,33.33,16.67,53.33,55.56,54.76,33.33,55.56,0.409724703841308,0.2859416779879711,0.8490566037735848,5.433962264150943,0.1879492618867924,1.8679245283018864,4.415094339622641,5.094339622641509,0.2249205300000001,22.245283018867923,DM/CM,46,96,23,88,13,48,100,100,73,8,23,100,69,71,100,100,100,96,96,100,100,100,77,100,50,50,69,23,54,54,81,62,29,44,100,100,92,96,100,88,79,79,96,77,27,77,8,54,8,48,96,96,50,4,15,100,50,46,100,100,100,92,96,100,100,100,65,92,50,50,69,23,54,54,81,62,29,44,100,100,81,92,100,85,58,69,88,62,Eredivisie
Feyenoord,20vymiy7bo8wkyxai3ew494fz,5qvkwsnygz3zekwsdd1r994wk,G. Diarra,Gaoussou Diarra,23,Attacker,Mali,Striker,27.0,61.0,2.0,88.0,3.0,0.0,11.0,11.0,20.0,5.0,3.0,306.0,22.0,2.0,6.0,1.0,3.0,18.0,8.0,10.0,5.0,0.0,4.0,0.0,6.0,0.0,0.0,89.8,50.0,0.0,54.55,22.22,52.63,50.0,66.67,1.4152352742019396,0.2959844391265959,10.0,23.0,0.8858151000000002,8.0,4.0,5.0,0.5585892600000001,26.0,7.9411764705882355,17.941176470588236,0.5882352941176471,25.88235294117647,0.8823529411764706,0.0,3.235294117647059,3.235294117647059,5.882352941176471,1.4705882352941178,0.8823529411764706,6.470588235294118,0.5882352941176471,1.7647058823529411,0.2941176470588235,0.8823529411764706,5.294117647058823,2.3529411764705883,2.9411764705882355,1.4705882352941178,0.0,1.1764705882352942,0.0,1.7647058823529411,0.0,0.0,89.8,50.0,0.0,54.55,22.22,52.63,50.0,66.67,0.4162456688829234,0.0870542468019399,2.9411764705882355,6.764705882352941,0.2605338529411765,2.3529411764705883,1.1764705882352942,1.4705882352941178,0.1642909588235294,7.647058823529412,LW,55,60,35,50,70,55,40,40,60,90,65,70,10,100,60,40,100,80,100,100,25,60,20,70,55,55,100,35,20,80,40,80,90,85,100,40,100,60,80,80,45,20,50,40,70,70,30,80,70,55,60,40,80,90,70,70,10,100,70,40,100,80,100,100,25,70,20,70,55,55,100,35,20,80,40,80,90,85,90,40,90,80,90,90,60,20,60,50,Eredivisie
Feyenoord,20vymiy7bo8wkyxai3ew494fz,6fdwd71dx2qu7uzzs3ozm9x7u,T. Watanabe,Tsuyoshi Watanabe,29,Defender,Japan,Defender,138.0,136.0,9.0,274.0,13.0,0.0,1.0,1.0,15.0,18.0,3.0,401.0,6.0,1.0,1.0,1.0,5.0,4.0,4.0,0.0,2.0,0.0,1.0,0.0,0.0,0.0,0.0,94.16,47.37,0.0,0.0,25.0,62.5,76.47,100.0,0.5204468588673434,0.2696027997035399,0.0,4.0,0.17149544,1.0,26.0,16.0,0.3914225399999999,185.0,30.972568578553616,30.52369077306733,2.0199501246882794,61.49625935162094,2.917705735660848,0.0,0.2244389027431421,0.2244389027431421,3.366583541147132,4.039900249376559,0.6733167082294265,1.346633416458853,0.2244389027431421,0.2244389027431421,0.2244389027431421,1.1221945137157108,0.8977556109725685,0.8977556109725685,0.0,0.4488778054862842,0.0,0.2244389027431421,0.0,0.0,0.0,0.0,94.16,47.37,0.0,0.0,25.0,62.5,76.47,100.0,0.1168085219403015,0.0605093565419416,0.0,0.8977556109725685,0.0384902483790523,0.2244389027431421,5.835411471321695,3.591022443890274,0.0878504453865336,41.5211970074813,CB,46,74,41,66,79,41,40,39,24,43,17,62,18,7,88,89,74,84,28,93,35,57,37,23,50,51,96,55,37,23,50,79,91,94,81,81,31,44,57,35,69,41,40,76,60,83,43,81,77,41,43,40,21,45,19,72,13,4,96,91,85,89,28,98,35,62,37,23,50,51,96,55,37,23,50,79,91,94,87,83,31,40,64,32,79,45,51,85,Eredivisie
Feyenoord,20vymiy7bo8wkyxai3ew494fz,6hnzgiw8h1itz9l2j3sb6oeeh,J. St. Juste,Jeremiah St. Juste,29,Defender,Netherlands,Defender,165.0,83.0,4.0,248.0,15.0,1.0,1.0,1.0,26.0,31.0,9.0,439.0,2.0,6.0,5.0,0.0,0.0,0.0,0.0,0.0,0.0,0.0,0.0,0.0,0.0,0.0,0.0,91.85,28.57,0.0,0.0,0.0,57.78,53.57,83.33,0.0,0.0,0.0,0.0,0.0,0.0,0.0,0.0,0.0,0.0,33.82687927107061,17.015945330296127,0.8200455580865603,50.842824601366736,3.075170842824601,0.20501138952164,0.20501138952164,0.20501138952164,5.330296127562642,6.355353075170842,1.8451025056947608,0.4100227790432801,1.2300683371298404,1.0250569476082003,0.0,0.0,0.0,0.0,0.0,0.0,0.0,0.0,0.0,0.0,0.0,0.0,91.85,28.57,0.0,0.0,0.0,57.78,53.57,83.33,0.0,0.0,0.0,0.0,0.0,0.0,0.0,0.0,0.0,0.0,CB,70,43,14,49,87,90,40,39,77,84,81,31,88,68,39,16,7,14,28,29,35,19,37,23,50,51,83,14,37,23,19,60,45,80,7,16,31,9,9,14,6,6,6,6,85,45,11,53,79,96,38,36,77,81,79,23,85,62,39,16,7,14,28,29,35,19,37,23,50,51,83,14,37,23,19,60,45,80,7,16,31,9,9,14,6,6,6,6,Eredivisie
Feyenoord,20vymiy7bo8wkyxai3ew494fz,8jc7tw0nw37trgyli0oyz1soa,C. Vanhoutte,Charles Vanhoutte,27,Midfielder,Belgium,Midfielder,102.0,138.0,7.0,238.0,7.0,0.0,2.0,2.0,26.0,4.0,4.0,402.0,8.0,6.0,7.0,0.0,7.0,2.0,1.0,1.0,1.0,0.0,0.0,2.0,1.0,0.0,0.0,88.48,58.33,20.0,50.0,0.0,59.09,50.0,58.33,0.1302059573205874,0.5888102926985102,1.0,19.0,0.5493910499999999,10.0,18.0,20.0,0.4443293499999998,133.0,22.83582089552239,30.8955223880597,1.5671641791044777,53.28358208955224,1.5671641791044777,0.0,0.4477611940298507,0.4477611940298507,5.820895522388059,0.8955223880597015,0.8955223880597015,1.791044776119403,1.343283582089552,1.5671641791044777,0.0,1.5671641791044777,0.4477611940298507,0.2238805970149253,0.2238805970149253,0.2238805970149253,0.0,0.0,0.4477611940298507,0.2238805970149253,0.0,0.0,88.48,58.33,20.0,50.0,0.0,59.09,50.0,58.33,0.029150587459833,0.1318231998578754,0.2238805970149253,4.253731343283582,0.1229979962686566,2.238805970149253,4.029850746268656,4.477611940298507,0.0994767201492536,29.77611940298508,DM/CM,92,69,54,79,79,48,15,13,81,27,48,69,87,88,31,77,21,38,27,52,33,12,77,23,50,50,65,65,62,40,12,71,63,54,12,81,31,87,88,85,54,62,42,81,88,73,46,81,81,48,12,12,81,19,46,69,85,85,31,73,23,42,31,50,33,12,85,23,50,50,65,65,62,40,12,71,63,54,19,77,35,77,85,92,54,58,46,81,Eredivisie
Feyenoord,20vymiy7bo8wkyxai3ew494fz,908iy5e7dn1um6054jrowexre,Mika Mármol,Mika Mármol,25,Defender,Spain,Defender,131.0,193.0,12.0,322.0,2.0,0.0,7.0,7.0,18.0,20.0,15.0,540.0,11.0,3.0,6.0,0.0,11.0,6.0,4.0,2.0,1.0,0.0,0.0,2.0,3.0,0.0,0.0,84.96,44.44,15.38,42.86,0.0,36.0,15.38,60.0,0.6259500863384612,1.197938086375998,3.0,26.0,0.58894975,12.0,45.0,35.0,1.553324410000001,220.0,21.83333333333333,32.166666666666664,2.0,53.66666666666666,0.3333333333333333,0.0,1.1666666666666667,1.1666666666666667,3.0,3.333333333333333,2.5,1.8333333333333333,0.5,1.0,0.0,1.8333333333333333,1.0,0.6666666666666666,0.3333333333333333,0.1666666666666666,0.0,0.0,0.3333333333333333,0.5,0.0,0.0,84.96,44.44,15.38,42.86,0.0,36.0,15.38,60.0,0.1043250143897435,0.199656347729333,0.5,4.333333333333333,0.0981582916666666,2.0,7.5,5.833333333333333,0.2588874016666668,36.66666666666666,LB/LCB,95,100,95,100,28,50,78,78,50,85,100,82,38,72,35,95,92,85,92,57,48,32,42,72,52,52,65,60,15,55,32,15,20,55,90,90,100,95,90,92,100,100,95,100,95,95,68,95,25,50,75,70,30,60,100,82,25,45,35,85,85,80,85,48,48,32,32,60,52,52,65,60,15,55,32,15,20,55,90,80,100,80,85,85,100,85,85,95,Eredivisie
Feyenoord,20vymiy7bo8wkyxai3ew494fz,9d4ald4f0m2imaastzen4j8mi,O. Targhalline,Oussama Targhalline,24,Midfielder,Morocco,Midfielder,45.0,124.0,2.0,168.0,4.0,0.0,6.0,7.0,12.0,4.0,4.0,268.0,1.0,1.0,1.0,1.0,6.0,3.0,0.0,3.0,2.0,0.0,0.0,1.0,2.0,0.0,0.0,88.42,40.0,100.0,33.33,0.0,42.86,50.0,20.0,0.1733501011908199,0.5581909224586636,3.0,19.0,0.42599552,12.0,25.0,19.0,1.09007285,108.0,15.111940298507465,41.64179104477612,0.6716417910447761,56.4179104477612,1.343283582089552,0.0,2.014925373134328,2.3507462686567164,4.029850746268656,1.343283582089552,1.343283582089552,0.335820895522388,0.335820895522388,0.335820895522388,0.335820895522388,2.014925373134328,1.007462686567164,0.0,1.007462686567164,0.6716417910447761,0.0,0.0,0.335820895522388,0.6716417910447761,0.0,0.0,88.42,40.0,100.0,33.33,0.0,42.86,50.0,20.0,0.0582145862207977,0.1874521754525362,1.007462686567164,6.380597014925373,0.1430581970149253,4.029850746268656,8.395522388059701,6.380597014925373,0.3660692406716418,36.26865671641791,DM/CM,23,65,12,42,54,48,65,73,13,27,48,6,8,13,77,71,38,12,73,77,33,12,56,46,50,50,62,37,98,17,12,19,63,12,27,77,79,87,85,94,71,58,85,65,50,96,23,85,65,48,92,92,54,38,73,8,8,15,92,88,54,12,85,81,33,12,62,58,50,50,62,37,98,17,12,19,63,12,46,88,85,100,96,96,92,85,100,92,Eredivisie
Feyenoord,20vymiy7bo8wkyxai3ew494fz,dwyl0yii553i57u7azfa7d15g,A. Hadj Moussa,Anis Hadj Moussa,24,Attacker,Algeria,Striker,31.0,124.0,9.0,148.0,2.0,0.0,34.0,38.0,29.0,0.0,1.0,436.0,57.0,6.0,1.0,1.0,18.0,16.0,13.0,3.0,4.0,3.0,6.0,7.0,18.0,0.0,0.0,81.32,75.0,30.43,52.94,37.5,51.79,66.67,33.33,1.2285404753834217,1.6942789403060463,8.0,40.0,1.3534492499999995,16.0,8.0,17.0,1.52391245,55.0,6.39908256880734,25.59633027522936,1.8577981651376148,30.55045871559633,0.4128440366972477,0.0,7.018348623853211,7.844036697247707,5.986238532110092,0.0,0.2064220183486238,11.76605504587156,1.2385321100917432,0.2064220183486238,0.2064220183486238,3.7155963302752295,3.302752293577982,2.6834862385321103,0.6192660550458716,0.8256880733944955,0.6192660550458716,1.2385321100917432,1.444954128440367,3.7155963302752295,0.0,0.0,81.32,75.0,30.43,52.94,37.5,51.79,66.67,33.33,0.2535978045516238,0.3497364785035416,1.651376146788991,8.256880733944955,0.2793817259174311,3.302752293577982,1.651376146788991,3.5091743119266057,0.3145690837155964,11.353211009174313,RW,88,88,100,88,50,53,100,100,94,9,41,100,81,31,78,100,97,100,41,72,100,94,91,100,53,53,56,94,81,75,56,75,88,38,75,100,100,94,94,97,78,88,100,94,75,88,94,88,44,53,100,100,88,9,38,100,56,31,75,100,81,94,38,56,100,88,75,100,53,53,56,94,81,75,56,75,88,38,69,100,88,100,100,100,69,75,94,75,Eredivisie
Feyenoord,20vymiy7bo8wkyxai3ew494fz,ecqjg6wtntf1guejvm10redck,G. Read,Givairo Read,20,Defender,Netherlands,Defender,88.0,130.0,4.0,215.0,0.0,0.0,14.0,14.0,27.0,9.0,6.0,481.0,27.0,6.0,10.0,3.0,5.0,8.0,6.0,2.0,2.0,0.0,1.0,3.0,7.0,0.0,0.0,88.84,57.14,25.0,50.0,12.5,55.1,0.0,71.43,0.7740948788647625,0.5383154900804064,1.0,16.0,0.44419984,12.0,15.0,16.0,1.0017074199999998,106.0,16.465696465696467,24.324324324324326,0.7484407484407485,40.22869022869023,0.0,0.0,2.61954261954262,2.61954261954262,5.051975051975052,1.6839916839916842,1.1226611226611227,5.051975051975052,1.1226611226611227,1.8711018711018712,0.5613305613305614,0.9355509355509356,1.496881496881497,1.1226611226611227,0.3742203742203742,0.3742203742203742,0.0,0.1871101871101871,0.5613305613305614,1.30977130977131,0.0,0.0,88.84,57.14,25.0,50.0,12.5,55.1,0.0,71.43,0.1448410376254233,0.1007243120732569,0.1871101871101871,2.993762993762994,0.0831143151767151,2.245322245322245,2.806652806652807,2.993762993762994,0.1874296627858627,19.833679833679835,RB/RCB,62,85,38,85,8,50,100,100,77,23,77,92,96,92,100,77,100,100,88,77,50,81,69,100,54,54,85,85,50,69,62,46,12,77,100,85,81,85,85,92,73,62,85,92,69,69,23,77,8,50,100,100,54,23,77,92,92,77,100,62,100,100,92,85,50,77,62,100,54,54,85,85,50,69,62,46,12,77,100,77,77,85,85,92,62,62,85,77,Eredivisie
Fortuna Sittard,3ebril33e08ddzob4bhq8awsr,34258m1cvslz8r6d17nv4b90q,S. van Ottele,Syb van Ottele,24,Defender,Netherlands,Defender,25.0,36.0,13.0,61.0,5.0,0.0,2.0,2.0,15.0,26.0,5.0,273.0,0.0,1.0,5.0,0.0,0.0,0.0,0.0,0.0,0.0,0.0,0.0,0.0,2.0,0.0,0.0,71.76,44.83,0.0,100.0,0.0,75.0,50.0,71.43,0.0,0.0,0.0,0.0,0.0,0.0,0.0,0.0,0.0,0.0,8.241758241758243,11.868131868131869,4.285714285714286,20.10989010989011,1.6483516483516485,0.0,0.6593406593406593,0.6593406593406593,4.945054945054945,8.571428571428571,1.6483516483516485,0.0,0.3296703296703296,1.6483516483516485,0.0,0.0,0.0,0.0,0.0,0.0,0.0,0.0,0.0,0.6593406593406593,0.0,0.0,71.76,44.83,0.0,100.0,0.0,75.0,50.0,71.43,0.0,0.0,0.0,0.0,0.0,0.0,0.0,0.0,0.0,0.0,CB,2,15,54,2,27,41,64,63,24,68,47,5,18,68,39,16,7,14,28,29,35,19,37,80,50,51,2,43,37,91,19,96,34,70,7,16,31,9,9,14,6,6,6,6,2,23,89,4,49,41,81,74,62,94,72,5,23,91,39,16,7,14,28,29,35,19,37,87,50,51,2,43,37,91,19,96,34,70,7,16,31,9,9,14,6,6,6,6,Eredivisie
Fortuna Sittard,3ebril33e08ddzob4bhq8awsr,55e0z1vhb48go6y2io7h80aqy,O. Romeny,Ole Romeny,26,Attacker,Indonesia,Striker,7.0,21.0,2.0,28.0,3.0,0.0,7.0,7.0,13.0,3.0,2.0,256.0,12.0,4.0,1.0,0.0,2.0,8.0,6.0,2.0,1.0,1.0,5.0,0.0,4.0,0.0,0.0,68.29,66.67,0.0,57.14,62.5,52.0,50.0,50.0,0.8771055668354564,0.1449914563501176,4.0,2.0,0.06479232,1.0,3.0,4.0,0.08552317,13.0,2.4609375,7.3828125,0.703125,9.84375,1.0546875,0.0,2.4609375,2.4609375,4.5703125,1.0546875,0.703125,4.21875,1.40625,0.3515625,0.0,0.703125,2.8125,2.109375,0.703125,0.3515625,0.3515625,1.7578125,0.0,1.40625,0.0,0.0,68.29,66.67,0.0,57.14,62.5,52.0,50.0,50.0,0.3083574258405901,0.0509735588730882,1.40625,0.703125,0.0227785499999999,0.3515625,1.0546875,1.40625,0.0300667394531249,4.5703125,ST,10,18,71,11,29,50,61,61,32,56,79,24,54,36,28,19,44,44,58,31,35,72,33,72,51,51,36,72,33,72,94,83,78,40,36,19,83,28,33,42,51,53,31,40,11,44,81,22,33,50,72,72,56,64,83,44,69,44,28,22,67,61,72,42,33,92,33,81,51,51,36,72,33,72,94,83,78,40,67,28,89,44,42,56,64,67,36,56,Eredivisie
Fortuna Sittard,3ebril33e08ddzob4bhq8awsr,792zq4joba1qgt0lusvrjantg,L. Zeefuik,Lequincio Zeefuik,21,Attacker,Netherlands,Striker,6.0,28.0,0.0,34.0,21.0,0.0,13.0,13.0,36.0,8.0,0.0,465.0,21.0,11.0,2.0,1.0,6.0,8.0,8.0,0.0,1.0,3.0,4.0,0.0,2.0,0.0,0.0,55.74,0.0,0.0,15.38,50.0,42.35,56.76,100.0,1.101547779668303,0.3187535347229042,2.0,3.0,0.09418019,1.0,3.0,4.0,0.2021227299999999,11.0,1.161290322580645,5.419354838709677,0.0,6.580645161290322,4.064516129032258,0.0,2.5161290322580645,2.5161290322580645,6.967741935483871,1.5483870967741935,0.0,4.064516129032258,2.129032258064516,0.3870967741935484,0.1935483870967742,1.161290322580645,1.5483870967741935,1.5483870967741935,0.0,0.1935483870967742,0.5806451612903225,0.7741935483870968,0.0,0.3870967741935484,0.0,0.0,55.74,0.0,0.0,15.38,50.0,42.35,56.76,100.0,0.2132027960648328,0.0616942325270137,0.3870967741935484,0.5806451612903225,0.0182284238709677,0.1935483870967742,0.5806451612903225,0.7741935483870968,0.0391205283870967,2.129032258064516,ST,6,43,12,19,97,50,89,89,97,90,26,61,97,64,68,71,44,54,10,31,82,54,33,46,51,51,11,12,33,19,72,44,89,88,53,50,58,43,39,42,51,53,50,25,6,11,12,3,97,50,75,75,92,83,26,42,92,56,61,58,22,33,10,25,72,25,33,36,51,51,11,12,33,19,72,44,89,88,31,36,47,28,28,33,42,36,42,11,Eredivisie
Fortuna Sittard,3ebril33e08ddzob4bhq8awsr,7b4jmfu1ejoeci2zmvwuejnys,P. Brittijn,Philip Brittijn,22,Midfielder,Netherlands,Midfielder,72.0,42.0,4.0,114.0,6.0,0.0,3.0,3.0,12.0,25.0,7.0,529.0,1.0,1.0,5.0,0.0,0.0,2.0,1.0,1.0,0.0,1.0,1.0,0.0,0.0,0.0,0.0,81.43,28.57,0.0,0.0,50.0,32.43,33.33,100.0,0.1626913122732632,0.0,1.0,2.0,0.03932202,1.0,4.0,6.0,0.09164986,43.0,12.24952741020794,7.145557655954631,0.6805293005671077,19.39508506616257,1.0207939508506616,0.0,0.5103969754253308,0.5103969754253308,2.041587901701323,4.253308128544423,1.1909262759924384,0.1701323251417769,0.1701323251417769,0.8506616257088846,0.0,0.0,0.3402646502835538,0.1701323251417769,0.1701323251417769,0.0,0.1701323251417769,0.1701323251417769,0.0,0.0,0.0,0.0,81.43,28.57,0.0,0.0,50.0,32.43,33.33,100.0,0.0276790512374171,0.0,0.1701323251417769,0.3402646502835538,0.0066899466918714,0.1701323251417769,0.6805293005671077,1.0207939508506616,0.0155926037807183,7.315689981096408,DM/CM,50,13,37,27,69,48,35,35,13,96,85,6,8,71,31,4,21,38,27,17,79,38,23,6,50,50,15,12,23,6,73,4,29,96,23,4,31,4,4,13,8,6,4,19,31,4,31,8,58,48,19,19,12,96,69,4,4,50,31,4,15,31,15,17,69,23,23,6,50,50,15,12,23,6,73,4,29,96,12,4,12,4,4,12,4,4,4,8,Eredivisie
Fortuna Sittard,3ebril33e08ddzob4bhq8awsr,973qhpd6czw3u8h0788uq9ez8,S. Wylin,Siebe Wylin,23,Defender,Belgium,Defender,16.0,20.0,0.0,36.0,2.0,0.0,0.0,0.0,7.0,13.0,0.0,210.0,1.0,2.0,3.0,0.0,0.0,0.0,0.0,0.0,0.0,0.0,0.0,0.0,0.0,0.0,0.0,76.6,0.0,0.0,0.0,0.0,58.33,0.0,100.0,0.0,0.0,0.0,0.0,0.0,0.0,0.0,0.0,0.0,0.0,6.857142857142857,8.571428571428571,0.0,15.428571428571429,0.8571428571428571,0.0,0.0,0.0,3.0,5.571428571428571,0.0,0.4285714285714285,0.8571428571428571,1.2857142857142856,0.0,0.0,0.0,0.0,0.0,0.0,0.0,0.0,0.0,0.0,0.0,0.0,76.6,0.0,0.0,0.0,0.0,58.33,0.0,100.0,0.0,0.0,0.0,0.0,0.0,0.0,0.0,0.0,0.0,0.0,RB/RCB,8,8,8,8,15,50,12,12,8,42,8,8,35,12,31,8,12,15,23,23,50,31,12,19,54,54,31,8,12,19,31,62,12,100,12,8,35,12,12,8,8,8,8,8,8,23,8,8,38,50,12,12,8,100,8,8,77,38,31,8,12,15,23,23,50,31,12,19,54,54,31,8,12,19,31,62,12,100,12,8,35,12,12,8,8,8,8,8,Eredivisie
Fortuna Sittard,3ebril33e08ddzob4bhq8awsr,9fpb7g8ij9dqtuqhnimy5fap5,Rodrigo Guth,Rodrigo Guth,25,Defender,Brazil,Defender,95.0,24.0,15.0,119.0,12.0,0.0,1.0,1.0,17.0,32.0,6.0,276.0,2.0,1.0,2.0,0.0,0.0,0.0,0.0,0.0,0.0,0.0,0.0,0.0,1.0,0.0,0.0,83.22,46.88,0.0,100.0,0.0,53.12,50.0,66.67,0.0,0.0,0.0,0.0,0.0,0.0,0.0,0.0,0.0,0.0,30.97826086956521,7.826086956521738,4.891304347826087,38.80434782608695,3.913043478260869,0.0,0.3260869565217391,0.3260869565217391,5.5434782608695645,10.434782608695652,1.9565217391304344,0.6521739130434783,0.3260869565217391,0.6521739130434783,0.0,0.0,0.0,0.0,0.0,0.0,0.0,0.0,0.0,0.3260869565217391,0.0,0.0,83.22,46.88,0.0,100.0,0.0,53.12,50.0,66.67,0.0,0.0,0.0,0.0,0.0,0.0,0.0,0.0,0.0,0.0,CB,26,5,66,13,69,41,40,39,38,87,59,31,18,19,39,16,7,14,28,29,35,19,37,60,50,51,23,53,37,91,19,32,34,61,7,16,31,9,9,14,6,6,6,6,62,6,96,30,96,41,53,53,79,98,83,32,19,38,39,16,7,14,28,29,35,19,37,68,50,51,23,53,37,91,19,32,34,61,7,16,31,9,9,14,6,6,6,6,Eredivisie
Fortuna Sittard,3ebril33e08ddzob4bhq8awsr,9oxlenxa5z4yy8vbd71wzn3tg,S. 't Zand,Shiloh 't Zand,23,Midfielder,Netherlands,Midfielder,40.0,47.0,2.0,86.0,1.0,0.0,4.0,4.0,14.0,1.0,1.0,344.0,5.0,6.0,5.0,0.0,5.0,6.0,3.0,3.0,2.0,1.0,4.0,1.0,2.0,0.0,0.0,81.13,33.33,16.67,50.0,66.67,50.0,20.0,100.0,0.403395576337243,0.484838589823268,2.0,5.0,0.10834289,2.0,13.0,10.0,0.2520323699999999,41.0,10.465116279069766,12.296511627906977,0.5232558139534883,22.5,0.2616279069767441,0.0,1.0465116279069766,1.0465116279069766,3.6627906976744176,0.2616279069767441,0.2616279069767441,1.3081395348837208,1.569767441860465,1.3081395348837208,0.0,1.3081395348837208,1.569767441860465,0.7848837209302325,0.7848837209302325,0.5232558139534883,0.2616279069767441,1.0465116279069766,0.2616279069767441,0.5232558139534883,0.0,0.0,81.13,33.33,16.67,50.0,66.67,50.0,20.0,100.0,0.1055395403207903,0.1268473054770177,0.5232558139534883,1.3081395348837208,0.0283455235465116,0.5232558139534883,3.4011627906976742,2.6162790697674416,0.0659387014534883,10.726744186046512,CM/AM,39,16,11,21,35,52,32,31,35,13,29,23,71,76,24,39,35,44,47,52,53,55,32,35,52,52,32,19,29,50,90,52,34,94,29,48,35,19,19,19,40,26,13,23,48,19,13,23,39,52,35,32,39,10,19,23,81,81,24,45,45,48,45,58,58,65,35,35,52,52,32,19,29,50,90,52,34,94,29,52,32,16,16,23,55,26,16,23,Eredivisie
Fortuna Sittard,3ebril33e08ddzob4bhq8awsr,9zryne6aa951ltubvjo0gk12i,M. Ihattaren,Mohamed Ihattaren,24,Midfielder,Netherlands,Midfielder,41.0,61.0,8.0,95.0,0.0,0.0,8.0,9.0,9.0,5.0,2.0,404.0,10.0,2.0,2.0,2.0,8.0,12.0,5.0,7.0,4.0,3.0,7.0,7.0,4.0,0.0,0.0,73.08,50.0,25.93,50.0,58.33,32.14,0.0,66.67,1.3096239849646885,0.8357636315557615,9.0,8.0,0.2932992299999999,5.0,8.0,14.0,0.3847994599999999,41.0,9.133663366336634,13.589108910891088,1.7821782178217822,21.163366336633665,0.0,0.0,1.7821782178217822,2.004950495049505,2.004950495049505,1.113861386138614,0.4455445544554455,2.227722772277228,0.4455445544554455,0.4455445544554455,0.4455445544554455,1.7821782178217822,2.6732673267326734,1.113861386138614,1.5594059405940597,0.8910891089108911,0.6683168316831684,1.5594059405940597,1.5594059405940597,0.8910891089108911,0.0,0.0,73.08,50.0,25.93,50.0,58.33,32.14,0.0,66.67,0.2917479174426286,0.1861849674257884,2.004950495049505,1.7821782178217822,0.0653389373762376,1.113861386138614,1.7821782178217822,3.118811881188119,0.085722651980198,9.133663366336634,CM/AM,44,29,71,26,13,52,68,69,15,53,50,48,13,31,90,65,74,61,89,85,90,95,82,66,52,52,10,35,58,50,84,6,16,68,90,74,92,35,52,42,23,39,32,23,39,23,61,19,13,52,65,68,10,48,52,35,10,29,90,65,77,61,90,77,97,90,87,61,52,52,10,35,58,50,84,6,16,68,87,77,87,35,52,42,19,35,23,16,Eredivisie
Fortuna Sittard,3ebril33e08ddzob4bhq8awsr,b23be312oxcbusvpjnnriukq2,Y. Oukili,Yassin Oukili,25,Midfielder,Morocco,Midfielder,7.0,29.0,3.0,35.0,5.0,0.0,2.0,2.0,14.0,12.0,1.0,230.0,3.0,3.0,1.0,0.0,3.0,4.0,2.0,2.0,3.0,0.0,0.0,1.0,2.0,0.0,0.0,67.31,60.0,50.0,100.0,0.0,60.87,62.5,25.0,0.3020216013458942,0.1657377690043156,2.0,0.0,0.0,1.0,2.0,5.0,0.11163346,17.0,2.739130434782609,11.347826086956523,1.173913043478261,13.695652173913045,1.956521739130435,0.0,0.782608695652174,0.782608695652174,5.478260869565218,4.695652173913044,0.391304347826087,1.173913043478261,1.173913043478261,0.391304347826087,0.0,1.173913043478261,1.565217391304348,0.782608695652174,0.782608695652174,1.173913043478261,0.0,0.0,0.391304347826087,0.782608695652174,0.0,0.0,67.31,60.0,50.0,100.0,0.0,60.87,62.5,25.0,0.1181823657440455,0.0648539096103843,0.782608695652174,0.0,0.0,0.391304347826087,0.782608695652174,1.956521739130435,0.0436826582608695,6.652173913043479,CM/AM,5,6,19,6,79,52,15,15,35,89,29,18,29,18,24,13,19,27,31,71,21,11,32,35,52,52,6,58,84,98,11,94,90,13,23,16,35,3,3,8,6,10,6,6,3,13,35,6,97,52,19,19,77,100,45,19,61,19,24,32,42,45,42,87,21,11,52,52,52,52,6,58,84,98,11,94,90,13,35,13,55,3,3,13,10,16,6,10,Eredivisie
Fortuna Sittard,3ebril33e08ddzob4bhq8awsr,bnkzwpd607re6s01oa77wcodm,J. Dahlhaus,Jasper Dahlhaus,24,Defender,Netherlands,Defender,36.0,41.0,7.0,76.0,3.0,0.0,4.0,4.0,12.0,19.0,4.0,439.0,1.0,3.0,2.0,1.0,2.0,1.0,0.0,1.0,1.0,0.0,0.0,1.0,1.0,0.0,0.0,75.25,53.85,14.29,25.0,0.0,35.29,33.33,40.0,0.0335643299539736,0.2370096268643143,1.0,3.0,0.0667338899999999,2.0,14.0,13.0,0.27017995,37.0,7.380410022779043,8.405466970387243,1.4350797266514803,15.580865603644645,0.6150341685649202,0.0,0.8200455580865603,0.8200455580865603,2.460136674259681,3.895216400911161,0.8200455580865603,0.20501138952164,0.6150341685649202,0.4100227790432801,0.20501138952164,0.4100227790432801,0.20501138952164,0.0,0.20501138952164,0.20501138952164,0.0,0.0,0.20501138952164,0.20501138952164,0.0,0.0,75.25,53.85,14.29,25.0,0.0,35.29,33.33,40.0,0.0068810699222269,0.0485896729334585,0.20501138952164,0.6150341685649202,0.0136812075170842,0.4100227790432801,2.870159453302961,2.665148063781321,0.0553899669703872,7.585421412300683,LB/LCB,10,20,45,15,45,50,60,57,20,78,42,18,38,18,75,25,22,15,60,57,48,32,22,40,52,52,20,92,10,30,32,10,38,18,15,25,60,30,30,35,55,42,30,15,5,10,45,10,45,50,50,50,15,75,50,15,30,20,80,30,20,15,65,60,48,32,15,45,52,52,20,92,10,30,32,10,38,18,15,20,70,25,20,35,50,40,20,15,Eredivisie
Fortuna Sittard,3ebril33e08ddzob4bhq8awsr,d7ml58kwwpetvnw46qja9ru5m,A. Descotte,Anthony Descotte,23,Attacker,Belgium,Striker,22.0,25.0,2.0,47.0,4.0,0.0,3.0,3.0,14.0,2.0,0.0,273.0,7.0,5.0,1.0,0.0,2.0,6.0,3.0,3.0,0.0,2.0,5.0,0.0,3.0,0.0,0.0,77.05,50.0,0.0,100.0,83.33,51.85,36.36,50.0,0.6515547914776534,0.1749440519488936,5.0,4.0,0.10731908,0.0,5.0,3.0,0.04795074,13.0,7.252747252747253,8.241758241758243,0.6593406593406593,15.494505494505496,1.3186813186813189,0.0,0.989010989010989,0.989010989010989,4.615384615384616,0.6593406593406593,0.0,2.307692307692308,1.6483516483516485,0.3296703296703296,0.0,0.6593406593406593,1.978021978021978,0.989010989010989,0.989010989010989,0.0,0.6593406593406593,1.6483516483516485,0.0,0.989010989010989,0.0,0.0,77.05,50.0,0.0,100.0,83.33,51.85,36.36,50.0,0.2147982829047209,0.057673863279855,1.6483516483516485,1.3186813186813189,0.0353799164835164,0.0,1.6483516483516485,0.989010989010989,0.0158079362637362,4.285714285714286,ST,57,32,71,53,35,50,26,25,42,38,26,10,68,36,28,19,31,21,81,11,60,72,33,58,51,51,58,51,33,96,100,81,31,40,31,22,92,58,42,14,67,38,14,40,81,50,75,67,39,50,42,39,61,44,26,8,81,39,28,19,33,28,89,11,86,89,33,72,51,51,58,51,33,96,100,81,31,40,36,31,94,64,53,14,78,53,17,50,Eredivisie
Fortuna Sittard,3ebril33e08ddzob4bhq8awsr,dp0q4f4gbj2buhcu1lb5dzxed,Ivo Pinto,Ivo Daniel Ferreira Mendonça Pinto,36,Defender,Portugal,Defender,51.0,47.0,9.0,97.0,4.0,0.0,1.0,1.0,18.0,27.0,3.0,495.0,5.0,3.0,6.0,1.0,3.0,1.0,1.0,0.0,0.0,0.0,1.0,1.0,0.0,0.0,0.0,74.62,32.14,20.0,0.0,100.0,58.06,50.0,54.55,0.0988087216953114,0.2196708340669875,0.0,2.0,0.05937339,3.0,8.0,10.0,0.3540825000000001,44.0,9.272727272727272,8.545454545454545,1.6363636363636365,17.636363636363637,0.7272727272727273,0.0,0.1818181818181818,0.1818181818181818,3.272727272727273,4.909090909090909,0.5454545454545454,0.9090909090909092,0.5454545454545454,1.0909090909090908,0.1818181818181818,0.5454545454545454,0.1818181818181818,0.1818181818181818,0.0,0.0,0.0,0.1818181818181818,0.1818181818181818,0.0,0.0,0.0,74.62,32.14,20.0,0.0,100.0,58.06,50.0,54.55,0.0179652221264202,0.0399401516485431,0.0,0.3636363636363636,0.0107951618181818,0.5454545454545454,1.4545454545454546,1.818181818181818,0.0643786363636363,8.0,RB/RCB,46,31,77,38,42,50,27,27,31,100,58,42,58,46,73,38,31,42,23,23,50,81,35,19,54,54,15,46,31,19,96,54,46,38,38,31,35,27,31,58,38,38,38,23,23,15,69,15,23,50,31,31,23,92,46,31,38,31,69,31,23,38,23,23,50,69,31,19,54,54,15,46,31,19,96,54,46,38,31,23,35,23,38,54,38,38,31,23,Eredivisie
Fortuna Sittard,3ebril33e08ddzob4bhq8awsr,dsh8ta4q6v5ews2e19p9xh6y2,J. Hubner,Justin Hubner,23,Defender,Indonesia,Defender,146.0,43.0,11.0,188.0,8.0,0.0,2.0,2.0,14.0,42.0,5.0,540.0,5.0,1.0,3.0,0.0,2.0,3.0,2.0,1.0,1.0,0.0,1.0,1.0,1.0,0.0,0.0,86.24,36.67,33.33,50.0,33.33,43.75,47.06,75.0,0.2397043893612649,0.229607861623856,1.0,7.0,0.14710006,2.0,6.0,5.0,0.2666769099999999,82.0,24.33333333333333,7.166666666666667,1.8333333333333333,31.33333333333333,1.3333333333333333,0.0,0.3333333333333333,0.3333333333333333,2.333333333333333,7.0,0.8333333333333334,0.8333333333333334,0.1666666666666666,0.5,0.0,0.3333333333333333,0.5,0.3333333333333333,0.1666666666666666,0.1666666666666666,0.0,0.1666666666666666,0.1666666666666666,0.1666666666666666,0.0,0.0,86.24,36.67,33.33,50.0,33.33,43.75,47.06,75.0,0.0399507315602108,0.0382679769373093,0.1666666666666666,1.1666666666666667,0.0245166766666666,0.3333333333333333,1.0,0.8333333333333334,0.0444461516666666,13.666666666666666,LB/LCB,100,30,82,75,88,50,38,32,28,100,68,45,12,30,35,25,65,62,60,57,48,80,22,40,52,52,80,15,70,68,82,30,50,80,65,20,60,65,65,35,12,10,25,65,100,5,55,60,75,50,22,22,10,100,60,35,10,25,35,15,52,50,40,48,48,68,10,32,52,52,80,15,70,68,82,30,50,80,45,15,42,55,50,25,10,10,10,55,Eredivisie
Fortuna Sittard,3ebril33e08ddzob4bhq8awsr,eyzcfyn1crjcgmm98uk9u8oyy,É. Michut,Édouard Michut,23,Midfielder,France,Midfielder,80.0,81.0,4.0,159.0,4.0,0.0,6.0,6.0,30.0,15.0,9.0,430.0,1.0,17.0,3.0,2.0,5.0,3.0,1.0,2.0,1.0,1.0,1.0,2.0,3.0,0.0,0.0,88.83,33.33,100.0,50.0,33.33,63.83,57.14,50.0,0.2641064625357948,0.4117164943416869,0.0,9.0,0.19511535,3.0,13.0,17.0,0.5317369000000001,73.0,16.74418604651163,16.953488372093023,0.8372093023255814,33.27906976744186,0.8372093023255814,0.0,1.255813953488372,1.255813953488372,6.279069767441861,3.1395348837209305,1.8837209302325584,0.2093023255813953,3.558139534883721,0.627906976744186,0.4186046511627907,1.0465116279069768,0.627906976744186,0.2093023255813953,0.4186046511627907,0.2093023255813953,0.2093023255813953,0.2093023255813953,0.4186046511627907,0.627906976744186,0.0,0.0,88.83,33.33,100.0,50.0,33.33,63.83,57.14,50.0,0.0552780968098175,0.0861732197459344,0.0,1.8837209302325584,0.0408380965116279,0.627906976744186,2.7209302325581395,3.558139534883721,0.1112937697674418,15.27906976744186,CM/AM,84,35,32,61,71,52,55,52,90,97,100,6,100,47,90,39,11,13,31,26,53,29,56,55,52,52,81,19,97,50,42,97,81,34,13,39,8,42,32,29,40,60,48,52,84,32,19,55,71,52,45,42,94,94,100,6,100,35,84,26,13,16,26,23,45,26,55,42,52,52,81,19,97,50,42,97,81,34,16,32,8,42,32,26,32,42,39,52,Eredivisie
Go Ahead Eagles,b79uipsy57y1jqpy07h4i5ovk,1m0qpbce7dob7mdbo7titbqp5,V. Edvardsen,Victor Edvardsen,30,Attacker,Sweden,Striker,46.0,96.0,9.0,140.0,2.0,0.0,14.0,14.0,11.0,1.0,0.0,495.0,27.0,0.0,4.0,2.0,12.0,13.0,10.0,3.0,2.0,3.0,8.0,2.0,5.0,0.0,0.0,74.47,60.0,28.57,35.71,61.54,32.35,28.57,100.0,1.226198976346873,0.891201739447018,4.0,13.0,0.3655149100000001,3.0,14.0,15.0,0.6774396100000003,51.0,8.363636363636363,17.454545454545453,1.6363636363636365,25.454545454545453,0.3636363636363636,0.0,2.5454545454545454,2.5454545454545454,2.0,0.1818181818181818,0.0,4.909090909090909,0.0,0.7272727272727273,0.3636363636363636,2.1818181818181817,2.363636363636364,1.818181818181818,0.5454545454545454,0.3636363636363636,0.5454545454545454,1.4545454545454546,0.3636363636363636,0.9090909090909092,0.0,0.0,74.47,60.0,28.57,35.71,61.54,32.35,28.57,100.0,0.2229452684267041,0.1620366798994578,0.7272727272727273,2.363636363636364,0.0664572563636363,0.5454545454545454,2.5454545454545454,2.727272727272727,0.1231708381818182,9.272727272727272,ST,94,89,97,94,18,50,93,93,12,18,26,81,4,90,92,96,72,71,81,57,82,90,83,85,51,51,50,64,83,49,92,14,24,88,64,89,83,90,86,76,96,92,83,89,92,89,97,89,14,50,78,78,6,8,26,58,4,78,83,89,47,47,58,44,69,81,81,69,51,51,50,64,83,49,92,14,24,88,39,81,69,83,86,69,92,83,78,86,Eredivisie
Go Ahead Eagles,b79uipsy57y1jqpy07h4i5ovk,1tmihr54maqj0h7785cg9ez56,M. Suray,Mathis Suray,25,Attacker,Belgium,Striker,37.0,131.0,7.0,160.0,0.0,0.0,6.0,7.0,21.0,5.0,3.0,522.0,14.0,10.0,3.0,2.0,19.0,11.0,4.0,7.0,1.0,2.0,5.0,8.0,3.0,0.0,0.0,80.81,50.0,25.81,50.0,45.45,48.84,0.0,37.5,0.7864127913402641,1.678281283046673,5.0,18.0,0.52440132,9.0,19.0,31.0,1.6457393099999995,81.0,6.379310344827586,22.58620689655173,1.206896551724138,27.58620689655173,0.0,0.0,1.0344827586206895,1.206896551724138,3.6206896551724137,0.8620689655172414,0.5172413793103449,2.413793103448276,1.7241379310344829,0.5172413793103449,0.3448275862068966,3.2758620689655173,1.896551724137931,0.6896551724137931,1.206896551724138,0.1724137931034483,0.3448275862068966,0.8620689655172414,1.3793103448275863,0.5172413793103449,0.0,0.0,80.81,50.0,25.81,50.0,45.45,48.84,0.0,37.5,0.1355884123000455,0.2893588419045987,0.8620689655172414,3.103448275862069,0.0904140206896551,1.5517241379310345,3.2758620689655173,5.344827586206897,0.2837481568965516,13.965517241379311,CM/AM,32,84,61,65,13,52,55,63,68,53,69,56,97,47,90,100,68,55,89,26,76,68,89,55,52,52,26,35,55,50,65,45,16,19,58,94,74,66,71,76,74,89,97,74,16,65,42,32,13,52,32,39,35,45,58,42,87,32,81,100,58,35,77,16,71,48,81,32,52,52,26,35,55,50,65,45,16,19,48,94,61,56,58,58,48,81,94,39,Eredivisie
Go Ahead Eagles,b79uipsy57y1jqpy07h4i5ovk,286v8a4wf61l4nllj0bpxipec,E. Flataker,Erik Flataker,21,Attacker,Norway,Striker,10.0,9.0,1.0,19.0,4.0,0.0,5.0,6.0,6.0,0.0,0.0,224.0,10.0,1.0,0.0,0.0,0.0,6.0,6.0,0.0,1.0,1.0,2.0,0.0,1.0,0.0,0.0,67.86,100.0,0.0,20.0,33.33,33.33,40.0,0.0,0.7254485988889189,0.0,0.0,0.0,0.0,0.0,0.0,1.0,0.0280431,4.0,4.017857142857142,3.616071428571429,0.4017857142857143,7.633928571428571,1.6071428571428572,0.0,2.008928571428571,2.4107142857142856,2.4107142857142856,0.0,0.0,4.017857142857142,0.4017857142857143,0.0,0.0,0.0,2.4107142857142856,2.4107142857142856,0.0,0.4017857142857143,0.4017857142857143,0.8035714285714286,0.0,0.4017857142857143,0.0,0.0,67.86,100.0,0.0,20.0,33.33,33.33,40.0,0.0,0.2914748834821549,0.0,0.0,0.0,0.0,0.0,0.0,0.4017857142857143,0.0112673169642857,1.6071428571428572,ST,19,3,40,6,35,50,54,57,3,4,26,17,14,10,28,3,31,44,10,31,35,24,33,28,51,51,33,93,33,25,39,19,50,10,33,3,8,7,7,14,8,10,8,3,33,3,58,8,44,50,67,69,8,4,26,39,22,10,28,3,50,69,10,47,47,39,33,42,51,51,33,93,33,25,39,19,50,10,61,3,8,7,7,14,8,14,11,8,Eredivisie
Go Ahead Eagles,b79uipsy57y1jqpy07h4i5ovk,2teefpvijsbzag4yi7fm1pyol,A. Sampsted,Alfons Sampsted,28,Defender,Iceland,Defender,126.0,87.0,4.0,210.0,8.0,0.0,3.0,3.0,24.0,22.0,2.0,479.0,3.0,6.0,8.0,1.0,4.0,0.0,0.0,0.0,0.0,0.0,0.0,3.0,1.0,0.0,0.0,85.02,22.22,21.43,33.33,0.0,60.0,53.33,88.89,0.0,0.1589606969073855,0.0,3.0,0.05740611,1.0,16.0,16.0,0.5649589500000001,100.0,23.674321503131527,16.346555323590817,0.7515657620041754,39.45720250521921,1.5031315240083507,0.0,0.5636743215031316,0.5636743215031316,4.509394572025053,4.133611691022964,0.3757828810020877,0.5636743215031316,1.1273486430062631,1.5031315240083507,0.1878914405010438,0.7515657620041754,0.0,0.0,0.0,0.0,0.0,0.0,0.5636743215031316,0.1878914405010438,0.0,0.0,85.02,22.22,21.43,33.33,0.0,60.0,53.33,88.89,0.0,0.0298673543249784,0.0,0.5636743215031316,0.0107861167014613,0.1878914405010438,3.0062630480167014,3.0062630480167014,0.1061509509394572,18.789144050104387,RB/RCB,85,69,38,73,77,50,65,65,65,81,38,23,96,69,73,62,12,15,23,23,50,31,69,54,54,54,77,23,38,54,31,69,62,92,12,15,35,46,23,27,85,62,77,69,85,54,31,69,77,50,54,54,46,62,31,15,100,46,77,46,12,15,23,23,50,31,69,54,54,54,77,23,38,54,31,69,62,92,12,15,35,38,31,15,69,69,69,62,Eredivisie
Go Ahead Eagles,b79uipsy57y1jqpy07h4i5ovk,3g0xd9rds9relghxanr1f5vc9,S. Sigurðarson,Stefán Sigurdarson,25,Attacker,Iceland,Striker,13.0,26.0,0.0,39.0,13.0,0.0,3.0,3.0,22.0,1.0,0.0,306.0,24.0,5.0,1.0,1.0,4.0,17.0,15.0,2.0,2.0,2.0,4.0,0.0,1.0,0.0,0.0,62.9,0.0,0.0,33.33,23.53,48.89,39.39,33.33,1.8269239181074737,0.2151123635788594,1.0,2.0,0.13660304,0.0,2.0,4.0,0.0734362,12.0,3.823529411764706,7.647058823529412,0.0,11.470588235294118,3.823529411764706,0.0,0.8823529411764706,0.8823529411764706,6.470588235294118,0.2941176470588235,0.0,7.0588235294117645,1.4705882352941178,0.2941176470588235,0.2941176470588235,1.1764705882352942,5.0,4.411764705882353,0.5882352941176471,0.5882352941176471,0.5882352941176471,1.1764705882352942,0.0,0.2941176470588235,0.0,0.0,62.9,0.0,0.0,33.33,23.53,48.89,39.39,33.33,0.537330564149257,0.0632683422290762,0.2941176470588235,0.5882352941176471,0.0401773647058823,0.0,0.5882352941176471,1.1764705882352942,0.0215988823529411,3.5294117647058822,ST,29,36,12,31,76,50,26,25,72,18,26,72,68,36,68,50,89,90,58,57,60,54,33,28,51,51,22,12,33,43,17,78,42,26,81,39,31,28,56,14,36,53,22,32,31,47,12,39,89,50,36,33,83,19,26,92,75,36,75,61,100,100,61,64,75,69,33,31,51,51,22,12,33,43,17,78,42,26,97,39,39,31,58,14,44,58,25,36,Eredivisie
Go Ahead Eagles,b79uipsy57y1jqpy07h4i5ovk,61a5bh5xw947nv4mxx62gqaqx,J. Kramer,Joris Kramer,30,Defender,Netherlands,Defender,240.0,144.0,25.0,384.0,22.0,0.0,1.0,1.0,31.0,28.0,5.0,540.0,6.0,5.0,3.0,0.0,1.0,4.0,4.0,0.0,2.0,0.0,1.0,0.0,0.0,0.0,0.0,89.72,49.02,0.0,0.0,25.0,46.27,50.0,75.0,0.4721473801934809,0.0707395721535625,0.0,4.0,0.0756927699999999,3.0,34.0,27.0,0.5945985399999997,185.0,40.0,24.0,4.166666666666667,64.0,3.6666666666666665,0.0,0.1666666666666666,0.1666666666666666,5.166666666666667,4.666666666666667,0.8333333333333334,1.0,0.8333333333333334,0.5,0.0,0.1666666666666666,0.6666666666666666,0.6666666666666666,0.0,0.3333333333333333,0.0,0.1666666666666666,0.0,0.0,0.0,0.0,89.72,49.02,0.0,0.0,25.0,46.27,50.0,75.0,0.0786912300322468,0.0117899286922604,0.0,0.6666666666666666,0.0126154616666666,0.5,5.666666666666667,4.5,0.0990997566666666,30.83333333333333,CB,98,79,94,94,94,41,40,39,89,74,47,62,76,36,39,45,74,84,28,93,35,57,37,23,50,51,64,62,37,23,50,13,34,74,74,43,31,44,38,59,86,69,77,76,91,68,85,85,89,41,30,28,71,62,29,54,63,21,39,33,61,73,28,89,35,44,37,23,50,51,64,62,37,23,50,13,34,74,70,40,31,32,30,55,73,59,64,60,Eredivisie
Go Ahead Eagles,b79uipsy57y1jqpy07h4i5ovk,9d4lofwg9ooaoldw2vpt4h36y,E. Linthorst,Evert Linthorst,26,Midfielder,Netherlands,Midfielder,111.0,157.0,16.0,266.0,3.0,1.0,6.0,6.0,11.0,12.0,9.0,507.0,7.0,3.0,3.0,1.0,4.0,1.0,0.0,1.0,0.0,0.0,1.0,2.0,1.0,0.0,0.0,82.1,38.1,18.18,16.67,100.0,40.74,37.5,75.0,0.0502809359783909,0.3745775069684882,1.0,12.0,0.23282905,6.0,26.0,37.0,1.1583267100000008,149.0,19.70414201183432,27.8698224852071,2.8402366863905324,47.2189349112426,0.5325443786982248,0.1775147928994082,1.0650887573964496,1.0650887573964496,1.9526627218934909,2.130177514792899,1.5976331360946745,1.242603550295858,0.5325443786982248,0.5325443786982248,0.1775147928994082,0.7100591715976331,0.1775147928994082,0.0,0.1775147928994082,0.0,0.0,0.1775147928994082,0.3550295857988165,0.1775147928994082,0.0,0.0,82.1,38.1,18.18,16.67,100.0,40.74,37.5,75.0,0.0089256099369924,0.0664930485742878,0.1775147928994082,2.130177514792899,0.0413306005917159,1.0650887573964496,4.615384615384615,6.568047337278106,0.2056201260355031,26.449704142011832,DM/CM,96,85,87,92,38,98,65,63,8,77,92,62,38,37,77,52,8,12,27,17,33,38,77,23,50,50,23,27,58,12,96,15,40,75,4,62,31,52,42,62,79,92,88,92,81,62,88,69,31,100,50,50,4,65,81,50,35,31,65,42,4,12,23,17,33,27,73,15,50,50,23,27,58,12,96,15,40,75,4,46,15,46,31,50,62,88,81,73,Eredivisie
Go Ahead Eagles,b79uipsy57y1jqpy07h4i5ovk,a2psnkhu3h7m0ng8e7qdietey,S. Tengstedt,Søren Tengstedt,26,Midfielder,Denmark,Midfielder,50.0,89.0,6.0,138.0,3.0,0.0,21.0,22.0,36.0,1.0,2.0,508.0,31.0,12.0,4.0,2.0,2.0,18.0,13.0,5.0,4.0,5.0,9.0,1.0,15.0,0.0,0.0,87.9,50.0,20.0,71.43,50.0,66.67,60.0,66.67,1.5293602887246955,0.2173380486967149,8.0,18.0,0.48211801,4.0,18.0,14.0,0.3575252699999999,51.0,8.858267716535433,15.76771653543307,1.062992125984252,24.4488188976378,0.5314960629921259,0.0,3.7204724409448815,3.8976377952755903,6.377952755905511,0.1771653543307086,0.3543307086614173,5.4921259842519685,2.125984251968504,0.7086614173228346,0.3543307086614173,0.3543307086614173,3.188976377952756,2.3031496062992125,0.8858267716535433,0.7086614173228346,0.8858267716535433,1.5944881889763778,0.1771653543307086,2.6574803149606296,0.0,0.0,87.9,50.0,20.0,71.43,50.0,66.67,60.0,66.67,0.2709496574512255,0.0385047724068983,1.4173228346456692,3.188976377952756,0.0854146080708661,0.7086614173228346,3.188976377952756,2.4803149606299213,0.0633410911417322,9.03543307086614,RM/RCM,75,100,75,75,75,62,100,100,75,38,50,100,100,62,88,38,100,100,100,100,100,100,50,100,62,62,100,25,50,50,88,100,75,75,100,50,100,75,75,75,100,62,50,75,75,75,50,50,75,62,75,75,75,25,50,75,100,25,75,25,100,100,75,75,100,100,50,75,62,62,100,25,50,50,88,100,75,75,100,50,100,75,75,75,75,75,50,50,Eredivisie
Go Ahead Eagles,b79uipsy57y1jqpy07h4i5ovk,bn8dwm2y9a8i9a10rba3dmm3u,D. James,Dean James,26,Defender,Indonesia,Defender,59.0,115.0,8.0,161.0,3.0,0.0,7.0,7.0,18.0,13.0,4.0,490.0,5.0,6.0,2.0,1.0,10.0,2.0,1.0,1.0,0.0,0.0,1.0,13.0,4.0,0.0,0.0,86.1,53.33,39.39,57.14,50.0,50.0,33.33,40.0,0.1316556959107567,1.2307255518488895,1.0,2.0,0.08827744,3.0,20.0,17.0,1.17141626,69.0,10.83673469387755,21.12244897959184,1.469387755102041,29.57142857142857,0.5510204081632653,0.0,1.2857142857142856,1.2857142857142856,3.3061224489795915,2.387755102040816,0.7346938775510203,0.9183673469387756,1.1020408163265305,0.3673469387755101,0.183673469387755,1.836734693877551,0.3673469387755101,0.183673469387755,0.183673469387755,0.0,0.0,0.183673469387755,2.387755102040816,0.7346938775510203,0.0,0.0,86.1,53.33,39.39,57.14,50.0,50.0,33.33,40.0,0.0241816584325879,0.226051631972245,0.183673469387755,0.3673469387755101,0.0162142236734693,0.5510204081632653,3.673469387755102,3.1224489795918364,0.2151580885714285,12.673469387755102,LB/LCB,50,80,60,62,45,50,78,78,50,52,42,45,78,18,75,88,42,40,60,22,48,80,100,88,52,52,75,85,85,75,98,35,38,18,35,95,60,20,35,50,85,55,75,57,30,80,50,55,35,50,80,78,35,30,25,40,75,15,70,90,30,40,50,22,48,85,100,75,52,52,75,85,85,75,98,35,38,18,35,90,55,20,25,45,75,50,75,45,Eredivisie
Go Ahead Eagles,b79uipsy57y1jqpy07h4i5ovk,d8cxurdt9g5gezqlfwae7ooru,M. Meulensteen,Melle Meulensteen,27,Midfielder,Netherlands,Midfielder,85.0,154.0,17.0,238.0,12.0,0.0,9.0,9.0,27.0,7.0,8.0,421.0,15.0,6.0,1.0,1.0,4.0,8.0,4.0,4.0,4.0,1.0,3.0,1.0,6.0,0.0,0.0,89.47,73.91,11.11,66.67,37.5,60.0,57.14,33.33,0.7422583963609255,0.3608792355736535,2.0,8.0,0.40464617,2.0,41.0,46.0,0.6615444199999997,147.0,18.171021377672208,32.92161520190024,3.6342042755344415,50.87885985748218,2.565320665083135,0.0,1.9239904988123515,1.9239904988123515,5.771971496437054,1.4964370546318289,1.7102137767220902,3.20665083135392,1.2826603325415675,0.2137767220902612,0.2137767220902612,0.8551068883610451,1.7102137767220902,0.8551068883610451,0.8551068883610451,0.8551068883610451,0.2137767220902612,0.6413301662707838,0.2137767220902612,1.2826603325415675,0.0,0.0,89.47,73.91,11.11,66.67,37.5,60.0,57.14,33.33,0.1586775669180125,0.0771475800513748,0.4275534441805225,1.7102137767220902,0.0865039318289786,0.4275534441805225,8.764845605700712,9.83372921615202,0.141422797624703,31.425178147268408,DM/CM,69,81,92,79,96,48,81,81,87,48,88,92,87,13,77,52,83,79,85,92,79,81,56,87,50,50,73,92,50,67,62,79,85,19,81,58,62,42,77,23,94,96,69,88,69,85,96,77,92,48,85,85,77,54,88,81,81,8,85,54,77,73,81,96,85,73,54,88,50,50,73,92,50,67,62,79,85,19,77,58,62,42,69,19,96,96,65,85,Eredivisie
Go Ahead Eagles,b79uipsy57y1jqpy07h4i5ovk,eytcfp4cu6qkar65kf0p5rm96,J. Dirksen,Julius Dirksen,23,Defender,Netherlands,Defender,170.0,99.0,26.0,269.0,3.0,0.0,2.0,2.0,13.0,21.0,12.0,409.0,2.0,2.0,3.0,0.0,1.0,4.0,2.0,2.0,1.0,1.0,2.0,0.0,2.0,0.0,0.0,86.22,46.43,0.0,100.0,50.0,43.33,30.0,50.0,0.299083564826291,0.0725110211826426,2.0,2.0,0.03559875,0.0,21.0,26.0,0.4329379399999999,169.0,37.40831295843521,21.78484107579462,5.721271393643032,59.19315403422983,0.6601466992665037,0.0,0.4400977995110025,0.4400977995110025,2.860635696821516,4.621026894865526,2.640586797066015,0.4400977995110025,0.4400977995110025,0.6601466992665037,0.0,0.2200488997555012,0.880195599022005,0.4400977995110025,0.4400977995110025,0.2200488997555012,0.2200488997555012,0.4400977995110025,0.0,0.4400977995110025,0.0,0.0,86.22,46.43,0.0,100.0,50.0,43.33,30.0,50.0,0.0658130093749784,0.0159559704313883,0.4400977995110025,0.4400977995110025,0.0078334657701711,0.0,4.621026894865526,5.721271393643032,0.0952675173594131,37.18826405867971,CB,77,51,96,56,13,41,64,63,13,50,95,31,33,36,39,45,74,54,88,71,82,85,37,80,50,51,43,51,37,91,80,11,11,29,57,47,93,23,19,14,47,64,45,67,89,64,100,74,11,41,64,64,15,60,96,28,32,43,39,47,83,60,91,74,87,85,37,83,50,51,43,51,37,91,80,11,11,29,60,49,94,26,23,14,60,77,55,79,Eredivisie
NEC,8iawijq7s9s6d85mjz8wdslki,1gl82ymzh9vpitix6v645awa,D. Nejašmić,Darko Nejasmic,27,Midfielder,Croatia,Midfielder,76.0,113.0,7.0,189.0,7.0,0.0,3.0,3.0,19.0,8.0,5.0,290.0,5.0,4.0,4.0,0.0,2.0,4.0,0.0,4.0,0.0,1.0,3.0,0.0,1.0,0.0,0.0,85.91,43.75,0.0,33.33,75.0,52.78,46.67,57.14,0.1735437099171025,0.1548014537580882,4.0,9.0,0.20932164,4.0,25.0,30.0,0.7670244800000001,120.0,23.58620689655172,35.06896551724138,2.1724137931034484,58.6551724137931,2.1724137931034484,0.0,0.9310344827586208,0.9310344827586208,5.896551724137931,2.4827586206896552,1.5517241379310345,1.5517241379310345,1.2413793103448276,1.2413793103448276,0.0,0.6206896551724138,1.2413793103448276,0.0,1.2413793103448276,0.0,0.3103448275862069,0.9310344827586208,0.0,0.3103448275862069,0.0,0.0,85.91,43.75,0.0,33.33,75.0,52.78,46.67,57.14,0.0538583927328938,0.048041830476648,1.2413793103448276,2.793103448275862,0.064961888275862,1.2413793103448276,7.758620689655173,9.310344827586206,0.23804208,37.241379310344826,DM/CM,54,62,54,58,79,48,35,35,62,56,62,46,54,52,31,19,56,12,85,17,79,81,23,23,50,50,46,46,23,17,87,54,50,50,31,27,88,46,35,42,71,79,77,69,92,92,77,88,88,48,46,46,85,73,77,58,73,81,31,27,65,12,92,17,88,96,23,35,50,50,46,46,23,17,87,54,50,50,42,31,96,69,62,54,88,92,92,96,Eredivisie
NEC,8iawijq7s9s6d85mjz8wdslki,1gr0k94d0nh7msa32f6728aok,C. Bischoff,Clement Bischoff,20,Attacker,Denmark,Striker,23.0,92.0,3.0,111.0,1.0,0.0,13.0,14.0,19.0,3.0,0.0,388.0,45.0,11.0,1.0,1.0,8.0,6.0,3.0,3.0,3.0,0.0,0.0,4.0,4.0,0.0,0.0,76.55,33.33,15.38,30.77,0.0,41.3,20.0,33.33,0.4180106117865101,0.9561720245737482,2.0,31.0,1.1116744500000002,5.0,4.0,13.0,1.49518256,40.0,5.335051546391753,21.340206185567013,0.6958762886597939,25.74742268041237,0.2319587628865979,0.0,3.015463917525773,3.247422680412371,4.407216494845361,0.6958762886597939,0.0,10.438144329896907,2.5515463917525776,0.2319587628865979,0.2319587628865979,1.855670103092784,1.3917525773195878,0.6958762886597939,0.6958762886597939,0.6958762886597939,0.0,0.0,0.9278350515463918,0.9278350515463918,0.0,0.0,76.55,33.33,15.38,30.77,0.0,41.3,20.0,33.33,0.0969612243834688,0.2217924799269003,0.4639175257731959,7.190721649484536,0.2578626301546392,1.1597938144329898,0.9278350515463918,3.015463917525773,0.3468206969072165,9.278350515463918,LW,40,80,55,80,40,55,70,70,50,60,10,90,100,20,60,80,50,35,50,60,25,20,75,45,55,55,40,20,40,25,20,20,40,20,20,90,35,90,90,60,45,85,90,80,50,80,50,70,40,55,40,50,30,60,10,100,90,20,60,80,30,30,50,60,25,20,80,40,55,55,40,20,40,25,20,20,40,20,20,90,30,90,80,50,40,70,90,70,Eredivisie
NEC,8iawijq7s9s6d85mjz8wdslki,2o9mor4zf95ey14rkhm6x979w,A. Tahaui,Adam Tahaui,21,Attacker,Morocco,Striker,26.0,68.0,5.0,92.0,6.0,0.0,8.0,8.0,18.0,2.0,4.0,314.0,12.0,4.0,5.0,0.0,3.0,6.0,4.0,2.0,0.0,2.0,3.0,2.0,2.0,0.0,0.0,77.97,62.5,20.0,25.0,50.0,45.0,46.15,83.33,0.6367363879801933,0.1124573250313399,1.0,14.0,0.3868097699999999,6.0,6.0,15.0,0.6408839500000001,42.0,7.452229299363057,19.49044585987261,1.4331210191082802,26.36942675159236,1.7197452229299364,0.0,2.2929936305732483,2.2929936305732483,5.159235668789809,0.5732484076433121,1.1464968152866242,3.4394904458598727,1.1464968152866242,1.4331210191082802,0.0,0.8598726114649682,1.7197452229299364,1.1464968152866242,0.5732484076433121,0.0,0.5732484076433121,0.8598726114649682,0.5732484076433121,0.5732484076433121,0.0,0.0,77.97,62.5,20.0,25.0,50.0,45.0,46.15,83.33,0.1825040602491,0.0322329912510209,0.286624203821656,4.012738853503184,0.1108690423566878,1.7197452229299364,1.7197452229299364,4.2993630573248405,0.183692851910828,12.038216560509554,RW,72,69,66,69,100,53,41,41,59,44,84,31,41,94,34,22,16,19,25,12,88,38,38,34,53,53,44,81,56,25,97,44,50,100,25,12,19,53,50,59,59,78,44,75,94,69,69,69,100,53,50,50,75,50,81,31,44,94,34,19,19,31,25,12,88,56,44,31,53,53,44,81,56,25,97,44,50,100,44,12,25,75,62,69,75,88,69,88,Eredivisie
NEC,8iawijq7s9s6d85mjz8wdslki,4bstdc3zla1sn85ev3bcmw1lg,T. Storm,Tobias Storm,22,Defender,Denmark,Defender,145.0,129.0,7.0,272.0,12.0,0.0,4.0,4.0,30.0,17.0,5.0,450.0,0.0,5.0,12.0,0.0,1.0,1.0,0.0,1.0,0.0,0.0,0.0,2.0,1.0,0.0,0.0,85.53,28.0,40.0,25.0,0.0,56.6,54.55,100.0,0.0701252187983434,0.053365035285369,0.0,9.0,0.21724157,4.0,21.0,29.0,0.5437540900000002,159.0,29.0,25.8,1.4,54.4,2.4,0.0,0.8,0.8,6.0,3.4,1.0,0.0,1.0,2.4,0.0,0.2,0.2,0.0,0.2,0.0,0.0,0.0,0.4,0.2,0.0,0.0,85.53,28.0,40.0,25.0,0.0,56.6,54.55,100.0,0.0140250437596686,0.0106730070570737,0.0,1.8,0.043448314,0.8,4.2,5.8,0.108750818,31.8,CB,52,72,30,64,69,41,89,87,84,36,47,5,76,100,39,45,22,14,68,29,35,19,93,60,50,51,36,11,87,47,19,51,50,94,19,36,31,67,72,66,47,73,70,60,43,72,26,64,67,41,87,84,89,30,40,5,74,100,39,45,17,14,68,29,35,19,91,59,50,51,36,11,87,47,19,51,50,94,19,36,31,70,66,66,51,79,70,64,Eredivisie
NEC,8iawijq7s9s6d85mjz8wdslki,4pqi5vt820333t5zsj2refc2d,B. Linssen,Bryan Linssen,35,Attacker,Netherlands,Striker,6.0,22.0,0.0,28.0,5.0,0.0,2.0,2.0,12.0,0.0,1.0,294.0,17.0,3.0,1.0,0.0,2.0,5.0,5.0,0.0,1.0,1.0,2.0,0.0,1.0,0.0,0.0,73.68,0.0,0.0,50.0,40.0,42.86,41.67,33.33,0.7099117183996959,0.1534947387125953,0.0,0.0,0.0,0.0,0.0,2.0,0.1226148399999999,10.0,1.836734693877551,6.73469387755102,0.0,8.571428571428571,1.530612244897959,0.0,0.6122448979591837,0.6122448979591837,3.673469387755102,0.0,0.3061224489795918,5.204081632653061,0.9183673469387756,0.3061224489795918,0.0,0.6122448979591837,1.530612244897959,1.530612244897959,0.0,0.3061224489795918,0.3061224489795918,0.6122448979591837,0.0,0.3061224489795918,0.0,0.0,73.68,0.0,0.0,50.0,40.0,42.86,41.67,33.33,0.2173199137958252,0.0469881853201822,0.0,0.0,0.0,0.0,0.0,0.6122448979591837,0.0375351551020407,3.061224489795918,LW,10,10,10,10,90,55,10,10,10,15,20,50,25,20,25,30,30,50,10,25,55,50,20,15,55,55,20,10,20,70,60,30,80,20,50,30,10,10,10,10,10,10,10,10,10,10,10,10,90,55,10,10,20,15,20,60,40,30,25,30,50,60,10,20,50,50,20,10,55,55,20,10,20,70,60,30,80,20,60,30,10,10,10,10,10,10,10,10,Eredivisie
NEC,8iawijq7s9s6d85mjz8wdslki,5ghvrbmlh0tqos9iohj8f7zzd,K. Sierhuis,Kaj Sierhuis,28,Attacker,Netherlands,Striker,1.0,17.0,1.0,18.0,7.0,0.0,0.0,0.0,12.0,3.0,0.0,231.0,18.0,3.0,1.0,0.0,5.0,12.0,9.0,3.0,3.0,2.0,4.0,0.0,0.0,0.0,0.0,50.0,50.0,0.0,0.0,33.33,44.44,38.89,50.0,1.3458609903801604,0.3761783816599605,2.0,1.0,0.01935132,0.0,1.0,1.0,0.0582267099999999,8.0,0.3896103896103896,6.623376623376623,0.3896103896103896,7.012987012987012,2.727272727272727,0.0,0.0,0.0,4.675324675324675,1.1688311688311688,0.0,7.012987012987012,1.1688311688311688,0.3896103896103896,0.0,1.948051948051948,4.675324675324675,3.506493506493506,1.1688311688311688,1.1688311688311688,0.7792207792207791,1.5584415584415583,0.0,0.0,0.0,0.0,50.0,50.0,0.0,0.0,33.33,44.44,38.89,50.0,0.5243614248234391,0.146563005841543,0.7792207792207791,0.3896103896103896,0.0075394753246753,0.0,0.3896103896103896,0.3896103896103896,0.0226857311688311,3.1168831168831166,ST,3,10,40,3,54,50,4,3,21,56,26,47,43,36,28,64,65,61,81,81,60,54,33,8,51,51,4,51,33,8,39,56,39,40,69,58,58,17,14,14,22,10,19,14,3,28,51,6,67,50,4,3,64,78,26,89,56,60,28,83,97,92,94,97,92,86,33,8,51,51,4,51,33,8,39,56,39,40,94,72,78,19,14,14,31,8,28,19,Eredivisie
NEC,8iawijq7s9s6d85mjz8wdslki,6m2pk6odyb3atayt6u8cifahh,D. Tadić,Dusan Tadic,37,Attacker,Serbia,Striker,29.0,114.0,3.0,136.0,3.0,0.0,4.0,4.0,12.0,5.0,2.0,440.0,30.0,7.0,1.0,1.0,9.0,4.0,3.0,1.0,2.0,0.0,0.0,7.0,1.0,0.0,0.0,79.53,27.27,30.43,25.0,0.0,44.44,37.5,100.0,0.426256889307425,1.0020717304111937,1.0,11.0,0.2823135,7.0,14.0,25.0,1.2329342900000009,73.0,5.931818181818182,23.318181818181817,0.6136363636363635,27.818181818181817,0.6136363636363635,0.0,0.8181818181818181,0.8181818181818181,2.454545454545454,1.0227272727272727,0.409090909090909,6.136363636363636,1.4318181818181817,0.2045454545454545,0.2045454545454545,1.8409090909090908,0.8181818181818181,0.6136363636363635,0.2045454545454545,0.409090909090909,0.0,0.0,1.4318181818181817,0.2045454545454545,0.0,0.0,79.53,27.27,30.43,25.0,0.0,44.44,37.5,100.0,0.0871889091765187,0.2049692175841077,0.2045454545454545,2.25,0.0577459431818181,1.4318181818181817,2.863636363636364,5.113636363636363,0.2521911047727274,14.93181818181818,ST,74,94,86,92,29,50,40,36,21,79,79,88,78,36,68,85,14,21,31,57,11,7,94,28,51,51,75,36,86,32,7,56,33,88,17,92,31,85,83,94,96,99,94,97,67,92,72,92,25,50,31,31,11,61,75,78,72,22,64,81,6,17,22,50,11,7,94,17,51,51,75,36,86,32,7,56,33,88,11,89,19,81,78,86,94,100,94,94,Eredivisie
NEC,8iawijq7s9s6d85mjz8wdslki,6u7z5qrlwzl9aug8awejq37xl,Jamiro Monteiro,Jamiro Gregory Monteiro Alvarenga,32,Midfielder,Cabo Verde,Midfielder,63.0,109.0,6.0,172.0,5.0,0.0,2.0,2.0,22.0,2.0,4.0,321.0,3.0,6.0,11.0,0.0,4.0,3.0,1.0,2.0,1.0,0.0,1.0,0.0,0.0,0.0,0.0,90.05,66.67,0.0,0.0,33.33,46.81,50.0,91.67,0.1746179108385528,0.2100759696454719,1.0,5.0,0.1061631,0.0,18.0,13.0,0.28653644,92.0,17.663551401869157,30.5607476635514,1.6822429906542056,48.22429906542056,1.4018691588785046,0.0,0.5607476635514018,0.5607476635514018,6.16822429906542,0.5607476635514018,1.1214953271028036,0.8411214953271028,1.6822429906542056,3.08411214953271,0.0,1.1214953271028036,0.8411214953271028,0.2803738317757009,0.5607476635514018,0.2803738317757009,0.0,0.2803738317757009,0.0,0.0,0.0,0.0,90.05,66.67,0.0,0.0,33.33,46.81,50.0,91.67,0.0489582927584727,0.0588998045734967,0.2803738317757009,1.4018691588785046,0.0297653551401869,0.0,5.046728971962617,3.644859813084112,0.0803373196261682,25.79439252336449,DM/CM,42,58,46,46,62,48,15,13,69,8,48,25,87,96,31,52,38,38,54,52,33,38,23,6,50,50,77,85,23,6,48,38,63,88,35,35,31,25,15,6,54,35,31,52,62,69,58,73,77,48,27,27,92,12,65,31,96,100,31,58,50,46,58,62,33,50,23,6,50,50,77,85,23,6,48,38,63,88,35,42,42,35,19,6,73,42,35,69,Eredivisie
NEC,8iawijq7s9s6d85mjz8wdslki,7wjzrrcy3fp8nq6dlanfxvqhh,B. Nuytinck,Bram Nuytinck,36,Defender,Netherlands,Defender,69.0,24.0,0.0,93.0,8.0,0.0,0.0,0.0,13.0,17.0,9.0,206.0,1.0,3.0,1.0,0.0,0.0,1.0,1.0,0.0,0.0,0.0,0.0,0.0,0.0,0.0,0.0,79.49,0.0,0.0,0.0,0.0,56.52,53.33,50.0,0.1221082880322357,0.0,0.0,0.0,0.0,0.0,4.0,3.0,0.1102849299999999,56.0,30.145631067961165,10.485436893203884,0.0,40.63106796116505,3.4951456310679614,0.0,0.0,0.0,5.6796116504854375,7.427184466019418,3.932038834951456,0.4368932038834952,1.3106796116504855,0.4368932038834952,0.0,0.0,0.4368932038834952,0.4368932038834952,0.0,0.0,0.0,0.0,0.0,0.0,0.0,0.0,79.49,0.0,0.0,0.0,0.0,56.52,53.33,50.0,0.0533482811791321,0.0,0.0,0.0,0.0,0.0,1.7475728155339807,1.3106796116504855,0.0481827364077669,24.466019417475728,CB,13,5,2,11,49,41,14,13,13,36,81,17,49,7,39,16,22,34,28,29,35,19,37,23,50,51,6,2,37,23,19,49,43,29,28,16,31,9,9,14,15,15,13,19,53,15,2,34,85,41,14,13,83,87,100,26,87,17,39,16,36,55,28,29,35,19,37,23,50,51,6,2,37,23,19,49,43,29,47,16,31,9,9,14,19,17,21,40,Eredivisie
NEC,8iawijq7s9s6d85mjz8wdslki,8624hqd4nlbzcoqsetvsvla8k,D. Fonville,Deveron Fonville,23,Defender,Curaçao,Defender,45.0,108.0,3.0,152.0,3.0,1.0,2.0,3.0,11.0,6.0,5.0,210.0,1.0,2.0,3.0,0.0,4.0,0.0,0.0,0.0,0.0,0.0,0.0,1.0,2.0,0.0,0.0,86.86,37.5,33.33,100.0,0.0,57.89,50.0,75.0,0.0,0.2871373237605614,0.0,12.0,0.28957246,11.0,17.0,24.0,0.51004758,87.0,19.285714285714285,46.285714285714285,1.2857142857142856,65.14285714285714,1.2857142857142856,0.4285714285714285,0.8571428571428571,1.2857142857142856,4.714285714285714,2.571428571428571,2.142857142857143,0.4285714285714285,0.8571428571428571,1.2857142857142856,0.0,1.7142857142857142,0.0,0.0,0.0,0.0,0.0,0.0,0.4285714285714285,0.8571428571428571,0.0,0.0,86.86,37.5,33.33,100.0,0.0,57.89,50.0,75.0,0.0,0.1230588530402405,0.0,5.142857142857142,0.1241024828571428,4.714285714285714,7.285714285714286,10.285714285714285,0.2185918199999999,37.285714285714285,LB/LCB,25,75,10,55,45,100,38,48,15,10,68,18,25,30,35,42,8,15,20,22,48,32,22,57,52,52,85,25,70,95,32,65,57,80,8,40,20,75,75,82,65,80,40,70,80,100,35,100,70,100,65,78,75,35,95,20,60,60,35,75,8,15,20,22,48,32,45,90,52,52,85,25,70,95,32,65,57,80,8,60,20,95,95,100,95,100,80,100,Eredivisie
NEC,8iawijq7s9s6d85mjz8wdslki,8gde39dg3u3kqhd8pa2mdcn2t,T. Chery,Tjaronn Chery,38,Midfielder,Suriname,Midfielder,54.0,118.0,4.0,161.0,1.0,0.0,7.0,7.0,11.0,2.0,0.0,424.0,24.0,4.0,1.0,1.0,8.0,17.0,6.0,11.0,7.0,3.0,8.0,11.0,4.0,0.0,0.0,85.19,50.0,44.0,57.14,47.06,39.29,0.0,50.0,1.2217965305173988,0.8722974663243417,11.0,9.0,0.2677689299999999,6.0,18.0,32.0,0.8406620800000002,77.0,11.462264150943396,25.04716981132076,0.8490566037735848,34.17452830188679,0.2122641509433962,0.0,1.4858490566037736,1.4858490566037736,2.3349056603773586,0.4245283018867924,0.0,5.09433962264151,0.8490566037735848,0.2122641509433962,0.2122641509433962,1.6981132075471697,3.608490566037736,1.2735849056603774,2.3349056603773586,1.4858490566037736,0.6367924528301887,1.6981132075471697,2.3349056603773586,0.8490566037735848,0.0,0.0,85.19,50.0,44.0,57.14,47.06,39.29,0.0,50.0,0.2593436031758629,0.1851574810594121,2.3349056603773586,1.910377358490566,0.0568377445754716,1.2735849056603774,3.820754716981132,6.792452830188679,0.1784424226415094,16.34433962264151,CM/AM,63,74,32,68,35,52,65,63,24,23,10,94,42,18,65,65,98,69,100,100,90,100,95,66,52,52,55,35,77,74,71,16,16,34,77,77,97,42,45,56,71,94,81,66,61,68,23,58,32,52,52,48,13,19,10,81,35,16,65,58,94,71,97,97,90,94,100,55,52,52,55,35,77,74,71,16,16,34,74,74,97,45,45,48,68,94,71,61,Eredivisie
NEC,8iawijq7s9s6d85mjz8wdslki,ac3lkaa1lkbsa82tfylq5zcb8,N. Lebreton,Noé Lebreton,22,Midfielder,France,Midfielder,53.0,85.0,2.0,137.0,7.0,0.0,4.0,4.0,28.0,6.0,8.0,386.0,23.0,9.0,7.0,0.0,4.0,5.0,4.0,1.0,1.0,1.0,1.0,1.0,3.0,0.0,0.0,81.07,22.22,16.67,75.0,20.0,58.33,53.85,77.78,0.5236724606009402,0.2849940922217255,1.0,6.0,0.14499343,5.0,14.0,15.0,0.34310749,60.0,12.357512953367875,19.81865284974093,0.466321243523316,31.94300518134715,1.6321243523316062,0.0,0.932642487046632,0.932642487046632,6.528497409326425,1.3989637305699485,1.865284974093264,5.362694300518135,2.098445595854922,1.6321243523316062,0.0,0.932642487046632,1.1658031088082903,0.932642487046632,0.233160621761658,0.233160621761658,0.233160621761658,0.233160621761658,0.233160621761658,0.6994818652849741,0.0,0.0,81.07,22.22,16.67,75.0,20.0,58.33,53.85,77.78,0.1220997965131725,0.0664493997408168,0.233160621761658,1.3989637305699485,0.0338067582901554,1.1658031088082903,3.2642487046632125,3.4974093264248705,0.0799991556994818,13.989637305699482,CM/AM,58,39,11,44,90,52,32,31,85,63,95,90,94,94,24,23,26,55,15,26,53,29,32,55,52,52,29,10,29,92,29,90,71,81,45,23,21,26,23,42,50,42,26,42,71,42,10,52,87,52,23,23,100,65,97,90,90,94,24,19,23,55,13,29,52,29,32,48,52,52,29,10,29,92,29,90,71,81,39,16,16,19,23,45,45,39,19,42,Eredivisie
NEC,8iawijq7s9s6d85mjz8wdslki,brr1dv5rqwqmy0rqmvstmgnpw,A. Kabar,Almugera Kabar,20,Defender,Germany,Defender,52.0,42.0,3.0,93.0,4.0,0.0,1.0,2.0,19.0,12.0,5.0,222.0,4.0,7.0,5.0,0.0,1.0,1.0,1.0,0.0,0.0,0.0,0.0,1.0,0.0,0.0,0.0,85.32,42.86,33.33,0.0,0.0,59.38,66.67,62.5,0.1478249399057134,0.1205198910439763,0.0,3.0,0.05842896,1.0,7.0,12.0,0.26648541,59.0,21.08108108108108,17.027027027027025,1.2162162162162162,37.7027027027027,1.6216216216216215,0.0,0.4054054054054054,0.8108108108108107,7.702702702702703,4.864864864864865,2.0270270270270268,1.6216216216216215,2.8378378378378377,2.0270270270270268,0.0,0.4054054054054054,0.4054054054054054,0.4054054054054054,0.0,0.0,0.0,0.0,0.4054054054054054,0.0,0.0,0.0,85.32,42.86,33.33,0.0,0.0,59.38,66.67,62.5,0.0599290296915054,0.0488594152880985,0.0,1.2162162162162162,0.0236874162162162,0.4054054054054054,2.8378378378378377,4.864864864864865,0.1080346256756756,23.91891891891892,LB/LCB,35,25,10,20,62,50,18,32,62,42,68,35,90,55,35,12,22,40,20,22,48,32,22,15,52,52,70,55,70,15,32,75,90,60,40,15,20,30,25,18,20,35,20,45,90,65,25,80,82,50,32,45,100,90,82,70,100,95,35,25,40,60,20,22,48,32,40,15,52,52,70,55,70,15,32,75,90,60,75,25,20,65,45,30,45,80,35,90,Eredivisie
PEC Zwolle,2uuh2bir8ktof0uxfo06lb4ox,1rd0zzpp3dn0y7qtxwc57g7h1,R. Thomas,Ryan Thomas,31,Midfielder,New Zealand,Midfielder,62.0,71.0,8.0,133.0,15.0,0.0,7.0,7.0,38.0,27.0,14.0,433.0,3.0,5.0,4.0,0.0,2.0,3.0,1.0,2.0,0.0,0.0,1.0,0.0,5.0,0.0,0.0,73.89,32.0,0.0,71.43,33.33,66.67,71.43,30.77,0.2508257934622157,0.0559668179644209,1.0,5.0,0.1051097,3.0,18.0,23.0,0.4458594399999998,85.0,12.886836027713626,14.757505773672056,1.6628175519630486,27.64434180138568,3.117782909930716,0.0,1.4549653579676676,1.4549653579676676,7.89838337182448,5.612009237875289,2.909930715935335,0.6235565819861432,1.039260969976905,0.8314087759815243,0.0,0.4157043879907621,0.6235565819861432,0.207852193995381,0.4157043879907621,0.0,0.0,0.207852193995381,0.0,1.039260969976905,0.0,0.0,73.89,32.0,0.0,71.43,33.33,66.67,71.43,30.77,0.0521346914817538,0.0116328259048449,0.207852193995381,1.039260969976905,0.0218472817551963,0.6235565819861432,3.741339491916859,4.780600461893765,0.0926728628175519,17.66743648960739,DM/CM,38,31,63,31,100,48,75,73,100,100,96,25,69,52,31,19,38,38,54,17,33,38,23,79,50,50,8,19,23,83,48,98,96,15,46,12,31,25,12,33,54,69,46,42,35,23,54,27,100,48,73,73,100,100,100,23,69,38,31,15,31,38,46,17,33,38,23,81,50,50,8,19,23,83,48,98,96,15,38,8,31,12,12,31,42,62,42,42,Eredivisie
PEC Zwolle,2uuh2bir8ktof0uxfo06lb4ox,2072f0p9ful9u577gdvo89yw9,K. Kostons,Koen Kostons,26,Attacker,Netherlands,Striker,32.0,52.0,1.0,83.0,20.0,0.0,9.0,9.0,25.0,3.0,0.0,517.0,26.0,1.0,0.0,0.0,5.0,12.0,10.0,2.0,2.0,3.0,5.0,1.0,4.0,0.0,0.0,65.87,16.67,33.33,44.44,41.67,32.47,38.46,0.0,0.9442721450073304,0.3381361538137019,1.0,7.0,0.25656603,3.0,3.0,8.0,0.23766194,28.0,5.570599613152805,9.052224371373308,0.1740812379110251,14.448742746615087,3.481624758220503,0.0,1.5667311411992264,1.5667311411992264,4.352030947775629,0.5222437137330754,0.0,4.526112185686654,0.1740812379110251,0.0,0.0,0.8704061895551257,2.0889748549323017,1.7408123791102514,0.3481624758220503,0.3481624758220503,0.5222437137330754,0.8704061895551257,0.1740812379110251,0.6963249516441006,0.0,0.0,65.87,16.67,33.33,44.44,41.67,32.47,38.46,0.0,0.1643800639277751,0.058863160238362,0.1740812379110251,1.218568665377176,0.0446633321083172,0.5222437137330754,0.5222437137330754,1.3926499032882012,0.0413724847195357,4.8742746615087045,ST,81,76,40,78,94,50,71,68,83,56,26,78,14,10,28,64,65,71,58,57,82,72,74,72,51,51,28,25,89,56,56,17,36,10,44,53,31,75,78,76,51,79,61,75,61,61,31,47,83,50,56,56,47,42,26,47,8,10,28,44,39,44,42,39,64,44,72,64,51,51,28,25,89,56,56,17,36,10,22,33,17,58,64,67,36,64,47,61,Eredivisie
PEC Zwolle,2uuh2bir8ktof0uxfo06lb4ox,4fiks6jvfxzbs9k0s050vmfbo,I. Cissoko,Ibrahim Cissoko,23,Attacker,Netherlands,Striker,18.0,24.0,1.0,42.0,2.0,0.0,19.0,22.0,20.0,3.0,0.0,247.0,14.0,8.0,3.0,0.0,3.0,7.0,5.0,2.0,2.0,1.0,3.0,0.0,6.0,0.0,0.0,79.25,50.0,0.0,31.58,42.86,44.44,40.0,75.0,0.61688809720323,0.2331240456693012,4.0,4.0,0.15264863,0.0,2.0,5.0,0.0818716799999999,19.0,6.558704453441296,8.744939271255062,0.3643724696356275,15.303643724696355,0.728744939271255,0.0,6.923076923076923,8.016194331983806,7.287449392712551,1.0931174089068827,0.0,5.101214574898785,2.91497975708502,1.0931174089068827,0.0,1.0931174089068827,2.5506072874493926,1.8218623481781373,0.728744939271255,0.728744939271255,0.3643724696356275,1.0931174089068827,0.0,2.1862348178137654,0.0,0.0,79.25,50.0,0.0,31.58,42.86,44.44,40.0,75.0,0.2247770394667639,0.0849439842519721,1.45748987854251,1.45748987854251,0.0556209582995951,0.0,0.728744939271255,1.8218623481781373,0.0298317862348177,6.923076923076923,ST,49,26,40,39,18,50,97,99,64,56,26,36,86,78,28,36,38,35,58,57,35,38,33,94,51,51,72,51,33,39,60,56,50,62,28,42,83,58,61,14,36,62,28,64,78,56,42,58,28,50,100,100,94,67,26,64,97,92,28,56,58,50,78,75,36,58,33,94,51,51,72,51,33,39,60,56,50,62,42,56,92,69,75,14,47,75,33,81,Eredivisie
PEC Zwolle,2uuh2bir8ktof0uxfo06lb4ox,4phgw75cred5p93hjq8hiou6t,S. Floranus,Sherel Floranus,28,Defender,Curaçao,Defender,46.0,22.0,7.0,68.0,4.0,0.0,1.0,1.0,14.0,7.0,5.0,222.0,0.0,2.0,6.0,0.0,0.0,0.0,0.0,0.0,0.0,0.0,0.0,0.0,0.0,0.0,0.0,73.12,53.85,0.0,0.0,0.0,58.33,50.0,75.0,0.0,0.0,0.0,0.0,0.0,0.0,0.0,0.0,0.0,0.0,18.64864864864865,8.91891891891892,2.8378378378378377,27.567567567567565,1.6216216216216215,0.0,0.4054054054054054,0.4054054054054054,5.675675675675675,2.8378378378378377,2.0270270270270268,0.0,0.8108108108108107,2.4324324324324325,0.0,0.0,0.0,0.0,0.0,0.0,0.0,0.0,0.0,0.0,0.0,0.0,73.12,53.85,0.0,0.0,0.0,58.33,50.0,75.0,0.0,0.0,0.0,0.0,0.0,0.0,0.0,0.0,0.0,0.0,LB/LCB,30,5,45,10,62,50,18,15,28,15,68,8,25,72,35,5,8,15,20,22,48,32,5,15,52,52,15,92,5,15,32,70,57,80,8,5,20,8,8,5,5,5,5,5,75,20,100,40,82,50,32,30,90,40,82,8,50,100,35,5,8,15,20,22,48,32,5,15,52,52,15,92,5,15,32,70,57,80,8,5,20,8,8,5,5,5,5,5,Eredivisie
PEC Zwolle,2uuh2bir8ktof0uxfo06lb4ox,5jdkdvxssuc8gvzwwrq5bs76y,T. Sommer,Tobias Sommer,24,Defender,Denmark,Defender,81.0,77.0,6.0,150.0,9.0,0.0,7.0,7.0,25.0,10.0,6.0,529.0,7.0,6.0,3.0,1.0,6.0,8.0,2.0,6.0,2.0,0.0,4.0,8.0,4.0,0.0,0.0,72.46,30.0,32.0,57.14,50.0,54.35,69.23,50.0,0.6269555025642818,0.7281112129540147,1.0,7.0,0.2623352,6.0,15.0,15.0,0.31609969,73.0,13.78071833648393,13.100189035916824,1.0207939508506616,25.51984877126654,1.5311909262759924,0.0,1.1909262759924384,1.1909262759924384,4.253308128544423,1.7013232514177692,1.0207939508506616,1.1909262759924384,1.0207939508506616,0.5103969754253308,0.1701323251417769,1.0207939508506616,1.3610586011342154,0.3402646502835538,1.0207939508506616,0.3402646502835538,0.0,0.6805293005671077,1.3610586011342154,0.6805293005671077,0.0,0.0,72.46,30.0,32.0,57.14,50.0,54.35,69.23,50.0,0.1066653974116925,0.123875253621666,0.1701323251417769,1.1909262759924384,0.044631697542533,1.0207939508506616,2.551984877126654,2.551984877126654,0.0537787752362948,12.419659735349716,CB,17,38,22,26,54,41,94,94,70,14,59,74,88,36,88,94,99,54,100,93,35,98,100,93,50,51,4,17,81,68,80,43,83,29,87,98,76,55,77,83,39,36,32,23,6,30,19,6,40,41,94,94,46,9,45,66,81,28,85,89,98,49,100,94,35,98,100,91,50,51,4,17,81,68,80,43,83,29,81,94,72,51,68,83,32,32,23,15,Eredivisie
PEC Zwolle,2uuh2bir8ktof0uxfo06lb4ox,684nd3xjli51z43pbla0mwa21,T. Oosting,Thijs Oosting,26,Midfielder,Netherlands,Midfielder,31.0,46.0,4.0,77.0,0.0,0.0,0.0,0.0,11.0,6.0,5.0,373.0,6.0,5.0,3.0,1.0,4.0,6.0,3.0,3.0,1.0,0.0,3.0,0.0,0.0,0.0,0.0,82.8,66.67,0.0,0.0,50.0,34.38,0.0,50.0,0.4562188906653476,0.0662613092640487,3.0,7.0,0.16550152,2.0,13.0,10.0,0.2240818699999999,43.0,7.479892761394101,11.099195710455763,0.9651474530831098,18.579088471849865,0.0,0.0,0.0,0.0,2.654155495978552,1.4477211796246647,1.206434316353887,1.4477211796246647,1.206434316353887,0.7238605898123324,0.2412868632707774,0.9651474530831098,1.4477211796246647,0.7238605898123324,0.7238605898123324,0.2412868632707774,0.0,0.7238605898123324,0.0,0.0,0.0,0.0,82.8,66.67,0.0,0.0,50.0,34.38,0.0,50.0,0.1100796250935155,0.0159879834685372,0.7238605898123324,1.6890080428954422,0.0399333426273458,0.4825737265415549,3.136729222520107,2.412868632707774,0.0540680115281501,10.375335120643433,CM/AM,23,13,32,13,13,52,5,5,24,63,82,27,53,47,65,23,35,44,47,26,21,47,8,6,52,52,39,68,8,6,77,10,16,34,35,3,48,31,26,19,40,26,10,32,23,10,26,13,13,52,5,5,19,68,87,29,71,52,74,23,39,42,39,32,21,45,8,6,52,52,39,68,8,6,77,10,16,34,32,3,45,32,29,19,42,23,10,19,Eredivisie
PEC Zwolle,2uuh2bir8ktof0uxfo06lb4ox,6eg8vaxpqsd6cyh736h7bq4x6,D. Mbayo,Dylan Mbayo,24,Attacker,Belgium,Striker,24.0,62.0,1.0,84.0,0.0,0.0,19.0,22.0,33.0,6.0,1.0,474.0,22.0,15.0,5.0,3.0,8.0,10.0,6.0,4.0,4.0,0.0,3.0,2.0,9.0,0.0,0.0,84.85,100.0,12.5,47.37,30.0,52.38,0.0,55.56,0.7679295246201857,0.8430256797954333,6.0,20.0,0.7292053599999999,6.0,1.0,4.0,0.7357688700000001,24.0,4.556962025316456,11.772151898734178,0.189873417721519,15.949367088607596,0.0,0.0,3.607594936708861,4.177215189873418,6.265822784810126,1.139240506329114,0.189873417721519,4.177215189873418,2.848101265822785,0.949367088607595,0.569620253164557,1.518987341772152,1.89873417721519,1.139240506329114,0.759493670886076,0.759493670886076,0.0,0.569620253164557,0.379746835443038,1.7088607594936709,0.0,0.0,84.85,100.0,12.5,47.37,30.0,52.38,0.0,55.56,0.145809403408896,0.1600681670497658,1.139240506329114,3.79746835443038,0.1384567139240506,1.139240506329114,0.189873417721519,0.759493670886076,0.13970295,4.556962025316456,RW,47,56,19,56,12,53,88,88,100,91,41,72,100,94,100,75,53,41,62,72,25,38,38,84,53,53,81,100,38,62,38,81,12,72,44,75,69,75,75,59,16,6,50,22,25,38,12,38,12,53,81,81,94,84,19,50,100,69,100,62,31,25,44,44,25,25,25,69,53,53,81,100,38,62,38,81,12,72,19,50,50,56,75,44,12,6,44,12,Eredivisie
PEC Zwolle,2uuh2bir8ktof0uxfo06lb4ox,6hpvm6ktb7nulhdph4497649g,D. van der Haar,Damian van der Haar,22,Defender,Netherlands,Defender,29.0,29.0,7.0,53.0,1.0,0.0,1.0,1.0,10.0,13.0,6.0,309.0,0.0,1.0,4.0,0.0,5.0,1.0,0.0,1.0,0.0,0.0,0.0,5.0,1.0,0.0,0.0,66.25,41.18,62.5,100.0,0.0,76.92,0.0,57.14,0.0567481408170423,0.5590596609746559,1.0,3.0,0.05669074,2.0,8.0,8.0,0.21137117,32.0,8.446601941747574,8.446601941747574,2.0388349514563107,15.436893203883496,0.2912621359223301,0.0,0.2912621359223301,0.2912621359223301,2.912621359223301,3.7864077669902914,1.7475728155339807,0.0,0.2912621359223301,1.1650485436893203,0.0,1.4563106796116505,0.2912621359223301,0.0,0.2912621359223301,0.0,0.0,0.0,1.4563106796116505,0.2912621359223301,0.0,0.0,66.25,41.18,62.5,100.0,0.0,76.92,0.0,57.14,0.0165285847039929,0.162832910963492,0.2912621359223301,0.8737864077669903,0.0165118660194174,0.5825242718446603,2.330097087378641,2.330097087378641,0.0615644184466019,9.320388349514564,LB/LCB,5,10,45,5,15,50,18,15,8,52,85,8,12,42,35,52,22,15,60,22,48,32,70,40,52,52,5,40,100,95,32,100,8,48,20,55,60,30,20,35,25,18,10,10,20,15,90,5,20,50,15,15,20,70,75,8,15,55,35,60,25,15,80,22,48,32,85,50,52,52,5,40,100,95,32,100,8,48,25,70,80,30,30,50,35,30,25,25,Eredivisie
PEC Zwolle,2uuh2bir8ktof0uxfo06lb4ox,9ugpnnovqttl8lguv7wdyiezu,S. Graves,Simon Graves,27,Defender,Denmark,Defender,151.0,70.0,16.0,221.0,20.0,2.0,1.0,1.0,31.0,33.0,7.0,540.0,7.0,3.0,3.0,0.0,3.0,4.0,4.0,0.0,2.0,0.0,0.0,0.0,1.0,0.0,0.0,84.35,51.61,0.0,100.0,0.0,65.96,80.0,42.86,0.4782625805114654,0.2213007811952499,0.0,2.0,0.04013334,0.0,24.0,22.0,0.4536616199999999,138.0,25.166666666666668,11.666666666666666,2.6666666666666665,36.833333333333336,3.333333333333333,0.3333333333333333,0.1666666666666666,0.1666666666666666,5.166666666666667,5.5,1.1666666666666667,1.1666666666666667,0.5,0.5,0.0,0.5,0.6666666666666666,0.6666666666666666,0.0,0.3333333333333333,0.0,0.0,0.0,0.1666666666666666,0.0,0.0,84.35,51.61,0.0,100.0,0.0,65.96,80.0,42.86,0.0797104300852442,0.0368834635325416,0.0,0.3333333333333333,0.00668889,0.0,4.0,3.6666666666666665,0.0756102699999999,23.0,CB,60,34,71,40,91,100,40,39,89,89,69,74,49,36,39,77,74,84,28,93,35,19,37,60,50,51,32,66,37,91,19,91,96,13,77,77,31,23,23,14,60,55,51,50,28,19,56,26,83,99,30,28,71,72,51,61,34,21,39,71,61,73,28,89,35,19,37,48,50,51,32,66,37,91,19,91,96,13,74,68,31,21,21,14,48,47,43,33,Eredivisie
PEC Zwolle,2uuh2bir8ktof0uxfo06lb4ox,9xxdec5pv5plas9ve4ehs4nop,E. Sørensen,Elias Sørensen,26,Attacker,Denmark,Striker,14.0,33.0,6.0,47.0,4.0,0.0,5.0,5.0,14.0,5.0,3.0,255.0,5.0,4.0,3.0,0.0,0.0,4.0,1.0,3.0,1.0,1.0,1.0,0.0,1.0,0.0,0.0,63.51,75.0,0.0,20.0,25.0,40.0,36.36,60.0,0.4260024577591757,0.0,2.0,5.0,0.122683,1.0,5.0,10.0,0.4129616599999999,20.0,4.941176470588235,11.647058823529411,2.117647058823529,16.588235294117645,1.4117647058823528,0.0,1.7647058823529411,1.7647058823529411,4.941176470588235,1.7647058823529411,1.0588235294117647,1.7647058823529411,1.4117647058823528,1.0588235294117647,0.0,0.0,1.4117647058823528,0.3529411764705882,1.0588235294117647,0.3529411764705882,0.3529411764705882,0.3529411764705882,0.0,0.3529411764705882,0.0,0.0,63.51,75.0,0.0,20.0,25.0,40.0,36.36,60.0,0.1503538086208855,0.0,0.7058823529411764,1.7647058823529411,0.0432998823529411,0.3529411764705882,1.7647058823529411,3.5294117647058822,0.145751174117647,7.0588235294117645,LW,20,30,100,20,80,55,25,20,20,90,65,10,45,55,25,15,10,10,50,25,55,40,20,15,55,55,10,60,20,10,50,10,70,60,30,15,35,20,20,20,70,65,20,20,40,30,100,20,80,55,30,30,50,100,100,10,60,70,25,15,40,10,80,30,60,40,20,20,55,55,10,60,20,10,50,10,70,60,40,15,40,20,20,20,80,90,40,30,Eredivisie
PEC Zwolle,2uuh2bir8ktof0uxfo06lb4ox,a7vlgirln231n3dqjhb72o0es,O. Aertssen,Olivier Aertssen,22,Defender,Netherlands,Defender,42.0,64.0,7.0,105.0,5.0,0.0,1.0,1.0,31.0,24.0,5.0,529.0,6.0,3.0,15.0,0.0,3.0,3.0,1.0,2.0,2.0,0.0,0.0,1.0,0.0,0.0,0.0,69.54,24.14,33.33,0.0,0.0,65.96,62.5,65.22,0.1857813340968341,0.2774210252225334,0.0,3.0,0.06310145,2.0,13.0,17.0,0.3231318699999999,71.0,7.145557655954631,10.888468809073723,1.1909262759924384,17.863894139886575,0.8506616257088846,0.0,0.1701323251417769,0.1701323251417769,5.274102079395084,4.083175803402646,0.8506616257088846,1.0207939508506616,0.5103969754253308,2.551984877126654,0.0,0.5103969754253308,0.5103969754253308,0.1701323251417769,0.3402646502835538,0.3402646502835538,0.0,0.0,0.1701323251417769,0.0,0.0,0.0,69.54,24.14,33.33,0.0,0.0,65.96,62.5,65.22,0.0316074103378356,0.0471982840643251,0.0,0.5103969754253308,0.0107355964083175,0.3402646502835538,2.2117202268431,2.892249527410208,0.0549751763705103,12.079395085066162,RB/RCB,27,54,69,46,62,50,27,27,100,92,69,58,58,100,31,38,58,42,88,77,50,31,35,19,54,54,8,31,85,19,31,77,77,46,54,46,35,46,38,46,62,77,23,54,15,46,62,23,31,50,23,23,62,54,62,38,31,100,31,23,54,31,77,62,50,31,23,19,54,54,8,31,85,19,31,77,77,46,46,38,35,31,23,46,46,54,23,38,Eredivisie
PEC Zwolle,2uuh2bir8ktof0uxfo06lb4ox,c2an5ksdu6jbap3x3jp3z9c5x,N. Viergever,Nick Viergever,37,Defender,Netherlands,Defender,157.0,32.0,8.0,189.0,4.0,1.0,1.0,1.0,10.0,26.0,4.0,540.0,4.0,0.0,3.0,0.0,0.0,3.0,2.0,1.0,1.0,1.0,1.0,0.0,0.0,0.0,0.0,80.77,24.24,0.0,0.0,33.33,41.67,30.77,50.0,0.3348628410360592,0.0,1.0,3.0,0.05559792,1.0,6.0,7.0,0.17914247,90.0,26.166666666666668,5.333333333333333,1.3333333333333333,31.5,0.6666666666666666,0.1666666666666666,0.1666666666666666,0.1666666666666666,1.6666666666666667,4.333333333333333,0.6666666666666666,0.6666666666666666,0.0,0.5,0.0,0.0,0.5,0.3333333333333333,0.1666666666666666,0.1666666666666666,0.1666666666666666,0.1666666666666666,0.0,0.0,0.0,0.0,80.77,24.24,0.0,0.0,33.33,41.67,30.77,50.0,0.0558104735060098,0.0,0.1666666666666666,0.5,0.00926632,0.1666666666666666,1.0,1.1666666666666667,0.0298570783333333,15.0,CB,64,9,36,36,19,90,40,39,9,68,31,44,5,36,39,16,54,54,68,71,82,57,37,23,50,51,13,6,37,23,62,6,13,29,66,16,76,33,28,35,20,21,23,36,34,2,23,13,14,85,30,28,2,50,17,37,5,21,39,16,44,43,59,60,73,44,37,23,50,51,13,6,37,23,62,6,13,29,51,16,66,29,26,28,15,15,13,23,Eredivisie
PSV,24fvcruwqrqvqa3aonf8c3zuy,21k54i5a6d9bi4f6gplgzxiw9,G. Til,Guus Til,28,Midfielder,Netherlands,Midfielder,39.0,115.0,0.0,152.0,6.0,0.0,6.0,6.0,16.0,4.0,2.0,488.0,28.0,6.0,1.0,0.0,7.0,13.0,13.0,0.0,2.0,2.0,5.0,2.0,2.0,0.0,0.0,88.89,0.0,20.0,33.33,38.46,66.67,85.71,50.0,1.9035891473273765,0.6121651078577436,0.0,10.0,0.23931013,9.0,16.0,20.0,0.7442171799999999,65.0,7.192622950819672,21.20901639344262,0.0,28.0327868852459,1.1065573770491803,0.0,1.1065573770491803,1.1065573770491803,2.950819672131148,0.7377049180327868,0.3688524590163934,5.163934426229508,1.1065573770491803,0.1844262295081967,0.0,1.290983606557377,2.3975409836065573,2.3975409836065573,0.0,0.3688524590163934,0.3688524590163934,0.9221311475409836,0.3688524590163934,0.3688524590163934,0.0,0.0,88.89,0.0,20.0,33.33,38.46,66.67,85.71,50.0,0.3510717689743112,0.1128993026786822,0.0,1.8442622950819672,0.0441350649590163,1.6598360655737705,2.950819672131148,3.6885245901639343,0.1372531684426229,11.987704918032788,CM/AM,35,65,3,55,85,52,55,52,45,45,50,100,71,18,24,55,81,100,5,52,76,68,56,35,52,52,84,3,44,23,58,100,100,34,100,58,8,48,42,76,56,68,71,45,19,55,3,39,81,52,39,35,26,35,42,84,58,13,24,42,68,94,5,48,77,52,48,26,52,52,84,3,44,23,58,100,100,34,94,39,8,39,35,68,39,52,58,26,Eredivisie
PSV,24fvcruwqrqvqa3aonf8c3zuy,29q4j9r2lgdsdkkq2fgh8l7o4,Ayoni Santos,Ayoni Santos,21,Midfielder,Cabo Verde,Midfielder,21.0,54.0,8.0,71.0,2.0,0.0,14.0,15.0,18.0,3.0,0.0,258.0,14.0,4.0,1.0,0.0,2.0,7.0,5.0,2.0,2.0,0.0,2.0,4.0,6.0,0.0,0.0,84.52,61.54,40.0,42.86,28.57,46.15,33.33,16.67,0.5115604093072028,0.1425199554889954,3.0,13.0,0.37209748,5.0,11.0,17.0,0.4538292299999998,39.0,7.325581395348837,18.837209302325583,2.7906976744186047,24.76744186046512,0.6976744186046512,0.0,4.883720930232558,5.232558139534883,6.27906976744186,1.0465116279069768,0.0,4.883720930232558,1.3953488372093024,0.3488372093023256,0.0,0.6976744186046512,2.441860465116279,1.744186046511628,0.6976744186046512,0.6976744186046512,0.0,0.6976744186046512,1.3953488372093024,2.0930232558139537,0.0,0.0,84.52,61.54,40.0,42.86,28.57,46.15,33.33,16.67,0.17845130557228,0.0497162635426728,1.0465116279069768,4.534883720930233,0.1298014465116279,1.744186046511628,3.8372093023255816,5.930232558139535,0.1583125220930231,13.604651162790695,DM/CM,4,23,63,12,25,48,96,96,58,17,6,88,54,13,31,19,77,88,54,77,33,65,88,87,50,50,27,73,73,27,33,31,29,8,73,19,79,60,69,54,31,52,50,15,8,35,85,19,46,48,100,100,96,27,6,96,88,19,31,35,92,96,77,85,33,88,92,100,50,50,27,73,73,27,33,31,29,8,85,35,92,81,88,81,50,81,73,23,Eredivisie
PSV,24fvcruwqrqvqa3aonf8c3zuy,2gsq05yyxwe4f8t79j6d49q6t,I. Perišić,Ivan Perisic,37,Attacker,Croatia,Striker,79.0,142.0,17.0,210.0,8.0,1.0,2.0,2.0,23.0,3.0,4.0,396.0,25.0,0.0,7.0,1.0,11.0,13.0,11.0,2.0,4.0,2.0,4.0,11.0,2.0,0.0,0.0,85.02,70.83,23.91,100.0,30.77,69.7,80.0,53.85,1.3107883441412072,1.391819650043596,2.0,20.0,0.5362171099999999,7.0,11.0,20.0,1.32831712,74.0,17.954545454545453,32.27272727272727,3.8636363636363633,47.72727272727273,1.818181818181818,0.2272727272727272,0.4545454545454545,0.4545454545454545,5.227272727272727,0.6818181818181818,0.9090909090909092,5.681818181818182,0.0,1.5909090909090908,0.2272727272727272,2.5,2.954545454545454,2.5,0.4545454545454545,0.9090909090909092,0.4545454545454545,0.9090909090909092,2.5,0.4545454545454545,0.0,0.0,85.02,70.83,23.91,100.0,30.77,69.7,80.0,53.85,0.2979064418502743,0.3163226477371809,0.4545454545454545,4.545454545454545,0.1218675249999999,1.5909090909090908,2.5,4.545454545454545,0.3018902545454545,16.818181818181817,ST,100,100,100,100,60,100,17,17,78,56,97,75,4,100,68,90,72,79,58,93,60,54,100,46,51,51,94,81,72,96,32,100,100,47,67,97,58,94,97,94,90,94,97,100,100,100,100,100,50,100,17,17,69,47,94,72,4,100,67,97,69,75,53,89,56,47,97,47,51,51,94,81,72,96,32,100,100,47,64,97,56,97,97,92,89,97,97,100,Eredivisie
PSV,24fvcruwqrqvqa3aonf8c3zuy,2yc1t7u26zctwjizi283g6q6s,P. Wanner,Paul Wanner,20,Midfielder,Austria,Midfielder,44.0,116.0,5.0,157.0,2.0,0.0,5.0,5.0,19.0,3.0,2.0,322.0,9.0,5.0,5.0,1.0,6.0,7.0,2.0,5.0,1.0,0.0,5.0,3.0,2.0,0.0,0.0,90.23,55.56,60.0,40.0,71.43,54.29,33.33,50.0,0.5775988405028872,0.552499628816991,1.0,17.0,0.43134874,5.0,13.0,13.0,0.5677386700000001,74.0,12.298136645962732,32.422360248447205,1.3975155279503104,43.88198757763975,0.5590062111801242,0.0,1.3975155279503104,1.3975155279503104,5.31055900621118,0.8385093167701863,0.5590062111801242,2.5155279503105588,1.3975155279503104,1.3975155279503104,0.2795031055900621,1.6770186335403725,1.9565217391304344,0.5590062111801242,1.3975155279503104,0.2795031055900621,0.0,1.3975155279503104,0.8385093167701863,0.5590062111801242,0.0,0.0,90.23,55.56,60.0,40.0,71.43,54.29,33.33,50.0,0.1614406697057759,0.1544253620917055,0.2795031055900621,4.751552795031055,0.1205633124223602,1.3975155279503104,3.633540372670807,3.633540372670807,0.1586847214285714,20.6832298136646,CM/AM,50,68,42,58,56,52,45,42,58,35,50,44,53,76,65,50,48,27,66,26,21,68,69,35,52,52,90,48,90,26,97,69,42,34,52,52,21,61,61,42,40,34,55,56,68,81,52,81,52,52,48,45,71,39,68,45,77,87,77,55,61,29,84,35,21,87,68,39,52,52,90,48,90,26,97,69,42,34,58,61,19,74,71,52,61,48,61,84,Eredivisie
PSV,24fvcruwqrqvqa3aonf8c3zuy,3ojwbw6v83g9b0u2wssnkzzzd,A. Obispo,Armando Obispo,27,Defender,Curaçao,Defender,189.0,202.0,20.0,390.0,9.0,1.0,2.0,2.0,24.0,18.0,5.0,527.0,7.0,3.0,6.0,0.0,3.0,3.0,2.0,1.0,1.0,0.0,0.0,1.0,1.0,0.0,0.0,92.64,64.52,100.0,50.0,0.0,60.0,52.94,54.55,0.3282708226323126,0.2702464400277793,1.0,10.0,0.20108257,5.0,36.0,34.0,0.7374820500000004,274.0,32.27703984819735,34.49715370018976,3.415559772296016,66.6034155597723,1.537001897533207,0.1707779886148007,0.3415559772296015,0.3415559772296015,4.098671726755218,3.074003795066414,0.8538899430740039,1.1954459203036054,0.5123339658444023,1.0246679316888043,0.0,0.5123339658444023,0.5123339658444023,0.3415559772296015,0.1707779886148007,0.1707779886148007,0.0,0.0,0.1707779886148007,0.1707779886148007,0.0,0.0,92.64,64.52,100.0,50.0,0.0,60.0,52.94,54.55,0.0560614308100723,0.0461521434582545,0.1707779886148007,1.7077798861480078,0.0343404768500948,0.8538899430740039,6.148007590132828,5.806451612903226,0.12594570113852,46.79316888045541,CB,91,98,81,96,54,90,64,63,63,43,47,74,49,78,39,77,54,54,68,71,35,19,82,60,50,51,89,89,96,61,19,74,40,40,62,83,76,74,64,76,89,88,89,99,74,91,66,89,45,89,57,57,34,26,32,68,38,60,39,77,49,51,66,64,35,19,74,51,50,51,89,89,96,61,19,74,40,40,53,79,74,68,57,70,83,81,79,94,Eredivisie
PSV,24fvcruwqrqvqa3aonf8c3zuy,7jpreaads35pnnfqbn7hmrmy,S. Mijnans,Sven Mijnans,26,Midfielder,Netherlands,Midfielder,14.0,73.0,3.0,86.0,2.0,0.0,4.0,4.0,9.0,3.0,1.0,203.0,16.0,1.0,3.0,1.0,6.0,15.0,9.0,6.0,5.0,4.0,5.0,1.0,1.0,0.0,0.0,88.66,100.0,8.33,25.0,33.33,45.0,40.0,60.0,1.2924596832130115,0.4037601740554684,6.0,7.0,0.21090595,5.0,6.0,7.0,0.25810917,35.0,6.206896551724138,32.364532019704434,1.3300492610837438,38.12807881773399,0.8866995073891626,0.0,1.7733990147783252,1.7733990147783252,3.990147783251232,1.3300492610837438,0.4433497536945813,7.093596059113301,0.4433497536945813,1.3300492610837438,0.4433497536945813,2.6600985221674875,6.650246305418719,3.990147783251232,2.6600985221674875,2.2167487684729066,1.7733990147783252,2.2167487684729066,0.4433497536945813,0.4433497536945813,0.0,0.0,88.66,100.0,8.33,25.0,33.33,45.0,40.0,60.0,0.5730116822126652,0.1790069737191731,2.6600985221674875,3.103448275862069,0.0935051009852216,2.2167487684729066,2.6600985221674875,3.103448275862069,0.1144326369458128,15.517241379310343,CM/AM,10,32,19,21,56,52,32,31,15,35,29,65,3,47,65,50,90,92,81,94,98,68,32,18,52,52,77,100,19,18,42,35,47,55,87,35,84,31,39,42,16,13,16,13,13,77,48,68,77,52,61,58,48,61,48,100,6,84,87,84,100,100,100,100,100,100,58,29,52,52,77,100,19,18,42,35,47,55,100,71,100,56,61,87,29,32,42,55,Eredivisie
PSV,24fvcruwqrqvqa3aonf8c3zuy,avv12sgcucblnbfb790xovf8,R. van Bommel,Ruben van Bommel,22,Attacker,Netherlands,Striker,58.0,106.0,4.0,160.0,9.0,0.0,13.0,14.0,25.0,4.0,4.0,374.0,33.0,3.0,5.0,2.0,9.0,13.0,10.0,3.0,2.0,2.0,6.0,4.0,5.0,0.0,0.0,81.63,100.0,50.0,38.46,46.15,45.45,52.94,62.5,1.2568618241573914,0.8673526670502338,5.0,26.0,0.8202297,9.0,6.0,8.0,0.7146769500000003,51.0,13.957219251336896,25.508021390374328,0.962566844919786,38.50267379679144,2.1657754010695185,0.0,3.1283422459893044,3.368983957219251,6.016042780748663,0.962566844919786,0.962566844919786,7.941176470588235,0.7219251336898395,1.2032085561497323,0.481283422459893,2.1657754010695185,3.1283422459893044,2.406417112299465,0.7219251336898395,0.481283422459893,0.481283422459893,1.443850267379679,0.962566844919786,1.2032085561497323,0.0,0.0,81.63,100.0,50.0,38.46,46.15,45.45,52.94,62.5,0.3024533801448268,0.2087212300388263,1.2032085561497323,6.256684491978609,0.1973814786096256,2.1657754010695185,1.443850267379679,1.925133689839572,0.1719810842245989,12.272727272727272,LW,100,90,80,90,100,55,70,70,90,70,95,80,25,85,90,90,80,100,50,50,75,90,75,60,55,55,60,90,100,40,70,50,100,70,90,80,65,80,70,90,90,35,70,90,100,90,80,100,100,55,50,60,90,70,90,80,20,80,90,90,80,90,60,50,70,80,90,60,55,55,60,90,100,40,70,50,100,70,80,80,70,70,70,80,70,30,70,90,Eredivisie
PSV,24fvcruwqrqvqa3aonf8c3zuy,b0me6l44boibnwpbtasxoy02x,S. Dest,Sergiño Dest,25,Defender,USA,Defender,106.0,192.0,7.0,296.0,1.0,1.0,11.0,11.0,31.0,5.0,1.0,449.0,20.0,14.0,4.0,2.0,8.0,8.0,6.0,2.0,1.0,2.0,5.0,2.0,7.0,0.0,0.0,92.5,100.0,10.53,63.64,62.5,64.58,33.33,44.44,1.4442009406679368,0.6969886016865037,3.0,25.0,0.6326457199999997,9.0,24.0,24.0,1.10751517,164.0,21.247216035634743,38.48552338530067,1.4031180400890868,59.33184855233853,0.2004454342984409,0.2004454342984409,2.2048997772828507,2.2048997772828507,6.21380846325167,1.0022271714922049,0.2004454342984409,4.008908685968819,2.8062360801781736,0.8017817371937639,0.4008908685968819,1.6035634743875278,1.6035634743875278,1.2026726057906458,0.4008908685968819,0.2004454342984409,0.4008908685968819,1.0022271714922049,0.4008908685968819,1.4031180400890868,0.0,0.0,92.5,100.0,10.53,63.64,62.5,64.58,33.33,44.44,0.2894834847664015,0.1397081829661143,0.6013363028953229,5.011135857461024,0.1268109461024498,1.8040089086859687,4.810690423162583,4.810690423162583,0.2219963592427617,32.87305122494432,CB,30,96,30,74,3,90,98,98,89,6,5,100,100,54,100,97,99,97,88,71,98,100,93,99,50,51,87,100,74,70,85,85,16,16,100,96,98,98,98,89,60,60,98,62,19,94,28,77,2,94,100,100,91,4,4,100,100,51,100,96,100,96,89,72,98,100,94,98,50,51,87,100,74,70,85,85,16,16,100,96,100,98,96,89,62,64,98,68,Eredivisie
PSV,24fvcruwqrqvqa3aonf8c3zuy,c6ip6gwp8yvchd1n3dv42go9,Mauro Júnior,Mauro Jaqueson Júnior Ferreira dos Santos,27,Defender,Brazil,Defender,155.0,290.0,21.0,441.0,5.0,0.0,12.0,12.0,24.0,4.0,7.0,508.0,9.0,5.0,4.0,1.0,8.0,4.0,0.0,4.0,0.0,1.0,3.0,4.0,5.0,1.0,0.0,93.63,84.0,30.77,41.67,75.0,57.14,50.0,44.44,0.2120085113330244,0.7897655188765169,3.0,43.0,1.0349259699999998,11.0,45.0,52.0,1.5216513399999996,263.0,27.46062992125984,51.37795275590551,3.7204724409448815,78.12992125984252,0.8858267716535433,0.0,2.125984251968504,2.125984251968504,4.251968503937007,0.7086614173228346,1.2401574803149606,1.5944881889763778,0.8858267716535433,0.7086614173228346,0.1771653543307086,1.4173228346456692,0.7086614173228346,0.0,0.7086614173228346,0.0,0.1771653543307086,0.5314960629921259,0.7086614173228346,0.8858267716535433,0.1771653543307086,0.0,93.63,84.0,30.77,41.67,75.0,57.14,50.0,44.44,0.0375605630314413,0.139919087989934,0.5314960629921259,7.618110236220472,0.1833530261811023,1.9488188976377951,7.972440944881889,9.21259842519685,0.2695838988188975,46.59448818897638,CB,62,100,85,98,27,41,100,100,63,3,69,90,76,54,88,97,74,14,98,29,82,95,97,96,100,51,94,98,79,53,96,56,34,16,45,100,98,100,100,93,96,98,100,96,36,100,72,98,23,41,98,98,43,2,55,85,70,47,89,94,64,14,98,29,79,91,98,96,100,51,94,98,79,53,96,56,34,16,40,98,96,100,100,91,91,100,100,91,Eredivisie
PSV,24fvcruwqrqvqa3aonf8c3zuy,cgsmk5437f466uoqvol7devze,R. Flamingo,Ryan Flamingo,23,Defender,Netherlands,Defender,130.0,175.0,15.0,304.0,13.0,0.0,0.0,1.0,19.0,14.0,11.0,377.0,6.0,1.0,3.0,0.0,1.0,5.0,4.0,1.0,0.0,1.0,2.0,1.0,0.0,0.0,0.0,90.21,60.0,33.33,0.0,40.0,55.88,68.42,60.0,0.7436110720482273,0.1522199190485489,1.0,4.0,0.08393914,4.0,48.0,38.0,0.8846593399999996,201.0,31.034482758620687,41.77718832891247,3.580901856763925,72.57294429708223,3.103448275862069,0.0,0.0,0.2387267904509283,4.535809018567639,3.342175066312997,2.625994694960212,1.4323607427055702,0.2387267904509283,0.7161803713527851,0.0,0.2387267904509283,1.1936339522546418,0.9549071618037136,0.2387267904509283,0.0,0.2387267904509283,0.4774535809018567,0.2387267904509283,0.0,0.0,0.0,90.21,60.0,33.33,0.0,40.0,55.88,68.42,60.0,0.1775198845738473,0.0363389727171602,0.2387267904509283,0.9549071618037136,0.0200385214854111,0.9549071618037136,11.458885941644562,9.07161803713528,0.2111918848806365,47.9840848806366,CB,43,91,66,77,79,41,14,39,47,28,91,62,18,36,39,45,87,84,68,29,82,85,82,23,50,51,67,85,83,23,71,45,81,46,94,62,76,44,40,66,98,95,94,83,64,98,70,94,81,41,14,45,53,28,94,77,15,49,39,49,91,91,77,29,91,88,81,23,50,51,67,85,83,23,71,45,81,46,98,66,83,44,38,74,100,98,96,98,Eredivisie
PSV,24fvcruwqrqvqa3aonf8c3zuy,dse071e8zbzm8l37m64g6e1p0,K. Sano,Kodai Sano,22,Midfielder,Japan,Midfielder,85.0,171.0,13.0,253.0,1.0,0.0,16.0,16.0,17.0,3.0,6.0,387.0,14.0,3.0,5.0,0.0,8.0,8.0,3.0,5.0,1.0,1.0,4.0,3.0,8.0,0.0,0.0,92.0,76.47,20.0,50.0,50.0,39.53,20.0,100.0,0.679339420830795,0.7635226947841659,3.0,22.0,0.6168739299999998,8.0,25.0,23.0,0.9940028199999996,135.0,19.76744186046512,39.76744186046512,3.0232558139534884,58.83720930232558,0.2325581395348837,0.0,3.72093023255814,3.72093023255814,3.953488372093024,0.6976744186046512,1.3953488372093024,3.255813953488372,0.6976744186046512,1.162790697674419,0.0,1.8604651162790693,1.8604651162790693,0.6976744186046512,1.162790697674419,0.2325581395348837,0.2325581395348837,0.9302325581395348,0.6976744186046512,1.8604651162790693,0.0,0.0,92.0,76.47,20.0,50.0,50.0,39.53,20.0,100.0,0.1579859118211151,0.1775634173916665,0.6976744186046512,5.116279069767442,0.143459053488372,1.8604651162790693,5.813953488372094,5.348837209302326,0.2311634465116278,31.395348837209305,CM/AM,87,94,92,94,35,52,85,85,52,35,87,56,29,76,24,65,58,44,66,26,53,55,69,85,52,52,100,87,44,50,77,19,34,94,55,71,48,73,77,63,89,73,84,97,100,94,90,94,35,52,97,90,45,32,94,61,26,74,24,68,55,39,74,26,48,55,65,81,52,52,100,87,44,50,77,19,34,94,55,68,42,81,84,77,90,84,77,94,Eredivisie
PSV,24fvcruwqrqvqa3aonf8c3zuy,emglxnqrlqskt8krglv7sziwa,R. Pepi,Ricardo Pepi,23,Attacker,USA,Striker,22.0,34.0,1.0,56.0,2.0,0.0,5.0,5.0,7.0,0.0,3.0,425.0,34.0,1.0,2.0,0.0,4.0,19.0,14.0,5.0,3.0,3.0,7.0,0.0,1.0,0.0,0.0,84.85,100.0,0.0,20.0,36.84,31.82,28.57,66.67,2.148236293239067,0.1955713302398363,4.0,0.0,0.0,1.0,0.0,0.0,0.0063594199999999,5.0,4.658823529411765,7.2,0.2117647058823529,11.858823529411763,0.4235294117647059,0.0,1.0588235294117647,1.0588235294117647,1.4823529411764709,0.0,0.6352941176470588,7.2,0.2117647058823529,0.4235294117647059,0.0,0.8470588235294118,4.023529411764706,2.9647058823529413,1.0588235294117647,0.6352941176470588,0.6352941176470588,1.4823529411764709,0.0,0.2117647058823529,0.0,0.0,84.85,100.0,0.0,20.0,36.84,31.82,28.57,66.67,0.4549206268035671,0.0414151052272594,0.8470588235294118,0.0,0.0,0.2117647058823529,0.0,0.0,0.0013467007058823,1.0588235294117647,ST,57,64,40,61,18,50,54,49,6,4,89,94,14,64,28,50,93,86,94,81,82,86,33,28,51,51,92,93,33,25,47,11,24,54,86,31,83,7,7,42,8,3,3,6,44,39,39,42,17,50,46,46,3,4,81,94,11,67,28,39,89,83,92,69,83,83,33,22,51,51,92,93,33,25,47,11,24,54,83,17,83,7,7,47,8,3,3,3,Eredivisie
PSV,24fvcruwqrqvqa3aonf8c3zuy,oi8kw43rorvqooiencbnhxck,N. Fernandez,Noah Fernandez,18,Midfielder,Belgium,Midfielder,59.0,138.0,6.0,195.0,2.0,0.0,11.0,12.0,20.0,2.0,3.0,281.0,9.0,3.0,5.0,0.0,4.0,8.0,7.0,1.0,4.0,1.0,3.0,2.0,6.0,0.0,0.0,91.55,50.0,40.0,54.55,37.5,54.05,66.67,55.56,0.8871023638727704,0.1599245288749816,4.0,22.0,0.50688062,15.0,25.0,26.0,0.8186580199999998,108.0,18.89679715302491,44.19928825622776,1.9217081850533808,62.45551601423488,0.6405693950177936,0.0,3.5231316725978647,3.8434163701067616,6.405693950177936,0.6405693950177936,0.9608540925266904,2.882562277580071,0.9608540925266904,1.601423487544484,0.0,1.2811387900355873,2.5622775800711746,2.2419928825622777,0.3202846975088968,1.2811387900355873,0.3202846975088968,0.9608540925266904,0.6405693950177936,1.9217081850533808,0.0,0.0,91.55,50.0,40.0,54.55,37.5,54.05,66.67,55.56,0.2841253122724175,0.0512213793549763,1.2811387900355873,7.0462633451957295,0.162346106049822,4.804270462633452,8.00711743772242,8.327402135231317,0.2622036362989323,34.59074733096085,CM/AM,71,87,52,85,56,52,74,74,65,23,69,44,29,76,24,23,58,79,15,85,53,47,56,74,52,52,97,35,69,71,55,65,95,50,65,10,60,73,68,98,89,84,77,90,94,97,74,97,61,52,90,97,97,29,81,55,45,90,24,39,71,90,16,90,65,58,61,90,52,52,97,35,69,71,55,65,95,50,84,10,77,90,90,100,97,97,90,97,Eredivisie
Cambuur,ears40cp6opsgvhsy0dgyszpd,1s1c0w7we8oouklrwshie0iz8,R. El Arguioui,Rafik El Arguioui,21,Midfielder,Morocco,Midfielder,35.0,59.0,6.0,83.0,10.0,0.0,18.0,18.0,33.0,12.0,0.0,540.0,22.0,6.0,4.0,0.0,13.0,17.0,11.0,6.0,4.0,4.0,6.0,11.0,12.0,0.0,0.0,76.85,50.0,32.35,66.67,35.29,50.0,58.82,80.0,1.867729626442373,1.271849722852842,8.0,12.0,0.27932161,5.0,4.0,10.0,0.7386026699999999,34.0,5.833333333333333,9.833333333333334,1.0,13.833333333333334,1.6666666666666667,0.0,3.0,3.0,5.5,2.0,0.0,3.6666666666666665,1.0,0.6666666666666666,0.0,2.1666666666666665,2.833333333333333,1.8333333333333333,1.0,0.6666666666666666,0.6666666666666666,1.0,1.8333333333333333,2.0,0.0,0.0,76.85,50.0,32.35,66.67,35.29,50.0,58.82,80.0,0.3112882710737288,0.211974953808807,1.3333333333333333,2.0,0.0465536016666666,0.8333333333333334,0.6666666666666666,1.6666666666666667,0.1231004449999999,5.666666666666667,CM/AM,29,26,52,16,95,52,97,95,94,89,10,87,71,60,24,87,98,97,81,85,98,84,95,100,52,52,19,35,61,81,48,52,87,84,97,87,87,55,48,42,10,26,68,10,10,6,29,10,90,52,81,81,81,81,10,68,50,44,24,74,84,84,68,71,94,61,94,97,52,52,19,35,61,81,48,52,87,84,90,81,81,48,39,29,6,13,48,6,Eredivisie
Cambuur,ears40cp6opsgvhsy0dgyszpd,1y0a3f7erint69gz9anavkz6c,M. Costarelli,Morgan Costarelli,21,Defender,France,Defender,58.0,65.0,2.0,123.0,6.0,0.0,1.0,1.0,19.0,8.0,8.0,341.0,10.0,5.0,4.0,0.0,3.0,3.0,2.0,1.0,1.0,0.0,1.0,0.0,0.0,0.0,0.0,87.86,28.57,0.0,0.0,33.33,54.29,42.86,50.0,0.2383881625608661,0.2660323460979122,1.0,10.0,0.203601,11.0,9.0,7.0,0.26881168,51.0,15.30791788856305,17.15542521994135,0.5278592375366569,32.4633431085044,1.5835777126099708,0.0,0.2639296187683284,0.2639296187683284,5.0146627565982405,2.1114369501466275,2.1114369501466275,2.6392961876832843,1.3196480938416422,1.0557184750733135,0.0,0.7917888563049854,0.7917888563049854,0.5278592375366569,0.2639296187683284,0.2639296187683284,0.0,0.2639296187683284,0.0,0.0,0.0,0.0,87.86,28.57,0.0,0.0,33.33,54.29,42.86,50.0,0.0629176968635717,0.0702138156856659,0.2639296187683284,2.6392961876832843,0.0537363343108504,2.903225806451613,2.375366568914956,1.8475073313783,0.0709473642228739,13.460410557184751,CB,9,32,6,17,36,41,40,39,47,9,76,96,76,54,39,77,54,54,68,71,35,57,37,23,50,51,49,14,37,23,62,40,23,29,51,79,76,74,68,93,28,21,30,17,9,47,6,17,47,41,51,51,66,11,89,98,89,66,39,83,72,68,79,83,35,74,37,23,50,51,49,14,37,23,62,40,23,29,57,87,87,79,83,98,28,19,34,19,Eredivisie
Cambuur,ears40cp6opsgvhsy0dgyszpd,2w1xj4ixw4hw1cgiz44ihk36c,I. Hamache,Ilyès Hamache,23,Attacker,France,Striker,18.0,80.0,1.0,96.0,2.0,0.0,23.0,23.0,22.0,1.0,4.0,402.0,19.0,4.0,4.0,1.0,5.0,9.0,6.0,3.0,4.0,3.0,5.0,2.0,9.0,0.0,0.0,82.76,50.0,28.57,39.13,55.56,47.83,28.57,57.14,0.990833103476975,0.4250691486370697,5.0,24.0,0.68362114,3.0,3.0,13.0,0.72880783,38.0,4.029850746268656,17.91044776119403,0.2238805970149253,21.49253731343284,0.4477611940298507,0.0,5.149253731343284,5.149253731343284,4.925373134328358,0.2238805970149253,0.8955223880597015,4.253731343283582,0.8955223880597015,0.8955223880597015,0.2238805970149253,1.1194029850746268,2.014925373134328,1.343283582089552,0.6716417910447761,0.8955223880597015,0.6716417910447761,1.1194029850746268,0.4477611940298507,2.014925373134328,0.0,0.0,82.76,50.0,28.57,39.13,55.56,47.83,28.57,57.14,0.2218283067485764,0.0951647347694932,1.1194029850746268,5.3731343283582085,0.1530495089552238,0.6716417910447761,0.6716417910447761,2.9104477611940296,0.1631659320895522,8.507462686567164,LW,30,70,20,70,60,55,90,90,75,40,95,60,45,70,60,55,60,65,50,80,90,75,55,90,55,55,70,35,70,50,90,60,60,50,60,50,65,70,60,40,25,85,80,70,20,60,20,50,60,55,90,90,40,30,80,40,30,60,50,50,60,50,40,90,80,60,50,80,55,55,70,35,70,50,90,60,60,50,70,50,60,60,60,30,30,60,50,60,Eredivisie
Cambuur,ears40cp6opsgvhsy0dgyszpd,3773pdw7tiryco80iuguo9ht6,N. Binder,Nicolas Binder,24,Attacker,Austria,Striker,8.0,13.0,1.0,21.0,10.0,0.0,2.0,2.0,21.0,4.0,1.0,226.0,12.0,8.0,3.0,2.0,2.0,5.0,5.0,0.0,0.0,1.0,2.0,0.0,0.0,0.0,0.0,55.26,50.0,0.0,0.0,40.0,47.73,47.62,75.0,1.1154575946527456,0.1117769804563786,0.0,1.0,0.03511326,0.0,0.0,1.0,0.1034406099999999,7.0,3.185840707964602,5.176991150442478,0.3982300884955752,8.36283185840708,3.982300884955752,0.0,0.7964601769911505,0.7964601769911505,8.36283185840708,1.592920353982301,0.3982300884955752,4.778761061946903,3.185840707964602,1.1946902654867255,0.7964601769911505,0.7964601769911505,1.991150442477876,1.991150442477876,0.0,0.0,0.3982300884955752,0.7964601769911505,0.0,0.0,0.0,0.0,55.26,50.0,0.0,0.0,40.0,47.73,47.62,75.0,0.4442087766316244,0.0445129568189118,0.0,0.3982300884955752,0.0139831566371681,0.0,0.0,0.3982300884955752,0.0411931632743362,2.7876106194690267,ST,14,6,40,8,69,50,17,17,68,71,62,24,86,78,92,19,22,35,10,11,35,24,33,8,51,51,8,51,33,8,51,67,72,62,56,14,8,17,17,14,8,10,36,11,19,8,56,14,94,50,28,25,97,89,69,53,100,94,100,31,36,53,10,11,44,33,33,8,51,51,8,51,33,8,51,67,72,62,81,19,8,22,25,14,8,11,44,14,Eredivisie
Cambuur,ears40cp6opsgvhsy0dgyszpd,3srqm69qud5sfy14rgveaeuxg,L. Jetten,Lucas Jetten,19,Defender,Netherlands,Defender,58.0,71.0,4.0,128.0,3.0,0.0,3.0,4.0,18.0,12.0,3.0,325.0,3.0,6.0,6.0,0.0,3.0,2.0,2.0,0.0,1.0,0.0,0.0,1.0,3.0,0.0,0.0,88.89,40.0,20.0,100.0,0.0,60.0,60.0,85.71,0.1610919158669715,0.2459561516272069,0.0,17.0,0.3347821099999999,5.0,14.0,8.0,0.2958278799999999,55.0,16.06153846153846,19.661538461538463,1.1076923076923078,35.44615384615385,0.8307692307692307,0.0,0.8307692307692307,1.1076923076923078,4.984615384615385,3.323076923076923,0.8307692307692307,0.8307692307692307,1.6615384615384614,1.6615384615384614,0.0,0.8307692307692307,0.5538461538461539,0.5538461538461539,0.0,0.2769230769230769,0.0,0.0,0.2769230769230769,0.8307692307692307,0.0,0.0,88.89,40.0,20.0,100.0,0.0,60.0,60.0,85.71,0.0446100690093151,0.0681109342967649,0.0,4.707692307692308,0.0927088919999999,1.3846153846153846,3.876923076923077,2.2153846153846155,0.0819215667692307,15.23076923076923,LB/LCB,45,55,20,50,45,50,52,57,50,42,18,30,78,72,35,35,42,62,20,57,48,32,22,72,52,52,100,30,22,95,32,82,80,90,45,30,20,80,80,65,55,18,35,40,65,70,20,75,50,50,55,60,85,55,55,30,85,75,35,40,65,75,20,70,48,32,25,80,52,52,100,30,22,95,32,82,80,90,55,40,20,85,80,75,80,25,30,60,Eredivisie
Cambuur,ears40cp6opsgvhsy0dgyszpd,4c65gdiaqot7196uavziw4gt0,I. Henstra,Iwan Henstra,19,Attacker,Netherlands,Striker,25.0,47.0,1.0,68.0,1.0,0.0,23.0,24.0,23.0,7.0,0.0,353.0,15.0,3.0,4.0,0.0,5.0,9.0,7.0,2.0,2.0,1.0,3.0,4.0,10.0,0.0,0.0,87.18,33.33,33.33,43.48,33.33,45.1,14.29,44.44,0.6780976407745996,0.6618401973787637,4.0,15.0,0.43277664,2.0,3.0,6.0,0.95446721,24.0,6.373937677053824,11.98300283286119,0.254957507082153,17.337110481586404,0.254957507082153,0.0,5.864022662889519,6.118980169971672,5.864022662889519,1.7847025495750708,0.0,3.824362606232295,0.764872521246459,1.019830028328612,0.0,1.274787535410765,2.294617563739377,1.7847025495750708,0.509915014164306,0.509915014164306,0.254957507082153,0.764872521246459,1.019830028328612,2.54957507082153,0.0,0.0,87.18,33.33,33.33,43.48,33.33,45.1,14.29,44.44,0.1728860840501812,0.1687411268104496,1.019830028328612,3.824362606232295,0.1103396532577903,0.509915014164306,0.764872521246459,1.529745042492918,0.2433485804532578,6.118980169971672,RW,59,31,19,38,31,53,94,94,75,100,9,44,19,75,34,44,38,56,25,31,62,38,62,94,53,53,100,19,94,50,50,50,28,56,38,56,47,66,69,16,28,19,81,22,69,44,25,44,31,53,94,94,81,100,9,38,25,75,34,50,44,69,19,25,56,38,62,94,53,53,100,19,94,50,50,50,28,56,31,56,44,62,56,12,25,19,81,31,Eredivisie
Cambuur,ears40cp6opsgvhsy0dgyszpd,6kxcsg5ipbqdl97nfdoh335lg,I. Baouf,Ismaël Baouf,19,Defender,Morocco,Defender,178.0,115.0,10.0,292.0,12.0,0.0,2.0,2.0,21.0,20.0,14.0,492.0,6.0,3.0,5.0,0.0,0.0,2.0,2.0,0.0,1.0,0.0,1.0,1.0,1.0,0.0,0.0,91.54,45.45,100.0,50.0,50.0,60.0,60.0,83.33,0.1823412889388491,0.0,0.0,15.0,0.2909285,5.0,23.0,26.0,0.5345112699999999,137.0,32.5609756097561,21.036585365853657,1.829268292682927,53.41463414634146,2.1951219512195124,0.0,0.3658536585365853,0.3658536585365853,3.841463414634146,3.658536585365854,2.5609756097560976,1.0975609756097562,0.5487804878048781,0.9146341463414634,0.0,0.0,0.3658536585365853,0.3658536585365853,0.0,0.1829268292682926,0.0,0.1829268292682926,0.1829268292682926,0.1829268292682926,0.0,0.0,91.54,45.45,100.0,50.0,50.0,60.0,60.0,83.33,0.0333551138302772,0.0,0.0,2.74390243902439,0.0532186280487804,0.9146341463414634,4.2073170731707314,4.7560975609756095,0.0977764518292682,25.06097560975609,CB,81,64,46,72,69,41,64,63,54,47,98,62,49,68,39,16,36,54,28,71,35,57,82,60,50,51,79,48,96,61,80,74,67,80,34,16,31,84,81,76,53,64,68,47,77,62,36,62,62,41,60,60,32,36,91,57,43,55,39,16,34,53,28,66,35,55,79,55,50,51,79,48,96,61,80,74,67,80,32,16,31,85,77,72,53,62,62,45,Eredivisie
Cambuur,ears40cp6opsgvhsy0dgyszpd,90vny1388bdhx8103lp9njac4,J. Amofa,Jamal Amofa,27,Defender,Netherlands,Defender,145.0,125.0,19.0,270.0,4.0,0.0,9.0,9.0,28.0,11.0,6.0,443.0,0.0,5.0,11.0,1.0,5.0,1.0,0.0,1.0,0.0,0.0,0.0,0.0,7.0,0.0,0.0,88.24,57.58,0.0,77.78,0.0,53.85,44.44,84.62,0.0313329140961945,0.3549486667159733,1.0,12.0,0.26208924,2.0,42.0,38.0,0.7088997199999998,169.0,29.458239277652368,25.395033860045142,3.860045146726862,54.85327313769752,0.8126410835214446,0.0,1.8284424379232505,1.8284424379232505,5.688487584650113,2.234762979683973,1.218961625282167,0.0,1.015801354401806,2.234762979683973,0.2031602708803611,1.015801354401806,0.2031602708803611,0.0,0.2031602708803611,0.0,0.0,0.0,0.0,1.4221218961625282,0.0,0.0,88.24,57.58,0.0,77.78,0.0,53.85,44.44,84.62,0.0063656033152539,0.0721114672786401,0.2031602708803611,2.437923250564334,0.0532461209932279,0.4063205417607223,8.53273137697517,7.720090293453724,0.1440202591422121,34.33408577878104,CB,52,70,77,60,19,41,96,96,81,19,59,5,76,97,88,89,22,14,68,29,35,19,37,99,50,51,53,79,37,79,19,34,28,83,15,89,76,79,74,50,91,95,87,67,47,70,77,66,19,41,96,96,85,13,53,5,79,96,94,87,19,14,70,29,35,19,37,100,50,51,53,79,37,79,19,34,28,83,15,89,79,72,79,51,94,89,85,72,Eredivisie
Cambuur,ears40cp6opsgvhsy0dgyszpd,d2g3nqaeldjxd1um0o4k3unmc,S. Bouhoudane,Sami Bouhoudane,18,Attacker,Netherlands,Striker,13.0,21.0,0.0,34.0,10.0,0.0,1.0,1.0,15.0,1.0,0.0,309.0,13.0,2.0,1.0,0.0,2.0,8.0,7.0,1.0,1.0,0.0,2.0,0.0,0.0,0.0,0.0,58.62,0.0,0.0,0.0,25.0,38.46,40.0,33.33,0.9342482677353784,0.075016125264689,1.0,0.0,0.0,0.0,3.0,2.0,0.0449373099999999,12.0,3.7864077669902914,6.116504854368932,0.0,9.902912621359224,2.912621359223301,0.0,0.2912621359223301,0.2912621359223301,4.368932038834951,0.2912621359223301,0.0,3.7864077669902914,0.5825242718446603,0.2912621359223301,0.0,0.5825242718446603,2.330097087378641,2.0388349514563107,0.2912621359223301,0.2912621359223301,0.0,0.5825242718446603,0.0,0.0,0.0,0.0,58.62,0.0,0.0,0.0,25.0,38.46,40.0,33.33,0.2721111459423432,0.0218493568732103,0.2912621359223301,0.0,0.0,0.0,0.8737864077669903,0.5825242718446603,0.0130885368932038,3.4951456310679614,ST,29,18,12,19,69,50,10,8,47,18,26,32,29,36,28,19,44,50,31,31,11,24,33,8,51,51,14,12,33,8,19,32,50,26,39,6,31,7,7,14,51,22,11,32,28,14,12,25,69,50,8,8,50,17,26,25,31,33,28,11,44,58,36,33,11,19,33,8,51,51,14,12,33,8,19,32,50,26,56,6,36,7,7,14,56,22,14,33,Eredivisie
Cambuur,ears40cp6opsgvhsy0dgyszpd,e3kmzh9jtwcnhg3wrrbn47578,F. Kvam,Fabian Kvam,20,Attacker,Norway,Striker,14.0,31.0,2.0,44.0,0.0,0.0,8.0,9.0,14.0,1.0,4.0,227.0,9.0,5.0,4.0,0.0,2.0,4.0,2.0,2.0,0.0,0.0,2.0,1.0,4.0,0.0,0.0,77.19,66.67,12.5,50.0,50.0,45.16,0.0,80.0,0.3210446978699708,0.2136808260576558,2.0,5.0,0.11282904,2.0,5.0,8.0,0.4651954599999999,15.0,5.550660792951542,12.290748898678414,0.7929515418502203,17.444933920704845,0.0,0.0,3.1718061674008813,3.5682819383259914,5.550660792951542,0.3964757709251101,1.5859030837004406,3.5682819383259914,1.9823788546255507,1.5859030837004406,0.0,0.7929515418502203,1.5859030837004406,0.7929515418502203,0.7929515418502203,0.0,0.0,0.7929515418502203,0.3964757709251101,1.5859030837004406,0.0,0.0,77.19,66.67,12.5,50.0,50.0,45.16,0.0,80.0,0.1272864440894157,0.0847192702431234,0.7929515418502203,1.9823788546255507,0.04473398061674,0.7929515418502203,1.9823788546255507,3.1718061674008813,0.1844387286343612,5.9471365638766525,ST,33,54,71,50,6,50,65,68,42,18,97,14,68,90,28,19,14,11,58,11,11,24,74,72,51,51,61,72,67,61,72,61,6,69,11,36,58,68,50,62,67,79,78,50,58,78,86,78,6,50,89,89,75,28,100,19,89,97,28,28,25,22,83,11,11,31,83,83,51,51,61,72,67,61,72,61,6,69,19,53,81,78,67,81,86,86,86,72,Eredivisie
Cambuur,ears40cp6opsgvhsy0dgyszpd,em7ie3i4w6bt476naq80umcd0,S. Vink,Skye Vink,20,Attacker,Netherlands,Striker,25.0,17.0,2.0,42.0,5.0,0.0,4.0,4.0,13.0,2.0,1.0,221.0,7.0,2.0,2.0,0.0,2.0,3.0,1.0,2.0,2.0,0.0,0.0,0.0,4.0,0.0,0.0,76.36,66.67,0.0,100.0,0.0,54.17,50.0,100.0,0.2046965781731011,0.1916984018548124,1.0,3.0,0.1074786099999999,4.0,0.0,2.0,0.17749987,9.0,10.180995475113122,6.9230769230769225,0.8144796380090498,17.104072398190045,2.0361990950226243,0.0,1.6289592760180995,1.6289592760180995,5.294117647058823,0.8144796380090498,0.4072398190045249,2.850678733031674,0.8144796380090498,0.8144796380090498,0.0,0.8144796380090498,1.2217194570135743,0.4072398190045249,0.8144796380090498,0.8144796380090498,0.0,0.0,0.0,1.6289592760180995,0.0,0.0,76.36,66.67,0.0,100.0,0.0,54.17,50.0,100.0,0.0833605974460592,0.0780672224748104,0.4072398190045249,1.2217194570135743,0.0437695696832578,1.6289592760180995,0.0,0.8144796380090498,0.0722850149321266,3.665158371040724,ST,67,10,71,39,40,50,40,36,32,38,62,10,29,64,28,19,6,6,58,57,11,7,33,72,51,51,56,72,33,96,7,92,78,88,6,28,31,43,44,88,8,22,47,18,94,36,89,75,53,50,58,58,72,58,72,17,39,81,28,36,19,8,86,83,11,7,33,86,51,51,56,72,33,96,7,92,78,88,8,47,53,61,61,94,8,39,64,39,Eredivisie
Cambuur,ears40cp6opsgvhsy0dgyszpd,epkss1rj7z6duqd3axbcm8l0q,N. Souren,Nicky Souren,26,Midfielder,Curaçao,Midfielder,68.0,117.0,12.0,184.0,4.0,0.0,1.0,1.0,19.0,16.0,7.0,540.0,3.0,6.0,4.0,1.0,8.0,3.0,1.0,2.0,0.0,0.0,2.0,1.0,1.0,0.0,0.0,86.38,75.0,50.0,100.0,66.67,57.58,57.14,50.0,0.2262987214256372,0.7169031157766839,2.0,15.0,0.3156457099999999,6.0,17.0,23.0,0.6594224799999999,100.0,11.333333333333334,19.5,2.0,30.666666666666668,0.6666666666666666,0.0,0.1666666666666666,0.1666666666666666,3.1666666666666665,2.6666666666666665,1.1666666666666667,0.5,1.0,0.6666666666666666,0.1666666666666666,1.3333333333333333,0.5,0.1666666666666666,0.3333333333333333,0.0,0.0,0.3333333333333333,0.1666666666666666,0.1666666666666666,0.0,0.0,86.38,75.0,50.0,100.0,66.67,57.58,57.14,50.0,0.0377164535709395,0.1194838526294473,0.3333333333333333,2.5,0.0526076183333333,1.0,2.833333333333333,3.8333333333333335,0.1099037466666666,16.666666666666668,CM/AM,81,71,85,76,71,52,10,10,58,100,90,18,71,60,65,65,11,13,31,6,21,40,32,18,52,52,65,82,84,98,90,87,81,34,10,65,35,58,55,56,65,73,61,84,58,39,77,45,65,52,10,10,32,90,84,13,50,44,48,48,10,10,19,6,21,39,16,13,52,52,65,82,84,98,90,87,81,34,10,48,26,52,42,39,35,61,35,68,Eredivisie
Cambuur,ears40cp6opsgvhsy0dgyszpd,nw48ayorxrpxwcxbdhxy44k4,B. van Duijl,Billy van Duijl,20,Defender,Netherlands,Defender,94.0,51.0,15.0,144.0,2.0,1.0,0.0,0.0,14.0,11.0,4.0,270.0,2.0,3.0,7.0,1.0,5.0,1.0,1.0,0.0,0.0,0.0,0.0,1.0,0.0,0.0,0.0,84.71,45.45,100.0,0.0,0.0,58.33,28.57,77.78,0.0851719307522068,0.4555699014152247,0.0,8.0,0.19503451,1.0,21.0,18.0,0.5915994,84.0,31.33333333333333,17.0,5.0,48.0,0.6666666666666666,0.3333333333333333,0.0,0.0,4.666666666666667,3.6666666666666665,1.3333333333333333,0.6666666666666666,1.0,2.333333333333333,0.3333333333333333,1.6666666666666667,0.3333333333333333,0.3333333333333333,0.0,0.0,0.0,0.0,0.3333333333333333,0.0,0.0,0.0,84.71,45.45,100.0,0.0,0.0,58.33,28.57,77.78,0.0283906435840689,0.1518566338050749,0.0,2.6666666666666665,0.0650115033333333,0.3333333333333333,7.0,6.0,0.1971998,28.0,CB,23,27,66,21,7,90,14,13,18,19,31,31,49,83,88,89,22,34,28,29,35,19,82,23,50,51,34,48,96,23,19,62,7,77,21,91,31,61,60,35,47,46,74,29,67,43,98,47,14,99,14,13,57,39,61,37,74,98,98,98,27,43,28,29,35,19,89,23,50,51,34,48,96,23,19,62,7,77,26,100,31,82,87,41,87,83,94,53,Eredivisie
Heerenveen,4vd2t5schmvvufrfib7f2vjdf,412l28fqhx21ivpcxzn1kpilm,V. Zagaritis,Vasilios Zagaritis,25,Defender,Greece,Defender,91.0,123.0,6.0,207.0,12.0,0.0,9.0,10.0,25.0,18.0,3.0,540.0,11.0,4.0,1.0,0.0,8.0,3.0,3.0,0.0,2.0,0.0,1.0,7.0,6.0,0.0,0.0,88.84,50.0,28.0,66.67,33.33,54.35,63.16,33.33,0.3398735614010266,0.6930166318327562,1.0,21.0,0.5197339000000001,11.0,19.0,21.0,1.2363632,95.0,15.166666666666666,20.5,1.0,34.5,2.0,0.0,1.5,1.6666666666666667,4.166666666666667,3.0,0.5,1.8333333333333333,0.6666666666666666,0.1666666666666666,0.0,1.3333333333333333,0.5,0.5,0.0,0.3333333333333333,0.0,0.1666666666666666,1.1666666666666667,1.0,0.0,0.0,88.84,50.0,28.0,66.67,33.33,54.35,63.16,33.33,0.0566455935668377,0.115502771972126,0.1666666666666666,3.5,0.0866223166666666,1.8333333333333333,3.1666666666666665,3.5,0.2060605333333333,15.833333333333334,LB/LCB,85,85,30,90,95,50,88,88,95,68,18,82,52,8,35,72,65,78,20,82,48,80,88,100,52,52,95,72,50,85,82,55,85,8,80,65,60,85,85,82,75,72,80,78,55,75,15,70,95,50,85,85,50,45,12,82,35,5,35,55,52,70,20,75,48,68,75,100,52,52,95,72,50,85,82,55,85,8,65,55,42,75,75,80,60,60,70,68,Eredivisie
Heerenveen,4vd2t5schmvvufrfib7f2vjdf,4ueed4kbdae5xugt9ajz6dw5w,N. Courtens,Nolhan Courtens,19,Midfielder,Belgium,Midfielder,45.0,51.0,4.0,96.0,2.0,0.0,6.0,6.0,16.0,1.0,1.0,282.0,8.0,4.0,2.0,0.0,4.0,4.0,2.0,2.0,1.0,1.0,1.0,0.0,3.0,0.0,0.0,86.49,80.0,0.0,50.0,25.0,55.17,66.67,28.57,0.3969669412722054,0.2342138393756415,1.0,5.0,0.19816827,0.0,7.0,2.0,0.10334728,41.0,14.361702127659576,16.27659574468085,1.2765957446808511,30.638297872340427,0.6382978723404256,0.0,1.9148936170212767,1.9148936170212767,5.1063829787234045,0.3191489361702128,0.3191489361702128,2.5531914893617023,1.2765957446808511,0.6382978723404256,0.0,1.2765957446808511,1.2765957446808511,0.6382978723404256,0.6382978723404256,0.3191489361702128,0.3191489361702128,0.3191489361702128,0.0,0.9574468085106383,0.0,0.0,86.49,80.0,0.0,50.0,25.0,55.17,66.67,28.57,0.1266915770017676,0.074749097673077,0.3191489361702128,1.5957446808510638,0.0632451925531915,0.0,2.2340425531914896,0.6382978723404256,0.0329831744680851,13.085106382978724,CM/AM,55,19,32,29,56,52,55,52,45,13,29,35,42,31,24,23,19,27,31,26,53,29,8,55,52,52,68,92,8,50,32,77,95,16,26,19,21,19,35,3,19,3,3,23,77,29,45,42,58,52,68,65,68,13,29,48,74,39,24,35,29,32,35,39,61,35,8,65,52,52,68,92,8,50,32,77,95,16,42,26,23,26,48,3,26,3,3,29,Eredivisie
Heerenveen,4vd2t5schmvvufrfib7f2vjdf,5oghztk07za2yuqq4jnav22y2,M. Rivera,Maxence Rivera,24,Midfielder,France,Midfielder,20.0,58.0,4.0,78.0,0.0,0.0,15.0,16.0,10.0,3.0,2.0,312.0,23.0,5.0,0.0,0.0,0.0,15.0,8.0,7.0,5.0,1.0,7.0,0.0,3.0,0.0,0.0,81.25,57.14,0.0,20.0,46.67,31.25,0.0,0.0,1.1508858962793846,0.0,6.0,19.0,0.47669066,3.0,7.0,11.0,0.21132694,26.0,5.769230769230769,16.73076923076923,1.1538461538461535,22.5,0.0,0.0,4.326923076923077,4.615384615384615,2.8846153846153846,0.8653846153846153,0.5769230769230769,6.634615384615384,1.4423076923076923,0.0,0.0,0.0,4.326923076923077,2.3076923076923075,2.019230769230769,1.4423076923076923,0.2884615384615384,2.019230769230769,0.0,0.8653846153846153,0.0,0.0,81.25,57.14,0.0,20.0,46.67,31.25,0.0,0.0,0.3319863162344378,0.0,1.7307692307692306,5.480769230769231,0.1375069211538461,0.8653846153846153,2.019230769230769,3.173076923076923,0.0609596942307692,7.5,LM/LCM,75,50,100,75,25,62,75,75,25,75,62,50,88,38,38,25,100,75,100,100,75,100,38,38,62,62,25,75,38,25,100,25,25,38,75,25,50,50,50,50,75,75,50,50,75,50,100,50,25,62,75,75,50,75,75,50,75,38,38,25,100,50,100,75,75,100,38,25,62,62,25,75,38,25,100,25,25,38,100,25,75,50,25,50,75,75,50,50,Eredivisie
Heerenveen,4vd2t5schmvvufrfib7f2vjdf,8jm8a7w3a5b5nzikcom7cvf2s,M. Willemsen,Maas Willemsen,23,Defender,Netherlands,Defender,266.0,188.0,27.0,454.0,3.0,1.0,2.0,2.0,15.0,17.0,5.0,540.0,5.0,5.0,4.0,0.0,2.0,5.0,3.0,2.0,3.0,0.0,1.0,0.0,1.0,0.0,0.0,91.9,58.7,0.0,50.0,20.0,42.86,21.43,66.67,0.4598509429435149,0.0919052608143286,1.0,15.0,0.30606015,6.0,62.0,53.0,1.0032485800000006,274.0,44.333333333333336,31.33333333333333,4.5,75.66666666666667,0.5,0.1666666666666666,0.3333333333333333,0.3333333333333333,2.5,2.833333333333333,0.8333333333333334,0.8333333333333334,0.8333333333333334,0.6666666666666666,0.0,0.3333333333333333,0.8333333333333334,0.5,0.3333333333333333,0.5,0.0,0.1666666666666666,0.0,0.1666666666666666,0.0,0.0,91.9,58.7,0.0,50.0,20.0,42.86,21.43,66.67,0.0766418238239191,0.0153175434690547,0.1666666666666666,2.5,0.0510100249999999,1.0,10.333333333333334,8.833333333333334,0.1672080966666667,45.66666666666666,CB,100,94,98,100,13,90,64,63,24,36,47,51,76,54,39,65,87,72,88,100,35,57,37,60,50,51,85,83,37,61,43,9,4,61,72,55,76,84,85,83,100,100,96,99,100,87,91,96,9,85,55,55,10,19,29,47,63,45,39,63,74,65,81,100,35,44,37,48,50,51,85,83,37,61,43,9,4,61,68,47,66,77,74,81,98,96,89,89,Eredivisie
Heerenveen,4vd2t5schmvvufrfib7f2vjdf,9najgqcaamqj0qtiicuq9hey,R. Meerveld,Ringo Meerveld,23,Midfielder,Netherlands,Midfielder,41.0,97.0,6.0,137.0,0.0,0.0,14.0,15.0,19.0,3.0,0.0,457.0,16.0,6.0,2.0,0.0,9.0,7.0,2.0,5.0,1.0,1.0,2.0,1.0,10.0,0.0,0.0,85.09,85.71,100.0,71.43,28.57,54.29,0.0,66.67,0.5321114483978104,0.7288658501633183,5.0,25.0,0.6898991299999997,9.0,21.0,19.0,0.6595531999999998,80.0,8.074398249452955,19.10284463894968,1.1816192560175056,26.980306345733045,0.0,0.0,2.7571115973741795,2.954048140043764,3.741794310722101,0.5908096280087528,0.0,3.1509846827133483,1.1816192560175056,0.3938730853391685,0.0,1.7724288840262583,1.3785557986870898,0.3938730853391685,0.9846827133479212,0.1969365426695842,0.1969365426695842,0.3938730853391685,0.1969365426695842,1.9693654266958425,0.0,0.0,85.09,85.71,100.0,71.43,28.57,54.29,0.0,66.67,0.1047921889623696,0.1435403206010911,0.9846827133479212,4.923413566739606,0.135866349452954,1.7724288840262583,4.13566739606127,3.741794310722101,0.1298901269146608,15.75492341356674,CM/AM,44,48,52,44,13,52,81,81,58,35,10,65,71,31,24,74,48,27,66,26,53,40,32,94,52,52,52,97,97,87,35,69,16,68,48,68,74,85,87,76,79,65,65,71,29,35,39,29,13,52,74,74,42,23,10,58,65,23,24,61,32,23,65,19,42,42,29,94,52,52,52,97,97,87,35,69,16,68,26,58,71,77,81,74,74,55,52,58,Eredivisie
Heerenveen,4vd2t5schmvvufrfib7f2vjdf,a76yp8gkkg6frtuhh3d6l46i,D. Proper,Dirk Proper,24,Midfielder,Netherlands,Midfielder,93.0,107.0,3.0,198.0,3.0,0.0,3.0,3.0,15.0,13.0,4.0,410.0,4.0,3.0,5.0,1.0,3.0,3.0,0.0,3.0,1.0,0.0,1.0,2.0,3.0,0.0,0.0,87.61,27.27,66.67,100.0,33.33,48.39,50.0,83.33,0.2056102230954174,0.3030883993979029,0.0,6.0,0.21302531,4.0,13.0,16.0,0.66546786,88.0,20.414634146341463,23.48780487804878,0.6585365853658537,43.463414634146346,0.6585365853658537,0.0,0.6585365853658537,0.6585365853658537,3.292682926829269,2.853658536585366,0.8780487804878049,0.8780487804878049,0.6585365853658537,1.0975609756097562,0.2195121951219512,0.6585365853658537,0.6585365853658537,0.0,0.6585365853658537,0.2195121951219512,0.0,0.2195121951219512,0.4390243902439024,0.6585365853658537,0.0,0.0,87.61,27.27,66.67,100.0,33.33,48.39,50.0,83.33,0.0451339514111891,0.0665315998678323,0.0,1.3170731707317074,0.0467616534146341,0.8780487804878049,2.853658536585366,3.5121951219512195,0.1460783107317073,19.317073170731707,DM/CM,77,54,23,65,38,48,35,35,35,81,48,37,38,71,77,35,38,12,73,52,33,38,77,62,50,50,58,8,92,98,48,46,63,85,38,46,6,35,38,42,38,42,73,46,85,50,15,58,38,48,35,35,31,77,42,38,38,73,88,31,35,12,65,46,33,42,81,50,50,50,58,8,92,98,48,46,63,85,27,50,6,27,35,46,38,38,69,46,Eredivisie
Heerenveen,4vd2t5schmvvufrfib7f2vjdf,aqnr6l3f02hx0soadunxbjcpg,J. Trenskow,Jacob Trenskow,25,Attacker,Denmark,Striker,34.0,129.0,6.0,154.0,1.0,0.0,14.0,14.0,17.0,3.0,7.0,525.0,41.0,4.0,1.0,1.0,15.0,16.0,10.0,6.0,6.0,2.0,7.0,9.0,7.0,0.0,0.0,85.56,54.55,32.14,50.0,43.75,40.48,14.29,20.0,1.33732896304513,1.656360058503429,7.0,41.0,1.6260666599999998,16.0,9.0,24.0,0.94901465,54.0,5.828571428571429,22.11428571428572,1.0285714285714287,26.4,0.1714285714285714,0.0,2.4,2.4,2.9142857142857146,0.5142857142857143,1.2,7.028571428571429,0.6857142857142857,0.1714285714285714,0.1714285714285714,2.571428571428572,2.742857142857143,1.7142857142857144,1.0285714285714287,1.0285714285714287,0.3428571428571428,1.2,1.542857142857143,1.2,0.0,0.0,85.56,54.55,32.14,50.0,43.75,40.48,14.29,20.0,0.2292563936648794,0.2839474386005878,1.2,7.028571428571429,0.2787542845714285,2.742857142857143,1.542857142857143,4.114285714285715,0.1626882257142857,9.257142857142858,RW,97,97,84,100,31,53,75,69,50,66,100,94,41,31,78,94,97,94,94,100,88,100,100,66,53,53,88,56,88,69,81,25,28,25,94,94,88,100,100,97,88,100,75,88,50,75,50,75,25,53,56,56,19,38,88,88,19,25,69,88,69,62,62,88,81,81,88,56,53,53,88,56,88,69,81,25,28,25,50,88,62,81,94,94,62,81,62,50,Eredivisie
Heerenveen,4vd2t5schmvvufrfib7f2vjdf,ar7llmzju08n8yrqu8xm1thck,O. Braude,Oliver Braude,22,Defender,Norway,Defender,90.0,122.0,14.0,210.0,13.0,1.0,4.0,4.0,28.0,19.0,1.0,422.0,21.0,3.0,5.0,0.0,8.0,5.0,4.0,1.0,3.0,1.0,1.0,2.0,1.0,0.0,0.0,77.78,35.0,28.57,25.0,20.0,53.85,76.47,45.45,0.4921743055137772,0.7177915743099239,1.0,12.0,0.32522117,6.0,26.0,39.0,1.0694753899999998,102.0,19.19431279620853,26.01895734597156,2.985781990521327,44.7867298578199,2.772511848341232,0.2132701421800947,0.8530805687203791,0.8530805687203791,5.971563981042654,4.052132701421801,0.2132701421800947,4.478672985781991,0.6398104265402843,1.066350710900474,0.0,1.706161137440758,1.066350710900474,0.8530805687203791,0.2132701421800947,0.6398104265402843,0.2132701421800947,0.2132701421800947,0.4265402843601895,0.2132701421800947,0.0,0.0,77.78,35.0,28.57,25.0,20.0,53.85,76.47,45.45,0.1049660841143126,0.1530835111087515,0.2132701421800947,2.559241706161137,0.0693599651658767,1.2796208530805686,5.545023696682464,8.317535545023697,0.2280871684834122,21.753554502369667,RB/RCB,77,77,85,73,92,100,81,81,85,69,19,85,58,31,31,92,92,88,58,100,100,81,54,54,54,54,38,62,62,46,69,38,100,8,92,92,81,77,77,77,92,92,92,77,77,77,85,92,85,100,69,69,85,46,15,85,46,23,31,92,85,92,54,92,100,85,54,62,54,54,38,62,62,46,69,38,100,8,92,92,85,77,77,69,92,92,92,92,Eredivisie
Heerenveen,4vd2t5schmvvufrfib7f2vjdf,c9shc6t28oroqthopifjvg9ux,D. Vente,Dylan Vente,27,Attacker,Suriname,Striker,25.0,52.0,0.0,76.0,18.0,0.0,2.0,2.0,23.0,9.0,1.0,518.0,21.0,5.0,0.0,2.0,8.0,14.0,10.0,4.0,2.0,0.0,6.0,1.0,0.0,0.0,0.0,74.51,0.0,50.0,0.0,42.86,43.4,52.94,0.0,1.5895236089417282,0.5980475478771883,0.0,4.0,0.16814911,1.0,6.0,6.0,0.3262077599999999,23.0,4.343629343629344,9.034749034749035,0.0,13.204633204633204,3.1274131274131274,0.0,0.3474903474903475,0.3474903474903475,3.996138996138997,1.5637065637065637,0.1737451737451737,3.6486486486486487,0.8687258687258688,0.0,0.3474903474903475,1.38996138996139,2.4324324324324325,1.7374517374517375,0.694980694980695,0.3474903474903475,0.0,1.0424710424710424,0.1737451737451737,0.0,0.0,0.0,74.51,0.0,50.0,0.0,42.86,43.4,52.94,0.0,0.2761720556076362,0.1039078751137971,0.0,0.694980694980695,0.0292150963320463,0.1737451737451737,1.0424710424710424,1.0424710424710424,0.0566770239382239,3.996138996138997,ST,67,76,12,72,86,50,17,17,78,96,62,61,68,10,92,78,79,71,90,57,11,82,74,8,51,51,53,12,96,8,60,50,83,10,78,78,8,58,67,42,72,69,69,69,39,58,12,44,75,50,11,11,33,86,57,22,44,10,81,67,53,42,69,36,11,53,69,8,51,51,53,12,96,8,60,50,83,10,58,69,8,42,47,28,61,56,58,44,Eredivisie
Heerenveen,4vd2t5schmvvufrfib7f2vjdf,e5hzt8nmhu2ktn69dsv67ga38,M. Linday,Marcus Linday,23,Midfielder,Sweden,Midfielder,78.0,105.0,2.0,182.0,1.0,0.0,4.0,4.0,6.0,9.0,6.0,270.0,2.0,2.0,1.0,0.0,5.0,1.0,1.0,0.0,0.0,0.0,1.0,1.0,2.0,0.0,0.0,90.1,40.0,50.0,50.0,100.0,33.33,25.0,100.0,0.0983064422327907,0.528470480347372,0.0,16.0,0.3223095,5.0,14.0,12.0,0.6486593300000002,81.0,26.0,35.0,0.6666666666666666,60.66666666666666,0.3333333333333333,0.0,1.3333333333333333,1.3333333333333333,2.0,3.0,2.0,0.6666666666666666,0.6666666666666666,0.3333333333333333,0.0,1.6666666666666667,0.3333333333333333,0.3333333333333333,0.0,0.0,0.0,0.3333333333333333,0.3333333333333333,0.6666666666666666,0.0,0.0,90.1,40.0,50.0,50.0,100.0,33.33,25.0,100.0,0.0327688140775969,0.1761568267824573,0.0,5.333333333333333,0.1074365,1.6666666666666667,4.666666666666667,4.0,0.2162197766666667,27.0,DM/CM,58,50,12,50,13,48,52,50,4,65,75,13,21,13,31,65,8,38,8,17,33,38,56,46,50,50,81,37,85,40,96,8,17,96,8,73,6,75,62,54,46,31,65,38,96,88,19,92,19,48,62,62,8,85,92,27,42,12,31,77,12,50,8,17,33,54,58,54,50,50,81,37,85,40,96,8,17,96,23,85,6,88,77,77,69,50,85,77,Eredivisie
Heerenveen,4vd2t5schmvvufrfib7f2vjdf,idvh0ac1f8wv39640pyl4esp,S. Kersten,Sam Kersten,28,Defender,Netherlands,Defender,221.0,113.0,13.0,333.0,6.0,1.0,1.0,1.0,23.0,31.0,4.0,496.0,1.0,4.0,8.0,1.0,1.0,2.0,0.0,2.0,0.0,0.0,0.0,1.0,1.0,0.0,0.0,90.98,48.15,100.0,100.0,0.0,76.67,75.0,66.67,0.1073377156732675,0.0918303345634804,2.0,6.0,0.11200724,3.0,24.0,22.0,0.5213205999999996,209.0,40.1008064516129,20.50403225806452,2.3588709677419355,60.42338709677419,1.0887096774193548,0.1814516129032258,0.1814516129032258,0.1814516129032258,4.173387096774194,5.625,0.7258064516129032,0.1814516129032258,0.7258064516129032,1.4516129032258065,0.1814516129032258,0.1814516129032258,0.3629032258064516,0.0,0.3629032258064516,0.0,0.0,0.0,0.1814516129032258,0.1814516129032258,0.0,0.0,90.98,48.15,100.0,100.0,0.0,76.67,75.0,66.67,0.0194766016342622,0.0166627623199863,0.3629032258064516,1.0887096774193548,0.0203238943548387,0.5443548387096774,4.354838709677419,3.991935483870968,0.0945944637096773,37.92338709677419,CB,96,62,54,89,36,90,40,39,60,84,31,17,63,90,88,45,36,14,88,29,35,19,82,60,50,51,72,57,96,91,19,98,89,61,26,53,93,51,45,59,60,55,62,89,94,60,49,79,28,91,34,32,40,74,23,13,55,87,91,40,32,14,87,29,35,19,77,53,50,51,72,57,96,91,19,98,89,61,21,51,91,49,40,60,57,49,53,81,Eredivisie
Sparta Rotterdam,89w5c6pw7vn0dxypi61tt0g4k,1ueqcjuatzazpmz765tru4zdg,L. Martes,Lushendry Martes,18,Defender,Netherlands,Defender,85.0,79.0,12.0,159.0,11.0,0.0,5.0,5.0,40.0,15.0,7.0,540.0,6.0,6.0,12.0,0.0,10.0,2.0,1.0,1.0,0.0,0.0,1.0,5.0,1.0,0.0,0.0,80.71,52.17,50.0,20.0,50.0,57.97,73.33,52.17,0.2041749623223629,1.0037212912468103,0.0,10.0,0.23109199,1.0,17.0,14.0,0.9002466200000001,80.0,14.166666666666666,13.166666666666666,2.0,26.5,1.8333333333333333,0.0,0.8333333333333334,0.8333333333333334,6.666666666666667,2.5,1.1666666666666667,1.0,1.0,2.0,0.0,1.6666666666666667,0.3333333333333333,0.1666666666666666,0.1666666666666666,0.0,0.0,0.1666666666666666,0.8333333333333334,0.1666666666666666,0.0,0.0,80.71,52.17,50.0,20.0,50.0,57.97,73.33,52.17,0.0340291603870604,0.1672868818744683,0.0,1.6666666666666667,0.0385153316666666,0.1666666666666666,2.833333333333333,2.333333333333333,0.1500411033333333,13.333333333333334,RM/RCM,100,50,100,100,100,62,38,25,100,100,100,50,75,100,38,88,38,38,38,25,38,50,100,25,62,62,50,50,100,25,88,75,100,50,50,100,25,50,50,25,75,62,75,100,100,50,100,75,100,62,25,25,100,75,100,50,75,100,38,75,25,25,25,25,38,50,100,25,62,62,50,50,100,25,88,75,100,50,25,75,25,50,50,25,50,50,75,75,Eredivisie
Sparta Rotterdam,89w5c6pw7vn0dxypi61tt0g4k,4utx4h5jz14whtjawxn7ox0r8,N. Verschuren,Nick Verschuren,21,Defender,Netherlands,Defender,122.0,40.0,9.0,162.0,9.0,0.0,0.0,0.0,20.0,22.0,4.0,365.0,7.0,7.0,1.0,0.0,1.0,5.0,5.0,0.0,1.0,1.0,1.0,0.0,0.0,0.0,0.0,89.5,45.0,0.0,0.0,20.0,80.0,81.82,25.0,0.7006468292050639,0.0538692445798065,0.0,3.0,0.06094906,1.0,5.0,9.0,0.17215281,97.0,30.08219178082192,9.863013698630136,2.219178082191781,39.945205479452056,2.219178082191781,0.0,0.0,0.0,4.931506849315069,5.424657534246576,0.9863013698630138,1.726027397260274,1.726027397260274,0.2465753424657534,0.0,0.2465753424657534,1.2328767123287672,1.2328767123287672,0.0,0.2465753424657534,0.2465753424657534,0.2465753424657534,0.0,0.0,0.0,0.0,89.5,45.0,0.0,0.0,20.0,80.0,81.82,25.0,0.1727622318587829,0.0132828274306372,0.0,0.7397260273972603,0.0150285353424657,0.2465753424657534,1.2328767123287672,2.219178082191781,0.0424486380821917,23.917808219178085,CB,32,19,41,30,54,41,14,13,51,54,31,74,95,7,39,45,87,93,28,71,82,57,37,23,50,51,62,45,37,23,43,100,98,2,91,38,31,33,32,35,17,26,19,38,51,13,45,32,64,41,14,13,60,70,37,91,98,9,39,51,94,98,28,81,94,67,37,23,50,51,62,45,37,23,43,100,98,2,96,45,31,34,32,36,17,26,15,36,Eredivisie
Sparta Rotterdam,89w5c6pw7vn0dxypi61tt0g4k,50zbw9cb2gon7eb7w08ndfyms,M. Zonneveld,Milan Zonneveld,22,Attacker,Netherlands,Striker,10.0,24.0,2.0,34.0,29.0,0.0,4.0,5.0,35.0,10.0,0.0,314.0,28.0,4.0,1.0,1.0,8.0,16.0,15.0,1.0,2.0,4.0,9.0,0.0,2.0,0.0,0.0,50.0,66.67,0.0,50.0,56.25,56.45,65.91,100.0,3.348969275469785,0.7824122786623441,1.0,1.0,0.06442595,0.0,2.0,1.0,0.3763068899999999,12.0,2.8662420382165603,6.8789808917197455,0.5732484076433121,9.745222929936306,8.312101910828025,0.0,1.1464968152866242,1.4331210191082802,10.031847133757962,2.8662420382165603,0.0,8.025477707006369,1.1464968152866242,0.286624203821656,0.286624203821656,2.2929936305732483,4.585987261146497,4.2993630573248405,0.286624203821656,0.5732484076433121,1.1464968152866242,2.579617834394905,0.0,0.5732484076433121,0.0,0.0,50.0,66.67,0.0,50.0,56.25,56.45,65.91,100.0,0.9598956522047154,0.224258296431882,0.286624203821656,0.286624203821656,0.0184660366242038,0.0,0.5732484076433121,0.286624203821656,0.1078586627388534,3.4394904458598727,ST,19,26,71,19,100,50,40,49,94,100,26,83,54,36,68,78,86,90,31,57,96,96,33,46,51,51,4,72,33,61,81,97,97,88,100,83,31,17,31,14,36,10,72,32,14,33,69,19,100,50,50,50,100,100,26,100,53,31,72,94,94,97,33,61,100,100,33,56,51,51,4,72,33,61,81,97,97,88,100,94,33,14,31,14,39,6,75,31,Eredivisie
Sparta Rotterdam,89w5c6pw7vn0dxypi61tt0g4k,536qjh4gcmpo5q68ti87e60kq,S. Mito,Shunsuke Mito,23,Attacker,Japan,Striker,47.0,48.0,3.0,94.0,0.0,0.0,5.0,7.0,16.0,5.0,2.0,423.0,16.0,8.0,3.0,2.0,7.0,5.0,2.0,3.0,4.0,0.0,0.0,1.0,2.0,0.0,0.0,85.45,100.0,20.0,40.0,0.0,48.48,0.0,50.0,0.4126744531777435,0.5187350408012937,4.0,9.0,0.24245311,6.0,5.0,10.0,0.5781640099999998,31.0,10.0,10.212765957446807,0.6382978723404255,20.0,0.0,0.0,1.0638297872340423,1.4893617021276595,3.404255319148936,1.0638297872340423,0.425531914893617,3.404255319148936,1.702127659574468,0.6382978723404255,0.425531914893617,1.4893617021276595,1.0638297872340423,0.425531914893617,0.6382978723404255,0.851063829787234,0.0,0.0,0.2127659574468085,0.425531914893617,0.0,0.0,85.45,100.0,20.0,40.0,0.0,48.48,0.0,50.0,0.0878030751442007,0.1103691576172965,0.851063829787234,1.9148936170212765,0.0515857680851063,1.276595744680851,1.0638297872340423,2.127659574468085,0.1230136191489361,6.595744680851063,LW,90,50,55,60,15,55,25,30,30,90,35,40,75,55,90,70,30,20,50,80,25,20,40,30,55,55,90,90,50,60,20,70,15,40,10,60,50,40,40,70,70,65,60,60,80,20,40,40,15,55,20,20,10,80,30,30,70,40,80,70,10,20,30,80,25,20,40,30,55,55,90,90,50,60,20,70,15,40,10,60,50,30,30,60,50,40,30,20,Eredivisie
Sparta Rotterdam,89w5c6pw7vn0dxypi61tt0g4k,5oqqifi0wo6xbjz0xjgwf89re,C. Terho,Casper Terho,23,Attacker,Finland,Striker,20.0,34.0,5.0,48.0,1.0,0.0,7.0,7.0,11.0,3.0,1.0,305.0,9.0,4.0,1.0,0.0,5.0,9.0,5.0,4.0,4.0,0.0,2.0,6.0,2.0,0.0,0.0,76.19,55.56,37.5,28.57,22.22,34.38,33.33,25.0,0.8581524130444098,0.5946111311145608,5.0,12.0,0.32647894,4.0,4.0,9.0,0.1668465099999999,15.0,5.901639344262295,10.0327868852459,1.475409836065574,14.163934426229508,0.2950819672131147,0.0,2.065573770491804,2.065573770491804,3.2459016393442623,0.8852459016393442,0.2950819672131147,2.6557377049180326,1.180327868852459,0.2950819672131147,0.0,1.475409836065574,2.6557377049180326,1.475409836065574,1.180327868852459,1.180327868852459,0.0,0.5901639344262295,1.7704918032786885,0.5901639344262295,0.0,0.0,76.19,55.56,37.5,28.57,22.22,34.38,33.33,25.0,0.2532253022098258,0.1754590222960999,1.475409836065574,3.540983606557377,0.0963380478688524,1.180327868852459,1.180327868852459,2.6557377049180326,0.0492333963934425,4.426229508196721,RW,34,19,66,6,31,53,31,31,19,66,41,22,41,31,34,44,38,28,62,72,25,25,78,34,53,53,38,62,100,38,25,12,44,31,50,38,56,41,38,38,44,41,12,6,56,19,75,19,38,53,44,38,25,62,56,25,50,38,34,56,62,44,81,94,25,31,94,38,53,53,38,62,100,38,25,12,44,31,62,62,81,44,44,50,38,38,6,6,Eredivisie
Sparta Rotterdam,89w5c6pw7vn0dxypi61tt0g4k,6ydojoa3581jgszpjqj7i8zpx,B. Kuipers,Bas Kuipers,32,Defender,Netherlands,Defender,85.0,87.0,12.0,170.0,5.0,0.0,2.0,2.0,21.0,21.0,3.0,540.0,8.0,6.0,4.0,3.0,6.0,1.0,1.0,0.0,0.0,0.0,0.0,2.0,1.0,0.0,0.0,84.16,50.0,28.57,50.0,0.0,61.76,55.56,44.44,0.0972362887778155,0.6020150433684405,0.0,6.0,0.14064241,1.0,24.0,20.0,0.9680809200000002,95.0,14.166666666666666,14.5,2.0,28.33333333333333,0.8333333333333334,0.0,0.3333333333333333,0.3333333333333333,3.5,3.5,0.5,1.3333333333333333,1.0,0.6666666666666666,0.5,1.0,0.1666666666666666,0.1666666666666666,0.0,0.0,0.0,0.0,0.3333333333333333,0.1666666666666666,0.0,0.0,84.16,50.0,28.57,50.0,0.0,61.76,55.56,44.44,0.0162060481296359,0.1003358405614067,0.0,1.0,0.0234404016666666,0.1666666666666666,4.0,3.333333333333333,0.16134682,15.833333333333334,LB/LCB,75,70,95,70,72,50,38,32,75,90,18,70,78,42,95,60,22,40,20,22,48,32,42,40,52,52,60,72,55,68,32,90,65,25,25,60,20,55,55,18,90,65,70,78,45,60,68,45,55,50,22,22,45,65,12,55,65,35,90,50,15,30,20,22,48,32,32,32,52,52,60,72,55,68,32,90,65,25,20,50,20,40,40,10,85,55,60,68,Eredivisie
Sparta Rotterdam,89w5c6pw7vn0dxypi61tt0g4k,7ty1wdxxnusgkl34k5raipbl5,M. van Bergen,Mitchell van Bergen,27,Attacker,Netherlands,Striker,26.0,66.0,5.0,89.0,0.0,0.0,14.0,15.0,15.0,4.0,2.0,319.0,16.0,4.0,0.0,1.0,8.0,9.0,6.0,3.0,3.0,0.0,4.0,3.0,8.0,0.0,0.0,81.65,50.0,10.0,57.14,44.44,50.0,0.0,0.0,0.6164154536328608,0.8705141014570417,6.0,25.0,0.7609139399999999,7.0,8.0,11.0,1.11229312,37.0,7.3354231974921635,18.620689655172416,1.4106583072100314,25.10971786833856,0.0,0.0,3.949843260188088,4.231974921630094,4.231974921630094,1.1285266457680252,0.5642633228840126,4.514106583072101,1.1285266457680252,0.0,0.2821316614420063,2.2570532915360504,2.539184952978057,1.6927899686520378,0.8463949843260189,0.8463949843260189,0.0,1.1285266457680252,0.8463949843260189,2.2570532915360504,0.0,0.0,81.65,50.0,10.0,57.14,44.44,50.0,0.0,0.0,0.173910316071967,0.2455995897527703,1.6927899686520378,7.053291536050157,0.214677914106583,1.974921630094044,2.2570532915360504,3.103448275862069,0.3138131059561128,10.438871473354231,RW,72,62,66,62,12,53,75,75,38,81,69,50,41,12,78,75,38,41,41,50,25,62,56,75,53,53,62,44,25,81,88,69,12,12,19,81,69,81,81,75,78,59,94,59,88,62,62,56,12,53,88,88,44,75,69,56,38,12,81,75,50,56,50,62,25,69,56,88,53,53,62,44,25,81,88,69,12,12,38,81,94,88,81,75,81,69,88,62,Eredivisie
Sparta Rotterdam,89w5c6pw7vn0dxypi61tt0g4k,ass524umdrpsq324wksaqef4k,M. Young,Marvin Young,20,Defender,Netherlands,Defender,169.0,89.0,22.0,258.0,6.0,0.0,0.0,0.0,25.0,29.0,4.0,529.0,8.0,5.0,8.0,0.0,1.0,5.0,4.0,1.0,0.0,2.0,2.0,0.0,0.0,0.0,0.0,90.21,64.71,0.0,0.0,40.0,65.79,54.55,57.14,0.6347876105415996,0.0709222207551671,0.0,8.0,0.15559292,2.0,22.0,21.0,0.4971980900000001,149.0,28.7523629489603,15.141776937618149,3.742911153119093,43.89413988657845,1.0207939508506616,0.0,0.0,0.0,4.253308128544423,4.933837429111531,0.6805293005671077,1.3610586011342154,0.8506616257088846,1.3610586011342154,0.0,0.1701323251417769,0.8506616257088846,0.6805293005671077,0.1701323251417769,0.0,0.3402646502835538,0.3402646502835538,0.0,0.0,0.0,0.0,90.21,64.71,0.0,0.0,40.0,65.79,54.55,57.14,0.107997892152635,0.0120661623212949,0.0,1.3610586011342154,0.0264713852551984,0.3402646502835538,3.742911153119093,3.572778827977316,0.0845894671077504,25.349716446124763,CB,74,47,87,51,36,41,14,13,70,79,31,84,76,90,39,45,87,84,68,29,98,85,37,23,50,51,67,94,37,23,71,89,50,43,89,45,31,61,51,50,51,51,55,57,40,38,74,38,26,41,14,13,46,66,21,74,66,83,39,36,77,77,64,29,96,79,37,23,50,51,67,94,37,23,71,89,50,43,83,43,31,60,47,45,43,40,47,47,Eredivisie
Sparta Rotterdam,89w5c6pw7vn0dxypi61tt0g4k,byirjks50zw1eefkcy8p4hd5h,B. Martins Indi,Bruno Martins Indi,34,Defender,Netherlands,Defender,146.0,90.0,11.0,236.0,7.0,0.0,1.0,1.0,16.0,27.0,3.0,410.0,4.0,3.0,3.0,0.0,3.0,3.0,2.0,1.0,0.0,0.0,2.0,0.0,0.0,0.0,0.0,87.73,39.29,0.0,0.0,66.67,51.61,53.85,50.0,0.3191905167451823,0.1878645062131271,0.0,4.0,0.09297714,2.0,26.0,20.0,0.55869705,144.0,32.04878048780488,19.75609756097561,2.414634146341464,51.80487804878049,1.5365853658536586,0.0,0.2195121951219512,0.2195121951219512,3.5121951219512195,5.926829268292683,0.6585365853658537,0.8780487804878049,0.6585365853658537,0.6585365853658537,0.0,0.6585365853658537,0.6585365853658537,0.4390243902439024,0.2195121951219512,0.0,0.0,0.4390243902439024,0.0,0.0,0.0,0.0,87.73,39.29,0.0,0.0,66.67,51.61,53.85,50.0,0.0700662109928449,0.0412385501443449,0.0,0.8780487804878049,0.0204096160975609,0.4390243902439024,5.707317073170732,4.390243902439025,0.1226408158536585,31.60975609756097,CB,55,49,49,47,45,41,40,39,33,72,17,44,49,36,39,77,54,54,68,29,35,85,37,23,50,51,47,30,37,23,90,22,47,29,60,72,31,44,43,50,69,49,72,53,72,55,53,55,43,41,40,38,23,79,15,51,51,40,39,79,57,57,72,29,35,83,37,23,50,51,47,30,37,23,90,22,47,29,64,77,31,38,43,53,77,53,77,62,Eredivisie
Sparta Rotterdam,89w5c6pw7vn0dxypi61tt0g4k,ely6vpyueden4b6ozfmspwgk5,J. Toornstra,Jens Toornstra,37,Midfielder,Netherlands,Midfielder,29.0,40.0,8.0,66.0,0.0,0.0,4.0,4.0,8.0,12.0,0.0,232.0,2.0,2.0,2.0,0.0,2.0,1.0,0.0,1.0,0.0,0.0,0.0,3.0,3.0,0.0,0.0,73.33,33.33,42.86,75.0,0.0,34.78,0.0,66.67,0.064434689396655,0.2993392621608076,1.0,4.0,0.08353332,1.0,16.0,17.0,0.5148786399999999,38.0,11.25,15.517241379310343,3.103448275862069,25.603448275862068,0.0,0.0,1.5517241379310345,1.5517241379310345,3.103448275862069,4.655172413793103,0.0,0.7758620689655172,0.7758620689655172,0.7758620689655172,0.0,0.7758620689655172,0.3879310344827586,0.0,0.3879310344827586,0.0,0.0,0.0,1.1637931034482758,1.1637931034482758,0.0,0.0,73.33,33.33,42.86,75.0,0.0,34.78,0.0,66.67,0.0249962157142196,0.1161229896313477,0.3879310344827586,1.5517241379310345,0.0324051672413793,0.3879310344827586,6.206896551724138,6.594827586206896,0.1997374034482758,14.741379310344827,CM/AM,18,10,71,10,13,52,32,31,10,89,10,11,13,31,24,6,5,5,15,6,21,11,69,55,52,52,13,19,74,92,11,13,16,68,3,26,21,13,13,8,56,60,39,16,52,26,94,26,13,52,55,52,29,97,10,16,32,55,24,10,6,5,23,6,21,11,71,71,52,52,13,19,74,92,11,13,16,68,6,42,29,23,19,10,94,90,74,48,Eredivisie
Sparta Rotterdam,89w5c6pw7vn0dxypi61tt0g4k,f07qmqesi1rpw7eapoz9rb0gk,J. Baas,Julian Baas,24,Midfielder,Netherlands,Midfielder,87.0,93.0,17.0,174.0,6.0,0.0,2.0,2.0,13.0,11.0,2.0,402.0,0.0,3.0,3.0,1.0,5.0,1.0,0.0,1.0,0.0,0.0,0.0,6.0,0.0,0.0,0.0,90.16,73.91,24.0,0.0,0.0,46.43,54.55,75.0,0.0700003020343871,0.5949780255686431,0.0,5.0,0.09553932,2.0,17.0,16.0,0.60581304,77.0,19.477611940298505,20.82089552238806,3.805970149253731,38.95522388059701,1.343283582089552,0.0,0.4477611940298507,0.4477611940298507,2.9104477611940296,2.462686567164179,0.4477611940298507,0.0,0.6716417910447761,0.6716417910447761,0.2238805970149253,1.1194029850746268,0.2238805970149253,0.0,0.2238805970149253,0.0,0.0,0.0,1.343283582089552,0.0,0.0,0.0,90.16,73.91,24.0,0.0,0.0,46.43,54.55,75.0,0.0156717094106836,0.1332040355750693,0.0,1.1194029850746268,0.0213894,0.4477611940298507,3.805970149253731,3.582089552238806,0.1356297850746268,17.238805970149254,CM/AM,94,45,97,71,85,52,15,15,29,79,50,3,29,47,65,39,5,5,15,6,21,11,77,6,52,52,87,77,48,6,11,42,74,77,6,55,8,19,16,19,65,50,58,66,97,48,97,71,84,52,13,13,23,87,55,3,23,48,68,29,3,5,10,6,21,11,77,6,52,52,87,77,48,6,11,42,74,77,3,55,8,13,10,16,65,45,55,71,Eredivisie
Telstar,zjawy6qdzk3y69v5pa3zl2cb,1bkoay83qlbuc60ih6wgf0jmy,S. Valk,Sem Valk,24,Defender,Netherlands,Defender,88.0,33.0,4.0,120.0,7.0,0.0,1.0,1.0,21.0,18.0,2.0,360.0,3.0,4.0,5.0,0.0,0.0,3.0,1.0,2.0,0.0,0.0,1.0,1.0,0.0,0.0,0.0,83.92,26.67,50.0,0.0,33.33,67.74,63.64,50.0,0.1956298755020645,0.0,1.0,2.0,0.04087117,1.0,3.0,2.0,0.17595783,57.0,22.0,8.25,1.0,30.0,1.75,0.0,0.25,0.25,5.25,4.5,0.5,0.75,1.0,1.25,0.0,0.0,0.75,0.25,0.5,0.0,0.0,0.25,0.25,0.0,0.0,0.0,83.92,26.67,50.0,0.0,33.33,67.74,63.64,50.0,0.0489074688755161,0.0,0.25,0.5,0.0102177925,0.25,0.75,0.5,0.0439894575,14.25,CB,21,11,14,15,45,41,40,39,54,43,11,39,63,68,39,16,54,34,88,29,35,57,82,23,50,51,30,9,89,23,62,94,79,29,40,16,76,23,26,35,13,13,21,21,21,9,14,11,53,41,49,49,74,57,13,40,74,74,39,16,68,32,94,29,35,70,83,23,50,51,30,9,89,23,62,94,79,29,45,16,85,29,28,38,13,13,17,21,Eredivisie
Telstar,zjawy6qdzk3y69v5pa3zl2cb,1pmoxunz3nw0ptd6g64maam7d,N. Þórisson,Nökkvi Thórisson,27,Attacker,Iceland,Striker,17.0,25.0,2.0,41.0,9.0,0.0,5.0,6.0,16.0,3.0,0.0,361.0,20.0,5.0,1.0,1.0,4.0,10.0,10.0,0.0,1.0,1.0,5.0,1.0,1.0,0.0,0.0,66.13,100.0,50.0,20.0,50.0,28.57,34.62,100.0,0.942290292959694,0.1819944498784598,2.0,3.0,0.10987995,1.0,3.0,3.0,0.08616378,18.0,4.238227146814404,6.232686980609419,0.4986149584487535,10.221606648199446,2.2437673130193905,0.0,1.2465373961218835,1.4958448753462603,3.988919667590028,0.7479224376731302,0.0,4.986149584487535,1.2465373961218835,0.2493074792243767,0.2493074792243767,0.997229916897507,2.4930747922437675,2.4930747922437675,0.0,0.2493074792243767,0.2493074792243767,1.2465373961218835,0.2493074792243767,0.2493074792243767,0.0,0.0,66.13,100.0,50.0,20.0,50.0,28.57,34.62,100.0,0.2349200176353807,0.0453725775320259,0.4986149584487535,0.7479224376731302,0.0273938933518005,0.2493074792243767,0.7479224376731302,0.7479224376731302,0.0214812747922437,4.487534626038781,ST,43,32,71,33,64,50,54,57,50,56,26,56,68,36,68,50,57,71,10,31,35,72,74,28,51,51,31,93,96,25,72,6,28,88,42,25,58,43,47,42,51,38,33,61,36,19,64,33,58,50,53,53,31,53,26,61,58,28,69,50,56,72,10,31,28,72,75,25,51,51,31,93,96,25,72,6,28,88,44,22,58,47,44,50,50,33,22,53,Eredivisie
Telstar,zjawy6qdzk3y69v5pa3zl2cb,1zybkcmp40td92a6yg8sw9uga,T. Owusu,Tyrone Owusu,27,Midfielder,Netherlands,Midfielder,86.0,108.0,8.0,194.0,1.0,0.0,16.0,16.0,25.0,8.0,3.0,485.0,2.0,5.0,5.0,0.0,2.0,6.0,1.0,5.0,3.0,0.0,0.0,0.0,8.0,0.0,0.0,83.26,50.0,0.0,50.0,0.0,56.82,0.0,45.45,0.2776835115975842,0.1425120102787863,5.0,9.0,0.18545474,5.0,23.0,25.0,0.5240057899999998,101.0,15.958762886597937,20.04123711340206,1.4845360824742266,36.0,0.1855670103092783,0.0,2.9690721649484533,2.9690721649484533,4.639175257731958,1.4845360824742266,0.556701030927835,0.3711340206185566,0.9278350515463916,0.9278350515463916,0.0,0.3711340206185566,1.11340206185567,0.1855670103092783,0.9278350515463916,0.556701030927835,0.0,0.0,0.0,1.4845360824742266,0.0,0.0,83.26,50.0,0.0,50.0,0.0,56.82,0.0,45.45,0.0515288990593455,0.0264455276805995,0.9278350515463916,1.670103092783505,0.0344142816494845,0.9278350515463916,4.268041237113402,4.639175257731958,0.0972381878350515,18.74226804123711,CM/AM,90,55,71,81,35,52,85,85,79,71,69,11,53,76,24,6,35,13,66,71,21,11,8,85,52,52,48,35,8,50,11,84,16,23,16,6,74,42,29,42,84,81,45,87,81,45,58,61,26,52,77,77,61,71,65,10,42,61,24,3,19,13,58,65,21,11,8,74,52,52,48,35,8,50,11,84,16,23,13,6,68,29,26,35,77,68,29,77,Eredivisie
Telstar,zjawy6qdzk3y69v5pa3zl2cb,4cbhx91p3l265b2cejzd07gbu,P. Brouwer,Patrick Brouwer,25,Attacker,Netherlands,Striker,30.0,64.0,1.0,90.0,2.0,0.0,10.0,10.0,18.0,7.0,1.0,540.0,23.0,8.0,2.0,1.0,12.0,3.0,3.0,0.0,0.0,1.0,1.0,4.0,5.0,0.0,0.0,68.7,25.0,25.0,50.0,33.33,38.3,25.0,66.67,0.4172863940328288,1.234670201932747,0.0,11.0,0.39576739,3.0,8.0,12.0,1.1146819699999997,39.0,5.0,10.666666666666666,0.1666666666666666,15.0,0.3333333333333333,0.0,1.6666666666666667,1.6666666666666667,3.0,1.1666666666666667,0.1666666666666666,3.8333333333333335,1.3333333333333333,0.3333333333333333,0.1666666666666666,2.0,0.5,0.5,0.0,0.0,0.1666666666666666,0.1666666666666666,0.6666666666666666,0.8333333333333334,0.0,0.0,68.7,25.0,25.0,50.0,33.33,38.3,25.0,66.67,0.0695477323388048,0.2057783669887911,0.0,1.8333333333333333,0.0659612316666666,0.5,1.3333333333333333,2.0,0.1857803283333332,6.5,ST,78,81,40,81,18,50,81,75,58,85,62,68,86,64,68,96,6,21,10,11,35,14,90,85,51,51,39,31,78,61,39,28,12,54,14,94,8,85,92,76,83,83,92,81,50,72,25,56,11,50,61,61,17,74,53,33,64,42,56,86,3,11,10,11,22,14,89,67,51,51,39,31,78,61,39,28,12,54,6,92,8,75,83,64,69,78,89,78,Eredivisie
Telstar,zjawy6qdzk3y69v5pa3zl2cb,4fu2agdclsyxx1boxxibauzo4,G. Alders,Gerald Alders,21,Defender,Netherlands,Defender,42.0,40.0,7.0,82.0,2.0,0.0,2.0,2.0,16.0,15.0,6.0,377.0,7.0,7.0,6.0,0.0,2.0,3.0,3.0,0.0,1.0,0.0,2.0,0.0,1.0,0.0,0.0,79.61,58.33,0.0,50.0,66.67,51.61,28.57,85.71,0.2358804267119255,0.1628806005711393,0.0,4.0,0.1477993899999999,1.0,10.0,15.0,0.52871666,40.0,10.026525198938993,9.549071618037134,1.6710875331564985,19.575596816976127,0.4774535809018567,0.0,0.4774535809018567,0.4774535809018567,3.819628647214854,3.580901856763925,1.4323607427055702,1.6710875331564985,1.6710875331564985,1.4323607427055702,0.0,0.4774535809018567,0.7161803713527851,0.7161803713527851,0.0,0.2387267904509283,0.0,0.4774535809018567,0.0,0.2387267904509283,0.0,0.0,79.61,58.33,0.0,50.0,66.67,51.61,28.57,85.71,0.0563109771991334,0.0388839630010677,0.0,0.9549071618037136,0.035283674005305,0.2387267904509283,2.3872679045092835,3.580901856763925,0.1262188312997347,9.549071618037134,CB,4,19,30,6,7,41,64,63,33,31,59,74,95,78,39,65,54,72,28,71,35,85,37,60,50,51,9,81,37,61,90,22,7,85,49,66,31,44,49,35,32,36,64,15,4,11,34,2,6,41,66,66,30,32,66,87,96,85,39,68,66,81,28,79,35,88,37,62,50,51,9,81,37,61,90,22,7,85,55,70,31,44,62,34,30,43,81,13,Eredivisie
Telstar,zjawy6qdzk3y69v5pa3zl2cb,7298ih73tkvadkl03l1liok8a,A. Soualhia,Abdelnour Soualhia,25,Defender,France,Defender,138.0,80.0,14.0,218.0,23.0,0.0,5.0,5.0,42.0,56.0,12.0,540.0,9.0,10.0,2.0,1.0,2.0,3.0,3.0,0.0,1.0,1.0,1.0,0.0,4.0,0.0,0.0,89.34,53.85,0.0,80.0,33.33,56.76,56.1,33.33,0.5132202191081409,0.3329748161283798,0.0,2.0,0.27430958,0.0,14.0,12.0,0.3319936799999999,133.0,23.0,13.333333333333334,2.333333333333333,36.333333333333336,3.8333333333333335,0.0,0.8333333333333334,0.8333333333333334,7.0,9.333333333333334,2.0,1.5,1.6666666666666667,0.3333333333333333,0.1666666666666666,0.3333333333333333,0.5,0.5,0.0,0.1666666666666666,0.1666666666666666,0.1666666666666666,0.0,0.6666666666666666,0.0,0.0,89.34,53.85,0.0,80.0,33.33,56.76,56.1,33.33,0.0855367031846901,0.0554958026880633,0.0,0.3333333333333333,0.0457182633333333,0.0,2.333333333333333,2.0,0.0553322799999999,22.166666666666668,CB,46,40,60,38,96,41,91,91,100,100,95,90,98,19,88,65,54,72,28,71,82,57,37,93,50,51,60,70,37,81,62,53,53,5,79,87,31,23,79,14,35,31,34,45,23,34,47,23,94,41,91,89,100,96,86,79,94,11,81,63,44,65,28,60,73,44,37,89,50,51,60,70,37,81,62,53,53,5,77,81,31,21,70,14,26,23,26,30,Eredivisie
Telstar,zjawy6qdzk3y69v5pa3zl2cb,98qi4clazqen9kimkxt3jb6j9,M. Peersman,Marvin Peersman,35,Defender,Belgium,Defender,123.0,79.0,11.0,199.0,14.0,0.0,5.0,5.0,43.0,29.0,6.0,527.0,7.0,16.0,5.0,0.0,4.0,6.0,5.0,1.0,4.0,0.0,1.0,3.0,3.0,0.0,0.0,81.22,35.48,50.0,60.0,16.67,65.15,58.33,50.0,0.698237317236516,0.3529268859758057,1.0,6.0,0.1273872999999999,3.0,19.0,26.0,0.9317307699999998,104.0,21.00569259962049,13.49146110056926,1.8785578747628084,33.98481973434535,2.390891840607211,0.0,0.8538899430740039,0.8538899430740039,7.343453510436433,4.952561669829223,1.0246679316888043,1.1954459203036054,2.732447817836812,0.8538899430740039,0.0,0.683111954459203,1.0246679316888043,0.8538899430740039,0.1707779886148007,0.683111954459203,0.0,0.1707779886148007,0.5123339658444023,0.5123339658444023,0.0,0.0,81.22,35.48,50.0,60.0,16.67,65.15,58.33,50.0,0.1192435646134467,0.0602721437150332,0.1707779886148007,1.0246679316888043,0.0217549468690701,0.5123339658444023,3.2447817836812147,4.44022770398482,0.1591191068311195,17.76091081593928,LB/LCB,90,65,82,80,100,50,68,65,100,95,85,57,100,55,35,42,92,95,60,100,48,80,50,72,52,52,40,10,95,80,68,95,75,32,100,45,60,55,45,50,75,85,65,85,85,45,60,65,100,50,60,55,95,95,65,50,95,40,35,35,90,90,45,100,48,75,50,65,52,52,40,10,95,80,68,95,75,32,95,35,50,45,35,40,65,75,55,75,Eredivisie
Telstar,zjawy6qdzk3y69v5pa3zl2cb,9lju80srwcwd1s6ezrjbk33tg,J. Seedorf,Jelani Seedorf,21,Attacker,Netherlands,Striker,11.0,22.0,0.0,33.0,7.0,0.0,10.0,11.0,14.0,4.0,0.0,299.0,16.0,1.0,2.0,0.0,2.0,4.0,3.0,1.0,2.0,0.0,0.0,0.0,1.0,0.0,0.0,73.33,0.0,0.0,10.0,0.0,27.45,26.92,40.0,0.3014983866584796,0.2591487727382499,2.0,0.0,0.0,0.0,3.0,3.0,0.12279619,10.0,3.311036789297659,6.622073578595318,0.0,9.933110367892976,2.1070234113712374,0.0,3.0100334448160533,3.311036789297659,4.214046822742475,1.2040133779264213,0.0,4.816053511705685,0.3010033444816053,0.6020066889632106,0.0,0.6020066889632106,1.2040133779264213,0.903010033444816,0.3010033444816053,0.6020066889632106,0.0,0.0,0.0,0.3010033444816053,0.0,0.0,73.33,0.0,0.0,10.0,0.0,27.45,26.92,40.0,0.0907520227400105,0.0780046473125166,0.6020066889632106,0.0,0.0,0.0,0.903010033444816,0.903010033444816,0.0369620638795986,3.0100334448160533,ST,25,22,12,14,54,50,81,83,42,71,26,42,14,64,28,19,14,21,31,57,11,7,33,28,51,51,47,12,33,17,7,3,17,33,8,44,58,7,7,14,51,38,39,22,22,25,12,28,56,50,86,86,36,81,26,56,17,72,28,14,17,25,39,67,11,7,33,33,51,51,47,12,33,17,7,3,17,33,14,44,61,7,7,14,58,47,39,17,Eredivisie
Telstar,zjawy6qdzk3y69v5pa3zl2cb,cp866ucakmwqiwxrstkaxwgt0,N. Rossen,Nils Rossen,22,Midfielder,Netherlands,Midfielder,99.0,98.0,9.0,196.0,3.0,0.0,6.0,6.0,16.0,7.0,6.0,490.0,2.0,5.0,2.0,0.0,2.0,2.0,0.0,2.0,1.0,0.0,0.0,1.0,4.0,0.0,0.0,91.16,64.29,50.0,66.67,0.0,51.61,50.0,40.0,0.1312758692243194,0.1396028344454417,1.0,12.0,0.28758294,9.0,8.0,9.0,0.2824277500000001,79.0,18.18367346938776,18.0,1.6530612244897958,36.0,0.5510204081632653,0.0,1.1020408163265305,1.1020408163265305,2.9387755102040813,1.2857142857142856,1.1020408163265305,0.3673469387755101,0.9183673469387756,0.3673469387755101,0.0,0.3673469387755101,0.3673469387755101,0.0,0.3673469387755101,0.183673469387755,0.0,0.0,0.183673469387755,0.7346938775510203,0.0,0.0,91.16,64.29,50.0,66.67,0.0,51.61,50.0,40.0,0.0241118943473239,0.0256413369389586,0.183673469387755,2.204081632653061,0.0528213563265306,1.6530612244897958,1.469387755102041,1.6530612244897958,0.0518744846938775,14.510204081632653,DM/CM,85,38,71,62,38,48,65,63,44,48,75,13,69,25,31,19,21,12,54,52,33,12,56,71,50,50,88,77,85,67,12,50,63,23,15,15,31,52,46,79,27,19,27,35,73,31,50,42,35,48,54,54,23,35,62,12,58,27,31,12,19,12,42,42,33,12,50,65,50,50,88,77,85,67,12,50,63,23,8,15,19,50,46,73,15,8,23,31,Eredivisie
Telstar,zjawy6qdzk3y69v5pa3zl2cb,ewbakrn2dqmy062scjnz0pecp,Rui Mendes,Rui Jorge Monteiro Mendes,26,Attacker,Portugal,Striker,19.0,33.0,1.0,52.0,4.0,0.0,8.0,8.0,7.0,1.0,1.0,394.0,22.0,1.0,0.0,0.0,2.0,8.0,7.0,1.0,0.0,1.0,4.0,0.0,2.0,0.0,0.0,69.33,25.0,0.0,25.0,50.0,28.0,57.14,0.0,0.6532139387749305,0.0446702318692296,1.0,3.0,0.10845931,3.0,1.0,6.0,0.26285147,21.0,4.340101522842639,7.538071065989847,0.2284263959390862,11.878172588832486,0.9137055837563453,0.0,1.8274111675126905,1.8274111675126905,1.598984771573604,0.2284263959390862,0.2284263959390862,5.025380710659898,0.2284263959390862,0.0,0.0,0.4568527918781725,1.8274111675126905,1.598984771573604,0.2284263959390862,0.0,0.2284263959390862,0.9137055837563453,0.0,0.4568527918781725,0.0,0.0,69.33,25.0,0.0,25.0,50.0,28.0,57.14,0.0,0.1492113058115323,0.0102038600716514,0.2284263959390862,0.6852791878172588,0.0247749692893401,0.6852791878172588,0.2284263959390862,1.3705583756345177,0.0600422139593908,4.796954314720812,RW,25,9,19,12,84,53,41,41,6,25,41,72,6,12,34,9,25,56,12,12,62,62,9,34,53,53,12,12,9,25,97,6,72,12,31,6,19,12,12,25,16,19,19,12,12,6,19,6,81,53,31,31,6,19,44,62,6,12,34,6,25,50,12,12,50,62,9,25,53,53,12,12,9,25,97,6,72,12,25,6,12,6,12,19,19,12,12,19,Eredivisie
Telstar,zjawy6qdzk3y69v5pa3zl2cb,y1ky8sp8scl05mmfr7byy3md,J. Hardeveld,Jeff Hardeveld,31,Defender,Netherlands,Defender,41.0,64.0,10.0,100.0,2.0,0.0,0.0,0.0,10.0,10.0,4.0,449.0,5.0,5.0,1.0,0.0,2.0,2.0,1.0,1.0,0.0,0.0,0.0,5.0,0.0,0.0,0.0,71.43,37.04,21.74,0.0,0.0,32.26,20.0,33.33,0.2028806058676401,0.2580549766529886,0.0,6.0,0.12688605,5.0,11.0,21.0,0.7612522699999997,47.0,8.21826280623608,12.828507795100222,2.0044543429844097,20.044543429844097,0.4008908685968819,0.0,0.0,0.0,2.0044543429844097,2.0044543429844097,0.8017817371937639,1.0022271714922049,1.0022271714922049,0.2004454342984409,0.0,0.4008908685968819,0.4008908685968819,0.2004454342984409,0.2004454342984409,0.0,0.0,0.0,1.0022271714922049,0.0,0.0,0.0,71.43,37.04,21.74,0.0,0.0,32.26,20.0,33.33,0.0406664911538699,0.0517259418680823,0.0,1.2026726057906458,0.0254337293986636,1.0022271714922049,2.2048997772828507,4.20935412026726,0.152589541870824,9.420935412026726,LB/LCB,15,48,72,30,28,50,5,5,8,35,42,45,65,8,35,25,42,40,60,22,48,32,70,15,52,52,10,20,30,15,32,5,25,8,55,35,20,55,40,65,38,72,55,30,15,35,75,20,30,50,5,5,5,20,40,45,70,10,35,20,35,45,60,22,48,32,70,15,52,52,10,20,30,15,32,5,25,8,50,30,20,60,55,65,30,70,50,30,Eredivisie
Willem II,bk5ltsueqmeng29eovd8m2tml,22alh32lu88yabxd4pl0opg5w,K. Boogaard,Kasper Boogaard,20,Midfielder,Netherlands,Midfielder,42.0,42.0,7.0,84.0,1.0,0.0,2.0,2.0,13.0,3.0,3.0,348.0,4.0,2.0,4.0,0.0,1.0,4.0,2.0,2.0,1.0,0.0,0.0,0.0,1.0,0.0,0.0,77.06,38.89,0.0,50.0,0.0,46.43,25.0,44.44,0.4317010579512416,0.0503676934581464,2.0,4.0,0.08125821,3.0,6.0,9.0,0.1696109499999999,35.0,10.862068965517242,10.862068965517242,1.8103448275862069,21.724137931034484,0.2586206896551724,0.0,0.5172413793103449,0.5172413793103449,3.362068965517241,0.7758620689655172,0.7758620689655172,1.0344827586206895,0.5172413793103449,1.0344827586206895,0.0,0.2586206896551724,1.0344827586206895,0.5172413793103449,0.5172413793103449,0.2586206896551724,0.0,0.0,0.0,0.2586206896551724,0.0,0.0,77.06,38.89,0.0,50.0,0.0,46.43,25.0,44.44,0.1116468253322176,0.0130261276184861,0.5172413793103449,1.0344827586206895,0.0210150543103448,0.7758620689655172,1.5517241379310345,2.327586206896552,0.0438649008620689,9.051724137931034,DM/CM,15,13,54,15,13,48,15,13,21,17,37,37,21,52,31,8,56,60,54,52,33,12,23,23,50,50,12,31,23,40,12,35,17,29,58,8,62,13,8,33,17,19,15,12,15,12,62,15,15,48,23,23,35,15,38,42,27,65,31,8,58,62,54,58,33,12,23,27,50,50,12,31,23,40,12,35,17,29,65,12,69,8,8,35,19,19,15,12,Eredivisie
Willem II,bk5ltsueqmeng29eovd8m2tml,3h7rkufywz6c2aye1l5b0ihp0,D. Haen,Devin Haen,22,Attacker,Netherlands,Striker,24.0,31.0,1.0,55.0,18.0,0.0,3.0,4.0,23.0,8.0,1.0,450.0,19.0,2.0,0.0,0.0,4.0,14.0,11.0,3.0,4.0,3.0,4.0,0.0,2.0,0.0,0.0,61.8,33.33,0.0,66.67,28.57,40.35,46.15,0.0,1.904560705904835,0.3725567701891574,2.0,3.0,0.09358555,1.0,2.0,6.0,0.2163504099999999,16.0,4.8,6.2,0.2,11.0,3.6,0.0,0.6,0.8,4.6,1.6,0.2,3.8,0.4,0.0,0.0,0.8,2.8,2.2,0.6,0.8,0.6,0.8,0.0,0.4,0.0,0.0,61.8,33.33,0.0,66.67,28.57,40.35,46.15,0.0,0.380912141180967,0.0745113540378314,0.4,0.6,0.01871711,0.2,0.4,1.2,0.0432700819999999,3.2,ST,61,54,40,58,86,50,26,36,78,90,62,53,29,10,28,50,79,79,81,93,82,54,33,46,51,51,19,40,33,81,26,36,69,10,83,56,58,43,36,42,36,69,56,57,47,17,33,36,86,50,19,28,58,92,61,28,19,10,28,33,64,67,64,81,78,36,33,39,51,51,19,40,33,81,26,36,69,10,69,42,50,33,33,36,33,61,50,25,Eredivisie
Willem II,bk5ltsueqmeng29eovd8m2tml,5shfqpd5fj05qrp1jlzd08ftg,C. Twigt,Calvin Twigt,23,Midfielder,Netherlands,Midfielder,62.0,88.0,15.0,147.0,2.0,0.0,3.0,5.0,12.0,14.0,7.0,290.0,5.0,5.0,2.0,1.0,5.0,2.0,1.0,1.0,1.0,0.0,0.0,3.0,2.0,0.0,0.0,83.52,55.56,17.65,66.67,0.0,57.14,40.0,66.67,0.1496724614829353,0.4820634076037555,1.0,9.0,0.18229191,1.0,25.0,22.0,0.5707751100000003,77.0,19.241379310344826,27.310344827586206,4.655172413793103,45.62068965517241,0.6206896551724138,0.0,0.9310344827586208,1.5517241379310345,3.724137931034482,4.344827586206897,2.1724137931034484,1.5517241379310345,1.5517241379310345,0.6206896551724138,0.3103448275862069,1.5517241379310345,0.6206896551724138,0.3103448275862069,0.3103448275862069,0.3103448275862069,0.0,0.0,0.9310344827586208,0.6206896551724138,0.0,0.0,83.52,55.56,17.65,66.67,0.0,57.14,40.0,66.67,0.0464500742533247,0.1496058851184068,0.3103448275862069,2.793103448275862,0.0565733513793103,0.3103448275862069,7.758620689655173,6.827586206896552,0.1771371031034483,23.89655172413793,CM,100,100,100,100,100,100,100,100,100,100,100,100,100,100,100,100,100,100,100,100,100,100,100,100,100,100,100,100,100,100,100,100,100,100,100,100,100,100,100,100,100,100,100,100,100,100,100,100,100,100,100,100,100,100,100,100,100,100,100,100,100,100,100,100,100,100,100,100,100,100,100,100,100,100,100,100,100,100,100,100,100,100,100,100,100,100,100,100,Eredivisie
Willem II,bk5ltsueqmeng29eovd8m2tml,6db1q8hud1d8u2q3lxzfixzze,N. Tjoe-A-On,Nathan Tjoe-A-On,24,Defender,Indonesia,Defender,70.0,63.0,12.0,123.0,5.0,0.0,9.0,10.0,21.0,19.0,10.0,424.0,8.0,0.0,8.0,2.0,9.0,6.0,5.0,1.0,2.0,0.0,1.0,10.0,4.0,0.0,0.0,80.92,52.17,38.46,44.44,16.67,60.0,83.33,66.67,0.682708979049085,1.0379498937666018,1.0,5.0,0.14592453,1.0,14.0,14.0,1.4889385000000006,63.0,14.858490566037736,13.37264150943396,2.547169811320755,26.108490566037734,1.0613207547169812,0.0,1.910377358490566,2.1226415094339623,4.4575471698113205,4.033018867924528,2.1226415094339623,1.6981132075471697,0.0,1.6981132075471697,0.4245283018867924,1.910377358490566,1.2735849056603774,1.0613207547169812,0.2122641509433962,0.4245283018867924,0.0,0.2122641509433962,2.1226415094339623,0.8490566037735848,0.0,0.0,80.92,52.17,38.46,44.44,16.67,60.0,83.33,66.67,0.1449146417792869,0.220319552922156,0.2122641509433962,1.0613207547169812,0.0309745464622641,0.2122641509433962,2.971698113207548,2.971698113207548,0.3160482665094341,13.37264150943396,LB/LCB,70,40,95,45,72,50,88,88,75,78,95,70,5,88,85,80,92,95,60,82,48,80,95,88,52,52,35,80,80,60,68,82,100,70,95,80,60,42,60,18,55,50,85,50,50,40,95,30,60,50,95,95,70,80,90,75,5,80,85,95,100,100,70,85,48,90,95,85,52,52,35,80,80,60,68,82,100,70,100,85,75,50,65,15,55,45,95,50,Eredivisie
Willem II,bk5ltsueqmeng29eovd8m2tml,6gabdz53gxhyp8dv6x5the4t1,H. ter Avest,Hidde ter Avest,29,Defender,Netherlands,Defender,40.0,56.0,3.0,95.0,9.0,0.0,2.0,2.0,20.0,15.0,3.0,291.0,2.0,1.0,6.0,1.0,2.0,1.0,0.0,1.0,0.0,0.0,0.0,1.0,1.0,0.0,0.0,76.0,20.0,16.67,50.0,0.0,66.67,69.23,66.67,0.0567003520865163,0.2051377000746611,0.0,2.0,0.06647792,1.0,11.0,13.0,0.3274313899999999,50.0,12.371134020618555,17.31958762886598,0.9278350515463918,29.38144329896907,2.783505154639175,0.0,0.6185567010309279,0.6185567010309279,6.185567010309279,4.639175257731958,0.9278350515463918,0.6185567010309279,0.3092783505154639,1.855670103092784,0.3092783505154639,0.6185567010309279,0.3092783505154639,0.0,0.3092783505154639,0.0,0.0,0.0,0.3092783505154639,0.3092783505154639,0.0,0.0,76.0,20.0,16.67,50.0,0.0,66.67,69.23,66.67,0.0175361913669638,0.0634446495076271,0.0,0.6185567010309279,0.0205601814432989,0.3092783505154639,3.402061855670103,4.020618556701031,0.1012674402061855,15.463917525773196,RB/RCB,15,46,23,31,85,50,46,46,54,54,58,15,15,46,73,19,31,15,58,23,50,31,35,54,54,54,23,15,23,69,31,88,92,62,23,23,35,27,46,27,54,46,31,38,38,62,54,46,92,50,62,62,100,85,69,23,23,69,85,38,38,15,69,23,50,31,46,69,54,54,23,15,23,69,31,88,92,62,23,46,35,54,54,38,85,77,54,54,Eredivisie
Willem II,bk5ltsueqmeng29eovd8m2tml,7s2zxbtepa7dgr8yl0s48afpw,F. Stam,Finn Stam,23,Defender,Netherlands,Defender,124.0,57.0,10.0,181.0,12.0,0.0,3.0,4.0,19.0,36.0,10.0,450.0,1.0,3.0,3.0,0.0,0.0,0.0,0.0,0.0,0.0,0.0,0.0,0.0,1.0,0.0,0.0,80.09,32.26,0.0,33.33,0.0,52.78,57.14,100.0,0.0,0.0,0.0,0.0,0.0,0.0,0.0,0.0,0.0,0.0,24.8,11.4,2.0,36.2,2.4,0.0,0.6,0.8,3.8,7.2,2.0,0.2,0.6,0.6,0.0,0.0,0.0,0.0,0.0,0.0,0.0,0.0,0.0,0.2,0.0,0.0,80.09,32.26,0.0,33.33,0.0,52.78,57.14,100.0,0.0,0.0,0.0,0.0,0.0,0.0,0.0,0.0,0.0,0.0,CB,37,30,46,34,69,41,81,87,47,94,87,17,49,36,39,16,7,14,28,29,35,19,37,60,50,51,11,19,37,50,19,28,62,94,7,16,31,9,9,14,6,6,6,6,26,17,40,21,67,41,77,84,28,85,86,15,49,35,39,16,7,14,28,29,35,19,37,59,50,51,11,19,37,50,19,28,62,94,7,16,31,9,9,14,6,6,6,6,Eredivisie
Willem II,bk5ltsueqmeng29eovd8m2tml,891zjrm0zjc2e3ebjx11p2y38,J. Slory,Jaden Slory,21,Attacker,Netherlands,Striker,25.0,50.0,0.0,69.0,4.0,0.0,10.0,11.0,24.0,6.0,1.0,439.0,9.0,11.0,3.0,0.0,5.0,10.0,5.0,5.0,5.0,0.0,4.0,6.0,2.0,0.0,0.0,82.14,0.0,20.0,20.0,40.0,39.34,26.67,42.86,1.4289052268616196,0.6532933589502643,6.0,10.0,0.29428411,4.0,0.0,9.0,0.73805591,27.0,5.125284738041002,10.250569476082005,0.0,14.145785876993164,0.8200455580865603,0.0,2.0501138952164006,2.2551252847380407,4.920273348519362,1.2300683371298404,0.20501138952164,1.8451025056947608,2.2551252847380407,0.6150341685649202,0.0,1.0250569476082003,2.0501138952164006,1.0250569476082003,1.0250569476082003,1.0250569476082003,0.0,0.8200455580865603,1.2300683371298404,0.4100227790432801,0.0,0.0,82.14,0.0,20.0,20.0,40.0,39.34,26.67,42.86,0.292941846053635,0.1339325792836532,1.2300683371298404,2.0501138952164006,0.0603315943052391,0.8200455580865603,0.0,1.8451025056947608,0.1513098676537585,5.535307517084282,RW,59,44,6,44,84,53,50,53,84,91,41,22,94,56,34,44,53,28,81,91,25,62,78,34,53,53,69,6,56,12,62,19,38,47,100,50,69,31,31,38,6,41,56,31,31,25,6,12,69,53,38,44,56,94,31,19,94,50,34,25,38,19,56,81,25,50,69,19,53,53,69,6,56,12,62,19,38,47,88,44,69,25,25,31,6,25,50,25,Eredivisie
Willem II,bk5ltsueqmeng29eovd8m2tml,c0jg71f4b82c4p36ospswh2c4,U. van Aalst,Uriel van Aalst,20,Midfielder,Netherlands,Midfielder,26.0,38.0,4.0,64.0,1.0,0.0,10.0,11.0,14.0,5.0,5.0,450.0,19.0,2.0,0.0,1.0,3.0,11.0,11.0,0.0,4.0,1.0,2.0,0.0,7.0,0.0,0.0,71.11,57.14,0.0,70.0,18.18,53.85,14.29,0.0,1.366235996130461,0.1775116297710898,1.0,7.0,0.15082833,4.0,4.0,10.0,0.22093633,25.0,5.2,7.6,0.8,12.8,0.2,0.0,2.0,2.2,2.8,1.0,1.0,3.8,0.4,0.0,0.2,0.6,2.2,2.2,0.0,0.8,0.2,0.4,0.0,1.4,0.0,0.0,71.11,57.14,0.0,70.0,18.18,53.85,14.29,0.0,0.2732471992260922,0.0355023259542179,0.2,1.4,0.030165666,0.8,0.8,2.0,0.0441872659999999,5.0,DM/CM,8,8,37,8,13,48,87,90,27,37,62,96,21,4,77,35,92,100,8,92,79,65,23,94,50,50,4,62,23,77,23,58,12,4,96,31,31,38,31,42,8,27,19,4,4,8,38,4,12,48,88,88,15,23,50,88,15,4,81,23,88,100,8,92,81,62,23,96,50,50,4,62,23,77,23,58,12,4,96,19,27,31,23,38,8,15,19,4,Eredivisie
Willem II,bk5ltsueqmeng29eovd8m2tml,c5woigtqvzrfnyn8p47umr310,P. van Loon,Per van Loon,21,Midfielder,Netherlands,Midfielder,25.0,17.0,3.0,42.0,0.0,0.0,5.0,6.0,13.0,10.0,3.0,256.0,1.0,1.0,4.0,0.0,2.0,2.0,1.0,1.0,1.0,0.0,0.0,0.0,4.0,0.0,0.0,85.71,75.0,0.0,80.0,0.0,46.43,0.0,50.0,0.1918712291435875,0.0952941082547677,1.0,3.0,0.07051108,2.0,4.0,3.0,0.07847944,14.0,8.7890625,5.9765625,1.0546875,14.765625,0.0,0.0,1.7578125,2.109375,4.5703125,3.515625,1.0546875,0.3515625,0.3515625,1.40625,0.0,0.703125,0.703125,0.3515625,0.3515625,0.3515625,0.0,0.0,0.0,1.40625,0.0,0.0,85.71,75.0,0.0,80.0,0.0,46.43,0.0,50.0,0.0674547289957924,0.0335018349333167,0.3515625,1.0546875,0.0247890515625,0.703125,1.40625,1.0546875,0.0275904281249999,4.921875,RM/RCM,50,25,25,25,25,62,38,50,25,75,75,25,38,62,38,38,38,38,38,50,38,25,25,50,62,62,75,75,25,88,25,25,25,25,25,25,50,25,25,50,25,25,25,25,50,25,25,25,25,62,50,50,25,100,75,25,25,75,38,50,50,50,50,50,38,25,25,50,62,62,75,75,25,88,25,25,25,25,50,25,50,25,25,50,25,25,25,25,Eredivisie
Willem II,bk5ltsueqmeng29eovd8m2tml,cyn9r9vb8vea1gkyqzwruck4,E. Gürbüz,Eser Gürbüz,19,Attacker,Netherlands,Striker,17.0,27.0,2.0,43.0,0.0,0.0,14.0,14.0,12.0,1.0,2.0,252.0,5.0,5.0,1.0,0.0,4.0,3.0,1.0,2.0,2.0,0.0,0.0,1.0,5.0,0.0,0.0,79.63,50.0,25.0,35.71,0.0,41.38,0.0,50.0,0.1825515361767094,0.4352565282476723,1.0,7.0,0.15421455,2.0,1.0,4.0,0.2188837899999999,14.0,6.071428571428572,9.642857142857144,0.7142857142857143,15.357142857142858,0.0,0.0,5.0,5.0,4.285714285714286,0.3571428571428571,0.7142857142857143,1.7857142857142858,1.7857142857142858,0.3571428571428571,0.0,1.4285714285714286,1.0714285714285714,0.3571428571428571,0.7142857142857143,0.7142857142857143,0.0,0.0,0.3571428571428571,1.7857142857142858,0.0,0.0,79.63,50.0,25.0,35.71,0.0,41.38,0.0,50.0,0.0651969772059676,0.1554487600884544,0.3571428571428571,2.5,0.055076625,0.7142857142857143,0.3571428571428571,1.4285714285714286,0.0781727821428571,5.0,ST,43,39,71,46,6,50,93,93,21,18,79,6,68,36,28,50,6,6,58,57,11,7,74,85,51,51,78,51,78,49,7,39,6,40,3,69,31,75,64,62,22,53,58,44,72,64,83,64,6,50,97,97,40,25,86,6,83,47,28,69,11,3,75,72,11,7,78,89,51,51,78,51,78,49,7,39,6,40,3,78,44,86,72,75,25,72,67,64,Eredivisie
Willem II,bk5ltsueqmeng29eovd8m2tml,ip62fljz9ng6sil4krcq8dm1,J. Hoogma,Justin Hoogma,28,Defender,Netherlands,Defender,65.0,16.0,6.0,81.0,3.0,0.0,0.0,0.0,5.0,11.0,1.0,225.0,0.0,1.0,1.0,0.0,0.0,0.0,0.0,0.0,0.0,0.0,0.0,0.0,0.0,0.0,0.0,81.82,35.29,0.0,0.0,0.0,38.46,42.86,100.0,0.0,0.0,0.0,0.0,0.0,0.0,0.0,0.0,0.0,0.0,26.0,6.4,2.4,32.4,1.2,0.0,0.0,0.0,2.0,4.4,0.4,0.0,0.4,0.4,0.0,0.0,0.0,0.0,0.0,0.0,0.0,0.0,0.0,0.0,0.0,0.0,81.82,35.29,0.0,0.0,0.0,38.46,42.86,100.0,0.0,0.0,0.0,0.0,0.0,0.0,0.0,0.0,0.0,0.0,CB,11,2,22,4,13,41,14,13,2,19,5,5,18,7,39,16,7,14,28,29,35,19,37,23,50,51,21,23,37,23,19,4,23,94,7,16,31,9,9,14,6,6,6,6,32,4,51,15,30,41,14,13,6,53,10,5,30,15,39,16,7,14,28,29,35,19,37,23,50,51,21,23,37,23,19,4,23,94,7,16,31,9,9,14,6,6,6,6,Eredivisie
