Team,contestantId,playerId,Short Name,Player Name,Age,Position_x,Nationality,Position_y,total accurate back zone pass_Total,total accurate cross_Total,total accurate fwd zone pass_Total,total accurate long balls_Total,total accurate pass_Total,total att assist_Total,total contest_Total,total dribbles attempted_Total,total duels won_Total,total effective clearance_Total,total interception_Total,total mins played,total was fouled_Total,total won contest_Total,total won tackle_Total,total aerial won_Total,total assists_Total,total attempt_Total,total attempts ibox_Total,total attempts obox_Total,total blocked scoring att_Total,total goals_Total,total ontarget attempt_Total,total touches in opposition box_Total,total big chances saved_Total,total direct setpiece goals_Total,pass_success_pct_Total,long_balls_success_pct_Total,cross_success_pct_Total,dribble_success_pct_Total,attempt_success_pct_Total,duel_success_pct_Total,aerial_success_pct_Total,tackle_success_pct_Total,xG_Total,xA_Total,CreatedOwnShot_Total,Total Carries_Total,Total Carry xT_Total,Total Final Third Carries_Total,passes_into_final_third_Total,progressive_passes_Total,xT_pass_Total,forward_passes_Total,total accurate back zone pass_p90,total accurate cross_p90,total accurate fwd zone pass_p90,total accurate long balls_p90,total accurate pass_p90,total att assist_p90,total contest_p90,total dribbles attempted_p90,total duels won_p90,total effective clearance_p90,total interception_p90,total was fouled_p90,total won contest_p90,total won tackle_p90,total aerial won_p90,total assists_p90,total attempt_p90,total attempts ibox_p90,total attempts obox_p90,total blocked scoring att_p90,total goals_p90,total ontarget attempt_p90,total touches in opposition box_p90,total big chances saved_p90,total direct setpiece goals_p90,pass_success_pct_p90,long_balls_success_pct_p90,cross_success_pct_p90,dribble_success_pct_p90,attempt_success_pct_p90,duel_success_pct_p90,aerial_success_pct_p90,tackle_success_pct_p90,xG_p90,xA_p90,CreatedOwnShot_p90,Total Carries_p90,Total Carry xT_p90,Total Final Third Carries_p90,passes_into_final_third_p90,progressive_passes_p90,xT_pass_p90,forward_passes_p90,Pos.,total accurate back zone pass_TotalPR,total accurate cross_TotalPR,total accurate fwd zone pass_TotalPR,total accurate long balls_TotalPR,total accurate pass_TotalPR,total att assist_TotalPR,total contest_TotalPR,total dribbles attempted_TotalPR,total duels won_TotalPR,total effective clearance_TotalPR,total interception_TotalPR,total was fouled_TotalPR,total won contest_TotalPR,total won tackle_TotalPR,total aerial won_TotalPR,total assists_TotalPR,total attempt_TotalPR,total attempts ibox_TotalPR,total attempts obox_TotalPR,total blocked scoring att_TotalPR,total goals_TotalPR,total ontarget attempt_TotalPR,total touches in opposition box_TotalPR,total big chances saved_TotalPR,total direct setpiece goals_TotalPR,pass_success_pct_TotalPR,long_balls_success_pct_TotalPR,cross_success_pct_TotalPR,dribble_success_pct_TotalPR,attempt_success_pct_TotalPR,duel_success_pct_TotalPR,aerial_success_pct_TotalPR,tackle_success_pct_TotalPR,xG_TotalPR,xA_TotalPR,CreatedOwnShot_TotalPR,Total Carries_TotalPR,Total Carry xT_TotalPR,Total Final Third Carries_TotalPR,passes_into_final_third_TotalPR,progressive_passes_TotalPR,xT_pass_TotalPR,forward_passes_TotalPR,total accurate back zone pass_p90PR,total accurate cross_p90PR,total accurate fwd zone pass_p90PR,total accurate long balls_p90PR,total accurate pass_p90PR,total att assist_p90PR,total contest_p90PR,total dribbles attempted_p90PR,total duels won_p90PR,total effective clearance_p90PR,total interception_p90PR,total was fouled_p90PR,total won contest_p90PR,total won tackle_p90PR,total aerial won_p90PR,total assists_p90PR,total attempt_p90PR,total attempts ibox_p90PR,total attempts obox_p90PR,total blocked scoring att_p90PR,total goals_p90PR,total ontarget attempt_p90PR,total touches in opposition box_p90PR,total big chances saved_p90PR,total direct setpiece goals_p90PR,pass_success_pct_p90PR,long_balls_success_pct_p90PR,cross_success_pct_p90PR,dribble_success_pct_p90PR,attempt_success_pct_p90PR,duel_success_pct_p90PR,aerial_success_pct_p90PR,tackle_success_pct_p90PR,xG_p90PR,xA_p90PR,CreatedOwnShot_p90PR,Total Carries_p90PR,Total Carry xT_p90PR,Total Final Third Carries_p90PR,passes_into_final_third_p90PR,progressive_passes_p90PR,xT_pass_p90PR,forward_passes_p90PR,League
Milan,9dntj5dioj5ex52yrgwzxrq9l,2nddcty9qris2mmeldon0ogd1,A. Rabiot,Adrien Rabiot,31,Midfielder,France,Midfielder,40.0,1.0,74.0,1.0,113.0,3.0,1.0,1.0,8.0,5.0,0.0,216.0,4.0,0.0,2.0,2.0,2.0,3.0,1.0,2.0,1.0,1.0,1.0,6.0,0.0,0.0,84.96,16.67,33.33,0.0,33.33,38.1,40.0,100.0,0.267908698557681,0.2559882737610773,0.0,5.0,0.12343491,4.0,6.0,4.0,0.1849809999999999,56.0,16.666666666666668,0.4166666666666667,30.833333333333336,0.4166666666666667,47.083333333333336,1.25,0.4166666666666667,0.4166666666666667,3.333333333333333,2.083333333333333,0.0,1.6666666666666667,0.0,0.8333333333333334,0.8333333333333334,0.8333333333333334,1.25,0.4166666666666667,0.8333333333333334,0.4166666666666667,0.4166666666666667,0.4166666666666667,2.5,0.0,0.0,84.96,16.67,33.33,0.0,33.33,38.1,40.0,100.0,0.1116286243990337,0.1066617807337822,0.0,2.083333333333333,0.0514312125,1.6666666666666667,2.5,1.6666666666666667,0.0770754166666666,23.333333333333336,CM/AM,39,44,56,17,42,47,8,8,19,86,14,58,11,50,64,100,33,25,44,47,72,39,39,53,53,28,11,72,11,58,17,50,89,33,56,22,36,33,69,25,11,33,50,61,56,67,28,72,53,11,11,28,83,14,78,11,56,72,100,39,28,61,50,78,44,56,53,53,28,11,72,11,58,17,50,89,44,67,22,56,50,78,33,17,44,78,Serie A
Milan,9dntj5dioj5ex52yrgwzxrq9l,3bm08rp9rgzh6cjhk0picxs6h,S. Chukwueze,Samuel Chukwueze,27,Attacker,Nigeria,Striker,68.0,6.0,59.0,8.0,121.0,10.0,9.0,9.0,14.0,2.0,4.0,299.0,1.0,6.0,3.0,3.0,2.0,6.0,4.0,2.0,1.0,0.0,3.0,15.0,0.0,0.0,80.67,53.33,31.58,66.67,50.0,70.0,75.0,75.0,0.5691035241884604,1.0408933454047449,3.0,20.0,0.6254020099999997,5.0,7.0,13.0,0.93136051,46.0,20.468227424749163,1.806020066889632,17.759197324414714,2.4080267558528425,36.42140468227424,3.0100334448160533,2.709030100334448,2.709030100334448,4.214046822742475,0.6020066889632106,1.2040133779264213,0.3010033444816053,1.806020066889632,0.903010033444816,0.903010033444816,0.6020066889632106,1.806020066889632,1.2040133779264213,0.6020066889632106,0.3010033444816053,0.0,0.903010033444816,4.51505016722408,0.0,0.0,80.67,53.33,31.58,66.67,50.0,70.0,75.0,75.0,0.1713020641369947,0.313312378215475,0.903010033444816,6.020066889632107,0.1882480966555183,1.5050167224080266,2.1070234113712374,3.913043478260869,0.2803426284280936,13.846153846153843,RW,100,75,50,94,100,100,50,50,62,69,100,31,88,75,75,100,56,75,44,56,38,56,75,56,56,50,38,62,88,62,100,100,75,75,100,56,88,88,75,69,69,100,75,100,75,50,88,100,100,50,50,62,62,100,25,75,75,75,100,50,62,38,25,38,50,75,56,56,50,38,62,88,62,100,100,75,62,100,50,88,88,75,62,62,88,75,Serie A
Milan,9dntj5dioj5ex52yrgwzxrq9l,498kxii7w64hmki575xdur28k,A. Cisse,Alphadjo Cisse,19,Midfielder,Italy,Midfielder,37.0,1.0,40.0,2.0,76.0,2.0,9.0,9.0,12.0,0.0,0.0,231.0,8.0,1.0,2.0,1.0,0.0,7.0,6.0,1.0,1.0,2.0,2.0,13.0,0.0,0.0,82.61,50.0,11.11,11.11,28.57,38.71,33.33,100.0,0.5344052740866166,0.2047837313676476,2.0,1.0,0.02953272,2.0,3.0,4.0,0.25833832,29.0,14.415584415584414,0.3896103896103896,15.584415584415584,0.7792207792207791,29.610389610389607,0.7792207792207791,3.506493506493506,3.506493506493506,4.675324675324675,0.0,0.0,3.1168831168831166,0.3896103896103896,0.7792207792207791,0.3896103896103896,0.0,2.727272727272727,2.3376623376623376,0.3896103896103896,0.3896103896103896,0.7792207792207791,0.7792207792207791,5.064935064935065,0.0,0.0,82.61,50.0,11.11,11.11,28.57,38.71,33.33,100.0,0.2082098470467337,0.0797858693640185,0.7792207792207791,0.3896103896103896,0.0115062545454545,0.7792207792207791,1.1688311688311688,1.5584415584415583,0.1006512935064935,11.298701298701298,LM/LCM,57,43,29,36,36,36,64,57,14,14,21,86,36,21,57,36,86,93,43,57,100,86,86,57,57,57,57,29,29,86,14,71,93,86,29,64,14,14,21,21,29,29,29,57,57,43,29,57,43,100,86,43,14,21,100,29,29,71,36,86,100,43,71,100,86,100,57,57,57,57,29,29,86,14,71,93,71,29,71,14,14,29,29,29,29,43,Serie A
Milan,9dntj5dioj5ex52yrgwzxrq9l,5gond4ss348863bc1768s4q,Mario Gila,Mario Gila,26,Defender,Spain,Defender,163.0,1.0,81.0,23.0,243.0,4.0,2.0,2.0,14.0,10.0,2.0,341.0,3.0,0.0,4.0,6.0,0.0,1.0,1.0,0.0,0.0,0.0,1.0,1.0,0.0,0.0,91.7,65.71,50.0,0.0,100.0,48.28,54.55,80.0,0.1921131235829304,0.3243266659611561,0.0,7.0,0.1499013099999999,6.0,24.0,18.0,0.6070577699999998,153.0,43.02052785923754,0.2639296187683284,21.378299120234605,6.070381231671554,64.13489736070382,1.0557184750733135,0.5278592375366569,0.5278592375366569,3.6950146627566,2.6392961876832843,0.5278592375366569,0.7917888563049854,0.0,1.0557184750733135,1.5835777126099708,0.0,0.2639296187683284,0.2639296187683284,0.0,0.0,0.0,0.2639296187683284,0.2639296187683284,0.0,0.0,91.7,65.71,50.0,0.0,100.0,48.28,54.55,80.0,0.0507043434676355,0.0855994133035309,0.0,1.8475073313783,0.0395633956011729,1.5835777126099708,6.334310850439883,4.750733137829912,0.1602205258064515,40.381231671554254,CB,86,81,79,100,92,85,76,75,40,25,22,71,29,49,60,38,31,33,46,43,43,69,15,47,51,61,81,85,29,93,25,38,74,50,83,44,82,81,99,89,79,86,89,83,75,72,100,81,81,75,75,33,22,22,64,29,36,53,38,22,28,46,43,43,61,8,47,51,61,81,85,29,93,25,38,74,44,86,44,81,81,94,86,81,81,81,Serie A
Milan,9dntj5dioj5ex52yrgwzxrq9l,7wjdqyl3bkhsfca5cu4riwley,S. Pavlović,Strahinja Pavlovic,25,Defender,Serbia,Defender,183.0,0.0,64.0,4.0,247.0,0.0,6.0,6.0,29.0,18.0,1.0,360.0,5.0,3.0,10.0,9.0,0.0,3.0,3.0,0.0,0.0,0.0,1.0,7.0,1.0,0.0,92.16,30.77,0.0,50.0,33.33,72.5,75.0,83.33,0.3339484060771808,0.0,0.0,2.0,0.04336653,3.0,6.0,13.0,0.30142758,133.0,45.75,0.0,16.0,1.0,61.75,0.0,1.5,1.5,7.25,4.5,0.25,1.25,0.75,2.5,2.25,0.0,0.75,0.75,0.0,0.0,0.0,0.25,1.75,0.25,0.0,92.16,30.77,0.0,50.0,33.33,72.5,75.0,83.33,0.0834871015192952,0.0,0.0,0.5,0.0108416325,0.75,1.5,3.25,0.075356895,33.25,LB/LCB,95,17,74,38,95,10,95,86,100,93,17,86,93,100,95,36,57,83,21,38,43,57,74,95,52,95,24,17,55,67,100,95,81,71,12,21,31,29,69,33,67,33,95,95,17,52,29,95,10,95,86,100,81,5,86,88,100,95,36,48,76,21,38,43,45,64,90,52,95,24,17,55,67,100,95,81,62,12,21,24,24,50,29,48,24,95,Serie A
Milan,9dntj5dioj5ex52yrgwzxrq9l,87g6qlasqe627i5g7ir30j2sp,P. Estupiñán,Pervis Estupiñán,28,Defender,Ecuador,Defender,62.0,2.0,40.0,2.0,100.0,2.0,1.0,1.0,6.0,10.0,4.0,204.0,0.0,1.0,1.0,3.0,0.0,3.0,1.0,2.0,3.0,0.0,0.0,2.0,0.0,0.0,91.74,100.0,40.0,100.0,0.0,46.15,60.0,50.0,0.2206436253897322,0.215114776972475,2.0,3.0,0.06657017,4.0,3.0,8.0,0.3320438899999999,44.0,27.35294117647059,0.8823529411764706,17.647058823529413,0.8823529411764706,44.11764705882353,0.8823529411764706,0.4411764705882353,0.4411764705882353,2.647058823529412,4.411764705882353,1.7647058823529411,0.0,0.4411764705882353,0.4411764705882353,1.3235294117647058,0.0,1.3235294117647058,0.4411764705882353,0.8823529411764706,1.3235294117647058,0.0,0.0,0.8823529411764706,0.0,0.0,91.74,100.0,40.0,100.0,0.0,46.15,60.0,50.0,0.0973427759072348,0.0949035780760919,0.8823529411764706,1.3235294117647058,0.0293691926470588,1.7647058823529411,1.3235294117647058,3.5294117647058822,0.1464899514705882,19.411764705882355,LB/LCB,57,67,24,17,48,38,31,31,21,57,69,14,57,7,57,36,57,43,71,100,43,21,29,45,52,90,100,79,95,21,33,86,33,52,43,79,50,48,88,14,29,38,33,76,81,62,24,57,48,43,43,29,71,95,14,67,10,71,36,76,48,86,100,43,21,33,45,52,90,100,79,95,21,33,86,33,71,57,90,57,57,95,24,60,62,52,Serie A
Milan,9dntj5dioj5ex52yrgwzxrq9l,95r0jtkw03vjohzwc8os8ielm,K. De Winter,Koni De Winter,24,Defender,Belgium,Defender,166.0,0.0,48.0,3.0,214.0,0.0,1.0,1.0,19.0,22.0,5.0,360.0,1.0,1.0,7.0,9.0,0.0,3.0,3.0,0.0,1.0,0.0,0.0,6.0,0.0,0.0,95.96,50.0,0.0,100.0,0.0,61.29,81.82,87.5,0.4218451349473022,0.0,0.0,0.0,0.0,0.0,4.0,4.0,0.15184129,129.0,41.5,0.0,12.0,0.75,53.5,0.0,0.25,0.25,4.75,5.5,1.25,0.25,0.25,1.75,2.25,0.0,0.75,0.75,0.0,0.25,0.0,0.0,1.5,0.0,0.0,95.96,50.0,0.0,100.0,0.0,61.29,81.82,87.5,0.1054612837368255,0.0,0.0,0.0,0.0,0.0,1.0,1.0,0.0379603225,32.25,CB,89,38,43,21,75,8,56,54,81,90,69,28,72,99,79,38,81,85,46,92,43,28,72,47,51,97,44,38,88,28,75,94,86,83,11,44,14,14,18,26,15,19,75,78,38,33,12,67,8,47,44,61,69,61,18,61,92,72,38,76,79,46,89,43,28,67,47,51,97,44,38,88,28,75,94,86,78,11,44,14,14,18,18,7,6,64,Serie A
Milan,9dntj5dioj5ex52yrgwzxrq9l,9v4l7ic3ve6d22c0gs9p1oe3u,Gonçalo Ramos,Gonçalo Matias Ramos,25,Attacker,Portugal,Striker,29.0,0.0,36.0,2.0,65.0,2.0,6.0,7.0,24.0,4.0,1.0,355.0,5.0,1.0,2.0,12.0,0.0,14.0,12.0,2.0,3.0,1.0,4.0,20.0,0.0,0.0,73.86,100.0,0.0,16.67,28.57,46.15,52.17,33.33,1.540858678017608,0.1719517540562921,0.0,3.0,0.0609883799999999,0.0,3.0,2.0,0.11624777,22.0,7.352112676056338,0.0,9.126760563380282,0.5070422535211268,16.47887323943662,0.5070422535211268,1.5211267605633805,1.7746478873239435,6.084507042253521,1.0140845070422535,0.2535211267605634,1.2676056338028168,0.2535211267605634,0.5070422535211268,3.0422535211267605,0.0,3.549295774647887,3.0422535211267605,0.5070422535211268,0.7605633802816901,0.2535211267605634,1.0140845070422535,5.070422535211267,0.0,0.0,73.86,100.0,0.0,16.67,28.57,46.15,52.17,33.33,0.3906402282298161,0.0435934024368064,0.0,0.7605633802816901,0.0154618428169013,0.0,0.7605633802816901,0.5070422535211268,0.0294712656338028,5.577464788732394,ST,96,36,75,70,89,34,50,57,96,96,71,48,32,82,100,39,91,93,75,77,50,75,71,48,52,50,86,36,30,29,75,89,38,93,39,7,57,39,18,62,36,43,84,86,36,57,64,75,29,46,46,89,89,54,29,21,71,96,39,79,86,68,68,36,54,54,48,52,50,86,36,30,29,75,89,38,86,32,7,43,25,18,50,32,39,71,Serie A
Milan,9dntj5dioj5ex52yrgwzxrq9l,b2e12l3s3dxgyr8d2rk5qb9ey,Y. Musah,Yunus Musah,23,Midfielder,USA,Midfielder,70.0,1.0,76.0,4.0,145.0,1.0,7.0,7.0,14.0,3.0,3.0,315.0,6.0,4.0,2.0,1.0,0.0,1.0,1.0,0.0,0.0,0.0,0.0,3.0,0.0,0.0,90.62,66.67,100.0,57.14,0.0,66.67,33.33,66.67,0.1589139285667981,0.0638833093702107,0.0,9.0,0.20183212,2.0,10.0,9.0,0.16889863,59.0,20.0,0.2857142857142857,21.714285714285715,1.1428571428571428,41.42857142857143,0.2857142857142857,2.0,2.0,4.0,0.8571428571428571,0.8571428571428571,1.7142857142857142,1.1428571428571428,0.5714285714285714,0.2857142857142857,0.0,0.2857142857142857,0.2857142857142857,0.0,0.0,0.0,0.0,0.8571428571428571,0.0,0.0,90.62,66.67,100.0,57.14,0.0,66.67,33.33,66.67,0.0454039795905137,0.0182523741057744,0.0,2.571428571428572,0.05766632,0.5714285714285714,2.857142857142857,2.571428571428572,0.0482567514285714,16.857142857142858,CM/AM,89,44,67,53,72,11,72,69,67,64,78,92,86,50,42,31,17,25,19,19,31,17,25,53,53,83,64,100,72,17,100,42,58,28,11,22,64,56,31,50,42,17,56,78,33,56,44,61,6,81,81,72,67,72,83,83,44,44,31,11,17,19,19,31,17,22,53,53,83,64,100,72,17,100,42,58,28,6,22,67,56,33,50,44,17,39,Serie A
Milan,9dntj5dioj5ex52yrgwzxrq9l,diod1hv5hv7v7z7mfleev1txx,L. Modrić,Luka Modric,41,Midfielder,Croatia,Midfielder,98.0,4.0,82.0,12.0,176.0,4.0,3.0,3.0,6.0,2.0,4.0,235.0,3.0,1.0,1.0,0.0,0.0,0.0,0.0,0.0,0.0,0.0,0.0,0.0,0.0,0.0,90.72,70.59,40.0,33.33,0.0,60.0,0.0,50.0,0.0,0.5901125740754611,0.0,2.0,0.04797389,1.0,20.0,16.0,0.6094616799999999,105.0,37.53191489361702,1.5319148936170213,31.40425531914893,4.595744680851063,67.40425531914893,1.5319148936170213,1.1489361702127658,1.1489361702127658,2.297872340425532,0.7659574468085106,1.5319148936170213,1.1489361702127658,0.3829787234042553,0.3829787234042553,0.0,0.0,0.0,0.0,0.0,0.0,0.0,0.0,0.0,0.0,0.0,90.72,70.59,40.0,33.33,0.0,60.0,0.0,50.0,0.0,0.2260005602842191,0.0,0.7659574468085106,0.0183729791489361,0.3829787234042553,7.659574468085106,6.127659574468085,0.2334108561702127,40.212765957446805,DM/CM,77,96,54,88,62,67,58,56,8,23,60,54,44,12,19,31,8,27,13,23,44,27,12,52,52,62,65,77,33,27,92,29,35,8,96,19,27,27,23,73,62,88,63,92,96,65,100,81,77,62,62,19,19,73,73,54,15,19,31,8,27,13,23,44,27,12,52,52,62,65,77,33,27,92,29,35,8,96,19,31,27,27,77,69,92,77,Serie A
Monza,67z1gqyiuzpmmb15q5fy7ntc4,3o7gvykqi9ldgjrzxl14dqas4,E. Akinsanmiro,Ebenezer Akinsanmiro,21,Midfielder,Nigeria,Midfielder,42.0,1.0,92.0,5.0,133.0,3.0,1.0,1.0,9.0,2.0,3.0,210.0,3.0,1.0,1.0,2.0,1.0,0.0,0.0,0.0,0.0,0.0,0.0,3.0,0.0,0.0,93.01,71.43,100.0,100.0,0.0,37.5,0.0,33.33,0.0,0.3447489501675125,0.0,11.0,0.27467037,8.0,18.0,15.0,0.5608906300000001,82.0,18.0,0.4285714285714285,39.42857142857142,2.142857142857143,56.99999999999999,1.2857142857142856,0.4285714285714285,0.4285714285714285,3.8571428571428568,0.8571428571428571,1.2857142857142856,1.2857142857142856,0.4285714285714285,0.4285714285714285,0.8571428571428571,0.4285714285714285,0.0,0.0,0.0,0.0,0.0,0.0,1.2857142857142856,0.0,0.0,93.01,71.43,100.0,100.0,0.0,37.5,0.0,33.33,0.0,0.147749550071791,0.0,4.714285714285714,0.1177158728571428,3.4285714285714284,7.7142857142857135,6.428571428571428,0.2403816985714285,35.14285714285714,DM/CM,15,63,62,42,35,50,27,27,21,23,42,54,44,12,69,79,8,27,13,23,44,27,44,52,52,81,69,98,94,27,4,29,13,8,65,19,81,85,88,62,58,77,50,27,69,77,62,69,65,35,35,35,38,58,77,62,19,77,96,8,27,13,23,44,27,58,52,52,81,69,98,94,27,4,29,13,8,85,19,92,96,92,81,77,96,69,Serie A
Monza,67z1gqyiuzpmmb15q5fy7ntc4,4ax49niuix9tiqdv05y3vbdn9,Ricardo Mangas,Ricardo Luís Chaby Mangas,28,Defender,Portugal,Defender,24.0,4.0,46.0,7.0,66.0,7.0,6.0,6.0,14.0,6.0,4.0,315.0,6.0,0.0,3.0,4.0,2.0,2.0,2.0,0.0,0.0,1.0,2.0,6.0,0.0,0.0,74.16,77.78,28.57,0.0,100.0,45.16,57.14,75.0,0.3933585143603918,0.7112160515711716,0.0,8.0,0.15919009,3.0,7.0,7.0,0.7607293899999997,37.0,6.857142857142857,1.1428571428571428,13.142857142857142,2.0,18.857142857142858,2.0,1.7142857142857142,1.7142857142857142,4.0,1.7142857142857142,1.1428571428571428,1.7142857142857142,0.0,0.8571428571428571,1.1428571428571428,0.5714285714285714,0.5714285714285714,0.5714285714285714,0.0,0.0,0.2857142857142857,0.5714285714285714,1.7142857142857142,0.0,0.0,74.16,77.78,28.57,0.0,100.0,45.16,57.14,75.0,0.1123881469601119,0.2032045861631919,0.0,2.2857142857142856,0.0454828828571428,0.8571428571428571,2.0,2.0,0.2173512542857142,10.571428571428571,CB,6,97,39,58,8,97,97,97,40,15,60,100,29,26,38,100,62,64,46,43,92,92,72,47,51,3,94,81,29,93,14,50,68,81,97,44,89,83,76,51,42,89,14,3,97,42,62,6,97,97,97,40,15,58,100,29,25,36,100,67,69,46,43,97,94,72,47,51,3,94,81,29,93,14,50,68,81,97,44,86,83,78,44,42,92,6,Serie A
Monza,67z1gqyiuzpmmb15q5fy7ntc4,721e4tx2wrwb4kd9w80fcq19l,S. Birindelli,Samuele Birindelli,27,Defender,Italy,Defender,34.0,3.0,56.0,3.0,87.0,6.0,3.0,3.0,9.0,6.0,2.0,354.0,4.0,0.0,2.0,1.0,1.0,4.0,3.0,1.0,0.0,0.0,3.0,9.0,0.0,0.0,82.86,33.33,21.43,0.0,75.0,40.91,16.67,50.0,0.304573105434724,0.630491781441855,2.0,6.0,0.13505983,4.0,14.0,13.0,0.92111045,46.0,8.64406779661017,0.7627118644067797,14.23728813559322,0.7627118644067797,22.118644067796613,1.5254237288135597,0.7627118644067797,0.7627118644067797,2.288135593220339,1.5254237288135597,0.5084745762711864,1.0169491525423728,0.0,0.5084745762711864,0.2542372881355932,0.2542372881355932,1.0169491525423728,0.7627118644067797,0.2542372881355932,0.0,0.0,0.7627118644067797,2.288135593220339,0.0,0.0,82.86,33.33,21.43,0.0,75.0,40.91,16.67,50.0,0.0774338403647603,0.1602945207055563,0.5084745762711864,1.5254237288135597,0.0343372449152542,1.0169491525423728,3.5593220338983054,3.305084745762712,0.2341806228813559,11.694915254237287,CB,8,94,51,21,14,94,89,88,10,15,22,93,29,15,4,86,93,85,94,43,43,100,93,47,51,14,17,75,29,83,8,3,25,72,94,99,76,78,86,67,67,94,17,6,92,47,17,8,94,86,83,6,8,19,75,29,11,3,81,94,83,92,43,43,100,89,47,51,14,17,75,29,83,8,3,25,72,94,100,72,78,81,67,58,94,8,Serie A
Monza,67z1gqyiuzpmmb15q5fy7ntc4,8ofihttdgz6nyxxon2zim7x0p,M. Folorunsho,Michael Folorunsho,28,Midfielder,Italy,Midfielder,44.0,2.0,72.0,2.0,114.0,4.0,2.0,3.0,15.0,2.0,3.0,216.0,7.0,1.0,3.0,3.0,0.0,6.0,4.0,2.0,3.0,0.0,0.0,7.0,0.0,0.0,81.43,18.18,40.0,50.0,0.0,50.0,33.33,75.0,0.505796867678822,0.279659614584158,2.0,4.0,0.08006879,4.0,15.0,19.0,0.5448468099999999,63.0,18.333333333333336,0.8333333333333334,30.0,0.8333333333333334,47.5,1.6666666666666667,0.8333333333333334,1.25,6.25,0.8333333333333334,1.25,2.916666666666667,0.4166666666666667,1.25,1.25,0.0,2.5,1.6666666666666667,0.8333333333333334,1.25,0.0,0.0,2.916666666666667,0.0,0.0,81.43,18.18,40.0,50.0,0.0,50.0,33.33,75.0,0.2107486948661758,0.1165248394100658,0.8333333333333334,1.6666666666666667,0.0333619958333333,1.6666666666666667,6.25,7.916666666666667,0.2270195041666666,26.25,LM/LCM,71,71,57,36,71,57,21,29,64,43,64,50,36,50,100,36,71,71,71,93,50,43,71,57,57,29,14,86,86,43,43,71,64,71,57,64,43,43,57,86,86,57,71,86,71,100,43,100,86,29,29,100,57,86,86,43,71,100,36,71,86,86,100,50,43,71,57,57,29,14,86,86,43,43,71,64,86,57,86,43,43,100,100,100,100,100,Serie A
Monza,67z1gqyiuzpmmb15q5fy7ntc4,8smzjuaqx9238kylng11dgphw,Gustavo Varela,Gustavo Miguel Pereira Sousa Varela,21,Attacker,Portugal,Striker,12.0,0.0,17.0,0.0,29.0,3.0,7.0,9.0,5.0,3.0,0.0,248.0,0.0,1.0,0.0,4.0,0.0,8.0,6.0,2.0,1.0,2.0,3.0,14.0,0.0,0.0,78.38,0.0,0.0,14.29,37.5,20.83,36.36,0.0,0.8907931444506239,0.2394481569633987,1.0,0.0,0.0,0.0,4.0,4.0,0.16013882,10.0,4.354838709677419,0.0,6.169354838709677,0.0,10.524193548387096,1.0887096774193548,2.540322580645161,3.2661290322580645,1.814516129032258,1.0887096774193548,0.0,0.0,0.3629032258064516,0.0,1.4516129032258065,0.0,2.903225806451613,2.177419354838709,0.7258064516129032,0.3629032258064516,0.7258064516129032,1.0887096774193548,5.080645161290323,0.0,0.0,78.38,0.0,0.0,14.29,37.5,20.83,36.36,0.0,0.3232717056474038,0.0868965085754269,0.3629032258064516,0.0,0.0,0.0,1.4516129032258065,1.4516129032258065,0.0581148943548387,3.629032258064516,ST,41,36,18,23,18,46,61,68,5,84,27,5,32,18,57,39,61,48,75,38,80,48,50,48,52,64,23,36,23,45,4,61,18,46,46,30,5,5,18,80,73,61,30,50,36,25,23,32,50,64,75,4,93,27,5,36,18,64,39,71,64,82,39,89,64,57,48,52,64,23,36,23,45,4,61,18,71,54,39,5,5,18,86,79,64,36,Serie A
Monza,67z1gqyiuzpmmb15q5fy7ntc4,chjjcy789cuwlsik2ibmubtyi,A. Carboni,Andrea Carboni,25,Defender,Italy,Defender,96.0,1.0,94.0,16.0,189.0,2.0,0.0,0.0,20.0,8.0,5.0,351.0,1.0,0.0,2.0,15.0,0.0,4.0,4.0,0.0,0.0,0.0,2.0,7.0,0.0,0.0,83.26,61.54,20.0,0.0,50.0,55.56,57.69,50.0,0.5439413550195447,0.2787047758694735,0.0,3.0,0.07289925,6.0,20.0,29.0,0.5914507000000001,109.0,24.615384615384617,0.2564102564102564,24.102564102564106,4.102564102564103,48.46153846153846,0.5128205128205129,0.0,0.0,5.128205128205129,2.0512820512820515,1.2820512820512822,0.2564102564102564,0.0,0.5128205128205129,3.8461538461538463,0.0,1.0256410256410258,1.0256410256410258,0.0,0.0,0.0,0.5128205128205129,1.794871794871795,0.0,0.0,83.26,61.54,20.0,0.0,50.0,55.56,57.69,50.0,0.1394721423127037,0.0714627630434547,0.0,0.7692307692307693,0.0186921153846153,1.5384615384615383,5.128205128205129,7.435897435897436,0.1516540256410256,27.94871794871795,LB/LCB,76,43,90,95,86,38,10,10,95,45,90,40,24,29,100,36,74,98,21,38,43,83,74,45,52,33,81,48,24,79,48,81,33,95,48,21,50,52,98,100,100,86,86,71,38,81,95,71,33,10,10,86,33,67,29,24,14,100,36,67,90,21,38,43,81,71,45,52,33,81,48,24,79,48,81,33,86,43,21,43,48,90,81,95,71,81,Serie A
Monza,67z1gqyiuzpmmb15q5fy7ntc4,dnoda2j8vhyppw1gt0s6x2044,E. Kouadio,Eddy Kouadio,20,Defender,Italy,Defender,92.0,0.0,48.0,5.0,140.0,2.0,0.0,1.0,14.0,13.0,13.0,351.0,0.0,0.0,5.0,4.0,0.0,1.0,1.0,0.0,0.0,0.0,1.0,3.0,0.0,0.0,83.83,21.74,0.0,0.0,100.0,58.33,57.14,50.0,0.1647384123867811,0.2479876878103366,0.0,2.0,0.08312942,1.0,6.0,7.0,0.3615317799999997,79.0,23.58974358974359,0.0,12.307692307692308,1.2820512820512822,35.8974358974359,0.5128205128205129,0.0,0.2564102564102564,3.58974358974359,3.333333333333333,3.333333333333333,0.0,0.0,1.2820512820512822,1.0256410256410258,0.0,0.2564102564102564,0.2564102564102564,0.0,0.0,0.0,0.2564102564102564,0.7692307692307693,0.0,0.0,83.83,21.74,0.0,0.0,100.0,58.33,57.14,50.0,0.0422406185607131,0.063586586618035,0.0,0.5128205128205129,0.0213152358974358,0.2564102564102564,1.5384615384615383,1.794871794871795,0.0927004564102563,20.25641025641025,CB,42,38,43,43,44,64,22,54,40,42,97,7,29,76,38,38,31,33,46,43,43,69,46,47,51,17,8,38,29,93,56,50,25,47,78,44,50,67,47,43,42,64,47,28,38,36,28,25,58,22,53,28,36,94,7,29,54,25,38,19,25,46,43,43,58,44,47,51,17,8,38,29,93,56,50,25,31,69,44,44,64,39,36,31,53,33,Serie A
Monza,67z1gqyiuzpmmb15q5fy7ntc4,duqiler25n63ksi0fxreo50mi,A. Colpani,Andrea Colpani,27,Midfielder,Italy,Midfielder,18.0,5.0,36.0,1.0,49.0,6.0,5.0,5.0,6.0,2.0,2.0,254.0,2.0,2.0,0.0,2.0,0.0,6.0,5.0,1.0,0.0,1.0,4.0,5.0,0.0,0.0,83.05,20.0,45.45,40.0,66.67,40.0,50.0,0.0,0.6500526904528806,0.7859526628108735,1.0,10.0,0.24491358,2.0,4.0,3.0,0.05603038,12.0,6.377952755905511,1.7716535433070866,12.755905511811022,0.3543307086614173,17.362204724409448,2.125984251968504,1.7716535433070866,1.7716535433070866,2.125984251968504,0.7086614173228346,0.7086614173228346,0.7086614173228346,0.7086614173228346,0.0,0.7086614173228346,0.0,2.125984251968504,1.7716535433070866,0.3543307086614173,0.0,0.3543307086614173,1.4173228346456692,1.7716535433070866,0.0,0.0,83.05,20.0,45.45,40.0,66.67,40.0,50.0,0.0,0.2303336304754301,0.2784871639881047,0.3543307086614173,3.543307086614173,0.0867804023622047,0.7086614173228346,1.4173228346456692,1.062992125984252,0.0198532842519685,4.251968503937007,RM/RCM,14,86,21,29,14,29,64,64,14,21,64,64,71,14,71,29,79,86,43,21,86,93,43,57,57,43,14,86,57,100,29,64,14,86,71,64,57,57,21,29,14,14,14,14,86,14,29,14,57,57,57,29,29,71,71,71,14,86,29,86,86,57,21,86,86,71,57,57,43,14,86,57,100,29,64,14,86,57,86,71,86,14,29,14,14,14,Serie A
Monza,67z1gqyiuzpmmb15q5fy7ntc4,eqb9vu09rjjofy9iksko10qac,L. Lucchesi,Lorenzo Lucchesi,23,Defender,Italy,Defender,121.0,0.0,37.0,7.0,158.0,0.0,0.0,0.0,16.0,20.0,12.0,329.0,2.0,0.0,2.0,8.0,0.0,3.0,3.0,0.0,0.0,0.0,2.0,3.0,0.0,0.0,95.18,70.0,0.0,0.0,66.67,41.03,44.44,33.33,0.4470634421913187,0.0,0.0,0.0,0.0,0.0,4.0,7.0,0.1481736099999999,109.0,33.100303951367785,0.0,10.121580547112462,1.9148936170212767,43.22188449848024,0.0,0.0,0.0,4.376899696048632,5.471124620060791,3.2826747720364744,0.547112462006079,0.0,0.547112462006079,2.188449848024316,0.0,0.8206686930091186,0.8206686930091186,0.0,0.0,0.0,0.547112462006079,0.8206686930091186,0.0,0.0,95.18,70.0,0.0,0.0,66.67,41.03,44.44,33.33,0.1222969902651023,0.0,0.0,0.0,0.0,0.0,1.094224924012158,1.9148936170212767,0.0405338142857142,29.81762917933131,CB,67,38,28,58,47,8,22,21,60,74,94,49,29,15,72,38,81,85,46,43,43,92,46,47,51,89,90,38,29,79,11,15,8,86,11,44,14,14,18,26,42,17,56,64,38,25,58,39,8,22,21,50,67,92,50,29,14,69,38,83,89,46,43,43,92,50,47,51,89,90,38,29,79,11,15,8,83,11,44,14,14,18,22,36,8,53,Serie A
Fiorentina,4raiad4l2j5lkfaz92pk4osb,1fkntyd2z8e169yh98k0zst90,F. Mastantuono,Franco Mastantuono,19,Attacker,Argentina,Striker,14.0,2.0,54.0,0.0,66.0,6.0,15.0,16.0,17.0,0.0,2.0,287.0,8.0,6.0,1.0,1.0,0.0,18.0,12.0,6.0,4.0,3.0,7.0,28.0,0.0,0.0,79.52,0.0,22.22,40.0,38.89,34.0,10.0,50.0,1.8356175469709408,0.5242749946838894,7.0,12.0,0.3354733,6.0,4.0,8.0,0.33256714,29.0,4.390243902439024,0.627177700348432,16.933797909407666,0.0,20.696864111498257,1.881533101045296,4.70383275261324,5.017421602787456,5.331010452961672,0.0,0.627177700348432,2.508710801393728,1.881533101045296,0.313588850174216,0.313588850174216,0.0,5.644599303135888,3.763066202090592,1.881533101045296,1.254355400696864,0.940766550522648,2.195121951219512,8.780487804878048,0.0,0.0,79.52,0.0,22.22,40.0,38.89,34.0,10.0,50.0,0.5756291959142322,0.1644067927580141,2.195121951219512,3.763066202090592,0.1052006864111498,1.881533101045296,1.254355400696864,2.508710801393728,0.1042893470383275,9.094076655052264,RW,25,38,38,12,25,56,100,100,75,19,81,100,88,31,38,38,100,100,100,100,100,100,100,56,56,25,12,38,31,25,12,38,44,100,62,100,50,50,88,25,44,25,38,12,38,25,12,12,50,100,100,75,19,88,100,100,25,25,38,100,100,100,100,100,100,100,56,56,25,12,38,31,25,12,38,44,100,25,100,50,38,88,12,25,25,12,Serie A
Fiorentina,4raiad4l2j5lkfaz92pk4osb,1kk5928mkxm2coxeic26dorh0,Viery,Viery Fernandes Santos Lopes,21,Defender,Brazil,Defender,32.0,0.0,35.0,4.0,67.0,0.0,1.0,1.0,10.0,11.0,3.0,209.0,0.0,0.0,3.0,3.0,0.0,0.0,0.0,0.0,0.0,0.0,0.0,0.0,0.0,0.0,81.71,40.0,0.0,0.0,0.0,58.82,50.0,42.86,0.0,0.0,0.0,0.0,0.0,0.0,0.0,0.0,0.0,0.0,13.779904306220097,0.0,15.071770334928228,1.7224880382775118,28.851674641148325,0.0,0.4306220095693779,0.4306220095693779,4.30622009569378,4.7368421052631575,1.2918660287081338,0.0,0.0,1.2918660287081338,1.2918660287081338,0.0,0.0,0.0,0.0,0.0,0.0,0.0,0.0,0.0,0.0,81.71,40.0,0.0,0.0,0.0,58.82,50.0,42.86,0.0,0.0,0.0,0.0,0.0,0.0,0.0,0.0,0.0,0.0,LB/LCB,14,17,19,38,19,10,31,31,38,67,50,14,24,60,57,36,10,19,21,38,43,21,10,45,52,24,43,17,24,21,62,57,14,10,12,21,5,5,10,5,5,5,5,24,17,43,48,29,10,38,38,62,86,71,14,24,76,67,36,10,19,21,38,43,21,10,45,52,24,43,17,24,21,62,57,14,10,12,21,5,5,10,5,5,5,5,Serie A
Fiorentina,4raiad4l2j5lkfaz92pk4osb,2wwbf11c9mc2psxaa8p58qnmc,A. Atta,Arthur Atta,23,Midfielder,France,Midfielder,42.0,1.0,75.0,3.0,116.0,4.0,11.0,13.0,10.0,2.0,3.0,269.0,1.0,4.0,1.0,4.0,0.0,9.0,5.0,4.0,2.0,0.0,3.0,16.0,0.0,0.0,89.23,75.0,25.0,36.36,33.33,33.33,80.0,100.0,0.8984953798817953,0.2164356973239966,4.0,19.0,0.48930541,12.0,8.0,10.0,0.3490514799999999,54.0,14.052044609665428,0.3345724907063197,25.092936802973977,1.003717472118959,38.81040892193308,1.338289962825279,3.680297397769517,4.349442379182156,3.345724907063197,0.6691449814126395,1.003717472118959,0.3345724907063197,1.338289962825279,0.3345724907063197,1.338289962825279,0.0,3.011152416356877,1.6728624535315986,1.338289962825279,0.6691449814126395,0.0,1.003717472118959,5.353159851301116,0.0,0.0,89.23,75.0,25.0,36.36,33.33,33.33,80.0,100.0,0.3006118371351731,0.0724134303314486,1.338289962825279,6.356877323420075,0.1637081297397769,4.014869888475836,2.676579925650558,3.345724907063197,0.1167830230483271,18.066914498141266,CM/AM,44,44,61,39,56,58,97,100,36,39,78,11,86,19,89,31,83,81,75,67,31,67,92,53,53,72,89,47,39,58,11,100,89,89,44,81,94,94,100,39,56,72,44,50,44,61,39,44,61,100,100,33,44,83,11,89,22,100,31,83,89,78,67,31,78,89,53,53,72,89,47,39,58,11,100,89,94,50,83,94,94,100,39,61,78,56,Serie A
Fiorentina,4raiad4l2j5lkfaz92pk4osb,418gw0hpjoy8dt0ywaxjgm5pm,N. Fagioli,Nicolò Fagioli,25,Midfielder,Italy,Midfielder,57.0,2.0,79.0,5.0,134.0,3.0,4.0,4.0,15.0,6.0,5.0,270.0,3.0,3.0,5.0,0.0,1.0,3.0,0.0,3.0,1.0,0.0,1.0,4.0,0.0,0.0,85.9,35.71,22.22,75.0,33.33,55.56,0.0,55.56,0.193520768907392,0.2969065041077999,2.0,8.0,0.17144585,0.0,14.0,13.0,0.35738968,81.0,19.0,0.6666666666666666,26.33333333333333,1.6666666666666667,44.66666666666666,1.0,1.3333333333333333,1.3333333333333333,5.0,2.0,1.6666666666666667,1.0,1.0,1.6666666666666667,0.0,0.3333333333333333,1.0,0.0,1.0,0.3333333333333333,0.0,0.3333333333333333,1.3333333333333333,0.0,0.0,85.9,35.71,22.22,75.0,33.33,55.56,0.0,55.56,0.0645069229691306,0.0989688347025999,0.6666666666666666,2.6666666666666665,0.0571486166666666,0.0,4.666666666666667,4.333333333333333,0.1191298933333333,27.0,DM/CM,27,81,48,42,40,50,67,67,63,69,79,54,83,75,19,79,52,27,73,58,44,69,65,52,52,31,27,58,81,77,65,29,56,50,54,71,63,62,6,48,54,42,46,35,85,50,46,44,52,73,73,81,81,83,48,88,85,19,73,58,27,81,62,44,71,65,52,52,31,27,58,81,77,65,29,56,54,54,73,62,65,6,46,50,46,50,Serie A
Fiorentina,4raiad4l2j5lkfaz92pk4osb,4gbk8ka3fv401f8zyslo38fai,R. Drăgușin,Radu Dragusin,24,Defender,Romania,Defender,56.0,0.0,33.0,10.0,89.0,1.0,0.0,0.0,18.0,26.0,11.0,360.0,4.0,0.0,1.0,10.0,1.0,2.0,2.0,0.0,0.0,0.0,0.0,3.0,0.0,0.0,85.58,58.82,0.0,0.0,0.0,56.25,66.67,25.0,0.2346856942071393,0.0517062314444009,0.0,0.0,0.0,0.0,4.0,6.0,0.3039422999999999,51.0,14.0,0.0,8.25,2.5,22.25,0.25,0.0,0.0,4.5,6.5,2.75,1.0,0.0,0.25,2.5,0.25,0.5,0.5,0.0,0.0,0.0,0.0,0.75,0.0,0.0,85.58,58.82,0.0,0.0,0.0,56.25,66.67,25.0,0.0586714235517848,0.0129265578611002,0.0,0.0,0.0,0.0,1.0,1.5,0.0759855749999999,12.75,CB,22,38,25,81,17,33,22,21,72,97,92,93,29,7,83,86,62,64,46,43,43,28,46,47,51,19,72,38,29,28,46,72,6,61,33,44,14,14,18,26,32,42,22,14,38,14,74,11,19,22,21,53,86,89,71,29,7,75,76,53,54,46,43,43,28,40,47,51,19,72,38,29,28,46,72,6,56,28,44,14,14,18,18,19,31,14,Serie A
Fiorentina,4raiad4l2j5lkfaz92pk4osb,7maur0rp96hubnkuu84576wpg,M. Pellegrino,Mateo Pellegrino,24,Attacker,Argentina,Striker,13.0,0.0,28.0,3.0,41.0,5.0,6.0,6.0,21.0,2.0,0.0,286.0,9.0,3.0,1.0,9.0,0.0,5.0,4.0,1.0,0.0,2.0,2.0,17.0,0.0,0.0,65.08,100.0,0.0,50.0,40.0,44.68,45.0,100.0,0.7503265810499862,0.3999841943392591,2.0,2.0,0.09002464,0.0,3.0,4.0,0.09194735,11.0,4.090909090909091,0.0,8.811188811188812,0.944055944055944,12.902097902097903,1.5734265734265735,1.888111888111888,1.888111888111888,6.608391608391609,0.6293706293706294,0.0,2.8321678321678325,0.944055944055944,0.3146853146853147,2.8321678321678325,0.0,1.5734265734265735,1.2587412587412588,0.3146853146853147,0.0,0.6293706293706294,0.6293706293706294,5.34965034965035,0.0,0.0,65.08,100.0,0.0,50.0,40.0,44.68,45.0,100.0,0.2361167562744711,0.1258691520648018,0.6293706293706294,0.6293706293706294,0.0283294321678321,0.0,0.944055944055944,1.2587412587412588,0.0289344807692307,3.4615384615384617,ST,50,36,61,82,59,80,50,48,93,55,27,100,73,52,93,39,18,18,39,12,80,27,61,48,52,7,86,36,73,61,64,75,86,39,75,62,36,50,18,62,73,39,41,43,36,54,82,50,75,50,50,100,54,27,100,71,50,93,39,11,11,29,12,79,21,64,48,52,7,86,36,73,61,64,75,86,32,68,61,32,54,18,64,68,36,32,Serie A
Fiorentina,4raiad4l2j5lkfaz92pk4osb,clbsrtzkf61e6vx28ou5lbx90,Álex Jiménez,Álex Jiménez,21,Defender,Spain,Defender,21.0,1.0,38.0,1.0,58.0,4.0,6.0,6.0,13.0,6.0,1.0,202.0,1.0,4.0,5.0,1.0,1.0,2.0,1.0,1.0,1.0,0.0,0.0,4.0,0.0,0.0,84.06,33.33,14.29,66.67,0.0,50.0,50.0,71.43,0.3206988779524636,0.2290183585129847,1.0,8.0,0.21757234,3.0,3.0,4.0,0.15722946,36.0,9.356435643564357,0.4455445544554455,16.93069306930693,0.4455445544554455,25.84158415841584,1.7821782178217822,2.6732673267326734,2.6732673267326734,5.792079207920792,2.6732673267326734,0.4455445544554455,0.4455445544554455,1.7821782178217822,2.227722772277228,0.4455445544554455,0.4455445544554455,0.8910891089108911,0.4455445544554455,0.4455445544554455,0.4455445544554455,0.0,0.0,1.7821782178217822,0.0,0.0,84.06,33.33,14.29,66.67,0.0,50.0,50.0,71.43,0.1428856386916917,0.1020378825057852,0.4455445544554455,3.5643564356435644,0.0969381712871287,1.3366336633663367,1.3366336633663367,1.7821782178217822,0.0700527297029702,16.03960396039604,RB/RCB,8,55,16,21,11,76,87,84,45,32,18,29,92,58,21,87,66,47,79,76,47,39,42,50,53,47,50,45,76,39,42,55,68,79,58,89,68,68,50,5,13,21,11,16,74,47,21,26,100,100,100,84,58,21,37,100,84,32,100,68,68,84,84,47,39,74,50,53,47,50,45,76,39,42,55,68,95,79,89,79,84,74,11,21,32,47,Serie A
Fiorentina,4raiad4l2j5lkfaz92pk4osb,kvbjuvcseqk4sbr04ctkqi38,C. Ndour,Cher Ndour,22,Midfielder,Italy,Midfielder,37.0,1.0,71.0,3.0,107.0,5.0,2.0,2.0,12.0,2.0,3.0,308.0,2.0,2.0,3.0,3.0,0.0,5.0,3.0,2.0,1.0,0.0,1.0,12.0,0.0,0.0,85.6,50.0,33.33,100.0,20.0,48.0,75.0,60.0,0.3952375464176413,0.5175509489615628,1.0,6.0,0.21559531,1.0,15.0,8.0,0.39720822,60.0,10.811688311688313,0.2922077922077922,20.746753246753247,0.8766233766233766,31.266233766233768,1.4610389610389611,0.5844155844155845,0.5844155844155845,3.5064935064935066,0.5844155844155845,0.8766233766233766,0.5844155844155845,0.5844155844155845,0.8766233766233766,0.8766233766233766,0.0,1.4610389610389611,0.8766233766233766,0.5844155844155845,0.2922077922077922,0.0,0.2922077922077922,3.5064935064935066,0.0,0.0,85.6,50.0,33.33,100.0,20.0,48.0,75.0,60.0,0.1154914908363237,0.151232420151106,0.2922077922077922,1.7532467532467533,0.0629986295454545,0.2922077922077922,4.383116883116883,2.337662337662338,0.116067337012987,17.532467532467532,CM/AM,31,44,44,39,33,72,19,19,47,39,78,19,44,72,78,31,44,58,44,47,31,39,72,53,53,33,33,72,94,44,50,94,47,56,83,47,47,61,14,72,31,78,61,22,39,50,33,33,67,17,17,44,33,78,22,44,67,78,31,50,61,44,44,31,33,78,53,53,33,33,72,94,44,50,94,47,50,83,50,44,67,6,67,33,72,50,Serie A
Roma,2tk2l9sgktwc9jhzqdd4mpdtb,1ftejgsl4hho40cceqne1hcyd,B. Cristante,Bryan Cristante,31,Midfielder,Italy,Midfielder,105.0,0.0,147.0,14.0,252.0,1.0,2.0,2.0,26.0,6.0,4.0,334.0,2.0,1.0,6.0,12.0,0.0,6.0,6.0,0.0,2.0,0.0,1.0,8.0,0.0,0.0,88.42,53.85,0.0,50.0,16.67,56.52,63.16,54.55,0.6725890868954787,0.0663023803333408,0.0,16.0,0.30926544,4.0,42.0,34.0,0.5906033799999998,172.0,28.29341317365269,0.0,39.61077844311377,3.772455089820359,67.90419161676647,0.2694610778443114,0.5389221556886228,0.5389221556886228,7.005988023952096,1.616766467065868,1.0778443113772456,0.5389221556886228,0.2694610778443114,1.616766467065868,3.2335329341317363,0.0,1.616766467065868,1.616766467065868,0.0,0.5389221556886228,0.0,0.2694610778443114,2.155688622754491,0.0,0.0,88.42,53.85,0.0,50.0,16.67,56.52,63.16,54.55,0.1812365803011769,0.0178659108682654,0.0,4.311377245508982,0.0833349988023952,1.0778443113772456,11.317365269461078,9.161676646706589,0.1591446233532933,46.34730538922155,DM/CM,88,29,92,98,96,13,44,42,100,69,60,33,44,88,100,31,92,100,13,83,44,69,96,52,52,42,50,29,48,54,69,92,48,96,12,19,96,92,71,96,92,85,96,85,29,81,88,85,12,42,42,96,58,54,31,42,81,100,31,88,96,13,73,44,62,96,52,52,42,50,29,48,54,69,92,48,92,12,19,88,85,58,96,96,69,92,Serie A
Roma,2tk2l9sgktwc9jhzqdd4mpdtb,6fttn5mk6n1lstqt0dl5xzn4l,G. Mancini,Gianluca Mancini,30,Defender,Italy,Defender,109.0,0.0,78.0,8.0,187.0,4.0,3.0,3.0,18.0,5.0,7.0,332.0,3.0,3.0,5.0,4.0,1.0,3.0,3.0,0.0,0.0,0.0,2.0,12.0,0.0,0.0,91.67,50.0,0.0,100.0,66.67,60.0,57.14,62.5,0.3782678109863804,0.4661777540140135,0.0,8.0,0.24065871,3.0,19.0,18.0,0.7938130299999995,125.0,29.54819277108433,0.0,21.14457831325301,2.1686746987951806,50.69277108433735,1.0843373493975903,0.8132530120481927,0.8132530120481927,4.879518072289156,1.355421686746988,1.897590361445783,0.8132530120481927,0.8132530120481927,1.355421686746988,1.0843373493975903,0.2710843373493976,0.8132530120481927,0.8132530120481927,0.0,0.0,0.0,0.5421686746987951,3.2530120481927707,0.0,0.0,91.67,50.0,0.0,100.0,66.67,60.0,57.14,62.5,0.1025424788818501,0.1263734875339193,0.0,2.1686746987951806,0.0652388069277108,0.8132530120481927,5.150602409638554,4.879518072289156,0.2151902792168673,33.8855421686747,CB,56,38,71,69,60,85,89,88,72,11,83,71,97,76,38,86,81,85,46,43,43,92,97,47,51,58,44,38,88,79,71,50,40,78,89,44,89,97,76,78,79,92,64,47,38,69,69,61,83,89,86,64,6,81,67,97,69,31,83,81,86,46,43,43,89,97,47,51,58,44,38,88,79,71,50,40,75,89,44,83,92,75,81,83,89,67,Serie A
Roma,2tk2l9sgktwc9jhzqdd4mpdtb,7q96z3aaee5jyccb8pjthi8kp,D. Malen,Donyell Malen,27,Attacker,Netherlands,Striker,8.0,0.0,33.0,2.0,41.0,4.0,13.0,15.0,14.0,0.0,2.0,255.0,4.0,8.0,1.0,1.0,0.0,17.0,14.0,3.0,3.0,6.0,9.0,36.0,0.0,0.0,82.0,100.0,0.0,61.54,52.94,58.33,0.0,100.0,2.808082277054315,0.3199469168130649,6.0,11.0,0.3795591899999999,1.0,3.0,5.0,0.13653946,20.0,2.8235294117647056,0.0,11.647058823529411,0.7058823529411764,14.470588235294118,1.4117647058823528,4.588235294117647,5.294117647058823,4.941176470588235,0.0,0.7058823529411764,1.4117647058823528,2.8235294117647056,0.3529411764705882,0.3529411764705882,0.0,6.0,4.941176470588235,1.0588235294117647,1.0588235294117647,2.117647058823529,3.176470588235294,12.705882352941176,0.0,0.0,82.0,100.0,0.0,61.54,52.94,58.33,0.0,100.0,0.991087862489758,0.1129224412281405,2.117647058823529,3.882352941176471,0.1339620670588235,0.3529411764705882,1.0588235294117647,1.7647058823529411,0.0481903976470588,7.0588235294117645,ST,18,36,70,70,59,62,89,91,55,9,96,32,95,52,21,39,100,96,91,77,100,100,100,48,52,79,86,36,96,86,96,9,86,100,68,95,86,89,50,62,86,46,79,25,36,75,71,64,61,89,89,61,9,93,39,93,61,18,39,96,96,93,89,100,100,100,48,52,79,86,36,96,86,96,9,86,100,64,96,93,93,54,71,86,50,82,Serie A
Roma,2tk2l9sgktwc9jhzqdd4mpdtb,93i0gcndi2m8giqqcm4knduxh,P. Dybala,Paulo Dybala,32,Attacker,Argentina,Striker,33.0,5.0,131.0,13.0,159.0,17.0,9.0,9.0,12.0,0.0,1.0,317.0,5.0,3.0,2.0,0.0,4.0,14.0,10.0,4.0,1.0,0.0,4.0,29.0,1.0,0.0,83.25,76.47,23.81,33.33,28.57,38.71,0.0,50.0,1.292587926324153,1.771112650655128,4.0,28.0,1.0175381899999996,11.0,18.0,31.0,1.5195779500000002,85.0,9.369085173501578,1.4195583596214512,37.19242902208202,3.690851735015773,45.14195583596214,4.826498422712934,2.555205047318612,2.555205047318612,3.406940063091483,0.0,0.2839116719242902,1.4195583596214512,0.8517350157728707,0.5678233438485805,0.0,1.135646687697161,3.9747634069400632,2.8391167192429023,1.135646687697161,0.2839116719242902,0.0,1.135646687697161,8.233438485804417,0.2839116719242902,0.0,83.25,76.47,23.81,33.33,28.57,38.71,0.0,50.0,0.3669807992718416,0.5028395538137588,1.135646687697161,7.9495268138801265,0.288890968769716,3.123028391167193,5.110410094637224,8.801261829652997,0.4314259164037855,24.13249211356467,ST,100,100,100,100,100,100,73,68,39,9,71,48,73,82,7,100,91,79,98,38,18,75,96,98,52,86,68,79,52,29,32,9,50,79,100,89,100,100,100,100,100,100,100,100,100,100,100,100,100,68,64,21,9,64,43,68,75,7,100,89,79,96,25,18,71,86,96,52,86,68,79,52,29,32,9,50,75,100,82,100,100,100,100,100,100,100,Serie A
Roma,2tk2l9sgktwc9jhzqdd4mpdtb,9k3cr9bc23253jmcw2a53hn2s,Wesley,Wesley Vinícius França Lima,23,Defender,Brazil,Defender,35.0,8.0,81.0,2.0,108.0,13.0,4.0,4.0,15.0,1.0,0.0,240.0,3.0,2.0,4.0,2.0,1.0,1.0,0.0,1.0,0.0,0.0,0.0,15.0,0.0,0.0,86.4,66.67,53.33,50.0,0.0,55.56,66.67,50.0,0.0423681494290687,1.4113540603390695,1.0,17.0,0.5333411,5.0,9.0,24.0,1.6050485,55.0,13.125,3.0,30.375,0.75,40.5,4.875,1.5,1.5,5.625,0.375,0.0,1.125,0.75,1.5,0.75,0.375,0.375,0.0,0.375,0.0,0.0,0.0,5.625,0.0,0.0,86.4,66.67,53.33,50.0,0.0,55.56,66.67,50.0,0.0158880560359007,0.5292577726271511,0.375,6.375,0.2000029125,1.875,3.375,9.0,0.6018931875000001,20.625,CB,11,100,79,11,31,100,94,94,51,3,4,71,92,49,12,86,31,8,94,43,43,28,100,47,51,22,83,89,65,28,40,72,25,14,100,92,100,100,92,60,94,100,28,11,100,97,12,33,100,94,94,81,3,4,92,94,76,17,97,42,8,97,43,43,28,100,47,51,22,83,89,65,28,40,72,25,14,100,94,100,100,100,64,100,100,36,Serie A
Roma,2tk2l9sgktwc9jhzqdd4mpdtb,am5gj5qg3gjtyhvwfnj8sjz6d,Mario Hermoso,Mario Hermoso,31,Defender,Spain,Defender,131.0,2.0,105.0,10.0,234.0,5.0,1.0,1.0,19.0,10.0,15.0,338.0,4.0,1.0,6.0,4.0,0.0,2.0,2.0,0.0,1.0,1.0,1.0,4.0,0.0,0.0,86.99,40.0,100.0,100.0,50.0,63.33,44.44,60.0,0.2135511894992731,0.5552645313895193,0.0,5.0,0.11507727,6.0,25.0,32.0,1.01817253,136.0,34.88165680473373,0.5325443786982249,27.958579881656807,2.662721893491124,62.30769230769231,1.331360946745562,0.2662721893491124,0.2662721893491124,5.059171597633136,2.662721893491124,3.994082840236687,1.0650887573964498,0.2662721893491124,1.5976331360946745,1.0650887573964498,0.0,0.5325443786982249,0.5325443786982249,0.0,0.2662721893491124,0.2662721893491124,0.2662721893491124,1.0650887573964498,0.0,0.0,86.99,40.0,100.0,100.0,50.0,63.33,44.44,60.0,0.0568627427660786,0.1478515024409962,0.0,1.331360946745562,0.0306418766272189,1.5976331360946745,6.656804733727811,8.520710059171599,0.2711110286982248,36.21301775147929,CB,69,90,94,81,83,90,56,54,81,25,100,93,72,92,38,38,62,64,46,92,92,69,57,47,51,28,25,96,88,69,78,15,36,53,92,44,72,72,99,94,100,97,78,69,89,86,78,75,92,56,56,69,25,100,81,69,83,28,38,58,61,46,97,92,64,56,47,51,28,25,96,88,69,78,15,36,50,92,44,69,69,97,89,97,97,69,Serie A
Roma,2tk2l9sgktwc9jhzqdd4mpdtb,au5tbnn48ve4kqnuu3dhmk296,M. Koné,Manu Koné,25,Midfielder,France,Midfielder,76.0,0.0,94.0,6.0,170.0,6.0,5.0,5.0,12.0,1.0,3.0,262.0,3.0,2.0,6.0,1.0,0.0,4.0,0.0,4.0,1.0,0.0,1.0,4.0,0.0,0.0,91.4,85.71,0.0,40.0,25.0,46.15,25.0,100.0,0.2860517309588317,0.3911168212523788,0.0,2.0,0.0834634,2.0,24.0,22.0,0.4678072399999998,105.0,26.10687022900764,0.0,32.29007633587786,2.0610687022900764,58.396946564885496,2.0610687022900764,1.717557251908397,1.717557251908397,4.122137404580153,0.3435114503816794,1.0305343511450382,1.0305343511450382,0.6870229007633588,2.0610687022900764,0.3435114503816794,0.0,1.3740458015267176,0.0,1.3740458015267176,0.3435114503816794,0.0,0.3435114503816794,1.3740458015267176,0.0,0.0,91.4,85.71,0.0,40.0,25.0,46.15,25.0,100.0,0.0982620449858582,0.1343531065370767,0.0,0.6870229007633588,0.0286706335877862,0.6870229007633588,8.244274809160306,7.557251908396947,0.1606971435114503,36.06870229007634,DM/CM,58,29,65,58,54,87,81,81,48,8,42,54,69,88,50,31,73,27,88,58,44,69,65,52,52,69,94,29,38,67,17,58,100,73,81,19,27,35,42,83,81,62,63,65,29,69,56,73,92,88,88,46,6,50,56,69,92,46,31,73,27,88,65,44,77,69,52,52,69,94,29,38,67,17,58,100,77,73,19,27,35,46,85,87,73,73,Serie A
Roma,2tk2l9sgktwc9jhzqdd4mpdtb,dknh1ecpb9kcwzuijmdcoq8lw,E. Lulli,Emanuele Lulli,19,Defender,Italy,Defender,47.0,4.0,87.0,0.0,130.0,4.0,6.0,6.0,18.0,4.0,2.0,322.0,3.0,4.0,8.0,2.0,0.0,1.0,1.0,0.0,0.0,0.0,0.0,11.0,0.0,0.0,89.04,0.0,26.67,66.67,0.0,64.29,66.67,88.89,0.1519028663145066,0.4397222122419624,0.0,15.0,0.49817987,6.0,10.0,15.0,0.6236845100000001,64.0,13.13664596273292,1.1180124223602483,24.316770186335404,0.0,36.33540372670807,1.1180124223602483,1.6770186335403725,1.6770186335403725,5.0310559006211175,1.1180124223602483,0.5590062111801242,0.8385093167701863,1.1180124223602483,2.2360248447204967,0.5590062111801242,0.0,0.2795031055900621,0.2795031055900621,0.0,0.0,0.0,0.0,3.074534161490683,0.0,0.0,89.04,0.0,26.67,66.67,0.0,64.29,66.67,88.89,0.0424573228829366,0.1229037239185609,0.0,4.192546583850931,0.1392428208074534,1.6770186335403725,2.795031055900621,4.192546583850931,0.1743217574534162,17.888198757763973,RB/RCB,26,97,79,11,63,76,87,84,74,13,39,61,92,89,45,37,39,47,37,34,47,39,97,50,53,89,11,84,76,39,79,84,84,63,84,45,92,100,79,66,79,79,61,37,100,89,11,63,79,84,84,74,16,47,63,89,89,53,37,47,53,37,34,47,39,100,50,53,89,11,84,76,39,79,84,84,63,84,45,100,100,79,63,79,79,68,Serie A
Atalanta,e75syeuawg3ql8nwpi3vr2btz,1ct0gujao4wvj1ff3aebqgqnd,G. Gaetano,Gianluca Gaetano,26,Midfielder,Italy,Midfielder,70.0,0.0,64.0,4.0,134.0,2.0,3.0,3.0,12.0,5.0,5.0,270.0,2.0,2.0,3.0,2.0,1.0,1.0,0.0,1.0,0.0,0.0,1.0,0.0,0.0,0.0,89.33,44.44,0.0,66.67,100.0,52.17,66.67,50.0,0.0364431142653749,0.1645046993325329,1.0,4.0,0.0881861999999998,4.0,13.0,3.0,0.22469792,72.0,23.33333333333333,0.0,21.33333333333333,1.3333333333333333,44.66666666666666,0.6666666666666666,1.0,1.0,4.0,1.6666666666666667,1.6666666666666667,0.6666666666666666,0.6666666666666666,1.0,0.6666666666666666,0.3333333333333333,0.3333333333333333,0.0,0.3333333333333333,0.0,0.0,0.3333333333333333,0.0,0.0,0.0,89.33,44.44,0.0,66.67,100.0,52.17,66.67,50.0,0.0121477047551249,0.0548348997775109,0.3333333333333333,1.3333333333333333,0.0293953999999999,1.3333333333333333,4.333333333333333,1.0,0.0748993066666666,24.0,DM/CM,50,29,35,29,40,29,58,56,48,60,79,33,69,44,69,79,21,27,37,23,44,69,12,52,52,50,40,29,69,98,42,96,35,15,35,48,40,38,71,42,8,23,38,58,29,35,42,44,27,58,58,38,69,83,35,65,38,69,73,23,27,40,23,44,71,12,52,52,50,40,29,69,98,42,96,35,15,35,54,38,38,81,42,8,31,35,Serie A
Atalanta,e75syeuawg3ql8nwpi3vr2btz,4aqkgskbra4wsoo7a8uw7xl9l,Éderson,Éderson José dos Santos Lourenço da Silva,27,Midfielder,Brazil,Midfielder,75.0,0.0,87.0,2.0,162.0,2.0,3.0,3.0,12.0,3.0,2.0,327.0,9.0,1.0,1.0,0.0,0.0,4.0,1.0,3.0,1.0,1.0,3.0,4.0,0.0,0.0,88.04,28.57,0.0,33.33,75.0,50.0,0.0,50.0,0.2392833912716813,0.0937847079151219,3.0,6.0,0.13942851,4.0,12.0,6.0,0.23905428,69.0,20.642201834862387,0.0,23.94495412844037,0.5504587155963303,44.58715596330276,0.5504587155963303,0.8256880733944955,0.8256880733944955,3.302752293577982,0.8256880733944955,0.5504587155963303,2.477064220183486,0.2752293577981651,0.2752293577981651,0.0,0.0,1.1009174311926606,0.2752293577981651,0.8256880733944955,0.2752293577981651,0.2752293577981651,0.8256880733944955,1.1009174311926606,0.0,0.0,88.04,28.57,0.0,33.33,75.0,50.0,0.0,50.0,0.0658578141114719,0.0258123049307674,0.8256880733944955,1.651376146788991,0.038374819266055,1.1009174311926606,3.302752293577982,1.651376146788991,0.0657947559633027,18.9908256880734,DM/CM,54,29,58,15,50,29,58,56,48,38,29,96,44,12,19,31,73,67,73,58,94,100,65,52,52,38,13,29,33,92,31,29,35,62,27,90,46,46,71,37,21,35,35,42,29,46,15,38,23,54,50,27,35,27,92,46,8,19,31,65,73,71,52,96,100,54,52,52,38,13,29,33,92,31,29,35,58,19,88,46,50,65,35,19,27,27,Serie A
Atalanta,e75syeuawg3ql8nwpi3vr2btz,4cejhrr3ji36591xf54jue3ca,G. Scalvini,Giorgio Scalvini,22,Defender,Italy,Defender,181.0,0.0,72.0,7.0,253.0,0.0,1.0,1.0,16.0,13.0,2.0,360.0,2.0,0.0,5.0,8.0,0.0,1.0,1.0,0.0,0.0,0.0,0.0,3.0,0.0,0.0,96.2,70.0,0.0,0.0,0.0,53.33,61.54,83.33,0.0,0.0,0.0,0.0,0.0,0.0,0.0,0.0,0.0,0.0,45.25,0.0,18.0,1.75,63.25,0.0,0.25,0.25,4.0,3.25,0.5,0.5,0.0,1.25,2.0,0.0,0.25,0.25,0.0,0.0,0.0,0.0,0.75,0.0,0.0,96.2,70.0,0.0,0.0,0.0,53.33,61.54,83.33,0.0,0.0,0.0,0.0,0.0,0.0,0.0,0.0,0.0,0.0,CB,94,38,67,58,94,8,56,54,60,42,22,49,29,76,72,38,31,33,46,43,43,28,46,47,51,100,90,38,29,28,31,61,79,7,11,44,14,14,18,3,3,3,3,86,38,61,50,78,8,47,44,40,33,15,46,29,50,65,38,14,19,46,43,43,28,40,47,51,100,90,38,29,28,31,61,79,7,11,44,14,14,18,3,3,3,3,Serie A
Atalanta,e75syeuawg3ql8nwpi3vr2btz,4ml8pyt3rxwxakjxslg0c8kb9,G. Scamacca,Gianluca Scamacca,27,Attacker,Italy,Striker,19.0,0.0,33.0,0.0,52.0,4.0,1.0,1.0,11.0,1.0,0.0,241.0,6.0,0.0,2.0,3.0,0.0,6.0,5.0,1.0,0.0,1.0,4.0,10.0,0.0,0.0,74.29,0.0,0.0,0.0,66.67,39.29,50.0,100.0,0.4772878429299166,0.2850042610723811,1.0,1.0,0.05491138,1.0,1.0,3.0,0.2234920899999998,16.0,7.095435684647304,0.0,12.323651452282158,0.0,19.419087136929463,1.4937759336099583,0.3734439834024896,0.3734439834024896,4.107883817427386,0.3734439834024896,0.0,2.240663900414938,0.0,0.7468879668049793,1.120331950207469,0.0,2.240663900414938,1.867219917012448,0.3734439834024896,0.0,0.3734439834024896,1.4937759336099583,3.734439834024896,0.0,0.0,74.29,0.0,0.0,0.0,66.67,39.29,50.0,100.0,0.1782402732933298,0.1064331265415531,0.3734439834024896,0.3734439834024896,0.0205063244813278,0.3734439834024896,0.3734439834024896,1.120331950207469,0.0834617763485476,5.975103734439834,ST,77,36,70,23,71,62,12,12,30,25,27,71,11,82,46,39,32,34,39,12,50,75,21,48,52,54,23,36,11,96,43,84,86,18,57,30,16,32,50,27,55,79,66,79,36,82,23,82,64,11,11,39,25,27,79,11,86,46,39,36,32,50,12,61,86,32,48,52,54,23,36,11,96,43,84,86,11,61,43,18,39,61,32,61,79,79,Serie A
Atalanta,e75syeuawg3ql8nwpi3vr2btz,7ox43isyywsnrfcd56nm65be,C. De Ketelaere,Charles De Ketelaere,25,Attacker,Belgium,Striker,15.0,3.0,63.0,2.0,75.0,7.0,13.0,14.0,18.0,1.0,1.0,265.0,4.0,5.0,4.0,5.0,1.0,1.0,1.0,0.0,1.0,0.0,0.0,9.0,0.0,0.0,72.12,40.0,37.5,38.46,0.0,45.0,55.56,100.0,0.0693997384588949,0.5173901349759535,1.0,15.0,0.3632132799999999,4.0,12.0,15.0,0.5125971199999999,47.0,5.094339622641509,1.018867924528302,21.39622641509434,0.6792452830188679,25.471698113207545,2.3773584905660377,4.415094339622641,4.754716981132075,6.113207547169811,0.3396226415094339,0.3396226415094339,1.3584905660377358,1.6981132075471697,1.3584905660377358,1.6981132075471697,0.3396226415094339,0.3396226415094339,0.3396226415094339,0.0,0.3396226415094339,0.0,0.0,3.056603773584905,0.0,0.0,72.12,40.0,37.5,38.46,0.0,45.0,55.56,100.0,0.0235697224954737,0.1757174043314559,0.3396226415094339,5.094339622641509,0.1233554535849056,1.3584905660377358,4.075471698113208,5.094339622641509,0.1740895879245282,15.962264150943396,RW,38,50,75,31,50,75,81,81,88,44,38,75,62,88,88,81,12,19,19,56,38,12,56,56,56,12,25,100,12,12,62,75,94,12,50,25,62,62,56,94,88,50,88,25,50,75,38,50,75,88,88,88,38,38,88,62,88,88,88,12,25,19,62,38,12,50,56,56,12,25,100,12,12,62,75,94,12,50,25,62,62,62,100,88,38,88,Serie A
Atalanta,e75syeuawg3ql8nwpi3vr2btz,9j742o5vdc7d54x1xdz4t9ck5,S. Kolašinac,Sead Kolasinac,33,Defender,Bosnia and Herzegovina,Defender,49.0,0.0,42.0,6.0,91.0,0.0,0.0,0.0,5.0,4.0,1.0,238.0,2.0,0.0,2.0,1.0,0.0,1.0,0.0,1.0,0.0,0.0,0.0,0.0,0.0,0.0,85.85,54.55,0.0,0.0,0.0,41.67,33.33,100.0,0.0395475763705189,0.0,1.0,4.0,0.09095487,2.0,12.0,10.0,0.24684794,46.0,18.529411764705884,0.0,15.882352941176473,2.26890756302521,34.411764705882355,0.0,0.0,0.0,1.8907563025210083,1.512605042016807,0.3781512605042016,0.7563025210084033,0.0,0.7563025210084033,0.3781512605042016,0.0,0.3781512605042016,0.0,0.3781512605042016,0.0,0.0,0.0,0.0,0.0,0.0,85.85,54.55,0.0,0.0,0.0,41.67,33.33,100.0,0.0149549658543979,0.0,0.3781512605042016,1.512605042016807,0.0343946987394958,0.7563025210084033,4.53781512605042,3.7815126050420167,0.0933458596638655,17.39495798319328,LB/LCB,38,17,33,55,31,10,10,10,12,19,17,67,24,29,19,36,26,19,50,38,43,21,10,45,52,43,57,17,24,21,14,31,95,24,12,52,62,62,45,67,50,14,43,52,17,48,76,43,10,10,10,14,19,24,76,24,48,33,36,29,19,52,38,43,21,10,45,52,43,57,17,24,21,14,31,95,29,12,57,69,62,57,67,67,38,43,Serie A
Atalanta,e75syeuawg3ql8nwpi3vr2btz,cis0z72hgahfnfjduk7hdnz3e,O. Kossounou,Odilon Kossounou,25,Defender,Côte d'Ivoire,Defender,194.0,0.0,83.0,3.0,277.0,0.0,0.0,0.0,7.0,11.0,4.0,360.0,1.0,0.0,2.0,1.0,0.0,1.0,1.0,0.0,0.0,0.0,0.0,2.0,0.0,0.0,97.19,60.0,0.0,0.0,0.0,43.75,25.0,40.0,0.1077999806068721,0.0,0.0,4.0,0.09594778,4.0,7.0,8.0,0.2727188799999999,123.0,48.5,0.0,20.75,0.75,69.25,0.0,0.0,0.0,1.75,2.75,1.0,0.25,0.0,0.5,0.25,0.0,0.25,0.25,0.0,0.0,0.0,0.0,0.5,0.0,0.0,97.19,60.0,0.0,0.0,0.0,43.75,25.0,40.0,0.026949995151718,0.0,0.0,1.0,0.023986945,1.0,1.75,2.0,0.0681797199999999,30.75,RB/RCB,100,18,74,45,100,11,8,8,11,71,74,29,16,16,21,37,39,47,37,34,47,39,18,50,53,100,87,18,16,39,26,16,16,42,11,45,34,37,66,29,42,32,95,100,18,68,42,100,11,8,8,11,66,74,24,16,5,11,37,26,32,37,34,47,39,16,50,53,100,87,18,16,39,26,16,16,37,11,45,32,32,53,24,37,26,95,Serie A
Bologna,ej5er0oyngdw138yuumwqbyqt,1t7nph4960rjzu7rgi47sf8ix,J. Odgaard,Jens Odgaard,27,Attacker,Denmark,Striker,15.0,0.0,25.0,1.0,40.0,2.0,10.0,10.0,11.0,2.0,1.0,227.0,6.0,3.0,0.0,1.0,0.0,6.0,5.0,1.0,1.0,0.0,1.0,5.0,0.0,0.0,80.0,100.0,0.0,30.0,16.67,36.67,25.0,0.0,0.6055942824546214,0.147217654060457,2.0,2.0,0.03555943,2.0,5.0,5.0,0.1414665799999999,10.0,5.9471365638766525,0.0,9.911894273127754,0.3964757709251101,15.859030837004406,0.7929515418502203,3.9647577092511015,3.9647577092511015,4.361233480176211,0.7929515418502203,0.3964757709251101,2.378854625550661,1.1894273127753303,0.0,0.3964757709251101,0.0,2.378854625550661,1.9823788546255507,0.3964757709251101,0.3964757709251101,0.0,0.3964757709251101,1.9823788546255507,0.0,0.0,80.0,100.0,0.0,30.0,16.67,36.67,25.0,0.0,0.2401034600040349,0.0583682328874058,0.7929515418502203,0.7929515418502203,0.0140984524229074,0.7929515418502203,1.9823788546255507,1.9823788546255507,0.0560880713656387,3.9647577092511015,ST,61,36,50,54,54,34,80,79,30,55,71,71,73,18,21,39,32,34,39,38,18,9,7,48,52,75,86,36,46,7,29,36,18,32,32,62,36,18,77,91,86,50,30,71,36,64,57,71,43,86,82,54,68,86,82,82,18,25,39,50,43,57,43,18,11,7,48,52,75,86,36,46,7,29,36,18,36,39,71,46,21,82,93,89,57,46,Serie A
Bologna,ej5er0oyngdw138yuumwqbyqt,31b0dvddmki2b2zvumesyrx4a,R. Piccoli,Roberto Piccoli,25,Attacker,Italy,Striker,10.0,0.0,13.0,0.0,23.0,1.0,6.0,6.0,12.0,3.0,1.0,268.0,6.0,3.0,1.0,2.0,0.0,7.0,6.0,1.0,1.0,1.0,2.0,13.0,0.0,0.0,85.19,0.0,0.0,50.0,28.57,42.86,22.22,100.0,0.7813997568909821,0.0675645609919883,1.0,2.0,0.04797389,1.0,1.0,2.0,0.03567149,8.0,3.3582089552238803,0.0,4.365671641791045,0.0,7.723880597014925,0.335820895522388,2.014925373134328,2.014925373134328,4.029850746268656,1.007462686567164,0.335820895522388,2.014925373134328,1.007462686567164,0.335820895522388,0.6716417910447761,0.0,2.3507462686567164,2.014925373134328,0.335820895522388,0.335820895522388,0.335820895522388,0.6716417910447761,4.365671641791045,0.0,0.0,85.19,0.0,0.0,50.0,28.57,42.86,22.22,100.0,0.2624103661201059,0.0226895913779065,0.335820895522388,0.6716417910447761,0.0161106347014925,0.335820895522388,0.335820895522388,0.6716417910447761,0.0119792317164179,2.686567164179104,ST,29,36,9,23,11,18,50,48,39,84,71,71,73,52,36,39,46,48,39,38,50,27,46,48,52,89,23,36,73,29,59,29,86,43,14,30,36,25,50,27,36,11,21,32,36,7,23,14,18,54,54,36,86,75,71,75,57,36,39,46,54,39,36,54,25,39,48,52,89,23,36,73,29,59,29,86,46,18,36,36,29,50,29,43,11,21,Serie A
Bologna,ej5er0oyngdw138yuumwqbyqt,5gf24ds4ejjztxyj8b5rs3tnt,T. Heggem,Torbjørn Heggem,27,Defender,Norway,Defender,221.0,0.0,80.0,11.0,301.0,3.0,0.0,0.0,10.0,16.0,3.0,360.0,2.0,0.0,1.0,6.0,0.0,1.0,1.0,0.0,1.0,0.0,0.0,5.0,0.0,0.0,95.25,68.75,0.0,0.0,0.0,47.62,60.0,50.0,0.1148285795084829,0.2495451782719886,0.0,11.0,0.21544317,5.0,6.0,10.0,0.4697717199999999,177.0,55.25,0.0,20.0,2.75,75.25,0.75,0.0,0.0,2.5,4.0,0.75,0.5,0.0,0.25,1.5,0.0,0.25,0.25,0.0,0.25,0.0,0.0,1.25,0.0,0.0,95.25,68.75,0.0,0.0,0.0,47.62,60.0,50.0,0.0287071448771207,0.0623862945679971,0.0,2.75,0.0538607925,1.25,1.5,2.5,0.1174429299999999,44.25,CB,100,38,75,89,100,79,22,21,19,60,43,49,29,7,60,38,31,33,46,92,43,28,62,47,51,92,86,38,29,28,21,57,25,31,81,44,97,94,92,43,53,81,97,100,38,67,81,97,75,22,21,10,44,35,46,29,7,50,38,14,19,46,89,43,28,60,47,51,92,86,38,29,28,21,57,25,22,64,44,92,89,86,33,47,72,94,Serie A
Bologna,ej5er0oyngdw138yuumwqbyqt,6kms3ctf8joymna289onk9lg5,F. Bernardeschi,Federico Bernardeschi,32,Attacker,Italy,Striker,45.0,7.0,72.0,8.0,110.0,6.0,7.0,7.0,11.0,2.0,1.0,288.0,4.0,3.0,1.0,2.0,0.0,8.0,3.0,5.0,1.0,0.0,4.0,6.0,0.0,0.0,89.43,80.0,35.0,42.86,50.0,47.83,0.0,50.0,0.4707534853272088,0.6368230256245454,5.0,11.0,0.2722868499999999,1.0,12.0,20.0,0.7061392699999998,53.0,14.0625,2.1875,22.5,2.5,34.375,1.875,2.1875,2.1875,3.4375,0.625,0.3125,1.25,0.9375,0.3125,0.625,0.0,2.5,0.9375,1.5625,0.3125,0.0,1.25,1.875,0.0,0.0,89.43,80.0,35.0,42.86,50.0,47.83,0.0,50.0,0.1471104641647527,0.1990071955076704,1.5625,3.4375,0.0850896406249999,0.3125,3.75,6.25,0.2206685218749999,16.5625,RW,88,94,88,94,75,56,38,38,38,69,38,75,31,31,62,38,75,50,81,56,38,81,38,56,56,100,75,88,50,62,81,19,44,62,75,75,38,38,12,94,100,62,100,88,100,88,100,75,38,25,25,25,75,25,75,25,12,62,38,62,38,88,50,38,75,38,56,56,100,75,88,50,62,81,19,44,50,75,75,25,25,12,88,100,62,100,Serie A
Bologna,ej5er0oyngdw138yuumwqbyqt,awf3x41nsz8m73bhte5wlz6ui,E. Holm,Emil Holm,26,Defender,Sweden,Defender,69.0,1.0,56.0,5.0,124.0,1.0,7.0,7.0,27.0,8.0,2.0,273.0,6.0,5.0,8.0,1.0,0.0,3.0,2.0,1.0,2.0,0.0,0.0,5.0,0.0,0.0,86.71,62.5,14.29,71.43,0.0,69.23,25.0,53.33,0.203494579335926,0.0457764723567412,0.0,6.0,0.1521749,3.0,10.0,9.0,0.31827662,46.0,22.747252747252748,0.3296703296703296,18.461538461538463,1.6483516483516485,40.87912087912088,0.3296703296703296,2.307692307692308,2.307692307692308,8.901098901098901,2.6373626373626373,0.6593406593406593,1.978021978021978,1.6483516483516485,2.6373626373626373,0.3296703296703296,0.0,0.989010989010989,0.6593406593406593,0.3296703296703296,0.6593406593406593,0.0,0.0,1.6483516483516485,0.0,0.0,86.71,62.5,14.29,71.43,0.0,69.23,25.0,53.33,0.0670861250557997,0.0150911447329916,0.0,1.978021978021978,0.0501675494505494,0.989010989010989,3.296703296703297,2.967032967032967,0.1049263582417582,15.164835164835166,RB/RCB,68,55,53,74,53,26,100,100,100,47,39,92,100,89,21,37,74,76,79,92,47,39,55,50,53,68,97,45,84,39,95,16,37,68,26,45,47,47,50,66,53,47,26,89,68,53,79,79,32,95,95,100,53,53,95,95,100,26,37,74,79,79,95,47,39,58,50,53,68,97,45,84,39,95,16,37,68,26,45,53,58,47,84,63,53,37,Serie A
Bologna,ej5er0oyngdw138yuumwqbyqt,bdb6j168crcrwje9k0titxv55,L. Ferguson,Lewis Ferguson,27,Midfielder,Scotland,Midfielder,175.0,2.0,192.0,5.0,365.0,5.0,1.0,1.0,18.0,4.0,3.0,360.0,3.0,1.0,6.0,3.0,0.0,3.0,1.0,2.0,0.0,0.0,1.0,3.0,0.0,0.0,93.11,38.46,50.0,100.0,33.33,52.94,75.0,54.55,0.2470768728198872,0.5098266860285793,2.0,12.0,0.25380085,5.0,45.0,36.0,1.0576628199999998,202.0,43.75,0.5,48.0,1.25,91.25,1.25,0.25,0.25,4.5,1.0,0.75,0.75,0.25,1.5,0.75,0.0,0.75,0.25,0.5,0.0,0.0,0.25,0.75,0.0,0.0,93.11,38.46,50.0,100.0,33.33,52.94,75.0,54.55,0.0617692182049718,0.1274566715071448,0.5,3.0,0.0634502125,1.25,11.25,9.0,0.2644157049999999,50.5,DM/CM,100,81,100,42,100,79,27,27,87,50,42,54,44,88,79,31,52,67,54,23,44,69,44,52,52,85,31,87,94,77,48,100,48,65,88,71,88,81,81,100,96,100,100,100,73,96,31,100,62,19,19,69,42,35,38,29,77,73,31,42,58,50,23,44,56,37,52,52,85,31,87,94,77,48,100,48,50,69,62,75,73,73,92,92,100,100,Serie A
Bologna,ej5er0oyngdw138yuumwqbyqt,d5m5q6dlc7vnbs634dinbsuwa,N. Cambiaghi,Nicolò Cambiaghi,25,Attacker,Italy,Striker,28.0,0.0,62.0,1.0,90.0,4.0,6.0,6.0,18.0,0.0,2.0,298.0,10.0,4.0,2.0,0.0,0.0,8.0,4.0,4.0,5.0,0.0,1.0,20.0,0.0,0.0,86.54,33.33,0.0,66.67,12.5,46.15,0.0,50.0,0.5929469416795558,0.3140146976905343,6.0,7.0,0.22142656,2.0,3.0,4.0,0.2068426399999999,20.0,8.456375838926174,0.0,18.7248322147651,0.3020134228187919,27.181208053691275,1.2080536912751678,1.812080536912752,1.812080536912752,5.436241610738255,0.0,0.6040268456375839,3.02013422818792,1.2080536912751678,0.6040268456375839,0.0,0.0,2.416107382550336,1.2080536912751678,1.2080536912751678,1.51006711409396,0.0,0.3020134228187919,6.04026845637584,0.0,0.0,86.54,33.33,0.0,66.67,12.5,46.15,0.0,50.0,0.1790779354065772,0.0948366536649264,1.812080536912752,2.114093959731544,0.0668737932885906,0.6040268456375839,0.906040268456376,1.2080536912751678,0.0624692536912751,6.04026845637584,LW,33,33,67,67,67,50,33,33,100,50,67,100,33,83,33,50,33,50,33,83,50,33,67,67,67,67,67,33,100,33,100,33,83,33,33,67,33,33,33,33,33,33,33,67,33,67,67,67,67,33,33,100,50,67,100,33,100,33,50,33,67,33,100,50,33,100,67,67,67,67,33,100,33,100,33,83,33,33,67,33,33,33,33,33,33,33,Serie A
Bologna,ej5er0oyngdw138yuumwqbyqt,emvmn561wgd62zj0s3qi5j5rd,Juan Miranda,Juan Miranda,26,Defender,Spain,Defender,46.0,7.0,56.0,3.0,95.0,5.0,3.0,3.0,12.0,6.0,2.0,225.0,1.0,2.0,3.0,3.0,1.0,0.0,0.0,0.0,0.0,0.0,0.0,4.0,0.0,0.0,86.36,33.33,46.67,66.67,0.0,66.67,0.0,50.0,0.0,0.6508948169972824,0.0,1.0,0.02385149,2.0,5.0,5.0,0.5856834099999999,36.0,18.4,2.8,22.4,1.2,38.0,2.0,1.2,1.2,4.8,2.4,0.8,0.4,0.8,1.2,1.2,0.4,0.0,0.0,0.0,0.0,0.0,0.0,1.6,0.0,0.0,86.36,33.33,46.67,66.67,0.0,66.67,0.0,50.0,0.0,0.2603579267989129,0.0,0.4,0.009540596,0.8,2.0,2.0,0.2342733639999999,14.4,LB/LCB,33,93,67,26,43,76,71,71,55,24,38,40,79,60,57,86,10,19,21,38,43,21,45,45,52,62,31,90,74,21,86,10,33,10,90,21,14,19,45,29,14,76,24,48,95,76,33,48,88,81,81,81,43,48,52,95,69,57,100,10,19,21,38,43,21,57,45,52,62,31,90,74,21,86,10,33,10,90,21,17,19,62,38,19,90,33,Serie A
Cagliari,5rwlg5cfv1hu7yf0ek1zxpzy3,1blngn7afc8verjkysdegb0tl,Zé Pedro,José Pedro da Silva Figueiredo Freitas,29,Defender,Portugal,Defender,53.0,3.0,47.0,6.0,97.0,2.0,6.0,6.0,10.0,10.0,3.0,314.0,0.0,3.0,5.0,1.0,0.0,1.0,1.0,0.0,0.0,0.0,0.0,4.0,0.0,0.0,79.51,46.15,37.5,50.0,0.0,38.46,50.0,83.33,0.1288039362599853,0.2133673599581361,0.0,7.0,0.17027974,1.0,7.0,8.0,0.38823876,56.0,15.19108280254777,0.8598726114649682,13.471337579617837,1.7197452229299364,27.80254777070064,0.5732484076433121,1.7197452229299364,1.7197452229299364,2.8662420382165603,2.8662420382165603,0.8598726114649682,0.0,0.8598726114649682,1.4331210191082802,0.286624203821656,0.0,0.286624203821656,0.286624203821656,0.0,0.0,0.0,0.0,1.1464968152866242,0.0,0.0,79.51,46.15,37.5,50.0,0.0,38.46,50.0,83.33,0.0369183256796136,0.0611562496695294,0.0,2.006369426751592,0.0488062949044586,0.286624203821656,2.006369426751592,2.2929936305732483,0.111278625477707,16.050955414012737,RB/RCB,42,87,45,87,26,47,87,84,18,63,61,11,79,58,21,37,39,47,37,34,47,39,42,50,53,26,68,95,61,39,21,55,79,47,53,45,58,58,24,29,42,58,37,53,89,37,89,32,58,89,89,26,74,63,11,79,63,21,37,53,58,37,34,47,39,37,50,53,26,68,95,61,39,21,55,79,47,53,45,58,53,32,42,47,58,53,Serie A
Cagliari,5rwlg5cfv1hu7yf0ek1zxpzy3,1fsum47fkh62rer9xxe3smctm,D. Maldini,Daniel Maldini,24,Attacker,Italy,Striker,32.0,2.0,55.0,0.0,85.0,4.0,13.0,14.0,16.0,2.0,4.0,310.0,6.0,5.0,2.0,1.0,0.0,9.0,4.0,5.0,2.0,2.0,3.0,14.0,0.0,0.0,80.19,0.0,100.0,38.46,33.33,42.11,50.0,50.0,0.6250589377045529,0.348233760760345,2.0,18.0,0.56820347,7.0,6.0,7.0,0.25726191,33.0,9.29032258064516,0.5806451612903225,15.96774193548387,0.0,24.677419354838708,1.161290322580645,3.774193548387097,4.064516129032258,4.64516129032258,0.5806451612903225,1.161290322580645,1.7419354838709675,1.4516129032258065,0.5806451612903225,0.2903225806451612,0.0,2.6129032258064515,1.161290322580645,1.4516129032258065,0.5806451612903225,0.5806451612903225,0.8709677419354839,4.064516129032258,0.0,0.0,80.19,0.0,100.0,38.46,33.33,42.11,50.0,50.0,0.1814687238497088,0.101100124091713,0.5806451612903225,5.225806451612903,0.1649622977419355,2.032258064516129,1.7419354838709675,2.032258064516129,0.0746889416129032,9.580645161290322,LW,100,67,33,33,33,50,67,67,67,100,100,67,67,83,83,50,67,50,67,33,100,67,33,67,67,33,33,100,33,100,67,83,83,67,67,33,67,67,100,67,67,67,67,100,67,33,33,33,33,67,67,67,100,100,67,67,67,100,50,67,33,67,33,100,67,33,67,67,33,33,100,33,100,67,83,83,67,67,33,67,100,100,67,67,67,67,Serie A
Cagliari,5rwlg5cfv1hu7yf0ek1zxpzy3,2ma0fsvwn2lzchpbbxw3k2uc4,P. Mendy,Paul Mendy,19,Attacker,Senegal,Striker,8.0,0.0,27.0,1.0,35.0,2.0,2.0,2.0,16.0,4.0,0.0,276.0,4.0,1.0,2.0,6.0,0.0,7.0,6.0,1.0,2.0,1.0,3.0,10.0,0.0,0.0,79.55,100.0,0.0,50.0,42.86,39.02,42.86,40.0,0.9148350914601946,0.131615948602785,1.0,3.0,0.0562173,0.0,3.0,0.0,0.0581136899999999,17.0,2.608695652173913,0.0,8.804347826086955,0.3260869565217391,11.41304347826087,0.6521739130434783,0.6521739130434783,0.6521739130434783,5.217391304347826,1.3043478260869563,0.0,1.3043478260869563,0.3260869565217391,0.6521739130434783,1.9565217391304344,0.0,2.282608695652174,1.9565217391304344,0.3260869565217391,0.6521739130434783,0.3260869565217391,0.9782608695652172,3.260869565217391,0.0,0.0,79.55,100.0,0.0,50.0,42.86,39.02,42.86,40.0,0.2983157906935417,0.0429182441096038,0.3260869565217391,0.9782608695652172,0.0183317282608695,0.0,0.9782608695652172,0.0,0.0189501163043477,5.5434782608695645,ST,18,36,57,54,43,34,20,20,73,96,27,32,32,82,75,39,46,48,39,59,50,48,21,48,52,71,86,36,73,73,39,71,43,50,29,30,57,36,18,62,7,25,71,21,36,50,54,39,36,18,18,71,100,27,32,29,79,71,39,43,39,32,54,46,43,18,48,52,71,86,36,73,73,39,71,43,54,29,25,54,36,18,68,7,25,68,Serie A
Cagliari,5rwlg5cfv1hu7yf0ek1zxpzy3,2uvexgjeidkvy6qu4i2nf14a,A. Obert,Adam Obert,24,Defender,Slovakia,Defender,72.0,1.0,53.0,8.0,124.0,4.0,3.0,3.0,12.0,8.0,4.0,357.0,0.0,2.0,6.0,1.0,0.0,3.0,2.0,1.0,0.0,0.0,2.0,6.0,0.0,0.0,86.11,66.67,6.67,66.67,66.67,63.16,33.33,66.67,0.1973643102392412,0.3127442511189987,2.0,6.0,0.19921641,1.0,3.0,14.0,0.4152797099999999,70.0,18.15126050420168,0.2521008403361344,13.361344537815125,2.016806722689076,31.26050420168067,1.0084033613445378,0.7563025210084033,0.7563025210084033,3.0252100840336134,2.016806722689076,1.0084033613445378,0.0,0.5042016806722689,1.512605042016807,0.2521008403361344,0.0,0.7563025210084033,0.5042016806722689,0.2521008403361344,0.0,0.0,0.5042016806722689,1.512605042016807,0.0,0.0,86.11,66.67,6.67,66.67,66.67,63.16,33.33,66.67,0.0497557084636742,0.0788430885173946,0.5042016806722689,1.512605042016807,0.0502226243697479,0.2521008403361344,0.7563025210084033,3.5294117647058822,0.1046923638655461,17.64705882352941,LB/LCB,71,43,55,83,52,60,71,71,55,45,69,14,79,86,19,36,57,62,50,38,43,83,60,45,52,52,90,33,74,90,81,31,57,43,62,79,74,76,26,14,71,57,62,43,33,33,62,33,52,67,67,43,29,57,14,76,86,10,36,52,57,43,38,43,76,52,45,52,52,90,33,74,90,81,31,57,38,48,71,69,67,19,14,60,43,48,Serie A
Cagliari,5rwlg5cfv1hu7yf0ek1zxpzy3,43rid94d7jz7u5ba4xzb8bbe2,M. Adopo,Michel Adopo,26,Midfielder,France,Midfielder,40.0,0.0,88.0,4.0,128.0,8.0,5.0,5.0,8.0,4.0,1.0,360.0,1.0,1.0,1.0,4.0,2.0,4.0,3.0,1.0,2.0,0.0,2.0,4.0,0.0,0.0,86.49,66.67,0.0,20.0,50.0,34.78,50.0,50.0,0.3630368338971266,0.5904837912759522,0.0,13.0,0.33504429,9.0,11.0,14.0,0.3312215499999999,62.0,10.0,0.0,22.0,1.0,32.0,2.0,1.25,1.25,2.0,1.0,0.25,0.25,0.25,0.25,1.0,0.5,1.0,0.75,0.25,0.5,0.0,0.5,1.0,0.0,0.0,86.49,66.67,0.0,20.0,50.0,34.78,50.0,50.0,0.0907592084742816,0.147620947818988,0.0,3.25,0.0837610725,2.25,2.75,3.5,0.0828053874999999,15.5,RM/RCM,43,14,71,57,71,57,64,64,57,79,29,36,29,36,100,86,50,50,43,79,43,64,29,57,57,57,71,14,43,86,14,64,43,57,29,21,79,86,100,57,71,57,71,29,14,57,57,57,43,43,43,14,43,14,29,14,29,100,86,36,43,29,71,43,57,29,57,57,57,71,14,43,86,14,64,43,57,29,21,57,71,100,57,57,57,71,Serie A
Cagliari,5rwlg5cfv1hu7yf0ek1zxpzy3,5lv11o8diz2g5sxqzwond4q38,A. Romano,Alessandro Romano,20,Midfielder,Switzerland,Midfielder,89.0,3.0,77.0,7.0,163.0,3.0,7.0,7.0,14.0,11.0,2.0,360.0,4.0,2.0,7.0,1.0,0.0,6.0,3.0,3.0,0.0,1.0,4.0,7.0,0.0,0.0,87.63,53.85,27.27,28.57,66.67,45.16,25.0,100.0,0.3851361577624523,0.3794009379209446,3.0,4.0,0.07657711,3.0,15.0,12.0,0.20771119,77.0,22.25,0.75,19.25,1.75,40.75,0.75,1.75,1.75,3.5,2.75,0.5,1.0,0.5,1.75,0.25,0.0,1.5,0.75,0.75,0.0,0.25,1.0,1.75,0.0,0.0,87.63,53.85,27.27,28.57,66.67,45.16,25.0,100.0,0.096284039440613,0.0948502344802361,0.75,1.0,0.0191442775,0.75,3.75,3.0,0.0519277975,19.25,CM/AM,100,81,72,89,81,47,72,69,67,100,56,58,44,94,42,31,58,58,61,19,72,86,47,53,53,56,50,56,22,94,44,33,89,44,72,61,25,22,50,72,67,44,75,83,72,39,78,50,44,69,61,39,100,50,42,31,94,28,31,56,53,50,19,64,72,39,53,53,56,50,56,22,94,44,33,89,33,61,56,19,17,44,58,50,33,61,Serie A
Cagliari,5rwlg5cfv1hu7yf0ek1zxpzy3,5qfa3h4gut5jlnfkexq5m1djp,H. Winks,Harry Winks,30,Midfielder,England,Midfielder,101.0,0.0,79.0,4.0,180.0,0.0,0.0,0.0,8.0,6.0,9.0,327.0,4.0,0.0,2.0,1.0,0.0,3.0,0.0,3.0,1.0,0.0,1.0,0.0,0.0,0.0,90.91,44.44,0.0,0.0,33.33,44.44,0.0,66.67,0.1862662008368001,0.0,1.0,2.0,0.03682666,2.0,18.0,10.0,0.2935800299999999,113.0,27.79816513761468,0.0,21.743119266055047,1.1009174311926606,49.54128440366973,0.0,0.0,0.0,2.201834862385321,1.651376146788991,2.477064220183486,1.1009174311926606,0.0,0.5504587155963303,0.2752293577981651,0.0,0.8256880733944955,0.0,0.8256880733944955,0.2752293577981651,0.0,0.2752293577981651,0.0,0.0,0.0,90.91,44.44,0.0,0.0,33.33,44.44,0.0,66.67,0.0512659268358165,0.0,0.2752293577981651,0.5504587155963303,0.0101357779816513,0.5504587155963303,4.954128440366972,2.752293577981652,0.080801843119266,31.10091743119266,DM/CM,81,29,48,29,65,6,10,10,15,69,96,77,13,29,50,31,52,27,73,58,44,69,12,52,52,65,40,29,13,77,12,29,67,46,6,48,27,23,42,62,40,38,69,77,29,42,23,54,6,10,10,12,62,96,62,13,27,42,31,50,27,71,52,44,65,12,52,52,65,40,29,13,77,12,29,67,46,6,50,23,23,42,50,38,35,62,Serie A
Cagliari,5rwlg5cfv1hu7yf0ek1zxpzy3,6e9fu9o226zn6jzx02jutvi3u,J. Fazzini,Jacopo Fazzini,23,Midfielder,Italy,Midfielder,40.0,3.0,41.0,0.0,78.0,4.0,8.0,8.0,13.0,3.0,4.0,241.0,3.0,6.0,3.0,0.0,1.0,4.0,2.0,2.0,1.0,0.0,1.0,5.0,0.0,0.0,83.87,0.0,27.27,75.0,25.0,38.24,0.0,75.0,0.2733989515985073,0.4902220360313527,2.0,4.0,0.0957334,3.0,3.0,5.0,0.1200237899999999,27.0,14.937759336099584,1.120331950207469,15.311203319502075,0.0,29.1286307053942,1.4937759336099583,2.987551867219917,2.987551867219917,4.854771784232366,1.120331950207469,1.4937759336099583,1.120331950207469,2.240663900414938,1.120331950207469,0.0,0.3734439834024896,1.4937759336099583,0.7468879668049793,0.7468879668049793,0.3734439834024896,0.0,0.3734439834024896,1.867219917012448,0.0,0.0,83.87,0.0,27.27,75.0,25.0,38.24,0.0,75.0,0.102099193543011,0.1830704698872271,0.7468879668049793,1.4937759336099583,0.0357510622406639,1.120331950207469,1.120331950207469,1.867219917012448,0.0448221622406638,10.08298755186722,DM/CM,12,92,13,6,12,67,98,98,58,38,60,54,98,44,19,79,73,88,54,58,44,69,83,52,52,19,6,73,81,67,8,29,83,69,85,71,40,42,56,6,13,8,6,12,92,23,6,12,73,100,100,77,46,69,65,100,54,19,88,85,92,58,69,44,81,92,52,52,19,6,73,81,67,8,29,83,81,92,77,42,42,69,8,23,8,4,Serie A
Cagliari,5rwlg5cfv1hu7yf0ek1zxpzy3,6zcua8ycqj1pca5fxwvie4x04,J. Rodríguez,Juan Rodríguez,21,Defender,Uruguay,Defender,150.0,0.0,41.0,7.0,191.0,2.0,0.0,0.0,12.0,18.0,8.0,336.0,1.0,0.0,4.0,5.0,0.0,1.0,0.0,1.0,0.0,0.0,0.0,1.0,1.0,0.0,93.63,58.33,0.0,0.0,0.0,44.44,38.46,66.67,0.0538566515218296,0.0,1.0,1.0,0.0199707,0.0,4.0,5.0,0.19437602,112.0,40.17857142857143,0.0,10.982142857142858,1.875,51.160714285714285,0.5357142857142857,0.0,0.0,3.2142857142857144,4.821428571428571,2.142857142857143,0.2678571428571428,0.0,1.0714285714285714,1.3392857142857142,0.0,0.2678571428571428,0.0,0.2678571428571428,0.0,0.0,0.0,0.2678571428571428,0.2678571428571428,0.0,93.63,58.33,0.0,0.0,0.0,44.44,38.46,66.67,0.01442588880049,0.0,0.2678571428571428,0.2678571428571428,0.0053492946428571,0.0,1.0714285714285714,1.3392857142857142,0.0520650053571428,30.0,LB/LCB,90,17,29,69,90,38,10,10,55,93,100,40,24,76,81,36,26,19,50,38,43,21,21,95,52,100,74,17,24,21,24,38,57,29,12,52,14,14,10,24,14,10,90,90,17,19,52,90,38,10,10,52,95,100,33,24,62,76,36,19,19,48,38,43,21,19,95,52,100,74,17,24,21,24,38,57,24,12,43,10,10,10,19,14,10,90,Serie A
Cagliari,5rwlg5cfv1hu7yf0ek1zxpzy3,cmg6y5t0yuzeuzuxitelbvglx,A. Deiola,Alessandro Deiola,31,Midfielder,Italy,Midfielder,119.0,0.0,34.0,9.0,153.0,0.0,0.0,0.0,10.0,17.0,4.0,353.0,1.0,0.0,4.0,1.0,0.0,1.0,1.0,0.0,0.0,0.0,0.0,3.0,0.0,0.0,89.47,47.37,0.0,0.0,0.0,58.82,33.33,50.0,0.1215480572621922,0.0,0.0,1.0,0.01935132,0.0,9.0,10.0,0.19272946,98.0,30.33994334277621,0.0,8.668555240793202,2.294617563739377,39.008498583569406,0.0,0.0,0.0,2.54957507082153,4.334277620396601,1.019830028328612,0.254957507082153,0.0,1.019830028328612,0.254957507082153,0.0,0.254957507082153,0.254957507082153,0.0,0.0,0.0,0.0,0.764872521246459,0.0,0.0,89.47,47.37,0.0,0.0,0.0,58.82,33.33,50.0,0.0309895896702473,0.0,0.0,0.254957507082153,0.004933764305949,0.0,2.294617563739377,2.54957507082153,0.0491378226628895,24.985835694050994,DM/CM,96,29,8,77,46,6,10,10,27,100,60,17,13,60,50,31,21,67,13,23,44,27,44,52,52,54,46,29,13,27,88,63,35,27,6,19,13,8,6,27,40,15,58,88,29,4,65,27,6,10,10,23,100,46,12,13,42,38,31,15,65,13,23,44,27,42,52,52,54,46,29,13,27,88,63,35,23,6,19,12,8,6,23,35,12,38,Serie A
Como,6uzfw7ahyxg4wrrfxo5u7qt0n,13uxs8820y7mi31fsw1i0qxw4,A. Diao,Assane Diao,21,Attacker,Senegal,Striker,14.0,3.0,87.0,0.0,98.0,8.0,15.0,15.0,17.0,2.0,2.0,249.0,1.0,8.0,0.0,4.0,1.0,7.0,6.0,1.0,0.0,2.0,3.0,25.0,0.0,0.0,85.96,0.0,21.43,53.33,42.86,51.52,57.14,0.0,0.693229796247569,0.6842501381247802,2.0,17.0,0.68185148,1.0,2.0,4.0,0.3164816099999999,22.0,5.0602409638554215,1.0843373493975903,31.44578313253012,0.0,35.42168674698795,2.891566265060241,5.421686746987952,5.421686746987952,6.144578313253012,0.7228915662650602,0.7228915662650602,0.3614457831325301,2.891566265060241,0.0,1.4457831325301205,0.3614457831325301,2.5301204819277108,2.1686746987951806,0.3614457831325301,0.0,0.7228915662650602,1.0843373493975903,9.036144578313252,0.0,0.0,85.96,0.0,21.43,53.33,42.86,51.52,57.14,0.0,0.2505649865955068,0.2473193270330531,0.7228915662650602,6.144578313253012,0.2464523421686746,0.3614457831325301,0.7228915662650602,1.4457831325301205,0.1143909433734939,7.951807228915663,ST,54,96,96,23,96,93,93,91,84,55,96,11,95,18,57,86,46,48,39,12,80,48,86,48,52,96,23,75,89,73,88,93,18,36,93,62,96,96,50,45,73,89,84,61,96,96,23,96,96,96,93,93,61,100,11,96,18,61,93,64,61,46,12,86,61,93,48,52,96,23,75,89,73,88,93,18,39,96,68,96,96,57,46,75,93,89,Serie A
Como,6uzfw7ahyxg4wrrfxo5u7qt0n,1p0xp2onnys7jlru55vfgf1pm,T. Douvikas,Tasos Douvikas,27,Attacker,Greece,Striker,12.0,0.0,19.0,0.0,31.0,4.0,3.0,3.0,16.0,3.0,0.0,272.0,8.0,2.0,0.0,6.0,0.0,11.0,11.0,0.0,3.0,2.0,6.0,22.0,0.0,0.0,70.45,0.0,0.0,66.67,54.55,47.06,37.5,0.0,1.3531874418994123,0.309126833335652,1.0,3.0,0.24465406,1.0,1.0,1.0,0.03804823,6.0,3.9705882352941178,0.0,6.286764705882353,0.0,10.257352941176473,1.3235294117647058,0.9926470588235294,0.9926470588235294,5.294117647058823,0.9926470588235294,0.0,2.647058823529412,0.6617647058823529,0.0,1.9852941176470589,0.0,3.639705882352941,3.639705882352941,0.0,0.9926470588235294,0.6617647058823529,1.9852941176470589,7.279411764705882,0.0,0.0,70.45,0.0,0.0,66.67,54.55,47.06,37.5,0.0,0.4477458447461291,0.1022846139713554,0.3308823529411764,0.9926470588235294,0.0809517110294117,0.3308823529411764,0.3308823529411764,0.3308823529411764,0.012589487867647,1.9852941176470589,ST,41,36,27,23,23,62,29,29,73,84,27,95,55,18,75,39,75,86,9,77,80,96,77,48,52,39,23,36,100,89,79,64,18,82,61,30,57,79,50,27,20,14,7,39,36,32,23,25,57,29,29,82,82,27,96,57,18,75,39,82,93,9,82,82,96,82,48,52,39,23,36,100,89,79,64,18,89,57,29,57,79,43,25,14,14,4,Serie A
Como,6uzfw7ahyxg4wrrfxo5u7qt0n,2b1aq7e51fjbukd3muxfthd78,Jacobo Ramón,Jacobo Ramón,21,Defender,Spain,Defender,159.0,0.0,121.0,7.0,280.0,2.0,2.0,2.0,21.0,15.0,2.0,360.0,1.0,1.0,4.0,12.0,0.0,4.0,4.0,0.0,0.0,1.0,2.0,7.0,0.0,0.0,92.72,53.85,0.0,50.0,50.0,65.62,70.59,57.14,0.5746845274684507,0.0545866797835034,0.0,3.0,0.06382111,3.0,33.0,27.0,0.5637326299999996,205.0,39.75,0.0,30.25,1.75,70.0,0.5,0.5,0.5,5.25,3.75,0.5,0.25,0.25,1.0,3.0,0.0,1.0,1.0,0.0,0.0,0.25,0.5,1.75,0.0,0.0,92.72,53.85,0.0,50.0,50.0,65.62,70.59,57.14,0.1436711318671126,0.0136466699458758,0.0,0.75,0.0159552775,0.75,8.25,6.75,0.1409331574999999,51.25,CB,83,38,100,58,97,64,76,75,93,50,22,28,72,49,89,38,93,96,46,43,92,92,83,47,51,72,61,38,65,69,81,81,33,97,36,44,62,61,76,100,97,83,100,75,38,94,50,92,53,71,71,75,39,15,18,61,29,89,38,89,93,46,43,88,86,75,47,51,72,61,38,65,69,81,81,33,92,33,44,62,58,71,97,89,78,100,Serie A
Como,6uzfw7ahyxg4wrrfxo5u7qt0n,54foi544tygbd4sfx62t7wno,Álex Valle,Álex Valle,22,Defender,Spain,Defender,70.0,2.0,64.0,2.0,132.0,7.0,2.0,2.0,5.0,3.0,5.0,270.0,2.0,0.0,1.0,1.0,1.0,5.0,3.0,2.0,2.0,0.0,1.0,6.0,0.0,0.0,88.0,33.33,33.33,0.0,20.0,33.33,50.0,50.0,0.3589546205812444,0.4691364274152818,2.0,5.0,0.16211443,1.0,16.0,10.0,0.41577746,65.0,23.33333333333333,0.6666666666666666,21.33333333333333,0.6666666666666666,44.0,2.333333333333333,0.6666666666666666,0.6666666666666666,1.6666666666666667,1.0,1.6666666666666667,0.6666666666666666,0.0,0.3333333333333333,0.3333333333333333,0.3333333333333333,1.6666666666666667,1.0,0.6666666666666666,0.6666666666666666,0.0,0.3333333333333333,2.0,0.0,0.0,88.0,33.33,33.33,0.0,20.0,33.33,50.0,50.0,0.1196515401937481,0.1563788091384272,0.6666666666666666,1.6666666666666667,0.0540381433333333,0.3333333333333333,5.333333333333333,3.333333333333333,0.1385924866666666,21.666666666666668,LB/LCB,67,67,74,17,57,90,52,52,12,12,90,67,24,7,19,86,83,83,71,88,43,57,60,45,52,81,31,71,24,43,10,57,33,76,81,79,67,67,26,81,50,62,57,67,67,71,14,52,95,52,52,10,14,90,71,24,5,19,81,86,86,76,90,43,67,81,45,52,81,31,71,24,43,10,57,33,76,81,81,76,81,33,100,52,57,62,Serie A
Como,6uzfw7ahyxg4wrrfxo5u7qt0n,5e2zgfe3ltc6qbnoqdfshqsph,T. Chalobah,Trevoh Chalobah,27,Defender,England,Defender,153.0,0.0,42.0,4.0,195.0,1.0,1.0,1.0,14.0,14.0,3.0,270.0,1.0,1.0,4.0,6.0,0.0,1.0,1.0,0.0,0.0,0.0,1.0,2.0,0.0,0.0,94.66,50.0,0.0,100.0,100.0,73.68,54.55,66.67,0.1431610579725873,0.08741890035365,0.0,2.0,0.04382219,1.0,5.0,4.0,0.24134311,128.0,51.0,0.0,14.0,1.3333333333333333,65.0,0.3333333333333333,0.3333333333333333,0.3333333333333333,4.666666666666667,4.666666666666667,1.0,0.3333333333333333,0.3333333333333333,1.3333333333333333,2.0,0.0,0.3333333333333333,0.3333333333333333,0.0,0.0,0.0,0.3333333333333333,0.6666666666666666,0.0,0.0,94.66,50.0,0.0,100.0,100.0,73.68,54.55,66.67,0.0477203526575291,0.0291396334512166,0.0,0.6666666666666666,0.0146073966666666,0.3333333333333333,1.6666666666666667,1.3333333333333333,0.0804477033333333,42.66666666666666,CB,78,38,33,32,64,33,56,54,40,47,43,28,72,49,60,38,31,33,46,43,43,69,31,47,51,85,44,38,88,93,92,38,53,39,53,44,50,50,47,35,15,36,71,94,38,44,31,83,36,64,64,56,58,49,36,81,61,65,38,31,36,46,43,43,78,33,47,51,85,44,38,88,93,92,38,53,42,53,44,54,53,50,39,17,39,92,Serie A
Como,6uzfw7ahyxg4wrrfxo5u7qt0n,6d36zn3fr35yhj70yx5n445qs,M. Perrone,Máximo Perrone,23,Midfielder,Argentina,Midfielder,117.0,0.0,112.0,8.0,229.0,7.0,1.0,1.0,6.0,4.0,2.0,249.0,1.0,0.0,3.0,1.0,1.0,4.0,2.0,2.0,2.0,0.0,0.0,4.0,0.0,0.0,94.63,72.73,0.0,0.0,0.0,46.15,50.0,75.0,0.4152597440142268,0.383616849471533,0.0,3.0,0.06317351,1.0,18.0,20.0,0.4339617200000001,121.0,42.28915662650603,0.0,40.48192771084337,2.891566265060241,82.7710843373494,2.5301204819277108,0.3614457831325301,0.3614457831325301,2.1686746987951806,1.4457831325301205,0.7228915662650602,0.3614457831325301,0.0,1.0843373493975903,0.3614457831325301,0.3614457831325301,1.4457831325301205,0.7228915662650602,0.7228915662650602,0.7228915662650602,0.0,0.0,1.4457831325301205,0.0,0.0,94.63,72.73,0.0,0.0,0.0,46.15,50.0,75.0,0.1500938833786362,0.1386566925800721,0.0,1.0843373493975903,0.0228337987951807,0.3614457831325301,6.506024096385542,7.228915662650603,0.1568536337349398,43.73493975903615,DM/CM,92,29,77,71,88,94,27,27,8,50,29,17,13,44,50,79,73,88,54,83,44,27,65,52,52,96,73,29,13,27,17,77,83,85,77,19,35,31,23,62,71,58,77,96,29,85,73,96,96,27,27,8,54,31,23,13,50,50,85,81,88,54,85,44,27,73,52,52,96,73,29,13,27,17,77,83,88,81,19,35,31,19,69,81,65,85,Serie A
Como,6uzfw7ahyxg4wrrfxo5u7qt0n,7onr52be14is8cwcfd2k1i784,M. Baturina,Martin Baturina,23,Midfielder,Croatia,Midfielder,27.0,2.0,89.0,6.0,114.0,4.0,3.0,4.0,9.0,0.0,0.0,224.0,5.0,2.0,1.0,0.0,1.0,8.0,3.0,5.0,2.0,2.0,3.0,16.0,0.0,0.0,89.06,66.67,25.0,66.67,37.5,45.0,0.0,50.0,0.5954423334929988,0.3350154014728664,5.0,19.0,0.5010900699999999,7.0,11.0,18.0,0.7765430400000001,52.0,10.848214285714285,0.8035714285714286,35.75892857142857,2.4107142857142856,45.80357142857143,1.6071428571428572,1.2053571428571428,1.6071428571428572,3.616071428571429,0.0,0.0,2.008928571428571,0.8035714285714286,0.4017857142857143,0.0,0.4017857142857143,3.2142857142857144,1.2053571428571428,2.008928571428571,0.8035714285714286,0.8035714285714286,1.2053571428571428,6.428571428571429,0.0,0.0,89.06,66.67,25.0,66.67,37.5,45.0,0.0,50.0,0.239240223278437,0.1346044023774909,2.008928571428571,7.633928571428571,0.2013308316964285,2.8125,4.419642857142857,7.232142857142857,0.3120039,20.892857142857142,CM/AM,11,67,78,75,50,58,33,39,28,11,14,78,44,19,14,78,69,58,83,67,94,67,92,53,53,67,64,47,78,67,39,17,39,61,67,94,94,100,89,58,83,94,39,28,78,83,89,67,72,44,50,56,11,14,89,72,33,14,94,94,72,89,83,100,89,100,53,53,67,64,47,78,67,39,17,39,78,78,94,100,100,89,72,89,100,72,Serie A
Como,6uzfw7ahyxg4wrrfxo5u7qt0n,92vjurxjnipl210yanki2oz8q,L. da Cunha,Lucas da Cunha,25,Midfielder,France,Midfielder,80.0,6.0,156.0,13.0,230.0,9.0,5.0,5.0,11.0,5.0,0.0,271.0,1.0,3.0,4.0,0.0,0.0,7.0,1.0,6.0,5.0,0.0,0.0,3.0,0.0,0.0,94.65,92.86,46.15,60.0,0.0,61.11,0.0,57.14,0.4278666890968703,0.891852192003324,6.0,15.0,0.33190848,13.0,21.0,19.0,0.5535602500000001,122.0,26.568265682656826,1.992619926199262,51.808118081180815,4.317343173431734,76.38376383763838,2.988929889298893,1.6605166051660516,1.6605166051660516,3.653136531365314,1.6605166051660516,0.0,0.3321033210332103,0.996309963099631,1.328413284132841,0.0,0.0,2.3247232472324724,0.3321033210332103,1.992619926199262,1.6605166051660516,0.0,0.0,0.996309963099631,0.0,0.0,94.65,92.86,46.15,60.0,0.0,61.11,0.0,57.14,0.1420959484085547,0.2961870748350522,1.992619926199262,4.981549815498156,0.1102279084870848,4.317343173431734,6.974169741697417,6.3099630996309966,0.1838391974169742,40.51660516605166,DM/CM,62,100,96,92,92,100,81,81,35,60,4,17,83,60,19,31,96,67,96,98,44,27,44,52,52,100,100,81,62,27,96,29,62,88,100,100,92,96,100,77,65,73,81,69,100,100,96,92,100,85,85,31,65,4,19,85,69,19,31,96,77,96,96,44,27,50,52,52,100,100,81,62,27,96,29,62,85,100,100,96,92,100,73,73,77,81,Serie A
Como,6uzfw7ahyxg4wrrfxo5u7qt0n,9i6hs8toyjwrh7ub04vow8wes,N. Paz,Nico Paz,22,Midfielder,Argentina,Midfielder,49.0,3.0,163.0,6.0,209.0,6.0,11.0,11.0,29.0,0.0,2.0,330.0,5.0,6.0,6.0,1.0,1.0,17.0,11.0,6.0,8.0,1.0,3.0,23.0,0.0,0.0,89.7,66.67,60.0,54.55,17.65,56.86,33.33,35.29,1.3446518229949658,0.3253484857768159,8.0,19.0,0.4877372999999999,11.0,26.0,27.0,0.66309646,125.0,13.363636363636363,0.8181818181818182,44.45454545454545,1.6363636363636365,57.0,1.6363636363636365,3.0,3.0,7.909090909090909,0.0,0.5454545454545455,1.3636363636363638,1.6363636363636365,1.6363636363636365,0.2727272727272727,0.2727272727272727,4.636363636363637,3.0,1.6363636363636365,2.181818181818182,0.2727272727272727,0.8181818181818182,6.272727272727273,0.0,0.0,89.7,66.67,60.0,54.55,17.65,56.86,33.33,35.29,0.3667232244531725,0.0887314052118588,2.181818181818182,5.181818181818182,0.1330192636363636,3.0,7.090909090909091,7.363636363636364,0.1808444890909091,34.09090909090909,CM/AM,56,81,100,75,89,89,97,94,100,11,56,78,94,86,42,78,100,100,92,100,72,67,100,53,53,78,64,94,67,39,83,42,28,100,61,100,94,89,94,94,97,89,100,44,83,94,72,83,83,94,94,100,11,61,67,94,89,39,78,100,100,83,94,72,67,94,53,53,78,64,94,67,39,83,42,28,100,56,100,89,89,94,89,100,89,94,Serie A
Como,6uzfw7ahyxg4wrrfxo5u7qt0n,ay89se5rytzay8md0yeadykq2,Yan Couto,Yan Bueno Couto,24,Defender,Brazil,Defender,78.0,1.0,126.0,6.0,203.0,5.0,2.0,3.0,3.0,6.0,2.0,327.0,0.0,0.0,2.0,0.0,1.0,5.0,1.0,4.0,0.0,0.0,3.0,6.0,0.0,0.0,90.62,60.0,16.67,0.0,60.0,37.5,0.0,66.67,0.2758266167546538,0.520636785376662,4.0,14.0,0.39201233,8.0,21.0,27.0,0.7740466200000001,103.0,21.467889908256883,0.2752293577981651,34.678899082568805,1.651376146788991,55.87155963302752,1.3761467889908257,0.5504587155963303,0.8256880733944955,0.8256880733944955,1.651376146788991,0.5504587155963303,0.0,0.0,0.5504587155963303,0.0,0.2752293577981651,1.3761467889908257,0.2752293577981651,1.1009174311926606,0.0,0.0,0.8256880733944955,1.651376146788991,0.0,0.0,90.62,60.0,16.67,0.0,60.0,37.5,0.0,66.67,0.0759155825930239,0.1432945280853198,1.1009174311926606,3.853211009174312,0.1078933018348624,2.201834862385321,5.779816513761468,7.431192660550459,0.2130403541284404,28.34862385321101,RB/RCB,79,55,97,87,95,92,32,34,5,32,39,11,16,16,5,87,92,47,100,34,47,100,66,50,53,95,87,58,16,89,11,5,50,74,95,100,84,89,100,95,100,89,89,84,58,100,84,95,89,37,37,5,32,42,11,16,21,5,89,95,47,100,34,47,100,63,50,53,95,87,58,16,89,11,5,50,74,95,100,89,95,100,100,100,89,89,Serie A
Como,6uzfw7ahyxg4wrrfxo5u7qt0n,ch1lxxbn01at4jmkafy4uevh1,Luis Milla,Luis Milla,31,Midfielder,Spain,Midfielder,63.0,5.0,105.0,3.0,163.0,6.0,2.0,2.0,8.0,5.0,8.0,200.0,3.0,2.0,2.0,0.0,0.0,1.0,1.0,0.0,0.0,0.0,0.0,1.0,0.0,0.0,92.61,50.0,29.41,100.0,0.0,61.54,0.0,66.67,0.088144424813837,0.8397401042590449,0.0,1.0,0.0241224,1.0,22.0,10.0,0.21804993,100.0,28.35,2.25,47.25,1.35,73.35,2.7,0.8999999999999999,0.8999999999999999,3.6,2.25,3.6,1.35,0.8999999999999999,0.8999999999999999,0.0,0.0,0.4499999999999999,0.4499999999999999,0.0,0.0,0.0,0.0,0.4499999999999999,0.0,0.0,92.61,50.0,29.41,100.0,0.0,61.54,0.0,66.67,0.0396649911662266,0.3778830469165701,0.0,0.4499999999999999,0.01085508,0.4499999999999999,9.9,4.5,0.0981224684999999,45.0,CM/AM,67,94,83,39,81,89,19,19,19,86,100,36,44,50,14,31,17,25,19,19,31,17,14,53,53,100,33,61,94,17,89,17,58,17,94,22,6,6,14,86,56,50,89,94,100,100,50,100,100,22,22,50,89,100,61,78,72,14,31,22,33,19,19,31,17,17,53,53,100,33,61,94,17,89,17,58,22,100,22,6,6,22,100,72,67,100,Serie A
Internazionale,3vo5mpj7catp66nrwwqiuhuup,19856wqwrmzmvfw9thf0tzrv9,F. Dimarco,Federico Dimarco,28,Defender,Italy,Defender,64.0,13.0,92.0,6.0,143.0,14.0,2.0,2.0,7.0,0.0,4.0,262.0,1.0,1.0,2.0,1.0,1.0,7.0,4.0,3.0,0.0,0.0,2.0,14.0,0.0,0.0,86.14,75.0,48.15,50.0,28.57,58.33,50.0,50.0,0.4659113763800495,1.677062467518173,2.0,9.0,0.22920181,3.0,14.0,19.0,1.1165961199999996,59.0,21.98473282442748,4.465648854961832,31.603053435114504,2.0610687022900764,49.12213740458016,4.809160305343512,0.6870229007633588,0.6870229007633588,2.404580152671756,0.0,1.3740458015267176,0.3435114503816794,0.3435114503816794,0.6870229007633588,0.3435114503816794,0.3435114503816794,2.404580152671756,1.3740458015267176,1.0305343511450382,0.0,0.0,0.6870229007633588,4.809160305343512,0.0,0.0,86.14,75.0,48.15,50.0,28.57,58.33,50.0,50.0,0.1600458926496353,0.5760901605978457,0.6870229007633588,3.0916030534351147,0.0787334461832061,1.0305343511450382,4.809160305343512,6.526717557251908,0.3835635526717556,20.267175572519086,LB/LCB,62,100,86,55,67,100,52,52,29,5,69,40,57,29,19,86,95,98,88,38,43,83,100,45,52,57,95,95,55,55,57,57,33,86,100,79,93,90,69,71,86,100,52,62,100,90,67,76,100,57,57,24,5,76,48,62,33,24,86,95,100,90,38,43,86,100,45,52,57,95,95,55,55,57,57,33,90,100,86,90,95,76,71,90,100,57,Serie A
Internazionale,3vo5mpj7catp66nrwwqiuhuup,1v6nfd46wx11jbfertslccbo4,F. Esposito,Francesco Pio Esposito,21,Attacker,Italy,Striker,18.0,1.0,39.0,1.0,56.0,4.0,0.0,0.0,17.0,2.0,0.0,290.0,8.0,0.0,1.0,8.0,1.0,13.0,11.0,2.0,4.0,2.0,5.0,27.0,0.0,0.0,68.29,50.0,50.0,0.0,38.46,58.62,72.73,100.0,1.462710677781419,0.2169024746562043,2.0,4.0,0.14242815,2.0,3.0,5.0,0.21209126,25.0,5.586206896551724,0.3103448275862069,12.10344827586207,0.3103448275862069,17.379310344827587,1.2413793103448276,0.0,0.0,5.275862068965517,0.6206896551724138,0.0,2.4827586206896552,0.0,0.3103448275862069,2.4827586206896552,0.3103448275862069,4.0344827586206895,3.413793103448276,0.6206896551724138,1.2413793103448276,0.6206896551724138,1.5517241379310345,8.379310344827585,0.0,0.0,68.29,50.0,50.0,0.0,38.46,58.62,72.73,100.0,0.4539446931045783,0.0673145611002013,0.6206896551724138,1.2413793103448276,0.0442018396551724,0.6206896551724138,0.9310344827586208,1.5517241379310345,0.0658214255172413,7.758620689655173,ST,71,82,79,54,82,62,5,5,84,55,27,95,11,52,88,86,86,86,75,93,80,93,91,48,52,21,55,91,11,50,100,100,86,89,43,62,70,71,77,62,86,71,93,64,79,79,50,79,54,5,5,79,50,27,86,11,46,89,89,93,89,79,96,75,93,89,48,52,21,55,91,11,50,100,100,86,93,46,57,71,71,71,61,82,75,86,Serie A
Internazionale,3vo5mpj7catp66nrwwqiuhuup,3hpaoy4qzn5xp7qnzdrj1yvsa,A. Diouf,Andy Diouf,23,Midfielder,France,Midfielder,41.0,1.0,76.0,1.0,116.0,13.0,6.0,6.0,7.0,3.0,2.0,255.0,0.0,1.0,3.0,2.0,3.0,3.0,1.0,2.0,1.0,0.0,1.0,16.0,0.0,0.0,91.34,100.0,33.33,16.67,33.33,41.18,50.0,75.0,0.1772041320114152,1.2185441461284074,1.0,17.0,0.53375079,6.0,6.0,10.0,0.8602264200000003,43.0,14.470588235294118,0.3529411764705882,26.823529411764703,0.3529411764705882,40.94117647058823,4.588235294117647,2.117647058823529,2.117647058823529,2.4705882352941173,1.0588235294117647,0.7058823529411764,0.0,0.3529411764705882,1.0588235294117647,0.7058823529411764,1.0588235294117647,1.0588235294117647,0.3529411764705882,0.7058823529411764,0.3529411764705882,0.0,0.3529411764705882,5.647058823529411,0.0,0.0,91.34,100.0,33.33,16.67,33.33,41.18,50.0,75.0,0.0625426348275583,0.4300744045159085,0.3529411764705882,6.0,0.1883826317647058,2.117647058823529,2.117647058823529,3.5294117647058822,0.3036093247058824,15.176470588235292,RM/RCM,57,36,57,29,57,86,86,86,36,50,64,14,29,79,71,100,29,29,71,50,43,36,100,57,57,100,100,50,29,50,50,64,93,29,86,64,100,100,71,43,43,100,43,71,43,86,14,86,100,100,100,43,71,57,14,43,86,71,100,57,29,71,57,43,43,86,57,57,100,100,50,29,50,50,64,93,29,86,71,100,100,86,43,71,100,57,Serie A
Internazionale,3vo5mpj7catp66nrwwqiuhuup,7r2tgpdrr4v6n9d2gkzwmlazt,Lautaro Martínez,Lautaro Martínez,29,Attacker,Argentina,Striker,24.0,1.0,41.0,3.0,64.0,4.0,7.0,7.0,12.0,2.0,1.0,234.0,4.0,2.0,2.0,2.0,0.0,16.0,15.0,1.0,5.0,2.0,4.0,27.0,0.0,0.0,79.01,50.0,50.0,28.57,25.0,41.38,40.0,50.0,1.8537473687556576,0.3500841951517746,3.0,7.0,0.2156652899999999,2.0,2.0,3.0,0.22475616,23.0,9.23076923076923,0.3846153846153846,15.769230769230768,1.1538461538461535,24.615384615384613,1.5384615384615383,2.692307692307692,2.692307692307692,4.615384615384615,0.7692307692307692,0.3846153846153846,1.5384615384615383,0.7692307692307692,0.7692307692307692,0.7692307692307692,0.0,6.153846153846153,5.769230769230769,0.3846153846153846,1.923076923076923,0.7692307692307692,1.5384615384615383,10.384615384615383,0.0,0.0,79.01,50.0,50.0,28.57,25.0,41.38,40.0,50.0,0.7129797572137144,0.1346477673660671,1.1538461538461535,2.692307692307692,0.0829481884615384,0.7692307692307692,0.7692307692307692,1.1538461538461535,0.0864446769230769,8.846153846153847,ST,93,82,86,82,86,62,61,57,39,55,71,32,55,82,36,39,96,100,39,100,80,75,91,48,52,68,55,91,43,20,46,68,50,96,71,82,79,75,77,45,55,82,89,96,89,89,86,93,71,71,68,57,64,82,57,61,89,39,39,100,100,54,100,93,89,96,48,52,68,55,91,43,20,46,68,50,96,71,86,82,82,79,54,64,82,93,Serie A
Internazionale,3vo5mpj7catp66nrwwqiuhuup,ahgd3on22t4h7gg9ipnj1itw5,N. Barella,Nicolò Barella,29,Midfielder,Italy,Midfielder,77.0,5.0,140.0,12.0,212.0,10.0,8.0,8.0,15.0,3.0,1.0,360.0,3.0,8.0,1.0,0.0,1.0,8.0,4.0,4.0,1.0,1.0,5.0,14.0,0.0,0.0,90.99,70.59,38.46,100.0,62.5,65.22,0.0,25.0,1.1494665167844254,1.0532928336382676,4.0,11.0,0.28173954,3.0,22.0,23.0,0.8477408300000001,82.0,19.25,1.25,35.0,3.0,53.0,2.5,2.0,2.0,3.75,0.75,0.25,0.75,2.0,0.25,0.0,0.25,2.0,1.0,1.0,0.25,0.25,1.25,3.5,0.0,0.0,90.99,70.59,38.46,100.0,62.5,65.22,0.0,25.0,0.2873666291961063,0.2633232084095669,1.0,2.75,0.070434885,0.75,5.5,5.75,0.2119352075,20.5,CM/AM,94,94,89,100,94,100,83,83,78,64,36,36,100,19,14,78,69,72,75,47,72,97,83,53,53,89,78,83,94,89,94,17,8,94,100,81,72,78,50,86,89,100,83,72,89,78,100,78,94,81,81,61,53,28,28,100,8,14,64,61,67,67,39,64,94,72,53,53,89,78,83,94,89,94,17,8,83,94,69,72,78,44,83,83,94,67,Serie A
Internazionale,3vo5mpj7catp66nrwwqiuhuup,almf0gtdjmsdm5zhyot1hvydx,M. Akanji,Manuel Akanji,31,Defender,Switzerland,Defender,154.0,0.0,87.0,12.0,241.0,2.0,1.0,1.0,21.0,16.0,6.0,323.0,0.0,0.0,4.0,15.0,1.0,6.0,6.0,0.0,0.0,0.0,1.0,8.0,0.0,0.0,95.26,92.31,0.0,0.0,16.67,75.0,83.33,66.67,0.8434570323926822,0.0577999446099326,0.0,2.0,0.03932202,0.0,15.0,15.0,0.3564135499999999,146.0,42.910216718266255,0.0,24.241486068111453,3.343653250773994,67.15170278637771,0.5572755417956656,0.2786377708978328,0.2786377708978328,5.851393188854489,4.458204334365325,1.671826625386997,0.0,0.0,1.1145510835913313,4.179566563467492,0.2786377708978328,1.671826625386997,1.671826625386997,0.0,0.0,0.0,0.2786377708978328,2.2291021671826625,0.0,0.0,95.26,92.31,0.0,0.0,16.67,75.0,83.33,66.67,0.2350189873539981,0.0161052477241298,0.0,0.5572755417956656,0.0109565999999999,0.0,4.179566563467492,4.179566563467492,0.0993102770897832,40.68111455108359,CB,81,38,83,94,89,64,56,54,93,60,76,7,29,49,97,86,100,100,46,43,43,69,89,47,51,94,97,38,29,56,97,97,53,100,42,44,50,47,18,69,69,58,85,81,38,75,94,86,67,61,61,83,53,75,7,29,42,94,86,97,97,46,43,43,72,83,47,51,94,97,38,29,56,97,97,53,100,36,44,50,44,18,69,69,64,83,Serie A
Internazionale,3vo5mpj7catp66nrwwqiuhuup,dpcws493fepch23sk26m1a8yd,P. Zieliński,Piotr Zielinski,32,Midfielder,Poland,Midfielder,81.0,2.0,125.0,6.0,204.0,3.0,0.0,0.0,6.0,1.0,1.0,262.0,3.0,0.0,1.0,0.0,1.0,9.0,2.0,7.0,5.0,1.0,2.0,5.0,0.0,0.0,93.58,85.71,50.0,0.0,22.22,50.0,0.0,33.33,0.7448104349560465,0.3198295691984007,3.0,22.0,0.4984957499999999,10.0,27.0,22.0,0.58577322,144.0,27.824427480916032,0.6870229007633588,42.93893129770993,2.0610687022900764,70.0763358778626,1.0305343511450382,0.0,0.0,2.0610687022900764,0.3435114503816794,0.3435114503816794,1.0305343511450382,0.0,0.3435114503816794,0.0,0.3435114503816794,3.0916030534351147,0.6870229007633588,2.404580152671756,1.717557251908397,0.3435114503816794,0.6870229007633588,1.717557251908397,0.0,0.0,93.58,85.71,50.0,0.0,22.22,50.0,0.0,33.33,0.255850912771161,0.1098651191902903,1.0305343511450382,7.557251908396947,0.171238998091603,3.435114503816794,9.274809160305344,7.557251908396947,0.2012198083969465,49.46564885496184,DM/CM,65,81,81,58,85,50,10,10,8,8,13,54,13,12,19,79,100,88,100,98,94,92,83,52,52,92,94,87,13,62,31,29,13,100,58,90,100,100,96,88,81,81,92,81,88,88,56,88,58,10,10,4,6,12,56,13,12,19,81,100,85,100,100,100,96,88,52,52,92,94,87,13,62,31,29,13,100,62,96,100,100,96,88,87,81,96,Serie A
Internazionale,3vo5mpj7catp66nrwwqiuhuup,q6ns1fyw7w10xkkubh8etfc9,A. Bastoni,Alessandro Bastoni,27,Defender,Italy,Defender,191.0,2.0,127.0,14.0,316.0,5.0,1.0,1.0,15.0,8.0,2.0,329.0,1.0,1.0,8.0,4.0,0.0,2.0,2.0,0.0,0.0,0.0,0.0,3.0,0.0,0.0,90.29,56.0,22.22,100.0,0.0,68.18,80.0,88.89,0.2419313023895552,0.4590069047705025,0.0,8.0,0.18773266,3.0,19.0,23.0,1.0524513400000002,174.0,52.24924012158055,0.547112462006079,34.74164133738602,3.8297872340425534,86.44376899696049,1.3677811550151977,0.2735562310030395,0.2735562310030395,4.103343465045593,2.188449848024316,0.547112462006079,0.2735562310030395,0.2735562310030395,2.188449848024316,1.094224924012158,0.0,0.547112462006079,0.547112462006079,0.0,0.0,0.0,0.0,0.8206686930091186,0.0,0.0,90.29,56.0,22.22,100.0,0.0,68.18,80.0,88.89,0.0661818152433433,0.1255641988733897,0.0,2.188449848024316,0.051355438905775,0.8206686930091186,5.197568389057751,6.291793313069909,0.2879046218844985,47.59878419452888,LB/LCB,100,67,100,90,100,76,31,31,69,45,38,40,57,93,71,36,40,62,21,38,43,21,36,45,52,86,62,57,95,21,90,100,86,62,76,21,83,71,69,95,90,95,100,100,57,100,90,100,71,24,24,57,38,38,38,52,95,52,36,43,67,21,38,43,21,29,45,52,86,62,57,95,21,90,100,86,57,76,21,86,71,67,86,86,95,100,Serie A
Frosinone,5khizzei8z0qbb7exz622wxw3,1e6s5l3tp48t6ybq73lzzmkx6,G. Cittadini,Giorgio Cittadini,24,Defender,Italy,Defender,39.0,0.0,22.0,4.0,61.0,1.0,0.0,0.0,24.0,21.0,10.0,230.0,1.0,0.0,7.0,13.0,0.0,1.0,1.0,0.0,0.0,0.0,0.0,1.0,0.0,0.0,80.26,36.36,0.0,0.0,0.0,75.0,86.67,70.0,0.1470503887180922,0.0591371377645328,0.0,1.0,0.02385149,1.0,3.0,5.0,0.14281417,36.0,15.260869565217392,0.0,8.608695652173914,1.565217391304348,23.869565217391305,0.391304347826087,0.0,0.0,9.391304347826088,8.217391304347826,3.91304347826087,0.391304347826087,0.0,2.739130434782609,5.086956521739131,0.0,0.391304347826087,0.391304347826087,0.0,0.0,0.0,0.0,0.391304347826087,0.0,0.0,80.26,36.36,0.0,0.0,0.0,75.0,86.67,70.0,0.0575414564549056,0.0231406191252519,0.0,0.391304347826087,0.0093331917391304,0.391304347826087,1.173913043478261,1.956521739130435,0.0558838056521739,14.08695652173913,CB,14,38,11,32,6,33,22,21,97,82,89,28,29,99,93,38,31,33,46,43,43,28,15,47,51,11,19,38,29,28,97,100,64,42,44,44,33,35,47,15,24,11,11,17,38,19,39,14,44,22,21,100,100,97,39,29,100,97,38,44,44,46,43,43,28,19,47,51,11,19,38,29,28,97,100,64,53,47,44,39,42,56,25,39,25,19,Serie A
Frosinone,5khizzei8z0qbb7exz622wxw3,2lx4dy8gdeox803t8iwmy2ivo,G. Kvernadze,Giorgi Kvernadze,23,Attacker,Georgia,Striker,15.0,0.0,40.0,3.0,55.0,10.0,26.0,28.0,26.0,2.0,0.0,357.0,6.0,13.0,4.0,0.0,1.0,10.0,8.0,2.0,3.0,2.0,4.0,22.0,0.0,0.0,85.94,75.0,0.0,50.0,40.0,44.83,0.0,57.14,1.037473496992363,0.7364724416890587,6.0,14.0,0.50257918,1.0,2.0,2.0,0.3966646199999999,11.0,3.7815126050420167,0.0,10.084033613445378,0.7563025210084033,13.865546218487394,2.5210084033613445,6.554621848739496,7.0588235294117645,6.554621848739496,0.5042016806722689,0.0,1.512605042016807,3.277310924369748,1.0084033613445378,0.0,0.2521008403361344,2.5210084033613445,2.016806722689076,0.5042016806722689,0.7563025210084033,0.5042016806722689,1.0084033613445378,5.546218487394958,0.0,0.0,85.94,75.0,0.0,50.0,40.0,44.83,0.0,57.14,0.2615479404182427,0.1856653214342164,1.512605042016807,3.5294117647058822,0.1267006336134453,0.2521008403361344,0.5042016806722689,0.5042016806722689,0.0999994840336134,2.773109243697479,ST,61,36,82,82,77,96,100,100,100,55,27,71,100,96,7,86,71,71,75,77,80,75,77,48,52,93,64,36,73,61,68,9,57,61,96,95,93,93,50,45,36,96,41,36,36,68,75,57,93,100,100,96,39,27,54,100,96,7,82,61,57,64,64,68,50,71,48,52,93,64,36,73,61,68,9,57,43,89,93,86,89,36,39,29,86,25,Serie A
Frosinone,5khizzei8z0qbb7exz622wxw3,3j2yog3zyussh0aq1xgz3e2cq,A. Oyono,Anthony Oyono,25,Defender,Gabon,Defender,23.0,1.0,46.0,0.0,68.0,1.0,5.0,5.0,23.0,16.0,7.0,293.0,7.0,3.0,7.0,3.0,1.0,6.0,3.0,3.0,3.0,0.0,1.0,4.0,0.0,0.0,75.56,0.0,20.0,60.0,16.67,52.27,33.33,70.0,0.4086887304341152,0.1373385982638416,3.0,7.0,0.1650573,4.0,9.0,6.0,0.2858878,43.0,7.064846416382252,0.3071672354948805,14.129692832764505,0.0,20.88737201365188,0.3071672354948805,1.5358361774744027,1.5358361774744027,7.064846416382252,4.914675767918089,2.150170648464164,2.150170648464164,0.9215017064846416,2.150170648464164,0.9215017064846416,0.3071672354948805,1.843003412969284,0.9215017064846416,0.9215017064846416,0.9215017064846416,0.0,0.3071672354948805,1.2286689419795225,0.0,0.0,75.56,0.0,20.0,60.0,16.67,52.27,33.33,70.0,0.1255357875053596,0.0421859175554462,0.9215017064846416,2.150170648464164,0.0507001945392491,1.2286689419795225,2.7645051194539247,1.843003412969284,0.0878153651877133,13.208191126279864,RB/RCB,16,55,34,11,21,26,68,63,89,92,97,100,79,76,63,87,100,87,95,100,47,87,42,50,53,11,11,63,68,79,47,37,61,84,37,95,58,53,66,53,32,42,18,5,63,42,11,16,26,79,79,95,95,100,100,84,79,68,95,100,89,95,100,47,95,42,50,53,11,11,63,68,79,47,37,61,89,42,95,63,63,68,58,26,47,16,Serie A
Frosinone,5khizzei8z0qbb7exz622wxw3,51shig8ylkdt63h19537eclbd,G. Calò,Giacomo Calò,29,Midfielder,Italy,Midfielder,61.0,14.0,98.0,8.0,145.0,15.0,3.0,3.0,15.0,4.0,1.0,350.0,8.0,3.0,1.0,1.0,1.0,6.0,3.0,3.0,2.0,0.0,2.0,6.0,0.0,0.0,80.56,32.0,56.0,100.0,33.33,65.22,25.0,33.33,0.4072768815912753,1.8335089088222103,1.0,1.0,0.0241224,4.0,14.0,15.0,0.48596437,82.0,15.685714285714283,3.6,25.2,2.0571428571428574,37.285714285714285,3.857142857142857,0.7714285714285715,0.7714285714285715,3.857142857142857,1.0285714285714287,0.2571428571428572,2.0571428571428574,0.7714285714285715,0.2571428571428572,0.2571428571428572,0.2571428571428572,1.542857142857143,0.7714285714285715,0.7714285714285715,0.5142857142857143,0.0,0.5142857142857143,1.542857142857143,0.0,0.0,80.56,32.0,56.0,100.0,33.33,65.22,25.0,33.33,0.1047283409806136,0.4714737194114255,0.2571428571428572,0.2571428571428572,0.0062029028571428,1.0285714285714287,3.6,3.857142857142857,0.1249622665714285,21.085714285714285,RM/RCM,86,100,86,93,86,100,14,14,86,79,29,100,100,36,29,64,79,50,93,79,43,64,64,57,57,14,29,100,100,50,100,29,29,71,100,64,14,14,43,79,86,86,86,86,100,71,86,71,71,14,14,86,57,29,100,86,43,14,57,71,57,86,86,43,71,57,57,57,14,29,100,100,50,100,29,29,71,100,43,14,14,43,71,86,86,86,Serie A
Frosinone,5khizzei8z0qbb7exz622wxw3,7xdhy2xi9mrhzjn6aiatd9ono,P. Masini,Patrizio Masini,25,Midfielder,Italy,Midfielder,34.0,0.0,43.0,2.0,77.0,1.0,2.0,3.0,22.0,12.0,7.0,301.0,5.0,1.0,11.0,3.0,1.0,3.0,0.0,3.0,1.0,0.0,0.0,5.0,0.0,0.0,74.76,28.57,0.0,50.0,0.0,53.66,37.5,78.57,0.1350217222647726,0.1907552321997184,2.0,1.0,0.02401521,1.0,7.0,5.0,0.4224217299999999,42.0,10.16611295681063,0.0,12.857142857142856,0.5980066445182725,23.023255813953487,0.2990033222591362,0.5980066445182725,0.8970099667774086,6.578073089700997,3.5880398671096345,2.093023255813953,1.495016611295681,0.2990033222591362,3.2890365448504983,0.8970099667774086,0.2990033222591362,0.8970099667774086,0.0,0.8970099667774086,0.2990033222591362,0.0,0.0,1.495016611295681,0.0,0.0,74.76,28.57,0.0,50.0,0.0,53.66,37.5,78.57,0.0403719435343173,0.0570364481660287,0.5980066445182725,0.2990033222591362,0.0071806275747508,0.2990033222591362,2.093023255813953,1.495016611295681,0.1263055006644518,12.55813953488372,DM/CM,4,29,19,15,8,13,44,56,96,96,90,85,44,100,79,79,52,27,73,58,44,27,83,52,52,4,13,29,48,27,54,69,92,35,42,71,13,15,23,17,13,54,12,4,29,15,19,4,15,46,54,92,96,88,81,50,100,81,65,54,27,77,58,44,27,77,52,52,4,13,29,48,27,54,69,92,38,38,69,15,15,15,19,12,50,15,Serie A
Frosinone,5khizzei8z0qbb7exz622wxw3,b4q9q0qgmtz959rygieg9ln1l,R. Schmid,Romano Schmid,26,Midfielder,Austria,Midfielder,23.0,0.0,46.0,5.0,69.0,1.0,5.0,6.0,10.0,2.0,0.0,277.0,3.0,2.0,1.0,2.0,1.0,0.0,0.0,0.0,0.0,0.0,0.0,3.0,0.0,0.0,72.63,71.43,0.0,40.0,0.0,38.46,50.0,33.33,0.0,0.1266425844637841,0.0,5.0,0.13069131,3.0,5.0,14.0,0.27784704,35.0,7.472924187725631,0.0,14.945848375451265,1.624548736462094,22.41877256317689,0.3249097472924188,1.624548736462094,1.9494584837545128,3.249097472924188,0.6498194945848376,0.0,0.9747292418772564,0.6498194945848376,0.3249097472924188,0.6498194945848376,0.3249097472924188,0.0,0.0,0.0,0.0,0.0,0.0,0.9747292418772564,0.0,0.0,72.63,71.43,0.0,40.0,0.0,38.46,50.0,33.33,0.0,0.0411474101145868,0.0,1.624548736462094,0.0424628805054151,0.9747292418772564,1.624548736462094,4.548736462093863,0.0902752115523465,11.371841155234655,CM/AM,6,17,19,61,11,11,58,56,36,39,14,36,44,19,64,78,6,8,19,19,31,17,25,53,53,6,83,17,47,17,22,67,22,6,22,22,36,39,50,14,78,61,17,11,17,17,67,17,11,61,72,22,39,14,33,50,17,61,83,6,8,19,19,31,17,28,53,53,6,83,17,47,17,22,67,22,6,39,22,39,39,61,17,78,61,22,Serie A
Frosinone,5khizzei8z0qbb7exz622wxw3,cbzfr0b3pjiknahduv488ogoa,I. Monterisi,Ilario Monterisi,24,Defender,Italy,Defender,21.0,0.0,20.0,5.0,41.0,3.0,0.0,0.0,16.0,18.0,3.0,213.0,1.0,0.0,4.0,7.0,0.0,4.0,4.0,0.0,0.0,0.0,1.0,7.0,0.0,0.0,75.93,50.0,0.0,0.0,25.0,51.61,43.75,50.0,0.5149942273829533,0.1769261475466324,0.0,0.0,0.0,1.0,7.0,8.0,0.1844790899999999,29.0,8.873239436619718,0.0,8.450704225352112,2.112676056338028,17.323943661971832,1.267605633802817,0.0,0.0,6.76056338028169,7.605633802816901,1.267605633802817,0.4225352112676056,0.0,1.6901408450704225,2.9577464788732395,0.0,1.6901408450704225,1.6901408450704225,0.0,0.0,0.0,0.4225352112676056,2.9577464788732395,0.0,0.0,75.93,50.0,0.0,0.0,25.0,51.61,43.75,50.0,0.2176031946688535,0.0747575271323798,0.0,0.0,0.0,0.4225352112676056,2.9577464788732395,3.380281690140845,0.0779489112676055,12.253521126760564,CB,3,38,7,43,3,79,22,21,60,69,43,28,29,49,67,38,93,96,46,43,43,69,83,47,51,8,44,38,29,58,28,11,25,92,61,44,14,14,47,51,49,31,6,8,38,17,67,3,89,22,21,94,94,67,42,29,89,83,38,100,100,46,43,43,83,94,47,51,8,44,38,29,58,28,11,25,97,75,44,14,14,58,58,64,33,11,Serie A
Frosinone,5khizzei8z0qbb7exz622wxw3,ct2t62s5gte4o5hodlfz9hkb8,A. Raimondo,Antonio Raimondo,22,Attacker,Italy,Striker,4.0,0.0,14.0,0.0,18.0,3.0,3.0,3.0,10.0,0.0,1.0,329.0,5.0,0.0,1.0,4.0,0.0,8.0,7.0,1.0,4.0,4.0,4.0,12.0,0.0,0.0,62.07,0.0,0.0,0.0,50.0,27.03,25.0,100.0,1.0121395877605626,0.2679605696904789,1.0,2.0,0.13206623,2.0,1.0,3.0,0.03178411,8.0,1.094224924012158,0.0,3.8297872340425534,0.0,4.924012158054712,0.8206686930091186,0.8206686930091186,0.8206686930091186,2.7355623100303954,0.0,0.2735562310030395,1.3677811550151977,0.0,0.2735562310030395,1.094224924012158,0.0,2.188449848024316,1.9148936170212767,0.2735562310030395,1.094224924012158,1.094224924012158,1.094224924012158,3.2826747720364744,0.0,0.0,62.07,0.0,0.0,0.0,50.0,27.03,25.0,100.0,0.2768770908767496,0.0733022835019547,0.2735562310030395,0.547112462006079,0.0361275401215805,0.547112462006079,0.2735562310030395,0.8206686930091186,0.008694741337386,2.188449848024316,ST,5,36,14,23,7,46,29,29,21,9,71,48,11,52,57,39,61,61,39,93,96,75,36,48,52,4,23,36,11,80,14,36,86,57,54,30,36,68,77,27,55,7,21,4,36,4,23,4,46,21,21,14,9,61,36,11,36,43,39,32,36,25,93,96,68,21,48,52,4,23,36,11,80,14,36,86,50,50,18,25,64,68,18,50,7,14,Serie A
Frosinone,5khizzei8z0qbb7exz622wxw3,eg9jgcpcll4b1rfcx7u1gspw4,G. Calvani,Gabriele Calvani,22,Defender,Italy,Defender,48.0,0.0,13.0,3.0,61.0,0.0,1.0,1.0,25.0,23.0,5.0,344.0,4.0,0.0,7.0,11.0,0.0,4.0,4.0,0.0,1.0,0.0,0.0,5.0,0.0,0.0,71.76,33.33,0.0,0.0,0.0,65.79,84.62,70.0,0.4772934555735072,0.0,0.0,0.0,0.0,0.0,7.0,4.0,0.11936097,43.0,12.55813953488372,0.0,3.4011627906976742,0.7848837209302325,15.959302325581394,0.0,0.2616279069767441,0.2616279069767441,6.540697674418604,6.017441860465116,1.3081395348837208,1.0465116279069766,0.0,1.8313953488372088,2.877906976744186,0.0,1.0465116279069766,1.0465116279069766,0.0,0.2616279069767441,0.0,0.0,1.3081395348837208,0.0,0.0,71.76,33.33,0.0,0.0,0.0,65.79,84.62,70.0,0.1248732877953943,0.0,0.0,0.0,0.0,0.0,1.8313953488372088,1.0465116279069766,0.0312281607558139,11.25,RB/RCB,32,18,5,45,16,11,18,16,95,100,87,79,16,76,100,37,82,97,37,76,47,39,55,50,53,5,50,18,16,39,84,100,61,95,11,45,5,5,8,29,13,11,18,26,18,5,47,5,11,21,16,89,100,84,74,16,68,100,37,84,100,37,74,47,39,47,50,53,5,50,18,16,39,84,100,61,84,11,45,5,5,8,32,11,5,11,Serie A
Frosinone,5khizzei8z0qbb7exz622wxw3,j3e45tivwj7iod1xde5o642c,G. Bracaglia,Gabriele Bracaglia,23,Defender,Italy,Defender,23.0,1.0,33.0,3.0,55.0,5.0,1.0,1.0,17.0,19.0,2.0,330.0,6.0,1.0,3.0,6.0,1.0,5.0,2.0,3.0,2.0,1.0,3.0,4.0,0.0,0.0,63.22,15.79,50.0,100.0,60.0,54.84,54.55,75.0,0.4915803449272055,0.382348317965379,1.0,2.0,0.04382219,1.0,8.0,9.0,0.258056,37.0,6.272727272727273,0.2727272727272727,9.0,0.8181818181818182,15.0,1.3636363636363638,0.2727272727272727,0.2727272727272727,4.636363636363637,5.181818181818182,0.5454545454545455,1.6363636363636365,0.2727272727272727,0.8181818181818182,1.6363636363636365,0.2727272727272727,1.3636363636363638,0.5454545454545455,0.8181818181818182,0.5454545454545455,0.2727272727272727,0.8181818181818182,1.090909090909091,0.0,0.0,63.22,15.79,50.0,100.0,60.0,54.84,54.55,75.0,0.1340673667983287,0.1042768139905579,0.2727272727272727,0.5454545454545455,0.0119515063636363,0.2727272727272727,2.181818181818182,2.4545454545454546,0.070378909090909,10.090909090909092,LB/LCB,10,43,12,26,10,76,31,31,76,100,38,95,57,60,86,86,83,62,88,88,90,95,45,45,52,10,10,100,95,86,43,76,74,90,67,52,31,33,26,50,40,24,29,5,43,10,19,5,67,19,19,71,100,33,90,48,52,86,76,81,62,81,81,90,95,43,45,52,10,10,100,95,86,43,76,74,81,62,48,29,29,29,43,29,19,19,Serie A
Genoa,4kumqzwifv478caxed8zywlh3,1lxfpn0wmr895me9xbzcfnh90,A. Marcandalli,Alessandro Marcandalli,23,Defender,Italy,Defender,83.0,1.0,46.0,2.0,128.0,2.0,2.0,2.0,12.0,15.0,0.0,351.0,2.0,1.0,2.0,3.0,0.0,0.0,0.0,0.0,0.0,0.0,0.0,2.0,0.0,0.0,83.66,25.0,25.0,50.0,0.0,60.0,60.0,33.33,0.0,0.1769573798762395,0.0,1.0,0.02401521,1.0,11.0,8.0,0.23509825,64.0,21.28205128205128,0.2564102564102564,11.794871794871796,0.5128205128205129,32.820512820512825,0.5128205128205129,0.5128205128205129,0.5128205128205129,3.076923076923077,3.8461538461538463,0.0,0.5128205128205129,0.2564102564102564,0.5128205128205129,0.7692307692307693,0.0,0.0,0.0,0.0,0.0,0.0,0.0,0.5128205128205129,0.0,0.0,83.66,25.0,25.0,50.0,0.0,60.0,60.0,33.33,0.0,0.0453736871477537,0.0,0.2564102564102564,0.0061577461538461,0.2564102564102564,2.8205128205128207,2.0512820512820515,0.0602816025641025,16.410256410256412,RB/RCB,89,55,34,32,58,47,32,24,37,84,8,45,45,16,63,37,11,13,37,34,47,39,18,50,53,42,29,76,61,39,68,74,8,11,47,45,13,11,24,74,42,26,61,79,42,32,32,53,53,32,26,32,84,8,47,47,16,63,37,11,13,37,34,47,39,26,50,53,42,29,76,61,39,68,74,8,11,47,45,16,11,26,68,42,21,58,Serie A
Genoa,4kumqzwifv478caxed8zywlh3,2u7fm04v2xzqso4rubkrvjcru,M. Osmajić,Milutin Osmajic,27,Attacker,Montenegro,Striker,4.0,0.0,11.0,0.0,15.0,4.0,2.0,2.0,10.0,2.0,0.0,207.0,6.0,1.0,0.0,3.0,0.0,4.0,4.0,0.0,0.0,1.0,1.0,12.0,1.0,0.0,75.0,0.0,0.0,50.0,25.0,52.63,50.0,0.0,0.4815780859462606,0.3116337840699696,0.0,0.0,0.0,0.0,0.0,0.0,0.01590641,6.0,1.7391304347826089,0.0,4.782608695652175,0.0,6.521739130434783,1.7391304347826089,0.8695652173913044,0.8695652173913044,4.347826086956522,0.8695652173913044,0.0,2.608695652173913,0.4347826086956522,0.0,1.3043478260869563,0.0,1.7391304347826089,1.7391304347826089,0.0,0.0,0.4347826086956522,0.4347826086956522,5.217391304347826,0.4347826086956522,0.0,75.0,0.0,0.0,50.0,25.0,52.63,50.0,0.0,0.2093817764983742,0.1354929495956389,0.0,0.0,0.0,0.0,0.0,0.0,0.0069158304347826,2.608695652173913,ST,5,36,4,23,4,62,20,20,21,55,27,71,32,18,46,39,5,18,9,12,50,9,36,98,52,57,23,36,73,20,93,84,18,25,64,7,5,5,18,9,7,4,7,11,36,14,23,7,82,25,25,50,79,27,93,43,18,57,39,14,29,9,12,64,14,61,100,52,57,23,36,73,20,93,84,18,29,75,7,5,5,18,9,7,4,18,Serie A
Genoa,4kumqzwifv478caxed8zywlh3,2um03dny7h3sdvehq3bygd1t6,M. Frendrup,Morten Frendrup,25,Midfielder,Denmark,Midfielder,102.0,1.0,72.0,2.0,173.0,4.0,5.0,5.0,17.0,9.0,14.0,360.0,4.0,3.0,5.0,4.0,0.0,2.0,1.0,1.0,0.0,0.0,1.0,2.0,0.0,0.0,90.1,33.33,100.0,60.0,50.0,58.62,57.14,71.43,0.1938472510467072,0.2565731819973136,1.0,7.0,0.15017945,7.0,7.0,9.0,0.1985152199999999,79.0,25.5,0.25,18.0,0.5,43.25,1.0,1.25,1.25,4.25,2.25,3.5,1.0,0.75,1.25,1.0,0.0,0.5,0.25,0.25,0.0,0.0,0.25,0.5,0.0,0.0,90.1,33.33,100.0,60.0,50.0,58.62,57.14,71.43,0.0484618127616768,0.0641432954993284,0.25,1.75,0.0375448625,1.75,1.75,2.25,0.0496288049999999,19.75,DM/CM,85,63,42,15,58,67,81,81,77,88,100,77,83,75,88,31,35,67,37,23,44,69,27,52,52,58,19,98,62,87,81,83,75,54,50,48,54,54,85,17,35,19,42,62,60,31,12,31,52,65,65,58,85,100,48,73,60,85,31,33,58,29,23,44,56,23,52,52,58,19,98,62,87,81,83,75,42,50,40,50,46,85,15,31,15,31,Serie A
Genoa,4kumqzwifv478caxed8zywlh3,40msbo4o5bwx0oeuz4743w161,L. Østigård,Leo Østigård,26,Defender,Norway,Defender,143.0,0.0,43.0,2.0,186.0,1.0,0.0,0.0,19.0,21.0,4.0,336.0,1.0,0.0,5.0,13.0,0.0,2.0,2.0,0.0,0.0,0.0,1.0,6.0,0.0,0.0,89.0,14.29,0.0,0.0,50.0,59.38,61.9,100.0,0.2254068763226127,0.0363808643130182,0.0,0.0,0.0,0.0,3.0,6.0,0.1716443499999999,112.0,38.30357142857143,0.0,11.517857142857142,0.5357142857142857,49.82142857142857,0.2678571428571428,0.0,0.0,5.089285714285714,5.625,1.0714285714285714,0.2678571428571428,0.0,1.3392857142857142,3.482142857142857,0.0,0.5357142857142857,0.5357142857142857,0.0,0.0,0.0,0.2678571428571428,1.6071428571428572,0.0,0.0,89.0,14.29,0.0,0.0,50.0,59.38,61.9,100.0,0.0603768418721284,0.0097448743695584,0.0,0.0,0.0,0.0,0.8035714285714286,1.6071428571428572,0.0459761651785714,30.0,CB,75,38,36,11,56,33,22,21,81,82,60,28,29,76,93,38,62,64,46,43,43,69,72,47,51,39,6,38,29,69,67,64,94,58,22,44,14,14,18,15,32,28,58,72,38,28,8,58,28,22,21,72,75,53,25,29,64,92,38,61,64,46,43,43,67,69,47,51,39,6,38,29,69,67,64,94,58,22,44,14,14,18,11,22,17,56,Serie A
Genoa,4kumqzwifv478caxed8zywlh3,46yp8iqh0qm7i75d98tfrsbxm,L. Colombo,Lorenzo Colombo,24,Attacker,Italy,Striker,8.0,1.0,26.0,4.0,33.0,5.0,4.0,4.0,13.0,2.0,1.0,300.0,6.0,2.0,1.0,2.0,1.0,5.0,2.0,3.0,1.0,0.0,1.0,10.0,0.0,0.0,67.35,57.14,100.0,50.0,20.0,29.55,10.0,33.33,0.3869348972797397,0.5771595347438365,3.0,2.0,0.0955813,0.0,3.0,3.0,0.21468563,14.0,2.4,0.3,7.8,1.2,9.9,1.5,1.2,1.2,3.9,0.6,0.3,1.7999999999999998,0.6,0.3,0.6,0.3,1.5,0.6,0.8999999999999999,0.3,0.0,0.3,3.0,0.0,0.0,67.35,57.14,100.0,50.0,20.0,29.55,10.0,33.33,0.1160804691839219,0.1731478604231509,0.8999999999999999,0.6,0.0286743899999999,0.0,0.8999999999999999,0.8999999999999999,0.0644056889999999,4.2,ST,18,82,54,91,32,80,39,39,48,55,71,71,55,52,36,86,18,5,91,38,18,9,21,48,52,18,61,98,73,11,21,18,38,7,86,82,36,54,18,62,55,75,57,18,75,39,89,21,68,36,36,29,46,68,64,54,43,32,86,7,7,89,32,18,4,11,48,52,18,61,98,73,11,21,18,38,7,82,79,29,57,18,57,57,68,54,Serie A
Genoa,4kumqzwifv478caxed8zywlh3,7cdiijsvnfc7tafy0zkf4uz9,D. Sow,Djibril Sow,29,Midfielder,Switzerland,Midfielder,57.0,5.0,51.0,4.0,103.0,5.0,1.0,1.0,7.0,0.0,1.0,227.0,3.0,0.0,3.0,1.0,1.0,1.0,1.0,0.0,0.0,0.0,0.0,1.0,0.0,0.0,87.29,50.0,33.33,0.0,0.0,53.85,50.0,100.0,0.0671420201658837,0.5285192404917576,0.0,2.0,0.04382219,1.0,5.0,2.0,0.12944786,43.0,22.59911894273128,1.9823788546255507,20.22026431718061,1.5859030837004406,40.83700440528634,1.9823788546255507,0.3964757709251101,0.3964757709251101,2.775330396475771,0.0,0.3964757709251101,1.1894273127753303,0.0,1.1894273127753303,0.3964757709251101,0.3964757709251101,0.3964757709251101,0.3964757709251101,0.0,0.0,0.0,0.0,0.3964757709251101,0.0,0.0,87.29,50.0,33.33,0.0,0.0,53.85,50.0,100.0,0.026620184206738,0.2095450733227232,0.0,0.7929515418502203,0.0173744365638766,0.3964757709251101,1.9823788546255507,0.7929515418502203,0.0513229400881057,17.048458149779737,CM/AM,61,94,28,53,28,72,8,8,11,11,36,36,11,72,42,78,17,25,19,19,31,17,14,53,53,44,33,72,11,17,61,67,89,11,89,22,11,11,14,14,6,6,33,89,94,44,61,56,89,6,6,11,11,44,56,11,78,56,89,17,22,19,19,31,17,11,53,53,44,33,72,11,17,61,67,89,11,89,22,11,11,11,22,6,28,44,Serie A
Genoa,4kumqzwifv478caxed8zywlh3,7ojvhhfvbtbn60sc50y4l2ctm,J. Vásquez,Johan Vásquez,27,Defender,Mexico,Defender,137.0,0.0,51.0,5.0,188.0,1.0,3.0,3.0,18.0,17.0,1.0,341.0,4.0,0.0,2.0,8.0,0.0,3.0,3.0,0.0,0.0,1.0,1.0,5.0,0.0,0.0,82.82,23.81,0.0,0.0,33.33,62.07,72.73,33.33,0.3189422526094839,0.0820370411487457,0.0,3.0,0.06282504,1.0,7.0,8.0,0.2574105999999999,91.0,36.158357771261,0.0,13.460410557184751,1.3196480938416422,49.61876832844575,0.2639296187683284,0.7917888563049854,0.7917888563049854,4.750733137829912,4.486803519061584,0.2639296187683284,1.0557184750733135,0.0,0.5278592375366569,2.1114369501466275,0.0,0.7917888563049854,0.7917888563049854,0.0,0.0,0.2639296187683284,0.2639296187683284,1.3196480938416422,0.0,0.0,82.82,23.81,0.0,0.0,33.33,62.07,72.73,33.33,0.0841783071403329,0.0216520049952701,0.0,0.7917888563049854,0.0165813888563049,0.2639296187683284,1.8475073313783,2.1114369501466275,0.0679382815249266,24.01759530791789,LB/LCB,86,17,48,48,81,21,71,71,83,86,17,81,24,29,90,36,57,83,21,38,90,57,52,45,52,29,19,17,24,67,74,90,7,67,24,21,50,43,26,40,29,19,81,86,17,38,38,86,19,71,71,76,76,10,81,24,19,90,36,57,81,21,38,86,52,48,45,52,29,19,17,24,67,74,90,7,67,29,21,48,38,24,33,24,14,67,Serie A
Genoa,4kumqzwifv478caxed8zywlh3,7u9bpiajlgr3zibj89pub7wbu,M. Ellertsson,Mikael Ellertsson,24,Midfielder,Iceland,Midfielder,29.0,2.0,39.0,1.0,66.0,2.0,4.0,4.0,16.0,9.0,2.0,350.0,2.0,3.0,9.0,0.0,0.0,2.0,2.0,0.0,2.0,0.0,0.0,7.0,0.0,0.0,75.0,33.33,22.22,75.0,0.0,50.0,0.0,81.82,0.1248202778320801,0.1560677018244584,1.0,9.0,0.24231415,4.0,4.0,5.0,0.18130904,28.0,7.457142857142857,0.5142857142857143,10.028571428571428,0.2571428571428572,16.97142857142857,0.5142857142857143,1.0285714285714287,1.0285714285714287,4.114285714285715,2.3142857142857145,0.5142857142857143,0.5142857142857143,0.7714285714285715,2.3142857142857145,0.0,0.0,0.5142857142857143,0.5142857142857143,0.0,0.5142857142857143,0.0,0.0,1.8,0.0,0.0,75.0,33.33,22.22,75.0,0.0,50.0,0.0,81.82,0.0320966428711063,0.0401316947548607,0.2571428571428572,2.3142857142857145,0.0623093528571428,1.0285714285714287,1.0285714285714287,1.2857142857142858,0.0466223245714285,7.2,CM/AM,17,67,8,17,6,31,47,39,83,94,56,19,72,100,14,31,28,42,19,67,31,17,47,53,53,17,17,39,83,17,56,17,67,22,39,47,64,67,69,6,17,28,6,6,61,6,17,6,28,33,28,78,94,56,17,61,100,14,31,28,39,19,61,31,17,44,53,53,17,17,39,83,17,56,17,67,17,33,44,61,61,67,6,11,11,6,Serie A
Genoa,4kumqzwifv478caxed8zywlh3,bk1gdyxtfp4drwb0yotwerbsa,T. Baldanzi,Tommaso Baldanzi,23,Midfielder,Italy,Midfielder,37.0,1.0,46.0,1.0,82.0,2.0,3.0,4.0,6.0,3.0,1.0,255.0,0.0,1.0,1.0,1.0,0.0,9.0,6.0,3.0,7.0,0.0,1.0,11.0,0.0,0.0,87.23,50.0,50.0,33.33,11.11,42.86,50.0,25.0,0.8512990333746795,0.0835238668822941,3.0,13.0,0.29262445,5.0,8.0,6.0,0.1409206899999999,38.0,13.058823529411764,0.3529411764705882,16.235294117647058,0.3529411764705882,28.94117647058824,0.7058823529411764,1.0588235294117647,1.4117647058823528,2.117647058823529,1.0588235294117647,0.3529411764705882,0.0,0.3529411764705882,0.3529411764705882,0.3529411764705882,0.0,3.176470588235294,2.117647058823529,1.0588235294117647,2.4705882352941173,0.0,0.3529411764705882,3.882352941176471,0.0,0.0,87.23,50.0,50.0,33.33,11.11,42.86,50.0,25.0,0.3004584823675339,0.0294790118408096,1.0588235294117647,4.588235294117647,0.1032792176470588,1.7647058823529411,2.8235294117647056,2.117647058823529,0.049736714117647,13.411764705882351,CM/AM,31,44,19,17,22,31,33,39,6,64,36,6,22,19,42,31,83,92,61,94,31,39,64,53,53,39,33,89,31,33,28,67,8,78,17,61,83,83,81,39,22,11,22,39,50,22,22,28,39,39,44,6,72,39,6,22,28,50,31,89,94,72,100,31,39,83,53,53,39,33,89,31,33,28,67,8,89,17,78,83,83,83,44,28,22,28,Serie A
Genoa,4kumqzwifv478caxed8zywlh3,cnriqwh17pqgz7p2gt74uar6c,Vítinha,Vítor Manuel Carvalho Oliveira,26,Attacker,Portugal,Striker,12.0,1.0,20.0,2.0,31.0,0.0,9.0,10.0,10.0,1.0,1.0,218.0,4.0,2.0,2.0,1.0,0.0,6.0,4.0,2.0,1.0,0.0,3.0,9.0,0.0,0.0,68.89,40.0,25.0,22.22,50.0,32.26,14.29,66.67,0.4623252687034216,0.0,3.0,1.0,0.0241224,2.0,4.0,7.0,0.1573171199999999,14.0,4.954128440366973,0.4128440366972477,8.256880733944955,0.8256880733944955,12.79816513761468,0.0,3.7155963302752295,4.128440366972478,4.128440366972478,0.4128440366972477,0.4128440366972477,1.651376146788991,0.8256880733944955,0.8256880733944955,0.4128440366972477,0.0,2.4770642201834865,1.651376146788991,0.8256880733944955,0.4128440366972477,0.0,1.2385321100917432,3.7155963302752295,0.0,0.0,68.89,40.0,25.0,22.22,50.0,32.26,14.29,66.67,0.1908682301986603,0.0,1.2385321100917432,0.4128440366972477,0.0099587889908256,0.8256880733944955,1.651376146788991,2.889908256880734,0.0649474348623852,5.779816513761468,ST,41,82,32,70,23,5,73,79,21,25,71,32,55,82,21,39,32,18,75,38,18,48,12,48,52,32,50,82,36,80,25,21,62,11,5,82,16,14,77,80,93,57,57,54,93,46,79,46,5,82,86,43,32,89,61,64,93,29,39,54,21,86,46,18,82,29,48,52,32,50,82,36,80,25,21,62,21,5,89,21,14,86,89,93,71,75,Serie A
Juventus,bqbbqm98ud8obe45ds9ohgyrd,1pkymw7biivk760rxhubin1ed,Z. Çelik,Zeki Çelik,29,Defender,Türkiye,Defender,44.0,1.0,76.0,2.0,119.0,4.0,5.0,5.0,16.0,4.0,5.0,337.0,1.0,1.0,9.0,4.0,0.0,1.0,0.0,1.0,1.0,0.0,0.0,8.0,0.0,0.0,86.23,28.57,25.0,20.0,0.0,55.17,57.14,90.0,0.088113479154129,0.3454603802365867,0.0,9.0,0.23260792,7.0,9.0,5.0,0.52664292,54.0,11.750741839762613,0.2670623145400593,20.29673590504451,0.5341246290801187,31.780415430267063,1.0682492581602374,1.3353115727002969,1.3353115727002969,4.27299703264095,1.0682492581602374,1.3353115727002969,0.2670623145400593,0.2670623145400593,2.4035608308605343,1.0682492581602374,0.0,0.2670623145400593,0.0,0.2670623145400593,0.2670623145400593,0.0,0.0,2.136498516320475,0.0,0.0,86.23,28.57,25.0,20.0,0.0,55.17,57.14,90.0,0.0235317896850789,0.0922594487278718,0.0,2.4035608308605343,0.0621208094955489,1.869436201780416,2.4035608308605343,1.3353115727002969,0.1406464771513353,14.421364985163205,RB/RCB,21,55,58,32,42,76,68,63,58,13,87,29,45,100,76,37,39,13,79,76,47,39,82,50,53,58,37,76,34,39,53,68,89,32,79,45,74,74,89,53,24,68,32,21,53,63,37,47,74,63,58,58,11,89,32,53,95,74,37,42,13,74,79,47,39,84,50,53,58,37,76,34,39,53,68,89,26,74,45,68,68,95,53,16,68,26,Serie A
Juventus,bqbbqm98ud8obe45ds9ohgyrd,2x44f29a52v8kpkkjsuiiywdm,Francisco Conceição,Francisco Fernandes da Conceição,23,Attacker,Portugal,Striker,25.0,7.0,95.0,3.0,113.0,8.0,13.0,14.0,12.0,0.0,1.0,293.0,4.0,6.0,2.0,0.0,1.0,10.0,5.0,5.0,1.0,0.0,4.0,26.0,0.0,0.0,84.33,75.0,33.33,46.15,40.0,37.5,0.0,100.0,0.7848220016258093,0.934587418178668,6.0,24.0,0.7901193299999999,8.0,5.0,13.0,0.7284778399999999,35.0,7.679180887372014,2.150170648464164,29.18088737201365,0.9215017064846416,34.7098976109215,2.4573378839590445,3.993174061433447,4.300341296928328,3.686006825938567,0.0,0.3071672354948805,1.2286689419795225,1.843003412969284,0.6143344709897611,0.0,0.3071672354948805,3.0716723549488054,1.5358361774744027,1.5358361774744027,0.3071672354948805,0.0,1.2286689419795225,7.986348122866894,0.0,0.0,84.33,75.0,33.33,46.15,40.0,37.5,0.0,100.0,0.2410716045949585,0.2870746335702393,1.843003412969284,7.372013651877133,0.2426987703071672,2.4573378839590445,1.5358361774744027,3.993174061433447,0.2237645242320819,10.75085324232082,RW,62,94,100,50,88,88,81,81,50,19,38,75,88,62,12,81,88,88,81,56,38,81,88,56,56,62,62,75,62,38,25,19,94,88,88,88,100,100,100,44,69,75,62,62,88,100,50,88,88,75,75,38,19,12,62,88,62,12,75,88,88,75,38,38,62,88,56,56,62,62,75,62,38,25,19,94,88,88,88,100,100,100,38,75,75,62,Serie A
Juventus,bqbbqm98ud8obe45ds9ohgyrd,3l0mj1zzhytxvm9tryvqv8kix,J. Lucumí,Jhon Lucumí,28,Defender,Colombia,Defender,76.0,0.0,96.0,4.0,172.0,1.0,0.0,0.0,7.0,4.0,1.0,210.0,0.0,0.0,3.0,4.0,0.0,1.0,1.0,0.0,0.0,0.0,0.0,1.0,0.0,0.0,93.48,44.44,0.0,0.0,0.0,58.33,66.67,100.0,0.1028788921646835,0.0451388415607746,0.0,8.0,0.1608204,3.0,24.0,18.0,0.3250111499999999,104.0,32.57142857142857,0.0,41.14285714285714,1.7142857142857142,73.71428571428571,0.4285714285714285,0.0,0.0,3.0,1.7142857142857142,0.4285714285714285,0.0,0.0,1.2857142857142856,1.7142857142857142,0.0,0.4285714285714285,0.4285714285714285,0.0,0.0,0.0,0.0,0.4285714285714285,0.0,0.0,93.48,44.44,0.0,0.0,0.0,58.33,66.67,100.0,0.0440909537848643,0.0193452178117605,0.0,3.4285714285714284,0.0689230285714285,1.2857142857142856,10.285714285714285,7.7142857142857135,0.1392904928571428,44.57142857142857,CB,33,38,86,32,50,33,22,21,6,7,10,7,29,26,38,38,31,33,46,43,43,28,15,47,51,78,28,38,29,28,56,72,94,22,28,44,89,86,76,89,79,44,53,61,38,100,44,94,50,22,21,17,15,11,7,29,58,61,38,50,50,46,43,43,28,22,47,51,78,28,38,29,28,56,72,94,33,39,44,97,94,89,100,92,75,97,Serie A
Juventus,bqbbqm98ud8obe45ds9ohgyrd,7j84ozqdpgupzxevbxemi5tyh,Douglas Luiz,Douglas Luiz Soares de Paulo,28,Midfielder,Brazil,Midfielder,64.0,2.0,158.0,8.0,220.0,6.0,5.0,5.0,14.0,1.0,1.0,335.0,6.0,2.0,3.0,1.0,0.0,11.0,2.0,9.0,3.0,0.0,3.0,4.0,0.0,0.0,91.67,66.67,12.5,40.0,27.27,43.75,50.0,60.0,0.8812256551153799,0.4592853929161535,3.0,12.0,0.25386465,3.0,31.0,27.0,0.5016803900000002,111.0,17.19402985074627,0.5373134328358209,42.44776119402985,2.149253731343284,59.1044776119403,1.611940298507463,1.343283582089552,1.343283582089552,3.761194029850746,0.2686567164179104,0.2686567164179104,1.611940298507463,0.5373134328358209,0.8059701492537313,0.2686567164179104,0.0,2.955223880597015,0.5373134328358209,2.417910447761194,0.8059701492537313,0.0,0.8059701492537313,1.0746268656716418,0.0,0.0,91.67,66.67,12.5,40.0,27.27,43.75,50.0,60.0,0.2367471909265199,0.1233901055595636,0.8059701492537313,3.2238805970149254,0.068202443283582,0.8059701492537313,8.328358208955224,7.253731343283582,0.1347798062686567,29.82089552238806,CM/AM,75,67,94,94,100,89,58,50,67,25,36,92,44,72,42,31,94,42,100,83,31,67,33,53,53,94,64,33,47,50,33,67,47,83,78,61,78,72,50,100,97,83,94,67,67,89,83,89,78,56,39,67,28,33,72,39,50,33,31,78,44,94,89,31,61,33,53,53,94,64,33,47,50,33,67,47,72,72,61,78,72,56,94,94,83,83,Serie A
Juventus,bqbbqm98ud8obe45ds9ohgyrd,ahz2npxe4geixkaz25f2pc82d,M. Locatelli,Manuel Locatelli,28,Midfielder,Italy,Midfielder,66.0,0.0,136.0,10.0,202.0,6.0,0.0,0.0,18.0,9.0,7.0,270.0,8.0,0.0,4.0,5.0,1.0,2.0,1.0,1.0,0.0,0.0,0.0,2.0,0.0,0.0,87.07,43.48,0.0,0.0,0.0,52.94,62.5,80.0,0.235240585281409,0.3600853353603977,0.0,9.0,0.20018564,9.0,39.0,38.0,0.6752246599999997,134.0,22.0,0.0,45.333333333333336,3.333333333333333,67.33333333333333,2.0,0.0,0.0,6.0,3.0,2.333333333333333,2.6666666666666665,0.0,1.3333333333333333,1.6666666666666667,0.3333333333333333,0.6666666666666666,0.3333333333333333,0.3333333333333333,0.0,0.0,0.0,0.6666666666666666,0.0,0.0,87.07,43.48,0.0,0.0,0.0,52.94,62.5,80.0,0.0784135284271363,0.1200284451201325,0.0,3.0,0.0667285466666666,3.0,13.0,12.666666666666666,0.2250748866666665,44.66666666666666,DM/CM,42,29,87,81,81,87,10,10,87,88,90,90,13,60,96,79,35,67,37,23,44,27,27,52,52,35,35,29,13,27,48,88,96,58,73,19,69,69,92,92,100,92,88,46,29,92,85,77,88,10,10,88,92,92,96,13,73,96,73,38,81,40,23,44,27,31,52,52,35,35,29,13,27,48,88,96,65,65,19,75,77,88,100,100,88,88,Serie A
Juventus,bqbbqm98ud8obe45ds9ohgyrd,b33rlpjo3kx4477alx82si5wq,P. Kalulu,Pierre Kalulu,26,Defender,France,Defender,52.0,4.0,126.0,4.0,174.0,3.0,3.0,3.0,14.0,12.0,4.0,360.0,3.0,1.0,5.0,2.0,0.0,1.0,1.0,0.0,0.0,0.0,1.0,7.0,0.0,0.0,86.57,57.14,36.36,33.33,100.0,66.67,40.0,62.5,0.0961398023483526,0.2872944005831579,0.0,16.0,0.35028266,7.0,23.0,23.0,0.5722738200000002,90.0,13.0,1.0,31.5,1.0,43.5,0.75,0.75,0.75,3.5,3.0,1.0,0.75,0.25,1.25,0.5,0.0,0.25,0.25,0.0,0.0,0.0,0.25,1.75,0.0,0.0,86.57,57.14,36.36,33.33,100.0,66.67,40.0,62.5,0.0240349505870881,0.0718236001457894,0.0,4.0,0.087570665,1.75,5.75,5.75,0.143068455,22.5,RB/RCB,37,97,97,58,84,63,42,34,53,79,74,61,45,58,45,37,39,47,37,34,47,87,74,50,53,63,79,89,50,97,89,42,42,37,63,45,100,84,89,100,95,74,79,32,95,95,58,84,63,42,32,42,79,74,53,37,50,39,37,26,32,37,34,47,79,68,50,53,63,79,89,50,97,89,42,42,32,58,45,95,79,87,95,95,74,79,Serie A
Juventus,bqbbqm98ud8obe45ds9ohgyrd,d196vatyvq6ycn1q7d477d2i1,Bremer,Gleison Bremer Silva Nascimento,29,Defender,Brazil,Defender,97.0,0.0,99.0,8.0,196.0,5.0,2.0,2.0,20.0,20.0,7.0,360.0,1.0,2.0,4.0,11.0,0.0,3.0,3.0,0.0,0.0,1.0,1.0,9.0,0.0,0.0,89.91,47.06,0.0,100.0,33.33,58.82,55.0,66.67,0.5468974409978625,0.3281536653833902,0.0,2.0,0.03682666,2.0,18.0,19.0,0.3321778499999998,128.0,24.25,0.0,24.75,2.0,49.0,1.25,0.5,0.5,5.0,5.0,1.75,0.25,0.5,1.0,2.75,0.0,0.75,0.75,0.0,0.0,0.25,0.25,2.25,0.0,0.0,89.91,47.06,0.0,100.0,33.33,58.82,55.0,66.67,0.1367243602494656,0.0820384163458475,0.0,0.5,0.009206665,0.5,4.5,4.75,0.0830444624999999,32.0,CB,44,38,92,69,67,90,76,75,88,74,83,28,92,49,86,38,81,85,46,43,92,69,93,47,51,42,31,38,88,61,61,42,53,94,86,44,50,43,64,75,86,50,71,31,38,81,62,56,86,71,71,67,61,78,18,89,29,78,38,76,79,46,43,88,56,86,47,51,42,31,38,88,61,61,42,53,89,81,44,42,39,61,72,78,44,61,Serie A
Juventus,bqbbqm98ud8obe45ds9ohgyrd,g3fgd752o63acmmuahdvppm1,R. Kolo Muani,Randal Kolo Muani,27,Attacker,France,Striker,9.0,0.0,46.0,0.0,55.0,3.0,12.0,13.0,15.0,2.0,0.0,360.0,6.0,2.0,0.0,5.0,1.0,9.0,8.0,1.0,4.0,0.0,2.0,24.0,0.0,0.0,67.07,0.0,0.0,16.67,22.22,28.85,29.41,0.0,1.1995519771312209,0.2554572461195331,1.0,9.0,0.31569716,7.0,0.0,3.0,0.19853042,18.0,2.25,0.0,11.5,0.0,13.75,0.75,3.0,3.25,3.75,0.5,0.0,1.5,0.5,0.0,1.25,0.25,2.25,2.0,0.25,1.0,0.0,0.5,6.0,0.0,0.0,67.07,0.0,0.0,16.67,22.22,28.85,29.41,0.0,0.2998879942828052,0.0638643115298832,0.25,2.25,0.07892429,1.75,0.0,0.75,0.049632605,4.5,ST,25,36,89,23,77,46,86,86,64,55,27,71,55,18,66,86,68,71,39,93,18,27,82,48,52,14,23,36,30,14,18,46,18,75,50,30,82,86,96,9,55,68,75,14,36,71,23,54,39,75,71,25,36,27,50,46,18,52,79,39,46,18,86,18,18,75,48,52,14,23,36,30,14,18,46,18,57,43,14,79,75,96,9,46,54,61,Serie A
Parma,5aosfavi55p40c65lkriqnqnl,5pb27xx81rwtal31u892ydes4,M. Troilo,Mariano Troilo,23,Defender,Argentina,Defender,190.0,0.0,50.0,17.0,240.0,2.0,1.0,1.0,13.0,22.0,6.0,355.0,3.0,1.0,4.0,5.0,0.0,0.0,0.0,0.0,0.0,0.0,0.0,7.0,0.0,0.0,90.23,58.62,0.0,100.0,0.0,54.17,45.45,100.0,0.0,0.2276468713618507,0.0,1.0,0.0199707,0.0,8.0,11.0,0.3663452,157.0,48.16901408450704,0.0,12.676056338028168,4.309859154929577,60.84507042253521,0.5070422535211268,0.2535211267605634,0.2535211267605634,3.295774647887324,5.577464788732394,1.5211267605633805,0.7605633802816901,0.2535211267605634,1.0140845070422535,1.2676056338028168,0.0,0.0,0.0,0.0,0.0,0.0,0.0,1.7746478873239435,0.0,0.0,90.23,58.62,0.0,100.0,0.0,54.17,45.45,100.0,0.0,0.0577132913311734,0.0,0.2535211267605634,0.0050629943661971,0.0,2.028169014084507,2.788732394366197,0.0928762478873239,39.80281690140845,CB,97,38,47,97,86,64,56,54,29,90,76,71,72,49,51,38,6,8,46,43,43,28,83,47,51,47,69,38,88,28,36,19,94,7,69,44,33,31,18,56,57,69,92,89,38,39,97,72,56,53,50,19,72,72,58,67,33,47,38,6,8,46,43,43,28,78,47,51,47,69,38,88,28,36,19,94,7,61,44,28,28,18,47,53,56,78,Serie A
Parma,5aosfavi55p40c65lkriqnqnl,9olzf630oclv41h41p5iunm6s,S. Britschgi,Sascha Britschgi,20,Defender,Switzerland,Defender,21.0,0.0,23.0,0.0,44.0,0.0,4.0,4.0,11.0,4.0,0.0,241.0,3.0,1.0,2.0,4.0,0.0,1.0,1.0,0.0,0.0,0.0,0.0,3.0,0.0,0.0,80.0,0.0,0.0,25.0,0.0,36.67,50.0,66.67,0.0769127514274461,0.0,0.0,4.0,0.08806237,0.0,4.0,5.0,0.09822321,14.0,7.842323651452283,0.0,8.589211618257263,0.0,16.431535269709546,0.0,1.4937759336099583,1.4937759336099583,4.107883817427386,1.4937759336099583,0.0,1.120331950207469,0.3734439834024896,0.7468879668049793,1.4937759336099583,0.0,0.3734439834024896,0.3734439834024896,0.0,0.0,0.0,0.0,1.120331950207469,0.0,0.0,80.0,0.0,0.0,25.0,0.0,36.67,50.0,66.67,0.0287226042675109,0.0,0.0,1.4937759336099583,0.0328863622406639,0.0,1.4937759336099583,1.867219917012448,0.0366808668049792,5.228215767634855,RB/RCB,8,18,11,11,5,11,53,47,29,13,8,61,45,16,76,37,39,47,37,34,47,39,32,50,53,34,11,18,42,39,5,55,50,26,11,45,34,32,8,11,24,5,5,11,18,11,11,11,11,68,63,47,21,8,84,58,26,84,37,58,63,37,34,47,39,32,50,53,34,11,18,42,39,5,55,50,42,11,45,42,42,8,16,32,16,5,Serie A
Parma,5aosfavi55p40c65lkriqnqnl,b294k1gu7hwp7dpcq01vjb3mc,S. Lontani,Simone Lontani,18,Attacker,Italy,Striker,23.0,1.0,22.0,4.0,44.0,1.0,10.0,10.0,17.0,1.0,2.0,252.0,7.0,6.0,2.0,1.0,0.0,5.0,4.0,1.0,0.0,1.0,2.0,12.0,0.0,0.0,70.97,30.77,10.0,60.0,40.0,51.52,25.0,66.67,0.523097326831659,0.1528563106135937,2.0,2.0,0.04823619,2.0,4.0,4.0,0.06784243,11.0,8.214285714285715,0.3571428571428571,7.857142857142858,1.4285714285714286,15.714285714285715,0.3571428571428571,3.571428571428572,3.571428571428572,6.071428571428572,0.3571428571428571,0.7142857142857143,2.5,2.142857142857143,0.7142857142857143,0.3571428571428571,0.0,1.7857142857142858,1.4285714285714286,0.3571428571428571,0.0,0.3571428571428571,0.7142857142857143,4.285714285714286,0.0,0.0,70.97,30.77,10.0,60.0,40.0,51.52,25.0,66.67,0.1868204738684496,0.0545915395048548,0.7142857142857143,0.7142857142857143,0.0172272107142857,0.7142857142857143,1.4285714285714286,1.4285714285714286,0.0242294392857142,3.928571428571429,ST,89,82,39,91,64,18,80,79,84,25,96,89,88,82,21,39,18,18,39,12,50,27,36,48,52,46,46,71,93,61,88,36,62,29,36,62,36,29,77,80,73,32,41,93,86,43,93,68,25,79,79,86,21,96,89,89,82,21,39,18,14,43,12,57,29,36,48,52,46,46,71,93,61,88,36,62,14,36,64,39,32,75,82,71,32,43,Serie A
Parma,5aosfavi55p40c65lkriqnqnl,cjf412x9sg56vos0jkj85k3ys,M. Keita,Mandela Keita,24,Midfielder,Belgium,Midfielder,62.0,0.0,53.0,5.0,115.0,3.0,5.0,5.0,16.0,3.0,5.0,345.0,12.0,1.0,1.0,0.0,0.0,1.0,0.0,1.0,0.0,0.0,0.0,3.0,0.0,0.0,88.46,83.33,0.0,20.0,0.0,51.61,0.0,33.33,0.0557112553687271,0.222042043925147,1.0,8.0,0.19646696,2.0,10.0,6.0,0.35878488,50.0,16.17391304347826,0.0,13.826086956521738,1.3043478260869563,30.0,0.7826086956521738,1.3043478260869563,1.3043478260869563,4.173913043478261,0.7826086956521738,1.3043478260869563,3.130434782608696,0.2608695652173913,0.2608695652173913,0.0,0.0,0.2608695652173913,0.0,0.2608695652173913,0.0,0.0,0.0,0.7826086956521738,0.0,0.0,88.46,83.33,0.0,20.0,0.0,51.61,0.0,33.33,0.0145333709657548,0.057924011458734,0.2608695652173913,2.0869565217391304,0.0512522504347826,0.5217391304347826,2.608695652173913,1.5652173913043477,0.0935960556521739,13.043478260869565,DM/CM,38,29,27,42,25,50,81,81,69,38,79,100,44,12,19,31,21,27,37,23,44,27,44,52,52,46,88,29,27,27,38,29,13,19,46,48,63,65,42,31,21,46,23,19,29,19,38,19,46,69,69,50,31,62,100,38,4,19,31,19,27,35,23,44,27,46,52,52,46,88,29,27,27,38,29,13,19,42,46,58,58,38,27,15,42,19,Serie A
Parma,5aosfavi55p40c65lkriqnqnl,d9bg5jjv8pz0f8u55x3hg0962,E. Valeri,Emanuele Valeri,27,Defender,Italy,Defender,35.0,7.0,33.0,1.0,61.0,8.0,3.0,3.0,12.0,7.0,3.0,360.0,2.0,2.0,3.0,2.0,0.0,2.0,0.0,2.0,0.0,0.0,1.0,9.0,0.0,0.0,70.11,12.5,22.58,66.67,50.0,57.14,50.0,50.0,0.0983775872582629,1.1130466077259271,2.0,6.0,0.2075476299999999,2.0,3.0,5.0,0.58899788,29.0,8.75,1.75,8.25,0.25,15.25,2.0,0.75,0.75,3.0,1.75,0.75,0.5,0.5,0.75,0.5,0.0,0.5,0.0,0.5,0.0,0.0,0.25,2.25,0.0,0.0,70.11,12.5,22.58,66.67,50.0,57.14,50.0,50.0,0.0245943968145657,0.2782616519314818,0.5,1.5,0.0518869074999999,0.5,0.75,1.25,0.14724947,7.25,LB/LCB,19,93,12,7,14,95,71,71,55,31,50,67,79,60,43,36,40,19,71,38,43,57,93,45,52,14,5,62,74,79,52,57,33,33,95,79,74,81,45,14,14,81,12,10,90,5,5,10,88,62,62,38,24,43,60,71,43,38,36,38,19,62,38,43,45,86,45,52,14,5,62,74,79,52,57,33,33,95,67,62,76,38,10,10,67,10,Serie A
Parma,5aosfavi55p40c65lkriqnqnl,e6ok0deqkoe80184iu509gzu2,E. Touré,El Bilal Touré,24,Attacker,Mali,Striker,15.0,1.0,22.0,1.0,36.0,1.0,4.0,4.0,15.0,3.0,0.0,315.0,5.0,2.0,1.0,7.0,0.0,4.0,2.0,2.0,0.0,0.0,3.0,4.0,0.0,0.0,70.59,100.0,33.33,50.0,75.0,41.67,30.43,100.0,0.3552426713374615,0.0871253132984824,1.0,5.0,0.11684676,3.0,4.0,3.0,0.14215544,14.0,4.285714285714286,0.2857142857142857,6.285714285714286,0.2857142857142857,10.285714285714286,0.2857142857142857,1.1428571428571428,1.1428571428571428,4.285714285714286,0.8571428571428571,0.0,1.4285714285714286,0.5714285714285714,0.2857142857142857,2.0,0.0,1.1428571428571428,0.5714285714285714,0.5714285714285714,0.0,0.0,0.8571428571428571,1.1428571428571428,0.0,0.0,70.59,100.0,33.33,50.0,75.0,41.67,30.43,100.0,0.1014979060964175,0.0248929466567092,0.2857142857142857,1.4285714285714286,0.0333847885714285,0.8571428571428571,1.1428571428571428,0.8571428571428571,0.04061584,4.0,ST,61,82,39,54,50,18,39,39,64,84,27,48,55,52,82,39,5,5,75,12,18,48,4,48,52,43,86,86,73,100,54,50,86,4,21,30,75,64,89,80,55,54,57,46,71,29,46,29,11,32,32,46,75,27,46,50,39,79,39,4,4,71,12,18,39,4,48,52,43,86,86,73,100,54,50,86,4,21,21,75,61,89,75,54,46,50,Serie A
Parma,5aosfavi55p40c65lkriqnqnl,r9rn4eaw3twb224jrpojz0x6,E. Delprato,Enrico Delprato,26,Defender,Italy,Defender,80.0,1.0,41.0,4.0,120.0,4.0,1.0,2.0,10.0,8.0,7.0,360.0,1.0,1.0,3.0,5.0,0.0,4.0,4.0,0.0,2.0,0.0,0.0,9.0,0.0,0.0,76.92,20.0,100.0,100.0,0.0,62.5,62.5,100.0,0.4702665726196769,0.3099305886950393,0.0,1.0,0.02953272,1.0,8.0,10.0,0.2808166299999999,62.0,20.0,0.25,10.25,1.0,30.0,1.0,0.25,0.5,2.5,2.0,1.75,0.25,0.25,0.75,1.25,0.0,1.0,1.0,0.0,0.5,0.0,0.0,2.25,0.0,0.0,76.92,20.0,100.0,100.0,0.0,62.5,62.5,100.0,0.1175666431549192,0.0774826471737598,0.0,0.25,0.00738318,0.25,2.0,2.5,0.0702041574999999,15.5,RB/RCB,84,55,26,58,47,76,18,24,18,47,97,29,45,32,84,37,82,97,37,92,47,39,89,50,53,21,21,100,97,39,74,79,97,89,68,45,13,16,24,42,58,37,53,74,37,16,58,37,68,16,21,16,39,95,24,37,32,79,37,79,95,37,89,47,39,89,50,53,21,21,100,97,39,74,79,97,79,63,45,11,16,18,37,53,37,42,Serie A
Lazio,btcy9nra9ak4m22ovr2ia6m5v,1ywfkwrcysdlvkt859q00kt7t,D. Doekhi,Danilho Doekhi,28,Defender,Netherlands,Defender,101.0,1.0,24.0,3.0,124.0,2.0,0.0,0.0,10.0,16.0,2.0,270.0,3.0,0.0,2.0,5.0,1.0,3.0,3.0,0.0,0.0,0.0,0.0,6.0,0.0,0.0,94.66,60.0,100.0,0.0,0.0,55.56,55.56,100.0,0.4502285124660938,0.2341654643572697,0.0,2.0,0.03682666,0.0,1.0,3.0,0.16378987,65.0,33.666666666666664,0.3333333333333333,8.0,1.0,41.333333333333336,0.6666666666666666,0.0,0.0,3.333333333333333,5.333333333333333,0.6666666666666666,1.0,0.0,0.6666666666666666,1.6666666666666667,0.3333333333333333,1.0,1.0,0.0,0.0,0.0,0.0,2.0,0.0,0.0,94.66,60.0,100.0,0.0,0.0,55.56,55.56,100.0,0.1500761708220312,0.0780551547857565,0.0,0.6666666666666666,0.0122755533333333,0.0,0.3333333333333333,1.0,0.0545966233333333,21.666666666666668,CB,47,81,17,21,36,64,22,21,19,60,22,71,29,15,51,86,81,85,46,43,43,28,72,47,51,85,75,96,29,28,40,44,94,89,75,44,50,43,18,6,7,25,36,67,83,11,22,36,72,22,21,24,64,25,71,29,19,58,92,89,93,46,43,43,28,81,47,51,85,75,96,29,28,40,44,94,94,78,44,54,47,18,6,7,22,39,Serie A
Lazio,btcy9nra9ak4m22ovr2ia6m5v,35qg0rrwtl00pycx468s62m3u,K. Taylor,Kenneth Taylor,24,Midfielder,Netherlands,Midfielder,56.0,1.0,98.0,5.0,153.0,6.0,6.0,6.0,14.0,1.0,4.0,344.0,4.0,2.0,5.0,1.0,0.0,2.0,0.0,2.0,1.0,0.0,0.0,5.0,0.0,0.0,88.95,45.45,50.0,33.33,0.0,42.42,0.0,71.43,0.108728066465089,0.4948081499295701,2.0,10.0,0.23831611,4.0,15.0,20.0,0.4468505900000001,80.0,14.651162790697674,0.2616279069767441,25.63953488372093,1.3081395348837208,40.02906976744186,1.569767441860465,1.569767441860465,1.569767441860465,3.6627906976744176,0.2616279069767441,1.0465116279069766,1.0465116279069766,0.5232558139534883,1.3081395348837208,0.2616279069767441,0.0,0.5232558139534883,0.0,0.5232558139534883,0.2616279069767441,0.0,0.0,1.3081395348837208,0.0,0.0,88.95,45.45,50.0,33.33,0.0,42.42,0.0,71.43,0.0284462964588895,0.1294556206211084,0.5232558139534883,2.6162790697674416,0.0623501450581395,1.0465116279069766,3.924418604651162,5.232558139534883,0.1169085845930232,20.930232558139533,LM/LCM,86,43,100,71,86,79,43,43,36,29,86,21,57,86,57,36,50,21,71,57,50,43,57,57,57,86,43,100,43,43,29,29,43,29,71,64,57,57,57,86,100,43,100,71,29,86,57,71,57,43,43,14,29,71,14,57,86,43,36,43,21,57,43,50,43,57,57,57,86,43,100,43,43,29,29,43,29,71,43,57,57,43,57,86,43,86,Serie A
Lazio,btcy9nra9ak4m22ovr2ia6m5v,4qejyummzkrfllds8ord642qx,D. Frattesi,Davide Frattesi,26,Midfielder,Italy,Midfielder,25.0,0.0,39.0,2.0,64.0,3.0,7.0,7.0,15.0,2.0,4.0,296.0,7.0,2.0,2.0,0.0,0.0,8.0,7.0,1.0,3.0,3.0,3.0,15.0,0.0,0.0,82.05,33.33,0.0,28.57,37.5,37.5,0.0,33.33,0.8984758495443335,0.3080735398725514,3.0,6.0,0.16216033,1.0,7.0,9.0,0.71181786,31.0,7.601351351351352,0.0,11.858108108108109,0.6081081081081081,19.45945945945946,0.9121621621621622,2.1283783783783785,2.1283783783783785,4.560810810810811,0.6081081081081081,1.2162162162162162,2.1283783783783785,0.6081081081081081,0.6081081081081081,0.0,0.0,2.4324324324324325,2.1283783783783785,0.304054054054054,0.9121621621621622,0.9121621621621622,0.9121621621621622,4.560810810810811,0.0,0.0,82.05,33.33,0.0,28.57,37.5,37.5,0.0,33.33,0.2731852245236149,0.0936710087450325,0.9121621621621622,1.8243243243243243,0.0493055057432432,0.304054054054054,2.1283783783783785,2.7364864864864864,0.2164311060810811,9.425675675675675,CM,100,100,100,100,100,100,100,100,100,100,100,100,100,100,100,100,100,100,100,100,100,100,100,100,100,100,100,100,100,100,100,100,100,100,100,100,100,100,100,100,100,100,100,100,100,100,100,100,100,100,100,100,100,100,100,100,100,100,100,100,100,100,100,100,100,100,100,100,100,100,100,100,100,100,100,100,100,100,100,100,100,100,100,100,100,100,Serie A
Lazio,btcy9nra9ak4m22ovr2ia6m5v,7hukebiijqntuvetwzralzuju,O. Provstgaard,Oliver Provstgaard,23,Defender,Denmark,Defender,117.0,0.0,70.0,7.0,187.0,1.0,1.0,1.0,10.0,12.0,4.0,360.0,1.0,1.0,3.0,4.0,0.0,1.0,1.0,0.0,1.0,0.0,0.0,2.0,0.0,0.0,91.22,50.0,0.0,100.0,0.0,35.71,33.33,75.0,0.0953306347793788,0.0420468232165042,0.0,3.0,0.05167756,1.0,20.0,11.0,0.3289333600000001,127.0,29.25,0.0,17.5,1.75,46.75,0.25,0.25,0.25,2.5,3.0,1.0,0.25,0.25,0.75,1.0,0.0,0.25,0.25,0.0,0.25,0.0,0.0,0.5,0.0,0.0,91.22,50.0,0.0,100.0,0.0,35.71,33.33,75.0,0.0238326586948447,0.010511705804126,0.0,0.75,0.01291939,0.25,5.0,2.75,0.08223334,31.75,CB,64,38,64,58,60,33,56,54,19,36,60,28,72,26,38,38,31,33,46,92,43,28,31,47,51,50,44,38,88,28,3,8,68,19,25,44,62,56,47,82,57,47,67,44,38,58,50,50,19,47,44,10,31,49,18,61,22,22,38,14,19,46,89,43,28,25,47,51,50,44,38,88,28,3,8,68,19,25,44,62,50,36,78,50,42,58,Serie A
Lazio,btcy9nra9ak4m22ovr2ia6m5v,cfzvplhlvlfvau521u6b86xud,M. Zaccagni,Mattia Zaccagni,31,Midfielder,Italy,Midfielder,33.0,4.0,77.0,9.0,106.0,8.0,10.0,11.0,19.0,4.0,8.0,359.0,7.0,4.0,4.0,2.0,2.0,13.0,6.0,7.0,3.0,0.0,6.0,16.0,0.0,0.0,77.37,60.0,28.57,40.0,46.15,52.78,50.0,66.67,0.9826777441614876,0.9455248200067272,6.0,12.0,0.33148426,6.0,9.0,14.0,0.7826025699999999,49.0,8.272980501392757,1.0027855153203342,19.30362116991644,2.256267409470752,26.57381615598885,2.0055710306406684,2.5069637883008355,2.75766016713092,4.763231197771588,1.0027855153203342,2.0055710306406684,1.7548746518105849,1.0027855153203342,1.0027855153203342,0.5013927576601671,0.5013927576601671,3.2590529247910864,1.504178272980501,1.7548746518105849,0.7520891364902507,0.0,1.504178272980501,4.011142061281337,0.0,0.0,77.37,60.0,28.57,40.0,46.15,52.78,50.0,66.67,0.2463537520182002,0.237039648469653,1.504178272980501,3.0083565459610027,0.0831019036211699,1.504178272980501,2.256267409470752,3.5097493036211698,0.1961956303621169,12.284122562674094,LM/LCM,29,100,71,100,57,100,86,79,100,93,100,50,79,71,86,100,100,93,100,93,50,100,100,57,57,14,86,71,57,100,57,100,21,100,100,100,71,86,100,43,64,100,57,14,100,57,100,43,100,57,57,57,86,100,43,71,57,86,100,100,71,100,86,50,100,86,57,57,14,86,71,57,100,57,100,21,100,100,100,71,71,86,43,57,86,57,Serie A
Lazio,btcy9nra9ak4m22ovr2ia6m5v,cjgrtf1xc97ir3b64cnl9ecyc,R. Belahyane,Reda Belahyane,22,Midfielder,Morocco,Midfielder,59.0,0.0,56.0,3.0,115.0,2.0,2.0,2.0,11.0,2.0,2.0,233.0,1.0,0.0,5.0,1.0,0.0,0.0,0.0,0.0,0.0,0.0,0.0,0.0,0.0,0.0,93.5,75.0,0.0,0.0,0.0,55.0,33.33,55.56,0.0,0.1568662930314349,0.0,1.0,0.0241224,1.0,8.0,8.0,0.23682391,65.0,22.78969957081545,0.0,21.630901287553648,1.1587982832618025,44.4206008583691,0.7725321888412017,0.7725321888412017,0.7725321888412017,4.24892703862661,0.7725321888412017,0.7725321888412017,0.3862660944206008,0.0,1.931330472103004,0.3862660944206008,0.0,0.0,0.0,0.0,0.0,0.0,0.0,0.0,0.0,0.0,93.5,75.0,0.0,0.0,0.0,55.0,33.33,55.56,0.0,0.0605921303554898,0.0,0.3862660944206008,0.0093176652360515,0.3862660944206008,3.0901287553648067,3.0901287553648067,0.0914770467811158,25.107296137339056,DM/CM,31,29,31,23,25,29,44,42,35,23,29,17,13,75,50,31,8,27,13,23,44,27,12,52,52,88,79,29,13,27,60,63,56,8,31,19,13,19,23,23,29,31,29,54,29,38,27,35,35,50,46,54,23,38,27,13,88,54,31,8,27,13,23,44,27,12,52,52,88,79,29,13,27,60,63,56,8,46,19,19,19,31,31,42,38,42,Serie A
Lazio,btcy9nra9ak4m22ovr2ia6m5v,d3dzhnj9na7marc0c4j0d1zbo,R. Floriani Mussolini,Romano Floriani Mussolini,23,Defender,Italy,Defender,58.0,0.0,67.0,1.0,125.0,2.0,2.0,3.0,14.0,8.0,5.0,325.0,1.0,1.0,4.0,3.0,0.0,1.0,1.0,0.0,0.0,0.0,0.0,3.0,1.0,0.0,88.03,50.0,0.0,50.0,0.0,53.85,75.0,44.44,0.1131149486287199,0.1709814914327146,0.0,2.0,0.05365512,5.0,9.0,12.0,0.28165534,67.0,16.06153846153846,0.0,18.553846153846152,0.2769230769230769,34.61538461538461,0.5538461538461539,0.5538461538461539,0.8307692307692307,3.876923076923077,2.2153846153846155,1.3846153846153846,0.2769230769230769,0.2769230769230769,1.1076923076923078,0.8307692307692307,0.0,0.2769230769230769,0.2769230769230769,0.0,0.0,0.0,0.0,0.8307692307692307,0.2769230769230769,0.0,88.03,50.0,0.0,50.0,0.0,53.85,75.0,44.44,0.0313241396202609,0.047348720704444,0.0,0.5538461538461539,0.0148583409230769,1.3846153846153846,2.4923076923076923,3.323076923076923,0.0779968633846153,18.553846153846152,CB,25,38,61,4,39,64,76,88,40,19,69,28,72,49,22,38,31,33,46,43,43,28,46,97,51,33,44,38,65,28,33,85,14,28,58,44,50,58,92,60,62,39,39,22,38,64,3,22,64,78,89,36,19,69,31,75,39,19,38,25,31,46,43,43,28,53,94,51,33,44,38,65,28,33,85,14,25,56,44,47,56,92,56,61,36,31,Serie A
Lazio,btcy9nra9ak4m22ovr2ia6m5v,dqsslq1iz1azubowq3anwws4q,Nuno Tavares,Nuno Albertino Varela Tavares,26,Defender,Portugal,Defender,60.0,2.0,77.0,7.0,135.0,5.0,8.0,8.0,19.0,7.0,1.0,255.0,6.0,6.0,2.0,1.0,1.0,7.0,3.0,4.0,2.0,0.0,2.0,9.0,0.0,0.0,83.85,58.33,10.53,75.0,28.57,70.37,0.0,33.33,0.4586061285564826,0.4785278085848663,4.0,2.0,0.05141461,3.0,15.0,16.0,0.4676230899999999,83.0,21.176470588235293,0.7058823529411764,27.176470588235293,2.4705882352941173,47.647058823529406,1.7647058823529411,2.8235294117647056,2.8235294117647056,6.705882352941176,2.4705882352941173,0.3529411764705882,2.117647058823529,2.117647058823529,0.7058823529411764,0.3529411764705882,0.3529411764705882,2.4705882352941173,1.0588235294117647,1.4117647058823528,0.7058823529411764,0.0,0.7058823529411764,3.176470588235294,0.0,0.0,83.85,58.33,10.53,75.0,28.57,70.37,0.0,33.33,0.1618609865493467,0.1688921677358351,1.4117647058823528,0.7058823529411764,0.0181463329411764,1.0588235294117647,5.294117647058823,5.647058823529411,0.1650434435294117,29.294117647058822,LB/LCB,52,67,81,69,62,76,100,95,90,31,17,95,100,29,19,86,95,83,95,88,43,83,93,45,52,38,74,38,86,55,95,10,7,81,86,98,31,38,69,76,79,67,67,57,71,86,81,67,81,100,100,95,48,19,100,100,38,29,95,100,95,100,95,43,90,95,45,52,38,74,38,86,55,95,10,7,95,86,100,38,43,81,95,81,76,86,Serie A
Lazio,btcy9nra9ak4m22ovr2ia6m5v,ho87m362sey4msdjp4n180oa,M. Cancellieri,Matteo Cancellieri,24,Attacker,Italy,Striker,12.0,0.0,39.0,4.0,51.0,5.0,5.0,5.0,9.0,1.0,1.0,203.0,1.0,3.0,1.0,1.0,0.0,6.0,3.0,3.0,1.0,1.0,3.0,9.0,0.0,0.0,87.93,100.0,0.0,60.0,50.0,39.13,20.0,25.0,0.41742448468289,0.421912317493833,3.0,8.0,0.2627527,3.0,3.0,7.0,0.4634169299999999,22.0,5.320197044334975,0.0,17.29064039408867,1.7733990147783252,22.610837438423644,2.2167487684729066,2.2167487684729066,2.2167487684729066,3.990147783251232,0.4433497536945813,0.4433497536945813,0.4433497536945813,1.3300492610837438,0.4433497536945813,0.4433497536945813,0.0,2.6600985221674875,1.3300492610837438,1.3300492610837438,0.4433497536945813,0.4433497536945813,1.3300492610837438,3.990147783251232,0.0,0.0,87.93,100.0,0.0,60.0,50.0,39.13,20.0,25.0,0.1850650424702468,0.1870547220416008,1.3300492610837438,3.5467980295566504,0.1164913448275862,1.3300492610837438,1.3300492610837438,3.103448275862069,0.2054557817733989,9.753694581280788,RW,12,19,19,62,12,38,25,25,25,44,38,31,31,31,38,38,56,50,62,56,81,56,56,56,56,88,94,19,75,62,38,50,12,50,25,56,25,25,38,12,25,38,12,38,19,38,62,38,62,38,38,50,50,62,38,50,50,50,38,75,75,62,88,88,88,62,56,56,88,94,19,75,62,38,50,12,75,62,62,38,50,50,25,50,50,38,Serie A
Napoli,gi0l1habji5hpgar77dl5jqe,2kfkjjqh7vrfcfbgr4aa85dqt,A. Rrahmani,Amir Rrahmani,32,Defender,Kosovo,Defender,112.0,0.0,116.0,10.0,228.0,1.0,0.0,0.0,36.0,30.0,3.0,360.0,3.0,0.0,6.0,24.0,1.0,4.0,2.0,2.0,2.0,0.0,0.0,5.0,0.0,0.0,88.72,47.62,0.0,0.0,0.0,72.0,80.0,66.67,0.3000005986002254,0.0857880260769119,2.0,10.0,0.20117938,3.0,24.0,18.0,0.3947079600000001,163.0,28.0,0.0,29.0,2.5,57.0,0.25,0.0,0.0,9.0,7.5,0.75,0.75,0.0,1.5,6.0,0.25,1.0,0.5,0.5,0.5,0.0,0.0,1.25,0.0,0.0,88.72,47.62,0.0,0.0,0.0,72.0,80.0,66.67,0.0750001496500563,0.0214470065192279,0.5,2.5,0.050294845,0.75,6.0,4.5,0.09867699,40.75,CB,58,38,97,81,78,33,22,21,100,100,43,71,29,92,100,86,93,64,100,100,43,28,62,47,51,36,33,38,29,28,89,90,53,69,50,99,94,92,76,89,79,72,94,39,38,92,74,69,19,22,21,97,92,35,56,29,76,100,76,89,54,100,100,43,28,60,47,51,36,33,38,29,28,89,90,53,69,44,97,89,86,71,83,72,61,86,Serie A
Napoli,gi0l1habji5hpgar77dl5jqe,3bhy6x04rbwzk0nh1fm59dmnd,F. Anguissa,Frank Anguissa,30,Midfielder,Cameroon,Midfielder,36.0,0.0,32.0,0.0,68.0,2.0,4.0,4.0,12.0,2.0,1.0,237.0,3.0,2.0,2.0,4.0,0.0,5.0,5.0,0.0,2.0,0.0,1.0,10.0,0.0,0.0,82.93,0.0,0.0,50.0,20.0,50.0,57.14,66.67,0.6148422289474138,0.0863095021615819,0.0,0.0,0.0,1.0,3.0,2.0,0.08339524,27.0,13.670886075949369,0.0,12.151898734177216,0.0,25.82278481012658,0.759493670886076,1.518987341772152,1.518987341772152,4.556962025316456,0.759493670886076,0.379746835443038,1.139240506329114,0.759493670886076,0.759493670886076,1.518987341772152,0.0,1.89873417721519,1.89873417721519,0.0,0.759493670886076,0.0,0.379746835443038,3.79746835443038,0.0,0.0,82.93,0.0,0.0,50.0,20.0,50.0,57.14,66.67,0.2334843907395242,0.0327757603145247,0.0,0.0,0.0,0.379746835443038,1.139240506329114,0.759493670886076,0.0316690784810126,10.253164556962023,DM/CM,8,29,4,6,4,29,67,67,48,23,13,54,69,29,88,31,87,96,13,83,44,69,100,52,52,15,6,29,48,58,31,83,67,92,19,19,4,4,23,6,4,4,6,8,29,8,6,8,31,81,81,73,15,15,69,77,35,92,31,92,100,13,88,44,85,100,52,52,15,6,29,48,58,31,83,67,96,27,19,4,4,23,12,4,4,8,Serie A
Napoli,gi0l1habji5hpgar77dl5jqe,5d9i8ubibyiecxecr9jjvxexh,G. Di Lorenzo,Giovanni Di Lorenzo,33,Defender,Italy,Defender,63.0,0.0,96.0,2.0,159.0,2.0,4.0,6.0,17.0,4.0,2.0,360.0,2.0,0.0,8.0,6.0,1.0,1.0,1.0,0.0,1.0,0.0,0.0,8.0,0.0,0.0,88.83,25.0,0.0,0.0,0.0,58.62,75.0,80.0,0.0553458816674403,0.1518953606497882,0.0,7.0,0.17878684,7.0,12.0,21.0,0.4685346199999998,91.0,15.75,0.0,24.0,0.5,39.75,0.5,1.0,1.5,4.25,1.0,0.5,0.5,0.0,2.0,1.5,0.25,0.25,0.25,0.0,0.25,0.0,0.0,2.0,0.0,0.0,88.83,25.0,0.0,0.0,0.0,58.62,75.0,80.0,0.01383647041686,0.037973840162447,0.0,1.75,0.04469671,1.75,3.0,5.25,0.1171336549999999,22.75,RB/RCB,63,18,89,32,79,47,53,84,66,13,39,45,16,89,89,87,39,47,37,76,47,39,82,50,53,79,29,18,16,39,63,89,74,21,42,45,58,63,89,82,89,63,84,58,18,84,26,74,42,47,68,53,5,29,42,16,74,89,76,26,32,37,68,47,39,79,50,53,79,29,18,16,39,63,89,74,21,37,45,47,47,87,74,84,63,84,Serie A
Napoli,gi0l1habji5hpgar77dl5jqe,9bba1hgnx5mzpkzeazsoikn9x,M. Politano,Matteo Politano,33,Attacker,Italy,Striker,21.0,5.0,61.0,7.0,77.0,4.0,1.0,1.0,7.0,3.0,1.0,264.0,2.0,1.0,1.0,1.0,0.0,3.0,3.0,0.0,1.0,1.0,2.0,5.0,0.0,0.0,86.52,63.64,31.25,100.0,66.67,41.18,33.33,33.33,0.3920383024204863,0.5043771219187266,0.0,17.0,0.5161200300000001,2.0,5.0,8.0,0.8675634699999998,28.0,7.159090909090909,1.7045454545454546,20.795454545454547,2.3863636363636367,26.250000000000004,1.3636363636363638,0.3409090909090909,0.3409090909090909,2.3863636363636367,1.0227272727272727,0.3409090909090909,0.6818181818181819,0.3409090909090909,0.3409090909090909,0.3409090909090909,0.0,1.0227272727272727,1.0227272727272727,0.0,0.3409090909090909,0.3409090909090909,0.6818181818181819,1.7045454545454546,0.0,0.0,86.52,63.64,31.25,100.0,66.67,41.18,33.33,33.33,0.1336494212797112,0.1719467461086568,0.0,5.795454545454546,0.1759500102272727,0.6818181818181819,1.7045454545454546,2.7272727272727275,0.2957602738636363,9.545454545454549,RW,50,62,62,75,62,25,12,12,12,88,38,50,12,31,38,38,31,50,19,56,81,31,19,56,56,75,50,50,100,94,50,62,25,38,38,12,75,75,25,44,44,88,25,50,62,62,75,62,25,12,12,12,88,50,50,12,38,38,38,38,50,19,75,75,38,25,56,56,75,50,50,100,94,50,62,25,38,38,12,75,75,25,50,38,100,25,Serie A
Napoli,gi0l1habji5hpgar77dl5jqe,9ka7y81b5kst146mhq7mom5ed,L. Spinazzola,Leonardo Spinazzola,33,Defender,Italy,Defender,55.0,1.0,112.0,7.0,166.0,5.0,5.0,8.0,4.0,3.0,1.0,304.0,0.0,1.0,2.0,1.0,0.0,3.0,1.0,2.0,1.0,0.0,1.0,8.0,0.0,0.0,87.37,63.64,20.0,20.0,33.33,22.22,50.0,100.0,0.200619924404827,0.3893387538561438,1.0,20.0,0.58894253,6.0,17.0,27.0,0.7564522699999999,88.0,16.282894736842106,0.2960526315789473,33.1578947368421,2.0723684210526314,49.14473684210526,1.480263157894737,1.480263157894737,2.3684210526315788,1.1842105263157894,0.8881578947368421,0.2960526315789473,0.0,0.2960526315789473,0.5921052631578947,0.2960526315789473,0.0,0.8881578947368421,0.2960526315789473,0.5921052631578947,0.2960526315789473,0.0,0.2960526315789473,2.3684210526315788,0.0,0.0,87.37,63.64,20.0,20.0,33.33,22.22,50.0,100.0,0.0593940565672185,0.1152647626547794,0.2960526315789473,5.921052631578948,0.1743579858552631,1.7763157894736843,5.032894736842105,7.993421052631579,0.2239496851973684,26.05263157894737,LB/LCB,48,43,95,69,76,76,88,95,5,12,17,14,57,29,19,36,57,43,71,76,43,57,86,45,52,76,86,48,48,67,5,57,95,48,71,52,100,100,98,88,95,90,74,38,48,95,71,81,76,90,95,5,10,14,14,57,24,14,36,62,38,71,76,43,62,90,45,52,76,86,48,48,67,5,57,95,48,71,52,100,100,100,76,100,86,71,Serie A
Napoli,gi0l1habji5hpgar77dl5jqe,9y8fnvazj02vy31ljx3du0d79,S. Lobotka,Stanislav Lobotka,31,Midfielder,Slovakia,Midfielder,60.0,0.0,136.0,5.0,196.0,3.0,1.0,1.0,17.0,7.0,2.0,349.0,8.0,1.0,2.0,2.0,0.0,4.0,1.0,3.0,1.0,1.0,2.0,5.0,0.0,0.0,92.45,62.5,0.0,100.0,50.0,58.62,40.0,33.33,0.3662049041727886,0.1783318218192092,3.0,11.0,0.28779118,3.0,24.0,23.0,0.5182655199999999,124.0,15.472779369627506,0.0,35.07163323782235,1.2893982808022924,50.54441260744986,0.7736389684813754,0.2578796561604584,0.2578796561604584,4.383954154727793,1.805157593123209,0.5157593123209169,2.0630372492836675,0.2578796561604584,0.5157593123209169,0.5157593123209169,0.0,1.0315186246418335,0.2578796561604584,0.7736389684813754,0.2578796561604584,0.2578796561604584,0.5157593123209169,1.2893982808022924,0.0,0.0,92.45,62.5,0.0,100.0,50.0,58.62,40.0,33.33,0.0944367947723523,0.0459881488932058,0.7736389684813754,2.836676217765043,0.0742154905444126,0.7736389684813754,6.189111747851003,5.9312320916905446,0.1336501340974211,31.97707736389685,DM/CM,35,29,87,42,77,50,27,27,77,79,29,90,44,29,69,31,73,67,73,58,94,92,83,52,52,77,62,29,94,87,81,73,13,81,38,90,81,88,56,83,88,69,85,15,29,73,35,62,38,23,23,65,77,23,88,35,23,65,31,62,69,62,46,92,92,62,52,52,77,62,29,94,87,81,73,13,69,31,81,69,81,50,65,62,54,65,Serie A
Napoli,gi0l1habji5hpgar77dl5jqe,d27r61wcc9az0shpevisc4iga,Rafa Marín,Rafa Marín,24,Defender,Spain,Defender,104.0,0.0,98.0,11.0,202.0,1.0,0.0,0.0,13.0,16.0,3.0,351.0,3.0,0.0,5.0,2.0,0.0,2.0,2.0,0.0,1.0,0.0,0.0,2.0,0.0,0.0,94.39,64.71,0.0,0.0,0.0,36.11,18.18,62.5,0.2721283216963261,0.0,0.0,6.0,0.12354251,2.0,26.0,22.0,0.3538913699999999,146.0,26.666666666666668,0.0,25.128205128205128,2.8205128205128207,51.7948717948718,0.2564102564102564,0.0,0.0,3.333333333333333,4.102564102564103,0.7692307692307693,0.7692307692307693,0.0,1.2820512820512822,0.5128205128205129,0.0,0.5128205128205129,0.5128205128205129,0.0,0.2564102564102564,0.0,0.0,0.5128205128205129,0.0,0.0,94.39,64.71,0.0,0.0,0.0,36.11,18.18,62.5,0.0697764927426477,0.0,0.0,1.5384615384615383,0.0316775666666666,0.5128205128205129,6.666666666666667,5.641025641025641,0.0907413769230769,37.43589743589744,CB,53,38,89,89,69,33,22,21,29,60,43,71,29,76,12,38,62,64,46,92,43,28,31,47,51,81,78,38,29,28,6,6,40,67,11,44,76,75,64,97,90,56,85,36,38,83,83,64,25,22,21,24,50,39,61,29,54,8,38,56,58,46,94,43,28,28,47,51,81,78,38,29,28,6,6,40,64,11,44,75,75,64,92,86,50,72,Serie A
Napoli,gi0l1habji5hpgar77dl5jqe,d364lpc0km51psy3zwc4a6zca,R. Højlund,Rasmus Højlund,23,Attacker,Denmark,Striker,5.0,0.0,19.0,0.0,24.0,1.0,7.0,7.0,8.0,4.0,0.0,305.0,2.0,1.0,0.0,5.0,0.0,7.0,5.0,2.0,1.0,2.0,4.0,12.0,0.0,0.0,68.57,0.0,0.0,14.29,57.14,25.0,27.78,0.0,1.0779175397441507,0.0381766992646963,2.0,1.0,0.01685596,0.0,1.0,2.0,0.04405007,7.0,1.475409836065574,0.0,5.606557377049181,0.0,7.081967213114754,0.2950819672131147,2.065573770491804,2.065573770491804,2.360655737704918,1.180327868852459,0.0,0.5901639344262295,0.2950819672131147,0.0,1.475409836065574,0.0,2.065573770491804,1.475409836065574,0.5901639344262295,0.2950819672131147,0.5901639344262295,1.180327868852459,3.540983606557377,0.0,0.0,68.57,0.0,0.0,14.29,57.14,25.0,27.78,0.0,0.3180740281212248,0.01126525552073,0.5901639344262295,0.2950819672131147,0.0049738898360655,0.0,0.2950819672131147,0.5901639344262295,0.0129983813114754,2.065573770491804,ST,11,36,27,23,14,18,61,57,11,96,27,16,32,18,66,39,46,34,75,38,80,75,36,48,52,25,23,36,23,93,9,43,18,71,11,62,16,11,18,27,36,18,14,7,36,18,23,11,14,57,57,11,96,27,14,25,18,68,39,25,18,75,29,71,75,25,48,52,25,23,36,23,93,9,43,18,64,11,54,11,11,18,21,39,18,7,Serie A
Torino,7gnly6999wao1xarwct4p8fe9,5uig03vbbv71f0q31cp3vfbv9,E. Cömert,Eray Cömert,28,Defender,Switzerland,Defender,135.0,0.0,78.0,9.0,213.0,1.0,0.0,0.0,10.0,16.0,1.0,247.0,3.0,0.0,4.0,2.0,1.0,1.0,0.0,1.0,0.0,0.0,0.0,0.0,0.0,0.0,91.81,52.94,0.0,0.0,0.0,66.67,66.67,80.0,0.0555393681129878,0.054826550800834,1.0,1.0,0.02401521,1.0,20.0,22.0,0.4527872199999997,114.0,49.19028340080972,0.0,28.42105263157895,3.279352226720648,77.61133603238866,0.3643724696356275,0.0,0.0,3.643724696356276,5.82995951417004,0.3643724696356275,1.0931174089068827,0.0,1.45748987854251,0.728744939271255,0.3643724696356275,0.3643724696356275,0.0,0.3643724696356275,0.0,0.0,0.0,0.0,0.0,0.0,91.81,52.94,0.0,0.0,0.0,66.67,66.67,80.0,0.0202370167213315,0.019977285716903,0.3643724696356275,0.3643724696356275,0.0087504813765182,0.3643724696356275,7.287449392712551,8.016194331983806,0.1649831975708501,41.53846153846154,CB,72,38,71,75,72,33,22,21,19,60,10,71,29,49,12,86,31,8,94,43,43,28,4,47,51,64,58,38,29,28,83,72,74,17,39,92,33,39,47,82,90,78,61,92,38,89,89,100,42,22,21,31,78,8,83,29,72,14,94,36,8,94,43,43,28,4,47,51,64,58,38,29,28,83,72,74,17,42,92,36,36,53,94,94,86,89,Serie A
Torino,7gnly6999wao1xarwct4p8fe9,6egg2gwvxxqv2i9hrr0zg4yz8,G. Gineitis,Gvidas Gineitis,22,Midfielder,Lithuania,Midfielder,34.0,1.0,38.0,4.0,71.0,1.0,2.0,2.0,15.0,3.0,0.0,272.0,8.0,0.0,6.0,1.0,1.0,1.0,1.0,0.0,0.0,0.0,0.0,3.0,0.0,0.0,82.56,44.44,16.67,0.0,0.0,55.56,33.33,100.0,0.1108438333004881,0.1222005498086236,0.0,2.0,0.05508396,2.0,12.0,8.0,0.12177281,32.0,11.25,0.3308823529411764,12.573529411764708,1.3235294117647058,23.49264705882353,0.3308823529411764,0.6617647058823529,0.6617647058823529,4.963235294117647,0.9926470588235294,0.0,2.647058823529412,0.0,1.9852941176470589,0.3308823529411764,0.3308823529411764,0.3308823529411764,0.3308823529411764,0.0,0.0,0.0,0.0,0.9926470588235294,0.0,0.0,82.56,44.44,16.67,0.0,0.0,55.56,33.33,100.0,0.036676268371485,0.0404340054513828,0.0,0.6617647058823529,0.0182263102941176,0.6617647058823529,3.9705882352941178,2.647058823529412,0.0402924738970588,10.588235294117649,LM/LCM,43,43,14,57,14,14,21,14,64,64,21,86,14,100,57,79,21,50,21,21,50,43,36,57,57,43,29,43,14,43,71,71,93,43,14,14,29,29,21,57,43,14,43,43,43,14,71,14,14,14,14,71,71,21,64,14,100,57,79,21,50,21,21,50,43,36,57,57,43,29,43,14,43,71,71,93,43,14,14,29,29,14,71,43,14,29,Serie A
Torino,7gnly6999wao1xarwct4p8fe9,7gdfooe2sa90g72nddjazusd0,A. Cacciamani,Alessio Cacciamani,19,Midfielder,Italy,Midfielder,32.0,3.0,47.0,1.0,76.0,2.0,9.0,11.0,16.0,4.0,1.0,272.0,8.0,4.0,3.0,0.0,1.0,1.0,1.0,0.0,1.0,0.0,0.0,3.0,0.0,0.0,87.36,100.0,20.0,44.44,0.0,59.26,0.0,75.0,0.1158274234118839,0.2656797825349072,1.0,16.0,0.48121516,4.0,3.0,2.0,0.5798071799999999,19.0,10.588235294117649,0.9926470588235294,15.551470588235295,0.3308823529411764,25.147058823529413,0.6617647058823529,2.9779411764705883,3.639705882352941,5.294117647058823,1.3235294117647058,0.3308823529411764,2.647058823529412,1.3235294117647058,0.9926470588235294,0.0,0.3308823529411764,0.3308823529411764,0.3308823529411764,0.0,0.3308823529411764,0.0,0.0,0.9926470588235294,0.0,0.0,87.36,100.0,20.0,44.44,0.0,59.26,0.0,75.0,0.038325250393638,0.0879087515740501,0.3308823529411764,5.294117647058823,0.1592256044117647,1.3235294117647058,0.9926470588235294,0.6617647058823529,0.1918479639705882,6.286764705882353,LM/LCM,14,86,43,14,36,36,64,79,86,93,43,86,79,50,21,79,21,50,21,57,50,43,36,57,57,71,100,57,71,43,100,29,64,57,43,29,100,100,57,21,14,71,14,29,86,29,14,29,29,71,100,86,100,43,64,86,43,21,79,21,50,21,57,50,43,36,57,57,71,100,57,71,43,100,29,64,57,43,29,100,100,57,14,14,71,14,Serie A
Torino,7gnly6999wao1xarwct4p8fe9,7vykym3hy0qf1rxw3yv58kxgq,Saúl Coco,Saúl Coco,27,Defender,Equatorial Guinea,Defender,177.0,0.0,56.0,11.0,233.0,1.0,2.0,2.0,9.0,21.0,3.0,310.0,1.0,1.0,2.0,4.0,0.0,2.0,2.0,0.0,0.0,0.0,1.0,2.0,0.0,0.0,92.46,52.38,0.0,50.0,50.0,56.25,66.67,66.67,0.2229560439821239,0.0469931264182609,0.0,1.0,0.02385149,1.0,16.0,12.0,0.3618750699999999,137.0,51.38709677419354,0.0,16.258064516129032,3.193548387096774,67.64516129032258,0.2903225806451612,0.5806451612903225,0.5806451612903225,2.6129032258064515,6.096774193548387,0.8709677419354839,0.2903225806451612,0.2903225806451612,0.5806451612903225,1.161290322580645,0.0,0.5806451612903225,0.5806451612903225,0.0,0.0,0.0,0.2903225806451612,0.5806451612903225,0.0,0.0,92.46,52.38,0.0,50.0,50.0,56.25,66.67,66.67,0.0647291740593263,0.0136431657343338,0.0,0.2903225806451612,0.0069246261290322,0.2903225806451612,4.64516129032258,3.4838709677419355,0.1050605041935483,39.774193548387096,CB,92,38,51,89,81,33,76,75,10,82,43,28,72,15,38,38,62,64,46,43,43,69,31,47,51,69,56,38,65,69,46,72,53,56,31,44,33,35,47,72,62,67,81,97,38,53,86,89,31,81,78,14,83,44,33,78,17,39,38,69,72,46,43,43,75,31,47,51,69,56,38,65,69,46,72,53,61,31,44,31,33,44,75,67,67,75,Serie A
Torino,7gnly6999wao1xarwct4p8fe9,9srjp22oprs2tkcutb2g4o2dw,P. Comuzzo,Pietro Comuzzo,21,Defender,Italy,Defender,114.0,1.0,65.0,5.0,178.0,2.0,1.0,1.0,20.0,10.0,3.0,335.0,1.0,1.0,5.0,6.0,0.0,2.0,2.0,0.0,0.0,1.0,1.0,3.0,0.0,0.0,92.23,55.56,50.0,100.0,50.0,57.14,50.0,41.67,0.261776347677621,0.1880884611283851,0.0,0.0,0.0,1.0,12.0,17.0,0.3535607600000001,89.0,30.62686567164179,0.2686567164179104,17.46268656716418,1.343283582089552,47.82089552238806,0.5373134328358209,0.2686567164179104,0.2686567164179104,5.3731343283582085,2.686567164179104,0.8059701492537313,0.2686567164179104,0.2686567164179104,1.343283582089552,1.611940298507463,0.0,0.5373134328358209,0.5373134328358209,0.0,0.0,0.2686567164179104,0.2686567164179104,0.8059701492537313,0.0,0.0,92.23,55.56,50.0,100.0,50.0,57.14,50.0,41.67,0.0703279740029429,0.0505312283628497,0.0,0.0,0.0,0.2686567164179104,3.2238805970149254,4.567164179104478,0.0949864728358209,23.91044776119403,CB,61,81,58,43,53,64,56,54,88,25,43,28,72,76,60,38,62,64,46,43,92,69,46,47,51,67,64,85,88,69,50,28,11,64,64,44,14,14,47,64,72,53,50,50,78,56,33,53,61,58,58,78,28,42,28,72,67,56,38,64,67,46,43,94,69,47,47,51,67,64,85,88,69,50,28,11,67,58,44,14,14,42,61,75,58,42,Serie A
Torino,7gnly6999wao1xarwct4p8fe9,b8ixf31bdyfqqcwoy4ulai73e,K. Fitz-Jim,Kian Fitz-Jim,23,Midfielder,Netherlands,Midfielder,85.0,0.0,81.0,6.0,166.0,6.0,11.0,12.0,14.0,3.0,3.0,329.0,4.0,7.0,2.0,0.0,0.0,2.0,0.0,2.0,0.0,0.0,0.0,2.0,0.0,0.0,90.22,54.55,0.0,63.64,0.0,58.33,0.0,66.67,0.0773670712754407,0.5883831713031389,2.0,14.0,0.31393742,5.0,15.0,14.0,0.6586387,75.0,23.25227963525836,0.0,22.1580547112462,1.6413373860182372,45.41033434650456,1.6413373860182372,3.009118541033435,3.2826747720364744,3.8297872340425534,0.8206686930091186,0.8206686930091186,1.094224924012158,1.9148936170212767,0.547112462006079,0.0,0.0,0.547112462006079,0.0,0.547112462006079,0.0,0.0,0.0,0.547112462006079,0.0,0.0,90.22,54.55,0.0,63.64,0.0,58.33,0.0,66.67,0.021164244421853,0.1609558827273024,0.547112462006079,3.8297872340425534,0.0858795373860182,1.3677811550151977,4.103343465045593,3.8297872340425534,0.1801747203647416,20.516717325227965,LM/LCM,100,14,86,86,100,79,100,100,36,64,64,21,100,21,21,36,50,21,71,21,50,43,14,57,57,100,71,14,100,43,86,29,21,14,86,64,86,71,86,86,64,86,86,100,14,71,86,86,71,86,71,29,43,57,29,100,14,21,36,57,21,71,21,50,43,14,57,57,100,71,14,100,43,86,29,21,14,86,57,86,86,71,86,71,57,71,Serie A
Torino,7gnly6999wao1xarwct4p8fe9,c4bccspnyg73206u27nhiwu1g,N. Fortini,Niccolò Fortini,20,Defender,Italy,Defender,49.0,2.0,60.0,2.0,107.0,1.0,8.0,8.0,16.0,4.0,0.0,222.0,4.0,5.0,4.0,1.0,0.0,1.0,1.0,0.0,0.0,0.0,0.0,6.0,1.0,0.0,91.45,100.0,25.0,62.5,0.0,59.26,50.0,66.67,0.1126490129756899,0.1556104833822709,0.0,7.0,0.17999635,3.0,3.0,4.0,0.39873664,34.0,19.864864864864863,0.8108108108108107,24.324324324324323,0.8108108108108107,43.37837837837838,0.4054054054054054,3.243243243243243,3.243243243243243,6.486486486486486,1.6216216216216215,0.0,1.6216216216216215,2.0270270270270268,1.6216216216216215,0.4054054054054054,0.0,0.4054054054054054,0.4054054054054054,0.0,0.0,0.0,0.0,2.4324324324324325,0.4054054054054054,0.0,91.45,100.0,25.0,62.5,0.0,59.26,50.0,66.67,0.0456685187739283,0.0630853311009206,0.0,2.8378378378378377,0.0729714932432432,1.2162162162162162,1.2162162162162162,1.6216216216216215,0.1616499891891891,13.783783783783782,CB,17,90,56,11,26,33,100,100,60,7,4,93,100,49,4,38,31,33,46,43,43,28,72,97,51,56,100,78,72,28,64,28,53,25,56,44,82,89,76,15,15,75,8,25,94,78,19,42,47,100,100,89,11,4,97,100,86,6,38,47,47,46,43,43,28,92,100,51,56,100,78,72,28,64,28,53,36,67,44,94,97,83,28,25,83,17,Serie A
Torino,7gnly6999wao1xarwct4p8fe9,cp13vthbds3tl1wtfelfx2evp,G. Simeone,Giovanni Simeone,31,Attacker,Argentina,Striker,20.0,1.0,13.0,0.0,32.0,1.0,4.0,4.0,14.0,1.0,1.0,253.0,6.0,1.0,1.0,6.0,0.0,7.0,7.0,0.0,2.0,0.0,1.0,9.0,0.0,0.0,65.31,0.0,100.0,25.0,14.29,38.89,35.29,100.0,1.0388929386548802,0.0946659435396841,0.0,3.0,0.07109732,0.0,2.0,1.0,0.05791372,6.0,7.114624505928854,0.3557312252964427,4.624505928853755,0.0,11.383399209486166,0.3557312252964427,1.4229249011857708,1.4229249011857708,4.980237154150198,0.3557312252964427,0.3557312252964427,2.134387351778656,0.3557312252964427,0.3557312252964427,2.134387351778656,0.0,2.490118577075099,2.490118577075099,0.0,0.7114624505928854,0.0,0.3557312252964427,3.2015810276679844,0.0,0.0,65.31,0.0,100.0,25.0,14.29,38.89,35.29,100.0,0.3695666580195226,0.0336756320892156,0.0,1.067193675889328,0.0252915367588932,0.0,0.7114624505928854,0.3557312252964427,0.0206017185770751,2.134387351778656,ST,82,82,9,23,29,18,39,39,55,25,71,71,32,52,75,39,46,61,9,59,18,9,12,48,52,11,23,98,39,4,36,57,86,64,25,7,57,46,18,45,20,21,7,82,82,11,23,36,21,43,43,64,18,79,75,32,64,86,39,57,75,9,61,18,7,14,48,52,11,23,98,39,4,36,57,86,82,25,7,64,43,18,43,21,29,11,Serie A
Torino,7gnly6999wao1xarwct4p8fe9,dpnp9rguhhs04of6vmlw5spg5,R. Mandragora,Rolando Mandragora,29,Midfielder,Italy,Midfielder,67.0,0.0,73.0,6.0,140.0,1.0,3.0,3.0,13.0,3.0,3.0,208.0,5.0,0.0,2.0,3.0,0.0,6.0,0.0,6.0,1.0,1.0,5.0,0.0,0.0,0.0,88.61,50.0,0.0,0.0,83.33,54.17,0.0,40.0,0.2873227418110571,0.0527013532218378,4.0,3.0,0.0670543,1.0,11.0,9.0,0.2063443,77.0,28.990384615384617,0.0,31.586538461538463,2.5961538461538463,60.57692307692308,0.4326923076923077,1.2980769230769231,1.2980769230769231,5.625000000000001,1.2980769230769231,1.2980769230769231,2.1634615384615388,0.0,0.8653846153846154,1.2980769230769231,0.0,2.5961538461538463,0.0,2.5961538461538463,0.4326923076923077,0.4326923076923077,2.1634615384615388,0.0,0.0,0.0,88.61,50.0,0.0,0.0,83.33,54.17,0.0,40.0,0.1243223402067074,0.0228034701440644,1.7307692307692308,1.2980769230769231,0.0290138798076923,0.4326923076923077,4.759615384615385,3.8942307692307696,0.0892835913461538,33.31730769230769,CM/AM,83,17,50,75,67,11,33,28,56,64,78,78,11,50,78,31,58,8,92,47,72,97,6,53,53,61,33,17,11,100,67,17,33,39,6,81,17,17,14,58,42,39,75,100,17,72,94,94,17,50,33,89,78,94,94,11,61,94,31,72,8,100,56,83,100,6,53,53,61,33,17,11,100,67,17,33,56,11,89,28,28,17,78,67,56,89,Serie A
Torino,7gnly6999wao1xarwct4p8fe9,ebgkv548xih19m8uza7bgrvmd,N. Vlašić,Nikola Vlasic,28,Midfielder,Croatia,Midfielder,48.0,0.0,65.0,1.0,113.0,2.0,4.0,7.0,12.0,1.0,0.0,360.0,4.0,2.0,1.0,5.0,0.0,5.0,3.0,2.0,3.0,0.0,2.0,11.0,0.0,0.0,87.6,100.0,0.0,50.0,40.0,32.43,50.0,100.0,0.3897652892324594,0.134160823656425,4.0,6.0,0.1607083,3.0,8.0,10.0,0.17475095,39.0,12.0,0.0,16.25,0.25,28.25,0.5,1.0,1.75,3.0,0.25,0.0,1.0,0.5,0.25,1.25,0.0,1.25,0.75,0.5,0.75,0.0,0.5,2.75,0.0,0.0,87.6,100.0,0.0,50.0,40.0,32.43,50.0,100.0,0.0974413223081148,0.0335402059141062,1.0,1.5,0.040177075,0.75,2.0,2.5,0.0436877375,9.75,CM/AM,50,17,36,17,42,31,47,69,47,25,14,58,44,19,97,31,44,58,44,83,31,50,64,53,53,50,100,17,61,72,6,67,89,50,28,81,47,44,50,39,56,22,28,33,17,31,8,22,22,28,61,17,22,14,42,31,8,86,31,39,53,39,72,31,50,61,53,53,50,100,17,61,72,6,67,89,39,22,69,33,33,44,28,39,6,17,Serie A
Lecce,bi1fxjrncd0ram0oi7ja1jyuo,1lisq580zw4yfk6id6f1dwr56,Danilo Veiga,Danilo Filipe de Melo Veiga,23,Defender,Portugal,Defender,57.0,2.0,47.0,5.0,102.0,2.0,5.0,5.0,19.0,11.0,4.0,360.0,6.0,1.0,5.0,2.0,1.0,0.0,0.0,0.0,0.0,0.0,0.0,2.0,0.0,0.0,76.69,31.25,22.22,20.0,0.0,45.24,28.57,50.0,0.0,0.310126288198277,0.0,3.0,0.07407997,1.0,7.0,12.0,0.73380739,57.0,14.25,0.5,11.75,1.25,25.5,0.5,1.25,1.25,4.75,2.75,1.0,1.5,0.25,1.25,0.5,0.25,0.0,0.0,0.0,0.0,0.0,0.0,0.5,0.0,0.0,76.69,31.25,22.22,20.0,0.0,45.24,28.57,50.0,0.0,0.0775315720495692,0.0,0.75,0.0185199925,0.25,1.75,3.0,0.1834518475,14.25,RB/RCB,53,79,45,74,32,47,68,63,79,71,74,92,45,58,45,87,11,13,37,34,47,39,18,50,53,16,42,68,34,39,32,26,29,11,74,45,24,26,24,29,68,84,42,47,79,26,68,21,42,58,53,68,66,74,89,37,50,39,76,11,13,37,34,47,39,16,50,53,16,42,68,34,39,32,26,29,11,68,45,21,26,18,24,68,84,21,Serie A
Lecce,bi1fxjrncd0ram0oi7ja1jyuo,1oszv53od5pulbhx566ht984q,A. Gallo,Antonino Gallo,26,Defender,Italy,Defender,22.0,0.0,25.0,7.0,47.0,1.0,1.0,1.0,6.0,12.0,1.0,225.0,0.0,0.0,3.0,2.0,0.0,1.0,0.0,1.0,0.0,0.0,0.0,0.0,1.0,0.0,61.84,38.89,0.0,0.0,0.0,42.86,25.0,75.0,0.0271513527309589,0.1511519582670352,1.0,1.0,0.01611813,0.0,7.0,8.0,0.34082596,29.0,8.8,0.0,10.0,2.8,18.8,0.4,0.4,0.4,2.4,4.8,0.4,0.0,0.0,1.2,0.8,0.0,0.4,0.0,0.4,0.0,0.0,0.0,0.0,0.4,0.0,61.84,38.89,0.0,0.0,0.0,42.86,25.0,75.0,0.0108605410923835,0.060460783306814,0.4,0.4,0.006447252,0.0,2.8,3.2,0.136330384,11.6,LB/LCB,5,17,5,69,5,21,31,31,21,76,17,14,24,60,43,36,26,19,50,38,43,21,10,95,52,5,38,17,24,21,19,21,74,19,33,52,14,10,10,40,29,43,12,14,17,14,86,14,24,33,33,19,90,29,14,24,69,48,36,33,19,57,38,43,21,10,100,52,5,38,17,24,21,19,21,74,19,38,62,17,14,10,52,43,52,24,Serie A
Lecce,bi1fxjrncd0ram0oi7ja1jyuo,2izep8yz4gavm10cvf82py5pm,J. Siebert,Jamil Siebert,24,Defender,Germany,Defender,50.0,1.0,32.0,6.0,81.0,2.0,2.0,2.0,14.0,23.0,7.0,294.0,2.0,2.0,4.0,4.0,0.0,1.0,1.0,0.0,0.0,0.0,0.0,1.0,0.0,0.0,75.7,31.58,100.0,100.0,0.0,58.33,50.0,66.67,0.1339266596568692,0.2287102976752972,1.0,4.0,0.08963676,1.0,3.0,4.0,0.3589023999999999,51.0,15.306122448979592,0.3061224489795918,9.79591836734694,1.836734693877551,24.79591836734694,0.6122448979591837,0.6122448979591837,0.6122448979591837,4.285714285714286,7.040816326530613,2.142857142857143,0.6122448979591837,0.6122448979591837,1.2244897959183674,1.2244897959183674,0.0,0.3061224489795918,0.3061224489795918,0.0,0.0,0.0,0.0,0.3061224489795918,0.0,0.0,75.7,31.58,100.0,100.0,0.0,58.33,50.0,66.67,0.0409979570378171,0.0700133564312134,0.3061224489795918,1.2244897959183674,0.0274398244897959,0.3061224489795918,0.9183673469387756,1.2244897959183674,0.109868081632653,15.612244897959185,CB,19,81,21,50,11,64,76,75,40,94,83,49,92,49,38,38,31,33,46,43,43,28,15,47,51,6,14,96,88,28,56,28,53,33,72,92,68,69,47,15,15,61,22,19,81,22,56,17,69,83,81,47,89,86,53,92,44,42,38,28,33,46,43,43,28,11,47,51,6,14,96,88,28,56,28,53,28,72,89,67,67,47,14,14,69,22,Serie A
Lecce,bi1fxjrncd0ram0oi7ja1jyuo,4gnprufs4yyf7wq9mzmkmf622,N. Štulić,Nikola Stulic,25,Attacker,Serbia,Striker,12.0,0.0,22.0,0.0,34.0,0.0,1.0,1.0,5.0,2.0,0.0,216.0,2.0,0.0,0.0,3.0,0.0,5.0,4.0,1.0,1.0,0.0,2.0,12.0,0.0,0.0,82.93,0.0,0.0,0.0,40.0,25.0,33.33,0.0,0.4781581329688691,0.0,2.0,2.0,0.06468513,0.0,0.0,0.0,0.07483818,8.0,5.0,0.0,9.166666666666668,0.0,14.166666666666668,0.0,0.4166666666666667,0.4166666666666667,2.083333333333333,0.8333333333333334,0.0,0.8333333333333334,0.0,0.0,1.25,0.0,2.083333333333333,1.6666666666666667,0.4166666666666667,0.4166666666666667,0.0,0.8333333333333334,5.0,0.0,0.0,82.93,0.0,0.0,0.0,40.0,25.0,33.33,0.0,0.1992325554036954,0.0,0.8333333333333334,0.8333333333333334,0.0269521374999999,0.0,0.0,0.0,0.031182575,3.333333333333333,ST,41,36,39,23,36,5,12,12,5,55,27,16,11,18,46,39,18,18,39,38,18,27,36,48,52,82,23,36,11,61,9,54,18,21,5,62,36,43,18,9,7,36,21,57,36,61,23,61,5,14,14,7,71,27,21,11,18,52,39,29,25,61,50,18,36,43,48,52,82,23,36,11,61,9,54,18,25,5,75,50,46,18,9,7,43,29,Serie A
Lecce,bi1fxjrncd0ram0oi7ja1jyuo,6udrxynn6611j9tjm258iu80k,Kialonda Gaspar,Esmevânio Kialonda Gaspar,28,Defender,Angola,Defender,85.0,0.0,20.0,1.0,105.0,0.0,0.0,0.0,17.0,21.0,2.0,246.0,3.0,0.0,5.0,3.0,0.0,1.0,1.0,0.0,0.0,0.0,1.0,1.0,0.0,0.0,86.78,8.33,0.0,0.0,100.0,68.0,60.0,45.45,0.1530994541256461,0.0,0.0,0.0,0.0,0.0,5.0,3.0,0.14462091,73.0,31.09756097560976,0.0,7.317073170731708,0.3658536585365853,38.41463414634146,0.0,0.0,0.0,6.219512195121951,7.682926829268292,0.7317073170731707,1.0975609756097562,0.0,1.829268292682927,1.0975609756097562,0.0,0.3658536585365853,0.3658536585365853,0.0,0.0,0.0,0.3658536585365853,0.3658536585365853,0.0,0.0,86.78,8.33,0.0,0.0,100.0,68.0,60.0,45.45,0.0560119954118217,0.0,0.0,0.0,0.0,0.0,1.829268292682927,1.0975609756097562,0.0529100890243902,26.70731707317073,CB,36,38,7,4,22,8,22,21,67,82,22,71,29,76,22,38,31,33,46,43,43,69,15,47,51,25,3,38,29,93,86,57,17,44,11,44,14,14,18,35,7,14,42,53,38,8,6,28,8,22,21,86,97,31,86,29,94,33,38,39,42,46,43,43,81,17,47,51,25,3,38,29,93,86,57,17,47,11,44,14,14,18,42,11,19,47,Serie A
Lecce,bi1fxjrncd0ram0oi7ja1jyuo,7pg1pu4ptby6hi0rp29hv4jxl,L. Coulibaly,Lassana Coulibaly,30,Midfielder,Mali,Midfielder,64.0,0.0,65.0,1.0,129.0,5.0,7.0,7.0,24.0,3.0,3.0,360.0,9.0,3.0,2.0,5.0,1.0,5.0,5.0,0.0,0.0,2.0,3.0,8.0,0.0,0.0,83.23,11.11,0.0,42.86,60.0,55.81,71.43,28.57,0.6394835416753777,0.2323839890465649,0.0,4.0,0.08006879,2.0,15.0,13.0,0.23738413,61.0,16.0,0.0,16.25,0.25,32.25,1.25,1.75,1.75,6.0,0.75,0.75,2.25,0.75,0.5,1.25,0.25,1.25,1.25,0.0,0.0,0.5,0.75,2.0,0.0,0.0,83.23,11.11,0.0,42.86,60.0,55.81,71.43,28.57,0.1598708854188444,0.0580959972616412,0.0,1.0,0.0200171975,0.5,3.75,3.25,0.0593460325,15.25,CM/AM,75,17,36,17,61,72,72,69,94,64,78,100,72,50,97,78,44,81,19,19,94,67,56,53,53,22,6,17,56,83,78,89,17,67,50,22,25,28,31,72,72,56,67,56,17,31,8,39,53,69,61,94,53,67,100,56,39,86,64,39,78,19,19,89,56,50,53,53,22,6,17,56,83,78,89,17,61,44,22,19,22,28,58,56,39,33,Serie A
Lecce,bi1fxjrncd0ram0oi7ja1jyuo,dfsb8uzowi737si30le6gjaxg,Tiago Gabriel,Tiago Gabriel Coelho Oliveira,21,Defender,Portugal,Defender,86.0,0.0,32.0,4.0,118.0,0.0,0.0,0.0,18.0,16.0,3.0,241.0,3.0,0.0,6.0,8.0,0.0,2.0,2.0,0.0,0.0,2.0,2.0,2.0,0.0,0.0,92.91,50.0,0.0,0.0,100.0,75.0,80.0,85.71,0.3445083302214193,0.0,0.0,2.0,0.04813761,2.0,4.0,6.0,0.16020678,75.0,32.11618257261411,0.0,11.950207468879668,1.4937759336099583,44.066390041493776,0.0,0.0,0.0,6.721991701244813,5.975103734439834,1.120331950207469,1.120331950207469,0.0,2.240663900414938,2.987551867219917,0.0,0.7468879668049793,0.7468879668049793,0.0,0.0,0.7468879668049793,0.7468879668049793,0.7468879668049793,0.0,0.0,92.91,50.0,0.0,0.0,100.0,75.0,80.0,85.71,0.1286545631532271,0.0,0.0,0.7468879668049793,0.0179767008298755,0.7468879668049793,1.4937759336099583,2.240663900414938,0.0598282580912863,28.00829875518673,CB,39,38,21,32,33,8,22,21,72,60,43,71,29,92,72,38,62,64,46,43,100,92,31,47,51,75,44,38,29,93,97,90,83,75,11,44,50,53,64,26,32,22,44,56,38,31,36,44,8,22,21,92,81,56,89,29,97,86,38,72,75,46,43,100,97,36,47,51,75,44,38,29,93,97,90,83,86,11,44,58,61,67,31,44,28,50,Serie A
Lecce,bi1fxjrncd0ram0oi7ja1jyuo,dy4p5raczhbmglfsu8n4xcdwq,S. Pierotti,Santiago Pierotti,25,Attacker,Argentina,Striker,31.0,0.0,39.0,2.0,70.0,2.0,10.0,10.0,22.0,4.0,2.0,288.0,0.0,4.0,6.0,7.0,0.0,3.0,1.0,2.0,0.0,0.0,2.0,5.0,0.0,0.0,80.46,100.0,0.0,40.0,66.67,47.83,70.0,54.55,0.3785963374462989,0.0835572102274915,2.0,5.0,0.13559135,4.0,7.0,4.0,0.27669105,32.0,9.6875,0.0,12.1875,0.625,21.875,0.625,3.125,3.125,6.875,1.25,0.625,0.0,1.25,1.875,2.1875,0.0,0.9375,0.3125,0.625,0.0,0.0,0.625,1.5625,0.0,0.0,80.46,100.0,0.0,40.0,66.67,47.83,70.0,54.55,0.1183113554519684,0.026111628196091,0.625,1.5625,0.042372296875,1.25,2.1875,1.25,0.086465953125,10.0,RW,75,19,19,31,38,12,62,62,100,100,81,12,50,100,100,38,31,19,44,12,38,31,19,56,56,38,94,19,31,94,81,88,62,25,12,38,12,12,56,69,12,12,50,75,19,12,25,25,12,62,62,100,100,75,12,38,100,100,38,25,12,50,12,38,25,12,56,56,38,94,19,31,94,81,88,62,25,12,38,12,12,38,75,12,12,50,Serie A
Lecce,bi1fxjrncd0ram0oi7ja1jyuo,eorgs50x6dss1dzy86fvb97o4,O. Ngom,Oumar Ngom,22,Midfielder,Mauritania,Midfielder,47.0,0.0,41.0,8.0,88.0,2.0,1.0,1.0,11.0,2.0,4.0,231.0,0.0,1.0,7.0,1.0,0.0,3.0,0.0,3.0,2.0,0.0,0.0,0.0,0.0,0.0,77.88,57.14,0.0,100.0,0.0,55.0,0.0,77.78,0.1796074057047625,0.0712055847392195,2.0,7.0,0.14144061,1.0,15.0,11.0,0.1519355099999999,47.0,18.31168831168831,0.0,15.974025974025972,3.1168831168831166,34.285714285714285,0.7792207792207791,0.3896103896103896,0.3896103896103896,4.285714285714286,0.7792207792207791,1.5584415584415583,0.0,0.3896103896103896,2.727272727272727,0.3896103896103896,0.0,1.1688311688311688,0.0,1.1688311688311688,0.7792207792207791,0.0,0.0,0.0,0.0,0.0,77.88,57.14,0.0,100.0,0.0,55.0,0.0,77.78,0.0699769113135438,0.0277424356126829,0.7792207792207791,2.727272727272727,0.0551067311688311,0.3896103896103896,5.844155844155844,4.285714285714286,0.0591956532467532,18.31168831168831,DM/CM,23,29,13,71,15,29,27,27,35,23,60,4,44,96,50,31,52,27,73,83,44,27,12,52,52,8,54,29,94,27,60,29,88,42,15,71,54,50,23,54,48,12,15,31,29,27,81,23,42,31,31,62,27,77,4,58,96,58,31,69,27,85,92,44,27,12,52,52,8,54,29,94,27,60,29,88,62,23,85,65,62,35,62,46,23,23,Serie A
Sassuolo,6tuibxq39fdryu8ou06wcm0q3,27xj7me8icr5ptta7kwx0kfs9,A. Laurienté,Armand Laurienté,27,Attacker,France,Striker,31.0,3.0,86.0,3.0,114.0,5.0,18.0,18.0,13.0,0.0,0.0,360.0,3.0,7.0,0.0,1.0,1.0,16.0,9.0,7.0,5.0,0.0,4.0,23.0,0.0,0.0,90.48,75.0,21.43,38.89,25.0,39.39,50.0,0.0,1.279094488745681,0.6301953625318796,10.0,21.0,0.63372044,5.0,13.0,14.0,0.6435773,56.0,7.75,0.75,21.5,0.75,28.5,1.25,4.5,4.5,3.25,0.0,0.0,0.75,1.75,0.0,0.25,0.25,4.0,2.25,1.75,1.25,0.0,1.0,5.75,0.0,0.0,90.48,75.0,21.43,38.89,25.0,39.39,50.0,0.0,0.3197736221864202,0.1575488406329699,2.5,5.25,0.15843011,1.25,3.25,3.5,0.160894325,14.0,LW,67,100,100,100,100,100,100,100,33,50,33,33,100,33,83,100,100,100,100,83,50,100,100,67,67,100,100,67,67,67,33,83,33,100,100,100,100,100,67,100,100,100,100,33,100,100,100,100,100,100,100,33,50,33,33,100,33,67,100,100,100,100,67,50,100,67,67,67,100,100,67,67,67,33,83,33,100,100,100,100,67,67,100,100,100,100,Serie A
Sassuolo,6tuibxq39fdryu8ou06wcm0q3,7b0vbfxlv3uiozb19fcj2vsyy,F. Leysen,Fedde Leysen,23,Defender,Belgium,Defender,103.0,0.0,23.0,5.0,126.0,1.0,0.0,0.0,15.0,13.0,4.0,286.0,0.0,0.0,5.0,9.0,1.0,0.0,0.0,0.0,0.0,0.0,0.0,1.0,0.0,0.0,91.3,38.46,0.0,0.0,0.0,60.0,75.0,83.33,0.0,0.0812720181236221,0.0,0.0,0.0,0.0,2.0,6.0,0.1324928099999999,56.0,32.41258741258741,0.0,7.237762237762238,1.5734265734265735,39.65034965034965,0.3146853146853147,0.0,0.0,4.720279720279721,4.090909090909091,1.2587412587412588,0.0,0.0,1.5734265734265735,2.8321678321678325,0.3146853146853147,0.0,0.0,0.0,0.0,0.0,0.0,0.3146853146853147,0.0,0.0,91.3,38.46,0.0,0.0,0.0,60.0,75.0,83.33,0.0,0.0255751105983426,0.0,0.0,0.0,0.0,0.6293706293706294,1.888111888111888,0.0416935416083915,17.622377622377623,CB,50,38,14,43,42,33,22,21,51,42,60,7,29,76,79,86,6,8,46,43,43,28,15,47,51,53,22,38,29,28,71,85,79,7,47,44,14,14,18,8,32,8,31,58,38,6,42,31,33,22,21,58,47,64,7,29,81,81,89,6,8,46,43,43,28,14,47,51,53,22,38,29,28,71,85,79,7,50,44,14,14,18,8,33,14,28,Serie A
Sassuolo,6tuibxq39fdryu8ou06wcm0q3,7nfr8xuo637qma7ovxx4r9fmy,J. Idzes,Jay Idzes,26,Defender,Indonesia,Defender,74.0,0.0,18.0,3.0,92.0,1.0,1.0,1.0,6.0,11.0,2.0,261.0,3.0,1.0,0.0,2.0,0.0,1.0,1.0,0.0,0.0,0.0,0.0,4.0,1.0,0.0,90.2,27.27,0.0,100.0,0.0,46.15,50.0,0.0,0.1382058432203663,0.0,0.0,1.0,0.01935132,0.0,6.0,5.0,0.11924693,51.0,25.517241379310345,0.0,6.206896551724138,1.0344827586206895,31.724137931034484,0.3448275862068966,0.3448275862068966,0.3448275862068966,2.0689655172413794,3.793103448275862,0.6896551724137931,1.0344827586206895,0.3448275862068966,0.0,0.6896551724137931,0.0,0.3448275862068966,0.3448275862068966,0.0,0.0,0.0,0.0,1.3793103448275863,0.3448275862068966,0.0,90.2,27.27,0.0,100.0,0.0,46.15,50.0,0.0,0.0476571873173676,0.0,0.0,0.3448275862068966,0.0066728689655172,0.0,2.0689655172413794,1.7241379310344829,0.0411196310344827,17.586206896551726,CB,31,38,3,21,19,33,56,54,3,32,22,71,72,3,12,38,31,33,46,43,43,28,57,97,51,44,11,38,88,28,17,28,3,36,11,44,33,28,18,43,24,6,22,33,38,3,25,19,39,67,67,3,42,28,78,83,3,11,38,33,39,46,43,43,28,64,97,51,44,11,38,88,28,17,28,3,39,11,44,33,31,18,50,28,11,25,Serie A
Sassuolo,6tuibxq39fdryu8ou06wcm0q3,7pirs3v9u80j5qy71cmhzbxn8,V. Adžić,Vasilije Adzic,20,Midfielder,Montenegro,Midfielder,24.0,2.0,36.0,1.0,58.0,10.0,4.0,4.0,7.0,3.0,1.0,203.0,1.0,2.0,2.0,1.0,1.0,9.0,6.0,3.0,5.0,2.0,4.0,14.0,0.0,0.0,87.88,50.0,33.33,50.0,44.44,41.18,50.0,66.67,0.9577361296255764,0.6668586564221008,2.0,4.0,0.08656934,2.0,3.0,5.0,0.13578971,19.0,10.64039408866995,0.8866995073891626,15.960591133004929,0.4433497536945813,25.714285714285715,4.433497536945813,1.7733990147783252,1.7733990147783252,3.103448275862069,1.3300492610837438,0.4433497536945813,0.4433497536945813,0.8866995073891626,0.8866995073891626,0.4433497536945813,0.4433497536945813,3.990147783251232,2.6600985221674875,1.3300492610837438,2.2167487684729066,0.8866995073891626,1.7733990147783252,6.206896551724138,0.0,0.0,87.88,50.0,33.33,50.0,44.44,41.18,50.0,66.67,0.4246120771739008,0.2956516210738378,0.8866995073891626,1.7733990147783252,0.0383804955665024,0.8866995073891626,1.3300492610837438,2.2167487684729066,0.0602023344827586,8.423645320197044,RM/RCM,29,57,21,29,29,71,36,36,36,50,29,36,71,57,29,64,100,100,93,100,100,93,86,57,57,86,57,50,79,71,50,64,71,100,43,100,36,29,21,14,29,29,29,43,57,29,43,29,86,71,71,71,86,43,43,100,71,43,71,100,100,100,100,100,100,100,57,57,86,57,50,79,71,50,64,71,100,71,100,43,43,29,14,29,29,29,Serie A
Sassuolo,6tuibxq39fdryu8ou06wcm0q3,7uf7y7xa6hy3gieetcte3td2i,J. Doig,Josh Doig,24,Defender,Scotland,Defender,50.0,2.0,44.0,1.0,92.0,4.0,2.0,2.0,11.0,14.0,5.0,321.0,2.0,0.0,5.0,2.0,0.0,4.0,2.0,2.0,2.0,1.0,1.0,7.0,0.0,0.0,86.79,16.67,40.0,0.0,25.0,47.83,0.0,71.43,0.2306117371886767,0.2986325368462725,2.0,3.0,0.08064458,3.0,11.0,9.0,0.27246689,49.0,14.018691588785046,0.5607476635514018,12.33644859813084,0.2803738317757009,25.79439252336449,1.1214953271028036,0.5607476635514018,0.5607476635514018,3.08411214953271,3.925233644859813,1.4018691588785046,0.5607476635514018,0.0,1.4018691588785046,0.5607476635514018,0.0,1.1214953271028036,0.5607476635514018,0.5607476635514018,0.5607476635514018,0.2803738317757009,0.2803738317757009,1.9626168224299063,0.0,0.0,86.79,16.67,40.0,0.0,25.0,47.83,0.0,71.43,0.0646574964080402,0.0837287486484876,0.5607476635514018,0.8411214953271028,0.022610629906542,0.8411214953271028,3.08411214953271,2.5233644859813085,0.0763925859813084,13.738317757009344,LB/LCB,43,67,40,7,38,60,52,52,43,81,90,67,24,81,43,36,74,62,71,88,90,57,74,45,52,71,14,79,24,48,38,10,67,57,52,79,50,57,69,62,40,29,48,29,62,29,10,24,62,48,48,48,67,86,67,24,81,43,36,71,71,67,86,95,57,76,45,52,71,14,79,24,48,38,10,67,52,52,76,52,52,71,62,33,29,29,Serie A
Sassuolo,6tuibxq39fdryu8ou06wcm0q3,atuelrskb8akyh9076gar89p0,S. Cinquegrano,Simone Cinquegrano,22,Midfielder,Italy,Midfielder,48.0,1.0,65.0,6.0,112.0,1.0,4.0,4.0,10.0,14.0,3.0,360.0,2.0,2.0,3.0,2.0,0.0,4.0,4.0,0.0,1.0,0.0,1.0,6.0,0.0,0.0,86.82,75.0,11.11,50.0,25.0,45.45,66.67,75.0,0.3264158330244301,0.0843162069914269,0.0,4.0,0.09781908,5.0,17.0,13.0,0.3051310799999999,49.0,12.0,0.25,16.25,1.5,28.0,0.25,1.0,1.0,2.5,3.5,0.75,0.5,0.5,0.75,0.5,0.0,1.0,1.0,0.0,0.25,0.0,0.25,1.5,0.0,0.0,86.82,75.0,11.11,50.0,25.0,45.45,66.67,75.0,0.0816039582561075,0.0210790517478567,0.0,1.0,0.02445477,1.25,4.25,3.25,0.0762827699999999,12.25,RM/RCM,71,36,43,71,43,14,36,36,71,100,93,64,71,79,71,29,50,71,14,50,43,36,64,57,57,71,86,29,79,29,71,100,93,43,14,21,36,43,57,100,57,43,57,57,29,43,71,43,14,29,29,57,100,86,57,57,57,57,29,36,71,14,43,43,29,43,57,57,71,86,29,79,29,71,100,93,43,14,21,29,29,57,100,43,43,43,Serie A
Sassuolo,6tuibxq39fdryu8ou06wcm0q3,c5a7z6vphv9tp9ddid5jnrnx1,N. Matić,Nemanja Matic,38,Midfielder,Serbia,Midfielder,83.0,2.0,106.0,11.0,187.0,7.0,8.0,8.0,15.0,9.0,5.0,333.0,1.0,6.0,4.0,0.0,1.0,3.0,0.0,3.0,2.0,0.0,0.0,6.0,0.0,0.0,85.78,57.89,66.67,75.0,0.0,57.69,0.0,50.0,0.1306804203395627,0.5761645605062369,2.0,7.0,0.16524416,4.0,19.0,22.0,0.7730441700000004,114.0,22.43243243243243,0.5405405405405405,28.64864864864865,2.972972972972973,50.54054054054054,1.891891891891892,2.162162162162162,2.162162162162162,4.0540540540540535,2.4324324324324325,1.351351351351351,0.2702702702702702,1.6216216216216215,1.081081081081081,0.0,0.2702702702702702,0.8108108108108107,0.0,0.8108108108108107,0.5405405405405405,0.0,0.0,1.6216216216216215,0.0,0.0,85.78,57.89,66.67,75.0,0.0,57.69,0.0,50.0,0.0353190325242061,0.1557201514881721,0.5405405405405405,1.891891891891892,0.0446605837837837,1.081081081081081,5.135135135135135,5.945945945945946,0.2089308567567568,30.81081081081081,DM/CM,69,81,73,85,69,94,98,98,63,88,79,17,98,60,19,79,52,27,73,83,44,27,92,52,52,27,58,92,81,27,73,29,35,31,92,71,54,58,71,69,81,96,73,50,77,62,77,58,85,92,92,42,88,65,15,92,46,19,62,46,27,65,77,44,27,81,52,52,27,58,92,81,27,73,29,35,31,88,65,54,54,62,58,65,85,58,Serie A
Sassuolo,6tuibxq39fdryu8ou06wcm0q3,ccczt6xl3hftl0qkn0txhi5pm,K. Bowie,Kieron Bowie,23,Attacker,Scotland,Striker,17.0,0.0,18.0,0.0,35.0,5.0,0.0,0.0,9.0,2.0,1.0,269.0,6.0,0.0,1.0,1.0,0.0,8.0,7.0,1.0,2.0,1.0,3.0,15.0,0.0,0.0,77.78,0.0,0.0,0.0,37.5,45.0,16.67,50.0,0.934004290514364,0.4568635973052634,1.0,1.0,0.04066992,1.0,0.0,1.0,0.1689302099999999,11.0,5.687732342007435,0.0,6.022304832713755,0.0,11.71003717472119,1.6728624535315986,0.0,0.0,3.011152416356877,0.6691449814126395,0.3345724907063197,2.007434944237918,0.0,0.3345724907063197,0.3345724907063197,0.0,2.676579925650558,2.3420074349442377,0.3345724907063197,0.6691449814126395,0.3345724907063197,1.003717472118959,5.018587360594795,0.0,0.0,77.78,0.0,0.0,0.0,37.5,45.0,16.67,50.0,0.3124921418077797,0.152853991663471,0.3345724907063197,0.3345724907063197,0.0136070364312267,0.3345724907063197,0.0,0.3345724907063197,0.0565194011152416,3.680297397769517,ST,68,36,21,23,43,80,5,5,14,55,71,71,11,52,21,39,61,61,39,59,50,48,54,48,52,61,23,36,11,45,71,25,50,54,79,30,16,21,50,9,20,64,41,68,36,21,23,43,79,5,5,18,57,71,68,11,54,14,39,68,68,36,57,50,46,46,48,52,61,23,36,11,45,71,25,50,61,79,32,14,18,46,9,18,61,39,Serie A
Sassuolo,6tuibxq39fdryu8ou06wcm0q3,exqldi3zpsfhvhhvphmpw1ez8,D. Bakola,Darryl Bakola,18,Midfielder,France,Midfielder,46.0,1.0,66.0,6.0,111.0,4.0,7.0,7.0,17.0,1.0,1.0,215.0,4.0,5.0,3.0,1.0,1.0,1.0,0.0,1.0,0.0,0.0,0.0,4.0,0.0,0.0,85.38,75.0,25.0,71.43,0.0,58.62,0.0,42.86,0.0784660805187357,0.3275434758026207,1.0,10.0,0.24604715,3.0,12.0,11.0,0.37267328,65.0,19.25581395348837,0.4186046511627907,27.627906976744185,2.511627906976744,46.46511627906977,1.6744186046511629,2.9302325581395348,2.9302325581395348,7.116279069767442,0.4186046511627907,0.4186046511627907,1.6744186046511629,2.0930232558139537,1.255813953488372,0.4186046511627907,0.4186046511627907,0.4186046511627907,0.0,0.4186046511627907,0.0,0.0,0.0,1.6744186046511629,0.0,0.0,85.38,75.0,25.0,71.43,0.0,58.62,0.0,42.86,0.0328462662636568,0.137111222429004,0.4186046511627907,4.186046511627907,0.1029964813953488,1.255813953488372,5.023255813953488,4.604651162790698,0.156002768372093,27.2093023255814,DM/CM,19,63,38,58,19,67,92,92,77,8,13,77,92,44,50,79,21,27,37,23,44,27,65,52,52,23,79,65,73,27,81,29,23,23,62,48,73,77,56,37,48,50,29,38,65,54,69,50,81,96,96,100,12,19,85,96,65,62,92,27,27,46,23,44,27,85,52,52,23,79,65,73,27,81,29,23,27,77,58,85,88,77,54,54,62,54,Serie A
Udinese,dxq76zcvnokq07cszdx0i6kve,16kv5p8we3pwqpt5ktwrb7mj9,M. Vojvoda,Mërgim Vojvoda,31,Defender,Kosovo,Defender,62.0,1.0,79.0,10.0,140.0,5.0,4.0,4.0,17.0,6.0,3.0,339.0,4.0,3.0,4.0,1.0,0.0,2.0,2.0,0.0,0.0,0.0,0.0,6.0,0.0,0.0,80.0,40.0,8.33,75.0,0.0,77.27,50.0,44.44,0.1501569634009329,0.4995908656289305,0.0,11.0,0.25284923,4.0,17.0,20.0,0.8844555099999999,77.0,16.460176991150444,0.2654867256637168,20.97345132743363,2.6548672566371683,37.16814159292036,1.327433628318584,1.0619469026548674,1.0619469026548674,4.513274336283186,1.592920353982301,0.7964601769911505,1.0619469026548674,0.7964601769911505,1.0619469026548674,0.2654867256637168,0.0,0.5309734513274337,0.5309734513274337,0.0,0.0,0.0,0.0,1.592920353982301,0.0,0.0,80.0,40.0,8.33,75.0,0.0,77.27,50.0,44.44,0.0398646805489202,0.1326347430873267,0.0,2.920353982300885,0.067128114159292,1.0619469026548674,4.513274336283186,5.3097345132743365,0.2348111973451327,20.4424778761062,RB/RCB,58,55,63,100,68,92,53,47,66,32,61,79,79,39,21,37,66,76,37,34,47,39,66,50,53,34,61,37,89,39,100,55,21,53,89,45,79,79,66,89,84,95,74,63,47,74,100,68,84,53,47,63,26,58,79,74,42,16,37,63,74,37,34,47,39,53,50,53,34,61,37,89,39,100,55,21,58,89,45,74,74,63,89,89,95,74,Serie A
Udinese,dxq76zcvnokq07cszdx0i6kve,8e4wkgb71btkez592um5vts0k,J. Abankwah,James Abankwah,22,Defender,Republic of Ireland,Defender,76.0,0.0,40.0,8.0,116.0,1.0,0.0,0.0,11.0,16.0,1.0,346.0,4.0,0.0,5.0,2.0,0.0,1.0,1.0,0.0,0.0,1.0,1.0,1.0,1.0,0.0,88.55,47.06,0.0,0.0,100.0,37.93,25.0,100.0,0.1507920972619636,0.0292254680689575,0.0,3.0,0.0569893,2.0,5.0,3.0,0.13594225,66.0,19.76878612716763,0.0,10.404624277456648,2.0809248554913293,30.17341040462428,0.2601156069364161,0.0,0.0,2.861271676300578,4.161849710982659,0.2601156069364161,1.0404624277456649,0.0,1.300578034682081,0.5202312138728323,0.0,0.2601156069364161,0.2601156069364161,0.0,0.0,0.2601156069364161,0.2601156069364161,0.2601156069364161,0.2601156069364161,0.0,88.55,47.06,0.0,0.0,100.0,37.93,25.0,100.0,0.0392233779005107,0.0076020003647577,0.0,0.7803468208092486,0.0148238063583815,0.5202312138728323,1.300578034682081,0.7803468208092486,0.035360700867052,17.167630057803468,RB/RCB,74,18,21,95,37,26,8,8,29,92,18,79,16,58,45,37,39,47,37,34,97,87,5,100,53,74,74,18,16,97,16,16,97,58,21,45,24,21,39,16,5,16,68,68,18,21,95,42,21,8,8,21,89,16,68,16,58,47,37,37,42,37,34,100,89,5,100,53,74,74,18,16,97,16,16,97,53,21,45,26,21,42,5,5,11,63,Serie A
Udinese,dxq76zcvnokq07cszdx0i6kve,95qrrtlyz4ikkzjbgy6exbnit,H. Kamara,Hassane Kamara,32,Defender,Côte d'Ivoire,Defender,43.0,3.0,44.0,8.0,84.0,2.0,5.0,8.0,18.0,11.0,4.0,360.0,2.0,3.0,8.0,1.0,1.0,7.0,2.0,5.0,0.0,2.0,5.0,7.0,0.0,0.0,79.25,53.33,25.0,60.0,71.43,62.07,25.0,66.67,0.7295627262196035,0.086386001005112,4.0,8.0,0.2296819,3.0,9.0,11.0,0.36305772,33.0,10.75,0.75,11.0,2.0,21.0,0.5,1.25,2.0,4.5,2.75,1.0,0.5,0.75,2.0,0.25,0.25,1.75,0.5,1.25,0.0,0.5,1.25,1.75,0.0,0.0,79.25,53.33,25.0,60.0,71.43,62.07,25.0,66.67,0.1823906815549008,0.021596500251278,1.0,2.0,0.057420475,0.75,2.25,2.75,0.09076443,8.25,LB/LCB,29,81,40,83,24,38,88,95,83,67,69,67,93,93,19,86,95,62,100,38,100,100,74,45,52,19,52,67,62,95,74,21,57,100,29,98,83,95,69,57,57,48,19,19,76,24,57,19,29,86,90,67,52,52,60,88,90,5,71,90,52,95,38,100,100,64,45,52,19,52,67,62,95,74,21,57,100,24,95,81,86,50,48,38,33,14,Serie A
Udinese,dxq76zcvnokq07cszdx0i6kve,agnmzpaj62lzsavtq43uxt4gl,J. Karlström,Jesper Karlström,31,Midfielder,Sweden,Midfielder,69.0,1.0,49.0,7.0,117.0,2.0,2.0,2.0,9.0,7.0,4.0,360.0,1.0,1.0,5.0,0.0,0.0,2.0,1.0,1.0,0.0,1.0,2.0,3.0,0.0,0.0,81.82,35.0,25.0,50.0,100.0,47.37,0.0,71.43,0.1613447833187269,0.0922423947832255,1.0,1.0,0.0199707,1.0,4.0,8.0,0.23182383,49.0,17.25,0.25,12.25,1.75,29.25,0.5,0.5,0.5,2.25,1.75,1.0,0.25,0.25,1.25,0.0,0.0,0.5,0.25,0.25,0.0,0.25,0.5,0.75,0.0,0.0,81.82,35.0,25.0,50.0,100.0,47.37,0.0,71.43,0.0403361958296817,0.0230605986958063,0.25,0.25,0.004992675,0.25,1.0,2.0,0.0579559575,12.25,DM/CM,46,63,23,65,31,29,44,42,21,79,60,17,44,75,19,31,35,67,37,23,94,92,44,52,52,12,23,65,48,98,23,29,75,38,23,48,13,12,23,12,29,27,19,23,60,12,50,15,19,38,38,15,73,42,8,29,60,19,31,33,58,29,23,88,88,37,52,52,12,23,65,48,98,23,29,75,35,15,40,8,12,12,4,27,19,12,Serie A
Udinese,dxq76zcvnokq07cszdx0i6kve,bdg3xeth77c0nw61hvj5fct0p,K. Davis,Keinan Davis,28,Attacker,England,Striker,19.0,0.0,31.0,1.0,50.0,5.0,3.0,3.0,13.0,1.0,0.0,224.0,0.0,1.0,1.0,11.0,2.0,5.0,5.0,0.0,2.0,0.0,2.0,16.0,0.0,0.0,70.42,100.0,0.0,33.33,40.0,50.0,57.89,100.0,0.4738220263012416,0.5074234981231425,1.0,3.0,0.09776576,1.0,1.0,1.0,0.29378622,12.0,7.633928571428571,0.0,12.455357142857142,0.4017857142857143,20.089285714285715,2.008928571428571,1.2053571428571428,1.2053571428571428,5.223214285714286,0.4017857142857143,0.0,0.0,0.4017857142857143,0.4017857142857143,4.419642857142857,0.8035714285714286,2.008928571428571,2.008928571428571,0.0,0.8035714285714286,0.0,0.8035714285714286,6.428571428571429,0.0,0.0,70.42,100.0,0.0,33.33,40.0,50.0,57.89,100.0,0.1903749212817488,0.2038755126387626,0.4017857142857143,1.2053571428571428,0.0392808857142857,0.4017857142857143,0.4017857142857143,0.4017857142857143,0.11803910625,4.821428571428571,ST,77,36,64,54,68,80,29,29,48,25,27,5,32,52,96,96,18,34,9,59,18,27,57,48,52,36,86,36,52,61,82,96,86,14,82,30,57,57,50,27,20,86,50,89,36,86,61,86,86,39,39,75,29,27,5,39,68,100,96,21,50,9,75,18,32,79,48,52,36,86,36,52,61,82,96,86,18,93,46,68,68,64,36,25,96,64,Serie A
Udinese,dxq76zcvnokq07cszdx0i6kve,cet0tgjv82l6ao07ij1ylgp9l,O. Solet,Oumar Solet,26,Defender,France,Defender,70.0,1.0,38.0,8.0,107.0,2.0,3.0,3.0,10.0,11.0,5.0,218.0,3.0,1.0,3.0,3.0,0.0,0.0,0.0,0.0,0.0,0.0,0.0,0.0,0.0,0.0,87.7,57.14,100.0,33.33,0.0,47.62,50.0,100.0,0.0,0.2008071609207805,0.0,4.0,0.076188,0.0,6.0,8.0,0.2154086199999999,63.0,28.89908256880734,0.4128440366972477,15.688073394495412,3.302752293577982,44.17431192660551,0.8256880733944955,1.2385321100917432,1.2385321100917432,4.128440366972478,4.541284403669725,2.064220183486239,1.2385321100917432,0.4128440366972477,1.2385321100917432,1.2385321100917432,0.0,0.0,0.0,0.0,0.0,0.0,0.0,0.0,0.0,0.0,87.7,57.14,100.0,33.33,0.0,47.62,50.0,100.0,0.0,0.0829020389122488,0.0,1.651376146788991,0.0314537614678899,0.0,2.4770642201834865,3.302752293577982,0.0889301642201834,26.009174311926607,CB,28,81,31,69,26,64,89,88,19,32,69,71,72,26,22,38,6,8,46,43,43,28,4,47,51,31,67,96,58,28,21,28,94,7,67,44,68,64,18,43,49,33,33,42,86,50,92,47,78,92,92,44,56,83,94,86,47,44,38,6,8,46,43,43,28,4,47,51,31,67,96,58,28,21,28,94,7,83,44,78,72,18,53,56,47,44,Serie A
Udinese,dxq76zcvnokq07cszdx0i6kve,d19yalwh3i2olvpwoi89feqjt,J. Ekkelenkamp,Jurgen Ekkelenkamp,26,Midfielder,Netherlands,Midfielder,34.0,0.0,39.0,6.0,73.0,2.0,9.0,9.0,17.0,3.0,4.0,345.0,4.0,3.0,6.0,3.0,1.0,9.0,6.0,3.0,3.0,2.0,4.0,13.0,0.0,0.0,73.74,85.71,0.0,33.33,44.44,54.84,60.0,85.71,0.7675523299833987,0.1391486183871337,0.0,7.0,0.16551748,5.0,6.0,8.0,0.3174558799999999,33.0,8.869565217391305,0.0,10.17391304347826,1.5652173913043477,19.043478260869563,0.5217391304347826,2.347826086956521,2.347826086956521,4.434782608695652,0.7826086956521738,1.0434782608695652,1.0434782608695652,0.7826086956521738,1.5652173913043477,0.7826086956521738,0.2608695652173913,2.347826086956521,1.5652173913043477,0.7826086956521738,0.7826086956521738,0.5217391304347826,1.0434782608695652,3.391304347826087,0.0,0.0,73.74,85.71,0.0,33.33,44.44,54.84,60.0,85.71,0.2002310426043649,0.0362996395792522,0.0,1.826086956521739,0.0431784730434782,1.3043478260869563,1.5652173913043477,2.0869565217391304,0.0828145773913043,8.608695652173912,CM/AM,22,17,8,75,17,31,89,89,89,64,94,58,72,86,78,78,83,92,61,83,94,86,78,53,53,11,94,17,31,78,72,83,72,72,33,22,56,50,81,25,31,67,11,17,17,11,56,11,33,89,89,83,61,89,50,67,83,67,72,67,83,56,78,94,83,67,53,53,11,94,17,31,78,72,83,72,67,28,22,50,44,72,11,22,50,11,Serie A
Udinese,dxq76zcvnokq07cszdx0i6kve,e2xiayt8k5tv4dw5hjop71fqh,E. Ebosse,Enzo Ebosse,27,Defender,Cameroon,Defender,100.0,1.0,54.0,22.0,153.0,2.0,1.0,1.0,9.0,11.0,4.0,293.0,1.0,0.0,2.0,4.0,0.0,0.0,0.0,0.0,0.0,0.0,0.0,1.0,0.0,0.0,85.96,56.41,20.0,0.0,0.0,45.0,50.0,50.0,0.0,0.1556768667536339,0.0,2.0,0.0427186799999999,2.0,17.0,16.0,0.39193828,88.0,30.71672354948805,0.3071672354948805,16.58703071672355,6.757679180887372,46.996587030716725,0.6143344709897611,0.3071672354948805,0.3071672354948805,2.7645051194539247,3.378839590443686,1.2286689419795225,0.3071672354948805,0.0,0.6143344709897611,1.2286689419795225,0.0,0.0,0.0,0.0,0.0,0.0,0.0,0.3071672354948805,0.0,0.0,85.96,56.41,20.0,0.0,0.0,45.0,50.0,50.0,0.0,0.0478188327912186,0.0,0.6143344709897611,0.0131217788395904,0.6143344709897611,5.221843003412969,4.914675767918089,0.1203905979522184,27.03071672354949,LB/LCB,81,43,62,100,71,38,31,31,33,67,69,40,24,29,71,36,10,19,21,38,43,21,21,45,52,48,67,48,24,21,29,57,33,10,38,21,31,24,45,88,79,52,74,81,52,57,100,62,43,29,29,33,62,62,43,24,29,62,36,10,19,21,38,43,21,24,45,52,48,67,48,24,21,29,57,33,10,33,21,33,33,43,90,76,48,76,Serie A
Venezia,565sm63rjm2y7xeae0dcdbtnu,2c796ozt5nw1l8n61cwtv9all,J. Yeboah,John Yeboah,26,Attacker,Ecuador,Striker,22.0,0.0,55.0,7.0,77.0,7.0,17.0,18.0,17.0,0.0,0.0,295.0,4.0,6.0,5.0,0.0,0.0,12.0,8.0,4.0,3.0,1.0,4.0,18.0,0.0,0.0,87.5,100.0,0.0,35.29,33.33,41.46,0.0,71.43,1.0532283301578558,0.582546282885805,8.0,12.0,0.30189607,5.0,8.0,13.0,0.3532195200000001,33.0,6.711864406779661,0.0,16.779661016949152,2.135593220338983,23.491525423728813,2.135593220338983,5.186440677966102,5.491525423728814,5.186440677966102,0.0,0.0,1.2203389830508475,1.8305084745762712,1.5254237288135597,0.0,0.0,3.6610169491525424,2.440677966101695,1.2203389830508475,0.9152542372881356,0.3050847457627119,1.2203389830508475,5.491525423728814,0.0,0.0,87.5,100.0,0.0,35.29,33.33,41.46,0.0,71.43,0.321323897336295,0.1777259846092286,2.440677966101695,3.6610169491525424,0.0921038857627118,1.5254237288135597,2.440677966101695,3.9661016949152543,0.1077618874576271,10.067796610169491,ST,86,36,93,96,93,89,96,96,84,9,27,32,88,100,7,39,80,71,98,77,50,75,64,48,52,100,86,36,57,38,50,9,68,68,89,100,89,82,93,96,96,93,96,75,36,93,96,89,89,93,96,68,9,27,25,86,100,7,39,86,71,100,79,43,79,68,48,52,100,86,36,57,38,50,9,68,68,86,100,89,86,93,96,96,89,96,Serie A
Venezia,565sm63rjm2y7xeae0dcdbtnu,3haxsyfrccsgw6x5jgbwdjze,G. Busio,Gianluca Busio,24,Midfielder,USA,Midfielder,95.0,2.0,99.0,14.0,192.0,5.0,5.0,5.0,20.0,4.0,1.0,314.0,3.0,3.0,2.0,4.0,2.0,5.0,0.0,5.0,2.0,0.0,0.0,2.0,0.0,0.0,92.31,82.35,25.0,60.0,0.0,62.5,0.0,20.0,0.3296257289363118,0.3503445996258093,3.0,11.0,0.21962458,3.0,14.0,20.0,0.4800919099999999,89.0,27.22929936305733,0.5732484076433121,28.375796178343947,4.012738853503184,55.03184713375797,1.4331210191082802,1.4331210191082802,1.4331210191082802,5.732484076433121,1.1464968152866242,0.286624203821656,0.8598726114649682,0.8598726114649682,0.5732484076433121,1.1464968152866242,0.5732484076433121,1.4331210191082802,0.0,1.4331210191082802,0.5732484076433121,0.0,0.0,0.5732484076433121,0.0,0.0,92.31,82.35,25.0,60.0,0.0,62.5,0.0,20.0,0.0944787121155033,0.1004172419309644,0.8598726114649682,3.1528662420382165,0.0629497203821656,0.8598726114649682,4.012738853503184,5.732484076433121,0.1376059614649681,25.50955414012739,DM/CM,73,81,69,98,73,79,81,81,92,50,13,54,83,29,88,100,87,27,92,83,44,27,27,52,52,73,85,65,62,27,100,29,4,77,69,90,81,73,56,48,71,65,54,73,81,58,92,65,69,77,77,85,50,8,42,81,31,88,100,77,27,92,81,44,27,27,52,52,73,85,65,62,27,100,29,4,73,58,92,81,69,54,38,58,58,46,Serie A
Venezia,565sm63rjm2y7xeae0dcdbtnu,66t7zm54jgmcjtiizl9g0rkkp,Kike Pérez,Enrique Pérez Muñoz,29,Midfielder,Spain,Midfielder,72.0,4.0,102.0,8.0,170.0,7.0,7.0,7.0,20.0,2.0,3.0,330.0,7.0,1.0,6.0,1.0,0.0,1.0,0.0,1.0,0.0,0.0,0.0,2.0,0.0,0.0,80.95,44.44,36.36,14.29,0.0,48.78,16.67,54.55,0.0542950025344653,0.7657952349629166,1.0,13.0,0.28537053,7.0,14.0,21.0,0.4193859499999999,86.0,19.63636363636364,1.090909090909091,27.81818181818182,2.181818181818182,46.36363636363637,1.9090909090909087,1.9090909090909087,1.9090909090909087,5.454545454545455,0.5454545454545455,0.8181818181818182,1.9090909090909087,0.2727272727272727,1.6363636363636365,0.2727272727272727,0.0,0.2727272727272727,0.0,0.2727272727272727,0.0,0.0,0.0,0.5454545454545455,0.0,0.0,80.95,44.44,36.36,14.29,0.0,48.78,16.67,54.55,0.014807727963945,0.2088532458989772,0.2727272727272727,3.5454545454545454,0.0778283263636363,1.9090909090909087,3.8181818181818175,5.727272727272728,0.1143779863636363,23.454545454545457,RM/RCM,100,71,100,93,100,43,100,100,100,21,93,86,29,100,29,29,14,14,43,21,43,14,14,57,57,29,43,71,14,14,86,14,57,14,57,64,79,71,86,79,100,71,100,100,71,100,100,100,29,86,86,100,14,100,86,29,100,29,29,14,14,43,21,43,14,14,57,57,29,43,71,14,14,86,14,57,14,43,57,86,57,71,86,100,71,100,Serie A
Venezia,565sm63rjm2y7xeae0dcdbtnu,6mf11pv0pfvyl9vom1i1pi0yy,A. Adams,Akor Adams,26,Attacker,Nigeria,Striker,11.0,0.0,24.0,2.0,35.0,2.0,8.0,9.0,15.0,2.0,1.0,340.0,3.0,4.0,0.0,8.0,0.0,12.0,11.0,1.0,3.0,1.0,4.0,19.0,0.0,0.0,68.63,100.0,0.0,50.0,33.33,42.86,47.06,0.0,1.3865168648360453,0.085429132153533,2.0,4.0,0.10696878,1.0,5.0,2.0,0.0661334399999999,16.0,2.911764705882353,0.0,6.352941176470589,0.5294117647058824,9.264705882352942,0.5294117647058824,2.117647058823529,2.3823529411764706,3.9705882352941178,0.5294117647058824,0.2647058823529412,0.7941176470588236,1.0588235294117647,0.0,2.117647058823529,0.0,3.1764705882352944,2.911764705882353,0.2647058823529412,0.7941176470588236,0.2647058823529412,1.0588235294117647,5.029411764705882,0.0,0.0,68.63,100.0,0.0,50.0,33.33,42.86,47.06,0.0,0.3670191701036591,0.0226135938053469,0.5294117647058824,1.0588235294117647,0.0283152652941176,0.2647058823529412,1.3235294117647058,0.5294117647058824,0.0175059105882352,4.235294117647059,ST,32,36,46,70,43,34,68,68,64,55,71,21,82,18,88,39,80,86,39,77,50,75,68,48,52,29,86,36,73,38,59,79,18,86,18,62,70,61,50,91,36,29,66,29,36,36,68,18,32,61,61,32,43,57,18,79,18,82,39,75,82,21,71,39,57,50,48,52,29,86,36,73,38,59,79,18,79,14,50,61,50,39,79,36,21,57,Serie A
Venezia,565sm63rjm2y7xeae0dcdbtnu,8ct2oybj8d1b03aklkg8ihbf8,A. Hainaut,Antoine Hainaut,24,Defender,France,Defender,54.0,3.0,90.0,5.0,141.0,7.0,6.0,6.0,21.0,9.0,2.0,355.0,3.0,2.0,2.0,10.0,1.0,5.0,3.0,2.0,0.0,1.0,1.0,11.0,0.0,0.0,85.45,62.5,15.0,33.33,20.0,46.67,76.92,33.33,0.6347157699545468,0.8988458854007736,0.0,15.0,0.41980697,4.0,12.0,11.0,1.1600195300000002,58.0,13.690140845070422,0.7605633802816901,22.816901408450704,1.2676056338028168,35.74647887323943,1.7746478873239435,1.5211267605633805,1.5211267605633805,5.323943661971831,2.2816901408450705,0.5070422535211268,0.7605633802816901,0.5070422535211268,0.5070422535211268,2.535211267605633,0.2535211267605634,1.2676056338028168,0.7605633802816901,0.5070422535211268,0.0,0.2535211267605634,0.2535211267605634,2.788732394366197,0.0,0.0,85.45,62.5,15.0,33.33,20.0,46.67,76.92,33.33,0.1609138571715752,0.2278764216509003,0.0,3.8028169014084505,0.106429936056338,1.0140845070422535,3.0422535211267605,2.788732394366197,0.2940894583098592,14.704225352112676,RB/RCB,47,87,84,74,74,100,87,84,84,58,39,61,66,16,95,87,92,87,89,34,97,87,97,50,53,53,97,53,50,84,37,95,8,100,100,45,92,95,66,82,63,100,47,42,84,79,74,58,95,74,74,79,47,37,58,68,11,95,84,89,84,89,34,95,84,95,50,53,53,97,53,50,84,37,95,8,100,100,45,84,89,58,79,58,100,32,Serie A
Venezia,565sm63rjm2y7xeae0dcdbtnu,abk9geafxglsmnu9qhra8x1at,R. Haps,Ridgeciano Haps,33,Defender,Suriname,Defender,42.0,4.0,53.0,4.0,91.0,3.0,3.0,3.0,15.0,8.0,4.0,257.0,6.0,2.0,3.0,4.0,1.0,1.0,1.0,0.0,0.0,0.0,1.0,3.0,0.0,0.0,86.67,50.0,44.44,66.67,100.0,60.0,50.0,100.0,0.1672581159080854,0.3022155565316282,0.0,9.0,0.2217216699999999,4.0,8.0,12.0,0.4913714999999997,45.0,14.70817120622568,1.4007782101167314,18.56031128404669,1.4007782101167314,31.86770428015564,1.050583657587549,1.050583657587549,1.050583657587549,5.252918287937743,2.801556420233463,1.4007782101167314,2.1011673151750974,0.7003891050583657,1.050583657587549,1.4007782101167314,0.3501945525291828,0.3501945525291828,0.3501945525291828,0.0,0.0,0.0,0.3501945525291828,1.050583657587549,0.0,0.0,86.67,50.0,44.44,66.67,100.0,60.0,50.0,100.0,0.0585728810573061,0.1058342415869515,0.0,3.151750972762646,0.0776457210116731,1.4007782101167314,2.801556420233463,4.202334630350195,0.1720756225680932,15.758754863813229,LB/LCB,24,86,55,38,31,52,71,71,69,45,69,95,79,60,71,86,26,43,21,38,43,57,36,45,52,67,48,86,74,100,67,57,95,38,57,21,93,86,88,50,62,71,38,33,86,67,43,38,57,76,76,90,57,81,95,81,57,81,90,24,43,21,38,43,71,38,45,52,67,48,86,74,100,67,57,95,43,67,21,95,90,86,57,71,81,38,Serie A
Venezia,565sm63rjm2y7xeae0dcdbtnu,avubg95m07a6rted50ejdkftg,J. Schingtienne,Joël Schingtienne,24,Defender,Belgium,Defender,120.0,0.0,80.0,4.0,200.0,2.0,2.0,4.0,13.0,8.0,2.0,360.0,0.0,2.0,4.0,3.0,0.0,0.0,0.0,0.0,0.0,0.0,0.0,2.0,0.0,0.0,88.89,40.0,0.0,100.0,0.0,56.52,30.0,50.0,0.0,0.1295904468029997,0.0,5.0,0.11534183,2.0,9.0,13.0,0.3334293699999998,137.0,30.0,0.0,20.0,1.0,50.0,0.5,0.5,1.0,3.25,2.0,0.5,0.0,0.5,1.0,0.75,0.0,0.0,0.0,0.0,0.0,0.0,0.0,0.5,0.0,0.0,88.89,40.0,0.0,100.0,0.0,56.52,30.0,50.0,0.0,0.0323976117007499,0.0,1.25,0.0288354575,0.5,2.25,3.25,0.0833573424999999,34.25,RB/RCB,95,18,68,58,89,47,32,47,45,47,39,11,66,39,63,37,11,13,37,34,47,39,18,50,53,84,61,18,97,39,58,32,29,11,32,45,42,42,39,53,74,53,100,95,18,58,58,89,42,26,42,37,39,29,11,63,37,58,37,11,13,37,34,47,39,16,50,53,84,61,18,97,39,58,32,29,11,32,45,37,37,37,47,74,42,100,Serie A
