Team,contestantId,playerId,Short Name,Player Name,Age,Position_x,Nationality,Position_y,total accurate back zone pass_Total,total accurate cross_Total,total accurate fwd zone pass_Total,total accurate long balls_Total,total accurate pass_Total,total aerial won_Total,total assists_Total,total att assist_Total,total attempt_Total,total attempts ibox_Total,total attempts obox_Total,total blocked scoring att_Total,total contest_Total,total dribbles attempted_Total,total duels won_Total,total effective clearance_Total,total goals_Total,total interception_Total,total mins played,total ontarget attempt_Total,total touches in opposition box_Total,total was fouled_Total,total won contest_Total,total won tackle_Total,total big chances saved_Total,total direct setpiece goals_Total,pass_success_pct_Total,long_balls_success_pct_Total,cross_success_pct_Total,dribble_success_pct_Total,attempt_success_pct_Total,duel_success_pct_Total,aerial_success_pct_Total,tackle_success_pct_Total,xG_Total,xA_Total,CreatedOwnShot_Total,Total Carries_Total,Total Carry xT_Total,Total Final Third Carries_Total,passes_into_final_third_Total,progressive_passes_Total,xT_pass_Total,forward_passes_Total,total accurate back zone pass_p90,total accurate cross_p90,total accurate fwd zone pass_p90,total accurate long balls_p90,total accurate pass_p90,total aerial won_p90,total assists_p90,total att assist_p90,total attempt_p90,total attempts ibox_p90,total attempts obox_p90,total blocked scoring att_p90,total contest_p90,total dribbles attempted_p90,total duels won_p90,total effective clearance_p90,total goals_p90,total interception_p90,total ontarget attempt_p90,total touches in opposition box_p90,total was fouled_p90,total won contest_p90,total won tackle_p90,total big chances saved_p90,total direct setpiece goals_p90,pass_success_pct_p90,long_balls_success_pct_p90,cross_success_pct_p90,dribble_success_pct_p90,attempt_success_pct_p90,duel_success_pct_p90,aerial_success_pct_p90,tackle_success_pct_p90,xG_p90,xA_p90,CreatedOwnShot_p90,Total Carries_p90,Total Carry xT_p90,Total Final Third Carries_p90,passes_into_final_third_p90,progressive_passes_p90,xT_pass_p90,forward_passes_p90,Pos.,total accurate back zone pass_TotalPR,total accurate cross_TotalPR,total accurate fwd zone pass_TotalPR,total accurate long balls_TotalPR,total accurate pass_TotalPR,total aerial won_TotalPR,total assists_TotalPR,total att assist_TotalPR,total attempt_TotalPR,total attempts ibox_TotalPR,total attempts obox_TotalPR,total blocked scoring att_TotalPR,total contest_TotalPR,total dribbles attempted_TotalPR,total duels won_TotalPR,total effective clearance_TotalPR,total goals_TotalPR,total interception_TotalPR,total ontarget attempt_TotalPR,total touches in opposition box_TotalPR,total was fouled_TotalPR,total won contest_TotalPR,total won tackle_TotalPR,total big chances saved_TotalPR,total direct setpiece goals_TotalPR,pass_success_pct_TotalPR,long_balls_success_pct_TotalPR,cross_success_pct_TotalPR,dribble_success_pct_TotalPR,attempt_success_pct_TotalPR,duel_success_pct_TotalPR,aerial_success_pct_TotalPR,tackle_success_pct_TotalPR,xG_TotalPR,xA_TotalPR,CreatedOwnShot_TotalPR,Total Carries_TotalPR,Total Carry xT_TotalPR,Total Final Third Carries_TotalPR,passes_into_final_third_TotalPR,progressive_passes_TotalPR,xT_pass_TotalPR,forward_passes_TotalPR,total accurate back zone pass_p90PR,total accurate cross_p90PR,total accurate fwd zone pass_p90PR,total accurate long balls_p90PR,total accurate pass_p90PR,total aerial won_p90PR,total assists_p90PR,total att assist_p90PR,total attempt_p90PR,total attempts ibox_p90PR,total attempts obox_p90PR,total blocked scoring att_p90PR,total contest_p90PR,total dribbles attempted_p90PR,total duels won_p90PR,total effective clearance_p90PR,total goals_p90PR,total interception_p90PR,total ontarget attempt_p90PR,total touches in opposition box_p90PR,total was fouled_p90PR,total won contest_p90PR,total won tackle_p90PR,total big chances saved_p90PR,total direct setpiece goals_p90PR,pass_success_pct_p90PR,long_balls_success_pct_p90PR,cross_success_pct_p90PR,dribble_success_pct_p90PR,attempt_success_pct_p90PR,duel_success_pct_p90PR,aerial_success_pct_p90PR,tackle_success_pct_p90PR,xG_p90PR,xA_p90PR,CreatedOwnShot_p90PR,Total Carries_p90PR,Total Carry xT_p90PR,Total Final Third Carries_p90PR,passes_into_final_third_p90PR,progressive_passes_p90PR,xT_pass_p90PR,forward_passes_p90PR,League
Aalesund,3impprc048nbz39w05s18c6yt,1242vj7llb0nr5t1zgdod905w,E. Osenbroch,Endre Osenbroch,22.0,Midfielder,Norway,Midfielder,72.0,5.0,192.0,14.0,259.0,2.0,4.0,37.0,28.0,10.0,18.0,13.0,35.0,37.0,55.0,8.0,5.0,5.0,1131.0,8.0,54.0,24.0,16.0,6.0,0.0,0.0,78.25,70.0,35.71,45.71,28.57,45.83,11.76,46.15,2.276377605027635,3.164804509848902,14.0,34.0,1.0036282299999997,16.0,34.0,48.0,1.98363181,155.0,5.729442970822281,0.3978779840848806,15.278514588859418,1.1140583554376655,20.610079575596817,0.1591511936339522,0.3183023872679045,2.944297082228117,2.2281167108753315,0.7957559681697612,1.4323607427055702,1.0344827586206895,2.7851458885941645,2.944297082228117,4.376657824933687,0.636604774535809,0.3978779840848806,0.3978779840848806,0.636604774535809,4.297082228116711,1.9098143236074272,1.273209549071618,0.4774535809018568,0.0,0.0,78.25,70.0,35.71,45.71,28.57,45.83,11.76,46.15,0.1811441065008728,0.2518412076802839,1.1140583554376655,2.7055702917771884,0.0798643153846153,1.273209549071618,2.7055702917771884,3.8196286472148544,0.1578486851458886,12.3342175066313,CM/AM,34,55,50,60,46,18,86,94,78,50,95,94,86,86,51,26,87,34,65,74,87,91,30,48,49,32,96,82,50,46,44,12,9,68,92,94,79,82,76,62,75,72,62,20,54,28,58,22,16,88,98,82,32,94,94,82,80,38,14,88,24,60,74,86,78,14,48,49,32,96,82,50,46,44,12,9,62,98,98,80,82,80,54,68,70,52,Eliteserien
Aalesund,3impprc048nbz39w05s18c6yt,244tacw12kwpim1z0rz0pky22,E. Engqvist,Emil Engqvist,27.0,Defender,Sweden,Defender,185.0,0.0,105.0,15.0,290.0,16.0,0.0,3.0,5.0,4.0,1.0,1.0,0.0,0.0,32.0,54.0,0.0,15.0,643.0,0.0,8.0,3.0,0.0,7.0,1.0,0.0,83.33,39.47,0.0,0.0,0.0,59.26,64.0,53.85,0.5702768057478844,0.1175090223112628,0.0,9.0,0.1793717699999999,3.0,21.0,21.0,0.5812176499999999,184.0,25.894245723172627,0.0,14.696734059097976,2.0995334370139966,40.5909797822706,2.2395023328149297,0.0,0.4199066874027993,0.6998444790046656,0.5598755832037324,0.1399688958009331,0.1399688958009331,0.0,0.0,4.479004665629859,7.558320373250388,0.0,2.0995334370139966,0.0,1.1197511664074649,0.4199066874027993,0.0,0.9797822706065318,0.1399688958009331,0.0,83.33,39.47,0.0,0.0,0.0,59.26,64.0,53.85,0.0798210148014146,0.0164476080995546,0.0,1.2597200622083982,0.0251064685847589,0.4199066874027993,2.939346811819596,2.939346811819596,0.0813523926905132,25.754276827371694,CB,38,34,26,30,28,45,39,55,48,54,58,43,8,7,34,59,38,77,19,43,21,13,42,87,51,29,26,34,13,19,59,70,18,56,36,28,47,41,39,24,21,25,34,31,34,16,30,21,52,39,70,66,62,69,54,8,7,49,93,38,97,19,54,26,13,66,90,51,29,26,34,13,19,59,70,18,66,46,28,46,46,49,25,21,25,31,Eliteserien
Aalesund,3impprc048nbz39w05s18c6yt,43anppywo7v1ydan12sq816ac,U. Charles,Uba Charles,23.0,Midfielder,Nigeria,Midfielder,107.0,21.0,253.0,11.0,339.0,16.0,2.0,24.0,20.0,19.0,1.0,5.0,100.0,106.0,121.0,43.0,1.0,18.0,1462.0,9.0,80.0,8.0,50.0,27.0,0.0,0.0,76.35,40.74,28.38,50.0,45.0,48.59,50.0,57.45,1.788801288543436,2.353025891988126,6.0,52.0,1.73873777,26.0,18.0,31.0,2.57430568,141.0,6.58686730506156,1.292749658002736,15.574555403556772,0.677154582763338,20.868673050615595,0.984952120383037,0.1231190150478796,1.4774281805745555,1.2311901504787963,1.1696306429548564,0.0615595075239398,0.3077975376196991,6.155950752393982,6.52530779753762,7.448700410396717,2.647058823529412,0.0615595075239398,1.1080711354309165,0.5540355677154583,4.924760601915185,0.4924760601915185,3.077975376196991,1.662106703146375,0.0,0.0,76.35,40.74,28.38,50.0,45.0,48.59,50.0,57.45,0.1101177263809228,0.1448511151018682,0.3693570451436389,3.20109439124487,0.1070358408344733,1.600547195622435,1.1080711354309165,1.9083447332421344,0.158472989876881,8.679890560875513,CM/AM,60,87,68,52,62,86,64,79,64,80,11,55,100,100,100,98,42,91,75,90,24,100,94,48,49,20,36,54,59,77,56,70,22,58,78,65,94,94,95,35,49,86,56,26,76,36,28,24,66,50,58,28,62,6,28,100,100,92,94,36,84,54,82,10,100,80,48,49,20,36,54,59,77,56,70,22,28,60,40,90,88,90,12,16,72,18,Eliteserien
Aalesund,3impprc048nbz39w05s18c6yt,4v39shau9mp6me6c42p230nah,H. Hammer,Håkon Hammer,26.0,Midfielder,Norway,Midfielder,100.0,1.0,140.0,12.0,239.0,6.0,2.0,11.0,11.0,7.0,4.0,5.0,11.0,11.0,34.0,16.0,0.0,6.0,721.0,2.0,15.0,7.0,5.0,9.0,0.0,0.0,84.15,60.0,33.33,45.45,18.18,52.31,42.86,56.25,1.0293478250793044,0.9649903618470888,3.0,13.0,0.29741037,11.0,26.0,24.0,0.9971879500000002,130.0,12.48266296809986,0.1248266296809986,17.475728155339805,1.4979195561719834,29.83356449375867,0.7489597780859917,0.2496532593619972,1.3730929264909848,1.3730929264909848,0.8737864077669903,0.4993065187239944,0.6241331484049931,1.3730929264909848,1.3730929264909848,4.244105409153953,1.9972260748959776,0.0,0.7489597780859917,0.2496532593619972,1.87239944521498,0.8737864077669903,0.6241331484049931,1.1234396671289877,0.0,0.0,84.15,60.0,33.33,45.45,18.18,52.31,42.86,56.25,0.1284900197741156,0.1204564945440194,0.3744798890429958,1.622746185852982,0.0371247341192787,1.3730929264909848,3.245492371705964,2.9958391123439667,0.1244756109570041,16.22746185852982,DM/CM,21,43,25,34,21,34,95,71,57,70,41,70,52,50,30,48,25,25,41,68,25,50,32,46,48,43,88,68,59,32,36,50,36,61,68,39,38,36,77,29,23,43,29,14,43,29,29,14,39,100,96,79,75,57,89,64,64,32,57,25,21,43,75,32,61,54,46,48,43,88,68,59,32,36,50,36,75,93,50,46,46,96,25,25,54,36,Eliteserien
Aalesund,3impprc048nbz39w05s18c6yt,4waagh4paa5wwbj8ch3xomm8k,C. Diop,Cheikh Diop,20.0,Defender,Senegal,Defender,137.0,0.0,65.0,16.0,202.0,14.0,0.0,3.0,4.0,4.0,0.0,1.0,0.0,0.0,24.0,29.0,0.0,8.0,404.0,0.0,4.0,3.0,0.0,5.0,0.0,0.0,80.8,41.03,0.0,0.0,0.0,55.81,58.33,71.43,0.5465089948273952,0.24024681751841,0.0,5.0,0.10003949,1.0,12.0,18.0,0.30804321,128.0,30.51980198019801,0.0,14.48019801980198,3.5643564356435644,45.0,3.118811881188119,0.0,0.6683168316831684,0.8910891089108911,0.8910891089108911,0.0,0.2227722772277227,0.0,0.0,5.346534653465347,6.46039603960396,0.0,1.7821782178217822,0.0,0.8910891089108911,0.6683168316831684,0.0,1.113861386138614,0.0,0.0,80.8,41.03,0.0,0.0,0.0,55.81,58.33,71.43,0.1217470533031326,0.0535203306352893,0.0,1.113861386138614,0.0222860249999999,0.2227722772277227,2.6732673267326734,4.00990099009901,0.0686234873762376,28.514851485148515,CB,23,34,4,36,20,35,39,55,39,54,25,43,8,7,20,36,38,39,19,20,21,13,31,39,51,11,33,34,13,19,39,56,62,54,61,28,22,18,16,7,16,8,19,57,34,13,72,38,80,39,89,79,90,25,75,8,7,72,80,38,92,19,39,56,13,74,39,51,11,33,34,13,19,39,56,62,92,87,28,41,39,25,20,39,18,44,Eliteserien
Aalesund,3impprc048nbz39w05s18c6yt,57d8deogl8yh6m7inliz3wfmc,S. Haram,Simen Haram,21.0,Defender,Norway,Defender,202.0,0.0,150.0,15.0,352.0,26.0,0.0,1.0,4.0,3.0,1.0,0.0,5.0,5.0,58.0,63.0,0.0,11.0,974.0,1.0,10.0,10.0,1.0,17.0,0.0,0.0,78.75,22.06,0.0,20.0,25.0,54.72,56.52,80.95,0.5131953156456875,0.0890551056711878,1.0,9.0,0.18813968,3.0,31.0,34.0,0.5944363199999998,206.0,18.6652977412731,0.0,13.860369609856262,1.3860369609856262,32.525667351129364,2.402464065708419,0.0,0.0924024640657084,0.3696098562628336,0.2772073921971252,0.0924024640657084,0.0,0.462012320328542,0.462012320328542,5.359342915811088,5.82135523613963,0.0,1.0164271047227926,0.0924024640657084,0.924024640657084,0.924024640657084,0.0924024640657084,1.570841889117043,0.0,0.0,78.75,22.06,0.0,20.0,25.0,54.72,56.52,80.95,0.0474205117126405,0.0082289112016497,0.0924024640657084,0.8316221765913757,0.0173845700205338,0.2772073921971252,2.864476386036961,3.141683778234086,0.0549273806981519,19.03490759753593,RB/RCB,43,7,29,36,33,81,26,5,10,24,14,7,33,33,48,86,26,48,24,24,52,14,48,36,52,33,10,7,14,36,62,76,90,24,5,21,14,14,7,43,38,5,48,62,7,10,24,48,76,26,5,10,24,14,7,29,24,57,95,26,43,24,10,48,14,57,36,52,33,10,7,14,36,62,76,90,24,5,19,19,10,10,33,33,5,62,Eliteserien
Aalesund,3impprc048nbz39w05s18c6yt,59et8sb520h3kfg20a0qavd3o,M. Haagensen Reed,Marcus Haagensen Reed,18.0,Attacker,Norway,Striker,27.0,0.0,87.0,2.0,114.0,25.0,1.0,15.0,25.0,20.0,5.0,4.0,18.0,18.0,46.0,12.0,4.0,1.0,719.0,10.0,44.0,5.0,7.0,7.0,0.0,0.0,79.17,66.67,0.0,38.89,40.0,35.94,40.98,77.78,2.8610665697768525,1.0813854463769184,6.0,22.0,0.94319602,5.0,4.0,6.0,0.43593579,34.0,3.379694019471488,0.0,10.890125173852573,0.2503477051460361,14.26981919332406,3.129346314325452,0.125173852573018,1.877607788595271,3.129346314325452,2.503477051460361,0.6258692628650904,0.5006954102920723,2.2531293463143256,2.2531293463143256,5.757997218358832,1.502086230876217,0.5006954102920723,0.125173852573018,1.2517385257301807,5.507649513212796,0.6258692628650904,0.8762169680111266,0.8762169680111266,0.0,0.0,79.17,66.67,0.0,38.89,40.0,35.94,40.98,77.78,0.3581307250068383,0.1353611824393917,0.7510431154381085,2.753824756606398,0.1180634795549374,0.6258692628650904,0.5006954102920723,0.7510431154381085,0.0545677623087621,4.255910987482615,ST,21,19,49,33,41,77,53,79,58,62,58,36,59,55,44,69,60,31,55,54,13,49,59,49,50,82,82,19,47,50,28,62,90,59,74,59,78,87,55,24,23,31,26,21,19,64,28,54,82,62,97,90,87,79,49,74,72,74,74,82,28,85,82,13,74,77,49,50,82,82,19,47,50,28,62,90,79,87,77,92,97,67,28,23,41,41,Eliteserien
Aalesund,3impprc048nbz39w05s18c6yt,6fx5r6dpx906j16pisv670pnt,P. Aukland,Philip Aukland,27.0,Defender,Norway,Defender,116.0,0.0,66.0,8.0,182.0,10.0,0.0,1.0,2.0,2.0,0.0,0.0,3.0,3.0,20.0,35.0,0.0,4.0,385.0,0.0,3.0,2.0,2.0,5.0,0.0,0.0,79.13,25.81,0.0,66.67,0.0,50.0,50.0,83.33,0.2664411900971524,0.0,0.0,8.0,0.16677338,3.0,9.0,10.0,0.24917686,113.0,27.11688311688312,0.0,15.428571428571429,1.87012987012987,42.54545454545455,2.3376623376623376,0.0,0.2337662337662337,0.4675324675324675,0.4675324675324675,0.0,0.0,0.7012987012987013,0.7012987012987013,4.675324675324675,8.181818181818182,0.0,0.935064935064935,0.0,0.7012987012987013,0.4675324675324675,0.4675324675324675,1.1688311688311688,0.0,0.0,79.13,25.81,0.0,66.67,0.0,50.0,50.0,83.33,0.0622849535292044,0.0,0.0,1.87012987012987,0.0389859849350649,0.7012987012987013,2.103896103896104,2.3376623376623376,0.0582491361038961,26.415584415584416,CB,17,34,7,9,11,22,39,25,21,31,25,14,50,49,13,44,38,11,19,13,10,59,31,39,51,7,8,34,74,19,20,23,92,28,10,28,40,38,39,2,3,3,15,39,34,20,25,28,59,39,42,39,52,25,14,74,74,54,100,38,38,19,30,33,84,77,39,51,7,8,34,74,19,20,23,92,49,10,28,72,61,75,10,10,10,34,Eliteserien
Aalesund,3impprc048nbz39w05s18c6yt,828b7y3phhpb62srvtrjhtgk4,I. Djantou,Ivan Djantou,24.0,Attacker,Cameroon,Striker,4.0,0.0,13.0,1.0,17.0,13.0,1.0,4.0,7.0,6.0,1.0,2.0,6.0,6.0,21.0,5.0,1.0,1.0,238.0,3.0,13.0,4.0,2.0,1.0,0.0,0.0,65.38,100.0,0.0,33.33,42.86,40.38,43.33,33.33,1.7091074199684484,0.2460700552503312,0.0,1.0,0.06442595,0.0,0.0,2.0,0.25305052,5.0,1.512605042016807,0.0,4.915966386554622,0.3781512605042016,6.428571428571429,4.915966386554622,0.3781512605042016,1.512605042016807,2.647058823529412,2.26890756302521,0.3781512605042016,0.7563025210084033,2.26890756302521,2.26890756302521,7.9411764705882355,1.8907563025210083,0.3781512605042016,0.3781512605042016,1.134453781512605,4.915966386554622,1.512605042016807,0.7563025210084033,0.3781512605042016,0.0,0.0,65.38,100.0,0.0,33.33,42.86,40.38,43.33,33.33,0.6463011251981527,0.0930517015652513,0.0,0.3781512605042016,0.0243627542016806,0.0,0.0,0.7563025210084033,0.0956913731092437,1.8907563025210083,ST,3,19,3,15,3,41,53,17,15,15,12,19,18,17,14,28,24,31,17,10,8,22,13,49,50,23,96,19,35,63,49,72,13,28,8,8,6,13,8,3,9,13,5,3,19,5,46,5,97,97,90,64,67,36,92,77,74,95,85,67,54,69,64,79,64,31,49,50,23,96,19,35,63,49,72,13,97,64,8,8,26,8,3,26,77,5,Eliteserien
Aalesund,3impprc048nbz39w05s18c6yt,9ekhc0uvcelk125lc64unr5zo,M. Andresen,Marius Andresen,26.0,Defender,Norway,Defender,86.0,5.0,108.0,12.0,189.0,37.0,1.0,9.0,15.0,13.0,2.0,4.0,4.0,4.0,70.0,36.0,0.0,9.0,724.0,2.0,30.0,11.0,2.0,19.0,0.0,0.0,67.74,26.67,29.41,50.0,13.33,54.69,56.06,95.0,1.3870208048463917,1.171227769513671,5.0,10.0,0.3437188599999999,5.0,16.0,15.0,1.3174858900000008,88.0,10.69060773480663,0.6215469613259669,13.425414364640885,1.4917127071823204,23.494475138121548,4.599447513812155,0.1243093922651933,1.1187845303867403,1.8646408839779005,1.6160220994475138,0.2486187845303867,0.4972375690607735,0.4972375690607735,0.4972375690607735,8.701657458563536,4.475138121546961,0.0,1.1187845303867403,0.2486187845303867,3.729281767955801,1.3674033149171272,0.2486187845303867,2.361878453038674,0.0,0.0,67.74,26.67,29.41,50.0,13.33,54.69,56.06,95.0,0.1724197133096343,0.1455946122323624,0.6215469613259669,1.2430939226519335,0.042727482596685,0.6215469613259669,1.988950276243094,1.8646408839779005,0.1637758703038675,10.939226519337018,RB/RCB,14,45,12,17,10,95,62,43,81,86,31,76,19,19,71,52,26,33,43,67,62,24,52,36,52,5,14,48,69,19,57,71,100,71,62,79,19,38,31,10,7,38,10,10,57,5,33,5,100,81,76,100,95,48,86,33,29,100,76,26,57,43,90,81,43,90,36,52,5,14,48,69,19,57,71,100,95,86,95,29,43,24,14,5,62,14,Eliteserien
Aalesund,3impprc048nbz39w05s18c6yt,a4de7kgp5ivhwckmtv5htu162,E. Hagen,Elias Hagen,26.0,Midfielder,Norway,Midfielder,226.0,5.0,373.0,23.0,594.0,7.0,1.0,12.0,32.0,9.0,23.0,16.0,13.0,14.0,56.0,36.0,2.0,16.0,1575.0,9.0,29.0,13.0,9.0,13.0,0.0,0.0,81.48,41.07,50.0,69.23,28.12,47.86,29.17,48.15,2.4771327424092924,1.0003787124862962,11.0,30.0,0.65461218,9.0,83.0,78.0,1.7396559900000002,379.0,12.914285714285716,0.2857142857142857,21.31428571428572,1.3142857142857145,33.94285714285714,0.4,0.0571428571428571,0.6857142857142857,1.8285714285714283,0.5142857142857142,1.3142857142857145,0.9142857142857144,0.7428571428571429,0.8,3.2,2.057142857142857,0.1142857142857142,0.9142857142857144,0.5142857142857142,1.6571428571428573,0.7428571428571429,0.5142857142857142,0.7428571428571429,0.0,0.0,81.48,41.07,50.0,69.23,28.12,47.86,29.17,48.15,0.1415504424233881,0.0571644978563597,0.6285714285714286,1.7142857142857142,0.0374064102857142,0.5142857142857142,4.742857142857143,4.457142857142857,0.0994089137142857,21.65714285714286,DM/CM,61,77,86,66,82,43,70,77,96,86,100,100,68,73,64,89,91,68,96,82,71,71,55,46,48,18,18,95,82,61,21,29,14,96,75,95,82,82,64,84,82,71,86,18,68,43,21,39,29,54,64,93,64,100,100,32,36,7,64,82,29,89,68,14,57,11,46,48,18,18,95,82,61,21,29,14,82,54,86,57,50,36,75,68,36,54,Eliteserien
Aalesund,3impprc048nbz39w05s18c6yt,a8zxp4qf5nw7eumulk3z3d15g,M. Christensen,Mathias Christensen,24.0,Midfielder,Denmark,Midfielder,194.0,21.0,496.0,39.0,669.0,10.0,2.0,38.0,36.0,9.0,27.0,10.0,58.0,63.0,85.0,26.0,7.0,22.0,1552.0,19.0,32.0,17.0,26.0,21.0,0.0,1.0,79.74,46.43,19.81,44.83,52.78,40.28,34.48,65.62,2.357148050413334,3.2783800392637543,18.0,34.0,0.8636472799999997,30.0,96.0,99.0,2.5732815400000004,348.0,11.25,1.2177835051546393,28.762886597938145,2.26159793814433,38.79510309278351,0.5798969072164949,0.1159793814432989,2.203608247422681,2.0876288659793816,0.5219072164948454,1.565721649484536,0.5798969072164949,3.36340206185567,3.653350515463918,4.929123711340206,1.5077319587628866,0.4059278350515464,1.2757731958762888,1.1018041237113405,1.855670103092784,0.9858247422680412,1.5077319587628866,1.2177835051546393,0.0,0.0579896907216494,79.74,46.43,19.81,44.83,52.78,40.28,34.48,65.62,0.1366902864286082,0.1901122445449342,1.0438144329896908,1.9716494845360824,0.0500826386597938,1.7396907216494846,5.567010309278351,5.7409793814432994,0.1492238006443299,20.18041237113402,CM/AM,80,87,96,94,92,58,64,96,88,46,98,87,98,98,82,86,93,96,98,55,74,97,80,48,99,42,48,34,41,94,28,34,50,70,94,99,79,78,98,98,98,84,96,64,72,88,88,86,48,44,94,76,24,96,60,92,94,58,66,90,92,94,18,38,88,60,48,100,42,48,34,41,94,28,34,50,38,82,92,58,50,96,92,92,62,88,Eliteserien
Aalesund,3impprc048nbz39w05s18c6yt,aa0ws04elgid17wmbkc2xe13o,U. Syversen,Ulrik Syversen,23.0,Defender,Norway,Defender,91.0,0.0,89.0,3.0,180.0,16.0,1.0,3.0,5.0,5.0,0.0,2.0,4.0,4.0,26.0,21.0,0.0,7.0,465.0,1.0,8.0,3.0,2.0,4.0,0.0,0.0,83.33,25.0,0.0,50.0,20.0,55.32,72.73,80.0,0.5008200932894725,0.1689828843028667,0.0,10.0,0.21662032,3.0,17.0,16.0,0.5125447399999999,111.0,17.612903225806452,0.0,17.225806451612904,0.5806451612903225,34.83870967741935,3.096774193548387,0.1935483870967742,0.5806451612903225,0.9677419354838708,0.9677419354838708,0.0,0.3870967741935484,0.7741935483870968,0.7741935483870968,5.032258064516129,4.064516129032258,0.0,1.3548387096774193,0.1935483870967742,1.5483870967741935,0.5806451612903225,0.3870967741935484,0.7741935483870968,0.0,0.0,83.33,25.0,0.0,50.0,20.0,55.32,72.73,80.0,0.0969329212818333,0.0327063647037806,0.0,1.935483870967741,0.0419265135483871,0.5806451612903225,3.290322580645161,3.096774193548387,0.0992022077419354,21.483870967741936,CB,10,34,16,2,8,45,87,55,48,64,25,74,63,62,25,18,38,32,49,43,21,59,23,39,51,29,5,34,55,52,34,87,87,46,49,28,52,48,39,19,11,23,13,11,34,26,2,11,79,98,84,85,93,25,95,77,75,66,31,38,74,69,75,46,77,44,39,51,29,5,34,55,52,34,87,87,72,61,28,75,67,70,31,26,46,20,Eliteserien
Aalesund,3impprc048nbz39w05s18c6yt,b9ci6tvq8ip7bzlqzlhw7irfu,J. Ørsahl,Jakob Ørsahl,25.0,Defender,Norway,Defender,56.0,14.0,117.0,6.0,159.0,2.0,2.0,16.0,5.0,2.0,3.0,3.0,3.0,5.0,25.0,13.0,1.0,3.0,529.0,1.0,17.0,3.0,1.0,12.0,0.0,0.0,76.44,35.29,37.84,33.33,20.0,50.0,22.22,63.16,0.2856513341390241,1.81792897713318,0.0,15.0,0.44797011,13.0,16.0,18.0,1.5560533400000005,82.0,9.527410207939509,2.3818525519848768,19.9054820415879,1.0207939508506616,27.05103969754253,0.3402646502835538,0.3402646502835538,2.722117202268431,0.8506616257088846,0.3402646502835538,0.5103969754253308,0.5103969754253308,0.5103969754253308,0.8506616257088846,4.253308128544423,2.2117202268431,0.1701323251417769,0.5103969754253308,0.1701323251417769,2.892249527410208,0.5103969754253308,0.1701323251417769,2.041587901701323,0.0,0.0,76.44,35.29,37.84,33.33,20.0,50.0,22.22,63.16,0.0485985256569228,0.3092884838222801,0.0,2.551984877126654,0.0762141964083175,2.2117202268431,2.722117202268431,3.062381852551985,0.264734972778828,13.950850661625708,LB/LCB,9,74,22,13,9,4,83,74,35,39,50,59,13,17,13,17,67,15,33,43,13,9,39,37,50,17,35,87,26,48,22,4,48,30,78,11,35,43,57,17,9,30,9,17,96,39,9,17,13,100,96,57,52,83,87,13,43,26,30,83,22,48,74,30,17,91,37,50,17,35,87,26,48,22,4,48,43,96,11,52,70,91,35,17,83,22,Eliteserien
Aalesund,3impprc048nbz39w05s18c6yt,d25tgfdub6ec1k71zrdw5oob8,A. Kjelsen,Aleksander Kjelsen,20.0,Defender,Norway,Defender,348.0,0.0,159.0,25.0,507.0,19.0,0.0,0.0,6.0,6.0,0.0,4.0,3.0,3.0,49.0,64.0,0.0,12.0,1097.0,1.0,10.0,15.0,2.0,6.0,3.0,0.0,88.02,45.45,0.0,66.67,16.67,62.82,63.33,42.86,0.7835087531099585,0.0,1.0,5.0,0.11701871,1.0,22.0,27.0,0.5826992099999999,283.0,28.55059252506837,0.0,13.044667274384686,2.051048313582498,41.59525979945305,1.5587967183226985,0.0,0.0,0.4922515952597995,0.4922515952597995,0.0,0.3281677301731996,0.2461257976298997,0.2461257976298997,4.020054694621696,5.250683682771195,0.0,0.984503190519599,0.0820419325432999,0.8204193254329991,1.2306289881494987,0.1640838650865998,0.4922515952597995,0.2461257976298997,0.0,88.02,45.45,0.0,66.67,16.67,62.82,63.33,42.86,0.0642805722697322,0.0,0.0820419325432999,0.4102096627164995,0.0096004411121239,0.0820419325432999,1.804922515952598,2.215132178669098,0.0478057692798541,23.21786690975388,CB,64,34,43,50,56,55,39,8,61,71,25,96,50,49,56,64,38,61,49,52,93,59,38,99,51,62,48,34,74,44,79,66,3,70,10,66,22,25,16,26,34,26,54,49,34,8,28,26,28,39,8,46,56,25,90,43,41,39,48,38,48,46,36,84,49,15,97,51,62,48,34,74,44,79,66,3,51,10,66,16,16,11,5,7,2,23,Eliteserien
Aalesund,3impprc048nbz39w05s18c6yt,f2xpgtbb0ebfp250936anub1m,Ó. Guðmundsson,Ólafur Gudmundsson,24.0,Defender,Iceland,Defender,292.0,1.0,314.0,30.0,605.0,37.0,0.0,4.0,5.0,4.0,1.0,1.0,2.0,2.0,73.0,79.0,0.0,24.0,1380.0,0.0,7.0,5.0,1.0,17.0,1.0,0.0,80.88,31.25,7.69,50.0,0.0,55.3,56.92,56.67,0.5043045106345143,0.4866232201262389,1.0,12.0,0.2638417,11.0,84.0,81.0,1.534551330000001,387.0,19.043478260869563,0.0652173913043478,20.47826086956521,1.9565217391304348,39.45652173913043,2.4130434782608696,0.0,0.2608695652173913,0.3260869565217391,0.2608695652173913,0.0652173913043478,0.0652173913043478,0.1304347826086956,0.1304347826086956,4.760869565217391,5.152173913043479,0.0,1.5652173913043477,0.0,0.4565217391304347,0.3260869565217391,0.0652173913043478,1.108695652173913,0.0652173913043478,0.0,80.88,31.25,7.69,50.0,0.0,55.3,56.92,56.67,0.0328894246065987,0.0317362969647547,0.0652173913043478,0.7826086956521738,0.0172070673913043,0.717391304347826,5.478260869565217,5.282608695652174,0.1000794345652174,25.23913043478261,LB/LCB,70,9,57,65,61,100,28,13,35,48,20,39,7,7,78,91,26,89,15,13,28,9,76,85,50,57,22,4,61,15,78,83,22,43,26,24,28,22,35,78,74,26,87,57,4,43,52,61,96,28,9,22,43,17,35,4,4,65,91,26,96,15,13,17,4,39,87,50,57,22,4,61,15,78,83,22,30,13,22,13,17,26,74,52,4,78,Eliteserien
Aalesund,3impprc048nbz39w05s18c6yt,f4x4cca0arl9bykqnoc0my579,K. Nessø,Kristoffer Nessø,33.0,Midfielder,Norway,Midfielder,110.0,5.0,177.0,14.0,282.0,6.0,0.0,9.0,11.0,10.0,1.0,3.0,13.0,13.0,47.0,27.0,0.0,8.0,1050.0,4.0,32.0,20.0,6.0,7.0,0.0,0.0,78.12,31.82,20.0,46.15,36.36,55.95,46.15,46.67,0.9740917944378288,1.173084753139653,5.0,24.0,0.6644074799999999,8.0,18.0,20.0,1.830581670000001,101.0,9.428571428571429,0.4285714285714286,15.171428571428573,1.2,24.17142857142857,0.5142857142857143,0.0,0.7714285714285715,0.942857142857143,0.8571428571428572,0.0857142857142857,0.2571428571428572,1.1142857142857143,1.1142857142857143,4.0285714285714285,2.3142857142857145,0.0,0.6857142857142857,0.3428571428571428,2.742857142857143,1.7142857142857144,0.5142857142857143,0.6,0.0,0.0,78.12,31.82,20.0,46.15,36.36,55.95,46.15,46.67,0.0834935823803853,0.1005501216976845,0.4285714285714286,2.0571428571428574,0.0569492125714285,0.6857142857142857,1.542857142857143,1.7142857142857144,0.1569070002857144,8.657142857142858,CM/AM,62,55,44,60,54,40,13,27,33,50,11,34,37,35,40,89,15,54,41,55,76,36,34,48,49,30,8,38,52,56,86,56,12,34,46,58,62,62,46,35,32,70,39,44,56,26,64,40,46,13,10,16,38,10,22,22,22,30,88,15,46,34,44,80,28,22,48,49,30,8,38,52,56,86,56,12,16,32,52,66,66,38,20,14,66,16,Eliteserien
Bodø / Glimt,ctvzi2jbl1q6xzq0s3sexj73g,16rhwnvicrl1e9xqw867zuxn9,H. Aleesami,Haitam Aleesami,35.0,Defender,Norway,Defender,504.0,0.0,678.0,61.0,1182.0,32.0,0.0,3.0,6.0,6.0,0.0,0.0,2.0,2.0,52.0,51.0,1.0,11.0,1054.0,2.0,13.0,4.0,1.0,11.0,1.0,0.0,92.34,63.54,0.0,50.0,33.33,59.09,58.18,73.33,0.8873128699595997,0.0587763410692224,0.0,65.0,1.377375669999999,36.0,196.0,202.0,2.377768939999998,775.0,43.036053130929794,0.0,57.89373814041746,5.208728652751423,100.92979127134726,2.732447817836812,0.0,0.2561669829222011,0.5123339658444023,0.5123339658444023,0.0,0.0,0.1707779886148007,0.1707779886148007,4.44022770398482,4.35483870967742,0.0853889943074003,0.9392789373814042,0.1707779886148007,1.110056925996205,0.3415559772296015,0.0853889943074003,0.9392789373814042,0.0853889943074003,0.0,92.34,63.54,0.0,50.0,33.33,59.09,58.18,73.33,0.0757667536018633,0.0050188526529696,0.0,5.550284629981025,0.1176127232447817,3.074003795066414,16.736242884250476,17.248576850094878,0.2030352984819732,66.1764705882353,CB,82,34,98,92,95,75,39,55,61,71,25,14,34,34,63,57,84,54,72,60,34,36,64,87,51,93,97,34,55,70,57,52,69,74,26,28,98,98,98,98,98,92,97,92,34,98,95,98,75,39,49,48,57,25,14,36,34,48,34,85,39,64,51,13,34,61,85,51,93,97,34,55,70,57,52,69,62,25,28,97,97,98,100,100,95,97,Eliteserien
Bodø / Glimt,ctvzi2jbl1q6xzq0s3sexj73g,38qnvrvf3y1xs22tovwy21jv9,J. Gundersen,Jostein Gundersen,30.0,Defender,Norway,Defender,225.0,0.0,325.0,8.0,550.0,12.0,0.0,1.0,1.0,1.0,0.0,1.0,3.0,3.0,26.0,15.0,0.0,5.0,498.0,0.0,2.0,3.0,1.0,5.0,1.0,0.0,95.99,50.0,0.0,33.33,0.0,49.06,46.15,50.0,0.0780719848699375,0.0,0.0,52.0,1.1029796799999994,22.0,76.0,65.0,0.97646679,353.0,40.66265060240964,0.0,58.73493975903615,1.4457831325301205,99.39759036144578,2.1686746987951806,0.0,0.180722891566265,0.180722891566265,0.180722891566265,0.0,0.180722891566265,0.5421686746987951,0.5421686746987951,4.698795180722891,2.710843373493976,0.0,0.9036144578313252,0.0,0.3614457831325301,0.5421686746987951,0.180722891566265,0.9036144578313252,0.180722891566265,0.0,95.99,50.0,0.0,33.33,0.0,49.06,46.15,50.0,0.0141093948560128,0.0,0.0,9.397590361445785,0.1993336771084336,3.975903614457832,13.734939759036145,11.74698795180723,0.1764699018072289,63.795180722891565,CB,48,34,74,9,61,28,39,25,10,17,25,43,50,49,25,10,38,16,19,8,21,36,31,87,51,100,67,34,33,19,13,11,11,7,10,28,97,97,95,80,69,52,64,89,34,100,15,97,51,39,34,13,25,25,70,64,64,56,13,38,36,19,11,38,54,54,93,51,100,67,34,33,19,13,11,11,10,10,28,100,100,100,97,95,90,95,Eliteserien
Bodø / Glimt,ctvzi2jbl1q6xzq0s3sexj73g,3zg0pvrja75d3l44dq0lh4kb9,A. Helmersen,Andreas Helmersen,28.0,Attacker,Norway,Striker,20.0,0.0,70.0,1.0,90.0,30.0,1.0,8.0,41.0,39.0,2.0,6.0,16.0,16.0,51.0,12.0,10.0,3.0,780.0,18.0,72.0,10.0,4.0,5.0,1.0,0.0,76.92,50.0,0.0,25.0,43.9,43.59,47.62,71.43,6.014595339817779,0.820665730444851,4.0,7.0,0.25038435,3.0,2.0,6.0,0.5411058400000001,28.0,2.307692307692308,0.0,8.076923076923077,0.1153846153846153,10.384615384615383,3.4615384615384617,0.1153846153846153,0.9230769230769232,4.730769230769231,4.5,0.2307692307692307,0.6923076923076924,1.8461538461538465,1.8461538461538465,5.884615384615385,1.3846153846153848,1.153846153846154,0.3461538461538462,2.076923076923077,8.307692307692308,1.153846153846154,0.4615384615384615,0.576923076923077,0.1153846153846153,0.0,76.92,50.0,0.0,25.0,43.9,43.59,47.62,71.43,0.6939917699789746,0.0946921996667135,0.4615384615384615,0.8076923076923077,0.0288905019230769,0.3461538461538462,0.2307692307692307,0.6923076923076924,0.0624352892307692,3.230769230769231,ST,12,19,33,15,21,79,53,44,87,90,22,55,51,44,58,69,95,51,87,81,44,32,47,99,50,67,54,19,22,69,69,82,76,95,51,41,29,36,36,13,23,49,21,5,19,41,18,21,87,51,49,100,100,23,85,64,54,77,69,100,49,97,97,38,28,59,97,50,67,54,19,22,69,69,82,76,100,67,44,38,33,41,8,21,49,21,Eliteserien
Bodø / Glimt,ctvzi2jbl1q6xzq0s3sexj73g,5hst73ivtxknjb3rrdivwygnp,S. Fet,Sondre Fet,29.0,Midfielder,Norway,Midfielder,100.0,3.0,305.0,10.0,402.0,5.0,2.0,22.0,23.0,18.0,5.0,4.0,30.0,31.0,62.0,10.0,4.0,9.0,1233.0,10.0,95.0,15.0,12.0,22.0,0.0,0.0,88.16,58.82,42.86,40.0,43.48,53.91,38.46,73.33,2.5015938636813937,2.166709217410737,7.0,38.0,1.518044539999999,13.0,39.0,45.0,2.5296391699999985,204.0,7.299270072992701,0.218978102189781,22.26277372262774,0.7299270072992701,29.34306569343066,0.364963503649635,0.145985401459854,1.6058394160583942,1.6788321167883211,1.3138686131386863,0.364963503649635,0.291970802919708,2.18978102189781,2.2627737226277373,4.525547445255475,0.7299270072992701,0.291970802919708,0.6569343065693432,0.7299270072992701,6.934306569343066,1.094890510948905,0.8759124087591241,1.6058394160583942,0.0,0.0,88.16,58.82,42.86,40.0,43.48,53.91,38.46,73.33,0.1825980922395177,0.1581539574752362,0.5109489051094891,2.7737226277372264,0.1108061708029196,0.9489051094890512,2.8467153284671536,3.2846715328467155,0.1846451948905108,14.89051094890511,CM/AM,54,38,78,47,72,35,64,76,72,74,59,46,80,80,60,33,79,65,83,94,66,71,82,48,49,96,82,94,30,68,80,37,83,74,76,71,86,92,71,68,68,82,74,34,34,74,34,54,26,60,66,52,68,38,24,72,66,44,20,74,42,66,98,46,60,76,48,49,96,82,94,30,68,80,37,83,64,70,62,82,90,54,58,58,82,68,Eliteserien
Bodø / Glimt,ctvzi2jbl1q6xzq0s3sexj73g,7dnxkce4kn8qchaavv6e4tm21,J. Hauge,Jens Petter Hauge,26.0,Midfielder,Norway,Midfielder,107.0,11.0,683.0,37.0,779.0,1.0,3.0,28.0,26.0,20.0,6.0,5.0,45.0,45.0,61.0,5.0,5.0,5.0,1078.0,10.0,94.0,7.0,28.0,16.0,0.0,0.0,86.85,77.08,26.83,62.22,38.46,52.14,33.33,64.0,3.034886253813486,2.7933435690106974,6.0,131.0,3.894809480000001,19.0,29.0,112.0,6.009916259999997,368.0,8.933209647495362,0.9183673469387756,57.02226345083488,3.0890538033395174,65.03710575139146,0.0834879406307977,0.2504638218923933,2.3376623376623376,2.170686456400742,1.6697588126159555,0.5009276437847866,0.4174397031539889,3.7569573283859,3.7569573283859,5.092764378478664,0.4174397031539889,0.4174397031539889,0.4174397031539889,0.8348794063079777,7.8478664192949905,0.5844155844155844,2.3376623376623376,1.3358070500927643,0.0,0.0,86.85,77.08,26.83,62.22,38.46,52.14,33.33,64.0,0.2533764033796046,0.2332105020509858,0.5009276437847866,10.936920222634509,0.3251696226345084,1.5862708719851577,2.421150278293136,9.35064935064935,0.5017555319109459,30.72356215213358,LM/LCM,71,100,100,100,100,29,100,100,100,100,71,86,100,100,71,43,100,71,100,100,43,100,100,57,57,100,100,100,100,86,86,57,71,100,100,71,100,100,100,86,100,100,100,57,100,100,100,100,29,86,100,71,86,57,57,57,57,29,29,100,43,100,100,14,86,86,57,57,100,100,100,100,86,86,57,71,86,100,57,100,100,57,57,100,100,100,Eliteserien
Bodø / Glimt,ctvzi2jbl1q6xzq0s3sexj73g,7gqecbxztxxovmo1b6zqqcgve,O. Bjørtuft,Odin Bjørtuft,27.0,Defender,Norway,Defender,789.0,4.0,1090.0,59.0,1875.0,44.0,1.0,3.0,18.0,14.0,4.0,7.0,8.0,8.0,86.0,75.0,0.0,20.0,1768.0,4.0,24.0,14.0,4.0,11.0,0.0,0.0,94.32,57.28,26.67,50.0,22.22,49.71,49.44,45.83,2.26757316812552,0.3034785454953863,5.0,118.0,2.4980233000000003,52.0,285.0,309.0,5.684434339999992,1330.0,40.164027149321264,0.2036199095022624,55.48642533936651,3.003393665158371,95.44683257918552,2.239819004524887,0.0509049773755656,0.1527149321266968,0.916289592760181,0.7126696832579185,0.2036199095022624,0.3563348416289592,0.4072398190045249,0.4072398190045249,4.377828054298642,3.817873303167421,0.0,1.0180995475113122,0.2036199095022624,1.2217194570135743,0.7126696832579185,0.2036199095022624,0.5599547511312217,0.0,0.0,94.32,57.28,26.67,50.0,22.22,49.71,49.44,45.83,0.1154307608208692,0.0154485684924121,0.254524886877828,6.006787330316742,0.1271618195701357,2.647058823529412,14.507918552036198,15.729638009049772,0.2893660014705878,67.70361990950225,CB,98,93,100,89,100,88,87,55,98,97,94,100,81,80,89,72,38,92,91,87,88,82,64,39,51,97,89,82,55,57,18,16,7,98,64,100,100,100,100,100,100,100,100,87,85,97,61,95,54,77,25,82,77,80,93,59,59,46,25,38,54,72,59,59,57,26,39,51,97,89,82,55,57,18,16,7,90,44,90,98,98,97,98,98,100,98,Eliteserien
Bodø / Glimt,ctvzi2jbl1q6xzq0s3sexj73g,8pyq4t68w42u3fgd2w7tjykbu,S. Auklend,Sondre Auklend,23.0,Midfielder,Norway,Midfielder,154.0,4.0,487.0,18.0,637.0,7.0,4.0,20.0,31.0,27.0,4.0,15.0,45.0,47.0,98.0,16.0,1.0,14.0,1349.0,8.0,126.0,40.0,20.0,19.0,0.0,0.0,86.55,69.23,20.0,44.44,25.81,51.58,33.33,61.29,3.671567354072864,1.7351451159325764,3.0,77.0,2.587425670000001,26.0,64.0,80.0,3.465518099999997,274.0,10.274277242401778,0.2668643439584878,32.49073387694589,1.200889547813195,42.49814677538917,0.4670126019273536,0.2668643439584878,1.3343217197924389,2.0681986656782803,1.8013343217197924,0.2668643439584878,1.000741289844329,3.002223869532988,3.1356560415122314,6.53817642698295,1.0674573758339512,0.0667160859896219,0.9340252038547072,0.5337286879169756,8.406226834692365,2.6686434395848777,1.3343217197924389,1.267605633802817,0.0,0.0,86.55,69.23,20.0,44.44,25.81,51.58,33.33,61.29,0.2449526033110139,0.1157620907590303,0.2001482579688658,5.137138621200889,0.1726229134914752,1.7346182357301705,4.269829503335805,5.337286879169755,0.231205803558191,18.280207561156413,CM/AM,74,46,94,78,87,45,86,70,80,92,50,96,94,94,93,60,42,81,65,100,96,94,74,48,49,94,90,38,38,32,66,29,38,88,64,42,98,100,95,86,90,96,84,56,44,96,66,92,38,80,42,74,86,24,92,84,84,82,42,38,76,52,100,92,80,62,48,49,94,90,38,38,32,66,29,38,86,44,24,100,100,94,82,84,90,86,Eliteserien
Bodø / Glimt,ctvzi2jbl1q6xzq0s3sexj73g,ar7ybu7dordgt2yfx5inux62,I. Määttä,Isak Määttä,24.0,Defender,Norway,Defender,206.0,6.0,507.0,20.0,707.0,3.0,0.0,4.0,17.0,12.0,5.0,8.0,21.0,22.0,37.0,14.0,1.0,8.0,947.0,3.0,53.0,12.0,11.0,7.0,0.0,0.0,90.18,41.67,23.08,52.38,17.65,52.86,37.5,63.64,1.6689321857607538,0.3937408948377371,6.0,105.0,2.5723055299999995,51.0,41.0,68.0,2.1941199700000005,261.0,19.57761351636748,0.5702217529039071,48.18373812038015,1.900739176346357,67.19112988384371,0.2851108764519535,0.0,0.3801478352692714,1.6156282998944034,1.1404435058078142,0.4751847940865892,0.7602956705385427,1.9957761351636747,2.090813093980993,3.5163674762407604,1.33051742344245,0.0950369588173178,0.7602956705385427,0.2851108764519535,5.036958817317846,1.1404435058078142,1.0454065469904965,0.665258711721225,0.0,0.0,90.18,41.67,23.08,52.38,17.65,52.86,37.5,63.64,0.158610239407041,0.0374199372073879,0.5702217529039071,9.978880675818374,0.2444640947201689,4.84688489968321,3.896515311510032,6.4625131995776135,0.2085224892291447,24.80464625131996,LB/LCB,61,46,91,35,70,11,28,13,87,83,70,87,67,67,24,24,67,43,54,87,61,78,15,37,50,100,74,35,78,43,61,22,52,78,17,85,96,96,100,52,57,61,52,61,48,100,48,96,4,28,17,87,83,70,100,74,74,9,13,65,43,65,91,65,78,4,37,50,100,74,35,78,43,61,22,52,100,17,87,96,96,100,52,78,65,74,Eliteserien
Bodø / Glimt,ctvzi2jbl1q6xzq0s3sexj73g,b2ibeioms7t9vb3au7tpqys4p,H. Evjen,Håkon Evjen,26.0,Midfielder,Norway,Midfielder,79.0,12.0,184.0,16.0,251.0,3.0,2.0,14.0,18.0,14.0,4.0,5.0,18.0,18.0,48.0,5.0,5.0,6.0,753.0,8.0,56.0,10.0,10.0,19.0,0.0,0.0,84.8,69.57,41.38,55.56,44.44,57.14,42.86,76.0,2.001388482691586,1.8264077576049864,1.0,37.0,1.3843888399999995,13.0,16.0,24.0,1.31303822,92.0,9.44223107569721,1.4342629482071712,21.99203187250996,1.9123505976095616,30.0,0.3585657370517928,0.2390438247011952,1.6733067729083664,2.151394422310757,1.6733067729083664,0.4780876494023904,0.597609561752988,2.151394422310757,2.151394422310757,5.737051792828685,0.597609561752988,0.597609561752988,0.7171314741035856,0.9561752988047808,6.6932270916334655,1.195219123505976,1.195219123505976,2.2709163346613543,0.0,0.0,84.8,69.57,41.38,55.56,44.44,57.14,42.86,76.0,0.2392097788077593,0.2182957479209147,0.1195219123505976,4.422310756972111,0.1654648015936254,1.5537848605577689,1.9123505976095616,2.8685258964143423,0.1569368390438247,10.99601593625498,CM/AM,42,78,46,69,42,24,64,44,59,66,50,55,50,49,42,13,87,39,65,80,39,63,74,48,49,74,94,92,77,73,90,50,88,64,66,10,83,88,71,27,36,46,29,46,84,72,84,58,24,74,72,78,80,64,66,68,62,68,8,100,52,84,94,54,72,92,48,49,74,94,92,77,73,90,50,88,82,90,12,96,98,84,38,40,68,44,Eliteserien
Bodø / Glimt,ctvzi2jbl1q6xzq0s3sexj73g,bqh87676f46jsdfftw2gt1mok,V. Nielsen,Villads Nielsen,21.0,Defender,Denmark,Defender,171.0,1.0,158.0,30.0,328.0,4.0,0.0,1.0,2.0,1.0,1.0,2.0,3.0,3.0,7.0,14.0,0.0,2.0,280.0,0.0,1.0,1.0,1.0,1.0,0.0,0.0,95.35,81.08,50.0,33.33,0.0,58.33,80.0,100.0,0.2207873493895584,0.1493242744599701,0.0,9.0,0.18942637,4.0,38.0,47.0,0.7821562600000003,218.0,54.96428571428572,0.3214285714285714,50.785714285714285,9.642857142857142,105.42857142857144,1.2857142857142856,0.0,0.3214285714285714,0.6428571428571428,0.3214285714285714,0.3214285714285714,0.6428571428571428,0.9642857142857144,0.9642857142857144,2.25,4.5,0.0,0.6428571428571428,0.0,0.3214285714285714,0.3214285714285714,0.3214285714285714,0.3214285714285714,0.0,0.0,95.35,81.08,50.0,33.33,0.0,58.33,80.0,100.0,0.0709673623037866,0.0479970882192761,0.0,2.892857142857143,0.0608870475,1.2857142857142856,12.214285714285714,15.107142857142858,0.2514073692857144,70.07142857142857,CB,33,72,41,59,36,2,39,25,21,17,58,74,50,49,2,7,38,5,19,3,5,36,5,39,51,98,100,98,33,19,52,98,97,20,46,28,47,46,51,52,57,46,41,98,89,95,100,100,20,39,62,62,43,84,100,87,84,2,36,38,13,19,8,11,72,8,39,51,98,100,98,33,19,52,98,97,61,82,28,90,85,85,95,97,97,100,Eliteserien
Bodø / Glimt,ctvzi2jbl1q6xzq0s3sexj73g,cegoeac3l2owi83zdvu30tj6y,O. Blomberg,Ole Didrik Blomberg,26.0,Midfielder,Norway,Midfielder,64.0,18.0,535.0,17.0,581.0,11.0,6.0,47.0,23.0,19.0,4.0,4.0,34.0,42.0,76.0,9.0,5.0,9.0,1547.0,14.0,125.0,32.0,14.0,14.0,0.0,0.0,82.06,62.96,26.09,41.18,60.87,46.63,30.56,73.68,3.028742034023424,5.6778798563978325,2.0,84.0,2.9320324500000003,20.0,18.0,54.0,5.729071310000002,210.0,3.72333548804137,1.0471881060116353,31.12475759534583,0.9890109890109888,33.800904977375566,0.6399482870071105,0.3490627020038784,2.734324499030381,1.3380736910148674,1.1053652230122817,0.2327084680025856,0.2327084680025856,1.9780219780219777,2.443438914027149,4.421460892049127,0.5235940530058176,0.290885585003232,0.5235940530058176,0.8144796380090498,7.2721396250808015,1.861667744020685,0.8144796380090498,0.8144796380090498,0.0,0.0,82.06,62.96,26.09,41.18,60.87,46.63,30.56,73.68,0.1762034796781565,0.3303226807212701,0.1163542340012928,4.886877828054298,0.1705771948933419,1.163542340012928,1.0471881060116353,3.141564318034906,0.3333008519069167,12.217194570135746,RM/RCM,58,83,100,67,100,83,92,100,67,79,50,62,92,92,92,58,92,79,92,100,100,88,58,50,50,75,67,75,42,83,50,42,75,92,100,12,100,100,92,58,92,100,92,25,83,100,50,92,67,67,100,25,42,25,17,50,58,25,33,67,50,33,100,67,42,17,50,50,75,67,75,42,83,50,42,75,50,100,8,92,100,83,25,67,100,83,Eliteserien
Bodø / Glimt,ctvzi2jbl1q6xzq0s3sexj73g,dgki9si023s93nymhod74jlzo,F. Sjøvold,Fredrik Sjøvold,23.0,Defender,Norway,Defender,521.0,22.0,796.0,106.0,1295.0,8.0,2.0,35.0,17.0,10.0,7.0,2.0,22.0,23.0,66.0,29.0,3.0,23.0,1710.0,7.0,51.0,7.0,13.0,27.0,1.0,0.0,88.34,59.22,44.0,59.09,41.18,52.38,40.0,71.05,1.4534187295077372,4.036556153443276,6.0,156.0,4.006691950000004,55.0,125.0,188.0,8.453231040000002,637.0,27.42105263157895,1.1578947368421053,41.89473684210526,5.578947368421052,68.15789473684211,0.4210526315789473,0.1052631578947368,1.8421052631578947,0.8947368421052632,0.5263157894736842,0.3684210526315789,0.1052631578947368,1.1578947368421053,1.2105263157894737,3.473684210526316,1.5263157894736843,0.1578947368421052,1.2105263157894737,0.3684210526315789,2.6842105263157894,0.3684210526315789,0.6842105263157895,1.4210526315789471,0.0526315789473684,0.0,88.34,59.22,44.0,59.09,41.18,52.38,40.0,71.05,0.0764957226056703,0.2124503238654355,0.3157894736842105,8.210526315789474,0.2108785236842107,2.894736842105264,6.578947368421052,9.894736842105264,0.4449068968421054,33.526315789473685,RB/RCB,100,100,100,100,100,26,83,100,88,69,93,31,86,86,62,33,90,90,81,95,29,90,81,81,52,100,100,95,81,79,38,24,57,81,100,86,100,100,100,95,100,100,100,90,90,100,100,100,14,67,100,57,48,76,14,76,71,14,5,81,71,71,76,10,86,48,71,52,100,100,95,81,79,38,24,57,57,100,67,100,100,100,90,95,100,95,Eliteserien
Bodø / Glimt,ctvzi2jbl1q6xzq0s3sexj73g,dnw3y6r7bk0aqbta2s7ttivhl,F. Bjørkan,Fredrik Bjørkan,28.0,Defender,Norway,Defender,273.0,13.0,532.0,23.0,792.0,4.0,2.0,17.0,15.0,13.0,2.0,4.0,23.0,25.0,51.0,12.0,3.0,8.0,1017.0,5.0,69.0,15.0,12.0,13.0,0.0,0.0,89.59,52.27,35.14,52.17,33.33,51.0,36.36,65.0,1.7036994754121246,2.089297705044245,2.0,119.0,3.1490041600000005,48.0,70.0,86.0,4.22144373,322.0,24.159292035398227,1.1504424778761062,47.07964601769911,2.035398230088496,70.08849557522123,0.3539823008849557,0.1769911504424778,1.5044247787610618,1.327433628318584,1.1504424778761062,0.1769911504424778,0.3539823008849557,2.035398230088496,2.2123893805309733,4.513274336283185,1.0619469026548671,0.2654867256637168,0.7079646017699115,0.4424778761061946,6.106194690265486,1.327433628318584,1.0619469026548671,1.1504424778761062,0.0,0.0,89.59,52.27,35.14,52.17,33.33,51.0,36.36,65.0,0.150769865080719,0.1848936022163048,0.1769911504424778,10.530973451327434,0.2786729345132743,4.2477876106194685,6.1946902654867255,7.610619469026548,0.3735790911504424,28.495575221238937,LB/LCB,65,63,96,54,91,20,83,80,78,89,35,70,74,76,48,11,91,43,78,91,83,85,50,37,50,96,100,78,74,65,35,17,61,83,87,41,100,100,96,74,83,96,70,91,78,96,57,100,17,87,74,78,87,39,74,78,78,52,4,96,35,78,100,74,83,43,37,50,96,100,78,74,65,35,17,61,87,78,48,100,100,96,91,91,100,96,Eliteserien
Bodø / Glimt,ctvzi2jbl1q6xzq0s3sexj73g,do2fwr0qn3kg0qb40e3i36q51,P. Berg,Patrick Berg,28.0,Midfielder,Norway,Midfielder,309.0,35.0,789.0,77.0,1063.0,4.0,1.0,34.0,46.0,16.0,30.0,19.0,23.0,25.0,58.0,12.0,2.0,20.0,1528.0,12.0,39.0,5.0,12.0,25.0,0.0,0.0,90.08,69.37,32.11,52.17,26.09,62.37,66.67,67.57,3.926202975495217,3.9797261255923257,18.0,85.0,2.078305379999999,32.0,110.0,137.0,4.720140769999995,563.0,18.20026178010471,2.06151832460733,46.47251308900523,4.535340314136126,62.611256544502616,0.2356020942408377,0.0589005235602094,2.0026178010471205,2.7094240837696333,0.9424083769633508,1.7670157068062826,1.119109947643979,1.3547120418848166,1.4725130890052356,3.4162303664921465,0.7068062827225131,0.1178010471204188,1.1780104712041886,0.7068062827225131,2.297120418848168,0.2945026178010471,0.7068062827225131,1.4725130890052356,0.0,0.0,90.08,69.37,32.11,52.17,26.09,62.37,66.67,67.57,0.2312554108603203,0.2344079524236317,1.0602094240837696,5.006544502617801,0.1224132749999999,1.8848167539267016,6.479057591623037,8.069371727748692,0.2780187626308897,33.160994764397905,CM/AM,96,100,100,100,100,29,40,92,98,69,100,100,67,69,56,44,60,94,89,66,13,71,89,48,49,98,92,66,66,36,98,98,62,94,98,99,100,98,100,100,100,100,100,98,98,100,100,100,18,28,90,92,42,100,96,36,42,14,18,46,86,64,32,4,48,70,48,49,98,92,66,66,36,98,98,62,78,94,94,98,94,100,98,100,98,100,Eliteserien
Bodø / Glimt,ctvzi2jbl1q6xzq0s3sexj73g,e6p5i2ujvk0t9mo0h2gvrlka1,O. Brynhildsen,Ola Brynhildsen,27.0,Attacker,Norway,Striker,34.0,1.0,211.0,7.0,244.0,2.0,1.0,9.0,22.0,19.0,3.0,4.0,13.0,13.0,17.0,3.0,1.0,5.0,654.0,10.0,62.0,7.0,2.0,2.0,0.0,0.0,85.92,87.5,12.5,15.38,45.45,36.96,20.0,33.33,3.640494395545201,0.7956363026513531,7.0,39.0,1.1931837399999998,17.0,5.0,22.0,1.4162751999999998,67.0,4.678899082568807,0.1376146788990825,29.03669724770642,0.963302752293578,33.57798165137615,0.2752293577981651,0.1376146788990825,1.238532110091743,3.027522935779817,2.614678899082569,0.4128440366972477,0.5504587155963303,1.788990825688073,1.788990825688073,2.339449541284404,0.4128440366972477,0.1376146788990825,0.6880733944954128,1.3761467889908257,8.53211009174312,0.963302752293578,0.2752293577981651,0.2752293577981651,0.0,0.0,85.92,87.5,12.5,15.38,45.45,36.96,20.0,33.33,0.5009854672768626,0.1094912343098192,0.963302752293578,5.366972477064221,0.1641995972477063,2.339449541284404,0.6880733944954128,3.027522935779817,0.1949002568807339,9.220183486238533,LW,33,12,75,58,58,29,46,42,58,54,46,33,25,25,29,33,42,75,67,75,33,12,25,54,54,100,100,17,8,75,25,17,25,83,42,58,75,67,75,33,58,67,42,33,8,92,58,83,33,42,42,75,92,42,42,8,8,8,33,50,92,100,100,25,8,25,54,54,100,100,17,8,75,25,17,25,100,25,67,83,67,75,25,83,67,67,Eliteserien
Fredrikstad,e5txudmuc2qpc460bs4lb5aff,3uz61prjvy036m0uoj6z5jnxl,S. Owusu,Solomon Owusu,30.0,Defender,Norway,Defender,164.0,0.0,146.0,26.0,310.0,8.0,0.0,3.0,2.0,0.0,2.0,0.0,5.0,5.0,25.0,23.0,1.0,8.0,492.0,1.0,1.0,3.0,5.0,5.0,0.0,0.0,88.07,59.09,0.0,100.0,50.0,64.1,66.67,55.56,0.1108754226526252,0.2123663805977436,0.0,12.0,0.28367074,9.0,33.0,35.0,0.63193979,171.0,30.0,0.0,26.70731707317073,4.7560975609756095,56.70731707317073,1.4634146341463414,0.0,0.5487804878048781,0.3658536585365853,0.0,0.3658536585365853,0.0,0.9146341463414634,0.9146341463414634,4.573170731707317,4.2073170731707314,0.1829268292682926,1.4634146341463414,0.1829268292682926,0.1829268292682926,0.5487804878048781,0.9146341463414634,0.9146341463414634,0.0,0.0,88.07,59.09,0.0,100.0,50.0,64.1,66.67,55.56,0.0202820895096265,0.0388475086459287,0.0,2.1951219512195124,0.0518909890243902,1.646341463414634,6.036585365853658,6.402439024390244,0.1155987420731707,31.28048780487805,CB,30,34,36,54,33,17,39,55,21,6,75,14,73,73,22,25,84,39,49,3,21,87,31,39,51,64,93,34,93,92,80,76,22,10,52,28,57,56,82,46,49,31,30,56,34,77,92,67,25,39,77,30,6,90,14,82,80,51,33,98,82,66,3,39,98,56,39,51,64,93,34,93,92,80,76,22,13,70,28,80,84,93,72,82,62,51,Eliteserien
Fredrikstad,e5txudmuc2qpc460bs4lb5aff,4cx6v1ugc9l5sd0nqep3sxoiy,J. Nuñez,Johannes Nuñez,29.0,Attacker,Norway,Striker,28.0,0.0,39.0,3.0,67.0,2.0,1.0,3.0,6.0,4.0,2.0,2.0,4.0,5.0,8.0,1.0,1.0,1.0,348.0,4.0,14.0,5.0,0.0,1.0,0.0,0.0,75.28,50.0,0.0,0.0,66.67,25.81,25.0,100.0,0.5449006317922227,0.3514159890625979,1.0,3.0,0.31012804,2.0,6.0,9.0,0.1901230199999999,31.0,7.241379310344827,0.0,10.086206896551724,0.7758620689655172,17.32758620689655,0.5172413793103449,0.2586206896551724,0.7758620689655172,1.5517241379310345,1.0344827586206895,0.5172413793103449,0.5172413793103449,1.0344827586206895,1.293103448275862,2.0689655172413794,0.2586206896551724,0.2586206896551724,0.2586206896551724,1.0344827586206895,3.6206896551724137,1.293103448275862,0.0,0.2586206896551724,0.0,0.0,75.28,50.0,0.0,0.0,66.67,25.81,25.0,100.0,0.1409225771876438,0.0908834454472236,0.2586206896551724,0.7758620689655172,0.0802055275862069,0.5172413793103449,1.5517241379310345,2.327586206896552,0.0491697465517241,8.017241379310345,ST,23,19,15,49,15,13,53,9,13,10,22,19,5,8,8,3,24,31,22,13,13,3,13,49,50,59,54,19,3,97,8,15,99,8,18,17,18,41,26,41,38,8,23,82,19,62,87,72,23,82,33,18,18,56,56,18,31,8,5,33,41,59,21,56,3,18,49,50,59,54,19,3,97,8,15,99,18,59,23,33,87,54,77,79,33,77,Eliteserien
Fredrikstad,e5txudmuc2qpc460bs4lb5aff,7zozbhxdvx3nqg4eyzwqgsis4,M. Nilsson,Max Nilsson,21.0,Midfielder,Sweden,Midfielder,255.0,3.0,312.0,8.0,564.0,13.0,1.0,8.0,5.0,2.0,3.0,2.0,9.0,10.0,46.0,21.0,2.0,19.0,875.0,2.0,5.0,8.0,2.0,17.0,0.0,0.0,89.52,32.0,13.04,22.22,40.0,47.42,48.15,73.91,0.34812290893165,0.9696263231055824,0.0,11.0,0.23767497,5.0,67.0,47.0,1.3644208800000006,302.0,26.22857142857143,0.3085714285714286,32.09142857142857,0.822857142857143,58.011428571428574,1.3371428571428572,0.1028571428571428,0.822857142857143,0.5142857142857143,0.2057142857142857,0.3085714285714286,0.2057142857142857,0.9257142857142858,1.0285714285714287,4.731428571428572,2.16,0.2057142857142857,1.9542857142857144,0.2057142857142857,0.5142857142857143,0.822857142857143,0.2057142857142857,1.7485714285714289,0.0,0.0,89.52,32.0,13.04,22.22,40.0,47.42,48.15,73.91,0.0358069277758268,0.099732993233717,0.0,1.1314285714285717,0.0244465683428571,0.5142857142857143,6.891428571428572,4.8342857142857145,0.1403404333714286,31.062857142857144,DM/CM,71,62,75,18,75,68,70,61,27,34,32,38,39,45,46,68,91,73,41,21,32,25,71,46,48,96,4,39,18,82,14,57,93,21,71,9,20,21,36,71,61,61,75,79,71,86,7,93,61,82,75,18,36,21,36,43,43,50,79,89,89,36,14,21,21,75,46,48,96,4,39,18,82,14,57,93,14,89,9,18,18,39,86,79,68,89,Eliteserien
Fredrikstad,e5txudmuc2qpc460bs4lb5aff,8rnri2daeaqt5h1hl9ftt6l0p,S. Sørløkk,Sondre Sørløkk,29.0,Midfielder,Norway,Midfielder,99.0,0.0,140.0,11.0,239.0,27.0,1.0,10.0,18.0,17.0,1.0,4.0,38.0,40.0,75.0,20.0,0.0,8.0,1080.0,4.0,56.0,20.0,16.0,10.0,0.0,0.0,71.99,33.33,0.0,42.11,22.22,49.67,48.21,83.33,1.9159615851410137,0.7399075963136421,4.0,29.0,0.70766632,13.0,12.0,18.0,1.0215626700000005,77.0,8.25,0.0,11.666666666666666,0.9166666666666666,19.916666666666668,2.25,0.0833333333333333,0.8333333333333334,1.5,1.4166666666666667,0.0833333333333333,0.3333333333333333,3.1666666666666665,3.333333333333333,6.25,1.6666666666666667,0.0,0.6666666666666666,0.3333333333333333,4.666666666666667,1.6666666666666667,1.3333333333333333,0.8333333333333334,0.0,0.0,71.99,33.33,0.0,42.11,22.22,49.67,48.21,83.33,0.1596634654284178,0.0616589663594701,0.3333333333333333,2.4166666666666665,0.0589721933333333,1.0833333333333333,1.0,1.5,0.0851302225,6.416666666666667,LM/LCM,57,21,71,71,71,100,64,71,79,86,36,57,71,86,100,86,36,86,86,86,86,71,71,57,57,29,29,21,14,64,57,86,100,86,71,43,86,71,64,43,43,57,43,43,21,14,43,43,100,43,29,43,71,29,43,43,43,57,86,36,71,29,57,57,43,43,57,57,29,29,21,14,64,57,86,100,57,29,43,29,29,29,43,14,14,43,Eliteserien
Fredrikstad,e5txudmuc2qpc460bs4lb5aff,95u4j4kg3w5wfpk8ilcimhfdg,H. Skogvold,Henrik Skogvold,22.0,Attacker,Norway,Striker,103.0,1.0,144.0,8.0,246.0,24.0,2.0,16.0,34.0,26.0,8.0,7.0,25.0,27.0,64.0,16.0,0.0,11.0,1497.0,11.0,66.0,11.0,12.0,12.0,0.0,0.0,73.87,72.73,14.29,48.0,32.35,38.32,33.33,70.59,3.585958153963327,1.1197663544116827,10.0,19.0,0.8758704299999999,5.0,15.0,13.0,0.6670298,72.0,6.192384769539078,0.0601202404809619,8.657314629258517,0.4809619238476954,14.789579158316634,1.4428857715430865,0.1202404809619238,0.9619238476953909,2.0440881763527057,1.56312625250501,0.4809619238476954,0.4208416833667335,1.503006012024048,1.623246492985972,3.8476953907815634,0.9619238476953909,0.0,0.6613226452905812,0.6613226452905812,3.967935871743487,0.6613226452905812,0.7214428857715431,0.7214428857715431,0.0,0.0,73.87,72.73,14.29,48.0,32.35,38.32,33.33,70.59,0.2155886665709415,0.0673206225097204,0.6012024048096193,1.1422845691382766,0.0526575408817635,0.3006012024048096,0.9018036072144288,0.781563126252505,0.0401019919839679,4.328657314629258,ST,85,50,79,81,85,71,81,86,74,77,74,63,82,82,73,79,8,92,62,77,54,81,90,49,50,51,85,46,74,26,36,36,72,72,77,78,73,85,55,73,56,59,74,69,41,46,62,62,44,56,54,38,44,49,26,44,46,31,54,8,79,28,33,15,62,74,49,50,51,85,46,74,26,36,36,72,33,46,64,62,64,36,59,28,23,44,Eliteserien
Fredrikstad,e5txudmuc2qpc460bs4lb5aff,9d8926hhnvjc6mgrex998ihp0,S. Laghzaoui,Salim Laghzaoui,20.0,Midfielder,Morocco,Midfielder,61.0,0.0,140.0,11.0,201.0,4.0,1.0,16.0,16.0,10.0,6.0,5.0,33.0,34.0,44.0,12.0,0.0,3.0,896.0,3.0,25.0,15.0,15.0,6.0,0.0,0.0,80.72,78.57,0.0,45.45,18.75,39.64,23.53,60.0,1.688983418278553,1.0317131899851215,6.0,20.0,0.5010535199999999,10.0,18.0,30.0,0.6637929199999998,101.0,6.127232142857142,0.0,14.0625,1.1049107142857142,20.189732142857142,0.4017857142857143,0.1004464285714285,1.6071428571428572,1.6071428571428572,1.0044642857142856,0.6026785714285714,0.5022321428571428,3.314732142857143,3.415178571428571,4.419642857142857,1.2053571428571428,0.0,0.3013392857142857,0.3013392857142857,2.5111607142857144,1.5066964285714286,1.5066964285714286,0.6026785714285714,0.0,0.0,80.72,78.57,0.0,45.45,18.75,39.64,23.53,60.0,0.1696523522824439,0.1036319052440412,0.6026785714285714,2.008928571428571,0.0503290366071428,1.0044642857142856,1.8080357142857144,3.013392857142857,0.0666756281249999,10.145089285714285,CM/AM,25,11,30,52,32,29,40,55,49,50,66,55,83,82,37,44,15,24,30,38,66,86,30,48,49,48,100,11,46,20,24,18,32,52,36,65,56,48,61,35,46,18,39,22,11,20,54,20,32,36,68,48,54,68,56,90,88,40,52,15,22,30,40,64,86,24,48,49,48,100,11,46,20,24,18,32,58,34,70,62,52,62,34,46,12,30,Eliteserien
Fredrikstad,e5txudmuc2qpc460bs4lb5aff,9ufcm386siazbyu8df8la9ixg,G. Wesseh,Gabriel Wesseh,18.0,Midfielder,USA,Midfielder,15.0,0.0,45.0,2.0,60.0,1.0,1.0,2.0,9.0,6.0,3.0,3.0,9.0,10.0,19.0,1.0,1.0,2.0,271.0,4.0,7.0,9.0,5.0,3.0,0.0,0.0,74.07,40.0,0.0,55.56,44.44,51.35,25.0,75.0,0.755024633265725,0.2335595142315641,4.0,8.0,0.19364687,7.0,8.0,9.0,0.40426653,24.0,4.981549815498156,0.0,14.944649446494465,0.6642066420664207,19.926199261992625,0.3321033210332103,0.3321033210332103,0.6642066420664207,2.988929889298893,1.992619926199262,0.996309963099631,0.996309963099631,2.988929889298893,3.321033210332103,6.3099630996309966,0.3321033210332103,0.3321033210332103,0.6642066420664207,1.328413284132841,2.3247232472324724,2.988929889298893,1.6605166051660516,0.996309963099631,0.0,0.0,74.07,40.0,0.0,55.56,44.44,51.35,25.0,75.0,0.2507461881694289,0.0775658903352057,1.328413284132841,2.656826568265682,0.0643107686346863,2.3247232472324724,2.656826568265682,2.988929889298893,0.1342582571955719,7.970479704797048,RM/RCM,17,8,17,21,17,12,29,8,29,29,33,46,17,17,12,8,33,25,38,8,42,17,8,50,50,25,46,8,83,67,83,29,83,25,8,42,25,25,42,21,17,8,8,42,8,33,33,33,8,58,8,100,100,67,100,83,83,83,17,75,67,92,8,100,83,42,50,50,25,46,8,83,67,83,29,83,92,8,100,67,58,100,75,58,25,42,Eliteserien
Fredrikstad,e5txudmuc2qpc460bs4lb5aff,aclfebmcu5nlmui2ru44xyf6y,F. Holmé,Fredrik Holmé,25.0,Defender,Norway,Defender,627.0,0.0,336.0,40.0,963.0,41.0,1.0,3.0,12.0,12.0,0.0,2.0,2.0,2.0,72.0,96.0,2.0,23.0,1526.0,5.0,28.0,10.0,1.0,12.0,2.0,0.0,89.08,40.82,0.0,50.0,41.67,60.5,65.08,57.14,1.804704418993731,0.3213898921557837,2.0,8.0,0.18651286,6.0,66.0,77.0,1.8981854699999967,610.0,36.97903014416776,0.0,19.81651376146789,2.3591087811271296,56.79554390563565,2.418086500655308,0.0589777195281782,0.1769331585845347,0.7077326343381389,0.7077326343381389,0.0,0.1179554390563564,0.1179554390563564,0.1179554390563564,4.246395806028834,5.661861074705112,0.1179554390563564,1.3564875491480997,0.2948885976408912,1.651376146788991,0.5897771952817824,0.0589777195281782,0.7077326343381389,0.1179554390563564,0.0,89.08,40.82,0.0,50.0,41.67,60.5,65.08,57.14,0.1064373510546761,0.0189548429187552,0.1179554390563564,0.4718217562254259,0.0110001031454783,0.3538663171690694,3.892529488859764,4.541284403669724,0.111950650262123,35.97640891218873,CB,90,34,75,69,87,84,87,55,90,93,25,74,34,34,80,89,96,97,95,95,70,36,74,97,51,77,30,34,55,82,66,72,28,93,67,84,40,44,67,75,75,79,85,79,34,48,41,69,64,82,33,67,75,25,49,25,24,43,54,90,75,85,82,48,30,36,88,51,77,30,34,55,82,66,72,28,80,51,73,18,20,41,41,54,59,69,Eliteserien
Fredrikstad,e5txudmuc2qpc460bs4lb5aff,ahje1y6v4dlmq4ath0rfcql90,B. Faraas,Benjamin Faraas,21.0,Attacker,Norway,Midfielder,31.0,1.0,74.0,6.0,104.0,7.0,0.0,6.0,20.0,18.0,2.0,5.0,24.0,25.0,38.0,5.0,3.0,0.0,690.0,5.0,40.0,10.0,14.0,4.0,0.0,0.0,64.2,54.55,50.0,58.33,25.0,46.34,38.89,57.14,2.309425172671036,0.4633540224010933,3.0,11.0,0.43784181,3.0,8.0,15.0,0.7138775399999997,44.0,4.043478260869565,0.1304347826086956,9.652173913043478,0.7826086956521738,13.565217391304348,0.9130434782608696,0.0,0.7826086956521738,2.608695652173913,2.347826086956521,0.2608695652173913,0.6521739130434783,3.130434782608696,3.260869565217391,4.956521739130435,0.6521739130434783,0.3913043478260869,0.0,0.6521739130434783,5.217391304347826,1.3043478260869563,1.826086956521739,0.5217391304347826,0.0,0.0,64.2,54.55,50.0,58.33,25.0,46.34,38.89,57.14,0.301229370348396,0.0604374811827512,0.3913043478260869,1.434782608695652,0.0571098013043478,0.3913043478260869,1.0434782608695652,1.9565217391304348,0.0931144617391303,5.739130434782608,ST,28,50,36,65,33,31,17,29,41,55,22,47,76,74,36,28,51,13,27,45,44,90,40,49,50,21,68,81,90,13,77,49,38,49,31,31,55,56,36,50,69,64,45,33,62,56,90,49,36,17,36,62,74,26,77,90,87,59,36,69,13,26,74,59,100,51,49,50,21,68,81,90,13,77,49,38,62,36,31,69,72,46,64,77,74,59,Eliteserien
Fredrikstad,e5txudmuc2qpc460bs4lb5aff,azgn1hgiep0jbrbdirnkut2zu,I. Amundsen,Isak Amundsen,26.0,Defender,Norway,Defender,227.0,0.0,157.0,13.0,384.0,14.0,1.0,4.0,4.0,4.0,0.0,1.0,10.0,11.0,38.0,33.0,0.0,6.0,635.0,0.0,9.0,3.0,5.0,12.0,1.0,0.0,86.1,25.49,0.0,50.0,0.0,54.29,53.85,75.0,0.5390363741074036,0.2315464981862304,1.0,5.0,0.12734645,1.0,29.0,32.0,0.7379268800000003,230.0,32.173228346456696,0.0,22.251968503937007,1.84251968503937,54.4251968503937,1.984251968503937,0.1417322834645669,0.5669291338582677,0.5669291338582677,0.5669291338582677,0.0,0.1417322834645669,1.4173228346456694,1.5590551181102363,5.385826771653544,4.677165354330709,0.0,0.8503937007874016,0.0,1.2755905511811023,0.4251968503937008,0.7086614173228347,1.7007874015748032,0.1417322834645669,0.0,86.1,25.49,0.0,50.0,0.0,54.29,53.85,75.0,0.0763988561727028,0.0328176139161586,0.1417322834645669,0.7086614173228347,0.0180491031496063,0.1417322834645669,4.110236220472441,4.535433070866142,0.1045880617322835,32.59842519685039,CB,49,34,39,24,48,35,87,71,39,54,25,43,85,87,43,41,38,25,19,48,21,87,74,87,51,52,7,34,55,19,30,32,76,52,56,66,22,28,16,43,44,39,48,64,34,57,21,59,39,96,82,52,64,25,57,97,97,74,39,38,28,19,64,30,93,95,92,51,52,7,34,55,19,30,32,76,64,62,82,28,31,20,48,52,51,57,Eliteserien
Fredrikstad,e5txudmuc2qpc460bs4lb5aff,b4jhe6f42xvdxbna7aelx5vys,F. Ghebreyohannes,Fanuel Ghebreyohannes,19.0,Defender,Norway,Defender,128.0,6.0,116.0,3.0,238.0,8.0,0.0,4.0,4.0,0.0,4.0,1.0,24.0,25.0,49.0,19.0,0.0,6.0,723.0,0.0,9.0,11.0,10.0,11.0,0.0,0.0,83.8,16.67,24.0,41.67,0.0,52.13,47.06,55.0,0.2742218972697908,0.4202959523413902,3.0,32.0,0.8419679599999996,13.0,13.0,21.0,1.2439184500000005,96.0,15.933609958506224,0.7468879668049793,14.439834024896266,0.3734439834024896,29.62655601659751,0.995850622406639,0.0,0.4979253112033195,0.4979253112033195,0.0,0.4979253112033195,0.1244813278008298,2.987551867219917,3.112033195020747,6.099585062240664,2.365145228215768,0.0,0.7468879668049793,0.0,1.120331950207469,1.3692946058091289,1.2448132780082988,1.3692946058091289,0.0,0.0,83.8,16.67,24.0,41.67,0.0,52.13,47.06,55.0,0.0341355058842063,0.0523189982167705,0.3734439834024896,3.983402489626556,0.1048092896265559,1.6182572614107884,1.6182572614107884,2.6141078838174274,0.1548446203319502,11.950207468879668,LB/LCB,26,46,17,4,22,39,28,13,24,11,59,39,78,76,41,30,26,33,15,22,54,70,30,37,50,78,4,43,43,15,52,43,17,26,22,63,61,65,57,9,13,17,17,35,61,9,4,22,48,28,22,39,11,74,43,91,91,96,43,26,39,15,35,78,91,57,37,50,78,4,43,43,15,52,43,17,35,30,74,91,87,57,13,13,35,17,Eliteserien
Fredrikstad,e5txudmuc2qpc460bs4lb5aff,bhkecr2u6neb933eo468i82ui,L. Owusu,Leonard Owusu,29.0,Midfielder,Ghana,Midfielder,177.0,1.0,194.0,23.0,370.0,2.0,1.0,2.0,6.0,1.0,5.0,4.0,13.0,13.0,31.0,13.0,0.0,5.0,831.0,0.0,3.0,8.0,10.0,8.0,0.0,0.0,88.73,48.94,33.33,76.92,0.0,49.21,18.18,72.73,0.7264398307980886,0.1807290033094044,4.0,13.0,0.28128731,9.0,44.0,38.0,0.9316649299999996,181.0,19.16967509025271,0.1083032490974729,21.010830324909747,2.4909747292418776,40.07220216606498,0.2166064981949458,0.1083032490974729,0.2166064981949458,0.6498194945848376,0.1083032490974729,0.5415162454873647,0.4332129963898917,1.407942238267148,1.407942238267148,3.357400722021661,1.407942238267148,0.0,0.5415162454873647,0.0,0.3249097472924188,0.8664259927797835,1.083032490974729,0.8664259927797835,0.0,0.0,88.73,48.94,33.33,76.92,0.0,49.21,18.18,72.73,0.0786757939492514,0.0195735382645564,0.4332129963898917,1.407942238267148,0.030464329602888,0.9747292418772564,4.765342960288809,4.115523465703972,0.1009023389891696,19.6028880866426,DM/CM,50,43,45,66,46,14,70,20,36,18,48,55,68,61,16,30,25,20,12,14,32,79,27,46,48,93,57,68,96,12,25,18,89,46,21,54,38,29,64,57,46,39,46,57,39,39,71,50,14,86,14,29,14,61,68,71,71,11,32,25,14,12,4,29,89,21,46,48,93,57,68,96,12,25,18,89,50,18,68,32,29,75,79,57,39,50,Eliteserien
Fredrikstad,e5txudmuc2qpc460bs4lb5aff,c5p3hpmvlgspmqfs64zfrs991,S. Rafn,Simen Rafn,34.0,Defender,Norway,Defender,174.0,4.0,195.0,19.0,365.0,13.0,1.0,6.0,6.0,2.0,4.0,0.0,11.0,14.0,40.0,35.0,1.0,6.0,915.0,2.0,16.0,13.0,4.0,7.0,0.0,0.0,85.68,45.24,40.0,36.36,33.33,51.95,56.52,63.64,0.5185546652274037,0.6050530377203152,0.0,34.0,0.87907404,11.0,46.0,40.0,1.49855655,183.0,17.114754098360656,0.3934426229508197,19.18032786885246,1.8688524590163933,35.9016393442623,1.278688524590164,0.0983606557377049,0.5901639344262295,0.5901639344262295,0.1967213114754098,0.3934426229508197,0.0,1.0819672131147542,1.3770491803278688,3.934426229508197,3.4426229508196724,0.0983606557377049,0.5901639344262295,0.1967213114754098,1.5737704918032789,1.278688524590164,0.3934426229508197,0.6885245901639344,0.0,0.0,85.68,45.24,40.0,36.36,33.33,51.95,56.52,63.64,0.0510053769076134,0.0595134135462605,0.0,3.344262295081968,0.0864662990163934,1.0819672131147542,4.524590163934427,3.934426229508197,0.1473990049180328,18.0,CB,34,93,49,44,46,30,87,84,61,31,94,14,90,96,46,44,84,25,72,70,83,82,42,39,51,39,46,92,37,70,25,39,42,49,85,28,90,90,85,60,51,66,31,10,90,44,23,13,18,87,85,57,26,93,14,90,95,36,18,87,8,70,79,87,79,34,39,51,39,46,92,37,70,25,39,42,43,89,28,93,95,82,57,38,79,8,Eliteserien
Fredrikstad,e5txudmuc2qpc460bs4lb5aff,dfp3y0edqm1vg85f6n3b6ut49,U. Fredriksen,Ulrik Fredriksen,27.0,Defender,Norway,Defender,534.0,0.0,262.0,59.0,796.0,44.0,0.0,4.0,15.0,12.0,3.0,2.0,4.0,4.0,80.0,100.0,1.0,17.0,1504.0,7.0,26.0,7.0,2.0,17.0,0.0,0.0,85.96,46.83,0.0,50.0,46.67,62.02,57.14,62.96,1.9004367908112043,0.2382283800630417,2.0,6.0,0.11239528,4.0,54.0,53.0,1.1051884399999992,505.0,31.954787234042552,0.0,15.6781914893617,3.5305851063829783,47.63297872340425,2.632978723404255,0.0,0.2393617021276595,0.8976063829787233,0.7180851063829787,0.1795212765957446,0.1196808510638297,0.2393617021276595,0.2393617021276595,4.787234042553191,5.984042553191489,0.0598404255319148,1.0172872340425532,0.4188829787234042,1.555851063829787,0.4188829787234042,0.1196808510638297,1.0172872340425532,0.0,0.0,85.96,46.83,0.0,50.0,46.67,62.02,57.14,62.96,0.1137229462586491,0.0142556876367511,0.1196808510638297,0.3590425531914893,0.0067257813829787,0.2393617021276595,3.231382978723404,3.171542553191489,0.0661349465425531,30.21941489361702,CB,85,34,66,89,74,88,39,71,93,93,87,74,63,62,85,90,84,83,97,91,55,59,87,39,51,46,56,34,55,85,75,43,39,95,59,84,27,23,51,66,62,59,75,62,34,21,70,46,74,39,44,80,80,79,51,41,39,57,62,77,52,93,77,25,43,69,39,51,46,56,34,55,85,75,43,39,87,41,77,15,15,30,30,28,15,46,Eliteserien
Fredrikstad,e5txudmuc2qpc460bs4lb5aff,dlxtfrt1ioz51rwnizwz5657t,D. Eid,Daniel Eid,27.0,Defender,Norway,Defender,273.0,19.0,339.0,50.0,593.0,24.0,2.0,29.0,14.0,10.0,4.0,2.0,12.0,12.0,75.0,44.0,2.0,20.0,1686.0,8.0,34.0,13.0,4.0,22.0,0.0,0.0,75.64,45.05,23.75,33.33,57.14,49.02,41.38,64.71,1.186925829639878,3.825241496654287,7.0,31.0,0.9779072199999996,18.0,51.0,87.0,4.968485429999993,291.0,14.572953736654805,1.0142348754448398,18.09608540925267,2.6690391459074734,31.65480427046263,1.281138790035587,0.1067615658362989,1.5480427046263343,0.7473309608540925,0.5338078291814946,0.2135231316725978,0.1067615658362989,0.6405693950177935,0.6405693950177935,4.00355871886121,2.3487544483985765,0.1067615658362989,1.0676156583629892,0.4270462633451957,1.8149466192170816,0.693950177935943,0.2135231316725978,1.1743772241992882,0.0,0.0,75.64,45.05,23.75,33.33,57.14,49.02,41.38,64.71,0.0633590300519507,0.2041943859423996,0.3736654804270462,1.6548042704626331,0.052201453024911,0.9608540925266904,2.7224199288256226,4.644128113879003,0.2652216421708181,15.533807829181494,RB/RCB,71,90,81,76,76,76,83,95,74,69,69,31,60,60,76,64,74,83,93,81,74,57,71,36,52,14,71,19,21,95,19,29,24,62,95,93,81,90,71,62,81,95,71,38,81,38,67,33,62,71,90,38,52,43,19,48,43,33,24,62,48,76,52,38,38,33,36,52,14,71,19,21,95,19,29,24,33,95,81,48,67,52,29,62,95,29,Eliteserien
Fredrikstad,e5txudmuc2qpc460bs4lb5aff,eq9x5pboy1dehdauroonsw3c9,S. Leach Holm,Samuel Leach Holm,28.0,Midfielder,Sweden,Midfielder,301.0,26.0,363.0,50.0,638.0,17.0,1.0,21.0,12.0,2.0,10.0,3.0,6.0,6.0,47.0,20.0,1.0,14.0,998.0,5.0,10.0,10.0,3.0,10.0,0.0,1.0,88.12,62.5,34.21,50.0,41.67,52.81,60.71,58.82,0.5394747947901252,2.928925396400437,4.0,24.0,0.50937458,12.0,83.0,82.0,2.02660102,353.0,27.14428857715431,2.344689378757515,32.73547094188377,4.509018036072145,57.53507014028056,1.5330661322645291,0.0901803607214428,1.8937875751503008,1.0821643286573146,0.1803607214428857,0.9018036072144288,0.2705410821643286,0.5410821643286573,0.5410821643286573,4.238476953907815,1.8036072144288573,0.0901803607214428,1.2625250501002003,0.4509018036072144,0.9018036072144288,0.9018036072144288,0.2705410821643286,0.9018036072144288,0.0,0.0901803607214428,88.12,62.5,34.21,50.0,41.67,52.81,60.71,58.82,0.0486500315942998,0.2641315487735865,0.3607214428857715,2.164328657314629,0.0459355833667334,1.0821643286573146,7.484969939879759,7.394789579158317,0.1827596110220441,31.83366733466934,DM/CM,86,100,82,93,86,80,70,98,64,34,86,45,25,25,52,62,66,59,79,55,50,36,41,46,98,86,96,75,70,89,41,79,50,39,100,54,75,75,82,84,89,82,82,89,100,93,100,89,68,75,100,64,25,89,43,18,18,29,39,71,43,86,39,36,29,25,46,96,86,96,75,70,89,41,79,50,29,100,46,82,79,82,93,89,93,93,Eliteserien
HamKam,crlocdyqyb1fdhck54qxs65rl,1pizdqlc5tyanssba2xe88lwp,M. Johnsgård,Markus Johnsgård,27.0,Midfielder,Norway,Midfielder,61.0,4.0,104.0,5.0,161.0,14.0,1.0,6.0,22.0,19.0,3.0,4.0,10.0,10.0,34.0,13.0,2.0,2.0,799.0,9.0,34.0,10.0,4.0,4.0,0.0,0.0,79.31,38.46,25.0,40.0,40.91,38.64,33.33,66.67,2.4106533440567985,0.4987185309541357,2.0,6.0,0.12302766,2.0,13.0,11.0,0.6864486499999999,59.0,6.871088861076345,0.4505632040050062,11.714643304130162,0.5632040050062578,18.1351689612015,1.5769712140175218,0.1126408010012515,0.6758448060075094,2.4780976220275344,2.14017521902378,0.3379224030037547,0.4505632040050062,1.1264080100125156,1.1264080100125156,3.829787234042553,1.4643304130162702,0.2252816020025031,0.2252816020025031,1.013767209011264,3.829787234042553,1.1264080100125156,0.4505632040050062,0.4505632040050062,0.0,0.0,79.31,38.46,25.0,40.0,40.91,38.64,33.33,66.67,0.2715379236109034,0.0561760548008413,0.2252816020025031,0.6758448060075094,0.0138579341677096,0.2252816020025031,1.4643304130162702,1.2390488110137672,0.0773221257822277,6.645807259073842,CM/AM,25,46,20,20,20,76,40,14,68,80,35,46,24,24,20,48,60,15,75,58,39,20,13,48,49,40,24,45,30,64,16,29,57,72,12,24,8,6,4,20,8,20,18,32,60,10,20,12,82,42,8,86,92,34,54,24,24,20,64,62,18,86,68,50,24,12,48,49,40,24,45,30,64,16,29,57,90,8,28,4,2,2,18,8,18,6,Eliteserien
HamKam,crlocdyqyb1fdhck54qxs65rl,1t1ylf4iwrotj4jjf9qfzbieh,S. Strand Nilsen,Snorre Strand Nilsen,29.0,Defender,Norway,Defender,142.0,0.0,109.0,13.0,251.0,20.0,1.0,4.0,6.0,4.0,2.0,2.0,5.0,5.0,39.0,28.0,0.0,5.0,527.0,0.0,17.0,8.0,3.0,6.0,0.0,0.0,79.94,34.21,0.0,60.0,0.0,59.09,55.56,75.0,0.6257569129524326,0.3723431681396725,1.0,6.0,0.1154182599999999,4.0,22.0,28.0,0.8750207699999999,136.0,24.25047438330171,0.0,18.614800759013285,2.22011385199241,42.86527514231499,3.415559772296016,0.1707779886148007,0.683111954459203,1.0246679316888043,0.683111954459203,0.3415559772296015,0.3415559772296015,0.8538899430740039,0.8538899430740039,6.66034155597723,4.781783681214422,0.0,0.8538899430740039,0.0,2.903225806451613,1.366223908918406,0.5123339658444023,1.0246679316888043,0.0,0.0,79.94,34.21,0.0,60.0,0.0,59.09,55.56,75.0,0.1068655069558234,0.0635880173293558,0.1707779886148007,1.0246679316888043,0.01971089829222,0.683111954459203,3.757115749525617,4.781783681214422,0.1494342870967741,23.225806451612904,RB/RCB,24,7,19,26,24,69,62,14,29,31,31,31,33,33,21,24,26,12,10,36,38,43,5,36,52,67,43,7,90,10,81,67,76,33,14,21,10,10,19,14,33,24,29,81,7,43,62,71,90,90,29,76,71,71,71,57,57,71,81,26,33,10,81,76,67,24,36,52,67,43,7,90,10,81,67,76,76,33,38,24,14,33,62,67,48,76,Eliteserien
HamKam,crlocdyqyb1fdhck54qxs65rl,2w16juzjxl4d66a709ibf1afo,H. Opsahl,Halvor Opsahl,23.0,Defender,Norway,Defender,116.0,0.0,80.0,4.0,196.0,5.0,1.0,1.0,2.0,1.0,1.0,2.0,0.0,0.0,11.0,20.0,0.0,5.0,323.0,0.0,4.0,5.0,0.0,0.0,0.0,0.0,91.59,50.0,0.0,0.0,0.0,42.31,45.45,0.0,0.1558287305584818,0.1561181710675327,0.0,9.0,0.16700123,2.0,10.0,11.0,0.17857994,128.0,32.3219814241486,0.0,22.291021671826623,1.1145510835913313,54.61300309597523,1.393188854489164,0.2786377708978328,0.2786377708978328,0.5572755417956656,0.2786377708978328,0.2786377708978328,0.5572755417956656,0.0,0.0,3.065015479876161,5.572755417956656,0.0,1.393188854489164,0.0,1.1145510835913313,1.393188854489164,0.0,0.0,0.0,0.0,91.59,50.0,0.0,0.0,0.0,42.31,45.45,0.0,0.0434197701246543,0.0435004191829038,0.0,2.5077399380804954,0.0465328504643962,0.5572755417956656,2.786377708978328,3.065015479876161,0.0497591164086687,35.6656346749226,CB,17,34,8,5,16,6,87,25,21,17,58,74,8,7,7,16,38,16,19,20,42,13,2,39,51,92,67,34,13,19,5,7,2,16,48,28,47,39,27,4,5,2,19,66,34,59,10,61,23,100,54,51,38,82,97,8,7,10,52,38,77,19,52,89,13,2,39,51,92,67,34,13,19,5,7,2,34,77,28,87,79,67,23,25,3,67,Eliteserien
HamKam,crlocdyqyb1fdhck54qxs65rl,36t5vt3n7cygex3haaj8of9jo,B. Isufi,Blerton Isufi,20.0,Midfielder,Albania,Midfielder,25.0,0.0,71.0,5.0,96.0,0.0,0.0,5.0,8.0,8.0,0.0,1.0,15.0,15.0,42.0,0.0,1.0,1.0,412.0,5.0,31.0,13.0,9.0,14.0,0.0,0.0,76.8,55.56,0.0,60.0,62.5,51.85,0.0,70.0,0.7450830124141241,0.5194319869092185,2.0,8.0,0.22709963,3.0,8.0,13.0,0.2190964999999999,44.0,5.461165048543689,0.0,15.50970873786408,1.0922330097087378,20.97087378640777,0.0,0.0,1.0922330097087378,1.7475728155339807,1.7475728155339807,0.0,0.2184466019417476,3.2766990291262137,3.2766990291262137,9.1747572815534,0.0,0.2184466019417476,0.2184466019417476,1.0922330097087378,6.771844660194176,2.8398058252427187,1.966019417475728,3.058252427184466,0.0,0.0,76.8,55.56,0.0,60.0,62.5,51.85,0.0,70.0,0.1627608522263863,0.1134681524801691,0.4368932038834952,1.7475728155339807,0.0496091424757281,0.6553398058252428,1.7475728155339807,2.8398058252427187,0.04786088592233,9.611650485436892,CM/AM,10,11,11,20,10,6,13,10,22,43,2,9,45,42,30,2,42,8,51,52,54,58,55,48,49,22,78,11,81,98,68,6,68,22,14,24,14,18,12,9,12,2,12,16,11,34,52,26,6,13,26,58,82,2,20,88,86,100,2,58,16,92,96,96,98,100,48,49,22,78,11,81,98,68,6,68,52,42,54,50,48,32,30,38,2,22,Eliteserien
HamKam,crlocdyqyb1fdhck54qxs65rl,424bbibjsasfjrkjoa0jfkhk9,L. Mares,Luc Mares,29.0,Defender,Netherlands,Defender,197.0,0.0,189.0,24.0,386.0,7.0,0.0,1.0,5.0,1.0,4.0,1.0,3.0,4.0,30.0,28.0,0.0,13.0,957.0,1.0,5.0,5.0,2.0,7.0,0.0,0.0,89.77,68.57,0.0,66.67,20.0,49.18,46.67,43.75,0.3679970596623896,0.0422040629608912,3.0,19.0,0.36248546,4.0,37.0,41.0,0.6611262800000001,223.0,18.52664576802508,0.0,17.774294670846395,2.2570532915360504,36.30094043887148,0.658307210031348,0.0,0.0940438871473354,0.4702194357366771,0.0940438871473354,0.3761755485893417,0.0940438871473354,0.2821316614420063,0.3761755485893417,2.8213166144200628,2.633228840125392,0.0,1.2225705329153609,0.0940438871473354,0.4702194357366771,0.4702194357366771,0.1880877742946708,0.658307210031348,0.0,0.0,89.77,68.57,0.0,66.67,20.0,49.18,46.67,43.75,0.034607873949441,0.003969034134253,0.2821316614420063,1.786833855799373,0.0340895416927899,0.3761755485893417,3.479623824451411,3.8557993730407527,0.0621748852664576,20.9717868338558,CB,39,34,48,46,49,11,39,25,48,17,94,43,50,62,33,33,38,67,49,29,42,59,42,39,51,83,98,34,74,52,16,13,5,33,21,94,74,67,51,49,52,34,43,15,34,34,34,15,2,39,20,42,15,92,40,49,56,7,11,38,69,48,16,34,56,33,39,51,83,98,34,74,52,16,13,5,23,23,93,67,56,46,38,36,13,16,Eliteserien
HamKam,crlocdyqyb1fdhck54qxs65rl,4h81pdvo5q7irq2sps46qr5ec,D. Benjamin,David Benjamin,18.0,Attacker,Nigeria,Striker,17.0,2.0,25.0,2.0,40.0,1.0,1.0,5.0,5.0,3.0,2.0,0.0,6.0,9.0,7.0,2.0,0.0,0.0,317.0,2.0,17.0,2.0,1.0,0.0,0.0,0.0,80.0,100.0,66.67,16.67,40.0,21.21,16.67,0.0,0.367027712872239,0.4929871357796135,2.0,3.0,0.15157308,0.0,1.0,0.0,0.69765577,12.0,4.826498422712934,0.5678233438485805,7.097791798107256,0.5678233438485805,11.35646687697161,0.2839116719242902,0.2839116719242902,1.4195583596214512,1.4195583596214512,0.8517350157728707,0.5678233438485805,0.0,1.7034700315457414,2.555205047318612,1.987381703470032,0.5678233438485805,0.0,0.0,0.5678233438485805,4.826498422712934,0.5678233438485805,0.2839116719242902,0.0,0.0,0.0,80.0,100.0,66.67,16.67,40.0,21.21,16.67,0.0,0.1042034516041057,0.1399648019563571,0.5678233438485805,0.8517350157728707,0.0430333665615142,0.0,0.2839116719242902,0.0,0.198072616088328,3.406940063091483,ST,8,71,9,33,8,5,53,24,9,6,22,5,18,28,4,5,8,13,10,15,4,10,4,49,50,87,96,88,8,50,5,10,4,5,38,23,18,21,8,6,3,62,8,54,85,26,73,33,10,85,79,15,8,67,5,51,79,5,28,8,13,18,54,8,18,4,49,50,87,96,88,8,50,5,10,4,5,90,59,44,56,8,13,3,95,26,Eliteserien
HamKam,crlocdyqyb1fdhck54qxs65rl,5yhieehol1p5crvzjd55ac8wk,A. Potur,Aksel Potur,24.0,Midfielder,Türkiye,Midfielder,155.0,11.0,291.0,17.0,435.0,8.0,1.0,20.0,22.0,19.0,3.0,6.0,51.0,55.0,115.0,17.0,4.0,7.0,1418.0,12.0,55.0,62.0,26.0,16.0,0.0,0.0,85.8,65.38,35.48,50.98,54.55,52.27,47.06,80.0,2.1751794470717867,1.85210025501951,10.0,65.0,1.9835590499999995,25.0,25.0,34.0,2.1795713,150.0,9.837799717912551,0.698166431593794,18.469675599435824,1.078984485190409,27.609308885754583,0.5077574047954866,0.0634696755994358,1.2693935119887163,1.396332863187588,1.2059238363892806,0.1904090267983074,0.3808180535966149,3.2369534555712267,3.49083215796897,7.299012693935119,1.078984485190409,0.2538787023977433,0.4442877291960507,0.7616361071932298,3.49083215796897,3.935119887165021,1.650211565585331,1.0155148095909732,0.0,0.0,85.8,65.38,35.48,50.98,54.55,52.27,47.06,80.0,0.1380579338762065,0.1175522023637206,0.6346967559943583,4.125528913963328,0.125895849435825,1.5867418899858956,1.5867418899858956,2.157968970380818,0.1383366833568406,9.520451339915374,CM/AM,76,76,74,74,74,51,40,70,68,80,35,66,96,96,98,64,79,45,89,76,100,97,65,48,49,84,86,80,64,96,70,60,95,66,68,85,96,96,92,49,53,78,58,50,66,54,48,50,42,30,40,38,66,14,42,86,90,90,44,68,26,68,58,100,92,40,48,49,84,86,80,64,96,70,60,95,42,46,76,94,96,86,24,24,50,20,Eliteserien
HamKam,crlocdyqyb1fdhck54qxs65rl,6r0yq4i1lk788h1euk5ztec5,V. Jónsson,Vidar Ari Jónsson,32.0,Midfielder,Iceland,Midfielder,133.0,10.0,152.0,14.0,275.0,10.0,2.0,9.0,9.0,6.0,3.0,4.0,13.0,14.0,53.0,30.0,0.0,11.0,1066.0,3.0,30.0,8.0,8.0,15.0,0.0,0.0,76.18,33.33,22.73,61.54,33.33,49.07,66.67,55.56,0.8281046530387409,1.1101559617595194,3.0,15.0,0.3648323799999999,13.0,13.0,20.0,1.8859475000000017,90.0,11.22889305816135,0.8442776735459662,12.833020637898686,1.1819887429643527,23.21763602251407,0.8442776735459662,0.1688555347091932,0.7598499061913696,0.7598499061913696,0.5065666041275797,0.2532833020637898,0.3377110694183864,1.097560975609756,1.1819887429643527,4.47467166979362,2.5328330206378986,0.0,0.9287054409005628,0.2532833020637898,2.5328330206378986,0.6754221388367729,0.6754221388367729,1.2664165103189493,0.0,0.0,76.18,33.33,22.73,61.54,33.33,49.07,66.67,55.56,0.0699150269920137,0.0937279892667511,0.2532833020637898,1.2664165103189493,0.0308019833020637,1.097560975609756,1.097560975609756,1.6885553470919323,0.1592263367729832,7.598499061913696,RM/RCM,83,71,42,50,58,75,50,42,29,29,33,62,29,33,50,100,12,92,21,42,25,42,71,50,50,50,21,58,100,17,58,100,33,33,42,25,33,33,67,50,50,58,58,100,75,17,67,50,75,33,17,8,8,33,42,8,8,33,100,12,83,8,17,17,25,83,50,50,50,21,58,100,17,58,100,33,8,17,17,25,25,67,33,17,42,25,Eliteserien
HamKam,crlocdyqyb1fdhck54qxs65rl,6ygixtbzlkjotkxlq3ns1teqx,H. Udahl,Henrik Udahl,29.0,Attacker,Norway,Striker,70.0,1.0,75.0,4.0,144.0,24.0,0.0,12.0,35.0,29.0,6.0,7.0,23.0,23.0,65.0,13.0,5.0,4.0,1283.0,13.0,72.0,21.0,9.0,7.0,0.0,0.0,69.9,36.36,10.0,39.13,37.14,41.4,40.68,63.64,4.59531156580182,0.8491275903272767,8.0,9.0,0.2284362899999999,6.0,5.0,14.0,0.60317148,37.0,4.910366328916601,0.0701480904130943,5.261106780982073,0.2805923616523772,10.10132501948558,1.683554169914263,0.0,0.8417770849571317,2.4551831644583006,2.034294621979735,0.4208885424785658,0.4910366328916601,1.613406079501169,1.613406079501169,4.55962587685113,0.911925175370226,0.3507404520654715,0.2805923616523772,0.911925175370226,5.05066250974279,1.4731098986749804,0.6313328137178488,0.4910366328916601,0.0,0.0,69.9,36.36,10.0,39.13,37.14,41.4,40.68,63.64,0.322352331194204,0.0595646789785307,0.5611847233047544,0.6313328137178488,0.0160243695245518,0.4208885424785658,0.3507404520654715,0.9820732657833204,0.0423113275136399,2.595479345284489,ST,74,50,40,56,54,71,17,65,78,79,68,63,68,64,77,74,69,64,72,81,77,59,59,49,50,38,36,41,51,41,51,59,55,79,56,71,42,28,68,31,62,56,31,56,46,8,33,18,54,17,44,56,56,44,41,46,44,51,51,59,46,49,67,77,54,44,49,50,38,36,41,51,41,51,59,55,67,33,56,26,13,49,15,46,26,10,Eliteserien
HamKam,crlocdyqyb1fdhck54qxs65rl,7hevgs3yo3fnxvingc7zzgpw4,M. Gjone,Martin Gjone,21.0,Defender,Norway,Defender,487.0,12.0,351.0,58.0,826.0,33.0,3.0,16.0,17.0,14.0,3.0,2.0,5.0,5.0,56.0,70.0,3.0,26.0,1436.0,7.0,26.0,7.0,3.0,9.0,0.0,0.0,83.86,38.93,38.71,60.0,41.18,47.06,47.83,60.0,2.031055716182278,1.7006040071081137,4.0,27.0,0.5811384199999999,22.0,91.0,109.0,3.095109719999998,411.0,30.52228412256268,0.7520891364902507,21.99860724233984,3.635097493036212,51.768802228412255,2.0682451253481893,0.1880222841225626,1.0027855153203342,1.065459610027855,0.8774373259052924,0.1880222841225626,0.1253481894150417,0.3133704735376044,0.3133704735376044,3.5097493036211698,4.387186629526463,0.1880222841225626,1.6295264623955432,0.4387186629526462,1.6295264623955432,0.4387186629526462,0.1880222841225626,0.564066852367688,0.0,0.0,83.86,38.93,38.71,60.0,41.18,47.06,47.83,60.0,0.1272945783122597,0.1065838166014834,0.2506963788300835,1.692200557103064,0.036422324373259,1.3788300835654597,5.703342618384401,6.8314763231197775,0.1939831997214483,25.759052924791085,RB/RCB,95,81,86,86,95,90,95,76,88,90,52,31,33,33,43,90,90,100,81,57,29,43,12,36,52,71,57,76,90,79,14,43,10,90,76,67,64,62,83,86,90,86,95,95,67,67,86,90,71,95,62,81,86,33,24,14,14,19,71,86,90,81,48,19,29,5,36,52,71,57,76,90,79,14,43,10,81,67,62,62,38,76,86,90,76,86,Eliteserien
HamKam,crlocdyqyb1fdhck54qxs65rl,8nmrvwyosqdqwyqowvdqvahh,F. Sjølstad,Fredrik Sjølstad,32.0,Defender,Norway,Defender,564.0,0.0,312.0,44.0,876.0,29.0,0.0,1.0,3.0,2.0,1.0,1.0,2.0,2.0,48.0,87.0,0.0,13.0,1335.0,0.0,5.0,4.0,1.0,8.0,0.0,0.0,91.54,50.0,0.0,50.0,0.0,57.83,58.0,57.14,0.2336689105586722,0.1452684460526155,1.0,10.0,0.18624544,2.0,63.0,62.0,1.6594577600000011,611.0,38.02247191011236,0.0,21.033707865168537,2.9662921348314604,59.056179775280896,1.9550561797752808,0.0,0.0674157303370786,0.2022471910112359,0.1348314606741573,0.0674157303370786,0.0674157303370786,0.1348314606741573,0.1348314606741573,3.235955056179775,5.865168539325842,0.0,0.8764044943820224,0.0,0.3370786516853932,0.2696629213483146,0.0674157303370786,0.5393258426966292,0.0,0.0,91.54,50.0,0.0,50.0,0.0,57.83,58.0,57.14,0.0157529602623823,0.0097933783855695,0.0674157303370786,0.6741573033707865,0.0125558723595505,0.1348314606741573,4.247191011235955,4.179775280898876,0.1118735568539326,41.19101123595505,CB,87,34,70,75,82,68,39,25,32,31,58,43,34,34,53,77,38,67,19,29,34,36,48,39,51,90,67,34,55,19,48,49,28,23,43,66,52,43,27,70,67,70,87,82,34,54,59,74,38,39,18,15,18,51,34,30,28,15,59,38,31,19,10,7,33,23,39,51,90,67,34,55,19,48,49,28,11,31,61,25,23,16,51,44,57,82,Eliteserien
HamKam,crlocdyqyb1fdhck54qxs65rl,a6t9wtvm00eod9g3ovv60o7x0,E. Amundsen-Day,Ethan Amundsen-Day,21.0,Defender,Norway,Defender,562.0,6.0,425.0,70.0,981.0,35.0,0.0,5.0,9.0,6.0,3.0,3.0,7.0,7.0,63.0,85.0,1.0,31.0,1698.0,3.0,20.0,7.0,2.0,14.0,1.0,0.0,84.13,38.67,40.0,28.57,33.33,47.01,44.87,73.68,1.864964208882126,0.3390084910030423,3.0,36.0,0.7841899999999997,12.0,87.0,108.0,2.54642558,507.0,29.78798586572438,0.3180212014134275,22.52650176678445,3.710247349823321,51.996466431095406,1.8551236749116609,0.0,0.2650176678445229,0.4770318021201413,0.3180212014134275,0.1590106007067137,0.1590106007067137,0.3710247349823321,0.3710247349823321,3.339222614840989,4.5053003533568905,0.0530035335689045,1.6431095406360423,0.1590106007067137,1.060070671378092,0.3710247349823321,0.1060070671378091,0.7420494699646643,0.0530035335689045,0.0,84.13,38.67,40.0,28.57,33.33,47.01,44.87,73.68,0.0988496930502893,0.0179686479330234,0.1590106007067137,1.9081272084805647,0.0415648409893992,0.6360424028268551,4.6113074204947,5.724381625441696,0.1349695537102473,26.872791519434628,LB/LCB,100,46,83,100,100,96,28,24,57,59,50,59,28,28,65,96,67,100,54,52,37,24,59,85,50,83,57,91,17,65,17,39,80,87,9,63,65,57,43,87,96,78,100,100,22,52,96,87,78,28,13,35,48,35,52,9,9,4,87,57,100,39,30,22,9,9,78,50,83,57,91,17,65,17,39,80,65,9,35,39,35,17,65,70,26,91,Eliteserien
HamKam,crlocdyqyb1fdhck54qxs65rl,bww0h67l7g6o9syrkp12s7pih,P. Metcalfe,Patrick Metcalfe,27.0,Midfielder,Canada,Midfielder,204.0,18.0,297.0,17.0,483.0,14.0,5.0,20.0,8.0,4.0,4.0,0.0,8.0,8.0,54.0,31.0,1.0,15.0,1303.0,3.0,16.0,11.0,5.0,17.0,0.0,0.0,84.89,38.64,28.57,62.5,37.5,60.67,50.0,68.0,0.5216512883726722,2.4185889462834806,4.0,25.0,0.66433009,13.0,46.0,51.0,2.0359309800000007,216.0,14.090560245587106,1.2432847275518035,20.51419800460476,1.1742133537989254,33.36147352264006,0.9669992325402916,0.3453568687643898,1.3814274750575597,0.5525709900230238,0.2762854950115119,0.2762854950115119,0.0,0.5525709900230238,0.5525709900230238,3.7298541826554095,2.141212586339217,0.0690713737528779,1.0360706062931695,0.2072141212586339,1.1051419800460476,0.7597851112816577,0.3453568687643898,1.1742133537989254,0.0,0.0,84.89,38.64,28.57,62.5,37.5,60.67,50.0,68.0,0.0360311711078591,0.1670552610633256,0.2762854950115119,1.7267843438219492,0.045886191941673,0.8979278587874137,3.1772831926323866,3.5226400613967765,0.1406245496546432,14.91941673062164,CM/AM,86,82,76,74,79,76,93,70,22,21,50,3,16,16,46,94,42,86,30,27,45,28,68,48,49,76,26,56,84,58,96,70,64,12,82,54,64,60,71,76,78,74,78,82,74,66,62,74,64,92,46,8,10,26,3,6,6,18,86,40,80,16,14,22,14,56,48,49,76,26,56,84,58,96,70,64,6,74,32,46,40,50,68,64,54,70,Eliteserien
HamKam,crlocdyqyb1fdhck54qxs65rl,ckwgkqxv6u28byqau4rz47efp,A. Trondsen,Anders Trondsen,31.0,Midfielder,Norway,Midfielder,132.0,2.0,165.0,13.0,295.0,11.0,0.0,2.0,5.0,2.0,3.0,1.0,10.0,10.0,37.0,8.0,1.0,11.0,689.0,2.0,4.0,12.0,5.0,8.0,0.0,1.0,87.02,48.15,11.11,50.0,40.0,51.39,73.33,88.89,0.3804372129354987,0.0728058484359048,1.0,16.0,0.3439637299999999,7.0,20.0,28.0,0.5413866400000003,132.0,17.242380261248186,0.2612481857764877,21.55297532656023,1.6981132075471697,38.53410740203193,1.436865021770682,0.0,0.2612481857764877,0.6531204644412192,0.2612481857764877,0.3918722786647314,0.1306240928882438,1.3062409288824384,1.3062409288824384,4.833091436865022,1.0449927431059507,0.1306240928882438,1.436865021770682,0.2612481857764877,0.5224963715529753,1.5674891146589258,0.6531204644412192,1.0449927431059507,0.0,0.1306240928882438,87.02,48.15,11.11,50.0,40.0,51.39,73.33,88.89,0.0496942658406311,0.009510197908899,0.1306240928882438,2.0899854862119014,0.0449299502177068,0.9143686502177067,2.6124818577648767,3.657474600870827,0.0707181387518142,17.242380261248186,DM/CM,36,55,30,41,32,57,25,20,27,34,32,23,46,45,43,9,66,41,41,18,62,50,27,46,98,71,50,36,70,82,32,93,100,25,14,21,50,54,46,18,36,18,32,43,61,46,43,46,64,25,18,32,39,36,25,61,61,54,11,86,64,50,21,86,71,50,46,100,71,50,36,70,82,32,93,100,32,14,21,79,75,71,14,46,18,43,Eliteserien
HamKam,crlocdyqyb1fdhck54qxs65rl,d11kfigxyuf6beacw9fgsos89,M. Ofkir,Mohamed Ofkir,30.0,Midfielder,Norway,Midfielder,27.0,2.0,78.0,2.0,103.0,7.0,2.0,8.0,13.0,7.0,6.0,2.0,19.0,20.0,25.0,6.0,3.0,1.0,429.0,5.0,21.0,4.0,9.0,5.0,0.0,0.0,74.1,40.0,11.11,47.37,38.46,40.32,50.0,100.0,1.636975063468684,0.8203854725423406,5.0,4.0,0.08756682,4.0,11.0,14.0,0.88628853,50.0,5.664335664335664,0.4195804195804196,16.363636363636363,0.4195804195804196,21.60839160839161,1.4685314685314683,0.4195804195804196,1.6783216783216783,2.7272727272727275,1.4685314685314683,1.2587412587412588,0.4195804195804196,3.986013986013986,4.195804195804196,5.244755244755245,1.2587412587412588,0.6293706293706294,0.2097902097902098,1.048951048951049,4.405594405594406,0.8391608391608392,1.888111888111888,1.048951048951049,0.0,0.0,74.1,40.0,11.11,47.37,38.46,40.32,50.0,100.0,0.3434213419864372,0.172108840393498,1.048951048951049,0.8391608391608392,0.0183706615384615,0.8391608391608392,2.307692307692308,2.937062937062937,0.1859346566433566,10.48951048951049,RM/RCM,29,33,33,21,33,58,50,33,42,42,67,29,50,54,25,50,54,12,50,33,17,54,38,50,50,33,46,17,62,42,25,83,100,42,33,58,17,17,25,42,42,33,33,50,33,50,25,42,83,92,58,92,83,92,67,92,92,58,75,100,17,83,58,33,92,50,50,50,33,46,17,62,42,25,83,100,100,50,75,17,17,33,58,50,58,67,Eliteserien
HamKam,crlocdyqyb1fdhck54qxs65rl,d9d7ec57xuvrsby6xd45v50r8,W. Osnes-Ringen,William Osnes-Ringen,19.0,Midfielder,Norway,Midfielder,75.0,1.0,86.0,7.0,160.0,0.0,0.0,5.0,5.0,3.0,2.0,1.0,13.0,14.0,30.0,1.0,0.0,6.0,439.0,2.0,16.0,8.0,7.0,11.0,0.0,0.0,86.02,46.67,14.29,53.85,40.0,43.48,0.0,73.33,0.4147871111354509,0.2069050427140203,3.0,3.0,0.08191181,2.0,14.0,12.0,0.3363385299999998,63.0,15.375854214123006,0.20501138952164,17.630979498861045,1.4350797266514803,32.80182232346241,0.0,0.0,1.0250569476082003,1.0250569476082003,0.6150341685649202,0.4100227790432801,0.20501138952164,2.665148063781321,2.870159453302961,6.150341685649202,0.20501138952164,0.0,1.2300683371298404,0.4100227790432801,3.2801822323462413,1.6400911161731206,1.4350797266514803,2.2551252847380407,0.0,0.0,86.02,46.67,14.29,53.85,40.0,43.48,0.0,73.33,0.0850360820095457,0.0424178903058355,0.6150341685649202,0.6150341685649202,0.0167928539863325,0.4100227790432801,2.870159453302961,2.460136674259681,0.0689532293849657,12.915717539863325,CM/AM,36,26,18,39,18,6,13,10,9,12,22,9,37,39,18,5,15,39,20,27,24,45,45,48,49,88,51,26,72,62,30,6,83,6,4,42,2,2,4,22,10,6,21,90,32,50,76,70,6,13,20,18,26,52,16,78,78,76,6,15,90,40,56,74,84,90,48,49,88,51,26,72,62,30,6,83,18,6,74,2,4,8,62,30,16,54,Eliteserien
HamKam,crlocdyqyb1fdhck54qxs65rl,dxmgpouxmhnss0ggxm6yqgo9,L. Mettler,Loris Mettler,27.0,Midfielder,Switzerland,Midfielder,77.0,8.0,83.0,7.0,152.0,2.0,2.0,8.0,8.0,6.0,2.0,2.0,6.0,7.0,13.0,7.0,1.0,3.0,468.0,4.0,11.0,3.0,4.0,2.0,0.0,0.0,78.76,53.85,40.0,66.67,50.0,39.39,33.33,50.0,0.7422992630891626,0.9849677664875822,1.0,9.0,0.22150549,8.0,10.0,15.0,1.4269617399999996,54.0,14.807692307692308,1.5384615384615383,15.961538461538462,1.346153846153846,29.23076923076923,0.3846153846153846,0.3846153846153846,1.5384615384615383,1.5384615384615383,1.1538461538461535,0.3846153846153846,0.3846153846153846,1.1538461538461535,1.346153846153846,2.5,1.346153846153846,0.1923076923076923,0.5769230769230769,0.7692307692307692,2.1153846153846154,0.5769230769230769,0.7692307692307692,0.3846153846153846,0.0,0.0,78.76,53.85,40.0,66.67,50.0,39.39,33.33,50.0,0.1427498582863774,0.1894168781706889,0.1923076923076923,1.7307692307692306,0.0425972096153846,1.5384615384615383,1.923076923076923,2.8846153846153846,0.2744157192307691,10.384615384615383,CM/AM,40,66,14,39,16,18,64,19,22,37,22,19,10,13,8,22,42,24,41,15,8,20,3,48,49,36,74,88,89,88,18,29,16,18,32,10,17,16,46,13,20,52,14,86,90,40,70,52,28,98,64,42,60,44,44,28,34,6,60,52,34,70,24,12,52,10,48,49,36,74,88,89,88,18,29,16,46,80,22,48,36,82,40,42,96,36,Eliteserien
Start,8njda6ajphczdxo54e348l5ua,18uoymrix8qe9jm1wxzgz1oet,E. Schulze,Eirik Schulze,33.0,Midfielder,Norway,Midfielder,58.0,1.0,135.0,21.0,192.0,60.0,3.0,18.0,32.0,24.0,8.0,9.0,4.0,4.0,86.0,22.0,1.0,9.0,938.0,9.0,52.0,10.0,3.0,8.0,0.0,0.0,62.75,43.75,10.0,75.0,28.12,55.48,60.0,61.54,3.403784130315673,1.5134376638619962,8.0,17.0,0.7532786899999999,5.0,19.0,28.0,1.54127096,102.0,5.565031982942431,0.0959488272921108,12.953091684434968,2.014925373134328,18.422174840085287,5.756929637526652,0.2878464818763326,1.7270788912579955,3.070362473347548,2.302771855010661,0.767590618336887,0.8635394456289979,0.3837953091684435,0.3837953091684435,8.251599147121535,2.11087420042644,0.0959488272921108,0.8635394456289979,0.8635394456289979,4.9893390191897655,0.9594882729211088,0.2878464818763326,0.767590618336887,0.0,0.0,62.75,43.75,10.0,75.0,28.12,55.48,60.0,61.54,0.3265890956592863,0.1452125690272704,0.767590618336887,1.6311300639658848,0.0722762069296375,0.4797441364605543,1.8230277185501065,2.686567164179104,0.1478831411513859,9.786780383795309,CM/AM,20,26,26,80,28,100,77,61,82,88,74,82,6,5,84,79,42,65,75,72,39,12,36,48,49,2,40,22,98,44,84,93,40,84,58,75,51,68,24,40,43,62,42,18,24,14,86,14,100,82,74,100,94,74,86,4,4,96,84,44,66,78,84,36,10,28,48,49,2,40,22,98,44,84,93,40,98,62,86,36,78,12,36,36,60,24,Eliteserien
Start,8njda6ajphczdxo54e348l5ua,2dx94phqrljak98vkh5rywxrd,K. Tønnessen,Kristoffer Tønnessen,28.0,Defender,Norway,Defender,92.0,4.0,93.0,25.0,181.0,5.0,0.0,5.0,0.0,0.0,0.0,0.0,3.0,3.0,12.0,20.0,0.0,8.0,444.0,0.0,2.0,2.0,3.0,1.0,0.0,0.0,79.39,53.19,22.22,100.0,0.0,44.44,38.46,50.0,0.0,0.6158523860026084,0.0,7.0,0.13593247,0.0,24.0,29.0,0.6562784699999998,99.0,18.64864864864865,0.8108108108108107,18.85135135135135,5.067567567567568,36.68918918918919,1.0135135135135134,0.0,1.0135135135135134,0.0,0.0,0.0,0.0,0.6081081081081081,0.6081081081081081,2.4324324324324325,4.0540540540540535,0.0,1.6216216216216215,0.0,0.4054054054054054,0.4054054054054054,0.6081081081081081,0.2027027027027027,0.0,0.0,79.39,53.19,22.22,100.0,0.0,44.44,38.46,50.0,0.0,0.1248349431086368,0.0,1.4189189189189189,0.027553879054054,0.0,4.864864864864865,5.878378378378378,0.1330294195945945,20.067567567567565,CB,11,93,21,50,10,6,39,78,3,6,25,14,50,49,8,16,38,39,19,8,10,75,5,39,51,8,82,74,93,19,7,3,11,2,87,28,33,33,5,30,39,33,11,16,95,39,93,16,10,39,95,3,6,25,14,69,69,3,30,38,89,19,13,21,89,3,39,51,8,82,74,93,19,7,3,11,2,98,28,56,48,5,64,75,70,13,Eliteserien
Start,8njda6ajphczdxo54e348l5ua,3mxuqj67mk1tidu88dtxncoa1,M. Ugland,Mikael Ugland,26.0,Midfielder,Norway,Midfielder,212.0,17.0,269.0,23.0,464.0,12.0,1.0,17.0,16.0,4.0,12.0,3.0,25.0,28.0,96.0,35.0,0.0,27.0,1289.0,4.0,11.0,25.0,15.0,29.0,0.0,0.0,83.91,35.94,33.33,60.0,25.0,58.18,60.0,65.91,1.0000106250464167,1.4891092572496878,10.0,14.0,0.3669289199999999,7.0,41.0,46.0,1.5357287000000002,191.0,14.802172226532194,1.186966640806827,18.78200155159038,1.6058960434445306,32.397207137315746,0.8378588052754072,0.0698215671062839,1.186966640806827,1.117145073700543,0.2792862684251357,0.8378588052754072,0.2094647013188518,1.7455391776570983,1.9550038789759503,6.702870442203258,2.4437548487199376,0.0,1.8851823118696664,0.2792862684251357,0.7680372381691233,1.7455391776570983,1.047323506594259,2.024825446082234,0.0,0.0,83.91,35.94,33.33,60.0,25.0,58.18,60.0,65.91,0.0698223089636753,0.1039719419336477,0.6982156710628393,0.9775019394879751,0.0256195522110162,0.4887509697439876,2.8626842513576416,3.2117920868890613,0.1072269844840962,13.335919317300233,CM/AM,88,80,70,82,76,68,40,58,49,21,85,34,72,76,90,96,15,99,41,15,90,86,98,48,49,70,18,70,81,29,94,93,52,36,56,85,37,34,38,71,71,58,70,84,70,58,82,66,60,32,34,24,12,80,18,46,54,84,90,15,96,28,4,82,66,88,48,49,70,18,70,81,29,94,93,52,14,36,84,10,10,14,60,52,44,56,Eliteserien
Start,8njda6ajphczdxo54e348l5ua,48wvdjjo0z1j2bac42n9t5jv9,H. Lorentzen,Håkon Lorentzen,29.0,Attacker,Norway,Striker,116.0,1.0,192.0,8.0,307.0,33.0,3.0,20.0,30.0,24.0,6.0,7.0,16.0,20.0,70.0,3.0,3.0,4.0,1322.0,10.0,62.0,17.0,8.0,9.0,0.0,0.0,71.06,34.78,11.11,50.0,33.33,43.48,39.76,60.0,3.2622991415486817,1.6710994152741363,6.0,14.0,0.39837243,9.0,24.0,37.0,1.28341722,127.0,7.89712556732224,0.0680786686838124,13.071104387291982,0.5446293494704992,20.90015128593041,2.2465960665658096,0.2042360060514372,1.361573373676248,2.042360060514372,1.6338880484114977,0.4084720121028744,0.4765506807866869,1.0892586989409985,1.361573373676248,4.765506807866869,0.2042360060514372,0.2042360060514372,0.2723146747352496,0.680786686838124,4.2208774583963695,1.1573373676248109,0.5446293494704992,0.6127080181543116,0.0,0.0,71.06,34.78,11.11,50.0,33.33,43.48,39.76,60.0,0.2220929824049783,0.1137662234301605,0.4084720121028744,0.9531013615733738,0.0271206646747352,0.6127080181543116,1.6338880484114977,2.518910741301059,0.0873733357034795,8.645990922844176,ST,90,50,90,81,90,85,92,95,69,72,68,63,51,59,82,12,51,64,55,71,69,55,72,49,50,41,33,44,79,28,67,51,46,64,95,59,63,46,81,91,90,90,85,90,44,79,67,79,67,79,74,36,46,41,33,23,33,56,3,28,44,31,41,41,36,67,49,50,41,33,44,79,28,67,51,46,36,77,36,49,28,64,79,85,72,79,Eliteserien
Start,8njda6ajphczdxo54e348l5ua,72942eqlm9cvooy2phvl1pzpw,D. Dasjajev,Deni Dasjajev,21.0,Defender,Norway,Defender,21.0,14.0,52.0,5.0,59.0,4.0,0.0,13.0,7.0,5.0,2.0,0.0,8.0,10.0,20.0,7.0,1.0,0.0,303.0,5.0,18.0,5.0,3.0,5.0,0.0,0.0,69.41,27.78,45.16,37.5,71.43,44.44,44.44,62.5,0.531144913194208,1.6656546284121645,3.0,10.0,0.3396548100000001,6.0,4.0,4.0,0.99650374,13.0,6.237623762376238,4.158415841584159,15.445544554455443,1.4851485148514851,17.524752475247524,1.188118811881188,0.0,3.861386138613861,2.07920792079208,1.4851485148514851,0.594059405940594,0.0,2.376237623762376,2.9702970297029703,5.9405940594059405,2.07920792079208,0.297029702970297,0.0,1.4851485148514851,5.346534653465347,1.4851485148514851,0.8910891089108911,1.4851485148514851,0.0,0.0,69.41,27.78,45.16,37.5,71.43,44.44,44.44,62.5,0.1577658158002598,0.4947488995283657,0.8910891089108911,2.9702970297029703,0.1008875673267327,1.7821782178217822,1.188118811881188,1.188118811881188,0.2959912099009901,3.861386138613861,LB/LCB,4,74,4,9,4,20,28,65,43,52,35,15,37,43,9,4,67,4,78,48,28,39,7,37,50,4,13,96,39,96,13,30,43,48,70,63,20,30,17,4,4,13,4,4,100,17,22,4,52,28,100,100,100,87,15,87,87,83,22,100,4,100,96,87,65,74,37,50,4,13,96,39,96,13,30,43,96,100,100,70,78,74,4,4,91,4,Eliteserien
Start,8njda6ajphczdxo54e348l5ua,7jxhoujncqpe10z2ogfx094dm,A. Ujkani,Altin Ujkani,26.0,Defender,Norway,Defender,135.0,1.0,77.0,19.0,211.0,12.0,0.0,1.0,2.0,0.0,2.0,0.0,4.0,4.0,28.0,25.0,1.0,3.0,542.0,2.0,1.0,1.0,2.0,5.0,0.0,0.0,77.01,36.54,25.0,50.0,100.0,53.85,57.14,38.46,0.124540169713681,0.1016891454294484,1.0,4.0,0.0908562899999999,3.0,14.0,22.0,0.6475231999999999,107.0,22.416974169741696,0.1660516605166051,12.785977859778598,3.1549815498154983,35.03690036900369,1.992619926199262,0.0,0.1660516605166051,0.3321033210332103,0.0,0.3321033210332103,0.0,0.6642066420664207,0.6642066420664207,4.649446494464945,4.1512915129151295,0.1660516605166051,0.4981549815498155,0.3321033210332103,0.1660516605166051,0.1660516605166051,0.3321033210332103,0.8302583025830258,0.0,0.0,77.01,36.54,25.0,50.0,100.0,53.85,57.14,38.46,0.0206801019819765,0.0168856514550744,0.1660516605166051,0.6642066420664207,0.0150868378228782,0.4981549815498155,2.3247232472324724,3.653136531365314,0.1075223025830258,17.767527675276753,LB/LCB,35,9,13,30,17,57,28,4,17,11,35,15,17,13,17,39,67,15,43,7,7,24,7,37,50,26,52,54,61,100,65,87,4,17,4,24,9,9,9,13,17,4,22,83,13,4,83,26,87,28,4,26,11,48,15,35,26,57,78,78,17,70,4,4,39,22,37,50,26,52,54,61,100,65,87,4,22,4,39,9,9,13,22,35,9,43,Eliteserien
Start,8njda6ajphczdxo54e348l5ua,8gdfn7j6xac9p4jh94hk40jdg,J. Cornelius,Jesper Cornelius,25.0,Attacker,Denmark,Striker,65.0,2.0,133.0,7.0,196.0,46.0,2.0,12.0,53.0,41.0,12.0,11.0,52.0,56.0,99.0,17.0,5.0,12.0,1558.0,16.0,98.0,21.0,16.0,10.0,0.0,0.0,66.22,50.0,18.18,30.77,30.19,39.44,47.42,58.82,5.695865346723894,1.0534086882101823,18.0,19.0,0.58262389,8.0,18.0,16.0,1.1103230500000003,65.0,3.754813863928113,0.1155327342747111,7.682926829268293,0.4043645699614891,11.322207958921696,2.657252888318357,0.1155327342747111,0.693196405648267,3.061617458279846,2.368421052631579,0.693196405648267,0.6354300385109115,3.0038510911424905,3.234916559691913,5.718870346598203,0.982028241335045,0.2888318356867779,0.693196405648267,0.9242618741976896,5.661103979460847,1.2130937098844674,0.9242618741976896,0.5776636713735559,0.0,0.0,66.22,50.0,18.18,30.77,30.19,39.44,47.42,58.82,0.3290294487837936,0.0608515930288295,1.0397946084724006,1.0975609756097562,0.0336560655327342,0.4621309370988447,1.0397946084724006,0.9242618741976896,0.0641393289473684,3.754813863928113,ST,69,71,73,74,69,92,81,65,97,92,97,97,97,97,92,83,69,95,81,95,77,97,78,49,50,26,54,58,26,21,44,79,41,90,72,100,73,64,77,79,76,79,69,28,59,36,54,26,79,54,26,87,82,82,74,85,85,69,59,38,82,54,87,54,77,62,49,50,26,54,58,26,21,44,79,41,69,38,90,59,44,51,62,41,51,36,Eliteserien
Start,8njda6ajphczdxo54e348l5ua,8ho7btmnqcs62fewp8y7dpex,E. Segberg,Erlend Segberg,29.0,Midfielder,Norway,Midfielder,253.0,4.0,308.0,46.0,557.0,35.0,4.0,19.0,15.0,7.0,8.0,2.0,12.0,13.0,89.0,35.0,2.0,23.0,1637.0,6.0,38.0,25.0,5.0,14.0,0.0,0.0,75.37,37.1,28.57,41.67,40.0,54.27,58.33,58.33,1.5380647167168322,1.473523932181347,9.0,12.0,0.28581985,9.0,79.0,81.0,1.8808979500000005,294.0,13.909590714722052,0.2199144777031154,16.933414783139888,2.529016493585828,30.623091020158824,1.92425167990226,0.2199144777031154,1.0445937690897984,0.8246792913866829,0.384850335980452,0.4398289554062309,0.1099572388515577,0.6597434331093464,0.7147220525351252,4.893097128894318,1.92425167990226,0.1099572388515577,1.2645082467929138,0.3298717165546732,2.089187538179597,1.3744654856444716,0.2748930971288943,0.7697006719609041,0.0,0.0,75.37,37.1,28.57,41.67,40.0,54.27,58.33,58.33,0.084560674712593,0.0810123114821754,0.4948075748320097,0.6597434331093464,0.0157139807574832,0.4948075748320097,4.34331093463653,4.453268173488088,0.1034091725717776,16.163714111178987,DM/CM,68,70,71,89,68,96,100,93,70,70,75,38,57,61,91,84,91,86,88,89,93,50,61,46,48,4,14,57,50,82,50,75,43,79,89,84,29,32,64,79,86,79,68,29,54,21,75,25,82,96,86,39,57,46,18,25,29,57,50,79,46,61,79,68,36,18,46,48,4,14,57,50,82,50,75,43,57,79,71,11,11,29,61,64,43,29,Eliteserien
Start,8njda6ajphczdxo54e348l5ua,94fjjy0oesuu30xgkpo7azmxh,S. Griesbeck,Sebastian Griesbeck,35.0,Midfielder,Germany,Midfielder,56.0,0.0,36.0,5.0,92.0,15.0,0.0,0.0,0.0,0.0,0.0,0.0,0.0,0.0,31.0,19.0,0.0,8.0,288.0,0.0,2.0,5.0,0.0,6.0,0.0,0.0,87.62,45.45,0.0,0.0,0.0,63.27,50.0,54.55,0.0,0.0,0.0,0.0,0.0,0.0,0.0,0.0,0.0,0.0,17.5,0.0,11.25,1.5625,28.75,4.6875,0.0,0.0,0.0,0.0,0.0,0.0,0.0,0.0,9.6875,5.9375,0.0,2.5,0.0,0.625,1.5625,0.0,1.875,0.0,0.0,87.62,45.45,0.0,0.0,0.0,63.27,50.0,54.55,0.0,0.0,0.0,0.0,0.0,0.0,0.0,0.0,0.0,0.0,DM/CM,7,18,4,5,4,73,25,7,5,5,7,7,5,5,16,57,25,30,12,7,11,5,11,46,48,82,32,18,5,12,96,61,32,5,7,9,5,5,5,5,5,5,5,54,18,4,36,11,100,25,7,5,5,7,7,5,5,100,100,25,100,12,29,82,5,82,46,48,82,32,18,5,12,96,61,32,5,7,9,5,5,5,5,5,5,5,Eliteserien
Start,8njda6ajphczdxo54e348l5ua,9d4hsr5ipklocdya5wu291ihh,J. Norheim,John Norheim,31.0,Defender,Norway,Defender,230.0,2.0,131.0,34.0,359.0,67.0,0.0,7.0,9.0,8.0,1.0,1.0,1.0,1.0,94.0,79.0,0.0,14.0,1126.0,0.0,37.0,5.0,0.0,14.0,3.0,0.0,74.48,44.74,40.0,0.0,0.0,60.65,63.81,63.64,1.1803792840213283,0.5085058702959965,1.0,14.0,0.6247979899999999,3.0,25.0,34.0,1.08228486,233.0,18.383658969804618,0.1598579040852575,10.47069271758437,2.717584369449378,28.69449378330373,5.355239786856128,0.0,0.5595026642984015,0.719360568383659,0.6394316163410302,0.0799289520426287,0.0799289520426287,0.0799289520426287,0.0799289520426287,7.513321492007105,6.314387211367674,0.0,1.119005328596803,0.0,2.9573712255772646,0.3996447602131439,0.0,1.119005328596803,0.2397868561278863,0.0,74.48,44.74,40.0,0.0,0.0,60.65,63.81,63.64,0.0943464791846532,0.0406443413202839,0.0799289520426287,1.119005328596803,0.0499394485790408,0.2397868561278863,1.99822380106572,2.717584369449378,0.0865058946714031,18.623445825932503,CB,51,83,33,62,44,97,39,89,81,82,58,43,21,20,93,75,38,74,19,98,42,13,80,99,51,3,44,92,13,19,69,69,42,85,82,66,67,87,39,35,47,56,50,13,82,2,54,8,98,39,80,69,72,56,36,16,15,97,77,38,62,19,95,20,13,75,95,51,3,44,92,13,19,69,69,42,70,74,64,43,80,31,8,13,31,10,Eliteserien
Start,8njda6ajphczdxo54e348l5ua,9hg60gdc7h6dwo1qi4c7pc9nt,E. Reitan,Erlend Reitan,29.0,Defender,Norway,Defender,288.0,11.0,263.0,52.0,540.0,27.0,0.0,16.0,14.0,11.0,3.0,3.0,13.0,14.0,80.0,74.0,2.0,10.0,1635.0,5.0,28.0,26.0,6.0,16.0,2.0,0.0,77.7,43.7,31.43,46.15,35.71,61.07,57.45,76.19,1.451803981613974,1.702310156908102,4.0,14.0,0.46845954,4.0,62.0,79.0,2.201924490000001,298.0,15.853211009174313,0.6055045871559632,14.477064220183486,2.862385321100917,29.72477064220184,1.4862385321100915,0.0,0.8807339449541284,0.7706422018348623,0.6055045871559632,0.165137614678899,0.165137614678899,0.7155963302752293,0.7706422018348623,4.403669724770642,4.073394495412844,0.110091743119266,0.5504587155963302,0.2752293577981651,1.5412844036697246,1.4311926605504586,0.3302752293577981,0.8807339449541284,0.110091743119266,0.0,77.7,43.7,31.43,46.15,35.71,61.07,57.45,76.19,0.0799158155016866,0.0937051462518221,0.2201834862385321,0.7706422018348623,0.0257867636697247,0.2201834862385321,3.412844036697248,4.348623853211009,0.1212068526605505,16.40366972477064,RB/RCB,76,74,52,81,71,86,26,76,74,79,52,57,67,67,86,95,74,38,69,62,95,62,40,95,52,29,67,67,52,67,100,81,81,76,81,67,43,48,19,79,76,57,76,48,48,14,71,24,67,26,48,48,62,29,38,52,52,48,67,67,24,52,38,86,48,14,86,52,29,67,67,52,67,100,81,81,62,62,48,10,24,5,52,57,19,38,Eliteserien
Start,8njda6ajphczdxo54e348l5ua,apusqhva0hdbf7zqb3twgeoa2,S. Mvoué,Stève Mvoué,24.0,Midfielder,Cameroon,Midfielder,91.0,4.0,147.0,14.0,234.0,15.0,0.0,8.0,16.0,3.0,13.0,6.0,20.0,21.0,64.0,9.0,2.0,8.0,827.0,2.0,9.0,12.0,13.0,14.0,0.0,0.0,78.79,46.67,50.0,65.0,12.5,52.46,57.69,58.33,1.3753780850604809,0.8130558640704937,11.0,15.0,0.31126702,10.0,38.0,41.0,0.9354408700000004,130.0,9.903264812575577,0.4353083434099153,15.99758162031439,1.523579201934704,25.46553808948005,1.6324062877871828,0.0,0.8706166868198307,1.7412333736396617,0.3264812575574365,1.414752116082225,0.6529625151148731,2.176541717049577,2.285368802902056,6.964933494558646,0.9794437726723096,0.2176541717049576,0.8706166868198307,0.2176541717049576,0.9794437726723096,1.3059250302297465,1.414752116082225,1.523579201934704,0.0,0.0,78.79,46.67,50.0,65.0,12.5,52.46,57.69,58.33,0.1496783889424949,0.088482500322061,1.1970979443772674,1.6324062877871828,0.0338742827085852,1.0882708585247884,4.135429262394196,4.4619105199516325,0.1018013038694075,14.14752116082225,CM/AM,50,46,33,60,40,81,13,19,49,12,88,66,62,63,69,30,60,54,20,9,49,77,55,48,49,38,51,98,86,14,76,86,25,44,26,91,43,24,61,65,65,32,50,52,58,42,78,44,86,13,14,56,16,92,74,70,68,86,32,56,70,20,8,58,82,72,48,49,38,51,98,86,14,76,86,25,48,28,100,38,18,70,80,74,38,60,Eliteserien
Start,8njda6ajphczdxo54e348l5ua,c2pyie18ewq33hdvoaljwkbca,J. Husebø,Jens Husebø,27.0,Defender,Norway,Defender,201.0,0.0,128.0,16.0,329.0,31.0,0.0,0.0,8.0,8.0,0.0,2.0,3.0,3.0,50.0,44.0,0.0,6.0,652.0,1.0,10.0,1.0,2.0,12.0,0.0,0.0,85.23,50.0,0.0,66.67,12.5,73.53,75.61,75.0,0.9777691149920208,0.0,1.0,2.0,0.0440930999999999,1.0,19.0,22.0,0.5099986100000001,233.0,27.745398773006134,0.0,17.66871165644172,2.208588957055215,45.41411042944785,4.279141104294479,0.0,0.0,1.1042944785276074,1.1042944785276074,0.0,0.2760736196319018,0.4141104294478527,0.4141104294478527,6.901840490797546,6.07361963190184,0.0,0.8282208588957055,0.1380368098159509,1.3803680981595092,0.1380368098159509,0.2760736196319018,1.656441717791411,0.0,0.0,85.23,50.0,0.0,66.67,12.5,73.53,75.61,75.0,0.1349681293700642,0.0,0.1380368098159509,0.2760736196319018,0.0060864708588956,0.1380368098159509,2.622699386503068,3.03680981595092,0.0703985811349693,32.16257668711656,CB,41,34,31,36,38,72,39,8,75,82,25,74,50,49,58,50,38,25,49,52,5,59,74,39,51,36,67,34,74,41,98,93,76,79,10,66,7,8,16,21,24,21,50,41,34,31,33,39,93,39,8,92,97,25,82,61,61,90,66,38,25,59,69,5,64,93,39,51,36,67,34,74,41,98,93,76,95,10,80,8,10,18,18,23,20,54,Eliteserien
Start,8njda6ajphczdxo54e348l5ua,eua06snw14g71og6vsy7chgq,O. Diallo,Ousmane Diallo,23.0,Defender,Norway,Defender,162.0,6.0,192.0,21.0,348.0,4.0,0.0,13.0,12.0,5.0,7.0,3.0,39.0,42.0,79.0,33.0,3.0,7.0,1163.0,4.0,20.0,13.0,19.0,30.0,1.0,0.0,77.51,38.18,20.0,48.72,33.33,49.07,26.67,69.77,0.9656448081129104,1.0979411205377194,7.0,31.0,0.9146187999999996,17.0,25.0,26.0,1.09313775,141.0,12.536543422184009,0.4643164230438521,14.858125537403268,1.6251074806534824,26.93035253654342,0.3095442820292347,0.0,1.0060189165950129,0.9286328460877042,0.3869303525365434,0.5417024935511607,0.232158211521926,3.0180567497850386,3.250214961306965,6.113499570077386,2.5537403267411865,0.232158211521926,0.5417024935511607,0.3095442820292347,1.5477214101461736,1.0060189165950129,1.470335339638865,2.3215821152192606,0.0773860705073086,0.0,77.51,38.18,20.0,48.72,33.33,49.07,26.67,69.77,0.0747274572056422,0.0849653489668054,0.5417024935511607,2.398968185726569,0.07077875494411,1.3155631986242475,1.934651762682717,2.0120378331900257,0.0845936349957007,10.911435941530524,RB/RCB,29,57,33,55,29,7,26,57,62,45,93,57,100,98,81,48,90,24,62,43,74,98,90,81,52,24,52,14,62,60,24,5,52,57,52,93,81,86,67,29,21,33,33,14,43,19,43,10,10,26,67,67,38,95,52,100,100,67,29,95,19,62,43,52,100,81,81,52,24,52,14,62,60,24,5,52,43,52,90,81,95,67,10,10,10,10,Eliteserien
KFUM,4q0b35m26thti4c2on9a3npk0,172cxj9mocjk4cor42kjka3mx,E. Saunes,Eirik Saunes,27.0,Defender,Norway,Defender,388.0,2.0,379.0,62.0,765.0,31.0,0.0,9.0,4.0,2.0,2.0,1.0,9.0,9.0,90.0,90.0,0.0,25.0,1451.0,2.0,11.0,11.0,7.0,27.0,1.0,0.0,80.02,41.06,22.22,77.78,50.0,55.9,43.66,64.29,0.2250927516368658,0.6104384734766741,2.0,17.0,0.3637860999999999,13.0,98.0,102.0,1.9732692300000017,424.0,24.06616126809097,0.124052377670572,23.507925568573395,3.845623707787732,47.45003445899379,1.922811853893866,0.0,0.558235699517574,0.248104755341144,0.124052377670572,0.124052377670572,0.062026188835286,0.558235699517574,0.558235699517574,5.582356995175741,5.582356995175741,0.0,1.5506547208821502,0.124052377670572,0.6822880771881461,0.6822880771881461,0.434183321847002,1.6747070985527222,0.062026188835286,0.0,80.02,41.06,22.22,77.78,50.0,55.9,43.66,64.29,0.0139616455184823,0.0378631720281879,0.124052377670572,1.054445210199862,0.0225642653342522,0.8063404548587181,6.078566505858029,6.326671261199173,0.1223943698828395,26.299104066161267,LB/LCB,91,17,70,96,87,91,28,43,24,39,35,39,46,37,100,100,26,96,43,28,54,57,91,85,50,39,70,26,100,83,83,26,57,22,35,41,41,35,57,98,91,57,91,87,9,61,100,74,83,28,26,17,35,26,30,17,13,78,100,26,91,35,22,43,52,78,83,50,39,70,26,100,83,83,26,57,13,22,26,26,26,35,83,74,13,83,Eliteserien
KFUM,4q0b35m26thti4c2on9a3npk0,2dgff1agcaa5ohb0f4wn64ay2,H. Hoseth,Håkon Hoseth,27.0,Defender,Norway,Defender,139.0,2.0,161.0,17.0,298.0,18.0,2.0,12.0,17.0,12.0,5.0,2.0,12.0,13.0,60.0,29.0,3.0,11.0,1270.0,8.0,23.0,4.0,3.0,25.0,0.0,0.0,74.5,38.64,16.67,25.0,47.06,41.1,37.5,71.43,1.5502880743800704,0.695424953511376,4.0,20.0,0.62040307,5.0,16.0,19.0,0.7352880700000003,91.0,9.850393700787402,0.1417322834645669,11.40944881889764,1.204724409448819,21.11811023622048,1.2755905511811023,0.1417322834645669,0.8503937007874016,1.204724409448819,0.8503937007874016,0.3543307086614173,0.1417322834645669,0.8503937007874016,0.9212598425196852,4.251968503937008,2.0551181102362204,0.2125984251968504,0.7795275590551182,0.5669291338582677,1.6299212598425197,0.2834645669291338,0.2125984251968504,1.7716535433070866,0.0,0.0,74.5,38.64,16.67,25.0,47.06,41.1,37.5,71.43,0.1098629344048868,0.0492820833197038,0.2834645669291338,1.4173228346456694,0.0439655718897637,0.3543307086614173,1.1338582677165354,1.346456692913386,0.0521070285826771,6.448818897637795,CB,25,83,46,41,30,52,99,100,97,93,98,74,94,93,72,36,99,54,98,85,34,75,97,39,51,5,25,69,28,87,2,2,62,90,92,98,78,85,61,14,19,38,8,3,79,5,11,2,16,96,93,97,87,87,57,79,82,44,10,100,20,97,80,8,59,98,39,51,5,25,69,28,87,2,2,62,84,84,95,54,70,43,2,2,7,2,Eliteserien
KFUM,4q0b35m26thti4c2on9a3npk0,2w7qb6w4qcogyuvgi31rfv85w,J. Gonstad,Julian Gonstad,20.0,Attacker,Norway,Striker,12.0,0.0,14.0,0.0,26.0,2.0,0.0,1.0,5.0,5.0,0.0,2.0,5.0,5.0,7.0,4.0,0.0,0.0,406.0,2.0,12.0,2.0,1.0,0.0,0.0,0.0,60.47,0.0,0.0,20.0,40.0,20.59,11.76,0.0,0.5469412673057225,0.1340517529866048,3.0,0.0,0.0,0.0,1.0,1.0,0.0134804,3.0,2.6600985221674875,0.0,3.103448275862069,0.0,5.763546798029557,0.4433497536945813,0.0,0.2216748768472906,1.1083743842364533,1.1083743842364533,0.0,0.4433497536945813,1.1083743842364533,1.1083743842364533,1.5517241379310345,0.8866995073891626,0.0,0.0,0.4433497536945813,2.6600985221674875,0.4433497536945813,0.2216748768472906,0.0,0.0,0.0,60.47,0.0,0.0,20.0,40.0,20.59,11.76,0.0,0.1212431380726971,0.029715905834469,0.6650246305418719,0.0,0.0,0.0,0.2216748768472906,0.2216748768472906,0.0029882660098522,0.6650246305418719,ST,5,19,5,5,5,13,17,5,9,13,5,19,9,8,4,19,8,13,10,8,4,10,4,49,50,3,5,19,14,50,3,3,4,10,5,31,3,3,8,6,5,3,3,10,19,3,5,3,21,17,5,8,21,5,28,26,21,3,49,8,13,10,13,3,13,4,49,50,3,5,19,14,50,3,3,4,10,8,67,3,3,8,5,5,3,3,Eliteserien
KFUM,4q0b35m26thti4c2on9a3npk0,3iolpwrv18gtlyse7ih3nt91w,B. Kristensen,Bjørn Kristensen,24.0,Attacker,Philippines,Striker,31.0,2.0,75.0,2.0,104.0,17.0,1.0,4.0,19.0,16.0,3.0,9.0,14.0,17.0,47.0,8.0,1.0,1.0,737.0,6.0,38.0,12.0,5.0,11.0,0.0,0.0,71.72,28.57,40.0,35.71,31.58,34.56,30.91,84.62,2.3170258966787274,0.4248417314312145,6.0,11.0,0.31763116,5.0,9.0,10.0,0.4738441799999999,37.0,3.78561736770692,0.2442333785617368,9.15875169606513,0.2442333785617368,12.700135685210313,2.075983717774762,0.1221166892808684,0.4884667571234736,2.3202170963365,1.9538670284938944,0.3663500678426052,1.0990502035278156,1.7096336499321576,2.075983717774762,5.739484396200814,0.9769335142469472,0.1221166892808684,0.1221166892808684,0.7327001356852104,4.640434192672999,1.4654002713704208,0.6105834464043419,1.3432835820895523,0.0,0.0,71.72,28.57,40.0,35.71,31.58,34.56,30.91,84.62,0.2829475314804416,0.0518802657107317,0.7327001356852104,1.3432835820895523,0.0387880656716417,0.6105834464043419,1.0990502035278156,1.2211668928086838,0.0578642824966078,4.51831750339213,ST,28,71,40,33,33,62,53,17,36,45,37,83,37,50,49,46,24,31,33,38,59,40,86,49,50,44,21,77,40,23,21,33,92,51,26,59,55,44,55,56,46,38,31,31,72,51,26,41,62,59,10,51,51,33,100,54,67,72,56,23,26,33,49,74,44,95,49,50,44,21,77,40,23,21,33,92,51,23,74,67,54,62,69,59,46,46,Eliteserien
KFUM,4q0b35m26thti4c2on9a3npk0,3y08h3oqdou5o9q31dpuh5uxh,M. Grødem,Magnus Grødem,28.0,Attacker,Norway,Striker,45.0,0.0,107.0,2.0,152.0,14.0,0.0,7.0,11.0,9.0,2.0,2.0,6.0,6.0,29.0,10.0,2.0,0.0,586.0,5.0,23.0,10.0,5.0,1.0,0.0,0.0,77.55,28.57,0.0,83.33,45.45,37.18,35.0,100.0,1.3256222885248947,0.653659183280407,1.0,14.0,0.43472468,5.0,15.0,16.0,0.75639305,60.0,6.911262798634812,0.0,16.43344709897611,0.3071672354948805,23.34470989761092,2.150170648464164,0.0,1.075085324232082,1.689419795221843,1.3822525597269624,0.3071672354948805,0.3071672354948805,0.9215017064846416,0.9215017064846416,4.453924914675768,1.5358361774744027,0.3071672354948805,0.0,0.7679180887372014,3.532423208191126,1.5358361774744027,0.7679180887372014,0.1535836177474402,0.0,0.0,77.55,28.57,0.0,83.33,45.45,37.18,35.0,100.0,0.2035938668382944,0.100391342142042,0.1535836177474402,2.150170648464164,0.0667665890784982,0.7679180887372014,2.303754266211604,2.4573378839590445,0.1161695810580204,9.215017064846416,ST,56,19,64,33,64,45,17,37,18,19,22,19,18,17,31,62,40,13,27,18,44,40,13,49,50,74,21,19,97,74,33,38,99,15,46,17,63,54,55,73,76,67,67,74,19,92,38,87,64,17,64,21,33,31,18,13,10,44,77,51,13,38,18,85,69,8,49,50,74,21,19,97,74,33,38,99,28,72,18,79,77,79,90,82,82,85,Eliteserien
KFUM,4q0b35m26thti4c2on9a3npk0,4m57qe3mtal1r68md5yj8xvc9,T. Sørås,Tore Sørås,28.0,Midfielder,Norway,Midfielder,110.0,1.0,165.0,9.0,274.0,19.0,0.0,5.0,4.0,1.0,3.0,1.0,14.0,14.0,59.0,10.0,0.0,13.0,664.0,0.0,7.0,5.0,10.0,19.0,0.0,0.0,83.54,34.62,50.0,71.43,0.0,56.19,52.78,76.0,0.26483419483072,0.4748478419768274,2.0,11.0,0.23365151,1.0,27.0,26.0,1.2631642799999998,127.0,14.909638554216867,0.1355421686746988,22.3644578313253,1.219879518072289,37.13855421686747,2.575301204819277,0.0,0.677710843373494,0.5421686746987951,0.1355421686746988,0.4066265060240963,0.1355421686746988,1.897590361445783,1.897590361445783,7.996987951807228,1.355421686746988,0.0,1.7620481927710845,0.0,0.9487951807228916,0.677710843373494,1.355421686746988,2.575301204819277,0.0,0.0,83.54,34.62,50.0,71.43,0.0,56.19,52.78,76.0,0.0358962011065734,0.0643619062920398,0.2710843373493976,1.4909638554216866,0.031669632379518,0.1355421686746988,3.6596385542168672,3.5240963855421685,0.1712120259036144,17.213855421686745,DM/CM,25,43,30,21,29,86,25,36,20,18,32,23,79,73,73,25,25,50,12,36,11,79,86,46,48,36,7,95,89,12,61,64,96,18,39,32,20,18,11,34,32,50,25,36,46,50,18,43,89,25,57,21,21,43,29,89,86,89,25,25,82,12,46,11,93,96,46,48,36,7,95,89,12,61,64,96,18,68,29,39,32,11,39,36,89,39,Eliteserien
KFUM,4q0b35m26thti4c2on9a3npk0,4s8lwbyh90phbponlzsdlj0iy,B. Skaret,Brage Skaret,24.0,Defender,Norway,Defender,236.0,0.0,115.0,15.0,351.0,22.0,1.0,3.0,5.0,5.0,0.0,1.0,0.0,0.0,38.0,64.0,0.0,11.0,957.0,0.0,11.0,6.0,0.0,8.0,0.0,0.0,83.18,30.61,0.0,0.0,0.0,47.5,42.31,80.0,0.685248745378503,0.1094441554096657,0.0,1.0,0.02855202,1.0,21.0,23.0,0.6033185000000001,225.0,22.19435736677116,0.0,10.815047021943574,1.4106583072100314,33.009404388714735,2.0689655172413794,0.0940438871473354,0.2821316614420063,0.4702194357366771,0.4702194357366771,0.0,0.0940438871473354,0.0,0.0,3.573667711598746,6.018808777429467,0.0,1.0344827586206895,0.0,1.0344827586206895,0.5642633228840126,0.0,0.7523510971786834,0.0,0.0,83.18,30.61,0.0,0.0,0.0,47.5,42.31,80.0,0.0644434556782291,0.010292553800282,0.0,0.0940438871473354,0.0026851429467084,0.0940438871473354,1.974921630094044,2.1630094043887147,0.0567384169278996,21.15987460815047,CB,52,34,30,30,41,60,87,55,48,64,25,43,8,7,43,64,38,54,19,57,48,13,48,39,51,26,10,34,13,19,10,5,87,62,34,28,3,5,16,24,28,28,45,25,34,3,13,10,44,85,56,42,54,25,40,8,7,23,64,38,57,19,48,43,13,39,39,51,26,10,34,13,19,10,5,87,52,34,28,2,2,13,7,5,8,18,Eliteserien
KFUM,4q0b35m26thti4c2on9a3npk0,58ufmirzy800nq7gucsiz3hg4,J. Hjorth,Jonas Hjorth,25.0,Defender,Norway,Defender,105.0,7.0,185.0,22.0,283.0,7.0,2.0,12.0,14.0,10.0,4.0,5.0,9.0,12.0,55.0,29.0,0.0,5.0,1125.0,2.0,29.0,14.0,3.0,18.0,0.0,0.0,74.67,34.92,13.46,33.33,14.29,57.89,53.85,58.06,1.209870377977397,1.2087633782204708,6.0,7.0,0.1738360099999999,8.0,26.0,28.0,1.7000976800000016,113.0,8.4,0.56,14.8,1.76,22.64,0.56,0.16,0.96,1.12,0.8,0.32,0.4,0.72,0.96,4.4,2.32,0.0,0.4,0.16,2.32,1.12,0.24,1.44,0.0,0.0,74.67,34.92,13.46,33.33,14.29,57.89,53.85,58.06,0.0967896302381917,0.0967010702576376,0.48,0.56,0.0139068807999999,0.64,2.08,2.24,0.1360078144000001,9.04,LB/LCB,17,57,35,46,30,30,83,61,67,76,59,76,46,48,59,52,26,26,43,61,72,39,83,37,50,9,30,9,26,35,91,74,26,65,61,85,13,13,22,30,22,48,26,9,43,13,35,9,26,83,52,65,74,43,78,39,48,39,39,26,9,43,61,61,26,70,37,50,9,30,9,26,35,91,74,26,61,52,83,4,4,22,17,9,30,13,Eliteserien
KFUM,4q0b35m26thti4c2on9a3npk0,5szykye2vk3nx7r5lhzn2ljx0,D. Schneider,Daniel Schneider,24.0,Defender,Norway,Defender,394.0,0.0,344.0,46.0,738.0,36.0,0.0,1.0,6.0,4.0,2.0,1.0,17.0,19.0,99.0,67.0,1.0,17.0,1616.0,1.0,14.0,8.0,12.0,27.0,1.0,0.0,84.15,46.94,0.0,70.59,16.67,56.25,58.06,62.79,0.6503080616881186,0.0498073404535542,2.0,27.0,0.53689442,7.0,79.0,80.0,1.9052484500000029,450.0,21.94306930693069,0.0,19.15841584158416,2.561881188118812,41.10148514851485,2.004950495049505,0.0,0.0556930693069306,0.3341584158415842,0.2227722772277227,0.1113861386138613,0.0556930693069306,0.9467821782178216,1.058168316831683,5.513613861386139,3.731435643564356,0.0556930693069306,0.9467821782178216,0.0556930693069306,0.7797029702970297,0.4455445544554455,0.6683168316831684,1.5037128712871286,0.0556930693069306,0.0,84.15,46.94,0.0,70.59,16.67,56.25,58.06,62.79,0.0362176519504521,0.0027739236638736,0.1113861386138613,1.5037128712871286,0.0299012981435643,0.3898514851485148,4.399752475247524,4.455445544554456,0.1061091339727724,25.06188118811881,CB,69,34,77,78,69,80,39,25,61,54,75,43,100,100,97,67,84,83,49,63,61,100,98,87,51,31,57,34,80,44,41,51,38,61,23,84,87,80,73,82,77,80,70,23,34,41,48,23,43,39,16,25,30,57,28,84,89,75,23,75,41,39,31,31,92,89,82,51,31,57,34,80,44,41,51,38,26,20,69,59,52,48,54,49,52,28,Eliteserien
KFUM,4q0b35m26thti4c2on9a3npk0,5u4eoypx0tb3t0brk2dv8sm0a,F. Berglie,Fredrik Berglie,29.0,Defender,Norway,Defender,311.0,0.0,207.0,11.0,518.0,34.0,0.0,0.0,2.0,2.0,0.0,0.0,1.0,1.0,58.0,95.0,0.0,13.0,1054.0,0.0,6.0,12.0,0.0,9.0,0.0,0.0,87.06,20.37,0.0,0.0,0.0,54.72,53.97,75.0,0.2501217349055837,0.0,0.0,7.0,0.1340616399999999,2.0,30.0,26.0,0.6843137500000003,332.0,26.55597722960152,0.0,17.67552182163188,0.9392789373814042,44.2314990512334,2.903225806451613,0.0,0.0,0.1707779886148007,0.1707779886148007,0.0,0.0,0.0853889943074003,0.0853889943074003,4.952561669829223,8.111954459203037,0.0,1.110056925996205,0.0,0.5123339658444023,1.0246679316888043,0.0,0.7685009487666035,0.0,0.0,87.06,20.37,0.0,0.0,0.0,54.72,53.97,75.0,0.0213576433980099,0.0,0.0,0.5977229601518027,0.0114473886148007,0.1707779886148007,2.561669829222012,2.22011385199241,0.0584328629032258,28.349146110056928,CB,59,34,54,18,59,77,39,8,21,31,25,14,21,20,70,87,38,67,19,34,78,13,52,39,51,56,2,34,13,19,31,34,76,26,10,28,33,31,27,44,33,36,57,38,34,33,3,34,77,39,8,11,23,25,14,18,16,64,98,38,61,19,20,79,13,43,39,51,56,2,34,13,19,31,34,76,15,10,28,21,21,21,15,8,11,43,Eliteserien
KFUM,4q0b35m26thti4c2on9a3npk0,62du5sg2v89e2ft4qs0yub4oa,S. Sjøkvist,Sander Sjøkvist,27.0,Defender,Norway,Defender,95.0,17.0,139.0,16.0,217.0,7.0,1.0,8.0,8.0,2.0,6.0,2.0,10.0,10.0,36.0,27.0,0.0,3.0,875.0,4.0,14.0,3.0,7.0,14.0,0.0,0.0,70.68,31.37,23.61,70.0,50.0,52.17,53.85,73.68,0.5252666679805204,1.0637016398491217,3.0,8.0,0.34163949,5.0,16.0,23.0,1.8467114100000013,94.0,9.771428571428572,1.7485714285714289,14.29714285714286,1.645714285714286,22.32,0.7200000000000001,0.1028571428571428,0.822857142857143,0.822857142857143,0.2057142857142857,0.6171428571428572,0.2057142857142857,1.0285714285714287,1.0285714285714287,3.7028571428571433,2.7771428571428576,0.0,0.3085714285714286,0.4114285714285715,1.4400000000000002,0.3085714285714286,0.7200000000000001,1.4400000000000002,0.0,0.0,70.68,31.37,23.61,70.0,50.0,52.17,53.85,73.68,0.0540274287065678,0.1094093115273382,0.3085714285714286,0.822857142857143,0.0351400618285714,0.5142857142857143,1.645714285714286,2.365714285714286,0.1899474593142858,9.668571428571427,CB,13,100,34,36,21,11,87,92,75,31,100,74,85,84,39,30,38,7,91,63,21,94,80,39,51,2,13,77,79,92,26,32,72,51,97,94,40,66,61,14,28,75,10,2,100,11,18,3,5,89,90,74,28,100,72,89,85,28,15,38,5,92,72,10,97,87,39,51,2,13,77,79,92,26,32,72,44,97,98,33,57,62,3,11,93,7,Eliteserien
KFUM,4q0b35m26thti4c2on9a3npk0,6mk3psi2n9xclzc5h0o4qk650,R. Vinge,Rasmus Vinge,25.0,Attacker,Norway,Striker,37.0,7.0,118.0,6.0,148.0,4.0,0.0,12.0,25.0,14.0,11.0,7.0,36.0,39.0,49.0,5.0,3.0,4.0,951.0,9.0,46.0,22.0,15.0,3.0,0.0,0.0,77.49,54.55,36.84,41.67,36.0,42.61,28.57,37.5,2.397312592575712,1.2653235625951966,12.0,26.0,1.04414772,10.0,16.0,18.0,1.1061573400000002,66.0,3.501577287066246,0.6624605678233438,11.167192429022082,0.5678233438485805,14.006309148264984,0.3785488958990536,0.0,1.135646687697161,2.365930599369085,1.3249211356466877,1.0410094637223974,0.6624605678233438,3.406940063091483,3.690851735015773,4.637223974763407,0.473186119873817,0.2839116719242902,0.3785488958990536,0.8517350157728707,4.353312302839117,2.082018927444795,1.4195583596214512,0.2839116719242902,0.0,0.0,77.49,54.55,36.84,41.67,36.0,42.61,28.57,37.5,0.2268750087611084,0.1197467093938672,1.135646687697161,2.460567823343849,0.0988152416403785,0.946372239747634,1.5141955835962146,1.7034700315457414,0.1046836599369085,6.246056782334385,ST,38,94,69,65,59,22,17,65,58,40,94,63,87,90,54,28,51,64,49,59,83,94,29,49,50,72,68,74,59,35,56,27,15,54,85,87,88,92,86,77,79,77,72,23,90,67,73,51,18,17,67,54,31,97,79,95,95,54,18,36,56,44,44,90,95,21,49,50,72,68,74,59,35,56,27,15,38,79,97,90,92,90,74,74,79,64,Eliteserien
KFUM,4q0b35m26thti4c2on9a3npk0,6rlri1tk9p3sk79r16owqw74k,H. Røsten,Håkon Røsten,21.0,Defender,Norway,Defender,290.0,0.0,209.0,29.0,499.0,28.0,0.0,0.0,1.0,1.0,0.0,0.0,3.0,3.0,45.0,72.0,0.0,5.0,1002.0,0.0,6.0,1.0,2.0,11.0,0.0,0.0,84.43,38.16,0.0,66.67,0.0,60.81,65.12,78.57,0.1384838492837396,0.0,0.0,2.0,0.03620728,0.0,38.0,52.0,0.8653165100000008,341.0,26.04790419161677,0.0,18.77245508982036,2.604790419161677,44.82035928143713,2.51497005988024,0.0,0.0,0.0898203592814371,0.0898203592814371,0.0,0.0,0.2694610778443114,0.2694610778443114,4.041916167664671,6.467065868263473,0.0,0.4491017964071856,0.0,0.5389221556886228,0.0898203592814371,0.1796407185628742,0.9880239520958084,0.0,0.0,84.43,38.16,0.0,66.67,0.0,60.81,65.12,78.57,0.0124386690973418,0.0,0.0,0.1796407185628742,0.0032521508982035,0.0,3.413173652694611,4.6706586826347305,0.0777230398203593,30.62874251497006,CB,56,34,57,57,54,65,39,8,10,17,25,14,50,49,49,69,38,16,19,34,5,59,64,39,51,33,21,34,74,19,70,74,81,13,10,28,7,7,5,52,61,51,59,34,34,38,51,36,69,39,8,10,13,25,14,48,46,41,82,38,7,19,21,3,52,67,39,51,33,21,34,74,19,70,74,81,7,10,28,3,3,5,34,59,21,49,Eliteserien
KFUM,4q0b35m26thti4c2on9a3npk0,7m4f590x3kc3935gpg72xhg45,M. Eikrem,Magnus Eikrem,36.0,Midfielder,Norway,Midfielder,48.0,9.0,147.0,7.0,186.0,4.0,2.0,8.0,9.0,4.0,5.0,2.0,2.0,2.0,6.0,1.0,2.0,1.0,514.0,6.0,21.0,0.0,0.0,2.0,0.0,0.0,81.22,36.84,29.03,0.0,66.67,27.27,33.33,100.0,0.6511753047511749,0.8309442181357559,2.0,9.0,0.23293592,3.0,28.0,37.0,1.7624393000000005,97.0,8.40466926070039,1.575875486381323,25.739299610894943,1.22568093385214,32.568093385214006,0.7003891050583657,0.3501945525291828,1.4007782101167314,1.575875486381323,0.7003891050583657,0.8754863813229572,0.3501945525291828,0.3501945525291828,0.3501945525291828,1.050583657587549,0.1750972762645914,0.3501945525291828,0.1750972762645914,1.050583657587549,3.67704280155642,0.0,0.0,0.3501945525291828,0.0,0.0,81.22,36.84,29.03,0.0,66.67,27.27,33.33,100.0,0.114019022232696,0.1454960693233813,0.3501945525291828,1.575875486381323,0.0407864451361867,0.5252918287937743,4.90272373540856,6.478599221789883,0.3085983210116732,16.98443579766537,CM/AM,14,69,33,39,22,29,64,19,29,21,59,19,2,2,2,5,60,8,56,33,2,3,3,48,49,56,20,58,3,100,2,29,99,16,28,24,17,20,12,56,59,66,34,40,92,82,68,68,56,94,50,44,30,82,36,2,2,2,4,84,12,90,64,2,3,6,48,49,56,20,58,3,100,2,29,99,30,64,38,30,32,16,86,96,100,80,Eliteserien
KFUM,4q0b35m26thti4c2on9a3npk0,9jde60t1ejjo2f2j2jsqoipnu,B. Njie,Bilal Njie,28.0,Attacker,Somalia,Striker,26.0,4.0,110.0,2.0,132.0,18.0,0.0,11.0,21.0,19.0,2.0,5.0,28.0,30.0,57.0,4.0,5.0,4.0,951.0,13.0,49.0,17.0,11.0,5.0,0.0,0.0,75.43,40.0,50.0,39.29,61.9,39.04,30.0,45.45,3.051305162913457,1.196051974685058,6.0,16.0,0.56519656,4.0,4.0,11.0,1.0930599100000002,43.0,2.460567823343849,0.3785488958990536,10.410094637223976,0.1892744479495268,12.49211356466877,1.7034700315457414,0.0,1.0410094637223974,1.987381703470032,1.7981072555205049,0.1892744479495268,0.473186119873817,2.649842271293376,2.8391167192429023,5.394321766561514,0.3785488958990536,0.473186119873817,0.3785488958990536,1.2302839116719244,4.637223974763407,1.608832807570978,1.0410094637223974,0.473186119873817,0.0,0.0,75.43,40.0,50.0,39.29,61.9,39.04,30.0,45.45,0.2887670501179928,0.1131910386137278,0.5678233438485805,1.5141955835962146,0.0534886334384858,0.3785488958990536,0.3785488958990536,1.0410094637223974,0.1034441555205047,4.069400630914827,LW,25,50,33,21,33,83,12,50,50,54,25,50,50,50,67,50,92,67,92,67,67,50,42,54,54,42,25,100,58,100,33,58,33,75,50,46,25,25,17,21,33,42,33,8,42,8,8,8,100,12,17,50,67,17,33,33,33,58,17,100,50,92,25,58,33,42,54,54,42,25,100,58,100,33,58,33,83,33,42,17,17,17,8,8,17,8,Eliteserien
KFUM,4q0b35m26thti4c2on9a3npk0,c1jlypnkt4c9y9vdnjkvxa85x,R. Rasch,Robin Rasch,32.0,Midfielder,Norway,Midfielder,248.0,11.0,326.0,37.0,563.0,9.0,2.0,13.0,9.0,1.0,8.0,4.0,5.0,5.0,36.0,20.0,0.0,14.0,949.0,3.0,6.0,9.0,1.0,12.0,1.0,0.0,82.19,43.53,29.73,20.0,33.33,49.32,45.0,70.59,0.6063970839676631,1.524551597415544,4.0,15.0,0.31327335,11.0,85.0,90.0,2.2486402,318.0,23.519494204425712,1.0432033719704952,30.91675447839832,3.5089567966280297,53.39304531085353,0.8535300316122234,0.1896733403582718,1.2328767123287672,0.8535300316122234,0.0948366701791359,0.7586933614330875,0.3793466807165437,0.4741833508956796,0.4741833508956796,3.4141201264488936,1.8967334035827184,0.0,1.327713382507903,0.2845100105374078,0.5690200210748156,0.8535300316122234,0.0948366701791359,1.1380400421496313,0.0948366701791359,0.0,82.19,43.53,29.73,20.0,33.33,49.32,45.0,70.59,0.057508680249831,0.1445833970151727,0.3793466807165437,1.422550052687039,0.029709801369863,1.0432033719704952,8.061116965226555,8.535300316122234,0.2132535489989462,30.15806111696523,DM/CM,64,93,79,80,71,46,95,82,43,18,75,55,16,16,39,62,25,59,57,29,43,14,50,95,48,25,25,61,14,68,29,54,82,43,93,54,43,39,77,89,93,93,79,71,93,82,86,75,43,93,93,43,11,82,54,14,14,18,46,25,50,54,25,25,11,57,93,48,25,25,61,14,68,29,54,82,39,96,57,36,25,79,100,100,100,86,Eliteserien
KFUM,4q0b35m26thti4c2on9a3npk0,c3gcvutbitqcvurd9c5h7v504,P. Meliga,Promise Meliga,19.0,Attacker,Nigeria,Striker,10.0,3.0,23.0,1.0,30.0,1.0,0.0,5.0,11.0,4.0,7.0,3.0,12.0,12.0,20.0,3.0,3.0,3.0,231.0,4.0,9.0,6.0,7.0,5.0,0.0,0.0,75.0,50.0,50.0,58.33,36.36,40.82,20.0,83.33,1.6553259936023483,0.5469192491786385,6.0,9.0,0.2543851,2.0,1.0,4.0,0.66227998,12.0,3.896103896103896,1.1688311688311688,8.96103896103896,0.3896103896103896,11.688311688311687,0.3896103896103896,0.0,1.948051948051948,4.285714285714286,1.5584415584415583,2.727272727272727,1.1688311688311688,4.675324675324675,4.675324675324675,7.792207792207791,1.1688311688311688,1.1688311688311688,1.1688311688311688,1.5584415584415583,3.506493506493506,2.3376623376623376,2.727272727272727,1.948051948051948,0.0,0.0,75.0,50.0,50.0,58.33,36.36,40.82,20.0,83.33,0.6449322052996161,0.2130854217579111,2.3376623376623376,3.506493506493506,0.0991110779220779,0.7792207792207791,0.3896103896103896,1.5584415584415583,0.258031161038961,4.675324675324675,RW,42,50,17,58,17,33,33,42,67,42,92,50,58,50,67,50,75,75,58,17,83,67,83,58,58,50,100,83,100,67,67,50,83,67,67,67,33,50,25,17,33,50,17,50,67,33,67,33,50,33,83,100,50,100,83,83,67,100,100,100,100,100,17,100,100,100,58,58,50,100,83,100,67,67,50,83,100,83,100,67,67,50,17,67,83,17,Eliteserien
KFUM,4q0b35m26thti4c2on9a3npk0,cb3gkqyqrubvh3mhwkatp6t5g,O. Visted,Ola Visted,21.0,Midfielder,Norway,Midfielder,34.0,0.0,67.0,1.0,101.0,2.0,0.0,1.0,6.0,5.0,1.0,3.0,6.0,6.0,14.0,6.0,0.0,0.0,288.0,3.0,14.0,2.0,4.0,3.0,0.0,0.0,86.32,33.33,0.0,66.67,50.0,43.75,40.0,50.0,0.7425459533685633,0.0,0.0,7.0,0.17634863,4.0,3.0,8.0,0.220105,36.0,10.625,0.0,20.9375,0.3125,31.5625,0.625,0.0,0.3125,1.875,1.5625,0.3125,0.9375,1.875,1.875,4.375,1.875,0.0,0.0,0.9375,4.375,0.625,1.25,0.9375,0.0,0.0,86.32,33.33,0.0,66.67,50.0,43.75,40.0,50.0,0.232045610427676,0.0,0.0,2.1875,0.055108946875,1.25,0.9375,2.5,0.0687828125,11.25,CM/AM,12,11,6,4,12,18,13,2,12,31,11,34,10,9,10,18,15,3,30,21,6,20,7,48,49,92,11,11,89,88,33,43,16,20,2,2,11,12,20,4,3,4,4,60,11,68,8,62,52,13,2,64,76,28,90,58,48,36,80,15,3,82,76,16,76,36,48,49,92,11,11,89,88,33,43,16,80,2,2,70,62,78,4,32,14,46,Eliteserien
KFUM,4q0b35m26thti4c2on9a3npk0,cwkh0rcufph9eomp40v18cr8p,M. Vinjor,Martin Vinjor,26.0,Midfielder,Norway,Midfielder,128.0,3.0,216.0,10.0,341.0,16.0,3.0,14.0,18.0,13.0,5.0,8.0,24.0,25.0,60.0,12.0,0.0,8.0,1187.0,4.0,30.0,16.0,7.0,14.0,0.0,0.0,80.81,43.48,17.65,29.17,22.22,37.5,39.02,66.67,1.704238582519525,1.0352262406216788,2.0,11.0,0.25460114,7.0,38.0,40.0,0.8246975500000001,151.0,9.70513900589722,0.2274641954507161,16.37742207245156,0.7582139848357203,25.855096882898064,1.2131423757371524,0.2274641954507161,1.0614995787700086,1.3647851727042966,0.9856781802864364,0.3791069924178601,0.6065711878685762,1.819713563605729,1.895534962089301,4.549283909014322,0.9098567818028644,0.0,0.6065711878685762,0.3032855939342881,2.274641954507161,1.2131423757371524,0.5307497893850043,1.0614995787700086,0.0,0.0,80.81,43.48,17.65,29.17,22.22,37.5,39.02,66.67,0.1292177526762908,0.0784923013108265,0.151642796967144,0.8340353833192924,0.0193042144903117,0.5307497893850043,2.881213142375737,3.0328559393428813,0.0625297215669755,11.449031171019378,CM/AM,64,38,62,47,64,86,77,44,59,61,59,76,70,69,58,44,15,54,41,49,71,45,55,48,49,50,38,30,12,25,10,40,57,54,38,24,24,22,38,65,62,30,60,48,36,46,36,46,74,72,24,34,50,42,70,54,52,48,30,15,40,32,30,56,32,46,48,49,50,38,30,12,25,10,40,57,36,16,16,8,6,18,64,48,10,50,Eliteserien
KFUM,4q0b35m26thti4c2on9a3npk0,dvrvgq5j49kb9vfergmluyxyi,D. Hickson,David Hickson,29.0,Attacker,Norway,Striker,38.0,3.0,68.0,5.0,103.0,3.0,1.0,2.0,5.0,3.0,2.0,1.0,11.0,11.0,17.0,10.0,0.0,1.0,427.0,3.0,8.0,4.0,4.0,1.0,0.0,0.0,73.57,29.41,17.65,36.36,60.0,42.5,60.0,16.67,0.356428497720565,0.3319525540478907,4.0,4.0,0.1267334299999999,1.0,6.0,5.0,0.6834498600000002,29.0,8.009367681498828,0.6323185011709602,14.33255269320843,1.053864168618267,21.7096018735363,0.6323185011709602,0.2107728337236534,0.4215456674473068,1.053864168618267,0.6323185011709602,0.4215456674473068,0.2107728337236534,2.318501170960188,2.318501170960188,3.583138173302108,2.107728337236534,0.0,0.2107728337236534,0.6323185011709602,1.6861826697892273,0.8430913348946136,0.8430913348946136,0.2107728337236534,0.0,0.0,73.57,29.41,17.65,36.36,60.0,42.5,60.0,16.67,0.0751254444844282,0.0699665804784781,0.8430913348946136,0.8430913348946136,0.0267119641686182,0.2107728337236534,1.2646370023419204,1.053864168618267,0.1440526637002342,6.112412177985949,LW,42,38,17,42,17,54,46,8,21,17,25,12,17,17,29,75,17,17,25,8,25,25,17,54,54,8,8,42,42,92,50,100,17,17,8,25,8,8,8,42,8,8,17,83,67,33,75,50,67,67,8,17,8,50,8,25,17,33,100,17,25,42,8,17,25,17,54,54,8,8,42,42,92,50,100,17,8,8,50,8,8,8,42,17,42,25,Eliteserien
Kristiansund,uqspd1bx7f6mq8ohj50u1k1k,15823p8n34f7coivq6wq687is,W. Igor,Wilfred Igor,21.0,Midfielder,Nigeria,Midfielder,256.0,0.0,290.0,37.0,546.0,15.0,1.0,8.0,16.0,5.0,11.0,8.0,56.0,58.0,108.0,32.0,1.0,29.0,1553.0,4.0,8.0,18.0,39.0,18.0,0.0,0.0,86.12,57.81,0.0,69.64,25.0,55.67,53.57,50.0,1.2118276110047257,0.5497553158319742,7.0,21.0,0.47407739,8.0,59.0,46.0,0.8708266899999998,261.0,14.835801674179008,0.0,16.806181584030906,2.1442369607211846,31.641983258209915,0.8692852543464262,0.0579523502897617,0.463618802318094,0.927237604636188,0.2897617514488087,0.6374758531873792,0.463618802318094,3.245331616226658,3.3612363168061816,6.258853831294269,1.854475209272376,0.0579523502897617,1.6806181584030908,0.231809401159047,0.463618802318094,1.0431423052157114,2.2601416613007084,1.0431423052157114,0.0,0.0,86.12,57.81,0.0,69.64,25.0,55.67,53.57,50.0,0.070228258203751,0.0318596126367531,0.4056664520283322,1.2169993560849968,0.0274738989697359,0.463618802318094,3.419188667095943,2.665808113329041,0.0504664533805537,15.125563425627815,DM/CM,75,18,62,80,64,73,70,61,75,59,89,86,100,100,96,79,66,93,68,39,82,100,80,46,48,64,82,18,86,43,57,68,21,68,43,79,68,64,52,64,57,32,64,32,18,18,61,29,46,57,29,50,43,71,71,100,100,71,43,54,75,39,11,50,100,43,46,48,64,82,18,86,43,57,68,21,43,32,64,25,21,21,29,18,11,18,Eliteserien
Kristiansund,uqspd1bx7f6mq8ohj50u1k1k,2cpnu3q1tu1afz84wog5rophw,S. Skeide,Syver Skeide,22.0,Midfielder,Norway,Midfielder,98.0,0.0,107.0,12.0,205.0,0.0,1.0,4.0,6.0,4.0,2.0,5.0,7.0,7.0,34.0,9.0,0.0,13.0,583.0,0.0,6.0,12.0,6.0,10.0,0.0,0.0,85.42,60.0,0.0,85.71,0.0,56.67,0.0,62.5,0.4594632868158603,0.2454695268253557,2.0,12.0,0.26633996,5.0,27.0,24.0,0.5896070999999998,105.0,15.128644939965694,0.0,16.518010291595196,1.8524871355060035,31.64665523156089,0.0,0.1543739279588336,0.6174957118353345,0.9262435677530017,0.6174957118353345,0.3087478559176672,0.7718696397941681,1.0806174957118353,1.0806174957118353,5.248713550600343,1.3893653516295026,0.0,2.006861063464837,0.0,0.9262435677530017,1.8524871355060035,0.9262435677530017,1.5437392795883362,0.0,0.0,85.42,60.0,0.0,85.71,0.0,56.67,0.0,62.5,0.0709291523386405,0.0378940950502264,0.3087478559176672,1.8524871355060035,0.0411159457975986,0.7718696397941681,4.168096054888507,3.704974271012007,0.0910199639794167,16.20926243567753,DM/CM,18,18,14,34,14,5,70,29,36,52,23,70,32,32,30,18,25,50,12,29,62,61,41,46,48,50,88,18,100,12,75,7,57,36,32,32,29,25,36,34,23,21,18,39,18,14,46,32,5,89,46,46,71,25,96,46,46,68,29,25,93,12,43,93,86,68,46,48,50,88,18,100,12,75,7,57,46,36,39,64,64,61,54,50,32,32,Eliteserien
Kristiansund,uqspd1bx7f6mq8ohj50u1k1k,3sfh0fq729hxtea9rzfke9979,D. Ulvestad,Dan Ulvestad,37.0,Defender,Norway,Defender,454.0,0.0,363.0,42.0,817.0,43.0,0.0,3.0,9.0,8.0,1.0,2.0,2.0,2.0,64.0,124.0,0.0,17.0,1563.0,1.0,18.0,6.0,1.0,10.0,0.0,0.0,87.94,46.67,0.0,50.0,11.11,73.56,71.67,71.43,1.0704539361868728,0.3379920575622911,1.0,12.0,0.23453924,4.0,68.0,85.0,1.7080560899999997,527.0,26.142034548944338,0.0,20.9021113243762,2.418426103646833,47.04414587332054,2.476007677543186,0.0,0.1727447216890595,0.5182341650671785,0.4606525911708253,0.0575815738963531,0.1151631477927063,0.1151631477927063,0.1151631477927063,3.6852207293666015,7.140115163147793,0.0,0.9788867562380038,0.0575815738963531,1.036468330134357,0.345489443378119,0.0575815738963531,0.5758157389635317,0.0,0.0,87.94,46.67,0.0,50.0,11.11,73.56,71.67,71.43,0.0616384224291865,0.0194621146389035,0.0575815738963531,0.690978886756238,0.0135051385796545,0.2303262955854126,3.9155470249520152,4.894433781190019,0.098352557965451,30.34548944337812,CB,74,34,79,72,75,85,39,55,81,82,58,74,34,34,75,98,38,83,49,80,48,36,57,39,51,61,54,34,55,39,100,85,62,82,69,66,57,51,51,77,82,74,79,36,34,52,44,44,67,39,31,49,51,49,48,23,21,26,90,38,46,41,49,15,28,31,39,51,61,54,34,55,39,100,85,62,48,52,56,26,25,26,43,61,44,48,Eliteserien
Kristiansund,uqspd1bx7f6mq8ohj50u1k1k,3v6rg2p0hqkl6kd7135z9rklw,J. Júlíusson,Júlíus Júlíusson,22.0,Defender,Iceland,Midfielder,593.0,2.0,269.0,67.0,860.0,32.0,0.0,4.0,6.0,3.0,3.0,2.0,3.0,3.0,85.0,93.0,0.0,22.0,1648.0,1.0,15.0,14.0,1.0,30.0,0.0,0.0,85.06,37.64,40.0,33.33,16.67,57.82,57.14,78.95,0.5054323870132119,0.4569849400828718,3.0,4.0,0.08685584,2.0,51.0,74.0,1.68929407,472.0,32.38470873786408,0.1092233009708738,14.690533980582526,3.658980582524272,46.96601941747573,1.7475728155339807,0.0,0.2184466019417476,0.3276699029126214,0.1638349514563107,0.1638349514563107,0.1092233009708738,0.1638349514563107,0.1638349514563107,4.641990291262136,5.078883495145631,0.0,1.2014563106796117,0.0546116504854369,0.8191747572815534,0.7645631067961165,0.0546116504854369,1.6383495145631068,0.0,0.0,85.06,37.64,40.0,33.33,16.67,57.82,57.14,78.95,0.0276024968635856,0.0249567018249141,0.1638349514563107,0.2184466019417476,0.004743340776699,0.1092233009708738,2.7851941747572817,4.04126213592233,0.0922551373179611,25.776699029126217,CB,89,83,67,97,79,75,39,71,61,43,87,74,50,49,87,84,38,95,49,66,88,36,100,39,51,34,20,92,33,44,46,43,84,48,77,94,15,15,27,64,74,72,74,67,75,15,74,43,34,39,39,23,21,74,46,34,33,52,46,38,67,38,34,62,26,92,39,51,34,20,92,33,44,46,43,84,20,56,85,7,7,15,21,41,38,33,Eliteserien
Kristiansund,uqspd1bx7f6mq8ohj50u1k1k,60xm53o64nszavcsgfu5xzjyt,S. Svendsen,Sander Svendsen,29.0,Midfielder,Norway,Midfielder,17.0,9.0,64.0,3.0,72.0,0.0,1.0,10.0,11.0,5.0,6.0,6.0,3.0,4.0,16.0,5.0,1.0,3.0,459.0,3.0,11.0,8.0,3.0,4.0,0.0,0.0,91.14,50.0,34.62,100.0,27.27,44.44,0.0,80.0,0.7933481281341551,1.153790395144157,3.0,5.0,0.13827329,3.0,12.0,17.0,0.4216086099999999,41.0,3.333333333333333,1.7647058823529411,12.54901960784314,0.5882352941176471,14.11764705882353,0.0,0.196078431372549,1.9607843137254903,2.1568627450980395,0.9803921568627452,1.1764705882352942,1.1764705882352942,0.5882352941176471,0.7843137254901962,3.1372549019607847,0.9803921568627452,0.196078431372549,0.5882352941176471,0.5882352941176471,2.1568627450980395,1.5686274509803924,0.5882352941176471,0.7843137254901962,0.0,0.0,91.14,50.0,34.62,100.0,27.27,44.44,0.0,80.0,0.1555584564968931,0.2262334108125798,0.5882352941176471,0.9803921568627452,0.0271124098039215,0.5882352941176471,2.3529411764705883,3.333333333333333,0.0826683549019607,8.03921568627451,CM/AM,4,69,4,15,4,6,40,33,33,31,66,66,4,5,12,13,42,24,30,15,24,12,13,48,49,100,63,76,100,42,38,6,95,28,44,42,6,8,12,18,24,12,6,2,94,12,22,4,6,70,88,80,48,90,98,8,14,12,34,54,38,56,26,66,36,30,48,49,100,63,76,100,42,38,6,95,50,92,68,12,12,26,46,60,20,12,Eliteserien
Kristiansund,uqspd1bx7f6mq8ohj50u1k1k,6l7m7ckhqogx54zy19v3g7l2i,M. Williamsen,Max Williamsen,23.0,Defender,Norway,Defender,130.0,0.0,65.0,13.0,195.0,7.0,0.0,0.0,2.0,2.0,0.0,1.0,0.0,0.0,9.0,22.0,0.0,3.0,317.0,1.0,4.0,0.0,0.0,2.0,0.0,0.0,85.9,40.62,0.0,0.0,50.0,52.94,58.33,100.0,0.2471618157668346,0.0,0.0,1.0,0.01870347,0.0,15.0,19.0,0.32520878,117.0,36.90851735015773,0.0,18.454258675078865,3.690851735015773,55.36277602523659,1.987381703470032,0.0,0.0,0.5678233438485805,0.5678233438485805,0.0,0.2839116719242902,0.0,0.0,2.555205047318612,6.246056782334385,0.0,0.8517350157728707,0.2839116719242902,1.135646687697161,0.0,0.0,0.5678233438485805,0.0,0.0,85.9,40.62,0.0,0.0,50.0,52.94,58.33,100.0,0.0701721243502054,0.0,0.0,0.2839116719242902,0.0053101334384858,0.0,4.2586750788643535,5.394321766561514,0.0923305684542586,33.217665615141954,CB,20,34,4,24,15,11,39,8,21,31,25,43,8,7,3,21,38,7,49,20,2,13,10,39,51,44,28,34,13,92,28,56,97,25,10,28,3,2,5,10,19,10,16,77,34,36,75,64,41,39,8,54,66,25,87,8,7,5,74,38,30,84,56,2,13,28,39,51,44,28,34,13,92,28,56,97,57,10,28,11,8,5,52,69,39,62,Eliteserien
Kristiansund,uqspd1bx7f6mq8ohj50u1k1k,6rfyer2rek8oez224ue12dces,A. Rønning,Adrian Rønning,20.0,Attacker,Norway,Striker,54.0,1.0,164.0,6.0,217.0,2.0,1.0,7.0,25.0,14.0,11.0,4.0,39.0,40.0,40.0,5.0,1.0,10.0,973.0,9.0,44.0,13.0,15.0,5.0,0.0,0.0,76.14,28.57,7.69,38.46,36.0,30.53,28.57,50.0,2.2439898083595686,0.5935496014037536,12.0,22.0,0.58687991,7.0,20.0,30.0,0.7907861699999997,86.0,4.994861253854059,0.092497430626927,15.169578622816031,0.5549845837615621,20.071942446043163,0.184994861253854,0.092497430626927,0.6474820143884892,2.312435765673176,1.2949640287769784,1.0174717368961972,0.3699897225077081,3.607399794450154,3.699897225077081,3.699897225077081,0.4624871531346351,0.092497430626927,0.9249743062692702,0.8324768756423432,4.069886947584789,1.2024665981500513,1.3874614594039054,0.4624871531346351,0.0,0.0,76.14,28.57,7.69,38.46,36.0,30.53,28.57,50.0,0.2075632916262704,0.0549018130794838,1.1099691675231242,2.0349434737923944,0.0542848837615621,0.6474820143884892,1.8499486125385405,2.774922918807811,0.0731456889003083,7.954779033915724,ST,64,50,85,65,74,13,53,37,58,40,94,36,95,95,38,28,24,88,49,54,63,94,47,49,50,62,21,38,44,35,13,27,31,44,41,87,78,67,74,86,87,69,79,59,51,87,69,77,8,41,21,49,28,95,21,97,97,28,15,18,95,41,36,49,92,41,49,50,62,21,38,44,35,13,27,31,31,28,95,74,69,69,85,87,64,74,Eliteserien
Kristiansund,uqspd1bx7f6mq8ohj50u1k1k,8qwi3kh86b31w5orft10m0rft,T. Svendsen,Tobias Svendsen,27.0,Midfielder,Norway,Midfielder,23.0,0.0,71.0,1.0,94.0,0.0,0.0,5.0,7.0,5.0,2.0,3.0,16.0,16.0,22.0,8.0,1.0,0.0,391.0,1.0,9.0,6.0,8.0,5.0,0.0,0.0,86.24,50.0,0.0,50.0,14.29,33.85,0.0,62.5,0.5952924070019506,0.320104598585636,3.0,13.0,0.3167276599999999,8.0,11.0,14.0,0.3624155699999999,43.0,5.294117647058824,0.0,16.342710997442456,0.2301790281329923,21.63682864450128,0.0,0.0,1.1508951406649617,1.6112531969309465,1.1508951406649617,0.4603580562659847,0.690537084398977,3.6828644501278776,3.6828644501278776,5.063938618925832,1.8414322250639388,0.2301790281329923,0.0,0.2301790281329923,2.071611253196932,1.381074168797954,1.8414322250639388,1.1508951406649617,0.0,0.0,86.24,50.0,0.0,50.0,14.29,33.85,0.0,62.5,0.1370238276986587,0.0736813654033433,0.690537084398977,2.9923273657289005,0.0729040649616368,1.8414322250639388,2.531969309462916,3.222506393861893,0.0834204636828644,9.897698209718673,CM/AM,8,11,11,4,8,6,13,10,15,31,22,34,48,45,14,26,42,3,13,9,17,53,22,48,49,90,63,11,59,16,8,6,42,14,10,42,29,26,46,16,16,10,9,12,11,44,4,30,6,13,30,50,58,60,78,96,96,60,78,64,3,24,20,60,96,52,48,49,90,63,11,59,16,8,6,42,40,10,80,86,80,98,48,54,22,26,Eliteserien
Kristiansund,uqspd1bx7f6mq8ohj50u1k1k,94vr0cf5vsj2pxd0aotfdmpzo,H. Bruseth,Heine Bruseth,22.0,Midfielder,Norway,Midfielder,195.0,22.0,310.0,35.0,483.0,2.0,2.0,26.0,18.0,2.0,16.0,9.0,26.0,27.0,82.0,11.0,0.0,8.0,1302.0,2.0,14.0,42.0,13.0,15.0,0.0,0.0,85.04,47.3,36.67,50.0,11.11,53.95,15.38,60.0,1.3382513319038047,2.42629701000526,10.0,23.0,0.56250271,17.0,57.0,73.0,1.4346321999999996,214.0,13.47926267281106,1.5207373271889402,21.428571428571427,2.419354838709677,33.38709677419355,0.1382488479262673,0.1382488479262673,1.7972350230414746,1.2442396313364057,0.1382488479262673,1.1059907834101383,0.6221198156682027,1.7972350230414746,1.8663594470046083,5.668202764976958,0.7603686635944701,0.0,0.5529953917050692,0.1382488479262673,0.967741935483871,2.903225806451613,0.8986175115207373,1.036866359447005,0.0,0.0,85.04,47.3,36.67,50.0,11.11,53.95,15.38,60.0,0.0925058524357468,0.1677163831800871,0.6912442396313364,1.5898617511520736,0.0388826758064516,1.1751152073732718,3.9400921658986174,5.046082949308755,0.0991681244239631,14.7926267281106,CM/AM,82,90,80,92,79,18,64,84,59,7,90,82,74,73,78,38,15,54,20,21,98,77,62,48,49,78,56,84,59,12,82,14,32,42,84,85,60,54,80,82,84,54,76,78,88,70,92,76,12,58,76,32,2,88,72,50,46,66,22,15,32,14,6,98,62,42,48,49,78,56,84,59,12,82,14,32,20,78,82,34,28,76,78,82,36,64,Eliteserien
Kristiansund,uqspd1bx7f6mq8ohj50u1k1k,9tl4af3zrtweu8hkp7veoe8yd,Z. Bytyqi,Zymer Bytyqi,30.0,Attacker,Kosovo,Striker,16.0,5.0,34.0,4.0,45.0,2.0,2.0,6.0,5.0,3.0,2.0,2.0,5.0,6.0,7.0,3.0,0.0,1.0,227.0,1.0,14.0,3.0,2.0,0.0,0.0,0.0,80.36,80.0,22.73,40.0,20.0,41.18,40.0,0.0,0.3019999957796371,0.7911197162927945,0.0,12.0,0.45496652,5.0,4.0,6.0,1.0009102799999998,19.0,6.343612334801763,1.9823788546255507,13.480176211453744,1.5859030837004406,17.841409691629956,0.7929515418502203,0.7929515418502203,2.378854625550661,1.9823788546255507,1.1894273127753303,0.7929515418502203,0.7929515418502203,1.9823788546255507,2.378854625550661,2.775330396475771,1.1894273127753303,0.0,0.3964757709251101,0.3964757709251101,5.550660792951542,1.1894273127753303,0.7929515418502203,0.0,0.0,0.0,80.36,80.0,22.73,40.0,20.0,41.18,40.0,0.0,0.1197356811461116,0.3136597994112401,0.0,4.757709251101322,0.1803832017621145,1.9823788546255507,1.5859030837004406,2.378854625550661,0.3968366748898678,7.533039647577093,LW,8,62,8,33,8,29,79,25,21,17,25,25,8,8,8,33,17,17,8,17,17,12,8,54,54,67,92,67,67,8,42,75,8,8,33,8,17,17,29,21,21,33,8,67,92,25,92,25,75,100,92,42,25,75,75,17,25,17,75,17,58,8,50,33,17,8,54,54,67,92,67,67,8,42,75,8,25,92,8,58,83,67,58,50,92,33,Eliteserien
Kristiansund,uqspd1bx7f6mq8ohj50u1k1k,a7upy78sew3kqehgcfm9ho5ck,F. Flex,Frederik Flex,22.0,Defender,Denmark,Defender,190.0,6.0,285.0,21.0,469.0,16.0,0.0,8.0,5.0,0.0,5.0,0.0,12.0,13.0,53.0,63.0,0.0,12.0,1082.0,0.0,8.0,14.0,3.0,15.0,0.0,0.0,81.99,36.21,17.65,25.0,0.0,54.08,69.57,71.43,0.2976987515821737,0.5482051848230837,2.0,10.0,0.22734109,9.0,63.0,83.0,1.6159794700000014,269.0,15.804066543438076,0.499075785582255,23.70609981515712,1.7467652495378927,39.011090573012936,1.3308687615526802,0.0,0.6654343807763401,0.4158964879852125,0.0,0.4158964879852125,0.0,0.99815157116451,1.0813308687615526,4.408502772643253,5.240295748613678,0.0,0.99815157116451,0.0,0.6654343807763401,1.1645101663585953,0.2495378927911275,1.2476894639556375,0.0,0.0,81.99,36.21,17.65,25.0,0.0,54.08,69.57,71.43,0.0247623730521216,0.0455993222126409,0.166358595194085,0.8317929759704251,0.018910072181146,0.7486136783733827,5.240295748613678,6.903881700554528,0.1344160372458411,22.37523105360444,LB/LCB,57,46,52,39,52,67,28,35,35,11,70,15,52,52,52,87,26,61,15,17,72,39,65,37,50,65,43,17,9,15,70,96,72,35,30,41,20,17,26,70,78,39,61,30,39,70,30,52,70,28,30,30,11,57,15,52,57,43,96,26,61,15,17,70,30,48,37,50,65,43,17,9,15,70,96,72,26,26,43,17,22,30,70,83,22,65,Eliteserien
Kristiansund,uqspd1bx7f6mq8ohj50u1k1k,dt6oacdhzssj4bu3a9rp8jdas,H. Haugen,Haakon Haugen,19.0,Defender,Norway,Defender,68.0,0.0,86.0,7.0,154.0,11.0,0.0,4.0,2.0,1.0,1.0,1.0,4.0,4.0,25.0,22.0,0.0,4.0,581.0,0.0,4.0,6.0,3.0,3.0,0.0,0.0,82.8,41.18,0.0,75.0,0.0,50.0,50.0,60.0,0.2118715635334124,0.3041129154742128,0.0,4.0,0.10722493,3.0,16.0,18.0,0.3287689399999999,62.0,10.53356282271945,0.0,13.321858864027538,1.0843373493975903,23.855421686746983,1.7039586919104992,0.0,0.6196213425129088,0.3098106712564544,0.1549053356282272,0.1549053356282272,0.1549053356282272,0.6196213425129088,0.6196213425129088,3.87263339070568,3.4079173838209984,0.0,0.6196213425129088,0.0,0.6196213425129088,0.9294320137693632,0.4647160068846815,0.4647160068846815,0.0,0.0,82.8,41.18,0.0,75.0,0.0,50.0,50.0,60.0,0.0328200356592205,0.0471087132404116,0.0,0.6196213425129088,0.0166097137693631,0.4647160068846815,2.478485370051635,2.7882960413080893,0.0509280629948364,9.604130808950083,CB,3,34,13,7,7,25,39,71,21,17,58,43,63,62,22,21,38,11,19,20,48,75,16,39,51,21,34,34,82,19,20,23,33,18,66,28,15,21,39,14,16,11,3,5,34,10,8,5,33,39,87,20,20,70,59,70,70,33,16,38,11,19,26,74,82,11,39,51,21,34,34,82,19,20,23,33,21,79,28,23,28,57,13,15,5,5,Eliteserien
Kristiansund,uqspd1bx7f6mq8ohj50u1k1k,entijovrf5gijn9mx40zatgx5,J. Isaksen,Jesper Isaksen,26.0,Midfielder,Norway,Midfielder,134.0,0.0,172.0,5.0,306.0,18.0,0.0,3.0,8.0,8.0,0.0,0.0,10.0,10.0,63.0,22.0,0.0,10.0,845.0,0.0,16.0,22.0,5.0,13.0,0.0,0.0,83.61,17.24,0.0,50.0,0.0,62.38,66.67,72.22,1.037366088502814,0.2554196480279112,0.0,18.0,0.4210172,17.0,32.0,45.0,1.0490532899999998,144.0,14.272189349112423,0.0,18.31952662721893,0.5325443786982248,32.59171597633136,1.9171597633136093,0.0,0.3195266272189349,0.8520710059171597,0.8520710059171597,0.0,0.0,1.0650887573964496,1.0650887573964496,6.710059171597633,2.3431952662721893,0.0,1.0650887573964496,0.0,1.7041420118343191,2.3431952662721893,0.5325443786982248,1.3846153846153846,0.0,0.0,83.61,17.24,0.0,50.0,0.0,62.38,66.67,72.22,0.1104886958168677,0.0272044595532686,0.0,1.9171597633136093,0.0448420686390532,1.8106508875739644,3.4082840236686387,4.792899408284024,0.1117334865088757,15.337278106508876,LM/LCM,100,21,86,29,86,86,21,14,29,57,14,14,14,14,86,100,36,100,14,14,100,14,86,57,57,71,14,21,71,14,100,100,86,57,14,14,43,43,86,100,86,71,86,71,21,71,14,57,71,21,14,29,43,14,14,14,14,86,100,36,100,14,14,86,14,100,57,57,71,14,21,71,14,100,100,86,29,14,14,14,14,86,100,86,57,71,Eliteserien
Kristiansund,uqspd1bx7f6mq8ohj50u1k1k,evp0uxt65iugdfwf403qqub6c,L. Alvheim,Leander Alvheim,22.0,Attacker,Norway,Striker,44.0,0.0,106.0,6.0,150.0,67.0,0.0,12.0,46.0,36.0,10.0,9.0,22.0,24.0,107.0,39.0,10.0,10.0,1472.0,19.0,80.0,19.0,10.0,5.0,0.0,1.0,62.24,75.0,0.0,45.45,41.3,42.63,43.51,45.45,4.912837874903612,0.472895077046101,15.0,8.0,0.20090216,2.0,11.0,14.0,0.2807906899999999,58.0,2.690217391304348,0.0,6.480978260869565,0.3668478260869565,9.171195652173914,4.096467391304349,0.0,0.7336956521739131,2.8125,2.2010869565217392,0.6114130434782609,0.5502717391304348,1.345108695652174,1.4673913043478262,6.542119565217392,2.3845108695652177,0.6114130434782609,0.6114130434782609,1.1616847826086958,4.891304347826087,1.1616847826086958,0.6114130434782609,0.3057065217391304,0.0,0.061141304347826,62.24,75.0,0.0,45.45,41.3,42.63,43.51,45.45,0.3003773157210089,0.0289134218302643,0.9171195652173914,0.4891304347826087,0.0122834201086956,0.1222826086956521,0.672554347826087,0.8559782608695653,0.017167909035326,3.546195652173913,ST,50,19,62,65,62,97,17,65,90,87,86,83,64,69,95,97,95,88,92,87,72,63,47,49,100,5,88,19,64,56,59,77,23,85,36,97,36,26,26,67,62,15,64,13,19,21,41,15,92,17,31,72,62,77,62,38,41,85,95,90,77,72,62,44,46,26,49,100,5,88,19,64,56,59,77,23,59,5,82,10,10,21,46,33,5,28,Eliteserien
Lillestrøm,93xj9vmeln0marv6r1uti7but,1gnpoxdene6ohs2rrl1apd9zp,R. Gabrielsen,Ruben Gabrielsen,34.0,Defender,Norway,Defender,674.0,0.0,443.0,53.0,1117.0,37.0,0.0,4.0,6.0,6.0,0.0,1.0,2.0,2.0,55.0,93.0,1.0,19.0,1440.0,2.0,13.0,6.0,2.0,8.0,0.0,0.0,90.89,56.38,0.0,100.0,33.33,57.29,61.67,72.73,0.7392861848585839,0.4181105820301517,0.0,14.0,0.28920029,7.0,111.0,93.0,2.0063516500000014,760.0,42.125,0.0,27.6875,3.3125,69.8125,2.3125,0.0,0.25,0.375,0.375,0.0,0.0625,0.125,0.125,3.4375,5.8125,0.0625,1.1875,0.125,0.8125,0.375,0.125,0.5,0.0,0.0,90.89,56.38,0.0,100.0,33.33,57.29,61.67,72.73,0.0462053865536614,0.0261319113768844,0.0,0.875,0.018075018125,0.4375,6.9375,5.8125,0.125396978125,47.5,CB,93,34,92,85,92,82,39,71,61,71,25,43,34,34,66,84,84,89,72,60,48,59,48,39,51,89,87,34,93,70,43,62,66,66,75,28,67,59,73,92,89,85,95,90,34,80,67,89,56,39,48,33,48,25,31,28,26,20,57,79,66,57,33,18,44,18,39,51,89,87,34,93,70,43,62,66,36,59,28,36,33,54,84,72,64,89,Eliteserien
Lillestrøm,93xj9vmeln0marv6r1uti7but,1zso05h684yyan468qbxk55d6,S. Ottesen,Sturla Ottesen,25.0,Defender,Norway,Defender,209.0,4.0,207.0,10.0,412.0,20.0,0.0,3.0,10.0,6.0,4.0,2.0,11.0,12.0,50.0,35.0,0.0,11.0,862.0,2.0,25.0,12.0,3.0,12.0,0.0,0.0,82.24,31.25,33.33,27.27,20.0,54.95,57.14,80.0,1.0809650706232308,0.3778060664482137,1.0,20.0,0.43506516,15.0,25.0,28.0,0.8350074700000013,184.0,21.82134570765661,0.4176334106728538,21.612529002320187,1.0440835266821349,43.01624129930394,2.0881670533642693,0.0,0.3132250580046404,1.0440835266821349,0.6264501160092808,0.4176334106728538,0.2088167053364269,1.148491879350348,1.2529002320185616,5.220417633410673,3.654292343387471,0.0,1.148491879350348,0.2088167053364269,2.6102088167053363,1.2529002320185616,0.3132250580046404,1.2529002320185616,0.0,0.0,82.24,31.25,33.33,27.27,20.0,54.95,57.14,80.0,0.1128617823156505,0.0394461090259155,0.1044083526682134,2.0881670533642693,0.0454244366589327,1.566125290023202,2.6102088167053363,2.923433874709977,0.0871817544083528,19.21113689095128,CB,46,93,54,16,51,57,39,55,86,71,94,74,90,90,58,44,38,54,72,89,78,75,74,39,51,18,11,87,30,52,33,43,87,84,72,66,78,74,91,35,37,49,34,21,93,56,7,31,46,39,57,89,67,97,74,93,92,70,21,38,64,74,92,85,70,80,39,51,18,11,87,30,52,33,43,87,85,72,67,77,74,90,16,20,33,11,Eliteserien
Lillestrøm,93xj9vmeln0marv6r1uti7but,20i5y3j4afmbelygcf1hbnu2,L. Ranger,Lars Ranger,27.0,Defender,Norway,Defender,333.0,3.0,408.0,67.0,738.0,16.0,1.0,14.0,30.0,15.0,15.0,8.0,29.0,31.0,129.0,52.0,2.0,14.0,1551.0,8.0,44.0,39.0,12.0,39.0,0.0,0.0,79.7,53.17,25.0,41.38,26.67,59.45,53.33,62.9,2.455440683098269,1.010552434425627,13.0,48.0,1.1604601599999993,25.0,96.0,102.0,2.9234231800000003,401.0,19.32301740812379,0.1740812379110251,23.675048355899417,3.887814313346228,42.82398452611218,0.9284332688588008,0.058027079303675,0.8123791102514506,1.7408123791102514,0.8704061895551257,0.8704061895551257,0.4642166344294003,1.6827852998065762,1.7988394584139265,7.485493230174081,3.0174081237911023,0.11605415860735,0.8123791102514506,0.4642166344294003,2.553191489361702,2.263056092843327,0.6963249516441006,2.263056092843327,0.0,0.0,79.7,53.17,25.0,41.38,26.67,59.45,53.33,62.9,0.1424820512436132,0.0586394062529377,0.7543520309477756,2.7852998065764023,0.0673381137330754,1.4506769825918762,5.570599613152805,5.918762088974854,0.1696377087040619,23.268858800773693,RB/RCB,86,24,95,90,86,52,62,62,100,95,100,95,90,90,100,76,74,62,93,86,100,86,100,36,52,52,86,26,43,43,90,52,14,95,43,100,95,95,95,90,86,76,90,67,14,81,90,67,38,52,43,90,81,100,81,90,90,90,48,71,29,95,67,100,90,71,36,52,52,86,26,43,43,90,52,14,86,24,100,95,90,86,81,81,67,81,Eliteserien
Lillestrøm,93xj9vmeln0marv6r1uti7but,3n6b7ugoqnm6h02li6ca6iqs4,L. Alperud,Linus Alperud,20.0,Midfielder,Sweden,Midfielder,27.0,1.0,64.0,3.0,90.0,2.0,0.0,4.0,7.0,4.0,3.0,1.0,19.0,20.0,26.0,4.0,1.0,4.0,318.0,3.0,17.0,9.0,7.0,4.0,0.0,0.0,85.71,75.0,16.67,36.84,42.86,44.07,50.0,50.0,0.5436106738673135,0.4380249738764191,4.0,18.0,0.50052735,4.0,2.0,6.0,0.64865576,27.0,7.641509433962264,0.2830188679245283,18.11320754716981,0.8490566037735849,25.471698113207548,0.5660377358490566,0.0,1.1320754716981132,1.981132075471698,1.1320754716981132,0.8490566037735849,0.2830188679245283,5.377358490566038,5.660377358490567,7.358490566037736,1.1320754716981132,0.2830188679245283,1.1320754716981132,0.8490566037735849,4.811320754716982,2.547169811320755,1.981132075471698,1.1320754716981132,0.0,0.0,85.71,75.0,16.67,36.84,42.86,44.07,50.0,50.0,0.153852077509617,0.1239693322291752,1.1320754716981132,5.09433962264151,0.1416586839622641,1.1320754716981132,0.5660377358490566,1.69811320754717,0.1835818188679245,7.641509433962264,RM/RCM,29,17,25,38,25,25,12,21,17,17,33,12,50,54,33,33,33,46,21,25,42,29,21,50,50,100,92,33,17,58,42,83,25,17,25,42,50,50,25,8,8,25,17,67,25,67,42,67,58,12,33,58,50,58,33,100,100,92,58,58,92,50,67,92,100,58,50,50,100,92,33,17,58,42,83,25,33,33,83,100,92,75,8,25,50,33,Eliteserien
Lillestrøm,93xj9vmeln0marv6r1uti7but,3qjm9ada1em0wt6ti5l352q96,F. Elkær,Frederik Elkær,24.0,Defender,Denmark,Defender,178.0,17.0,199.0,24.0,360.0,11.0,2.0,20.0,8.0,1.0,7.0,3.0,6.0,6.0,37.0,34.0,0.0,4.0,815.0,1.0,11.0,4.0,2.0,10.0,0.0,0.0,81.82,40.0,22.37,33.33,12.5,52.11,47.83,50.0,0.4689880910193747,2.719566483166221,2.0,12.0,0.29318572,4.0,30.0,30.0,1.4396137100000006,133.0,19.656441717791413,1.8773006134969328,21.97546012269939,2.650306748466258,39.75460122699386,1.2147239263803682,0.2208588957055214,2.208588957055215,0.8834355828220859,0.1104294478527607,0.7730061349693251,0.3312883435582822,0.6625766871165645,0.6625766871165645,4.085889570552148,3.754601226993865,0.0,0.4417177914110429,0.1104294478527607,1.2147239263803682,0.4417177914110429,0.2208588957055214,1.1042944785276074,0.0,0.0,81.82,40.0,22.37,33.33,12.5,52.11,47.83,50.0,0.0517900959407898,0.3003202251349201,0.2208588957055214,1.325153374233129,0.0323763371779141,0.4417177914110429,3.312883435582822,3.312883435582822,0.1589757471165644,14.687116564417176,LB/LCB,52,89,39,61,43,50,83,87,50,26,80,59,22,22,24,61,26,22,33,28,20,24,24,37,50,61,61,30,26,30,48,52,13,39,91,41,28,26,13,37,28,22,30,65,83,48,74,65,57,91,87,61,30,91,70,30,22,22,74,26,13,30,39,26,22,35,37,50,61,61,30,26,30,48,52,13,48,91,61,30,30,9,43,26,39,26,Eliteserien
Lillestrøm,93xj9vmeln0marv6r1uti7but,4wbflb2rvkttnk2af8vnlw5qs,C. Jebara,Camil Jebara,23.0,Attacker,Sweden,Striker,10.0,5.0,72.0,1.0,77.0,2.0,0.0,5.0,3.0,3.0,0.0,1.0,9.0,9.0,18.0,4.0,1.0,1.0,320.0,1.0,19.0,5.0,5.0,3.0,0.0,0.0,76.24,25.0,41.67,55.56,33.33,52.94,25.0,50.0,0.3000827923243889,0.4895339951763324,1.0,16.0,0.5648689299999999,8.0,3.0,9.0,0.6711782099999999,30.0,2.8125,1.40625,20.25,0.28125,21.65625,0.5625,0.0,1.40625,0.84375,0.84375,0.0,0.28125,2.53125,2.53125,5.0625,1.125,0.28125,0.28125,0.28125,5.34375,1.40625,1.40625,0.84375,0.0,0.0,76.24,25.0,41.67,55.56,33.33,52.94,25.0,50.0,0.0843982853412343,0.1376814361433435,0.28125,4.5,0.1588693865625,2.25,0.84375,2.53125,0.1887688715624999,8.4375,RW,42,83,67,58,67,67,33,42,17,17,17,33,33,33,50,75,25,42,17,50,58,50,42,58,58,83,50,67,83,33,100,83,42,17,50,17,83,83,100,50,67,67,67,33,83,83,50,67,67,33,50,17,17,17,33,33,33,67,83,17,33,17,50,50,50,67,58,58,83,50,67,83,33,100,83,42,17,50,17,100,100,100,67,83,67,67,Eliteserien
Lillestrøm,93xj9vmeln0marv6r1uti7but,4ymmvsw7begr70g9n4km6vpih,Vá,Vladimiro Etson António Félix,28.0,Attacker,Angola,Striker,94.0,3.0,209.0,12.0,300.0,22.0,5.0,29.0,26.0,23.0,3.0,5.0,70.0,75.0,141.0,12.0,5.0,3.0,1630.0,11.0,96.0,51.0,26.0,27.0,0.0,0.0,74.26,57.14,14.29,37.14,42.31,53.21,48.89,64.29,3.814850112732573,2.7299890542903507,5.0,37.0,1.6283140799999998,12.0,15.0,21.0,2.27079427,109.0,5.190184049079755,0.1656441717791411,11.539877300613496,0.6625766871165645,16.564417177914113,1.2147239263803682,0.2760736196319018,1.6012269938650308,1.4355828220858895,1.2699386503067485,0.1656441717791411,0.2760736196319018,3.8650306748466257,4.141104294478528,7.785276073619632,0.6625766871165645,0.2760736196319018,0.1656441717791411,0.6073619631901841,5.300613496932516,2.815950920245399,1.4355828220858895,1.49079754601227,0.0,0.0,74.26,57.14,14.29,37.14,42.31,53.21,48.89,64.29,0.21063589579505,0.1507355919546819,0.2760736196319018,2.042944785276074,0.089906912392638,0.6625766871165645,0.8282208588957055,1.1595092024539877,0.1253812787116564,6.0184049079754605,LW,100,38,67,75,83,100,96,92,67,92,46,50,92,92,100,83,92,54,75,92,100,83,100,54,54,17,75,25,50,58,100,92,67,92,92,33,67,83,42,67,50,75,75,50,25,17,33,17,83,92,58,25,33,8,25,58,67,100,50,75,17,33,42,92,67,100,54,54,17,75,25,50,58,100,92,67,58,58,17,25,33,25,33,25,25,17,Eliteserien
Lillestrøm,93xj9vmeln0marv6r1uti7but,4zpydvaonu3oxdlc1fcln4lih,E. Kitolano,Eric Kitolano,29.0,Midfielder,Norway,Midfielder,59.0,0.0,85.0,8.0,144.0,6.0,0.0,9.0,8.0,5.0,3.0,6.0,10.0,10.0,29.0,15.0,0.0,6.0,663.0,0.0,27.0,12.0,3.0,4.0,1.0,0.0,70.59,34.78,0.0,30.0,0.0,44.62,40.0,50.0,0.9003047454049662,0.8106109383314605,3.0,13.0,0.49737505,4.0,8.0,8.0,0.7676810500000004,63.0,8.009049773755656,0.0,11.538461538461538,1.0859728506787332,19.5475113122172,0.8144796380090498,0.0,1.2217194570135748,1.0859728506787332,0.6787330316742082,0.4072398190045249,0.8144796380090498,1.3574660633484164,1.3574660633484164,3.936651583710408,2.0361990950226247,0.0,0.8144796380090498,0.0,3.665158371040724,1.6289592760180995,0.4072398190045249,0.5429864253393666,0.1357466063348416,0.0,70.59,34.78,0.0,30.0,0.0,44.62,40.0,50.0,0.1222133138558777,0.1100376839363973,0.4072398190045249,1.7647058823529411,0.0675169751131221,0.5429864253393666,1.0859728506787332,1.0859728506787332,0.1042100972850679,8.552036199095022,CM/AM,22,11,16,44,14,40,13,27,22,31,35,66,24,24,16,53,15,39,6,43,49,12,13,98,49,8,14,11,15,6,40,43,16,32,24,42,29,46,20,9,3,24,21,38,11,8,50,16,58,13,36,22,28,50,82,38,36,22,82,15,62,6,62,72,18,18,100,49,8,14,11,15,6,40,43,16,34,40,48,54,74,20,10,6,42,14,Eliteserien
Lillestrøm,93xj9vmeln0marv6r1uti7but,51wrvgnamem23vf9scuk4ezt,Y. Ibrahimaj,Ylldren Ibrahimaj,30.0,Attacker,Kosovo,Striker,391.0,19.0,470.0,36.0,842.0,6.0,2.0,26.0,20.0,10.0,10.0,11.0,15.0,15.0,47.0,44.0,0.0,26.0,1629.0,1.0,27.0,9.0,10.0,11.0,0.0,0.0,87.8,46.15,31.67,66.67,5.0,50.0,40.0,50.0,2.1907669497855458,2.70977704330408,4.0,38.0,0.8380161299999994,16.0,70.0,67.0,2.135987529999998,362.0,21.60220994475138,1.049723756906077,25.96685082872928,1.9889502762430933,46.51933701657458,0.3314917127071823,0.1104972375690607,1.43646408839779,1.1049723756906076,0.5524861878453038,0.5524861878453038,0.6077348066298343,0.8287292817679557,0.8287292817679557,2.596685082872928,2.430939226519337,0.0,1.43646408839779,0.0552486187845303,1.4917127071823204,0.4972375690607734,0.5524861878453038,0.6077348066298343,0.0,0.0,87.8,46.15,31.67,66.67,5.0,50.0,40.0,50.0,0.12103684805445,0.149711438856579,0.2209944751381215,2.0994475138121547,0.0462992337016574,0.8839779005524862,3.867403314917127,3.701657458563536,0.1180103607734805,20.0,ST,100,97,97,97,100,28,81,97,41,24,86,97,44,38,49,100,8,100,5,26,36,63,86,49,50,97,46,69,95,5,85,54,31,38,97,41,97,82,97,97,97,97,100,97,97,97,95,97,13,49,82,5,5,64,69,10,8,10,97,8,100,5,5,5,38,64,49,50,97,46,69,95,5,85,54,31,8,92,21,77,59,87,97,92,85,97,Eliteserien
Lillestrøm,93xj9vmeln0marv6r1uti7but,5lc81sbctf8okncyam1di568l,T. Lehne Olsen,Thomas Lehne Olsen,35.0,Attacker,Norway,Striker,52.0,1.0,59.0,2.0,110.0,24.0,1.0,5.0,28.0,23.0,5.0,5.0,12.0,12.0,37.0,24.0,5.0,0.0,920.0,12.0,40.0,6.0,2.0,3.0,0.0,0.0,63.58,50.0,100.0,16.67,42.86,43.02,52.17,60.0,3.525466218443976,0.4325445984429107,4.0,1.0,0.02401521,1.0,9.0,8.0,0.46464864,37.0,5.086956521739131,0.0978260869565217,5.771739130434783,0.1956521739130435,10.760869565217392,2.347826086956522,0.0978260869565217,0.4891304347826087,2.739130434782609,2.25,0.4891304347826087,0.4891304347826087,1.173913043478261,1.173913043478261,3.6195652173913047,2.347826086956522,0.4891304347826087,0.0,1.173913043478261,3.91304347826087,0.5869565217391305,0.1956521739130435,0.2934782608695652,0.0,0.0,63.58,50.0,100.0,16.67,42.86,43.02,52.17,60.0,0.3448825648477803,0.0423141454998499,0.391304347826087,0.0978260869565217,0.0023493140217391,0.0978260869565217,0.8804347826086957,0.782608695652174,0.0454547582608695,3.6195652173913047,ST,62,50,27,33,38,71,53,24,64,68,58,47,33,33,33,94,69,13,67,45,21,22,29,49,50,18,54,96,8,63,64,85,46,69,28,41,6,5,18,56,31,36,31,62,54,15,23,23,72,46,13,67,64,54,38,31,23,23,92,79,13,74,31,10,10,23,49,50,18,54,96,8,63,64,85,46,77,15,33,5,5,15,54,31,31,31,Eliteserien
Lillestrøm,93xj9vmeln0marv6r1uti7but,865wj533fx1l6pf8jd40uya6s,S. Kristiansen,Stian Kristiansen,27.0,Defender,Norway,Defender,306.0,0.0,160.0,36.0,466.0,19.0,0.0,2.0,3.0,3.0,0.0,2.0,2.0,2.0,46.0,50.0,0.0,13.0,724.0,1.0,5.0,19.0,2.0,4.0,0.0,0.0,81.61,37.11,0.0,100.0,33.33,67.65,57.58,57.14,0.4060218316432277,0.090357785134774,1.0,19.0,0.3683935,4.0,36.0,31.0,0.7682990000000002,264.0,38.03867403314917,0.0,19.88950276243094,4.475138121546961,57.928176795580114,2.361878453038674,0.0,0.2486187845303867,0.3729281767955801,0.3729281767955801,0.0,0.2486187845303867,0.2486187845303867,0.2486187845303867,5.718232044198895,6.2154696132596685,0.0,1.6160220994475138,0.1243093922651933,0.6215469613259669,2.361878453038674,0.2486187845303867,0.4972375690607735,0.0,0.0,81.61,37.11,0.0,100.0,33.33,67.65,57.58,57.14,0.0504723271379702,0.0112323213565326,0.1243093922651933,2.361878453038674,0.0457947720994475,0.4972375690607735,4.475138121546961,3.8535911602209945,0.0955067817679558,32.81767955801105,CB,57,34,44,67,52,55,39,39,32,43,25,74,34,34,51,56,38,67,49,29,100,59,23,39,51,15,16,34,93,70,89,48,28,39,33,66,74,69,51,48,43,41,52,84,34,49,90,70,61,39,46,31,46,25,80,44,43,79,70,38,87,56,28,98,61,16,39,51,15,16,34,93,70,89,48,28,41,38,79,85,75,61,56,34,43,59,Eliteserien
Lillestrøm,93xj9vmeln0marv6r1uti7but,8he8k86ayqx3x5ee2a0jsfuy2,Y. Paintsil,Yaw Paintsil,27.0,Midfielder,Norway,Midfielder,95.0,0.0,162.0,2.0,257.0,12.0,1.0,9.0,7.0,4.0,3.0,3.0,29.0,30.0,55.0,21.0,0.0,8.0,773.0,0.0,22.0,16.0,13.0,10.0,0.0,0.0,81.07,50.0,0.0,44.83,0.0,52.38,46.15,71.43,0.8576013734461997,0.7189199666798158,5.0,10.0,0.32919046,3.0,25.0,18.0,0.7585265999999997,122.0,11.060802069857695,0.0,18.861578266494178,0.2328589909443726,29.92238033635188,1.3971539456662354,0.1164294954721863,1.0478654592496766,0.815006468305304,0.4657179818887452,0.3492884864165588,0.3492884864165588,3.3764553686934025,3.492884864165589,6.403622250970246,2.445019404915912,0.0,0.9314359637774904,0.0,2.5614489003880982,1.8628719275549808,1.5135834411384217,1.1642949547218628,0.0,0.0,81.07,50.0,0.0,44.83,0.0,52.38,46.15,71.43,0.099850095226595,0.0837034890054119,0.5821474773609314,1.1642949547218628,0.0383274791720569,0.3492884864165588,2.9107373868046573,2.095730918499353,0.0883148693402328,14.204398447606728,CM/AM,52,11,42,10,44,68,40,27,15,21,35,34,78,78,51,75,15,54,6,36,71,77,40,48,49,54,63,11,41,6,74,56,73,30,18,58,21,28,12,49,29,22,48,62,11,60,6,56,80,46,22,14,22,36,34,94,92,80,92,15,74,6,42,84,90,54,48,49,54,63,11,41,6,74,56,73,22,24,66,24,26,6,66,22,24,62,Eliteserien
Lillestrøm,93xj9vmeln0marv6r1uti7but,9fu1wk5unisycn8mt5j1p04ph,F. Gulbrandsen,Fredrik Gulbrandsen,34.0,Attacker,Norway,Striker,45.0,2.0,76.0,4.0,119.0,16.0,1.0,10.0,20.0,16.0,4.0,1.0,23.0,23.0,47.0,6.0,6.0,2.0,944.0,11.0,39.0,11.0,11.0,4.0,0.0,0.0,69.59,50.0,66.67,47.83,55.0,33.33,25.81,44.44,4.187656959478881,0.5944323090032224,5.0,11.0,0.39962689,6.0,6.0,10.0,0.46228883,44.0,4.290254237288136,0.1906779661016949,7.245762711864407,0.3813559322033898,11.345338983050848,1.5254237288135593,0.0953389830508474,0.9533898305084746,1.9067796610169487,1.5254237288135593,0.3813559322033898,0.0953389830508474,2.192796610169492,2.192796610169492,4.4809322033898304,0.5720338983050848,0.5720338983050848,0.1906779661016949,1.048728813559322,3.718220338983051,1.048728813559322,1.048728813559322,0.3813559322033898,0.0,0.0,69.59,50.0,66.67,47.83,55.0,33.33,25.81,44.44,0.3992469558825204,0.0566725718329343,0.4766949152542373,1.048728813559322,0.0381000212923728,0.5720338983050848,0.5720338983050848,0.9533898305084746,0.0440741469279661,4.194915254237288,ST,56,71,44,56,44,54,53,53,41,45,47,12,68,64,49,38,83,41,62,41,54,71,40,49,50,36,54,88,72,90,18,18,21,77,44,51,55,51,68,41,46,33,45,44,69,28,49,31,49,44,51,31,38,38,10,72,69,46,33,87,36,62,28,31,85,33,49,50,36,54,88,72,90,18,18,21,87,31,46,56,51,59,36,44,28,38,Eliteserien
Lillestrøm,93xj9vmeln0marv6r1uti7but,9ol3wyx7gs29bpbhg4osrwovd,K. Krygård,Kevin Krygård,26.0,Midfielder,Norway,Midfielder,119.0,0.0,125.0,6.0,244.0,6.0,0.0,0.0,0.0,0.0,0.0,0.0,6.0,6.0,25.0,9.0,0.0,2.0,347.0,0.0,2.0,5.0,1.0,7.0,0.0,0.0,87.14,46.15,0.0,16.67,0.0,62.5,0.0,50.0,0.0,0.0,0.0,0.0,0.0,0.0,0.0,0.0,0.0,0.0,30.86455331412104,0.0,32.4207492795389,1.5561959654178674,63.28530259365994,1.5561959654178674,0.0,0.0,0.0,0.0,0.0,0.0,1.5561959654178674,1.5561959654178674,6.484149855907781,2.334293948126801,0.0,0.5187319884726225,0.0,0.5187319884726225,1.296829971181556,0.2593659942363112,1.8155619596541783,0.0,0.0,87.14,46.15,0.0,16.67,0.0,62.5,0.0,50.0,0.0,0.0,0.0,0.0,0.0,0.0,0.0,0.0,0.0,0.0,DM/CM,29,18,18,11,25,34,25,7,5,5,7,7,25,25,11,18,25,5,12,7,11,14,18,46,48,75,39,18,11,12,93,7,21,5,7,9,5,5,5,5,5,5,5,96,18,89,32,96,71,25,7,5,5,7,7,79,79,79,82,25,7,12,18,57,25,79,46,48,75,39,18,11,12,93,7,21,5,7,9,5,5,5,5,5,5,5,Eliteserien
Lillestrøm,93xj9vmeln0marv6r1uti7but,b78fvaj5k1l5x9puq3lm2tvxl,S. Foss,Sander Foss,27.0,Defender,Norway,Defender,288.0,0.0,226.0,34.0,514.0,18.0,0.0,2.0,3.0,2.0,1.0,0.0,5.0,5.0,28.0,59.0,0.0,7.0,770.0,1.0,2.0,3.0,3.0,2.0,0.0,0.0,86.1,44.16,0.0,60.0,33.33,49.12,50.0,50.0,0.3193583414717521,0.1480828245852544,0.0,7.0,0.14813778,3.0,46.0,42.0,1.0999701900000012,350.0,33.66233766233766,0.0,26.415584415584416,3.9740259740259742,60.07792207792208,2.103896103896104,0.0,0.2337662337662337,0.3506493506493506,0.2337662337662337,0.1168831168831168,0.0,0.5844155844155844,0.5844155844155844,3.272727272727273,6.896103896103896,0.0,0.8181818181818182,0.1168831168831168,0.2337662337662337,0.3506493506493506,0.3506493506493506,0.2337662337662337,0.0,0.0,86.1,44.16,0.0,60.0,33.33,49.12,50.0,50.0,0.0373275983538411,0.0173083820943803,0.0,0.8181818181818182,0.0173148054545454,0.3506493506493506,5.376623376623376,4.909090909090909,0.1285679442857144,40.90909090909091,CB,54,34,59,62,57,52,39,39,32,31,58,14,73,73,30,61,38,32,49,8,21,75,10,39,51,52,41,34,67,70,15,23,11,31,44,28,33,36,39,60,54,57,62,70,34,74,84,77,48,39,42,26,31,61,14,67,67,16,85,38,23,51,5,16,75,5,39,51,52,41,34,67,70,15,23,11,30,48,28,31,30,39,69,62,67,80,Eliteserien
Lillestrøm,93xj9vmeln0marv6r1uti7but,ccopiyu1000x10abjmm81l9uc,H. Melland,Henrik Melland,21.0,Midfielder,Norway,Midfielder,54.0,10.0,152.0,11.0,196.0,11.0,1.0,18.0,27.0,19.0,8.0,12.0,20.0,20.0,42.0,16.0,3.0,1.0,890.0,5.0,41.0,9.0,6.0,11.0,0.0,0.0,77.47,61.11,37.04,30.0,18.52,39.62,47.83,68.75,2.8076091396949554,1.3139766222772535,6.0,14.0,0.36490054,7.0,32.0,31.0,1.2960743800000003,106.0,5.46067415730337,1.0112359550561798,15.370786516853933,1.1123595505617978,19.820224719101123,1.1123595505617978,0.1011235955056179,1.820224719101124,2.730337078651685,1.9213483146067416,0.8089887640449438,1.2134831460674156,2.02247191011236,2.02247191011236,4.247191011235955,1.6179775280898876,0.3033707865168539,0.1011235955056179,0.5056179775280899,4.146067415730337,0.9101123595505618,0.6067415730337078,1.1123595505617978,0.0,0.0,77.47,61.11,37.04,30.0,18.52,39.62,47.83,68.75,0.2839155309803887,0.1328740404550031,0.6067415730337078,1.4157303370786516,0.0369000546067415,0.7078651685393258,3.235955056179775,3.134831460674157,0.1310637013483146,10.719101123595506,CM/AM,18,73,38,52,30,62,40,61,75,80,74,91,62,57,30,60,70,8,51,68,32,36,45,48,49,24,84,86,15,18,21,62,66,76,50,65,37,32,38,59,49,42,44,14,68,30,56,18,68,38,78,94,90,78,100,64,60,32,70,78,6,44,72,32,38,50,48,49,24,84,86,15,18,21,62,66,92,54,72,26,24,42,70,50,48,38,Eliteserien
Lillestrøm,93xj9vmeln0marv6r1uti7but,d95uicftg11gdyf5yk2ntt1jo,D. Bassi,Daniel Bassi,21.0,Attacker,Norway,Striker,19.0,2.0,90.0,1.0,107.0,2.0,1.0,5.0,4.0,3.0,1.0,1.0,15.0,16.0,14.0,2.0,0.0,1.0,376.0,2.0,26.0,2.0,5.0,4.0,0.0,0.0,81.68,50.0,16.67,33.33,50.0,33.33,25.0,80.0,0.4733950872561284,0.5352550595082277,2.0,31.0,1.0457672599999996,5.0,2.0,6.0,0.8078932799999999,32.0,4.547872340425531,0.4787234042553191,21.54255319148936,0.2393617021276595,25.611702127659573,0.4787234042553191,0.2393617021276595,1.1968085106382975,0.9574468085106382,0.7180851063829787,0.2393617021276595,0.2393617021276595,3.590425531914893,3.829787234042553,3.351063829787234,0.4787234042553191,0.0,0.2393617021276595,0.4787234042553191,6.223404255319148,0.4787234042553191,1.1968085106382975,0.9574468085106382,0.0,0.0,81.68,50.0,16.67,33.33,50.0,33.33,25.0,80.0,0.1133126538644988,0.1281195621163311,0.4787234042553191,7.420212765957446,0.2503166313829786,1.1968085106382975,0.4787234042553191,1.4361702127659577,0.1933787106382978,7.659574468085106,LW,17,25,25,8,25,29,46,17,8,17,8,12,33,33,17,12,17,17,17,25,8,33,33,54,54,83,54,33,25,83,8,38,100,25,25,17,42,50,29,8,21,17,25,25,58,58,17,58,42,75,33,8,17,25,17,50,50,25,42,17,33,25,67,8,42,58,54,54,83,54,33,25,83,8,38,100,17,42,33,100,100,33,17,33,58,42,Eliteserien
Lillestrøm,93xj9vmeln0marv6r1uti7but,dg8g9ml1e0kwq0e6m1rpj2sph,E. Garnås,Espen Garnås,31.0,Defender,Norway,Defender,141.0,0.0,89.0,12.0,230.0,14.0,0.0,0.0,1.0,1.0,0.0,0.0,1.0,1.0,23.0,19.0,0.0,7.0,291.0,1.0,3.0,5.0,1.0,3.0,0.0,0.0,85.82,50.0,0.0,100.0,100.0,60.53,63.64,100.0,0.2233090029197866,0.0,0.0,7.0,0.14502288,2.0,25.0,22.0,0.4688757799999996,162.0,43.608247422680414,0.0,27.525773195876287,3.711340206185567,71.1340206185567,4.329896907216495,0.0,0.0,0.3092783505154639,0.3092783505154639,0.0,0.0,0.3092783505154639,0.3092783505154639,7.11340206185567,5.876288659793814,0.0,2.164948453608248,0.3092783505154639,0.9278350515463918,1.5463917525773196,0.3092783505154639,0.9278350515463918,0.0,0.0,85.82,50.0,0.0,100.0,100.0,60.53,63.64,100.0,0.0690646400782845,0.0,0.0,2.164948453608248,0.044852437113402,0.6185567010309279,7.731958762886598,6.804123711340206,0.1450131278350514,50.103092783505154,CB,27,34,16,20,23,35,39,8,10,17,25,14,21,20,17,13,38,32,49,13,42,36,16,39,51,43,67,34,93,99,67,67,97,21,10,28,33,34,27,35,24,16,26,95,34,79,77,90,95,39,8,18,39,25,14,52,50,93,61,38,98,87,41,90,69,59,39,51,43,67,34,93,99,67,67,97,54,10,28,79,72,72,92,84,77,90,Eliteserien
Lillestrøm,93xj9vmeln0marv6r1uti7but,edbd8rzppbzcfekw83i1psufo,G. Nyheim,Gustav Nyheim,20.0,Attacker,Norway,Striker,155.0,0.0,171.0,9.0,326.0,24.0,2.0,11.0,15.0,12.0,3.0,5.0,16.0,16.0,96.0,17.0,4.0,19.0,1195.0,6.0,35.0,31.0,7.0,16.0,0.0,0.0,73.92,34.62,0.0,43.75,40.0,49.74,42.11,47.06,1.6705168211174783,0.8273689299699127,0.0,17.0,0.39886698,11.0,19.0,21.0,0.8783669900000001,133.0,11.673640167364017,0.0,12.878661087866108,0.6778242677824268,24.552301255230123,1.807531380753138,0.1506276150627615,0.8284518828451882,1.1297071129707112,0.903765690376569,0.2259414225941422,0.3765690376569037,1.205020920502092,1.205020920502092,7.230125523012552,1.2803347280334727,0.301255230125523,1.4309623430962342,0.4518828451882845,2.6359832635983262,2.334728033472804,0.5271966527196652,1.205020920502092,0.0,0.0,73.92,34.62,0.0,43.75,40.0,49.74,42.11,47.06,0.1258129823435757,0.0623123043491984,0.0,1.2803347280334727,0.030040190962343,0.8284518828451882,1.4309623430962342,1.5815899581589956,0.0661531624267782,10.01673640167364,ST,95,19,87,86,92,71,81,56,24,29,37,47,51,44,90,83,60,97,33,31,96,49,95,49,50,54,31,19,62,50,82,67,26,26,54,8,69,49,90,82,82,72,87,95,19,77,85,90,59,67,41,10,13,21,23,36,28,87,64,46,97,13,8,95,31,92,49,50,54,31,19,62,50,82,67,26,13,41,8,64,36,85,72,67,54,87,Eliteserien
Molde,45v50owpvshpijizwwlcw4lni,10jjf6ittt34mqsrihtotv1g4,D. Daga,Daniel Daga,19.0,Midfielder,Nigeria,Midfielder,153.0,0.0,181.0,11.0,334.0,26.0,0.0,4.0,15.0,8.0,7.0,1.0,9.0,9.0,52.0,14.0,2.0,13.0,622.0,4.0,10.0,9.0,3.0,4.0,1.0,0.0,86.3,47.83,0.0,33.33,26.67,57.78,74.29,28.57,1.4664102278627356,0.1964545874780112,6.0,16.0,0.34103542,5.0,25.0,25.0,0.6084086600000002,162.0,22.138263665594856,0.0,26.18971061093248,1.5916398713826363,48.32797427652733,3.762057877813505,0.0,0.5787781350482315,2.170418006430868,1.157556270096463,1.012861736334405,0.1446945337620578,1.3022508038585208,1.3022508038585208,7.524115755627009,2.02572347266881,0.2893890675241157,1.8810289389067525,0.5787781350482315,1.4469453376205788,1.3022508038585208,0.4340836012861736,0.5787781350482315,0.1446945337620578,0.0,86.3,47.83,0.0,33.33,26.67,57.78,74.29,28.57,0.2121815442245115,0.0284259049405482,0.8681672025723473,2.315112540192926,0.0493459610932475,0.7234726688102894,3.617363344051447,3.617363344051447,0.0880334073954984,23.440514469453376,DM/CM,39,18,36,27,39,93,25,29,70,79,62,23,39,38,61,36,91,50,68,55,43,36,7,95,48,68,43,18,34,50,82,96,4,75,25,73,50,50,36,25,29,25,36,68,18,68,39,68,93,25,39,100,93,93,32,57,57,86,61,93,86,93,61,61,54,7,100,48,68,43,18,34,50,82,96,4,100,25,96,89,86,54,36,43,29,71,Eliteserien
Molde,45v50owpvshpijizwwlcw4lni,1fa7jrmfyw2tmkhxt3xg4a95,B. Risa,Birk Risa,28.0,Defender,Norway,Defender,720.0,1.0,554.0,102.0,1273.0,35.0,0.0,3.0,4.0,2.0,2.0,0.0,5.0,5.0,62.0,64.0,0.0,12.0,1455.0,0.0,4.0,13.0,1.0,9.0,0.0,0.0,89.77,56.04,33.33,20.0,0.0,59.62,59.32,69.23,0.4017216626202236,0.281240253534148,1.0,36.0,0.6974621199999999,6.0,156.0,147.0,3.04247593,896.0,44.5360824742268,0.0618556701030927,34.2680412371134,6.309278350515464,78.74226804123711,2.164948453608248,0.0,0.1855670103092783,0.2474226804123711,0.1237113402061855,0.1237113402061855,0.0,0.3092783505154639,0.3092783505154639,3.835051546391752,3.958762886597938,0.0,0.7422680412371133,0.0,0.2474226804123711,0.8041237113402061,0.0618556701030927,0.556701030927835,0.0,0.0,89.77,56.04,33.33,20.0,0.0,59.62,59.32,69.23,0.0248487626363024,0.0173963043423184,0.0618556701030927,2.22680412371134,0.0431419868041237,0.3711340206185566,9.649484536082474,9.09278350515464,0.1881943874226804,55.42268041237113,CB,97,72,97,100,98,79,39,55,39,31,75,14,73,73,74,64,38,61,19,20,83,36,52,39,51,83,85,87,26,19,62,59,52,38,62,66,92,89,67,97,97,98,98,97,70,93,98,92,49,39,36,16,16,66,14,52,50,30,28,38,18,19,7,66,31,25,39,51,83,85,87,26,19,62,59,52,18,49,57,82,69,44,93,93,92,93,Eliteserien
Molde,45v50owpvshpijizwwlcw4lni,2cxec9t3rzoa5eja6sg06e1p0,O. Spiten-Nysæter,Oskar Spiten-Nysæter,19.0,Attacker,Norway,Striker,62.0,11.0,178.0,7.0,229.0,2.0,1.0,14.0,29.0,20.0,9.0,8.0,49.0,54.0,55.0,3.0,3.0,7.0,684.0,8.0,47.0,13.0,25.0,10.0,0.0,0.0,81.21,53.85,32.35,51.02,27.59,48.25,33.33,66.67,2.208393202901928,1.5270255929119538,11.0,33.0,1.0692491899999996,18.0,13.0,29.0,1.32672196,78.0,8.157894736842106,1.4473684210526316,23.42105263157895,0.9210526315789476,30.13157894736842,0.2631578947368421,0.131578947368421,1.842105263157895,3.8157894736842106,2.631578947368421,1.1842105263157896,1.0526315789473684,6.447368421052632,7.105263157894737,7.236842105263158,0.3947368421052631,0.3947368421052631,0.9210526315789476,1.0526315789473684,6.184210526315789,1.7105263157894737,3.2894736842105265,1.3157894736842106,0.0,0.0,81.21,53.85,32.35,51.02,27.59,48.25,33.33,66.67,0.2905780530134116,0.2009244201199939,1.4473684210526316,4.342105263157895,0.1406906828947368,2.368421052631579,1.7105263157894737,3.8157894736842106,0.1745686789473684,10.263157894736842,LW,75,92,50,58,50,29,46,58,83,67,83,75,75,75,58,33,75,88,54,58,58,75,88,54,54,75,67,83,92,25,83,67,79,50,58,83,50,58,83,58,79,58,50,92,83,67,50,75,25,25,75,100,100,83,92,100,100,92,25,92,100,67,58,83,100,92,54,54,75,67,83,92,25,83,67,79,92,83,83,50,50,83,67,92,50,75,Eliteserien
Molde,45v50owpvshpijizwwlcw4lni,3m81rmpqzm0j40978dmjig38q,M. Løvik,Mathias Løvik,22.0,Defender,Norway,Defender,69.0,3.0,85.0,9.0,151.0,4.0,0.0,4.0,2.0,0.0,2.0,0.0,4.0,4.0,10.0,5.0,0.0,1.0,316.0,0.0,7.0,3.0,0.0,2.0,0.0,0.0,79.89,40.91,23.08,0.0,0.0,41.67,50.0,66.67,0.1311452510616969,0.3804428837454272,1.0,9.0,0.2797855,5.0,25.0,28.0,0.6054439500000003,72.0,19.651898734177216,0.8544303797468354,24.20886075949367,2.5632911392405062,43.00632911392405,1.139240506329114,0.0,1.139240506329114,0.569620253164557,0.0,0.569620253164557,0.0,1.139240506329114,1.139240506329114,2.848101265822785,1.4240506329113924,0.0,0.2848101265822785,0.0,1.993670886075949,0.8544303797468354,0.0,0.569620253164557,0.0,0.0,79.89,40.91,23.08,0.0,0.0,41.67,50.0,66.67,0.0373514955555465,0.1083539858768621,0.2848101265822785,2.5632911392405062,0.079685743670886,1.4240506329113924,7.120253164556962,7.974683544303797,0.1724365680379747,20.50632911392405,CB,5,89,11,12,5,2,39,71,21,6,75,14,63,62,5,2,38,3,19,38,21,13,10,39,51,10,31,75,13,19,3,23,47,11,74,66,47,54,61,35,37,30,5,20,97,67,49,30,15,39,98,56,6,98,14,92,90,8,2,38,3,19,87,70,13,30,39,51,10,31,75,13,19,3,23,47,31,95,97,89,92,89,85,89,89,15,Eliteserien
Molde,45v50owpvshpijizwwlcw4lni,3qe0mkctopr68r841nrp2740k,S. Kabini,Samukele Kabini,22.0,Defender,South Africa,Defender,318.0,4.0,380.0,17.0,694.0,11.0,1.0,11.0,8.0,6.0,2.0,0.0,25.0,29.0,68.0,31.0,1.0,18.0,1290.0,5.0,33.0,9.0,13.0,25.0,1.0,0.0,87.41,48.57,19.05,52.0,62.5,54.4,52.38,71.43,0.8146038579261704,1.0155622874556054,3.0,39.0,1.0097613899999995,29.0,88.0,79.0,2.52776685,346.0,22.186046511627907,0.2790697674418604,26.51162790697674,1.1860465116279069,48.41860465116279,0.7674418604651162,0.0697674418604651,0.7674418604651162,0.5581395348837209,0.4186046511627906,0.1395348837209302,0.0,1.744186046511628,2.0232558139534884,4.744186046511628,2.1627906976744184,0.0697674418604651,1.255813953488372,0.3488372093023256,2.302325581395349,0.627906976744186,0.9069767441860463,1.744186046511628,0.0697674418604651,0.0,87.41,48.57,19.05,52.0,62.5,54.4,52.38,71.43,0.0568328272971746,0.0708531828457399,0.2093023255813953,2.7209302325581395,0.0704484690697674,2.0232558139534884,6.13953488372093,5.511627906976744,0.176355826744186,24.13953488372093,LB/LCB,78,30,74,26,65,50,61,52,50,59,35,15,83,91,74,57,67,76,78,65,43,91,87,85,50,87,91,22,70,91,74,70,72,57,48,63,70,70,78,91,70,74,78,78,17,83,17,78,30,57,43,43,61,30,15,70,70,61,26,61,87,74,57,39,70,87,91,50,87,91,22,70,91,74,70,72,57,43,52,57,57,83,87,57,52,70,Eliteserien
Molde,45v50owpvshpijizwwlcw4lni,5p8387bgyjiuekkccl4j6kamt,E. Hestad,Eirik Hestad,31.0,Midfielder,Norway,Midfielder,137.0,10.0,313.0,18.0,440.0,6.0,2.0,31.0,25.0,25.0,0.0,2.0,19.0,19.0,59.0,21.0,8.0,6.0,1161.0,12.0,70.0,23.0,9.0,15.0,1.0,0.0,85.11,69.23,18.87,47.37,48.0,60.2,0.0,71.43,3.022538284468385,3.0895535261843,4.0,34.0,1.2787559699999995,13.0,32.0,50.0,1.7154156900000002,161.0,10.62015503875969,0.7751937984496123,24.26356589147287,1.3953488372093024,34.10852713178294,0.4651162790697674,0.1550387596899224,2.4031007751937983,1.937984496124031,1.937984496124031,0.0,0.1550387596899224,1.4728682170542635,1.4728682170542635,4.573643410852713,1.627906976744186,0.6201550387596899,0.4651162790697674,0.9302325581395348,5.426356589147287,1.7829457364341086,0.6976744186046512,1.162790697674419,0.0775193798449612,0.0,85.11,69.23,18.87,47.37,48.0,60.2,0.0,71.43,0.2343052933696422,0.2395002733476201,0.3100775193798449,2.635658914728682,0.0991283697674418,1.007751937984496,2.48062015503876,3.875968992248062,0.1329779604651162,12.48062015503876,RM/RCM,92,71,83,75,83,50,50,75,75,100,12,29,50,42,67,92,100,62,67,83,83,54,71,100,50,92,75,50,62,75,92,8,67,83,75,42,67,83,67,83,83,50,83,92,58,83,75,100,42,25,75,50,92,12,8,25,25,50,92,92,42,67,83,58,33,67,100,50,92,75,50,62,75,92,8,67,75,83,25,58,75,58,67,75,17,92,Eliteserien
Molde,45v50owpvshpijizwwlcw4lni,5w0p51an11m21e5hnpjtukx04,J. Abdullai,Jalal Abdullai,21.0,Attacker,Ghana,Striker,35.0,3.0,59.0,1.0,91.0,17.0,3.0,12.0,35.0,25.0,10.0,9.0,18.0,18.0,42.0,3.0,3.0,2.0,899.0,9.0,51.0,10.0,7.0,5.0,0.0,0.0,76.47,25.0,60.0,38.89,25.71,35.59,40.48,62.5,5.375843908110055,1.040915426472705,11.0,10.0,0.49123603,3.0,4.0,11.0,0.54927102,27.0,3.503893214682981,0.3003337041156841,5.906562847608454,0.100111234705228,9.110122358175753,1.7018909899888766,0.3003337041156841,1.2013348164627364,3.503893214682981,2.5027808676307006,1.0011123470522802,0.9010011123470524,1.8020022246941043,1.8020022246941043,4.204671857619577,0.3003337041156841,0.3003337041156841,0.200222469410456,0.9010011123470524,5.10567296996663,1.0011123470522802,0.7007786429365962,0.5005561735261401,0.0,0.0,76.47,25.0,60.0,38.89,25.71,35.59,40.48,62.5,0.538182371223476,0.1042073285679014,1.1012235817575082,1.0011123470522802,0.0491782454949944,0.3003337041156841,0.4004449388209121,1.1012235817575082,0.0549882,2.703003337041157,ST,35,81,27,15,23,62,92,65,78,74,86,83,59,55,41,12,51,41,49,64,44,49,47,49,50,64,15,85,47,15,26,56,51,87,69,82,47,59,36,24,51,54,18,26,79,18,13,13,56,92,69,95,85,92,95,62,51,38,10,44,38,46,69,26,59,49,49,50,64,15,85,47,15,26,56,51,95,74,92,54,62,33,18,54,44,13,Eliteserien
Molde,45v50owpvshpijizwwlcw4lni,6mzoir7lrrfehbzgu7gmnwyl0,S. Granaas,Sondre Granaas,20.0,Midfielder,Norway,Midfielder,190.0,5.0,393.0,31.0,578.0,2.0,4.0,24.0,34.0,24.0,10.0,9.0,23.0,24.0,67.0,8.0,3.0,7.0,1143.0,10.0,56.0,21.0,11.0,24.0,0.0,0.0,84.38,72.09,19.23,47.83,29.41,53.6,25.0,72.73,3.059708037477622,1.887465351795264,11.0,43.0,1.4671448299999992,21.0,73.0,71.0,2.089335280000002,283.0,14.960629921259844,0.3937007874015748,30.94488188976378,2.440944881889764,45.51181102362205,0.1574803149606299,0.3149606299212598,1.88976377952756,2.677165354330709,1.88976377952756,0.7874015748031497,0.7086614173228347,1.811023622047244,1.88976377952756,5.275590551181103,0.6299212598425197,0.2362204724409449,0.5511811023622047,0.7874015748031497,4.409448818897638,1.6535433070866143,0.8661417322834646,1.88976377952756,0.0,0.0,84.38,72.09,19.23,47.83,29.41,53.6,25.0,72.73,0.2409218927147734,0.1486193190389971,0.8661417322834646,3.3858267716535435,0.1155232149606298,1.6535433070866143,5.748031496062993,5.590551181102363,0.1645145889763781,22.283464566929133,CM/AM,78,55,86,89,84,18,86,79,85,88,80,82,67,66,72,26,70,45,83,80,81,67,86,48,49,72,98,32,54,48,78,22,78,78,70,91,90,90,87,91,82,76,86,88,52,94,96,96,14,86,82,90,88,76,80,52,50,64,12,66,30,72,78,78,58,84,48,49,72,98,32,54,48,78,22,78,84,66,90,92,92,92,96,90,74,90,Eliteserien
Molde,45v50owpvshpijizwwlcw4lni,7fsqcwqftmk6lms6f6u8lpdlg,S. Kilen,Sander Kilen,21.0,Attacker,Norway,Striker,63.0,5.0,265.0,15.0,323.0,19.0,2.0,25.0,27.0,21.0,6.0,10.0,52.0,57.0,86.0,18.0,2.0,8.0,1352.0,6.0,79.0,18.0,33.0,9.0,0.0,0.0,75.12,46.88,18.52,63.46,22.22,45.74,42.22,52.94,2.902821497546306,1.9911744052421392,6.0,55.0,1.724413279999999,25.0,31.0,29.0,1.3077044700000005,132.0,4.193786982248521,0.3328402366863905,17.640532544378697,0.9985207100591716,21.50147928994083,1.264792899408284,0.1331360946745562,1.6642011834319528,1.797337278106509,1.3979289940828403,0.3994082840236686,0.665680473372781,3.4615384615384617,3.794378698224852,5.724852071005917,1.198224852071006,0.1331360946745562,0.5325443786982249,0.3994082840236686,5.258875739644971,1.198224852071006,2.196745562130177,0.599112426035503,0.0,0.0,75.12,46.88,18.52,63.46,22.22,45.74,42.22,52.94,0.193235158860331,0.1325485920649353,0.3994082840236686,3.661242603550296,0.1147908248520709,1.6642011834319528,2.0636094674556213,1.930473372781065,0.0870513330621302,8.78698224852071,LW,83,62,92,92,92,92,79,83,75,75,67,83,83,83,92,100,62,100,42,83,75,92,75,54,54,33,42,50,100,17,67,83,42,67,75,46,92,92,100,92,79,50,83,17,33,50,67,42,92,33,67,33,42,33,58,42,42,67,83,42,75,17,33,42,83,50,54,54,33,42,50,100,17,67,83,42,42,50,25,42,42,58,92,42,8,58,Eliteserien
Molde,45v50owpvshpijizwwlcw4lni,7gyujwlamvn0rpi5492r7yp04,S. Hansen,Sivert Hansen,24.0,Defender,Norway,Defender,680.0,0.0,489.0,46.0,1169.0,72.0,2.0,8.0,14.0,11.0,3.0,1.0,7.0,7.0,121.0,110.0,0.0,25.0,1556.0,1.0,22.0,18.0,6.0,21.0,0.0,0.0,87.83,45.54,0.0,85.71,7.14,67.98,71.29,80.77,1.7183995512102876,0.6554130624891101,3.0,17.0,0.33151775,12.0,107.0,104.0,2.4735425499999977,759.0,39.33161953727507,0.0,28.2840616966581,2.660668380462725,67.61568123393316,4.16452442159383,0.1156812339331619,0.4627249357326478,0.8097686375321337,0.6362467866323908,0.1735218508997429,0.0578406169665809,0.4048843187660668,0.4048843187660668,6.9987146529562985,6.362467866323908,0.0,1.4460154241645244,0.0578406169665809,1.2724935732647815,1.0411311053984575,0.3470437017994859,1.2146529562982007,0.0,0.0,87.83,45.54,0.0,85.71,7.14,67.98,71.29,80.77,0.0993932902370989,0.0379094959023264,0.1735218508997429,0.9832904884318768,0.0191751911953727,0.6940874035989718,6.188946015424165,6.015424164524422,0.1430712271850898,43.90102827763496,CB,95,34,93,78,93,100,99,92,92,89,87,43,79,79,100,93,38,100,49,84,98,91,92,39,51,59,49,34,85,38,90,84,90,92,90,94,70,64,88,89,93,93,93,85,34,82,52,87,92,90,72,72,70,75,30,57,57,92,79,38,80,43,62,80,74,79,39,51,59,49,34,85,38,90,84,90,74,67,87,38,36,74,75,79,75,85,Eliteserien
Molde,45v50owpvshpijizwwlcw4lni,864mk13xqt9p7s22wdsdhnpat,M. Linnes,Martin Linnes,34.0,Defender,Norway,Defender,131.0,9.0,202.0,16.0,324.0,6.0,1.0,10.0,10.0,7.0,3.0,5.0,16.0,16.0,51.0,14.0,1.0,13.0,763.0,2.0,26.0,15.0,8.0,15.0,1.0,0.0,83.08,43.24,32.14,50.0,20.0,57.95,75.0,68.18,0.9727517871209584,1.1255458815610475,2.0,13.0,0.38887728,12.0,43.0,47.0,2.30723605,193.0,15.4521625163827,1.0615989515072084,23.82699868938401,1.887287024901704,38.21756225425951,0.7077326343381389,0.1179554390563564,1.1795543905635648,1.1795543905635648,0.8256880733944955,0.3538663171690694,0.5897771952817824,1.887287024901704,1.887287024901704,6.015727391874181,1.651376146788991,0.1179554390563564,1.5334207077326345,0.2359108781127129,3.066841415465269,1.769331585845347,0.943643512450852,1.769331585845347,0.1179554390563564,0.0,83.08,43.24,32.14,50.0,20.0,57.95,75.0,68.18,0.114741364142708,0.1327642586376071,0.2359108781127129,1.5334207077326345,0.0458701903014416,1.415465268676278,5.072083879423329,5.543905635648755,0.2721510412844037,22.7653997378768,CB,21,98,51,36,34,8,87,98,86,77,87,98,98,98,61,7,84,67,72,91,93,98,84,87,51,25,39,84,55,52,51,92,51,77,98,84,61,70,88,56,57,90,38,8,98,64,26,18,3,92,100,95,84,85,98,98,98,80,5,90,85,79,98,93,100,97,88,51,25,39,84,55,52,51,92,51,89,100,89,61,77,87,66,70,98,21,Eliteserien
Molde,45v50owpvshpijizwwlcw4lni,8vhzs9rcya583sk97l78t81ec,T. Koné-Doherty,Trent Koné-Doherty,20.0,Attacker,Republic of Ireland,Striker,44.0,6.0,99.0,1.0,137.0,1.0,1.0,9.0,23.0,18.0,5.0,3.0,14.0,14.0,19.0,3.0,6.0,1.0,547.0,16.0,44.0,7.0,5.0,3.0,0.0,0.0,87.82,100.0,31.58,35.71,69.57,38.78,14.29,50.0,2.750876305569706,0.9855853660059204,5.0,23.0,0.96853839,4.0,3.0,10.0,1.26271177,40.0,7.239488117001828,0.9872029250457038,16.288848263254113,0.1645338208409506,22.54113345521024,0.1645338208409506,0.1645338208409506,1.480804387568556,3.784277879341865,2.961608775137112,0.8226691042047533,0.4936014625228519,2.303473491773309,2.303473491773309,3.126142595978062,0.4936014625228519,0.9872029250457038,0.1645338208409506,2.6325411334552102,7.239488117001828,1.1517367458866543,0.8226691042047533,0.4936014625228519,0.0,0.0,87.82,100.0,31.58,35.71,69.57,38.78,14.29,50.0,0.4526121892162222,0.1621621260338809,0.8226691042047533,3.784277879341865,0.1593573219378427,0.6581352833638026,0.4936014625228519,1.6453382084095065,0.2077587921389396,6.581352833638026,ST,50,88,54,15,50,5,53,47,51,55,58,27,37,36,10,12,83,31,81,54,27,40,29,49,50,100,96,67,40,100,38,8,31,56,62,51,83,90,45,19,46,87,38,79,95,90,21,85,5,72,85,97,97,85,44,79,77,18,21,97,31,100,95,36,72,46,49,50,100,96,67,40,100,38,8,31,90,97,79,97,100,72,26,72,97,67,Eliteserien
Molde,45v50owpvshpijizwwlcw4lni,97aigdp5c2m2sd1eoq143q8kp,H. Stenevik,Halldor Stenevik,26.0,Defender,Norway,Defender,205.0,15.0,269.0,16.0,459.0,11.0,1.0,19.0,5.0,2.0,3.0,0.0,20.0,21.0,61.0,31.0,0.0,11.0,1079.0,1.0,31.0,11.0,8.0,21.0,0.0,0.0,79.83,32.65,30.0,40.0,20.0,55.96,61.11,67.74,0.563694393416787,2.2914405047565456,3.0,20.0,0.52272817,11.0,25.0,27.0,2.811972789999999,202.0,17.099165894346616,1.2511584800741429,22.43744207599629,1.3345690454124188,38.28544949026877,0.917516218721038,0.0834105653382761,1.5848007414272474,0.4170528266913809,0.1668211306765523,0.2502316960148285,0.0,1.6682113067655235,1.7516218721037995,5.088044485634847,2.5857275254865617,0.0,0.917516218721038,0.0834105653382761,2.5857275254865617,0.917516218721038,0.6672845227062094,1.7516218721037995,0.0,0.0,79.83,32.65,30.0,40.0,20.0,55.96,61.11,67.74,0.0470180680329108,0.1911303479407683,0.2502316960148285,1.6682113067655235,0.0436010521779425,0.917516218721038,2.0852641334569046,2.252085264133457,0.2345482401297497,16.84893419833179,RB/RCB,52,86,57,43,52,38,62,90,19,14,52,7,81,79,57,40,26,48,24,71,62,79,60,36,52,57,29,52,36,24,71,95,45,29,90,52,55,57,43,29,29,71,43,57,95,71,19,62,33,62,95,14,14,52,7,86,86,52,33,26,38,19,71,43,81,62,36,52,57,29,52,36,24,71,95,45,19,90,57,52,52,43,19,19,90,43,Eliteserien
Molde,45v50owpvshpijizwwlcw4lni,9g3owudnlgr4ubsltc3ezq4us,K. Lonebu,Kristian Lonebu,20.0,Attacker,Norway,Striker,61.0,0.0,113.0,4.0,174.0,17.0,1.0,15.0,36.0,33.0,3.0,9.0,24.0,25.0,53.0,4.0,6.0,0.0,1299.0,20.0,79.0,21.0,11.0,3.0,0.0,0.0,77.33,57.14,0.0,45.83,55.56,35.1,27.87,75.0,3.766380635394208,1.1289103222848698,14.0,33.0,1.0896363499999997,14.0,9.0,15.0,0.4963547599999999,54.0,4.226327944572748,0.0,7.829099307159353,0.277136258660508,12.055427251732102,1.1778290993071594,0.069284064665127,1.039260969976905,2.4942263279445727,2.286374133949192,0.207852193995381,0.6235565819861432,1.6628175519630484,1.7321016166281755,3.672055427251732,0.277136258660508,0.4157043879907621,0.0,1.3856812933025404,5.4734411085450345,1.4549653579676671,0.7621247113163973,0.207852193995381,0.0,0.0,77.33,57.14,0.0,45.83,55.56,35.1,27.87,75.0,0.2609501594961345,0.0782154957703143,0.9699769053117784,2.286374133949192,0.0754944353348729,0.9699769053117784,0.6235565819861432,1.039260969976905,0.0343894752886835,3.741339491916859,ST,67,19,67,56,67,62,53,79,82,82,37,83,76,74,62,19,83,13,95,85,77,71,29,49,50,69,72,19,68,92,23,23,85,74,79,95,95,95,94,56,69,44,56,41,19,38,31,36,41,36,59,59,69,18,72,49,49,26,8,72,13,90,79,72,67,15,49,50,69,72,19,68,92,23,23,85,49,51,85,87,85,92,44,49,18,33,Eliteserien
Molde,45v50owpvshpijizwwlcw4lni,9mt0cpw6rkuv6ndn4jbon6hg5,E. Haugan,Eirik Haugan,29.0,Defender,Norway,Defender,179.0,0.0,83.0,3.0,262.0,8.0,0.0,0.0,3.0,3.0,0.0,0.0,4.0,4.0,28.0,18.0,0.0,6.0,282.0,2.0,3.0,9.0,2.0,5.0,0.0,0.0,92.58,23.08,0.0,50.0,66.67,66.67,57.14,55.56,0.4390283616758033,0.0,0.0,4.0,0.07245388,1.0,16.0,9.0,0.28993514,164.0,57.12765957446808,0.0,26.48936170212766,0.9574468085106383,83.61702127659575,2.5531914893617023,0.0,0.0,0.9574468085106383,0.9574468085106383,0.0,0.0,1.2765957446808511,1.2765957446808511,8.936170212765958,5.74468085106383,0.0,1.9148936170212767,0.6382978723404256,0.9574468085106383,2.872340425531915,0.6382978723404256,1.5957446808510638,0.0,0.0,92.58,23.08,0.0,50.0,66.67,66.67,57.14,55.56,0.140115434577384,0.0,0.0,1.2765957446808511,0.0231235787234042,0.3191489361702128,5.1063829787234045,2.872340425531915,0.0925324914893617,52.340425531914896,CB,36,34,10,2,25,17,39,8,32,43,25,14,63,62,30,11,38,25,72,13,66,59,31,39,51,95,3,34,55,97,85,43,22,41,10,28,15,13,16,14,2,7,28,100,34,75,5,93,72,39,8,84,92,25,14,95,93,100,56,38,93,100,46,100,90,90,39,51,95,3,34,55,97,85,43,22,98,10,28,49,41,36,67,18,41,92,Eliteserien
Molde,45v50owpvshpijizwwlcw4lni,b95r3rmf3rzra4sp1mkutd5ka,C. Zady Sery,Caleb Zady Sery,26.0,Attacker,Côte d'Ivoire,Striker,60.0,1.0,190.0,2.0,249.0,4.0,1.0,7.0,15.0,10.0,5.0,5.0,35.0,36.0,45.0,9.0,1.0,2.0,593.0,5.0,42.0,11.0,17.0,8.0,0.0,0.0,84.98,33.33,8.33,48.57,33.33,51.72,28.57,61.54,1.2319388442011387,0.4717386325974839,8.0,34.0,0.9293015999999996,16.0,12.0,19.0,0.9384540100000002,97.0,9.106239460370997,0.1517706576728499,28.836424957841487,0.3035413153456998,37.79089376053963,0.6070826306913997,0.1517706576728499,1.0623946037099494,2.2765598650927488,1.5177065767284992,0.7588532883642496,0.7588532883642496,5.311973018549748,5.463743676222597,6.829679595278247,1.3659359190556493,0.1517706576728499,0.3035413153456998,0.7588532883642496,6.3743676222596966,1.669477234401349,2.5801011804384486,1.2141652613827991,0.0,0.0,84.98,33.33,8.33,48.57,33.33,51.72,28.57,61.54,0.1869721685971374,0.071596082519011,1.2141652613827991,5.160202360876897,0.1410407150084316,2.4283305227655987,1.821247892074199,2.8836424957841484,0.1424297822934233,14.721753794266442,LW,67,12,58,21,67,67,46,33,33,33,58,50,58,58,50,62,42,38,33,38,46,67,58,54,54,92,17,8,83,38,92,50,58,33,17,67,58,42,62,50,42,25,67,100,17,83,25,92,58,50,25,67,50,67,67,92,92,83,92,58,42,50,75,67,92,75,54,54,92,17,8,83,38,92,50,58,33,17,75,75,58,92,75,75,33,92,Eliteserien
Molde,45v50owpvshpijizwwlcw4lni,bvge4go6le5olm1wq9ooogedx,V. Hoff,Vebjørn Hoff,30.0,Midfielder,Norway,Midfielder,267.0,12.0,290.0,24.0,545.0,2.0,0.0,7.0,6.0,2.0,4.0,1.0,6.0,6.0,34.0,13.0,1.0,15.0,911.0,4.0,9.0,15.0,2.0,10.0,0.0,0.0,87.2,54.55,27.91,33.33,66.67,53.97,16.67,66.67,0.3843673158509623,0.7514766457760647,2.0,19.0,0.42745122,9.0,41.0,56.0,1.3610226900000006,220.0,26.37760702524698,1.185510428100988,28.64983534577388,2.371020856201976,53.84193194291987,0.1975850713501646,0.0,0.6915477497255763,0.592755214050494,0.1975850713501646,0.3951701427003293,0.0987925356750823,0.592755214050494,0.592755214050494,3.3589462129527994,1.2843029637760703,0.0987925356750823,1.481888035126235,0.3951701427003293,0.889132821075741,1.481888035126235,0.1975850713501646,0.9879253567508232,0.0,0.0,87.2,54.55,27.91,33.33,66.67,53.97,16.67,66.67,0.0379726217635418,0.074240283336823,0.1975850713501646,1.8770581778265645,0.0422289899012074,0.889132821075741,4.050493962678376,5.5323819978046105,0.1344588826564215,21.734357848518112,DM/CM,80,96,62,71,61,14,25,50,36,34,41,23,25,25,30,30,66,64,68,46,79,25,41,46,48,79,68,54,34,96,46,14,66,32,57,32,57,57,64,50,68,57,50,82,96,71,68,79,11,25,68,25,29,39,14,21,21,14,18,75,68,79,36,79,18,39,46,48,79,68,54,34,96,46,14,66,21,71,25,68,68,64,46,82,61,57,Eliteserien
Molde,45v50owpvshpijizwwlcw4lni,cdqa1j5yeh8u9ll0ijx28oyj9,M. Møller Dæhli,Mats Møller Dæhli,31.0,Midfielder,Norway,Midfielder,267.0,2.0,306.0,17.0,571.0,2.0,0.0,6.0,2.0,1.0,1.0,1.0,9.0,9.0,34.0,17.0,0.0,10.0,715.0,0.0,13.0,8.0,6.0,13.0,0.0,0.0,91.07,45.95,33.33,66.67,0.0,60.71,33.33,72.22,0.1347269152842727,0.3276251535744677,1.0,40.0,0.9202929399999996,19.0,60.0,65.0,1.51639087,299.0,33.60839160839161,0.2517482517482517,38.51748251748251,2.13986013986014,71.87412587412587,0.2517482517482517,0.0,0.7552447552447552,0.2517482517482517,0.1258741258741258,0.1258741258741258,0.1258741258741258,1.132867132867133,1.132867132867133,4.27972027972028,2.13986013986014,0.0,1.2587412587412588,0.0,1.6363636363636362,1.0069930069930069,0.7552447552447552,1.6363636363636362,0.0,0.0,91.07,45.95,33.33,66.67,0.0,60.71,33.33,72.22,0.0169586326931252,0.0412395298205623,0.1258741258741258,5.034965034965035,0.1158410693706293,2.391608391608392,7.552447552447552,8.181818181818182,0.1908743752447552,37.63636363636363,DM/CM,80,55,68,46,79,14,25,41,14,18,16,23,39,38,30,54,25,36,12,62,32,61,55,46,48,100,36,68,79,12,86,34,86,11,36,21,93,93,100,68,71,68,71,100,57,100,57,100,18,25,71,11,18,14,21,50,50,36,71,25,39,12,64,43,75,71,46,48,100,36,68,79,12,86,34,86,11,43,18,100,100,100,96,96,96,100,Eliteserien
Molde,45v50owpvshpijizwwlcw4lni,cv38uxcibt3cwwj54m9ydg86i,E. Breivik,Emil Breivik,26.0,Midfielder,Norway,Midfielder,260.0,5.0,407.0,31.0,662.0,8.0,7.0,40.0,41.0,29.0,12.0,8.0,37.0,39.0,73.0,20.0,7.0,18.0,1794.0,17.0,91.0,21.0,13.0,19.0,0.0,0.0,77.52,53.45,25.0,35.14,41.46,40.11,24.24,59.38,4.154027762892819,3.3302733906185007,9.0,41.0,1.1379062299999994,21.0,52.0,75.0,2.808061880000001,325.0,13.043478260869565,0.2508361204013378,20.418060200668897,1.5551839464882944,33.21070234113712,0.4013377926421405,0.3511705685618729,2.0066889632107023,2.05685618729097,1.4548494983277591,0.6020066889632107,0.4013377926421405,1.8561872909698995,1.9565217391304348,3.662207357859532,1.0033444816053512,0.3511705685618729,0.903010033444816,0.8528428093645485,4.565217391304348,1.0535117056856187,0.6521739130434783,0.9531772575250836,0.0,0.0,77.52,53.45,25.0,35.14,41.46,40.11,24.24,59.38,0.2083960416166966,0.1670705714357107,0.451505016722408,2.05685618729097,0.0570855968227424,1.0535117056856187,2.608695652173913,3.762541806020067,0.1408726695652174,16.304347826086957,CM/AM,92,55,88,89,90,51,98,98,95,94,85,76,90,88,74,71,93,91,94,92,81,77,74,48,49,26,72,45,22,66,26,20,28,96,96,79,88,84,87,80,86,88,92,76,38,64,80,72,30,96,92,72,72,66,52,56,56,16,40,86,72,76,80,42,46,38,48,49,26,72,45,22,66,26,20,28,70,76,58,64,68,64,50,66,56,76,Eliteserien
Molde,45v50owpvshpijizwwlcw4lni,dfinorpyitke7fsso0fkgz28k,N. Ødegård,Niklas Ødegård,22.0,Midfielder,Norway,Midfielder,85.0,0.0,106.0,6.0,191.0,14.0,1.0,9.0,9.0,6.0,3.0,4.0,13.0,16.0,42.0,24.0,0.0,8.0,652.0,2.0,17.0,6.0,9.0,10.0,0.0,0.0,75.49,22.22,0.0,69.23,22.22,50.6,56.0,76.92,0.7880623156228828,0.7905138459620558,3.0,16.0,0.48972072,7.0,20.0,25.0,1.00392465,99.0,11.733128834355828,0.0,14.631901840490798,0.8282208588957055,26.365030674846626,1.9325153374233128,0.1380368098159509,1.2423312883435582,1.2423312883435582,0.8282208588957055,0.4141104294478527,0.5521472392638037,1.794478527607362,2.208588957055215,5.7975460122699385,3.312883435582822,0.0,1.1042944785276074,0.2760736196319018,2.3466257668711656,0.8282208588957055,1.2423312883435582,1.3803680981595092,0.0,0.0,75.49,22.22,0.0,69.23,22.22,50.6,56.0,76.92,0.1087816079847537,0.1091200094119402,0.4141104294478527,2.208588957055215,0.0675994858895705,0.9662576687116564,2.7607361963190185,3.450920245398773,0.1385785559815951,13.66564417177914,CM/AM,44,11,22,29,26,76,40,27,29,37,35,46,37,45,30,84,15,54,20,30,17,58,40,48,49,18,2,11,93,25,62,82,92,26,22,42,47,44,38,43,38,34,36,70,11,24,42,48,92,56,38,30,36,54,58,48,64,70,100,15,82,26,34,28,74,66,48,49,18,2,11,93,25,62,82,92,24,38,50,72,76,56,56,62,52,58,Eliteserien
Rosenborg,c7jgkxx1czv5etn7snf1r6p2m,2u8ylwu9kogk0jorpe517812i,A. Pereira,Adrian Pereira,27.0,Defender,Norway,Defender,130.0,4.0,233.0,32.0,359.0,8.0,0.0,11.0,14.0,13.0,1.0,1.0,40.0,43.0,55.0,12.0,1.0,10.0,826.0,8.0,38.0,17.0,10.0,12.0,0.0,0.0,76.87,44.44,14.81,25.0,57.14,40.44,50.0,60.0,1.3042469598502546,1.0540217398055869,2.0,22.0,0.5786031699999999,14.0,40.0,52.0,1.914822550000001,163.0,14.164648910411625,0.4358353510895884,25.387409200968523,3.4866828087167074,39.11622276029056,0.8716707021791769,0.0,1.198547215496368,1.5254237288135597,1.4164648910411624,0.1089588377723971,0.1089588377723971,4.358353510895884,4.685230024213076,5.99273607748184,1.3075060532687652,0.1089588377723971,1.089588377723971,0.8716707021791769,4.14043583535109,1.8523002421307508,1.089588377723971,1.3075060532687652,0.0,0.0,76.87,44.44,14.81,25.0,57.14,40.44,50.0,60.0,0.142109232913466,0.1148449837560566,0.2179176755447942,2.397094430992736,0.0630439289346247,1.5254237288135597,4.358353510895884,5.665859564164649,0.2086368395883778,17.760290556900728,LB/LCB,30,30,43,72,39,39,28,52,67,89,20,39,96,96,59,11,67,54,91,83,91,70,39,37,50,22,78,13,9,87,4,57,30,70,52,41,48,48,65,48,48,52,43,26,35,78,91,57,39,28,61,83,96,22,39,100,100,87,9,70,74,96,78,96,87,52,37,50,22,78,13,9,87,4,57,30,83,61,57,48,48,52,57,65,70,39,Eliteserien
Rosenborg,c7jgkxx1czv5etn7snf1r6p2m,3uqgza8elvm9h2b4pcacv1ivp,J. Svensson,Jonas Svensson,33.0,Defender,Norway,Defender,141.0,2.0,207.0,13.0,346.0,8.0,1.0,6.0,7.0,4.0,3.0,2.0,5.0,5.0,52.0,13.0,1.0,11.0,647.0,2.0,17.0,15.0,2.0,19.0,0.0,0.0,82.78,37.14,66.67,40.0,28.57,65.0,50.0,70.37,0.4998450508534057,0.481313878713164,2.0,13.0,0.29627609,15.0,45.0,49.0,1.1281510400000003,184.0,19.613601236476043,0.2782071097372488,28.79443585780525,1.8083462132921173,48.129829984544045,1.1128284389489953,0.1391035548686244,0.8346213292117465,0.973724884080371,0.5564142194744977,0.4173106646058732,0.2782071097372488,0.6955177743431221,0.6955177743431221,7.233384853168469,1.8083462132921173,0.1391035548686244,1.5301391035548686,0.2782071097372488,2.364760432766615,2.0865533230293662,0.2782071097372488,2.642967542503864,0.0,0.0,82.78,37.14,66.67,40.0,28.57,65.0,50.0,70.37,0.069530223457197,0.066952471536607,0.2782071097372488,1.8083462132921173,0.0412130573415765,2.0865533230293662,6.259659969088099,6.816074188562596,0.1569298200927357,25.59505409582689,CB,27,83,54,24,39,17,87,84,71,54,87,74,73,73,63,5,84,54,72,75,93,59,90,39,51,20,18,100,41,62,82,23,56,44,80,84,61,62,91,57,59,61,34,18,87,85,20,49,11,93,92,87,61,95,85,72,72,95,7,93,84,82,89,95,66,100,39,51,20,18,100,41,62,82,23,56,56,92,92,70,66,95,77,85,84,30,Eliteserien
Rosenborg,c7jgkxx1czv5etn7snf1r6p2m,4xnll2f9tb69wrezm04ayg76y,E. Ceïde,Emil Ceïde,25.0,Attacker,Norway,Striker,86.0,8.0,430.0,13.0,508.0,3.0,5.0,38.0,39.0,28.0,11.0,12.0,77.0,82.0,81.0,15.0,5.0,2.0,1640.0,17.0,130.0,29.0,34.0,8.0,0.0,0.0,74.49,50.0,27.59,44.16,43.59,46.02,25.0,53.33,3.878627735857245,3.544832786967339,16.0,93.0,3.06697459,23.0,36.0,51.0,3.917754069999996,225.0,4.719512195121951,0.4390243902439024,23.59756097560976,0.7134146341463415,27.87804878048781,0.1646341463414634,0.274390243902439,2.0853658536585367,2.1402439024390243,1.5365853658536586,0.6036585365853658,0.6585365853658537,4.225609756097561,4.5,4.445121951219512,0.8231707317073171,0.274390243902439,0.1097560975609756,0.9329268292682928,7.134146341463415,1.5914634146341464,1.8658536585365848,0.4390243902439024,0.0,0.0,74.49,50.0,27.59,44.16,43.59,46.02,25.0,53.33,0.2128515220897268,0.1945335066018661,0.8780487804878049,5.103658536585366,0.1683095811585366,1.2621951219512195,1.975609756097561,2.798780487804878,0.2149986989634144,12.347560975609756,LW,92,75,100,83,100,54,96,100,100,100,92,100,100,100,83,92,92,38,100,100,83,100,58,54,54,25,54,75,75,67,75,38,50,100,100,100,100,100,92,100,100,100,100,42,50,75,42,67,17,83,83,58,58,58,50,83,83,42,58,67,8,58,92,50,75,33,54,54,25,54,75,75,67,75,38,50,67,75,58,67,75,42,83,67,75,83,Eliteserien
Rosenborg,c7jgkxx1czv5etn7snf1r6p2m,544reefy86rc8827sl3xh3oph,O. Selnæs,Ole Selnæs,32.0,Midfielder,Norway,Midfielder,307.0,27.0,512.0,46.0,792.0,27.0,8.0,27.0,5.0,4.0,1.0,1.0,11.0,11.0,84.0,46.0,1.0,27.0,1258.0,1.0,15.0,10.0,5.0,26.0,1.0,0.0,85.71,52.87,30.34,45.45,20.0,62.69,69.23,60.47,0.4964280464374909,2.9920430865398977,1.0,30.0,0.7067870599999999,9.0,78.0,83.0,3.283402269999998,406.0,21.96343402225755,1.931637519872814,36.629570747217805,3.29093799682035,56.66136724960254,1.931637519872814,0.5723370429252782,1.931637519872814,0.3577106518282988,0.2861685214626391,0.0715421303656597,0.0715421303656597,0.7869634340222575,0.7869634340222575,6.009538950715421,3.29093799682035,0.0715421303656597,1.931637519872814,0.0715421303656597,1.0731319554848966,0.7154213036565977,0.3577106518282988,1.860095389507154,0.0715421303656597,0.0,85.71,52.87,30.34,45.45,20.0,62.69,69.23,60.47,0.0355155200154007,0.2140571365569084,0.0715421303656597,2.146263910969793,0.0505650519872813,0.643879173290938,5.580286168521463,5.9379968203497615,0.2349015932432431,29.04610492845787,CM/AM,94,96,98,98,98,92,100,88,9,21,11,9,28,28,80,100,42,99,13,24,39,28,92,98,49,82,70,62,46,22,100,100,36,10,88,10,74,64,54,94,92,94,98,100,96,98,98,98,90,100,86,4,14,8,6,16,16,74,98,42,98,12,12,20,16,82,98,49,82,70,62,46,22,100,100,36,4,86,4,68,54,28,94,94,92,98,Eliteserien
Rosenborg,c7jgkxx1czv5etn7snf1r6p2m,5xgx325eede1ap2sipgqdpyzu,J. Bakke,Johan Bakke,22.0,Midfielder,Norway,Midfielder,20.0,1.0,26.0,2.0,45.0,1.0,0.0,2.0,2.0,1.0,1.0,2.0,6.0,6.0,9.0,3.0,0.0,3.0,271.0,0.0,3.0,1.0,0.0,5.0,0.0,0.0,73.77,40.0,100.0,0.0,0.0,31.03,20.0,71.43,0.1970819326420997,0.2456994348168619,1.0,7.0,0.1731029,3.0,5.0,9.0,0.35901219,24.0,6.642066420664206,0.3321033210332103,8.634686346863468,0.6642066420664207,14.944649446494465,0.3321033210332103,0.0,0.6642066420664207,0.6642066420664207,0.3321033210332103,0.3321033210332103,0.6642066420664207,1.992619926199262,1.992619926199262,2.988929889298893,0.996309963099631,0.0,0.996309963099631,0.0,0.996309963099631,0.3321033210332103,0.0,1.6605166051660516,0.0,0.0,73.77,40.0,100.0,0.0,0.0,31.03,20.0,71.43,0.0654515643460847,0.0815975982786626,0.3321033210332103,2.3247232472324724,0.0574880479704797,0.996309963099631,1.6605166051660516,2.988929889298893,0.1192291405904059,7.970479704797048,CM/AM,6,26,2,10,2,12,13,4,2,3,11,19,10,9,4,10,15,24,6,2,4,3,22,48,49,10,31,100,3,6,6,16,73,2,6,10,11,10,12,6,6,8,2,28,46,2,26,6,22,13,6,12,18,32,76,62,58,10,38,15,78,6,10,8,3,78,48,49,10,31,100,3,6,6,16,73,10,20,36,74,70,60,28,44,46,10,Eliteserien
Rosenborg,c7jgkxx1czv5etn7snf1r6p2m,606hufq6dapf3qxcgilbc8tt5,S. Nordli,Simen Nordli,26.0,Midfielder,Norway,Midfielder,52.0,2.0,138.0,3.0,188.0,4.0,0.0,13.0,18.0,13.0,5.0,3.0,19.0,20.0,35.0,6.0,4.0,4.0,701.0,8.0,28.0,21.0,5.0,4.0,0.0,0.0,80.34,27.27,20.0,26.32,44.44,47.3,57.14,66.67,1.6249538363039502,1.076246267420857,3.0,13.0,0.39622055,6.0,10.0,18.0,0.7978884300000002,85.0,6.676176890156919,0.2567760342368045,17.717546362339515,0.3851640513552068,24.13694721825963,0.5135520684736091,0.0,1.6690442225392297,2.3109843081312413,1.6690442225392297,0.6419400855920114,0.3851640513552068,2.439372325249644,2.5677603423680457,4.49358059914408,0.7703281027104137,0.5135520684736091,0.5135520684736091,1.0271041369472182,3.594864479315264,2.696148359486448,0.6419400855920114,0.5135520684736091,0.0,0.0,80.34,27.27,20.0,26.32,44.44,47.3,57.14,66.67,0.208624600952005,0.1381771242052455,0.3851640513552068,1.6690442225392297,0.0508699707560627,0.7703281027104137,1.2838801711840229,2.3109843081312413,0.1024393134094151,10.912981455064196,CM/AM,16,33,28,15,24,29,13,38,59,61,59,34,55,57,22,18,79,31,65,46,81,28,13,48,49,46,4,38,10,73,46,84,57,50,40,42,29,36,29,13,29,28,26,30,42,52,12,38,44,13,70,84,78,70,46,74,74,42,24,94,28,88,60,94,44,16,48,49,46,4,38,10,73,46,84,57,72,56,42,42,56,44,14,28,40,40,Eliteserien
Rosenborg,c7jgkxx1czv5etn7snf1r6p2m,75a8i1fdchwk62zm1g3f13gt1,A. Witry,Aslak Witry,30.0,Defender,Norway,Defender,229.0,10.0,250.0,38.0,469.0,7.0,0.0,12.0,10.0,5.0,5.0,3.0,12.0,12.0,40.0,28.0,1.0,15.0,953.0,3.0,23.0,11.0,7.0,10.0,0.0,0.0,79.36,43.18,30.3,58.33,30.0,55.56,50.0,66.67,0.7996542089749674,1.1554935985038004,4.0,15.0,0.3779161199999999,22.0,34.0,43.0,1.4656622,185.0,21.62644281217209,0.944386149003148,23.6096537250787,3.588667366211962,44.29171038824764,0.6610703043022036,0.0,1.1332633788037776,0.944386149003148,0.472193074501574,0.472193074501574,0.2833158447009444,1.1332633788037776,1.1332633788037776,3.777544596012592,2.6442812172088144,0.0944386149003148,1.416579223504722,0.2833158447009444,2.1720881427072403,1.038824763903463,0.6610703043022036,0.944386149003148,0.0,0.0,79.36,43.18,30.3,58.33,30.0,55.56,50.0,66.67,0.0755182358948028,0.1091232149688793,0.3777544596012592,1.416579223504722,0.0356898749213011,2.0776495278069254,3.210912906610703,4.060860440713537,0.1384151080797481,17.471143756558238,RB/RCB,67,67,48,71,57,19,26,52,52,45,81,57,60,60,29,24,57,67,57,48,62,69,19,36,52,43,62,57,76,52,67,48,33,43,57,67,48,43,83,48,48,43,38,76,76,76,81,76,24,26,81,71,43,86,57,71,67,29,38,57,86,57,57,57,76,19,36,52,43,62,57,76,52,67,48,33,52,71,86,38,29,95,43,48,33,52,Eliteserien
Rosenborg,c7jgkxx1czv5etn7snf1r6p2m,7hs9c25dq0dbn8vrlgihjgay2,M. Ceïde,Mikkel Ceïde,25.0,Defender,Norway,Defender,353.0,1.0,230.0,25.0,582.0,16.0,0.0,2.0,1.0,1.0,0.0,1.0,0.0,0.0,38.0,46.0,0.0,10.0,1067.0,0.0,6.0,7.0,0.0,11.0,0.0,0.0,88.58,44.64,33.33,0.0,0.0,58.46,45.71,73.33,0.1492543362292878,0.1182379967009337,0.0,6.0,0.1253507,5.0,41.0,34.0,0.79468153,323.0,29.77507029053421,0.0843486410496719,19.40018744142456,2.108716026241799,49.090909090909086,1.3495782567947516,0.0,0.1686972820993439,0.0843486410496719,0.0843486410496719,0.0,0.0843486410496719,0.0,0.0,3.205248359887535,3.880037488284911,0.0,0.8434864104967197,0.0,0.5060918462980318,0.5904404873477038,0.0,0.9278350515463916,0.0,0.0,88.58,44.64,33.33,0.0,0.0,58.46,45.71,73.33,0.0125894004317112,0.0099732143421593,0.0,0.5060918462980318,0.0105731611996251,0.4217432052483598,3.458294283036551,2.867853795688847,0.0670303071227741,27.244611059044047,CB,66,72,61,50,64,45,39,39,10,17,25,43,8,7,43,52,38,48,19,34,55,13,64,39,51,72,43,87,13,19,54,10,69,15,38,28,27,26,61,54,47,48,56,54,74,46,31,51,21,39,28,8,11,25,38,8,7,13,26,38,26,19,18,49,13,57,39,51,72,43,87,13,19,54,10,69,8,33,28,20,18,52,36,16,16,39,Eliteserien
Rosenborg,c7jgkxx1czv5etn7snf1r6p2m,823p7p1amx8lp445bo6bi01lg,A. Chiakha,Amin Chiakha,20.0,Attacker,Algeria,Striker,78.0,2.0,154.0,7.0,230.0,49.0,3.0,15.0,53.0,44.0,9.0,10.0,58.0,61.0,122.0,23.0,12.0,7.0,1679.0,24.0,87.0,26.0,23.0,18.0,0.0,0.0,67.25,33.33,22.22,39.66,45.28,45.52,59.76,75.0,6.00638974311324,0.9979655871280688,9.0,15.0,0.6305443899999998,5.0,20.0,27.0,1.25597567,110.0,4.18106015485408,0.1072066706372841,8.254913639070876,0.3752233472304943,12.32876712328767,2.6265634306134604,0.1608100059559261,0.8040500297796308,2.840976771888029,2.3585467540202503,0.4824300178677784,0.5360333531864205,3.1089934484812387,3.269803454437165,6.5396069088743305,1.2328767123287672,0.6432400238237046,0.3752233472304943,1.2864800476474092,4.6634901727218585,1.3936867182846933,1.2328767123287672,0.9648600357355568,0.0,0.0,67.25,33.33,22.22,39.66,45.28,45.52,59.76,75.0,0.3219625234545513,0.0534942840032913,0.4824300178677784,0.8040500297796308,0.0337992823704586,0.2680166765932102,1.072066706372841,1.4472900536033353,0.0673244849910661,5.896366885050625,ST,77,71,82,74,82,95,92,79,97,97,79,92,100,100,97,90,100,78,100,90,88,100,97,49,50,28,27,62,54,72,74,95,85,92,64,74,67,72,55,86,85,82,82,38,56,44,44,38,77,69,38,77,77,51,59,87,90,82,62,92,51,87,51,67,90,87,49,50,28,27,62,54,72,74,95,85,64,26,51,36,46,31,67,64,56,62,Eliteserien
Rosenborg,c7jgkxx1czv5etn7snf1r6p2m,929eyaq4a218jj3yahxtoeve2,T. Nemčík,Tomás Nemcík,25.0,Defender,Slovakia,Defender,528.0,0.0,511.0,63.0,1039.0,16.0,0.0,2.0,6.0,4.0,2.0,3.0,8.0,9.0,65.0,76.0,0.0,16.0,1512.0,0.0,10.0,17.0,5.0,18.0,0.0,0.0,88.43,50.81,0.0,62.5,0.0,57.52,51.61,66.67,0.6126746694640962,0.1223878787900831,2.0,23.0,0.4635699800000001,4.0,108.0,102.0,1.856982860000001,705.0,31.428571428571427,0.0,30.416666666666664,3.75,61.845238095238095,0.9523809523809524,0.0,0.119047619047619,0.3571428571428571,0.238095238095238,0.119047619047619,0.1785714285714285,0.4761904761904761,0.5357142857142857,3.869047619047619,4.523809523809524,0.0,0.9523809523809524,0.0,0.5952380952380952,1.011904761904762,0.2976190476190476,1.0714285714285714,0.0,0.0,88.43,50.81,0.0,62.5,0.0,57.52,51.61,66.67,0.0364687303252438,0.0072849927851239,0.119047619047619,1.369047619047619,0.0275934511904761,0.238095238095238,6.428571428571428,6.071428571428571,0.110534694047619,41.96428571428572,CB,84,34,95,93,90,45,39,39,61,54,75,92,81,82,77,74,38,79,19,52,97,87,89,39,51,66,74,34,69,19,44,30,47,59,39,84,82,77,51,90,90,77,92,61,34,87,79,80,8,39,23,28,34,64,67,62,62,31,38,38,43,19,25,77,67,70,39,51,66,74,34,69,19,44,30,47,28,30,75,52,49,28,80,80,56,84,Eliteserien
Rosenborg,c7jgkxx1czv5etn7snf1r6p2m,a26clg64bm11cvhuj610gxx5g,T. Solheim,Tobias Solheim,21.0,Defender,Norway,Defender,169.0,3.0,172.0,15.0,338.0,3.0,1.0,8.0,1.0,1.0,0.0,0.0,21.0,22.0,44.0,28.0,0.0,8.0,821.0,0.0,12.0,14.0,12.0,13.0,1.0,0.0,80.86,34.09,25.0,57.14,0.0,56.41,23.08,86.67,0.082915411985193,0.8378020894144392,0.0,17.0,0.41265335,10.0,35.0,39.0,1.6585239900000002,189.0,18.52618757612668,0.3288672350791717,18.855054811205846,1.6443361753958587,37.05237515225336,0.3288672350791717,0.1096224116930572,0.876979293544458,0.1096224116930572,0.1096224116930572,0.0,0.0,2.302070645554202,2.4116930572472595,4.823386114494519,3.069427527405603,0.0,0.876979293544458,0.0,1.315468940316687,1.5347137637028014,1.315468940316687,1.4250913520097443,0.1096224116930572,0.0,80.86,34.09,25.0,57.14,0.0,56.41,23.08,86.67,0.0090893874283402,0.0918418855630932,0.0,1.8635809987819727,0.0452360554202192,1.0962241169305724,3.836784409257004,4.275274056029233,0.1818113996345919,20.71863580998782,LB/LCB,48,22,30,22,35,11,61,35,11,26,9,15,67,67,30,46,26,43,15,35,72,85,50,85,50,52,26,54,89,15,87,11,100,9,39,11,41,39,30,43,39,43,48,52,30,30,26,35,9,70,48,9,26,9,15,83,83,70,65,26,48,15,43,91,96,65,96,50,52,26,54,89,15,87,11,100,9,48,11,35,39,43,48,48,57,57,Eliteserien
Rosenborg,c7jgkxx1czv5etn7snf1r6p2m,anrhk804wuqi9znwebf6sx72s,N. Sahsah,Noah Sahsah,21.0,Attacker,Denmark,Striker,60.0,0.0,104.0,0.0,164.0,1.0,0.0,7.0,20.0,13.0,7.0,7.0,32.0,36.0,33.0,4.0,4.0,6.0,555.0,7.0,27.0,11.0,13.0,4.0,0.0,0.0,78.85,0.0,0.0,40.62,35.0,49.25,14.29,50.0,1.6949409753419244,0.4288943594392381,8.0,14.0,0.45096241,7.0,6.0,9.0,0.60629753,57.0,9.72972972972973,0.0,16.864864864864863,0.0,26.5945945945946,0.1621621621621621,0.0,1.135135135135135,3.243243243243243,2.108108108108108,1.135135135135135,1.135135135135135,5.189189189189189,5.837837837837838,5.351351351351351,0.6486486486486486,0.6486486486486486,0.9729729729729728,1.135135135135135,4.378378378378378,1.7837837837837838,2.108108108108108,0.6486486486486486,0.0,0.0,78.85,0.0,0.0,40.62,35.0,49.25,14.29,50.0,0.2748552932986904,0.0695504366658223,1.2972972972972971,2.27027027027027,0.0731290394594594,1.135135135135135,0.9729729729729728,1.4594594594594594,0.0983185183783783,9.243243243243242,RW,100,25,83,25,100,33,33,75,83,83,92,100,100,100,100,75,100,100,83,83,100,100,67,58,58,100,25,25,67,50,83,17,42,83,33,83,67,67,83,100,67,33,100,100,25,67,25,83,17,33,17,83,67,67,67,100,100,83,33,83,83,50,33,83,83,33,58,58,100,25,25,67,50,83,17,42,50,17,83,33,33,83,83,50,17,100,Eliteserien
Rosenborg,c7jgkxx1czv5etn7snf1r6p2m,bjb4ee3aomtv5hz7qqyjlkgoa,D. Ďuriš,Dávid Duris,27.0,Attacker,Slovakia,Striker,39.0,0.0,95.0,0.0,134.0,3.0,0.0,3.0,15.0,10.0,5.0,4.0,15.0,16.0,22.0,6.0,1.0,6.0,754.0,3.0,37.0,7.0,5.0,3.0,0.0,0.0,79.76,0.0,0.0,33.33,20.0,29.33,21.43,42.86,1.603908504970112,0.2524921744860798,4.0,8.0,0.3000642,6.0,5.0,4.0,0.1938454,44.0,4.655172413793103,0.0,11.339522546419095,0.0,15.9946949602122,0.3580901856763925,0.0,0.3580901856763925,1.7904509283819627,1.1936339522546418,0.5968169761273209,0.4774535809018567,1.7904509283819627,1.909814323607427,2.625994694960212,0.7161803713527851,0.1193633952254641,0.7161803713527851,0.3580901856763925,4.416445623342175,0.8355437665782492,0.5968169761273209,0.3580901856763925,0.0,0.0,79.76,0.0,0.0,33.33,20.0,29.33,21.43,42.86,0.1914479647842308,0.0301383232145188,0.4774535809018567,0.9549071618037136,0.0358166816976127,0.7161803713527851,0.5968169761273209,0.4774535809018567,0.0231380450928381,5.251989389920424,ST,45,19,51,5,46,18,17,9,24,24,58,36,44,44,18,38,24,72,17,35,27,40,29,49,50,85,5,19,35,8,10,13,18,23,10,41,36,38,68,31,13,10,45,49,19,69,5,69,15,17,8,23,26,74,36,59,56,13,38,21,87,8,46,21,41,28,49,50,85,5,19,35,8,10,13,18,23,10,49,51,49,74,41,10,8,54,Eliteserien
Rosenborg,c7jgkxx1czv5etn7snf1r6p2m,eas91my7qw7etoha5plxfk9yi,J. Mortensen,Jonas Mortensen,25.0,Defender,Denmark,Defender,85.0,4.0,131.0,19.0,212.0,18.0,0.0,6.0,3.0,1.0,2.0,2.0,8.0,9.0,49.0,21.0,0.0,11.0,592.0,1.0,7.0,7.0,3.0,15.0,3.0,0.0,75.99,54.29,50.0,37.5,33.33,54.44,54.55,71.43,0.1516263964752541,0.4833023202517653,1.0,11.0,0.30491572,3.0,29.0,26.0,0.8544221499999997,119.0,12.922297297297298,0.6081081081081081,19.91554054054054,2.8885135135135136,32.22972972972973,2.7364864864864864,0.0,0.9121621621621622,0.4560810810810811,0.152027027027027,0.304054054054054,0.304054054054054,1.2162162162162162,1.3682432432432432,7.449324324324325,3.1925675675675675,0.0,1.6722972972972974,0.152027027027027,1.0641891891891893,1.0641891891891893,0.4560810810810811,2.2804054054054057,0.4560810810810811,0.0,75.99,54.29,50.0,37.5,33.33,54.44,54.55,71.43,0.0230513102749541,0.07347501490314,0.152027027027027,1.6722972972972974,0.0463554304054054,0.4560810810810811,4.408783783783784,3.952702702702703,0.1298952592905405,18.091216216216218,RB/RCB,10,38,24,48,19,57,26,31,5,5,31,31,48,50,33,10,26,48,24,10,29,43,33,100,52,19,95,100,29,60,52,62,67,5,19,21,26,29,7,38,21,19,19,24,52,57,76,43,81,26,52,19,10,62,67,81,76,81,57,26,100,38,19,67,62,76,100,52,19,95,100,29,60,52,62,67,5,48,33,57,57,14,67,43,29,57,Eliteserien
Rosenborg,c7jgkxx1czv5etn7snf1r6p2m,ec0e15kwv2vre5gnldajcwq8l,D. Islamović,Dino Islamovic,32.0,Attacker,Montenegro,Striker,38.0,0.0,56.0,3.0,94.0,15.0,0.0,4.0,17.0,12.0,5.0,4.0,6.0,6.0,26.0,12.0,2.0,3.0,529.0,6.0,24.0,6.0,1.0,1.0,0.0,0.0,78.99,60.0,0.0,16.67,35.29,38.81,42.86,25.0,2.0034460932551337,0.2980909601212314,3.0,5.0,0.1346317,1.0,10.0,8.0,0.31390882,52.0,6.465028355387523,0.0,9.527410207939509,0.5103969754253308,15.992438563327031,2.551984877126654,0.0,0.6805293005671077,2.892249527410208,2.041587901701323,0.8506616257088846,0.6805293005671077,1.0207939508506616,1.0207939508506616,4.4234404536862,2.041587901701323,0.3402646502835538,0.5103969754253308,1.0207939508506616,4.083175803402646,1.0207939508506616,0.1701323251417769,0.1701323251417769,0.0,0.0,78.99,60.0,0.0,16.67,35.29,38.81,42.86,25.0,0.3408509421417051,0.0507149081491698,0.5103969754253308,0.8506616257088846,0.0229052041587901,0.1701323251417769,1.7013232514177692,1.3610586011342154,0.0534060374291115,8.8468809073724,ST,41,19,23,49,26,49,17,17,32,29,58,36,18,17,26,69,40,51,33,22,21,10,13,49,50,79,78,19,8,31,41,69,10,31,13,31,23,18,18,63,31,21,51,72,19,54,64,67,74,17,23,79,59,87,82,15,15,41,90,54,69,56,38,28,8,10,49,50,79,78,19,8,31,41,69,10,74,21,54,41,23,26,82,62,38,82,Eliteserien
Rosenborg,c7jgkxx1czv5etn7snf1r6p2m,ej8tegehielvpwy8ee4wmasr8,H. Volden,Håkon Volden,19.0,Defender,Norway,Defender,103.0,0.0,90.0,16.0,193.0,15.0,0.0,0.0,0.0,0.0,0.0,0.0,2.0,2.0,23.0,27.0,0.0,8.0,329.0,0.0,5.0,3.0,1.0,4.0,1.0,0.0,82.13,53.33,0.0,50.0,0.0,71.88,83.33,100.0,0.0785271500563332,0.0,0.0,5.0,0.10139202,0.0,23.0,17.0,0.3883799399999997,140.0,28.17629179331307,0.0,24.62006079027356,4.376899696048632,52.79635258358663,4.103343465045593,0.0,0.0,0.0,0.0,0.0,0.0,0.547112462006079,0.547112462006079,6.291793313069909,7.386018237082067,0.0,2.188449848024316,0.0,1.3677811550151977,0.8206686930091186,0.2735562310030395,1.094224924012158,0.2735562310030395,0.0,82.13,53.33,0.0,50.0,0.0,71.88,83.33,100.0,0.0214815912008206,0.0,0.0,1.3677811550151977,0.0277364188449848,0.0,6.291793313069909,4.650455927051672,0.1062437525835865,38.297872340425535,CB,15,34,19,36,13,39,39,8,3,6,25,14,34,34,17,30,38,39,19,29,21,36,23,87,51,16,84,34,55,19,97,100,97,8,10,28,22,20,5,28,13,13,21,44,34,69,89,56,90,39,8,3,6,25,14,66,66,85,92,38,100,19,67,67,62,72,98,51,16,84,34,55,19,97,100,97,16,10,28,51,51,5,79,57,54,72,Eliteserien
Rosenborg,c7jgkxx1czv5etn7snf1r6p2m,ejixz16616b7krftxyzv9yiac,M. Bomholt,Mads Bomholt,20.0,Midfielder,Denmark,Midfielder,225.0,7.0,460.0,15.0,678.0,12.0,5.0,26.0,37.0,19.0,18.0,16.0,40.0,43.0,91.0,16.0,1.0,11.0,1688.0,10.0,56.0,30.0,16.0,25.0,0.0,0.0,82.58,40.54,30.43,40.0,27.03,45.05,60.0,75.76,3.1053330844141365,2.411836205099416,15.0,46.0,1.1803324499999996,21.0,73.0,61.0,2.915955899999999,294.0,11.996445497630331,0.3732227488151659,24.5260663507109,0.7997630331753555,36.14928909952607,0.6398104265402843,0.2665876777251185,1.386255924170616,1.9727488151658767,1.0130331753554502,0.9597156398104264,0.8530805687203791,2.132701421800948,2.292654028436019,4.851895734597156,0.8530805687203791,0.0533175355450236,0.5864928909952606,0.533175355450237,2.985781990521327,1.599526066350711,0.8530805687203791,1.3329383886255923,0.0,0.0,82.58,40.54,30.43,40.0,27.03,45.05,60.0,75.76,0.1655687071073887,0.1285931625941631,0.7997630331753555,2.45260663507109,0.0629324173578198,1.1196682464454977,3.8921800947867298,3.252369668246445,0.1554715823459715,15.675355450236966,CM/AM,90,64,92,65,94,68,93,84,90,80,95,98,92,92,86,60,42,74,83,80,92,91,89,48,49,62,34,64,30,40,42,93,86,80,80,96,92,86,87,91,80,90,88,74,48,78,40,82,54,78,48,68,56,84,84,66,70,56,28,32,36,50,52,70,56,64,48,49,62,34,64,30,40,42,93,86,54,52,88,78,72,72,76,56,64,74,Eliteserien
Rosenborg,c7jgkxx1czv5etn7snf1r6p2m,qer4hblafo04av0aajfecclx,I. Fossum,Iver Fossum,30.0,Midfielder,Norway,Midfielder,129.0,6.0,239.0,6.0,362.0,15.0,1.0,14.0,16.0,13.0,3.0,3.0,12.0,12.0,43.0,6.0,3.0,8.0,832.0,8.0,26.0,8.0,5.0,10.0,0.0,0.0,85.18,46.15,26.09,41.67,50.0,48.31,51.72,66.67,1.9032386579128564,1.1388487915610743,1.0,10.0,0.21208801,6.0,41.0,37.0,1.5402240699999994,217.0,13.954326923076923,0.6490384615384616,25.853365384615387,0.6490384615384616,39.15865384615385,1.622596153846154,0.1081730769230769,1.514423076923077,1.7307692307692308,1.4062500000000002,0.3245192307692308,0.3245192307692308,1.2980769230769231,1.2980769230769231,4.651442307692308,0.6490384615384616,0.3245192307692308,0.8653846153846154,0.8653846153846154,2.8125000000000004,0.8653846153846154,0.5408653846153847,1.0817307692307694,0.0,0.0,85.18,46.15,26.09,41.67,50.0,48.31,51.72,66.67,0.2058791817453811,0.1231927779332893,0.1081730769230769,1.0817307692307694,0.0229422126201923,0.6490384615384616,4.435096153846154,4.002403846153847,0.1666107768028845,23.473557692307693,CM/AM,66,61,64,29,68,81,40,44,49,61,35,34,31,31,34,18,70,54,65,40,24,28,40,48,49,80,46,48,34,88,54,76,57,62,42,10,21,14,29,71,59,60,80,80,64,84,24,88,84,40,60,54,70,30,32,34,30,52,16,82,68,80,48,30,34,48,48,49,80,46,48,34,88,54,76,57,68,48,6,18,8,30,84,70,76,94,Eliteserien
Brann,6oxoag5c6zbnn09wx08vz4iak,1n9924y1nahaf0if575wgwonp,J. Soltvedt,Joachim Soltvedt,31.0,Defender,Norway,Defender,350.0,39.0,655.0,41.0,966.0,24.0,2.0,42.0,33.0,17.0,16.0,11.0,13.0,14.0,67.0,38.0,4.0,18.0,1544.0,9.0,72.0,14.0,7.0,17.0,0.0,1.0,80.37,36.28,29.32,53.85,27.27,51.94,54.55,77.27,2.333820839390901,4.57494313169264,11.0,56.0,1.4660422299999996,31.0,98.0,151.0,5.291793909999997,498.0,20.40155440414508,2.273316062176166,38.1800518134715,2.389896373056995,56.30829015544042,1.3989637305699485,0.116580310880829,2.4481865284974096,1.923575129533679,0.9909326424870468,0.932642487046632,0.6411917098445596,0.7577720207253886,0.8160621761658031,3.905440414507772,2.215025906735751,0.233160621761658,1.049222797927461,0.5246113989637305,4.196891191709844,0.8160621761658031,0.4080310880829015,0.9909326424870468,0.0,0.0582901554404145,80.37,36.28,29.32,53.85,27.27,51.94,54.55,77.27,0.1360387794981742,0.2666741462774207,0.6411917098445596,3.2642487046632125,0.0854558294689118,1.8069948186528493,5.712435233160622,8.80181347150259,0.3084594895725387,29.028497409326427,LB/LCB,87,100,100,91,96,83,83,100,100,96,100,100,57,57,70,70,98,76,96,96,72,57,76,37,100,48,48,74,83,57,39,78,87,96,100,98,83,87,85,98,100,100,96,70,91,91,65,91,74,74,91,96,78,100,96,43,39,17,35,87,65,87,83,52,48,30,37,100,48,48,74,83,57,39,78,87,78,87,96,83,74,78,78,96,96,100,Eliteserien
Brann,6oxoag5c6zbnn09wx08vz4iak,1ncet6wg9tne9oif8vkgsc8kq,L. Cornic,Leo Cornic,25.0,Defender,Norway,Defender,170.0,21.0,307.0,13.0,456.0,20.0,2.0,16.0,25.0,20.0,5.0,10.0,5.0,5.0,68.0,27.0,0.0,8.0,1453.0,11.0,74.0,17.0,3.0,22.0,0.0,0.0,78.76,32.5,30.88,60.0,44.0,51.13,44.44,78.57,2.51708001443037,1.8210122820375272,3.0,31.0,0.8442363299999998,24.0,25.0,36.0,3.491876189999998,133.0,10.529938059187886,1.3007570543702682,19.015829318651065,0.805230557467309,28.245010323468684,1.2388162422573985,0.1238816242257398,0.9910529938059188,1.548520302821748,1.2388162422573985,0.3097040605643495,0.6194081211286991,0.3097040605643495,0.3097040605643495,4.211975223675155,1.672401927047488,0.0,0.4955264969029593,0.6813489332415691,4.583620096352374,1.0529938059187889,0.1858224363386097,1.3626978664831382,0.0,0.0,78.76,32.5,30.88,60.0,44.0,51.13,44.44,78.57,0.1559099802468914,0.1127949796169149,0.1858224363386097,1.920165175498968,0.0522926838953888,1.486579490708878,1.548520302821748,2.229869236063317,0.2162896470061939,8.2381280110117,RB/RCB,33,95,71,26,48,69,83,76,95,100,81,100,33,33,67,14,26,29,100,100,81,43,71,36,52,38,24,62,90,90,29,33,86,100,86,52,81,76,90,29,43,90,24,5,100,52,5,14,57,76,57,86,90,67,95,10,10,43,10,26,14,100,100,62,24,43,36,52,38,24,62,90,90,29,33,86,90,81,43,71,71,90,5,14,81,5,Eliteserien
Brann,6oxoag5c6zbnn09wx08vz4iak,20fktg1niinhluh218xycy904,N. Jensen Wassberg,Niklas Jensen Wassberg,22.0,Midfielder,Norway,Midfielder,135.0,1.0,247.0,6.0,381.0,10.0,1.0,4.0,3.0,2.0,1.0,1.0,33.0,35.0,64.0,11.0,0.0,11.0,762.0,0.0,21.0,9.0,15.0,23.0,0.0,0.0,85.81,50.0,33.33,45.45,0.0,43.84,43.48,76.67,0.2952537722133639,0.3103849057361319,1.0,27.0,0.7980172500000001,9.0,44.0,46.0,1.4171514500000006,196.0,15.94488188976378,0.1181102362204724,29.173228346456693,0.7086614173228346,45.0,1.1811023622047243,0.1181102362204724,0.4724409448818897,0.3543307086614173,0.2362204724409448,0.1181102362204724,0.1181102362204724,3.8976377952755903,4.133858267716535,7.559055118110236,1.2992125984251968,0.0,1.2992125984251968,0.0,2.4803149606299213,1.062992125984252,1.7716535433070866,2.716535433070866,0.0,0.0,85.81,50.0,33.33,45.45,0.0,43.84,43.48,76.67,0.0348724927811059,0.0366596345357636,0.1181102362204724,3.188976377952756,0.0942540059055118,1.062992125984252,5.196850393700787,5.433070866141732,0.1673800925196851,23.1496062992126,CM/AM,68,26,66,29,70,58,40,6,4,7,11,9,83,84,69,38,15,74,6,33,32,86,84,48,49,86,63,70,46,6,36,52,90,4,8,10,70,72,54,74,71,48,72,92,26,90,32,94,72,48,4,2,8,12,10,98,98,94,58,15,94,6,38,44,94,98,48,49,86,63,70,46,6,36,52,90,2,4,10,88,86,66,90,86,78,92,Eliteserien
Brann,6oxoag5c6zbnn09wx08vz4iak,2hwemaa18hwlq3c4i208lbbo5,K. Eriksen,Kristian Eriksen,31.0,Midfielder,Norway,Midfielder,105.0,2.0,208.0,6.0,311.0,32.0,4.0,15.0,27.0,24.0,3.0,8.0,9.0,9.0,63.0,15.0,4.0,9.0,1214.0,7.0,68.0,14.0,3.0,5.0,0.0,0.0,74.94,54.55,33.33,33.33,25.93,39.62,52.46,35.71,3.8509006861997457,1.0086873704170043,3.0,15.0,0.5610438899999999,9.0,18.0,28.0,1.28698725,140.0,7.784184514003295,0.1482701812191103,15.42009884678748,0.4448105436573311,23.056013179571664,2.372322899505766,0.2965403624382207,1.112026359143328,2.0016474464579903,1.7792421746293243,0.2224052718286655,0.5930807248764415,0.6672158154859967,0.6672158154859967,4.670510708401977,1.112026359143328,0.2965403624382207,0.6672158154859967,0.5189456342668863,5.041186161449753,1.037891268533773,0.2224052718286655,0.3706754530477759,0.0,0.0,74.94,54.55,33.33,33.33,25.93,39.62,52.46,35.71,0.2854868712998164,0.0747791296025785,0.2224052718286655,1.112026359143328,0.0415930396210873,0.6672158154859967,1.3344316309719937,2.0757825370675453,0.0954109163920922,10.378912685337726,CM/AM,58,33,56,29,56,94,86,51,75,88,35,76,19,19,64,53,79,65,58,86,60,12,22,48,49,14,76,70,20,34,21,80,2,90,34,42,43,52,54,35,43,40,54,36,28,32,16,34,94,84,28,70,84,18,64,10,8,54,48,76,44,48,86,40,8,8,48,49,14,76,70,20,34,21,80,2,94,12,26,20,34,36,16,20,32,34,Eliteserien
Brann,6oxoag5c6zbnn09wx08vz4iak,3m2o0t6siupip9y3sco71fe5m,E. Guðmundsson,Eggert Gudmundsson,22.0,Midfielder,Iceland,Midfielder,11.0,0.0,70.0,1.0,81.0,0.0,0.0,8.0,4.0,3.0,1.0,0.0,7.0,7.0,10.0,2.0,0.0,2.0,228.0,2.0,7.0,4.0,3.0,3.0,0.0,0.0,81.0,33.33,0.0,42.86,50.0,30.3,0.0,100.0,0.4215905382848378,0.6127281360338682,1.0,4.0,0.12206954,2.0,2.0,14.0,0.55488235,43.0,4.342105263157895,0.0,27.63157894736842,0.3947368421052631,31.97368421052632,0.0,0.0,3.1578947368421053,1.5789473684210529,1.1842105263157896,0.3947368421052631,0.0,2.763157894736842,2.763157894736842,3.947368421052632,0.7894736842105263,0.0,0.7894736842105263,0.7894736842105263,2.763157894736842,1.5789473684210529,1.1842105263157896,1.1842105263157896,0.0,0.0,81.0,33.33,0.0,42.86,50.0,30.3,0.0,100.0,0.1664173177440149,0.2418663694870532,0.3947368421052631,1.5789473684210529,0.0481853447368421,0.7894736842105263,0.7894736842105263,5.526315789473684,0.2190325065789473,16.973684210526315,CM/AM,2,11,8,4,6,6,13,19,6,12,11,3,14,13,6,8,15,15,20,4,10,12,7,48,49,52,11,11,36,88,4,6,99,8,16,10,4,4,4,2,16,16,9,6,11,86,14,64,6,13,100,46,64,46,3,80,76,24,26,15,58,74,46,68,70,58,48,49,52,11,11,36,88,4,6,99,56,96,44,32,42,46,2,88,86,78,Eliteserien
Brann,6oxoag5c6zbnn09wx08vz4iak,62k4fq609h2evj1k2e1n42x91,F. Knudsen,Fredrik Knudsen,30.0,Defender,Norway,Defender,489.0,0.0,399.0,47.0,888.0,66.0,0.0,0.0,11.0,11.0,0.0,4.0,4.0,4.0,109.0,106.0,0.0,10.0,1521.0,2.0,16.0,7.0,2.0,23.0,0.0,0.0,85.47,41.59,0.0,50.0,18.18,66.87,70.97,67.65,1.4574997711418505,0.0,0.0,30.0,0.6051392999999998,9.0,99.0,90.0,1.516367800000001,559.0,28.93491124260355,0.0,23.609467455621303,2.781065088757397,52.54437869822485,3.905325443786983,0.0,0.0,0.6508875739644971,0.6508875739644971,0.0,0.2366863905325444,0.2366863905325444,0.2366863905325444,6.449704142011835,6.272189349112427,0.0,0.591715976331361,0.1183431952662722,0.9467455621301776,0.4142011834319527,0.1183431952662722,1.3609467455621302,0.0,0.0,85.47,41.59,0.0,50.0,18.18,66.87,70.97,67.65,0.0862425900083935,0.0,0.0,1.775147928994083,0.0358070591715976,0.5325443786982249,5.8579881656804735,5.325443786982249,0.0897259053254438,33.07692307692308,CB,79,34,85,80,84,95,39,8,89,89,25,96,63,62,98,92,38,48,72,70,55,59,95,39,51,38,36,34,55,48,87,82,49,89,10,28,89,82,82,87,87,67,82,51,34,62,57,54,89,39,8,64,74,25,79,39,38,87,75,38,10,54,44,23,41,84,39,51,38,36,34,55,48,87,82,49,67,10,28,66,59,66,70,67,36,61,Eliteserien
Brann,6oxoag5c6zbnn09wx08vz4iak,878hgn9q68ca8y0wmdih92h9l,N. Castro,Niklas Castro,30.0,Attacker,Chile,Striker,43.0,15.0,243.0,7.0,271.0,1.0,1.0,18.0,20.0,12.0,8.0,6.0,27.0,27.0,32.0,2.0,2.0,3.0,587.0,8.0,42.0,11.0,8.0,8.0,0.0,0.0,79.24,43.75,21.74,29.63,40.0,35.96,9.09,66.67,1.3322422560417702,2.318528500166241,10.0,45.0,1.2803653599999998,16.0,16.0,36.0,3.160235139999998,141.0,6.592844974446337,2.2998296422487225,37.2572402044293,1.0732538330494037,41.55025553662691,0.1533219761499148,0.1533219761499148,2.7597955706984667,3.0664395229982966,1.839863713798978,1.2265758091993186,0.919931856899489,4.1396933560477,4.1396933560477,4.9063032367972745,0.3066439522998296,0.3066439522998296,0.4599659284497445,1.2265758091993186,6.439522998296423,1.686541737649063,1.2265758091993186,1.2265758091993186,0.0,0.0,79.24,43.75,21.74,29.63,40.0,35.96,9.09,66.67,0.204262015406745,0.3554813714053862,1.5332197614991483,6.899488926746167,0.196308147189097,2.4531516183986373,2.4531516183986373,5.519591141396933,0.4845334967632024,21.61839863713799,LW,50,100,83,58,75,8,46,75,42,42,75,67,42,42,42,12,62,54,54,38,46,42,58,54,54,50,33,58,17,50,17,8,79,42,83,75,83,75,62,79,92,92,92,75,100,100,83,100,8,58,100,83,75,92,83,75,58,50,8,83,67,83,83,75,50,83,54,54,50,33,58,17,50,17,8,79,50,100,100,92,92,100,100,100,100,100,Eliteserien
Brann,6oxoag5c6zbnn09wx08vz4iak,a8opuarwq9byw73nhfgvo9nca,K. Ingason,Kristall Ingason,24.0,Attacker,Iceland,Striker,108.0,7.0,258.0,7.0,359.0,9.0,2.0,16.0,22.0,17.0,5.0,3.0,38.0,39.0,64.0,9.0,5.0,9.0,1053.0,14.0,65.0,16.0,12.0,20.0,0.0,0.0,85.07,53.85,16.67,31.58,63.64,42.95,60.0,74.07,2.2839120365220094,1.545123026362604,7.0,26.0,0.82306115,9.0,24.0,40.0,1.9136162400000003,157.0,9.230769230769232,0.5982905982905983,22.05128205128205,0.5982905982905983,30.683760683760685,0.7692307692307693,0.1709401709401709,1.3675213675213675,1.8803418803418803,1.4529914529914532,0.4273504273504274,0.2564102564102564,3.247863247863248,3.333333333333333,5.47008547008547,0.7692307692307693,0.4273504273504274,0.7692307692307693,1.1965811965811963,5.555555555555556,1.3675213675213675,1.0256410256410258,1.7094017094017095,0.0,0.0,85.07,53.85,16.67,31.58,63.64,42.95,60.0,74.07,0.1952061569676931,0.1320617971250089,0.5982905982905983,2.2222222222222223,0.0703471068376068,0.7692307692307693,2.0512820512820515,3.418803418803419,0.1635569435897436,13.41880341880342,ST,87,94,95,74,95,35,81,86,47,49,58,27,91,90,73,53,69,85,77,74,67,81,100,49,50,92,64,50,29,95,62,97,79,46,90,65,88,79,81,91,92,92,95,92,87,95,79,92,31,74,77,26,36,46,13,92,92,62,44,74,92,77,85,64,82,97,49,50,92,64,50,29,95,62,97,79,26,85,62,85,82,82,87,90,90,92,Eliteserien
Brann,6oxoag5c6zbnn09wx08vz4iak,adthn237lwxewaxsrgd6hlu51,T. Pedersen,Thore Pedersen,30.0,Defender,Norway,Defender,441.0,2.0,434.0,48.0,873.0,16.0,0.0,3.0,1.0,0.0,1.0,0.0,10.0,11.0,48.0,49.0,0.0,14.0,1269.0,1.0,8.0,8.0,8.0,11.0,0.0,0.0,89.81,63.16,25.0,80.0,100.0,55.81,48.48,64.71,0.0679470218286913,0.2158880032450207,2.0,43.0,1.0110305399999997,23.0,86.0,82.0,2.13859754,572.0,31.27659574468085,0.1418439716312056,30.78014184397163,3.404255319148936,61.91489361702128,1.1347517730496457,0.0,0.2127659574468085,0.0709219858156028,0.0,0.0709219858156028,0.0,0.7092198581560284,0.7801418439716312,3.404255319148936,3.475177304964539,0.0,0.9929078014184396,0.0709219858156028,0.5673758865248227,0.5673758865248227,0.5673758865248227,0.7801418439716312,0.0,0.0,89.81,63.16,25.0,80.0,100.0,55.81,48.48,64.71,0.0048189377183469,0.0153112059039021,0.1418439716312056,3.049645390070922,0.0717042936170212,1.6312056737588654,6.099290780141844,5.815602836879433,0.1516735843971631,40.56737588652482,CB,72,83,90,82,80,45,39,55,10,6,58,14,85,87,53,54,38,74,49,43,61,98,64,39,51,85,95,80,84,99,39,15,44,5,54,84,93,93,97,84,79,87,84,59,80,90,69,82,13,39,38,7,6,54,14,75,77,18,20,38,49,44,23,44,87,46,39,51,85,95,80,84,99,39,15,44,5,43,84,92,87,92,74,74,80,79,Eliteserien
Brann,6oxoag5c6zbnn09wx08vz4iak,aojrff0lrdwjyyvsbpd39h7f9,V. Dragsnes,Vetle Dragsnes,32.0,Defender,Norway,Defender,328.0,5.0,428.0,41.0,751.0,11.0,0.0,5.0,5.0,3.0,2.0,2.0,12.0,13.0,44.0,25.0,1.0,9.0,1137.0,2.0,17.0,10.0,6.0,12.0,0.0,0.0,88.56,50.0,41.67,50.0,40.0,59.46,50.0,70.59,0.4411358517681362,0.4794078030517877,0.0,51.0,1.0778358499999992,16.0,91.0,88.0,2.1518872200000008,426.0,25.96306068601584,0.395778364116095,33.87862796833773,3.245382585751979,59.44591029023747,0.870712401055409,0.0,0.395778364116095,0.395778364116095,0.237467018469657,0.158311345646438,0.158311345646438,0.949868073878628,1.029023746701847,3.482849604221636,1.978891820580475,0.079155672823219,0.712401055408971,0.158311345646438,1.345646437994723,0.79155672823219,0.474934036939314,0.949868073878628,0.0,0.0,88.56,50.0,41.67,50.0,40.0,59.46,50.0,70.59,0.0349184051531506,0.0379478472072655,0.0,4.036939313984169,0.085316821899736,1.266490765171504,7.203166226912929,6.965699208443272,0.1703340807387863,33.72031662269129,CB,62,97,89,70,70,25,39,78,48,43,75,74,94,93,48,28,84,44,72,75,70,91,74,39,51,70,67,95,55,80,61,23,57,43,79,28,95,95,93,85,85,89,67,33,92,92,66,75,7,39,69,36,33,72,62,85,87,21,8,84,16,62,66,64,85,62,39,51,70,67,95,55,80,61,23,57,25,69,28,95,93,84,87,87,87,66,Eliteserien
Brann,6oxoag5c6zbnn09wx08vz4iak,bapdoe78rj82j550otb5zemwa,N. Holm,Noah Holm,25.0,Attacker,Norway,Striker,66.0,0.0,142.0,10.0,208.0,76.0,1.0,10.0,49.0,46.0,3.0,8.0,18.0,23.0,136.0,24.0,6.0,3.0,1450.0,18.0,109.0,31.0,11.0,10.0,0.0,0.0,62.28,45.45,0.0,61.11,36.73,53.33,58.02,52.63,6.141434828217569,0.8157187023891945,2.0,11.0,0.52365855,6.0,12.0,14.0,0.4884711099999999,75.0,4.096551724137931,0.0,8.813793103448276,0.6206896551724138,12.910344827586208,4.717241379310345,0.0620689655172413,0.6206896551724138,3.041379310344828,2.8551724137931034,0.1862068965517241,0.496551724137931,1.1172413793103448,1.4275862068965517,8.441379310344828,1.4896551724137932,0.3724137931034483,0.1862068965517241,1.1172413793103448,6.76551724137931,1.9241379310344828,0.6827586206896552,0.6206896551724138,0.0,0.0,62.28,45.45,0.0,61.11,36.73,53.33,58.02,52.63,0.3811925065790215,0.0506308160103638,0.1241379310344827,0.6827586206896552,0.0325029444827586,0.3724137931034483,0.7448275862068966,0.8689655172413794,0.0303188964827586,4.655172413793103,ST,72,19,77,90,72,100,53,53,92,100,37,72,59,64,100,94,83,51,87,97,96,71,78,49,50,8,44,19,92,38,95,90,36,97,49,23,55,62,68,69,62,41,77,36,19,49,82,44,95,33,18,85,95,15,46,28,38,97,72,64,33,67,92,87,56,69,49,50,8,44,19,92,38,95,90,36,85,18,15,31,41,44,49,36,15,51,Eliteserien
Brann,6oxoag5c6zbnn09wx08vz4iak,boik3ru9i1aghjgmiu0chqfah,J. Sørensen,Jacob Sørensen,28.0,Midfielder,Denmark,Midfielder,303.0,0.0,527.0,38.0,830.0,60.0,1.0,10.0,10.0,3.0,7.0,5.0,13.0,14.0,128.0,42.0,0.0,21.0,1323.0,3.0,26.0,20.0,4.0,31.0,2.0,0.0,84.69,48.1,0.0,30.77,30.0,62.44,69.77,70.45,0.807260327761955,0.7915624536000081,4.0,47.0,1.1484752899999997,16.0,102.0,110.0,2.105370989999999,510.0,20.612244897959183,0.0,35.85034013605442,2.5850340136054424,56.46258503401361,4.081632653061225,0.0680272108843537,0.6802721088435374,0.6802721088435374,0.2040816326530612,0.4761904761904762,0.3401360544217687,0.8843537414965987,0.9523809523809524,8.70748299319728,2.857142857142857,0.0,1.4285714285714286,0.2040816326530612,1.7687074829931977,1.3605442176870748,0.272108843537415,2.108843537414966,0.1360544217687075,0.0,84.69,48.1,0.0,30.77,30.0,62.44,69.77,70.45,0.054915668555235,0.0538477859591842,0.272108843537415,3.197278911564626,0.0781275707482993,1.08843537414966,6.938775510204082,7.482993197278912,0.1432225163265305,34.69387755102041,DM/CM,89,18,96,86,93,100,70,68,48,45,62,70,68,73,100,96,25,79,57,79,86,43,100,100,48,46,46,18,29,64,89,89,79,50,61,54,100,100,96,96,96,89,96,64,18,96,79,86,96,64,61,36,32,54,50,39,39,96,93,25,61,32,71,64,32,89,96,48,46,46,18,29,64,89,89,79,36,50,32,96,96,86,89,93,79,96,Eliteserien
Brann,6oxoag5c6zbnn09wx08vz4iak,ce1q0p0ifilrb8wx6rmkcaeol,B. Finne,Bård Finne,31.0,Attacker,Norway,Striker,20.0,5.0,84.0,2.0,99.0,1.0,2.0,9.0,22.0,18.0,4.0,5.0,8.0,8.0,21.0,5.0,5.0,3.0,607.0,11.0,62.0,8.0,2.0,6.0,0.0,0.0,62.66,16.67,17.86,25.0,50.0,42.0,12.5,60.0,2.006953506911795,1.0152814268286876,7.0,6.0,0.18589241,5.0,6.0,8.0,1.2604684600000002,53.0,2.9654036243822075,0.7413509060955519,12.454695222405272,0.2965403624382207,14.678747940691927,0.1482701812191103,0.2965403624382207,1.3344316309719937,3.2619439868204285,2.668863261943987,0.5930807248764415,0.7413509060955519,1.186161449752883,1.186161449752883,3.113673805601318,0.7413509060955519,0.7413509060955519,0.4448105436573311,1.6309719934102145,9.192751235584844,1.186161449752883,0.2965403624382207,0.8896210873146623,0.0,0.0,62.66,16.67,17.86,25.0,50.0,42.0,12.5,60.0,0.2975713601681409,0.1505359611442864,1.037891268533773,0.8896210873146623,0.0275623013179571,0.7413509060955519,0.8896210873146623,1.186161449752883,0.186889886985173,7.85831960461285,ST,12,85,46,33,28,5,81,47,47,55,47,47,27,23,14,28,69,51,62,71,32,22,54,49,50,13,10,54,22,81,54,5,46,33,67,65,26,23,55,41,31,85,54,15,92,74,36,59,3,90,72,92,90,69,90,33,26,15,41,95,67,95,100,46,21,82,49,50,13,10,54,22,81,54,5,46,56,95,87,46,31,77,56,56,92,72,Eliteserien
Brann,6oxoag5c6zbnn09wx08vz4iak,dfwjippbaspehxg8m8ui4djze,U. Mathisen,Ulrik Mathisen,27.0,Midfielder,Norway,Midfielder,38.0,2.0,157.0,3.0,193.0,16.0,3.0,11.0,18.0,13.0,5.0,8.0,30.0,31.0,62.0,3.0,1.0,4.0,943.0,4.0,69.0,21.0,14.0,9.0,0.0,0.0,75.1,33.33,14.29,46.67,22.22,50.82,41.03,81.82,2.100521293878783,1.2264164899931176,8.0,30.0,1.1313603899999998,4.0,9.0,13.0,1.4408940900000005,58.0,3.626723223753977,0.1908801696712619,14.98409331919406,0.2863202545068929,18.419936373276776,1.5270413573700954,0.2863202545068929,1.0498409331919407,1.7179215270413573,1.2407211028632026,0.4772004241781548,0.7635206786850477,2.863202545068929,2.95864262990456,5.91728525980912,0.2863202545068929,0.0954400848356309,0.3817603393425238,0.3817603393425238,6.585365853658536,2.00424178154825,1.3361611876988335,0.8589607635206786,0.0,0.0,75.1,33.33,14.29,46.67,22.22,50.82,41.03,81.82,0.2004739304868404,0.1170492938487599,0.7635206786850477,2.863202545068929,0.1079771316012725,0.3817603393425238,0.8589607635206786,1.2407211028632026,0.1375190541887593,5.535524920466596,RM/RCM,42,33,58,38,42,92,71,50,58,67,58,83,83,83,75,21,33,46,38,75,75,88,50,50,50,42,21,25,50,8,75,58,92,58,50,75,58,67,25,33,33,42,42,17,17,42,8,25,92,50,25,42,58,42,92,67,67,67,8,25,33,17,92,83,75,25,50,50,42,21,25,50,8,75,58,92,58,25,50,75,83,8,17,8,33,8,Eliteserien
Sandefjord,btaf9fuj3xctycyjeqwereaow,1j7zubyq25gltkrmrqb8xiyy2,F. Pedersen,Fredrik Pedersen,23.0,Defender,Norway,Defender,323.0,6.0,320.0,29.0,637.0,10.0,0.0,16.0,7.0,5.0,2.0,4.0,19.0,20.0,60.0,54.0,0.0,24.0,1779.0,2.0,25.0,9.0,8.0,22.0,0.0,0.0,84.59,50.88,27.27,42.11,28.57,46.51,29.41,66.67,0.7479250330487122,1.2411998579394008,1.0,28.0,0.8448198899999999,13.0,61.0,60.0,2.0423726100000024,303.0,16.34064080944351,0.3035413153456998,16.188870151770658,1.467116357504216,32.22596964586847,0.5059021922428331,0.0,0.8094435075885329,0.3541315345699831,0.2529510961214165,0.1011804384485666,0.2023608768971332,0.9612141652613828,1.011804384485666,3.0354131534569984,2.7318718381112985,0.0,1.2141652613827991,0.1011804384485666,1.2647554806070826,0.4553119730185497,0.4047217537942664,1.1129848229342327,0.0,0.0,84.59,50.88,27.27,42.11,28.57,46.51,29.41,66.67,0.0378376913852636,0.0627925729143035,0.0505902192242833,1.4165261382799326,0.0427396234401349,0.657672849915683,3.0860033726812817,3.0354131534569984,0.1033240780775718,15.328836424957842,RB/RCB,81,57,76,67,81,33,26,76,36,45,31,76,76,71,52,81,26,95,43,52,45,79,71,36,52,76,81,40,48,48,5,14,33,38,67,21,71,81,55,71,62,52,81,52,29,24,29,38,19,26,38,5,19,19,43,62,62,10,43,26,76,29,33,24,52,29,36,52,76,81,40,48,48,5,14,33,14,29,10,33,48,29,38,29,14,24,Eliteserien
Sandefjord,btaf9fuj3xctycyjeqwereaow,3e1tqerfmnsaqicofczjljo8a,S. Mørk,Sander Mørk,25.0,Midfielder,Norway,Midfielder,579.0,9.0,493.0,69.0,1063.0,5.0,0.0,12.0,21.0,6.0,15.0,8.0,13.0,14.0,50.0,56.0,1.0,22.0,1765.0,2.0,9.0,9.0,7.0,18.0,0.0,0.0,83.63,43.95,36.0,53.85,9.52,41.67,25.0,62.07,1.7301073777715874,1.0420711367124815,10.0,35.0,0.7657475699999998,15.0,119.0,118.0,2.675292339999997,568.0,29.52407932011332,0.4589235127478753,25.138810198300284,3.518413597733711,54.20396600566573,0.254957507082153,0.0,0.6118980169971672,1.0708215297450423,0.3059490084985836,0.764872521246459,0.4079320113314447,0.6628895184135978,0.7138810198300284,2.54957507082153,2.855524079320113,0.0509915014164305,1.1218130311614731,0.1019830028328611,0.4589235127478753,0.4589235127478753,0.3569405099150142,0.9178470254957508,0.0,0.0,83.63,43.95,36.0,53.85,9.52,41.67,25.0,62.07,0.0882207728042169,0.0531367718436959,0.509915014164306,1.7847025495750708,0.0390466183002832,0.764872521246459,6.067988668555241,6.01699716713881,0.1364171731444757,28.96317280453258,DM/CM,100,89,93,100,100,23,25,77,88,64,93,86,68,73,57,100,66,82,41,46,43,68,80,46,48,39,29,79,75,29,11,21,54,82,79,89,89,89,93,100,100,96,100,93,89,64,89,82,21,25,43,61,46,86,61,29,25,4,89,50,36,29,7,4,43,29,46,48,39,29,79,75,29,11,21,54,61,46,79,61,54,57,82,86,64,82,Eliteserien
Sandefjord,btaf9fuj3xctycyjeqwereaow,4hxss5mw64nhsxbooefwy6978,F. Apetorgbor,Foster Apetorgbor,18.0,Attacker,Ghana,Striker,23.0,7.0,54.0,4.0,70.0,1.0,2.0,7.0,8.0,4.0,4.0,4.0,12.0,13.0,10.0,2.0,1.0,1.0,235.0,2.0,14.0,4.0,2.0,3.0,0.0,0.0,75.27,40.0,70.0,16.67,25.0,23.81,16.67,100.0,0.5896881482953861,0.6990052884758484,3.0,10.0,0.23528185,2.0,4.0,9.0,1.0395352100000004,23.0,8.808510638297872,2.680851063829788,20.680851063829788,1.5319148936170213,26.80851063829787,0.3829787234042553,0.7659574468085106,2.680851063829788,3.0638297872340425,1.5319148936170213,1.5319148936170213,1.5319148936170213,4.595744680851063,4.97872340425532,3.829787234042553,0.7659574468085106,0.3829787234042553,0.3829787234042553,0.7659574468085106,5.361702127659575,1.5319148936170213,0.7659574468085106,1.1489361702127658,0.0,0.0,75.27,40.0,70.0,16.67,25.0,23.81,16.67,100.0,0.2258380142407861,0.2677041530333036,1.1489361702127658,3.829787234042553,0.0901079425531914,0.7659574468085106,1.5319148936170213,3.4468085106382977,0.3981198676595746,8.808510638297872,RW,67,100,50,83,50,33,92,75,33,42,67,67,58,67,33,25,25,42,33,33,33,33,42,58,58,67,67,100,33,17,33,33,100,33,83,42,50,33,25,67,67,83,50,83,100,100,100,100,33,100,100,50,33,83,100,67,83,33,50,33,50,33,67,67,33,83,58,58,67,67,100,33,17,33,33,100,33,100,50,83,50,33,100,100,100,83,Eliteserien
Sandefjord,btaf9fuj3xctycyjeqwereaow,5362zl678ibx1md2kk6t4r47o,N. Möller,Nikolaj Möller,24.0,Attacker,Sweden,Striker,39.0,1.0,66.0,1.0,104.0,43.0,0.0,7.0,25.0,23.0,2.0,6.0,5.0,5.0,66.0,19.0,3.0,0.0,1056.0,13.0,43.0,10.0,1.0,8.0,0.0,0.0,62.65,20.0,100.0,20.0,52.0,51.97,58.9,66.67,3.477725836493277,0.4651066469173797,4.0,8.0,0.23660784,4.0,6.0,6.0,0.30596702,39.0,3.3238636363636367,0.0852272727272727,5.625,0.0852272727272727,8.863636363636365,3.664772727272728,0.0,0.5965909090909092,2.1306818181818183,1.960227272727273,0.1704545454545454,0.5113636363636364,0.4261363636363636,0.4261363636363636,5.625,1.619318181818182,0.2556818181818182,0.0,1.1079545454545456,3.664772727272728,0.8522727272727273,0.0852272727272727,0.6818181818181819,0.0,0.0,62.65,20.0,100.0,20.0,52.0,51.97,58.9,66.67,0.2963970883374952,0.0396397710440948,0.3409090909090909,0.6818181818181819,0.0201654409090909,0.3409090909090909,0.5113636363636364,0.5113636363636364,0.0260767346590909,3.3238636363636367,ST,45,50,31,15,33,90,17,37,58,68,22,55,9,8,79,87,51,13,72,49,44,10,67,49,50,10,13,96,14,85,87,92,65,67,33,41,36,31,45,41,23,18,36,18,49,13,10,10,90,17,15,41,54,13,51,5,5,67,82,31,13,64,26,23,5,72,49,50,10,13,96,14,85,87,92,65,54,13,26,28,21,38,31,15,10,23,Eliteserien
Sandefjord,btaf9fuj3xctycyjeqwereaow,6hssnrvqsel6i5ca09p5730x6,M. Melchior,Marcus Melchior,25.0,Midfielder,Norway,Midfielder,87.0,0.0,127.0,5.0,214.0,0.0,0.0,4.0,10.0,8.0,2.0,4.0,22.0,22.0,59.0,8.0,0.0,4.0,711.0,2.0,21.0,13.0,16.0,20.0,0.0,0.0,78.97,35.71,0.0,72.73,20.0,57.28,0.0,66.67,0.9759456091560704,0.2099819428030386,4.0,12.0,0.32368662,4.0,22.0,21.0,0.6427491000000001,111.0,11.0126582278481,0.0,16.075949367088608,0.6329113924050632,27.088607594936708,0.0,0.0,0.5063291139240506,1.2658227848101264,1.0126582278481011,0.2531645569620253,0.5063291139240506,2.7848101265822782,2.7848101265822782,7.468354430379747,1.0126582278481011,0.0,0.5063291139240506,0.2531645569620253,2.6582278481012658,1.6455696202531644,2.0253164556962022,2.531645569620253,0.0,0.0,78.97,35.71,0.0,72.73,20.0,57.28,0.0,66.67,0.1235374188805152,0.0265799927598783,0.5063291139240506,1.5189873417721518,0.0409729898734177,0.5063291139240506,2.7848101265822782,2.6582278481012658,0.0813606455696202,14.050632911392404,DM/CM,14,18,21,5,18,5,25,29,48,79,23,55,84,84,73,9,25,12,41,75,71,96,89,46,48,7,11,18,93,36,79,7,66,54,29,54,29,46,27,21,18,29,21,4,18,11,4,7,5,25,32,71,89,18,75,96,96,82,7,25,4,46,93,89,96,93,46,48,7,11,18,93,36,79,7,66,71,21,75,43,61,32,21,14,25,14,Eliteserien
Sandefjord,btaf9fuj3xctycyjeqwereaow,815zq6bo3kwxw8fl3bh381ez8,R. Holten,Rasmus Holten,21.0,Defender,Norway,Defender,318.0,0.0,241.0,35.0,559.0,30.0,0.0,3.0,4.0,3.0,1.0,2.0,1.0,1.0,55.0,43.0,1.0,6.0,763.0,1.0,8.0,9.0,1.0,11.0,0.0,0.0,89.01,57.38,0.0,100.0,25.0,70.51,73.17,73.33,0.4008942847593429,0.1796555346102887,1.0,13.0,0.2644198,7.0,65.0,72.0,1.3179348400000006,387.0,37.50982961992136,0.0,28.42726081258192,4.128440366972477,65.93709043250328,3.5386631716906947,0.0,0.3538663171690694,0.4718217562254259,0.3538663171690694,0.1179554390563564,0.2359108781127129,0.1179554390563564,0.1179554390563564,6.487549148099607,5.072083879423329,0.1179554390563564,0.7077326343381389,0.1179554390563564,0.943643512450852,1.0615989515072084,0.1179554390563564,1.2975098296199217,0.0,0.0,89.01,57.38,0.0,100.0,25.0,70.51,73.17,73.33,0.0472876613739723,0.021191347463861,0.1179554390563564,1.5334207077326345,0.0311897536041939,0.8256880733944955,7.667103538663172,8.492791612057667,0.155457582699869,45.64875491480996,CB,61,34,62,66,62,70,39,55,39,43,58,74,21,20,66,48,84,25,49,43,66,36,64,39,51,75,90,34,93,60,92,90,69,36,51,66,61,52,73,74,72,62,66,80,34,84,87,85,84,39,66,44,44,62,77,25,24,89,44,90,15,52,43,82,39,82,39,51,75,90,34,93,60,92,90,69,38,54,73,61,54,77,90,90,82,87,Eliteserien
Sandefjord,btaf9fuj3xctycyjeqwereaow,8g5ms6uacdkgfcbxt4crlr4ve,E. Patoulidis,Evangelos Patoulidis,24.0,Midfielder,Belgium,Midfielder,143.0,39.0,255.0,43.0,359.0,5.0,0.0,36.0,38.0,11.0,27.0,10.0,42.0,44.0,66.0,5.0,4.0,9.0,1311.0,14.0,46.0,16.0,16.0,20.0,0.0,0.0,82.72,87.76,29.32,38.1,36.84,40.99,21.74,68.97,2.369233746448729,4.305549630688828,19.0,49.0,1.4007342199999997,25.0,19.0,39.0,3.95015395,139.0,9.816933638443937,2.677345537757437,17.505720823798626,2.951945080091533,24.645308924485125,0.3432494279176201,0.0,2.471395881006865,2.608695652173913,0.7551487414187643,1.8535469107551488,0.6864988558352403,2.883295194508009,3.0205949656750573,4.530892448512586,0.3432494279176201,0.2745995423340961,0.6178489702517163,0.9610983981693364,3.1578947368421053,1.0983981693363845,1.0983981693363845,1.3729977116704806,0.0,0.0,82.72,87.76,29.32,38.1,36.84,40.99,21.74,68.97,0.1626476256143292,0.2955754895209722,1.3043478260869563,3.3638443935926774,0.0961602439359267,1.7162471395881007,1.3043478260869563,2.677345537757437,0.2711776167048055,9.54233409610984,RM/RCM,100,100,75,100,75,42,12,83,92,58,100,92,100,100,83,42,75,79,92,58,67,100,96,50,50,83,100,83,33,33,33,17,50,67,92,100,92,92,100,67,67,92,75,83,100,58,100,58,17,12,83,83,17,100,75,75,75,42,25,50,58,75,33,42,58,92,50,50,83,100,83,33,33,33,17,50,42,92,92,83,67,92,42,42,92,50,Eliteserien
Sandefjord,btaf9fuj3xctycyjeqwereaow,993vvog7a4flhvtpyzjrqlg4,O. Kapskarmo,Oscar Kapskarmo,26.0,Attacker,Norway,Striker,25.0,1.0,25.0,2.0,49.0,5.0,1.0,6.0,4.0,3.0,1.0,1.0,8.0,9.0,26.0,3.0,1.0,0.0,306.0,2.0,9.0,13.0,4.0,3.0,0.0,0.0,72.06,40.0,100.0,50.0,50.0,53.06,38.46,75.0,0.8077694467238361,0.3344947799939027,0.0,2.0,0.05752588,0.0,2.0,2.0,0.11919555,18.0,7.352941176470589,0.2941176470588235,7.352941176470589,0.5882352941176471,14.411764705882351,1.4705882352941178,0.2941176470588235,1.7647058823529411,1.1764705882352942,0.8823529411764706,0.2941176470588235,0.2941176470588235,2.3529411764705883,2.647058823529412,7.647058823529412,0.8823529411764706,0.2941176470588235,0.0,0.5882352941176471,2.647058823529412,3.823529411764706,1.1764705882352942,0.8823529411764706,0.0,0.0,72.06,40.0,100.0,50.0,50.0,53.06,38.46,75.0,0.2375792490364223,0.0983808176452655,0.0,0.5882352941176471,0.0169193764705882,0.0,0.5882352941176471,0.5882352941176471,0.0350575147058823,5.294117647058823,ST,17,50,9,33,10,26,53,29,5,6,12,12,27,28,26,12,24,13,10,5,63,32,29,49,50,46,38,96,79,81,90,44,85,13,15,8,12,10,8,13,9,5,13,85,77,31,77,56,46,87,95,13,10,28,15,82,82,92,46,41,13,21,10,100,87,79,49,50,46,38,96,79,81,90,44,85,41,69,8,23,15,8,38,18,21,56,Eliteserien
Sandefjord,btaf9fuj3xctycyjeqwereaow,9utpsxqh8654yuyk4a5rx15ux,T. Børkeeiet,Tobias Børkeeiet,27.0,Midfielder,Norway,Midfielder,80.0,0.0,74.0,11.0,154.0,5.0,0.0,0.0,1.0,1.0,0.0,0.0,0.0,0.0,13.0,15.0,1.0,4.0,270.0,1.0,2.0,6.0,0.0,1.0,0.0,0.0,86.03,55.0,0.0,0.0,100.0,56.52,62.5,50.0,0.1392407116080026,0.0,0.0,5.0,0.10276619,4.0,14.0,14.0,0.3126085599999999,86.0,26.666666666666668,0.0,24.666666666666668,3.6666666666666665,51.333333333333336,1.6666666666666667,0.0,0.0,0.3333333333333333,0.3333333333333333,0.0,0.0,0.0,0.0,4.333333333333333,5.0,0.3333333333333333,1.3333333333333333,0.3333333333333333,0.6666666666666666,2.0,0.0,0.3333333333333333,0.0,0.0,86.03,55.0,0.0,0.0,100.0,56.52,62.5,50.0,0.0464135705360008,0.0,0.0,1.6666666666666667,0.0342553966666666,1.3333333333333333,4.666666666666667,4.666666666666667,0.1042028533333333,28.666666666666668,DM/CM,11,18,7,27,11,23,25,7,11,18,7,7,5,5,4,41,66,12,27,7,20,5,4,46,48,61,71,18,5,100,68,82,21,14,7,9,14,14,27,14,14,11,14,86,18,61,93,71,79,25,7,14,50,7,7,5,5,39,96,100,54,64,32,96,5,4,46,48,61,71,18,5,100,68,82,21,25,7,9,54,43,93,71,75,46,79,Eliteserien
Sandefjord,btaf9fuj3xctycyjeqwereaow,aj8viw93em18jk0liabakhp90,E. Pettersen,Edvard Pettersen,20.0,Midfielder,Norway,Midfielder,167.0,6.0,187.0,20.0,348.0,10.0,1.0,15.0,21.0,13.0,8.0,8.0,29.0,32.0,57.0,16.0,1.0,8.0,1306.0,5.0,36.0,11.0,11.0,17.0,0.0,0.0,83.25,57.14,46.15,37.93,23.81,40.71,27.03,68.0,1.927857489813819,1.1598415549724297,4.0,20.0,0.47382223,2.0,34.0,34.0,1.09483579,172.0,11.508422664624808,0.4134762633996937,12.886676875957122,1.3782542113323124,23.98162327718224,0.6891271056661562,0.0689127105666156,1.0336906584992342,1.447166921898928,0.8958652373660031,0.5513016845329249,0.5513016845329249,1.998468606431853,2.2052067381317,3.9280245022970894,1.10260336906585,0.0689127105666156,0.5513016845329249,0.3445635528330781,2.4808575803981623,0.7580398162327718,0.7580398162327718,1.1715160796324655,0.0,0.0,83.25,57.14,46.15,37.93,23.81,40.71,27.03,68.0,0.1328538852092218,0.0799278253809484,0.2756508422664624,1.3782542113323124,0.0326523741960183,0.1378254211332312,2.343032159264931,2.343032159264931,0.0754481019142419,11.852986217457886,DM/CM,46,82,39,55,43,50,70,86,88,89,75,86,93,93,68,48,66,30,79,86,55,88,71,46,48,32,79,86,43,39,7,25,71,86,82,54,62,61,14,39,43,46,43,11,79,7,25,4,36,68,82,82,79,64,79,93,93,25,14,64,18,68,89,18,79,61,46,48,32,79,86,43,39,7,25,71,79,75,36,29,39,14,11,11,21,11,Eliteserien
Sandefjord,btaf9fuj3xctycyjeqwereaow,b6q0tf252xvikt39g8jevju38,J. Vester,Jakob Vester,21.0,Midfielder,Denmark,Midfielder,86.0,0.0,117.0,6.0,203.0,5.0,0.0,12.0,12.0,8.0,4.0,5.0,10.0,10.0,37.0,15.0,1.0,6.0,763.0,3.0,27.0,14.0,7.0,5.0,0.0,0.0,78.68,37.5,0.0,70.0,25.0,47.44,38.46,45.45,1.4974197083394998,0.7273617506696649,2.0,17.0,0.4538529,6.0,15.0,14.0,0.4750463999999998,93.0,10.144167758846658,0.0,13.800786369593707,0.7077326343381389,23.944954128440365,0.5897771952817824,0.0,1.415465268676278,1.415465268676278,0.943643512450852,0.4718217562254259,0.5897771952817824,1.1795543905635648,1.1795543905635648,4.36435124508519,1.769331585845347,0.1179554390563564,0.7077326343381389,0.3538663171690694,3.184796854521625,1.651376146788991,0.8256880733944955,0.5897771952817824,0.0,0.0,78.68,37.5,0.0,70.0,25.0,47.44,38.46,45.45,0.1766287991488269,0.0857962746530404,0.2359108781127129,2.0052424639580604,0.0535344180865006,0.7077326343381389,1.769331585845347,1.651376146788991,0.0560343066841415,10.969855832241151,CM/AM,46,11,24,29,34,35,13,36,38,43,50,55,24,24,24,53,42,39,30,43,60,45,22,48,49,34,22,11,96,29,50,37,5,48,20,24,51,40,29,24,16,14,32,54,11,18,30,36,50,13,52,40,44,62,62,30,28,34,76,48,50,36,54,76,54,20,48,49,34,22,11,96,29,50,37,5,60,26,30,60,58,40,32,12,6,42,Eliteserien
Sandefjord,btaf9fuj3xctycyjeqwereaow,c9pmoa9m23jh5emy6w4olm3xm,X. Lambrix,Xander Lambrix,26.0,Defender,Belgium,Defender,828.0,0.0,364.0,43.0,1192.0,46.0,1.0,2.0,6.0,6.0,0.0,2.0,5.0,5.0,75.0,117.0,0.0,21.0,1709.0,2.0,8.0,10.0,2.0,9.0,1.0,0.0,88.43,34.96,0.0,40.0,33.33,49.02,55.42,52.94,0.7336130736290122,0.0557703171994452,0.0,24.0,0.4761207100000001,8.0,76.0,86.0,1.6006866400000024,692.0,43.60444704505559,0.0,19.16910473961381,2.264482153306027,62.7735517846694,2.422469280280866,0.0526623756582797,0.1053247513165594,0.3159742539496782,0.3159742539496782,0.0,0.1053247513165594,0.2633118782913985,0.2633118782913985,3.9496781743709777,6.161497952018725,0.0,1.1059098888238736,0.1053247513165594,0.4212990052662376,0.526623756582797,0.1053247513165594,0.4739613809245173,0.0526623756582797,0.0,88.43,34.96,0.0,40.0,33.33,49.02,55.42,52.94,0.0386338072712762,0.0029369973949386,0.0,1.2638970157987128,0.0250736476887068,0.4212990052662376,4.002340550029257,4.528964306612054,0.0842959611468696,36.44236395552955,CB,100,34,80,74,97,90,87,39,61,71,25,74,73,73,82,95,38,93,72,43,70,59,52,87,51,66,15,34,41,70,11,36,16,64,25,28,84,79,78,80,84,69,90,93,34,43,36,84,66,79,21,21,41,25,43,46,44,38,69,38,59,49,15,36,36,13,80,51,66,15,34,41,70,11,36,16,33,21,28,48,44,51,44,51,26,70,Eliteserien
Sandefjord,btaf9fuj3xctycyjeqwereaow,cqbwi2vpug8530eao8ewo1tzo,B. Berntsen,Bendik Berntsen,19.0,Attacker,Norway,Striker,35.0,2.0,104.0,3.0,137.0,4.0,1.0,12.0,17.0,9.0,8.0,8.0,30.0,30.0,55.0,10.0,1.0,4.0,682.0,4.0,37.0,28.0,12.0,7.0,0.0,0.0,80.12,75.0,18.18,40.0,23.53,49.55,26.67,63.64,1.4137857032670715,0.915246407517466,10.0,23.0,0.7096996899999999,10.0,6.0,12.0,0.5143613999999999,57.0,4.618768328445748,0.2639296187683284,13.72434017595308,0.3958944281524927,18.079178885630498,0.5278592375366569,0.1319648093841642,1.5835777126099708,2.243401759530792,1.187683284457478,1.0557184750733135,1.0557184750733135,3.958944281524927,3.958944281524927,7.258064516129033,1.3196480938416422,0.1319648093841642,0.5278592375366569,0.5278592375366569,4.882697947214076,3.6950146627566,1.5835777126099708,0.9237536656891496,0.0,0.0,80.12,75.0,18.18,40.0,23.53,49.55,26.67,63.64,0.1865699608416956,0.1207803177075834,1.3196480938416422,3.035190615835777,0.0936553843108504,1.3196480938416422,0.7917888563049854,1.5835777126099708,0.0678776041055718,7.521994134897361,ST,35,71,59,49,50,22,53,65,32,19,74,72,85,85,64,62,24,64,22,35,92,81,59,49,50,90,88,58,56,10,79,21,55,18,59,78,83,74,86,41,54,46,62,46,74,82,51,74,26,64,92,46,23,100,97,100,100,90,67,26,74,15,59,97,97,85,49,50,90,88,58,56,10,79,21,55,21,82,100,95,90,97,51,69,59,69,Eliteserien
Sandefjord,btaf9fuj3xctycyjeqwereaow,entqumhk84jfw6hgjkee607x0,S. Mathisen,Sebastian Mathisen,21.0,Attacker,Norway,Striker,25.0,0.0,35.0,2.0,60.0,16.0,0.0,7.0,13.0,13.0,0.0,0.0,9.0,9.0,26.0,9.0,2.0,2.0,417.0,7.0,24.0,5.0,2.0,2.0,0.0,0.0,68.97,100.0,0.0,22.22,53.85,32.91,41.03,66.67,1.5722157298716732,0.4214075612147426,2.0,7.0,0.24871059,1.0,2.0,5.0,0.36999117,14.0,5.395683453237409,0.0,7.553956834532373,0.4316546762589928,12.949640287769784,3.4532374100719423,0.0,1.5107913669064748,2.805755395683453,2.805755395683453,0.0,0.0,1.9424460431654675,1.9424460431654675,5.611510791366906,1.9424460431654675,0.4316546762589928,0.4316546762589928,1.5107913669064748,5.179856115107913,1.079136690647482,0.4316546762589928,0.4316546762589928,0.0,0.0,68.97,100.0,0.0,22.22,53.85,32.91,41.03,66.67,0.3393271359435266,0.0909512722046207,0.4316546762589928,1.5107913669064748,0.0536785446043165,0.2158273381294964,0.4316546762589928,1.079136690647482,0.0798542093525179,3.021582733812949,ST,17,19,13,33,13,54,17,37,21,35,5,5,31,28,26,53,40,41,40,22,13,22,21,49,50,33,96,19,18,87,15,64,65,21,23,23,29,33,18,13,17,26,10,64,19,33,56,46,85,17,87,69,92,5,5,69,62,64,87,77,64,92,72,33,23,38,49,50,33,96,19,18,87,15,64,65,72,62,41,72,67,28,23,51,67,18,Eliteserien
Sandefjord,btaf9fuj3xctycyjeqwereaow,f4o3bkd2fvt8wd4h5eb27qjv8,H. Krogelien,Håkon Krogelien,22.0,Defender,Norway,Defender,88.0,0.0,37.0,18.0,125.0,8.0,0.0,1.0,2.0,2.0,0.0,1.0,0.0,0.0,16.0,24.0,0.0,0.0,283.0,0.0,4.0,3.0,0.0,3.0,0.0,0.0,81.17,52.94,0.0,0.0,0.0,61.54,80.0,60.0,0.2859972814036076,0.022271440442455,0.0,1.0,0.01935132,0.0,10.0,12.0,0.27802348,77.0,27.985865724381625,0.0,11.76678445229682,5.724381625441696,39.75265017667844,2.5441696113074204,0.0,0.3180212014134275,0.6360424028268551,0.6360424028268551,0.0,0.3180212014134275,0.0,0.0,5.088339222614841,7.632508833922261,0.0,0.0,0.0,1.2720848056537102,0.9540636042402828,0.0,0.9540636042402828,0.0,0.0,81.17,52.94,0.0,0.0,0.0,61.54,80.0,60.0,0.0909531990329494,0.0070827902467171,0.0,0.3180212014134275,0.0061541300353356,0.0,3.180212014134276,3.8162544169611294,0.088417361130742,24.48763250883392,CB,7,34,2,43,2,17,39,25,21,31,25,43,8,7,10,26,38,2,19,20,21,13,16,39,51,13,80,34,13,19,74,98,33,30,20,28,3,3,5,4,7,5,7,43,34,7,97,20,70,39,59,61,69,25,89,8,7,67,95,38,2,19,61,75,13,64,39,51,13,80,34,13,19,74,98,33,69,28,28,13,11,5,28,33,34,26,Eliteserien
Sandefjord,btaf9fuj3xctycyjeqwereaow,jfesb9jxg4g5yph0x6nabevo,V. Egeli,Vetle Egeli,22.0,Defender,Norway,Defender,395.0,13.0,347.0,35.0,729.0,19.0,2.0,27.0,24.0,9.0,15.0,9.0,26.0,27.0,84.0,46.0,0.0,17.0,1723.0,4.0,36.0,21.0,19.0,16.0,0.0,0.0,83.51,40.7,27.66,73.08,16.67,52.5,51.35,61.54,2.1498827079179152,2.0520189304494867,11.0,57.0,1.4070829399999991,31.0,47.0,66.0,2.382055300000001,282.0,20.6326175275682,0.6790481717933836,18.125362739408008,1.828206616366802,38.07893209518282,0.9924550203134068,0.1044689495066744,1.4103308183401044,1.2536273940800928,0.4701102727800348,0.783517121300058,0.4701102727800348,1.3580963435867672,1.4103308183401044,4.387695879280325,2.402785838653512,0.0,0.8879860708067324,0.2089378990133488,1.8804410911201392,1.0969239698200812,0.9924550203134068,0.8357515960533952,0.0,0.0,83.51,40.7,27.66,73.08,16.67,52.5,51.35,61.54,0.1122979940293745,0.1071861310159337,0.5745792222867092,2.97736506094022,0.0734982383052814,1.6192687173534532,2.455020313406848,3.447475333720256,0.1244254074289031,14.73012188044109,LB/LCB,96,63,61,78,78,78,83,91,91,70,96,93,87,85,83,74,26,70,65,74,96,96,70,37,50,74,65,61,96,39,57,61,35,91,83,98,89,83,85,57,52,65,65,74,57,26,39,39,43,65,70,74,65,96,83,65,65,35,48,26,57,57,48,57,74,26,37,50,74,65,61,96,39,57,61,35,70,57,91,74,65,61,26,30,17,30,Eliteserien
Sandefjord,btaf9fuj3xctycyjeqwereaow,v3hnsgptqqi0ystvybqtpyzu,J. Dunsby,Jakob Dunsby,26.0,Attacker,Norway,Striker,59.0,10.0,166.0,26.0,215.0,5.0,0.0,15.0,36.0,22.0,14.0,11.0,41.0,44.0,66.0,9.0,1.0,7.0,922.0,12.0,44.0,34.0,14.0,10.0,0.0,0.0,79.63,65.0,33.33,34.15,33.33,44.3,22.73,76.92,2.6784278546740548,1.5970617190137926,15.0,22.0,0.5884004999999998,14.0,16.0,26.0,2.4811768999999986,83.0,5.759219088937094,0.9761388286334056,16.203904555314534,2.537960954446855,20.98698481561822,0.4880694143167028,0.0,1.4642082429501089,3.5140997830802605,2.1475054229934925,1.366594360086768,1.0737527114967462,4.002169197396963,4.295010845986985,6.442516268980477,0.8785249457700651,0.0976138828633405,0.683297180043384,1.1713665943600868,4.295010845986985,3.31887201735358,1.366594360086768,0.9761388286334056,0.0,0.0,79.63,65.0,33.33,34.15,33.33,44.3,22.73,76.92,0.2614517428640617,0.1558953955653376,1.4642082429501089,2.1475054229934925,0.057436057483731,1.366594360086768,1.5618221258134493,2.537960954446855,0.2421973112798263,8.101952277657267,LW,58,83,42,100,42,75,12,67,92,83,100,92,67,67,75,62,42,88,83,50,92,58,88,54,54,58,83,92,33,38,58,25,92,58,67,92,33,33,50,79,67,83,58,58,75,42,100,33,50,12,50,92,83,100,100,67,75,75,67,33,83,75,17,100,58,67,54,54,58,83,92,33,38,58,25,92,75,67,92,33,25,50,50,58,83,50,Eliteserien
Sarpsborg 08,doohk95o6e8pkqah8vkop51dg,17jltcnnaha4707duh52hirit,M. Lode,Marius Lode,33.0,Defender,Norway,Defender,206.0,0.0,95.0,25.0,301.0,10.0,0.0,1.0,0.0,0.0,0.0,0.0,1.0,1.0,20.0,44.0,0.0,5.0,563.0,0.0,1.0,4.0,1.0,5.0,0.0,0.0,89.58,52.08,0.0,100.0,0.0,45.45,45.45,100.0,0.0,0.0754258661884872,0.0,7.0,0.13343711,2.0,24.0,23.0,0.4878385999999997,202.0,32.93072824156305,0.0,15.186500888099468,3.996447602131439,48.11722912966252,1.5985790408525755,0.0,0.1598579040852575,0.0,0.0,0.0,0.0,0.1598579040852575,0.1598579040852575,3.197158081705151,7.033747779751332,0.0,0.7992895204262878,0.0,0.1598579040852575,0.6394316163410302,0.1598579040852575,0.7992895204262878,0.0,0.0,89.58,52.08,0.0,100.0,0.0,45.45,45.45,100.0,0.0,0.0120574208827066,0.0,1.119005328596803,0.0213309767317939,0.3197158081705151,3.836589698046181,3.676731793960923,0.0779848561278862,32.291296625222024,CB,44,34,23,50,31,22,39,25,3,6,25,14,21,20,13,50,38,16,19,3,34,36,31,39,51,80,77,34,93,19,8,7,97,2,31,28,33,30,27,30,28,18,39,69,34,18,85,48,30,39,26,3,6,25,14,31,30,11,87,38,21,19,2,54,48,48,39,51,80,77,34,93,19,8,7,97,2,39,28,43,38,38,39,31,23,56,Eliteserien
Sarpsborg 08,doohk95o6e8pkqah8vkop51dg,30ojg24sppf8bzngafnd4neg9,E. Wichne,Eirik Wichne,29.0,Defender,Norway,Defender,71.0,6.0,94.0,6.0,159.0,5.0,0.0,7.0,5.0,2.0,3.0,3.0,3.0,3.0,38.0,10.0,0.0,2.0,500.0,0.0,6.0,9.0,0.0,16.0,0.0,0.0,71.95,21.43,25.0,0.0,0.0,46.91,27.78,66.67,0.4163563872119095,0.6136256291634585,2.0,12.0,0.2908861199999999,8.0,14.0,15.0,0.8410130600000003,76.0,12.78,1.08,16.92,1.08,28.62,0.9,0.0,1.26,0.9,0.36,0.54,0.54,0.54,0.54,6.84,1.8,0.0,0.36,0.0,1.08,1.62,0.0,2.88,0.0,0.0,71.95,21.43,25.0,0.0,0.0,46.91,27.78,66.67,0.0749441496981437,0.1104526132494225,0.36,2.16,0.0523595015999999,1.44,2.52,2.7,0.1513823508,13.68,RB/RCB,5,57,5,5,5,14,26,38,19,14,52,57,14,12,14,5,26,5,10,5,45,7,40,36,52,10,5,26,7,10,10,10,33,10,38,40,33,24,38,5,7,14,5,19,86,33,14,19,29,26,86,62,29,90,90,38,33,76,14,26,5,10,24,95,7,95,36,52,10,5,26,7,10,10,10,33,48,76,76,76,76,81,24,24,52,19,Eliteserien
Sarpsborg 08,doohk95o6e8pkqah8vkop51dg,3dr67fefuihn77e92fgyec0r9,S. Rosted,Sigurd Rosted,32.0,Defender,Norway,Defender,165.0,0.0,101.0,14.0,266.0,14.0,0.0,1.0,5.0,5.0,0.0,2.0,1.0,1.0,28.0,29.0,0.0,10.0,523.0,2.0,15.0,9.0,1.0,3.0,0.0,0.0,85.81,50.0,0.0,100.0,40.0,65.12,58.33,75.0,0.7478535223869356,0.0643087510336386,0.0,13.0,0.29461792,5.0,28.0,24.0,0.4986988699999998,156.0,28.39388145315488,0.0,17.38049713193117,2.4091778202676863,45.77437858508604,2.4091778202676863,0.0,0.1720841300191204,0.8604206500956023,0.8604206500956023,0.0,0.3441682600382409,0.1720841300191204,0.1720841300191204,4.818355640535373,4.990439770554493,0.0,1.7208413001912046,0.3441682600382409,2.581261950286807,1.548757170172084,0.1720841300191204,0.5162523900573613,0.0,0.0,85.81,50.0,0.0,100.0,40.0,65.12,58.33,75.0,0.1286937227816906,0.0110665154742399,0.0,2.237093690248566,0.0506990684512428,0.8604206500956023,4.818355640535373,4.130019120458891,0.0858181611854684,26.84512428298279,CB,31,34,25,28,26,35,39,25,48,64,25,74,21,20,30,36,38,48,72,66,66,36,16,39,51,41,67,34,93,80,84,56,76,67,28,28,61,61,61,41,31,20,25,48,34,28,43,41,62,39,30,77,89,25,92,38,36,59,43,38,90,89,90,92,51,20,39,51,41,67,34,93,80,84,56,76,93,36,28,84,82,79,62,43,30,38,Eliteserien
Sarpsborg 08,doohk95o6e8pkqah8vkop51dg,44t0ew97eyl8ww00sgusx00a2,Aimar Sher,Aimar Hazar Anwar Sher,23.0,Midfielder,Iraq,Midfielder,388.0,7.0,390.0,61.0,771.0,6.0,0.0,16.0,17.0,8.0,9.0,5.0,13.0,13.0,82.0,35.0,1.0,37.0,1466.0,6.0,18.0,41.0,6.0,17.0,0.0,0.0,88.72,60.4,41.18,46.15,35.29,56.55,33.33,58.62,1.3359238588863684,1.4695745946969905,11.0,31.0,0.6425054999999997,8.0,74.0,75.0,2.069624100000001,409.0,23.81991814461119,0.4297407912687585,23.942701227830835,3.7448840381991815,47.33287858117326,0.3683492496589359,0.0,0.9822646657571624,1.043656207366985,0.4911323328785812,0.5525238744884039,0.3069577080491132,0.7980900409276944,0.7980900409276944,5.034106412005458,2.148703956343793,0.0613915416098226,2.271487039563438,0.3683492496589359,1.1050477489768078,2.517053206002729,0.3683492496589359,1.043656207366985,0.0,0.0,88.72,60.4,41.18,46.15,35.29,56.55,33.33,58.62,0.0820144251703773,0.0902194498790785,0.6753069577080492,1.903137789904502,0.0394444031377898,0.4911323328785812,4.542974079126876,4.604365620736699,0.1270574140518418,25.109140518417465,DM/CM,96,86,89,96,89,34,25,89,79,79,82,70,68,61,82,84,66,100,88,71,100,61,71,46,48,89,93,82,64,75,71,34,46,71,86,95,86,79,52,75,79,86,89,75,86,54,96,64,25,25,79,57,61,68,46,36,32,61,75,57,96,75,54,100,46,46,46,48,89,93,82,64,75,71,34,46,54,82,93,75,57,25,64,71,57,75,Eliteserien
Sarpsborg 08,doohk95o6e8pkqah8vkop51dg,4e7x4ulb3mcxgnue8c9exvazu,D. Karlsbakk,Daniel Karlsbakk,23.0,Attacker,Norway,Striker,92.0,3.0,133.0,9.0,222.0,31.0,0.0,18.0,38.0,35.0,3.0,9.0,38.0,39.0,81.0,6.0,6.0,0.0,1762.0,18.0,95.0,26.0,12.0,8.0,0.0,0.0,72.08,60.0,50.0,31.58,47.37,36.82,38.75,66.67,4.748657258421342,1.4351419844652469,8.0,10.0,0.5995447700000001,2.0,8.0,9.0,1.0397315299999998,55.0,4.699205448354142,0.1532349602724177,6.793416572077184,0.4597048808172531,11.33938706015891,1.5834279228149828,0.0,0.9194097616345062,1.940976163450624,1.7877412031782065,0.1532349602724177,0.4597048808172531,1.940976163450624,1.99205448354143,4.1373439273552775,0.3064699205448354,0.3064699205448354,0.0,0.9194097616345062,4.852440408626561,1.3280363223609533,0.6129398410896708,0.4086265607264472,0.0,0.0,72.08,60.0,50.0,31.58,47.37,36.82,38.75,66.67,0.2425534354471741,0.0733046416582702,0.4086265607264472,0.510783200908059,0.0306237396708286,0.1021566401816118,0.4086265607264472,0.4597048808172531,0.0531077398978433,2.8093076049943244,ST,79,81,73,86,77,82,17,91,85,85,37,83,91,90,87,38,83,13,87,92,88,81,67,49,50,49,78,81,29,77,31,46,65,82,87,71,47,69,26,50,38,74,59,51,64,23,59,28,51,17,46,33,49,10,31,67,64,33,13,49,13,51,56,62,49,36,49,50,49,78,81,29,77,31,46,65,46,49,38,18,38,18,21,8,36,15,Eliteserien
Sarpsborg 08,doohk95o6e8pkqah8vkop51dg,58o5ram4bf58357786j9jr7kk,M. Opoku,Michael Opoku,21.0,Midfielder,Denmark,Midfielder,19.0,2.0,40.0,4.0,57.0,7.0,1.0,7.0,13.0,6.0,7.0,4.0,18.0,21.0,26.0,4.0,0.0,3.0,306.0,2.0,25.0,4.0,8.0,4.0,0.0,0.0,69.51,44.44,13.33,44.44,15.38,42.62,31.82,57.14,0.9878718816460248,0.6425775066657392,10.0,10.0,0.28713784,2.0,3.0,7.0,0.3221077799999999,21.0,5.588235294117648,0.5882352941176471,11.764705882352942,1.1764705882352942,16.764705882352942,2.058823529411765,0.2941176470588235,2.058823529411765,3.823529411764706,1.7647058823529411,2.058823529411765,1.1764705882352942,5.294117647058823,6.176470588235294,7.647058823529412,1.1764705882352942,0.0,0.8823529411764706,0.5882352941176471,7.352941176470589,1.1764705882352942,2.3529411764705883,1.1764705882352942,0.0,0.0,69.51,44.44,13.33,44.44,15.38,42.62,31.82,57.14,0.2905505534253014,0.1889933843134527,2.9411764705882355,2.9411764705882355,0.0844523058823529,0.5882352941176471,0.8823529411764706,2.058823529411765,0.0947375823529411,6.176470588235294,LM/LCM,14,64,14,14,14,71,64,50,57,43,86,57,43,43,14,29,36,43,36,43,14,43,14,57,57,14,43,57,43,29,14,43,43,43,57,86,14,14,14,14,14,14,14,29,71,29,57,14,86,100,86,100,100,100,100,100,100,100,71,36,86,86,86,43,100,57,57,57,14,43,57,43,29,14,43,43,100,86,100,43,57,14,29,43,29,29,Eliteserien
Sarpsborg 08,doohk95o6e8pkqah8vkop51dg,58zj1aw2i5mfyzb3knj72xk6i,S. Christiansen,Sander Christiansen,25.0,Midfielder,Norway,Midfielder,216.0,3.0,266.0,19.0,479.0,17.0,1.0,7.0,26.0,19.0,7.0,9.0,22.0,22.0,81.0,38.0,1.0,27.0,1413.0,7.0,46.0,22.0,10.0,15.0,0.0,0.0,80.1,55.88,21.43,45.45,26.92,56.25,41.46,46.88,2.354018390590829,0.6370666077539449,9.0,26.0,0.7006272799999999,14.0,43.0,51.0,1.7770362699999995,244.0,13.757961783439493,0.1910828025477707,16.94267515923567,1.2101910828025475,30.50955414012739,1.0828025477707006,0.0636942675159235,0.445859872611465,1.6560509554140128,1.2101910828025475,0.445859872611465,0.5732484076433121,1.4012738853503186,1.4012738853503186,5.159235668789809,2.4203821656050954,0.0636942675159235,1.7197452229299364,0.445859872611465,2.9299363057324843,1.4012738853503186,0.6369426751592357,0.9554140127388536,0.0,0.0,80.1,55.88,21.43,45.45,26.92,56.25,41.46,46.88,0.1499374771076961,0.0405774909397417,0.5732484076433121,1.6560509554140128,0.0446259414012738,0.89171974522293,2.7388535031847137,3.248407643312102,0.1131870235668789,15.54140127388535,DM/CM,57,62,54,50,57,80,70,50,93,100,62,93,84,84,79,93,66,89,93,100,89,79,64,46,48,14,75,43,59,54,64,46,11,93,54,84,79,86,89,54,64,75,61,25,50,25,14,21,50,61,25,89,100,50,86,68,68,64,86,61,79,82,100,71,64,36,46,48,14,75,43,59,54,64,46,11,93,39,82,50,71,68,18,29,50,21,Eliteserien
Sarpsborg 08,doohk95o6e8pkqah8vkop51dg,6qa22t9j7co6lpatbd00zppwq,C. Niyukuri,Claus Niyukuri,26.0,Defender,Burundi,Defender,203.0,5.0,236.0,15.0,434.0,14.0,4.0,11.0,12.0,9.0,3.0,5.0,38.0,42.0,84.0,44.0,2.0,16.0,1295.0,5.0,32.0,21.0,19.0,21.0,0.0,0.0,79.93,34.09,26.32,50.0,41.67,52.17,53.85,67.74,1.3644254036853396,1.0401763635414494,5.0,27.0,0.6720974299999999,19.0,50.0,55.0,1.8524324700000008,235.0,14.108108108108109,0.3474903474903474,16.401544401544403,1.0424710424710424,30.16216216216216,0.9729729729729728,0.277992277992278,0.7644787644787645,0.833976833976834,0.6254826254826255,0.2084942084942085,0.3474903474903474,2.640926640926641,2.918918918918919,5.837837837837838,3.057915057915058,0.138996138996139,1.111969111969112,0.3474903474903474,2.223938223938224,1.4594594594594594,1.3204633204633205,1.4594594594594594,0.0,0.0,79.93,34.09,26.32,50.0,41.67,52.17,53.85,67.74,0.0948249315302552,0.0722902492036528,0.3474903474903474,1.8764478764478765,0.0467094738996138,1.3204633204633205,3.4749034749034746,3.8223938223938223,0.1287404805405406,16.332046332046332,RB/RCB,48,45,43,36,43,48,100,48,62,62,52,88,95,98,90,64,74,74,69,76,90,98,60,36,52,62,38,33,69,86,33,57,45,67,48,79,64,67,76,55,57,48,52,29,33,29,10,29,48,100,33,52,67,38,76,95,95,62,52,76,52,67,62,90,95,52,36,52,62,38,33,69,86,33,57,45,67,43,71,67,62,71,57,38,24,33,Eliteserien
Sarpsborg 08,doohk95o6e8pkqah8vkop51dg,azurrp6gm0xahdwntj9clyiac,V. Halvorsen,Victor Halvorsen,22.0,Midfielder,Norway,Midfielder,140.0,20.0,212.0,15.0,332.0,12.0,2.0,19.0,15.0,12.0,3.0,5.0,19.0,19.0,54.0,23.0,3.0,10.0,1207.0,5.0,38.0,11.0,7.0,14.0,0.0,0.0,77.93,46.88,44.44,36.84,33.33,51.43,52.17,58.33,1.895415950900184,2.044905957498405,6.0,14.0,0.39969073,4.0,21.0,27.0,1.3026646199999996,139.0,10.43910521955261,1.4913007456503728,15.807787903893953,1.1184755592377795,24.755592377796187,0.8947804473902237,0.1491300745650372,1.4167357083678542,1.1184755592377795,0.8947804473902237,0.2236951118475559,0.3728251864125932,1.4167357083678542,1.4167357083678542,4.026512013256006,1.7149958574979287,0.2236951118475559,0.7456503728251864,0.3728251864125932,2.8334714167357085,0.820215410107705,0.5219552609776305,1.043910521955261,0.0,0.0,77.93,46.88,44.44,36.84,33.33,51.43,52.17,58.33,0.1413317610447527,0.152478488960113,0.4473902236951118,1.043910521955261,0.029802954183927,0.2982601491300745,1.5658657829328917,2.013256006628003,0.0971332359569179,10.36454018227009,CM/AM,70,84,59,65,58,68,64,65,44,56,35,55,55,52,46,82,70,70,51,63,45,45,55,48,49,28,54,96,24,51,64,78,25,60,74,65,37,38,20,46,40,44,52,58,86,38,60,42,62,62,54,26,40,20,38,42,40,28,72,60,54,38,50,26,30,44,48,49,28,54,96,24,51,64,78,25,44,68,56,16,14,4,22,18,34,32,Eliteserien
Sarpsborg 08,doohk95o6e8pkqah8vkop51dg,bbyystkqag4mcfpr6utsazm51,S. Sørli,Sondre Sørli,30.0,Midfielder,Norway,Midfielder,83.0,28.0,222.0,19.0,277.0,9.0,4.0,27.0,32.0,19.0,13.0,5.0,27.0,27.0,56.0,14.0,4.0,6.0,1679.0,13.0,57.0,11.0,10.0,18.0,0.0,1.0,70.66,37.25,23.33,37.04,40.62,38.62,40.91,69.23,2.7435608579928026,2.9940734930324275,9.0,39.0,1.1645101199999994,13.0,25.0,37.0,2.0895398400000027,135.0,4.44907683144729,1.500893388921977,11.899940440738536,1.018463371054199,14.848123883263847,0.4824300178677784,0.2144133412745682,1.4472900536033353,1.7153067301965457,1.018463371054199,0.6968433591423466,0.2680166765932102,1.4472900536033353,1.4472900536033353,3.001786777843954,0.7504466944609887,0.2144133412745682,0.3216200119118523,0.6968433591423466,3.0553901131625967,0.5896366885050626,0.5360333531864205,0.9648600357355568,0.0,0.053603335318642,70.66,37.25,23.33,37.04,40.62,38.62,40.91,69.23,0.1470640126380895,0.1604923254156751,0.4824300178677784,2.09053007742704,0.062421626444312,0.6968433591423466,1.3400833829660512,1.983323406789756,0.1120063047051818,7.236450268016677,RM/RCM,67,92,67,83,67,67,83,67,83,79,83,75,67,67,58,75,75,62,75,67,58,71,83,50,100,17,33,67,25,50,8,50,58,75,67,83,83,75,67,75,58,67,67,33,92,8,58,8,50,42,42,33,33,50,25,17,17,8,42,42,25,25,25,8,8,33,50,100,17,33,67,25,50,8,50,58,25,42,33,42,50,17,50,33,8,17,Eliteserien
Sarpsborg 08,doohk95o6e8pkqah8vkop51dg,d4o6x50ojscywqgagugg8mcix,O. Skarsem,Olaus Skarsem,28.0,Midfielder,Norway,Midfielder,86.0,2.0,112.0,9.0,196.0,0.0,0.0,7.0,9.0,4.0,5.0,4.0,16.0,17.0,29.0,6.0,1.0,2.0,477.0,2.0,19.0,10.0,7.0,7.0,0.0,0.0,86.34,60.0,16.67,43.75,22.22,47.54,0.0,58.33,0.7203528264861121,0.5262573910513442,5.0,17.0,0.41046976,9.0,16.0,21.0,0.9569549300000004,89.0,16.22641509433962,0.3773584905660377,21.13207547169812,1.69811320754717,36.9811320754717,0.0,0.0,1.3207547169811322,1.69811320754717,0.7547169811320755,0.9433962264150944,0.7547169811320755,3.018867924528302,3.207547169811321,5.471698113207547,1.1320754716981132,0.1886792452830188,0.3773584905660377,0.3773584905660377,3.5849056603773586,1.8867924528301887,1.3207547169811322,1.3207547169811322,0.0,0.0,86.34,60.0,16.67,43.75,22.22,47.54,0.0,58.33,0.1359156276388891,0.0992938473681781,0.9433962264150944,3.207547169811321,0.0774471245283019,1.69811320754717,3.018867924528302,3.962264150943396,0.1805575339622642,16.79245283018868,LM/LCM,43,64,43,57,43,14,21,50,43,29,57,57,29,29,29,57,79,21,36,29,57,29,57,57,57,86,71,71,29,64,43,21,57,29,29,57,29,29,29,57,57,43,71,86,57,86,71,86,14,21,57,57,29,71,71,29,29,43,57,86,29,43,29,71,29,71,57,57,86,71,71,29,64,43,21,57,43,71,71,71,43,71,86,57,71,86,Eliteserien
Sarpsborg 08,doohk95o6e8pkqah8vkop51dg,d817kz3dtxjbucbj0piv3u4q2,N. Williams,Noa Williams,24.0,Midfielder,Sweden,Midfielder,42.0,1.0,108.0,6.0,149.0,4.0,1.0,11.0,18.0,10.0,8.0,8.0,39.0,39.0,51.0,3.0,0.0,2.0,708.0,3.0,45.0,19.0,18.0,5.0,0.0,0.0,80.11,66.67,9.09,46.15,16.67,45.13,40.0,50.0,1.3663404981378062,0.7578653878601225,12.0,28.0,0.9694115599999998,12.0,6.0,13.0,0.8262694900000002,48.0,5.338983050847458,0.1271186440677966,13.728813559322036,0.7627118644067797,18.940677966101696,0.5084745762711864,0.1271186440677966,1.3983050847457628,2.288135593220339,1.2711864406779665,1.0169491525423728,1.0169491525423728,4.957627118644068,4.957627118644068,6.483050847457627,0.3813559322033898,0.0,0.2542372881355932,0.3813559322033898,5.720338983050848,2.415254237288136,2.288135593220339,0.6355932203389831,0.0,0.0,80.11,66.67,9.09,46.15,16.67,45.13,40.0,50.0,0.1736873514581957,0.0963388204906935,1.5254237288135597,3.5593220338983054,0.1232302830508474,1.5254237288135597,0.7627118644067797,1.652542372881356,0.1050342572033898,6.101694915254238,LM/LCM,29,43,29,43,29,57,64,86,79,71,100,100,86,71,57,14,36,21,64,71,71,86,36,57,57,43,86,43,57,43,29,71,21,71,86,100,71,86,43,29,29,29,29,14,43,43,29,29,57,57,71,86,57,86,86,86,86,71,14,36,14,57,71,100,71,14,57,57,43,86,43,57,43,29,71,21,71,57,86,86,86,43,14,29,43,14,Eliteserien
Sarpsborg 08,doohk95o6e8pkqah8vkop51dg,dutklx2it24ogj43fu92e1zze,A. Nibe,Andreas Nibe,23.0,Midfielder,Denmark,Midfielder,146.0,6.0,212.0,17.0,352.0,7.0,0.0,16.0,17.0,13.0,4.0,2.0,19.0,21.0,44.0,10.0,3.0,11.0,1430.0,8.0,36.0,5.0,10.0,14.0,0.0,0.0,80.0,58.62,27.27,52.63,47.06,49.44,41.18,63.64,1.7435893230360164,1.5778147889070522,5.0,26.0,0.6411522199999999,13.0,26.0,41.0,2.31000152,160.0,9.188811188811188,0.3776223776223776,13.342657342657342,1.06993006993007,22.15384615384616,0.4405594405594406,0.0,1.0069930069930069,1.06993006993007,0.8181818181818181,0.2517482517482517,0.1258741258741258,1.1958041958041958,1.3216783216783217,2.769230769230769,0.6293706293706294,0.1888111888111888,0.6923076923076923,0.5034965034965034,2.265734265734266,0.3146853146853147,0.6293706293706294,0.8811188811188811,0.0,0.0,80.0,58.62,27.27,52.63,47.06,49.44,41.18,63.64,0.1097363909603087,0.0993030286724718,0.3146853146853147,1.6363636363636362,0.0403522376223776,0.8181818181818181,1.6363636363636362,2.5804195804195804,0.145384711048951,10.06993006993007,CM/AM,72,61,59,74,66,45,13,55,54,61,50,19,55,63,37,33,70,74,65,60,13,63,55,48,49,44,80,52,68,82,60,47,46,56,60,58,66,58,71,52,65,80,64,42,50,16,46,32,36,13,18,20,34,22,12,32,32,8,10,50,48,42,28,6,42,34,48,49,44,80,52,68,82,60,47,46,26,30,34,40,30,48,26,34,58,28,Eliteserien
Sarpsborg 08,doohk95o6e8pkqah8vkop51dg,ogcuz4pxxu9605ibev6htdxx,B. Utvik,Bjørn Utvik,30.0,Defender,Norway,Defender,463.0,1.0,321.0,73.0,783.0,70.0,0.0,10.0,16.0,16.0,0.0,3.0,0.0,0.0,97.0,134.0,0.0,24.0,1710.0,4.0,54.0,8.0,0.0,14.0,1.0,0.0,83.03,47.4,25.0,0.0,25.0,70.8,72.92,70.0,1.989838737805499,1.200456109899547,0.0,14.0,0.28658691,4.0,64.0,83.0,2.498822740000001,506.0,24.36842105263158,0.0526315789473684,16.894736842105264,3.842105263157895,41.21052631578947,3.684210526315789,0.0,0.5263157894736842,0.8421052631578947,0.8421052631578947,0.0,0.1578947368421052,0.0,0.0,5.105263157894737,7.052631578947368,0.0,1.263157894736842,0.2105263157894736,2.8421052631578947,0.4210526315789473,0.0,0.7368421052631579,0.0526315789473684,0.0,83.03,47.4,25.0,0.0,25.0,70.8,72.92,70.0,0.104728354621342,0.0631819005210287,0.0,0.7368421052631579,0.0150835215789473,0.2105263157894736,3.3684210526315788,4.368421052631579,0.1315169863157895,26.63157894736842,CB,77,72,72,98,72,98,39,98,95,98,25,92,8,7,95,100,38,98,91,100,61,13,80,87,51,23,59,80,13,60,93,89,54,97,100,28,67,57,51,72,80,97,77,26,67,25,82,25,85,39,75,75,85,25,61,8,7,69,89,38,72,75,93,28,13,38,79,51,23,59,80,13,60,93,89,54,75,90,28,30,26,23,33,46,69,36,Eliteserien
Sarpsborg 08,doohk95o6e8pkqah8vkop51dg,u1jmq8rzpdjt0qy0os5dgcus,A. Hiim,Anders Hiim,24.0,Defender,Norway,Defender,333.0,15.0,393.0,22.0,711.0,16.0,0.0,15.0,12.0,2.0,10.0,5.0,27.0,27.0,87.0,55.0,1.0,24.0,1793.0,4.0,21.0,16.0,10.0,28.0,1.0,0.0,78.82,20.95,24.19,37.04,33.33,52.1,51.61,62.22,0.7049413908535938,1.3528243665148514,9.0,57.0,1.4017155299999997,44.0,61.0,73.0,3.358346860000001,375.0,16.71500278862242,0.7529280535415506,19.726715002788623,1.1042944785276074,35.6887897378695,0.8031232571109872,0.0,0.7529280535415506,0.6023424428332405,0.1003904071388734,0.501952035694367,0.2509760178471835,1.355270496374791,1.355270496374791,4.366982710540993,2.7607361963190185,0.0501952035694367,1.204684885666481,0.2007808142777468,1.0540992749581708,0.8031232571109872,0.501952035694367,1.4054656999442277,0.0501952035694367,0.0,78.82,20.95,24.19,37.04,33.33,52.1,51.61,62.22,0.0353846766184179,0.0679052944709072,0.4517568321249303,2.861126603457892,0.0703593963747908,2.208588957055215,3.0619074177356387,3.664249860568879,0.1685729042944786,18.82320133853876,LB/LCB,83,83,78,46,74,67,28,70,61,39,91,76,91,85,96,78,67,89,65,57,87,70,96,85,50,35,9,48,35,65,43,65,39,52,65,91,89,78,91,65,61,83,83,43,65,35,13,30,35,28,39,48,22,78,61,61,61,30,52,52,83,52,26,48,57,61,74,50,35,9,48,35,65,43,65,39,39,35,78,65,52,87,39,39,48,48,Eliteserien
Tromsø,80hgdmpkvdrhw1ge9nks2kxvy,1gwemllvgcore4shqy79qu82y,V. Skjærvik,Vetle Skjærvik,26.0,Defender,Norway,Defender,416.0,3.0,401.0,73.0,814.0,13.0,1.0,6.0,9.0,5.0,4.0,4.0,5.0,5.0,39.0,47.0,1.0,16.0,1207.0,2.0,14.0,5.0,2.0,11.0,0.0,0.0,86.97,50.34,27.27,40.0,22.22,54.17,68.42,57.89,0.9340542372062218,0.6105942949543888,3.0,37.0,0.7168414699999996,13.0,149.0,160.0,3.001689699999999,399.0,31.01905550952776,0.2236951118475559,29.900579950289973,5.443247721623861,60.69594034797017,0.9693454846727424,0.0745650372825186,0.4473902236951118,0.6710853355426678,0.3728251864125932,0.2982601491300745,0.2982601491300745,0.3728251864125932,0.3728251864125932,2.908036454018227,3.504556752278376,0.0745650372825186,1.193040596520298,0.1491300745650372,1.043910521955261,0.3728251864125932,0.1491300745650372,0.820215410107705,0.0,0.0,86.97,50.34,27.27,40.0,22.22,54.17,68.42,57.89,0.0696477890211764,0.0455289863677671,0.2236951118475559,2.75890637945319,0.0534513109362054,0.9693454846727424,11.110190555095278,11.930405965202985,0.2238211043910521,29.751449875724937,RB/RCB,90,24,90,95,90,43,62,31,48,45,69,76,33,33,21,71,57,74,43,29,17,24,24,36,52,90,76,40,36,29,48,100,5,48,33,52,90,71,55,100,95,81,86,100,24,95,95,95,43,57,14,29,33,57,62,19,19,5,62,52,67,33,14,14,19,10,36,52,90,76,40,36,29,48,100,5,38,10,52,90,81,57,100,100,86,90,Eliteserien
Tromsø,80hgdmpkvdrhw1ge9nks2kxvy,1qeetk4waatuxev4mqvbxx87p,R. Jenssen,Ruben Jenssen,38.0,Midfielder,Norway,Midfielder,322.0,26.0,341.0,26.0,637.0,6.0,6.0,41.0,8.0,7.0,1.0,3.0,19.0,20.0,38.0,18.0,1.0,14.0,1640.0,4.0,38.0,13.0,6.0,6.0,0.0,0.0,82.51,45.61,34.67,31.58,50.0,38.38,46.15,46.15,1.197729762025597,4.933690997799402,2.0,32.0,0.8862494299999997,21.0,65.0,84.0,3.805767799999997,273.0,17.670731707317074,1.426829268292683,18.713414634146343,1.426829268292683,34.957317073170735,0.3292682926829268,0.3292682926829268,2.25,0.4390243902439024,0.3841463414634146,0.0548780487804878,0.1646341463414634,1.0426829268292683,1.0975609756097562,2.0853658536585367,0.9878048780487804,0.0548780487804878,0.7682926829268293,0.2195121951219512,2.0853658536585367,0.7134146341463415,0.3292682926829268,0.3292682926829268,0.0,0.0,82.51,45.61,34.67,31.58,50.0,38.38,46.15,46.15,0.0657290723062827,0.2707513352450891,0.1097560975609756,1.7560975609756098,0.0486356394512194,1.152439024390244,3.567073170731708,4.609756097560976,0.2088531109756096,14.981707317073171,CM/AM,98,94,82,85,87,40,96,100,22,40,11,34,55,57,26,66,42,81,41,63,54,36,30,48,49,60,44,78,18,88,14,56,9,40,100,24,76,80,87,88,94,98,82,96,82,56,74,78,20,90,96,6,20,4,14,20,20,4,36,34,56,22,22,18,12,4,48,49,60,44,78,18,88,14,56,9,12,100,8,52,44,74,74,78,84,72,Eliteserien
Tromsø,80hgdmpkvdrhw1ge9nks2kxvy,34lcrlx7ddks5ko8s8opi44k4,H. Larsen,Heine Larsen,24.0,Midfielder,Norway,Midfielder,102.0,1.0,161.0,2.0,262.0,49.0,3.0,19.0,50.0,43.0,7.0,10.0,12.0,12.0,75.0,21.0,9.0,2.0,1485.0,22.0,96.0,13.0,2.0,5.0,0.0,0.0,74.01,28.57,12.5,16.67,44.0,37.88,41.18,45.45,6.894233113420071,1.319630448004995,2.0,13.0,0.53038338,7.0,17.0,17.0,1.03004692,58.0,6.181818181818182,0.0606060606060606,9.757575757575758,0.1212121212121212,15.87878787878788,2.9696969696969697,0.1818181818181818,1.1515151515151516,3.0303030303030303,2.606060606060606,0.4242424242424242,0.6060606060606061,0.7272727272727273,0.7272727272727273,4.545454545454546,1.2727272727272727,0.5454545454545454,0.1212121212121212,1.3333333333333333,5.818181818181818,0.7878787878787878,0.1212121212121212,0.303030303030303,0.0,0.0,74.01,28.57,12.5,16.67,44.0,37.88,41.18,45.45,0.4178323099042467,0.0799776029093936,0.1212121212121212,0.7878787878787878,0.0321444472727272,0.4242424242424242,1.0303030303030305,1.0303030303030305,0.062427086060606,3.515151515151515,CM/AM,56,26,40,10,48,96,77,65,100,100,70,87,31,31,76,75,100,15,100,96,54,6,22,48,49,12,6,24,6,70,12,47,5,100,52,24,29,50,38,30,24,36,16,24,22,6,2,8,96,68,32,98,100,58,68,14,12,46,56,96,8,100,90,24,6,2,48,49,12,6,24,6,70,12,47,5,100,18,14,6,16,10,8,2,8,2,Eliteserien
Tromsø,80hgdmpkvdrhw1ge9nks2kxvy,3bmh3ork0ei2hrqy1yq0lpwk4,D. Braut,Daniel Braut,21.0,Attacker,Norway,Striker,31.0,1.0,55.0,0.0,85.0,35.0,1.0,4.0,16.0,13.0,3.0,4.0,6.0,6.0,51.0,9.0,2.0,4.0,510.0,7.0,31.0,8.0,3.0,1.0,0.0,0.0,68.55,0.0,100.0,50.0,43.75,54.26,62.5,20.0,2.104481504506566,0.377404381610393,0.0,3.0,0.09979839,3.0,3.0,5.0,0.4028958299999999,26.0,5.470588235294118,0.1764705882352941,9.705882352941176,0.0,15.0,6.1764705882352935,0.1764705882352941,0.7058823529411764,2.8235294117647056,2.294117647058824,0.5294117647058824,0.7058823529411764,1.0588235294117647,1.0588235294117647,9.0,1.588235294117647,0.3529411764705882,0.7058823529411764,1.2352941176470589,5.470588235294118,1.4117647058823528,0.5294117647058824,0.1764705882352941,0.0,0.0,68.55,0.0,100.0,50.0,43.75,54.26,62.5,20.0,0.3713790890305705,0.0666007732253634,0.0,0.5294117647058824,0.0176114805882352,0.5294117647058824,0.5294117647058824,0.8823529411764706,0.071099264117647,4.588235294117647,ST,28,50,21,5,18,87,53,17,28,35,37,36,18,17,58,53,40,64,40,28,32,28,13,49,50,31,5,96,79,67,97,100,8,36,21,8,18,15,36,19,17,28,15,67,67,59,5,64,100,77,28,74,72,59,87,21,18,100,79,62,85,82,77,69,33,13,49,50,31,5,96,79,67,97,100,8,82,44,8,21,18,56,33,38,62,49,Eliteserien
Tromsø,80hgdmpkvdrhw1ge9nks2kxvy,3n6cx9whi75ybd9h6pv7i3mga,L. Hien,Leon Hien,25.0,Attacker,Sweden,Striker,180.0,0.0,48.0,11.0,228.0,9.0,0.0,0.0,2.0,2.0,0.0,0.0,1.0,1.0,25.0,15.0,0.0,3.0,353.0,0.0,2.0,6.0,1.0,8.0,1.0,0.0,86.69,42.31,0.0,100.0,0.0,53.19,52.94,88.89,0.2863085585872622,0.0,0.0,2.0,0.03867417,0.0,10.0,15.0,0.32358886,137.0,45.892351274787536,0.0,12.237960339943344,2.8045325779036827,58.13031161473088,2.294617563739377,0.0,0.0,0.509915014164306,0.509915014164306,0.0,0.0,0.254957507082153,0.254957507082153,6.373937677053824,3.824362606232295,0.0,0.764872521246459,0.0,0.509915014164306,1.529745042492918,0.254957507082153,2.039660056657224,0.254957507082153,0.0,86.69,42.31,0.0,100.0,0.0,53.19,52.94,88.89,0.0729965163536929,0.0,0.0,0.509915014164306,0.0098602699716713,0.0,2.54957507082153,3.824362606232295,0.0825014090651558,34.92917847025496,ST,97,19,18,92,79,35,17,3,3,3,5,5,3,3,21,77,8,51,3,3,21,10,67,99,50,95,41,19,100,3,92,87,95,3,3,8,12,8,8,63,69,23,90,100,19,72,97,100,69,17,3,3,3,5,5,3,3,79,100,8,90,3,3,82,15,100,100,50,95,41,19,100,3,92,87,95,3,3,8,15,8,8,92,95,69,100,Eliteserien
Tromsø,80hgdmpkvdrhw1ge9nks2kxvy,4bhecy0vioxwdpmw64uyek3ro,S. Innvær,Sander Innvær,21.0,Midfielder,Norway,Midfielder,116.0,5.0,117.0,14.0,228.0,2.0,1.0,6.0,4.0,3.0,1.0,1.0,26.0,27.0,31.0,7.0,1.0,4.0,613.0,3.0,28.0,5.0,14.0,5.0,0.0,0.0,80.85,51.85,23.81,53.85,75.0,50.0,0.0,50.0,0.2847228754597776,0.6089121358790976,2.0,21.0,0.6815899499999998,13.0,20.0,31.0,1.2995234100000008,86.0,17.03099510603589,0.734094616639478,17.177814029363784,2.0554649265905383,33.474714518760194,0.2936378466557912,0.1468189233278956,0.8809135399673736,0.5872756933115824,0.4404567699836868,0.1468189233278956,0.1468189233278956,3.8172920065252858,3.964110929853181,4.551386623164763,1.0277324632952691,0.1468189233278956,0.5872756933115824,0.4404567699836868,4.1109298531810765,0.734094616639478,2.0554649265905383,0.734094616639478,0.0,0.0,80.85,51.85,23.81,53.85,75.0,50.0,0.0,50.0,0.041802706021827,0.0893998241910583,0.2936378466557912,3.0831973898858074,0.1000703026101141,1.9086460032626429,2.936378466557912,4.551386623164763,0.1907946278955955,12.626427406199022,LM/LCM,86,86,57,86,57,43,64,29,14,14,36,29,57,57,43,71,79,57,64,57,29,57,36,57,57,57,57,86,86,100,71,21,21,14,43,29,57,57,64,71,71,86,57,100,86,57,86,71,43,71,43,14,14,43,29,71,71,14,43,71,57,71,43,29,57,29,57,57,57,57,86,86,100,71,21,21,14,43,29,57,71,100,71,71,86,57,Eliteserien
Tromsø,80hgdmpkvdrhw1ge9nks2kxvy,5xbrybr5fxvg6br9b6tq4a4fd,L. Olden Larsen,Lars Olden Larsen,27.0,Attacker,Norway,Striker,97.0,6.0,204.0,12.0,295.0,14.0,1.0,14.0,29.0,21.0,8.0,8.0,24.0,26.0,61.0,7.0,1.0,7.0,1211.0,8.0,49.0,11.0,13.0,15.0,0.0,0.0,78.67,52.17,27.27,54.17,27.59,44.85,36.84,65.22,3.237421068125636,1.1941480338317507,5.0,29.0,0.7909811299999996,14.0,40.0,53.0,2.04211042,149.0,7.208918249380677,0.4459124690338563,15.161023947151117,0.8918249380677126,21.92402972749793,1.0404624277456649,0.074318744838976,1.0404624277456649,2.155243600330305,1.560693641618497,0.5945499587118084,0.5945499587118084,1.7836498761354251,1.9322873658133768,4.5334434351775394,0.5202312138728323,0.074318744838976,0.5202312138728323,0.5945499587118084,3.6416184971098255,0.8175061932287365,0.9661436829066888,1.1147811725846408,0.0,0.0,78.67,52.17,27.27,54.17,27.59,44.85,36.84,65.22,0.2406010702983544,0.0887475830263068,0.3715937241948802,2.155243600330305,0.0587847247729149,1.0404624277456649,2.972749793559042,3.93889347646573,0.1517670832369942,11.073492981007432,ST,82,88,92,95,87,45,53,74,67,64,74,72,76,79,68,44,24,78,44,62,54,87,92,49,50,77,62,64,87,18,72,41,59,62,82,51,92,77,94,95,95,95,92,77,82,85,92,82,38,38,62,44,41,72,64,56,59,49,26,15,72,23,23,18,79,90,49,50,77,62,64,87,18,72,41,59,44,56,28,82,74,95,95,97,87,90,Eliteserien
Tromsø,80hgdmpkvdrhw1ge9nks2kxvy,67nybn375tyqdqae4m1yk407o,M. Tønnessen,Mathias Tønnessen,22.0,Defender,Norway,Defender,87.0,1.0,74.0,8.0,160.0,8.0,0.0,5.0,0.0,0.0,0.0,0.0,2.0,2.0,19.0,14.0,0.0,2.0,282.0,0.0,1.0,1.0,1.0,7.0,0.0,0.0,88.89,50.0,100.0,50.0,0.0,73.08,80.0,77.78,0.0,0.3663079314302501,0.0,3.0,0.0504246899999999,1.0,21.0,30.0,0.7592937199999998,84.0,27.76595744680851,0.3191489361702128,23.617021276595747,2.5531914893617023,51.06382978723404,2.5531914893617023,0.0,1.5957446808510638,0.0,0.0,0.0,0.0,0.6382978723404256,0.6382978723404256,6.0638297872340425,4.468085106382979,0.0,0.6382978723404256,0.0,0.3191489361702128,0.3191489361702128,0.3191489361702128,2.2340425531914896,0.0,0.0,88.89,50.0,100.0,50.0,0.0,73.08,80.0,77.78,0.0,0.1169067866266755,0.0,0.9574468085106383,0.0160929861702127,0.3191489361702128,6.702127659574468,9.574468085106384,0.2423277829787233,26.80851063829787,LB/LCB,13,9,9,17,13,39,28,24,4,11,9,15,7,7,4,24,26,9,15,7,7,9,15,37,50,91,96,100,61,15,100,100,91,4,13,11,4,4,4,22,28,9,13,96,26,65,70,83,100,28,78,4,11,9,15,26,17,91,83,26,26,15,9,13,35,100,37,50,91,96,100,61,15,100,100,91,4,65,11,22,13,4,100,100,78,87,Eliteserien
Tromsø,80hgdmpkvdrhw1ge9nks2kxvy,817yu81bkan5ga820t5uvx05w,A. Warneryd,Alexander Warneryd,21.0,Defender,Sweden,Defender,136.0,17.0,254.0,32.0,373.0,6.0,2.0,11.0,27.0,20.0,7.0,9.0,57.0,63.0,86.0,28.0,4.0,10.0,1400.0,10.0,75.0,41.0,25.0,12.0,2.0,0.0,77.39,47.06,35.42,43.86,37.04,43.22,23.08,80.0,2.3768566169661702,1.0859588526839756,4.0,50.0,1.6118433099999996,26.0,24.0,48.0,2.5247357399999992,140.0,8.742857142857144,1.092857142857143,16.32857142857143,2.0571428571428574,23.978571428571428,0.3857142857142857,0.1285714285714286,0.7071428571428572,1.7357142857142858,1.2857142857142858,0.45,0.5785714285714286,3.664285714285714,4.05,5.5285714285714285,1.8,0.2571428571428572,0.6428571428571429,0.6428571428571429,4.821428571428571,2.6357142857142857,1.6071428571428572,0.7714285714285715,0.1285714285714286,0.0,77.39,47.06,35.42,43.86,37.04,43.22,23.08,80.0,0.1527979253763966,0.0698116405296841,0.2571428571428572,3.2142857142857144,0.1036184984999999,1.6714285714285717,1.542857142857143,3.085714285714286,0.1623044404285714,9.0,LB/LCB,39,89,48,72,48,26,83,52,96,100,80,93,100,100,91,46,98,54,100,100,100,100,39,100,50,30,87,83,48,74,9,11,96,100,57,74,74,91,74,26,43,70,35,13,74,22,61,13,22,78,35,91,91,65,91,96,96,74,17,91,30,91,87,100,100,17,100,50,30,87,83,48,74,9,11,96,91,39,65,78,83,65,9,22,43,9,Eliteserien
Tromsø,80hgdmpkvdrhw1ge9nks2kxvy,95t0lc2qqgzxp92n1pr62n816,D. Edvardsson,David Edvardsson,24.0,Midfielder,Sweden,Midfielder,323.0,25.0,425.0,26.0,723.0,8.0,3.0,28.0,12.0,4.0,8.0,2.0,13.0,13.0,98.0,30.0,1.0,15.0,1709.0,4.0,11.0,21.0,9.0,38.0,0.0,0.0,83.87,40.0,40.32,69.23,33.33,56.32,50.0,63.33,1.1822308275357098,3.128395870765022,3.0,37.0,0.8370379499999997,11.0,94.0,91.0,1.71681688,328.0,17.009947337624343,1.3165593914569924,22.38150965476888,1.3692217671152722,38.07489760093623,0.4212990052662376,0.1579871269748391,1.4745465184318316,0.6319485078993564,0.2106495026331188,0.4212990052662376,0.1053247513165594,0.6846108835576361,0.6846108835576361,5.160912814511411,1.579871269748391,0.0526623756582797,0.7899356348741955,0.2106495026331188,0.5792861322410767,1.1059098888238736,0.4739613809245173,2.0011702750146285,0.0,0.0,83.87,40.0,40.32,69.23,33.33,56.32,50.0,63.33,0.0622590839544844,0.1647487585540386,0.1579871269748391,1.948507899356349,0.0440804069631363,0.5792861322410767,4.950263311878292,4.792276184903453,0.0904116554710357,17.273259215915743,CM/AM,100,92,90,85,96,51,77,90,38,21,74,19,37,35,93,92,42,86,41,15,81,58,100,48,49,68,31,90,93,51,88,70,44,38,90,42,83,74,64,96,96,64,94,94,78,76,72,84,34,66,56,10,6,56,8,12,10,62,68,30,60,18,2,48,26,86,48,49,68,31,90,93,51,88,70,44,8,72,18,56,38,24,88,80,30,84,Eliteserien
Tromsø,80hgdmpkvdrhw1ge9nks2kxvy,98dhgp5o0fuvid2ievyr5h7qi,I. Dahlqvist,Isak Dahlqvist,24.0,Midfielder,Sweden,Midfielder,8.0,2.0,35.0,1.0,41.0,1.0,1.0,4.0,3.0,3.0,0.0,1.0,5.0,5.0,19.0,3.0,0.0,3.0,215.0,2.0,8.0,2.0,3.0,5.0,0.0,0.0,59.42,11.11,50.0,60.0,66.67,61.29,25.0,38.46,0.2241693711916912,0.4336918732685397,2.0,1.0,0.02122129,2.0,8.0,12.0,0.47206774,28.0,3.3488372093023258,0.8372093023255814,14.651162790697676,0.4186046511627907,17.16279069767442,0.4186046511627907,0.4186046511627907,1.6744186046511629,1.255813953488372,1.255813953488372,0.0,0.4186046511627907,2.0930232558139537,2.0930232558139537,7.953488372093023,1.255813953488372,0.0,1.255813953488372,0.8372093023255814,3.3488372093023258,0.8372093023255814,1.255813953488372,2.0930232558139537,0.0,0.0,59.42,11.11,50.0,60.0,66.67,61.29,25.0,38.46,0.09383834142908,0.1815454353217143,0.8372093023255814,0.4186046511627907,0.0088833306976744,0.8372093023255814,3.3488372093023258,5.023255813953488,0.1976097516279069,11.72093023255814,RM/RCM,8,33,8,8,8,12,29,21,8,8,12,12,8,8,12,21,12,33,8,17,8,8,38,50,50,8,8,96,92,100,100,29,8,8,17,12,8,8,8,21,25,17,25,8,67,25,17,17,33,83,50,17,67,12,58,58,50,100,67,12,100,42,42,25,67,100,50,50,8,8,96,92,100,100,29,8,17,58,58,8,8,25,83,83,67,75,Eliteserien
Tromsø,80hgdmpkvdrhw1ge9nks2kxvy,9nr6anmon9qq8vpk46m5r57v8,I. Vådebu,Isak Vadebu,23.0,Defender,Norway,Defender,458.0,2.0,394.0,49.0,850.0,25.0,0.0,6.0,6.0,4.0,2.0,1.0,14.0,14.0,77.0,74.0,1.0,14.0,1400.0,3.0,18.0,14.0,7.0,22.0,0.0,0.0,87.45,49.49,20.0,50.0,50.0,57.89,60.98,70.97,0.8653931270558206,0.8104029856394901,1.0,26.0,0.6065006399999999,9.0,115.0,138.0,2.4817965399999977,431.0,29.442857142857143,0.1285714285714286,25.32857142857143,3.15,54.642857142857146,1.6071428571428572,0.0,0.3857142857142857,0.3857142857142857,0.2571428571428572,0.1285714285714286,0.0642857142857143,0.9,0.9,4.95,4.757142857142857,0.0642857142857143,0.9,0.1928571428571428,1.1571428571428573,0.9,0.45,1.4142857142857144,0.0,0.0,87.45,49.49,20.0,50.0,50.0,57.89,60.98,70.97,0.0556324153107313,0.05209733479111,0.0642857142857143,1.6714285714285717,0.0389893268571428,0.5785714285714286,7.392857142857143,8.871428571428572,0.1595440632857141,27.70714285714286,CB,75,83,84,84,77,62,39,84,61,54,75,43,97,96,84,70,84,74,85,80,88,94,93,39,51,57,61,71,55,92,49,61,59,72,93,66,85,84,82,95,95,95,69,52,77,70,64,62,31,39,67,34,36,67,33,80,79,62,41,80,34,67,57,72,80,85,39,51,57,61,71,55,92,49,61,59,46,85,59,64,62,69,89,92,85,41,Eliteserien
Tromsø,80hgdmpkvdrhw1ge9nks2kxvy,eguth2iido7y17nisod5l6e50,T. Nyhammer,Troy Nyhammer,20.0,Midfielder,Norway,Midfielder,59.0,6.0,155.0,16.0,208.0,3.0,3.0,16.0,17.0,8.0,9.0,3.0,13.0,13.0,28.0,13.0,4.0,1.0,733.0,11.0,31.0,9.0,7.0,4.0,0.0,0.0,77.9,69.57,50.0,53.85,64.71,40.0,42.86,44.44,1.8217497074751905,1.4901548923036774,6.0,16.0,0.38667329,8.0,39.0,48.0,2.11401663,81.0,7.244201909959073,0.7366984993178718,19.031377899045022,1.9645293315143249,25.53888130968622,0.3683492496589359,0.3683492496589359,1.9645293315143249,2.08731241473397,0.9822646657571624,1.1050477489768078,0.3683492496589359,1.5961800818553888,1.5961800818553888,3.437926330150068,1.5961800818553888,0.4911323328785812,0.1227830832196453,1.3506139154160983,3.806275579809004,1.1050477489768078,0.859481582537517,0.4911323328785812,0.0,0.0,77.9,69.57,50.0,53.85,64.71,40.0,42.86,44.44,0.2236800459382908,0.182965812151884,0.7366984993178718,1.9645293315143249,0.047476938744884,0.9822646657571624,4.788540245566167,5.893587994542974,0.2595654798090041,9.945429740791267,RM/RCM,50,50,50,58,50,33,71,58,50,50,75,46,29,25,42,67,75,12,58,50,42,29,21,50,50,67,83,96,75,92,17,67,17,50,58,67,42,42,50,92,75,75,50,58,50,75,92,75,25,75,67,67,25,83,50,33,33,17,83,83,8,100,50,50,50,8,50,50,67,83,96,75,92,17,67,17,67,67,42,33,33,50,100,92,83,58,Eliteserien
Viking,bsykw9d70ffqe9atosc92n1e9,3h8jot3v5xxuwzukt6n15jwlx,J. Bell,Joe Bell,27.0,Midfielder,New Zealand,Midfielder,214.0,1.0,257.0,20.0,470.0,12.0,1.0,7.0,11.0,4.0,7.0,6.0,5.0,5.0,47.0,15.0,0.0,11.0,957.0,1.0,13.0,11.0,2.0,10.0,0.0,0.0,85.92,48.78,25.0,40.0,9.09,52.81,54.55,45.45,0.9792567626540952,0.6307895705536962,4.0,20.0,0.4918529599999999,6.0,37.0,42.0,1.5105066100000002,235.0,20.12539184952978,0.0940438871473354,24.16927899686521,1.8808777429467085,44.20062695924765,1.1285266457680252,0.0940438871473354,0.658307210031348,1.0344827586206895,0.3761755485893417,0.658307210031348,0.5642633228840126,0.4702194357366771,0.4702194357366771,4.4200626959247655,1.4106583072100314,0.0,1.0344827586206895,0.0940438871473354,1.2225705329153609,1.0344827586206895,0.1880877742946708,0.9404388714733544,0.0,0.0,85.92,48.78,25.0,40.0,9.09,52.81,54.55,45.45,0.0920931124753067,0.0593219031868679,0.3761755485893417,1.8808777429467085,0.0462557642633228,0.5642633228840126,3.479623824451411,3.949843260188088,0.1420539131661442,22.100313479623825,DM/CM,54,43,50,55,54,64,70,50,57,52,62,79,16,16,52,41,25,41,27,62,55,25,41,46,48,57,54,46,46,25,41,71,7,57,50,54,62,68,43,43,52,64,57,61,36,57,54,54,54,79,54,54,54,79,82,11,11,43,36,25,32,25,57,46,14,32,46,48,57,54,46,46,25,41,71,7,64,57,54,71,82,43,32,54,75,61,Eliteserien
Viking,bsykw9d70ffqe9atosc92n1e9,488tt50hbrv0lbgcgvsr8utqs,T. Moi,Tobias Moi,20.0,Midfielder,Norway,Midfielder,124.0,4.0,194.0,22.0,314.0,11.0,0.0,6.0,11.0,5.0,6.0,4.0,11.0,12.0,33.0,9.0,0.0,5.0,843.0,3.0,9.0,6.0,3.0,7.0,0.0,0.0,82.41,50.0,50.0,27.27,27.27,38.82,39.29,53.85,1.0300057975185328,0.5875233234919915,6.0,22.0,0.4961752200000001,3.0,39.0,33.0,1.3288748299999995,166.0,13.238434163701069,0.4270462633451957,20.71174377224199,2.3487544483985765,33.52313167259786,1.1743772241992882,0.0,0.6405693950177935,1.1743772241992882,0.5338078291814946,0.6405693950177935,0.4270462633451957,1.1743772241992882,1.281138790035587,3.5231316725978647,0.9608540925266904,0.0,0.5338078291814946,0.3202846975088967,0.9608540925266904,0.6405693950177935,0.3202846975088967,0.7473309608540925,0.0,0.0,82.41,50.0,50.0,27.27,27.27,38.82,39.29,53.85,0.1099650317635444,0.0627249099813514,0.6405693950177935,2.3487544483985765,0.0529724434163701,0.3202846975088967,4.1637010676156585,3.5231316725978647,0.1418727576512455,17.722419928825623,DM/CM,32,70,45,61,36,57,25,41,57,59,54,55,52,54,21,18,25,20,57,46,20,36,18,46,48,29,61,95,25,57,4,43,29,64,46,73,71,71,20,46,39,54,39,21,82,36,64,36,57,25,50,68,68,75,64,54,54,21,4,25,11,57,50,7,39,14,46,48,29,61,95,25,57,4,43,29,68,64,89,93,89,18,50,32,71,46,Eliteserien
Viking,bsykw9d70ffqe9atosc92n1e9,4yive3zei0pzhsn0s9tccixhw,V. Auklend,Vetle Auklend,21.0,Defender,Norway,Defender,120.0,4.0,156.0,23.0,272.0,14.0,0.0,8.0,1.0,1.0,0.0,1.0,7.0,7.0,46.0,22.0,0.0,6.0,614.0,0.0,16.0,10.0,4.0,14.0,0.0,0.0,80.24,46.0,23.53,57.14,0.0,63.01,60.87,73.68,0.1051727997973709,0.8988663592410968,0.0,27.0,0.7899486899999997,12.0,30.0,38.0,1.5999167600000008,147.0,17.58957654723127,0.5863192182410424,22.866449511400653,3.3713355048859937,39.86970684039088,2.052117263843648,0.0,1.1726384364820848,0.1465798045602606,0.1465798045602606,0.0,0.1465798045602606,1.026058631921824,1.026058631921824,6.742671009771987,3.224755700325733,0.0,0.8794788273615636,0.0,2.345276872964169,1.4657980456026058,0.5863192182410424,2.052117263843648,0.0,0.0,80.24,46.0,23.53,57.14,0.0,63.01,60.87,73.68,0.015416208439354,0.1317556552633529,0.0,3.957654723127036,0.1157905245928338,1.7589576547231272,4.397394136807818,5.570032573289902,0.2345154859934854,21.547231270358303,LB/LCB,22,30,26,54,26,61,28,35,11,26,9,39,28,28,35,35,26,33,15,39,48,48,59,37,50,43,83,39,89,15,96,91,80,13,43,11,57,61,43,37,35,35,39,48,52,57,87,70,91,28,57,13,39,9,48,57,52,100,70,26,52,15,65,83,61,96,37,50,43,83,39,89,15,96,91,80,17,70,11,87,91,70,61,61,74,61,Eliteserien
Viking,bsykw9d70ffqe9atosc92n1e9,53vkcvwf46xgr7bvoqi9lpj4k,N. Fuglestad,Niklas Fuglestad,20.0,Attacker,Norway,Striker,41.0,4.0,117.0,7.0,154.0,5.0,2.0,12.0,23.0,20.0,3.0,6.0,29.0,31.0,31.0,8.0,3.0,3.0,702.0,9.0,65.0,5.0,11.0,6.0,0.0,0.0,73.68,41.18,22.22,37.93,39.13,35.63,23.81,54.55,2.2045107020694483,1.2131558041162969,9.0,24.0,0.8761539299999999,5.0,5.0,10.0,1.31102001,40.0,5.256410256410256,0.5128205128205129,15.0,0.8974358974358975,19.743589743589745,0.6410256410256411,0.2564102564102564,1.5384615384615383,2.948717948717949,2.5641025641025643,0.3846153846153846,0.7692307692307693,3.717948717948718,3.9743589743589753,3.9743589743589753,1.0256410256410258,0.3846153846153846,0.3846153846153846,1.153846153846154,8.333333333333334,0.6410256410256411,1.4102564102564104,0.7692307692307693,0.0,0.0,73.68,41.18,22.22,37.93,39.13,35.63,23.81,54.55,0.2826295771883908,0.1555327953995252,1.153846153846154,3.076923076923077,0.1123274269230769,0.6410256410256411,0.6410256410256411,1.2820512820512822,0.1680794884615384,5.128205128205129,RW,83,67,100,100,83,100,92,100,100,100,42,83,83,83,83,100,75,75,100,100,58,83,100,58,58,33,83,50,50,83,50,67,67,100,100,100,100,100,67,83,100,100,83,67,50,50,83,50,83,67,67,33,100,33,50,50,50,50,67,50,67,67,100,17,67,50,58,58,33,83,50,50,83,50,67,67,67,67,67,50,83,17,50,33,50,50,Eliteserien
Viking,bsykw9d70ffqe9atosc92n1e9,587vmahr6cyqzuucjdgr0ttec,S. Kvia-Egeskog,Simen Kvia-Egeskog,23.0,Midfielder,Norway,Midfielder,67.0,0.0,271.0,5.0,338.0,8.0,2.0,14.0,22.0,16.0,6.0,6.0,27.0,27.0,63.0,19.0,8.0,4.0,1435.0,10.0,61.0,24.0,7.0,14.0,0.0,0.0,83.66,45.45,0.0,25.93,45.45,43.75,25.81,56.0,3.351430020166753,1.250627563395566,3.0,27.0,0.7901208299999999,17.0,32.0,35.0,1.4203296400000005,181.0,4.2020905923344944,0.0,16.99651567944251,0.313588850174216,21.198606271777003,0.5017421602787456,0.1254355400696864,0.8780487804878049,1.3797909407665503,1.0034843205574913,0.3763066202090592,0.3763066202090592,1.6933797909407666,1.6933797909407666,3.951219512195122,1.1916376306620209,0.5017421602787456,0.2508710801393728,0.627177700348432,3.825783972125436,1.505226480836237,0.4390243902439024,0.8780487804878049,0.0,0.0,83.66,45.45,0.0,25.93,45.45,43.75,25.81,56.0,0.2101942172926883,0.0784365719202793,0.1881533101045296,1.6933797909407666,0.0495546165156794,1.0662020905923344,2.0069686411149825,2.1951219512195124,0.0890799077351916,11.35191637630662,CM/AM,30,11,72,20,60,51,64,44,68,69,66,66,76,73,64,68,97,31,83,84,87,45,55,48,49,66,42,11,8,80,33,24,20,82,48,42,70,70,80,59,56,50,68,4,11,48,10,28,40,52,16,36,52,40,40,44,44,26,50,92,20,58,66,62,20,32,48,49,66,42,11,8,80,33,24,20,74,14,20,44,46,68,44,26,26,48,Eliteserien
Viking,bsykw9d70ffqe9atosc92n1e9,5cjx2i2perp5vr62en4cyer1m,K. Askildsen,Kristoffer Askildsen,25.0,Midfielder,Norway,Midfielder,200.0,3.0,348.0,42.0,545.0,23.0,1.0,15.0,34.0,17.0,17.0,7.0,20.0,20.0,111.0,22.0,5.0,15.0,1577.0,9.0,43.0,38.0,11.0,28.0,1.0,1.0,75.07,50.0,15.79,55.0,26.47,57.51,58.97,71.79,3.8879760388338527,1.4590129714776716,10.0,27.0,0.6113801299999999,17.0,58.0,78.0,3.088191769999997,298.0,11.4140773620799,0.1712111604311984,19.860494610019025,2.396956246036779,31.103360811667724,1.3126188966391883,0.0570703868103994,0.8560558021559924,1.9403931515535828,0.9701965757767914,0.9701965757767914,0.3994927076727964,1.14140773620799,1.14140773620799,6.334812935954344,1.2555485098287889,0.2853519340519975,0.8560558021559924,0.5136334812935954,2.454026632847178,2.1686746987951806,0.6277742549143944,1.5979708306911855,0.0570703868103994,0.0570703868103994,75.07,50.0,15.79,55.0,26.47,57.51,58.97,71.79,0.2218882964458127,0.083266434643621,0.570703868103995,1.5409004438807865,0.0348917005072923,0.9701965757767914,3.310082435003171,4.4514901712111605,0.176244298858592,17.006975269499048,CM/AM,84,38,84,96,82,90,40,51,85,72,92,72,62,57,96,79,87,86,75,70,94,67,96,98,99,16,63,28,74,38,92,88,76,92,54,85,70,56,80,84,88,92,90,66,30,62,90,60,76,26,12,66,46,86,50,26,26,78,54,72,64,46,36,90,40,74,96,98,16,63,28,74,38,92,88,76,76,22,64,28,22,58,72,72,80,82,Eliteserien
Viking,bsykw9d70ffqe9atosc92n1e9,6hfh81884cw22q8ekjmiezq39,K. Haugen,Kristoffer Haugen,32.0,Defender,Norway,Defender,155.0,14.0,357.0,37.0,498.0,17.0,1.0,17.0,15.0,10.0,5.0,3.0,8.0,9.0,49.0,37.0,2.0,14.0,1173.0,6.0,34.0,7.0,2.0,10.0,0.0,0.0,75.23,29.84,28.57,25.0,40.0,50.52,47.22,43.48,1.6425273048513849,1.732653080731508,2.0,26.0,0.6881992699999999,12.0,85.0,98.0,3.5583191799999985,266.0,11.892583120204604,1.0741687979539642,27.39130434782609,2.8388746803069056,38.209718670076725,1.3043478260869563,0.0767263427109974,1.3043478260869563,1.1508951406649617,0.7672634271099744,0.3836317135549872,0.2301790281329923,0.6138107416879796,0.690537084398977,3.7595907928388734,2.8388746803069056,0.1534526854219949,1.0741687979539642,0.4603580562659846,2.608695652173913,0.5370843989769821,0.1534526854219949,0.7672634271099744,0.0,0.0,75.23,29.84,28.57,25.0,40.0,50.52,47.22,43.48,0.1260251129041983,0.1329401340714712,0.1534526854219949,1.9948849104859327,0.0528030130434782,0.9207161125319692,6.521739130434782,7.519181585677749,0.2730168168797953,20.40920716112532,LB/LCB,43,74,65,87,57,74,61,80,78,76,70,59,37,37,41,65,87,65,87,70,37,24,24,37,50,13,17,70,9,78,26,48,9,74,74,41,52,52,43,83,87,87,57,22,70,87,78,43,61,61,65,70,70,52,57,22,30,13,57,74,70,83,70,35,13,13,37,50,13,17,70,9,78,26,48,9,74,74,30,43,43,39,96,87,87,52,Eliteserien
Viking,bsykw9d70ffqe9atosc92n1e9,894tj8rg0i6kl4zvlok803949,S. Bjørshol,Sondre Bjørshol,32.0,Defender,Norway,Defender,92.0,3.0,108.0,8.0,197.0,19.0,0.0,3.0,8.0,8.0,0.0,5.0,2.0,3.0,37.0,28.0,1.0,5.0,396.0,2.0,17.0,3.0,2.0,13.0,1.0,0.0,85.65,53.33,37.5,100.0,25.0,60.66,59.38,92.86,0.9362090780639748,0.2460289502527213,0.0,11.0,0.27011946,5.0,23.0,22.0,0.67095982,97.0,20.909090909090907,0.6818181818181818,24.545454545454543,1.818181818181818,44.77272727272727,4.3181818181818175,0.0,0.6818181818181818,1.818181818181818,1.818181818181818,0.0,1.1363636363636362,0.4545454545454545,0.6818181818181818,8.409090909090908,6.363636363636363,0.2272727272727272,1.1363636363636362,0.4545454545454545,3.8636363636363633,0.6818181818181818,0.4545454545454545,2.954545454545454,0.2272727272727272,0.0,85.65,53.33,37.5,100.0,25.0,60.66,59.38,92.86,0.2127747904690851,0.0559156705119821,0.0,2.5,0.0613907863636363,1.1363636363636362,5.227272727272727,5.0,0.1524908681818181,22.045454545454543,RB/RCB,19,24,12,10,14,62,26,10,43,57,5,88,10,12,10,24,57,12,43,36,5,24,29,81,52,81,90,71,100,36,95,86,95,52,10,5,26,19,31,19,14,10,14,71,62,86,57,81,95,26,19,95,100,5,100,24,48,95,100,90,62,90,95,29,57,100,95,52,81,90,71,100,36,95,86,95,100,19,5,86,86,62,76,71,57,71,Eliteserien
Viking,bsykw9d70ffqe9atosc92n1e9,aeq6jlhgxpnkywoc20kp8tvu2,H. Haugen,Herman Haugen,26.0,Defender,Norway,Defender,59.0,1.0,90.0,9.0,148.0,13.0,0.0,6.0,6.0,4.0,2.0,1.0,11.0,11.0,34.0,8.0,0.0,5.0,503.0,2.0,27.0,12.0,4.0,3.0,0.0,0.0,86.05,52.94,12.5,36.36,33.33,50.75,56.52,60.0,0.5871606674562588,0.5484248894046975,2.0,8.0,0.43706968,6.0,12.0,12.0,0.7709011299999998,50.0,10.556660039761432,0.1789264413518886,16.10337972166998,1.610337972166998,26.48111332007953,2.326043737574553,0.0,1.0735586481113322,1.0735586481113322,0.7157057654075547,0.3578528827037773,0.1789264413518886,1.968190854870776,1.968190854870776,6.083499005964215,1.4314115308151094,0.0,0.8946322067594434,0.3578528827037773,4.831013916500995,2.1471172962226643,0.7157057654075547,0.5367793240556661,0.0,0.0,86.05,52.94,12.5,36.36,33.33,50.75,56.52,60.0,0.1050585687297481,0.0981277138099856,0.3578528827037773,1.4314115308151094,0.0782033224652087,1.0735586481113322,2.1471172962226643,2.1471172962226643,0.1379345958250497,8.946322067594433,CB,2,72,19,12,3,30,39,84,61,54,75,43,90,87,36,3,38,16,72,93,78,82,16,39,51,49,80,67,37,70,23,39,33,57,84,84,40,75,67,7,7,43,2,7,84,23,16,7,57,39,97,90,79,89,69,100,100,82,3,38,33,90,100,97,95,21,39,51,49,80,67,37,70,23,39,33,77,93,100,57,90,80,11,3,74,3,Eliteserien
Viking,bsykw9d70ffqe9atosc92n1e9,b2isr7ljn9jmt19iiweudegyy,H. Falchener,Henrik Falchener,23.0,Defender,Norway,Defender,400.0,0.0,279.0,29.0,679.0,64.0,1.0,3.0,9.0,9.0,0.0,0.0,1.0,1.0,89.0,91.0,2.0,12.0,1052.0,3.0,17.0,7.0,0.0,10.0,0.0,0.0,88.64,50.88,0.0,0.0,33.33,71.77,77.11,55.56,1.2514622637805457,0.0728299399098838,0.0,21.0,0.8842919999999997,3.0,49.0,58.0,0.9918640199999996,451.0,34.22053231939164,0.0,23.868821292775667,2.4809885931558937,58.0893536121673,5.475285171102662,0.0855513307984791,0.2566539923954373,0.7699619771863119,0.7699619771863119,0.0,0.0,0.0855513307984791,0.0855513307984791,7.614068441064639,7.785171102661597,0.1711026615969582,1.0266159695817492,0.2566539923954373,1.4543726235741443,0.5988593155893537,0.0,0.855513307984791,0.0,0.0,88.64,50.88,0.0,0.0,33.33,71.77,77.11,55.56,0.1070642621105029,0.0062306982812638,0.0,1.796577946768061,0.0756523574144486,0.2566539923954373,4.192015209125476,4.961977186311787,0.0848552868821292,38.58365019011407,CB,70,34,69,57,67,93,87,55,81,87,25,14,21,20,92,80,96,61,85,75,55,13,57,39,51,74,75,34,13,70,95,95,22,87,30,28,80,92,39,62,64,54,72,74,34,66,46,72,100,84,51,70,82,25,14,20,18,98,97,95,56,80,74,51,13,51,39,51,74,75,34,13,70,95,95,22,82,26,28,69,89,33,49,64,28,74,Eliteserien
Viking,bsykw9d70ffqe9atosc92n1e9,bjqtzq0xcvtmbn54orj7rn5xx,Z. Tripić,Zlatko Tripic,33.0,Attacker,Norway,Striker,136.0,95.0,547.0,80.0,588.0,10.0,18.0,81.0,33.0,18.0,15.0,9.0,24.0,25.0,73.0,10.0,6.0,7.0,1579.0,13.0,57.0,38.0,11.0,10.0,0.0,0.0,73.96,58.39,32.53,45.83,39.39,55.73,43.48,71.43,2.208672918440032,10.274957222979292,12.0,69.0,2.0108892299999988,41.0,82.0,148.0,10.623500859999996,323.0,7.751741608613046,5.4148195060164666,31.17796073464218,4.559848005066498,33.51488283723876,0.5699810006333123,1.025965801139962,4.616846105129829,1.8809373020899305,1.025965801139962,0.8549715009499683,0.512982900569981,1.3679544015199494,1.4249525015832805,4.160861304623179,0.5699810006333123,0.3419886003799873,0.3989867004433186,0.7409753008233059,3.24889170360988,2.1659278024065864,0.6269791006966434,0.5699810006333123,0.0,0.0,73.96,58.39,32.53,45.83,39.39,55.73,43.48,71.43,0.1258901600124147,0.5856530399418216,0.6839772007599747,3.932868904369855,0.114616865547815,2.33692210259658,4.67384420519316,8.435718809373022,0.6055193650411651,18.410386320455984,ST,92,100,100,100,97,38,100,100,72,55,100,83,76,74,85,62,83,78,72,67,100,71,78,49,50,56,74,72,68,44,100,74,76,41,100,87,100,100,100,100,100,100,97,87,100,100,100,95,28,100,100,28,15,90,54,41,36,36,31,56,62,36,15,92,51,56,49,50,56,74,72,68,44,100,74,76,15,100,69,100,95,100,100,100,100,95,Eliteserien
Viking,bsykw9d70ffqe9atosc92n1e9,bxafjt88zqj5wgvx5r71c6cid,H. Bjørdal,Henrik Bjørdal,29.0,Midfielder,Norway,Midfielder,125.0,7.0,392.0,26.0,510.0,31.0,7.0,41.0,39.0,23.0,16.0,12.0,28.0,28.0,100.0,16.0,3.0,13.0,1437.0,14.0,85.0,30.0,10.0,20.0,0.0,0.0,76.81,57.78,18.42,35.71,35.9,49.75,50.0,66.67,3.760890689724208,3.219829795356448,15.0,35.0,0.9809895799999998,14.0,75.0,101.0,3.172602329999997,260.0,7.828810020876826,0.4384133611691023,24.551148225469728,1.62839248434238,31.941544885177453,1.941544885177453,0.4384133611691023,2.567849686847599,2.44258872651357,1.440501043841336,1.0020876826722338,0.7515657620041754,1.7536534446764092,1.7536534446764092,6.263048016701461,1.0020876826722338,0.1878914405010438,0.81419624217119,0.8768267223382046,5.323590814196242,1.8789144050104385,0.6263048016701461,1.2526096033402925,0.0,0.0,76.81,57.78,18.42,35.71,35.9,49.75,50.0,66.67,0.2355463897530819,0.2016594861392347,0.9394572025052192,2.192066805845512,0.0614398484342379,0.8768267223382046,4.697286012526096,6.325678496868476,0.1987016073068891,16.2839248434238,RM/RCM,75,58,92,92,92,100,100,92,100,92,92,100,75,75,100,83,54,100,92,92,92,71,96,50,50,58,58,42,8,25,67,83,42,100,83,92,75,58,83,100,100,83,100,75,42,92,83,83,100,100,92,75,75,75,83,42,42,75,50,33,75,58,75,75,17,75,50,50,58,58,42,8,25,67,83,42,83,75,67,50,42,42,92,100,75,100,Eliteserien
Viking,bsykw9d70ffqe9atosc92n1e9,cqwjwlsum5q92s2k80w3temi2,H. Heggheim,Henrik Heggheim,25.0,Defender,Norway,Defender,226.0,3.0,297.0,27.0,520.0,43.0,2.0,16.0,12.0,11.0,1.0,2.0,9.0,9.0,117.0,80.0,5.0,20.0,1410.0,7.0,47.0,20.0,3.0,37.0,1.0,0.0,79.63,36.0,42.86,33.33,58.33,59.39,60.56,71.15,1.5328925930560673,1.3735948036699823,1.0,13.0,0.3161152,15.0,52.0,66.0,2.2044845399999984,268.0,14.425531914893618,0.1914893617021276,18.95744680851064,1.723404255319149,33.19148936170213,2.74468085106383,0.1276595744680851,1.021276595744681,0.7659574468085106,0.7021276595744681,0.0638297872340425,0.1276595744680851,0.574468085106383,0.574468085106383,7.468085106382979,5.1063829787234045,0.3191489361702128,1.2765957446808511,0.4468085106382979,3.0,1.2765957446808511,0.1914893617021276,2.3617021276595747,0.0638297872340425,0.0,79.63,36.0,42.86,33.33,58.33,59.39,60.56,71.15,0.0978442080674085,0.0876762640640414,0.0638297872340425,0.8297872340425532,0.0201775659574468,0.9574468085106383,3.3191489361702127,4.212765957446809,0.140711779148936,17.106382978723406,RB/RCB,62,24,67,62,67,100,83,76,62,79,14,31,52,50,95,100,100,83,81,90,86,43,95,81,52,48,48,88,21,100,86,90,62,86,71,21,38,33,62,67,67,62,67,33,19,48,52,52,86,86,71,43,76,10,29,43,38,86,90,100,81,86,86,71,33,86,76,52,48,48,88,21,100,86,90,62,71,57,14,14,19,48,48,52,38,48,Eliteserien
Viking,bsykw9d70ffqe9atosc92n1e9,djxtqxvqxd70prbr1gkwjp3sa,P. Christiansen,Peter Christiansen,26.0,Attacker,Denmark,Striker,45.0,1.0,102.0,2.0,146.0,16.0,6.0,18.0,53.0,43.0,10.0,11.0,15.0,17.0,61.0,9.0,10.0,7.0,1636.0,22.0,122.0,22.0,8.0,10.0,0.0,0.0,62.93,33.33,16.67,53.33,41.51,39.87,30.77,66.67,8.850132504402522,1.570980147262314,13.0,9.0,1.21610008,3.0,5.0,9.0,0.54721953,44.0,2.475550122249389,0.0550122249388753,5.611246943765281,0.1100244498777506,8.031784841075796,0.880195599022005,0.3300733496332518,0.9902200488997556,2.9156479217603914,2.3655256723716382,0.5501222493887531,0.6051344743276283,0.8251833740831296,0.9352078239608802,3.355745721271394,0.4951100244498778,0.5501222493887531,0.3850855745721271,1.2102689486552567,6.711491442542788,1.2102689486552567,0.4400977995110025,0.5501222493887531,0.0,0.0,62.93,33.33,16.67,53.33,41.51,39.87,30.77,66.67,0.4868654800710434,0.0864231132357018,0.715158924205379,0.4951100244498778,0.0669003711491442,0.1650366748166259,0.2750611246943765,0.4951100244498778,0.0301037638753056,2.4205378973105134,ST,56,50,56,33,56,54,97,91,97,95,86,97,44,50,68,53,95,78,97,100,83,55,78,49,50,15,27,50,85,59,46,31,65,100,92,92,42,97,36,31,38,51,45,8,38,10,15,8,33,95,56,82,79,62,67,8,13,21,23,85,59,79,90,51,26,54,49,50,15,27,50,85,59,46,31,65,92,54,72,13,79,23,10,13,13,8,Eliteserien
Viking,bsykw9d70ffqe9atosc92n1e9,dxqw5fvmvdmsdht1wls2jeiy2,G. Stensness,Gianni Stensness,27.0,Defender,Australia,Defender,495.0,0.0,413.0,66.0,908.0,59.0,0.0,9.0,26.0,24.0,2.0,3.0,2.0,2.0,86.0,92.0,3.0,17.0,1575.0,10.0,34.0,11.0,2.0,7.0,1.0,0.0,86.39,46.15,0.0,100.0,38.46,62.32,70.24,50.0,3.5729927957364653,0.8330332440617457,2.0,19.0,0.41673983,8.0,113.0,104.0,2.0024310000000005,553.0,28.285714285714285,0.0,23.6,3.7714285714285714,51.885714285714286,3.3714285714285714,0.0,0.5142857142857142,1.4857142857142858,1.3714285714285714,0.1142857142857142,0.1714285714285714,0.1142857142857142,0.1142857142857142,4.914285714285715,5.257142857142857,0.1714285714285714,0.9714285714285714,0.5714285714285714,1.9428571428571428,0.6285714285714286,0.1142857142857142,0.4,0.0571428571428571,0.0,86.39,46.15,0.0,100.0,38.46,62.32,70.24,50.0,0.2041710168992266,0.0476018996606711,0.1142857142857142,1.0857142857142856,0.0238137045714285,0.4571428571428571,6.457142857142857,5.942857142857143,0.1144246285714286,31.6,CB,80,34,87,95,85,92,39,95,100,100,75,92,34,34,89,82,99,83,100,97,74,59,42,87,51,54,52,34,93,77,77,80,11,100,95,84,74,72,78,93,93,84,80,46,34,61,80,52,82,39,74,100,100,59,64,21,20,61,49,97,44,98,85,52,38,10,84,51,54,52,34,93,77,77,80,11,100,80,70,39,43,56,82,77,61,52,Eliteserien
Viking,bsykw9d70ffqe9atosc92n1e9,rqzgkxjy310eosvc4w7red49,A. Bærtelsen,Anders Bærtelsen,26.0,Defender,Denmark,Defender,202.0,0.0,150.0,13.0,352.0,22.0,0.0,2.0,7.0,6.0,1.0,1.0,2.0,2.0,35.0,31.0,0.0,8.0,513.0,3.0,10.0,4.0,0.0,5.0,0.0,0.0,88.44,38.24,0.0,0.0,42.86,60.34,66.67,55.56,0.7807637076175191,0.2333597512962337,0.0,11.0,0.22977642,3.0,26.0,30.0,0.7743726399999998,225.0,35.43859649122807,0.0,26.31578947368421,2.280701754385965,61.75438596491228,3.8596491228070176,0.0,0.3508771929824561,1.2280701754385963,1.0526315789473684,0.175438596491228,0.175438596491228,0.3508771929824561,0.3508771929824561,6.140350877192982,5.43859649122807,0.0,1.4035087719298245,0.5263157894736842,1.7543859649122806,0.7017543859649122,0.0,0.8771929824561403,0.0,0.0,88.44,38.24,0.0,0.0,42.86,60.34,66.67,55.56,0.1369760890557051,0.0409403072449532,0.0,1.9298245614035088,0.0403116526315789,0.5263157894736842,4.56140350877193,5.263157894736842,0.135854849122807,39.47368421052632,CB,43,34,38,24,43,60,39,39,71,71,58,43,34,34,38,39,38,39,85,52,34,13,31,39,51,69,23,34,13,84,64,76,22,69,57,28,54,49,39,39,41,44,45,75,34,72,38,79,87,39,64,98,95,77,66,56,54,84,51,38,79,95,84,57,13,52,39,51,69,23,34,13,84,64,76,22,97,75,28,74,64,64,59,66,72,75,Eliteserien
Vålerenga,8q6cv8g4bd3xdl7m88kll16na,1pjxedu2nt4vkd31r2fqecgt0,G. Rajkovic,Gabriel Rajkovic,15.0,Attacker,Norway,Striker,9.0,0.0,25.0,0.0,34.0,3.0,1.0,4.0,10.0,7.0,3.0,0.0,7.0,8.0,7.0,2.0,2.0,0.0,293.0,4.0,23.0,3.0,1.0,0.0,0.0,0.0,70.83,0.0,0.0,14.29,40.0,21.21,50.0,0.0,1.0374970125051912,0.4002651894448477,3.0,3.0,0.1085665,3.0,2.0,2.0,0.32752317,16.0,2.7645051194539247,0.0,7.679180887372014,0.0,10.44368600682594,0.9215017064846416,0.3071672354948805,1.2286689419795225,3.0716723549488054,2.150170648464164,0.9215017064846416,0.0,2.150170648464164,2.4573378839590445,2.150170648464164,0.6143344709897611,0.6143344709897611,0.0,1.2286689419795225,7.064846416382252,0.9215017064846416,0.3071672354948805,0.0,0.0,0.0,70.83,0.0,0.0,14.29,40.0,21.21,50.0,0.0,0.3186850891654171,0.1229483517066085,0.9215017064846416,0.9215017064846416,0.0333480716723549,0.9215017064846416,0.6143344709897611,0.6143344709897611,0.1006043866894197,4.914675767918089,RW,17,25,33,25,33,83,67,17,50,67,42,17,17,17,17,25,50,17,58,67,17,17,17,58,58,17,25,25,17,100,17,100,17,50,17,42,17,17,50,33,17,17,33,17,25,17,25,17,100,83,33,67,83,50,17,17,17,17,17,67,17,83,83,33,17,17,58,58,17,25,25,17,100,17,100,17,83,33,33,17,17,67,33,17,33,33,Eliteserien
Vålerenga,8q6cv8g4bd3xdl7m88kll16na,1w8gujxthv0lfjrn98paa1uga,C. Lange,Carl Lange,27.0,Midfielder,Denmark,Midfielder,323.0,5.0,538.0,35.0,856.0,11.0,1.0,21.0,40.0,18.0,22.0,13.0,33.0,35.0,88.0,24.0,6.0,31.0,1681.0,14.0,44.0,27.0,12.0,22.0,0.0,0.0,85.51,53.85,26.32,36.36,35.0,47.83,37.93,57.89,3.1641307451378493,1.7709863045428866,18.0,43.0,1.0337615499999997,13.0,87.0,66.0,2.9683847899999964,419.0,17.29327781082689,0.2676977989292088,28.80428316478287,1.8738845925044616,45.82986317668055,0.5889351576442594,0.0535395597858417,1.124330755502677,2.1415823914336705,0.9637120761451518,1.1778703152885188,0.6960142772159429,1.7668054729327782,1.8738845925044616,4.711481261154075,1.2849494348602024,0.3212373587150506,1.6597263533610946,0.7495538370017847,2.3557406305770376,1.4455681142177277,0.6424747174301012,1.1778703152885188,0.0,0.0,85.51,53.85,26.32,36.36,35.0,47.83,37.93,57.89,0.1694061671995279,0.0948178271319808,0.9637120761451518,2.302201070791196,0.0553471383105294,0.6960142772159429,4.657941701368233,3.5336109458655565,0.1589260149315881,22.4330755502677,DM/CM,93,77,100,75,96,57,70,98,100,96,96,96,96,96,86,71,100,96,100,96,96,93,93,46,48,54,64,50,39,71,18,39,39,100,96,100,96,96,86,93,75,100,93,46,64,75,50,57,32,50,89,96,82,96,93,82,82,46,21,96,71,96,86,75,68,64,46,48,54,64,50,39,71,18,39,39,96,86,100,86,93,50,68,39,82,64,Eliteserien
Vålerenga,8q6cv8g4bd3xdl7m88kll16na,2rny9fva4m8awyltbc4ipftw4,B. Ambina,Brice Ambina,24.0,Midfielder,Cameroon,Midfielder,76.0,4.0,196.0,16.0,268.0,12.0,1.0,10.0,12.0,1.0,11.0,2.0,9.0,9.0,56.0,20.0,0.0,13.0,592.0,0.0,8.0,14.0,5.0,16.0,0.0,0.0,82.72,66.67,23.53,55.56,0.0,52.34,60.0,64.0,0.7583152553389443,0.9352071530281844,7.0,16.0,0.3628363899999999,6.0,48.0,48.0,1.4761447300000006,171.0,11.554054054054054,0.6081081081081081,29.7972972972973,2.4324324324324325,40.74324324324324,1.8243243243243243,0.152027027027027,1.5202702702702704,1.8243243243243243,0.152027027027027,1.6722972972972974,0.304054054054054,1.3682432432432432,1.3682432432432432,8.513513513513514,3.040540540540541,0.0,1.9763513513513515,0.0,1.2162162162162162,2.1283783783783785,0.7601351351351352,2.4324324324324325,0.0,0.0,82.72,66.67,23.53,55.56,0.0,52.34,60.0,64.0,0.1152844138184205,0.1421767631292848,1.0641891891891893,2.4324324324324325,0.0551609376689189,0.9121621621621622,7.297297297297297,7.297297297297297,0.2244138947635136,25.99662162162162,CM/AM,38,46,52,69,51,68,40,33,38,3,82,19,19,19,54,71,15,78,6,6,60,28,65,48,49,64,88,42,77,6,72,93,48,24,30,71,47,30,29,78,75,56,66,68,62,92,94,90,88,64,62,60,4,98,26,40,38,98,96,15,100,6,16,88,50,94,48,49,64,88,42,77,6,72,93,48,32,58,96,76,64,52,100,98,88,96,Eliteserien
Vålerenga,8q6cv8g4bd3xdl7m88kll16na,2sgey1g99rmupumezjo9rkxcl,K. Finnsson,Kolbeinn Finnsson,27.0,Defender,Iceland,Defender,315.0,37.0,456.0,36.0,734.0,25.0,5.0,38.0,15.0,7.0,8.0,6.0,15.0,15.0,85.0,58.0,0.0,21.0,1710.0,4.0,37.0,4.0,7.0,33.0,0.0,0.0,82.56,36.0,27.82,46.67,26.67,50.9,44.64,67.35,1.0077327260105835,3.9259185523752738,5.0,52.0,1.3504962799999995,25.0,51.0,77.0,3.6065225599999975,336.0,16.57894736842105,1.947368421052632,24.0,1.894736842105263,38.63157894736842,1.3157894736842106,0.2631578947368421,2.0,0.7894736842105263,0.3684210526315789,0.4210526315789473,0.3157894736842105,0.7894736842105263,0.7894736842105263,4.473684210526316,3.0526315789473686,0.0,1.105263157894737,0.2105263157894736,1.947368421052632,0.2105263157894736,0.3684210526315789,1.736842105263158,0.0,0.0,82.56,36.0,27.82,46.67,26.67,50.9,44.64,67.35,0.0530385645268728,0.2066272922302775,0.2631578947368421,2.736842105263158,0.0710787515789473,1.3157894736842106,2.6842105263157894,4.052631578947368,0.1898169768421051,17.68421052631579,LB/LCB,74,96,87,83,83,87,100,96,78,65,87,83,61,61,87,83,26,83,65,78,20,57,100,37,50,70,39,65,52,52,30,35,65,61,96,78,78,74,70,61,65,91,74,39,87,74,43,48,65,96,83,52,57,61,65,48,35,48,61,26,78,61,52,9,43,83,37,50,70,39,65,52,52,30,35,65,52,83,70,61,61,48,30,43,61,35,Eliteserien
Vålerenga,8q6cv8g4bd3xdl7m88kll16na,3bvc29bootgmo9tsapvygvnu2,M. Westergaard,Magnus Westergaard,28.0,Midfielder,Denmark,Midfielder,161.0,0.0,268.0,13.0,429.0,23.0,1.0,8.0,19.0,14.0,5.0,3.0,26.0,27.0,89.0,30.0,1.0,19.0,1273.0,5.0,39.0,13.0,11.0,29.0,0.0,0.0,79.44,41.94,0.0,42.31,26.32,54.94,65.71,69.05,2.0698456370956784,0.8485263162576654,5.0,16.0,0.3176579899999999,9.0,53.0,42.0,0.8867586500000002,223.0,11.38256087981147,0.0,18.94736842105264,0.9190887666928516,30.3299293008641,1.6260801256873527,0.0706991358994501,0.565593087195601,1.3432835820895523,0.9897879025923016,0.3534956794972506,0.2120974076983503,1.838177533385703,1.908876669285153,6.292223095051061,2.1209740769835035,0.0706991358994501,1.3432835820895523,0.3534956794972506,2.757266300078555,0.9190887666928516,0.7776904948939514,2.0502749410840533,0.0,0.0,79.44,41.94,0.0,42.31,26.32,54.94,65.71,69.05,0.1463362979879112,0.0599900773473604,0.3534956794972506,1.131186174391202,0.0224581454045561,0.6362922230950511,3.747054202670856,2.969363707776905,0.0626930703063629,15.765907305577375,DM/CM,43,18,57,41,50,89,70,61,82,93,48,45,89,89,91,75,66,73,79,93,71,88,96,46,48,11,21,18,54,46,54,86,75,89,64,68,50,43,64,61,52,36,54,7,18,32,11,18,75,71,36,75,86,29,39,86,89,75,68,68,57,71,96,39,82,86,46,48,11,21,18,54,46,54,86,75,86,61,43,14,14,46,43,21,14,25,Eliteserien
Vålerenga,8q6cv8g4bd3xdl7m88kll16na,3ga4zm8ifo0ohz7xe03jxswkp,S. Jarl,Sebastian Jarl,26.0,Defender,Norway,Defender,180.0,3.0,201.0,12.0,378.0,8.0,0.0,5.0,5.0,4.0,1.0,1.0,0.0,1.0,27.0,37.0,0.0,12.0,660.0,2.0,9.0,5.0,0.0,9.0,1.0,0.0,88.11,31.58,42.86,0.0,40.0,56.25,47.06,64.29,0.4583578170156049,0.4836367230357291,1.0,5.0,0.1139848,4.0,50.0,46.0,1.065565560000001,246.0,24.545454545454547,0.4090909090909091,27.40909090909091,1.6363636363636365,51.54545454545455,1.090909090909091,0.0,0.6818181818181819,0.6818181818181819,0.5454545454545455,0.1363636363636363,0.1363636363636363,0.0,0.1363636363636363,3.681818181818182,5.045454545454546,0.0,1.6363636363636365,0.2727272727272727,1.2272727272727273,0.6818181818181819,0.0,1.2272727272727273,0.1363636363636363,0.0,88.11,31.58,42.86,0.0,40.0,56.25,47.06,64.29,0.0625033386839461,0.0659504622321448,0.1363636363636363,0.6818181818181819,0.0155433818181818,0.5454545454545455,6.818181818181818,6.272727272727273,0.1453043945454546,33.54545454545455,RB/RCB,38,24,38,17,38,26,26,21,19,31,14,14,5,5,5,57,26,57,43,19,17,7,12,81,52,95,19,88,7,71,76,38,19,14,24,21,5,5,19,55,52,29,57,86,38,90,48,86,52,26,24,33,57,24,33,5,5,24,86,26,95,48,29,33,7,38,90,52,95,19,88,7,71,76,38,19,29,38,24,5,5,19,95,86,43,100,Eliteserien
Vålerenga,8q6cv8g4bd3xdl7m88kll16na,5s6gqsxhvveb5h5rbql3mpgbt,L. Haren,Lucas Haren,28.0,Midfielder,Denmark,Midfielder,63.0,29.0,197.0,12.0,231.0,16.0,1.0,26.0,41.0,32.0,9.0,12.0,36.0,42.0,63.0,15.0,8.0,2.0,1231.0,16.0,72.0,8.0,14.0,19.0,0.0,0.0,66.96,38.71,33.72,38.89,39.02,47.37,50.0,73.08,3.623044761455242,2.6846423422503314,9.0,14.0,0.4682414299999999,9.0,27.0,21.0,1.2184633499999995,92.0,4.606011372867587,2.1202274573517466,14.402924451665314,0.8773354995938262,16.888708367181156,1.1697806661251016,0.0731112916328188,1.90089358245329,2.997562956945573,2.339561332250203,0.6580016246953696,0.8773354995938262,2.6320064987814784,3.070674248578392,4.606011372867587,1.0966693744922829,0.5848903330625508,0.1462225832656377,1.1697806661251016,5.264012997562957,0.5848903330625508,1.023558082859464,1.389114541023558,0.0,0.0,66.96,38.71,33.72,38.89,39.02,47.37,50.0,73.08,0.2648854821535108,0.1962776692140778,0.6580016246953696,1.023558082859464,0.0342337357432981,0.6580016246953696,1.974004874086109,1.5353371242891958,0.0890834293257513,6.726238830219335,CM/AM,28,98,54,56,38,86,40,84,95,96,78,91,88,90,64,53,97,15,92,88,24,82,74,48,49,6,28,74,26,60,48,70,80,86,86,79,37,42,54,54,34,38,29,10,100,22,44,10,70,34,84,96,96,72,88,76,82,50,46,98,10,98,88,14,64,68,48,49,6,28,74,26,60,48,70,80,88,84,78,14,20,34,42,10,28,8,Eliteserien
Vålerenga,8q6cv8g4bd3xdl7m88kll16na,5tkzdksbog7jnzscgr1cj771m,O. Holm,Odin Holm,23.0,Midfielder,Norway,Midfielder,45.0,1.0,75.0,7.0,119.0,6.0,0.0,1.0,4.0,3.0,1.0,1.0,4.0,4.0,21.0,5.0,0.0,2.0,232.0,2.0,6.0,3.0,1.0,7.0,0.0,0.0,82.07,63.64,50.0,25.0,50.0,67.74,85.71,63.64,0.3821780725208413,0.0764495330413604,1.0,3.0,0.082019,3.0,11.0,11.0,0.42781072,58.0,17.456896551724135,0.3879310344827586,29.094827586206893,2.71551724137931,46.16379310344827,2.327586206896552,0.0,0.3879310344827586,1.5517241379310345,1.1637931034482758,0.3879310344827586,0.3879310344827586,1.5517241379310345,1.5517241379310345,8.14655172413793,1.939655172413793,0.0,0.7758620689655172,0.7758620689655172,2.327586206896552,1.1637931034482758,0.3879310344827586,2.71551724137931,0.0,0.0,82.07,63.64,50.0,25.0,50.0,67.74,85.71,63.64,0.1482587350296367,0.0296571464384587,0.3879310344827586,1.1637931034482758,0.0318177155172413,1.1637931034482758,4.267241379310344,4.267241379310344,0.1659610551724137,22.5,DM/CM,4,43,11,14,7,34,25,14,20,45,16,23,11,11,7,4,25,5,41,29,4,14,18,46,48,21,100,95,21,93,100,100,61,29,18,21,11,11,20,11,11,14,11,50,75,79,82,61,86,25,21,86,96,32,57,75,75,93,54,25,25,100,82,54,50,100,46,48,21,100,95,21,93,100,100,61,89,29,61,21,36,89,57,61,86,68,Eliteserien
Vålerenga,8q6cv8g4bd3xdl7m88kll16na,9qskwuil30g48xr3ax5p9j6j9,I. Näsberg,Ivan Näsberg,30.0,Defender,Norway,Defender,369.0,1.0,255.0,34.0,623.0,28.0,0.0,8.0,9.0,8.0,1.0,2.0,5.0,5.0,56.0,90.0,1.0,18.0,1299.0,2.0,20.0,12.0,2.0,11.0,0.0,0.0,89.26,45.95,20.0,40.0,22.22,55.45,50.0,78.57,1.0226227799550631,0.3620697210512932,1.0,4.0,0.09223071,7.0,58.0,67.0,1.4477294300000008,348.0,25.56581986143187,0.069284064665127,17.66743648960739,2.355658198614319,43.16397228637413,1.9399538106235563,0.0,0.5542725173210161,0.6235565819861432,0.5542725173210161,0.069284064665127,0.138568129330254,0.3464203233256351,0.3464203233256351,3.879907621247113,6.235565819861431,0.069284064665127,1.2471131639722863,0.138568129330254,1.3856812933025404,0.8314087759815242,0.138568129330254,0.7621247113163973,0.0,0.0,89.26,45.95,20.0,40.0,22.22,55.45,50.0,78.57,0.0708514628144385,0.0250856619666023,0.069284064665127,0.277136258660508,0.0063901184757505,0.4849884526558891,4.018475750577367,4.64203233256351,0.1003045794457275,24.110854503464203,CB,67,72,64,62,66,65,39,92,81,82,58,74,73,73,69,79,84,87,72,82,78,59,64,39,51,79,51,71,41,57,36,23,81,80,70,66,15,16,73,68,70,64,61,30,72,30,39,33,36,39,79,59,59,52,52,54,52,34,72,82,70,61,70,69,46,41,39,51,79,51,71,41,57,36,23,81,59,57,62,10,13,59,46,56,48,25,Eliteserien
Vålerenga,8q6cv8g4bd3xdl7m88kll16na,bnkqjsq2fa5fszk43m345a2y2,M. Grundetjern,Mathias Grundetjern,26.0,Midfielder,Norway,Midfielder,69.0,4.0,151.0,7.0,216.0,53.0,4.0,21.0,40.0,37.0,3.0,5.0,14.0,14.0,93.0,27.0,5.0,3.0,1413.0,18.0,104.0,15.0,7.0,12.0,0.0,0.0,64.86,50.0,26.67,50.0,45.0,47.69,48.62,60.0,4.759726793268676,1.998208708338252,8.0,18.0,0.8431993099999998,9.0,16.0,17.0,0.7682482800000001,70.0,4.394904458598727,0.2547770700636942,9.61783439490446,0.445859872611465,13.757961783439493,3.375796178343949,0.2547770700636942,1.337579617834395,2.547770700636943,2.356687898089172,0.1910828025477707,0.3184713375796179,0.89171974522293,0.89171974522293,5.923566878980892,1.7197452229299364,0.3184713375796179,0.1910828025477707,1.1464968152866242,6.624203821656051,0.9554140127388536,0.445859872611465,0.7643312101910829,0.0,0.0,64.86,50.0,26.67,50.0,45.0,47.69,48.62,60.0,0.3031673116731641,0.1272744400215447,0.5095541401273885,1.1464968152866242,0.0537069624203821,0.5732484076433121,1.019108280254777,1.0828025477707006,0.0489330114649681,4.45859872611465,CM/AM,32,46,36,39,36,98,86,74,92,98,35,55,42,39,88,89,87,24,96,98,66,45,48,48,49,4,63,50,59,77,52,64,32,98,72,75,54,76,54,27,24,26,24,8,40,4,18,2,98,76,44,88,98,16,30,18,18,72,74,80,14,96,92,34,22,26,48,49,4,63,50,59,77,52,64,32,96,50,60,22,60,22,6,4,4,4,Eliteserien
Vålerenga,8q6cv8g4bd3xdl7m88kll16na,bzk5asrkwi0pvl6npmxb7jhzp,P. Strand,Petter Strand,32.0,Midfielder,Norway,Midfielder,90.0,10.0,188.0,6.0,268.0,10.0,1.0,14.0,14.0,11.0,3.0,3.0,15.0,18.0,54.0,11.0,2.0,9.0,680.0,5.0,30.0,9.0,8.0,19.0,0.0,0.0,82.46,35.29,30.3,53.33,35.71,48.65,50.0,70.37,1.4514222202536569,1.6231749283904633,3.0,22.0,0.7116667999999999,12.0,20.0,34.0,1.78846564,112.0,11.911764705882351,1.3235294117647058,24.88235294117647,0.7941176470588236,35.47058823529412,1.3235294117647058,0.1323529411764706,1.8529411764705883,1.8529411764705883,1.4558823529411764,0.3970588235294118,0.3970588235294118,1.9852941176470589,2.3823529411764706,7.147058823529412,1.4558823529411764,0.2647058823529412,1.1911764705882353,0.6617647058823529,3.9705882352941178,1.1911764705882353,1.0588235294117647,2.514705882352941,0.0,0.0,82.46,35.29,30.3,53.33,35.71,48.65,50.0,70.37,0.1920999997394546,0.2148319758163848,0.3970588235294118,2.911764705882353,0.094191194117647,1.5882352941176472,2.647058823529412,4.5,0.2367086876470588,14.823529411764708,CM/AM,48,73,48,29,51,58,40,44,42,54,35,34,45,49,46,38,60,65,51,49,32,53,74,48,49,58,16,60,70,54,58,70,70,46,62,42,58,66,66,43,53,68,46,72,80,80,38,80,78,54,80,62,74,48,48,60,72,88,62,70,88,62,70,52,68,96,48,49,58,16,60,70,54,58,70,70,66,88,46,84,84,88,52,76,94,66,Eliteserien
Vålerenga,8q6cv8g4bd3xdl7m88kll16na,cft1n7qn5juaedelpvqwo2f3d,K. Tshiembe,Kevin Tshiembe,29.0,Defender,Denmark,Defender,90.0,0.0,110.0,10.0,200.0,16.0,0.0,1.0,4.0,4.0,0.0,1.0,0.0,1.0,20.0,22.0,0.0,7.0,324.0,0.0,11.0,2.0,0.0,1.0,1.0,0.0,90.09,58.82,0.0,0.0,0.0,58.82,69.57,50.0,0.3807648966533311,0.1331010118770481,0.0,3.0,0.06577932,1.0,17.0,16.0,0.45391783,146.0,25.0,0.0,30.55555555555556,2.7777777777777777,55.55555555555556,4.444444444444445,0.0,0.2777777777777778,1.1111111111111112,1.1111111111111112,0.0,0.2777777777777778,0.0,0.2777777777777778,5.555555555555555,6.111111111111111,0.0,1.9444444444444444,0.0,3.055555555555556,0.5555555555555556,0.0,0.2777777777777778,0.2777777777777778,0.0,90.09,58.82,0.0,0.0,0.0,58.82,69.57,50.0,0.1057680268481475,0.03697250329918,0.0,0.8333333333333333,0.0182720333333333,0.2777777777777778,4.722222222222222,4.444444444444445,0.1260882861111111,40.55555555555556,CB,8,34,28,16,18,45,39,25,39,54,25,43,8,20,13,21,38,32,19,57,10,13,5,87,51,87,92,34,13,19,56,79,11,34,41,28,10,10,16,19,11,15,23,28,34,89,56,66,97,39,52,93,98,25,84,8,48,77,67,38,95,19,97,41,13,7,100,51,87,92,34,13,19,56,79,11,79,66,28,34,34,34,61,48,66,77,Eliteserien
Vålerenga,8q6cv8g4bd3xdl7m88kll16na,fbd96sw3egypi2key2hxbnu2,A. Kiil Olsen,Aaron Kiil Olsen,25.0,Defender,Norway,Defender,633.0,1.0,375.0,59.0,1007.0,29.0,1.0,6.0,8.0,8.0,0.0,2.0,3.0,3.0,68.0,122.0,0.0,19.0,1688.0,4.0,16.0,14.0,0.0,16.0,0.0,0.0,85.99,42.45,50.0,0.0,50.0,61.26,61.7,61.54,0.9363042366489388,0.6384870357348558,0.0,4.0,0.06746316,1.0,58.0,60.0,1.94022297,631.0,33.75,0.0533175355450236,19.994075829383885,3.145734597156398,53.69075829383886,1.5462085308056872,0.0533175355450236,0.3199052132701421,0.4265402843601895,0.4265402843601895,0.0,0.1066350710900473,0.159952606635071,0.159952606635071,3.625592417061611,6.50473933649289,0.0,1.0130331753554502,0.2132701421800947,0.8530805687203791,0.7464454976303317,0.0,0.8530805687203791,0.0,0.0,85.99,42.45,50.0,0.0,50.0,61.26,61.7,61.54,0.049921434418486,0.0340425552228299,0.0,0.2132701421800947,0.0035969694312796,0.0533175355450236,3.0924170616113744,3.199052132701422,0.1034479071682464,33.64336492890995,CB,92,72,82,89,89,68,87,84,75,82,25,74,50,49,79,97,38,89,91,70,88,13,85,39,51,48,38,98,13,92,72,64,36,75,89,28,15,11,16,68,66,82,89,72,69,51,62,57,26,80,61,38,49,25,44,33,31,25,84,38,51,77,38,61,13,49,39,51,48,38,98,13,92,72,64,36,39,64,28,5,5,10,26,30,49,64,Eliteserien
Vålerenga,8q6cv8g4bd3xdl7m88kll16na,rzfthr8qys67ormz869jrndg,H. Sjåtil,Håkon Sjåtil,23.0,Defender,Norway,Defender,208.0,11.0,290.0,21.0,487.0,4.0,0.0,5.0,7.0,2.0,5.0,3.0,15.0,21.0,55.0,31.0,0.0,6.0,1193.0,0.0,8.0,4.0,7.0,29.0,0.0,0.0,86.65,32.81,39.29,46.67,0.0,53.4,36.36,72.5,0.4719762603785449,0.6050006547815877,2.0,20.0,0.4764536199999999,12.0,62.0,76.0,2.2604404,266.0,15.691533948030177,0.8298407376362111,21.87761944677284,1.584241408214585,36.739312657166806,0.3017602682313495,0.0,0.3772003352891869,0.5280804694048616,0.1508801341156747,0.3772003352891869,0.2263202011735121,1.1316010058675607,1.584241408214585,4.149203688181056,2.338642078792959,0.0,0.4526404023470243,0.0,0.603520536462699,0.3017602682313495,0.5280804694048616,2.187761944677284,0.0,0.0,86.65,32.81,39.29,46.67,0.0,53.4,36.36,72.5,0.0356059207326647,0.0456412899667585,0.1508801341156747,1.5088013411567476,0.0359436930427493,0.9052808046940486,4.677284157585918,5.7334450963956405,0.1705277753562447,20.067057837384745,RB/RCB,57,74,62,55,62,7,26,21,36,14,81,57,71,79,38,40,26,19,10,14,10,69,86,36,52,86,33,81,57,10,43,19,71,19,29,40,55,52,48,79,71,67,62,43,71,62,38,57,5,26,10,24,5,81,48,67,81,38,19,26,10,10,5,5,71,67,36,52,86,33,81,57,10,43,19,71,10,14,29,43,33,38,71,76,71,67,Eliteserien
