Team,contestantId,playerId,Short Name,Player Name,Age,Position_x,Nationality,Position_y,total accurate back zone pass_Total,total accurate fwd zone pass_Total,total accurate long balls_Total,total accurate pass_Total,total aerial won_Total,total big chances saved_Total,total duels won_Total,total effective clearance_Total,total mins played,total was fouled_Total,total accurate cross_Total,total assists_Total,total att assist_Total,total attempt_Total,total attempts ibox_Total,total attempts obox_Total,total blocked scoring att_Total,total contest_Total,total dribbles attempted_Total,total goals_Total,total interception_Total,total ontarget attempt_Total,total touches in opposition box_Total,total won contest_Total,total won tackle_Total,total direct setpiece goals_Total,pass_success_pct_Total,long_balls_success_pct_Total,cross_success_pct_Total,dribble_success_pct_Total,attempt_success_pct_Total,duel_success_pct_Total,aerial_success_pct_Total,tackle_success_pct_Total,xG_Total,xA_Total,CreatedOwnShot_Total,Total Carries_Total,Total Carry xT_Total,Total Final Third Carries_Total,passes_into_final_third_Total,progressive_passes_Total,xT_pass_Total,forward_passes_Total,total accurate back zone pass_p90,total accurate fwd zone pass_p90,total accurate long balls_p90,total accurate pass_p90,total aerial won_p90,total big chances saved_p90,total duels won_p90,total effective clearance_p90,total was fouled_p90,total accurate cross_p90,total assists_p90,total att assist_p90,total attempt_p90,total attempts ibox_p90,total attempts obox_p90,total blocked scoring att_p90,total contest_p90,total dribbles attempted_p90,total goals_p90,total interception_p90,total ontarget attempt_p90,total touches in opposition box_p90,total won contest_p90,total won tackle_p90,total direct setpiece goals_p90,pass_success_pct_p90,long_balls_success_pct_p90,cross_success_pct_p90,dribble_success_pct_p90,attempt_success_pct_p90,duel_success_pct_p90,aerial_success_pct_p90,tackle_success_pct_p90,xG_p90,xA_p90,CreatedOwnShot_p90,Total Carries_p90,Total Carry xT_p90,Total Final Third Carries_p90,passes_into_final_third_p90,progressive_passes_p90,xT_pass_p90,forward_passes_p90,Pos.,total accurate back zone pass_TotalPR,total accurate fwd zone pass_TotalPR,total accurate long balls_TotalPR,total accurate pass_TotalPR,total aerial won_TotalPR,total big chances saved_TotalPR,total duels won_TotalPR,total effective clearance_TotalPR,total was fouled_TotalPR,total accurate cross_TotalPR,total assists_TotalPR,total att assist_TotalPR,total attempt_TotalPR,total attempts ibox_TotalPR,total attempts obox_TotalPR,total blocked scoring att_TotalPR,total contest_TotalPR,total dribbles attempted_TotalPR,total goals_TotalPR,total interception_TotalPR,total ontarget attempt_TotalPR,total touches in opposition box_TotalPR,total won contest_TotalPR,total won tackle_TotalPR,total direct setpiece goals_TotalPR,pass_success_pct_TotalPR,long_balls_success_pct_TotalPR,cross_success_pct_TotalPR,dribble_success_pct_TotalPR,attempt_success_pct_TotalPR,duel_success_pct_TotalPR,aerial_success_pct_TotalPR,tackle_success_pct_TotalPR,xG_TotalPR,xA_TotalPR,CreatedOwnShot_TotalPR,Total Carries_TotalPR,Total Carry xT_TotalPR,Total Final Third Carries_TotalPR,passes_into_final_third_TotalPR,progressive_passes_TotalPR,xT_pass_TotalPR,forward_passes_TotalPR,total accurate back zone pass_p90PR,total accurate fwd zone pass_p90PR,total accurate long balls_p90PR,total accurate pass_p90PR,total aerial won_p90PR,total big chances saved_p90PR,total duels won_p90PR,total effective clearance_p90PR,total was fouled_p90PR,total accurate cross_p90PR,total assists_p90PR,total att assist_p90PR,total attempt_p90PR,total attempts ibox_p90PR,total attempts obox_p90PR,total blocked scoring att_p90PR,total contest_p90PR,total dribbles attempted_p90PR,total goals_p90PR,total interception_p90PR,total ontarget attempt_p90PR,total touches in opposition box_p90PR,total won contest_p90PR,total won tackle_p90PR,total direct setpiece goals_p90PR,pass_success_pct_p90PR,long_balls_success_pct_p90PR,cross_success_pct_p90PR,dribble_success_pct_p90PR,attempt_success_pct_p90PR,duel_success_pct_p90PR,aerial_success_pct_p90PR,tackle_success_pct_p90PR,xG_p90PR,xA_p90PR,CreatedOwnShot_p90PR,Total Carries_p90PR,Total Carry xT_p90PR,Total Final Third Carries_p90PR,passes_into_final_third_p90PR,progressive_passes_p90PR,xT_pass_p90PR,forward_passes_p90PR,League
GKS Katowice,e4282tj4jnq8h2to6sjr08jl,2pdy64dhznfn9tu2ahy3ef5qt,B. Nowak,Bartosz Nowak,33,Midfielder,Poland,Midfielder,31.0,135.0,7.0,147.0,3.0,0.0,17.0,5.0,622.0,3.0,19.0,5.0,29.0,13.0,7.0,6.0,5.0,11.0,13.0,1.0,5.0,5.0,29.0,7.0,3.0,0.0,73.87,50.0,35.85,63.64,38.46,48.57,60.0,60.0,1.0346522178429476,3.036180900038622,6.0,16.0,0.50209403,7.0,10.0,25.0,1.8950769,72.0,4.485530546623794,19.53376205787781,1.012861736334405,21.270096463022508,0.4340836012861736,0.0,2.459807073954984,0.7234726688102894,0.4340836012861736,2.7491961414790995,0.7234726688102894,4.196141479099678,1.8810289389067525,1.012861736334405,0.8681672025723473,0.7234726688102894,1.5916398713826363,1.8810289389067525,0.1446945337620578,0.7234726688102894,0.7234726688102894,4.196141479099678,1.012861736334405,0.4340836012861736,0.0,73.87,50.0,35.85,63.64,38.46,48.57,60.0,60.0,0.1497085202666644,0.4393187797483536,0.8681672025723473,2.315112540192926,0.0726502615755626,1.012861736334405,1.4469453376205788,3.617363344051447,0.274207268488746,10.418006430868166,CM/AM,34,70,58,54,49,51,27,50,22,100,100,100,66,64,77,81,69,76,69,85,72,85,76,36,50,11,38,84,84,74,54,89,46,70,100,85,69,73,61,39,73,95,54,19,51,51,30,35,51,5,32,14,100,100,100,62,54,68,62,46,49,62,76,62,76,62,19,50,11,38,84,84,74,54,89,46,57,100,73,51,57,57,24,57,95,38,Ekstraklasa
GKS Katowice,e4282tj4jnq8h2to6sjr08jl,2vdsve6yhop4tq3hwqsv233hm,I. Shkurin,Ilya Shkurin,27,Attacker,Belarus,Striker,30.0,58.0,4.0,88.0,34.0,0.0,50.0,7.0,592.0,8.0,0.0,1.0,6.0,17.0,16.0,1.0,2.0,6.0,6.0,5.0,0.0,8.0,44.0,6.0,2.0,0.0,65.67,66.67,0.0,100.0,47.06,47.17,53.97,100.0,2.20982327310838,0.363286837967179,1.0,3.0,0.07893545,2.0,7.0,5.0,0.2282544899999999,27.0,4.560810810810811,8.817567567567568,0.6081081081081081,13.37837837837838,5.168918918918919,0.0,7.601351351351352,1.0641891891891893,1.2162162162162162,0.0,0.152027027027027,0.9121621621621622,2.58445945945946,2.4324324324324325,0.152027027027027,0.304054054054054,0.9121621621621622,0.9121621621621622,0.7601351351351352,0.0,1.2162162162162162,6.6891891891891895,0.9121621621621622,0.304054054054054,0.0,65.67,66.67,0.0,100.0,47.06,47.17,53.97,100.0,0.335952862465801,0.0552294179341995,0.152027027027027,0.4560810810810811,0.0120003217905405,0.304054054054054,1.0641891891891893,0.7601351351351352,0.0347008515202702,4.10472972972973,ST,80,73,91,74,100,50,94,76,68,29,86,71,73,88,29,18,52,48,95,20,88,95,80,62,52,36,76,29,94,91,70,82,89,82,55,23,36,24,56,73,55,48,65,55,58,79,61,100,50,100,52,45,29,82,42,39,55,21,12,33,30,94,20,67,82,67,48,52,36,76,29,94,91,70,82,89,58,33,12,21,15,52,67,36,30,48,Ekstraklasa
GKS Katowice,e4282tj4jnq8h2to6sjr08jl,4k6q76mgnuplycboirg98tzh1,A. Czerwiński,Alan Czerwinski,33,Defender,Poland,Defender,68.0,84.0,6.0,148.0,3.0,0.0,8.0,8.0,251.0,0.0,4.0,1.0,5.0,2.0,1.0,1.0,1.0,0.0,0.0,0.0,1.0,0.0,2.0,0.0,4.0,0.0,86.05,46.15,36.36,0.0,0.0,36.36,37.5,80.0,0.1388776752550395,0.5766023231299244,0.0,9.0,0.20651178,4.0,24.0,16.0,0.80103361,91.0,24.382470119521912,30.1195219123506,2.1513944223107573,53.06772908366534,1.0756972111553786,0.0,2.8685258964143427,2.8685258964143427,0.0,1.4342629482071714,0.3585657370517928,1.7928286852589643,0.7171314741035857,0.3585657370517928,0.3585657370517928,0.3585657370517928,0.0,0.0,0.0,0.3585657370517928,0.0,0.7171314741035857,0.0,1.4342629482071714,0.0,86.05,46.15,36.36,0.0,0.0,36.36,37.5,80.0,0.0497967759878627,0.2067498369788573,0.0,3.227091633466136,0.0740480486055776,1.4342629482071714,8.60557768924303,5.7370517928286855,0.2872232067729083,32.62948207171315,RB/RCB,38,48,42,42,40,42,13,17,6,85,87,77,48,48,63,79,10,10,46,8,33,13,13,35,52,62,67,92,13,33,8,31,88,46,88,29,54,54,56,85,58,73,42,77,92,69,85,54,42,19,38,6,96,100,96,69,65,73,96,10,10,46,8,33,31,13,73,52,62,67,92,13,33,8,31,88,65,96,29,85,85,88,100,96,96,81,Ekstraklasa
GKS Katowice,e4282tj4jnq8h2to6sjr08jl,4w0adddkbx4642lkebbcmxbzd,E. Marković,Eman Markovic,27,Midfielder,Norway,Midfielder,17.0,73.0,2.0,88.0,1.0,0.0,24.0,2.0,436.0,8.0,2.0,0.0,4.0,18.0,15.0,3.0,7.0,15.0,15.0,1.0,1.0,6.0,28.0,8.0,6.0,0.0,82.24,50.0,11.76,53.33,33.33,50.0,14.29,85.71,1.5814320066293348,0.274232894510685,5.0,14.0,0.3724295399999999,8.0,5.0,9.0,0.4068096199999999,45.0,3.5091743119266057,15.068807339449542,0.4128440366972477,18.1651376146789,0.2064220183486238,0.0,4.954128440366973,0.4128440366972477,1.651376146788991,0.4128440366972477,0.0,0.8256880733944955,3.7155963302752295,3.096330275229358,0.6192660550458716,1.444954128440367,3.096330275229358,3.096330275229358,0.2064220183486238,0.2064220183486238,1.2385321100917432,5.779816513761468,1.651376146788991,1.2385321100917432,0.0,82.24,50.0,11.76,53.33,33.33,50.0,14.29,85.71,0.3264423866895416,0.0566077075824808,1.0321100917431194,2.889908256880734,0.0768776573394495,1.651376146788991,1.0321100917431194,1.8577981651376148,0.0839744628440366,9.288990825688074,CM/AM,15,35,16,22,12,51,50,16,55,32,32,26,92,97,38,91,84,82,69,24,84,81,88,65,50,59,38,19,68,61,66,11,86,89,19,69,57,54,66,16,24,24,30,11,27,16,19,8,51,62,19,57,30,32,22,95,100,46,95,92,86,73,22,84,89,95,76,50,59,38,19,68,61,66,11,86,95,14,78,68,59,73,16,22,22,27,Ekstraklasa
GKS Katowice,e4282tj4jnq8h2to6sjr08jl,5b7b7r7i8p979803noj3wez11,B. Wolski,Bartosz Wolski,29,Midfielder,Poland,Midfielder,99.0,170.0,16.0,261.0,5.0,0.0,26.0,7.0,549.0,8.0,8.0,0.0,10.0,2.0,0.0,2.0,1.0,2.0,2.0,0.0,1.0,0.0,1.0,1.0,7.0,0.0,87.58,61.54,61.54,50.0,0.0,60.47,62.5,58.33,0.0933943415782443,0.9853424832361092,1.0,26.0,0.5811328099999999,11.0,44.0,45.0,1.94660723,172.0,16.229508196721312,27.868852459016395,2.6229508196721314,42.78688524590165,0.819672131147541,0.0,4.262295081967213,1.1475409836065575,1.3114754098360657,1.3114754098360657,0.0,1.639344262295082,0.3278688524590164,0.0,0.3278688524590164,0.1639344262295082,0.3278688524590164,0.3278688524590164,0.0,0.1639344262295082,0.0,0.1639344262295082,0.1639344262295082,1.1475409836065575,0.0,87.58,61.54,61.54,50.0,0.0,60.47,62.5,58.33,0.0153105477997121,0.1615315546288703,0.1639344262295082,4.262295081967213,0.0952676737704918,1.8032786885245904,7.213114754098361,7.377049180327869,0.3191159393442623,28.19672131147541,CM/AM,89,81,89,84,77,51,58,72,55,76,32,64,8,5,26,16,9,8,30,24,11,5,11,70,50,86,62,100,50,11,97,92,43,8,73,19,92,84,82,99,95,97,100,95,89,92,95,70,51,49,62,46,76,32,59,5,5,19,8,5,5,30,14,11,5,11,70,50,86,62,100,50,11,97,92,43,5,62,11,89,78,76,100,100,100,100,Ekstraklasa
GKS Katowice,e4282tj4jnq8h2to6sjr08jl,6mjhepo267xtrt1bqre1dsq8l,L. Klemenz,Lukas Klemenz,30,Defender,Poland,Defender,101.0,64.0,6.0,164.0,16.0,0.0,29.0,22.0,439.0,5.0,1.0,0.0,4.0,5.0,5.0,0.0,0.0,1.0,1.0,0.0,5.0,0.0,10.0,1.0,3.0,0.0,81.19,33.33,50.0,100.0,0.0,59.18,69.57,42.86,0.6231016740988999,0.0666363541485848,0.0,4.0,0.08778561,3.0,12.0,16.0,0.3018792099999999,92.0,20.70615034168565,13.120728929384963,1.2300683371298404,33.62186788154897,3.2801822323462413,0.0,5.945330296127562,4.5102505694760815,1.0250569476082003,0.20501138952164,0.0,0.8200455580865603,1.0250569476082003,1.0250569476082003,0.0,0.0,0.20501138952164,0.20501138952164,0.0,1.0250569476082003,0.0,2.0501138952164006,0.20501138952164,0.6150341685649202,0.0,81.19,33.33,50.0,100.0,0.0,59.18,69.57,42.86,0.1277429400202756,0.0136612115566574,0.0,0.8200455580865603,0.0179970498861047,0.6150341685649202,2.460136674259681,3.2801822323462413,0.0618886763097949,18.861047835990888,CB,30,32,22,28,64,46,66,29,76,76,38,84,66,71,32,25,45,41,35,50,22,70,62,49,51,15,16,88,89,22,60,75,19,72,38,30,42,42,68,42,54,32,30,25,38,25,28,80,46,90,32,82,82,38,88,75,80,32,25,48,42,35,60,22,75,65,45,51,15,16,88,89,22,60,75,19,80,38,30,45,50,65,45,55,32,22,Ekstraklasa
GKS Katowice,e4282tj4jnq8h2to6sjr08jl,8fgscsdgytvhw5y6mlthxtrdh,E. Jirka,Erik Jirka,28,Midfielder,Slovakia,Midfielder,38.0,76.0,5.0,109.0,5.0,0.0,22.0,11.0,423.0,2.0,5.0,0.0,3.0,7.0,2.0,5.0,2.0,8.0,8.0,0.0,8.0,1.0,13.0,5.0,5.0,0.0,69.43,25.0,33.33,62.5,14.29,42.31,45.45,50.0,0.4074731509393087,0.2684589905777373,4.0,9.0,0.19603813,5.0,16.0,22.0,0.8434535,69.0,8.085106382978724,16.170212765957448,1.0638297872340423,23.19148936170213,1.0638297872340423,0.0,4.680851063829787,2.3404255319148937,0.425531914893617,1.0638297872340423,0.0,0.6382978723404255,1.4893617021276595,0.425531914893617,1.0638297872340423,0.425531914893617,1.702127659574468,1.702127659574468,0.0,1.702127659574468,0.2127659574468085,2.7659574468085104,1.0638297872340423,1.0638297872340423,0.0,69.43,25.0,33.33,62.5,14.29,42.31,45.45,50.0,0.0866964150934699,0.057118934165476,0.851063829787234,1.9148936170212765,0.0417102404255319,1.0638297872340423,3.404255319148936,4.680851063829787,0.1794581914893616,14.680851063829786,RM/RCM,61,68,63,68,71,53,66,79,21,66,34,29,55,29,82,61,58,53,32,89,37,55,79,74,53,11,32,68,84,21,24,68,42,47,32,66,53,42,63,79,84,63,68,47,37,53,37,63,53,53,84,16,63,34,21,47,32,68,53,53,47,32,89,26,42,68,63,53,11,32,68,84,21,24,68,42,37,21,53,47,32,42,79,79,58,74,Ekstraklasa
GKS Katowice,e4282tj4jnq8h2to6sjr08jl,a0zpetflr8gttr03gfqjvxi39,Borja Galán,Borja Galán,33,Midfielder,Spain,Midfielder,22.0,44.0,4.0,64.0,4.0,0.0,11.0,5.0,246.0,5.0,2.0,1.0,3.0,5.0,3.0,2.0,2.0,5.0,6.0,0.0,1.0,1.0,12.0,1.0,1.0,0.0,78.05,50.0,25.0,20.0,20.0,47.83,66.67,100.0,0.3108766420885634,0.3125189116582111,3.0,3.0,0.13625122,2.0,2.0,6.0,0.5115172499999999,23.0,8.048780487804878,16.097560975609756,1.4634146341463414,23.414634146341463,1.4634146341463414,0.0,4.024390243902439,1.829268292682927,1.829268292682927,0.7317073170731707,0.3658536585365853,1.0975609756097562,1.829268292682927,1.0975609756097562,0.7317073170731707,0.7317073170731707,1.829268292682927,2.1951219512195124,0.0,0.3658536585365853,0.3658536585365853,4.390243902439025,0.3658536585365853,0.3658536585365853,0.0,78.05,50.0,25.0,20.0,20.0,47.83,66.67,100.0,0.1137353568616695,0.1143361871920284,1.0975609756097562,1.0975609756097562,0.0498480073170731,0.7317073170731707,0.7317073170731707,2.1951219512195124,0.1871404573170731,8.414634146341463,LM/LCM,34,19,53,19,62,47,16,53,38,44,72,22,31,31,53,56,19,19,22,12,28,38,16,19,53,38,59,78,16,34,38,91,100,12,25,53,6,12,25,19,19,31,19,62,62,81,62,78,47,19,81,75,75,94,38,56,62,56,78,25,31,22,31,38,75,25,19,53,38,59,78,16,34,38,91,100,31,38,69,12,25,38,19,44,81,50,Ekstraklasa
GKS Katowice,e4282tj4jnq8h2to6sjr08jl,ah6vnv6ucqsj05pj9ofmmfhlh,M. Wdowiak,Mateusz Wdowiak,30,Midfielder,Poland,Midfielder,33.0,64.0,4.0,92.0,3.0,0.0,15.0,8.0,296.0,3.0,5.0,0.0,8.0,8.0,5.0,3.0,3.0,7.0,7.0,0.0,2.0,1.0,14.0,4.0,2.0,0.0,88.46,50.0,55.56,57.14,12.5,44.12,30.0,40.0,0.6212151296294832,0.7755135515737401,4.0,15.0,0.4679972099999999,4.0,2.0,8.0,1.18666101,30.0,10.033783783783784,19.45945945945946,1.2162162162162162,27.97297297297297,0.9121621621621622,0.0,4.560810810810811,2.4324324324324325,0.9121621621621622,1.5202702702702704,0.0,2.4324324324324325,2.4324324324324325,1.5202702702702704,0.9121621621621622,0.9121621621621622,2.1283783783783785,2.1283783783783785,0.0,0.6081081081081081,0.304054054054054,4.256756756756757,1.2162162162162162,0.6081081081081081,0.0,88.46,50.0,55.56,57.14,12.5,44.12,30.0,40.0,0.1888829786035591,0.2357980393298534,1.2162162162162162,4.560810810810811,0.1422964489864864,1.2162162162162162,0.6081081081081081,2.4324324324324325,0.3608090908783783,9.121621621621625,RM/RCM,47,47,55,50,45,53,26,63,37,66,34,74,63,71,47,76,45,42,32,34,37,66,63,24,53,95,74,95,79,16,47,42,18,63,74,66,76,79,42,18,39,79,24,68,58,58,68,58,53,47,89,47,74,34,84,74,84,58,74,58,58,32,37,47,79,79,26,53,95,74,95,79,16,47,42,18,74,84,74,89,84,63,16,42,95,26,Ekstraklasa
GKS Katowice,e4282tj4jnq8h2to6sjr08jl,b8fc8pgvumh4uonerj9ld82qx,M. Wasielewski,Marcin Wasielewski,32,Defender,Poland,Defender,28.0,50.0,1.0,76.0,2.0,0.0,12.0,6.0,280.0,5.0,2.0,0.0,3.0,5.0,5.0,0.0,2.0,1.0,2.0,0.0,1.0,1.0,8.0,1.0,4.0,0.0,79.17,14.29,33.33,100.0,20.0,42.86,40.0,100.0,0.4604764121995375,0.3179959638457152,2.0,7.0,0.18407545,1.0,3.0,5.0,0.2444878599999999,22.0,9.0,16.07142857142857,0.3214285714285714,24.428571428571427,0.6428571428571428,0.0,3.857142857142857,1.9285714285714288,1.6071428571428572,0.6428571428571428,0.0,0.9642857142857144,1.6071428571428572,1.6071428571428572,0.0,0.6428571428571428,0.3214285714285714,0.6428571428571428,0.0,0.3214285714285714,0.3214285714285714,2.571428571428571,0.3214285714285714,1.2857142857142856,0.0,79.17,14.29,33.33,100.0,20.0,42.86,40.0,100.0,0.1480102753498513,0.1022129883789799,0.6428571428571428,2.25,0.0591671089285714,0.3214285714285714,0.9642857142857144,1.6071428571428572,0.0785853835714285,7.071428571428571,CB,4,22,4,8,6,46,22,2,76,91,38,72,66,71,32,86,45,68,35,5,57,60,62,60,51,10,2,78,89,57,18,22,94,65,78,90,69,75,39,8,10,20,8,5,60,2,10,8,46,45,2,98,95,38,92,92,95,32,100,68,85,35,8,82,85,82,95,51,10,2,78,89,57,18,22,94,88,95,98,90,95,52,10,18,50,8,Ekstraklasa
GKS Katowice,e4282tj4jnq8h2to6sjr08jl,bhkhtg8t4nguiqfkr5un61rrp,A. Jędrych,Arkadiusz Jedrych,34,Defender,Poland,Defender,234.0,67.0,16.0,301.0,20.0,0.0,37.0,40.0,630.0,4.0,0.0,0.0,0.0,6.0,6.0,0.0,1.0,2.0,2.0,2.0,2.0,2.0,11.0,2.0,6.0,0.0,89.32,57.14,0.0,100.0,33.33,66.07,64.52,54.55,0.3558665279951938,0.0,0.0,2.0,0.04382219,2.0,5.0,6.0,0.3107221699999999,158.0,33.42857142857143,9.571428571428571,2.2857142857142856,43.0,2.857142857142857,0.0,5.285714285714286,5.714285714285714,0.5714285714285714,0.0,0.0,0.0,0.8571428571428571,0.8571428571428571,0.0,0.1428571428571428,0.2857142857142857,0.2857142857142857,0.2857142857142857,0.2857142857142857,0.2857142857142857,1.5714285714285714,0.2857142857142857,0.8571428571428571,0.0,89.32,57.14,0.0,100.0,33.33,66.07,64.52,54.55,0.0508380754278848,0.0,0.0,0.2857142857142857,0.0062603128571428,0.2857142857142857,0.7142857142857143,0.8571428571428571,0.0443888814285714,22.571428571428573,CB,85,35,68,72,76,46,84,78,66,32,38,11,78,82,32,64,69,68,96,16,82,75,85,84,51,75,84,32,89,74,82,68,44,57,12,30,28,22,55,11,14,35,60,80,15,49,52,74,46,76,55,59,32,38,11,64,76,32,56,60,55,98,5,75,65,76,65,51,75,84,32,89,74,82,68,44,42,12,30,22,18,46,8,10,10,40,Ekstraklasa
GKS Katowice,e4282tj4jnq8h2to6sjr08jl,cnfd8zz5wu72nqik1i2c5h0mi,Pau Resta,Pau Resta,25,Defender,Spain,Defender,125.0,100.0,3.0,225.0,29.0,1.0,45.0,38.0,585.0,2.0,0.0,0.0,1.0,12.0,11.0,1.0,1.0,2.0,2.0,1.0,7.0,3.0,15.0,1.0,8.0,0.0,84.91,27.27,0.0,50.0,25.0,50.56,54.72,61.54,1.4719541881189118,0.0508926968392591,1.0,3.0,0.05740611,1.0,18.0,18.0,0.5090383499999999,149.0,19.23076923076923,15.384615384615383,0.4615384615384615,34.61538461538461,4.461538461538462,0.1538461538461538,6.923076923076923,5.846153846153846,0.3076923076923077,0.0,0.0,0.1538461538461538,1.8461538461538465,1.6923076923076923,0.1538461538461538,0.1538461538461538,0.3076923076923077,0.3076923076923077,0.1538461538461538,1.0769230769230769,0.4615384615384615,2.3076923076923075,0.1538461538461538,1.2307692307692308,0.0,84.91,27.27,0.0,50.0,25.0,50.56,54.72,61.54,0.2264544904798325,0.0078296456675783,0.1538461538461538,0.4615384615384615,0.0088317092307692,0.1538461538461538,2.769230769230769,2.769230769230769,0.0783135923076922,22.923076923076923,LB/LCB,78,48,7,74,100,100,96,100,28,11,30,9,96,96,43,46,37,37,87,74,83,89,37,76,52,78,22,11,63,52,39,70,57,96,9,48,20,13,13,59,37,26,87,78,35,4,61,100,100,91,96,22,11,30,9,91,91,48,39,22,22,87,78,65,65,30,65,52,78,22,11,63,52,39,70,57,91,9,52,9,9,9,48,30,17,74,Ekstraklasa
GKS Katowice,e4282tj4jnq8h2to6sjr08jl,dlfr8xn11nu2q4tkadvna97v8,K. Łukasiak,Kacper Lukasiak,22,Midfielder,Poland,Midfielder,66.0,106.0,5.0,172.0,7.0,0.0,25.0,10.0,316.0,8.0,0.0,0.0,4.0,3.0,0.0,3.0,1.0,3.0,3.0,0.0,1.0,1.0,6.0,3.0,3.0,0.0,86.87,62.5,0.0,100.0,33.33,71.43,87.5,42.86,0.2119636814344801,0.3717744366980908,2.0,8.0,0.25510946,2.0,15.0,15.0,0.7152048099999998,101.0,18.79746835443038,30.18987341772152,1.4240506329113924,48.9873417721519,1.993670886075949,0.0,7.120253164556962,2.848101265822785,2.278481012658228,0.0,0.0,1.139240506329114,0.8544303797468354,0.0,0.8544303797468354,0.2848101265822785,0.8544303797468354,0.8544303797468354,0.0,0.2848101265822785,0.2848101265822785,1.7088607594936709,0.8544303797468354,0.8544303797468354,0.0,86.87,62.5,0.0,100.0,33.33,71.43,87.5,42.86,0.0603694029402,0.1058851243760385,0.569620253164557,2.278481012658228,0.0726577575949367,0.569620253164557,4.272151898734177,4.272151898734177,0.2036975724683543,28.76582278481013,DM/CM,48,64,29,52,74,50,65,55,73,20,41,45,32,18,55,59,50,47,44,5,53,62,76,33,52,76,67,20,94,71,100,100,27,30,61,55,35,64,26,41,42,70,55,67,88,33,82,85,50,91,79,91,20,41,67,39,18,61,67,67,61,44,6,64,76,82,55,52,76,67,20,94,71,100,100,27,39,73,64,42,82,30,55,52,88,85,Ekstraklasa
GKS Katowice,e4282tj4jnq8h2to6sjr08jl,e1w55mbpxdz0y0n9qox07d2qc,M. Kowalczyk,Mateusz Kowalczyk,22,Midfielder,Poland,Midfielder,51.0,65.0,1.0,116.0,5.0,0.0,28.0,11.0,358.0,3.0,0.0,0.0,4.0,2.0,0.0,2.0,0.0,9.0,9.0,0.0,2.0,1.0,7.0,4.0,9.0,0.0,83.45,33.33,0.0,44.44,50.0,57.14,55.56,56.25,0.1424366138523992,0.2187762156234907,1.0,7.0,0.14289383,3.0,12.0,9.0,0.1597137399999999,65.0,12.82122905027933,16.34078212290503,0.2513966480446927,29.16201117318436,1.2569832402234635,0.0,7.039106145251396,2.76536312849162,0.7541899441340782,0.0,0.0,1.005586592178771,0.5027932960893855,0.0,0.5027932960893855,0.0,2.2625698324022347,2.2625698324022347,0.0,0.5027932960893855,0.2513966480446927,1.759776536312849,1.005586592178771,2.2625698324022347,0.0,83.45,33.33,0.0,44.44,50.0,57.14,55.56,56.25,0.0358080872813294,0.0549996072796485,0.2513966480446927,1.759776536312849,0.0359230298882681,0.7541899441340782,3.016759776536313,2.2625698324022347,0.0401514988826815,16.34078212290503,DM/CM,32,21,3,33,55,50,77,62,26,20,41,45,14,18,33,23,95,94,44,9,53,74,85,86,52,36,9,20,44,89,82,64,52,21,30,29,26,21,35,26,9,6,36,24,15,3,21,61,50,88,76,30,20,41,58,18,18,39,23,97,97,44,9,55,82,91,97,52,36,9,20,44,89,82,64,52,18,42,30,33,24,48,18,12,3,24,Ekstraklasa
Piast Gliwice,d7i1aj8vnexyqv76yt03d54wc,1k6v6y154zpq2ivjembxgzdd6,S. Ntamack,Samuel Ntamack,25,Attacker,France,Striker,39.0,60.0,0.0,98.0,5.0,0.0,11.0,7.0,605.0,5.0,1.0,1.0,7.0,11.0,7.0,4.0,2.0,1.0,2.0,1.0,1.0,6.0,12.0,0.0,0.0,0.0,76.56,0.0,33.33,0.0,54.55,32.35,41.67,0.0,1.1904045160108228,0.5151571531337926,4.0,6.0,0.1278685199999999,3.0,14.0,10.0,0.55299772,47.0,5.801652892561983,8.925619834710744,0.0,14.578512396694215,0.743801652892562,0.0,1.6363636363636362,1.0413223140495869,0.743801652892562,0.1487603305785124,0.1487603305785124,1.0413223140495869,1.6363636363636362,1.0413223140495869,0.5950413223140496,0.2975206611570248,0.1487603305785124,0.2975206611570248,0.1487603305785124,0.1487603305785124,0.8925619834710744,1.7851239669421488,0.0,0.0,0.0,76.56,0.0,33.33,0.0,54.55,32.35,41.67,0.0,0.177084969323924,0.0766349484000683,0.5950413223140496,0.8925619834710744,0.0190217633057851,0.4462809917355372,2.0826446280991737,1.487603305785124,0.0822641236363636,6.991735537190083,RW,100,100,25,100,88,62,25,100,75,25,88,100,100,88,75,50,25,25,75,62,100,75,25,25,62,50,25,75,25,100,25,75,25,100,100,100,38,25,50,100,88,100,100,25,25,25,25,50,62,25,75,25,25,75,50,25,25,25,25,25,25,50,50,75,25,25,25,62,50,25,75,25,100,25,75,25,50,50,50,25,25,25,75,50,25,50,Ekstraklasa
Piast Gliwice,d7i1aj8vnexyqv76yt03d54wc,2rojpqo6eyw2d5t677ifmhhqs,Ivan Lima,Ivan Correia Posser Lima,21,Midfielder,Portugal,Midfielder,18.0,69.0,1.0,80.0,5.0,0.0,36.0,2.0,414.0,14.0,7.0,2.0,9.0,14.0,10.0,4.0,1.0,24.0,25.0,0.0,2.0,3.0,17.0,10.0,4.0,0.0,80.0,50.0,38.89,41.67,21.43,42.86,31.25,57.14,1.2092928907830232,0.877691222848995,8.0,13.0,0.37218881,5.0,9.0,17.0,1.01093457,47.0,3.91304347826087,15.000000000000002,0.2173913043478261,17.39130434782609,1.0869565217391306,0.0,7.82608695652174,0.4347826086956522,3.0434782608695654,1.5217391304347827,0.4347826086956522,1.956521739130435,3.0434782608695654,2.173913043478261,0.8695652173913044,0.2173913043478261,5.217391304347826,5.434782608695652,0.0,0.4347826086956522,0.6521739130434783,3.695652173913044,2.173913043478261,0.8695652173913044,0.0,80.0,50.0,38.89,41.67,21.43,42.86,31.25,57.14,0.2628897588658746,0.1908024397497815,1.7391304347826089,2.8260869565217392,0.0809106108695652,1.0869565217391306,1.956521739130435,3.695652173913044,0.2197683847826087,10.217391304347826,RM/RCM,18,58,26,26,71,53,95,16,95,79,89,82,95,100,63,39,95,95,32,34,84,87,97,58,53,47,74,79,47,42,34,47,63,95,79,95,66,74,63,61,63,74,53,11,26,26,11,68,53,100,11,95,79,89,68,89,95,53,42,95,95,32,26,79,68,95,37,53,47,74,79,47,42,34,47,63,95,74,89,74,68,47,47,63,79,47,Ekstraklasa
Piast Gliwice,d7i1aj8vnexyqv76yt03d54wc,3hkv28y7pojbjl6bk3em8w82x,Hugo Vallejo,Hugo Vallejo,26,Attacker,Spain,Striker,89.0,157.0,2.0,246.0,10.0,0.0,27.0,12.0,630.0,4.0,0.0,0.0,9.0,12.0,9.0,3.0,1.0,27.0,28.0,3.0,7.0,5.0,33.0,10.0,2.0,0.0,86.32,100.0,0.0,37.04,41.67,42.19,55.56,66.67,1.130050656429722,0.5710690924550068,6.0,49.0,1.3070285599999991,19.0,7.0,15.0,0.6695340699999999,97.0,12.714285714285714,22.428571428571427,0.2857142857142857,35.142857142857146,1.4285714285714286,0.0,3.857142857142857,1.7142857142857142,0.5714285714285714,0.0,0.0,1.2857142857142858,1.7142857142857142,1.2857142857142858,0.4285714285714285,0.1428571428571428,3.857142857142857,4.0,0.4285714285714285,1.0,0.7142857142857143,4.714285714285714,1.4285714285714286,0.2857142857142857,0.0,86.32,100.0,0.0,37.04,41.67,42.19,55.56,66.67,0.1614358080613888,0.0815812989221438,0.8571428571428571,7.0,0.1867183657142856,2.7142857142857144,1.0,2.142857142857143,0.0956477242857142,13.857142857142858,LW,100,100,88,100,100,62,100,100,38,38,62,100,100,88,100,50,100,100,88,100,88,100,88,75,62,100,75,38,50,75,50,100,88,75,100,100,100,100,100,100,100,100,100,100,100,50,100,100,62,25,100,25,38,62,75,50,25,75,50,75,75,75,100,75,25,50,50,62,100,75,38,50,75,50,100,88,25,75,75,75,75,100,50,100,50,100,Ekstraklasa
Piast Gliwice,d7i1aj8vnexyqv76yt03d54wc,5iyutg9qg6bfnwuieghj5wktm,J. Lokilo,Jason Lokilo,27,Attacker,Congo DR,Striker,16.0,46.0,1.0,60.0,0.0,0.0,17.0,0.0,200.0,7.0,2.0,1.0,4.0,9.0,4.0,5.0,3.0,3.0,3.0,0.0,1.0,1.0,9.0,3.0,2.0,0.0,82.19,25.0,14.29,100.0,11.11,58.62,0.0,28.57,0.6428481490984462,0.3305778469342552,2.0,12.0,0.28944934,4.0,4.0,10.0,0.25111032,27.0,7.199999999999999,20.7,0.4499999999999999,27.0,0.0,0.0,7.649999999999999,0.0,3.15,0.8999999999999999,0.4499999999999999,1.7999999999999998,4.05,1.7999999999999998,2.25,1.35,1.35,1.35,0.0,0.4499999999999999,0.4499999999999999,4.05,1.35,0.8999999999999999,0.0,82.19,25.0,14.29,100.0,11.11,58.62,0.0,28.57,0.2892816670943008,0.1487600311204148,0.8999999999999999,5.4,0.1302522029999999,1.7999999999999998,1.7999999999999998,4.5,0.112999644,12.15,RW,25,50,50,50,25,62,62,38,100,62,88,62,62,50,100,88,50,50,25,62,38,50,50,50,62,100,62,50,100,25,100,25,50,50,50,50,75,75,75,38,88,25,50,75,100,50,75,25,62,75,38,100,75,100,100,100,75,100,100,50,50,25,75,50,75,50,50,62,100,62,50,100,25,100,25,50,100,75,75,100,100,75,50,100,75,100,Ekstraklasa
Piast Gliwice,d7i1aj8vnexyqv76yt03d54wc,9qokz2ssts984e787p622rjmc,O. Leśniak,Oskar Lesniak,21,Midfielder,Poland,Midfielder,107.0,113.0,9.0,217.0,4.0,0.0,19.0,15.0,483.0,3.0,3.0,0.0,8.0,1.0,1.0,0.0,1.0,6.0,6.0,0.0,4.0,0.0,4.0,3.0,5.0,0.0,90.42,60.0,17.65,50.0,0.0,42.22,36.36,55.56,0.0639596293808361,0.675493151856879,0.0,6.0,0.12813585,5.0,15.0,14.0,0.5111665799999999,130.0,19.937888198757765,21.055900621118013,1.6770186335403727,40.434782608695656,0.7453416149068324,0.0,3.5403726708074537,2.7950310559006213,0.5590062111801243,0.5590062111801243,0.0,1.4906832298136647,0.1863354037267081,0.1863354037267081,0.0,0.1863354037267081,1.1180124223602486,1.1180124223602486,0.0,0.7453416149068324,0.0,0.7453416149068324,0.5590062111801243,0.9316770186335404,0.0,90.42,60.0,17.65,50.0,0.0,42.22,36.36,55.56,0.0119179433628887,0.125868289165878,0.0,1.1180124223602486,0.0238762453416149,0.9316770186335404,2.7950310559006213,2.608695652173913,0.0952484310559006,24.223602484472053,CM/AM,95,57,68,76,62,51,35,97,22,50,32,51,3,14,8,16,32,27,30,77,11,15,36,61,50,97,58,34,50,11,32,38,35,3,51,5,22,16,47,55,41,43,88,100,57,73,84,62,51,30,100,19,43,32,54,3,11,8,16,27,27,30,78,11,14,32,57,50,97,58,34,50,11,32,38,35,3,54,5,14,11,49,46,38,35,97,Ekstraklasa
Piast Gliwice,d7i1aj8vnexyqv76yt03d54wc,9w8j6xkrun0cpvpfe0mzteyuh,Juande Rivas,Juan de Dios Rivas Margalef,27,Defender,Spain,Defender,259.0,133.0,17.0,392.0,34.0,1.0,50.0,73.0,720.0,2.0,0.0,1.0,2.0,4.0,4.0,0.0,0.0,0.0,0.0,2.0,5.0,2.0,10.0,0.0,11.0,0.0,86.92,36.17,0.0,0.0,50.0,62.5,65.38,78.57,0.5176457313799104,0.0585011497458968,0.0,1.0,0.01685596,0.0,24.0,28.0,0.6307740299999994,254.0,32.375,16.625,2.125,49.0,4.25,0.125,6.25,9.125,0.25,0.0,0.125,0.25,0.5,0.5,0.0,0.0,0.0,0.0,0.25,0.625,0.25,1.25,0.0,1.375,0.0,86.92,36.17,0.0,0.0,50.0,62.5,65.38,78.57,0.0647057164224888,0.0073126437182371,0.0,0.125,0.002106995,0.0,3.0,3.5,0.0788467537499999,31.75,CB,95,88,74,98,98,96,98,100,39,32,84,56,60,64,32,25,18,15,96,50,82,70,25,100,51,55,30,32,25,88,70,70,80,68,35,30,18,12,15,88,90,72,92,72,62,42,72,92,92,98,100,26,32,79,35,48,56,32,25,18,15,92,25,66,55,25,98,51,55,30,32,25,88,70,70,80,55,25,30,12,12,15,59,64,55,78,Ekstraklasa
Piast Gliwice,d7i1aj8vnexyqv76yt03d54wc,9wek84cn7z0ou46623nlo876y,Leandro Sanca,Leandro Mário Baldé Sanca,26,Midfielder,Guinea-Bissau,Midfielder,38.0,81.0,7.0,118.0,3.0,0.0,20.0,5.0,442.0,3.0,1.0,1.0,8.0,19.0,13.0,6.0,3.0,19.0,20.0,4.0,4.0,9.0,26.0,11.0,1.0,0.0,77.12,70.0,6.67,57.89,47.37,37.04,25.0,33.33,1.5933227454036745,0.6115825701054557,8.0,10.0,0.28360484,6.0,9.0,15.0,0.4946066399999999,58.0,7.737556561085972,16.493212669683256,1.425339366515837,24.02714932126697,0.6108597285067873,0.0,4.072398190045249,1.0180995475113122,0.6108597285067873,0.2036199095022624,0.2036199095022624,1.6289592760180995,3.868778280542986,2.647058823529412,1.2217194570135743,0.6108597285067873,3.868778280542986,4.072398190045249,0.8144796380090498,0.8144796380090498,1.832579185520362,5.294117647058823,2.239819004524887,0.2036199095022624,0.0,77.12,70.0,6.67,57.89,47.37,37.04,25.0,33.33,0.3244322332269925,0.1245303875780339,1.6289592760180995,2.0361990950226243,0.0577475918552036,1.2217194570135743,1.832579185520362,3.0542986425339365,0.100711759276018,11.80995475113122,LM/LCM,56,56,81,56,44,47,25,53,9,22,72,75,94,94,75,72,88,88,100,75,100,84,84,19,53,31,94,19,81,81,12,22,19,94,44,94,34,38,69,56,62,25,69,56,69,75,69,44,47,25,44,12,19,81,69,100,100,81,62,75,81,100,62,100,94,100,12,53,31,94,19,81,81,12,22,19,94,56,88,31,38,69,62,88,19,69,Ekstraklasa
Piast Gliwice,d7i1aj8vnexyqv76yt03d54wc,at1udit1cr8dox9rgdvkya3je,F. Borowski,Filip Borowski,22,Defender,Poland,Defender,46.0,49.0,6.0,93.0,2.0,0.0,14.0,10.0,320.0,4.0,2.0,0.0,3.0,0.0,0.0,0.0,0.0,1.0,1.0,0.0,2.0,0.0,5.0,1.0,5.0,0.0,77.5,33.33,28.57,100.0,0.0,56.0,18.18,71.43,0.0,0.2553399914471429,0.0,3.0,0.07651604,1.0,8.0,8.0,0.3862162899999999,52.0,12.9375,13.78125,1.6875,26.15625,0.5625,0.0,3.9375,2.8125,1.125,0.5625,0.0,0.84375,0.0,0.0,0.0,0.0,0.28125,0.28125,0.0,0.5625,0.0,1.40625,0.28125,1.40625,0.0,77.5,33.33,28.57,100.0,0.0,56.0,18.18,71.43,0.0,0.0718143725945089,0.0,0.84375,0.02152013625,0.28125,2.25,2.25,0.1086233315624999,14.625,RB/RCB,23,27,42,17,23,42,27,25,52,44,37,29,13,19,27,35,25,25,46,13,33,46,42,48,52,12,31,73,92,33,54,15,77,13,31,29,27,27,21,29,19,15,33,23,31,54,23,27,42,42,35,77,65,37,54,13,19,27,35,31,31,46,19,33,58,46,65,52,12,31,73,92,33,54,15,77,13,58,29,38,46,23,35,35,38,38,Ekstraklasa
Piast Gliwice,d7i1aj8vnexyqv76yt03d54wc,d5hzf2vv84jfne8ijsdjqd52h,Q. Boisgard,Quentin Boisgard,29,Midfielder,France,Midfielder,93.0,142.0,4.0,232.0,6.0,0.0,39.0,14.0,473.0,12.0,3.0,1.0,10.0,9.0,4.0,5.0,2.0,11.0,11.0,0.0,4.0,0.0,9.0,8.0,8.0,0.0,86.89,66.67,37.5,72.73,0.0,60.94,75.0,61.54,0.7777876564771061,0.8841229047431427,5.0,20.0,0.45452801,10.0,23.0,20.0,0.97450119,126.0,17.69556025369979,27.019027484143763,0.7610993657505285,44.143763213530654,1.1416490486257929,0.0,7.420718816067653,2.66384778012685,2.2832980972515857,0.5708245243128964,0.1902748414376321,1.9027484143763207,1.7124735729386893,0.7610993657505285,0.9513742071881608,0.3805496828752642,2.0930232558139537,2.0930232558139537,0.0,0.7610993657505285,0.0,1.7124735729386893,1.522198731501057,1.522198731501057,0.0,86.89,66.67,37.5,72.73,0.0,60.94,75.0,61.54,0.1479934230083288,0.1682263455113802,0.9513742071881608,3.8054968287526414,0.0864852450317124,1.9027484143763207,4.376321353065539,3.8054968287526414,0.1854230594080338,23.97463002114165,CM/AM,84,73,39,81,91,51,84,95,69,50,72,64,45,39,66,39,69,62,30,77,11,31,88,78,50,84,86,86,92,11,100,99,50,43,62,69,73,65,76,81,59,70,82,97,84,41,97,86,51,95,92,81,46,76,70,49,38,73,35,68,65,30,81,11,30,89,89,50,84,86,86,92,11,100,99,50,54,68,76,84,70,81,84,68,81,95,Ekstraklasa
Piast Gliwice,d7i1aj8vnexyqv76yt03d54wc,dn1xzedh61k9dcrvd9rg6aove,E. Twumasi,Ema Twumasi,29,Defender,Ghana,Defender,92.0,114.0,4.0,205.0,5.0,0.0,20.0,20.0,445.0,5.0,1.0,2.0,4.0,0.0,0.0,0.0,0.0,3.0,3.0,0.0,2.0,0.0,1.0,2.0,6.0,0.0,87.61,28.57,25.0,66.67,0.0,64.52,71.43,75.0,0.0,0.3487517144473372,0.0,11.0,0.27206918,6.0,22.0,20.0,0.54517467,99.0,18.606741573033705,23.0561797752809,0.8089887640449438,41.460674157303366,1.0112359550561798,0.0,4.044943820224719,4.044943820224719,1.0112359550561798,0.2022471910112359,0.4044943820224719,0.8089887640449438,0.0,0.0,0.0,0.0,0.6067415730337078,0.6067415730337078,0.0,0.4044943820224719,0.0,0.2022471910112359,0.4044943820224719,1.2134831460674156,0.0,87.61,28.57,25.0,66.67,0.0,64.52,71.43,75.0,0.0,0.0705340546073266,0.0,2.224719101123596,0.0550252274157303,1.2134831460674156,4.449438202247191,4.044943820224719,0.1102600456179775,20.02247191011236,CB,24,75,10,45,18,46,45,24,76,76,98,84,8,11,32,25,84,84,35,16,22,8,85,84,51,65,8,70,71,22,78,80,75,8,82,30,82,88,89,80,69,65,35,18,90,10,42,15,46,48,20,80,80,98,85,8,11,32,25,85,82,35,15,22,5,95,88,51,65,8,70,71,22,78,80,75,8,82,30,88,92,92,85,78,80,25,Ekstraklasa
Piast Gliwice,d7i1aj8vnexyqv76yt03d54wc,duxdphb0uj1nn1s48o85ku6tw,J. Lewicki,Jakub Lewicki,20,Defender,Poland,Defender,130.0,111.0,10.0,238.0,11.0,0.0,40.0,32.0,619.0,11.0,3.0,1.0,5.0,5.0,2.0,3.0,1.0,6.0,9.0,0.0,9.0,1.0,15.0,2.0,9.0,0.0,80.95,35.71,14.29,33.33,20.0,52.63,52.38,56.25,0.2979429175659367,0.4257940336881238,3.0,9.0,0.26587295,5.0,14.0,21.0,0.9139787600000008,116.0,18.901453957996768,16.1389337641357,1.4539579967689822,34.60420032310177,1.5993537964458804,0.0,5.815831987075929,4.652665589660743,1.5993537964458804,0.4361873990306946,0.1453957996768982,0.7269789983844911,0.7269789983844911,0.2907915993537964,0.4361873990306946,0.1453957996768982,0.8723747980613893,1.308562197092084,0.0,1.308562197092084,0.1453957996768982,2.1809369951534734,0.2907915993537964,1.308562197092084,0.0,80.95,35.71,14.29,33.33,20.0,52.63,52.38,56.25,0.0433196487575675,0.0619086640257368,0.4361873990306946,1.308562197092084,0.0386568101777059,0.7269789983844911,2.035541195476575,3.0533117932148626,0.1328886726978999,16.865912762520193,LB/LCB,87,61,63,83,74,50,87,93,89,54,74,61,50,46,72,46,65,74,37,85,46,89,52,83,52,48,48,28,33,48,52,65,48,39,48,78,65,61,59,48,57,65,70,74,39,26,57,65,50,83,87,78,39,70,35,39,35,61,35,61,65,37,87,43,61,48,74,52,48,48,28,33,48,52,65,48,35,30,65,48,48,48,26,35,43,52,Ekstraklasa
Piast Gliwice,d7i1aj8vnexyqv76yt03d54wc,dv19gtc0jqvxmtxzxz3nw04wl,J. Czerwiński,Jakub Czerwinski,35,Defender,Poland,Defender,250.0,99.0,17.0,349.0,11.0,1.0,22.0,37.0,527.0,3.0,0.0,0.0,1.0,2.0,2.0,0.0,0.0,2.0,2.0,1.0,1.0,2.0,4.0,0.0,6.0,0.0,91.36,58.62,0.0,0.0,100.0,50.0,55.0,75.0,0.3120881349537105,0.0872886604967961,0.0,4.0,0.08030038,0.0,14.0,20.0,0.4167444,196.0,42.69449715370019,16.907020872865278,2.903225806451613,59.60151802656547,1.8785578747628084,0.1707779886148007,3.757115749525617,6.318785578747629,0.5123339658444023,0.0,0.0,0.1707779886148007,0.3415559772296015,0.3415559772296015,0.0,0.0,0.3415559772296015,0.3415559772296015,0.1707779886148007,0.1707779886148007,0.3415559772296015,0.683111954459203,0.0,1.0246679316888043,0.0,91.36,58.62,0.0,0.0,100.0,50.0,55.0,75.0,0.0532977839579391,0.014906981868523,0.0,0.683111954459203,0.0137135373814041,0.0,2.390891840607211,3.415559772296016,0.0711707703984819,33.47248576850095,CB,90,62,74,86,54,96,54,68,57,32,38,34,35,46,32,25,69,68,81,5,82,39,25,84,51,88,88,32,25,96,29,48,75,50,48,30,42,40,15,49,69,55,70,98,65,72,95,42,98,42,70,52,32,38,25,35,45,32,25,75,70,82,2,90,28,25,78,51,88,88,32,25,96,29,48,75,45,42,30,38,35,15,42,60,45,82,Ekstraklasa
Piast Gliwice,d7i1aj8vnexyqv76yt03d54wc,e9bypm54tmvpcibew7rgn25t5,J. Łabojko,Jakub Labojko,28,Midfielder,Poland,Midfielder,151.0,214.0,24.0,356.0,4.0,0.0,23.0,19.0,637.0,5.0,9.0,0.0,5.0,12.0,4.0,8.0,5.0,6.0,6.0,2.0,5.0,4.0,8.0,4.0,6.0,0.0,83.96,61.54,30.0,66.67,33.33,48.94,80.0,60.0,0.7167821830160818,0.544530624621103,4.0,26.0,0.5984932,4.0,59.0,51.0,1.4579220299999995,219.0,21.33437990580848,30.23547880690738,3.390894819466248,50.29827315541601,0.565149136577708,0.0,3.249607535321821,2.684458398744113,0.7064364207221351,1.2715855572998431,0.0,0.7064364207221351,1.695447409733124,0.565149136577708,1.130298273155416,0.7064364207221351,0.847723704866562,0.847723704866562,0.282574568288854,0.7064364207221351,0.565149136577708,1.130298273155416,0.565149136577708,0.847723704866562,0.0,83.96,61.54,30.0,66.67,33.33,48.94,80.0,60.0,0.1012722079614558,0.0769352530861841,0.565149136577708,3.673469387755102,0.0845594788069073,0.565149136577708,8.335949764521194,7.205651491365777,0.2059858441130297,30.941915227629515,DM/CM,94,94,91,94,47,50,58,91,48,100,41,70,100,92,95,98,80,79,100,56,97,86,85,71,52,42,62,52,76,71,42,97,56,100,82,83,100,100,47,100,100,100,94,76,91,85,88,39,50,18,70,24,94,41,33,85,82,73,91,64,58,97,15,91,55,70,52,52,42,62,52,76,71,42,97,56,76,61,61,94,91,27,100,100,91,91,Ekstraklasa
Zagłębie Lubin,145oko43h2g50ck9kn3d51xae,10oo5ya8jupb62jcm0poyv97u,A. Ławniczak,Aleks Lawniczak,27,Defender,Poland,Defender,149.0,69.0,20.0,217.0,32.0,0.0,43.0,53.0,630.0,8.0,1.0,0.0,4.0,17.0,14.0,3.0,4.0,2.0,2.0,1.0,9.0,3.0,21.0,0.0,2.0,0.0,81.89,60.61,33.33,0.0,17.65,64.18,64.0,66.67,1.880576186027072,0.1668236510745188,4.0,5.0,0.09588911,3.0,20.0,17.0,0.4133701999999999,116.0,21.285714285714285,9.857142857142858,2.857142857142857,31.0,4.571428571428571,0.0,6.142857142857143,7.571428571428571,1.1428571428571428,0.1428571428571428,0.0,0.5714285714285714,2.4285714285714284,2.0,0.4285714285714285,0.5714285714285714,0.2857142857142857,0.2857142857142857,0.1428571428571428,1.2857142857142858,0.4285714285714285,3.0,0.0,0.2857142857142857,0.0,81.89,60.61,33.33,0.0,17.65,64.18,64.0,66.67,0.2686537408610103,0.0238319501535026,0.5714285714285714,0.7142857142857143,0.0136984442857142,0.4285714285714285,2.857142857142857,2.4285714285714284,0.0590528857142857,16.571428571428573,CB,56,41,84,50,95,46,92,95,90,76,38,84,98,98,94,98,69,68,81,84,95,95,25,30,51,25,90,78,25,50,72,64,61,98,68,96,54,48,68,69,57,52,48,30,18,69,20,98,46,95,82,85,66,38,72,98,98,92,95,60,55,76,75,95,92,25,20,51,25,90,78,25,50,72,64,61,100,62,92,40,32,60,52,35,25,18,Ekstraklasa
Zagłębie Lubin,145oko43h2g50ck9kn3d51xae,1vto9g1r7vobg2tb4lq6bzh79,M. Grzybek,Mateusz Grzybek,30,Defender,Poland,Defender,41.0,33.0,4.0,71.0,3.0,0.0,22.0,16.0,392.0,10.0,3.0,1.0,5.0,3.0,2.0,1.0,0.0,3.0,3.0,0.0,7.0,2.0,12.0,2.0,1.0,0.0,65.74,25.0,27.27,66.67,66.67,56.41,33.33,14.29,0.253051223755631,0.4941917221891582,1.0,4.0,0.0865867199999999,1.0,5.0,8.0,0.7678988399999999,23.0,9.41326530612245,7.576530612244898,0.9183673469387756,16.301020408163268,0.6887755102040817,0.0,5.051020408163266,3.673469387755103,2.295918367346939,0.6887755102040817,0.2295918367346939,1.1479591836734695,0.6887755102040817,0.4591836734693878,0.2295918367346939,0.0,0.6887755102040817,0.6887755102040817,0.0,1.6071428571428572,0.4591836734693878,2.7551020408163267,0.4591836734693878,0.2295918367346939,0.0,65.74,25.0,27.27,66.67,66.67,56.41,33.33,14.29,0.0580984952500173,0.1134623851964904,0.2295918367346939,0.9183673469387756,0.0198796040816326,0.2295918367346939,1.1479591836734695,1.8367346938775515,0.1763033051020407,5.280612244897959,RB/RCB,13,8,27,4,40,42,42,48,100,63,87,77,65,71,63,35,60,60,46,69,90,85,67,10,52,4,12,63,75,96,58,25,4,69,77,65,37,35,21,10,19,69,8,8,4,23,4,42,42,73,65,100,69,85,73,65,73,62,35,58,58,46,85,96,96,77,8,52,4,12,63,75,96,58,25,4,77,77,65,46,38,15,12,15,73,8,Ekstraklasa
Zagłębie Lubin,145oko43h2g50ck9kn3d51xae,25wca8l7lo6ctrquzuw0j91w5,S. Kerk,Sebastian Kerk,32,Midfielder,Germany,Midfielder,30.0,68.0,18.0,89.0,2.0,0.0,9.0,10.0,322.0,0.0,9.0,0.0,13.0,2.0,0.0,2.0,0.0,2.0,3.0,0.0,1.0,1.0,0.0,0.0,3.0,0.0,76.07,54.55,30.0,0.0,50.0,40.91,28.57,42.86,0.089174257806063,1.1842210098363877,1.0,3.0,0.0644241,2.0,13.0,17.0,0.41025364,35.0,8.385093167701863,19.00621118012422,5.0310559006211175,24.875776397515526,0.5590062111801242,0.0,2.5155279503105588,2.795031055900621,0.0,2.5155279503105588,0.0,3.633540372670807,0.5590062111801242,0.0,0.5590062111801242,0.0,0.5590062111801242,0.8385093167701863,0.0,0.2795031055900621,0.2795031055900621,0.0,0.0,0.8385093167701863,0.0,76.07,54.55,30.0,0.0,50.0,40.91,28.57,42.86,0.0249244819954834,0.3309934499542698,0.2795031055900621,0.8385093167701863,0.0180067360248447,0.5590062111801242,3.633540372670807,4.751552795031055,0.1146671664596273,9.782608695652174,CM/AM,30,24,92,24,31,51,8,86,4,81,32,81,8,5,26,3,9,14,30,24,28,3,3,36,50,19,49,70,3,88,30,28,14,5,76,19,9,5,18,50,50,27,20,51,46,100,38,49,51,11,97,4,95,32,97,8,5,38,3,8,16,30,32,35,3,3,54,50,19,49,70,3,88,30,28,14,8,95,19,8,8,27,76,78,49,32,Ekstraklasa
Zagłębie Lubin,145oko43h2g50ck9kn3d51xae,33ob92qa55cbqjiwyajv7dyvp,J. Ćorluka,Josip Corluka,31,Defender,Bosnia and Herzegovina,Defender,52.0,37.0,9.0,86.0,10.0,0.0,29.0,23.0,434.0,2.0,3.0,2.0,3.0,5.0,0.0,5.0,2.0,10.0,10.0,1.0,8.0,1.0,3.0,5.0,5.0,0.0,67.19,39.13,20.0,50.0,20.0,52.73,55.56,41.67,0.2666931324559513,0.4301582373480008,4.0,3.0,0.1084183199999999,1.0,11.0,12.0,0.95086917,45.0,10.783410138248849,7.672811059907834,1.8663594470046083,17.83410138248848,2.0737327188940093,0.0,6.013824884792627,4.7695852534562215,0.4147465437788019,0.6221198156682028,0.4147465437788019,0.6221198156682028,1.036866359447005,0.0,1.036866359447005,0.4147465437788019,2.0737327188940093,2.0737327188940093,0.2073732718894009,1.6589861751152075,0.2073732718894009,0.6221198156682028,1.036866359447005,1.036866359447005,0.0,67.19,39.13,20.0,50.0,20.0,52.73,55.56,41.67,0.055305027467824,0.0892033211090324,0.8294930875576038,0.6221198156682028,0.022483061751152,0.2073732718894009,2.28110599078341,2.4884792626728114,0.197184850921659,9.331797235023044,CB,10,11,42,10,49,46,66,32,39,95,98,72,66,11,98,86,98,98,81,79,57,25,99,70,51,2,38,65,62,57,32,50,15,45,90,96,34,57,39,34,38,92,12,10,2,40,2,50,46,92,38,41,92,100,78,78,11,100,88,100,100,88,92,60,25,100,80,51,2,38,65,62,57,32,50,15,48,92,100,35,60,39,38,40,95,10,Ekstraklasa
Zagłębie Lubin,145oko43h2g50ck9kn3d51xae,34z8u14zr4c4m1d7dsm0pahyi,J. Sypek,Jakub Sypek,25,Midfielder,Poland,Midfielder,10.0,27.0,0.0,35.0,3.0,0.0,10.0,4.0,224.0,2.0,2.0,1.0,2.0,4.0,4.0,0.0,1.0,7.0,7.0,1.0,1.0,1.0,9.0,2.0,2.0,0.0,77.78,0.0,20.0,28.57,25.0,27.78,27.27,66.67,0.8086036323804249,0.2346151663196095,1.0,5.0,0.13150578,1.0,0.0,3.0,0.2196521,13.0,4.017857142857142,10.848214285714285,0.0,14.0625,1.2053571428571428,0.0,4.017857142857142,1.6071428571428572,0.8035714285714286,0.8035714285714286,0.4017857142857143,0.8035714285714286,1.6071428571428572,1.6071428571428572,0.0,0.4017857142857143,2.8125,2.8125,0.4017857142857143,0.4017857142857143,0.4017857142857143,3.616071428571429,0.8035714285714286,0.8035714285714286,0.0,77.78,0.0,20.0,28.57,25.0,27.78,27.27,66.67,0.3248853880099921,0.0942650221819859,0.4017857142857143,2.008928571428571,0.0528371437499999,0.4017857142857143,0.0,1.2053571428571428,0.0882530758928571,5.223214285714286,CM/AM,5,3,4,3,49,51,11,38,12,32,72,5,19,39,8,16,39,36,69,24,28,31,23,19,50,32,4,38,14,39,3,24,59,49,16,19,16,19,9,3,5,8,5,16,5,4,5,92,51,46,81,27,59,86,16,38,76,8,38,86,80,84,49,43,68,43,51,50,32,4,38,14,39,3,24,59,92,24,30,41,43,14,3,5,24,14,Ekstraklasa
Zagłębie Lubin,145oko43h2g50ck9kn3d51xae,5vcwbp1ogz2oc6mlcqc3v5xp1,M. Nalepa,Michal Nalepa,33,Defender,Poland,Defender,105.0,42.0,14.0,146.0,17.0,0.0,21.0,28.0,450.0,2.0,1.0,1.0,3.0,6.0,6.0,0.0,1.0,0.0,0.0,0.0,7.0,2.0,20.0,0.0,1.0,0.0,81.11,42.42,100.0,0.0,33.33,67.74,73.91,50.0,0.9704756839632532,0.3656015895810091,1.0,1.0,0.04647721,0.0,11.0,15.0,1.07584285,108.0,21.0,8.4,2.8,29.2,3.4,0.0,4.2,5.6,0.4,0.2,0.2,0.6,1.2,1.2,0.0,0.2,0.0,0.0,0.0,1.4,0.4,4.0,0.0,0.2,0.0,81.11,42.42,100.0,0.0,33.33,67.74,73.91,50.0,0.1940951367926506,0.0731203179162018,0.2,0.2,0.009295442,0.0,2.2,3.0,0.2151685699999999,21.6,CB,32,18,60,22,70,46,49,46,39,76,84,72,78,82,32,64,18,15,35,71,82,92,25,14,51,12,52,98,25,74,92,82,32,90,85,72,18,28,15,34,48,95,41,28,8,65,18,82,46,52,51,38,78,90,75,88,92,32,65,18,15,35,80,92,98,25,9,51,12,52,98,25,74,92,82,32,95,85,72,18,22,15,30,48,98,35,Ekstraklasa
Zagłębie Lubin,145oko43h2g50ck9kn3d51xae,77ymwdtn567nm71rgbirpdvkk,M. Reguła,Marcel Regula,19,Midfielder,Poland,Midfielder,20.0,60.0,3.0,78.0,13.0,0.0,46.0,10.0,621.0,13.0,2.0,0.0,7.0,22.0,12.0,10.0,5.0,24.0,25.0,1.0,3.0,6.0,32.0,9.0,6.0,0.0,63.41,37.5,22.22,37.5,27.27,45.1,48.15,50.0,2.338850191226097,0.5809077199765783,13.0,5.0,0.15724266,2.0,8.0,7.0,0.6521158999999999,28.0,2.898550724637681,8.695652173913043,0.4347826086956521,11.304347826086955,1.884057971014493,0.0,6.666666666666666,1.4492753623188406,1.884057971014493,0.2898550724637681,0.0,1.0144927536231882,3.188405797101449,1.7391304347826086,1.4492753623188406,0.7246376811594203,3.4782608695652173,3.623188405797101,0.144927536231884,0.4347826086956521,0.8695652173913043,4.63768115942029,1.3043478260869563,0.8695652173913043,0.0,63.41,37.5,22.22,37.5,27.27,45.1,48.15,50.0,0.3389637958298691,0.0841895246342867,1.884057971014493,0.7246376811594203,0.0227887913043478,0.2898550724637681,1.1594202898550725,1.0144927536231882,0.0945095507246376,4.057971014492753,ST,62,79,77,68,74,50,91,89,88,83,38,82,91,62,94,88,97,97,48,85,68,85,92,97,52,21,55,70,36,39,64,70,44,88,82,97,64,55,56,77,70,76,70,30,55,67,39,52,50,85,76,67,73,38,52,67,24,91,52,94,91,33,76,45,33,82,88,52,21,55,70,36,39,64,70,44,64,64,94,42,39,48,70,48,70,45,Ekstraklasa
Zagłębie Lubin,145oko43h2g50ck9kn3d51xae,7mzujitqtv4jian7kxq5fbbl6,R. Yakuba,Roman Yakuba,25,Defender,Ukraine,Defender,57.0,47.0,12.0,102.0,12.0,0.0,19.0,15.0,315.0,1.0,2.0,0.0,3.0,1.0,1.0,0.0,0.0,0.0,0.0,0.0,3.0,0.0,11.0,0.0,4.0,0.0,72.86,48.0,20.0,0.0,0.0,50.0,57.14,66.67,0.0700783390012711,0.4561730376206236,0.0,3.0,0.0738297099999999,2.0,12.0,16.0,0.7385628800000003,59.0,16.285714285714285,13.428571428571429,3.4285714285714284,29.142857142857142,3.4285714285714284,0.0,5.428571428571429,4.285714285714286,0.2857142857142857,0.5714285714285714,0.0,0.8571428571428571,0.2857142857142857,0.2857142857142857,0.0,0.0,0.0,0.0,0.0,0.8571428571428571,0.0,3.142857142857143,0.0,1.1428571428571428,0.0,72.86,48.0,20.0,0.0,0.0,50.0,57.14,66.67,0.0200223825717917,0.1303351536058924,0.0,0.8571428571428571,0.0210942028571428,0.5714285714285714,3.4285714285714284,4.571428571428571,0.2110179657142858,16.857142857142858,LB/LCB,20,9,78,11,78,50,35,41,17,39,30,28,9,22,20,15,9,9,37,39,20,61,15,46,52,9,65,41,15,20,28,78,65,9,57,20,20,22,24,37,22,52,26,57,17,87,30,91,50,78,65,17,57,30,43,13,30,20,15,9,9,37,65,20,96,15,61,52,9,65,41,15,20,28,78,65,17,61,20,35,26,26,52,61,91,48,Ekstraklasa
Zagłębie Lubin,145oko43h2g50ck9kn3d51xae,9icjikaqrkb2rnzyijotv6f2t,D. Dąbrowski,Damian Dabrowski,34,Midfielder,Poland,Midfielder,47.0,73.0,11.0,115.0,1.0,0.0,5.0,8.0,313.0,0.0,5.0,0.0,5.0,4.0,2.0,2.0,0.0,2.0,2.0,0.0,5.0,0.0,2.0,1.0,2.0,0.0,78.77,57.89,29.41,50.0,0.0,31.25,33.33,66.67,0.2596299403129689,0.633060965893392,2.0,8.0,0.20085344,5.0,12.0,17.0,0.3952920800000001,58.0,13.514376996805112,20.990415335463258,3.1629392971246006,33.067092651757186,0.2875399361022364,0.0,1.437699680511182,2.3003194888178915,0.0,1.437699680511182,0.0,1.437699680511182,1.1501597444089458,0.5750798722044729,0.5750798722044729,0.0,0.5750798722044729,0.5750798722044729,0.0,1.437699680511182,0.0,0.5750798722044729,0.2875399361022364,0.5750798722044729,0.0,78.77,57.89,29.41,50.0,0.0,31.25,33.33,66.67,0.0746539764478185,0.182030309681806,0.5750798722044729,2.3003194888178915,0.0577533853035143,1.437699680511182,3.450479233226837,4.888178913738019,0.1136622594249201,16.677316293929714,DM/CM,27,33,70,30,17,50,5,41,6,91,41,70,48,76,33,23,30,27,44,56,17,21,36,23,52,18,55,48,56,17,6,33,67,42,88,55,35,39,65,26,55,33,32,30,42,79,30,21,50,3,55,6,97,41,88,58,85,45,23,42,39,44,76,17,27,48,30,52,18,55,48,56,17,6,33,67,48,88,67,48,58,79,27,64,45,27,Ekstraklasa
Zagłębie Lubin,145oko43h2g50ck9kn3d51xae,9s4ksymfybxigiq8vnmdvf7dg,F. Kocaba,Filip Kocaba,21,Midfielder,Poland,Midfielder,78.0,88.0,14.0,166.0,3.0,0.0,30.0,12.0,620.0,12.0,0.0,0.0,3.0,4.0,2.0,2.0,1.0,2.0,2.0,1.0,5.0,1.0,7.0,2.0,5.0,0.0,80.58,50.0,0.0,100.0,25.0,56.6,23.08,38.46,0.3769285104649839,0.1795135306671672,2.0,11.0,0.22709075,5.0,14.0,22.0,0.46736058,99.0,11.32258064516129,12.774193548387096,2.032258064516129,24.096774193548384,0.4354838709677419,0.0,4.354838709677419,1.7419354838709675,1.7419354838709675,0.0,0.0,0.4354838709677419,0.5806451612903225,0.2903225806451612,0.2903225806451612,0.1451612903225806,0.2903225806451612,0.2903225806451612,0.1451612903225806,0.7258064516129031,0.1451612903225806,1.0161290322580645,0.2903225806451612,0.7258064516129031,0.0,80.58,50.0,0.0,100.0,25.0,56.6,23.08,38.46,0.0547154289384654,0.0260584157420081,0.2903225806451612,1.596774193548387,0.0329647862903225,0.7258064516129031,2.032258064516129,3.193548387096774,0.0678426648387096,14.370967741935482,DM/CM,59,42,82,48,39,50,82,68,88,20,41,24,48,76,33,59,30,27,92,56,53,74,59,59,52,24,33,20,94,55,79,21,21,55,21,55,56,48,65,35,70,39,52,15,3,64,6,33,50,52,33,73,20,41,12,24,61,21,45,18,15,88,21,39,52,52,33,52,24,33,20,94,55,79,21,21,33,12,36,21,21,42,9,33,18,18,Ekstraklasa
Zagłębie Lubin,145oko43h2g50ck9kn3d51xae,ai796gh4k5tzj9plkfo89ygru,F. Szymczak,Filip Szymczak,24,Attacker,Poland,Striker,17.0,19.0,3.0,35.0,6.0,0.0,18.0,2.0,254.0,5.0,1.0,0.0,1.0,8.0,7.0,1.0,3.0,6.0,6.0,0.0,2.0,1.0,14.0,2.0,3.0,0.0,77.78,100.0,100.0,33.33,12.5,37.5,31.58,60.0,0.6297599272447925,0.1304480291925447,2.0,2.0,0.07876287,1.0,3.0,4.0,0.1394832899999999,11.0,6.0236220472440944,6.732283464566929,1.062992125984252,12.401574803149606,2.125984251968504,0.0,6.377952755905511,0.7086614173228346,1.7716535433070866,0.3543307086614173,0.0,0.3543307086614173,2.8346456692913384,2.4803149606299213,0.3543307086614173,1.062992125984252,2.125984251968504,2.125984251968504,0.0,0.7086614173228346,0.3543307086614173,4.960629921259843,0.7086614173228346,1.062992125984252,0.0,77.78,100.0,100.0,33.33,12.5,37.5,31.58,60.0,0.2231432813072099,0.0462217426272796,0.7086614173228346,0.7086614173228346,0.027908103543307,0.3543307086614173,1.062992125984252,1.4173228346456692,0.0494232129921259,3.8976377952755903,ST,48,18,77,18,38,50,38,17,38,65,38,6,17,23,29,47,52,48,17,71,14,12,44,80,52,76,94,100,27,12,24,24,65,6,24,44,20,20,33,47,42,30,23,76,33,94,48,55,50,73,33,64,85,38,6,53,58,33,80,76,73,17,91,12,39,61,94,52,76,94,100,27,12,24,24,65,12,27,64,39,42,55,64,70,48,39,Ekstraklasa
Zagłębie Lubin,145oko43h2g50ck9kn3d51xae,bmo56v7uvb34hdh25rgndo1ec,J. Kolan,Jakub Kolan,22,Midfielder,Poland,Midfielder,32.0,49.0,11.0,79.0,1.0,0.0,16.0,9.0,315.0,7.0,2.0,0.0,4.0,5.0,1.0,4.0,1.0,2.0,3.0,0.0,3.0,1.0,3.0,1.0,5.0,0.0,78.22,50.0,15.38,50.0,20.0,43.24,16.67,71.43,0.2204787626874225,0.274244144157291,3.0,3.0,0.06748893,1.0,15.0,17.0,0.6741267699999999,41.0,9.142857142857142,14.0,3.142857142857143,22.571428571428573,0.2857142857142857,0.0,4.571428571428571,2.571428571428572,2.0,0.5714285714285714,0.0,1.1428571428571428,1.4285714285714286,0.2857142857142857,1.1428571428571428,0.2857142857142857,0.5714285714285714,0.8571428571428571,0.0,0.8571428571428571,0.2857142857142857,0.8571428571428571,0.2857142857142857,1.4285714285714286,0.0,78.22,50.0,15.38,50.0,20.0,43.24,16.67,71.43,0.0629939321964064,0.078355469759226,0.8571428571428571,0.8571428571428571,0.0192825514285714,0.2857142857142857,4.285714285714286,4.857142857142857,0.1926076485714285,11.714285714285714,DM/CM,8,14,70,9,17,50,30,47,65,65,41,45,62,50,68,59,30,47,44,18,53,35,36,59,52,12,33,39,56,45,27,15,76,33,42,74,12,12,14,41,55,67,3,9,8,76,3,15,50,61,64,79,76,41,71,77,58,79,70,39,64,44,30,67,45,41,77,52,12,33,39,56,45,27,15,76,42,64,79,12,12,12,58,61,85,6,Ekstraklasa
Zagłębie Lubin,145oko43h2g50ck9kn3d51xae,ci8x7nlhl8rkjenupa7tzihnt,D. Michalski,Damian Michalski,28,Defender,Poland,Defender,89.0,45.0,6.0,134.0,9.0,0.0,13.0,37.0,434.0,2.0,0.0,0.0,6.0,2.0,2.0,0.0,0.0,0.0,0.0,0.0,4.0,0.0,6.0,0.0,1.0,0.0,85.9,40.0,0.0,0.0,0.0,56.52,56.25,50.0,0.2292728857802111,0.4182643201443651,0.0,1.0,0.0241224,1.0,9.0,11.0,0.43814293,83.0,18.456221198156683,9.331797235023044,1.2442396313364057,27.78801843317973,1.8663594470046083,0.0,2.695852534562212,7.672811059907834,0.4147465437788019,0.0,0.0,1.2442396313364057,0.4147465437788019,0.4147465437788019,0.0,0.0,0.0,0.0,0.0,0.8294930875576038,0.0,1.2442396313364057,0.0,0.2073732718894009,0.0,85.9,40.0,0.0,0.0,0.0,56.52,56.25,50.0,0.0475450684797672,0.0867368405829328,0.0,0.2073732718894009,0.0050023410138248,0.2073732718894009,1.8663594470046083,2.28110599078341,0.0908591329493087,17.211981566820278,CB,20,20,22,18,44,46,28,68,39,32,38,94,35,46,32,25,18,15,35,38,22,50,25,14,51,45,45,32,25,22,52,52,32,40,88,30,18,18,39,21,34,57,20,15,12,28,15,40,46,15,90,41,32,38,95,40,48,32,25,18,15,35,38,22,52,25,12,51,45,45,32,25,22,52,52,32,38,90,30,20,15,39,22,32,62,20,Ekstraklasa
Lech Poznań,duvz7klp081jpg8fx5nze7ks7,1957std7hji9ca7bd29y8at7u,P. Wålemark,Patrik Wålemark,24,Midfielder,Sweden,Midfielder,17.0,69.0,0.0,77.0,2.0,0.0,27.0,2.0,494.0,16.0,9.0,2.0,12.0,16.0,13.0,3.0,10.0,16.0,18.0,0.0,0.0,5.0,42.0,5.0,3.0,0.0,68.14,0.0,33.33,31.25,31.25,49.09,50.0,75.0,1.4996703901093913,1.2467090740108344,6.0,15.0,0.52947791,3.0,6.0,10.0,0.42271611,27.0,3.097165991902834,12.570850202429147,0.0,14.02834008097166,0.3643724696356275,0.0,4.919028340080971,0.3643724696356275,2.91497975708502,1.639676113360324,0.3643724696356275,2.1862348178137654,2.91497975708502,2.3684210526315788,0.5465587044534413,1.8218623481781373,2.91497975708502,3.279352226720648,0.0,0.0,0.9109311740890688,7.651821862348178,0.9109311740890688,0.5465587044534413,0.0,68.14,0.0,33.33,31.25,31.25,49.09,50.0,75.0,0.2732193018417919,0.227133232107237,1.0931174089068827,2.7327935222672064,0.0964635868421052,0.5465587044534413,1.0931174089068827,1.8218623481781373,0.0770130564777328,4.919028340080971,CM/AM,15,28,4,14,31,51,64,16,84,81,85,77,89,93,38,100,88,91,30,5,72,100,59,36,50,3,4,77,19,54,57,72,73,84,78,85,65,76,28,20,31,30,15,5,19,4,3,30,51,59,11,92,78,81,78,81,89,35,97,89,89,30,5,78,100,51,30,50,3,4,77,19,54,57,72,73,73,78,84,62,84,24,19,19,19,11,Ekstraklasa
Lech Poznań,duvz7klp081jpg8fx5nze7ks7,2z5wtnsmcoo56atafsomynlec,A. Kozubal,Antoni Kozubal,22,Midfielder,Poland,Midfielder,57.0,49.0,2.0,106.0,8.0,0.0,14.0,7.0,315.0,2.0,0.0,0.0,4.0,5.0,4.0,1.0,0.0,5.0,5.0,1.0,4.0,4.0,10.0,1.0,2.0,0.0,85.48,66.67,0.0,20.0,80.0,45.16,66.67,66.67,0.4860290307305631,0.2641383951481145,0.0,7.0,0.15496959,4.0,8.0,12.0,0.38470018,50.0,16.285714285714285,14.0,0.5714285714285714,30.285714285714285,2.2857142857142856,0.0,4.0,2.0,0.5714285714285714,0.0,0.0,1.1428571428571428,1.4285714285714286,1.1428571428571428,0.2857142857142857,0.0,1.4285714285714286,1.4285714285714286,0.2857142857142857,1.1428571428571428,1.1428571428571428,2.857142857142857,0.2857142857142857,0.5714285714285714,0.0,85.48,66.67,0.0,20.0,80.0,45.16,66.67,66.67,0.1388654373515894,0.0754681128994612,0.0,2.0,0.0442770257142857,1.1428571428571428,2.2857142857142856,3.4285714285714284,0.1099143371428571,14.285714285714286,DM/CM,39,14,8,21,82,50,24,33,18,20,41,45,62,92,17,23,73,70,92,36,97,91,36,23,52,48,82,20,27,100,33,86,67,76,36,11,26,27,47,8,20,24,21,61,8,9,27,91,50,42,47,21,20,41,71,77,97,18,23,82,79,100,59,100,97,41,26,52,48,82,20,27,100,33,86,67,91,58,11,36,39,76,15,36,36,15,Ekstraklasa
Lech Poznań,duvz7klp081jpg8fx5nze7ks7,3cguasdf8d21sxsk537az9yax,Joel Pereira,Joel Vieira Pereira,29,Defender,Portugal,Defender,111.0,168.0,38.0,270.0,9.0,0.0,39.0,16.0,566.0,9.0,9.0,1.0,19.0,1.0,0.0,1.0,0.0,7.0,7.0,0.0,6.0,0.0,4.0,6.0,9.0,0.0,76.7,48.1,19.15,85.71,0.0,65.0,64.29,60.0,0.042268371482913,1.7991266269547168,1.0,20.0,0.45307544,11.0,35.0,49.0,2.652006520000002,155.0,17.65017667844523,26.71378091872792,6.042402826855124,42.93286219081272,1.431095406360424,0.0,6.201413427561838,2.5441696113074204,1.431095406360424,1.431095406360424,0.1590106007067137,3.021201413427562,0.1590106007067137,0.0,0.1590106007067137,0.0,1.1130742049469964,1.1130742049469964,0.0,0.9540636042402828,0.0,0.6360424028268551,0.9540636042402828,1.431095406360424,0.0,76.7,48.1,19.15,85.71,0.0,65.0,64.29,60.0,0.0067211191403925,0.2860802056995132,0.1590106007067137,3.180212014134276,0.0720437978798586,1.7491166077738516,5.565371024734983,7.791519434628976,0.4216971498233218,24.64664310954064,RB/RCB,65,92,100,77,75,42,94,48,94,100,87,100,33,19,63,35,77,75,46,58,33,29,87,88,52,8,73,50,81,33,85,77,54,35,100,65,96,92,100,90,100,100,77,50,85,100,69,73,42,81,27,85,92,73,100,27,19,58,35,73,69,46,42,33,23,85,69,52,8,73,50,81,33,85,77,54,27,100,58,81,77,96,92,100,100,69,Ekstraklasa
Lech Poznań,duvz7klp081jpg8fx5nze7ks7,4di5fe8ewh5fpduq6hobilvjd,L. Palma,Luis Palma,26,Midfielder,Honduras,Midfielder,21.0,68.0,6.0,81.0,2.0,0.0,10.0,5.0,340.0,3.0,8.0,2.0,8.0,13.0,4.0,9.0,2.0,8.0,8.0,1.0,2.0,4.0,14.0,3.0,0.0,0.0,72.97,50.0,30.77,37.5,30.77,34.48,25.0,0.0,1.7911379573498305,0.9302596155633968,5.0,13.0,0.31090479,4.0,9.0,12.0,1.1678548999999996,42.0,5.5588235294117645,18.0,1.5882352941176472,21.44117647058824,0.5294117647058824,0.0,2.647058823529412,1.3235294117647058,0.7941176470588236,2.117647058823529,0.5294117647058824,2.117647058823529,3.4411764705882355,1.0588235294117647,2.3823529411764706,0.5294117647058824,2.117647058823529,2.117647058823529,0.2647058823529412,0.5294117647058824,1.0588235294117647,3.7058823529411766,0.7941176470588236,0.0,0.0,72.97,50.0,30.77,37.5,30.77,34.48,25.0,0.0,0.4741247534161316,0.2462451923550168,1.3235294117647058,3.4411764705882355,0.0822983267647058,1.0588235294117647,2.3823529411764706,3.1764705882352944,0.3091380617647057,11.117647058823527,LM/LCM,25,38,75,31,22,47,6,53,9,100,97,75,75,50,94,56,25,25,59,31,66,44,31,6,53,12,59,88,41,50,6,22,6,100,88,66,53,44,47,56,47,94,50,38,81,88,50,38,47,6,50,19,100,100,100,81,56,94,56,44,25,62,47,81,56,31,6,53,12,59,88,41,50,6,22,6,100,100,81,75,50,56,75,94,100,62,Ekstraklasa
Lech Poznań,duvz7klp081jpg8fx5nze7ks7,5ghpsybqgvquh7yffa117tg8a,A. Sayyadmanesh,Allahyar Sayyadmanesh,25,Midfielder,Iran,Midfielder,29.0,51.0,3.0,79.0,5.0,0.0,26.0,4.0,384.0,8.0,1.0,0.0,2.0,14.0,9.0,5.0,2.0,10.0,12.0,4.0,2.0,8.0,16.0,5.0,4.0,0.0,72.48,42.86,12.5,50.0,57.14,48.15,41.67,50.0,1.2414414318628393,0.2197071140310228,6.0,10.0,0.38097005,1.0,6.0,6.0,0.3179628499999999,27.0,6.796875,11.953125,0.703125,18.515625,1.171875,0.0,6.09375,0.9375,1.875,0.234375,0.0,0.46875,3.28125,2.109375,1.171875,0.46875,2.34375,2.8125,0.9375,0.46875,1.875,3.75,1.171875,0.9375,0.0,72.48,42.86,12.5,50.0,57.14,48.15,41.67,50.0,0.2909628355928529,0.0514938548510209,1.40625,2.34375,0.08928985546875,0.234375,1.40625,1.40625,0.0745225429687499,6.328125,CM/AM,26,8,27,18,77,51,58,38,55,18,32,5,77,78,66,39,57,68,99,47,93,64,59,53,50,5,28,23,50,95,49,54,27,73,14,85,36,57,9,20,8,16,15,38,8,30,24,89,51,86,57,68,22,32,5,89,81,86,51,78,80,100,65,100,70,81,59,50,5,28,23,50,95,49,54,27,81,11,95,54,73,8,22,11,11,19,Ekstraklasa
Lech Poznań,duvz7klp081jpg8fx5nze7ks7,6dioxrahqm3l316lwtvqstnxm,Pablo Rodríguez,Pablo Rodríguez,25,Midfielder,Spain,Midfielder,46.0,87.0,7.0,132.0,3.0,0.0,39.0,5.0,508.0,18.0,1.0,3.0,17.0,16.0,10.0,6.0,6.0,10.0,10.0,1.0,6.0,4.0,27.0,5.0,3.0,0.0,75.43,35.0,33.33,50.0,25.0,59.09,60.0,23.08,1.4228702485627087,1.2227913222438451,5.0,21.0,0.6256093699999999,9.0,15.0,19.0,0.8434732199999999,55.0,8.149606299212598,15.413385826771652,1.2401574803149606,23.38582677165354,0.5314960629921259,0.0,6.909448818897637,0.8858267716535433,3.188976377952756,0.1771653543307086,0.5314960629921259,3.0118110236220472,2.8346456692913384,1.7716535433070866,1.062992125984252,1.062992125984252,1.7716535433070866,1.7716535433070866,0.1771653543307086,1.062992125984252,0.7086614173228346,4.783464566929133,0.8858267716535433,0.5314960629921259,0.0,75.43,35.0,33.33,50.0,25.0,59.09,60.0,23.08,0.2520833117532358,0.2166362578778465,0.8858267716535433,3.7204724409448815,0.1108363057086614,1.5944881889763778,2.6574803149606296,3.3661417322834644,0.1494342318897637,9.744094488188976,ST,94,88,97,94,23,50,82,59,97,65,100,100,62,48,88,94,68,68,48,97,45,59,70,80,52,70,52,83,56,30,100,89,24,58,100,79,95,94,97,100,97,94,91,91,91,97,94,18,50,91,42,100,61,100,100,53,30,85,80,61,61,45,100,33,36,64,73,52,70,52,83,56,30,100,89,24,27,100,76,94,91,97,100,94,91,91,Ekstraklasa
Lech Poznań,duvz7klp081jpg8fx5nze7ks7,7eerzaqbpm84ogq0y24cv1ck5,F. Jagiełło,Filip Jagiello,29,Midfielder,Poland,Midfielder,12.0,69.0,4.0,79.0,2.0,0.0,4.0,3.0,219.0,0.0,2.0,0.0,4.0,4.0,3.0,1.0,2.0,2.0,2.0,0.0,0.0,0.0,7.0,1.0,1.0,0.0,91.86,100.0,28.57,50.0,0.0,36.36,50.0,100.0,0.3928017969756355,0.41236034488126,1.0,3.0,0.0820999499999999,3.0,9.0,10.0,0.35546872,37.0,4.931506849315069,28.356164383561648,1.6438356164383563,32.465753424657535,0.8219178082191781,0.0,1.6438356164383563,1.2328767123287672,0.0,0.8219178082191781,0.0,1.6438356164383563,1.6438356164383563,1.2328767123287672,0.4109589041095891,0.8219178082191781,0.8219178082191781,0.8219178082191781,0.0,0.0,0.0,2.876712328767124,0.4109589041095891,0.4109589041095891,0.0,91.86,100.0,28.57,50.0,0.0,36.36,50.0,100.0,0.1614253960173844,0.1694631554306548,0.4109589041095891,1.2328767123287672,0.033739705479452,1.2328767123287672,3.6986301369863015,4.109589041095891,0.1460830356164383,15.205479452054796,CM/AM,8,28,39,18,31,51,3,28,4,32,32,26,19,31,18,39,9,8,30,5,11,24,11,9,50,100,100,64,50,11,16,72,96,24,30,19,9,11,28,35,31,19,24,22,92,70,59,73,51,3,68,4,65,32,62,41,65,24,73,16,14,30,5,11,51,24,16,50,100,100,64,50,11,16,72,96,62,73,32,19,19,62,78,73,62,54,Ekstraklasa
Lech Poznań,duvz7klp081jpg8fx5nze7ks7,8af61do2dmxrr3ib9acck4aju,M. Skrzypczak,Mateusz Skrzypczak,26,Defender,Poland,Defender,124.0,71.0,11.0,195.0,2.0,0.0,5.0,15.0,405.0,3.0,0.0,0.0,0.0,0.0,0.0,0.0,0.0,2.0,2.0,0.0,5.0,0.0,0.0,0.0,0.0,0.0,93.75,68.75,0.0,0.0,0.0,20.0,16.67,0.0,0.0,0.0,0.0,0.0,0.0,0.0,0.0,0.0,0.0,0.0,27.55555555555556,15.77777777777778,2.4444444444444446,43.333333333333336,0.4444444444444444,0.0,1.1111111111111112,3.333333333333333,0.6666666666666666,0.0,0.0,0.0,0.0,0.0,0.0,0.0,0.4444444444444444,0.4444444444444444,0.0,1.1111111111111112,0.0,0.0,0.0,0.0,0.0,93.75,68.75,0.0,0.0,0.0,20.0,16.67,0.0,0.0,0.0,0.0,0.0,0.0,0.0,0.0,0.0,0.0,0.0,CB,42,45,50,41,6,46,2,12,57,32,38,11,8,11,32,25,69,68,35,50,22,2,25,4,51,95,100,32,25,22,2,2,4,8,12,30,6,6,15,4,4,4,4,55,55,55,55,5,46,2,5,62,32,38,11,8,11,32,25,80,78,35,65,22,2,25,4,51,95,100,32,25,22,2,2,4,8,12,30,6,6,15,4,4,4,4,Ekstraklasa
Lech Poznań,duvz7klp081jpg8fx5nze7ks7,8t9x6qe02hvtupcej7q46fphx,M. Ishak,Mikael Ishak,33,Attacker,Sweden,Striker,18.0,20.0,0.0,38.0,2.0,0.0,11.0,4.0,244.0,6.0,0.0,0.0,3.0,11.0,10.0,1.0,3.0,2.0,2.0,1.0,0.0,5.0,16.0,0.0,2.0,0.0,71.7,0.0,0.0,0.0,45.45,44.0,28.57,66.67,1.1446741913715244,0.2924067870217385,1.0,2.0,0.08128191,0.0,2.0,4.0,0.2851873699999999,15.0,6.639344262295082,7.377049180327869,0.0,14.01639344262295,0.7377049180327868,0.0,4.057377049180328,1.4754098360655736,2.2131147540983607,0.0,0.0,1.1065573770491803,4.057377049180328,3.6885245901639343,0.3688524590163934,1.1065573770491803,0.7377049180327868,0.7377049180327868,0.3688524590163934,0.0,1.8442622950819672,5.901639344262295,0.0,0.7377049180327868,0.0,71.7,0.0,0.0,0.0,45.45,44.0,28.57,66.67,0.4222158902599884,0.107854962426051,0.3688524590163934,0.7377049180327868,0.0299810323770491,0.0,0.7377049180327868,1.4754098360655736,0.1051920627049179,5.532786885245901,ST,53,21,17,32,12,50,15,44,52,29,38,36,32,48,29,47,18,17,48,20,58,21,8,62,52,58,17,29,8,85,52,18,71,36,48,23,20,27,9,33,42,58,38,82,45,17,67,24,50,30,79,82,29,38,70,91,100,36,91,30,24,61,20,100,65,8,82,52,58,17,29,8,85,52,18,71,82,88,39,45,45,9,45,73,79,73,Ekstraklasa
Lech Poznań,duvz7klp081jpg8fx5nze7ks7,8uzx6yb66zjn0ke2rwqlg7wus,Y. Agnero,Yannick Agnero,23,Attacker,Côte d'Ivoire,Striker,11.0,14.0,0.0,25.0,5.0,0.0,14.0,4.0,332.0,4.0,0.0,0.0,3.0,17.0,11.0,6.0,3.0,8.0,8.0,1.0,0.0,5.0,24.0,5.0,0.0,0.0,75.76,0.0,0.0,62.5,29.41,42.42,45.45,0.0,1.7433776417246436,0.2896463897169862,8.0,1.0,0.0199707,1.0,3.0,2.0,0.25647126,9.0,2.9819277108433733,3.795180722891566,0.0,6.77710843373494,1.355421686746988,0.0,3.795180722891566,1.0843373493975903,1.0843373493975903,0.0,0.0,0.8132530120481927,4.608433734939759,2.9819277108433733,1.6265060240963851,0.8132530120481927,2.1686746987951806,2.1686746987951806,0.2710843373493976,0.0,1.355421686746988,6.506024096385541,1.355421686746988,0.0,0.0,75.76,0.0,0.0,62.5,29.41,42.42,45.45,0.0,0.4726023727566805,0.0785185996220745,2.1686746987951806,0.2710843373493976,0.0054137439759036,0.2710843373493976,0.8132530120481927,0.5421686746987951,0.069525341566265,2.439759036144578,ST,14,6,17,9,30,50,24,44,21,29,38,36,73,58,88,47,64,64,48,20,58,45,70,11,52,73,17,29,82,42,42,64,11,67,42,92,9,9,33,47,17,55,18,33,3,17,3,39,50,24,58,33,29,38,39,97,82,94,61,79,76,58,20,76,79,85,11,52,73,17,29,82,42,42,64,11,94,58,97,9,6,45,55,15,58,12,Ekstraklasa
Lech Poznań,duvz7klp081jpg8fx5nze7ks7,agsollzstr45ee0z17tle8d1w,T. Yegbe,Terry Yegbe,25,Defender,Ghana,Defender,95.0,56.0,8.0,151.0,6.0,0.0,7.0,14.0,225.0,0.0,0.0,0.0,1.0,1.0,0.0,1.0,1.0,0.0,0.0,0.0,2.0,0.0,2.0,0.0,1.0,0.0,94.38,66.67,0.0,0.0,0.0,70.0,85.71,100.0,0.0576152459415091,0.0,1.0,2.0,0.03870264,0.0,11.0,9.0,0.19709494,113.0,38.0,22.4,3.2,60.4,2.4,0.0,2.8,5.6,0.0,0.0,0.0,0.4,0.4,0.0,0.4,0.4,0.0,0.0,0.0,0.8,0.0,0.8,0.0,0.4,0.0,94.38,66.67,0.0,0.0,0.0,70.0,85.71,100.0,0.0230460983766036,0.0,0.4,0.8,0.015481056,0.0,4.4,3.6,0.078837976,45.2,CB,28,30,38,25,21,46,9,10,9,32,38,34,19,11,72,64,18,15,35,16,22,14,25,14,51,98,96,32,25,22,98,100,94,15,12,72,28,20,15,34,25,12,45,90,88,81,100,62,46,20,51,9,32,38,64,38,11,90,85,18,15,35,35,22,32,25,30,51,98,96,32,25,22,98,100,94,18,12,90,42,40,15,82,72,52,100,Ekstraklasa
Lech Poznań,duvz7klp081jpg8fx5nze7ks7,c03kbtbdediv8mi5iuvy8vmz8,W. Mońka,Wojciech Monka,19,Defender,Poland,Defender,224.0,193.0,18.0,417.0,11.0,0.0,17.0,23.0,630.0,2.0,0.0,0.0,2.0,0.0,0.0,0.0,0.0,3.0,3.0,0.0,8.0,0.0,4.0,3.0,1.0,0.0,91.85,69.23,0.0,100.0,0.0,73.91,84.62,50.0,0.0,0.1172629870927917,0.0,17.0,0.36226272,6.0,35.0,30.0,0.5909331999999999,267.0,32.0,27.571428571428573,2.571428571428572,59.57142857142857,1.5714285714285714,0.0,2.4285714285714284,3.2857142857142856,0.2857142857142857,0.0,0.0,0.2857142857142857,0.0,0.0,0.0,0.0,0.4285714285714285,0.4285714285714285,0.0,1.1428571428571428,0.0,0.5714285714285714,0.4285714285714285,0.1428571428571428,0.0,91.85,69.23,0.0,100.0,0.0,73.91,84.62,50.0,0.0,0.0167518552989702,0.0,2.4285714285714284,0.0517518171428571,0.8571428571428571,5.0,4.285714285714286,0.0844190285714285,38.142857142857146,RB/RCB,92,100,90,100,88,42,35,69,23,19,37,15,13,19,27,35,60,60,46,85,33,29,77,10,52,96,100,19,92,33,96,100,25,13,12,29,90,77,87,90,88,38,96,92,88,85,96,81,42,12,46,12,19,37,12,13,19,27,35,46,46,46,62,33,12,73,4,52,96,100,19,92,33,96,100,25,13,12,29,73,69,67,85,69,19,96,Ekstraklasa
Lech Poznań,duvz7klp081jpg8fx5nze7ks7,e4zef10cq38ujbj2704zw2y1h,R. Murawski,Radoslaw Murawski,32,Midfielder,Poland,Midfielder,105.0,147.0,9.0,251.0,2.0,0.0,20.0,5.0,480.0,9.0,1.0,0.0,3.0,6.0,1.0,5.0,3.0,0.0,0.0,0.0,7.0,2.0,2.0,0.0,4.0,0.0,86.85,64.29,50.0,0.0,33.33,46.51,25.0,44.44,0.4064749344325636,0.2756534539655632,4.0,16.0,0.32790175,5.0,37.0,25.0,0.7973018900000001,151.0,19.6875,27.5625,1.6875,47.0625,0.375,0.0,3.75,0.9375,1.6875,0.1875,0.0,0.5625,1.125,0.1875,0.9375,0.5625,0.0,0.0,0.0,1.3125,0.375,0.375,0.0,0.75,0.0,86.85,64.29,50.0,0.0,33.33,46.51,25.0,44.44,0.0762140502061056,0.051685022618543,0.75,3.0,0.061481578125,0.9375,6.9375,4.6875,0.149494104375,28.3125,DM/CM,77,82,53,82,29,50,50,18,79,47,41,24,74,50,76,88,5,5,44,77,83,21,14,47,52,73,76,83,14,71,36,26,30,64,45,83,79,79,65,89,76,79,82,70,79,48,79,27,50,36,12,70,48,41,18,52,45,64,85,5,5,44,70,73,21,14,41,52,73,76,83,14,71,36,26,30,52,39,70,73,64,70,91,58,64,82,Ekstraklasa
Lech Poznań,duvz7klp081jpg8fx5nze7ks7,gow2nhkf0qhk96frj3j71rtg,M. Gurgul,Michal Gurgul,20,Defender,Poland,Defender,127.0,157.0,12.0,278.0,2.0,0.0,15.0,20.0,585.0,4.0,6.0,1.0,9.0,7.0,2.0,5.0,2.0,7.0,7.0,0.0,6.0,0.0,3.0,4.0,2.0,0.0,79.43,41.38,42.86,57.14,0.0,55.56,40.0,33.33,0.4531423812036068,0.9303345896959055,3.0,15.0,0.33458372,7.0,34.0,38.0,1.2189519400000004,151.0,19.53846153846154,24.15384615384616,1.8461538461538465,42.76923076923077,0.3076923076923077,0.0,2.3076923076923075,3.076923076923077,0.6153846153846154,0.9230769230769232,0.1538461538461538,1.3846153846153846,1.0769230769230769,0.3076923076923077,0.7692307692307693,0.3076923076923077,1.0769230769230769,1.0769230769230769,0.0,0.9230769230769232,0.0,0.4615384615384615,0.6153846153846154,0.3076923076923077,0.0,79.43,41.38,42.86,57.14,0.0,55.56,40.0,33.33,0.0697142124928625,0.1431283984147547,0.4615384615384615,2.3076923076923075,0.0514744184615384,1.0769230769230769,5.230769230769231,5.846153846153846,0.1875310676923077,23.23076923076923,LB/LCB,83,100,78,96,28,50,28,61,54,80,74,78,72,46,93,74,70,65,37,67,20,20,74,15,52,39,52,83,87,20,85,43,9,61,78,78,85,78,76,96,100,91,91,83,96,65,83,26,50,4,39,43,65,74,74,57,39,87,74,70,61,37,70,20,17,70,9,52,39,52,83,87,20,85,43,9,52,70,70,83,70,74,91,78,65,78,Ekstraklasa
Legia Warszawa,d7udukc1t631drge83p7ucqws,10esz9pvzonegry7p78n3ce09,J. Kuchta,Jan Kuchta,29,Attacker,Czechia,Striker,16.0,22.0,1.0,38.0,2.0,0.0,5.0,4.0,256.0,1.0,0.0,0.0,3.0,9.0,6.0,3.0,3.0,3.0,4.0,0.0,0.0,0.0,15.0,2.0,0.0,0.0,79.17,50.0,0.0,66.67,0.0,21.74,16.67,0.0,0.7808312674524043,0.2332686168259051,3.0,1.0,0.03511326,0.0,2.0,3.0,0.04953784,13.0,5.625,7.734375,0.3515625,13.359375,0.703125,0.0,1.7578125,1.40625,0.3515625,0.0,0.0,1.0546875,3.1640625,2.109375,1.0546875,1.0546875,1.0546875,1.40625,0.0,0.0,0.0,5.2734375,0.703125,0.0,0.0,79.17,50.0,0.0,66.67,0.0,21.74,16.67,0.0,0.2745109924637359,0.0820084981028572,1.0546875,0.3515625,0.01234450546875,0.0,0.703125,1.0546875,0.017415646875,4.5703125,ST,45,27,41,32,12,50,3,44,5,29,38,36,23,14,61,47,30,35,17,20,6,17,44,11,52,82,61,29,85,6,3,8,11,15,33,59,9,12,9,33,30,15,33,70,48,48,58,21,50,3,73,6,29,38,55,64,39,82,76,39,55,17,20,6,48,55,11,52,82,61,29,85,6,3,8,11,39,61,79,12,18,9,36,52,12,58,Ekstraklasa
Legia Warszawa,d7udukc1t631drge83p7ucqws,4c49lyxikhkjl8bkp7eoqbtw4,Henrique Arreiol,Henrique Miguel Sousa Arreiol,21,Midfielder,Portugal,Midfielder,59.0,92.0,4.0,151.0,1.0,0.0,8.0,2.0,236.0,1.0,0.0,0.0,1.0,3.0,0.0,3.0,0.0,4.0,4.0,0.0,4.0,0.0,0.0,2.0,4.0,0.0,93.21,80.0,0.0,50.0,0.0,42.11,0.0,100.0,0.1534117204152149,0.0972037966097802,2.0,12.0,0.25178447,7.0,14.0,13.0,0.3570216800000001,85.0,22.5,35.08474576271186,1.5254237288135593,57.58474576271186,0.3813559322033898,0.0,3.0508474576271185,0.7627118644067796,0.3813559322033898,0.0,0.0,0.3813559322033898,1.1440677966101696,0.0,1.1440677966101696,0.0,1.5254237288135593,1.5254237288135593,0.0,1.5254237288135593,0.0,0.0,0.7627118644067796,1.5254237288135593,0.0,93.21,80.0,0.0,50.0,0.0,42.11,0.0,100.0,0.05850446964987,0.0370692444698314,0.7627118644067796,4.576271186440678,0.0960195012711864,2.669491525423729,5.338983050847458,4.957627118644068,0.1361523355932203,32.41525423728814,DM/CM,42,45,18,42,17,50,12,3,14,20,41,8,32,18,55,23,62,59,44,36,17,5,59,47,52,94,97,20,56,17,24,8,97,24,9,55,62,58,89,35,26,21,42,82,94,36,91,30,50,15,3,12,20,41,9,55,18,82,23,85,85,44,82,17,5,76,82,52,94,97,20,56,17,24,8,97,36,18,73,97,97,100,79,67,58,94,Ekstraklasa
Legia Warszawa,d7udukc1t631drge83p7ucqws,4nk3po2hbfahzgq57g8k4cg6h,Rúben Vinagre,Rúben Gonçalo da Silva Nascimento Vinagre,27,Defender,Portugal,Defender,71.0,139.0,13.0,189.0,7.0,0.0,43.0,17.0,717.0,13.0,21.0,3.0,21.0,10.0,5.0,5.0,2.0,26.0,26.0,1.0,5.0,5.0,24.0,17.0,3.0,0.0,84.0,59.09,31.82,65.38,50.0,55.13,63.64,50.0,0.5275395110176164,2.518283541973554,7.0,29.0,0.8501241899999998,13.0,11.0,16.0,1.6494367700000008,51.0,8.912133891213388,17.447698744769873,1.6317991631799162,23.723849372384937,0.8786610878661087,0.0,5.397489539748954,2.133891213389121,1.6317991631799162,2.6359832635983262,0.3765690376569037,2.6359832635983262,1.2552301255230125,0.6276150627615062,0.6276150627615062,0.2510460251046025,3.2635983263598325,3.2635983263598325,0.1255230125523012,0.6276150627615062,0.6276150627615062,3.01255230125523,2.133891213389121,0.3765690376569037,0.0,84.0,59.09,31.82,65.38,50.0,55.13,63.64,50.0,0.0662183486632991,0.3161025366494001,0.8786610878661087,3.640167364016736,0.1067101493723849,1.6317991631799162,1.3807531380753135,2.00836820083682,0.2070422723849373,6.401673640167364,LB/LCB,46,91,87,57,70,50,91,52,96,100,98,100,91,74,93,74,100,100,87,57,98,100,100,26,52,70,83,65,91,83,74,83,35,65,100,100,100,100,100,28,22,100,13,4,52,39,13,43,50,74,17,83,100,91,96,70,65,78,63,100,100,74,35,78,91,100,13,52,70,83,65,91,83,74,83,35,43,96,91,100,100,96,4,4,87,4,Ekstraklasa
Legia Warszawa,d7udukc1t631drge83p7ucqws,6brkphrym1x1fqgbcum0ugm7e,M. Ševčík,Michal Sevcík,24,Midfielder,Czechia,Midfielder,26.0,60.0,8.0,84.0,2.0,0.0,20.0,3.0,310.0,7.0,2.0,0.0,5.0,10.0,6.0,4.0,5.0,8.0,8.0,1.0,6.0,3.0,11.0,4.0,3.0,0.0,78.5,66.67,66.67,50.0,30.0,46.51,66.67,42.86,0.7928359384854133,0.4441691543678943,4.0,7.0,0.1982677299999999,4.0,9.0,16.0,0.8258730400000001,37.0,7.548387096774193,17.419354838709676,2.32258064516129,24.387096774193548,0.5806451612903225,0.0,5.806451612903225,0.8709677419354839,2.032258064516129,0.5806451612903225,0.0,1.4516129032258065,2.9032258064516125,1.7419354838709675,1.161290322580645,1.4516129032258065,2.32258064516129,2.32258064516129,0.2903225806451612,1.7419354838709675,0.8709677419354839,3.193548387096774,1.161290322580645,0.8709677419354839,0.0,78.5,66.67,66.67,50.0,30.0,46.51,66.67,42.86,0.2301781756893135,0.128952335139066,1.161290322580645,2.032258064516129,0.057561599032258,1.161290322580645,2.6129032258064515,4.64516129032258,0.2397695922580645,10.741935483870968,RM/RCM,37,42,74,42,32,53,47,32,71,45,34,55,79,87,63,89,58,53,76,76,84,37,63,39,53,42,95,100,68,63,63,95,26,74,58,66,39,47,42,61,58,58,39,37,47,89,53,32,53,79,32,79,47,34,58,79,89,74,95,63,63,68,95,89,58,74,42,53,42,95,100,68,63,63,95,26,89,58,63,58,63,53,63,74,89,53,Ekstraklasa
Legia Warszawa,d7udukc1t631drge83p7ucqws,8dobtgd3g7hv6avj3z81rq9nu,R. Adamski,Rafal Adamski,24,Attacker,Poland,Striker,12.0,20.0,0.0,32.0,5.0,0.0,17.0,3.0,322.0,8.0,0.0,0.0,1.0,10.0,9.0,1.0,0.0,10.0,11.0,3.0,1.0,5.0,18.0,2.0,1.0,0.0,71.11,0.0,0.0,20.0,50.0,29.82,21.74,50.0,1.216175713362878,0.077067606404644,1.0,3.0,0.10004331,0.0,4.0,4.0,0.13882467,14.0,3.354037267080745,5.590062111801242,0.0,8.944099378881987,1.3975155279503104,0.0,4.751552795031055,0.8385093167701863,2.2360248447204967,0.0,0.0,0.2795031055900621,2.795031055900621,2.5155279503105588,0.2795031055900621,0.0,2.795031055900621,3.074534161490683,0.8385093167701863,0.2795031055900621,1.3975155279503104,5.0310559006211175,0.5590062111801242,0.2795031055900621,0.0,71.11,0.0,0.0,20.0,50.0,29.82,21.74,50.0,0.3399248888281336,0.0215406353304905,0.2795031055900621,0.8385093167701863,0.0279624158385093,0.0,1.1180124223602483,1.1180124223602483,0.0388019263975155,3.913043478260869,LW,50,25,25,25,75,62,25,75,75,38,62,38,75,88,50,25,25,38,88,50,88,50,25,38,62,25,25,38,25,100,25,50,38,100,25,50,25,25,25,75,50,25,25,50,25,25,25,75,62,50,75,75,38,62,25,100,100,50,25,25,25,100,50,100,50,25,25,62,25,25,38,25,100,25,50,38,100,25,50,25,25,25,75,50,25,25,Ekstraklasa
Legia Warszawa,d7udukc1t631drge83p7ucqws,917ymyrnr0x9jesn60woc6j56,Ł. Zjawiński,Lukasz Zjawinski,25,Attacker,Poland,Striker,14.0,35.0,2.0,49.0,17.0,0.0,30.0,3.0,490.0,11.0,0.0,0.0,6.0,20.0,20.0,0.0,5.0,1.0,2.0,3.0,2.0,6.0,33.0,1.0,1.0,0.0,64.47,100.0,0.0,100.0,30.0,44.78,40.48,100.0,2.442725681699418,0.2831944862123406,1.0,6.0,0.16803236,2.0,4.0,3.0,0.1244455299999999,17.0,2.571428571428571,6.428571428571428,0.3673469387755101,9.0,3.1224489795918364,0.0,5.5102040816326525,0.5510204081632653,2.020408163265306,0.0,0.0,1.1020408163265305,3.673469387755102,3.673469387755102,0.0,0.9183673469387756,0.183673469387755,0.3673469387755101,0.5510204081632653,0.3673469387755101,1.1020408163265305,6.061224489795918,0.183673469387755,0.183673469387755,0.0,64.47,100.0,0.0,100.0,30.0,44.78,40.48,100.0,0.4486639007203012,0.0520153137941033,0.183673469387755,1.1020408163265305,0.0308630865306122,0.3673469387755101,0.7346938775510203,0.5510204081632653,0.0228573422448979,3.1224489795918364,ST,30,45,59,48,88,50,76,32,83,29,38,71,83,97,11,88,8,17,80,71,68,88,26,36,52,27,94,29,94,45,61,48,89,91,39,23,71,64,56,56,30,27,47,17,27,52,27,76,50,58,24,76,29,38,67,85,97,11,70,3,9,76,73,61,70,15,30,52,27,94,29,94,45,61,48,89,88,30,18,64,48,58,42,18,18,24,Ekstraklasa
Legia Warszawa,d7udukc1t631drge83p7ucqws,9onmrqelh9c9aarob7y9aw991,P. Wszołek,Pawel Wszolek,34,Defender,Poland,Defender,42.0,133.0,0.0,164.0,10.0,0.0,21.0,12.0,586.0,3.0,11.0,5.0,13.0,2.0,2.0,0.0,0.0,4.0,4.0,0.0,5.0,1.0,19.0,1.0,5.0,0.0,78.1,0.0,25.0,25.0,50.0,43.75,58.82,71.43,0.2248548359608132,1.4566520105640044,0.0,10.0,0.27837248,10.0,13.0,20.0,1.36265786,73.0,6.450511945392491,20.42662116040956,0.0,25.187713310580204,1.5358361774744027,0.0,3.225255972696245,1.843003412969284,0.4607508532423208,1.689419795221843,0.7679180887372014,1.9965870307167235,0.3071672354948805,0.3071672354948805,0.0,0.0,0.6143344709897611,0.6143344709897611,0.0,0.7679180887372014,0.1535836177474402,2.9180887372013653,0.1535836177474402,0.7679180887372014,0.0,78.1,0.0,25.0,25.0,50.0,43.75,58.82,71.43,0.0345340191748689,0.2237178855815023,0.0,1.5358361774744027,0.0427534525597269,1.5358361774744027,1.9965870307167235,3.0716723549488054,0.209281923890785,11.21160409556314,RM/RCM,68,89,13,79,100,53,55,84,37,92,100,89,13,29,13,16,29,26,32,63,37,95,24,74,53,32,13,47,26,95,42,89,89,21,89,13,58,58,87,74,71,89,79,32,79,13,58,84,53,21,58,21,84,100,79,11,21,13,16,11,11,32,53,21,47,11,32,53,32,13,47,26,95,42,89,89,16,79,13,32,37,84,58,53,74,58,Ekstraklasa
Legia Warszawa,d7udukc1t631drge83p7ucqws,agyszanu4n5mffzuen16mu28l,B. Kapustka,Bartosz Kapustka,29,Midfielder,Poland,Midfielder,112.0,190.0,20.0,299.0,6.0,0.0,45.0,9.0,690.0,11.0,3.0,0.0,11.0,14.0,5.0,9.0,7.0,10.0,10.0,2.0,1.0,4.0,12.0,7.0,9.0,0.0,85.43,64.52,21.43,70.0,28.57,60.0,75.0,42.86,0.8171073216717056,0.9276746096310254,8.0,21.0,0.55077348,19.0,22.0,33.0,1.017876769999999,143.0,14.608695652173912,24.78260869565217,2.608695652173913,39.0,0.7826086956521738,0.0,5.869565217391304,1.1739130434782608,1.434782608695652,0.3913043478260869,0.0,1.434782608695652,1.826086956521739,0.6521739130434783,1.1739130434782608,0.9130434782608696,1.3043478260869563,1.3043478260869563,0.2608695652173913,0.1304347826086956,0.5217391304347826,1.5652173913043477,0.9130434782608696,1.1739130434782608,0.0,85.43,64.52,21.43,70.0,28.57,60.0,75.0,42.86,0.1065792158702224,0.1210010360388294,1.0434782608695652,2.7391304347826084,0.0718400191304347,2.4782608695652173,2.869565217391304,4.304347826086956,0.1327665352173911,18.65217391304348,CM/AM,99,95,97,100,91,51,92,82,65,50,32,72,77,47,95,91,57,55,84,24,58,45,76,86,50,76,76,41,89,49,95,99,14,51,68,96,76,78,100,73,86,76,95,86,73,86,78,65,51,81,65,51,27,32,46,57,30,89,78,38,38,76,11,49,24,54,73,50,76,76,41,89,49,95,99,14,30,43,81,65,54,95,51,76,54,73,Ekstraklasa
Legia Warszawa,d7udukc1t631drge83p7ucqws,b696z8tm11j8bt8k9e3y5k251,R. Augustyniak,Rafal Augustyniak,32,Defender,Poland,Defender,256.0,191.0,31.0,447.0,35.0,0.0,67.0,38.0,720.0,10.0,0.0,1.0,6.0,15.0,9.0,6.0,1.0,6.0,6.0,3.0,7.0,4.0,18.0,5.0,10.0,0.0,91.6,64.58,0.0,83.33,26.67,66.34,74.47,58.82,1.2672063790469248,0.5513686613228362,5.0,15.0,0.34647294,7.0,41.0,48.0,0.7639330999999998,294.0,32.0,23.875,3.875,55.875,4.375,0.0,8.375,4.75,1.25,0.0,0.125,0.75,1.875,1.125,0.75,0.125,0.75,0.75,0.375,0.875,0.5,2.25,0.625,1.25,0.0,91.6,64.58,0.0,83.33,26.67,66.34,74.47,58.82,0.1584007973808656,0.0689210826653545,0.625,1.875,0.0433091175,0.875,5.125,6.0,0.0954916374999999,36.75,CB,92,100,98,100,100,46,100,74,94,32,84,94,95,94,100,64,95,92,100,71,99,89,99,96,51,90,92,32,75,62,85,85,48,95,95,100,94,95,92,98,98,88,100,70,95,92,90,95,46,100,35,90,32,79,82,95,89,98,50,92,90,100,45,99,81,98,90,51,90,92,32,75,62,85,85,48,92,80,95,82,82,82,92,95,68,90,Ekstraklasa
Legia Warszawa,d7udukc1t631drge83p7ucqws,bhh6z1ezmsngsu3isbsur2mp6,K. Piątkowski,Kamil Piatkowski,26,Defender,Poland,Defender,170.0,188.0,26.0,349.0,21.0,0.0,47.0,31.0,718.0,11.0,9.0,1.0,10.0,7.0,6.0,1.0,1.0,5.0,7.0,0.0,10.0,1.0,16.0,2.0,10.0,0.0,85.54,54.17,47.37,40.0,14.29,65.28,75.0,71.43,0.7098071946272266,1.191425659059412,1.0,26.0,0.61059197,17.0,34.0,52.0,2.1897552400000007,210.0,21.309192200557103,23.56545961002785,3.2590529247910864,43.74651810584958,2.632311977715877,0.0,5.891364902506964,3.885793871866295,1.3788300835654597,1.128133704735376,0.1253481894150417,1.2534818941504178,0.8774373259052924,0.7520891364902507,0.1253481894150417,0.1253481894150417,0.6267409470752089,0.8774373259052924,0.0,1.2534818941504178,0.1253481894150417,2.0055710306406684,0.2506963788300835,1.2534818941504178,0.0,85.54,54.17,47.37,40.0,14.29,65.28,75.0,71.43,0.088973046680293,0.1493430491857201,0.1253481894150417,3.2590529247910864,0.0765365979108635,2.13091922005571,4.26183844011142,6.518105849582173,0.2744818545961003,26.323119777158773,CB,68,98,95,86,81,46,95,54,98,100,84,99,88,82,72,64,92,95,35,91,57,84,85,96,51,42,80,82,55,46,80,88,69,78,100,72,100,100,100,95,100,100,85,32,92,85,57,68,46,88,18,92,100,85,100,68,70,68,52,88,92,35,72,48,72,70,92,51,42,80,82,55,46,80,88,69,62,100,62,98,98,100,80,98,100,55,Ekstraklasa
Legia Warszawa,d7udukc1t631drge83p7ucqws,cdlaj2gkmujqbd8ramh2490d0,W. Urbański,Wojciech Urbanski,21,Midfielder,Poland,Midfielder,55.0,107.0,3.0,160.0,4.0,0.0,21.0,2.0,424.0,8.0,2.0,0.0,5.0,7.0,1.0,6.0,3.0,10.0,10.0,0.0,1.0,1.0,10.0,3.0,3.0,0.0,86.02,30.0,40.0,30.0,14.29,38.18,28.57,42.86,0.718319578084332,0.3671725703239605,4.0,9.0,0.20082869,3.0,21.0,17.0,0.5087678700000001,86.0,11.674528301886792,22.7122641509434,0.6367924528301887,33.9622641509434,0.8490566037735848,0.0,4.4575471698113205,0.4245283018867924,1.6981132075471697,0.4245283018867924,0.0,1.0613207547169812,1.4858490566037736,0.2122641509433962,1.2735849056603774,0.6367924528301887,2.1226415094339623,2.1226415094339623,0.0,0.2122641509433962,0.2122641509433962,2.1226415094339623,0.6367924528301887,0.6367924528301887,0.0,86.02,30.0,40.0,30.0,14.29,38.18,28.57,42.86,0.1524734953480893,0.0779375738895199,0.8490566037735848,1.910377358490566,0.0426287313679245,0.6367924528301887,4.4575471698113205,3.608490566037736,0.1079931799528302,18.25471698113208,CM/AM,64,54,27,57,62,51,41,16,55,32,32,34,36,14,77,55,57,55,30,24,28,38,36,36,50,81,14,92,16,24,19,28,14,38,27,54,31,30,28,70,50,38,57,62,65,22,65,78,51,51,22,59,32,32,27,35,16,92,57,73,70,30,24,27,38,35,43,50,81,14,92,16,24,19,28,14,59,22,68,35,24,32,86,54,43,70,Ekstraklasa
Legia Warszawa,d7udukc1t631drge83p7ucqws,ddm4fhd76z8q200loyjq0k9p0,R. Deziel,Robert Deziel,21,Midfielder,USA,Midfielder,162.0,152.0,9.0,314.0,15.0,1.0,30.0,29.0,614.0,4.0,0.0,0.0,3.0,1.0,0.0,1.0,1.0,1.0,1.0,0.0,3.0,0.0,1.0,1.0,6.0,0.0,87.71,36.0,0.0,100.0,0.0,54.55,45.45,60.0,0.0387519460134933,0.1282505249968908,1.0,12.0,0.22532659,8.0,35.0,19.0,0.5154806900000001,178.0,23.745928338762216,22.28013029315961,1.3192182410423454,46.02605863192183,2.198697068403909,0.1465798045602606,4.397394136807818,4.250814332247558,0.5863192182410424,0.0,0.0,0.4397394136807818,0.1465798045602606,0.0,0.1465798045602606,0.1465798045602606,0.1465798045602606,0.1465798045602606,0.0,0.4397394136807818,0.0,0.1465798045602606,0.1465798045602606,0.8794788273615636,0.0,87.71,36.0,0.0,100.0,0.0,54.55,45.45,60.0,0.0056802526729876,0.018798936888795,0.1465798045602606,1.7589576547231272,0.0330283275244299,1.1726384364820848,5.130293159609121,2.785016286644951,0.0755590587947882,26.091205211726383,LM/LCM,100,94,88,100,94,94,56,97,22,6,28,22,6,6,28,28,12,12,22,56,12,6,16,78,53,100,31,6,100,12,88,38,62,6,12,25,44,25,81,100,94,38,100,94,88,69,100,94,94,38,94,6,6,28,19,6,6,12,12,12,12,22,38,12,6,12,62,53,100,31,6,100,12,88,38,62,6,12,19,25,19,62,100,69,6,100,Ekstraklasa
Legia Warszawa,d7udukc1t631drge83p7ucqws,ia3hjam4mh5lb75luc8mrnbp,D. Szymański,Damian Szymanski,31,Midfielder,Poland,Midfielder,117.0,99.0,5.0,213.0,6.0,0.0,18.0,7.0,323.0,4.0,3.0,0.0,5.0,3.0,2.0,1.0,0.0,2.0,2.0,0.0,3.0,1.0,6.0,2.0,1.0,0.0,84.52,27.78,60.0,100.0,33.33,60.0,60.0,16.67,0.2962591646007094,0.4949694525674131,1.0,17.0,0.36930509,7.0,17.0,18.0,0.3908642599999999,107.0,32.60061919504644,27.58513931888545,1.393188854489164,59.34984520123839,1.671826625386997,0.0,5.015479876160991,1.9504643962848296,1.1145510835913313,0.8359133126934984,0.0,1.393188854489164,0.8359133126934984,0.5572755417956656,0.2786377708978328,0.0,0.5572755417956656,0.5572755417956656,0.0,0.8359133126934984,0.2786377708978328,1.671826625386997,0.5572755417956656,0.2786377708978328,0.0,84.52,27.78,60.0,100.0,33.33,60.0,60.0,16.67,0.0825489932323958,0.1379171849259045,0.2786377708978328,4.7368421052631575,0.1029023470588235,1.9504643962848296,4.7368421052631575,5.015479876160991,0.1089095461300309,29.81424148606811,DM/CM,85,52,29,70,64,50,44,33,38,77,41,70,32,76,17,23,30,27,44,18,53,62,59,11,52,45,6,91,94,71,91,82,6,45,73,29,85,85,89,53,62,27,58,100,82,30,94,70,50,70,42,55,85,41,82,36,79,15,23,36,36,44,27,61,73,67,12,52,45,6,91,94,71,91,82,6,67,85,33,100,100,91,64,73,33,88,Ekstraklasa
Górnik Zabrze,awc8tinkh5u7cy58a00ohg6al,1pydinjl2lotah04k7jp0uthx,R. Janicki,Rafal Janicki,34,Defender,Poland,Defender,160.0,139.0,20.0,299.0,26.0,0.0,37.0,54.0,630.0,5.0,0.0,2.0,3.0,5.0,5.0,0.0,0.0,0.0,0.0,1.0,7.0,2.0,9.0,0.0,3.0,0.0,86.67,39.22,0.0,0.0,40.0,72.55,76.47,50.0,0.7855693311251037,0.3346195599262735,0.0,7.0,0.13262579,2.0,20.0,23.0,0.64979833,213.0,22.857142857142858,19.857142857142858,2.857142857142857,42.71428571428572,3.7142857142857135,0.0,5.285714285714286,7.714285714285714,0.7142857142857143,0.0,0.2857142857142857,0.4285714285714285,0.7142857142857143,0.7142857142857143,0.0,0.0,0.0,0.0,0.1428571428571428,1.0,0.2857142857142857,1.2857142857142858,0.0,0.4285714285714285,0.0,86.67,39.22,0.0,0.0,40.0,72.55,76.47,50.0,0.1122241901607291,0.0478027942751819,0.0,1.0,0.0189465414285714,0.2857142857142857,2.857142857142857,3.2857142857142856,0.0928283328571428,30.428571428571427,CB,62,92,84,70,90,46,84,98,76,32,98,72,66,71,32,25,18,15,81,71,82,65,25,49,51,52,40,32,25,82,100,90,32,85,80,30,69,65,55,69,80,75,88,40,80,69,48,88,46,76,92,65,32,95,68,52,65,32,25,18,15,76,54,75,57,25,34,51,52,40,32,25,82,100,90,32,75,78,30,62,52,46,52,57,65,75,Ekstraklasa
Górnik Zabrze,awc8tinkh5u7cy58a00ohg6al,4m5xmjs8kblkhu9n3ytkub3kl,L. Sadílek,Lukás Sadílek,30,Midfielder,Czechia,Midfielder,29.0,68.0,2.0,96.0,5.0,0.0,15.0,4.0,301.0,4.0,1.0,0.0,1.0,2.0,1.0,1.0,0.0,2.0,2.0,1.0,4.0,1.0,9.0,1.0,3.0,0.0,82.76,40.0,20.0,50.0,50.0,57.69,0.0,60.0,0.1949906754602977,0.0687218990147793,1.0,4.0,0.12744931,5.0,10.0,8.0,0.3933996399999999,49.0,8.67109634551495,20.33222591362126,0.5980066445182725,28.70431893687708,1.495016611295681,0.0,4.485049833887043,1.196013289036545,1.196013289036545,0.2990033222591362,0.0,0.2990033222591362,0.5980066445182725,0.2990033222591362,0.2990033222591362,0.0,0.5980066445182725,0.5980066445182725,0.2990033222591362,1.196013289036545,0.2990033222591362,2.691029900332226,0.2990033222591362,0.8970099667774086,0.0,82.76,40.0,20.0,50.0,50.0,57.69,0.0,60.0,0.058302859772182,0.0205480761173758,0.2990033222591362,1.196013289036545,0.0381077671096345,1.495016611295681,2.990033222591362,2.39202657807309,0.1176277993355481,14.651162790697674,RM/RCM,42,53,37,58,71,53,26,47,53,26,34,11,13,11,32,16,8,8,76,53,37,29,24,39,53,58,45,37,68,95,82,11,71,16,11,32,16,26,63,68,39,26,58,58,68,37,74,79,53,42,47,58,32,34,11,21,16,37,16,5,5,74,74,42,37,32,53,53,58,45,37,68,95,82,11,71,21,11,37,16,26,79,68,37,32,68,Ekstraklasa
Górnik Zabrze,awc8tinkh5u7cy58a00ohg6al,4y3cnggbwb92ajx8a01p03ydx,Josema,José Manuel Sánchez Guillén,30,Defender,Spain,Defender,113.0,121.0,33.0,233.0,7.0,0.0,22.0,36.0,540.0,2.0,1.0,0.0,0.0,2.0,2.0,0.0,0.0,4.0,4.0,1.0,15.0,2.0,3.0,2.0,7.0,0.0,81.47,50.0,25.0,50.0,100.0,53.66,43.75,63.64,0.2245066072570428,0.0,0.0,12.0,0.2580191099999999,9.0,43.0,44.0,0.6564760799999999,168.0,18.83333333333333,20.166666666666668,5.5,38.833333333333336,1.1666666666666667,0.0,3.6666666666666665,6.0,0.3333333333333333,0.1666666666666666,0.0,0.0,0.3333333333333333,0.3333333333333333,0.0,0.0,0.6666666666666666,0.6666666666666666,0.1666666666666666,2.5,0.3333333333333333,0.5,0.3333333333333333,1.1666666666666667,0.0,81.47,50.0,25.0,50.0,100.0,53.66,43.75,63.64,0.0374177678761738,0.0,0.0,2.0,0.0430031849999999,1.5,7.166666666666667,7.333333333333333,0.1094126799999999,28.0,CB,38,81,100,57,29,46,54,62,39,76,38,11,35,46,32,25,89,88,81,100,82,25,85,90,51,20,69,70,62,96,35,28,52,38,12,30,86,85,98,100,95,78,65,20,82,100,35,22,46,38,61,30,71,38,11,26,39,32,25,90,88,80,100,86,20,88,85,51,20,69,70,62,96,35,28,52,32,12,30,85,80,98,100,100,75,60,Ekstraklasa
Górnik Zabrze,awc8tinkh5u7cy58a00ohg6al,5qkrvap53rnhyuujxc4yb597t,M. Sáček,Michal Sácek,29,Defender,Czechia,Defender,93.0,125.0,5.0,215.0,2.0,1.0,25.0,20.0,539.0,4.0,3.0,0.0,4.0,0.0,0.0,0.0,0.0,7.0,7.0,0.0,12.0,0.0,8.0,2.0,12.0,0.0,87.76,27.78,27.27,28.57,0.0,49.02,28.57,70.59,0.0,0.3669245150648214,0.0,13.0,0.28955273,8.0,20.0,21.0,0.6017790300000002,105.0,15.528756957328383,20.87198515769944,0.8348794063079777,35.89981447124304,0.3339517625231911,0.1669758812615955,4.174397031539889,3.339517625231911,0.6679035250463822,0.5009276437847866,0.0,0.6679035250463822,0.0,0.0,0.0,0.0,1.1688311688311688,1.1688311688311688,0.0,2.0037105751391464,0.0,1.3358070500927643,0.3339517625231911,2.0037105751391464,0.0,87.76,27.78,27.27,28.57,0.0,49.02,28.57,70.59,0.0,0.0612675442594321,0.0,2.170686456400742,0.0483483222634508,1.3358070500927643,3.339517625231911,3.5064935064935066,0.1004825838589981,17.532467532467532,RB/RCB,50,77,35,69,23,92,58,58,52,63,37,52,13,19,27,35,77,75,46,100,33,69,67,96,52,69,23,63,33,33,31,19,73,13,50,29,71,69,96,69,71,42,65,38,77,19,50,8,92,46,50,42,54,37,38,13,19,27,35,77,73,46,96,33,54,62,96,52,69,23,63,33,33,31,19,73,13,46,29,65,62,85,65,58,35,54,Ekstraklasa
Górnik Zabrze,awc8tinkh5u7cy58a00ohg6al,6jhb608ylhctgevyeknf9pjo5,E. Janža,Erik Janza,33,Defender,Slovenia,Defender,59.0,127.0,11.0,174.0,5.0,0.0,21.0,16.0,455.0,6.0,12.0,2.0,16.0,1.0,1.0,0.0,0.0,0.0,0.0,0.0,4.0,1.0,6.0,0.0,4.0,0.0,77.68,45.83,33.33,0.0,100.0,53.85,38.46,40.0,0.0669018687607488,1.807696655834075,0.0,8.0,0.23248541,8.0,20.0,30.0,1.4568243000000003,86.0,11.670329670329672,25.12087912087912,2.175824175824176,34.417582417582416,0.989010989010989,0.0,4.153846153846154,3.164835164835165,1.1868131868131868,2.3736263736263736,0.3956043956043956,3.164835164835165,0.1978021978021978,0.1978021978021978,0.0,0.0,0.0,0.0,0.0,0.7912087912087913,0.1978021978021978,1.1868131868131868,0.0,0.7912087912087913,0.0,77.68,45.83,33.33,0.0,100.0,53.85,38.46,40.0,0.0132333366779503,0.3575663714836632,0.0,1.5824175824175826,0.045986125054945,1.5824175824175826,3.956043956043956,5.934065934065934,0.2881630483516484,17.01098901098901,LB/LCB,26,83,70,48,57,50,39,48,65,89,91,93,9,22,20,15,9,9,37,46,46,35,15,46,52,22,61,72,15,100,57,39,15,4,96,20,59,57,87,72,87,96,39,22,100,70,52,52,50,39,48,70,96,96,100,4,22,20,15,9,9,37,52,48,43,15,35,52,22,61,72,15,100,57,39,15,4,100,20,57,61,91,70,83,100,61,Ekstraklasa
Górnik Zabrze,awc8tinkh5u7cy58a00ohg6al,8vwuy6oete4o3tiqrekafz3ai,S. Liseth,Sondre Liseth,28,Attacker,Norway,Striker,6.0,34.0,2.0,40.0,1.0,0.0,25.0,1.0,248.0,17.0,0.0,0.0,4.0,6.0,6.0,0.0,2.0,5.0,5.0,0.0,1.0,2.0,19.0,4.0,2.0,0.0,76.92,66.67,0.0,80.0,33.33,54.35,16.67,66.67,0.7329261931025047,0.3367525772640586,1.0,3.0,0.09578255,0.0,4.0,2.0,0.17934054,10.0,2.177419354838709,12.338709677419354,0.7258064516129032,14.516129032258064,0.3629032258064516,0.0,9.07258064516129,0.3629032258064516,6.169354838709677,0.0,0.0,1.4516129032258065,2.177419354838709,2.177419354838709,0.0,0.7258064516129032,1.814516129032258,1.814516129032258,0.0,0.3629032258064516,0.7258064516129032,6.895161290322581,1.4516129032258065,0.7258064516129032,0.0,76.92,66.67,0.0,80.0,33.33,54.35,16.67,66.67,0.2659812797549412,0.1222085965877632,0.3629032258064516,1.0887096774193548,0.0347597963709677,0.0,1.4516129032258065,0.7258064516129032,0.0650832604838709,3.629032258064516,CM/AM,3,5,16,5,12,51,54,7,89,7,32,26,31,53,8,39,23,19,30,24,43,70,49,19,50,30,86,7,96,61,84,14,59,41,24,19,9,14,3,12,3,3,3,3,11,32,8,27,51,100,8,100,7,32,49,73,84,8,65,57,43,30,43,65,95,86,46,50,30,86,7,96,61,84,14,59,70,49,24,11,22,3,27,3,8,3,Ekstraklasa
Górnik Zabrze,awc8tinkh5u7cy58a00ohg6al,9jh6n6ztbudt5aluf0ibzls6h,E. Prekop,Erik Prekop,28,Attacker,Slovakia,Striker,4.0,16.0,1.0,20.0,7.0,0.0,13.0,3.0,215.0,5.0,0.0,0.0,1.0,6.0,6.0,0.0,2.0,3.0,3.0,2.0,0.0,3.0,15.0,1.0,0.0,0.0,71.43,100.0,0.0,33.33,50.0,34.21,36.84,0.0,0.8825188370070974,0.0669018687607488,0.0,2.0,0.07876287,0.0,0.0,2.0,0.04340495,8.0,1.6744186046511629,6.697674418604652,0.4186046511627907,8.372093023255815,2.9302325581395348,0.0,5.441860465116279,1.255813953488372,2.0930232558139537,0.0,0.0,0.4186046511627907,2.511627906976744,2.511627906976744,0.0,0.8372093023255814,1.255813953488372,1.255813953488372,0.8372093023255814,0.0,1.255813953488372,6.279069767441861,0.4186046511627907,0.0,0.0,71.43,100.0,0.0,33.33,50.0,34.21,36.84,0.0,0.3694264899099477,0.028005433434732,0.0,0.8372093023255814,0.0329705037209302,0.0,0.0,0.8372093023255814,0.0181695139534883,3.3488372093023258,ST,3,12,41,3,45,50,20,32,38,29,38,6,11,14,11,18,30,27,70,20,30,17,26,11,52,55,94,29,27,95,18,30,11,21,15,6,20,20,9,9,17,12,12,3,30,61,21,73,50,55,67,79,29,38,9,30,61,11,64,55,48,97,20,70,76,42,11,52,55,94,29,27,95,18,30,11,70,21,6,55,55,9,9,39,15,33,Ekstraklasa
Górnik Zabrze,awc8tinkh5u7cy58a00ohg6al,9l522d50o2l6kcd5p6sc162tx,J. Kubicki,Jaroslaw Kubicki,31,Midfielder,Poland,Midfielder,44.0,53.0,3.0,97.0,1.0,0.0,8.0,6.0,261.0,3.0,0.0,0.0,2.0,2.0,2.0,0.0,1.0,2.0,2.0,0.0,3.0,0.0,6.0,1.0,3.0,0.0,85.84,37.5,0.0,50.0,0.0,28.57,12.5,100.0,0.2883571152296438,0.1096282783294717,0.0,0.0,0.0,2.0,13.0,7.0,0.21901887,64.0,15.172413793103448,18.27586206896552,1.0344827586206895,33.44827586206897,0.3448275862068966,0.0,2.7586206896551726,2.0689655172413794,1.0344827586206895,0.0,0.0,0.6896551724137931,0.6896551724137931,0.6896551724137931,0.0,0.3448275862068966,0.6896551724137931,0.6896551724137931,0.0,1.0344827586206895,0.0,2.0689655172413794,0.3448275862068966,1.0344827586206895,0.0,85.84,37.5,0.0,50.0,0.0,28.57,12.5,100.0,0.099433488010222,0.0378028545963695,0.0,0.0,0.0,0.6896551724137931,4.482758620689656,2.413793103448276,0.075523748275862,22.06896551724138,CM/AM,51,11,27,31,12,51,5,64,22,7,32,5,8,23,8,16,9,8,30,64,11,20,11,36,50,78,16,7,50,11,5,8,96,11,3,5,3,3,18,50,12,5,47,89,38,54,62,24,51,16,89,32,7,32,14,14,35,8,32,14,8,30,92,11,35,19,65,50,78,16,7,50,11,5,8,96,27,8,5,3,3,35,89,32,16,89,Ekstraklasa
Górnik Zabrze,awc8tinkh5u7cy58a00ohg6al,aw07l5d6hk6ucyazu1damahp0,Y. Ikia Dimi,Yvan Ikia Dimi,21,Midfielder,France,Midfielder,16.0,57.0,4.0,71.0,2.0,0.0,22.0,2.0,271.0,5.0,2.0,0.0,6.0,5.0,3.0,2.0,2.0,14.0,16.0,1.0,1.0,1.0,15.0,6.0,4.0,0.0,86.59,50.0,28.57,42.86,20.0,42.31,28.57,44.44,0.3419901384239726,0.4913624370882545,3.0,25.0,0.7339272599999997,5.0,6.0,5.0,0.46764734,30.0,5.313653136531365,18.929889298892988,1.328413284132841,23.57933579335793,0.6642066420664207,0.0,7.306273062730628,0.6642066420664207,1.6605166051660516,0.6642066420664207,0.0,1.992619926199262,1.6605166051660516,0.996309963099631,0.6642066420664207,0.6642066420664207,4.649446494464945,5.313653136531365,0.3321033210332103,0.3321033210332103,0.3321033210332103,4.981549815498156,1.992619926199262,1.328413284132841,0.0,86.59,50.0,28.57,42.86,20.0,42.31,28.57,44.44,0.1135760607312086,0.1631830971879812,0.996309963099631,8.302583025830259,0.2437396804428043,1.6605166051660516,1.992619926199262,1.6605166051660516,0.1553072346863468,9.963099630996313,RM/RCM,11,37,55,21,32,53,66,16,63,45,34,66,39,47,42,61,87,89,76,16,37,74,84,58,53,84,74,58,53,32,24,37,32,42,68,45,89,89,63,39,21,37,24,16,53,63,42,42,53,89,21,68,53,34,74,53,47,42,68,89,89,79,11,53,95,89,95,53,84,74,58,53,32,24,37,32,42,68,58,95,95,89,53,21,42,37,Ekstraklasa
Górnik Zabrze,awc8tinkh5u7cy58a00ohg6al,efow9aip64uaszfwxh1j0l6y2,K. Urbański,Kacper Urbanski,22,Midfielder,Poland,Midfielder,87.0,200.0,11.0,283.0,10.0,0.0,37.0,10.0,615.0,9.0,4.0,1.0,6.0,15.0,7.0,8.0,5.0,18.0,18.0,3.0,13.0,6.0,16.0,12.0,4.0,0.0,85.76,52.38,19.05,66.67,40.0,51.39,58.82,66.67,0.890502288216894,0.7376186602439293,6.0,22.0,0.5348069699999999,10.0,13.0,17.0,1.0633045500000002,149.0,12.731707317073171,29.26829268292683,1.6097560975609757,41.41463414634146,1.4634146341463414,0.0,5.414634146341464,1.4634146341463414,1.3170731707317074,0.5853658536585367,0.1463414634146341,0.8780487804878049,2.1951219512195124,1.024390243902439,1.170731707317073,0.7317073170731707,2.6341463414634148,2.6341463414634148,0.4390243902439024,1.902439024390244,0.8780487804878049,2.341463414634146,1.7560975609756098,0.5853658536585367,0.0,85.76,52.38,19.05,66.67,40.0,51.39,58.82,66.67,0.1303174080317406,0.1079441941820384,0.8780487804878049,3.2195121951219514,0.0782644346341463,1.4634146341463414,1.902439024390244,2.4878048780487805,0.155605543902439,21.804878048780488,LM/LCM,88,100,97,94,88,47,88,78,59,84,72,47,84,72,88,88,81,78,94,100,88,56,94,53,53,88,69,50,88,69,62,75,81,62,62,78,88,69,94,88,84,75,94,81,100,94,88,78,47,62,69,44,62,56,31,69,50,75,78,50,50,94,100,75,31,75,50,53,88,69,50,88,69,62,75,81,38,31,62,62,44,88,69,50,56,88,Ekstraklasa
Górnik Zabrze,awc8tinkh5u7cy58a00ohg6al,ehcqaw2t427um4y3kxhtb9i0a,M. Khlan,Maksym Khlan,23,Midfielder,Ukraine,Midfielder,35.0,104.0,4.0,138.0,2.0,0.0,22.0,6.0,588.0,7.0,1.0,0.0,8.0,26.0,9.0,17.0,6.0,11.0,13.0,1.0,4.0,9.0,29.0,6.0,5.0,1.0,73.02,40.0,8.33,54.55,34.62,39.29,25.0,71.43,1.7857925540132331,0.6691532694561164,15.0,22.0,0.6833207,6.0,11.0,16.0,0.5939099200000002,56.0,5.357142857142858,15.918367346938776,0.6122448979591837,21.12244897959184,0.3061224489795918,0.0,3.36734693877551,0.9183673469387756,1.0714285714285714,0.1530612244897959,0.0,1.2244897959183674,3.979591836734694,1.3775510204081634,2.6020408163265305,0.9183673469387756,1.683673469387755,1.989795918367347,0.1530612244897959,0.6122448979591837,1.3775510204081634,4.438775510204081,0.9183673469387756,0.7653061224489796,0.1530612244897959,73.02,40.0,8.33,54.55,34.62,39.29,25.0,71.43,0.2733355950020255,0.1024214187943035,2.295918367346939,3.36734693877551,0.1045899030612245,0.9183673469387756,1.683673469387755,2.4489795918367347,0.0909045795918367,8.571428571428571,CM/AM,41,51,39,50,31,51,43,64,45,18,32,51,100,78,100,86,69,76,69,77,99,85,69,61,100,8,19,16,70,68,27,20,68,92,49,100,80,95,54,43,46,49,41,27,32,19,27,22,51,24,51,35,14,32,38,97,68,97,81,51,54,70,70,89,78,57,49,100,8,19,16,70,68,27,20,68,76,27,97,70,89,46,30,35,27,24,Ekstraklasa
Górnik Zabrze,awc8tinkh5u7cy58a00ohg6al,ejrke7z9ve17jhj7x4glh206i,P. González,Peter González,24,Midfielder,Dominican Republic,Midfielder,24.0,75.0,3.0,98.0,2.0,0.0,21.0,4.0,337.0,13.0,1.0,0.0,2.0,11.0,5.0,6.0,4.0,11.0,11.0,2.0,6.0,3.0,14.0,1.0,2.0,0.0,82.35,75.0,7.14,9.09,27.27,45.65,25.0,40.0,0.8440808586106597,0.2276682853976751,6.0,16.0,0.5512294500000001,5.0,6.0,12.0,0.27228171,32.0,6.4094955489614245,20.02967359050445,0.8011869436201781,26.172106824925816,0.5341246290801187,0.0,5.608308605341247,1.0682492581602374,3.471810089020772,0.2670623145400593,0.0,0.5341246290801187,2.9376854599406528,1.3353115727002969,1.602373887240356,1.0682492581602374,2.9376854599406528,2.9376854599406528,0.5341246290801187,1.602373887240356,0.8011869436201781,3.738872403560831,0.2670623145400593,0.5341246290801187,0.0,82.35,75.0,7.14,9.09,27.27,45.65,25.0,40.0,0.2254221877595233,0.0608016192456699,1.602373887240356,4.27299703264095,0.1472126127596439,1.3353115727002969,1.602373887240356,3.204747774480712,0.0727161836795252,8.5459940652819,RM/RCM,32,63,47,63,32,53,55,47,89,26,34,16,87,71,89,84,76,74,95,76,84,66,24,24,53,53,100,21,11,55,58,26,18,89,26,87,84,84,63,39,47,16,32,26,63,47,63,26,53,68,37,100,26,34,16,84,74,89,79,79,68,100,84,84,74,21,21,53,53,100,21,11,55,58,26,18,84,32,84,84,89,68,37,58,16,21,Ekstraklasa
Górnik Zabrze,awc8tinkh5u7cy58a00ohg6al,elnhkklafq2cwl0hit66b5vmy,J. Antiste,Janis Antiste,24,Attacker,Martinique,Striker,20.0,15.0,0.0,35.0,6.0,0.0,17.0,0.0,237.0,6.0,0.0,0.0,3.0,4.0,4.0,0.0,0.0,3.0,3.0,1.0,2.0,2.0,6.0,1.0,2.0,0.0,68.63,0.0,0.0,33.33,50.0,48.57,37.5,50.0,0.7152924811812233,0.1593858341507848,0.0,1.0,0.01689528,0.0,2.0,2.0,0.06910128,12.0,7.59493670886076,5.69620253164557,0.0,13.291139240506327,2.278481012658228,0.0,6.455696202531645,0.0,2.278481012658228,0.0,0.0,1.139240506329114,1.518987341772152,1.518987341772152,0.0,0.0,1.139240506329114,1.139240506329114,0.379746835443038,0.759493670886076,0.759493670886076,2.278481012658228,0.379746835443038,0.759493670886076,0.0,68.63,0.0,0.0,33.33,50.0,48.57,37.5,50.0,0.2716300561447684,0.0605262661332094,0.0,0.379746835443038,0.006415929113924,0.0,0.759493670886076,0.759493670886076,0.0262409924050632,4.556962025316456,ST,62,9,17,18,38,50,33,5,52,29,38,36,5,6,11,3,30,27,48,71,20,6,26,62,52,45,17,29,27,95,76,33,44,12,27,6,9,6,9,33,17,18,29,88,24,17,55,58,50,79,5,85,29,38,73,3,15,11,3,48,42,64,94,36,6,33,85,52,45,17,29,27,95,76,33,44,36,39,6,15,9,9,48,33,24,55,Ekstraklasa
Górnik Zabrze,awc8tinkh5u7cy58a00ohg6al,ey0bk9dlqjwsc1aserql73aei,Paulo Bernardo,Paulo Guilherme Gonçalves Bernardo,24,Midfielder,Portugal,Midfielder,39.0,72.0,3.0,109.0,9.0,0.0,27.0,5.0,423.0,2.0,2.0,0.0,4.0,4.0,2.0,2.0,2.0,10.0,10.0,0.0,2.0,1.0,15.0,5.0,11.0,0.0,82.58,60.0,15.38,50.0,25.0,50.0,52.94,100.0,0.3108199353721786,0.5275091594632865,0.0,6.0,0.13160038,4.0,8.0,9.0,0.5096102399999999,47.0,8.297872340425531,15.319148936170212,0.6382978723404255,23.19148936170213,1.9148936170212765,0.0,5.74468085106383,1.0638297872340423,0.425531914893617,0.425531914893617,0.0,0.851063829787234,0.851063829787234,0.425531914893617,0.425531914893617,0.425531914893617,2.127659574468085,2.127659574468085,0.0,0.425531914893617,0.2127659574468085,3.191489361702128,1.0638297872340423,2.3404255319148937,0.0,82.58,60.0,15.38,50.0,25.0,50.0,52.94,100.0,0.0661319011430167,0.1122359913751673,0.0,1.276595744680851,0.0280000808510638,0.851063829787234,1.702127659574468,1.9148936170212765,0.1084277106382978,10.0,CM/AM,43,32,27,38,97,51,64,50,12,32,32,26,19,23,26,39,57,55,30,47,28,58,59,96,50,62,58,27,50,39,66,81,96,14,38,5,22,22,41,31,24,41,32,49,30,24,35,97,51,76,59,11,35,32,24,19,22,27,43,76,73,30,57,30,54,73,97,50,62,58,27,50,39,66,81,96,14,32,5,22,16,43,32,24,46,35,Ekstraklasa
Raków Częstochowa,1sxaf8l7fknmucd72fdretogm,1gr11akl4bnu1hiyftyj3eoyd,V. Kochergin,Vladyslav Kochergin,30,Midfielder,Ukraine,Midfielder,55.0,119.0,7.0,170.0,2.0,0.0,11.0,6.0,387.0,2.0,4.0,2.0,8.0,5.0,2.0,3.0,1.0,5.0,5.0,0.0,3.0,0.0,4.0,3.0,2.0,0.0,78.7,41.18,33.33,60.0,0.0,45.83,50.0,50.0,0.3827086604471546,0.7186093642011571,5.0,27.0,0.6316191899999998,11.0,15.0,24.0,0.71704033,92.0,12.790697674418606,27.67441860465116,1.627906976744186,39.53488372093023,0.4651162790697674,0.0,2.558139534883721,1.3953488372093024,0.4651162790697674,0.9302325581395348,0.4651162790697674,1.8604651162790693,1.162790697674419,0.4651162790697674,0.6976744186046512,0.2325581395348837,1.162790697674419,1.162790697674419,0.0,0.6976744186046512,0.0,0.9302325581395348,0.6976744186046512,0.4651162790697674,0.0,78.7,41.18,33.33,60.0,0.0,45.83,50.0,50.0,0.0890020140574778,0.1671184567909667,1.162790697674419,6.279069767441861,0.1468881837209301,2.558139534883721,3.488372093023256,5.5813953488372094,0.1667535651162791,21.395348837209305,CM/AM,64,62,58,59,31,51,14,64,12,62,85,51,26,23,38,16,23,19,30,64,11,15,36,19,50,38,22,77,77,11,46,72,27,22,54,69,95,89,82,55,69,57,62,68,86,68,81,41,51,14,76,16,68,92,68,22,24,59,22,30,30,30,73,11,16,38,22,50,38,22,77,77,11,46,72,27,24,65,89,97,97,100,68,86,76,84,Ekstraklasa
Raków Częstochowa,1sxaf8l7fknmucd72fdretogm,1twwa4su6kcwwisd1fzlbq3th,Jean Carlos,Jean Carlos Silva Rocha,30,Midfielder,Spain,Midfielder,85.0,103.0,4.0,185.0,7.0,0.0,40.0,14.0,546.0,12.0,3.0,1.0,7.0,7.0,6.0,1.0,2.0,12.0,14.0,0.0,10.0,2.0,16.0,9.0,6.0,0.0,81.86,40.0,17.65,75.0,28.57,72.73,70.0,50.0,0.5670892389246633,0.8247699631321622,3.0,23.0,0.55549168,2.0,15.0,16.0,1.3947367900000005,75.0,14.010989010989013,16.978021978021978,0.6593406593406593,30.494505494505496,1.153846153846154,0.0,6.593406593406594,2.307692307692308,1.978021978021978,0.4945054945054945,0.1648351648351648,1.153846153846154,1.153846153846154,0.989010989010989,0.1648351648351648,0.3296703296703296,1.978021978021978,2.307692307692308,0.0,1.6483516483516485,0.3296703296703296,2.6373626373626373,1.4835164835164836,0.989010989010989,0.0,81.86,40.0,17.65,75.0,28.57,72.73,70.0,50.0,0.093476248174395,0.1359510928239828,0.4945054945054945,3.791208791208792,0.0915645626373626,0.3296703296703296,2.4725274725274726,2.6373626373626373,0.2299016686813187,12.362637362637363,LM/LCM,81,88,53,81,69,47,100,88,91,66,72,59,50,62,28,56,56,56,22,94,41,56,75,78,53,69,38,41,94,44,100,100,34,31,75,53,94,81,25,94,72,100,81,88,75,44,75,62,47,81,88,81,50,62,44,31,44,25,50,38,38,22,94,31,38,62,75,53,69,38,41,94,44,100,100,34,19,69,44,88,62,19,81,62,88,75,Ekstraklasa
Raków Częstochowa,1sxaf8l7fknmucd72fdretogm,2gdzp0ijdj23owec5rprnn696,B. Racovițan,Bogdan Racovitan,26,Defender,Romania,Defender,244.0,137.0,6.0,381.0,8.0,0.0,26.0,31.0,630.0,10.0,0.0,0.0,2.0,2.0,2.0,0.0,0.0,2.0,2.0,0.0,6.0,0.0,3.0,2.0,5.0,0.0,92.48,30.0,0.0,100.0,0.0,55.32,40.0,83.33,0.1712541816595041,0.1266567632407813,0.0,6.0,0.1074832,1.0,22.0,20.0,0.4968076199999998,269.0,34.857142857142854,19.571428571428573,0.8571428571428571,54.42857142857143,1.1428571428571428,0.0,3.7142857142857135,4.428571428571429,1.4285714285714286,0.0,0.0,0.2857142857142857,0.2857142857142857,0.2857142857142857,0.0,0.0,0.2857142857142857,0.2857142857142857,0.0,0.8571428571428571,0.0,0.4285714285714285,0.2857142857142857,0.7142857142857143,0.0,92.48,30.0,0.0,100.0,0.0,55.32,40.0,83.33,0.0244648830942148,0.0180938233201116,0.0,0.8571428571428571,0.0153547428571428,0.1428571428571428,3.142857142857143,2.857142857142857,0.0709725171428571,38.42857142857143,CB,88,90,22,92,38,46,57,54,94,32,38,56,35,46,32,25,69,68,35,61,22,25,85,70,51,92,10,32,89,22,45,22,84,28,60,30,61,52,39,80,69,60,98,85,78,12,85,19,46,40,28,95,32,38,45,20,32,32,25,60,55,35,40,22,15,76,54,51,92,10,32,89,22,45,22,84,22,60,30,55,38,35,62,45,42,92,Ekstraklasa
Raków Częstochowa,1sxaf8l7fknmucd72fdretogm,3q41jqz0k88hrebr5id0k7zai,P. Makuch,Patryk Makuch,27,Attacker,Poland,Striker,34.0,89.0,4.0,121.0,26.0,0.0,42.0,8.0,590.0,11.0,2.0,0.0,6.0,21.0,18.0,3.0,3.0,6.0,6.0,4.0,3.0,9.0,30.0,2.0,2.0,0.0,74.69,66.67,25.0,33.33,42.86,56.76,65.0,66.67,2.125938627372014,0.4912150012170913,2.0,12.0,0.31965296,5.0,10.0,11.0,0.34223746,56.0,5.186440677966102,13.576271186440678,0.6101694915254238,18.45762711864407,3.9661016949152543,0.0,6.406779661016949,1.2203389830508475,1.6779661016949152,0.3050847457627119,0.0,0.9152542372881356,3.2033898305084745,2.745762711864407,0.4576271186440678,0.4576271186440678,0.9152542372881356,0.9152542372881356,0.6101694915254238,0.4576271186440678,1.3728813559322035,4.576271186440678,0.3050847457627119,0.3050847457627119,0.0,74.69,66.67,25.0,33.33,42.86,56.76,65.0,66.67,0.3242957228194598,0.0749311018805732,0.3050847457627119,1.8305084745762712,0.0487606210169491,0.7627118644067797,1.5254237288135597,1.6779661016949152,0.0522057142372881,8.542372881355933,ST,88,91,91,88,94,50,85,83,83,83,38,71,88,91,61,47,52,48,89,85,92,74,44,62,52,64,76,74,27,73,94,94,71,76,76,44,82,82,91,88,86,61,94,64,88,82,82,91,50,76,64,61,76,38,45,70,73,52,24,36,33,82,79,79,30,24,52,52,64,76,74,27,73,94,94,71,55,52,30,82,76,79,82,79,52,85,Ekstraklasa
Raków Częstochowa,1sxaf8l7fknmucd72fdretogm,6b0o88v7qb1zv05cs2kewi1nt,O. Repka,Oskar Repka,27,Midfielder,Poland,Midfielder,88.0,125.0,11.0,212.0,10.0,0.0,25.0,15.0,495.0,6.0,1.0,0.0,3.0,6.0,2.0,4.0,1.0,4.0,4.0,0.0,8.0,0.0,2.0,1.0,4.0,0.0,82.49,40.74,100.0,25.0,0.0,51.02,58.82,50.0,0.5688460494856157,0.2107866836544546,2.0,16.0,0.34425914,8.0,17.0,12.0,0.47917993,130.0,16.0,22.727272727272727,2.0,38.54545454545455,1.818181818181818,0.0,4.545454545454546,2.727272727272727,1.0909090909090908,0.1818181818181818,0.0,0.5454545454545454,1.0909090909090908,0.3636363636363636,0.7272727272727273,0.1818181818181818,0.7272727272727273,0.7272727272727273,0.0,1.4545454545454546,0.0,0.3636363636363636,0.1818181818181818,0.7272727272727273,0.0,82.49,40.74,100.0,25.0,0.0,51.02,58.82,50.0,0.1034265544519301,0.0383248515735372,0.3636363636363636,2.909090909090909,0.0625925709090909,1.4545454545454546,3.090909090909091,2.1818181818181817,0.0871236236363636,23.63636363636364,DM/CM,67,73,70,67,91,50,65,82,58,47,41,24,74,76,68,59,62,59,44,83,17,21,36,47,52,33,21,98,30,17,52,79,41,91,27,55,79,82,94,53,20,42,79,58,55,61,61,76,50,58,73,52,42,41,15,48,64,55,55,55,48,44,79,17,18,27,36,52,33,21,98,30,17,52,79,41,79,21,42,70,67,82,21,6,24,70,Ekstraklasa
Raków Częstochowa,1sxaf8l7fknmucd72fdretogm,6qi3kjcejoa3qotg9hxjacr8,T. Pieńko,Tomasz Pienko,22,Midfielder,Poland,Midfielder,43.0,98.0,2.0,138.0,4.0,0.0,16.0,4.0,452.0,6.0,3.0,0.0,6.0,3.0,3.0,0.0,1.0,9.0,9.0,0.0,1.0,1.0,9.0,2.0,3.0,0.0,80.7,66.67,60.0,22.22,33.33,43.24,44.44,75.0,0.3952418765531427,0.5871410309123704,1.0,24.0,0.58003383,12.0,10.0,14.0,0.92886485,64.0,8.561946902654867,19.513274336283185,0.3982300884955752,27.47787610619469,0.7964601769911505,0.0,3.185840707964602,0.7964601769911505,1.1946902654867255,0.5973451327433629,0.0,1.1946902654867255,0.5973451327433629,0.5973451327433629,0.0,0.1991150442477876,1.7920353982300885,1.7920353982300885,0.0,0.1991150442477876,0.1991150442477876,1.7920353982300885,0.3982300884955752,0.5973451327433629,0.0,80.7,66.67,60.0,22.22,33.33,43.24,44.44,75.0,0.0786986037384576,0.1169086123498082,0.1991150442477876,4.778761061946903,0.1154934617256637,2.3893805309734515,1.991150442477876,2.7876106194690267,0.1849509657079646,12.743362831858407,CM/AM,49,49,16,50,62,51,24,38,38,50,32,39,14,31,8,16,47,47,30,24,28,31,23,36,50,46,86,97,5,61,36,62,73,27,43,19,84,81,89,39,41,68,47,54,49,14,51,68,51,19,43,41,51,32,35,11,27,8,19,54,41,30,19,24,32,22,38,50,46,86,97,5,61,36,62,73,19,38,14,95,95,89,41,41,78,49,Ekstraklasa
Raków Częstochowa,1sxaf8l7fknmucd72fdretogm,6vhgr2vpk0qar3zp2ow2fxofd,F. Tudor,Fran Tudor,30,Midfielder,Croatia,Midfielder,126.0,122.0,17.0,247.0,4.0,0.0,27.0,17.0,420.0,10.0,1.0,0.0,5.0,2.0,2.0,0.0,1.0,3.0,3.0,0.0,11.0,0.0,3.0,3.0,6.0,0.0,85.47,47.22,16.67,100.0,0.0,61.36,36.36,54.55,0.1477323436785396,0.4041543874402395,0.0,6.0,0.11420119,2.0,27.0,33.0,0.8714830099999998,149.0,27.0,26.142857142857142,3.642857142857143,52.92857142857142,0.8571428571428571,0.0,5.785714285714286,3.642857142857143,2.142857142857143,0.2142857142857142,0.0,1.0714285714285714,0.4285714285714285,0.4285714285714285,0.0,0.2142857142857142,0.6428571428571428,0.6428571428571428,0.0,2.357142857142857,0.0,0.6428571428571428,0.6428571428571428,1.2857142857142856,0.0,85.47,47.22,16.67,100.0,0.0,61.36,36.36,54.55,0.0316569307882584,0.086604511594337,0.0,1.2857142857142856,0.0244716835714285,0.4285714285714285,5.785714285714286,7.071428571428571,0.1867463592857142,31.928571428571427,RM/RCM,95,84,100,89,55,53,79,100,79,26,34,55,13,29,13,39,18,16,32,97,8,8,45,84,53,79,58,32,100,8,89,58,58,11,47,13,26,16,18,92,95,68,95,100,100,100,100,53,53,74,100,84,21,34,42,16,37,13,37,16,16,32,100,8,11,58,89,53,79,58,32,100,8,89,58,58,11,42,13,21,16,16,100,100,63,100,Ekstraklasa
Raków Częstochowa,1sxaf8l7fknmucd72fdretogm,87kzk0l9t8rbkp5i4n2zsx8q2,K. Struski,Karol Struski,25,Midfielder,Poland,Midfielder,56.0,87.0,3.0,139.0,1.0,0.0,13.0,3.0,327.0,11.0,4.0,0.0,4.0,2.0,0.0,2.0,0.0,2.0,2.0,0.0,4.0,0.0,8.0,0.0,1.0,0.0,89.1,75.0,40.0,0.0,0.0,41.94,25.0,100.0,0.1211658104160978,0.4395339394491037,2.0,12.0,0.24775274,6.0,19.0,15.0,0.7931159599999998,85.0,15.412844036697248,23.94495412844037,0.8256880733944955,38.25688073394495,0.2752293577981651,0.0,3.5779816513761467,0.8256880733944955,3.027522935779817,1.1009174311926606,0.0,1.1009174311926606,0.5504587155963303,0.0,0.5504587155963303,0.0,0.5504587155963303,0.5504587155963303,0.0,1.1009174311926606,0.0,2.201834862385321,0.0,0.2752293577981651,0.0,89.1,75.0,40.0,0.0,0.0,41.94,25.0,100.0,0.0333483881879168,0.1209726438850744,0.5504587155963303,3.302752293577982,0.0681888275229357,1.651376146788991,5.229357798165138,4.128440366972477,0.2182887963302751,23.39449541284404,DM/CM,36,39,14,39,17,50,18,6,85,83,41,45,14,18,33,23,30,27,44,36,17,86,14,11,52,88,91,68,14,17,20,26,97,12,70,55,62,52,80,61,42,76,42,52,67,12,58,12,50,30,6,97,91,41,64,21,18,42,23,33,30,44,45,17,88,14,6,52,88,91,68,14,17,20,26,97,15,76,58,82,76,85,73,45,94,67,Ekstraklasa
Raków Częstochowa,1sxaf8l7fknmucd72fdretogm,892hqe28ycr3pzob0og7718us,D. Debohi,Dieudonné Debohi,25,Defender,Côte d'Ivoire,Defender,95.0,43.0,8.0,138.0,9.0,0.0,24.0,21.0,237.0,4.0,0.0,0.0,0.0,0.0,0.0,0.0,0.0,2.0,2.0,0.0,4.0,0.0,0.0,1.0,4.0,0.0,89.03,66.67,0.0,50.0,0.0,68.57,0.0,40.0,0.0,0.0,0.0,0.0,0.0,0.0,0.0,0.0,0.0,0.0,36.07594936708861,16.329113924050635,3.037974683544304,52.40506329113924,3.4177215189873418,0.0,9.113924050632912,7.974683544303797,1.518987341772152,0.0,0.0,0.0,0.0,0.0,0.0,0.0,0.759493670886076,0.759493670886076,0.0,1.518987341772152,0.0,0.0,0.379746835443038,1.518987341772152,0.0,89.03,66.67,0.0,50.0,0.0,68.57,0.0,40.0,0.0,0.0,0.0,0.0,0.0,0.0,0.0,0.0,0.0,0.0,RB/RCB,54,15,67,35,75,42,50,62,52,19,37,4,13,19,27,35,42,42,46,35,33,4,42,35,52,85,96,19,56,33,92,6,13,13,4,29,6,6,8,4,4,4,4,96,42,92,81,96,42,100,92,88,19,37,4,13,19,27,35,62,62,46,81,33,4,65,77,52,85,96,19,56,33,92,6,13,13,4,29,6,6,8,4,4,4,4,Ekstraklasa
Raków Częstochowa,1sxaf8l7fknmucd72fdretogm,8ic751797x9g5cxsdkttz23f9,M. Emreli,Mahir Emreli,29,Attacker,Azerbaijan,Striker,76.0,119.0,4.0,192.0,9.0,0.0,20.0,5.0,576.0,4.0,3.0,1.0,10.0,25.0,13.0,12.0,7.0,12.0,12.0,3.0,4.0,9.0,29.0,7.0,1.0,0.0,84.96,66.67,37.5,58.33,36.0,33.9,39.13,100.0,2.841724000779524,0.708018695632113,14.0,15.0,0.36333177,3.0,12.0,9.0,0.51040182,71.0,11.875,18.59375,0.625,30.0,1.40625,0.0,3.125,0.78125,0.625,0.46875,0.15625,1.5625,3.90625,2.03125,1.875,1.09375,1.875,1.875,0.46875,0.625,1.40625,4.53125,1.09375,0.15625,0.0,84.96,66.67,37.5,58.33,36.0,33.9,39.13,100.0,0.4440193751218006,0.1106279211925176,2.1875,2.34375,0.0567705890624999,0.46875,1.875,1.40625,0.079750284375,11.09375,ST,100,97,91,97,55,50,47,59,21,95,86,91,94,73,97,97,82,79,80,92,92,68,88,36,52,97,76,88,73,61,12,36,89,97,85,100,88,88,70,94,79,67,97,100,100,85,100,42,50,18,39,9,94,85,94,88,33,97,88,67,67,73,82,82,27,76,24,52,97,76,88,73,61,12,36,89,85,94,100,88,85,61,94,61,64,97,Ekstraklasa
Raków Częstochowa,1sxaf8l7fknmucd72fdretogm,ay6wk2cpmnxgc46h419n0r6c5,S. Svarnas,Stratos Svarnas,28,Defender,Greece,Defender,81.0,56.0,9.0,134.0,2.0,0.0,8.0,9.0,235.0,2.0,3.0,0.0,3.0,1.0,1.0,0.0,0.0,1.0,1.0,0.0,2.0,0.0,1.0,0.0,1.0,0.0,88.74,60.0,75.0,0.0,0.0,50.0,50.0,25.0,0.102391721716468,0.3442897026335947,0.0,7.0,0.1441107,3.0,10.0,17.0,0.4940349599999997,90.0,31.02127659574468,21.4468085106383,3.4468085106382977,51.319148936170215,0.7659574468085106,0.0,3.0638297872340425,3.4468085106382977,0.7659574468085106,1.1489361702127658,0.0,1.1489361702127658,0.3829787234042553,0.3829787234042553,0.0,0.0,0.3829787234042553,0.3829787234042553,0.0,0.7659574468085106,0.0,0.3829787234042553,0.0,0.3829787234042553,0.0,88.74,60.0,75.0,0.0,0.0,50.0,50.0,25.0,0.0392138508701366,0.1318556307958447,0.0,2.680851063829788,0.0551913319148936,1.1489361702127658,3.829787234042553,6.51063829787234,0.1892048782978722,34.46808510638298,LB/LCB,61,17,52,30,28,50,4,17,28,54,30,28,9,22,20,15,22,22,37,26,20,11,15,7,52,100,87,96,15,20,28,61,4,22,39,20,50,39,39,17,30,22,57,100,74,91,96,39,50,17,52,48,74,30,57,22,52,20,15,35,35,37,48,20,13,15,17,52,100,87,96,15,20,28,61,4,30,65,20,96,78,83,61,91,70,96,Ekstraklasa
Wieczysta Kraków,doihlg7ahjmmvtxo4yuurpkb8,1u990wv0bo82xqv2s0e8m8ic5,M. Wieteska,Mateusz Wieteska,29,Defender,Poland,Defender,168.0,121.0,16.0,289.0,9.0,0.0,18.0,22.0,450.0,6.0,0.0,0.0,2.0,1.0,1.0,0.0,0.0,2.0,2.0,1.0,5.0,1.0,7.0,1.0,1.0,0.0,85.5,40.0,0.0,50.0,100.0,50.0,50.0,50.0,0.1365713777302191,0.0867059827459671,0.0,6.0,0.11500884,2.0,31.0,26.0,0.6167998099999995,205.0,33.6,24.2,3.2,57.8,1.8,0.0,3.6,4.4,1.2,0.0,0.0,0.4,0.2,0.2,0.0,0.0,0.4,0.4,0.2,1.0,0.2,1.4,0.2,0.2,0.0,85.5,40.0,0.0,50.0,100.0,50.0,50.0,50.0,0.0273142755460438,0.0173411965491934,0.0,1.2,0.023001768,0.4,6.2,5.2,0.1233599619999999,41.0,CB,65,81,68,65,44,46,42,29,85,32,38,56,19,29,32,25,69,68,81,50,57,55,62,14,51,40,45,32,62,96,29,36,32,22,45,30,61,60,55,92,86,70,80,82,98,81,92,35,46,35,25,88,32,38,64,18,28,32,25,78,72,85,54,57,60,62,9,51,40,45,32,62,96,29,36,32,30,50,30,65,62,57,98,90,88,98,Ekstraklasa
Wieczysta Kraków,doihlg7ahjmmvtxo4yuurpkb8,200f11at8qkywe6z8d9vt84bt,C. Lungoyi,Christopher Lungoyi,26,Attacker,Switzerland,Striker,20.0,44.0,2.0,63.0,2.0,0.0,23.0,2.0,281.0,13.0,1.0,0.0,6.0,7.0,5.0,2.0,2.0,11.0,11.0,0.0,0.0,1.0,22.0,6.0,1.0,0.0,82.89,100.0,25.0,54.55,14.29,50.0,33.33,50.0,0.5993263516495356,0.4613036554280132,4.0,11.0,0.3779857699999999,3.0,2.0,1.0,0.30170454,28.0,6.405693950177936,14.09252669039146,0.6405693950177936,20.177935943060497,0.6405693950177936,0.0,7.366548042704626,0.6405693950177936,4.1637010676156585,0.3202846975088968,0.0,1.9217081850533808,2.2419928825622777,1.601423487544484,0.6405693950177936,0.6405693950177936,3.5231316725978647,3.5231316725978647,0.0,0.0,0.3202846975088968,7.0462633451957295,1.9217081850533808,0.3202846975088968,0.0,82.89,100.0,25.0,54.55,14.29,50.0,33.33,50.0,0.1919550592471822,0.1477485017385095,1.2811387900355873,3.5231316725978647,0.1210630580071174,0.9608540925266904,0.6405693950177936,0.3202846975088968,0.0966313473309608,8.96797153024911,LW,75,50,88,75,50,62,75,38,100,88,62,75,50,50,75,75,50,38,38,25,38,75,50,38,62,75,75,100,75,25,75,75,38,50,75,75,50,50,50,25,25,50,75,75,50,100,50,50,62,75,25,100,75,62,100,75,75,100,75,50,50,38,25,25,100,75,75,62,75,75,100,75,25,75,75,38,75,100,100,50,50,50,25,25,75,50,Ekstraklasa
Wieczysta Kraków,doihlg7ahjmmvtxo4yuurpkb8,41qi2voafop3pox6j67e8m4mh,K. Pestka,Kamil Pestka,28,Defender,Poland,Defender,53.0,66.0,9.0,114.0,5.0,0.0,14.0,4.0,256.0,3.0,5.0,0.0,6.0,4.0,0.0,4.0,1.0,2.0,2.0,0.0,0.0,2.0,0.0,1.0,4.0,0.0,81.43,81.82,45.45,50.0,50.0,42.42,55.56,80.0,0.2041976172485529,0.4326510418417091,3.0,7.0,0.15560711,3.0,15.0,20.0,0.7633515599999998,67.0,18.6328125,23.203125,3.1640625,40.078125,1.7578125,0.0,4.921875,1.40625,1.0546875,1.7578125,0.0,2.109375,1.40625,0.0,1.40625,0.3515625,0.703125,0.703125,0.0,0.0,0.703125,0.0,0.3515625,1.40625,0.0,81.43,81.82,45.45,50.0,50.0,42.42,55.56,80.0,0.0717882248139443,0.1521038818974758,1.0546875,2.4609375,0.0547056246093749,1.0546875,5.2734375,7.03125,0.2683657828124999,23.5546875,LB/LCB,13,28,52,17,57,50,22,4,41,72,30,70,39,7,80,46,37,37,37,4,65,4,37,46,52,57,100,87,63,83,9,74,87,35,52,78,50,43,39,52,48,57,35,70,83,83,78,70,50,61,4,61,83,30,87,74,7,100,78,52,52,37,4,87,4,52,83,52,57,100,87,63,83,9,74,87,61,74,96,87,74,70,96,96,96,83,Ekstraklasa
Wieczysta Kraków,doihlg7ahjmmvtxo4yuurpkb8,4b9srd007t7rlrysmgxmwpuy1,T. Christensen,Tobias Christensen,26,Midfielder,Norway,Midfielder,80.0,210.0,10.0,287.0,3.0,0.0,29.0,8.0,521.0,7.0,3.0,0.0,16.0,13.0,9.0,4.0,1.0,12.0,12.0,3.0,1.0,8.0,30.0,6.0,8.0,0.0,88.04,76.92,17.65,50.0,61.54,48.33,37.5,61.54,1.2598649080298812,1.38443951286951,5.0,39.0,1.0284342799999997,12.0,27.0,42.0,1.2926504199999995,124.0,13.81957773512476,36.2763915547025,1.727447216890595,49.57773512476008,0.5182341650671786,0.0,5.009596928982726,1.381957773512476,1.2092130518234163,0.5182341650671786,0.0,2.763915547024952,2.2456813819577737,1.5547024952015356,0.690978886756238,0.1727447216890595,2.0729366602687143,2.0729366602687143,0.5182341650671786,0.1727447216890595,1.381957773512476,5.182341650671785,1.0364683301343571,1.381957773512476,0.0,88.04,76.92,17.65,50.0,61.54,48.33,37.5,61.54,0.2176350129034343,0.2391546183459806,0.8637236084452975,6.737044145873321,0.1776565934740882,2.0729366602687143,4.664107485604607,7.255278310940499,0.2232985370441458,21.420345489443378,CM/AM,74,97,74,92,49,51,72,77,45,50,32,84,66,78,53,16,77,68,92,24,93,89,69,78,50,95,97,34,50,100,51,41,50,78,84,69,100,100,89,92,92,89,78,76,100,76,100,46,51,65,73,43,38,32,86,76,73,57,14,62,59,92,16,92,86,68,84,50,95,97,34,50,100,51,41,50,68,81,70,100,100,86,92,95,92,86,Ekstraklasa
Wieczysta Kraków,doihlg7ahjmmvtxo4yuurpkb8,4ju2soyxqa6hu0oo007ej8wdl,K. Fila,Karol Fila,28,Defender,Poland,Defender,73.0,143.0,2.0,212.0,2.0,0.0,12.0,5.0,355.0,2.0,4.0,1.0,4.0,3.0,2.0,1.0,0.0,3.0,3.0,0.0,4.0,0.0,4.0,1.0,6.0,0.0,92.98,25.0,16.67,33.33,0.0,42.86,40.0,85.71,0.3140601342924867,0.3827427743412393,0.0,25.0,0.56531406,6.0,20.0,19.0,0.9383383799999998,129.0,18.507042253521124,36.25352112676056,0.5070422535211268,53.74647887323943,0.5070422535211268,0.0,3.0422535211267605,1.2676056338028168,0.5070422535211268,1.0140845070422535,0.2535211267605634,1.0140845070422535,0.7605633802816901,0.5070422535211268,0.2535211267605634,0.0,0.7605633802816901,0.7605633802816901,0.0,1.0140845070422535,0.0,1.0140845070422535,0.2535211267605634,1.5211267605633805,0.0,92.98,25.0,16.67,33.33,0.0,42.86,40.0,85.71,0.079620879116405,0.097033379410455,0.0,6.338028169014084,0.1433190574647887,1.5211267605633805,5.070422535211267,4.816901408450704,0.2378886033802816,32.70422535211267,RB/RCB,42,81,8,65,23,42,21,4,23,85,87,52,65,71,63,35,60,60,46,35,33,29,42,60,52,100,12,42,40,33,15,40,98,73,54,29,100,100,87,69,63,85,73,54,100,8,88,23,42,27,4,23,88,88,69,73,85,65,35,65,65,46,58,33,42,42,81,52,100,12,42,40,33,15,40,98,81,65,29,100,100,92,88,85,88,85,Ekstraklasa
Wieczysta Kraków,doihlg7ahjmmvtxo4yuurpkb8,7s7qpbwbprkfliinikth7rieh,M. Vojtko,Matús Vojtko,25,Defender,Slovakia,Defender,57.0,87.0,7.0,142.0,5.0,0.0,12.0,11.0,366.0,0.0,2.0,0.0,4.0,4.0,4.0,0.0,1.0,4.0,6.0,0.0,1.0,2.0,12.0,2.0,4.0,0.0,78.45,43.75,12.5,50.0,50.0,46.15,45.45,80.0,0.3225805464503724,0.3324135612235915,0.0,6.0,0.16784179,7.0,7.0,16.0,0.482999,55.0,14.016393442622952,21.393442622950825,1.7213114754098362,34.91803278688525,1.2295081967213115,0.0,2.950819672131148,2.7049180327868854,0.0,0.4918032786885246,0.0,0.9836065573770492,0.9836065573770492,0.9836065573770492,0.0,0.2459016393442623,0.9836065573770492,1.475409836065574,0.0,0.2459016393442623,0.4918032786885246,2.950819672131148,0.4918032786885246,0.9836065573770492,0.0,78.45,43.75,12.5,50.0,50.0,46.15,45.45,80.0,0.0793230851927145,0.0817410396451454,0.0,1.475409836065574,0.0412725713114754,1.7213114754098362,1.7213114754098362,3.934426229508197,0.1187702459016393,13.524590163934429,LB/LCB,20,35,33,35,57,50,17,24,7,39,30,48,39,67,20,46,52,61,37,11,65,70,52,46,52,30,57,22,63,83,13,48,87,48,30,20,43,48,76,9,22,17,17,39,70,48,70,61,50,13,26,7,43,30,48,52,78,20,52,65,70,37,9,74,87,57,43,52,30,57,22,63,83,13,48,87,65,43,20,52,52,100,17,52,35,17,Ekstraklasa
Wieczysta Kraków,doihlg7ahjmmvtxo4yuurpkb8,8oaym1hgnpfzxilnj66dt7npx,Lisandro Semedo,Lisandro Pedro Varela Semedo,30,Attacker,Cabo Verde,Striker,28.0,97.0,2.0,123.0,2.0,0.0,24.0,4.0,531.0,9.0,2.0,0.0,10.0,12.0,7.0,5.0,1.0,19.0,19.0,1.0,4.0,3.0,31.0,11.0,1.0,0.0,80.92,50.0,11.11,57.89,25.0,42.86,16.67,50.0,0.7851477532590282,0.9121722295975536,4.0,21.0,0.7082501899999999,5.0,4.0,10.0,0.98589077,32.0,4.745762711864407,16.440677966101696,0.3389830508474576,20.847457627118644,0.3389830508474576,0.0,4.067796610169491,0.6779661016949152,1.5254237288135593,0.3389830508474576,0.0,1.694915254237288,2.0338983050847457,1.1864406779661016,0.847457627118644,0.1694915254237288,3.220338983050848,3.220338983050848,0.1694915254237288,0.6779661016949152,0.5084745762711864,5.2542372881355925,1.8644067796610169,0.1694915254237288,0.0,80.92,50.0,11.11,57.89,25.0,42.86,16.67,50.0,0.1330758903828861,0.1546054626436531,0.6779661016949152,3.559322033898305,0.1200424050847457,0.847457627118644,0.6779661016949152,1.694915254237288,0.1671001305084745,5.423728813559322,ST,76,94,59,91,12,50,58,44,76,83,38,91,42,23,80,6,92,92,48,92,30,80,97,36,52,91,61,61,70,30,45,8,44,18,97,71,95,97,91,56,82,97,73,58,94,45,88,6,50,33,27,55,82,38,97,15,9,73,6,91,88,39,85,18,45,97,27,52,91,61,61,70,30,45,8,44,6,97,55,91,97,82,33,82,100,61,Ekstraklasa
Wieczysta Kraków,doihlg7ahjmmvtxo4yuurpkb8,8qx9mykqpjmus94aep4uambbp,Lucas Piazón,Lucas Domingues Piazón,32,Midfielder,Brazil,Midfielder,82.0,189.0,9.0,267.0,6.0,0.0,40.0,6.0,593.0,17.0,4.0,1.0,11.0,11.0,7.0,4.0,3.0,8.0,8.0,1.0,9.0,6.0,25.0,2.0,10.0,0.0,87.83,64.29,28.57,25.0,54.55,53.33,40.0,66.67,0.9519332091970204,0.8060590323878345,3.0,31.0,0.7118346699999996,13.0,23.0,24.0,0.6123739699999999,119.0,12.445193929173694,28.684654300168635,1.3659359190556493,40.52276559865093,0.9106239460370996,0.0,6.070826306913997,0.9106239460370996,2.5801011804384486,0.6070826306913997,0.1517706576728499,1.669477234401349,1.669477234401349,1.0623946037099494,0.6070826306913997,0.4553119730185497,1.2141652613827991,1.2141652613827991,0.1517706576728499,1.3659359190556493,0.9106239460370996,3.794266441821248,0.3035413153456998,1.5177065767284992,0.0,87.83,64.29,28.57,25.0,54.55,53.33,40.0,66.67,0.1444755292204584,0.1223361094686426,0.4553119730185497,4.704890387858348,0.108035616020236,1.973018549747049,3.490725126475548,3.642495784148398,0.092940400168634,18.06070826306914,CM/AM,78,92,68,86,91,51,88,64,89,62,72,72,53,64,53,55,43,43,69,100,84,76,23,92,50,91,72,64,9,92,81,50,59,62,57,43,97,97,95,81,69,51,76,65,95,59,86,81,51,84,49,86,54,70,65,43,57,43,49,32,32,68,95,76,73,14,86,50,91,72,64,9,92,81,50,59,49,51,43,92,92,84,70,62,32,68,Ekstraklasa
Wieczysta Kraków,doihlg7ahjmmvtxo4yuurpkb8,964l8mpbx2mi9r3vy2it760ut,K. Dankowski,Kamil Dankowski,30,Defender,Poland,Defender,59.0,37.0,7.0,93.0,2.0,0.0,12.0,11.0,283.0,2.0,3.0,1.0,4.0,1.0,1.0,0.0,0.0,0.0,0.0,0.0,2.0,0.0,4.0,0.0,4.0,0.0,79.49,43.75,30.0,0.0,0.0,75.0,40.0,50.0,0.0634130297322869,0.4837320693015559,0.0,2.0,0.04244258,1.0,7.0,6.0,0.7055283700000001,45.0,18.763250883392228,11.76678445229682,2.2261484098939928,29.575971731448764,0.6360424028268551,0.0,3.8162544169611294,3.498233215547703,0.6360424028268551,0.9540636042402828,0.3180212014134275,1.2720848056537102,0.3180212014134275,0.3180212014134275,0.0,0.0,0.0,0.0,0.0,0.6360424028268551,0.0,1.2720848056537102,0.0,1.2720848056537102,0.0,79.49,43.75,30.0,0.0,0.0,75.0,40.0,50.0,0.0201666879007272,0.1538370538414842,0.0,0.6360424028268551,0.0134976402826855,0.3180212014134275,2.2261484098939928,1.9081272084805647,0.2243729798586572,14.31095406360424,RB/RCB,31,12,56,17,23,42,21,31,23,63,87,52,33,48,27,35,10,10,46,13,33,29,13,35,52,23,58,81,13,33,100,40,25,38,73,29,19,19,21,19,10,58,23,58,19,73,35,38,42,38,62,35,81,96,81,38,58,27,35,10,10,46,27,33,50,13,58,52,23,58,81,13,33,100,40,25,42,88,29,23,23,35,31,23,85,35,Ekstraklasa
Wieczysta Kraków,doihlg7ahjmmvtxo4yuurpkb8,crxwhejm0ur604l99z8c8nrv9,M. Maigaard,Mikkel Maigaard,30,Midfielder,Denmark,Midfielder,207.0,258.0,33.0,460.0,5.0,0.0,27.0,10.0,630.0,13.0,5.0,0.0,6.0,11.0,0.0,11.0,5.0,3.0,3.0,0.0,5.0,0.0,1.0,2.0,4.0,0.0,90.37,67.35,33.33,66.67,0.0,55.1,45.45,50.0,0.5614568416622685,0.4957014863476079,10.0,23.0,0.49346347,16.0,43.0,46.0,1.0512169399999998,235.0,29.571428571428573,36.85714285714285,4.714285714285714,65.71428571428571,0.7142857142857143,0.0,3.857142857142857,1.4285714285714286,1.8571428571428568,0.7142857142857143,0.0,0.8571428571428571,1.5714285714285714,0.0,1.5714285714285714,0.7142857142857143,0.4285714285714285,0.4285714285714285,0.0,0.7142857142857143,0.0,0.1428571428571428,0.2857142857142857,0.5714285714285714,0.0,90.37,67.35,33.33,66.67,0.0,55.1,45.45,50.0,0.0802081202374669,0.0708144980496582,1.4285714285714286,3.2857142857142856,0.0704947814285714,2.2857142857142856,6.142857142857143,6.571428571428571,0.1501738485714285,33.57142857142857,DM/CM,100,100,97,100,55,50,73,55,92,91,41,83,97,18,100,98,50,47,44,56,17,11,59,47,52,91,85,59,76,17,70,48,41,88,76,100,94,91,100,94,97,91,97,97,100,94,100,45,50,39,21,76,82,41,55,82,18,97,94,24,21,44,18,17,9,41,26,52,91,85,59,76,17,70,48,41,64,52,97,79,79,97,88,91,67,97,Ekstraklasa
Wieczysta Kraków,doihlg7ahjmmvtxo4yuurpkb8,ct2jivny14stls1herriilx3p,E. Koulouris,Efthymios Koulouris,30,Attacker,Greece,Striker,12.0,26.0,2.0,38.0,3.0,0.0,8.0,2.0,251.0,4.0,0.0,0.0,2.0,9.0,9.0,0.0,3.0,1.0,1.0,0.0,1.0,3.0,20.0,1.0,0.0,0.0,69.09,66.67,0.0,100.0,33.33,57.14,50.0,0.0,1.1412908550979752,0.2395544781981679,0.0,4.0,0.1318983199999999,2.0,2.0,3.0,0.16443496,11.0,4.302788844621515,9.322709163346614,0.7171314741035857,13.625498007968128,1.0756972111553786,0.0,2.8685258964143427,0.7171314741035857,1.4342629482071714,0.0,0.0,0.7171314741035857,3.227091633466136,3.227091633466136,0.0,1.0756972111553786,0.3585657370517928,0.3585657370517928,0.0,0.3585657370517928,1.0756972111553786,7.171314741035857,0.3585657370517928,0.0,0.0,69.09,66.67,0.0,100.0,33.33,57.14,50.0,0.0,0.4092277966486764,0.0858960280391837,0.0,1.4342629482071714,0.0472942183266931,0.7171314741035857,0.7171314741035857,1.0756972111553786,0.058960742629482,3.944223107569721,ST,21,35,59,32,23,50,6,17,21,29,38,18,23,38,11,47,8,6,17,50,30,30,26,11,52,48,76,29,94,52,97,74,11,33,36,6,53,52,56,33,30,39,23,52,67,88,64,30,50,12,36,48,29,38,30,73,91,11,85,9,6,17,70,55,94,30,11,52,48,76,29,94,52,97,74,11,79,67,6,76,73,76,39,55,55,42,Ekstraklasa
Wieczysta Kraków,doihlg7ahjmmvtxo4yuurpkb8,d22447vvlf1wfbmckqovdt0ix,Miki Villar,Miki Villar,29,Midfielder,Spain,Midfielder,20.0,33.0,0.0,53.0,1.0,0.0,6.0,3.0,222.0,1.0,0.0,1.0,3.0,3.0,3.0,0.0,0.0,7.0,8.0,1.0,1.0,1.0,12.0,1.0,3.0,0.0,76.81,0.0,0.0,14.29,33.33,31.58,50.0,100.0,0.310469762330231,0.1447901339674047,0.0,5.0,0.12655835,2.0,1.0,1.0,0.0624484,11.0,8.108108108108107,13.378378378378375,0.0,21.486486486486484,0.4054054054054054,0.0,2.4324324324324325,1.2162162162162162,0.4054054054054054,0.0,0.4054054054054054,1.2162162162162162,1.2162162162162162,1.2162162162162162,0.0,0.0,2.8378378378378377,3.243243243243243,0.4054054054054054,0.4054054054054054,0.4054054054054054,4.864864864864865,0.4054054054054054,1.2162162162162162,0.0,76.81,0.0,0.0,14.29,33.33,31.58,50.0,100.0,0.1258661198636071,0.0586987029597586,0.0,2.0270270270270268,0.0513074391891891,0.8108108108108107,0.4054054054054054,0.4054054054054054,0.0253169189189189,4.45945945945946,RM/RCM,26,11,13,11,16,53,11,32,11,11,76,29,26,47,13,16,45,53,76,16,37,45,24,39,53,26,13,11,16,71,5,74,100,32,21,13,21,21,18,8,8,5,8,53,21,13,26,21,53,11,53,11,11,84,53,26,68,13,16,68,74,95,21,63,89,37,84,53,26,13,11,16,71,5,74,100,53,26,13,53,53,26,11,11,5,11,Ekstraklasa
Wieczysta Kraków,doihlg7ahjmmvtxo4yuurpkb8,eb91rkg66av8owi9wqfp9hyad,A. Milić,Antonio Milic,32,Defender,Croatia,Defender,193.0,115.0,21.0,308.0,2.0,0.0,7.0,24.0,530.0,1.0,0.0,0.0,0.0,2.0,0.0,2.0,0.0,1.0,1.0,0.0,4.0,1.0,2.0,1.0,2.0,0.0,88.76,46.67,0.0,100.0,50.0,41.18,33.33,66.67,0.0801570303623847,0.0,2.0,5.0,0.10134736,6.0,20.0,26.0,0.5174956299999999,203.0,32.77358490566038,19.52830188679245,3.5660377358490565,52.30188679245283,0.3396226415094339,0.0,1.1886792452830188,4.075471698113208,0.1698113207547169,0.0,0.0,0.0,0.3396226415094339,0.0,0.3396226415094339,0.0,0.1698113207547169,0.1698113207547169,0.0,0.6792452830188679,0.1698113207547169,0.3396226415094339,0.1698113207547169,0.3396226415094339,0.0,88.76,46.67,0.0,100.0,50.0,41.18,33.33,66.67,0.0136115711936124,0.0,0.3396226415094339,0.8490566037735848,0.0172099290566037,1.018867924528302,3.39622641509434,4.415094339622641,0.0878766164150943,34.471698113207545,CB,78,78,88,78,6,46,9,35,21,32,38,11,35,11,86,25,45,41,35,38,57,14,62,30,51,70,65,32,89,88,15,10,61,18,12,90,54,50,89,69,86,62,75,75,75,88,80,2,46,5,22,22,32,38,11,32,11,85,25,40,35,35,28,55,10,60,28,51,70,65,32,89,88,15,10,61,15,12,88,52,48,90,72,82,60,85,Ekstraklasa
Cracovia,cbq36zdxvn152966h49hb4ijm,1oxiwrp4v3e7j5v5vz9fe31lh,Amir Al Ammari,Amir Fouad Abboud Al Ammari,29,Midfielder,Iraq,Midfielder,112.0,181.0,13.0,289.0,9.0,0.0,26.0,16.0,720.0,8.0,4.0,0.0,6.0,0.0,0.0,0.0,0.0,4.0,4.0,0.0,9.0,0.0,5.0,0.0,6.0,0.0,86.79,50.0,28.57,0.0,0.0,41.94,56.25,60.0,0.0,0.7019366682748327,0.0,21.0,0.44761109,6.0,33.0,34.0,1.3440203999999996,160.0,14.0,22.625,1.625,36.125,1.125,0.0,3.25,2.0,1.0,0.5,0.0,0.75,0.0,0.0,0.0,0.0,0.5,0.5,0.0,1.125,0.0,0.625,0.0,0.75,0.0,86.79,50.0,28.57,0.0,0.0,41.94,56.25,60.0,0.0,0.087742083534354,0.0,2.625,0.05595138625,0.75,4.125,4.25,0.1680025499999999,20.0,DM/CM,82,91,79,88,86,50,70,85,73,83,41,83,3,18,6,23,62,59,44,89,17,53,14,71,52,70,33,45,14,17,20,68,56,3,91,11,89,88,80,82,88,97,89,33,48,39,42,58,50,21,47,47,70,41,39,3,18,6,23,30,27,44,52,17,30,14,41,52,70,33,45,14,17,20,68,56,3,70,11,61,55,45,45,48,76,41,Ekstraklasa
Cracovia,cbq36zdxvn152966h49hb4ijm,1r5zkfhxkrrgzhd0k0huxtas5,M. Klich,Mateusz Klich,36,Midfielder,Poland,Midfielder,98.0,212.0,19.0,292.0,2.0,0.0,24.0,11.0,633.0,10.0,18.0,2.0,24.0,10.0,7.0,3.0,2.0,1.0,1.0,0.0,3.0,4.0,12.0,1.0,7.0,0.0,81.56,48.72,45.0,100.0,40.0,45.28,25.0,63.64,0.8409994575077981,2.799310081708187,3.0,13.0,0.3450135100000001,3.0,42.0,39.0,1.35555213,161.0,13.933649289099526,30.14218009478673,2.7014218009478674,41.51658767772512,0.2843601895734597,0.0,3.4123222748815167,1.5639810426540284,1.4218009478672986,2.5592417061611377,0.2843601895734597,3.4123222748815167,1.4218009478672986,0.9952606635071092,0.4265402843601896,0.2843601895734597,0.1421800947867298,0.1421800947867298,0.0,0.4265402843601896,0.5687203791469194,1.7061611374407584,0.1421800947867298,0.9952606635071092,0.0,81.56,48.72,45.0,100.0,40.0,45.28,25.0,63.64,0.1195733825840471,0.3980061727547185,0.4265402843601896,1.848341232227488,0.0490540535545023,0.4265402843601896,5.971563981042654,5.545023696682464,0.1927325303317535,22.89099526066351,CM/AM,86,100,95,97,31,51,50,89,62,97,85,97,49,64,38,39,3,3,30,64,58,45,11,70,50,51,32,95,100,80,41,20,54,54,97,43,47,46,28,95,89,92,97,78,97,95,92,19,51,27,78,49,97,78,95,32,51,30,27,3,3,30,59,54,27,5,62,50,51,32,95,100,80,41,20,54,41,97,38,30,35,16,95,84,84,92,Ekstraklasa
Cracovia,cbq36zdxvn152966h49hb4ijm,23uzsdbj4p7kllnd8ivwtn14a,D. Piła,Dominik Pila,25,Defender,Poland,Defender,38.0,46.0,2.0,82.0,7.0,0.0,18.0,10.0,328.0,2.0,2.0,1.0,6.0,5.0,5.0,0.0,2.0,5.0,5.0,1.0,2.0,1.0,17.0,1.0,4.0,0.0,73.21,18.18,25.0,20.0,20.0,42.86,58.33,50.0,0.6838876554665798,0.3774097024417315,0.0,1.0,0.02385149,1.0,6.0,7.0,0.39276632,43.0,10.426829268292684,12.621951219512196,0.5487804878048781,22.5,1.920731707317073,0.0,4.939024390243903,2.7439024390243905,0.5487804878048781,0.5487804878048781,0.274390243902439,1.6463414634146345,1.3719512195121952,1.3719512195121952,0.0,0.5487804878048781,1.3719512195121952,1.3719512195121952,0.274390243902439,0.5487804878048781,0.274390243902439,4.664634146341464,0.274390243902439,1.0975609756097562,0.0,73.21,18.18,25.0,20.0,20.0,42.86,58.33,50.0,0.187652100585342,0.1035575403041336,0.0,0.274390243902439,0.0065446161585365,0.274390243902439,1.6463414634146345,1.920731707317073,0.1077712463414634,11.798780487804878,RM/RCM,61,16,37,34,84,53,37,71,21,45,76,66,39,71,13,61,37,37,76,34,37,87,24,58,53,16,26,47,21,32,34,84,42,68,42,13,8,5,8,39,29,21,47,74,16,32,32,100,53,58,95,26,42,74,63,42,79,13,58,42,37,63,32,32,84,26,68,53,16,26,47,21,32,34,84,42,68,53,13,5,5,5,42,26,21,63,Ekstraklasa
Cracovia,cbq36zdxvn152966h49hb4ijm,45qvc5p22q5zkabxnh6w3q2ju,K. Zahiroleslam,Kahveh Zahiroleslam,24,Attacker,USA,Striker,11.0,24.0,0.0,35.0,10.0,0.0,15.0,6.0,389.0,5.0,0.0,0.0,5.0,13.0,13.0,0.0,3.0,3.0,3.0,0.0,0.0,3.0,31.0,0.0,0.0,0.0,62.5,0.0,0.0,0.0,23.08,34.09,40.0,0.0,1.5839800743282828,0.2899312449688637,1.0,4.0,0.15777029,1.0,0.0,2.0,0.15365964,3.0,2.544987146529563,5.552699228791775,0.0,8.097686375321338,2.31362467866324,0.0,3.470437017994859,1.3881748071979436,1.1568123393316196,0.0,0.0,1.1568123393316196,3.007712082262211,3.007712082262211,0.0,0.6940874035989718,0.6940874035989718,0.6940874035989718,0.0,0.0,0.6940874035989718,7.172236503856041,0.0,0.0,0.0,62.5,0.0,0.0,0.0,23.08,34.09,40.0,0.0,0.3664735390476747,0.067079208347552,0.2313624678663239,0.9254498714652956,0.0365021236503856,0.2313624678663239,0.0,0.4627249357326478,0.0355510735218509,0.6940874035989718,ST,14,30,17,18,61,50,27,70,38,29,38,56,53,73,11,47,30,27,17,20,30,80,8,11,52,18,17,29,8,17,15,42,11,64,45,23,53,58,33,9,17,36,3,12,18,17,12,61,50,21,70,36,29,38,79,58,85,11,42,24,18,17,20,30,97,8,11,52,18,17,29,8,17,15,42,11,67,42,24,58,61,42,9,12,36,3,Ekstraklasa
Cracovia,cbq36zdxvn152966h49hb4ijm,4ifnzd8wpakpas6xpm3k6zpbd,M. Minchev,Martin Minchev,25,Attacker,Bulgaria,Striker,24.0,52.0,2.0,73.0,9.0,0.0,28.0,4.0,467.0,6.0,3.0,0.0,6.0,6.0,2.0,4.0,1.0,10.0,12.0,1.0,5.0,4.0,9.0,5.0,5.0,0.0,74.49,28.57,17.65,50.0,66.67,46.67,52.94,62.5,0.9272073230042356,0.8036124076990365,2.0,5.0,0.15101366,0.0,7.0,10.0,0.96846971,33.0,4.62526766595289,10.021413276231264,0.3854389721627408,14.068522483940042,1.734475374732334,0.0,5.3961456102783725,0.7708779443254817,1.1563169164882223,0.5781584582441113,0.0,1.1563169164882223,1.1563169164882223,0.3854389721627408,0.7708779443254817,0.1927194860813704,1.9271948608137044,2.312633832976445,0.1927194860813704,0.9635974304068522,0.7708779443254817,1.734475374732334,0.9635974304068522,0.9635974304068522,0.0,74.49,28.57,17.65,50.0,66.67,46.67,52.94,62.5,0.1786909187802595,0.154871770220371,0.3854389721627408,0.9635974304068522,0.0291032749464668,0.0,1.3490364025695931,1.9271948608137044,0.1866429847965738,6.359743040685225,LM/LCM,44,25,25,25,81,47,44,38,50,66,28,47,41,12,62,28,34,44,59,88,66,25,50,66,53,19,25,41,66,100,31,62,75,69,69,41,16,19,6,44,38,69,31,25,6,31,6,88,47,56,25,31,56,28,50,38,12,62,31,31,44,56,81,62,25,38,69,53,19,25,41,66,100,31,62,75,62,75,38,6,12,6,44,25,75,31,Ekstraklasa
Cracovia,cbq36zdxvn152966h49hb4ijm,4l2dipjn9qhnu7agmchtgpdsk,B. Traoré,Brahim Traoré,22,Defender,France,Defender,224.0,106.0,10.0,330.0,16.0,0.0,36.0,47.0,720.0,4.0,0.0,0.0,0.0,1.0,1.0,0.0,0.0,2.0,2.0,0.0,12.0,1.0,3.0,2.0,9.0,0.0,90.41,43.48,0.0,100.0,100.0,66.67,64.0,64.29,0.193782421547361,0.0,0.0,4.0,0.07829532,1.0,18.0,10.0,0.3746673099999998,227.0,28.0,13.25,1.25,41.25,2.0,0.0,4.5,5.875,0.5,0.0,0.0,0.0,0.125,0.125,0.0,0.0,0.25,0.25,0.0,1.5,0.125,0.375,0.25,1.125,0.0,90.41,43.48,0.0,100.0,100.0,66.67,64.0,64.29,0.0242228026934201,0.0,0.0,0.5,0.009786915,0.125,2.25,1.25,0.0468334137499999,28.375,CB,82,68,46,82,64,46,80,90,66,32,38,11,19,29,32,25,69,68,35,98,57,25,85,92,51,82,57,32,89,96,88,64,55,32,12,30,42,35,39,61,29,45,90,60,40,30,40,46,46,62,57,49,32,38,11,15,22,32,25,51,46,35,85,45,12,68,82,51,82,57,32,89,96,88,64,55,20,12,30,28,25,31,34,14,15,62,Ekstraklasa
Cracovia,cbq36zdxvn152966h49hb4ijm,5lad0u653zzdmexdpvtkcaqui,S. Ltaief,Sayfallah Ltaief,26,Attacker,Tunisia,Striker,8.0,49.0,1.0,56.0,0.0,0.0,20.0,2.0,225.0,4.0,1.0,0.0,1.0,4.0,4.0,0.0,3.0,18.0,19.0,0.0,2.0,1.0,17.0,10.0,4.0,0.0,73.68,100.0,6.25,55.56,25.0,55.56,0.0,66.67,0.4781316163416262,0.1590061304503602,0.0,19.0,0.5866677900000001,4.0,3.0,5.0,0.42316566,24.0,3.2,19.6,0.4,22.4,0.0,0.0,8.0,0.8,1.6,0.4,0.0,0.4,1.6,1.6,0.0,1.2,7.2,7.6,0.0,0.8,0.4,6.8,4.0,1.6,0.0,73.68,100.0,6.25,55.56,25.0,55.56,0.0,66.67,0.1912526465366504,0.063602452180144,0.0,7.6,0.234667116,1.6,1.2,2.0,0.169266264,9.6,LW,25,75,50,50,25,62,50,38,38,88,62,38,25,25,25,100,75,75,38,75,38,25,88,100,62,50,75,75,100,50,100,25,88,25,50,25,75,75,75,50,75,75,50,25,75,75,75,25,62,100,50,50,100,62,50,25,50,25,100,100,100,38,75,50,75,100,100,62,50,75,75,100,50,100,25,88,50,50,25,100,100,75,100,75,100,75,Ekstraklasa
Cracovia,cbq36zdxvn152966h49hb4ijm,6on1coqb8yeebnwqyazkooa1,G. Henriksson,Gustav Henriksson,28,Defender,Sweden,Defender,149.0,77.0,6.0,226.0,17.0,0.0,28.0,42.0,589.0,5.0,0.0,0.0,2.0,7.0,7.0,0.0,1.0,0.0,0.0,0.0,10.0,2.0,12.0,0.0,2.0,0.0,86.26,35.29,0.0,0.0,28.57,56.0,53.12,33.33,0.8064262641185889,0.1155399812439924,1.0,1.0,0.10805102,0.0,21.0,16.0,0.33940058,149.0,22.767402376910017,11.765704584040748,0.9168081494057724,34.53310696095077,2.597623089983022,0.0,4.278438030560272,6.417657045840407,0.7640067911714771,0.0,0.0,0.3056027164685908,1.069609507640068,1.069609507640068,0.0,0.1528013582342954,0.0,0.0,0.0,1.528013582342954,0.3056027164685908,1.833616298811545,0.0,0.3056027164685908,0.0,86.26,35.29,0.0,0.0,28.57,56.0,53.12,33.33,0.123223028473129,0.017654666064447,0.1528013582342954,0.1528013582342954,0.016510342614601,0.0,3.208828522920204,2.444821731748726,0.0518608696095076,22.767402376910017,CB,56,50,22,52,70,46,61,81,76,32,38,56,88,90,32,64,18,15,35,91,82,78,25,30,51,50,24,32,25,65,50,42,8,88,55,72,18,55,15,75,54,38,55,35,25,18,30,65,46,57,72,70,32,38,50,82,85,32,60,18,15,35,90,80,70,25,22,51,50,24,32,25,65,50,42,8,78,55,65,15,45,15,68,38,18,42,Ekstraklasa
Cracovia,cbq36zdxvn152966h49hb4ijm,8dqat1x426eu0hcyyxqdmu8ve,A. Hasić,Ajdin Hasic,24,Midfielder,Bosnia and Herzegovina,Midfielder,63.0,199.0,16.0,251.0,5.0,0.0,34.0,4.0,705.0,11.0,11.0,1.0,24.0,25.0,9.0,16.0,9.0,25.0,27.0,3.0,7.0,9.0,26.0,7.0,7.0,0.0,78.19,45.71,30.56,28.0,36.0,34.0,25.0,63.64,1.7247149242968305,2.456795678121924,15.0,31.0,0.7972629299999995,16.0,28.0,45.0,1.840086529999999,132.0,8.042553191489363,25.404255319148938,2.042553191489362,32.04255319148936,0.6382978723404256,0.0,4.340425531914894,0.5106382978723405,1.4042553191489362,1.4042553191489362,0.1276595744680851,3.0638297872340425,3.191489361702128,1.148936170212766,2.042553191489362,1.148936170212766,3.191489361702128,3.446808510638298,0.3829787234042553,0.8936170212765958,1.148936170212766,3.3191489361702127,0.8936170212765958,0.8936170212765958,0.0,78.19,45.71,30.56,28.0,36.0,34.0,25.0,63.64,0.220176373314489,0.3136334908240754,1.9148936170212767,3.9574468085106393,0.1017782463829786,2.042553191489362,3.574468085106384,5.74468085106383,0.2349046634042552,16.851063829787236,RM/RCM,84,100,95,95,71,53,89,47,84,92,76,100,100,95,100,100,100,100,100,84,100,100,89,89,53,37,53,63,32,79,11,26,84,100,100,100,100,100,100,100,100,100,89,42,95,79,79,37,53,37,16,63,68,68,95,95,63,100,84,84,84,84,58,95,63,63,47,53,37,53,63,32,79,11,26,84,79,95,95,79,79,95,84,95,84,79,Ekstraklasa
Cracovia,cbq36zdxvn152966h49hb4ijm,cp8z0ew8u1lb0ofx9juxi7zmc,D. Kameri,Dijon Kameri,22,Midfielder,Austria,Midfielder,29.0,66.0,1.0,95.0,1.0,0.0,14.0,2.0,332.0,7.0,0.0,0.0,3.0,13.0,7.0,6.0,4.0,5.0,7.0,0.0,0.0,3.0,12.0,4.0,1.0,0.0,83.33,20.0,0.0,80.0,23.08,50.0,50.0,50.0,1.0298658488386525,0.2169083708006892,5.0,7.0,0.22282093,1.0,7.0,8.0,0.27808379,35.0,7.861445783132529,17.89156626506024,0.2710843373493976,25.75301204819277,0.2710843373493976,0.0,3.795180722891566,0.5421686746987951,1.897590361445783,0.0,0.0,0.8132530120481927,3.5240963855421685,1.897590361445783,1.6265060240963851,1.0843373493975903,1.355421686746988,1.897590361445783,0.0,0.0,0.8132530120481927,3.2530120481927707,1.0843373493975903,0.2710843373493976,0.0,83.33,20.0,0.0,80.0,23.08,50.0,50.0,50.0,0.2791805011912009,0.0588004619640422,1.355421686746988,1.897590361445783,0.0604032641566265,0.2710843373493976,1.897590361445783,2.1686746987951806,0.075384159939759,9.487951807228916,CM/AM,26,22,9,27,12,51,16,16,45,7,32,15,66,64,77,69,23,36,30,5,51,45,49,9,50,65,8,7,96,30,66,72,27,68,11,69,27,32,9,26,18,11,20,43,35,11,43,16,51,38,27,70,7,32,19,92,78,95,92,41,51,30,5,70,57,76,8,50,65,8,7,96,30,66,72,27,78,16,92,32,49,11,35,27,14,30,Ekstraklasa
Cracovia,cbq36zdxvn152966h49hb4ijm,ct5zx477027zxa1uc67mjjdhw,M. Perković,Mauro Perkovic,23,Defender,Croatia,Defender,119.0,117.0,12.0,234.0,20.0,0.0,47.0,28.0,706.0,3.0,2.0,1.0,4.0,13.0,12.0,1.0,3.0,5.0,5.0,1.0,10.0,5.0,21.0,4.0,10.0,0.0,78.0,33.33,25.0,80.0,38.46,55.29,48.78,50.0,1.5495961863289445,0.5554450806062001,1.0,15.0,0.49194003,9.0,19.0,21.0,1.1606871,140.0,15.169971671388105,14.91501416430595,1.529745042492918,29.8300283286119,2.54957507082153,0.0,5.991501416430595,3.5694050991501416,0.3824362606232295,0.254957507082153,0.1274787535410765,0.509915014164306,1.6572237960339944,1.529745042492918,0.1274787535410765,0.3824362606232295,0.6373937677053825,0.6373937677053825,0.1274787535410765,1.274787535410765,0.6373937677053825,2.6770538243626065,0.509915014164306,1.274787535410765,0.0,78.0,33.33,25.0,80.0,38.46,55.29,48.78,50.0,0.1975405903252195,0.0708074465362011,0.1274787535410765,1.912181303116148,0.0627119018413597,1.1473087818696883,2.4220963172804533,2.6770538243626065,0.1479629447592068,17.84702549575071,LB/LCB,74,70,78,78,96,50,100,80,41,39,74,48,100,100,43,89,61,57,87,91,98,96,74,87,52,26,33,54,100,65,78,57,35,100,65,48,85,96,91,65,57,83,78,43,26,30,39,78,50,87,57,30,26,61,26,83,83,43,87,48,48,78,83,83,78,61,70,52,26,33,54,100,65,78,57,35,87,39,43,70,87,78,35,17,48,65,Ekstraklasa
Cracovia,cbq36zdxvn152966h49hb4ijm,yhtjd2btt16hmd74mimlz2l1,O. Kakabadze,Otar Kakabadze,31,Defender,Georgia,Defender,88.0,104.0,11.0,189.0,7.0,0.0,41.0,19.0,505.0,9.0,3.0,1.0,9.0,1.0,1.0,0.0,1.0,15.0,17.0,0.0,7.0,0.0,10.0,6.0,6.0,0.0,82.53,52.38,13.64,40.0,0.0,51.9,58.33,31.58,0.0422292239895788,0.6141747583486342,0.0,15.0,0.41347702,5.0,22.0,21.0,0.6570372399999999,96.0,15.683168316831685,18.534653465346537,1.9603960396039608,33.68316831683168,1.2475247524752475,0.0,7.306930693069307,3.3861386138613865,1.603960396039604,0.5346534653465347,0.1782178217821782,1.603960396039604,0.1782178217821782,0.1782178217821782,0.0,0.1782178217821782,2.6732673267326734,3.0297029702970297,0.0,1.2475247524752475,0.0,1.7821782178217822,1.0693069306930694,1.0693069306930694,0.0,82.53,52.38,13.64,40.0,0.0,51.9,58.33,31.58,0.0075260003149744,0.1094568876264892,0.0,2.6732673267326734,0.0736889738613861,0.8910891089108911,3.920792079207921,3.742574257425743,0.1170957457425742,17.10891089108911,RB/RCB,46,65,73,58,58,42,100,54,94,63,87,96,33,48,27,79,92,100,46,69,33,75,87,60,52,44,85,38,46,33,38,71,8,31,92,29,83,85,69,79,71,46,50,42,62,62,46,65,42,96,54,92,62,77,88,31,42,27,77,96,96,46,69,33,77,88,46,52,44,85,38,46,33,38,71,8,31,69,29,77,81,73,69,65,42,46,Ekstraklasa
Korona Kielce,2l1pdpvptdw9ois9qkrs9xi3c,5n7xt7tyssfyajkwn7wq4rrop,P. Hellebrand,Patrik Hellebrand,27,Midfielder,Czechia,Midfielder,177.0,251.0,34.0,427.0,2.0,0.0,38.0,11.0,629.0,14.0,1.0,0.0,5.0,9.0,1.0,8.0,4.0,8.0,9.0,0.0,10.0,1.0,1.0,6.0,11.0,0.0,94.89,79.07,33.33,75.0,11.11,55.88,22.22,68.75,0.5191352492441769,0.2964474018365478,7.0,24.0,0.5433936599999998,6.0,54.0,43.0,0.84726548,255.0,25.32591414944356,35.91414944356121,4.864864864864865,61.09697933227345,0.2861685214626391,0.0,5.437201907790144,1.573926868044515,2.0031796502384736,0.1430842607313195,0.0,0.7154213036565977,1.287758346581876,0.1430842607313195,1.1446740858505564,0.5723370429252782,1.1446740858505564,1.287758346581876,0.0,1.4308426073131957,0.1430842607313195,0.1430842607313195,0.8585055643879174,1.573926868044515,0.0,94.89,79.07,33.33,75.0,11.11,55.88,22.22,68.75,0.0742800833576723,0.0424169573375028,1.0015898251192368,3.434022257551669,0.0777510801271859,0.8585055643879174,7.726550079491256,6.152623211446741,0.1212303548489666,36.48648648648648,DM/CM,97,97,100,97,29,50,94,62,97,47,41,70,91,50,95,92,89,94,44,95,53,11,94,100,52,100,94,59,82,33,76,18,73,82,52,97,97,97,80,97,94,82,100,91,97,97,97,18,50,73,27,82,39,41,36,61,36,85,88,76,73,44,73,36,12,85,85,52,100,94,59,82,33,76,18,73,45,24,91,85,85,61,97,88,48,100,Ekstraklasa
Korona Kielce,2l1pdpvptdw9ois9qkrs9xi3c,6n3iau28utvy0uzfy8eudvs2d,M. Stępiński,Mariusz Stepinski,31,Attacker,Poland,Striker,19.0,44.0,3.0,63.0,10.0,0.0,28.0,18.0,540.0,7.0,0.0,0.0,6.0,16.0,13.0,3.0,2.0,11.0,11.0,4.0,2.0,7.0,23.0,6.0,3.0,0.0,68.48,33.33,0.0,54.55,43.75,31.46,29.41,50.0,1.8255008576291685,0.4701509924724778,2.0,7.0,0.25836647,3.0,10.0,11.0,0.15289432,33.0,3.1666666666666665,7.333333333333333,0.5,10.5,1.6666666666666667,0.0,4.666666666666667,3.0,1.1666666666666667,0.0,0.0,1.0,2.6666666666666665,2.1666666666666665,0.5,0.3333333333333333,1.8333333333333333,1.8333333333333333,0.6666666666666666,0.3333333333333333,1.1666666666666667,3.8333333333333335,1.0,0.5,0.0,68.48,33.33,0.0,54.55,43.75,31.46,29.41,50.0,0.3042501429381947,0.0783584987454129,0.3333333333333333,1.1666666666666667,0.0430610783333333,0.5,1.6666666666666667,1.8333333333333333,0.0254823866666666,5.5,ST,58,61,77,61,61,50,67,97,61,29,38,71,62,73,61,18,74,73,89,71,80,42,80,80,52,42,42,29,62,79,6,21,44,70,70,44,77,76,70,88,86,33,76,39,42,73,33,48,50,42,100,39,29,38,48,45,48,55,15,64,64,91,64,64,18,70,67,52,42,42,29,62,79,6,21,44,45,55,33,67,70,67,85,85,21,70,Ekstraklasa
Korona Kielce,2l1pdpvptdw9ois9qkrs9xi3c,7qu0qz8c7xik26o96iix88416,M. Ameyaw,Michael Ameyaw,25,Midfielder,Poland,Midfielder,18.0,53.0,2.0,65.0,1.0,0.0,9.0,6.0,277.0,2.0,6.0,0.0,3.0,7.0,3.0,4.0,2.0,9.0,10.0,0.0,2.0,0.0,7.0,4.0,0.0,0.0,83.33,40.0,25.0,44.44,0.0,37.5,25.0,0.0,0.440556943730123,0.4867680769793486,4.0,30.0,0.7925603899999999,11.0,2.0,7.0,0.43857703,26.0,5.8483754512635375,17.220216606498195,0.6498194945848376,21.11913357400722,0.3249097472924188,0.0,2.9241877256317688,1.9494584837545128,0.6498194945848376,1.9494584837545128,0.0,0.9747292418772564,2.274368231046932,0.9747292418772564,1.2996389891696751,0.6498194945848376,2.9241877256317688,3.249097472924188,0.0,0.6498194945848376,0.0,2.274368231046932,1.2996389891696751,0.0,0.0,83.33,40.0,25.0,44.44,0.0,37.5,25.0,0.0,0.1431412452552746,0.1581556928813768,1.2996389891696751,9.747292418772563,0.2575105960288808,3.574007220216606,0.6498194945848376,2.274368231046932,0.1424979519855595,8.447653429602887,RM/RCM,18,26,37,16,16,53,16,58,21,74,34,29,55,47,63,61,68,66,32,34,8,21,63,5,53,68,45,47,58,8,16,26,5,53,63,66,95,95,95,18,29,32,16,21,42,42,21,16,53,16,63,37,89,34,32,68,42,79,63,74,79,32,42,8,32,84,5,53,68,45,47,58,8,16,26,5,58,63,79,100,100,100,21,32,37,16,Ekstraklasa
Korona Kielce,2l1pdpvptdw9ois9qkrs9xi3c,85nkth23qo3032ra91xl5gdpm,W. Długosz,Wiktor Dlugosz,26,Midfielder,Poland,Midfielder,79.0,113.0,10.0,170.0,1.0,0.0,45.0,14.0,629.0,16.0,22.0,4.0,18.0,9.0,2.0,7.0,0.0,11.0,12.0,0.0,11.0,2.0,13.0,4.0,13.0,0.0,76.58,35.71,43.14,36.36,22.22,66.18,33.33,54.17,0.5647262165065439,2.1836794878330488,4.0,13.0,0.35545738,10.0,5.0,21.0,1.1982600699999997,70.0,11.303656597774244,16.16852146263911,1.4308426073131957,24.324324324324323,0.1430842607313195,0.0,6.43879173290938,2.0031796502384736,2.289348171701113,3.14785373608903,0.5723370429252782,2.575516693163752,1.287758346581876,0.2861685214626391,1.0015898251192368,0.0,1.573926868044515,1.7170111287758347,0.0,1.573926868044515,0.2861685214626391,1.860095389507154,0.5723370429252782,1.860095389507154,0.0,76.58,35.71,43.14,36.36,22.22,66.18,33.33,54.17,0.0808034332044339,0.3124501651907383,0.5723370429252782,1.860095389507154,0.0508603564387917,1.4308426073131957,0.7154213036565977,3.0047694753577106,0.1714521562798091,10.015898251192368,RM/RCM,89,79,84,84,16,53,100,92,100,100,95,95,71,29,95,16,76,79,32,97,66,55,63,100,53,21,37,84,42,47,100,53,53,58,95,66,66,68,87,26,79,84,74,79,32,74,47,11,53,84,68,89,100,95,89,37,11,63,16,47,53,32,79,37,16,42,100,53,21,37,84,42,47,100,53,53,26,89,42,42,47,74,26,47,53,42,Ekstraklasa
Korona Kielce,2l1pdpvptdw9ois9qkrs9xi3c,9mppdjqw909us0wiid8psq0gl,K. Sotiriou,Konstantinos Sotiriou,30,Defender,Cyprus,Defender,69.0,36.0,8.0,105.0,7.0,0.0,10.0,11.0,272.0,0.0,0.0,0.0,0.0,1.0,1.0,0.0,0.0,0.0,1.0,0.0,4.0,0.0,8.0,0.0,3.0,0.0,82.68,42.11,0.0,0.0,0.0,38.46,36.84,100.0,0.0823562979342471,0.0,0.0,1.0,0.0199707,0.0,10.0,11.0,0.2422937599999999,62.0,22.830882352941178,11.911764705882351,2.647058823529412,34.74264705882353,2.3161764705882355,0.0,3.308823529411765,3.639705882352941,0.0,0.0,0.0,0.0,0.3308823529411764,0.3308823529411764,0.0,0.0,0.0,0.3308823529411764,0.0,1.3235294117647058,0.0,2.647058823529412,0.0,0.9926470588235294,0.0,82.68,42.11,0.0,0.0,0.0,38.46,36.84,100.0,0.0272502456400082,0.0,0.0,0.3308823529411764,0.0066079522058823,0.0,3.308823529411765,3.639705882352941,0.0801707294117646,20.514705882352946,CB,12,8,38,12,29,46,18,5,9,32,38,11,19,29,32,25,18,41,35,38,22,60,25,49,51,30,50,32,25,22,10,15,94,20,12,30,18,15,15,26,34,18,18,38,28,62,32,57,46,30,10,9,32,38,11,22,35,32,25,18,62,35,78,22,88,25,72,51,30,50,32,25,22,10,15,94,28,12,30,25,20,15,70,75,57,30,Ekstraklasa
Korona Kielce,2l1pdpvptdw9ois9qkrs9xi3c,ahuuhqepl5shiwlg8f4z8mn3e,A. Mosór,Ariel Mosór,23,Defender,Poland,Defender,138.0,90.0,14.0,228.0,24.0,0.0,31.0,51.0,513.0,2.0,0.0,0.0,4.0,6.0,6.0,0.0,2.0,1.0,1.0,0.0,6.0,0.0,10.0,0.0,3.0,0.0,91.2,66.67,0.0,0.0,0.0,60.78,63.16,60.0,0.767754069579264,0.4435330682131773,0.0,9.0,0.17874573,2.0,8.0,4.0,0.2447798900000001,148.0,24.21052631578948,15.789473684210526,2.456140350877193,40.0,4.2105263157894735,0.0,5.43859649122807,8.947368421052632,0.3508771929824561,0.0,0.0,0.7017543859649122,1.0526315789473684,1.0526315789473684,0.0,0.3508771929824561,0.175438596491228,0.175438596491228,0.0,1.0526315789473684,0.0,1.7543859649122806,0.0,0.5263157894736842,0.0,91.2,66.67,0.0,0.0,0.0,60.78,63.16,60.0,0.1346936964174147,0.0778128189847679,0.0,1.5789473684210529,0.0313588999999999,0.3508771929824561,1.4035087719298245,0.7017543859649122,0.0429438403508772,25.96491228070176,CB,51,57,60,55,86,46,71,92,39,32,38,84,78,82,32,86,45,41,35,61,22,70,25,49,51,85,96,32,25,22,62,59,50,80,92,30,76,70,55,18,8,22,52,45,57,57,38,90,46,80,98,35,32,38,80,80,82,32,82,42,38,35,62,22,68,25,41,51,85,96,32,25,22,62,59,50,85,88,30,72,72,55,15,8,8,52,Ekstraklasa
Korona Kielce,2l1pdpvptdw9ois9qkrs9xi3c,bu2srpqngdi1mmx5df6cmw76y,S. Rubežić,Slobodan Rubezic,26,Defender,Montenegro,Defender,119.0,63.0,7.0,182.0,31.0,0.0,38.0,48.0,540.0,2.0,0.0,0.0,2.0,7.0,7.0,0.0,0.0,1.0,1.0,0.0,8.0,2.0,14.0,0.0,2.0,0.0,79.82,25.93,0.0,0.0,28.57,63.33,67.39,40.0,0.789822917408311,0.258695131415396,1.0,1.0,0.01870347,0.0,16.0,15.0,0.5264629100000002,103.0,19.83333333333333,10.5,1.1666666666666667,30.33333333333333,5.166666666666667,0.0,6.333333333333333,8.0,0.3333333333333333,0.0,0.0,0.3333333333333333,1.1666666666666667,1.1666666666666667,0.0,0.0,0.1666666666666666,0.1666666666666666,0.0,1.3333333333333333,0.3333333333333333,2.333333333333333,0.0,0.3333333333333333,0.0,79.82,25.93,0.0,0.0,28.57,63.33,67.39,40.0,0.1316371529013851,0.0431158552358993,0.1666666666666666,0.1666666666666666,0.003117245,0.0,2.6666666666666665,2.5,0.0877438183333333,17.166666666666668,RB/RCB,69,35,56,50,100,42,87,92,23,19,37,15,90,96,27,35,25,25,46,85,90,92,13,19,52,31,19,19,13,73,81,92,13,92,35,65,12,12,8,56,52,31,60,62,15,42,38,100,42,85,96,15,19,37,15,96,96,27,35,23,23,46,73,88,85,13,15,52,31,19,19,13,73,81,92,13,96,27,62,12,12,8,42,38,27,50,Ekstraklasa
Korona Kielce,2l1pdpvptdw9ois9qkrs9xi3c,cd6xyse36m5sii1eaodwfnx1w,K. Jakubczyk,Kamil Jakubczyk,22,Midfielder,Poland,Midfielder,70.0,104.0,5.0,174.0,0.0,0.0,41.0,5.0,527.0,20.0,0.0,1.0,4.0,2.0,0.0,2.0,1.0,6.0,6.0,0.0,6.0,1.0,12.0,6.0,7.0,0.0,87.88,45.45,0.0,100.0,50.0,59.42,0.0,46.67,0.1155409346064383,0.2679720579368596,0.0,21.0,0.49969982,10.0,11.0,15.0,0.5480044599999998,85.0,11.954459203036054,17.76091081593928,0.8538899430740039,29.71537001897533,0.0,0.0,7.001897533206831,0.8538899430740039,3.415559772296016,0.0,0.1707779886148007,0.683111954459203,0.3415559772296015,0.0,0.3415559772296015,0.1707779886148007,1.0246679316888043,1.0246679316888043,0.0,1.0246679316888043,0.1707779886148007,2.049335863377609,1.0246679316888043,1.1954459203036054,0.0,87.88,45.45,0.0,100.0,50.0,59.42,0.0,46.67,0.0197318484147617,0.0457637290594257,0.0,3.586337760910816,0.085337730170778,1.7077798861480078,1.8785578747628084,2.561669829222012,0.09358709943074,14.516129032258066,DM/CM,52,58,29,55,6,50,97,18,100,20,89,45,14,18,33,59,80,79,44,70,53,98,94,82,52,85,24,20,94,89,88,8,33,9,39,11,89,94,97,17,42,48,42,21,24,15,24,6,50,85,9,100,20,85,30,9,18,30,52,70,67,44,42,45,85,94,61,52,85,24,20,94,89,88,8,33,9,36,11,91,94,88,6,18,27,21,Ekstraklasa
Korona Kielce,2l1pdpvptdw9ois9qkrs9xi3c,cqhqrohwi8zds0d3bxo5jynhm,M. Pięczek,Marcel Pieczek,25,Defender,Poland,Defender,75.0,136.0,7.0,205.0,1.0,0.0,15.0,26.0,540.0,3.0,6.0,1.0,8.0,2.0,2.0,0.0,1.0,2.0,2.0,0.0,5.0,0.0,5.0,1.0,4.0,0.0,83.33,25.0,40.0,50.0,0.0,41.67,20.0,40.0,0.1461893577698664,0.6092884905863797,0.0,4.0,0.1211714899999999,6.0,25.0,31.0,1.205713160000001,100.0,12.5,22.666666666666668,1.1666666666666667,34.166666666666664,0.1666666666666666,0.0,2.5,4.333333333333333,0.5,1.0,0.1666666666666666,1.3333333333333333,0.3333333333333333,0.3333333333333333,0.0,0.1666666666666666,0.3333333333333333,0.3333333333333333,0.0,0.8333333333333334,0.0,0.8333333333333334,0.1666666666666666,0.6666666666666666,0.0,83.33,25.0,40.0,50.0,0.0,41.67,20.0,40.0,0.0243648929616444,0.1015480817643966,0.0,0.6666666666666666,0.0201952483333333,1.0,4.166666666666667,5.166666666666667,0.2009521933333335,16.666666666666668,LB/LCB,52,87,33,61,11,50,28,70,41,80,74,74,22,46,20,46,37,37,37,57,20,26,37,46,52,65,13,78,63,20,4,9,15,30,70,20,33,35,65,91,91,87,65,26,78,22,48,13,50,9,70,35,70,78,65,17,48,20,43,26,26,37,61,20,26,35,26,52,65,13,78,63,20,4,9,15,22,52,20,20,22,65,78,70,74,43,Ekstraklasa
Korona Kielce,2l1pdpvptdw9ois9qkrs9xi3c,e09qa60zisdsv4gfcxlbxk4ix,M. Faßbender,Morgan Fassbender,27,Attacker,Germany,Striker,16.0,61.0,1.0,76.0,6.0,0.0,18.0,2.0,439.0,2.0,1.0,0.0,3.0,15.0,13.0,2.0,4.0,20.0,22.0,3.0,2.0,7.0,34.0,8.0,0.0,0.0,76.0,25.0,5.26,40.0,46.67,31.58,42.86,0.0,1.5114271939082278,0.3304530908798379,4.0,12.0,0.45092896,1.0,3.0,7.0,0.4932085599999999,23.0,3.2801822323462413,12.505694760820043,0.20501138952164,15.580865603644645,1.2300683371298404,0.0,3.6902050113895215,0.4100227790432801,0.4100227790432801,0.20501138952164,0.0,0.6150341685649202,3.075170842824601,2.665148063781321,0.4100227790432801,0.8200455580865603,4.100227790432801,4.5102505694760815,0.6150341685649202,0.4100227790432801,1.4350797266514803,6.970387243735763,1.6400911161731206,0.0,0.0,76.0,25.0,5.26,40.0,46.67,31.58,42.86,0.0,0.3098597891839191,0.0677466473329963,0.8200455580865603,2.460136674259681,0.092445572665148,0.20501138952164,0.6150341685649202,1.4350797266514803,0.1011133722095671,4.715261958997722,CM/AM,11,16,9,11,91,51,31,16,12,18,32,15,85,93,26,69,96,95,92,47,89,95,88,4,50,16,11,14,27,84,8,58,4,86,22,54,42,62,9,7,12,32,11,8,16,8,14,95,51,32,16,8,19,32,11,84,92,22,70,95,97,97,51,95,97,92,4,50,16,11,14,27,84,8,58,4,89,19,65,57,76,5,8,14,38,5,Ekstraklasa
Korona Kielce,2l1pdpvptdw9ois9qkrs9xi3c,jprkyrrpfbrgu4gmu07q7isp,M. Remacle,Martin Remacle,29,Midfielder,Belgium,Midfielder,45.0,85.0,5.0,129.0,4.0,0.0,20.0,9.0,418.0,4.0,1.0,1.0,5.0,10.0,4.0,6.0,4.0,8.0,8.0,0.0,4.0,4.0,11.0,3.0,6.0,0.0,78.66,35.71,20.0,37.5,40.0,44.44,50.0,66.67,0.6685141979126429,0.3706507540192052,6.0,2.0,0.05267442,2.0,16.0,14.0,0.6132740499999999,58.0,9.688995215311005,18.301435406698563,1.076555023923445,27.77511961722488,0.8612440191387559,0.0,4.30622009569378,1.9377990430622007,0.8612440191387559,0.2153110047846889,0.2153110047846889,1.076555023923445,2.15311004784689,0.8612440191387559,1.2918660287081338,0.8612440191387559,1.7224880382775118,1.7224880382775118,0.0,0.8612440191387559,0.8612440191387559,2.3684210526315788,0.6459330143540669,1.2918660287081338,0.0,78.66,35.71,20.0,37.5,40.0,44.44,50.0,66.67,0.1439384636654015,0.0798051862720776,1.2918660287081338,0.4306220095693779,0.0113413822966507,0.4306220095693779,3.444976076555024,3.014354066985646,0.1320446519138755,12.48803827751196,DM/CM,21,36,29,36,47,50,50,47,38,47,89,70,94,92,86,92,89,86,44,36,97,94,76,71,52,15,14,42,36,82,30,56,67,97,58,94,8,9,26,47,32,61,32,12,27,21,15,48,50,48,39,36,52,91,61,97,91,88,97,91,91,44,33,94,91,73,64,52,15,14,42,36,82,30,56,67,94,67,94,6,9,21,24,27,55,9,Ekstraklasa
Pogoń Szczecin,7r1d7xdgcjgp61qxshpho7xck,3kanomgapsyp3iorzq4ujp905,A. Szalai,Attila Szalai,28,Defender,Hungary,Defender,92.0,37.0,12.0,129.0,7.0,1.0,8.0,25.0,360.0,0.0,0.0,0.0,1.0,3.0,3.0,0.0,1.0,0.0,0.0,1.0,3.0,1.0,4.0,0.0,1.0,0.0,81.65,38.71,0.0,0.0,33.33,44.44,46.67,100.0,0.3829631062884729,0.1259331552149573,0.0,0.0,0.0,0.0,9.0,8.0,0.27187347,89.0,23.0,9.25,3.0,32.25,1.75,0.25,2.0,6.25,0.0,0.0,0.0,0.25,0.75,0.75,0.0,0.25,0.0,0.0,0.25,0.75,0.25,1.0,0.0,0.25,0.0,81.65,38.71,0.0,0.0,33.33,44.44,46.67,100.0,0.0957407765721182,0.0314832888037393,0.0,0.0,0.0,0.0,2.25,2.0,0.0679683675,22.25,CB,24,11,54,15,29,96,14,38,9,32,38,34,52,59,32,64,18,15,81,28,57,39,25,14,51,22,35,32,25,74,22,30,94,60,57,30,6,6,15,21,21,30,28,42,10,75,25,31,100,8,68,9,32,38,35,56,68,32,69,18,15,92,32,66,40,25,16,51,22,35,32,25,74,22,30,94,65,70,30,6,6,15,34,26,38,38,Ekstraklasa
Pogoń Szczecin,7r1d7xdgcjgp61qxshpho7xck,3u3gjwv3jzdgsnf89bvbj1p79,L. Wahlqvist,Linus Wahlqvist,29,Defender,Sweden,Defender,45.0,32.0,4.0,74.0,2.0,0.0,4.0,13.0,285.0,0.0,3.0,1.0,2.0,3.0,3.0,0.0,0.0,2.0,2.0,1.0,3.0,1.0,5.0,0.0,1.0,0.0,79.57,40.0,50.0,0.0,33.33,16.67,15.38,50.0,0.4051648169944677,0.1393132297193781,0.0,0.0,0.0,1.0,7.0,6.0,0.396966,35.0,14.210526315789474,10.105263157894738,1.2631578947368425,23.36842105263158,0.6315789473684211,0.0,1.2631578947368425,4.105263157894737,0.0,0.9473684210526316,0.3157894736842105,0.6315789473684211,0.9473684210526316,0.9473684210526316,0.0,0.0,0.6315789473684211,0.6315789473684211,0.3157894736842105,0.9473684210526316,0.3157894736842105,1.5789473684210529,0.0,0.3157894736842105,0.0,79.57,40.0,50.0,0.0,33.33,16.67,15.38,50.0,0.1279467843140424,0.0439936514903299,0.0,0.0,0.0,0.3157894736842105,2.210526315789474,1.8947368421052635,0.1253576842105263,11.052631578947368,RB/RCB,19,4,27,8,23,42,4,37,6,63,87,15,65,87,27,35,42,42,96,23,75,46,13,10,52,27,42,100,13,79,4,12,25,85,15,29,6,6,21,19,10,19,12,27,12,46,12,35,42,4,73,6,77,92,31,81,92,27,35,50,50,100,38,85,69,13,12,52,27,42,100,13,79,4,12,25,88,31,29,6,6,31,27,19,50,19,Ekstraklasa
Pogoń Szczecin,7r1d7xdgcjgp61qxshpho7xck,4swz47sf9k2qu5v001pnjz816,Hussein Ali,Hussein Haydar Hussein Ali,24,Defender,Iraq,Defender,34.0,47.0,3.0,81.0,0.0,1.0,8.0,7.0,282.0,2.0,0.0,0.0,3.0,3.0,1.0,2.0,1.0,2.0,2.0,0.0,0.0,0.0,2.0,1.0,3.0,0.0,85.26,42.86,0.0,50.0,0.0,50.0,0.0,60.0,0.1295137596616616,0.2008892528853503,2.0,2.0,0.0535479299999999,2.0,13.0,9.0,0.2672826999999999,39.0,10.851063829787234,15.0,0.9574468085106383,25.85106382978724,0.0,0.3191489361702128,2.5531914893617023,2.2340425531914896,0.6382978723404256,0.0,0.0,0.9574468085106383,0.9574468085106383,0.3191489361702128,0.6382978723404256,0.3191489361702128,0.6382978723404256,0.6382978723404256,0.0,0.0,0.0,0.6382978723404256,0.3191489361702128,0.9574468085106383,0.0,85.26,42.86,0.0,50.0,0.0,50.0,0.0,60.0,0.0413341786154239,0.0641135913463884,0.6382978723404256,0.6382978723404256,0.0170897648936169,0.6382978723404256,4.148936170212766,2.872340425531915,0.0853029893617021,12.4468085106383,RB/RCB,8,21,15,12,4,92,13,10,23,19,37,29,65,48,79,79,42,42,46,4,33,13,42,23,52,58,54,19,56,33,35,6,54,42,23,81,19,23,38,42,29,8,19,19,35,27,19,4,96,15,15,38,19,37,58,85,62,96,92,54,54,46,4,33,27,58,38,52,58,54,19,56,33,35,6,54,54,54,96,27,31,50,73,46,23,23,Ekstraklasa
Pogoń Szczecin,7r1d7xdgcjgp61qxshpho7xck,64wpzdye8ixg0a4o1jdnuc3dg,M. Wojciechowski,Maciej Wojciechowski,19,Midfielder,Poland,Midfielder,41.0,70.0,10.0,111.0,3.0,0.0,17.0,5.0,411.0,10.0,0.0,1.0,1.0,6.0,1.0,5.0,2.0,3.0,6.0,0.0,1.0,2.0,3.0,1.0,2.0,0.0,82.22,83.33,0.0,33.33,33.33,47.22,50.0,50.0,0.4150171612541191,0.1177049616373238,2.0,11.0,0.24974263,4.0,16.0,18.0,0.30211139,48.0,8.978102189781023,15.328467153284672,2.18978102189781,24.306569343065696,0.6569343065693432,0.0,3.7226277372262775,1.094890510948905,2.18978102189781,0.0,0.218978102189781,0.218978102189781,1.3138686131386863,0.218978102189781,1.094890510948905,0.437956204379562,0.6569343065693432,1.3138686131386863,0.0,0.218978102189781,0.437956204379562,0.6569343065693432,0.218978102189781,0.437956204379562,0.0,82.22,83.33,0.0,33.33,33.33,47.22,50.0,50.0,0.0908796703476173,0.0257748091176621,0.437956204379562,2.408759124087591,0.0546881671532846,0.8759124087591241,3.5036496350364965,3.9416058394160585,0.0661557788321167,10.51094890510949,DM/CM,15,30,61,24,39,50,36,18,82,20,89,8,74,50,76,80,50,79,44,5,83,35,36,23,52,30,100,20,33,71,39,56,41,70,12,55,56,55,47,47,62,15,18,3,12,70,9,42,50,33,15,88,20,94,6,67,52,67,76,52,76,44,3,82,33,33,18,52,30,100,20,33,71,39,56,41,73,9,52,52,52,64,30,42,15,3,Ekstraklasa
Pogoń Szczecin,7r1d7xdgcjgp61qxshpho7xck,6hdfz2mxfptzgyldvlbip2e39,P. Dziczek,Patryk Dziczek,28,Midfielder,Poland,Midfielder,100.0,166.0,30.0,259.0,13.0,1.0,31.0,24.0,630.0,5.0,7.0,2.0,10.0,3.0,0.0,3.0,0.0,2.0,2.0,0.0,8.0,1.0,2.0,2.0,10.0,0.0,81.45,63.83,46.67,100.0,33.33,54.39,72.22,90.91,0.1365980878017526,0.9383824178263032,3.0,16.0,0.31305531,6.0,37.0,36.0,0.96003031,157.0,14.285714285714286,23.714285714285715,4.285714285714286,37.0,1.8571428571428568,0.1428571428571428,4.428571428571429,3.4285714285714284,0.7142857142857143,1.0,0.2857142857142857,1.4285714285714286,0.4285714285714285,0.0,0.4285714285714285,0.0,0.2857142857142857,0.2857142857142857,0.0,1.1428571428571428,0.1428571428571428,0.2857142857142857,0.2857142857142857,1.4285714285714286,0.0,81.45,63.83,46.67,100.0,33.33,54.39,72.22,90.91,0.0195140125431075,0.1340546311180433,0.4285714285714285,2.2857142857142856,0.0447221871428571,0.8571428571428571,5.285714285714286,5.142857142857143,0.1371471871428571,22.428571428571427,DM/CM,70,88,94,85,97,100,86,97,48,97,100,98,32,18,55,23,30,27,44,83,53,21,59,94,52,27,73,76,94,71,64,94,91,18,100,74,79,73,80,89,91,88,85,42,64,91,52,79,100,55,91,27,88,97,85,15,18,33,23,15,12,44,59,33,15,41,77,52,27,73,76,94,71,64,94,91,6,82,48,45,42,58,76,79,61,58,Ekstraklasa
Pogoń Szczecin,7r1d7xdgcjgp61qxshpho7xck,6k22ppzw6wv0c4gskzxk28fyt,K. Acosta,Kellyn Acosta,31,Midfielder,USA,Midfielder,33.0,68.0,2.0,99.0,7.0,0.0,17.0,6.0,325.0,6.0,2.0,0.0,0.0,5.0,4.0,1.0,0.0,1.0,2.0,1.0,4.0,1.0,5.0,0.0,1.0,0.0,76.15,20.0,33.33,0.0,20.0,58.62,70.0,25.0,0.4879964512880587,0.0,0.0,2.0,0.03870264,0.0,8.0,10.0,0.2364916799999999,46.0,9.138461538461538,18.83076923076923,0.5538461538461539,27.41538461538461,1.9384615384615385,0.0,4.707692307692308,1.6615384615384614,1.6615384615384614,0.5538461538461539,0.0,0.0,1.3846153846153846,1.1076923076923078,0.2769230769230769,0.0,0.2769230769230769,0.5538461538461539,0.2769230769230769,1.1076923076923078,0.2769230769230769,1.3846153846153846,0.0,0.2769230769230769,0.0,76.15,20.0,33.33,0.0,20.0,58.62,70.0,25.0,0.1351374788182316,0.0,0.0,0.5538461538461539,0.0107176541538461,0.0,2.2153846153846155,2.769230769230769,0.0654900036923076,12.738461538461538,DM/CM,12,27,8,15,74,50,36,26,58,65,41,3,62,92,17,23,12,27,92,36,53,53,14,11,52,3,3,59,14,45,85,91,11,79,3,11,8,6,5,8,12,9,14,6,30,6,12,82,50,64,30,67,73,41,3,73,94,12,23,12,33,94,48,58,64,14,9,52,3,3,59,14,45,85,91,11,88,3,11,9,6,5,12,21,9,12,Ekstraklasa
Pogoń Szczecin,7r1d7xdgcjgp61qxshpho7xck,7rtrg77m3xozgfhu3p2ihfey2,M. Juwara,Musa Juwara,24,Attacker,Gambia,Striker,19.0,36.0,3.0,53.0,4.0,0.0,17.0,5.0,244.0,3.0,2.0,0.0,4.0,5.0,3.0,2.0,1.0,6.0,6.0,1.0,0.0,1.0,8.0,4.0,5.0,0.0,72.6,25.0,12.5,66.67,20.0,41.46,30.77,83.33,0.433184568823072,0.4504039490661185,1.0,6.0,0.1755432,2.0,6.0,7.0,0.42433074,18.0,7.008196721311475,13.278688524590164,1.1065573770491803,19.54918032786885,1.4754098360655736,0.0,6.270491803278688,1.8442622950819672,1.1065573770491803,0.7377049180327868,0.0,1.4754098360655736,1.8442622950819672,1.1065573770491803,0.7377049180327868,0.3688524590163934,2.2131147540983607,2.2131147540983607,0.3688524590163934,0.0,0.3688524590163934,2.950819672131148,1.4754098360655736,1.8442622950819672,0.0,72.6,25.0,12.5,66.67,20.0,41.46,30.77,83.33,0.1597811934183462,0.1661326041637322,0.3688524590163934,2.2131147540983607,0.0647495409836065,0.7377049180327868,2.2131147540983607,2.581967213114754,0.1565154368852458,6.639344262295082,RW,50,25,75,25,50,62,62,75,38,62,38,62,25,25,38,25,75,75,75,25,38,25,75,100,62,25,62,25,75,50,50,50,100,25,75,25,38,50,25,75,50,75,25,50,50,75,50,75,62,50,100,75,50,38,75,50,50,75,50,75,75,100,25,25,50,75,100,62,25,62,25,75,50,50,50,100,25,100,25,50,50,50,100,75,100,25,Ekstraklasa
Pogoń Szczecin,7r1d7xdgcjgp61qxshpho7xck,96228t8od4zcvecnzx4fmnt1x,Jordi Sánchez,Jordi Sánchez,31,Attacker,Spain,Striker,15.0,37.0,0.0,52.0,10.0,0.0,23.0,7.0,671.0,9.0,0.0,1.0,8.0,19.0,19.0,0.0,2.0,5.0,6.0,7.0,0.0,11.0,44.0,3.0,1.0,0.0,59.77,0.0,0.0,60.0,57.89,41.82,40.0,100.0,2.807971682306909,0.7805065918281695,2.0,3.0,0.05842896,1.0,2.0,5.0,0.55595755,18.0,2.011922503725782,4.9627421758569294,0.0,6.9746646795827125,1.3412816691505216,0.0,3.0849478390462,0.9388971684053652,1.2071535022354694,0.0,0.1341281669150521,1.073025335320417,2.548435171385991,2.548435171385991,0.0,0.2682563338301043,0.6706408345752608,0.8047690014903129,0.9388971684053652,0.0,1.4754098360655736,5.901639344262295,0.4023845007451564,0.1341281669150521,0.0,59.77,0.0,0.0,60.0,57.89,41.82,40.0,100.0,0.3766280944972009,0.1046879184270272,0.2682563338301043,0.4023845007451564,0.0078369692995529,0.1341281669150521,0.2682563338301043,0.6706408345752608,0.0745695670640834,2.4143070044709387,ST,39,52,17,52,61,50,53,76,76,29,86,85,79,94,11,18,42,48,100,20,97,95,55,36,52,6,17,29,77,100,39,42,89,94,88,44,36,15,33,33,55,73,52,6,12,17,9,36,50,15,45,42,29,79,58,33,64,11,9,18,27,100,20,85,65,39,21,52,6,17,29,77,100,39,42,89,73,85,27,18,12,21,21,27,61,9,Ekstraklasa
Pogoń Szczecin,7r1d7xdgcjgp61qxshpho7xck,9q1pgu6p4wcn9qg4idxsipql1,B. Mendy,Benjamin Mendy,32,Defender,France,Defender,38.0,66.0,5.0,102.0,3.0,0.0,11.0,8.0,254.0,1.0,2.0,1.0,5.0,2.0,0.0,2.0,1.0,1.0,1.0,0.0,1.0,0.0,1.0,0.0,3.0,0.0,76.69,26.32,16.67,0.0,0.0,50.0,75.0,42.86,0.1012824233256797,0.5225522898489019,2.0,2.0,0.07876287,2.0,10.0,22.0,0.5729173700000001,48.0,13.464566929133856,23.38582677165354,1.7716535433070866,36.14173228346456,1.062992125984252,0.0,3.8976377952755903,2.8346456692913384,0.3543307086614173,0.7086614173228346,0.3543307086614173,1.7716535433070866,0.7086614173228346,0.0,0.7086614173228346,0.3543307086614173,0.3543307086614173,0.3543307086614173,0.0,0.3543307086614173,0.0,0.3543307086614173,0.0,1.062992125984252,0.0,76.69,26.32,16.67,0.0,0.0,50.0,75.0,42.86,0.0358874728319337,0.1851563231748077,0.7086614173228346,0.7086614173228346,0.027908103543307,0.7086614173228346,3.543307086614173,7.795275590551181,0.2030022177165354,17.00787401574803,LB/LCB,9,28,17,11,39,50,11,13,17,39,74,61,22,7,59,46,22,22,37,11,20,11,15,26,52,17,17,35,15,20,28,100,22,17,61,65,9,26,24,17,70,35,9,35,87,57,74,57,50,26,30,26,61,87,78,35,7,83,83,30,30,37,13,20,9,15,52,52,17,17,35,15,20,28,100,22,26,83,83,26,35,35,57,100,83,57,Ekstraklasa
Pogoń Szczecin,7r1d7xdgcjgp61qxshpho7xck,9urqzncna9izqyoaysnjq52lm,L. Willen,Lukas Willen,23,Defender,Belgium,Defender,83.0,52.0,1.0,135.0,3.0,0.0,8.0,18.0,270.0,0.0,0.0,0.0,0.0,2.0,1.0,1.0,1.0,4.0,5.0,0.0,1.0,1.0,1.0,1.0,3.0,0.0,94.41,33.33,0.0,25.0,50.0,34.78,37.5,75.0,0.2037630411681703,0.0,1.0,16.0,0.31021682,3.0,16.0,15.0,0.21272857,88.0,27.666666666666668,17.333333333333332,0.3333333333333333,45.0,1.0,0.0,2.6666666666666665,6.0,0.0,0.0,0.0,0.0,0.6666666666666666,0.3333333333333333,0.3333333333333333,0.3333333333333333,1.3333333333333333,1.6666666666666667,0.0,0.3333333333333333,0.3333333333333333,0.3333333333333333,0.3333333333333333,1.0,0.0,94.41,33.33,0.0,25.0,50.0,34.78,37.5,75.0,0.0679210137227234,0.0,0.3333333333333333,5.333333333333333,0.1034056066666666,1.0,5.333333333333333,5.0,0.0709095233333333,29.33333333333333,CB,18,26,4,20,12,46,14,20,9,32,38,11,35,29,72,64,89,90,35,5,57,8,62,49,51,100,16,32,52,88,8,18,75,35,12,72,98,90,68,55,48,15,25,57,70,5,61,12,46,12,61,9,32,38,11,50,39,80,78,95,95,35,12,86,8,88,75,51,100,16,32,52,88,8,18,75,57,12,85,100,100,88,95,86,40,72,Ekstraklasa
Pogoń Szczecin,7r1d7xdgcjgp61qxshpho7xck,cfdkix38vfxiwso180akwv76c,D. Keramitsis,Dimitris Keramitsis,22,Defender,Greece,Defender,188.0,109.0,16.0,296.0,20.0,0.0,31.0,27.0,630.0,7.0,1.0,0.0,2.0,6.0,6.0,0.0,0.0,0.0,0.0,0.0,10.0,2.0,23.0,0.0,3.0,0.0,87.06,50.0,50.0,0.0,33.33,55.36,54.05,50.0,0.7011040632734244,0.2153765619921129,0.0,12.0,0.24203819,5.0,20.0,25.0,0.7098393500000003,166.0,26.857142857142858,15.571428571428571,2.2857142857142856,42.285714285714285,2.857142857142857,0.0,4.428571428571429,3.857142857142857,1.0,0.1428571428571428,0.0,0.2857142857142857,0.8571428571428571,0.8571428571428571,0.0,0.0,0.0,0.0,0.0,1.4285714285714286,0.2857142857142857,3.2857142857142856,0.0,0.4285714285714285,0.0,87.06,50.0,50.0,0.0,33.33,55.36,54.05,50.0,0.1001577233247749,0.0307680802845875,0.0,1.7142857142857142,0.0345768842857142,0.7142857142857143,2.857142857142857,3.571428571428572,0.1014056214285714,23.714285714285715,CB,72,72,68,68,76,46,71,42,88,76,38,56,78,82,32,25,18,15,35,91,82,98,25,49,51,57,69,88,25,74,48,45,32,75,72,30,86,80,84,69,82,82,62,50,52,49,45,74,46,60,15,78,66,38,45,64,76,32,25,18,15,35,82,75,95,25,34,51,57,69,88,25,74,48,45,32,68,68,30,78,75,72,52,70,70,48,Ekstraklasa
Pogoń Szczecin,7r1d7xdgcjgp61qxshpho7xck,dqybftxqx6q0q5sqk20icmgru,P. Mukairu,Paul Mukairu,26,Midfielder,Nigeria,Midfielder,34.0,63.0,5.0,97.0,3.0,0.0,48.0,5.0,594.0,15.0,0.0,1.0,3.0,14.0,10.0,4.0,3.0,31.0,34.0,1.0,6.0,5.0,32.0,16.0,11.0,0.0,81.51,55.56,0.0,51.61,35.71,43.24,17.65,78.57,1.969468798337789,0.1325794395697661,5.0,14.0,0.46799309,8.0,4.0,8.0,0.2969112399999999,38.0,5.151515151515151,9.545454545454549,0.7575757575757576,14.696969696969695,0.4545454545454546,0.0,7.272727272727273,0.7575757575757576,2.272727272727273,0.0,0.1515151515151515,0.4545454545454546,2.121212121212121,1.5151515151515151,0.6060606060606061,0.4545454545454546,4.696969696969697,5.151515151515151,0.1515151515151515,0.9090909090909092,0.7575757575757576,4.848484848484849,2.4242424242424243,1.6666666666666667,0.0,81.51,55.56,0.0,51.61,35.71,43.24,17.65,78.57,0.2984043633845135,0.0200877938742069,0.7575757575757576,2.121212121212121,0.0709080439393939,1.2121212121212122,0.6060606060606061,1.2121212121212122,0.0449865515151515,5.757575757575758,CM/AM,38,19,47,31,49,51,97,50,80,7,72,15,77,85,53,55,100,100,69,92,72,92,100,96,50,49,51,7,65,70,36,16,78,97,5,69,57,68,66,12,18,14,27,24,3,38,11,38,51,92,38,78,7,68,3,68,70,41,46,100,100,65,86,68,81,97,92,50,49,51,7,65,70,36,16,78,86,3,57,49,51,59,5,8,3,16,Ekstraklasa
Pogoń Szczecin,7r1d7xdgcjgp61qxshpho7xck,dz70ci3ugpcsbat6ma2mcraax,D. Churlinov,Darko Churlinov,26,Midfielder,North Macedonia,Midfielder,22.0,60.0,3.0,75.0,2.0,0.0,20.0,3.0,367.0,4.0,7.0,0.0,5.0,13.0,12.0,1.0,4.0,18.0,18.0,2.0,6.0,5.0,25.0,11.0,0.0,0.0,76.53,42.86,38.89,61.11,38.46,52.63,33.33,0.0,1.4210744316605215,0.515855764594227,2.0,14.0,0.32915077,3.0,3.0,9.0,0.5009890100000001,20.0,5.395095367847412,14.713896457765667,0.7356948228882835,18.392370572207085,0.4904632152588556,0.0,4.904632152588556,0.7356948228882835,0.9809264305177112,1.7166212534059946,0.0,1.226158038147139,3.188010899182561,2.942779291553134,0.2452316076294278,0.9809264305177112,4.4141689373297,4.4141689373297,0.4904632152588556,1.471389645776567,1.226158038147139,6.130790190735695,2.697547683923706,0.0,0.0,76.53,42.86,38.89,61.11,38.46,52.63,33.33,0.0,0.3484923674371851,0.1265041384563499,0.4904632152588556,3.433242506811989,0.080718172479564,0.7356948228882835,0.7356948228882835,2.20708446866485,0.1228583403269755,4.904632152588556,CM/AM,19,14,27,8,31,51,38,28,30,73,32,34,66,89,18,69,92,91,84,92,72,76,97,4,50,24,28,89,81,74,78,34,4,81,35,32,57,43,28,7,24,35,8,30,24,35,22,43,51,57,35,30,81,32,41,86,97,16,84,97,95,89,100,81,92,100,4,50,24,28,89,81,74,78,34,4,97,57,46,73,62,38,11,30,51,8,Ekstraklasa
Motor Lublin,495gki1v52te79znpgvcdcv12,29ocnv2fx4pv52zvspb4k6lg4,F. Luberecki,Filip Luberecki,21,Defender,Poland,Defender,142.0,121.0,14.0,259.0,1.0,0.0,35.0,15.0,717.0,7.0,4.0,0.0,3.0,2.0,1.0,1.0,2.0,15.0,15.0,0.0,6.0,0.0,7.0,7.0,14.0,0.0,87.5,73.68,25.0,46.67,0.0,58.33,25.0,70.0,0.108366216862907,0.3462376639468779,1.0,10.0,0.29131295,7.0,20.0,18.0,0.8750634499999996,123.0,17.824267782426777,15.188284518828452,1.7573221757322175,32.51046025104603,0.1255230125523012,0.0,4.393305439330544,1.8828451882845187,0.8786610878661087,0.502092050209205,0.0,0.3765690376569037,0.2510460251046025,0.1255230125523012,0.1255230125523012,0.2510460251046025,1.8828451882845187,1.8828451882845187,0.0,0.7531380753138075,0.0,0.8786610878661087,0.8786610878661087,1.7573221757322175,0.0,87.5,73.68,25.0,46.67,0.0,58.33,25.0,70.0,0.013602453999528,0.0434607946376834,0.1255230125523012,1.2552301255230125,0.0365664790794979,0.8786610878661087,2.510460251046025,2.2594142259414225,0.10984060041841,15.439330543933057,LB/LCB,91,78,91,87,11,50,78,41,74,63,30,28,22,22,43,74,93,91,37,67,20,46,96,93,52,91,96,54,43,20,91,17,70,26,43,48,72,65,76,72,37,61,74,65,30,52,43,4,50,48,13,52,52,30,13,9,13,39,63,83,83,37,43,20,30,91,91,52,91,96,54,43,20,91,17,70,9,22,39,43,39,61,39,13,30,35,Ekstraklasa
Motor Lublin,495gki1v52te79znpgvcdcv12,3hrmfeyo1b9lqrl7c6xkpwz1m,K. Lukoszek,Kamil Lukoszek,24,Midfielder,Poland,Midfielder,45.0,55.0,6.0,92.0,0.0,0.0,5.0,3.0,230.0,3.0,8.0,1.0,9.0,5.0,1.0,4.0,3.0,2.0,2.0,1.0,3.0,1.0,5.0,0.0,1.0,0.0,86.79,54.55,38.1,0.0,20.0,45.45,0.0,50.0,0.3024457556314658,1.0795323647617563,3.0,1.0,0.04647721,1.0,8.0,13.0,1.4420308799999997,56.0,17.608695652173914,21.521739130434785,2.347826086956522,36.0,0.0,0.0,1.956521739130435,1.173913043478261,1.173913043478261,3.130434782608696,0.391304347826087,3.5217391304347827,1.956521739130435,0.391304347826087,1.565217391304348,1.173913043478261,0.782608695652174,0.782608695652174,0.391304347826087,1.173913043478261,0.391304347826087,1.956521739130435,0.0,0.391304347826087,0.0,86.79,54.55,38.1,0.0,20.0,45.45,0.0,50.0,0.1183483391601388,0.4224257079502524,1.173913043478261,0.391304347826087,0.018186734347826,0.391304347826087,3.130434782608696,5.086956521739131,0.5642729530434781,21.91304347826087,RM/RCM,74,32,68,50,5,53,5,32,37,84,76,82,39,11,63,76,8,8,76,47,37,16,5,13,53,89,84,74,5,32,53,11,42,26,84,45,8,11,8,53,53,95,63,89,89,95,89,5,53,5,42,53,95,79,100,63,26,84,89,26,21,89,68,58,26,5,16,53,89,84,74,5,32,53,11,42,47,100,68,11,11,11,74,89,100,89,Ekstraklasa
Motor Lublin,495gki1v52te79znpgvcdcv12,3ubr79nwdsgza9wncopzedqp6,M. Łęgowski,Mateusz Legowski,23,Midfielder,Poland,Midfielder,42.0,88.0,6.0,129.0,5.0,0.0,15.0,5.0,543.0,4.0,1.0,0.0,3.0,8.0,4.0,4.0,1.0,6.0,6.0,0.0,6.0,2.0,9.0,2.0,2.0,0.0,75.0,50.0,12.5,33.33,25.0,33.33,38.46,50.0,0.692366197112553,0.1963659834254054,2.0,3.0,0.06504348,6.0,20.0,20.0,0.3784669299999998,71.0,6.961325966850829,14.585635359116022,0.994475138121547,21.38121546961326,0.8287292817679558,0.0,2.4861878453038675,0.8287292817679558,0.6629834254143646,0.1657458563535911,0.0,0.4972375690607735,1.3259668508287292,0.6629834254143646,0.6629834254143646,0.1657458563535911,0.994475138121547,0.994475138121547,0.0,0.994475138121547,0.3314917127071823,1.4917127071823204,0.3314917127071823,0.3314917127071823,0.0,75.0,50.0,12.5,33.33,25.0,33.33,38.46,50.0,0.1147568282506994,0.0325468480815589,0.3314917127071823,0.4972375690607735,0.0107806872928176,0.994475138121547,3.314917127071823,3.314917127071823,0.0627293254143646,11.767955801104971,CM/AM,46,43,53,46,77,51,20,50,30,18,32,15,41,39,53,16,32,27,30,92,43,31,23,19,50,14,38,23,22,39,11,45,27,35,8,32,9,8,54,66,59,22,51,41,22,49,32,76,51,8,46,22,16,32,8,30,32,51,11,24,24,30,89,41,22,16,11,50,14,38,23,22,39,11,45,27,38,5,22,5,5,51,62,46,5,41,Ekstraklasa
Motor Lublin,495gki1v52te79znpgvcdcv12,4jauu6ue076rbeq56exa4bcyy,M. Aïko,Makan Aiko,25,Midfielder,France,Midfielder,7.0,34.0,3.0,39.0,0.0,0.0,11.0,2.0,226.0,5.0,2.0,0.0,1.0,9.0,3.0,6.0,3.0,11.0,12.0,1.0,3.0,4.0,4.0,4.0,1.0,0.0,81.25,75.0,22.22,36.36,44.44,42.31,0.0,50.0,0.6150780350240929,0.0,6.0,9.0,0.23825156,2.0,1.0,4.0,0.27853742,15.0,2.7876106194690267,13.539823008849558,1.1946902654867255,15.530973451327434,0.0,0.0,4.380530973451328,0.7964601769911505,1.991150442477876,0.7964601769911505,0.0,0.3982300884955752,3.584070796460177,1.1946902654867255,2.3893805309734515,1.1946902654867255,4.380530973451328,4.778761061946903,0.3982300884955752,1.1946902654867255,1.592920353982301,1.592920353982301,1.592920353982301,0.3982300884955752,0.0,81.25,75.0,22.22,36.36,44.44,42.31,0.0,50.0,0.244942580319329,0.0,2.3893805309734515,3.584070796460177,0.0948789398230088,0.7964601769911505,0.3982300884955752,1.592920353982301,0.1109219814159292,5.9734513274336285,LM/LCM,6,6,41,6,6,47,16,12,38,44,28,9,62,31,75,72,47,44,59,56,66,12,41,19,53,62,100,62,28,75,19,6,34,38,6,78,25,31,25,9,9,6,6,6,38,62,25,6,47,31,38,88,88,28,12,88,69,100,88,94,100,88,88,94,19,69,25,53,62,100,62,28,75,19,6,34,88,6,100,81,69,44,12,19,38,25,Ekstraklasa
Motor Lublin,495gki1v52te79znpgvcdcv12,7wo1hk736v1xhovvu2t2trw89,Y. Bourhane,Yacine Bourhane,27,Midfielder,Comoros,Midfielder,105.0,118.0,9.0,221.0,7.0,0.0,24.0,22.0,440.0,4.0,2.0,0.0,4.0,2.0,2.0,0.0,0.0,3.0,3.0,0.0,6.0,1.0,7.0,2.0,4.0,0.0,94.04,60.0,66.67,66.67,50.0,48.98,41.18,36.36,0.2299708914020967,0.1439194814833352,0.0,13.0,0.29149677,3.0,23.0,11.0,0.3922171399999999,114.0,21.477272727272727,24.13636363636364,1.8409090909090908,45.20454545454545,1.4318181818181817,0.0,4.909090909090908,4.5,0.8181818181818181,0.409090909090909,0.0,0.8181818181818181,0.409090909090909,0.409090909090909,0.0,0.0,0.6136363636363635,0.6136363636363635,0.0,1.227272727272727,0.2045454545454545,1.4318181818181817,0.409090909090909,0.8181818181818181,0.0,94.04,60.0,66.67,66.67,50.0,48.98,41.18,36.36,0.0470395005140652,0.0294380757579549,0.0,2.6590909090909087,0.0596243393181818,0.6136363636363635,4.704545454545454,2.25,0.0802262331818181,23.318181818181817,DM/CM,77,68,53,76,74,50,61,94,38,65,41,45,14,76,6,23,50,47,44,70,53,74,59,47,52,97,58,94,76,89,45,42,15,36,15,11,68,70,35,70,15,30,64,79,70,52,70,64,50,67,97,33,58,41,48,12,67,6,23,45,42,44,67,52,67,58,45,52,97,58,94,76,89,45,42,15,27,15,11,64,61,33,61,9,21,64,Ekstraklasa
Motor Lublin,495gki1v52te79znpgvcdcv12,c74bph9j1tl68t5s3wm5b8j8q,K. Czubak,Karol Czubak,26,Attacker,Poland,Striker,22.0,43.0,3.0,65.0,33.0,0.0,53.0,20.0,719.0,7.0,0.0,0.0,10.0,29.0,26.0,3.0,4.0,10.0,10.0,5.0,2.0,12.0,56.0,4.0,5.0,0.0,60.19,75.0,0.0,40.0,41.38,46.49,50.0,55.56,3.744684325761624,0.8177872491868177,3.0,2.0,0.27430958,1.0,4.0,6.0,0.66641913,23.0,2.753824756606398,5.382475660639777,0.3755215577190542,8.136300417246176,4.130737134909596,0.0,6.634214186369959,2.503477051460361,0.8762169680111266,0.0,0.0,1.2517385257301807,3.630041724617525,3.25452016689847,0.3755215577190542,0.5006954102920723,1.2517385257301807,1.2517385257301807,0.6258692628650904,0.2503477051460361,1.502086230876217,7.009735744089013,0.5006954102920723,0.6258692628650904,0.0,60.19,75.0,0.0,40.0,41.38,46.49,50.0,55.56,0.4687365637253771,0.1023655805658047,0.3755215577190542,0.2503477051460361,0.0343363869262865,0.125173852573018,0.5006954102920723,0.7510431154381085,0.0834182499304589,2.878998609179416,ST,67,58,77,64,97,50,97,100,61,29,38,91,100,100,61,74,68,68,95,71,100,100,62,92,52,12,85,29,39,67,67,74,59,100,94,59,20,79,33,56,64,79,58,24,15,55,15,94,50,82,94,18,29,38,88,82,94,39,27,52,45,85,61,91,91,52,76,52,12,85,29,39,67,67,74,59,91,76,42,6,58,18,30,30,67,21,Ekstraklasa
Motor Lublin,495gki1v52te79znpgvcdcv12,cmurrshqh5xp283cemfwpi4x6,M. Bartoš,Marek Bartos,29,Defender,Slovakia,Defender,189.0,84.0,23.0,273.0,21.0,0.0,33.0,46.0,541.0,5.0,0.0,0.0,5.0,7.0,5.0,2.0,3.0,2.0,2.0,0.0,2.0,1.0,16.0,0.0,5.0,0.0,84.52,52.27,0.0,0.0,14.29,67.35,77.78,71.43,0.7785828220176025,0.1741071046025705,0.0,9.0,0.18364655,4.0,22.0,19.0,0.3452524899999998,152.0,31.44177449168207,13.974121996303142,3.826247689463956,45.415896487985215,3.4935304990757854,0.0,5.489833641404806,7.652495378927911,0.8317929759704251,0.0,0.0,0.8317929759704251,1.1645101663585953,0.8317929759704251,0.33271719038817,0.499075785582255,0.33271719038817,0.33271719038817,0.0,0.33271719038817,0.166358595194085,2.6617375231053604,0.0,0.8317929759704251,0.0,84.52,52.27,0.0,0.0,14.29,67.35,77.78,71.43,0.1295239445130946,0.0289642133349932,0.0,1.497227356746765,0.0305511820702402,0.6654343807763401,3.659889094269871,3.160813308687616,0.0574357192236598,25.286506469500925,CB,75,52,90,60,81,46,76,88,76,32,38,90,88,71,86,95,69,68,35,16,57,84,25,70,51,32,75,32,25,46,90,95,69,82,70,30,76,72,78,80,61,40,57,68,48,90,65,85,46,82,88,72,32,38,90,85,72,78,92,70,65,35,10,52,90,25,60,51,32,75,32,25,46,90,95,69,82,65,30,70,68,70,78,52,22,50,Ekstraklasa
Motor Lublin,495gki1v52te79znpgvcdcv12,csxuuc8jvvfeqmkuvo8h5wn4k,P. Meyer,Paskal Meyer,21,Defender,Germany,Defender,28.0,41.0,6.0,68.0,6.0,0.0,15.0,26.0,291.0,3.0,1.0,0.0,1.0,3.0,2.0,1.0,1.0,1.0,1.0,0.0,6.0,0.0,4.0,1.0,2.0,0.0,67.33,35.29,100.0,100.0,0.0,44.12,31.58,40.0,0.3345539699281376,0.0414503784061892,1.0,4.0,0.07883598,1.0,6.0,6.0,0.14944381,34.0,8.65979381443299,12.68041237113402,1.855670103092784,21.030927835051543,1.855670103092784,0.0,4.639175257731958,8.041237113402062,0.9278350515463918,0.3092783505154639,0.0,0.3092783505154639,0.9278350515463918,0.6185567010309279,0.3092783505154639,0.3092783505154639,0.3092783505154639,0.3092783505154639,0.0,1.855670103092784,0.0,1.2371134020618555,0.3092783505154639,0.6185567010309279,0.0,67.33,35.29,100.0,100.0,0.0,44.12,31.58,40.0,0.1034702999777745,0.012819704661708,0.3092783505154639,1.2371134020618555,0.0243822618556701,0.3092783505154639,1.855670103092784,1.855670103092784,0.0462197350515464,10.515463917525771,CB,4,15,22,5,21,46,30,40,57,76,38,34,52,46,72,64,45,41,35,61,22,39,62,30,51,5,24,98,89,22,20,8,11,52,30,72,42,38,39,15,14,8,10,2,30,38,5,38,46,65,95,75,88,38,52,70,60,75,75,65,60,35,95,22,50,80,48,51,5,24,98,89,22,20,8,11,72,35,82,68,65,50,20,20,12,12,Ekstraklasa
Motor Lublin,495gki1v52te79znpgvcdcv12,dh4byuuh5mlyp147iq8cyunkl,Ivo Rodrigues,Ivo Tiago dos Santos Rodrigues,31,Midfielder,Portugal,Midfielder,63.0,115.0,11.0,172.0,5.0,0.0,28.0,8.0,432.0,17.0,6.0,3.0,10.0,6.0,1.0,5.0,4.0,10.0,10.0,0.0,7.0,0.0,6.0,4.0,3.0,0.0,83.5,57.89,24.0,40.0,0.0,49.12,55.56,75.0,0.3501464039834039,0.9837030382837978,1.0,12.0,0.28930677,3.0,18.0,29.0,0.6938880400000003,91.0,13.125,23.958333333333336,2.291666666666667,35.833333333333336,1.0416666666666667,0.0,5.833333333333334,1.6666666666666667,3.541666666666667,1.25,0.625,2.083333333333333,1.25,0.2083333333333333,1.0416666666666667,0.8333333333333334,2.083333333333333,2.083333333333333,0.0,1.4583333333333337,0.0,1.25,0.8333333333333334,0.625,0.0,83.5,57.89,24.0,40.0,0.0,49.12,55.56,75.0,0.0729471674965424,0.2049381329757912,0.2083333333333333,2.5,0.06027224375,0.625,3.75,6.041666666666667,0.1445600083333334,18.958333333333336,CM/AM,68,59,78,62,77,51,68,77,89,70,95,64,31,14,66,69,57,55,30,97,11,20,49,36,50,68,54,46,27,11,59,85,73,19,70,19,42,35,28,62,82,54,59,70,70,84,68,84,51,78,84,97,73,97,76,24,14,81,76,65,62,30,97,11,19,46,41,50,68,54,46,27,11,59,85,73,16,76,16,59,46,30,81,89,59,78,Ekstraklasa
Motor Lublin,495gki1v52te79znpgvcdcv12,dj03f3spn2987er0c71ojhr10,C. Simon,Christopher Simon,26,Midfielder,Senegal,Midfielder,57.0,102.0,11.0,157.0,9.0,0.0,24.0,10.0,433.0,4.0,2.0,0.0,4.0,9.0,5.0,4.0,1.0,4.0,4.0,0.0,5.0,3.0,9.0,3.0,5.0,0.0,83.07,57.89,14.29,75.0,33.33,63.16,90.0,62.5,0.8069508530080214,0.4246079569984462,4.0,7.0,0.14987282,4.0,21.0,20.0,0.7499611499999999,82.0,11.84757505773672,21.20092378752887,2.286374133949192,32.63279445727483,1.8706697459584296,0.0,4.988452655889145,2.07852193995381,0.8314087759815243,0.4157043879907621,0.0,0.8314087759815243,1.8706697459584296,1.039260969976905,0.8314087759815243,0.207852193995381,0.8314087759815243,0.8314087759815243,0.0,1.039260969976905,0.6235565819861432,1.8706697459584296,0.6235565819861432,1.039260969976905,0.0,83.07,57.89,14.29,75.0,33.33,63.16,90.0,62.5,0.1677265052441615,0.0882556954500234,0.8314087759815243,1.4549653579676676,0.0311513944572748,0.8314087759815243,4.364896073903003,4.157043879907621,0.155881070438799,17.043879907621246,RM/RCM,79,74,89,74,92,53,74,71,53,45,34,45,71,71,63,39,29,26,32,63,84,29,45,74,53,63,89,26,95,71,95,100,79,79,53,66,39,32,42,84,71,42,84,84,84,84,84,95,53,63,74,42,37,34,26,58,58,47,32,32,26,32,63,74,21,53,58,53,63,89,26,95,71,95,100,79,63,47,47,26,21,32,95,68,47,84,Ekstraklasa
Motor Lublin,495gki1v52te79znpgvcdcv12,djqbki8jap3rp8l0izzly9tzo,Fábio Ronaldo,Fábio Ronaldo da Costa Conceição,25,Midfielder,Portugal,Midfielder,32.0,89.0,2.0,115.0,8.0,0.0,36.0,1.0,517.0,10.0,6.0,0.0,10.0,8.0,7.0,1.0,1.0,23.0,26.0,0.0,2.0,5.0,26.0,11.0,4.0,0.0,82.73,66.67,37.5,47.83,62.5,50.7,50.0,57.14,0.8290592041652995,1.0404210937922838,1.0,19.0,0.5987935999999998,3.0,6.0,4.0,0.8877732799999998,40.0,5.570599613152805,15.493230174081235,0.3481624758220503,20.01934235976789,1.3926499032882012,0.0,6.266924564796906,0.1740812379110251,1.7408123791102514,1.0444874274661509,0.0,1.7408123791102514,1.3926499032882012,1.218568665377176,0.1740812379110251,0.1740812379110251,4.003868471953578,4.526112185686654,0.0,0.3481624758220503,0.8704061895551257,4.526112185686654,1.9148936170212767,0.6963249516441006,0.0,82.73,66.67,37.5,47.83,62.5,50.7,50.0,57.14,0.1443236525626246,0.1811177919561035,0.1740812379110251,3.3075435203094776,0.1042387311411991,0.5222437137330754,1.0444874274661509,0.6963249516441006,0.1545446715667311,6.963249516441006,LM/LCM,50,69,25,50,75,47,81,6,69,94,28,91,56,72,28,28,94,94,22,31,81,84,84,53,53,75,84,94,56,94,56,50,50,56,94,25,78,88,38,34,9,56,44,44,56,25,44,69,47,75,6,69,94,28,81,50,75,31,25,88,88,22,25,69,81,88,56,53,75,84,94,56,94,56,50,50,44,88,25,69,81,25,38,6,50,38,Ekstraklasa
Motor Lublin,495gki1v52te79znpgvcdcv12,dp55sn2vl9mg3tpjby7peun3e,T. Santos,Thomas Santos,27,Defender,Denmark,Defender,55.0,70.0,3.0,121.0,4.0,0.0,33.0,13.0,464.0,3.0,4.0,0.0,5.0,4.0,1.0,3.0,1.0,10.0,12.0,0.0,10.0,0.0,6.0,6.0,15.0,0.0,78.57,33.33,25.0,60.0,0.0,47.83,40.0,75.0,0.2468372179072122,0.5664687818296433,3.0,4.0,0.10010309,3.0,5.0,13.0,0.65716254,48.0,10.66810344827586,13.577586206896552,0.5818965517241379,23.469827586206897,0.7758620689655172,0.0,6.400862068965517,2.521551724137931,0.5818965517241379,0.7758620689655172,0.0,0.9698275862068964,0.7758620689655172,0.1939655172413793,0.5818965517241379,0.1939655172413793,1.939655172413793,2.327586206896552,0.0,1.939655172413793,0.0,1.1637931034482758,1.1637931034482758,2.909482758620689,0.0,78.57,33.33,25.0,60.0,0.0,47.83,40.0,75.0,0.0478779086457954,0.1098754102686808,0.5818965517241379,0.7758620689655172,0.0194165476293103,0.5818965517241379,0.9698275862068964,2.521551724137931,0.1274668719827586,9.310344827586206,RB/RCB,27,38,15,31,48,42,79,37,38,85,37,77,81,48,90,79,88,88,46,92,33,62,87,100,52,19,31,58,69,33,25,40,81,62,85,92,37,42,50,10,46,50,27,15,27,15,15,46,42,88,23,31,73,37,65,77,46,92,81,88,92,46,88,33,46,96,100,52,19,31,58,69,33,25,40,81,62,73,92,35,35,42,8,42,54,15,Ekstraklasa
Motor Lublin,495gki1v52te79znpgvcdcv12,et9osg9be5jg8h7i0org6cqac,M. N'Diaye,Mbaye N'Diaye,22,Midfielder,Senegal,Midfielder,31.0,96.0,5.0,125.0,2.0,0.0,30.0,3.0,697.0,12.0,2.0,3.0,9.0,21.0,17.0,4.0,8.0,20.0,26.0,1.0,2.0,5.0,40.0,8.0,3.0,0.0,80.65,62.5,25.0,40.0,23.81,35.29,11.11,37.5,2.2978088293741523,0.9004079806260418,6.0,10.0,0.35075892,4.0,7.0,13.0,1.2846527399999998,62.0,4.002869440459111,12.395982783357246,0.6456241032998565,16.140602582496413,0.2582496413199426,0.0,3.873744619799139,0.3873744619799139,1.5494978479196555,0.2582496413199426,0.3873744619799139,1.1621233859397415,2.711621233859397,2.1951219512195124,0.5164992826398852,1.0329985652797704,2.582496413199426,3.357245337159254,0.1291248206599713,0.2582496413199426,0.6456241032998565,5.164992826398852,1.0329985652797704,0.3873744619799139,0.0,80.65,62.5,25.0,40.0,23.81,35.29,11.11,37.5,0.296704153003836,0.1162650190191445,0.7747489239598279,1.291248206599713,0.0452916826398852,0.5164992826398852,0.9038737446197992,1.678622668579627,0.1658805546628407,8.005738880918221,CM/AM,34,46,47,41,31,51,77,28,69,32,95,57,97,100,53,96,96,97,69,47,72,97,88,36,50,43,66,51,27,32,14,5,8,100,65,85,36,49,41,26,35,86,43,14,14,27,16,14,51,43,14,54,24,84,32,78,86,32,89,81,92,59,30,59,84,65,14,50,43,66,51,27,32,14,5,8,84,35,59,24,27,19,14,16,70,22,Ekstraklasa
Motor Lublin,495gki1v52te79znpgvcdcv12,jk8n72zhngmdw2ek47zx7f11,B. Bereszyński,Bartosz Bereszynski,34,Defender,Poland,Defender,232.0,172.0,24.0,402.0,9.0,0.0,26.0,25.0,712.0,7.0,2.0,0.0,4.0,3.0,0.0,3.0,0.0,2.0,2.0,0.0,8.0,1.0,5.0,1.0,6.0,0.0,87.77,46.15,33.33,50.0,33.33,59.09,47.37,60.0,0.1503641510362641,0.4807865355120536,2.0,4.0,0.08745963,5.0,45.0,42.0,1.2597819099999998,268.0,29.325842696629213,21.741573033707866,3.033707865168539,50.81460674157303,1.1376404494382022,0.0,3.286516853932584,3.1601123595505616,0.8848314606741573,0.2528089887640449,0.0,0.5056179775280899,0.3792134831460674,0.0,0.3792134831460674,0.0,0.2528089887640449,0.2528089887640449,0.0,1.0112359550561798,0.1264044943820224,0.6320224719101123,0.1264044943820224,0.7584269662921348,0.0,87.77,46.15,33.33,50.0,33.33,59.09,47.37,60.0,0.019006704484921,0.0607735789270854,0.2528089887640449,0.5056179775280899,0.0110552903089887,0.6320224719101123,5.688202247191011,5.308988764044944,0.1592420953651685,33.87640449438202,RB/RCB,96,96,96,96,75,42,63,75,77,44,37,52,65,19,90,35,42,42,46,85,75,46,42,60,52,73,67,88,56,79,65,50,54,50,69,81,37,38,69,100,96,96,100,85,81,88,77,58,42,31,42,62,38,37,23,42,19,77,35,27,27,46,54,65,19,31,31,52,73,67,88,56,79,65,50,54,38,42,73,19,19,46,96,88,69,88,Ekstraklasa
Radomiak Radom,5iq037iifttb7jw2zkz2z57pj,32prlqie8jt63ts9krtpkr9t6,K. Szcześniak,Kryspin Szczesniak,25,Defender,Poland,Defender,238.0,62.0,13.0,300.0,10.0,1.0,24.0,62.0,720.0,6.0,0.0,0.0,1.0,2.0,2.0,0.0,0.0,1.0,1.0,0.0,5.0,0.0,5.0,1.0,6.0,0.0,89.82,41.94,0.0,100.0,0.0,54.55,40.0,85.71,0.3206523759257415,0.0467462557797762,0.0,2.0,0.03620728,0.0,13.0,11.0,0.4293730799999999,196.0,29.75,7.75,1.625,37.5,1.25,0.125,3.0,7.75,0.75,0.0,0.0,0.125,0.25,0.25,0.0,0.0,0.125,0.125,0.0,0.625,0.0,0.625,0.125,0.75,0.0,89.82,41.94,0.0,100.0,0.0,54.55,40.0,85.71,0.0400815469907176,0.005843281972472,0.0,0.25,0.00452591,0.0,1.625,1.375,0.0536716349999999,24.5,RB/RCB,100,31,77,85,85,92,50,100,71,19,37,8,48,71,27,35,25,25,46,48,33,46,42,60,52,88,50,19,92,33,50,40,98,77,8,29,19,15,8,42,35,23,92,88,8,50,58,69,85,23,88,46,19,37,8,35,50,27,35,19,19,46,23,33,15,27,27,52,88,50,19,92,33,50,40,98,50,8,29,15,15,8,15,12,8,65,Ekstraklasa
Radomiak Radom,5iq037iifttb7jw2zkz2z57pj,4pe4ugftevr8859yin36nyll,C. Nunnely,Ché Nunnely,27,Attacker,Netherlands,Striker,15.0,30.0,0.0,45.0,0.0,0.0,10.0,0.0,232.0,5.0,0.0,0.0,2.0,4.0,2.0,2.0,2.0,5.0,5.0,0.0,0.0,1.0,5.0,3.0,1.0,0.0,93.75,0.0,0.0,60.0,25.0,47.62,0.0,50.0,0.2846858264585442,0.0368442606761551,3.0,16.0,0.43724071,4.0,2.0,5.0,0.0894629,17.0,5.818965517241379,11.637931034482758,0.0,17.456896551724135,0.0,0.0,3.879310344827586,0.0,1.939655172413793,0.0,0.0,0.7758620689655172,1.5517241379310345,0.7758620689655172,0.7758620689655172,0.7758620689655172,1.939655172413793,1.939655172413793,0.0,0.0,0.3879310344827586,1.939655172413793,1.1637931034482758,0.3879310344827586,0.0,93.75,0.0,0.0,60.0,25.0,47.62,0.0,50.0,0.1104384671606421,0.0142930321588532,1.1637931034482758,6.206896551724138,0.1696192409482758,1.5517241379310345,0.7758620689655172,1.939655172413793,0.0347054353448275,6.594827586206896,ST,39,39,17,39,3,50,12,5,38,29,38,18,5,3,44,18,42,39,17,20,14,3,55,36,52,100,17,29,77,30,73,3,44,3,12,59,91,91,82,33,55,21,47,73,76,17,79,3,50,27,5,73,29,38,33,9,3,70,55,70,70,17,20,15,3,79,61,52,100,17,29,77,30,73,3,44,3,12,82,100,100,94,52,88,33,82,Ekstraklasa
Radomiak Radom,5iq037iifttb7jw2zkz2z57pj,5tlzhf7kxw0ybm9pgqnrqfvth,R. Wolski,Rafal Wolski,33,Midfielder,Poland,Midfielder,80.0,131.0,10.0,196.0,5.0,0.0,40.0,9.0,643.0,18.0,15.0,0.0,20.0,12.0,6.0,6.0,3.0,12.0,13.0,3.0,3.0,6.0,16.0,8.0,4.0,0.0,76.56,52.63,24.19,66.67,50.0,51.95,55.56,44.44,0.8085720134533232,2.1601391225523017,3.0,14.0,0.3662568500000001,6.0,20.0,29.0,1.0647002899999995,100.0,11.19751166407465,18.33592534992224,1.3996889580093312,27.433903576982893,0.6998444790046656,0.0,5.598755832037325,1.2597200622083982,2.5194401244167963,2.0995334370139966,0.0,2.7993779160186625,1.6796267496111974,0.8398133748055987,0.8398133748055987,0.4199066874027993,1.6796267496111974,1.8195956454121305,0.4199066874027993,0.4199066874027993,0.8398133748055987,2.2395023328149297,1.1197511664074649,0.5598755832037324,0.0,76.56,52.63,24.19,66.67,50.0,51.95,55.56,44.44,0.1131749318985988,0.3023522877600422,0.4199066874027993,1.959564541213064,0.051264566874028,0.8398133748055987,2.7993779160186625,4.059097978227061,0.1490249239502332,13.996889580093312,CM/AM,74,66,74,68,77,51,88,82,96,95,32,95,58,53,77,55,77,76,92,64,84,64,88,53,50,27,46,49,86,88,76,85,19,46,95,43,57,51,54,66,82,81,72,59,41,62,49,59,51,73,70,84,89,32,89,46,43,65,41,49,46,86,54,73,46,78,32,50,27,46,49,86,88,76,85,19,35,92,35,38,41,41,49,70,65,51,Ekstraklasa
Radomiak Radom,5iq037iifttb7jw2zkz2z57pj,6l5ef9zgre8t4g6340rw0f1ed,J. Grzesik,Jan Grzesik,31,Defender,Poland,Defender,75.0,107.0,5.0,176.0,12.0,0.0,39.0,29.0,720.0,13.0,6.0,1.0,10.0,21.0,18.0,3.0,5.0,13.0,14.0,1.0,10.0,4.0,39.0,3.0,6.0,0.0,78.22,45.45,25.0,23.08,19.05,46.99,40.0,54.55,2.126163714683959,1.0219714032450862,2.0,13.0,0.36534308,5.0,11.0,20.0,1.2382500799999996,96.0,9.375,13.375,0.625,22.0,1.5,0.0,4.875,3.625,1.625,0.75,0.125,1.25,2.625,2.25,0.375,0.625,1.625,1.75,0.125,1.25,0.5,4.875,0.375,0.75,0.0,78.22,45.45,25.0,23.08,19.05,46.99,40.0,54.55,0.2657704643354949,0.1277464254056357,0.25,1.625,0.045667885,0.625,1.375,2.5,0.1547812599999999,12.0,CB,15,70,14,32,57,46,90,50,100,98,84,99,100,100,94,100,100,100,81,91,99,100,95,84,51,8,62,70,50,52,25,22,44,100,98,90,90,98,84,34,69,98,32,8,42,8,8,28,46,72,8,100,98,79,98,100,100,88,98,98,98,71,70,99,100,92,57,51,8,62,70,50,52,25,22,44,98,98,76,75,85,68,12,42,92,15,Ekstraklasa
Radomiak Radom,5iq037iifttb7jw2zkz2z57pj,6w3iuh0f11tbwr037i7qb031m,I. Camará,Ibrahima Camará,27,Midfielder,Guinea,Midfielder,101.0,98.0,15.0,197.0,2.0,0.0,14.0,14.0,385.0,0.0,2.0,0.0,7.0,8.0,2.0,6.0,2.0,9.0,9.0,1.0,7.0,2.0,5.0,4.0,6.0,0.0,87.56,71.43,50.0,44.44,25.0,37.84,28.57,75.0,0.5547203739157527,0.7830513018873219,4.0,13.0,0.28325922,4.0,30.0,29.0,1.2953376,119.0,23.61038961038961,22.90909090909091,3.5064935064935066,46.05194805194805,0.4675324675324675,0.0,3.272727272727273,3.272727272727273,0.0,0.4675324675324675,0.0,1.6363636363636365,1.87012987012987,0.4675324675324675,1.4025974025974026,0.4675324675324675,2.103896103896104,2.103896103896104,0.2337662337662337,1.6363636363636365,0.4675324675324675,1.1688311688311688,0.935064935064935,1.4025974025974026,0.0,87.56,71.43,50.0,44.44,25.0,37.84,28.57,75.0,0.1296748926036824,0.1830509536879453,0.935064935064935,3.038961038961039,0.066216441038961,0.935064935064935,7.012987012987013,6.779220779220779,0.3028061922077922,27.81818181818182,DM/CM,73,48,86,61,29,50,24,79,6,65,41,89,88,76,86,80,95,94,92,77,83,53,85,71,52,82,88,83,44,55,12,30,82,85,94,83,68,67,47,76,79,94,73,88,61,88,76,36,50,24,88,6,67,41,91,91,76,94,82,94,94,91,88,88,61,88,73,52,82,88,83,44,55,12,30,82,82,91,85,76,70,67,94,97,100,79,Ekstraklasa
Radomiak Radom,5iq037iifttb7jw2zkz2z57pj,8472de2nxpceez5q9fj52k2qx,Adrián Diéguez,Adrián Diéguez,30,Defender,Spain,Defender,138.0,27.0,14.0,165.0,4.0,0.0,12.0,13.0,315.0,2.0,0.0,0.0,0.0,0.0,0.0,0.0,0.0,0.0,0.0,0.0,7.0,0.0,3.0,0.0,5.0,0.0,82.09,35.0,0.0,0.0,0.0,38.71,36.36,83.33,0.0,0.0,0.0,0.0,0.0,0.0,0.0,0.0,0.0,0.0,39.42857142857143,7.714285714285714,4.0,47.142857142857146,1.1428571428571428,0.0,3.4285714285714284,3.7142857142857135,0.5714285714285714,0.0,0.0,0.0,0.0,0.0,0.0,0.0,0.0,0.0,0.0,2.0,0.0,0.8571428571428571,0.0,1.4285714285714286,0.0,82.09,35.0,0.0,0.0,0.0,38.71,36.36,83.33,0.0,0.0,0.0,0.0,0.0,0.0,0.0,0.0,0.0,0.0,CB,51,5,60,30,15,46,22,8,39,32,38,11,8,11,32,25,18,15,35,71,22,25,25,70,51,28,20,32,25,22,12,12,84,8,12,30,6,6,15,4,4,4,4,92,5,95,68,19,46,32,12,59,32,38,11,8,11,32,25,18,15,35,98,22,38,25,100,51,28,20,32,25,22,12,12,84,8,12,30,6,6,15,4,4,4,4,Ekstraklasa
Radomiak Radom,5iq037iifttb7jw2zkz2z57pj,8g7247j50m7qog4ndpjhnxuqd,C. Donis,Christos Donis,31,Midfielder,Greece,Midfielder,138.0,105.0,10.0,241.0,9.0,0.0,22.0,17.0,473.0,3.0,2.0,0.0,4.0,7.0,1.0,6.0,1.0,2.0,2.0,0.0,3.0,1.0,3.0,1.0,9.0,0.0,85.77,37.04,50.0,50.0,14.29,50.0,56.25,100.0,0.4092090696974354,0.3898652578454817,5.0,9.0,0.2133466599999999,4.0,20.0,15.0,0.3465040200000001,118.0,26.257928118393234,19.978858350951374,1.9027484143763207,45.85623678646935,1.7124735729386893,0.0,4.186046511627907,3.2346723044397465,0.5708245243128964,0.3805496828752642,0.0,0.7610993657505285,1.331923890063425,0.1902748414376321,1.1416490486257929,0.1902748414376321,0.3805496828752642,0.3805496828752642,0.0,0.5708245243128964,0.1902748414376321,0.5708245243128964,0.1902748414376321,1.7124735729386893,0.0,85.77,37.04,50.0,50.0,14.29,50.0,56.25,100.0,0.0778621908515204,0.0741815501185906,0.9513742071881608,1.7124735729386893,0.0405945019027483,0.7610993657505285,3.8054968287526414,2.854122621564482,0.0659309974630021,22.4524312896406,DM/CM,88,61,61,79,86,50,55,88,26,65,41,45,83,50,86,59,30,27,44,18,53,35,36,86,52,58,18,83,56,36,48,68,97,67,67,91,45,42,47,64,42,18,70,94,36,55,73,73,50,45,85,18,55,41,42,70,48,76,61,21,18,44,12,48,24,30,91,52,58,18,83,56,36,48,68,97,55,55,88,30,30,52,39,24,12,61,Ekstraklasa
Radomiak Radom,5iq037iifttb7jw2zkz2z57pj,8xyk2ee5mlrd3v597h1vlfw15,Luquinhas,Lucas Lima Linhares,29,Midfielder,Brazil,Midfielder,68.0,143.0,3.0,210.0,4.0,0.0,57.0,3.0,699.0,24.0,1.0,1.0,12.0,12.0,8.0,4.0,3.0,32.0,33.0,0.0,8.0,4.0,21.0,18.0,8.0,0.0,83.33,60.0,33.33,56.25,33.33,56.44,66.67,72.73,1.1377330290181753,0.7968901971281658,6.0,30.0,0.8655730299999999,18.0,14.0,34.0,1.2595833000000007,125.0,8.755364806866952,18.41201716738197,0.3862660944206008,27.038626609442066,0.5150214592274678,0.0,7.339055793991417,0.3862660944206008,3.0901287553648067,0.1287553648068669,0.1287553648068669,1.5450643776824031,1.5450643776824031,1.0300429184549356,0.5150214592274678,0.3862660944206008,4.120171673819742,4.24892703862661,0.0,1.0300429184549356,0.5150214592274678,2.703862660944206,2.3175965665236054,1.0300429184549356,0.0,83.33,60.0,33.33,56.25,33.33,56.44,66.67,72.73,0.1464892312040569,0.1026038880422531,0.7725321888412017,3.862660944206009,0.1114471712446351,2.3175965665236054,1.802575107296137,4.377682403433476,0.1621781072961374,16.09442060085837,ST,97,100,77,100,27,50,100,32,100,65,86,97,42,32,74,47,100,100,17,100,45,36,100,100,52,94,67,83,67,52,91,98,76,30,91,85,100,100,100,97,100,100,100,94,97,58,97,15,50,97,12,97,58,76,91,6,6,58,18,100,100,17,97,21,9,100,91,52,94,67,83,67,52,91,98,76,9,79,67,97,94,100,91,100,97,100,Ekstraklasa
Radomiak Radom,5iq037iifttb7jw2zkz2z57pj,8z9b1qk5hyi2t8qhr3avjelbe,A. Tapsoba,Abdoul Tapsoba,25,Attacker,Burkina Faso,Striker,14.0,34.0,0.0,46.0,13.0,0.0,29.0,7.0,418.0,9.0,2.0,0.0,5.0,11.0,10.0,1.0,3.0,7.0,7.0,0.0,1.0,0.0,20.0,2.0,1.0,0.0,77.97,0.0,28.57,28.57,0.0,43.28,44.83,20.0,1.205207116355138,0.480977291953078,1.0,6.0,0.17188818,5.0,0.0,3.0,0.69307001,16.0,3.014354066985646,7.320574162679425,0.0,9.904306220095693,2.799043062200957,0.0,6.244019138755981,1.507177033492823,1.9377990430622007,0.4306220095693779,0.0,1.076555023923445,2.3684210526315788,2.15311004784689,0.2153110047846889,0.6459330143540669,1.507177033492823,1.507177033492823,0.0,0.2153110047846889,0.0,4.30622009569378,0.4306220095693779,0.2153110047846889,0.0,77.97,0.0,28.57,28.57,0.0,43.28,44.83,20.0,0.2594943551960823,0.1035597040090359,0.2153110047846889,1.2918660287081338,0.0370094167464114,1.076555023923445,0.0,0.6459330143540669,0.1492256002392344,3.444976076555024,ST,30,42,17,42,74,50,71,76,76,83,38,56,32,48,29,47,59,59,17,50,6,30,44,36,52,79,17,79,18,6,48,61,21,39,73,23,71,67,91,9,30,88,42,36,39,17,30,70,50,67,82,70,91,38,61,27,44,24,36,58,58,17,47,6,24,45,38,52,79,17,79,18,6,48,61,21,33,82,21,70,64,91,9,24,88,36,Ekstraklasa
Radomiak Radom,5iq037iifttb7jw2zkz2z57pj,95wo7kp4z9ab6fz3rbkzqgqnd,Conrado,Conrado Buchanelli Holz,29,Defender,Brazil,Defender,68.0,53.0,3.0,121.0,1.0,0.0,22.0,7.0,376.0,11.0,0.0,0.0,0.0,4.0,2.0,2.0,1.0,8.0,9.0,0.0,2.0,3.0,6.0,4.0,3.0,0.0,79.08,23.08,0.0,50.0,75.0,50.0,16.67,50.0,0.2997235999389623,0.0,2.0,5.0,0.09596765,3.0,10.0,9.0,0.17262957,58.0,16.27659574468085,12.686170212765957,0.7180851063829787,28.962765957446805,0.2393617021276595,0.0,5.26595744680851,1.675531914893617,2.632978723404255,0.0,0.0,0.0,0.9574468085106382,0.4787234042553191,0.4787234042553191,0.2393617021276595,1.9148936170212765,2.154255319148936,0.0,0.4787234042553191,0.7180851063829787,1.4361702127659577,0.9574468085106382,0.7180851063829787,0.0,79.08,23.08,0.0,50.0,75.0,50.0,16.67,50.0,0.0717423510492197,0.0,0.4787234042553191,1.1968085106382975,0.0229709800531914,0.7180851063829787,2.3936170212765955,2.154255319148936,0.0413209077127659,13.882978723404255,LB/LCB,33,13,7,22,11,50,46,9,89,11,30,4,39,46,59,46,74,74,37,26,83,35,74,26,52,35,9,11,63,96,28,4,35,43,4,65,39,30,39,17,9,9,22,52,13,13,26,17,50,65,9,100,11,30,4,48,57,65,48,87,91,37,22,91,48,96,30,52,35,9,11,63,96,28,4,35,57,4,74,39,30,43,30,9,4,22,Ekstraklasa
Radomiak Radom,5iq037iifttb7jw2zkz2z57pj,ahco728y24hz46rb73yqd2wic,F. Goure,Fernand Goure,24,Attacker,Côte d'Ivoire,Striker,15.0,21.0,0.0,36.0,12.0,0.0,16.0,8.0,259.0,2.0,0.0,0.0,1.0,6.0,5.0,1.0,2.0,2.0,2.0,0.0,0.0,0.0,11.0,1.0,1.0,0.0,73.47,0.0,0.0,50.0,0.0,40.0,48.0,100.0,0.657117574343997,0.0,1.0,4.0,0.08882544,3.0,0.0,0.0,0.0181460099999999,8.0,5.212355212355212,7.297297297297297,0.0,12.50965250965251,4.1698841698841695,0.0,5.55984555984556,2.77992277992278,0.694980694980695,0.0,0.0,0.3474903474903475,2.0849420849420848,1.7374517374517375,0.3474903474903475,0.694980694980695,0.694980694980695,0.694980694980695,0.0,0.0,0.0,3.8223938223938223,0.3474903474903475,0.3474903474903475,0.0,73.47,0.0,0.0,50.0,0.0,40.0,48.0,100.0,0.2283420142508097,0.0,0.3474903474903475,1.38996138996139,0.030865983011583,1.0424710424710424,0.0,0.0,0.0063055633204632,2.77992277992278,ST,39,24,17,24,70,50,30,83,9,29,38,6,11,9,29,18,18,17,17,20,6,9,26,36,52,61,17,29,56,6,30,67,89,9,6,23,53,36,70,9,3,3,12,67,36,17,52,97,50,61,97,15,29,38,3,18,21,30,45,27,21,17,20,6,15,27,58,52,61,17,29,56,6,30,67,89,18,6,36,73,52,88,9,3,6,18,Ekstraklasa
Radomiak Radom,5iq037iifttb7jw2zkz2z57pj,bfdxhlun4bskn4444qsn35hck,Ronaldo Lumungo,Ronaldo Lumungo Afonso,25,Attacker,São Tomé e Príncipe,Striker,10.0,39.0,1.0,48.0,2.0,0.0,20.0,2.0,397.0,4.0,1.0,0.0,3.0,16.0,12.0,4.0,5.0,14.0,16.0,0.0,1.0,7.0,30.0,6.0,2.0,0.0,69.57,33.33,9.09,42.86,43.75,48.78,66.67,25.0,1.3995933551237734,0.0829604387926169,6.0,7.0,0.24379328,4.0,2.0,5.0,0.45652398,24.0,2.267002518891688,8.841309823677582,0.2267002518891687,10.8816120906801,0.4534005037783375,0.0,4.534005037783375,0.4534005037783375,0.906801007556675,0.2267002518891687,0.0,0.6801007556675063,3.6272040302267,2.720403022670025,0.906801007556675,1.1335012594458438,3.1738035264483626,3.6272040302267,0.0,0.2267002518891687,1.5869017632241813,6.801007556675063,1.3602015113350123,0.4534005037783375,0.0,69.57,33.33,9.09,42.86,43.75,48.78,66.67,25.0,0.3172881661489662,0.0188071523711222,1.3602015113350123,1.5869017632241813,0.0552679979848866,0.906801007556675,0.4534005037783375,1.1335012594458438,0.1034941012594458,5.44080604534005,ST,8,55,41,45,12,50,47,17,21,65,38,36,62,62,74,88,88,88,17,50,80,74,80,62,52,52,42,58,47,79,79,98,29,55,18,85,77,70,82,33,55,64,61,9,61,39,36,9,50,39,21,21,70,38,24,79,67,76,94,88,94,17,55,94,85,88,64,52,52,42,58,47,79,79,98,29,52,15,85,79,82,85,27,58,76,64,Ekstraklasa
Radomiak Radom,5iq037iifttb7jw2zkz2z57pj,c1qpv7cpcqog791kxtq4u0npw,F. Koperski,Filip Koperski,22,Midfielder,Poland,Midfielder,137.0,55.0,11.0,191.0,18.0,2.0,32.0,29.0,405.0,5.0,1.0,0.0,1.0,3.0,3.0,0.0,1.0,0.0,0.0,0.0,4.0,0.0,7.0,0.0,2.0,0.0,87.61,44.0,100.0,0.0,0.0,60.38,58.06,22.22,0.3580161401152838,0.1421660745111258,0.0,5.0,0.09868198,1.0,12.0,13.0,0.4864208899999999,102.0,30.444444444444443,12.22222222222222,2.4444444444444446,42.44444444444444,4.0,0.4444444444444444,7.111111111111111,6.444444444444445,1.1111111111111112,0.2222222222222222,0.0,0.2222222222222222,0.6666666666666666,0.6666666666666666,0.0,0.2222222222222222,0.0,0.0,0.0,0.8888888888888888,0.0,1.5555555555555556,0.0,0.4444444444444444,0.0,87.61,44.0,100.0,0.0,0.0,60.38,58.06,22.22,0.0795591422478408,0.0315924610024724,0.0,1.1111111111111112,0.0219293288888888,0.2222222222222222,2.6666666666666665,2.888888888888889,0.108093531111111,22.666666666666668,LM/LCM,94,31,97,88,100,100,72,97,38,22,28,9,12,31,6,28,6,6,22,75,12,19,6,31,53,94,44,100,6,12,94,69,12,19,19,9,16,6,12,81,56,19,88,100,25,100,94,100,100,94,100,25,25,28,6,12,19,6,38,6,6,22,69,12,12,6,31,53,94,44,100,6,12,94,69,12,12,19,9,19,6,12,88,75,25,94,Ekstraklasa
Radomiak Radom,5iq037iifttb7jw2zkz2z57pj,db6kkpr65v0zlrlx1cr5almcq,Z. Ouattara,Zié Ouattara,26,Defender,Côte d'Ivoire,Defender,167.0,145.0,18.0,308.0,9.0,0.0,39.0,27.0,704.0,8.0,4.0,0.0,6.0,4.0,1.0,3.0,1.0,16.0,16.0,0.0,7.0,1.0,6.0,9.0,7.0,0.0,83.92,54.55,30.77,56.25,25.0,52.0,50.0,53.85,0.2524314657824693,0.4997605883043033,3.0,17.0,0.40325226,6.0,22.0,25.0,1.206850660000001,170.0,21.34943181818182,18.53693181818182,2.301136363636364,39.375,1.150568181818182,0.0,4.985795454545455,3.4517045454545454,1.0227272727272727,0.5113636363636364,0.0,0.7670454545454546,0.5113636363636364,0.1278409090909091,0.3835227272727273,0.1278409090909091,2.0454545454545454,2.0454545454545454,0.0,0.8948863636363636,0.1278409090909091,0.7670454545454546,1.150568181818182,0.8948863636363636,0.0,83.92,54.55,30.77,56.25,25.0,52.0,50.0,53.85,0.0322710680687815,0.0638898479366296,0.3835227272727273,2.1732954545454546,0.0515521355113636,0.7670454545454546,2.8125,3.1960227272727275,0.1542848855113637,21.732954545454547,RB/RCB,85,85,90,92,75,42,94,81,85,85,37,88,81,48,90,79,98,94,46,69,75,62,100,73,52,50,90,85,65,69,42,62,35,65,81,92,90,81,87,79,81,92,81,65,65,81,65,62,42,69,58,73,58,37,50,58,38,85,69,92,88,46,31,73,35,92,35,52,50,90,85,65,69,42,62,35,46,50,85,69,65,62,46,50,65,58,Ekstraklasa
Widzew Łódź,40hitpa3iyfvhdx40fj3cltd,1hrgbh0om1xjj7wjjs2vibm22,M. Fornalczyk,Mariusz Fornalczyk,23,Midfielder,Poland,Midfielder,17.0,72.0,5.0,85.0,1.0,0.0,29.0,3.0,541.0,13.0,4.0,1.0,5.0,15.0,9.0,6.0,8.0,16.0,17.0,2.0,2.0,3.0,23.0,8.0,3.0,0.0,76.58,62.5,23.53,50.0,20.0,46.03,16.67,42.86,1.1524766209735495,0.4577066461233778,7.0,18.0,0.53612181,4.0,6.0,12.0,1.11237703,33.0,2.8280961182994453,11.977818853974124,0.8317929759704251,14.140480591497228,0.166358595194085,0.0,4.824399260628466,0.499075785582255,2.162661737523105,0.6654343807763401,0.166358595194085,0.8317929759704251,2.4953789279112755,1.497227356746765,0.99815157116451,1.3308687615526802,2.6617375231053604,2.8280961182994453,0.33271719038817,0.33271719038817,0.499075785582255,3.826247689463956,1.3308687615526802,0.499075785582255,0.0,76.58,62.5,23.53,50.0,20.0,46.03,16.67,42.86,0.1917243916591857,0.0761434346600813,1.1645101663585953,2.9944547134935307,0.0891884711645101,0.6654343807763401,0.99815157116451,1.9963031423290205,0.1850534800369686,5.489833641404806,LM/LCM,12,44,66,38,12,47,50,25,100,84,72,38,84,81,75,94,72,69,84,31,50,75,69,41,53,25,75,69,66,34,25,12,25,75,38,88,69,75,47,34,47,81,31,12,19,56,12,12,47,50,19,94,69,75,25,75,81,69,94,62,56,81,19,44,62,56,44,53,25,75,69,66,34,25,12,25,69,25,75,50,56,31,31,31,69,12,Ekstraklasa
Widzew Łódź,40hitpa3iyfvhdx40fj3cltd,3suljwa7of23cmzq56plxdclw,Mario García,Mario García,22,Defender,Spain,Defender,71.0,101.0,10.0,158.0,1.0,0.0,25.0,28.0,557.0,7.0,14.0,3.0,16.0,7.0,2.0,5.0,0.0,9.0,10.0,1.0,9.0,3.0,6.0,5.0,7.0,0.0,84.04,52.63,23.33,55.56,42.86,55.56,33.33,58.33,0.4165763393380901,1.7331037919463343,5.0,4.0,0.07149422,4.0,24.0,22.0,0.9834829799999996,87.0,11.472172351885098,16.31956912028725,1.615798922800718,25.529622980251347,0.1615798922800718,0.0,4.039497307001795,4.524236983842011,1.131059245960503,2.2621184919210053,0.4847396768402154,2.585278276481149,1.131059245960503,0.3231597845601436,0.8078994614003591,0.0,1.4542190305206462,1.615798922800718,0.1615798922800718,1.4542190305206462,0.4847396768402154,0.9694793536804308,0.8078994614003591,1.131059245960503,0.0,84.04,52.63,23.33,55.56,42.86,55.56,33.33,58.33,0.0673103600366752,0.2800347240128726,0.8078994614003591,0.6463195691202872,0.0115520283662477,0.6463195691202872,3.8779174147217232,3.55475763016158,0.1589110739676839,14.057450628366247,LB/LCB,46,54,63,43,11,50,59,80,74,96,98,93,72,46,93,15,80,83,87,85,83,35,85,70,52,74,70,48,83,70,85,33,52,57,91,91,33,17,52,87,70,70,46,17,43,35,17,9,50,30,78,65,91,100,91,65,43,91,15,78,74,91,91,70,35,87,57,52,74,70,48,83,70,85,33,52,48,91,87,13,13,30,65,48,57,26,Ekstraklasa
Widzew Łódź,40hitpa3iyfvhdx40fj3cltd,4ao81gb9391cj85udgyfyg38q,L. Selahi,Lindon Selahi,27,Midfielder,Albania,Midfielder,27.0,39.0,3.0,65.0,6.0,0.0,14.0,6.0,207.0,0.0,1.0,0.0,3.0,4.0,1.0,3.0,0.0,0.0,0.0,0.0,10.0,2.0,2.0,0.0,3.0,0.0,76.47,50.0,100.0,0.0,50.0,63.64,66.67,37.5,0.3067757651244003,0.2829981480460903,2.0,0.0,0.0,1.0,3.0,5.0,0.2574593700000001,46.0,11.73913043478261,16.956521739130437,1.3043478260869563,28.260869565217394,2.608695652173913,0.0,6.086956521739131,2.608695652173913,0.0,0.4347826086956522,0.0,1.3043478260869563,1.7391304347826089,0.4347826086956522,1.3043478260869563,0.0,0.0,0.0,0.0,4.347826086956522,0.8695652173913044,0.8695652173913044,0.0,1.3043478260869563,0.0,76.47,50.0,100.0,0.0,50.0,63.64,66.67,37.5,0.1333807674453914,0.1230426730635175,0.8695652173913044,0.0,0.0,0.4347826086956522,1.3043478260869563,2.173913043478261,0.1119388565217391,20.0,DM/CM,3,3,14,3,64,50,24,26,6,47,41,24,48,50,55,23,5,5,44,95,83,21,14,33,52,6,33,98,14,89,94,86,18,48,48,55,3,3,14,3,3,12,14,18,21,27,18,100,50,79,67,6,61,41,79,88,70,91,23,5,5,44,100,97,48,14,67,52,6,33,98,14,89,94,86,18,85,79,82,3,3,24,3,3,42,41,Ekstraklasa
Widzew Łódź,40hitpa3iyfvhdx40fj3cltd,4l2r1zkhya54ga2kkazcj4q95,Fran Álvarez,Fran Álvarez,28,Midfielder,Spain,Midfielder,72.0,143.0,12.0,206.0,1.0,0.0,29.0,7.0,685.0,13.0,9.0,0.0,12.0,14.0,7.0,7.0,2.0,16.0,16.0,2.0,3.0,4.0,17.0,8.0,4.0,0.0,78.33,66.67,27.27,50.0,28.57,51.79,50.0,57.14,1.0220637564260908,1.28823649157206,3.0,9.0,0.19547775,4.0,23.0,26.0,1.03973811,93.0,9.45985401459854,18.78832116788321,1.5766423357664234,27.06569343065693,0.1313868613138686,0.0,3.81021897810219,0.9197080291970804,1.708029197080292,1.1824817518248176,0.0,1.5766423357664234,1.8394160583941608,0.9197080291970804,0.9197080291970804,0.2627737226277372,2.102189781021898,2.102189781021898,0.2627737226277372,0.3941605839416058,0.5255474452554745,2.2335766423357666,1.051094890510949,0.5255474452554745,0.0,78.33,66.67,27.27,50.0,28.57,51.79,50.0,57.14,0.1342857490194864,0.1692573492576429,0.3941605839416058,1.1824817518248176,0.025683208029197,0.5255474452554745,3.021897810218978,3.416058394160584,0.1366079268613138,12.218978102189782,CM/AM,70,76,81,73,12,51,72,72,74,81,32,77,77,64,88,39,88,86,84,64,58,68,88,53,50,35,86,59,50,49,73,72,39,65,81,43,31,27,41,81,76,78,65,57,43,65,46,5,51,41,54,62,70,32,57,59,46,70,24,70,68,78,46,51,43,70,27,50,35,86,59,50,49,73,72,39,46,70,27,16,14,22,54,49,57,43,Ekstraklasa
Widzew Łódź,40hitpa3iyfvhdx40fj3cltd,565k7yocuzralidempe4kg1rd,G. Papanikolaou,Giannis Papanikolaou,27,Midfielder,Greece,Midfielder,51.0,42.0,8.0,93.0,5.0,0.0,18.0,10.0,224.0,5.0,0.0,0.0,2.0,5.0,5.0,0.0,0.0,2.0,2.0,0.0,3.0,1.0,7.0,0.0,6.0,0.0,86.92,61.54,0.0,0.0,20.0,51.43,35.71,75.0,0.6113739716787909,0.0383674590902728,0.0,6.0,0.11866515,1.0,12.0,6.0,0.14917759,42.0,20.491071428571427,16.875,3.2142857142857144,37.36607142857143,2.008928571428571,0.0,7.232142857142857,4.017857142857142,2.008928571428571,0.0,0.0,0.8035714285714286,2.008928571428571,2.008928571428571,0.0,0.0,0.8035714285714286,0.8035714285714286,0.0,1.2053571428571428,0.4017857142857143,2.8125,0.0,2.4107142857142856,0.0,86.92,61.54,0.0,0.0,20.0,51.43,35.71,75.0,0.245641327906657,0.0154154969559131,0.0,2.4107142857142856,0.0476779620535714,0.4017857142857143,4.821428571428571,2.4107142857142856,0.0599374245535714,16.875,DM/CM,32,6,47,12,55,50,44,55,48,20,41,14,62,100,6,23,30,27,44,18,53,74,14,71,52,79,62,20,14,45,55,36,82,94,6,11,20,18,14,26,6,3,6,73,18,82,55,88,50,97,94,85,20,41,45,94,100,6,23,58,52,44,64,76,94,14,100,52,79,62,20,14,45,55,36,82,100,6,11,55,45,18,67,15,6,30,Ekstraklasa
Widzew Łódź,40hitpa3iyfvhdx40fj3cltd,a7rmp73hwbu2ajch5tlmvsull,M. Żyro,Mateusz Zyro,27,Defender,Poland,Defender,35.0,26.0,2.0,61.0,2.0,0.0,6.0,17.0,207.0,1.0,0.0,0.0,1.0,0.0,0.0,0.0,0.0,0.0,1.0,0.0,2.0,0.0,1.0,0.0,2.0,0.0,81.33,16.67,0.0,0.0,0.0,30.0,20.0,66.67,0.0,0.0382623881121435,0.0,2.0,0.0440930999999999,2.0,5.0,7.0,0.1713142399999999,48.0,15.217391304347828,11.304347826086955,0.8695652173913044,26.521739130434785,0.8695652173913044,0.0,2.608695652173913,7.391304347826088,0.4347826086956522,0.0,0.0,0.4347826086956522,0.0,0.0,0.0,0.0,0.0,0.4347826086956522,0.0,0.8695652173913044,0.0,0.4347826086956522,0.0,0.8695652173913044,0.0,81.33,16.67,0.0,0.0,0.0,30.0,20.0,66.67,0.0,0.0166358209183232,0.0,0.8695652173913044,0.0191709130434782,0.8695652173913044,2.173913043478261,3.0434782608695654,0.074484452173913,20.869565217391305,CB,8,2,8,2,6,46,5,16,21,32,38,34,8,11,32,25,18,41,35,16,22,8,25,30,51,18,5,32,25,22,5,5,61,8,28,30,28,25,55,11,18,10,15,12,20,15,12,10,46,10,80,45,32,38,70,8,11,32,25,18,75,35,42,22,18,25,68,51,18,5,32,25,22,5,5,61,8,48,30,57,55,80,28,50,48,32,Ekstraklasa
Widzew Łódź,40hitpa3iyfvhdx40fj3cltd,awe3km1oqe0ooqombcz6zj04q,S. Bergier,Sebastian Bergier,26,Attacker,Poland,Striker,12.0,26.0,1.0,38.0,11.0,1.0,19.0,2.0,420.0,7.0,0.0,0.0,3.0,16.0,13.0,3.0,3.0,2.0,2.0,2.0,0.0,7.0,25.0,0.0,3.0,0.0,61.29,33.33,0.0,0.0,43.75,37.25,35.48,100.0,1.572322052599067,0.1199430064505131,4.0,3.0,0.09975924,1.0,1.0,3.0,0.1854053999999999,12.0,2.571428571428571,5.571428571428571,0.2142857142857142,8.142857142857142,2.357142857142857,0.2142857142857142,4.071428571428571,0.4285714285714285,1.5,0.0,0.0,0.6428571428571428,3.4285714285714284,2.7857142857142856,0.6428571428571428,0.6428571428571428,0.4285714285714285,0.4285714285714285,0.4285714285714285,0.0,1.5,5.357142857142857,0.0,0.6428571428571428,0.0,61.29,33.33,0.0,0.0,43.75,37.25,35.48,100.0,0.3369261541283715,0.0257020728108242,0.8571428571428571,0.6428571428571428,0.0213769799999999,0.2142857142857142,0.2142857142857142,0.6428571428571428,0.0397297285714285,2.571428571428571,ST,21,35,41,32,67,100,42,17,61,29,38,36,62,73,61,47,18,17,70,20,80,48,8,80,52,15,42,29,8,79,21,27,89,61,21,71,36,42,33,20,30,42,29,17,21,36,18,64,100,36,18,52,29,38,21,76,76,64,33,15,15,67,20,88,52,8,79,52,15,42,29,8,79,21,27,89,61,18,73,24,33,27,18,21,39,15,Ekstraklasa
Widzew Łódź,40hitpa3iyfvhdx40fj3cltd,c0arcrn5kpsofa1r53m1dhqp6,S. Kapuadi,Steve Kapuadi,28,Defender,Congo DR,Defender,189.0,120.0,28.0,309.0,18.0,0.0,22.0,32.0,630.0,1.0,0.0,1.0,3.0,6.0,6.0,0.0,1.0,4.0,4.0,1.0,4.0,2.0,7.0,2.0,1.0,0.0,88.03,58.33,0.0,50.0,33.33,55.0,69.23,100.0,0.8363078089075484,0.1526160196251708,0.0,16.0,0.32311101,5.0,36.0,36.0,0.66400295,202.0,27.0,17.142857142857142,4.0,44.142857142857146,2.571428571428572,0.0,3.142857142857143,4.571428571428571,0.1428571428571428,0.0,0.1428571428571428,0.4285714285714285,0.8571428571428571,0.8571428571428571,0.0,0.1428571428571428,0.5714285714285714,0.5714285714285714,0.1428571428571428,0.5714285714285714,0.2857142857142857,1.0,0.2857142857142857,0.1428571428571428,0.0,88.03,58.33,0.0,50.0,33.33,55.0,69.23,100.0,0.1194725441296497,0.0218022885178815,0.0,2.2857142857142856,0.0461587157142857,0.7142857142857143,5.142857142857143,5.142857142857143,0.0948575642857142,28.857142857142858,LB/LCB,100,74,100,100,91,50,46,93,17,11,74,28,59,80,20,46,52,50,87,46,65,46,52,7,52,96,78,11,63,59,70,91,98,83,17,20,91,74,59,100,96,43,100,87,48,100,87,83,50,22,83,13,11,65,22,43,74,20,30,43,43,83,30,57,39,43,4,52,96,78,11,63,59,70,91,98,74,13,20,78,65,39,87,65,26,87,Ekstraklasa
Widzew Łódź,40hitpa3iyfvhdx40fj3cltd,cuqwo7lotq1bh3wx541zeu6fo,M. Krajewski,Marcel Krajewski,21,Defender,Poland,Defender,100.0,86.0,15.0,186.0,7.0,0.0,33.0,33.0,628.0,8.0,0.0,0.0,3.0,4.0,2.0,2.0,2.0,7.0,9.0,0.0,3.0,0.0,10.0,2.0,9.0,0.0,78.48,45.45,0.0,28.57,0.0,47.83,50.0,56.25,0.3651410822695525,0.2952036011606844,2.0,10.0,0.28395865,2.0,15.0,9.0,0.5403087299999999,89.0,14.331210191082802,12.32484076433121,2.14968152866242,26.656050955414013,1.003184713375796,0.0,4.729299363057325,4.729299363057325,1.1464968152866242,0.0,0.0,0.4299363057324841,0.5732484076433121,0.286624203821656,0.286624203821656,0.286624203821656,1.003184713375796,1.2898089171974525,0.0,0.4299363057324841,0.0,1.4331210191082802,0.286624203821656,1.2898089171974525,0.0,78.48,45.45,0.0,28.57,0.0,47.83,50.0,56.25,0.0523291359940441,0.0423062485739834,0.286624203821656,1.4331210191082802,0.0406947109872611,0.286624203821656,2.14968152866242,1.2898089171974525,0.07743277977707,12.754777070063694,RB/RCB,58,60,83,54,58,42,79,88,85,19,37,29,81,71,79,94,77,83,46,23,33,75,67,88,52,15,62,19,33,33,25,62,42,81,42,81,60,65,38,50,29,35,38,31,23,65,27,50,42,58,81,81,19,37,19,62,54,69,88,69,81,46,15,33,62,54,62,52,15,62,19,33,33,25,62,42,69,23,77,54,58,27,23,8,15,31,Ekstraklasa
Widzew Łódź,40hitpa3iyfvhdx40fj3cltd,e05kmeeuc7x55gwhjmxl9ry3u,P. Wiśniewski,Przemyslaw Wisniewski,28,Defender,Poland,Defender,180.0,124.0,18.0,302.0,29.0,1.0,33.0,37.0,535.0,1.0,2.0,0.0,2.0,6.0,4.0,2.0,2.0,1.0,1.0,0.0,9.0,0.0,13.0,1.0,2.0,0.0,87.54,51.43,66.67,100.0,0.0,61.11,70.73,66.67,0.603965590614302,0.2599180922602528,1.0,5.0,0.1192944299999999,3.0,27.0,31.0,0.7032705400000001,208.0,30.2803738317757,20.859813084112147,3.02803738317757,50.80373831775701,4.878504672897196,0.1682242990654205,5.551401869158879,6.224299065420561,0.1682242990654205,0.3364485981308411,0.0,0.3364485981308411,1.0093457943925233,0.6728971962616822,0.3364485981308411,0.3364485981308411,0.1682242990654205,0.1682242990654205,0.0,1.514018691588785,0.0,2.186915887850468,0.1682242990654205,0.3364485981308411,0.0,87.54,51.43,66.67,100.0,0.0,61.11,70.73,66.67,0.1016016881407236,0.0437245388849023,0.1682242990654205,0.8411214953271028,0.0200682218691588,0.5046728971962616,4.542056074766355,5.214953271028037,0.1183071936448598,34.99065420560748,CB,70,85,79,75,92,96,76,68,21,91,38,56,78,64,86,86,45,41,35,84,22,80,62,30,51,62,72,92,89,22,68,78,61,70,75,72,54,62,68,90,92,80,82,62,85,78,75,100,95,85,65,20,90,38,57,72,62,82,80,38,32,35,88,22,78,55,25,51,62,72,92,89,22,68,78,61,70,75,70,48,57,62,90,92,85,88,Ekstraklasa
Widzew Łódź,40hitpa3iyfvhdx40fj3cltd,ej59k6e8e693x339j02jq2p9m,J. Shehu,Juljan Shehu,28,Midfielder,Albania,Midfielder,75.0,138.0,8.0,210.0,7.0,0.0,35.0,12.0,436.0,13.0,3.0,1.0,10.0,3.0,0.0,3.0,1.0,16.0,16.0,0.0,9.0,2.0,7.0,10.0,4.0,0.0,86.78,53.33,42.86,62.5,66.67,54.69,58.33,80.0,0.2067991032854552,0.9167320623176848,1.0,8.0,0.19257879,1.0,18.0,17.0,0.7384484800000002,117.0,15.48165137614679,28.486238532110093,1.651376146788991,43.34862385321101,1.444954128440367,0.0,7.224770642201835,2.4770642201834865,2.6834862385321103,0.6192660550458716,0.2064220183486238,2.064220183486239,0.6192660550458716,0.0,0.6192660550458716,0.2064220183486238,3.302752293577982,3.302752293577982,0.0,1.8577981651376148,0.4128440366972477,1.444954128440367,2.064220183486239,0.8256880733944955,0.0,86.78,53.33,42.86,62.5,66.67,54.69,58.33,80.0,0.0426878882928691,0.1892336825885129,0.2064220183486238,1.651376146788991,0.0397525025229357,0.2064220183486238,3.7155963302752295,3.5091743119266057,0.1524320256880734,24.151376146788994,DM/CM,55,77,47,64,74,50,91,68,92,77,89,98,32,18,55,59,100,100,44,89,83,74,100,47,52,67,45,73,70,97,67,76,88,27,97,29,35,36,14,58,55,73,67,55,85,42,67,67,50,94,61,94,79,88,97,27,18,48,64,100,100,44,94,79,70,100,48,52,67,45,73,70,97,67,76,88,24,94,27,24,27,9,36,39,70,73,Ekstraklasa
Widzew Łódź,40hitpa3iyfvhdx40fj3cltd,gbeebtmqq3qerrs4u7ikq0ru,E. Kornvig,Emil Kornvig,26,Midfielder,Denmark,Midfielder,50.0,131.0,6.0,176.0,16.0,0.0,46.0,17.0,551.0,20.0,5.0,0.0,7.0,11.0,7.0,4.0,2.0,4.0,5.0,0.0,5.0,1.0,15.0,1.0,8.0,0.0,83.81,75.0,35.71,25.0,9.09,59.74,66.67,80.0,0.9039672428648368,0.6651080867781124,5.0,22.0,0.49871253,9.0,17.0,20.0,0.5611075899999999,95.0,8.166969147005446,21.397459165154267,0.9800362976406536,28.74773139745917,2.6134301270417426,0.0,7.51361161524501,2.7767695099818512,3.266787658802178,0.8166969147005445,0.0,1.1433756805807622,1.796733212341198,1.1433756805807622,0.6533575317604357,0.3266787658802178,0.6533575317604357,0.8166969147005445,0.0,0.8166969147005445,0.1633393829401089,2.450090744101633,0.1633393829401089,1.3067150635208713,0.0,83.81,75.0,35.71,25.0,9.09,59.74,66.67,80.0,0.147653451647614,0.1086383444828132,0.8166969147005445,3.593466424682396,0.0814593969147005,1.4700544464609802,2.7767695099818512,3.266787658802178,0.0916509675136116,15.517241379310343,CM/AM,58,66,53,65,100,51,95,100,100,68,32,45,53,64,53,39,16,19,30,85,28,58,11,78,50,70,95,81,9,22,92,95,81,59,46,69,80,70,70,59,59,46,68,46,59,43,54,100,51,97,95,95,62,32,30,54,59,49,30,11,11,30,84,22,49,8,81,50,70,95,81,9,22,92,95,81,51,30,62,81,65,70,43,43,30,59,Ekstraklasa
Widzew Łódź,40hitpa3iyfvhdx40fj3cltd,ki6c06zvxjgsdw8w80oxvz6d,K. Świderski,Karol Swiderski,29,Attacker,Poland,Striker,23.0,74.0,8.0,95.0,22.0,0.0,44.0,11.0,574.0,15.0,2.0,1.0,3.0,17.0,15.0,2.0,4.0,7.0,7.0,1.0,1.0,4.0,26.0,3.0,2.0,0.0,65.07,100.0,25.0,42.86,23.53,52.38,44.0,50.0,1.9958486937548925,0.377726438318499,1.0,5.0,0.12406551,3.0,9.0,14.0,0.6713414499999998,39.0,3.606271777003484,11.602787456445991,1.254355400696864,14.89547038327526,3.449477351916376,0.0,6.898954703832752,1.724738675958188,2.35191637630662,0.313588850174216,0.156794425087108,0.470383275261324,2.665505226480836,2.35191637630662,0.313588850174216,0.627177700348432,1.097560975609756,1.097560975609756,0.156794425087108,0.156794425087108,0.627177700348432,4.076655052264808,0.470383275261324,0.313588850174216,0.0,65.07,100.0,25.0,42.86,23.53,52.38,44.0,50.0,0.3129379484981539,0.05922539973635,0.156794425087108,0.7839721254355401,0.0194527803135888,0.470383275261324,1.411149825783972,2.195121951219512,0.1052625966898954,6.114982578397212,ST,70,83,100,79,91,50,88,94,94,83,86,36,73,85,44,74,59,59,48,50,45,53,55,62,52,33,94,74,47,21,85,55,44,73,58,23,64,48,70,82,91,82,82,42,73,100,70,88,50,88,85,91,79,88,18,42,52,27,30,45,39,36,39,27,21,48,55,52,33,94,74,47,21,85,55,44,48,36,15,48,27,64,79,91,82,76,Ekstraklasa
Jagiellonia Białystok,8jw3s68b9lil5xcgjvbcmrgc2,1lvm6o9yzcuqhfbw2wpk6en3e,Guilherme Montóia,Guilherme Manuel Serrão Montóia,23,Defender,Portugal,Defender,161.0,113.0,20.0,262.0,2.0,0.0,25.0,12.0,495.0,5.0,12.0,0.0,11.0,3.0,1.0,2.0,0.0,4.0,4.0,1.0,2.0,2.0,3.0,3.0,8.0,0.0,87.04,66.67,33.33,75.0,66.67,48.08,28.57,53.33,0.0883584087580577,1.2255298751767016,2.0,10.0,0.20669673,3.0,23.0,29.0,1.10788783,159.0,29.27272727272728,20.545454545454547,3.636363636363636,47.63636363636363,0.3636363636363636,0.0,4.545454545454546,2.1818181818181817,0.9090909090909092,2.1818181818181817,0.0,2.0,0.5454545454545454,0.1818181818181818,0.3636363636363636,0.0,0.7272727272727273,0.7272727272727273,0.1818181818181818,0.3636363636363636,0.3636363636363636,0.5454545454545454,0.5454545454545454,1.4545454545454546,0.0,87.04,66.67,33.33,75.0,66.67,48.08,28.57,53.33,0.0160651652287377,0.2228236136684912,0.3636363636363636,1.818181818181818,0.0375812236363636,0.5454545454545454,4.181818181818182,5.2727272727272725,0.2014341509090909,28.90909090909091,LB/LCB,96,65,96,91,28,50,59,30,61,89,30,85,30,22,59,15,52,50,87,26,65,20,63,76,52,87,91,72,96,91,17,26,43,13,87,65,72,52,39,83,83,78,96,91,65,96,91,30,50,57,22,57,87,30,83,26,17,52,15,57,57,96,17,61,22,65,87,52,87,91,72,96,91,17,26,43,13,87,61,65,43,22,83,74,78,91,Ekstraklasa
Jagiellonia Białystok,8jw3s68b9lil5xcgjvbcmrgc2,24ysj037no78sb6bs0raxl4ut,T. Romanczuk,Taras Romanczuk,34,Midfielder,Poland,Midfielder,140.0,155.0,10.0,295.0,14.0,0.0,47.0,31.0,540.0,6.0,0.0,1.0,4.0,2.0,0.0,2.0,1.0,5.0,5.0,0.0,6.0,0.0,5.0,3.0,10.0,0.0,85.76,50.0,0.0,60.0,0.0,64.38,53.85,41.67,0.1362512932410058,0.2622142413800673,1.0,15.0,0.3198006899999999,4.0,33.0,30.0,0.67132716,160.0,23.33333333333333,25.83333333333333,1.6666666666666667,49.16666666666666,2.333333333333333,0.0,7.833333333333333,5.166666666666667,1.0,0.0,0.1666666666666666,0.6666666666666666,0.3333333333333333,0.0,0.3333333333333333,0.1666666666666666,0.8333333333333334,0.8333333333333334,0.0,1.0,0.0,0.8333333333333334,0.5,1.6666666666666667,0.0,85.76,50.0,0.0,60.0,0.0,64.38,53.85,41.67,0.0227085488735009,0.0437023735633445,0.1666666666666666,2.5,0.0533001149999999,0.6666666666666666,5.5,5.0,0.11188786,26.666666666666668,DM/CM,91,85,61,91,100,50,100,100,58,20,89,45,14,18,33,59,73,70,44,70,17,53,76,94,52,55,33,20,67,17,97,61,24,15,33,29,73,76,47,82,82,64,89,85,76,45,85,94,50,100,100,47,20,82,24,6,18,27,48,61,55,44,39,17,42,64,88,52,55,33,20,67,17,97,61,24,12,27,24,58,48,39,85,70,39,76,Ekstraklasa
Jagiellonia Białystok,8jw3s68b9lil5xcgjvbcmrgc2,2ky2kn7gpjorkyg9zyg68pk6i,A. Konstantopoulos,Apostolos Konstantopoulos,24,Defender,Greece,Defender,121.0,47.0,8.0,168.0,7.0,1.0,15.0,22.0,229.0,2.0,0.0,0.0,3.0,1.0,0.0,1.0,0.0,1.0,1.0,0.0,5.0,0.0,2.0,1.0,4.0,0.0,90.32,50.0,0.0,100.0,0.0,62.5,58.33,80.0,0.0383573631907568,0.1436745274638384,1.0,10.0,0.20961378,5.0,8.0,12.0,0.3085483899999999,101.0,47.55458515283843,18.471615720524017,3.14410480349345,66.02620087336246,2.7510917030567685,0.3930131004366812,5.895196506550219,8.646288209606988,0.7860262008733625,0.0,0.0,1.1790393013100438,0.3930131004366812,0.0,0.3930131004366812,0.0,0.3930131004366812,0.3930131004366812,0.0,1.9650655021834065,0.0,0.7860262008733625,0.3930131004366812,1.572052401746725,0.0,90.32,50.0,0.0,100.0,0.0,62.5,58.33,80.0,0.0150749462321751,0.0564659714923382,0.3930131004366812,3.930131004366813,0.0823809615720524,1.9650655021834065,3.14410480349345,4.716157205240175,0.1212635593886462,39.69432314410481,RB/RCB,73,21,67,46,58,92,31,65,23,19,37,29,33,19,63,35,25,25,46,48,33,13,42,35,52,92,79,19,92,33,77,71,88,27,19,65,60,58,69,29,40,12,54,100,58,96,100,88,100,77,100,54,19,37,77,46,19,88,35,42,42,46,92,33,38,69,85,52,92,79,19,92,33,77,71,88,35,38,88,96,88,100,62,77,46,100,Ekstraklasa
Jagiellonia Białystok,8jw3s68b9lil5xcgjvbcmrgc2,3g3x2ws0npu7aa51h4nx7nazu,Y. Kobayashi,Yuki Kobayashi,26,Defender,Japan,Defender,158.0,52.0,7.0,210.0,7.0,0.0,12.0,20.0,360.0,3.0,0.0,0.0,1.0,3.0,2.0,1.0,0.0,0.0,0.0,1.0,4.0,1.0,3.0,0.0,1.0,0.0,88.61,31.82,0.0,0.0,33.33,57.14,50.0,50.0,0.3377052588953789,0.0376993038500111,1.0,7.0,0.13977909,3.0,10.0,8.0,0.2532655600000001,106.0,39.5,13.0,1.75,52.5,1.75,0.0,3.0,5.0,0.75,0.0,0.0,0.25,0.75,0.5,0.25,0.0,0.0,0.0,0.25,1.0,0.25,0.75,0.0,0.25,0.0,88.61,31.82,0.0,0.0,33.33,57.14,50.0,50.0,0.0844263147238447,0.0094248259625027,0.25,1.75,0.0349447725,0.75,2.5,2.0,0.06331639,26.5,CB,60,26,31,48,29,46,22,24,57,32,38,34,52,46,72,25,18,15,81,38,57,25,25,14,51,68,12,32,25,74,56,36,32,55,25,72,69,68,68,26,21,25,38,95,34,35,82,31,46,24,42,68,32,38,35,56,56,72,25,18,15,92,54,66,30,25,16,51,68,12,32,25,74,56,36,32,60,28,76,80,78,75,48,26,35,57,Ekstraklasa
Jagiellonia Białystok,8jw3s68b9lil5xcgjvbcmrgc2,3j8dy7bbcxi079r3cy4rdve5m,K. Szmyt,Kajetan Szmyt,24,Midfielder,Poland,Midfielder,22.0,79.0,2.0,100.0,2.0,0.0,22.0,3.0,543.0,9.0,1.0,1.0,10.0,12.0,10.0,2.0,4.0,16.0,18.0,1.0,2.0,4.0,35.0,6.0,3.0,0.0,79.37,66.67,6.25,37.5,33.33,48.89,66.67,60.0,1.366338716829837,0.7288780784086113,5.0,19.0,0.76887045,5.0,5.0,8.0,0.5586686899999999,33.0,3.6464088397790055,13.093922651933704,0.3314917127071823,16.574585635359117,0.3314917127071823,0.0,3.6464088397790055,0.4972375690607735,1.4917127071823204,0.1657458563535911,0.1657458563535911,1.6574585635359116,1.988950276243094,1.6574585635359116,0.3314917127071823,0.6629834254143646,2.6519337016574585,2.983425414364641,0.1657458563535911,0.3314917127071823,0.6629834254143646,5.801104972375691,0.994475138121547,0.4972375690607735,0.0,79.37,66.67,6.25,37.5,33.33,48.89,66.67,60.0,0.2264649806900282,0.1208085212831952,0.8287292817679558,3.149171270718232,0.127437091160221,0.8287292817679558,0.8287292817679558,1.3259668508287292,0.0925970204419889,5.469613259668509,LM/LCM,34,50,25,44,22,47,34,25,59,22,72,91,69,88,53,81,72,78,59,31,66,94,59,41,53,44,84,12,41,62,47,91,62,81,56,66,78,94,59,25,28,44,31,19,31,19,31,19,47,12,12,50,12,69,75,62,88,50,69,56,62,50,12,56,100,44,38,53,44,84,12,41,62,47,91,62,75,44,56,56,94,50,25,12,12,6,Ekstraklasa
Jagiellonia Białystok,8jw3s68b9lil5xcgjvbcmrgc2,5m1fht9uevn186asz8awhxjah,Rodrigo Conceição,Rodrigo Fernandes da Conceição,26,Defender,Portugal,Defender,25.0,74.0,1.0,95.0,2.0,0.0,27.0,8.0,372.0,8.0,4.0,0.0,4.0,2.0,2.0,0.0,0.0,16.0,16.0,0.0,5.0,1.0,12.0,8.0,5.0,0.0,80.51,25.0,28.57,50.0,50.0,46.55,66.67,55.56,0.2171941179846374,0.4789048491793221,1.0,15.0,0.50012424,5.0,7.0,8.0,0.8215461899999997,38.0,6.048387096774193,17.903225806451612,0.2419354838709677,22.98387096774193,0.4838709677419354,0.0,6.532258064516128,1.935483870967741,1.935483870967741,0.9677419354838708,0.0,0.9677419354838708,0.4838709677419354,0.4838709677419354,0.0,0.0,3.870967741935484,3.870967741935484,0.0,1.2096774193548383,0.2419354838709677,2.9032258064516125,1.935483870967741,1.2096774193548383,0.0,80.51,25.0,28.57,50.0,50.0,46.55,66.67,55.56,0.0525469640285412,0.1158640764143521,0.2419354838709677,3.629032258064516,0.1209977999999999,1.2096774193548383,1.693548387096774,1.935483870967741,0.1987611749999999,9.193548387096774,RB/RCB,4,42,4,23,23,42,69,17,85,85,37,52,48,71,27,35,98,94,46,48,75,85,96,48,52,35,12,73,56,90,19,85,38,58,65,65,83,96,69,19,19,77,15,4,54,4,8,19,42,92,8,96,85,37,62,54,81,27,35,100,100,46,65,81,100,100,54,52,35,12,73,56,90,19,85,38,73,81,69,92,96,81,19,27,77,12,Ekstraklasa
Jagiellonia Białystok,8jw3s68b9lil5xcgjvbcmrgc2,8t0m2n5y236pq8tj9vwhhpmcq,N. Wojtuszek,Norbert Wojtuszek,24,Defender,Poland,Defender,180.0,136.0,9.0,316.0,9.0,0.0,28.0,14.0,601.0,4.0,0.0,0.0,0.0,2.0,1.0,1.0,0.0,8.0,10.0,0.0,5.0,1.0,3.0,4.0,8.0,0.0,90.29,47.37,0.0,50.0,50.0,53.85,56.25,72.73,0.1021037121950231,0.0,1.0,15.0,0.35530311,7.0,27.0,32.0,0.75738433,160.0,26.955074875207984,20.366056572379367,1.3477537437603992,47.32113144758736,1.3477537437603992,0.0,4.193011647254576,2.096505823627288,0.5990016638935108,0.0,0.0,0.0,0.2995008319467554,0.1497504159733777,0.1497504159733777,0.0,1.1980033277870217,1.497504159733777,0.0,0.7487520798668885,0.1497504159733777,0.4492512479201331,0.5990016638935108,1.1980033277870217,0.0,90.29,47.37,0.0,50.0,50.0,53.85,56.25,72.73,0.0152900733736307,0.0,0.1497504159733777,2.2462562396006653,0.0532067885191347,1.048252911813644,4.043261231281198,4.792013311148087,0.1134186184692179,23.96006655574044,RM/RCM,100,95,79,100,92,53,84,92,53,11,34,5,13,11,32,16,58,66,32,63,37,8,63,95,53,100,63,11,68,95,74,79,95,5,5,32,76,63,79,92,89,47,100,95,74,68,95,74,53,32,79,32,11,34,5,5,5,26,16,37,42,32,47,16,5,47,74,53,100,63,11,68,95,74,79,95,5,5,26,63,58,37,89,84,26,95,Ekstraklasa
Jagiellonia Białystok,8jw3s68b9lil5xcgjvbcmrgc2,9fbqozvrrpesxw8nakrk4nphx,Jesús Imaz,Jesús Imaz,35,Midfielder,Spain,Midfielder,45.0,56.0,2.0,98.0,2.0,0.0,9.0,3.0,390.0,3.0,3.0,0.0,5.0,12.0,9.0,3.0,3.0,3.0,4.0,1.0,3.0,4.0,22.0,0.0,1.0,0.0,79.67,25.0,60.0,0.0,33.33,32.14,22.22,25.0,1.0119119330051245,0.4112029070241564,3.0,3.0,0.16701577,1.0,10.0,17.0,0.6884514300000002,46.0,10.384615384615383,12.923076923076923,0.4615384615384615,22.615384615384617,0.4615384615384615,0.0,2.076923076923077,0.6923076923076924,0.6923076923076924,0.6923076923076924,0.0,1.153846153846154,2.7692307692307696,2.076923076923077,0.6923076923076924,0.6923076923076924,0.6923076923076924,0.9230769230769232,0.2307692307692307,0.6923076923076924,0.9230769230769232,5.0769230769230775,0.0,0.2307692307692307,0.0,79.67,25.0,60.0,0.0,33.33,32.14,22.22,25.0,0.2335181383857979,0.0948929785440361,0.6923076923076924,0.6923076923076924,0.0385421007692307,0.2307692307692307,2.307692307692308,3.9230769230769234,0.1588734069230769,10.615384615384617,ST,91,70,59,85,12,50,9,32,12,95,38,56,42,38,61,47,30,35,48,85,45,39,8,36,52,85,33,94,8,52,9,15,29,27,64,59,36,61,33,88,94,85,88,97,82,70,91,12,50,6,30,12,97,38,76,48,36,67,39,21,36,55,88,48,42,8,45,52,85,33,94,8,52,9,15,29,21,73,58,36,67,39,97,97,94,94,Ekstraklasa
Jagiellonia Białystok,8jw3s68b9lil5xcgjvbcmrgc2,afk2nalycorlpmcxr9r1vvvv8,E. Kozłowski,Eryk Kozlowski,19,Midfielder,Poland,Midfielder,32.0,45.0,7.0,77.0,0.0,0.0,5.0,4.0,205.0,1.0,0.0,0.0,8.0,6.0,1.0,5.0,2.0,1.0,1.0,0.0,4.0,1.0,4.0,0.0,2.0,0.0,77.78,53.85,0.0,0.0,16.67,29.41,0.0,50.0,0.381580741590817,0.5930039997514176,4.0,8.0,0.190675,5.0,9.0,15.0,0.5157067399999999,44.0,14.048780487804878,19.75609756097561,3.073170731707317,33.80487804878049,0.0,0.0,2.1951219512195124,1.7560975609756098,0.4390243902439024,0.0,0.0,3.5121951219512195,2.6341463414634148,0.4390243902439024,2.1951219512195124,0.8780487804878049,0.4390243902439024,0.4390243902439024,0.0,1.7560975609756098,0.4390243902439024,1.7560975609756098,0.0,0.8780487804878049,0.0,77.78,53.85,0.0,0.0,16.67,29.41,0.0,50.0,0.1675232524057245,0.2603432194030614,1.7560975609756098,3.5121951219512195,0.0837109756097561,2.1951219512195124,3.951219512195122,6.585365853658537,0.2264078370731707,19.317073170731707,DM/CM,8,9,41,6,6,50,5,11,14,20,41,94,74,50,76,80,12,11,44,36,53,44,14,23,52,9,48,20,14,39,3,8,41,58,85,83,35,30,65,12,42,45,9,36,33,73,33,6,50,6,36,15,20,41,100,100,73,100,100,27,24,44,91,85,79,14,58,52,9,48,20,14,39,3,8,41,97,100,100,88,88,94,42,94,97,36,Ekstraklasa
Jagiellonia Białystok,8jw3s68b9lil5xcgjvbcmrgc2,dd1uwcyyihpbyrogbcep27sa1,N. Prelec,Nik Prelec,25,Attacker,Slovenia,Striker,33.0,45.0,1.0,78.0,8.0,0.0,13.0,5.0,446.0,1.0,0.0,1.0,6.0,10.0,8.0,2.0,2.0,1.0,1.0,3.0,0.0,4.0,28.0,1.0,0.0,0.0,63.93,33.33,0.0,100.0,40.0,40.62,44.44,0.0,1.2181706777641397,0.5361025195202377,2.0,4.0,0.10278694,3.0,6.0,7.0,0.2405476299999999,27.0,6.659192825112108,9.080717488789237,0.2017937219730941,15.739910313901344,1.6143497757847534,0.0,2.623318385650224,1.0089686098654709,0.2017937219730941,0.0,0.2017937219730941,1.210762331838565,2.0179372197309418,1.6143497757847534,0.4035874439461883,0.4035874439461883,0.2017937219730941,0.2017937219730941,0.6053811659192825,0.0,0.8071748878923767,5.650224215246636,0.2017937219730941,0.0,0.0,63.93,33.33,0.0,100.0,40.0,40.62,44.44,0.0,0.2458191950645124,0.1081821227731421,0.4035874439461883,0.8071748878923767,0.0207417591928251,0.6053811659192825,1.210762331838565,1.412556053811659,0.0485410015695067,5.448430493273542,ST,85,64,41,68,50,50,20,59,5,29,86,71,27,32,44,18,8,6,80,20,45,64,26,11,52,24,42,29,94,64,33,58,11,42,79,44,53,45,70,68,70,52,65,85,64,33,73,45,50,9,48,3,29,94,85,12,18,45,21,6,3,79,20,42,58,18,11,52,24,42,29,94,64,33,58,11,24,91,48,52,30,70,76,67,45,67,Ekstraklasa
Jagiellonia Białystok,8jw3s68b9lil5xcgjvbcmrgc2,djhl1u6idhf6u50lp04xu3f1l,Sergio Lozano,Sergio Lozano,27,Midfielder,Spain,Midfielder,50.0,78.0,9.0,126.0,0.0,0.0,18.0,1.0,310.0,4.0,2.0,2.0,7.0,20.0,10.0,10.0,8.0,5.0,7.0,1.0,1.0,5.0,12.0,3.0,9.0,0.0,81.82,64.29,22.22,60.0,25.0,56.25,0.0,81.82,1.8027860684204875,0.4168435417251881,8.0,6.0,0.17224059,5.0,12.0,18.0,0.7641022400000002,53.0,14.516129032258064,22.64516129032258,2.6129032258064515,36.58064516129032,0.0,0.0,5.225806451612903,0.2903225806451612,1.161290322580645,0.5806451612903225,0.5806451612903225,2.032258064516129,5.806451612903225,2.9032258064516125,2.9032258064516125,2.32258064516129,1.4516129032258065,2.032258064516129,0.2903225806451612,0.2903225806451612,1.4516129032258065,3.4838709677419355,0.8709677419354839,2.6129032258064515,0.0,81.82,64.29,22.22,60.0,25.0,56.25,0.0,81.82,0.5233895037349802,0.1210190927589255,2.32258064516129,1.7419354838709675,0.0500053325806451,1.4516129032258065,3.4838709677419355,5.225806451612903,0.2218361341935484,15.387096774193548,CM/AM,58,38,68,43,3,51,31,7,30,32,85,45,95,85,97,96,23,36,69,24,72,45,36,86,50,54,72,43,77,39,89,3,84,95,32,96,22,24,47,46,54,59,38,84,62,89,73,3,51,70,5,38,49,95,73,100,95,100,100,43,57,81,38,97,62,49,100,50,54,72,43,77,39,89,3,84,100,46,100,27,38,68,65,81,89,57,Ekstraklasa
Jagiellonia Białystok,8jw3s68b9lil5xcgjvbcmrgc2,dzq4gg917idfq1rhng1coi5uc,Bernardo Vital,Bernardo Maria Morais Cardoso Vital,25,Defender,Portugal,Defender,273.0,88.0,25.0,360.0,17.0,0.0,28.0,43.0,540.0,3.0,1.0,1.0,2.0,2.0,1.0,1.0,1.0,3.0,3.0,0.0,3.0,0.0,5.0,2.0,3.0,0.0,86.12,43.1,100.0,66.67,0.0,60.87,68.0,50.0,0.157990911347248,0.0944160269647412,1.0,15.0,0.3191888299999999,8.0,18.0,21.0,0.7433352500000006,171.0,45.5,14.666666666666666,4.166666666666667,60.0,2.833333333333333,0.0,4.666666666666667,7.166666666666667,0.5,0.1666666666666666,0.1666666666666666,0.3333333333333333,0.3333333333333333,0.1666666666666666,0.1666666666666666,0.1666666666666666,0.5,0.5,0.0,0.5,0.0,0.8333333333333334,0.3333333333333333,0.5,0.0,86.12,43.1,100.0,66.67,0.0,60.87,68.0,50.0,0.0263318185578746,0.0157360044941235,0.1666666666666666,2.5,0.0531981383333333,1.3333333333333333,3.0,3.5,0.1238892083333334,28.5,CB,98,55,92,90,70,46,61,85,57,76,84,56,35,29,72,64,84,84,35,28,22,45,85,49,51,48,55,98,71,22,65,72,32,25,50,72,94,92,95,61,76,85,68,100,50,98,98,70,46,68,78,49,71,88,55,26,25,70,62,82,80,35,18,22,35,88,38,51,48,55,98,71,22,65,72,32,25,45,68,95,90,95,59,64,90,68,Ekstraklasa
Jagiellonia Białystok,8jw3s68b9lil5xcgjvbcmrgc2,lioz4hr2umpne2bwar18qa96,A. Klynge,Anders Klynge,25,Midfielder,Denmark,Midfielder,46.0,66.0,7.0,112.0,3.0,0.0,11.0,8.0,291.0,3.0,0.0,0.0,2.0,3.0,2.0,1.0,0.0,2.0,2.0,0.0,3.0,0.0,12.0,1.0,1.0,0.0,78.87,63.64,0.0,50.0,0.0,40.74,42.86,25.0,0.253466371645325,0.1468228758381022,1.0,9.0,0.22037737,2.0,12.0,19.0,0.5577302999999998,56.0,14.22680412371134,20.412371134020617,2.164948453608248,34.63917525773196,0.9278350515463918,0.0,3.402061855670103,2.4742268041237114,0.9278350515463918,0.0,0.0,0.6185567010309279,0.9278350515463918,0.6185567010309279,0.3092783505154639,0.0,0.6185567010309279,0.6185567010309279,0.0,0.9278350515463918,0.0,3.711340206185567,0.3092783505154639,0.3092783505154639,0.0,78.87,63.64,0.0,50.0,0.0,40.74,42.86,25.0,0.0783916613336056,0.045409136857145,0.3092783505154639,2.783505154639175,0.068157949484536,0.6185567010309279,3.711340206185567,5.876288659793814,0.1724939072164947,17.31958762886598,DM/CM,24,24,41,27,39,50,15,41,26,20,41,14,32,76,17,23,30,27,44,18,17,98,36,11,52,21,70,20,56,17,15,45,11,39,18,29,45,45,26,26,67,55,27,39,39,67,36,52,50,27,58,42,20,41,21,45,88,24,23,48,45,44,36,17,100,55,15,52,21,70,20,56,17,15,45,11,58,33,39,67,73,36,33,85,82,33,Ekstraklasa
Śląsk Wrocław,2672w7jn6onmk0lmpsp94eutg,1lmkzgjn68a57dw3n2nsk20ut,G. Tomasiewicz,Grzegorz Tomasiewicz,30,Midfielder,Poland,Midfielder,78.0,138.0,12.0,216.0,6.0,0.0,17.0,13.0,543.0,8.0,0.0,0.0,5.0,4.0,1.0,3.0,0.0,1.0,1.0,0.0,5.0,1.0,7.0,0.0,3.0,0.0,83.72,52.17,0.0,0.0,25.0,51.52,46.15,75.0,0.3159886989197093,0.3821214983813755,1.0,10.0,0.2527209199999999,5.0,33.0,33.0,0.9250741399999995,128.0,12.92817679558011,22.87292817679558,1.988950276243094,35.80110497237569,0.994475138121547,0.0,2.81767955801105,2.154696132596685,1.3259668508287292,0.0,0.0,0.8287292817679558,0.6629834254143646,0.1657458563535911,0.4972375690607735,0.0,0.1657458563535911,0.1657458563535911,0.0,0.8287292817679558,0.1657458563535911,1.160220994475138,0.0,0.4972375690607735,0.0,83.72,52.17,0.0,0.0,25.0,51.52,46.15,75.0,0.0523738175005043,0.0633350549803384,0.1657458563535911,1.6574585635359116,0.0418874453038673,0.8287292817679558,5.469613259668509,5.469613259668509,0.1533272055248618,21.215469613259668,DM/CM,59,77,76,73,64,50,36,74,73,20,41,70,48,50,55,23,12,11,44,56,53,74,14,33,52,39,42,20,14,55,58,52,82,52,64,29,52,61,65,82,85,85,76,27,58,58,39,55,50,12,52,64,20,41,52,30,39,36,23,9,9,44,24,42,58,14,21,52,39,42,20,14,55,58,52,82,30,45,21,27,33,55,82,82,73,55,Ekstraklasa
Śląsk Wrocław,2672w7jn6onmk0lmpsp94eutg,42kik8nrr738ipgk1lmmnhega,E. Shabani,Eniss Shabani,23,Midfielder,Albania,Midfielder,39.0,84.0,1.0,122.0,3.0,0.0,22.0,5.0,285.0,4.0,1.0,0.0,4.0,4.0,3.0,1.0,0.0,15.0,15.0,1.0,3.0,2.0,10.0,6.0,5.0,0.0,83.56,16.67,25.0,40.0,50.0,48.89,60.0,55.56,0.5045096021424555,0.3919742311687929,1.0,13.0,0.34039005,7.0,11.0,16.0,0.73197664,53.0,12.31578947368421,26.526315789473685,0.3157894736842105,38.526315789473685,0.9473684210526316,0.0,6.947368421052632,1.5789473684210529,1.2631578947368425,0.3157894736842105,0.0,1.2631578947368425,1.2631578947368425,0.9473684210526316,0.3157894736842105,0.0,4.736842105263158,4.736842105263158,0.3157894736842105,0.9473684210526316,0.6315789473684211,3.1578947368421053,1.8947368421052635,1.5789473684210529,0.0,83.56,16.67,25.0,40.0,50.0,48.89,60.0,55.56,0.1593188217291965,0.1237813361585661,0.3157894736842105,4.105263157894737,0.1074915947368421,2.210526315789474,3.473684210526316,5.052631578947369,0.2311505178947368,16.736842105263158,LM/LCM,62,62,12,62,44,47,34,53,22,22,28,31,22,31,28,6,62,62,59,56,41,31,59,66,53,81,12,78,50,88,47,81,44,25,31,25,53,56,75,72,72,50,56,75,94,12,81,56,47,88,75,38,38,28,62,44,38,44,6,100,94,75,75,50,50,81,94,53,81,12,78,50,88,47,81,44,50,50,31,94,88,100,94,100,94,81,Ekstraklasa
Śląsk Wrocław,2672w7jn6onmk0lmpsp94eutg,447rl50fu3zl5y0opdoh7x7u1,L. Ba,Lamine Ba,29,Defender,Mauritania,Defender,121.0,68.0,8.0,188.0,8.0,0.0,16.0,38.0,532.0,2.0,1.0,0.0,1.0,2.0,2.0,0.0,0.0,2.0,2.0,0.0,3.0,0.0,6.0,1.0,5.0,0.0,85.07,36.36,50.0,50.0,0.0,55.17,57.14,100.0,0.2747467945669362,0.1056298146748491,0.0,5.0,0.09491994,0.0,14.0,13.0,0.35907999,137.0,20.46992481203008,11.50375939849624,1.3533834586466165,31.804511278195488,1.3533834586466165,0.0,2.706766917293233,6.428571428571428,0.3383458646616541,0.169172932330827,0.0,0.169172932330827,0.3383458646616541,0.3383458646616541,0.0,0.0,0.3383458646616541,0.3383458646616541,0.0,0.5075187969924811,0.0,1.0150375939849623,0.169172932330827,0.8458646616541353,0.0,85.07,36.36,50.0,50.0,0.0,55.17,57.14,100.0,0.0464797208853839,0.017869705490106,0.0,0.8458646616541353,0.0160578845864661,0.0,2.3684210526315788,2.199248120300752,0.060746614849624,23.176691729323306,CB,40,38,38,38,38,46,35,74,39,76,38,34,35,46,32,25,69,68,35,28,22,50,62,70,51,35,32,88,62,22,42,55,94,48,52,30,54,45,15,49,41,42,50,22,22,32,22,25,46,18,75,32,75,38,22,30,42,32,25,72,68,35,20,22,42,57,62,51,35,32,88,62,22,42,55,94,35,57,30,50,42,15,40,30,28,45,Ekstraklasa
Śląsk Wrocław,2672w7jn6onmk0lmpsp94eutg,51a6has987q21o1ylqhh90n6y,P. Samiec-Talar,Piotr Samiec-Talar,24,Midfielder,Poland,Midfielder,45.0,173.0,13.0,205.0,4.0,0.0,23.0,3.0,627.0,5.0,13.0,3.0,18.0,15.0,8.0,7.0,5.0,14.0,15.0,4.0,2.0,9.0,25.0,7.0,4.0,0.0,76.49,52.0,32.5,50.0,60.0,38.98,50.0,57.14,1.2482763708867506,2.0851662208492425,3.0,25.0,0.66421738,17.0,23.0,51.0,1.96284483,130.0,6.45933014354067,24.832535885167463,1.866028708133972,29.42583732057416,0.5741626794258373,0.0,3.3014354066985647,0.4306220095693779,0.7177033492822966,1.866028708133972,0.4306220095693779,2.583732057416268,2.15311004784689,1.1483253588516746,1.0047846889952152,0.7177033492822966,2.0095693779904304,2.15311004784689,0.5741626794258373,0.2870813397129186,1.291866028708134,3.588516746411483,1.0047846889952152,0.5741626794258373,0.0,76.49,52.0,32.5,50.0,60.0,38.98,50.0,57.14,0.1791784264430742,0.299306156102762,0.4306220095693779,3.588516746411483,0.0953422076555023,2.4401913875598087,3.3014354066985647,7.320574162679426,0.281748061722488,18.66028708133972,CM/AM,54,85,84,70,62,51,46,28,35,89,95,91,85,73,88,81,81,82,99,47,99,76,76,53,50,22,43,73,50,97,24,72,39,76,92,43,88,92,97,81,100,100,88,35,76,78,57,51,51,22,24,24,86,89,84,70,62,77,59,59,76,95,35,86,65,59,35,50,22,43,73,50,97,24,72,39,65,89,41,78,81,92,57,97,97,76,Ekstraklasa
Śląsk Wrocław,2672w7jn6onmk0lmpsp94eutg,5onmcebx40yhnegbztk4kig44,Y. Matsenko,Yehor Matsenko,24,Defender,Ukraine,Defender,130.0,164.0,15.0,292.0,26.0,0.0,38.0,50.0,711.0,4.0,2.0,0.0,5.0,14.0,11.0,3.0,4.0,3.0,3.0,0.0,11.0,1.0,20.0,1.0,4.0,0.0,81.34,40.54,20.0,33.33,7.14,59.38,72.22,57.14,1.5121064429489213,0.2903574539841413,3.0,11.0,0.22953948,2.0,39.0,38.0,1.0172555300000006,195.0,16.455696202531644,20.75949367088608,1.8987341772151896,36.962025316455694,3.291139240506329,0.0,4.810126582278481,6.329113924050633,0.5063291139240506,0.2531645569620253,0.0,0.6329113924050632,1.7721518987341771,1.3924050632911391,0.3797468354430379,0.5063291139240506,0.3797468354430379,0.3797468354430379,0.0,1.3924050632911391,0.1265822784810126,2.531645569620253,0.1265822784810126,0.5063291139240506,0.0,81.34,40.54,20.0,33.33,7.14,59.38,72.22,57.14,0.1914058788542938,0.0367541080992583,0.3797468354430379,1.3924050632911391,0.0290556303797468,0.2531645569620253,4.936708860759493,4.810126582278481,0.1287665227848101,24.68354430379747,RB/RCB,81,88,83,81,96,42,87,96,52,44,37,77,100,100,90,100,60,60,46,96,75,100,42,35,52,38,46,54,40,65,69,96,46,100,38,92,65,62,38,96,92,88,88,46,73,58,54,92,42,62,85,19,42,37,35,100,100,81,100,38,38,46,77,69,92,35,23,52,38,46,54,40,65,69,96,46,100,19,81,50,50,19,79,81,58,73,Ekstraklasa
Śląsk Wrocław,2672w7jn6onmk0lmpsp94eutg,5sqanu958vsnqnyic1ulc3fqi,P. Banaszak,Przemyslaw Banaszak,29,Attacker,Poland,Striker,18.0,36.0,0.0,53.0,15.0,0.0,23.0,10.0,418.0,5.0,1.0,0.0,2.0,12.0,10.0,2.0,4.0,5.0,6.0,2.0,1.0,5.0,17.0,1.0,1.0,0.0,64.63,0.0,14.29,20.0,41.67,44.23,57.69,50.0,1.30423656402816,0.1773900296603212,2.0,3.0,0.0846558299999999,1.0,4.0,4.0,0.20345094,15.0,3.8755980861244015,7.751196172248803,0.0,11.411483253588516,3.229665071770335,0.0,4.952153110047846,2.15311004784689,1.076555023923445,0.2153110047846889,0.0,0.4306220095693779,2.583732057416268,2.15311004784689,0.4306220095693779,0.8612440191387559,1.076555023923445,1.2918660287081338,0.4306220095693779,0.2153110047846889,1.076555023923445,3.6602870813397126,0.2153110047846889,0.2153110047846889,0.0,64.63,0.0,14.29,20.0,41.67,44.23,57.69,50.0,0.2808164850778334,0.0381940255249495,0.4306220095693779,0.6459330143540669,0.0182273318181817,0.2153110047846889,0.8612440191387559,0.8612440191387559,0.0438052263157894,3.229665071770335,ST,53,48,17,55,85,50,53,89,38,65,38,18,42,48,44,74,42,48,70,50,58,24,26,36,52,30,17,67,15,70,55,85,44,48,30,44,36,30,33,56,42,45,38,45,52,17,42,85,50,45,91,27,64,38,12,36,44,48,67,42,52,70,47,58,12,21,38,52,30,17,67,15,70,55,85,44,42,24,52,27,21,30,58,42,42,30,Ekstraklasa
Śląsk Wrocław,2672w7jn6onmk0lmpsp94eutg,86jejxwed4lfp5fic29iweaj9,M. Malec,Mariusz Malec,31,Defender,Poland,Defender,137.0,142.0,12.0,279.0,11.0,0.0,16.0,28.0,458.0,0.0,0.0,0.0,1.0,0.0,0.0,0.0,0.0,1.0,1.0,0.0,6.0,0.0,3.0,0.0,5.0,0.0,90.29,57.14,0.0,0.0,0.0,69.57,78.57,100.0,0.0,0.0751360967187096,0.0,3.0,0.06279657,4.0,23.0,21.0,0.5595616600000001,198.0,26.921397379912666,27.90393013100437,2.3580786026200875,54.82532751091704,2.161572052401747,0.0,3.14410480349345,5.502183406113537,0.0,0.0,0.0,0.1965065502183406,0.0,0.0,0.0,0.0,0.1965065502183406,0.1965065502183406,0.0,1.1790393013100438,0.0,0.5895196506550219,0.0,0.9825327510917032,0.0,90.29,57.14,0.0,0.0,0.0,69.57,78.57,100.0,0.0,0.0147647351630652,0.0,0.5895196506550219,0.0123399373362445,0.7860262008733625,4.5196506550218345,4.1266375545851535,0.109957531441048,38.90829694323144,CB,48,95,54,62,54,46,35,46,9,32,38,34,8,11,32,25,45,41,35,61,22,25,25,70,51,80,84,32,25,22,95,98,94,8,40,30,34,30,78,85,76,68,72,52,100,52,88,55,46,28,48,9,32,38,28,8,11,32,25,45,40,35,68,22,22,25,70,51,80,84,32,25,22,95,98,94,8,40,30,32,30,78,88,80,78,95,Ekstraklasa
Śląsk Wrocław,2672w7jn6onmk0lmpsp94eutg,9jov1q8gkp6fpfck41intk5bd,J. Yriarte,Jorge Yriarte,26,Midfielder,Venezuela,Midfielder,64.0,100.0,5.0,162.0,11.0,0.0,28.0,13.0,397.0,4.0,2.0,0.0,3.0,4.0,1.0,3.0,2.0,5.0,5.0,0.0,5.0,0.0,3.0,2.0,6.0,0.0,85.71,55.56,40.0,40.0,0.0,53.85,57.89,54.55,0.3950540194218989,0.1930704733440385,2.0,9.0,0.19192173,5.0,23.0,14.0,0.5550007399999999,90.0,14.5088161209068,22.67002518891688,1.1335012594458438,36.72544080604533,2.4937027707808563,0.0,6.347607052896725,2.947103274559194,0.906801007556675,0.4534005037783375,0.0,0.6801007556675063,0.906801007556675,0.2267002518891687,0.6801007556675063,0.4534005037783375,1.1335012594458438,1.1335012594458438,0.0,1.1335012594458438,0.0,0.6801007556675063,0.4534005037783375,1.3602015113350123,0.0,85.71,55.56,40.0,40.0,0.0,53.85,57.89,54.55,0.089558845712773,0.0437691249394545,0.4534005037783375,2.040302267002519,0.043508704534005,1.1335012594458438,5.214105793450881,3.1738035264483626,0.125818807556675,20.403022670025187,DM/CM,45,55,29,45,94,50,77,74,38,65,41,24,48,50,55,80,73,70,44,56,17,35,59,71,52,52,52,68,39,17,61,73,48,61,24,55,45,33,65,70,32,52,48,45,52,24,48,97,50,82,82,39,64,41,27,42,55,52,79,73,70,44,55,17,36,61,70,52,52,52,68,39,17,61,73,48,70,30,55,39,36,73,70,30,52,45,Ekstraklasa
Śląsk Wrocław,2672w7jn6onmk0lmpsp94eutg,aqjwz3wm0it916o2vb5tz9vxl,A. Timossi Andersson,Alex Timossi Andersson,25,Defender,Sweden,Defender,41.0,86.0,4.0,120.0,2.0,0.0,18.0,10.0,373.0,4.0,7.0,0.0,7.0,2.0,2.0,0.0,0.0,5.0,6.0,0.0,4.0,1.0,6.0,1.0,7.0,0.0,84.51,50.0,41.18,20.0,50.0,58.06,50.0,63.64,0.185684153017708,0.7358832418656852,0.0,14.0,0.34290874,4.0,12.0,19.0,0.8823268599999999,52.0,9.892761394101877,20.750670241286866,0.9651474530831098,28.954423592493296,0.4825737265415549,0.0,4.343163538873994,2.412868632707774,0.9651474530831098,1.6890080428954422,0.0,1.6890080428954422,0.4825737265415549,0.4825737265415549,0.0,0.0,1.206434316353887,1.4477211796246647,0.0,0.9651474530831098,0.2412868632707774,1.4477211796246647,0.2412868632707774,1.6890080428954422,0.0,84.51,50.0,41.18,20.0,50.0,58.06,50.0,63.64,0.0448031468407338,0.177558959163302,0.0,3.3780160857908843,0.0827393742627345,0.9651474530831098,2.895442359249329,4.584450402144772,0.2128938804289543,12.546916890080428,RB/RCB,13,60,27,27,23,42,38,25,52,96,37,92,48,71,27,35,69,69,46,35,75,62,42,73,52,54,79,96,27,90,62,62,62,54,96,29,77,73,56,35,63,81,33,12,69,31,31,15,42,50,19,69,100,37,92,50,77,27,35,81,85,46,46,77,65,38,92,52,54,79,96,27,90,62,62,62,58,92,29,88,92,77,54,73,81,27,Ekstraklasa
Śląsk Wrocław,2672w7jn6onmk0lmpsp94eutg,b3x0rmvuuus9kn24ygd5881lg,L. Marjanac,Luka Marjanac,23,Attacker,Bosnia and Herzegovina,Striker,27.0,74.0,3.0,97.0,6.0,0.0,29.0,2.0,511.0,14.0,4.0,0.0,4.0,13.0,10.0,3.0,4.0,12.0,14.0,1.0,2.0,6.0,39.0,4.0,3.0,0.0,75.19,100.0,50.0,33.33,46.15,38.67,20.69,60.0,1.2711968998403442,0.3923679874022826,4.0,13.0,0.3448398,4.0,5.0,8.0,0.7479785000000001,35.0,4.755381604696673,13.033268101761252,0.5283757338551859,17.084148727984342,1.0567514677103718,0.0,5.107632093933463,0.3522504892367906,2.4657534246575343,0.7045009784735812,0.0,0.7045009784735812,2.2896281800391387,1.761252446183953,0.5283757338551859,0.7045009784735812,2.1135029354207435,2.4657534246575343,0.1761252446183953,0.3522504892367906,1.0567514677103718,6.868884540117416,0.7045009784735812,0.5283757338551859,0.0,75.19,100.0,50.0,33.33,46.15,38.67,20.69,60.0,0.2238898649425263,0.0691059077616544,0.7045009784735812,2.2896281800391387,0.0607349941291585,0.7045009784735812,0.8806262230919765,1.4090019569471623,0.1317378962818004,6.164383561643835,ST,73,83,77,82,38,50,71,17,91,100,38,48,53,48,61,74,82,85,48,71,68,91,62,80,52,67,94,91,27,88,27,12,65,45,61,71,85,85,82,64,76,91,79,61,85,76,76,27,50,48,9,94,100,38,27,21,27,61,48,73,79,42,67,52,88,58,70,52,67,94,91,27,88,27,12,65,15,48,61,85,88,73,61,64,85,79,Ekstraklasa
Śląsk Wrocław,2672w7jn6onmk0lmpsp94eutg,ck2bmrzdj19n5faaj47d4io2y,Marc Llinares,Marc Llinares,27,Defender,Spain,Defender,79.0,146.0,4.0,223.0,2.0,0.0,34.0,28.0,699.0,15.0,2.0,0.0,3.0,5.0,2.0,3.0,2.0,15.0,16.0,0.0,5.0,0.0,14.0,6.0,5.0,0.0,75.59,21.05,14.29,40.0,0.0,54.84,22.22,45.45,0.3868948143702946,0.3382389889670485,1.0,20.0,0.4645864800000001,10.0,12.0,21.0,0.5458665299999997,87.0,10.17167381974249,18.79828326180257,0.5150214592274678,28.71244635193133,0.2575107296137339,0.0,4.377682403433476,3.605150214592274,1.931330472103004,0.2575107296137339,0.0,0.3862660944206008,0.6437768240343348,0.2575107296137339,0.3862660944206008,0.2575107296137339,1.931330472103004,2.060085836909871,0.0,0.6437768240343348,0.0,1.802575107296137,0.7725321888412017,0.6437768240343348,0.0,75.59,21.05,14.29,40.0,0.0,54.84,22.22,45.45,0.0498147829661323,0.0435500844163581,0.1287553648068669,2.575107296137339,0.0598180017167382,1.2875536480686696,1.5450643776824031,2.703862660944206,0.0702832442060085,11.201716738197424,LB/LCB,57,96,13,70,28,50,74,80,100,39,30,28,50,46,72,74,93,96,37,57,20,80,91,61,52,13,4,28,39,20,65,13,26,52,35,48,96,91,96,37,57,30,46,9,57,9,22,22,50,43,61,91,35,30,17,30,26,57,70,91,87,37,39,20,57,83,22,52,13,4,28,39,20,65,13,26,39,26,48,91,83,87,9,22,13,13,Ekstraklasa
Śląsk Wrocław,2672w7jn6onmk0lmpsp94eutg,dthy2ttov028qb9j0cdrbx2lm,I. Christodoulou,Irodotos Christodoulou,24,Defender,Cyprus,Defender,69.0,88.0,8.0,156.0,15.0,0.0,24.0,28.0,405.0,0.0,1.0,0.0,3.0,7.0,7.0,0.0,3.0,2.0,2.0,0.0,11.0,0.0,12.0,1.0,6.0,0.0,81.25,33.33,100.0,50.0,0.0,58.54,68.18,75.0,0.8464868631603145,0.1123709653708134,0.0,3.0,0.29227522,1.0,18.0,19.0,0.39178024,95.0,15.333333333333334,19.55555555555556,1.7777777777777777,34.666666666666664,3.333333333333333,0.0,5.333333333333333,6.222222222222222,0.0,0.2222222222222222,0.0,0.6666666666666666,1.5555555555555556,1.5555555555555556,0.0,0.6666666666666666,0.4444444444444444,0.4444444444444444,0.0,2.4444444444444446,0.0,2.6666666666666665,0.2222222222222222,1.3333333333333333,0.0,81.25,33.33,100.0,50.0,0.0,58.54,68.18,75.0,0.1881081918134032,0.0249713256379585,0.0,0.6666666666666666,0.0649500488888888,0.2222222222222222,4.0,4.222222222222222,0.0870622755555555,21.11111111111111,LB/LCB,39,39,43,39,83,50,52,80,7,24,30,28,72,89,20,89,37,37,37,96,20,70,37,65,52,52,33,100,63,20,96,87,76,87,13,20,20,70,13,59,43,13,61,48,61,61,65,87,50,70,100,7,22,30,30,78,87,20,91,39,39,37,96,20,74,39,78,52,52,33,100,63,20,96,87,76,83,17,20,20,91,13,74,57,22,70,Ekstraklasa
Śląsk Wrocław,2672w7jn6onmk0lmpsp94eutg,zzdf4gif332731vyq2dhl4vd,M. Dembélé,Malaly Dembélé,29,Attacker,France,Striker,14.0,49.0,0.0,61.0,14.0,0.0,32.0,2.0,458.0,8.0,2.0,1.0,6.0,12.0,7.0,5.0,4.0,19.0,19.0,1.0,1.0,3.0,29.0,9.0,1.0,0.0,67.03,0.0,66.67,47.37,25.0,41.56,41.18,100.0,1.3173982593688085,0.4472003867587625,4.0,5.0,0.2556648099999999,1.0,6.0,5.0,0.51898765,22.0,2.7510917030567685,9.628820960698691,0.0,11.986899563318778,2.7510917030567685,0.0,6.2882096069869,0.3930131004366812,1.572052401746725,0.3930131004366812,0.1965065502183406,1.1790393013100438,2.3580786026200875,1.3755458515283845,0.9825327510917032,0.7860262008733625,3.733624454148472,3.733624454148472,0.1965065502183406,0.1965065502183406,0.5895196506550219,5.698689956331879,1.7685589519650655,0.1965065502183406,0.0,67.03,0.0,66.67,47.37,25.0,41.56,41.18,100.0,0.2588773872122113,0.0878778052582721,0.7860262008733625,0.9825327510917032,0.0502398098253275,0.1965065502183406,1.1790393013100438,0.9825327510917032,0.1019844727074235,4.323144104803494,ST,30,67,17,58,80,50,79,17,68,83,86,71,42,23,80,74,92,92,48,50,30,68,92,36,52,39,17,97,52,30,36,52,89,52,67,71,64,73,33,68,55,70,55,21,70,17,45,67,50,70,15,58,88,91,82,24,12,79,58,97,97,48,42,24,61,94,33,52,39,17,97,52,30,36,52,89,30,70,70,61,79,24,73,45,73,52,Ekstraklasa
Wisła Kraków,a226arvd7ujft5jacs8ooc1p7,1pobj3phzaiolzp1szrh158tl,M. Maisonneuve,Maxence Maisonneuve,27,Defender,France,Defender,108.0,72.0,5.0,180.0,10.0,0.0,17.0,32.0,378.0,0.0,0.0,1.0,1.0,2.0,2.0,0.0,2.0,0.0,0.0,0.0,4.0,0.0,6.0,0.0,3.0,0.0,85.31,35.71,0.0,0.0,0.0,54.84,76.92,42.86,0.2628289705287394,0.0480157369095631,0.0,10.0,0.21786576,4.0,15.0,15.0,0.25671905,86.0,25.71428571428571,17.142857142857142,1.1904761904761905,42.85714285714285,2.380952380952381,0.0,4.047619047619048,7.619047619047619,0.0,0.0,0.238095238095238,0.238095238095238,0.4761904761904761,0.4761904761904761,0.0,0.4761904761904761,0.0,0.0,0.0,0.9523809523809524,0.0,1.4285714285714286,0.0,0.7142857142857143,0.0,85.31,35.71,0.0,0.0,0.0,54.84,76.92,42.86,0.0625783263163665,0.0114323183118007,0.0,2.380952380952381,0.0518728,0.9523809523809524,3.571428571428571,3.571428571428571,0.0611235833333333,20.476190476190474,CB,35,48,14,35,49,46,40,57,9,32,84,34,35,46,32,86,18,15,35,38,22,50,25,49,51,38,28,32,25,22,40,92,19,42,32,30,80,78,78,52,48,28,22,48,68,22,50,60,46,50,85,9,32,92,30,45,52,32,90,18,15,35,48,22,62,25,54,51,38,28,32,25,22,40,92,19,52,30,30,92,88,85,75,68,30,28,Ekstraklasa
Wisła Kraków,a226arvd7ujft5jacs8ooc1p7,3qx64cu3woki8ksup48116wvd,D. Grujčić,Darijo Grujcic,27,Defender,Austria,Defender,127.0,69.0,10.0,195.0,8.0,0.0,16.0,17.0,342.0,2.0,1.0,0.0,1.0,3.0,1.0,2.0,1.0,1.0,1.0,0.0,2.0,0.0,4.0,1.0,2.0,0.0,87.44,40.0,33.33,100.0,0.0,57.14,50.0,40.0,0.190470622868607,0.1474854623134056,1.0,0.0,0.0,1.0,12.0,19.0,0.39438748,108.0,33.42105263157895,18.157894736842103,2.631578947368421,51.31578947368421,2.1052631578947367,0.0,4.2105263157894735,4.473684210526316,0.5263157894736842,0.2631578947368421,0.0,0.2631578947368421,0.7894736842105263,0.2631578947368421,0.5263157894736842,0.2631578947368421,0.2631578947368421,0.2631578947368421,0.0,0.5263157894736842,0.0,1.0526315789473684,0.2631578947368421,0.5263157894736842,0.0,87.44,40.0,33.33,100.0,0.0,57.14,50.0,40.0,0.0501238481233176,0.0388119637666856,0.2631578947368421,0.0,0.0,0.2631578947368421,3.1578947368421053,5.0,0.1037861789473684,28.42105263157895,CB,45,41,46,41,38,46,35,16,39,76,38,34,52,29,86,64,45,41,35,16,22,39,62,30,51,60,45,78,89,22,56,36,11,30,65,72,6,6,39,42,61,48,41,78,72,60,78,52,46,55,30,55,85,38,40,60,30,95,72,55,50,35,22,22,45,72,41,51,60,45,78,89,22,56,36,11,40,72,80,6,6,42,65,86,72,65,Ekstraklasa
Wisła Kraków,a226arvd7ujft5jacs8ooc1p7,50paq4nkf693ep2k1rslu5fqh,M. Božić,Marko Bozic,28,Midfielder,Austria,Midfielder,41.0,97.0,5.0,136.0,3.0,0.0,38.0,10.0,616.0,11.0,2.0,2.0,13.0,25.0,15.0,10.0,11.0,27.0,27.0,2.0,0.0,8.0,36.0,15.0,7.0,0.0,79.53,45.45,16.67,55.56,32.0,53.52,50.0,77.78,1.5780695167786971,1.2316183583587512,14.0,41.0,1.1631192999999995,15.0,11.0,20.0,0.9474193600000002,56.0,5.990259740259741,14.172077922077923,0.7305194805194806,19.87012987012988,0.4383116883116883,0.0,5.551948051948052,1.4610389610389611,1.6071428571428572,0.2922077922077922,0.2922077922077922,1.899350649350649,3.6525974025974026,2.191558441558441,1.4610389610389611,1.6071428571428572,3.944805194805195,3.944805194805195,0.2922077922077922,0.0,1.168831168831169,5.25974025974026,2.191558441558441,1.0227272727272727,0.0,79.53,45.45,16.67,55.56,32.0,53.52,50.0,77.78,0.2305621047241603,0.179944240669298,2.0454545454545454,5.990259740259741,0.1699362613636363,2.191558441558441,1.6071428571428572,2.9220779220779223,0.1384216597402597,8.181818181818182,LM/LCM,69,81,66,69,44,47,94,78,78,44,97,100,100,100,100,100,100,100,84,6,94,100,100,88,53,50,50,31,75,56,81,50,94,88,100,100,100,100,100,72,100,62,62,50,50,50,38,25,47,69,62,56,31,88,94,94,94,88,100,81,75,69,6,88,88,94,81,53,50,50,31,75,56,81,50,94,81,81,94,100,100,94,56,81,44,44,Ekstraklasa
Wisła Kraków,a226arvd7ujft5jacs8ooc1p7,7a3ik1dbxkirdt58gwvvtyw9,J. Lelieveld,Julian Lelieveld,28,Defender,Netherlands,Defender,60.0,84.0,6.0,144.0,1.0,0.0,5.0,7.0,237.0,2.0,0.0,0.0,4.0,0.0,0.0,0.0,0.0,0.0,0.0,0.0,7.0,0.0,5.0,0.0,1.0,0.0,88.89,54.55,0.0,0.0,0.0,41.67,33.33,50.0,0.0,0.3638836764335569,0.0,5.0,0.10369621,2.0,13.0,15.0,0.70834024,92.0,22.78481012658228,31.89873417721519,2.278481012658228,54.68354430379747,0.379746835443038,0.0,1.89873417721519,2.6582278481012658,0.759493670886076,0.0,0.0,1.518987341772152,0.0,0.0,0.0,0.0,0.0,0.0,0.0,2.6582278481012658,0.0,1.89873417721519,0.0,0.379746835443038,0.0,88.89,54.55,0.0,0.0,0.0,41.67,33.33,50.0,0.0,0.1381836745950216,0.0,1.89873417721519,0.0393783075949367,0.759493670886076,4.936708860759493,5.69620253164557,0.268989964556962,34.936708860759495,RB/RCB,35,48,42,38,8,42,8,10,23,19,37,52,13,19,27,35,10,10,46,69,33,46,13,10,52,81,90,19,13,33,12,25,25,13,46,29,46,46,38,42,52,62,46,69,96,77,92,12,42,8,31,50,19,37,85,13,19,27,35,10,10,46,100,33,81,13,19,52,81,90,19,13,33,12,25,25,13,85,29,62,54,58,79,92,92,92,Ekstraklasa
Wisła Kraków,a226arvd7ujft5jacs8ooc1p7,7esyhkq370kc9r4gt3lqt2jv8,M. Kuziemka,Maciej Kuziemka,20,Midfielder,Poland,Midfielder,7.0,28.0,0.0,35.0,4.0,0.0,19.0,2.0,225.0,0.0,0.0,0.0,3.0,11.0,6.0,5.0,6.0,14.0,15.0,0.0,1.0,3.0,16.0,10.0,3.0,0.0,56.45,0.0,0.0,71.43,27.27,51.35,44.44,60.0,0.8340575353539236,0.1404062929322327,6.0,7.0,0.2376496,3.0,1.0,1.0,0.1303500199999999,11.0,2.8,11.2,0.0,14.0,1.6,0.0,7.6,0.8,0.0,0.0,0.0,1.2,4.4,2.4,2.0,2.4,5.6,6.0,0.0,0.4,1.2,6.4,4.0,1.2,0.0,56.45,0.0,0.0,71.43,27.27,51.35,44.44,60.0,0.3336230141415694,0.056162517172893,2.4,2.8,0.0950598399999999,1.2,0.4,0.4,0.0521400079999999,4.4,RM/RCM,5,5,13,5,55,53,42,16,5,11,34,29,87,87,82,95,87,84,32,16,84,79,97,39,53,5,13,11,89,55,68,63,71,84,16,87,39,53,29,8,8,11,8,5,5,13,5,89,53,95,26,5,11,34,47,100,100,95,100,100,100,32,16,100,100,100,79,53,5,13,11,89,55,68,63,71,100,16,100,68,74,58,5,5,11,5,Ekstraklasa
Wisła Kraków,a226arvd7ujft5jacs8ooc1p7,8flwv4shznxf77m1wqsmdbh7t,Ángel Rodado,Ángel Rodado,29,Attacker,Spain,Striker,30.0,59.0,2.0,88.0,6.0,0.0,25.0,5.0,416.0,5.0,1.0,1.0,5.0,26.0,13.0,13.0,11.0,12.0,12.0,3.0,1.0,6.0,26.0,5.0,5.0,0.0,80.73,33.33,12.5,41.67,23.08,44.64,60.0,55.56,2.28561308141506,0.3108877026785039,8.0,3.0,0.08751677,1.0,8.0,7.0,0.12429256,40.0,6.490384615384616,12.764423076923078,0.4326923076923077,19.03846153846154,1.2980769230769231,0.0,5.408653846153847,1.0817307692307694,1.0817307692307694,0.2163461538461538,0.2163461538461538,1.0817307692307694,5.625000000000001,2.8125000000000004,2.8125000000000004,2.3798076923076925,2.5961538461538463,2.5961538461538463,0.6490384615384616,0.2163461538461538,1.2980769230769231,5.625000000000001,1.0817307692307694,1.0817307692307694,0.0,80.73,33.33,12.5,41.67,23.08,44.64,60.0,55.56,0.4944835993446044,0.0672593587525609,1.7307692307692308,0.6490384615384616,0.0189339165865384,0.2163461538461538,1.7307692307692308,1.514423076923077,0.0268902173076923,8.653846153846155,ST,80,76,59,74,38,50,62,59,38,65,86,56,97,73,100,100,82,79,80,50,68,53,70,92,52,88,42,64,42,17,58,89,59,85,52,92,36,33,33,77,70,24,85,79,79,64,85,33,50,52,55,30,67,97,64,100,79,100,100,85,82,88,52,73,55,73,97,52,88,42,64,42,17,58,89,59,97,45,91,30,24,33,88,76,27,88,Ekstraklasa
Wisła Kraków,a226arvd7ujft5jacs8ooc1p7,8fu1po5rpwv09bp98pmg136s4,J. Krzyżanowski,Jakub Krzyzanowski,20,Defender,Poland,Defender,88.0,101.0,7.0,185.0,4.0,0.0,33.0,23.0,719.0,4.0,4.0,0.0,11.0,9.0,4.0,5.0,2.0,10.0,13.0,0.0,8.0,1.0,14.0,5.0,15.0,0.0,82.22,33.33,20.0,50.0,11.11,54.1,33.33,75.0,0.6707709621385708,0.9733898917404988,5.0,13.0,0.34451691,7.0,13.0,22.0,1.00937909,89.0,11.015299026425591,12.642559109874826,0.8762169680111266,23.157162726008345,0.5006954102920723,0.0,4.130737134909596,2.878998609179416,0.5006954102920723,0.5006954102920723,0.0,1.376912378303199,1.1265646731571628,0.5006954102920723,0.6258692628650904,0.2503477051460361,1.2517385257301807,1.627260083449235,0.0,1.0013908205841446,0.125173852573018,1.7524339360222532,0.6258692628650904,1.877607788595271,0.0,82.22,33.33,20.0,50.0,11.11,54.1,33.33,75.0,0.0839629855249949,0.1218429628047912,0.6258692628650904,1.627260083449235,0.0431245089012517,0.8762169680111266,1.627260083449235,2.753824756606398,0.1263478694019471,11.14047287899861,LB/LCB,65,54,33,52,46,50,70,65,54,63,30,85,85,67,93,74,87,87,37,78,46,80,85,100,52,61,33,41,63,39,61,33,76,74,83,91,78,83,76,43,70,74,52,13,9,17,9,35,50,35,35,39,48,30,70,61,61,74,57,74,78,37,74,39,52,74,96,52,61,33,41,63,39,61,33,76,70,57,78,61,57,57,13,26,39,9,Ekstraklasa
Wisła Kraków,a226arvd7ujft5jacs8ooc1p7,90apysqddb07mz49wh9n782cp,R. Giger,Raoul Giger,28,Defender,Switzerland,Defender,123.0,85.0,3.0,206.0,8.0,0.0,26.0,25.0,484.0,5.0,2.0,1.0,4.0,0.0,0.0,0.0,0.0,0.0,0.0,0.0,5.0,0.0,2.0,0.0,9.0,0.0,88.03,21.43,28.57,0.0,0.0,68.42,66.67,69.23,0.0,0.4060094770223655,0.0,4.0,0.07945862,2.0,16.0,12.0,0.7146139899999997,128.0,22.87190082644628,15.80578512396694,0.5578512396694214,38.30578512396694,1.487603305785124,0.0,4.8347107438016526,4.648760330578512,0.9297520661157024,0.371900826446281,0.1859504132231405,0.743801652892562,0.0,0.0,0.0,0.0,0.0,0.0,0.0,0.9297520661157024,0.0,0.371900826446281,0.0,1.6735537190082643,0.0,88.03,21.43,28.57,0.0,0.0,68.42,66.67,69.23,0.0,0.07549763002482,0.0,0.743801652892562,0.0147753632231404,0.371900826446281,2.975206611570248,2.2314049586776856,0.1328827667355371,23.801652892561982,RB/RCB,77,54,15,62,65,42,63,75,65,44,87,52,13,19,27,35,10,10,46,48,33,13,13,88,52,77,4,73,13,33,88,85,65,13,62,29,37,31,38,56,40,65,69,73,38,12,62,77,42,65,77,65,46,81,46,13,19,27,35,10,10,46,35,33,8,13,88,52,77,4,73,13,33,88,85,65,13,62,29,31,27,38,58,31,62,62,Ekstraklasa
Wisła Kraków,a226arvd7ujft5jacs8ooc1p7,a8z6anh4mr08sjqv04pbaynoq,K. Duda,Kacper Duda,22,Midfielder,Poland,Midfielder,105.0,173.0,15.0,274.0,5.0,0.0,51.0,5.0,652.0,15.0,4.0,0.0,10.0,5.0,0.0,5.0,1.0,7.0,7.0,0.0,4.0,2.0,3.0,3.0,14.0,0.0,84.83,62.5,26.67,42.86,40.0,55.43,38.46,50.0,0.3147962293276586,0.8721658186078236,4.0,25.0,0.59153636,10.0,24.0,27.0,0.7646403699999997,126.0,14.493865030674849,23.880368098159508,2.070552147239264,37.82208588957055,0.6901840490797546,0.0,7.0398773006134965,0.6901840490797546,2.070552147239264,0.5521472392638037,0.0,1.3803680981595092,0.6901840490797546,0.0,0.6901840490797546,0.1380368098159509,0.9662576687116564,0.9662576687116564,0.0,0.5521472392638037,0.2760736196319018,0.4141104294478527,0.4141104294478527,1.9325153374233128,0.0,84.83,62.5,26.67,42.86,40.0,55.43,38.46,50.0,0.0434534672384804,0.1203909872311412,0.5521472392638037,3.450920245398773,0.0816537920245398,1.3803680981595092,3.312883435582822,3.726993865030675,0.1055485173312883,17.392638036809817,CM/AM,92,85,86,89,77,51,100,50,80,62,32,64,26,5,66,16,39,36,30,77,43,11,36,100,50,73,66,54,32,80,86,45,27,16,59,54,88,86,76,89,78,62,82,81,68,81,76,57,51,89,30,76,41,32,43,16,5,54,5,22,22,30,68,32,11,27,95,50,73,66,54,32,80,86,45,27,11,41,51,76,68,65,59,65,41,65,Ekstraklasa
Wisła Kraków,a226arvd7ujft5jacs8ooc1p7,bft3zzbzpx1ig0n4tcxwpx5ud,J. Igbekeme,James Igbekeme,31,Midfielder,Nigeria,Midfielder,79.0,118.0,5.0,196.0,2.0,0.0,31.0,7.0,485.0,7.0,1.0,0.0,7.0,7.0,1.0,6.0,1.0,7.0,8.0,0.0,11.0,2.0,4.0,6.0,10.0,0.0,85.96,35.71,50.0,85.71,28.57,55.36,40.0,62.5,0.4287597264928121,0.3562713930726782,2.0,6.0,0.14400498,2.0,23.0,24.0,0.5683777699999999,113.0,14.65979381443299,21.89690721649484,0.9278350515463916,36.37113402061856,0.3711340206185566,0.0,5.752577319587629,1.2989690721649485,1.2989690721649485,0.1855670103092783,0.0,1.2989690721649485,1.2989690721649485,0.1855670103092783,1.11340206185567,0.1855670103092783,1.2989690721649485,1.4845360824742266,0.0,2.0412371134020617,0.3711340206185566,0.7422680412371133,1.11340206185567,1.855670103092784,0.0,85.96,35.71,50.0,85.71,28.57,55.36,40.0,62.5,0.079563660586295,0.0661122172712186,0.3711340206185566,1.11340206185567,0.0267225736082474,0.3711340206185566,4.268041237113402,4.45360824742268,0.1054721635051546,20.969072164948454,DM/CM,64,68,29,58,29,50,86,33,65,47,41,89,83,50,86,59,85,86,44,100,83,44,94,94,52,61,14,83,85,61,73,39,61,73,55,55,20,24,26,70,73,58,61,48,45,18,45,24,50,76,18,61,45,41,76,64,42,70,58,79,82,44,97,70,39,97,94,52,61,14,83,85,61,73,39,61,61,48,45,15,15,15,52,55,30,52,Ekstraklasa
Wisła Kraków,a226arvd7ujft5jacs8ooc1p7,dnfry3mr1060tmjo2q4tqv7bp,J. Ertlthaler,Julius Ertlthaler,29,Midfielder,Austria,Midfielder,87.0,158.0,8.0,231.0,4.0,0.0,30.0,5.0,570.0,13.0,14.0,1.0,18.0,12.0,5.0,7.0,5.0,6.0,6.0,0.0,2.0,4.0,14.0,3.0,7.0,0.0,79.11,42.11,26.92,50.0,33.33,45.45,40.0,70.0,0.845502517628708,1.7355046914878685,7.0,13.0,0.2981667,12.0,23.0,23.0,0.99398111,100.0,13.73684210526316,24.94736842105264,1.2631578947368425,36.47368421052632,0.6315789473684211,0.0,4.736842105263158,0.7894736842105263,2.0526315789473686,2.210526315789474,0.1578947368421052,2.8421052631578947,1.8947368421052635,0.7894736842105263,1.105263157894737,0.7894736842105263,0.9473684210526316,0.9473684210526316,0.0,0.3157894736842105,0.6315789473684211,2.210526315789474,0.4736842105263158,1.105263157894737,0.0,79.11,42.11,26.92,50.0,33.33,45.45,40.0,70.0,0.1335003975203223,0.2740270565507161,1.105263157894737,2.0526315789473686,0.0470789526315789,1.8947368421052635,3.631578947368421,3.631578947368421,0.1569443857894737,15.789473684210527,CM/AM,81,78,62,78,62,51,77,50,74,92,72,91,58,47,88,81,32,27,30,47,58,53,36,70,50,41,24,57,50,61,43,50,65,57,86,92,47,38,89,81,65,73,72,73,78,57,70,54,51,54,41,73,92,73,92,65,41,84,68,19,19,30,41,57,41,30,68,50,41,24,57,50,61,43,50,65,43,86,86,46,32,78,73,59,68,62,Ekstraklasa
Wisła Kraków,a226arvd7ujft5jacs8ooc1p7,dnnv0ts8b4ov8id729wyoeuax,É. Youan,Élie Youan,27,Attacker,France,Striker,34.0,57.0,4.0,88.0,5.0,0.0,28.0,0.0,281.0,3.0,3.0,0.0,3.0,9.0,7.0,2.0,3.0,20.0,21.0,1.0,4.0,3.0,25.0,13.0,4.0,0.0,79.28,100.0,60.0,65.0,33.33,54.9,83.33,57.14,0.7942933089413655,0.1387883057900854,3.0,13.0,0.39558638,7.0,4.0,4.0,0.3029278300000001,31.0,10.88967971530249,18.25622775800712,1.2811387900355873,28.18505338078292,1.601423487544484,0.0,8.96797153024911,0.0,0.9608540925266904,0.9608540925266904,0.0,0.9608540925266904,2.882562277580071,2.2419928825622777,0.6405693950177936,0.9608540925266904,6.405693950177936,6.725978647686833,0.3202846975088968,1.2811387900355873,0.9608540925266904,8.00711743772242,4.1637010676156585,1.2811387900355873,0.0,79.28,100.0,60.0,65.0,33.33,54.9,83.33,57.14,0.254399992187626,0.0444517705377497,0.9608540925266904,4.1637010676156585,0.1267002640569395,2.2419928825622777,1.2811387900355873,1.2811387900355873,0.0970231483985765,9.9288256227758,RW,75,75,100,75,88,62,100,38,38,100,38,25,62,88,38,88,100,100,75,100,75,100,100,75,62,75,100,100,50,75,75,100,75,75,25,75,100,100,100,38,25,50,75,100,75,100,100,100,62,100,38,50,100,38,25,75,100,50,75,100,100,75,100,100,100,100,75,62,75,100,100,50,75,75,100,75,75,25,100,75,75,100,25,25,50,75,Ekstraklasa
Wisła Kraków,a226arvd7ujft5jacs8ooc1p7,dotkwvd1jke7a2b94bkosw6hh,A. Uryga,Alan Uryga,32,Defender,Poland,Defender,280.0,104.0,18.0,384.0,24.0,0.0,38.0,42.0,720.0,2.0,0.0,1.0,3.0,10.0,9.0,1.0,2.0,2.0,2.0,1.0,8.0,2.0,18.0,1.0,5.0,0.0,88.89,52.94,0.0,50.0,20.0,64.41,63.16,45.45,1.2448741640367382,0.1390493371897551,1.0,7.0,0.25077936,1.0,17.0,10.0,0.8871493099999996,258.0,35.0,13.0,2.25,48.0,3.0,0.0,4.75,5.25,0.25,0.0,0.125,0.375,1.25,1.125,0.125,0.25,0.25,0.25,0.125,1.0,0.25,2.25,0.125,0.625,0.0,88.89,52.94,0.0,50.0,20.0,64.41,63.16,45.45,0.1556092705045922,0.0173811671487193,0.125,0.875,0.03134742,0.125,2.125,1.25,0.1108936637499999,32.25,CB,100,65,79,95,86,46,88,81,39,32,84,72,92,94,72,86,69,68,81,79,82,89,62,70,51,72,78,32,62,57,75,59,22,92,62,72,69,82,39,57,29,90,95,88,34,45,70,78,46,70,45,26,32,79,60,90,89,65,69,51,46,71,54,66,81,50,50,51,72,78,32,62,57,75,59,22,90,52,60,60,70,31,25,14,82,80,Ekstraklasa
Wisła Kraków,a226arvd7ujft5jacs8ooc1p7,f0mbf2tcxdp2g1c8l29ece1d6,Frederico Duarte,Frederico Fonseca Pires de Almeida Duarte,27,Midfielder,Portugal,Midfielder,25.0,79.0,4.0,101.0,1.0,0.0,15.0,0.0,363.0,7.0,3.0,0.0,6.0,7.0,4.0,3.0,4.0,11.0,12.0,0.0,1.0,2.0,14.0,5.0,2.0,0.0,87.83,66.67,15.79,45.45,28.57,38.46,33.33,100.0,0.443113271019614,0.550504174377896,2.0,16.0,0.39672046,10.0,8.0,14.0,0.85507389,50.0,6.198347107438017,19.58677685950413,0.9917355371900828,25.041322314049587,0.2479338842975206,0.0,3.71900826446281,0.0,1.7355371900826446,0.7438016528925621,0.0,1.487603305785124,1.7355371900826446,0.9917355371900828,0.7438016528925621,0.9917355371900828,2.7272727272727275,2.975206611570248,0.0,0.2479338842975206,0.4958677685950413,3.471074380165289,1.2396694214876034,0.4958677685950413,0.0,87.83,66.67,15.79,45.45,28.57,38.46,33.33,100.0,0.1098627944676729,0.1364886382755114,0.4958677685950413,3.96694214876033,0.0983604446280991,2.479338842975207,1.983471074380165,3.471074380165289,0.2120017909090909,12.396694214876034,CM/AM,22,41,39,35,12,51,20,3,45,50,32,39,36,39,38,69,69,68,30,24,43,53,59,19,50,91,86,30,35,49,22,34,96,30,41,32,69,59,76,31,41,65,35,32,54,46,41,11,51,35,3,65,57,32,51,51,49,62,86,84,84,30,27,46,59,84,24,50,91,86,30,35,49,22,34,96,32,59,49,86,86,97,38,51,86,46,Ekstraklasa
Wisła Płock,afx3euq4owjdonw2gmsu842nz,1fv3h5xbsw70cyxm4chcojg89,A. Radwański,Adam Radwanski,28,Midfielder,Poland,Midfielder,112.0,188.0,25.0,288.0,3.0,0.0,35.0,13.0,627.0,18.0,12.0,1.0,17.0,9.0,2.0,7.0,4.0,9.0,9.0,0.0,3.0,2.0,2.0,5.0,9.0,0.0,82.05,65.79,29.27,55.56,22.22,50.0,42.86,90.0,0.5708239885931965,1.8800960699066875,5.0,14.0,0.3208024,7.0,44.0,49.0,1.1595814300000002,136.0,16.076555023923444,26.98564593301436,3.588516746411483,41.33971291866029,0.4306220095693779,0.0,5.023923444976076,1.866028708133972,2.583732057416268,1.7224880382775118,0.1435406698564593,2.4401913875598087,1.291866028708134,0.2870813397129186,1.0047846889952152,0.5741626794258373,1.291866028708134,1.291866028708134,0.0,0.4306220095693779,0.2870813397129186,0.2870813397129186,0.7177033492822966,1.291866028708134,0.0,82.05,65.79,29.27,55.56,22.22,50.0,42.86,90.0,0.0819364576928033,0.2698702492689025,0.7177033492822966,2.0095693779904304,0.0460481913875598,1.0047846889952152,6.315789473684211,7.033492822966507,0.166447095215311,19.52153110047847,CM/AM,99,89,100,95,49,51,81,92,96,86,72,86,45,23,88,69,47,47,30,64,43,8,59,86,50,57,78,68,73,27,66,58,89,32,89,69,57,41,61,99,97,84,92,92,81,97,89,32,51,68,86,89,84,65,81,27,19,77,54,35,35,30,62,38,8,41,78,50,57,78,68,73,27,66,58,89,22,84,54,43,30,54,97,92,73,81,Ekstraklasa
Wisła Płock,afx3euq4owjdonw2gmsu842nz,1lr0yxnntc0hxc8dw2zm02iju,Jorge Jiménez,Jorge Jiménez,27,Midfielder,Spain,Midfielder,35.0,50.0,0.0,82.0,3.0,0.0,15.0,0.0,361.0,7.0,3.0,0.0,4.0,5.0,4.0,1.0,1.0,3.0,4.0,0.0,0.0,2.0,12.0,1.0,1.0,0.0,85.42,0.0,50.0,33.33,40.0,57.69,0.0,20.0,0.3346584614200417,0.327917265992269,1.0,7.0,0.1815587599999999,3.0,6.0,4.0,0.8138946299999998,37.0,8.725761772853186,12.465373961218836,0.0,20.44321329639889,0.7479224376731302,0.0,3.739612188365651,0.0,1.745152354570637,0.7479224376731302,0.0,0.997229916897507,1.2465373961218835,0.997229916897507,0.2493074792243767,0.2493074792243767,0.7479224376731302,0.997229916897507,0.0,0.0,0.4986149584487535,2.9916897506925206,0.2493074792243767,0.2493074792243767,0.0,85.42,0.0,50.0,33.33,40.0,57.69,0.0,20.0,0.0834328574177389,0.081752226978682,0.2493074792243767,1.745152354570637,0.0452639567867035,0.7479224376731302,1.4958448753462603,0.997229916897507,0.2029100185595567,9.22437673130194,RM/RCM,53,21,13,34,45,53,26,5,71,58,34,45,39,58,32,39,18,26,32,5,66,45,24,13,53,74,13,89,37,84,82,11,11,37,37,32,39,37,29,39,16,53,39,63,11,13,16,47,53,26,5,74,58,34,37,32,53,32,47,21,32,32,5,68,53,16,11,53,74,13,89,37,84,82,11,11,32,37,32,37,42,21,32,16,68,32,Ekstraklasa
Wisła Płock,afx3euq4owjdonw2gmsu842nz,3u8xi2yflj0fnf3eqz1jm5pzp,P. Kun,Patryk Kun,31,Defender,Poland,Defender,59.0,90.0,3.0,146.0,3.0,0.0,31.0,9.0,583.0,11.0,3.0,0.0,8.0,6.0,5.0,1.0,1.0,10.0,10.0,1.0,4.0,1.0,19.0,2.0,9.0,0.0,80.22,27.27,14.29,20.0,16.67,51.67,50.0,60.0,0.6850045507354988,0.8557777271259249,0.0,14.0,0.3343545,9.0,9.0,17.0,1.12754305,70.0,9.108061749571185,13.893653516295023,0.4631217838765008,22.538593481989707,0.4631217838765008,0.0,4.785591766723842,1.3893653516295026,1.69811320754717,0.4631217838765008,0.0,1.234991423670669,0.9262435677530017,0.7718696397941681,0.1543739279588336,0.1543739279588336,1.5437392795883362,1.5437392795883362,0.1543739279588336,0.6174957118353345,0.1543739279588336,2.9331046312178386,0.3087478559176672,1.3893653516295026,0.0,80.22,27.27,14.29,20.0,16.67,51.67,50.0,60.0,0.105746843166715,0.1321097691961119,0.0,2.1612349914236706,0.0516156174957118,1.3893653516295026,1.3893653516295026,2.624356775300172,0.1740632495711835,10.806174957118351,LM/LCM,75,75,41,75,44,47,62,69,78,66,28,75,41,56,28,28,34,31,59,75,28,69,25,94,53,56,19,25,16,25,69,50,62,50,81,9,62,50,88,56,84,88,75,69,44,38,56,31,47,44,56,62,44,28,56,19,25,19,19,19,19,44,56,25,44,19,88,53,56,19,25,16,25,69,50,62,25,62,9,38,31,81,50,56,62,56,Ekstraklasa
Wisła Płock,afx3euq4owjdonw2gmsu842nz,4e0v2lhh485btimkt7pz5ry1g,Afonso Silva,Afonso Rodrigues e Silva,22,Defender,Portugal,Defender,118.0,93.0,9.0,210.0,16.0,0.0,31.0,19.0,352.0,10.0,1.0,0.0,4.0,9.0,7.0,2.0,4.0,1.0,1.0,0.0,14.0,4.0,10.0,0.0,4.0,0.0,86.42,34.62,50.0,0.0,44.44,65.96,72.73,80.0,0.9493821826744364,0.2581868704394695,1.0,3.0,0.0542347,3.0,22.0,25.0,0.6108085199999996,145.0,30.170454545454547,23.77840909090909,2.301136363636364,53.69318181818182,4.090909090909091,0.0,7.926136363636364,4.857954545454546,2.556818181818182,0.2556818181818182,0.0,1.0227272727272727,2.301136363636364,1.7897727272727273,0.5113636363636364,1.0227272727272727,0.2556818181818182,0.2556818181818182,0.0,3.5795454545454546,1.0227272727272727,2.556818181818182,0.0,1.0227272727272727,0.0,86.42,34.62,50.0,0.0,44.44,65.96,72.73,80.0,0.2427397626156229,0.066013688464637,0.2556818181818182,0.7670454545454546,0.0138668267045454,0.7670454545454546,5.625,6.392045454545455,0.1561726329545453,37.07386363636364,LB/LCB,70,43,52,65,87,50,65,57,83,24,30,48,85,89,59,98,22,22,37,100,91,57,15,46,52,83,43,91,15,74,100,96,87,91,26,48,20,9,39,78,78,39,83,96,91,74,100,96,50,96,91,96,30,30,52,96,96,70,100,17,17,37,100,100,70,15,48,52,83,43,91,15,74,100,96,87,96,35,57,30,17,52,100,87,52,100,Ekstraklasa
Wisła Płock,afx3euq4owjdonw2gmsu842nz,4l461x94ngmi8p5fkiy2f7ill,Ž. Rogelj,Zan Rogelj,26,Midfielder,Slovenia,Midfielder,108.0,117.0,7.0,222.0,4.0,0.0,24.0,14.0,630.0,4.0,3.0,0.0,5.0,8.0,3.0,5.0,2.0,9.0,9.0,1.0,7.0,3.0,17.0,6.0,7.0,0.0,82.53,35.0,18.75,66.67,37.5,61.54,66.67,70.0,0.627917589264897,0.387243950190609,6.0,13.0,0.41761051,6.0,18.0,26.0,0.6960065999999998,103.0,15.428571428571429,16.714285714285715,1.0,31.714285714285715,0.5714285714285714,0.0,3.4285714285714284,2.0,0.5714285714285714,0.4285714285714285,0.0,0.7142857142857143,1.1428571428571428,0.4285714285714285,0.7142857142857143,0.2857142857142857,1.2857142857142858,1.2857142857142858,0.1428571428571428,1.0,0.4285714285714285,2.4285714285714284,0.8571428571428571,1.0,0.0,82.53,35.0,18.75,66.67,37.5,61.54,66.67,70.0,0.0897025127521281,0.0553205643129441,0.8571428571428571,1.8571428571428568,0.0596586442857142,0.8571428571428571,2.571428571428572,3.7142857142857135,0.0994295142857142,14.714285714285714,RB/RCB,62,69,56,73,48,42,50,42,52,63,37,77,96,87,100,94,85,83,96,69,96,96,87,73,52,44,38,46,75,85,73,85,69,88,58,100,71,88,87,62,85,54,60,35,46,37,42,31,42,35,12,27,50,37,42,92,69,100,85,85,77,94,50,92,88,81,42,52,44,38,46,75,85,73,85,69,85,35,100,58,73,67,38,62,31,42,Ekstraklasa
Wisła Płock,afx3euq4owjdonw2gmsu842nz,4vprka7bsj2a4v2g7kz0b6k2c,S. Hamulić,Saïd Hamulic,25,Attacker,Bosnia and Herzegovina,Striker,12.0,18.0,1.0,30.0,14.0,0.0,25.0,5.0,391.0,4.0,0.0,0.0,2.0,20.0,14.0,6.0,4.0,11.0,12.0,1.0,1.0,7.0,27.0,6.0,1.0,0.0,60.0,50.0,0.0,54.55,35.0,49.02,53.85,50.0,2.1521365884283847,0.0,6.0,3.0,0.09418019,1.0,0.0,1.0,0.02703583,6.0,2.762148337595908,4.143222506393863,0.2301790281329923,6.90537084398977,3.222506393861893,0.0,5.754475703324808,1.1508951406649617,0.9207161125319694,0.0,0.0,0.4603580562659847,4.603580562659847,3.222506393861893,1.381074168797954,0.9207161125319694,2.531969309462916,2.762148337595908,0.2301790281329923,0.2301790281329923,1.6112531969309465,6.214833759590793,1.381074168797954,0.2301790281329923,0.0,60.0,50.0,0.0,54.55,35.0,49.02,53.85,50.0,0.4953767083338993,0.0,1.381074168797954,0.690537084398977,0.0216783046035805,0.2301790281329923,0.0,0.2301790281329923,0.0062230810741687,1.381074168797954,ST,21,15,41,12,80,50,62,59,21,29,38,18,83,82,88,74,74,79,48,50,80,59,80,36,52,9,61,29,62,58,82,79,44,79,6,85,36,39,33,9,8,6,6,27,6,42,6,82,50,64,61,24,29,38,15,94,88,88,73,82,85,52,58,97,73,91,42,52,9,61,29,62,58,82,79,44,100,6,88,33,36,36,9,6,3,6,Ekstraklasa
Wisła Płock,afx3euq4owjdonw2gmsu842nz,53y125i13ynopn64v5y9sxgmi,O. Kobacki,Olaf Kobacki,25,Midfielder,Poland,Midfielder,18.0,39.0,0.0,54.0,3.0,0.0,32.0,3.0,340.0,12.0,3.0,0.0,7.0,4.0,3.0,1.0,1.0,11.0,12.0,0.0,2.0,0.0,16.0,4.0,10.0,0.0,66.67,0.0,21.43,36.36,0.0,53.33,42.86,76.92,0.6347416826832564,0.7108216482583949,2.0,10.0,0.38394167,5.0,1.0,8.0,0.4112878999999999,21.0,4.764705882352941,10.323529411764708,0.0,14.294117647058824,0.7941176470588236,0.0,8.470588235294118,0.7941176470588236,3.1764705882352944,0.7941176470588236,0.0,1.8529411764705883,1.0588235294117647,0.7941176470588236,0.2647058823529412,0.2647058823529412,2.911764705882353,3.1764705882352944,0.0,0.5294117647058824,0.0,4.235294117647059,1.0588235294117647,2.647058823529412,0.0,66.67,0.0,21.43,36.36,0.0,53.33,42.86,76.92,0.168019857180862,0.1881586715978104,0.5294117647058824,2.647058823529412,0.1016316185294117,1.3235294117647058,0.2647058823529412,2.117647058823529,0.1088703264705882,5.5588235294117645,LM/LCM,19,12,6,12,44,47,72,25,91,66,28,59,22,31,28,28,47,44,22,31,12,56,41,100,53,6,6,56,28,12,75,31,88,44,50,41,34,62,59,9,28,12,12,31,12,6,19,50,47,100,31,100,81,28,88,25,31,38,44,69,69,22,47,12,69,50,100,53,6,6,56,28,12,75,31,88,56,94,50,44,75,75,6,38,31,19,Ekstraklasa
Wisła Płock,afx3euq4owjdonw2gmsu842nz,56778yiuv1zz1odnro6km2gic,D. Gallapeni,Dion Gallapeni,21,Defender,Kosovo,Defender,68.0,59.0,7.0,122.0,4.0,0.0,36.0,13.0,371.0,7.0,5.0,1.0,5.0,7.0,3.0,4.0,4.0,9.0,9.0,0.0,2.0,1.0,12.0,3.0,14.0,0.0,79.74,53.85,29.41,33.33,14.29,52.17,26.67,63.64,0.5943404508023117,0.6511985820305675,5.0,8.0,0.41120278,1.0,11.0,14.0,0.7274938699999999,60.0,16.495956873315365,14.312668463611862,1.69811320754717,29.5956873315364,0.9703504043126686,0.0,8.733153638814017,3.1536388140161726,1.69811320754717,1.2129380053908356,0.2425876010781671,1.2129380053908356,1.69811320754717,0.7277628032345014,0.9703504043126686,0.9703504043126686,2.183288409703504,2.183288409703504,0.0,0.4851752021563343,0.2425876010781671,2.911051212938005,0.7277628032345014,3.39622641509434,0.0,79.74,53.85,29.41,33.33,14.29,52.17,26.67,63.64,0.1441796241838492,0.1579727018402994,1.2129380053908356,1.9407008086253368,0.0997526959568733,0.2425876010781671,2.6684636118598384,3.39622641509434,0.1764809927223719,14.55525606469003,LB/LCB,33,22,33,26,46,50,83,35,74,72,74,61,72,61,80,98,80,74,37,26,46,70,63,93,52,43,74,61,33,43,43,22,61,70,74,91,59,87,13,28,13,48,30,61,22,43,35,48,50,100,43,87,78,83,61,87,70,96,96,96,96,37,26,52,83,78,100,52,43,74,61,33,43,43,22,61,78,78,100,74,96,17,43,43,61,30,Ekstraklasa
Wisła Płock,afx3euq4owjdonw2gmsu842nz,7xrmotwktdg8s6zvc0i7zr2l1,M. Haglind-Sangré,Marcus Haglind-Sangré,31,Defender,Sweden,Defender,185.0,120.0,7.0,305.0,14.0,1.0,32.0,28.0,630.0,6.0,0.0,0.0,4.0,7.0,6.0,1.0,1.0,2.0,2.0,1.0,3.0,5.0,12.0,2.0,8.0,0.0,87.14,33.33,0.0,100.0,71.43,54.24,48.28,80.0,0.8968125071475859,0.2283814303089322,0.0,6.0,0.14006995,5.0,20.0,24.0,0.4421034199999998,177.0,26.428571428571427,17.142857142857142,1.0,43.57142857142857,2.0,0.1428571428571428,4.571428571428571,4.0,0.8571428571428571,0.0,0.0,0.5714285714285714,1.0,0.8571428571428571,0.1428571428571428,0.1428571428571428,0.2857142857142857,0.2857142857142857,0.1428571428571428,0.4285714285714285,0.7142857142857143,1.7142857142857142,0.2857142857142857,1.1428571428571428,0.0,87.14,33.33,0.0,100.0,71.43,54.24,48.28,80.0,0.1281160724496551,0.0326259186155617,0.0,0.8571428571428571,0.0200099928571428,0.7142857142857143,2.857142857142857,3.4285714285714284,0.0631576314285714,25.285714285714285,RB/RCB,88,73,56,88,92,92,73,85,71,19,37,52,90,92,63,79,42,42,96,23,100,85,67,81,52,65,31,19,92,100,46,54,88,96,27,29,50,50,69,69,77,27,85,81,50,37,73,85,88,54,69,58,19,37,27,88,88,54,73,35,35,94,12,100,73,50,50,52,65,31,19,92,100,46,54,88,92,15,29,42,42,54,50,54,12,77,Ekstraklasa
Wisła Płock,afx3euq4owjdonw2gmsu842nz,9j8yribyxcxpl9hy7by5z5cd1,Ł. Sekulski,Lukasz Sekulski,35,Attacker,Poland,Striker,10.0,12.0,2.0,22.0,8.0,0.0,18.0,5.0,230.0,6.0,0.0,0.0,2.0,8.0,7.0,1.0,3.0,1.0,1.0,0.0,0.0,2.0,20.0,1.0,3.0,0.0,52.38,66.67,0.0,100.0,25.0,52.94,40.0,100.0,1.0050693453149846,0.0,1.0,0.0,0.0,0.0,1.0,1.0,0.02779798,8.0,3.91304347826087,4.695652173913044,0.782608695652174,8.608695652173914,3.130434782608696,0.0,7.043478260869565,1.956521739130435,2.347826086956522,0.0,0.0,0.782608695652174,3.130434782608696,2.739130434782609,0.391304347826087,1.173913043478261,0.391304347826087,0.391304347826087,0.0,0.0,0.782608695652174,7.82608695652174,0.391304347826087,1.173913043478261,0.0,52.38,66.67,0.0,100.0,25.0,52.94,40.0,100.0,0.3932880046884722,0.0,0.391304347826087,0.0,0.0,0.0,0.391304347826087,0.391304347826087,0.0108774704347826,3.130434782608696,ST,8,3,59,6,50,50,38,59,52,29,38,18,17,23,29,47,8,6,17,20,20,30,26,80,52,3,76,29,94,30,88,42,89,24,6,23,3,3,9,20,8,9,12,48,9,91,24,79,50,94,88,88,29,38,36,61,70,42,97,12,12,17,20,39,100,36,100,52,3,76,29,94,30,88,42,89,76,6,45,3,3,9,24,9,9,27,Ekstraklasa
Wisła Płock,afx3euq4owjdonw2gmsu842nz,bjjll8tgbxink1ly3gmw5w4ph,M. Kamiński,Marcin Kaminski,34,Defender,Poland,Defender,219.0,96.0,7.0,315.0,14.0,0.0,21.0,34.0,630.0,1.0,0.0,0.0,2.0,3.0,3.0,0.0,1.0,1.0,1.0,0.0,5.0,1.0,8.0,1.0,0.0,0.0,90.0,43.75,0.0,100.0,33.33,53.85,50.0,0.0,0.4211331245121356,0.0817223279250813,0.0,4.0,0.07303394,0.0,12.0,13.0,0.3957576999999999,204.0,31.285714285714285,13.714285714285714,1.0,45.0,2.0,0.0,3.0,4.857142857142857,0.1428571428571428,0.0,0.0,0.2857142857142857,0.4285714285714285,0.4285714285714285,0.0,0.1428571428571428,0.1428571428571428,0.1428571428571428,0.0,0.7142857142857143,0.1428571428571428,1.1428571428571428,0.1428571428571428,0.0,0.0,90.0,43.75,0.0,100.0,33.33,53.85,50.0,0.0,0.060161874930305,0.0116746182750116,0.0,0.5714285714285714,0.01043342,0.0,1.7142857142857142,1.8571428571428568,0.0565368142857142,29.142857142857142,CB,80,60,31,80,60,46,49,60,21,32,38,56,52,59,32,64,45,41,35,50,57,60,62,4,51,78,60,32,89,74,38,36,4,62,42,30,42,32,15,42,41,50,78,65,45,20,61,46,46,24,40,18,32,38,45,42,50,32,56,35,30,35,30,50,48,52,4,51,78,60,32,89,74,38,36,4,50,32,30,30,28,15,18,22,20,70,Ekstraklasa
Wisła Płock,afx3euq4owjdonw2gmsu842nz,dlokww3j6hg5294om0fg057f9,M. Flis,Marcin Flis,32,Defender,Poland,Defender,32.0,25.0,6.0,57.0,6.0,0.0,11.0,11.0,225.0,3.0,0.0,0.0,2.0,6.0,6.0,0.0,0.0,0.0,0.0,1.0,2.0,2.0,9.0,0.0,2.0,0.0,71.25,33.33,0.0,0.0,33.33,52.38,46.15,100.0,0.6919448081649309,0.2199716619157503,0.0,0.0,0.0,0.0,5.0,8.0,0.1196491,39.0,12.8,10.0,2.4,22.8,2.4,0.0,4.4,4.4,1.2,0.0,0.0,0.8,2.4,2.4,0.0,0.0,0.0,0.0,0.4,0.8,0.8,3.6,0.0,0.8,0.0,71.25,33.33,0.0,0.0,33.33,52.38,46.15,100.0,0.2767779232659723,0.0879886647663001,0.0,0.0,0.0,0.0,2.0,3.2,0.0478596399999999,15.6,LB/LCB,4,4,22,4,65,50,11,24,41,11,30,13,59,80,20,15,9,9,87,26,65,52,15,15,52,4,33,11,15,59,48,52,98,78,22,20,4,4,4,4,4,4,4,30,4,78,4,74,50,52,74,74,11,30,39,100,100,20,15,9,9,100,57,96,100,15,39,52,4,33,11,15,59,48,52,98,100,48,20,4,4,4,22,39,9,39,Ekstraklasa
Wisła Płock,afx3euq4owjdonw2gmsu842nz,kf64kva23jsbokj9h97o7qad,Dani Pacheco,Daniel Pacheco Lobato,35,Midfielder,Spain,Midfielder,44.0,63.0,15.0,102.0,0.0,0.0,6.0,4.0,232.0,3.0,5.0,1.0,5.0,2.0,0.0,2.0,1.0,4.0,4.0,0.0,4.0,0.0,0.0,2.0,0.0,0.0,86.44,65.22,33.33,50.0,0.0,35.29,0.0,0.0,0.0967957745024978,0.5316657191358894,2.0,4.0,0.07864379,0.0,11.0,13.0,0.4423394199999998,54.0,17.068965517241377,24.43965517241379,5.818965517241379,39.568965517241374,0.0,0.0,2.327586206896552,1.5517241379310345,1.1637931034482758,1.939655172413793,0.3879310344827586,1.939655172413793,0.7758620689655172,0.0,0.7758620689655172,0.3879310344827586,1.5517241379310345,1.5517241379310345,0.0,1.5517241379310345,0.0,0.0,0.7758620689655172,0.0,0.0,86.44,65.22,33.33,50.0,0.0,35.29,0.0,0.0,0.0375500849363137,0.2062496324234053,0.7758620689655172,1.5517241379310345,0.0305083668103448,0.0,4.267241379310344,5.043103448275862,0.1715971887931033,20.948275862068964,DM/CM,18,18,86,18,6,50,9,11,26,91,89,70,14,18,33,59,62,59,44,36,17,5,59,3,52,64,79,59,56,17,9,8,3,6,79,55,15,15,5,17,26,36,24,64,73,100,64,6,50,9,24,58,100,100,94,33,18,58,73,88,88,44,85,17,5,79,3,52,64,79,59,56,17,9,8,3,21,97,76,18,18,5,48,76,79,48,Ekstraklasa
