Team,contestantId,playerId,Short Name,Player Name,Age,Position_x,Nationality,Position_y,total accurate back zone pass_Total,total accurate fwd zone pass_Total,total accurate long balls_Total,total accurate pass_Total,total aerial won_Total,total att assist_Total,total attempt_Total,total attempts ibox_Total,total attempts obox_Total,total blocked scoring att_Total,total contest_Total,total dribbles attempted_Total,total duels won_Total,total effective clearance_Total,total goals_Total,total mins played,total ontarget attempt_Total,total touches in opposition box_Total,total was fouled_Total,total won tackle_Total,total assists_Total,total interception_Total,total accurate cross_Total,total won contest_Total,total big chances saved_Total,pass_success_pct_Total,long_balls_success_pct_Total,cross_success_pct_Total,dribble_success_pct_Total,attempt_success_pct_Total,duel_success_pct_Total,aerial_success_pct_Total,tackle_success_pct_Total,xG_Total,xA_Total,CreatedOwnShot_Total,Total Carries_Total,Total Carry xT_Total,Total Final Third Carries_Total,passes_into_final_third_Total,progressive_passes_Total,xT_pass_Total,forward_passes_Total,total accurate back zone pass_p90,total accurate fwd zone pass_p90,total accurate long balls_p90,total accurate pass_p90,total aerial won_p90,total att assist_p90,total attempt_p90,total attempts ibox_p90,total attempts obox_p90,total blocked scoring att_p90,total contest_p90,total dribbles attempted_p90,total duels won_p90,total effective clearance_p90,total goals_p90,total ontarget attempt_p90,total touches in opposition box_p90,total was fouled_p90,total won tackle_p90,total assists_p90,total interception_p90,total accurate cross_p90,total won contest_p90,total big chances saved_p90,pass_success_pct_p90,long_balls_success_pct_p90,cross_success_pct_p90,dribble_success_pct_p90,attempt_success_pct_p90,duel_success_pct_p90,aerial_success_pct_p90,tackle_success_pct_p90,xG_p90,xA_p90,CreatedOwnShot_p90,Total Carries_p90,Total Carry xT_p90,Total Final Third Carries_p90,passes_into_final_third_p90,progressive_passes_p90,xT_pass_p90,forward_passes_p90,Pos.,total accurate back zone pass_TotalPR,total accurate fwd zone pass_TotalPR,total accurate long balls_TotalPR,total accurate pass_TotalPR,total aerial won_TotalPR,total att assist_TotalPR,total attempt_TotalPR,total attempts ibox_TotalPR,total attempts obox_TotalPR,total blocked scoring att_TotalPR,total contest_TotalPR,total dribbles attempted_TotalPR,total duels won_TotalPR,total effective clearance_TotalPR,total goals_TotalPR,total ontarget attempt_TotalPR,total touches in opposition box_TotalPR,total was fouled_TotalPR,total won tackle_TotalPR,total assists_TotalPR,total interception_TotalPR,total accurate cross_TotalPR,total won contest_TotalPR,total big chances saved_TotalPR,pass_success_pct_TotalPR,long_balls_success_pct_TotalPR,cross_success_pct_TotalPR,dribble_success_pct_TotalPR,attempt_success_pct_TotalPR,duel_success_pct_TotalPR,aerial_success_pct_TotalPR,tackle_success_pct_TotalPR,xG_TotalPR,xA_TotalPR,CreatedOwnShot_TotalPR,Total Carries_TotalPR,Total Carry xT_TotalPR,Total Final Third Carries_TotalPR,passes_into_final_third_TotalPR,progressive_passes_TotalPR,xT_pass_TotalPR,forward_passes_TotalPR,total accurate back zone pass_p90PR,total accurate fwd zone pass_p90PR,total accurate long balls_p90PR,total accurate pass_p90PR,total aerial won_p90PR,total att assist_p90PR,total attempt_p90PR,total attempts ibox_p90PR,total attempts obox_p90PR,total blocked scoring att_p90PR,total contest_p90PR,total dribbles attempted_p90PR,total duels won_p90PR,total effective clearance_p90PR,total goals_p90PR,total ontarget attempt_p90PR,total touches in opposition box_p90PR,total was fouled_p90PR,total won tackle_p90PR,total assists_p90PR,total interception_p90PR,total accurate cross_p90PR,total won contest_p90PR,total big chances saved_p90PR,pass_success_pct_p90PR,long_balls_success_pct_p90PR,cross_success_pct_p90PR,dribble_success_pct_p90PR,attempt_success_pct_p90PR,duel_success_pct_p90PR,aerial_success_pct_p90PR,tackle_success_pct_p90PR,xG_p90PR,xA_p90PR,CreatedOwnShot_p90PR,Total Carries_p90PR,Total Carry xT_p90PR,Total Final Third Carries_p90PR,passes_into_final_third_p90PR,progressive_passes_p90PR,xT_pass_p90PR,forward_passes_p90PR,League
Aberdeen,841zp0njrq63yv4fvw6lgf60q,4bu2v4f3cdx0hxdxo23q1aoa2,N. Guinness-Walker,Nesta Guinness-Walker,27.0,Defender,England,Defender,58.0,67.0,8.0,120.0,7.0,3.0,2.0,0.0,2.0,0.0,16.0,16.0,36.0,18.0,0.0,427.0,1.0,2.0,10.0,5.0,0.0,7.0,5.0,9.0,0.0,77.42,42.11,26.32,56.25,50.0,64.29,53.85,50.0,0.0765599785519563,0.3537329493302993,2.0,9.0,0.20098777,1.0,14.0,19.0,1.29452945,58.0,12.224824355971895,14.121779859484777,1.6861826697892273,25.292740046838407,1.475409836065574,0.6323185011709602,0.4215456674473068,0.0,0.4215456674473068,0.0,3.3723653395784545,3.3723653395784545,7.587822014051522,3.793911007025761,0.0,0.2107728337236534,0.4215456674473068,2.107728337236534,1.053864168618267,0.0,1.475409836065574,1.053864168618267,1.8969555035128804,0.0,77.42,42.11,26.32,56.25,50.0,64.29,53.85,50.0,0.0161367636292179,0.0745572961117726,0.4215456674473068,1.8969555035128804,0.0423627618266978,0.2107728337236534,2.950819672131148,4.004683840749414,0.2728516405152225,12.224824355971895,LB/LCB,17,50,75,17,62,46,46,25,92,33,100,100,100,58,46,71,33,100,83,42,83,62,100,54,33,83,62,67,88,83,42,42,42,50,88,83,83,25,67,75,92,25,17,42,42,25,33,42,50,25,92,33,100,100,100,42,46,83,33,100,75,42,83,58,100,54,33,83,62,67,88,83,42,42,42,42,83,67,67,25,58,67,83,17,Premiership
Aberdeen,841zp0njrq63yv4fvw6lgf60q,4w3ipvncxgip8rxi2sf0l971l,K. Nisbet,Kevin Nisbet,29.0,Attacker,Scotland,Striker,11.0,20.0,0.0,31.0,7.0,2.0,9.0,6.0,3.0,4.0,4.0,4.0,13.0,7.0,1.0,360.0,2.0,16.0,4.0,0.0,1.0,0.0,0.0,2.0,0.0,62.0,0.0,0.0,50.0,22.22,38.24,35.0,0.0,0.8876039432923649,0.0380243252275875,1.0,1.0,0.10805102,0.0,3.0,6.0,0.1650638699999999,17.0,2.75,5.0,0.0,7.75,1.75,0.5,2.25,1.5,0.75,1.0,1.0,1.0,3.25,1.75,0.25,0.5,4.0,1.0,0.0,0.25,0.0,0.0,0.5,0.0,62.0,0.0,0.0,50.0,22.22,38.24,35.0,0.0,0.2219009858230912,0.0095060813068968,0.25,0.25,0.027012755,0.0,0.75,1.5,0.0412659674999999,4.25,ST,21,18,18,14,73,21,39,45,70,73,36,34,30,88,54,34,48,38,16,77,27,27,43,50,7,18,27,64,25,43,54,16,50,4,43,9,34,12,43,61,36,57,21,7,18,7,64,14,36,29,64,61,25,25,21,79,39,25,43,23,16,71,27,27,46,50,7,18,27,64,25,43,54,16,32,4,39,4,25,12,36,54,25,39,Premiership
Aberdeen,841zp0njrq63yv4fvw6lgf60q,77flvpigla5xf7spyu6trwo2x,D. Happe,Dan Happe,27.0,Defender,England,Defender,126.0,54.0,15.0,180.0,19.0,1.0,6.0,6.0,0.0,1.0,0.0,0.0,25.0,36.0,0.0,360.0,2.0,12.0,2.0,2.0,0.0,4.0,0.0,0.0,0.0,84.51,46.88,0.0,0.0,33.33,73.53,86.36,50.0,0.7066236463952368,0.0417157340525691,0.0,0.0,0.0,0.0,12.0,11.0,0.3424372299999999,118.0,31.5,13.5,3.75,45.0,4.75,0.25,1.5,1.5,0.0,0.25,0.0,0.0,6.25,9.0,0.0,0.5,3.0,0.5,0.5,0.0,1.0,0.0,0.0,0.0,84.51,46.88,0.0,0.0,33.33,73.53,86.36,50.0,0.1766559115988092,0.0104289335131422,0.0,0.0,0.0,0.0,3.0,2.75,0.0856093074999999,29.5,CB,27,41,75,23,73,39,91,91,39,73,20,18,73,68,41,86,91,43,32,48,45,45,23,45,45,73,45,23,73,91,100,27,91,32,39,7,7,18,34,36,36,32,36,36,86,32,77,45,100,100,39,75,20,18,68,86,41,91,100,45,34,48,50,45,23,45,45,73,45,23,73,91,100,27,100,36,39,7,7,18,50,36,32,36,Premiership
Aberdeen,841zp0njrq63yv4fvw6lgf60q,8a3sqpvhe5l3dcez6r4vvbjhm,A. Aremu,Afeez Aremu,26.0,Midfielder,Nigeria,Midfielder,74.0,73.0,9.0,147.0,2.0,1.0,1.0,0.0,1.0,0.0,4.0,4.0,23.0,5.0,0.0,343.0,0.0,0.0,6.0,8.0,0.0,6.0,0.0,2.0,0.0,83.52,64.29,0.0,50.0,0.0,51.11,28.57,61.54,0.0452763982208466,0.0488156519971067,1.0,5.0,0.10343615,3.0,19.0,21.0,0.3828852900000001,69.0,19.41690962099125,19.15451895043732,2.361516034985423,38.57142857142858,0.5247813411078718,0.2623906705539359,0.2623906705539359,0.0,0.2623906705539359,0.0,1.0495626822157436,1.0495626822157436,6.034985422740525,1.3119533527696794,0.0,0.0,0.0,1.5743440233236152,2.099125364431487,0.0,1.5743440233236152,0.0,0.5247813411078718,0.0,83.52,64.29,0.0,50.0,0.0,51.11,28.57,61.54,0.0118801044894349,0.0128087716610484,0.2623906705539359,1.3119533527696794,0.0271406807580174,0.7871720116618076,4.985422740524782,5.510204081632653,0.1004655279883382,18.10495626822157,DM/CM,46,48,65,42,17,6,10,17,27,15,35,29,58,42,42,25,8,65,69,48,62,29,56,52,42,88,29,69,25,54,19,33,8,4,42,42,33,52,58,71,33,42,46,42,62,46,17,8,12,17,25,15,46,33,71,46,42,25,8,67,71,48,79,29,58,52,42,88,29,69,25,54,19,33,8,4,38,54,46,62,67,88,50,42,Premiership
Aberdeen,841zp0njrq63yv4fvw6lgf60q,99h9xs07yghgz8erbeysxdec,T. Yogane,Tony Yogane,20.0,Attacker,England,Striker,6.0,16.0,0.0,22.0,3.0,0.0,3.0,1.0,2.0,2.0,7.0,8.0,18.0,0.0,0.0,208.0,0.0,1.0,7.0,2.0,0.0,4.0,0.0,5.0,0.0,70.97,0.0,0.0,71.43,0.0,64.29,37.5,66.67,0.1687215389838727,0.0,2.0,3.0,0.08671031,4.0,1.0,2.0,0.041926,5.0,2.5961538461538463,6.923076923076923,0.0,9.51923076923077,1.2980769230769231,0.0,1.2980769230769231,0.4326923076923077,0.8653846153846154,0.8653846153846154,3.028846153846154,3.4615384615384617,7.788461538461539,0.0,0.0,0.0,0.4326923076923077,3.028846153846154,0.8653846153846154,0.0,1.7307692307692308,0.0,2.1634615384615388,0.0,70.97,0.0,0.0,71.43,0.0,64.29,37.5,66.67,0.0730045120603295,0.0,0.8653846153846154,1.2980769230769231,0.0375188841346153,1.7307692307692308,0.4326923076923077,0.8653846153846154,0.0181410576923076,2.1634615384615388,LM/LCM,25,25,25,25,50,25,38,25,50,50,25,25,25,25,50,38,25,88,25,50,75,38,50,62,25,25,38,100,38,75,50,75,50,25,50,25,25,75,25,25,25,25,25,25,25,25,100,25,50,50,75,75,75,75,75,25,50,38,25,100,25,50,75,38,75,62,25,25,38,100,38,75,50,75,50,25,75,50,50,100,25,25,25,25,Premiership
Aberdeen,841zp0njrq63yv4fvw6lgf60q,9coe01drgpmlz3ee9qfond815,L. Mayo,Lewis Mayo,26.0,Defender,Scotland,Defender,121.0,48.0,9.0,169.0,13.0,0.0,3.0,3.0,0.0,0.0,0.0,0.0,18.0,43.0,1.0,424.0,2.0,4.0,1.0,2.0,0.0,5.0,0.0,0.0,0.0,84.08,36.0,0.0,0.0,66.67,64.29,81.25,50.0,0.4686685365170094,0.0,0.0,1.0,0.01685596,0.0,13.0,11.0,0.30285397,105.0,25.683962264150946,10.18867924528302,1.910377358490566,35.87264150943396,2.759433962264151,0.0,0.6367924528301887,0.6367924528301887,0.0,0.0,0.0,0.0,3.820754716981132,9.127358490566037,0.2122641509433962,0.4245283018867924,0.8490566037735848,0.2122641509433962,0.4245283018867924,0.0,1.0613207547169812,0.0,0.0,0.0,84.08,36.0,0.0,0.0,66.67,64.29,81.25,50.0,0.099481528977667,0.0,0.0,0.2122641509433962,0.0035779160377358,0.0,2.759433962264151,2.3349056603773586,0.0642850408018867,22.2877358490566,CB,20,27,25,18,52,14,61,73,39,30,20,18,34,80,91,86,45,20,32,48,64,45,23,45,36,23,45,23,93,45,82,27,77,16,39,25,14,18,48,36,27,18,9,14,23,14,41,14,59,68,39,30,20,18,27,91,95,86,41,23,27,48,64,45,23,45,36,23,45,23,93,45,82,27,77,16,39,32,23,18,45,23,18,18,Premiership
Aberdeen,841zp0njrq63yv4fvw6lgf60q,axnmil0bg1giwhoa31tks7ljp,S. Armstrong,Stuart Armstrong,34.0,Midfielder,Scotland,Midfielder,90.0,122.0,11.0,204.0,1.0,10.0,3.0,0.0,3.0,0.0,7.0,7.0,14.0,5.0,0.0,332.0,1.0,8.0,5.0,3.0,0.0,2.0,8.0,1.0,0.0,87.55,52.38,29.63,14.29,33.33,43.75,25.0,42.86,0.1899048478207144,1.1162247145599096,2.0,10.0,0.2412537799999999,9.0,28.0,31.0,0.8386320900000002,123.0,24.397590361445783,33.0722891566265,2.9819277108433733,55.3012048192771,0.2710843373493976,2.710843373493976,0.8132530120481927,0.0,0.8132530120481927,0.0,1.897590361445783,1.897590361445783,3.795180722891566,1.355421686746988,0.0,0.2710843373493976,2.1686746987951806,1.355421686746988,0.8132530120481927,0.0,0.5421686746987951,2.1686746987951806,0.2710843373493976,0.0,87.55,52.38,29.63,14.29,33.33,43.75,25.0,42.86,0.0514802298309165,0.3025910370794935,0.5421686746987951,2.710843373493976,0.0654001210843373,2.439759036144578,7.590361445783132,8.403614457831324,0.2273400243975903,33.3433734939759,CM/AM,100,90,90,100,25,95,30,20,75,25,65,60,40,70,30,40,70,65,75,35,50,90,30,55,90,70,90,20,55,40,35,50,20,100,65,90,90,100,100,100,100,100,100,90,80,100,30,90,20,20,70,25,50,50,30,70,30,30,50,50,70,35,40,100,20,55,90,70,90,20,55,40,35,50,20,100,70,90,90,100,90,100,90,100,Premiership
Aberdeen,841zp0njrq63yv4fvw6lgf60q,cs5ejx87ge8am8ir8w0lj4wk5,C. Cadden,Chris Cadden,29.0,Defender,Scotland,Defender,61.0,61.0,4.0,121.0,5.0,0.0,6.0,4.0,2.0,3.0,5.0,7.0,17.0,18.0,0.0,433.0,1.0,12.0,2.0,6.0,0.0,3.0,1.0,0.0,0.0,72.46,33.33,5.26,0.0,16.67,43.59,41.67,60.0,0.5255329058930118,0.0,4.0,4.0,0.07864151,0.0,8.0,9.0,0.38638506,52.0,12.678983833718243,12.678983833718243,0.8314087759815243,25.150115473441108,1.039260969976905,0.0,1.2471131639722863,0.8314087759815243,0.4157043879907621,0.6235565819861432,1.039260969976905,1.4549653579676676,3.533487297921478,3.741339491916859,0.0,0.207852193995381,2.4942263279445727,0.4157043879907621,1.2471131639722863,0.0,0.6235565819861432,0.207852193995381,0.0,0.0,72.46,33.33,5.26,0.0,16.67,43.59,41.67,60.0,0.1092331675066306,0.0,0.8314087759815243,0.8314087759815243,0.0163458103926097,0.0,1.6628175519630486,1.8706697459584296,0.0803109824480369,10.808314087759817,RB/RCB,62,42,23,54,50,8,92,92,81,92,65,73,35,77,54,85,96,23,65,46,27,35,12,38,15,27,31,12,85,15,23,54,92,8,100,35,23,12,19,27,46,54,46,23,23,31,46,8,92,92,69,85,54,69,15,69,54,77,100,23,54,46,15,38,12,38,15,27,31,12,85,15,23,54,92,8,100,23,23,12,8,23,38,38,Premiership
Aberdeen,841zp0njrq63yv4fvw6lgf60q,eosd8dmfqtaol3dnkypyswn3d,T. Olusanya,Toyosi Olusanya,28.0,Attacker,England,Striker,5.0,32.0,0.0,35.0,3.0,5.0,1.0,1.0,0.0,0.0,4.0,4.0,17.0,1.0,0.0,357.0,0.0,13.0,8.0,5.0,0.0,0.0,2.0,1.0,0.0,76.09,0.0,66.67,25.0,0.0,32.69,23.08,100.0,0.134201474027886,0.4448855056697363,0.0,5.0,0.15913623,3.0,0.0,2.0,0.20036499,9.0,1.2605042016806722,8.067226890756302,0.0,8.823529411764705,0.7563025210084033,1.2605042016806722,0.2521008403361344,0.2521008403361344,0.0,0.0,1.0084033613445378,1.0084033613445378,4.285714285714286,0.2521008403361344,0.0,0.0,3.277310924369748,2.016806722689076,1.2605042016806722,0.0,0.0,0.5042016806722689,0.2521008403361344,0.0,76.09,0.0,66.67,25.0,0.0,32.69,23.08,100.0,0.0338323043767779,0.1121560098327066,0.0,1.2605042016806722,0.0401183773109243,0.7563025210084033,0.0,0.5042016806722689,0.0505121823529411,2.26890756302521,ST,4,48,18,30,41,52,4,4,12,11,36,34,48,20,18,4,36,86,93,32,27,66,21,50,71,18,95,23,4,25,29,95,4,64,18,57,57,70,9,16,43,16,4,36,18,11,36,46,4,4,12,11,29,29,39,18,18,4,25,82,86,32,27,68,21,50,71,18,95,23,4,25,29,95,4,54,18,46,50,68,9,14,36,11,Premiership
Celtic,dvnjvad3p09dugr79gktlrtll,2r893xoeuqhgoe2w2auhqb696,K. Høgh,Kasper Høgh,25.0,Attacker,Denmark,Striker,18.0,16.0,2.0,34.0,9.0,5.0,14.0,14.0,0.0,2.0,1.0,1.0,14.0,3.0,3.0,258.0,6.0,27.0,3.0,0.0,0.0,1.0,0.0,1.0,0.0,64.15,66.67,0.0,100.0,42.86,45.16,56.25,0.0,1.7722646282897048,0.4114844140142476,0.0,1.0,0.10805102,1.0,2.0,0.0,0.03650297,10.0,6.27906976744186,5.5813953488372094,0.6976744186046512,11.86046511627907,3.13953488372093,1.744186046511628,4.883720930232558,4.883720930232558,0.0,0.6976744186046512,0.3488372093023256,0.3488372093023256,4.883720930232558,1.0465116279069768,1.0465116279069768,2.0930232558139537,9.418604651162791,1.0465116279069768,0.0,0.0,0.3488372093023256,0.0,0.3488372093023256,0.0,64.15,66.67,0.0,100.0,42.86,45.16,56.25,0.0,0.618231847077804,0.1435410746561329,0.0,0.3488372093023256,0.0376922162790697,0.3488372093023256,0.6976744186046512,0.0,0.0127335941860465,3.488372093023256,ST,52,11,55,23,82,52,84,93,12,38,5,5,36,54,93,88,86,25,16,32,62,27,21,50,18,88,27,100,79,64,96,16,79,54,18,9,34,34,34,4,7,21,64,18,57,39,93,68,93,100,12,39,4,4,57,68,100,96,93,32,16,32,64,27,25,50,18,88,27,100,79,64,96,16,96,64,18,11,46,43,32,4,7,29,Premiership
Celtic,dvnjvad3p09dugr79gktlrtll,3bvr4z5z4cyb8fadfwtgxrx0p,A. Trusty,Auston Trusty,28.0,Defender,USA,Defender,271.0,163.0,13.0,434.0,17.0,1.0,1.0,1.0,0.0,0.0,0.0,1.0,20.0,24.0,0.0,470.0,0.0,2.0,0.0,2.0,0.0,3.0,0.0,0.0,2.0,94.14,56.52,0.0,0.0,0.0,52.63,68.0,66.67,0.1574396175274313,0.0,0.0,6.0,0.12654713,5.0,39.0,39.0,0.6750405799999999,279.0,51.8936170212766,31.21276595744681,2.48936170212766,83.1063829787234,3.25531914893617,0.1914893617021276,0.1914893617021276,0.1914893617021276,0.0,0.0,0.0,0.1914893617021276,3.829787234042553,4.595744680851063,0.0,0.0,0.3829787234042553,0.0,0.3829787234042553,0.0,0.5744680851063829,0.0,0.0,0.3829787234042553,94.14,56.52,0.0,0.0,0.0,52.63,68.0,66.67,0.0301480118669549,0.0,0.0,1.1489361702127658,0.0242324291489361,0.9574468085106382,7.468085106382978,7.468085106382978,0.129263089787234,53.42553191489362,CB,95,100,59,100,68,39,30,34,39,30,20,52,48,41,41,25,27,7,32,48,25,45,23,100,100,100,45,23,25,9,36,55,45,16,39,84,82,100,100,100,82,100,77,95,45,100,55,32,23,27,39,30,20,45,32,23,41,25,23,7,14,48,14,45,23,100,100,100,45,23,25,9,36,55,32,16,39,73,73,95,100,95,77,91,Premiership
Celtic,dvnjvad3p09dugr79gktlrtll,5uqf7a0y0fd1hf2rrmgx11tuy,B. Nygren,Benjamin Nygren,25.0,Attacker,Sweden,Striker,52.0,139.0,5.0,187.0,3.0,21.0,17.0,14.0,3.0,5.0,6.0,6.0,18.0,2.0,3.0,423.0,7.0,25.0,6.0,4.0,3.0,2.0,4.0,4.0,0.0,87.38,62.5,33.33,66.67,41.18,46.15,37.5,66.67,2.007961716546342,1.704354166669651,3.0,22.0,0.62686905,11.0,21.0,26.0,0.8471077799999998,90.0,11.063829787234042,29.574468085106385,1.0638297872340423,39.78723404255319,0.6382978723404255,4.468085106382978,3.617021276595744,2.978723404255319,0.6382978723404255,1.0638297872340423,1.276595744680851,1.276595744680851,3.829787234042553,0.425531914893617,0.6382978723404255,1.4893617021276595,5.319148936170213,1.276595744680851,0.851063829787234,0.6382978723404255,0.425531914893617,0.851063829787234,0.851063829787234,0.0,87.38,62.5,33.33,66.67,41.18,46.15,37.5,66.67,0.4272258971375196,0.3626285460999257,0.6382978723404255,4.680851063829787,0.1333763936170212,2.3404255319148937,4.468085106382978,5.531914893617021,0.1802356978723403,19.148936170212764,ST,100,100,98,100,41,100,93,93,70,84,52,46,61,36,93,98,80,62,80,100,82,84,77,50,93,82,84,77,75,75,61,77,93,100,66,100,96,100,100,100,93,100,100,100,89,100,21,100,71,82,57,68,46,43,36,32,82,82,61,46,68,100,79,71,64,50,93,82,84,77,75,75,61,77,79,96,57,100,96,100,100,100,93,100,Premiership
Celtic,dvnjvad3p09dugr79gktlrtll,7kyxr0ntcthtbohvozw93v52i,Haissem Hassan,Haissem Yousry Fouad Hassan,24.0,Attacker,Egypt,Striker,26.0,71.0,9.0,92.0,3.0,6.0,10.0,7.0,3.0,0.0,18.0,20.0,17.0,2.0,0.0,284.0,5.0,21.0,4.0,0.0,1.0,1.0,5.0,9.0,0.0,78.63,75.0,15.62,50.0,50.0,48.57,75.0,0.0,0.743527490407851,0.7518489657278584,5.0,35.0,1.0567475499999996,3.0,5.0,16.0,1.0873083300000002,24.0,8.23943661971831,22.5,2.852112676056338,29.154929577464788,0.9507042253521129,1.9014084507042253,3.1690140845070425,2.218309859154929,0.9507042253521129,0.0,5.704225352112676,6.338028169014085,5.387323943661972,0.6338028169014085,0.0,1.5845070422535212,6.654929577464789,1.267605633802817,0.0,0.3169014084507042,0.3169014084507042,1.5845070422535212,2.852112676056338,0.0,78.63,75.0,15.62,50.0,50.0,48.57,75.0,0.0,0.2356249089320654,0.2382619961813636,1.5845070422535212,11.091549295774648,0.3348847869718309,0.9507042253521129,1.5845070422535212,5.070422535211268,0.3445695411971831,7.605633802816902,RW,50,83,100,83,83,58,33,33,67,17,83,83,58,83,25,67,50,33,25,42,58,100,83,58,17,83,50,67,92,100,92,25,33,100,42,100,100,42,58,83,100,33,50,83,83,67,83,67,33,33,83,17,83,83,67,83,25,83,67,50,25,50,67,100,83,58,17,83,50,67,92,100,92,25,33,100,33,100,100,50,67,100,100,50,Premiership
Celtic,dvnjvad3p09dugr79gktlrtll,8byxqwq7ktyxn5rfbj4p0m0o9,L. Scales,Liam Scales,28.0,Defender,Republic of Ireland,Defender,121.0,142.0,9.0,261.0,11.0,6.0,5.0,3.0,2.0,2.0,3.0,3.0,20.0,15.0,1.0,357.0,2.0,7.0,4.0,2.0,0.0,4.0,2.0,2.0,0.0,90.62,50.0,40.0,66.67,40.0,71.43,73.33,66.67,0.5623695819534329,0.5502937154049099,1.0,5.0,0.11457648,1.0,26.0,35.0,1.0225653899999996,149.0,30.504201680672267,35.79831932773109,2.26890756302521,65.7983193277311,2.773109243697479,1.512605042016807,1.2605042016806722,0.7563025210084033,0.5042016806722689,0.5042016806722689,0.7563025210084033,0.7563025210084033,5.042016806722689,3.7815126050420167,0.2521008403361344,0.5042016806722689,1.7647058823529411,1.0084033613445378,0.5042016806722689,0.0,1.0084033613445378,0.5042016806722689,0.5042016806722689,0.0,90.62,50.0,40.0,66.67,40.0,71.43,73.33,66.67,0.141773844189941,0.1387295080852714,0.2521008403361344,1.2605042016806722,0.0288848268907563,0.2521008403361344,6.554621848739496,8.823529411764705,0.2577895941176469,37.56302521008404,CB,20,95,25,59,39,98,84,73,95,93,84,82,48,14,91,86,61,75,32,48,45,98,77,45,73,80,95,57,82,82,52,55,86,95,84,70,68,52,95,95,100,59,27,100,41,73,45,100,95,82,100,100,91,86,55,9,100,95,73,86,41,48,59,100,82,45,73,80,95,57,82,82,52,55,91,100,86,86,82,64,95,100,100,68,Premiership
Celtic,dvnjvad3p09dugr79gktlrtll,8i5ee4fmkqhl1rcuo31qomxud,K. Tierney,Kieran Tierney,29.0,Defender,Scotland,Defender,95.0,88.0,8.0,175.0,0.0,10.0,6.0,5.0,1.0,2.0,1.0,1.0,7.0,9.0,0.0,246.0,4.0,8.0,1.0,3.0,2.0,3.0,8.0,1.0,0.0,88.38,44.44,40.0,100.0,66.67,58.33,0.0,60.0,0.6385880564538238,1.1908527488495513,1.0,6.0,0.16434913,3.0,17.0,20.0,1.60108654,84.0,34.75609756097561,32.19512195121951,2.926829268292683,64.02439024390243,0.0,3.658536585365854,2.1951219512195124,1.829268292682927,0.3658536585365853,0.7317073170731707,0.3658536585365853,0.3658536585365853,2.5609756097560976,3.292682926829268,0.0,1.4634146341463414,2.926829268292683,0.3658536585365853,1.0975609756097562,0.7317073170731707,1.0975609756097562,2.926829268292683,0.3658536585365853,0.0,88.38,44.44,40.0,100.0,66.67,58.33,0.0,60.0,0.2336297767513989,0.4356778349449577,0.3658536585365853,2.1951219512195124,0.0601277304878048,1.0975609756097562,6.219512195121951,7.317073170731708,0.5857633682926829,30.73170731707317,LB/LCB,83,92,75,83,8,92,92,88,71,96,25,17,12,17,46,100,79,25,62,100,54,92,38,54,92,92,92,96,100,75,8,50,100,92,71,54,58,62,88,83,100,83,92,100,92,92,8,100,100,100,83,100,33,17,17,25,46,100,92,33,83,100,67,100,50,54,92,92,92,96,100,75,8,50,100,100,75,83,83,83,100,100,100,92,Premiership
Celtic,dvnjvad3p09dugr79gktlrtll,bw54pvr1y4oqojpg8h1oj302c,C. Donovan,Colby Donovan,20.0,Defender,Scotland,Defender,118.0,123.0,12.0,237.0,10.0,2.0,2.0,0.0,2.0,1.0,6.0,7.0,29.0,11.0,0.0,409.0,0.0,5.0,1.0,10.0,0.0,8.0,4.0,5.0,0.0,88.1,63.16,30.77,83.33,0.0,67.44,71.43,76.92,0.1519470702866032,0.223694323300477,2.0,12.0,0.31277957,3.0,25.0,32.0,0.8280531200000002,124.0,25.965770171149146,27.06601466992665,2.640586797066015,52.15158924205379,2.2004889975550124,0.4400977995110025,0.4400977995110025,0.0,0.4400977995110025,0.2200488997555012,1.3202933985330074,1.5403422982885089,6.381418092909536,2.4205378973105134,0.0,0.0,1.1002444987775062,0.2200488997555012,2.2004889975550124,0.0,1.76039119804401,0.880195599022005,1.1002444987775062,0.0,88.1,63.16,30.77,83.33,0.0,67.44,71.43,76.92,0.0334357856376388,0.0492236897238213,0.4400977995110025,2.640586797066015,0.0688268002444987,0.6601466992665037,5.501222493887531,7.04156479217604,0.18221217799511,27.28606356968216,RB/RCB,85,100,77,100,88,46,46,12,81,50,77,73,77,35,54,38,35,15,100,46,69,77,96,38,92,92,85,85,38,92,100,77,46,38,77,85,85,62,100,100,85,92,92,100,85,100,92,46,46,12,77,46,77,77,85,31,54,38,31,15,92,46,69,54,92,38,92,92,85,85,38,92,100,77,46,38,77,85,92,54,100,100,85,92,Premiership
Celtic,dvnjvad3p09dugr79gktlrtll,c4dvhy1z0op9iwj9aqdgzh0q1,C. Carter-Vickers,Cameron Carter-Vickers,28.0,Defender,USA,Defender,270.0,123.0,13.0,393.0,25.0,2.0,2.0,0.0,2.0,0.0,0.0,0.0,37.0,31.0,0.0,450.0,0.0,1.0,5.0,5.0,0.0,6.0,0.0,0.0,0.0,91.18,52.0,0.0,0.0,0.0,75.51,86.21,71.43,0.1153809490197149,0.1499338414956103,2.0,3.0,0.0562173,1.0,21.0,25.0,0.5407622699999994,268.0,54.0,24.6,2.6,78.6,5.0,0.4,0.4,0.0,0.4,0.0,0.0,0.0,7.4,6.2,0.0,0.0,0.2,1.0,1.0,0.0,1.2,0.0,0.0,0.0,91.18,52.0,0.0,0.0,0.0,75.51,86.21,71.43,0.0230761898039429,0.029986768299122,0.4,0.6,0.01124346,0.2,4.2,5.0,0.1081524539999998,53.6,CB,91,91,59,95,82,57,48,11,95,30,20,18,77,64,41,25,14,86,84,48,73,45,23,45,82,91,45,23,25,95,95,64,32,68,98,59,55,52,89,84,73,95,82,91,64,91,84,59,45,11,91,30,20,18,86,45,41,25,9,80,89,48,73,45,23,45,82,91,45,23,25,95,95,64,23,59,95,55,55,43,77,82,64,95,Premiership
Celtic,dvnjvad3p09dugr79gktlrtll,clj0vy9st6zmjavz5yf8dbac4,C. Durán,Camilo Durán,24.0,Attacker,Colombia,Striker,20.0,60.0,1.0,80.0,2.0,7.0,20.0,18.0,2.0,4.0,10.0,10.0,14.0,1.0,3.0,387.0,10.0,29.0,6.0,2.0,3.0,0.0,0.0,3.0,0.0,80.0,50.0,0.0,30.0,50.0,46.67,40.0,66.67,2.23723151290832,0.6462813932409817,7.0,9.0,0.26417783,4.0,5.0,13.0,0.5781409899999999,31.0,4.651162790697675,13.953488372093023,0.2325581395348837,18.6046511627907,0.4651162790697674,1.627906976744186,4.651162790697675,4.186046511627907,0.4651162790697674,0.9302325581395348,2.3255813953488373,2.3255813953488373,3.255813953488372,0.2325581395348837,0.6976744186046512,2.3255813953488373,6.744186046511628,1.3953488372093024,0.4651162790697674,0.6976744186046512,0.0,0.0,0.6976744186046512,0.0,80.0,50.0,0.0,30.0,50.0,46.67,40.0,66.67,0.5202863983507721,0.1502979984281352,1.627906976744186,2.0930232558139537,0.0614367046511627,0.9302325581395348,1.162790697674419,3.0232558139534884,0.1344513930232558,7.209302325581396,RW,33,50,33,50,50,83,100,100,33,83,42,42,33,42,100,100,100,83,50,100,25,25,17,58,50,33,25,17,92,83,67,58,100,83,83,42,50,75,58,67,50,50,33,33,33,33,50,50,100,100,33,50,17,17,17,17,100,100,83,67,50,83,25,25,17,58,50,33,25,17,92,83,67,58,100,33,50,33,33,33,50,33,33,33,Premiership
Celtic,dvnjvad3p09dugr79gktlrtll,cx59kxpqiabi3c5vl9mxvlyhh,C. McGregor,Callum McGregor,33.0,Midfielder,Scotland,Midfielder,161.0,195.0,3.0,356.0,3.0,3.0,9.0,3.0,6.0,4.0,5.0,5.0,17.0,6.0,0.0,450.0,1.0,8.0,3.0,6.0,0.0,7.0,0.0,2.0,0.0,93.19,37.5,0.0,40.0,11.11,53.12,37.5,66.67,0.8006182071165775,0.1525379008495983,5.0,12.0,0.23954562,4.0,34.0,24.0,0.5942472099999999,205.0,32.2,39.0,0.6,71.2,0.6,0.6,1.8,0.6,1.2,0.8,1.0,1.0,3.4,1.2,0.0,0.2,1.6,0.6,1.2,0.0,1.4,0.0,0.4,0.0,93.19,37.5,0.0,40.0,11.11,53.12,37.5,66.67,0.1601236414233155,0.0305075801699196,1.0,2.4,0.047909124,0.8,6.8,4.8,0.1188494419999999,41.0,DM/CM,96,100,23,100,35,48,96,75,96,100,50,42,31,54,42,62,85,25,44,48,79,29,56,52,96,29,29,48,50,71,33,54,96,25,98,88,83,69,92,75,75,100,92,96,12,96,29,38,92,67,96,100,42,25,8,33,42,65,71,19,38,48,62,29,50,52,96,29,29,48,50,71,33,54,88,21,100,79,79,67,88,62,58,96,Premiership
Celtic,dvnjvad3p09dugr79gktlrtll,jko3tgda9h65vcc014uof42y,M. Baur,Mika Baur,22.0,Midfielder,Germany,Midfielder,46.0,124.0,8.0,166.0,2.0,8.0,3.0,2.0,1.0,0.0,3.0,3.0,16.0,4.0,1.0,280.0,3.0,7.0,2.0,5.0,0.0,3.0,4.0,1.0,0.0,90.22,72.73,28.57,33.33,100.0,55.17,50.0,45.45,0.3405424332025862,0.6905602155618713,1.0,11.0,0.24811268,5.0,25.0,25.0,0.80537578,80.0,14.785714285714285,39.85714285714285,2.571428571428571,53.35714285714285,0.6428571428571428,2.571428571428571,0.9642857142857144,0.6428571428571428,0.3214285714285714,0.0,0.9642857142857144,0.9642857142857144,5.142857142857142,1.2857142857142856,0.3214285714285714,0.9642857142857144,2.25,0.6428571428571428,1.6071428571428572,0.0,0.9642857142857144,1.2857142857142856,0.3214285714285714,0.0,90.22,72.73,28.57,33.33,100.0,55.17,50.0,45.45,0.109460067815117,0.2219657835734586,0.3214285714285714,3.5357142857142856,0.0797505042857142,1.6071428571428572,8.035714285714285,8.035714285714285,0.2588707864285714,25.714285714285715,CM/AM,75,100,65,90,45,60,30,45,35,25,20,20,60,60,80,75,60,20,90,35,75,65,30,55,100,100,80,40,100,100,70,60,50,60,45,100,100,80,90,80,90,90,80,100,60,90,40,60,30,40,30,25,20,20,60,60,90,80,60,30,100,35,80,70,30,55,100,100,80,40,100,100,70,60,40,70,50,100,100,80,100,80,100,90,Premiership
Celtic,dvnjvad3p09dugr79gktlrtll,mvn1u3p4yeecbjobvsuontp0,Yang Hyun-Jun,Hyun-Jun Yang,24.0,Attacker,Korea Republic,Striker,50.0,135.0,5.0,184.0,3.0,8.0,14.0,11.0,3.0,4.0,25.0,27.0,35.0,4.0,2.0,377.0,5.0,27.0,5.0,10.0,0.0,2.0,1.0,13.0,0.0,85.98,83.33,20.0,52.0,35.71,46.05,30.0,71.43,1.9818745029635896,0.6348588309937631,7.0,22.0,0.67460943,12.0,14.0,17.0,0.7463505,61.0,11.93633952254642,32.22811671087533,1.1936339522546418,43.92572944297082,0.7161803713527851,1.909814323607427,3.342175066312997,2.625994694960212,0.7161803713527851,0.9549071618037136,5.968169761273209,6.445623342175066,8.355437665782492,0.9549071618037136,0.4774535809018567,1.1936339522546418,6.445623342175066,1.1936339522546418,2.3872679045092835,0.0,0.4774535809018567,0.2387267904509283,3.103448275862069,0.0,85.98,83.33,20.0,52.0,35.71,46.05,30.0,71.43,0.4731265391690266,0.1515578111125694,1.6710875331564985,5.251989389920424,0.1610473440318302,2.8647214854111405,3.342175066312997,4.058355437665782,0.1781738594164456,14.562334217506631,RW,100,100,50,100,83,100,83,67,67,83,100,100,100,100,83,67,83,50,100,17,92,50,100,58,100,100,75,83,50,67,50,83,83,67,83,83,83,100,100,100,83,100,83,100,50,100,67,83,50,67,50,67,100,100,100,100,83,50,50,33,100,17,83,50,100,58,100,100,75,83,50,67,50,83,67,50,67,67,67,100,83,67,50,83,Premiership
Dundee,g7em7tpuicehjy3wmsbimsee,19n65zzzqrvxdjkxv7hv61kyy,F. Robertson,Finlay Robertson,23.0,Midfielder,Scotland,Midfielder,31.0,40.0,3.0,65.0,3.0,5.0,0.0,0.0,0.0,0.0,3.0,3.0,14.0,2.0,0.0,230.0,0.0,5.0,1.0,6.0,0.0,0.0,6.0,2.0,0.0,69.89,30.0,33.33,66.67,0.0,51.85,33.33,75.0,0.0,0.5343969084945023,0.0,3.0,0.06561791,1.0,5.0,5.0,0.16262193,29.0,12.130434782608695,15.65217391304348,1.173913043478261,25.434782608695656,1.173913043478261,1.956521739130435,0.0,0.0,0.0,0.0,1.173913043478261,1.173913043478261,5.478260869565218,0.782608695652174,0.0,0.0,1.956521739130435,0.391304347826087,2.347826086956522,0.0,0.0,2.347826086956522,0.782608695652174,0.0,69.89,30.0,33.33,66.67,0.0,51.85,33.33,75.0,0.0,0.2091118337587183,0.0,1.173913043478261,0.0256765734782608,0.391304347826087,1.956521739130435,1.956521739130435,0.0636346682608695,11.347826086956523,DM/CM,4,8,23,4,35,79,4,17,6,15,23,17,12,4,42,25,65,4,44,48,4,100,56,52,8,23,75,94,25,62,29,75,4,92,15,25,21,21,12,8,12,4,8,33,33,12,62,92,4,17,6,15,50,46,67,12,42,25,88,4,79,48,4,100,83,52,8,23,75,94,25,62,29,75,4,100,15,38,33,29,25,12,21,12,Premiership
Dundee,g7em7tpuicehjy3wmsbimsee,23s9kwgzvgh27d393ymk0006h,R. Astley,Ryan Astley,24.0,Defender,Wales,Defender,120.0,59.0,20.0,179.0,27.0,3.0,2.0,2.0,0.0,1.0,1.0,1.0,38.0,54.0,0.0,540.0,0.0,8.0,5.0,3.0,0.0,11.0,0.0,0.0,2.0,77.83,37.04,0.0,0.0,0.0,64.41,65.85,50.0,0.2436537548224184,0.3375658838029887,0.0,0.0,0.0,0.0,15.0,24.0,0.3312040699999999,101.0,20.0,9.833333333333334,3.333333333333333,29.83333333333333,4.5,0.5,0.3333333333333333,0.3333333333333333,0.0,0.1666666666666666,0.1666666666666666,0.1666666666666666,6.333333333333333,9.0,0.0,0.0,1.3333333333333333,0.8333333333333334,0.5,0.0,1.8333333333333333,0.0,0.0,0.3333333333333333,77.83,37.04,0.0,0.0,0.0,64.41,65.85,50.0,0.0406089591370697,0.0562609806338314,0.0,0.0,0.0,0.0,2.5,4.0,0.0552006783333333,16.833333333333332,RB/RCB,92,31,100,77,100,62,46,65,23,50,12,8,100,100,54,38,77,77,19,46,96,15,12,100,46,62,15,12,38,69,85,31,62,62,27,8,8,12,69,85,23,85,85,8,100,54,100,54,31,46,23,23,8,8,77,100,54,38,54,50,8,46,85,15,12,100,46,62,15,12,38,69,85,31,54,54,27,8,8,12,38,62,15,69,Premiership
Dundee,g7em7tpuicehjy3wmsbimsee,2ezi9zjj3pmt475woji11gi51,D. Wright,Drey Wright,31.0,Midfielder,England,Midfielder,53.0,47.0,8.0,98.0,11.0,2.0,2.0,1.0,1.0,1.0,5.0,6.0,25.0,20.0,1.0,457.0,1.0,2.0,7.0,5.0,0.0,7.0,2.0,0.0,0.0,67.59,27.59,33.33,0.0,50.0,59.52,91.67,71.43,0.1206359111976146,0.240418820502576,1.0,5.0,0.1207144499999999,3.0,10.0,11.0,0.5595659300000001,54.0,10.437636761487964,9.25601750547046,1.5754923413566742,19.299781181619256,2.166301969365427,0.3938730853391685,0.3938730853391685,0.1969365426695842,0.1969365426695842,0.1969365426695842,0.9846827133479212,1.1816192560175056,4.923413566739606,3.938730853391685,0.1969365426695842,0.1969365426695842,0.3938730853391685,1.3785557986870898,0.9846827133479212,0.0,1.3785557986870898,0.3938730853391685,0.0,0.0,67.59,27.59,33.33,0.0,50.0,59.52,91.67,71.43,0.0237576192730532,0.0473472513024766,0.1969365426695842,0.9846827133479212,0.0237730864332603,0.5908096280087528,1.9693654266958425,2.166301969365427,0.1101989796498906,10.63457330415755,DM/CM,12,17,52,12,98,23,29,46,27,44,50,62,65,100,92,62,35,77,31,48,79,77,6,52,4,12,75,6,85,83,100,67,25,42,42,42,42,52,33,29,67,17,4,4,50,4,88,17,17,46,17,38,38,50,38,100,83,58,38,54,25,48,54,75,6,52,4,12,75,6,85,83,100,67,17,46,29,29,29,46,29,25,54,4,Premiership
Dundee,g7em7tpuicehjy3wmsbimsee,2nxbbsjijt194xd9g1lkowqhg,J. Westley,Joe Westley,21.0,Attacker,England,Striker,23.0,24.0,0.0,47.0,12.0,1.0,13.0,11.0,2.0,3.0,4.0,4.0,17.0,9.0,2.0,450.0,4.0,17.0,5.0,0.0,0.0,0.0,0.0,1.0,0.0,71.21,0.0,0.0,25.0,30.77,26.98,26.67,0.0,1.9159410242697512,0.101960143325685,1.0,2.0,0.04984922,1.0,2.0,3.0,0.10687415,15.0,4.6,4.8,0.0,9.4,2.4,0.2,2.6,2.2,0.4,0.6,0.8,0.8,3.4,1.8,0.4,0.8,3.4,1.0,0.0,0.0,0.0,0.0,0.2,0.0,71.21,0.0,0.0,25.0,30.77,26.98,26.67,0.0,0.3831882048539502,0.020392028665137,0.2,0.4,0.009969844,0.2,0.4,0.6,0.02137483,3.0,ST,73,27,18,50,96,7,77,82,50,57,36,34,48,100,80,64,57,46,16,32,27,27,21,50,43,18,27,23,46,11,38,16,86,14,43,23,18,34,34,32,18,48,43,4,18,21,86,5,50,61,41,36,21,18,25,86,71,39,32,23,16,32,27,27,18,50,43,18,27,23,46,11,38,16,64,11,36,18,11,25,25,21,11,21,Premiership
Dundee,g7em7tpuicehjy3wmsbimsee,45q4thlqd0d9hu4bb8us2ol0q,I. Odutayo,Idris Odutayo,23.0,Defender,England,Defender,76.0,46.0,3.0,122.0,14.0,1.0,0.0,0.0,0.0,0.0,2.0,2.0,21.0,28.0,0.0,450.0,0.0,0.0,5.0,1.0,0.0,8.0,0.0,1.0,0.0,70.11,10.71,0.0,50.0,0.0,55.26,58.33,100.0,0.0,0.0460079633344151,0.0,0.0,0.0,2.0,7.0,12.0,0.2513297,65.0,15.2,9.2,0.6,24.4,2.8,0.2,0.0,0.0,0.0,0.0,0.4,0.4,4.2,5.6,0.0,0.0,0.0,1.0,0.2,0.0,1.6,0.0,0.2,0.0,70.11,10.71,0.0,50.0,0.0,55.26,58.33,100.0,0.0,0.009201592666883,0.0,0.0,0.0,0.4,1.4,2.4,0.0502659399999999,13.0,LB/LCB,58,25,12,29,92,25,21,25,29,33,42,33,54,83,46,29,12,62,17,42,92,17,38,54,8,8,17,42,29,58,62,100,21,17,33,17,17,46,25,29,17,42,25,17,8,17,83,25,21,25,29,33,42,25,33,67,46,29,12,42,17,42,92,17,29,54,8,8,17,42,29,58,62,100,21,25,33,17,17,42,17,25,17,25,Premiership
Dundee,g7em7tpuicehjy3wmsbimsee,4obzlvdnr5rtqv8x3yw19hxt6,C. Reilly,Charlie Reilly,24.0,Attacker,Scotland,Striker,12.0,27.0,2.0,35.0,3.0,4.0,9.0,6.0,3.0,3.0,3.0,3.0,17.0,5.0,1.0,247.0,1.0,9.0,9.0,2.0,0.0,1.0,4.0,2.0,0.0,70.0,50.0,21.05,66.67,11.11,73.91,0.0,50.0,0.7838682735691894,0.3375294811989862,0.0,4.0,0.12646915,0.0,6.0,5.0,0.17472218,15.0,4.372469635627531,9.838056680161944,0.728744939271255,12.753036437246964,1.0931174089068827,1.45748987854251,3.279352226720648,2.1862348178137654,1.0931174089068827,1.0931174089068827,1.0931174089068827,1.0931174089068827,6.194331983805668,1.8218623481781373,0.3643724696356275,0.3643724696356275,3.279352226720648,3.279352226720648,0.728744939271255,0.0,0.3643724696356275,1.45748987854251,0.728744939271255,0.0,70.0,50.0,21.05,66.67,11.11,73.91,0.0,50.0,0.2856200187094212,0.1229864506393067,0.0,1.45748987854251,0.0460818765182186,0.0,2.1862348178137654,1.8218623481781373,0.0636639522267206,5.465587044534413,ST,30,39,55,30,41,41,39,45,70,57,20,18,48,77,54,14,16,95,50,32,62,84,43,50,29,66,64,77,14,100,5,46,43,43,18,45,39,12,77,52,39,48,32,46,61,43,57,57,64,57,79,75,32,32,75,89,64,21,29,96,61,32,68,93,54,50,29,66,64,77,14,100,5,46,50,57,18,61,57,12,82,68,50,50,Premiership
Dundee,g7em7tpuicehjy3wmsbimsee,5abi92gsj9ceiv261x4jo7190,O. Bevan,Owen Bevan,22.0,Defender,Wales,Defender,171.0,29.0,15.0,200.0,33.0,1.0,3.0,3.0,0.0,0.0,1.0,1.0,40.0,65.0,1.0,540.0,2.0,9.0,2.0,5.0,0.0,12.0,0.0,0.0,0.0,80.0,40.54,0.0,0.0,66.67,62.5,68.75,100.0,0.4185978762157452,0.1329316057185764,1.0,2.0,0.03686598,0.0,4.0,6.0,0.2164301099999999,126.0,28.5,4.833333333333333,2.5,33.333333333333336,5.5,0.1666666666666666,0.5,0.5,0.0,0.0,0.1666666666666666,0.1666666666666666,6.666666666666667,10.833333333333334,0.1666666666666666,0.3333333333333333,1.5,0.3333333333333333,0.8333333333333334,0.0,2.0,0.0,0.0,0.0,80.0,40.54,0.0,0.0,66.67,62.5,68.75,100.0,0.0697663127026241,0.0221552676197627,0.1666666666666666,0.3333333333333333,0.00614433,0.0,0.6666666666666666,1.0,0.0360716849999999,21.0,CB,59,5,75,39,91,39,61,73,39,30,55,52,91,100,91,86,73,43,84,48,100,45,23,45,14,50,45,23,93,36,45,91,68,59,84,45,36,18,9,9,14,41,14,5,52,9,91,27,52,61,39,30,43,39,77,100,84,75,59,27,75,48,95,45,23,45,14,50,45,23,93,36,45,91,64,45,77,41,32,18,5,5,5,9,Premiership
Dundee,g7em7tpuicehjy3wmsbimsee,7d9la6gbbobi9yie2ejf9uj1l,E. Hamilton,Ethan Hamilton,27.0,Midfielder,Scotland,Midfielder,112.0,72.0,4.0,184.0,10.0,2.0,9.0,1.0,8.0,2.0,8.0,8.0,32.0,12.0,0.0,540.0,2.0,3.0,12.0,6.0,0.0,4.0,0.0,3.0,0.0,81.42,21.05,0.0,37.5,22.22,50.0,58.82,66.67,0.534792044410348,0.1745869748162147,5.0,9.0,0.19477389,5.0,11.0,12.0,0.3166840799999999,64.0,18.666666666666668,12.0,0.6666666666666666,30.666666666666668,1.6666666666666667,0.3333333333333333,1.5,0.1666666666666666,1.3333333333333333,0.3333333333333333,1.3333333333333333,1.3333333333333333,5.333333333333333,2.0,0.0,0.3333333333333333,0.5,2.0,1.0,0.0,0.6666666666666666,0.0,0.5,0.0,81.42,21.05,0.0,37.5,22.22,50.0,58.82,66.67,0.0891320074017246,0.0290978291360357,0.8333333333333334,1.5,0.032462315,0.8333333333333334,1.8333333333333333,2.0,0.0527806799999999,10.666666666666666,DM/CM,75,42,33,62,90,23,96,46,100,75,88,88,88,90,42,81,46,92,44,48,35,29,77,52,33,8,29,38,62,44,71,54,79,33,98,77,75,79,40,38,21,33,38,12,17,25,75,12,75,33,100,58,67,67,62,67,42,75,42,79,29,48,12,29,54,52,33,8,29,38,62,44,71,54,62,17,88,62,58,71,21,19,12,8,Premiership
Dundee,g7em7tpuicehjy3wmsbimsee,9bwl8is56w0vq2g204xkfep78,J. Bevan,Joe Bevan,22.0,Midfielder,Scotland,Midfielder,13.0,39.0,0.0,50.0,5.0,5.0,9.0,8.0,1.0,2.0,21.0,22.0,19.0,3.0,1.0,402.0,3.0,15.0,1.0,5.0,1.0,3.0,2.0,8.0,0.0,64.1,0.0,14.29,38.1,33.33,34.55,50.0,100.0,0.7017839252481595,0.4295757892413564,6.0,11.0,0.27966479,8.0,5.0,8.0,0.28926615,25.0,2.9104477611940296,8.73134328358209,0.0,11.194029850746269,1.1194029850746268,1.1194029850746268,2.014925373134328,1.791044776119403,0.2238805970149253,0.4477611940298507,4.701492537313433,4.925373134328358,4.253731343283582,0.6716417910447761,0.2238805970149253,0.6716417910447761,3.3582089552238803,0.2238805970149253,1.1194029850746268,0.2238805970149253,0.6716417910447761,0.4477611940298507,1.791044776119403,0.0,64.1,0.0,14.29,38.1,33.33,34.55,50.0,100.0,0.1571158041600357,0.0961736841585126,1.343283582089552,2.462686567164179,0.0626115201492537,1.791044776119403,1.1194029850746268,1.791044776119403,0.0647610783582089,5.597014925373134,RM/RCM,20,40,20,40,60,70,80,100,60,70,100,100,40,40,90,100,100,30,50,80,60,70,100,60,20,20,20,40,90,20,50,100,80,60,100,100,100,100,20,20,20,30,20,20,20,20,60,40,80,100,60,80,100,100,20,40,100,100,100,20,60,80,60,60,80,60,20,20,20,40,90,20,50,100,80,60,100,100,100,100,20,20,20,20,Premiership
Dundee,g7em7tpuicehjy3wmsbimsee,qf0thkiw5e7er4ldew9rrfh0,R. Finnigan,Ryan Finnigan,22.0,Midfielder,England,Midfielder,78.0,54.0,2.0,130.0,10.0,5.0,4.0,1.0,3.0,1.0,3.0,4.0,46.0,11.0,0.0,471.0,0.0,1.0,11.0,11.0,0.0,7.0,2.0,2.0,0.0,84.42,40.0,66.67,66.67,0.0,63.01,55.56,47.83,0.3613688667755642,0.4319800096945198,2.0,2.0,0.03546945,1.0,9.0,9.0,0.4783033999999999,67.0,14.904458598726114,10.318471337579618,0.3821656050955413,24.840764331210192,1.910828025477707,0.9554140127388536,0.7643312101910827,0.1910828025477706,0.5732484076433121,0.1910828025477706,0.5732484076433121,0.7643312101910827,8.789808917197453,2.1019108280254777,0.0,0.0,0.1910828025477706,2.1019108280254777,2.1019108280254777,0.0,1.3375796178343948,0.3821656050955413,0.3821656050955413,0.0,84.42,40.0,66.67,66.67,0.0,63.01,55.56,47.83,0.0690513758169867,0.0825439508970419,0.3821656050955413,0.3821656050955413,0.006777601910828,0.1910828025477706,1.7197452229299364,1.7197452229299364,0.0913955541401273,12.802547770700636,DM/CM,50,25,10,33,90,79,52,46,71,44,23,29,98,83,42,25,21,85,96,48,79,77,56,52,46,35,96,94,25,92,67,12,62,83,67,12,8,21,29,23,58,38,21,8,8,8,83,62,46,42,54,33,8,12,96,79,42,25,17,83,75,48,46,71,42,52,46,35,96,94,25,92,67,12,54,67,62,8,8,12,17,8,33,21,Premiership
Dundee,g7em7tpuicehjy3wmsbimsee,ucsmsk8k5wn69tdpz70ytyad,A. Forrest,Alan Forrest,30.0,Attacker,Scotland,Striker,26.0,38.0,4.0,61.0,2.0,5.0,4.0,3.0,1.0,1.0,9.0,11.0,18.0,7.0,0.0,261.0,1.0,9.0,3.0,5.0,1.0,2.0,3.0,4.0,0.0,70.93,44.44,33.33,44.44,25.0,39.13,18.18,55.56,0.2380605428056926,0.4173556585144898,2.0,10.0,0.37069317,2.0,6.0,4.0,0.27948732,24.0,8.965517241379311,13.10344827586207,1.3793103448275863,21.03448275862069,0.6896551724137931,1.7241379310344829,1.3793103448275863,1.0344827586206895,0.3448275862068966,0.3448275862068966,3.103448275862069,3.793103448275862,6.206896551724138,2.413793103448276,0.0,0.3448275862068966,3.103448275862069,1.0344827586206895,1.7241379310344829,0.3448275862068966,0.6896551724137931,1.0344827586206895,1.3793103448275863,0.0,70.93,44.44,33.33,44.44,25.0,39.13,18.18,55.56,0.0820898423467905,0.1439157443153413,0.6896551724137931,3.4482758620689657,0.1278252310344827,0.6896551724137931,2.0689655172413794,1.3793103448275863,0.0963749379310344,8.275862068965518,ST,86,59,86,68,21,52,12,9,30,25,80,82,61,88,18,14,16,25,93,77,82,71,77,50,39,55,84,59,34,46,21,57,7,57,57,88,89,52,77,45,64,64,96,75,96,82,32,64,14,7,32,25,82,96,79,96,18,18,14,29,100,89,89,82,82,50,39,55,84,59,34,46,21,57,7,68,61,86,93,57,75,50,75,71,Premiership
Dundee United,4qdzzur2cuuridyb0jso8mksi,2mcmtd938ghenrhl2j6wt15ux,M. Merghem,Mehdi Merghem,29.0,Attacker,Algeria,Striker,29.0,49.0,8.0,75.0,3.0,6.0,7.0,2.0,5.0,3.0,7.0,7.0,9.0,1.0,0.0,217.0,0.0,9.0,2.0,0.0,2.0,0.0,3.0,4.0,0.0,84.27,66.67,20.0,57.14,0.0,39.13,75.0,0.0,0.3794512311985244,0.5049295711866827,5.0,9.0,0.2146961,3.0,9.0,10.0,0.5617457100000001,39.0,12.027649769585254,20.32258064516129,3.317972350230415,31.10599078341014,1.2442396313364057,2.4884792626728114,2.903225806451613,0.8294930875576038,2.0737327188940093,1.2442396313364057,2.903225806451613,2.903225806451613,3.7327188940092166,0.4147465437788019,0.0,0.0,3.7327188940092166,0.8294930875576038,0.0,0.8294930875576038,0.0,1.2442396313364057,1.6589861751152075,0.0,84.27,66.67,20.0,57.14,0.0,39.13,75.0,0.0,0.157376086672199,0.2094177945013891,2.0737327188940093,3.7327188940092166,0.089044465437788,1.2442396313364057,3.7327188940092166,4.147465437788019,0.2329820917050691,16.175115207373274,RW,67,33,83,33,83,58,17,17,100,50,17,17,17,42,25,17,17,17,25,75,25,67,42,58,83,58,75,100,17,17,92,25,17,33,42,42,33,42,83,42,33,67,100,67,100,83,100,100,17,17,100,83,50,50,33,67,25,17,17,17,25,100,25,67,67,58,83,58,75,100,17,17,92,25,17,83,83,50,50,67,100,83,83,100,Premiership
Dundee United,4qdzzur2cuuridyb0jso8mksi,2mlp8fydf5qodhl88jhylnk2y,D. Tait,Dylan Tait,24.0,Midfielder,Scotland,Midfielder,119.0,110.0,22.0,226.0,5.0,10.0,8.0,3.0,5.0,3.0,4.0,5.0,30.0,5.0,0.0,430.0,2.0,7.0,11.0,10.0,0.0,7.0,3.0,1.0,0.0,78.75,44.9,50.0,25.0,25.0,44.78,62.5,76.92,0.5758449234259426,0.8650043879246028,3.0,6.0,0.12625987,3.0,28.0,31.0,0.94928032,98.0,24.906976744186046,23.02325581395349,4.604651162790698,47.30232558139535,1.0465116279069768,2.0930232558139537,1.6744186046511629,0.627906976744186,1.0465116279069768,0.627906976744186,0.8372093023255814,1.0465116279069768,6.279069767441861,1.0465116279069768,0.0,0.4186046511627907,1.4651162790697674,2.302325581395349,2.0930232558139537,0.0,1.4651162790697674,0.627906976744186,0.2093023255813953,0.0,78.75,44.9,50.0,25.0,25.0,44.78,62.5,76.92,0.1205256816472903,0.1810474300307308,0.627906976744186,1.255813953488372,0.0264264844186046,0.627906976744186,5.8604651162790695,6.488372093023256,0.1986865786046511,20.511627906976745,DM/CM,79,67,100,71,60,100,88,75,90,94,35,42,83,42,42,81,79,85,90,48,79,92,25,52,25,50,90,21,69,21,79,85,88,100,83,52,46,52,88,100,100,62,75,62,100,71,48,100,88,71,92,83,25,29,75,25,42,83,67,92,67,48,71,92,12,52,25,50,90,21,69,21,79,85,79,92,79,50,42,50,79,96,92,46,Premiership
Dundee United,4qdzzur2cuuridyb0jso8mksi,2wvwvhtzwgg975e5b0xqphbmc,D. Bennie,Daniel Bennie,20.0,Attacker,Australia,Striker,18.0,44.0,3.0,61.0,10.0,8.0,14.0,10.0,4.0,5.0,8.0,8.0,22.0,5.0,0.0,318.0,3.0,25.0,3.0,5.0,0.0,0.0,1.0,3.0,0.0,69.32,75.0,14.29,37.5,21.43,44.0,52.63,83.33,1.4089032738692089,0.5951922903465174,6.0,3.0,0.07739942,3.0,4.0,12.0,0.3960425899999999,34.0,5.09433962264151,12.452830188679243,0.8490566037735849,17.264150943396228,2.830188679245284,2.2641509433962264,3.962264150943396,2.830188679245284,1.1320754716981132,1.4150943396226416,2.2641509433962264,2.2641509433962264,6.226415094339623,1.4150943396226416,0.0,0.8490566037735849,7.075471698113208,0.8490566037735849,1.4150943396226416,0.0,0.0,0.2830188679245283,0.8490566037735849,0.0,69.32,75.0,14.29,37.5,21.43,44.0,52.63,83.33,0.3987462095856252,0.1684506482112785,1.69811320754717,0.8490566037735849,0.021905496226415,0.8490566037735849,1.1320754716981132,3.39622641509434,0.112087525471698,9.622641509433963,ST,52,71,70,68,88,82,84,75,80,84,73,68,79,77,18,50,80,25,93,32,27,57,64,50,25,93,61,41,21,59,86,86,68,75,89,36,25,70,55,88,82,79,46,64,75,61,89,79,79,79,82,86,61,57,82,75,18,43,82,14,89,32,27,57,61,50,25,93,61,41,21,59,86,86,71,75,86,29,21,75,57,86,82,86,Premiership
Dundee United,4qdzzur2cuuridyb0jso8mksi,33kmvqsctqwkosi4o2lumxap6,B. Esselink,Bert Esselink,27.0,Defender,Netherlands,Defender,205.0,84.0,21.0,289.0,25.0,2.0,5.0,4.0,1.0,1.0,3.0,3.0,39.0,47.0,0.0,512.0,1.0,9.0,5.0,3.0,0.0,7.0,0.0,3.0,0.0,88.92,55.26,0.0,100.0,20.0,59.09,54.35,50.0,0.5619401296262088,0.0886115908784176,0.0,1.0,0.01689528,0.0,20.0,32.0,0.5276878000000002,204.0,36.03515625,14.765625,3.69140625,50.80078125,4.39453125,0.3515625,0.87890625,0.703125,0.17578125,0.17578125,0.52734375,0.52734375,6.85546875,8.26171875,0.0,0.17578125,1.58203125,0.87890625,0.52734375,0.0,1.23046875,0.0,0.52734375,0.0,88.92,55.26,0.0,100.0,20.0,59.09,54.35,50.0,0.098778538410857,0.0155762562090968,0.0,0.17578125,0.0029698734375,0.0,3.515625,5.625,0.09275762109375,35.859375,CB,68,77,93,73,82,57,84,84,82,73,84,82,84,93,41,61,73,86,59,48,77,45,91,45,68,95,45,82,55,27,14,27,82,41,39,25,20,18,80,91,68,86,64,45,82,59,73,50,77,77,77,59,73,73,82,77,41,55,64,73,45,48,77,45,86,45,68,95,45,82,55,27,14,27,73,41,39,23,18,18,64,91,41,64,Premiership
Dundee United,4qdzzur2cuuridyb0jso8mksi,4i81y9jhkouk3zmd03gjp1gx5,W. Ferry,Will Ferry,25.0,Midfielder,Republic of Ireland,Midfielder,65.0,59.0,18.0,120.0,5.0,9.0,3.0,2.0,1.0,1.0,9.0,10.0,30.0,24.0,1.0,424.0,1.0,6.0,7.0,10.0,1.0,10.0,4.0,5.0,0.0,73.17,41.86,18.18,55.56,33.33,65.22,71.43,76.92,0.1427963070105148,0.8858556455603231,2.0,6.0,0.11970676,3.0,16.0,21.0,0.7308900299999999,54.0,13.797169811320757,12.523584905660377,3.820754716981132,25.471698113207548,1.0613207547169812,1.910377358490566,0.6367924528301887,0.4245283018867924,0.2122641509433962,0.2122641509433962,1.910377358490566,2.1226415094339623,6.367924528301887,5.09433962264151,0.2122641509433962,0.2122641509433962,1.2735849056603774,1.4858490566037736,2.1226415094339623,0.2122641509433962,2.1226415094339623,0.8490566037735848,1.0613207547169812,0.0,73.17,41.86,18.18,55.56,33.33,65.22,71.43,76.92,0.0303105368654394,0.1880353964632761,0.4245283018867924,1.2735849056603774,0.0254094537735849,0.6367924528301887,3.39622641509434,4.4575471698113205,0.1551417516509433,11.462264150943396,LM/LCM,100,50,100,100,100,100,38,50,25,25,50,62,100,100,100,75,50,88,100,100,100,100,50,62,50,75,75,50,100,100,100,100,25,100,50,50,50,38,100,75,100,100,100,50,100,75,50,100,25,25,25,25,25,25,50,100,100,75,50,75,100,100,100,100,25,62,50,75,75,50,100,100,100,100,25,100,25,25,25,25,100,75,100,75,Premiership
Dundee United,4qdzzur2cuuridyb0jso8mksi,5vdl6vrqi5zfv3ur364yzv85w,E. Agyei,Emmanuel Agyei,21.0,Midfielder,Ghana,Midfielder,36.0,32.0,2.0,68.0,7.0,2.0,4.0,3.0,1.0,2.0,5.0,5.0,28.0,7.0,1.0,239.0,1.0,6.0,6.0,9.0,0.0,5.0,0.0,2.0,0.0,75.56,28.57,0.0,40.0,25.0,59.57,50.0,69.23,0.3467404304801811,0.1478459425538952,0.0,0.0,0.0,1.0,1.0,4.0,0.06142294,36.0,13.556485355648537,12.050209205020922,0.7531380753138076,25.606694560669457,2.6359832635983267,0.7531380753138076,1.5062761506276152,1.1297071129707112,0.3765690376569038,0.7531380753138076,1.882845188284519,1.882845188284519,10.543933054393309,2.6359832635983267,0.3765690376569038,0.3765690376569038,2.2594142259414225,2.2594142259414225,3.389121338912134,0.0,1.882845188284519,0.0,0.7531380753138076,0.0,75.56,28.57,0.0,40.0,25.0,59.57,50.0,69.23,0.1305717102226623,0.0556742043089981,0.0,0.0,0.0,0.3765690376569038,0.3765690376569038,1.5062761506276152,0.0231299774058577,13.556485355648537,DM/CM,8,4,10,8,79,23,52,75,27,75,50,42,79,67,92,62,75,65,81,48,52,29,56,52,21,17,29,48,69,88,50,62,50,21,15,4,4,21,4,4,4,8,12,17,21,17,96,46,83,92,42,96,83,79,100,92,100,79,92,88,100,48,92,29,79,52,21,17,29,48,69,88,50,62,83,54,15,4,4,25,4,4,4,29,Premiership
Dundee United,4qdzzur2cuuridyb0jso8mksi,683w7bqk233kdcznry98ld23t,Panutche Camará,Panutche Amadu Pereira Camará,29.0,Midfielder,Guinea-Bissau,Midfielder,88.0,95.0,10.0,180.0,3.0,8.0,2.0,1.0,1.0,1.0,7.0,7.0,21.0,3.0,0.0,357.0,0.0,5.0,3.0,8.0,0.0,3.0,3.0,6.0,0.0,90.91,83.33,100.0,85.71,0.0,46.67,30.0,88.89,0.1766095604713374,0.7295789737937536,2.0,12.0,0.29753167,5.0,13.0,18.0,0.91840685,96.0,22.18487394957983,23.949579831932773,2.5210084033613445,45.3781512605042,0.7563025210084033,2.016806722689076,0.5042016806722689,0.2521008403361344,0.2521008403361344,0.2521008403361344,1.7647058823529411,1.7647058823529411,5.294117647058823,0.7563025210084033,0.0,0.0,1.2605042016806722,0.7563025210084033,2.016806722689076,0.0,0.7563025210084033,0.7563025210084033,1.512605042016807,0.0,90.91,83.33,100.0,85.71,0.0,46.67,30.0,88.89,0.0445234186062195,0.1839274723849799,0.5042016806722689,3.0252100840336134,0.0750079840336134,1.2605042016806722,3.277310924369748,4.53781512605042,0.2315311386554621,24.201680672268907,DM/CM,58,60,75,58,35,96,29,46,27,44,81,81,44,12,42,25,65,25,69,48,17,92,92,52,83,100,100,100,25,25,25,94,42,96,67,88,92,79,46,60,96,58,62,67,67,58,38,96,21,50,21,42,75,75,58,8,42,25,58,25,62,48,21,96,92,52,83,100,100,100,25,25,25,94,38,96,71,92,92,79,46,54,100,58,Premiership
Dundee United,4qdzzur2cuuridyb0jso8mksi,84isfq4ix06ebaf7a7jcvd9wq,J. Rawlins,Joshua Rawlins,22.0,Defender,Australia,Defender,53.0,66.0,6.0,118.0,3.0,2.0,1.0,1.0,0.0,1.0,2.0,2.0,15.0,22.0,0.0,450.0,0.0,6.0,3.0,6.0,0.0,4.0,1.0,1.0,1.0,72.84,35.29,16.67,50.0,0.0,65.22,50.0,75.0,0.078526863510233,0.2578274004311796,0.0,3.0,0.0816482799999999,1.0,11.0,11.0,0.4798663999999999,47.0,10.6,13.2,1.2,23.6,0.6,0.4,0.2,0.2,0.0,0.2,0.4,0.4,3.0,4.4,0.0,0.0,1.2,0.6,1.2,0.0,0.8,0.2,0.2,0.2,72.84,35.29,16.67,50.0,0.0,65.22,50.0,75.0,0.0157053727020466,0.0515654800862359,0.0,0.6,0.0163296559999999,0.2,2.2,2.2,0.0959732799999999,9.4,RB/RCB,38,62,42,46,27,46,19,35,23,50,27,19,23,85,54,38,58,42,65,46,42,35,35,85,23,38,38,46,38,77,50,69,15,46,27,19,31,23,42,38,62,38,15,38,31,15,15,38,8,23,23,35,23,15,8,77,54,38,38,31,46,46,31,31,23,77,23,38,38,46,38,77,50,69,15,46,27,15,15,23,31,31,54,15,Premiership
Dundee United,4qdzzur2cuuridyb0jso8mksi,906itj33c7nzyzhkvxswvaxas,L. Rose,Lachlan Rose,27.0,Attacker,Australia,Striker,6.0,15.0,0.0,21.0,6.0,3.0,11.0,9.0,2.0,5.0,3.0,3.0,7.0,1.0,1.0,244.0,3.0,17.0,1.0,0.0,0.0,0.0,0.0,0.0,0.0,63.64,0.0,0.0,0.0,27.27,18.92,24.0,0.0,1.361171579582058,0.2243751887700656,2.0,1.0,0.02385149,2.0,0.0,1.0,0.0251324299999999,7.0,2.2131147540983607,5.532786885245901,0.0,7.745901639344262,2.2131147540983607,1.1065573770491803,4.057377049180328,3.319672131147541,0.7377049180327868,1.8442622950819672,1.1065573770491803,1.1065573770491803,2.581967213114754,0.3688524590163934,0.3688524590163934,1.1065573770491803,6.270491803278688,0.3688524590163934,0.0,0.0,0.0,0.0,0.0,0.0,63.64,0.0,0.0,0.0,27.27,18.92,24.0,0.0,0.5020714842720706,0.0827613401201061,0.7377049180327868,0.3688524590163934,0.0087976807377049,0.7377049180327868,0.0,0.3688524590163934,0.0092701586065573,2.581967213114754,ST,7,7,18,4,64,34,64,66,50,84,20,18,11,20,54,50,57,7,16,32,27,27,9,50,14,18,27,9,39,7,32,16,64,32,57,9,4,52,9,7,4,11,7,14,18,4,75,36,82,86,61,93,36,36,14,25,68,68,75,7,16,32,27,27,9,50,14,18,27,9,39,7,32,16,86,32,64,14,7,61,9,7,4,14,Premiership
Dundee United,4qdzzur2cuuridyb0jso8mksi,c3hzkxxmd1p7v7fn6ctxbngiy,J. Randall,Jesse Randall,24.0,Attacker,New Zealand,Striker,22.0,50.0,3.0,61.0,2.0,11.0,11.0,9.0,2.0,3.0,14.0,14.0,18.0,4.0,1.0,351.0,4.0,24.0,6.0,2.0,1.0,2.0,11.0,5.0,0.0,72.62,42.86,28.21,35.71,36.36,43.9,33.33,40.0,0.9796233448261756,1.4260378245300962,2.0,9.0,0.26961968,3.0,4.0,6.0,0.92813463,22.0,5.641025641025641,12.82051282051282,0.7692307692307693,15.64102564102564,0.5128205128205129,2.8205128205128207,2.8205128205128207,2.307692307692308,0.5128205128205129,0.7692307692307693,3.58974358974359,3.58974358974359,4.615384615384616,1.0256410256410258,0.2564102564102564,1.0256410256410258,6.153846153846154,1.5384615384615383,0.5128205128205129,0.2564102564102564,0.5128205128205129,2.8205128205128207,1.2820512820512822,0.0,72.62,42.86,28.21,35.71,36.36,43.9,33.33,40.0,0.2511854730323527,0.3656507242384862,0.5128205128205129,2.307692307692308,0.0691332512820512,0.7692307692307693,1.0256410256410258,1.5384615384615383,0.2379832384615384,5.641025641025641,ST,68,75,70,68,21,93,64,66,50,57,91,88,61,68,54,64,75,62,50,77,82,100,88,50,46,50,75,36,62,54,48,32,54,96,57,80,82,70,55,61,96,61,54,71,71,50,14,93,54,64,46,50,93,89,46,64,43,61,71,61,50,75,82,100,75,50,46,50,75,36,62,54,48,32,39,100,54,79,79,71,50,57,96,57,Premiership
Dundee United,4qdzzur2cuuridyb0jso8mksi,dibzzrnilocouody8wf130fmc,M. Forbes,Michael Forbes,22.0,Defender,Northern Ireland,Defender,225.0,67.0,18.0,292.0,41.0,3.0,7.0,7.0,0.0,0.0,0.0,0.0,53.0,43.0,1.0,540.0,1.0,16.0,7.0,5.0,0.0,10.0,0.0,0.0,0.0,84.15,40.0,0.0,0.0,14.29,66.25,64.06,83.33,0.8250398474915043,0.2866174902176303,0.0,1.0,0.04066992,2.0,13.0,18.0,0.7406745899999996,179.0,37.5,11.166666666666666,3.0,48.66666666666666,6.833333333333333,0.5,1.1666666666666667,1.1666666666666667,0.0,0.0,0.0,0.0,8.833333333333334,7.166666666666667,0.1666666666666666,0.1666666666666666,2.6666666666666665,1.1666666666666667,0.8333333333333334,0.0,1.6666666666666667,0.0,0.0,0.0,84.15,40.0,0.0,0.0,14.29,66.25,64.06,83.33,0.137506641248584,0.0477695817029383,0.0,0.1666666666666666,0.00677832,0.3333333333333333,2.1666666666666665,3.0,0.1234457649999999,29.83333333333333,CB,86,50,86,77,100,73,98,98,39,30,20,18,98,80,91,61,100,98,84,48,95,45,23,45,41,45,45,23,50,59,32,77,95,82,39,25,45,75,48,61,86,68,68,27,68,50,100,66,86,91,39,30,20,18,95,57,84,50,95,91,75,48,91,45,23,45,41,45,45,23,50,59,32,77,86,77,39,16,36,70,18,41,73,41,Premiership
Dundee United,4qdzzur2cuuridyb0jso8mksi,v9xcxlic45xllm9t5gvxf1ii,Z. Sapsford,Zachary Sapsford,24.0,Midfielder,Australia,Midfielder,14.0,41.0,0.0,53.0,4.0,8.0,8.0,8.0,0.0,1.0,7.0,7.0,13.0,1.0,1.0,352.0,2.0,25.0,3.0,1.0,0.0,4.0,2.0,3.0,0.0,62.35,0.0,40.0,42.86,25.0,27.66,21.05,33.33,0.7111921969132887,0.6824626308736045,2.0,6.0,0.23579121,2.0,6.0,6.0,0.66817655,19.0,3.5795454545454546,10.482954545454543,0.0,13.551136363636363,1.0227272727272727,2.0454545454545454,2.0454545454545454,2.0454545454545454,0.0,0.2556818181818182,1.7897727272727273,1.7897727272727273,3.3238636363636367,0.2556818181818182,0.2556818181818182,0.5113636363636364,6.392045454545455,0.7670454545454546,0.2556818181818182,0.0,1.0227272727272727,0.5113636363636364,0.7670454545454546,0.0,62.35,0.0,40.0,42.86,25.0,27.66,21.05,33.33,0.1818389139835113,0.1744932863029102,0.5113636363636364,1.5340909090909092,0.0602875252840909,0.5113636363636364,1.5340909090909092,1.5340909090909092,0.1708405951704545,4.857954545454546,CM/AM,10,10,10,10,80,60,80,100,15,55,65,60,25,15,80,60,100,35,15,35,90,50,55,55,10,10,100,65,40,10,20,30,70,50,65,65,80,20,20,15,70,10,10,10,10,10,80,50,80,100,15,60,40,30,20,10,70,60,100,40,10,35,90,50,50,55,10,10,100,65,40,10,20,30,80,40,60,70,80,10,20,10,60,10,Premiership
Falkirk,1pq8av8ecx28pshgtpkdj36nt,1xfip5eeswsdq2xc6t370w3kk,F. Barbrook,Finley Barbrook,21.0,Midfielder,England,Midfielder,83.0,70.0,6.0,153.0,1.0,3.0,5.0,2.0,3.0,3.0,6.0,6.0,21.0,5.0,0.0,360.0,0.0,4.0,6.0,10.0,0.0,6.0,0.0,1.0,0.0,86.44,40.0,0.0,16.67,0.0,50.0,25.0,76.92,0.4469542236395146,0.3355468812663666,2.0,3.0,0.07237421,3.0,8.0,8.0,0.3911666,57.0,20.75,17.5,1.5,38.25,0.25,0.75,1.25,0.5,0.75,0.75,1.5,1.5,5.25,1.25,0.0,0.0,1.0,1.5,2.5,0.0,1.5,0.0,0.25,0.0,86.44,40.0,0.0,16.67,0.0,50.0,25.0,76.92,0.1117385559098786,0.0838867203165916,0.5,0.75,0.0180935525,0.75,2.0,2.0,0.09779165,14.25,DM/CM,54,38,40,46,8,48,67,62,71,94,69,62,44,42,42,25,52,65,90,48,62,29,25,52,67,35,29,15,25,44,10,85,67,79,67,25,25,52,21,15,38,23,50,38,46,42,8,42,67,62,75,92,71,71,54,38,42,25,50,62,92,48,75,29,21,52,67,35,29,15,25,44,10,85,75,71,67,21,21,58,33,19,46,33,Premiership
Falkirk,1pq8av8ecx28pshgtpkdj36nt,29esjzxfxu8drcog8en5ytkdm,E. Ross,Ethan Ross,25.0,Attacker,Scotland,Striker,18.0,29.0,4.0,46.0,0.0,4.0,7.0,2.0,5.0,4.0,14.0,14.0,23.0,5.0,0.0,315.0,1.0,14.0,10.0,4.0,0.0,2.0,1.0,6.0,0.0,86.79,80.0,14.29,42.86,14.29,47.92,0.0,57.14,0.6144857658128519,0.3354794641791354,5.0,8.0,0.18863974,1.0,3.0,2.0,0.2291773,16.0,5.142857142857143,8.285714285714286,1.1428571428571428,13.142857142857142,0.0,1.1428571428571428,2.0,0.5714285714285714,1.4285714285714286,1.1428571428571428,4.0,4.0,6.571428571428571,1.4285714285714286,0.0,0.2857142857142857,4.0,2.857142857142857,1.1428571428571428,0.0,0.5714285714285714,0.2857142857142857,1.7142857142857142,0.0,86.79,80.0,14.29,42.86,14.29,47.92,0.0,57.14,0.1755673616608148,0.0958512754797529,1.4285714285714286,2.2857142857142856,0.0538970685714285,0.2857142857142857,0.8571428571428571,0.5714285714285714,0.0654792285714285,4.571428571428571,LW,50,17,83,17,17,50,58,25,100,83,67,67,83,83,33,25,50,83,67,50,83,42,83,58,100,100,50,50,17,67,17,50,50,33,83,67,50,25,42,17,33,17,33,17,67,17,17,33,67,17,100,83,67,67,83,83,33,17,67,83,50,50,83,50,83,58,100,100,50,50,17,67,17,50,67,33,83,67,33,17,50,17,33,17,Premiership
Falkirk,1pq8av8ecx28pshgtpkdj36nt,3jyid2g273zr668fxeeplegnp,R. Strain,Ryan Strain,29.0,Defender,Australia,Defender,99.0,103.0,13.0,191.0,9.0,10.0,4.0,2.0,2.0,1.0,8.0,8.0,34.0,11.0,0.0,450.0,2.0,12.0,11.0,7.0,1.0,9.0,11.0,4.0,0.0,80.25,44.83,26.19,50.0,50.0,53.12,69.23,58.33,0.2601498061675953,1.113274784278575,2.0,14.0,0.33765382,8.0,18.0,21.0,0.85243509,92.0,19.8,20.6,2.6,38.2,1.8,2.0,0.8,0.4,0.4,0.2,1.6,1.6,6.8,2.2,0.0,0.4,2.4,2.2,1.4,0.2,1.8,2.2,0.8,0.0,80.25,44.83,26.19,50.0,50.0,53.12,69.23,58.33,0.052029961233519,0.222654956855715,0.4,2.8,0.067530764,1.6,3.6,4.2,0.170487018,18.4,RB/RCB,77,92,85,85,77,100,77,65,81,50,96,88,92,35,54,100,96,100,85,96,81,100,85,38,62,77,62,46,92,31,92,46,69,100,77,92,92,100,77,77,92,69,77,85,77,85,77,100,77,62,62,35,92,85,100,15,54,100,77,92,62,92,77,100,77,38,62,77,62,46,92,31,92,46,69,100,69,92,85,100,77,69,77,77,Premiership
Falkirk,1pq8av8ecx28pshgtpkdj36nt,59uahiztn1qxczy3vqf4wivze,L. McCann,Leon McCann,26.0,Defender,Scotland,Defender,43.0,49.0,7.0,90.0,4.0,0.0,0.0,0.0,0.0,0.0,8.0,9.0,20.0,12.0,0.0,350.0,0.0,0.0,8.0,3.0,0.0,2.0,2.0,4.0,0.0,73.77,41.18,25.0,50.0,0.0,47.62,44.44,75.0,0.0,0.0,0.0,0.0,0.0,0.0,0.0,0.0,0.0,0.0,11.057142857142855,12.6,1.8,23.142857142857142,1.0285714285714287,0.0,0.0,0.0,0.0,0.0,2.0571428571428574,2.3142857142857145,5.142857142857143,3.085714285714286,0.0,0.0,0.0,2.0571428571428574,0.7714285714285715,0.0,0.5142857142857143,0.5142857142857143,1.0285714285714287,0.0,73.77,41.18,25.0,50.0,0.0,47.62,44.44,75.0,0.0,0.0,0.0,0.0,0.0,0.0,0.0,0.0,0.0,0.0,LB/LCB,8,33,50,8,25,8,21,25,29,33,71,75,38,25,46,29,12,92,62,42,29,33,58,54,17,71,50,42,29,25,33,75,21,8,33,17,17,8,8,8,8,8,8,25,50,8,25,8,21,25,29,33,83,83,50,17,46,29,12,92,58,42,42,33,75,54,17,71,50,42,29,25,33,75,21,8,33,17,17,8,8,8,8,8,Premiership
Falkirk,1pq8av8ecx28pshgtpkdj36nt,6rh9uy7nj755v83gj18wbr97u,B. Spencer,Brad Spencer,30.0,Midfielder,Scotland,Midfielder,54.0,62.0,12.0,115.0,3.0,3.0,2.0,0.0,2.0,1.0,2.0,2.0,14.0,7.0,0.0,258.0,0.0,1.0,4.0,4.0,0.0,4.0,1.0,1.0,0.0,73.72,48.0,50.0,50.0,0.0,63.64,75.0,66.67,0.1450657871616716,0.3253152204009716,1.0,2.0,0.0742627,0.0,17.0,14.0,0.37380576,74.0,18.837209302325583,21.627906976744185,4.186046511627907,40.11627906976744,1.0465116279069768,1.0465116279069768,0.6976744186046512,0.0,0.6976744186046512,0.3488372093023256,0.6976744186046512,0.6976744186046512,4.883720930232558,2.441860465116279,0.0,0.0,0.3488372093023256,1.3953488372093024,1.3953488372093024,0.0,1.3953488372093024,0.3488372093023256,0.3488372093023256,0.0,73.72,48.0,50.0,50.0,0.0,63.64,75.0,66.67,0.0506043443587226,0.1134820536282459,0.3488372093023256,0.6976744186046512,0.0259055930232558,0.0,5.930232558139535,4.883720930232558,0.1303973581395348,25.813953488372093,DM/CM,17,29,83,21,35,48,29,17,54,44,8,6,12,67,42,25,21,44,25,48,35,62,25,52,12,58,90,69,25,96,92,54,29,75,42,12,29,6,50,46,29,46,42,54,96,50,48,71,38,17,67,67,17,8,33,83,42,25,29,58,50,48,58,67,38,52,12,58,90,69,25,96,92,54,42,88,58,17,38,6,83,67,75,67,Premiership
Falkirk,1pq8av8ecx28pshgtpkdj36nt,9c0qb9xsb68z3jpufdh0u6mdx,L. Henderson,Liam Henderson,30.0,Defender,Scotland,Defender,133.0,73.0,15.0,204.0,10.0,1.0,3.0,2.0,1.0,1.0,3.0,3.0,21.0,27.0,0.0,417.0,1.0,9.0,3.0,3.0,0.0,5.0,2.0,2.0,1.0,82.59,36.59,66.67,66.67,33.33,56.76,83.33,50.0,0.2787808381754452,0.0476088308352502,1.0,2.0,0.04888404,1.0,21.0,19.0,0.4889983999999996,124.0,28.70503597122302,15.755395683453235,3.237410071942446,44.02877697841726,2.158273381294964,0.2158273381294964,0.6474820143884892,0.4316546762589928,0.2158273381294964,0.2158273381294964,0.6474820143884892,0.6474820143884892,4.532374100719424,5.827338129496402,0.0,0.2158273381294964,1.9424460431654675,0.6474820143884892,0.6474820143884892,0.0,1.079136690647482,0.4316546762589928,0.4316546762589928,0.2158273381294964,82.59,36.59,66.67,66.67,33.33,56.76,83.33,50.0,0.0601685262249162,0.0102752872306295,0.2158273381294964,0.4316546762589928,0.0105505122302158,0.2158273381294964,4.532374100719424,4.100719424460431,0.1055392230215826,26.76258992805755,CB,32,64,75,45,30,39,61,57,82,73,84,82,57,55,41,61,73,64,59,48,64,98,77,93,27,32,100,57,73,23,91,27,59,36,84,45,50,52,89,68,64,36,18,64,73,27,27,41,64,55,82,68,82,82,36,36,41,64,77,55,59,48,68,95,73,95,27,32,100,57,73,23,91,27,55,32,82,50,50,55,86,64,59,27,Premiership
Falkirk,1pq8av8ecx28pshgtpkdj36nt,9m4u40m2am54iz4h5gc81o9as,B. Krauhaus,Ben Krauhaus,21.0,Midfielder,England,Midfielder,34.0,42.0,2.0,76.0,3.0,4.0,0.0,0.0,0.0,0.0,8.0,8.0,22.0,3.0,0.0,322.0,0.0,4.0,7.0,3.0,0.0,1.0,0.0,3.0,0.0,81.72,25.0,0.0,37.5,0.0,43.14,50.0,33.33,0.0,0.2274579417051075,0.0,4.0,0.1033287599999999,3.0,4.0,6.0,0.25115331,22.0,9.50310559006211,11.739130434782608,0.5590062111801242,21.24223602484472,0.8385093167701863,1.1180124223602483,0.0,0.0,0.0,0.0,2.2360248447204967,2.2360248447204967,6.149068322981366,0.8385093167701863,0.0,0.0,1.1180124223602483,1.9565217391304344,0.8385093167701863,0.0,0.2795031055900621,0.0,0.8385093167701863,0.0,81.72,25.0,0.0,37.5,0.0,43.14,50.0,33.33,0.0,0.0635752010977008,0.0,1.1180124223602483,0.0288807093167701,0.8385093167701863,1.1180124223602483,1.6770186335403725,0.0701981301242236,6.149068322981366,CM/AM,30,20,25,20,65,25,10,20,15,25,90,80,85,45,30,15,25,80,75,35,25,25,55,55,80,20,25,50,15,30,70,30,10,20,20,50,50,45,10,15,20,20,40,20,30,20,60,20,10,20,15,25,90,90,80,40,30,15,20,80,80,35,20,25,60,55,80,20,25,50,15,30,70,30,10,20,20,40,40,60,10,20,20,20,Premiership
Falkirk,1pq8av8ecx28pshgtpkdj36nt,bgzc9ozb1qel3aw808tip6bu2,L. Neilson,Lewis Neilson,23.0,Defender,Scotland,Defender,115.0,36.0,13.0,151.0,11.0,0.0,1.0,1.0,0.0,1.0,1.0,1.0,14.0,25.0,0.0,360.0,0.0,1.0,0.0,2.0,0.0,3.0,0.0,1.0,0.0,79.47,35.14,0.0,100.0,0.0,63.64,73.33,100.0,0.1102893702424844,0.0,0.0,1.0,0.02953272,1.0,3.0,8.0,0.1667133499999999,92.0,28.75,9.0,3.25,37.75,2.75,0.0,0.25,0.25,0.0,0.25,0.25,0.25,3.5,6.25,0.0,0.0,0.25,0.0,0.5,0.0,0.75,0.0,0.25,0.0,79.47,35.14,0.0,100.0,0.0,63.64,73.33,100.0,0.0275723425606211,0.0,0.0,0.25,0.00738318,0.25,0.75,2.0,0.0416783374999999,23.0,CB,14,9,59,14,39,14,30,34,39,73,55,52,20,48,41,25,14,7,32,48,25,45,57,45,9,18,45,82,25,41,52,91,27,16,39,25,32,52,5,14,5,9,23,9,77,18,36,14,27,32,39,75,66,66,23,50,41,25,14,7,34,48,27,45,66,45,9,18,45,82,25,41,52,91,27,16,39,36,41,59,9,14,9,23,Premiership
Heart of Midlothian,1hcbcuu846pa3iw6qskiws1cu,3qmpow56h8e5oncbsvij69hey,Cláudio Braga,Cláudio Rafael Soares Braga,26.0,Attacker,Portugal,Striker,37.0,51.0,3.0,87.0,11.0,6.0,26.0,20.0,6.0,9.0,14.0,15.0,22.0,4.0,2.0,432.0,6.0,33.0,8.0,2.0,2.0,4.0,1.0,2.0,0.0,73.11,50.0,12.5,14.29,23.08,34.38,44.0,100.0,2.410814604592553,0.3982196652979711,7.0,9.0,0.28164055,5.0,6.0,8.0,0.38907814,37.0,7.708333333333334,10.625,0.625,18.125,2.291666666666667,1.25,5.416666666666667,4.166666666666667,1.25,1.875,2.916666666666667,3.125,4.583333333333334,0.8333333333333334,0.4166666666666667,1.25,6.875,1.6666666666666667,0.4166666666666667,0.4166666666666667,0.8333333333333334,0.2083333333333333,0.4166666666666667,0.0,73.11,50.0,12.5,14.29,23.08,34.38,44.0,100.0,0.5022530426234486,0.0829624302704106,1.4583333333333337,1.875,0.0586751145833333,1.0416666666666667,1.25,1.6666666666666667,0.0810579458333333,7.708333333333334,ST,96,79,70,89,93,66,100,100,95,98,91,95,79,68,80,88,93,86,50,95,98,57,43,50,50,66,54,18,29,32,75,95,100,50,96,80,86,91,77,75,79,86,86,54,54,68,79,43,100,96,89,96,79,79,43,50,75,79,79,68,39,93,93,54,32,50,50,66,54,18,29,32,75,95,89,36,82,71,68,82,61,61,61,68,Premiership
Heart of Midlothian,1hcbcuu846pa3iw6qskiws1cu,3usnd6k0t6bcwwq4m3fut3eqy,L. Mendy,Laurent Mendy,29.0,Midfielder,France,Midfielder,73.0,46.0,8.0,119.0,11.0,4.0,7.0,4.0,3.0,1.0,9.0,10.0,27.0,9.0,1.0,312.0,3.0,5.0,4.0,6.0,0.0,2.0,0.0,4.0,0.0,85.61,53.33,0.0,44.44,42.86,50.0,55.0,75.0,0.7354755689832051,0.2782181921070516,3.0,7.0,0.1402886,1.0,8.0,9.0,0.15759369,57.0,21.057692307692307,13.269230769230768,2.3076923076923075,34.32692307692307,3.173076923076923,1.1538461538461535,2.019230769230769,1.1538461538461535,0.8653846153846153,0.2884615384615384,2.5961538461538463,2.8846153846153846,7.788461538461538,2.5961538461538463,0.2884615384615384,0.8653846153846153,1.4423076923076923,1.1538461538461535,1.7307692307692306,0.0,0.5769230769230769,0.0,1.1538461538461535,0.0,85.61,53.33,0.0,44.44,42.86,50.0,55.0,75.0,0.2121564141297706,0.0802552477231879,0.8653846153846153,2.019230769230769,0.0404678653846153,0.2884615384615384,2.3076923076923075,2.5961538461538463,0.0454597182692307,16.442307692307693,DM/CM,42,12,52,25,98,67,81,92,71,44,92,92,73,79,92,92,65,44,44,48,8,29,85,52,54,71,29,58,79,44,62,75,92,67,83,65,62,21,21,23,8,23,54,21,58,33,100,79,96,96,83,50,92,96,88,88,96,96,62,50,58,48,8,29,88,52,54,71,29,58,79,44,62,75,96,62,96,75,71,17,38,38,8,38,Premiership
Heart of Midlothian,1hcbcuu846pa3iw6qskiws1cu,5zkdl1olsiy05l1aw15fk0178,J. Altena,Jordi Altena,22.0,Defender,Netherlands,Defender,73.0,89.0,14.0,158.0,8.0,4.0,1.0,0.0,1.0,0.0,7.0,8.0,30.0,15.0,0.0,403.0,1.0,3.0,10.0,3.0,0.0,2.0,4.0,3.0,0.0,82.29,70.0,28.57,42.86,100.0,54.55,61.54,33.33,0.0659968275941488,0.4407616205595197,0.0,11.0,0.22639409,4.0,19.0,19.0,0.4416361999999998,96.0,16.30272952853598,19.87593052109181,3.126550868486352,35.28535980148883,1.7866004962779156,0.8933002481389578,0.2233250620347394,0.0,0.2233250620347394,0.0,1.563275434243176,1.7866004962779156,6.699751861042183,3.349875930521092,0.0,0.2233250620347394,0.6699751861042184,2.2332506203473943,0.6699751861042184,0.0,0.4466501240694789,0.8933002481389578,0.6699751861042184,0.0,82.29,70.0,28.57,42.86,100.0,54.55,61.54,33.33,0.0147387456165592,0.098433116253987,0.0,2.456575682382134,0.0505594741935483,0.8933002481389578,4.2431761786600495,4.2431761786600495,0.0986284317617865,21.439205955334987,RB/RCB,69,77,92,69,69,69,19,12,50,12,85,88,85,62,54,85,8,92,19,46,12,77,65,38,69,100,69,31,100,38,69,8,8,69,27,77,77,85,85,69,54,77,62,77,92,77,69,69,23,12,46,12,85,92,92,54,54,85,8,100,15,46,8,69,54,38,69,100,69,31,100,38,69,8,8,69,27,77,77,77,92,77,62,85,Premiership
Heart of Midlothian,1hcbcuu846pa3iw6qskiws1cu,6axbj3uylrbf0l29vj3vdmd3p,B. Spittal,Blair Spittal,30.0,Midfielder,Scotland,Midfielder,39.0,66.0,17.0,100.0,3.0,8.0,6.0,0.0,6.0,3.0,1.0,1.0,7.0,7.0,0.0,274.0,1.0,1.0,1.0,2.0,1.0,2.0,5.0,0.0,0.0,78.74,56.67,26.32,0.0,16.67,50.0,60.0,66.67,0.3133211544734484,0.7135494872815016,5.0,3.0,0.08291693,4.0,16.0,24.0,0.5949859900000005,65.0,12.81021897810219,21.67883211678832,5.583941605839416,32.846715328467155,0.9854014598540146,2.6277372262773726,1.9708029197080288,0.0,1.9708029197080288,0.9854014598540146,0.3284671532846716,0.3284671532846716,2.2992700729927007,2.2992700729927007,0.0,0.3284671532846716,0.3284671532846716,0.3284671532846716,0.6569343065693432,0.3284671532846716,0.6569343065693432,1.6423357664233578,0.0,0.0,78.74,56.67,26.32,0.0,16.67,50.0,60.0,66.67,0.1029157076737604,0.2343775688150917,1.6423357664233578,0.9854014598540146,0.0272354879562043,1.3138686131386863,5.255474452554745,7.883211678832117,0.1954333543795622,21.35036496350365,CM/AM,50,50,100,45,65,60,55,20,90,85,10,10,10,90,30,40,10,10,45,80,50,80,10,55,40,80,60,10,30,60,100,80,40,70,90,35,30,65,70,70,60,80,70,70,100,60,70,70,70,20,90,100,10,10,10,100,30,40,10,10,50,90,60,80,10,55,40,80,60,10,30,60,100,80,30,80,90,30,30,70,80,70,80,80,Premiership
Heart of Midlothian,1hcbcuu846pa3iw6qskiws1cu,8iazetrjur71kb2xfez7hromi,O. McEntee,Oisin McEntee,25.0,Midfielder,Republic of Ireland,Midfielder,163.0,43.0,23.0,205.0,17.0,1.0,3.0,2.0,1.0,2.0,0.0,0.0,25.0,40.0,1.0,405.0,1.0,3.0,2.0,5.0,0.0,5.0,1.0,0.0,0.0,82.0,41.82,100.0,0.0,33.33,69.44,85.0,83.33,0.2870333241462729,0.0467630722215856,1.0,1.0,0.02953272,1.0,7.0,13.0,0.3869799800000001,113.0,36.22222222222222,9.555555555555555,5.111111111111111,45.55555555555556,3.7777777777777777,0.2222222222222222,0.6666666666666666,0.4444444444444444,0.2222222222222222,0.4444444444444444,0.0,0.0,5.555555555555555,8.88888888888889,0.2222222222222222,0.2222222222222222,0.6666666666666666,0.4444444444444444,1.1111111111111112,0.0,1.1111111111111112,0.2222222222222222,0.0,0.0,82.0,41.82,100.0,0.0,33.33,69.44,85.0,83.33,0.0637851831436162,0.010391793827019,0.2222222222222222,0.2222222222222222,0.0065628266666666,0.2222222222222222,1.5555555555555556,2.888888888888889,0.0859955511111111,25.11111111111111,RM/RCM,100,60,100,100,100,20,60,60,60,70,20,20,70,100,90,60,20,70,50,30,100,30,20,60,60,60,100,20,90,100,100,80,60,20,50,20,20,20,50,80,60,100,100,40,100,80,100,20,60,60,40,60,20,20,80,100,80,60,20,80,40,30,100,40,20,60,60,60,100,20,90,100,100,80,40,20,40,20,20,20,40,60,40,100,Premiership
Heart of Midlothian,1hcbcuu846pa3iw6qskiws1cu,b75m7mxo0evpz949k8ekwukbu,S. Kerjota,Sabah Kerjota,25.0,Attacker,Albania,Striker,31.0,61.0,6.0,88.0,0.0,5.0,11.0,8.0,3.0,4.0,15.0,16.0,20.0,1.0,1.0,288.0,3.0,25.0,6.0,7.0,1.0,2.0,4.0,5.0,0.0,82.24,66.67,28.57,33.33,27.27,40.82,0.0,77.78,0.8717888437718202,0.515937698856486,7.0,18.0,0.53720871,4.0,3.0,10.0,0.57976969,40.0,9.6875,19.0625,1.875,27.5,0.0,1.5625,3.4375,2.5,0.9375,1.25,4.6875,5.0,6.25,0.3125,0.3125,0.9375,7.8125,1.875,2.1875,0.3125,0.625,1.25,1.5625,0.0,82.24,66.67,28.57,33.33,27.27,40.82,0.0,77.78,0.2724340136786938,0.1612305308926518,2.1875,5.625,0.167877721875,1.25,0.9375,3.125,0.181178028125,12.5,RW,83,67,67,67,17,33,50,50,67,83,67,67,83,42,58,33,67,83,83,42,92,83,67,58,67,58,100,33,33,33,17,100,50,50,83,67,67,75,33,42,67,83,67,50,67,50,17,33,83,50,67,100,67,67,83,50,67,33,100,100,83,33,100,83,50,58,67,58,100,33,33,33,17,100,50,67,100,83,83,83,33,50,67,67,Premiership
Heart of Midlothian,1hcbcuu846pa3iw6qskiws1cu,bk1nh2axh3i5jamodh8kvf1uc,J. Wilson,James Wilson,19.0,Attacker,Scotland,Striker,13.0,12.0,1.0,24.0,2.0,2.0,3.0,3.0,0.0,0.0,1.0,1.0,3.0,0.0,2.0,201.0,2.0,5.0,1.0,0.0,0.0,0.0,1.0,0.0,0.0,96.0,100.0,100.0,0.0,66.67,15.0,12.5,0.0,0.6364741823356113,0.193091521625637,0.0,2.0,0.06452141,0.0,2.0,3.0,0.12645492,9.0,5.820895522388059,5.3731343283582085,0.4477611940298507,10.746268656716415,0.8955223880597015,0.8955223880597015,1.343283582089552,1.343283582089552,0.0,0.0,0.4477611940298507,0.4477611940298507,1.343283582089552,0.0,0.8955223880597015,0.8955223880597015,2.238805970149253,0.4477611940298507,0.0,0.0,0.0,0.4477611940298507,0.0,0.0,96.0,100.0,100.0,0.0,66.67,15.0,12.5,0.0,0.2849884398517662,0.0864588902801359,0.0,0.8955223880597015,0.0288901835820895,0.0,0.8955223880597015,1.343283582089552,0.0566216059701492,4.029850746268656,ST,38,4,41,7,21,21,7,9,12,11,5,5,4,7,80,34,4,7,16,32,27,57,9,50,100,98,100,9,100,4,14,16,21,29,18,23,21,12,34,32,29,16,57,11,46,29,43,29,11,21,12,11,7,7,4,7,93,50,7,11,16,32,27,64,9,50,100,98,100,9,100,4,14,16,46,39,18,36,29,12,43,46,43,36,Premiership
Heart of Midlothian,1hcbcuu846pa3iw6qskiws1cu,cqfbp8me2n00cve66v797omvp,S. Findlay,Stuart Findlay,31.0,Defender,Scotland,Defender,140.0,41.0,10.0,181.0,15.0,0.0,2.0,2.0,0.0,0.0,1.0,1.0,21.0,30.0,0.0,360.0,1.0,7.0,3.0,0.0,0.0,4.0,0.0,1.0,0.0,87.44,37.04,0.0,100.0,50.0,65.62,68.18,0.0,0.2501339522546605,0.0,0.0,3.0,0.14364977,0.0,5.0,10.0,0.1785951899999999,112.0,35.0,10.25,2.5,45.25,3.75,0.0,0.5,0.5,0.0,0.0,0.25,0.25,5.25,7.5,0.0,0.25,1.75,0.75,0.0,0.0,1.0,0.0,0.25,0.0,87.44,37.04,0.0,100.0,50.0,65.62,68.18,0.0,0.0625334880636651,0.0,0.0,0.75,0.0359124425,0.0,1.25,2.5,0.0446487974999999,28.0,CB,39,18,36,27,61,14,48,57,39,30,55,52,57,59,41,61,61,64,7,48,45,45,57,45,59,36,45,82,86,55,41,7,50,16,39,59,91,18,14,23,9,27,50,18,52,36,59,14,52,61,39,30,66,66,59,68,41,68,68,64,7,48,50,45,66,45,59,36,45,82,86,55,41,7,59,16,39,59,86,18,14,30,14,32,Premiership
Heart of Midlothian,1hcbcuu846pa3iw6qskiws1cu,cu7va0dq02wylua4gxv5rrf85,C. Miller,Calvin Miller,28.0,Attacker,Scotland,Striker,30.0,56.0,5.0,82.0,7.0,6.0,7.0,5.0,2.0,4.0,14.0,14.0,24.0,8.0,1.0,337.0,2.0,12.0,4.0,4.0,0.0,2.0,4.0,6.0,0.0,78.1,55.56,13.33,42.86,28.57,50.0,53.85,57.14,0.4816780137991146,0.5966983731785993,4.0,5.0,0.15687518,0.0,4.0,5.0,0.28090312,31.0,8.01186943620178,14.955489614243325,1.3353115727002969,21.899109792284868,1.869436201780416,1.602373887240356,1.869436201780416,1.3353115727002969,0.5341246290801187,1.0682492581602374,3.738872403560831,3.738872403560831,6.4094955489614245,2.136498516320475,0.2670623145400593,0.5341246290801187,3.204747774480712,1.0682492581602374,1.0682492581602374,0.0,0.5341246290801187,1.0682492581602374,1.602373887240356,0.0,78.1,55.56,13.33,42.86,28.57,50.0,53.85,57.14,0.1286380452282502,0.1593556486233648,1.0682492581602374,1.3353115727002969,0.0418954486646884,0.0,1.0682492581602374,1.3353115727002969,0.075018637388724,8.27893175074184,ST,91,82,98,79,73,66,29,30,50,73,91,88,88,96,54,34,29,38,80,32,82,84,93,50,79,75,57,52,43,86,93,61,11,79,73,57,50,12,55,52,68,75,93,82,93,86,71,61,25,18,54,71,96,93,86,93,50,29,21,36,75,32,86,86,89,50,79,75,57,52,43,86,93,61,11,71,75,57,54,12,54,39,54,75,Premiership
Heart of Midlothian,1hcbcuu846pa3iw6qskiws1cu,d9af8aedco8r1h0ognw2ildnu,J. McPake,Josh McPake,25.0,Attacker,Scotland,Striker,23.0,56.0,3.0,78.0,1.0,6.0,9.0,7.0,2.0,2.0,16.0,18.0,28.0,1.0,2.0,343.0,5.0,15.0,11.0,5.0,3.0,2.0,1.0,9.0,0.0,81.25,37.5,10.0,56.25,55.56,53.85,11.11,71.43,0.622783984857226,0.5283899181940007,8.0,17.0,0.54346539,5.0,5.0,10.0,0.64948047,39.0,6.034985422740525,14.693877551020408,0.7871720116618076,20.466472303207,0.2623906705539359,1.5743440233236152,2.361516034985423,1.836734693877551,0.5247813411078718,0.5247813411078718,4.198250728862974,4.723032069970846,7.346938775510204,0.2623906705539359,0.5247813411078718,1.3119533527696794,3.935860058309038,2.8862973760932946,1.3119533527696794,0.7871720116618076,0.5247813411078718,0.2623906705539359,2.361516034985423,0.0,81.25,37.5,10.0,56.25,55.56,53.85,11.11,71.43,0.1634127073969397,0.1386445849488631,2.099125364431487,4.46064139941691,0.1426002481049562,1.3119533527696794,1.3119533527696794,2.623906705539359,0.1704176160349854,10.2332361516035,LW,75,100,58,83,58,75,100,100,58,50,83,83,100,42,100,100,75,100,100,100,83,42,100,58,67,50,33,67,83,100,42,83,67,83,100,83,83,100,75,100,100,100,50,50,50,67,33,67,100,100,50,33,83,83,100,33,100,100,50,100,83,100,67,33,100,58,67,50,33,67,83,100,42,83,50,50,100,83,83,83,67,67,67,67,Premiership
Heart of Midlothian,1hcbcuu846pa3iw6qskiws1cu,eh8c98y5vpxqv2n9djm4ezoid,J. McCart,Jamie McCart,29.0,Defender,Scotland,Defender,80.0,43.0,7.0,123.0,13.0,1.0,0.0,0.0,0.0,0.0,0.0,0.0,23.0,18.0,0.0,282.0,0.0,4.0,4.0,2.0,1.0,9.0,0.0,0.0,0.0,79.87,35.0,0.0,0.0,0.0,65.71,54.17,33.33,0.0,0.0756570394191626,0.0,4.0,0.07926342,1.0,12.0,12.0,0.2576949599999999,81.0,25.53191489361702,13.72340425531915,2.2340425531914896,39.255319148936174,4.148936170212766,0.3191489361702128,0.0,0.0,0.0,0.0,0.0,0.0,7.340425531914894,5.74468085106383,0.0,0.0,1.2765957446808511,1.2765957446808511,0.6382978723404256,0.3191489361702128,2.872340425531915,0.0,0.0,0.0,79.87,35.0,0.0,0.0,0.0,65.71,54.17,33.33,0.0,0.0241458636444135,0.0,1.2765957446808511,0.0252968361702127,0.3191489361702128,3.8297872340425534,3.8297872340425534,0.0822430723404255,25.85106382978724,LB/LCB,75,12,50,42,83,25,21,25,29,33,8,8,67,58,46,29,46,46,33,88,100,17,12,54,50,46,17,12,29,92,50,21,21,33,33,42,42,25,50,29,25,75,75,33,67,75,100,33,21,25,29,33,8,8,92,75,46,29,58,75,42,92,100,17,12,54,50,46,17,12,29,92,50,21,21,33,33,58,50,33,75,50,25,83,Premiership
Heart of Midlothian,1hcbcuu846pa3iw6qskiws1cu,f0ip30hmi0fv1xocqg23npd9m,T. Magnússon,Tómas Magnússon,24.0,Midfielder,Iceland,Midfielder,53.0,47.0,8.0,100.0,6.0,7.0,3.0,2.0,1.0,0.0,5.0,5.0,17.0,6.0,0.0,235.0,1.0,6.0,4.0,2.0,0.0,2.0,0.0,4.0,0.0,74.07,47.06,0.0,80.0,33.33,53.12,54.55,66.67,0.3017164601784731,0.5501651164162475,0.0,3.0,0.10261436,2.0,9.0,10.0,0.25221698,53.0,20.29787234042553,18.0,3.0638297872340425,38.29787234042553,2.297872340425532,2.680851063829788,1.1489361702127658,0.7659574468085106,0.3829787234042553,0.0,1.9148936170212765,1.9148936170212765,6.51063829787234,2.297872340425532,0.0,0.3829787234042553,2.297872340425532,1.5319148936170213,0.7659574468085106,0.0,0.7659574468085106,0.0,1.5319148936170213,0.0,74.07,47.06,0.0,80.0,33.33,53.12,54.55,66.67,0.1155509847492024,0.2107015339466479,0.0,1.1489361702127658,0.0392991165957446,0.7659574468085106,3.4468085106382977,3.829787234042553,0.0965937370212765,20.29787234042553,CM/AM,90,30,65,45,90,40,30,45,35,25,30,30,70,80,30,40,45,50,45,35,50,25,70,55,20,50,25,100,55,80,90,80,30,40,20,35,40,20,30,30,30,50,90,50,90,70,100,80,40,50,40,25,60,60,100,90,30,50,70,60,60,35,70,25,90,55,20,50,25,100,55,80,90,80,50,60,20,50,50,40,40,50,30,70,Premiership
Hibernian,c9ky1957qli8v2lylfga7io8b,11mfhxezbxlrha648ys9buoes,M. Chaiwa,Miguel Chaiwa,22.0,Midfielder,Zambia,Midfielder,56.0,49.0,3.0,105.0,6.0,2.0,2.0,0.0,2.0,1.0,2.0,2.0,15.0,7.0,0.0,307.0,0.0,1.0,6.0,2.0,1.0,4.0,0.0,1.0,0.0,81.4,30.0,0.0,50.0,0.0,46.88,50.0,100.0,0.1010880142012283,0.1431597188885464,1.0,5.0,0.1338202,4.0,4.0,8.0,0.1871061599999999,44.0,16.416938110749186,14.364820846905538,0.8794788273615636,30.781758957654723,1.7589576547231272,0.5863192182410424,0.5863192182410424,0.0,0.5863192182410424,0.2931596091205212,0.5863192182410424,0.5863192182410424,4.397394136807818,2.052117263843648,0.0,0.0,0.2931596091205212,1.7589576547231272,0.5863192182410424,0.2931596091205212,1.1726384364820848,0.0,0.2931596091205212,0.0,81.4,30.0,0.0,50.0,0.0,46.88,50.0,100.0,0.0296349227300017,0.0419686472311699,0.2931596091205212,1.4657980456026058,0.0392306775244299,1.1726384364820848,1.1726384364820848,2.345276872964169,0.0548519687296416,12.899022801302932,DM/CM,21,21,23,17,69,23,29,17,54,44,8,6,21,67,42,25,21,65,6,96,35,29,25,52,29,23,29,69,25,29,50,100,21,17,42,42,58,69,8,15,17,12,25,25,25,29,79,33,33,17,58,54,12,4,25,71,42,25,21,71,8,96,42,29,33,52,29,23,29,69,25,29,50,100,21,29,50,58,67,75,8,29,17,25,Premiership
Hibernian,c9ky1957qli8v2lylfga7io8b,1cfh2cg8i2f4cqd7fraos96fp,J. McGrath,Jamie McGrath,29.0,Midfielder,Republic of Ireland,Midfielder,35.0,71.0,1.0,106.0,4.0,3.0,9.0,5.0,4.0,3.0,14.0,14.0,27.0,6.0,0.0,303.0,2.0,19.0,4.0,7.0,0.0,2.0,0.0,8.0,0.0,86.89,20.0,0.0,57.14,22.22,56.25,50.0,63.64,0.6096170068749,0.2386155407700754,3.0,12.0,0.36031245,5.0,10.0,22.0,0.4730449199999999,45.0,10.396039603960396,21.08910891089109,0.297029702970297,31.485148514851485,1.188118811881188,0.8910891089108911,2.6732673267326734,1.4851485148514851,1.188118811881188,0.8910891089108911,4.158415841584159,4.158415841584159,8.01980198019802,1.7821782178217822,0.0,0.594059405940594,5.643564356435643,1.188118811881188,2.07920792079208,0.0,0.594059405940594,0.0,2.376237623762376,0.0,86.89,20.0,0.0,57.14,22.22,56.25,50.0,63.64,0.181074358477693,0.0708759031990323,0.8910891089108911,3.5643564356435644,0.1070235,1.4851485148514851,2.9702970297029703,6.534653465346534,0.1405083920792079,13.366336633663366,LM/LCM,50,75,50,50,75,50,100,100,100,88,100,100,75,75,50,100,100,25,75,50,38,38,100,62,100,50,38,75,75,50,75,50,100,50,100,100,100,100,75,100,50,50,75,100,50,100,75,50,100,100,100,100,100,100,100,75,50,100,100,50,75,50,50,38,100,62,100,50,38,75,75,50,75,50,100,50,100,100,100,75,75,100,75,100,Premiership
Hibernian,c9ky1957qli8v2lylfga7io8b,1kw6qz2pi7wlam068oeirztud,J. Obita,Jordan Obita,32.0,Defender,Uganda,Defender,68.0,73.0,8.0,136.0,5.0,3.0,0.0,0.0,0.0,0.0,1.0,2.0,7.0,22.0,0.0,299.0,0.0,1.0,1.0,0.0,0.0,1.0,5.0,0.0,0.0,86.62,34.78,26.32,0.0,0.0,38.89,83.33,0.0,0.0,0.3463027295616986,0.0,3.0,0.05989318,2.0,17.0,23.0,0.6314151100000004,69.0,20.468227424749163,21.97324414715719,2.4080267558528425,40.936454849498325,1.5050167224080266,0.903010033444816,0.0,0.0,0.0,0.0,0.3010033444816053,0.6020066889632106,2.1070234113712374,6.622073578595318,0.0,0.0,0.3010033444816053,0.3010033444816053,0.0,0.0,0.3010033444816053,1.5050167224080266,0.0,0.0,86.62,34.78,26.32,0.0,0.0,38.89,83.33,0.0,0.0,0.1042382798011801,0.0,0.903010033444816,0.0180280474916387,0.6020066889632106,5.117056856187291,6.9230769230769225,0.1900580598662208,20.769230769230766,LB/LCB,33,58,75,50,33,46,21,25,29,33,25,33,12,75,46,29,25,25,8,42,8,62,12,54,83,33,62,12,29,17,92,8,21,42,33,33,33,46,88,92,42,54,67,83,75,83,50,50,21,25,29,33,25,42,8,83,46,29,25,25,8,42,8,75,12,54,83,33,62,12,29,17,92,8,21,67,33,33,33,58,83,92,58,75,Premiership
Hibernian,c9ky1957qli8v2lylfga7io8b,2zjxatr9s9esind5qke4wd3v9,G. Hanley,Grant Hanley,34.0,Defender,Scotland,Defender,154.0,41.0,5.0,195.0,5.0,1.0,1.0,1.0,0.0,0.0,0.0,0.0,8.0,12.0,0.0,241.0,0.0,4.0,2.0,2.0,1.0,1.0,0.0,0.0,0.0,93.75,45.45,0.0,0.0,0.0,61.54,62.5,100.0,0.1350101291855966,0.1181979599499294,0.0,0.0,0.0,0.0,7.0,10.0,0.25013244,137.0,57.51037344398341,15.311203319502075,1.867219917012448,72.82157676348548,1.867219917012448,0.3734439834024896,0.3734439834024896,0.3734439834024896,0.0,0.0,0.0,0.0,2.987551867219917,4.481327800829876,0.0,0.0,1.4937759336099583,0.7468879668049793,0.7468879668049793,0.3734439834024896,0.3734439834024896,0.0,0.0,0.0,93.75,45.45,0.0,0.0,0.0,61.54,62.5,100.0,0.0504187204427539,0.0441403169937495,0.0,0.0,0.0,0.0,2.6141078838174274,3.734439834024896,0.0934104547717842,51.16182572614108,CB,50,18,14,32,9,39,30,34,39,30,20,18,5,9,41,25,45,43,32,98,7,45,23,45,95,64,45,23,25,32,23,91,41,50,39,7,7,18,18,23,18,45,91,55,18,77,23,55,36,41,39,30,20,18,9,18,41,25,55,59,64,100,9,45,23,45,95,64,45,23,25,32,23,91,45,73,39,7,7,18,36,59,45,86,Premiership
Hibernian,c9ky1957qli8v2lylfga7io8b,3xs4gkk9je0g3fl24wim4piad,J. Kerr,Jason Kerr,29.0,Defender,Scotland,Defender,172.0,113.0,11.0,285.0,25.0,3.0,4.0,4.0,0.0,2.0,1.0,1.0,39.0,25.0,0.0,450.0,1.0,10.0,5.0,6.0,0.0,4.0,0.0,1.0,0.0,87.42,40.74,0.0,100.0,25.0,69.64,73.53,75.0,0.4522834545366885,0.1181058935494357,0.0,6.0,0.1189408499999999,4.0,20.0,23.0,0.6482610099999999,177.0,34.4,22.6,2.2,57.0,5.0,0.6,0.8,0.8,0.0,0.4,0.2,0.2,7.8,5.0,0.0,0.2,2.0,1.0,1.2,0.0,0.8,0.0,0.2,0.0,87.42,40.74,0.0,100.0,25.0,69.64,73.53,75.0,0.0904566909073377,0.0236211787098871,0.0,1.2,0.0237881699999999,0.8,4.0,4.6,0.129652202,35.4,CB,64,86,45,68,82,73,75,84,39,93,55,52,84,48,41,61,84,86,95,48,45,45,57,45,55,55,45,82,59,64,59,68,73,45,39,84,73,91,80,77,77,64,45,82,36,64,84,73,68,86,39,91,52,52,91,32,41,59,82,80,100,48,36,45,52,45,55,55,45,82,59,64,59,68,68,50,39,80,68,91,73,77,86,59,Premiership
Hibernian,c9ky1957qli8v2lylfga7io8b,4xbvoe0viskrxc7jiyd1iapcl,M. Boyle,Martin Boyle,33.0,Attacker,Australia,Striker,16.0,38.0,1.0,54.0,2.0,1.0,9.0,6.0,3.0,3.0,6.0,6.0,11.0,2.0,2.0,269.0,3.0,23.0,7.0,2.0,0.0,0.0,0.0,0.0,0.0,85.71,25.0,0.0,0.0,33.33,45.83,40.0,66.67,1.1008915277865583,0.0805938615766393,6.0,7.0,0.2446607,1.0,5.0,4.0,0.2752205199999999,14.0,5.353159851301116,12.71375464684015,0.3345724907063197,18.066914498141266,0.6691449814126395,0.3345724907063197,3.011152416356877,2.007434944237918,1.003717472118959,1.003717472118959,2.007434944237918,2.007434944237918,3.680297397769517,0.6691449814126395,0.6691449814126395,1.003717472118959,7.695167286245353,2.3420074349442377,0.6691449814126395,0.0,0.0,0.0,0.0,0.0,85.71,25.0,0.0,0.0,33.33,45.83,40.0,66.67,0.3683280204490343,0.0269644890033365,2.007434944237918,2.3420074349442377,0.0818567397769516,0.3345724907063197,1.6728624535315986,1.338289962825279,0.0920812148698884,4.684014869888475,ST,43,59,41,57,21,7,39,45,70,57,52,46,21,36,80,50,71,77,50,32,27,27,9,50,86,36,27,9,54,71,66,77,57,11,89,73,79,34,68,45,61,39,50,68,39,64,25,11,61,50,71,64,54,50,32,39,86,57,86,89,54,32,27,27,9,50,86,36,27,9,54,71,66,77,61,14,93,82,82,36,71,43,64,46,Premiership
Hibernian,c9ky1957qli8v2lylfga7io8b,7gik3tsvqcnvjikze1sqj2rfu,J. Mulligan,Josh Mulligan,23.0,Midfielder,Scotland,Midfielder,46.0,81.0,5.0,126.0,5.0,8.0,12.0,7.0,5.0,8.0,10.0,10.0,25.0,1.0,0.0,435.0,2.0,13.0,2.0,9.0,1.0,3.0,1.0,5.0,0.0,86.9,62.5,50.0,50.0,16.67,47.17,55.56,69.23,0.8089511927206746,0.4215478274236519,5.0,8.0,0.22152497,2.0,16.0,17.0,0.49998146,59.0,9.517241379310343,16.758620689655174,1.0344827586206895,26.06896551724138,1.0344827586206895,1.6551724137931036,2.4827586206896552,1.4482758620689655,1.0344827586206895,1.6551724137931036,2.0689655172413794,2.0689655172413794,5.172413793103448,0.2068965517241379,0.0,0.4137931034482759,2.689655172413793,0.4137931034482759,1.862068965517241,0.2068965517241379,0.6206896551724138,0.2068965517241379,1.0344827586206895,0.0,86.9,62.5,50.0,50.0,16.67,47.17,55.56,69.23,0.1673692122870361,0.0872167918807555,1.0344827586206895,1.6551724137931036,0.0458327524137931,0.4137931034482759,3.310344827586208,3.517241379310345,0.10344444,12.20689655172414,RM/RCM,60,80,70,60,60,100,100,80,100,100,50,40,70,20,40,80,80,70,90,80,60,30,60,60,80,100,70,90,60,40,80,50,100,40,80,80,80,60,100,100,80,80,60,80,60,60,40,100,100,80,100,100,40,40,40,20,40,80,80,60,80,60,40,20,60,60,80,100,70,90,60,40,80,50,100,40,80,60,40,40,100,80,80,60,Premiership
Hibernian,c9ky1957qli8v2lylfga7io8b,88llk7uinnhsg3xcipf05d9g4,N. Lowe,Nathan Lowe,20.0,Attacker,England,Striker,11.0,23.0,0.0,34.0,7.0,7.0,11.0,9.0,2.0,3.0,7.0,8.0,20.0,0.0,1.0,345.0,4.0,19.0,6.0,1.0,1.0,0.0,0.0,5.0,0.0,68.0,0.0,0.0,71.43,36.36,34.48,20.59,50.0,1.950335582970805,0.4739157920078227,1.0,2.0,0.0478667,1.0,1.0,2.0,0.11080014,12.0,2.869565217391304,6.0,0.0,8.869565217391305,1.826086956521739,1.826086956521739,2.869565217391304,2.347826086956521,0.5217391304347826,0.7826086956521738,1.826086956521739,2.0869565217391304,5.217391304347826,0.0,0.2608695652173913,1.0434782608695652,4.956521739130435,1.5652173913043477,0.2608695652173913,0.2608695652173913,0.0,0.0,1.3043478260869563,0.0,68.0,0.0,0.0,71.43,36.36,34.48,20.59,50.0,0.5087831955576012,0.1236302066107363,0.2608695652173913,0.5217391304347826,0.0124869652173913,0.2608695652173913,0.2608695652173913,0.5217391304347826,0.028904384347826,3.130434782608696,ST,21,21,18,23,73,77,64,66,50,57,64,68,68,7,54,64,64,62,36,77,27,27,88,50,21,18,27,95,62,36,25,46,89,68,43,23,11,34,21,16,21,32,25,21,18,14,68,71,57,68,50,54,50,54,61,7,46,64,57,64,36,79,27,27,79,50,21,18,27,95,62,36,25,46,93,61,43,21,14,29,18,18,21,25,Premiership
Hibernian,c9ky1957qli8v2lylfga7io8b,apgbqplqtvuc1dmdxi5gqhd04,A. Mayor,Adam Mayor,21.0,Attacker,England,Striker,33.0,54.0,7.0,79.0,1.0,7.0,4.0,2.0,2.0,0.0,6.0,6.0,11.0,6.0,1.0,284.0,1.0,4.0,0.0,4.0,0.0,2.0,8.0,1.0,0.0,76.7,53.85,25.0,16.67,25.0,37.93,33.33,44.44,0.3136708416641446,0.7689383063296307,2.0,3.0,0.07805924,1.0,8.0,9.0,0.62192448,38.0,10.45774647887324,17.112676056338028,2.218309859154929,25.03521126760564,0.3169014084507042,2.218309859154929,1.267605633802817,0.6338028169014085,0.6338028169014085,0.0,1.9014084507042253,1.9014084507042253,3.4859154929577465,1.9014084507042253,0.3169014084507042,0.3169014084507042,1.267605633802817,0.0,1.267605633802817,0.0,0.6338028169014085,2.535211267605634,0.3169014084507042,0.0,76.7,53.85,25.0,16.67,25.0,37.93,33.33,44.44,0.0994027315132852,0.243677632287559,0.6338028169014085,0.9507042253521129,0.0247370830985915,0.3169014084507042,2.535211267605634,2.852112676056338,0.1970887436619718,12.042253521126762,LW,100,75,100,100,58,100,25,25,58,17,50,50,33,100,75,25,17,17,67,50,83,100,17,58,50,67,83,17,42,50,100,17,17,100,50,17,17,25,100,75,83,83,100,83,100,83,67,100,17,33,67,17,50,50,33,100,83,33,17,17,67,50,100,100,17,58,50,67,83,17,42,50,100,17,17,100,50,17,17,33,100,83,100,100,Premiership
Hibernian,c9ky1957qli8v2lylfga7io8b,culbbgu1o5fdbl3gxz54rbn4l,F. Passlack,Felix Passlack,28.0,Defender,Germany,Defender,47.0,102.0,5.0,145.0,2.0,6.0,5.0,3.0,2.0,3.0,4.0,4.0,20.0,8.0,0.0,374.0,0.0,10.0,4.0,6.0,1.0,4.0,4.0,3.0,0.0,78.38,35.71,30.77,75.0,0.0,48.78,25.0,50.0,0.3652098323723142,0.5516440811353536,3.0,15.0,0.39479773,4.0,14.0,16.0,0.5848920099999999,43.0,11.310160427807483,24.545454545454543,1.2032085561497323,34.893048128342244,0.481283422459893,1.443850267379679,1.2032085561497323,0.7219251336898395,0.481283422459893,0.7219251336898395,0.962566844919786,0.962566844919786,4.81283422459893,1.925133689839572,0.0,0.0,2.406417112299465,0.962566844919786,1.443850267379679,0.2406417112299465,0.962566844919786,0.962566844919786,0.7219251336898395,0.0,78.38,35.71,30.77,75.0,0.0,48.78,25.0,50.0,0.0878847190200756,0.1327485756742829,0.7219251336898395,3.6096256684491976,0.0950048013368984,0.962566844919786,3.368983957219251,3.850267379679144,0.1407494141711229,10.3475935828877,RB/RCB,27,85,31,62,12,92,85,85,81,92,54,50,46,8,54,38,85,65,65,96,42,77,65,38,54,46,85,77,38,23,8,31,85,85,92,100,100,85,62,62,69,23,23,92,38,69,8,92,85,85,85,92,46,38,46,8,54,38,85,69,77,100,46,77,62,38,54,46,85,77,38,23,8,31,85,77,92,100,100,85,69,54,69,31,Premiership
Kilmarnock,enzoyc121va61wtmjf4cm7p3d,3agoezihnwgu4ak8bnwtmyqj9,A. Tshibola,Aaron Tshibola,31.0,Midfielder,Congo DR,Midfielder,66.0,94.0,9.0,160.0,7.0,3.0,4.0,3.0,1.0,0.0,6.0,6.0,16.0,4.0,0.0,276.0,3.0,5.0,3.0,3.0,0.0,3.0,0.0,2.0,0.0,87.91,56.25,0.0,33.33,75.0,36.36,70.0,75.0,0.5424275626358259,0.3014765916970032,0.0,3.0,0.05310256,1.0,23.0,16.0,0.4617364199999997,103.0,21.52173913043478,30.65217391304348,2.934782608695652,52.17391304347826,2.282608695652174,0.9782608695652172,1.3043478260869563,0.9782608695652172,0.3260869565217391,0.0,1.9565217391304344,1.9565217391304344,5.217391304347826,1.3043478260869563,0.0,0.9782608695652172,1.6304347826086956,0.9782608695652172,0.9782608695652172,0.0,0.9782608695652172,0.0,0.6521739130434783,0.0,87.91,56.25,0.0,33.33,75.0,36.36,70.0,75.0,0.1768785530334214,0.0983075842490227,0.0,0.9782608695652172,0.017316052173913,0.3260869565217391,7.499999999999999,5.217391304347826,0.1505662239130433,33.586956521739125,DM/CM,33,54,65,54,79,48,52,75,27,15,69,62,25,25,42,92,65,25,17,48,17,29,56,52,71,75,29,29,96,4,83,75,83,71,15,25,17,21,75,52,54,67,58,83,79,79,92,67,71,88,38,15,88,83,50,42,42,100,75,33,21,48,33,29,67,52,71,75,29,29,96,4,83,75,92,79,15,25,17,21,96,83,79,92,Premiership
Kilmarnock,enzoyc121va61wtmjf4cm7p3d,4j14wvtclmprw5o8wtwzd1atw,E. Ring,Erik Ring,24.0,Midfielder,Sweden,Midfielder,16.0,36.0,2.0,47.0,3.0,4.0,2.0,1.0,1.0,1.0,14.0,14.0,17.0,8.0,0.0,277.0,0.0,6.0,1.0,3.0,0.0,3.0,5.0,7.0,0.0,71.21,25.0,50.0,50.0,0.0,48.57,50.0,50.0,0.1999481325091951,0.55162996776262,1.0,5.0,0.1844018999999999,2.0,7.0,12.0,0.85875194,25.0,5.1985559566787005,11.696750902527077,0.6498194945848376,15.27075812274368,0.9747292418772564,1.2996389891696751,0.6498194945848376,0.3249097472924188,0.3249097472924188,0.3249097472924188,4.548736462093863,4.548736462093863,5.523465703971119,2.5992779783393503,0.0,0.0,1.9494584837545128,0.3249097472924188,0.9747292418772564,0.0,0.9747292418772564,1.624548736462094,2.274368231046932,0.0,71.21,25.0,50.0,50.0,0.0,48.57,50.0,50.0,0.0649650972051536,0.1792299534246779,0.3249097472924188,1.624548736462094,0.0599139747292418,0.6498194945848376,2.274368231046932,3.898916967509025,0.2790168758122743,8.12274368231047,RM/RCM,40,20,40,20,20,40,40,30,60,30,80,80,20,70,40,30,40,30,20,30,60,100,80,60,40,40,70,90,30,60,50,20,40,100,50,40,40,60,50,60,100,30,40,60,40,40,20,80,40,40,80,40,80,80,60,80,40,30,60,40,20,30,80,100,100,60,40,40,70,90,30,60,50,20,60,100,60,40,80,80,80,100,100,40,Premiership
Kilmarnock,enzoyc121va61wtmjf4cm7p3d,610qf6vm0fsq97hvdcpj4ka95,T. Lowery,Tom Lowery,28.0,Midfielder,Wales,Midfielder,108.0,127.0,9.0,234.0,2.0,6.0,4.0,4.0,0.0,2.0,6.0,6.0,20.0,3.0,0.0,438.0,0.0,9.0,5.0,5.0,2.0,4.0,1.0,3.0,0.0,86.35,45.0,25.0,50.0,0.0,52.63,28.57,50.0,0.3554903143073006,0.4817805942180004,0.0,16.0,0.46451325,9.0,22.0,27.0,0.7480586099999996,127.0,22.19178082191781,26.095890410958905,1.8493150684931507,48.08219178082192,0.4109589041095891,1.2328767123287672,0.8219178082191781,0.8219178082191781,0.0,0.4109589041095891,1.2328767123287672,1.2328767123287672,4.109589041095891,0.6164383561643836,0.0,0.0,1.8493150684931507,1.0273972602739727,1.0273972602739727,0.4109589041095891,0.8219178082191781,0.2054794520547945,0.6164383561643836,0.0,86.35,45.0,25.0,50.0,0.0,52.63,28.57,50.0,0.0730459549946508,0.098996012510548,0.0,3.2876712328767126,0.0954479280821917,1.8493150684931507,4.52054794520548,5.5479452054794525,0.1537106732876711,26.095890410958905,DM/CM,67,81,65,75,17,90,52,92,6,75,69,62,38,12,42,25,92,52,31,100,35,62,77,52,58,54,62,69,25,67,19,21,58,88,15,96,100,100,67,88,88,75,67,71,54,75,12,83,50,83,6,75,58,58,12,4,42,25,83,38,33,100,25,62,62,52,58,54,62,69,25,67,19,21,58,83,15,96,100,100,58,92,83,71,Premiership
Kilmarnock,enzoyc121va61wtmjf4cm7p3d,8r6ckwdkz9mueryruzqhwjx4a,G. Stanger,George Stanger,26.0,Defender,New Zealand,Defender,128.0,69.0,9.0,197.0,10.0,1.0,1.0,1.0,0.0,0.0,1.0,2.0,21.0,38.0,0.0,432.0,0.0,5.0,4.0,5.0,0.0,5.0,0.0,1.0,0.0,84.19,36.0,0.0,100.0,0.0,72.41,62.5,83.33,0.1086453085486023,0.0551956457967467,0.0,6.0,0.12374563,3.0,20.0,28.0,0.3814043899999997,154.0,26.666666666666668,14.375,1.875,41.04166666666667,2.083333333333333,0.2083333333333333,0.2083333333333333,0.2083333333333333,0.0,0.0,0.2083333333333333,0.4166666666666667,4.375,7.916666666666667,0.0,0.0,1.0416666666666667,0.8333333333333334,1.0416666666666667,0.0,1.0416666666666667,0.0,0.2083333333333333,0.0,84.19,36.0,0.0,100.0,0.0,72.41,62.5,83.33,0.0226344392809588,0.0114990928743222,0.0,1.25,0.0257803395833333,0.625,4.166666666666667,5.833333333333334,0.0794592479166666,32.083333333333336,RB/RCB,100,69,69,92,88,23,19,35,23,12,12,19,58,92,54,38,35,65,42,46,58,15,35,38,85,54,15,96,38,100,77,96,31,15,27,54,46,62,92,92,38,100,100,54,62,92,85,15,15,31,23,12,15,23,38,92,54,38,23,50,31,46,54,15,31,38,85,54,15,96,38,100,77,96,23,15,27,50,38,46,85,92,31,100,Premiership
Kilmarnock,enzoyc121va61wtmjf4cm7p3d,8rzq8d8zcl26sodtb6wjmimtw,C. McCarthy,Cathal McCarthy,20.0,Defender,Republic of Ireland,Defender,103.0,41.0,15.0,144.0,5.0,0.0,3.0,2.0,1.0,1.0,2.0,3.0,19.0,18.0,0.0,270.0,1.0,4.0,4.0,3.0,0.0,9.0,0.0,2.0,0.0,81.36,51.72,0.0,100.0,33.33,70.37,62.5,37.5,0.3393451477955022,0.0,1.0,3.0,0.05776645,1.0,10.0,11.0,0.3884258499999998,95.0,34.333333333333336,13.666666666666666,5.0,48.0,1.6666666666666667,0.0,1.0,0.6666666666666666,0.3333333333333333,0.3333333333333333,0.6666666666666666,1.0,6.333333333333333,6.0,0.0,0.3333333333333333,1.3333333333333333,1.3333333333333333,1.0,0.0,3.0,0.0,0.6666666666666666,0.0,81.36,51.72,0.0,100.0,33.33,70.37,62.5,37.5,0.1131150492651674,0.0,0.3333333333333333,1.0,0.0192554833333333,0.3333333333333333,3.333333333333333,3.6666666666666665,0.1294752833333332,31.666666666666668,CB,9,18,75,9,9,14,61,57,82,73,73,82,41,18,41,61,45,75,59,48,89,45,77,45,18,86,45,82,73,73,23,14,64,16,84,59,59,52,23,36,41,14,41,41,100,45,18,14,82,73,86,82,86,91,73,41,41,75,45,100,89,48,100,45,95,45,18,86,45,82,73,73,23,14,82,16,91,64,59,70,55,55,82,50,Premiership
Kilmarnock,enzoyc121va61wtmjf4cm7p3d,ctqn305re0qsih8mh5nufg89h,G. Kiltie,Greg Kiltie,29.0,Attacker,Scotland,Striker,46.0,101.0,3.0,138.0,1.0,9.0,8.0,6.0,2.0,1.0,14.0,15.0,30.0,2.0,1.0,439.0,4.0,14.0,16.0,6.0,0.0,3.0,9.0,6.0,0.0,80.23,27.27,27.27,42.86,50.0,54.55,25.0,85.71,0.8668823166794647,1.0210880264235036,1.0,7.0,0.22148443,4.0,19.0,18.0,0.6852447400000001,57.0,9.430523917995444,20.70615034168565,0.6150341685649202,28.29157175398633,0.20501138952164,1.8451025056947608,1.6400911161731206,1.2300683371298404,0.4100227790432801,0.20501138952164,2.870159453302961,3.075170842824601,6.150341685649202,0.4100227790432801,0.20501138952164,0.8200455580865603,2.870159453302961,3.2801822323462413,1.2300683371298404,0.0,0.6150341685649202,1.8451025056947608,1.2300683371298404,0.0,80.23,27.27,27.27,42.86,50.0,54.55,25.0,85.71,0.1777207482941954,0.2093346751209916,0.20501138952164,1.4350797266514803,0.0454068307517084,0.8200455580865603,3.895216400911161,3.6902050113895215,0.140482976309795,11.685649202733485,CM/AM,75,70,40,80,25,80,80,85,55,55,100,100,100,30,80,90,90,100,100,35,75,100,100,55,50,30,70,65,75,90,35,100,90,90,45,80,70,65,80,60,80,60,30,60,40,40,20,40,60,80,60,50,100,100,90,30,60,70,90,100,90,35,50,90,80,55,50,30,70,65,75,90,35,100,70,50,40,60,70,50,60,40,40,40,Premiership
Kilmarnock,enzoyc121va61wtmjf4cm7p3d,d4xnxle3pcv60nd7oauwfmuei,M. Schjønning-Larsen,Michael Schjønning-Larsen,25.0,Defender,Estonia,Defender,63.0,81.0,0.0,143.0,6.0,6.0,4.0,2.0,2.0,1.0,10.0,10.0,15.0,10.0,1.0,434.0,3.0,10.0,1.0,3.0,0.0,4.0,1.0,5.0,0.0,77.3,0.0,10.0,50.0,75.0,51.72,75.0,100.0,0.2577026144326709,0.5773500751131584,2.0,11.0,0.35315808,2.0,12.0,16.0,0.8452057399999997,69.0,13.064516129032258,16.797235023041477,0.0,29.65437788018433,1.2442396313364057,1.2442396313364057,0.8294930875576038,0.4147465437788019,0.4147465437788019,0.2073732718894009,2.0737327188940093,2.0737327188940093,3.110599078341014,2.0737327188940093,0.2073732718894009,0.6221198156682028,2.0737327188940093,0.2073732718894009,0.6221198156682028,0.0,0.8294930875576038,0.2073732718894009,1.036866359447005,0.0,77.3,0.0,10.0,50.0,75.0,51.72,75.0,100.0,0.0534406343293557,0.119726974101807,0.4147465437788019,2.28110599078341,0.0732355465437788,0.4147465437788019,2.4884792626728114,3.317972350230415,0.1752730797235022,14.308755760368664,CB,5,68,5,5,20,98,75,57,95,73,100,100,27,5,91,100,84,20,59,48,45,91,100,45,5,5,91,48,100,5,66,91,55,100,98,100,100,75,34,55,91,5,5,73,5,5,9,95,73,50,95,64,100,100,18,5,91,100,86,18,55,48,41,91,100,45,5,5,91,48,100,5,66,91,50,95,100,95,100,77,23,45,95,5,Premiership
Kilmarnock,enzoyc121va61wtmjf4cm7p3d,epoveky29f4wroi3w6p1xcyy1,T. John-Jules,Tyreece John-Jules,25.0,Attacker,England,Striker,12.0,24.0,2.0,36.0,10.0,2.0,5.0,4.0,1.0,1.0,3.0,3.0,21.0,7.0,0.0,241.0,2.0,15.0,5.0,3.0,0.0,1.0,0.0,0.0,0.0,63.16,40.0,0.0,0.0,40.0,45.65,58.82,50.0,0.6751753847811738,0.1603818412944535,1.0,5.0,0.17315999,2.0,4.0,6.0,0.24682166,15.0,4.481327800829876,8.962655601659751,0.7468879668049793,13.443983402489629,3.734439834024896,0.7468879668049793,1.867219917012448,1.4937759336099583,0.3734439834024896,0.3734439834024896,1.120331950207469,1.120331950207469,7.842323651452283,2.6141078838174274,0.0,0.7468879668049793,5.601659751037345,1.867219917012448,1.120331950207469,0.0,0.3734439834024896,0.0,0.0,0.0,63.16,40.0,0.0,0.0,40.0,45.65,58.82,50.0,0.2521401851879902,0.0598936336784266,0.3734439834024896,1.867219917012448,0.0646655564315352,0.7468879668049793,1.4937759336099583,2.240663900414938,0.0921740639004149,5.601659751037345,ST,30,27,55,36,88,21,18,18,30,25,20,18,71,88,18,34,43,46,66,32,62,27,9,50,11,45,27,9,70,68,100,46,32,18,43,57,61,52,55,61,57,48,36,43,68,46,96,18,21,25,36,29,39,39,93,100,18,36,64,71,79,32,71,27,9,50,11,45,27,9,70,68,100,46,43,18,46,68,75,64,68,71,68,54,Premiership
Kilmarnock,enzoyc121va61wtmjf4cm7p3d,etlv5711rl4ssssl1do689rai,J. Hugill,Joe Hugill,22.0,Attacker,England,Striker,13.0,34.0,0.0,45.0,2.0,1.0,11.0,9.0,2.0,2.0,3.0,3.0,11.0,2.0,1.0,450.0,6.0,16.0,6.0,0.0,0.0,2.0,2.0,2.0,0.0,73.77,0.0,66.67,66.67,54.55,28.21,11.11,0.0,1.435995597708227,0.0645522897340975,0.0,5.0,0.15697105,3.0,0.0,2.0,0.22536216,11.0,2.6,6.8,0.0,9.0,0.4,0.2,2.2,1.8,0.4,0.4,0.6,0.6,2.2,0.4,0.2,1.2,3.2,1.2,0.0,0.0,0.4,0.4,0.4,0.0,73.77,0.0,66.67,66.67,54.55,28.21,11.11,0.0,0.2871991195416454,0.0129104579468195,0.0,1.0,0.03139421,0.6,0.0,0.4,0.045072432,2.2,ST,38,54,18,46,21,7,64,66,50,38,20,18,21,36,54,88,48,62,16,32,82,66,43,50,64,18,95,77,93,14,11,16,71,7,18,57,54,70,9,16,50,27,18,25,18,18,11,5,32,43,41,32,11,11,7,29,36,75,18,43,16,32,75,61,29,50,64,18,95,77,93,14,11,16,54,7,18,39,32,50,9,11,29,7,Premiership
Kilmarnock,enzoyc121va61wtmjf4cm7p3d,f104wb7oezb00w1lmyebcow6h,J. Brandon,Jamie Brandon,28.0,Defender,Scotland,Defender,55.0,61.0,6.0,112.0,3.0,5.0,2.0,2.0,0.0,1.0,8.0,10.0,14.0,11.0,0.0,316.0,0.0,5.0,0.0,5.0,0.0,3.0,4.0,5.0,1.0,82.35,37.5,36.36,62.5,0.0,41.18,42.86,83.33,0.1098700223086739,0.4865519022858926,1.0,4.0,0.09692072,3.0,10.0,15.0,0.6414524,49.0,15.664556962025316,17.373417721518987,1.7088607594936709,31.89873417721519,0.8544303797468354,1.4240506329113924,0.569620253164557,0.569620253164557,0.0,0.2848101265822785,2.278481012658228,2.848101265822785,3.987341772151898,3.132911392405063,0.0,0.0,1.4240506329113924,0.0,1.4240506329113924,0.0,0.8544303797468354,1.139240506329114,1.4240506329113924,0.2848101265822785,82.35,37.5,36.36,62.5,0.0,41.18,42.86,83.33,0.0312920949613311,0.1385749088788934,0.2848101265822785,1.139240506329114,0.0276040025316455,0.8544303797468354,2.848101265822785,4.272151898734177,0.1826921392405063,13.955696202531646,RB/RCB,46,42,42,38,27,81,46,65,23,50,96,100,12,35,54,38,35,8,42,46,27,77,96,85,77,69,100,69,38,8,31,96,38,77,58,35,38,62,31,50,77,46,54,69,46,62,31,85,54,77,23,69,100,100,23,38,54,38,62,8,69,46,38,92,100,85,77,69,100,69,38,8,31,96,38,85,62,38,46,69,46,85,92,54,Premiership
Motherwell,759fhii7hsnldanli06j5jmf6,1fu9y7gemoii89ejj7bkex78p,Regan Charles-Cook,Regan Charles-Cook,29.0,Attacker,Grenada,Striker,18.0,25.0,0.0,43.0,2.0,2.0,6.0,4.0,2.0,2.0,6.0,6.0,11.0,2.0,1.0,210.0,2.0,8.0,3.0,0.0,0.0,0.0,0.0,4.0,0.0,87.76,0.0,0.0,66.67,33.33,44.0,40.0,0.0,0.5689034523402084,0.1704019741549511,1.0,3.0,0.08488657,3.0,1.0,3.0,0.06045546,15.0,7.7142857142857135,10.714285714285714,0.0,18.428571428571427,0.8571428571428571,0.8571428571428571,2.571428571428571,1.7142857142857142,0.8571428571428571,0.8571428571428571,2.571428571428571,2.571428571428571,4.714285714285714,0.8571428571428571,0.4285714285714285,0.8571428571428571,3.4285714285714284,1.2857142857142856,0.0,0.0,0.0,0.0,1.7142857142857142,0.0,87.76,0.0,0.0,66.67,33.33,44.0,40.0,0.0,0.2438157652886607,0.073029417494979,0.4285714285714285,1.2857142857142856,0.0363799585714285,1.2857142857142856,0.4285714285714285,1.2857142857142856,0.0259094828571428,6.428571428571428,ST,52,32,18,41,21,21,23,18,50,38,52,46,21,36,54,34,11,25,16,32,27,27,77,50,96,18,27,77,54,59,66,16,18,21,43,36,29,70,21,32,11,48,89,61,18,71,39,21,46,39,68,57,71,71,54,54,79,46,36,50,16,32,27,27,93,50,96,18,27,77,54,59,66,16,36,21,50,50,43,86,29,36,14,61,Premiership
Motherwell,759fhii7hsnldanli06j5jmf6,5he3j18ix8tre84r8uls8ytm2,J. Hodge,Joe Hodge,24.0,Midfielder,Republic of Ireland,Midfielder,111.0,128.0,3.0,239.0,0.0,4.0,2.0,0.0,2.0,2.0,5.0,6.0,14.0,4.0,0.0,251.0,0.0,0.0,3.0,8.0,0.0,4.0,0.0,2.0,0.0,91.92,50.0,0.0,40.0,0.0,48.28,0.0,88.89,0.0882898609905398,0.2568361529947563,2.0,7.0,0.14367693,2.0,38.0,28.0,0.52620585,149.0,39.800796812749006,45.89641434262949,1.0756972111553786,85.6972111553785,0.0,1.4342629482071714,0.7171314741035857,0.0,0.7171314741035857,0.7171314741035857,1.7928286852589643,2.1513944223107573,5.0199203187251,1.4342629482071714,0.0,0.0,0.0,1.0756972111553786,2.8685258964143427,0.0,1.4342629482071714,0.0,0.7171314741035857,0.0,91.92,50.0,0.0,40.0,0.0,48.28,0.0,88.89,0.0316577190802732,0.0920926445001118,0.7171314741035857,2.50996015936255,0.0515176243027888,0.7171314741035857,13.625498007968128,10.0398406374502,0.1886793884462151,53.42629482071713,DM/CM,71,88,23,79,4,67,29,17,54,75,50,62,12,25,42,25,8,25,69,48,35,29,56,52,92,62,29,48,25,33,4,94,17,50,67,65,67,35,100,92,62,88,100,100,29,100,4,88,42,17,71,88,79,88,46,58,42,25,8,46,96,48,67,29,75,52,92,62,29,48,25,33,4,94,25,75,83,83,83,54,100,100,88,100,Premiership
Motherwell,759fhii7hsnldanli06j5jmf6,7w7ufa4v85hmj1qxnmqc4zgiy,I. Said,Ibrahim Said,24.0,Attacker,Nigeria,Striker,23.0,60.0,2.0,83.0,2.0,3.0,4.0,4.0,0.0,1.0,17.0,17.0,28.0,3.0,1.0,298.0,1.0,7.0,5.0,4.0,0.0,3.0,0.0,12.0,0.0,76.85,40.0,0.0,70.59,25.0,59.57,50.0,44.44,0.6918010654618194,0.2726912188444869,0.0,7.0,0.18307359,5.0,12.0,9.0,0.3156675399999999,47.0,6.946308724832215,18.12080536912752,0.6040268456375839,25.06711409395973,0.6040268456375839,0.906040268456376,1.2080536912751678,1.2080536912751678,0.0,0.3020134228187919,5.134228187919463,5.134228187919463,8.456375838926174,0.906040268456376,0.3020134228187919,0.3020134228187919,2.114093959731544,1.51006711409396,1.2080536912751678,0.0,0.906040268456376,0.0,3.624161073825504,0.0,76.85,40.0,0.0,70.59,25.0,59.57,50.0,44.44,0.2089332076898112,0.0823564083758517,0.0,2.114093959731544,0.0552906815436241,1.51006711409396,3.624161073825504,2.718120805369128,0.0953358342281879,14.194630872483222,ST,73,86,55,82,21,34,12,18,12,25,100,100,93,54,54,14,7,46,80,32,93,27,100,50,75,45,27,89,34,93,80,36,39,36,18,73,68,91,96,79,71,96,79,89,50,93,18,32,7,14,12,21,100,100,96,57,54,14,4,57,82,32,96,27,100,50,75,45,27,89,34,93,80,36,25,29,18,75,64,96,96,79,71,96,Premiership
Motherwell,759fhii7hsnldanli06j5jmf6,a8orjr2go2szwgi7ej0sfbvca,A. Lowry,Alex Lowry,23.0,Midfielder,Scotland,Midfielder,36.0,104.0,9.0,136.0,0.0,10.0,13.0,4.0,9.0,3.0,7.0,7.0,13.0,3.0,1.0,291.0,7.0,4.0,5.0,2.0,1.0,0.0,4.0,5.0,0.0,81.44,47.37,25.0,71.43,53.85,40.62,0.0,66.67,0.938225089742662,0.9187723603672716,6.0,6.0,0.1394215,6.0,15.0,26.0,0.5835894999999998,63.0,11.1340206185567,32.16494845360825,2.783505154639175,42.06185567010309,0.0,3.09278350515464,4.020618556701031,1.2371134020618555,2.783505154639175,0.9278350515463918,2.164948453608248,2.164948453608248,4.020618556701031,0.9278350515463918,0.3092783505154639,2.164948453608248,1.2371134020618555,1.5463917525773196,0.6185567010309279,0.3092783505154639,0.0,1.2371134020618555,1.5463917525773196,0.0,81.44,47.37,25.0,71.43,53.85,40.62,0.0,66.67,0.2901727081678336,0.2841564001135891,1.855670103092784,1.855670103092784,0.0431200515463917,1.855670103092784,4.639175257731958,8.041237113402062,0.1804915979381442,19.484536082474225,CM/AM,40,80,80,70,10,95,100,70,100,85,65,60,25,45,80,100,25,65,45,80,10,65,85,55,60,60,50,85,90,20,10,80,100,80,100,65,60,90,60,90,50,70,60,80,70,80,10,100,100,90,100,90,80,80,40,50,80,100,30,70,40,80,10,60,100,55,60,60,50,85,90,20,10,80,100,90,100,80,60,90,70,90,70,60,Premiership
Motherwell,759fhii7hsnldanli06j5jmf6,akopyu6vzbx7vg83jv7ish756,M. Moormann,Martin Moormann,25.0,Defender,Austria,Defender,285.0,72.0,12.0,357.0,6.0,3.0,0.0,0.0,0.0,0.0,1.0,1.0,12.0,22.0,0.0,425.0,0.0,2.0,2.0,2.0,0.0,3.0,0.0,1.0,1.0,92.97,50.0,0.0,100.0,0.0,70.59,75.0,66.67,0.0,0.2934673698296669,0.0,1.0,0.0199707,1.0,12.0,10.0,0.4866731799999996,224.0,60.35294117647059,15.24705882352941,2.541176470588235,75.6,1.2705882352941176,0.6352941176470588,0.0,0.0,0.0,0.0,0.2117647058823529,0.2117647058823529,2.541176470588235,4.658823529411765,0.0,0.0,0.4235294117647059,0.4235294117647059,0.4235294117647059,0.0,0.6352941176470588,0.0,0.2117647058823529,0.2117647058823529,92.97,50.0,0.0,100.0,0.0,70.59,75.0,66.67,0.0,0.0621460312580471,0.0,0.2117647058823529,0.0042290894117647,0.2117647058823529,2.541176470588235,2.117647058823529,0.1030602028235293,47.43529411764706,CB,100,59,50,91,20,73,9,11,39,30,55,52,9,36,41,25,27,43,32,48,25,45,57,93,91,80,45,82,25,77,66,55,9,86,39,25,27,52,34,23,59,91,100,50,59,82,14,77,9,11,39,30,59,59,5,27,41,25,32,41,23,48,23,45,59,91,91,80,45,82,25,77,66,55,9,86,39,27,27,50,32,18,50,77,Premiership
Motherwell,759fhii7hsnldanli06j5jmf6,avtbng9l03cdal3qxjtuhppg4,J. Knight-Lebel,Jamie Knight-Lebel,21.0,Defender,Canada,Defender,164.0,52.0,6.0,216.0,12.0,3.0,1.0,1.0,0.0,1.0,0.0,0.0,13.0,21.0,0.0,249.0,0.0,4.0,1.0,0.0,0.0,1.0,0.0,0.0,0.0,92.31,37.5,0.0,0.0,0.0,76.47,80.0,0.0,0.1059691849854705,0.1411607678994058,0.0,9.0,0.16526165,0.0,12.0,14.0,0.3153074999999999,140.0,59.27710843373494,18.795180722891565,2.1686746987951806,78.07228915662651,4.337349397590361,1.0843373493975903,0.3614457831325301,0.3614457831325301,0.0,0.3614457831325301,0.0,0.0,4.698795180722891,7.590361445783133,0.0,0.0,1.4457831325301205,0.3614457831325301,0.0,0.0,0.3614457831325301,0.0,0.0,0.0,92.31,37.5,0.0,0.0,0.0,76.47,80.0,0.0,0.0383021150549893,0.05102196430099,0.0,3.253012048192771,0.0597331265060241,0.0,4.337349397590361,5.0602409638554215,0.1139665662650602,50.60240963855422,CB,55,34,18,55,45,73,30,34,39,73,20,18,14,30,41,25,45,20,7,48,7,45,23,45,86,41,45,23,25,100,77,7,23,64,39,95,95,18,34,45,32,50,95,77,32,86,68,91,32,36,39,86,20,18,45,73,41,25,50,32,7,48,5,45,23,45,86,41,45,23,25,100,77,7,36,82,39,100,95,18,82,86,68,82,Premiership
Motherwell,759fhii7hsnldanli06j5jmf6,bofzw9xfhdsaar6kxio07ihyi,T. Maswanhise,Tawanda Maswanhise,23.0,Attacker,Zimbabwe,Striker,4.0,30.0,0.0,34.0,1.0,3.0,13.0,12.0,1.0,1.0,10.0,10.0,17.0,1.0,1.0,345.0,5.0,20.0,6.0,4.0,2.0,1.0,0.0,4.0,0.0,79.07,0.0,0.0,40.0,38.46,43.59,14.29,66.67,1.8885330088207104,0.3831499979142967,3.0,3.0,0.0811110499999999,1.0,0.0,3.0,0.27840376,11.0,1.0434782608695652,7.826086956521739,0.0,8.869565217391305,0.2608695652173913,0.7826086956521738,3.391304347826087,3.130434782608696,0.2608695652173913,0.2608695652173913,2.608695652173913,2.608695652173913,4.434782608695652,0.2608695652173913,0.2608695652173913,1.3043478260869563,5.217391304347826,1.5652173913043477,1.0434782608695652,0.5217391304347826,0.2608695652173913,0.0,1.0434782608695652,0.0,79.07,0.0,0.0,40.0,38.46,43.59,14.29,66.67,0.4926607849097505,0.0999521733689469,0.7826086956521738,0.7826086956521738,0.021159404347826,0.2608695652173913,0.0,0.7826086956521738,0.0726270678260869,2.869565217391304,RW,17,17,17,17,33,17,67,83,17,33,42,42,58,42,58,67,33,83,67,75,58,25,42,58,33,17,25,50,67,50,33,58,67,17,17,17,17,17,17,17,17,17,17,17,17,17,33,17,67,83,17,33,33,33,50,33,50,67,33,83,67,67,50,25,33,58,33,17,25,50,67,50,33,58,83,17,17,17,17,17,17,17,17,17,Premiership
Motherwell,759fhii7hsnldanli06j5jmf6,bvesmwgntot79952ng81ok50q,L. Fadinger,Lukas Fadinger,25.0,Midfielder,Austria,Midfielder,171.0,152.0,6.0,323.0,5.0,1.0,7.0,3.0,4.0,2.0,6.0,6.0,22.0,7.0,1.0,419.0,4.0,8.0,5.0,7.0,0.0,8.0,0.0,1.0,0.0,91.24,66.67,0.0,16.67,57.14,41.51,71.43,63.64,0.4710810498755962,0.078421385086479,4.0,12.0,0.25875195,7.0,23.0,20.0,0.43291183,142.0,36.73031026252984,32.64916467780429,1.2887828162291168,69.37947494033412,1.0739856801909309,0.2147971360381861,1.503579952267303,0.6443914081145584,0.8591885441527446,0.4295942720763723,1.2887828162291168,1.2887828162291168,4.725536992840095,1.503579952267303,0.2147971360381861,0.8591885441527446,1.7183770883054892,1.0739856801909309,1.503579952267303,0.0,1.7183770883054892,0.0,0.2147971360381861,0.0,91.24,66.67,0.0,16.67,57.14,41.51,71.43,63.64,0.1011868603551399,0.0168446889207234,0.8591885441527446,2.5775656324582337,0.0555791778042959,1.503579952267303,4.940334128878281,4.295942720763723,0.0929882212410501,30.50119331742244,DM/CM,100,92,40,96,60,6,81,75,81,75,69,62,52,67,92,100,85,52,56,48,92,29,25,52,88,92,29,15,92,17,88,44,71,8,92,88,88,90,75,67,42,83,96,92,38,92,54,4,79,75,79,79,62,62,29,62,92,92,79,42,54,48,83,29,17,52,88,92,29,15,92,17,88,44,67,8,92,88,88,92,62,46,38,79,Premiership
Motherwell,759fhii7hsnldanli06j5jmf6,bw94bkrr4okgzyimwqek5d59l,E. Longelo,Emmanuel Longelo,25.0,Defender,England,Defender,75.0,82.0,3.0,147.0,7.0,11.0,8.0,7.0,1.0,2.0,11.0,12.0,21.0,8.0,0.0,411.0,0.0,19.0,5.0,2.0,0.0,2.0,10.0,6.0,0.0,78.61,30.0,32.26,54.55,0.0,53.85,58.33,66.67,0.5855833511008208,1.318560702845179,2.0,21.0,0.57720236,8.0,8.0,10.0,1.1697504500000004,61.0,16.423357664233578,17.956204379562045,0.6569343065693432,32.189781021897815,1.5328467153284673,2.408759124087591,1.7518248175182485,1.5328467153284673,0.218978102189781,0.437956204379562,2.408759124087591,2.6277372262773726,4.598540145985401,1.7518248175182485,0.0,0.0,4.160583941605839,1.094890510948905,0.437956204379562,0.0,0.437956204379562,2.18978102189781,1.3138686131386863,0.0,78.61,30.0,32.26,54.55,0.0,53.85,58.33,66.67,0.1282299308979899,0.2887359203310611,0.437956204379562,4.598540145985401,0.1263946773722628,1.7518248175182485,1.7518248175182485,2.18978102189781,0.2561497335766424,13.357664233576642,LB/LCB,50,71,12,62,62,100,100,100,71,96,92,92,54,8,46,29,100,62,33,42,29,100,92,54,42,25,83,58,29,42,62,62,83,100,88,100,92,100,33,17,83,33,42,67,17,50,58,92,92,92,67,92,92,92,42,8,46,29,100,58,33,42,25,92,92,54,42,25,83,58,29,42,62,62,92,92,92,92,92,100,33,17,75,33,Premiership
Motherwell,759fhii7hsnldanli06j5jmf6,debf7ngbvj4ij8w0qq84ufnfu,T. Sparrow,Tom Sparrow,23.0,Midfielder,Wales,Midfielder,101.0,100.0,5.0,199.0,5.0,5.0,1.0,1.0,0.0,1.0,10.0,11.0,29.0,8.0,0.0,357.0,0.0,7.0,7.0,9.0,1.0,2.0,2.0,4.0,0.0,88.84,55.56,20.0,40.0,0.0,50.88,45.45,69.23,0.0889658204625669,0.4543370141269398,0.0,7.0,0.18834465,2.0,9.0,11.0,0.35310984,55.0,25.46218487394957,25.210084033613445,1.2605042016806722,50.16806722689076,1.2605042016806722,1.2605042016806722,0.2521008403361344,0.2521008403361344,0.0,0.2521008403361344,2.5210084033613445,2.773109243697479,7.310924369747899,2.016806722689076,0.0,0.0,1.7647058823529411,1.7647058823529411,2.26890756302521,0.2521008403361344,0.5042016806722689,0.5042016806722689,1.0084033613445378,0.0,88.84,55.56,20.0,40.0,0.0,50.88,45.45,69.23,0.0224283580998067,0.1145387430572117,0.0,1.7647058823529411,0.0474818445378151,0.5042016806722689,2.26890756302521,2.773109243697479,0.0890192873949579,13.865546218487394,RM/RCM,80,100,70,80,60,70,20,30,20,30,50,60,100,70,40,30,60,100,90,80,20,70,40,60,100,80,40,60,30,80,20,50,20,80,20,60,60,60,80,40,40,60,80,100,80,100,80,60,20,20,20,20,60,60,100,60,40,30,40,100,100,100,20,80,40,60,100,80,40,60,30,80,20,50,20,80,20,80,60,60,60,40,60,80,Premiership
Motherwell,759fhii7hsnldanli06j5jmf6,emzxhx2ki2r67c5l33hfv8844,J. Girdwood-Reich,Jake Girdwood-Reich,22.0,Defender,Australia,Defender,140.0,60.0,4.0,200.0,10.0,0.0,1.0,1.0,0.0,0.0,0.0,0.0,14.0,21.0,0.0,226.0,0.0,1.0,2.0,1.0,0.0,2.0,0.0,0.0,0.0,90.91,36.36,0.0,0.0,0.0,70.0,76.92,50.0,0.1040201883457478,0.0,0.0,5.0,0.1095597599999999,4.0,14.0,4.0,0.25927912,141.0,55.75221238938053,23.89380530973452,1.592920353982301,79.64601769911505,3.982300884955752,0.0,0.3982300884955752,0.3982300884955752,0.0,0.0,0.0,0.0,5.575221238938053,8.36283185840708,0.0,0.0,0.3982300884955752,0.7964601769911505,0.3982300884955752,0.0,0.7964601769911505,0.0,0.0,0.0,90.91,36.36,0.0,0.0,0.0,70.0,76.92,50.0,0.0414239688102535,0.0,0.0,1.991150442477876,0.0436299929203539,1.592920353982301,5.575221238938053,1.592920353982301,0.1032527469026548,56.150442477876105,CB,39,45,9,39,30,14,30,34,39,30,20,18,20,30,41,25,14,43,14,48,14,45,23,45,77,27,45,23,25,68,73,27,18,16,39,70,64,91,55,5,23,55,86,86,9,95,64,14,41,45,39,30,20,18,64,82,41,25,27,68,18,48,32,45,23,45,77,27,45,23,25,68,73,27,41,16,39,91,91,100,91,9,55,100,Premiership
Rangers,cnnku8uihko7u4th0fms4pvg6,1swg0twoet2to70z38wo78b1l,J. Penrice,James Penrice,27.0,Defender,Scotland,Defender,66.0,63.0,7.0,122.0,6.0,5.0,3.0,2.0,1.0,1.0,1.0,2.0,20.0,15.0,0.0,342.0,0.0,8.0,4.0,3.0,0.0,3.0,7.0,1.0,0.0,80.26,35.0,29.17,100.0,0.0,52.63,60.0,33.33,0.2234840270011557,0.7293382800943298,0.0,8.0,0.2005130599999999,4.0,11.0,15.0,0.86075315,51.0,17.36842105263158,16.578947368421055,1.842105263157895,32.10526315789474,1.5789473684210529,1.3157894736842106,0.7894736842105263,0.5263157894736842,0.2631578947368421,0.2631578947368421,0.2631578947368421,0.5263157894736842,5.2631578947368425,3.947368421052632,0.0,0.0,2.1052631578947367,1.0526315789473684,0.7894736842105263,0.0,0.7894736842105263,1.842105263157895,0.2631578947368421,0.0,80.26,35.0,29.17,100.0,0.0,52.63,60.0,33.33,0.0588115860529357,0.1919311263406131,0.0,2.1052631578947367,0.052766594736842,1.0526315789473684,2.894736842105264,3.947368421052632,0.2265139868421052,13.421052631578949,LB/LCB,25,42,50,29,46,62,58,62,71,75,25,33,38,33,46,29,79,46,62,42,54,83,38,54,58,46,75,96,29,33,79,21,50,75,33,75,75,79,42,46,67,17,50,58,58,42,67,75,58,67,75,83,17,33,58,50,46,29,75,50,67,42,50,83,42,54,58,46,75,96,29,33,79,21,50,83,33,75,75,75,50,58,67,42,Premiership
Rangers,cnnku8uihko7u4th0fms4pvg6,472h3avx9tsf4luz4ioefh3e2,R. Naderi,Ryan Naderi,23.0,Attacker,Germany,Striker,7.0,26.0,1.0,33.0,19.0,6.0,11.0,11.0,0.0,0.0,7.0,7.0,33.0,3.0,1.0,275.0,5.0,31.0,6.0,3.0,1.0,0.0,0.0,3.0,1.0,50.77,50.0,0.0,42.86,45.45,49.25,52.78,60.0,2.20528281586361,0.5560371361598452,0.0,4.0,0.18040961,1.0,4.0,7.0,0.3800388399999997,13.0,2.290909090909091,8.50909090909091,0.3272727272727272,10.8,6.218181818181819,1.963636363636364,3.6,3.6,0.0,0.0,2.290909090909091,2.290909090909091,10.8,0.981818181818182,0.3272727272727272,1.6363636363636365,10.145454545454546,1.963636363636364,0.981818181818182,0.3272727272727272,0.0,0.0,0.981818181818182,0.3272727272727272,50.77,50.0,0.0,42.86,45.45,49.25,52.78,60.0,0.7217289215553633,0.1819757900159493,0.0,1.309090909090909,0.059043145090909,0.3272727272727272,1.309090909090909,2.290909090909091,0.1243763476363635,4.254545454545455,ST,11,36,41,18,100,66,64,82,12,11,64,57,100,54,54,77,89,62,66,77,27,27,64,100,4,66,27,52,82,82,89,68,96,71,18,45,64,34,55,70,75,36,11,39,36,32,100,75,68,93,12,11,64,64,100,61,57,86,100,79,71,82,27,27,71,100,4,66,27,52,82,82,89,68,100,79,18,54,71,32,64,75,86,43,Premiership
Rangers,cnnku8uihko7u4th0fms4pvg6,53ipmesg7cuaty2uzqm1a2xn9,L. Shankland,Lawrence Shankland,31.0,Attacker,Scotland,Striker,24.0,43.0,3.0,67.0,4.0,5.0,15.0,14.0,1.0,6.0,3.0,3.0,9.0,3.0,3.0,363.0,7.0,34.0,1.0,1.0,0.0,0.0,0.0,2.0,0.0,73.63,60.0,0.0,66.67,46.67,29.03,26.67,50.0,1.5870859775250614,0.3715928498299515,3.0,5.0,0.19136307,0.0,9.0,7.0,0.2290363199999998,29.0,5.9504132231404965,10.661157024793388,0.7438016528925621,16.611570247933884,0.9917355371900828,1.2396694214876034,3.71900826446281,3.471074380165289,0.2479338842975206,1.487603305785124,0.7438016528925621,0.7438016528925621,2.231404958677686,0.7438016528925621,0.7438016528925621,1.7355371900826446,8.429752066115702,0.2479338842975206,0.2479338842975206,0.0,0.0,0.0,0.4958677685950413,0.0,73.63,60.0,0.0,66.67,46.67,29.03,26.67,50.0,0.3934923911219161,0.0921304586355251,0.7438016528925621,1.2396694214876034,0.0474453892561983,0.0,2.231404958677686,1.7355371900826446,0.0567858644628098,7.1900826446281,ST,79,68,70,75,54,52,89,93,30,93,20,18,14,54,93,98,96,7,36,32,27,27,43,50,61,79,27,77,89,18,38,46,75,46,66,57,71,12,86,70,54,71,61,57,64,54,54,39,75,89,25,89,18,14,11,46,89,89,89,4,32,32,27,27,43,50,61,79,27,77,89,18,38,46,68,43,68,43,61,12,86,64,46,64,Premiership
Rangers,cnnku8uihko7u4th0fms4pvg6,6pmuxgyfaqn2h0x69o5l1mq22,D. Gassama,Djeidi Gassama,23.0,Attacker,Mauritania,Striker,20.0,69.0,4.0,85.0,3.0,13.0,22.0,11.0,11.0,9.0,14.0,15.0,32.0,2.0,0.0,395.0,4.0,42.0,17.0,2.0,1.0,1.0,4.0,10.0,0.0,75.89,44.44,30.77,71.43,18.18,65.31,50.0,100.0,1.7857712818252929,0.9795023733079448,15.0,20.0,0.6918481799999998,3.0,4.0,12.0,1.2008749900000004,43.0,4.556962025316455,15.72151898734177,0.9113924050632912,19.367088607594933,0.6835443037974683,2.962025316455696,5.0126582278481004,2.5063291139240502,2.5063291139240502,2.050632911392405,3.1898734177215187,3.4177215189873413,7.291139240506329,0.4556962025316455,0.0,0.9113924050632912,9.569620253164556,3.873417721518987,0.4556962025316455,0.2278481012658227,0.2278481012658227,0.9113924050632912,2.278481012658228,0.0,75.89,44.44,30.77,71.43,18.18,65.31,50.0,100.0,0.4068845958589274,0.2231777559435823,3.4177215189873413,4.556962025316455,0.1576362941772151,0.6835443037974683,0.9113924050632912,2.7341772151898733,0.2736170863291139,9.79746835443038,ST,64,89,86,86,41,96,96,82,100,98,91,95,96,36,18,64,100,100,50,77,62,84,96,50,68,55,79,95,18,96,80,95,82,89,100,96,100,70,55,88,100,93,39,86,79,75,29,96,96,75,100,100,86,82,89,36,18,54,96,100,46,64,54,75,96,50,68,55,79,95,18,96,80,95,75,86,100,96,100,54,46,82,100,89,Premiership
Rangers,cnnku8uihko7u4th0fms4pvg6,71q8hhitlftls3jwjkzuenfmd,D. Sterling,Dujon Sterling,26.0,Defender,England,Defender,47.0,64.0,7.0,107.0,4.0,5.0,3.0,1.0,2.0,1.0,2.0,3.0,22.0,9.0,0.0,360.0,0.0,5.0,8.0,6.0,0.0,5.0,4.0,1.0,0.0,76.43,33.33,30.77,50.0,0.0,59.46,44.44,66.67,0.1686572382735413,0.7104304119042413,2.0,5.0,0.1580175599999999,4.0,12.0,15.0,1.37693521,60.0,11.75,16.0,1.75,26.75,1.0,1.25,0.75,0.25,0.5,0.25,0.5,0.75,5.5,2.25,0.0,0.0,1.25,2.0,1.5,0.0,1.25,1.0,0.25,0.0,76.43,33.33,30.77,50.0,0.0,59.46,44.44,66.67,0.0421643095683853,0.1776076029760603,0.5,1.25,0.0395043899999999,1.0,3.0,3.75,0.3442338025,15.0,RB/RCB,27,54,54,31,38,81,65,35,81,50,27,35,69,15,54,38,35,85,65,46,58,77,35,38,38,27,85,46,38,54,38,62,54,92,77,46,62,85,54,50,100,62,38,62,54,38,38,77,62,38,92,54,31,31,62,23,54,38,46,85,85,46,62,85,38,38,38,27,85,46,38,54,38,62,62,92,85,50,54,92,54,46,100,62,Premiership
Rangers,cnnku8uihko7u4th0fms4pvg6,7tx36b9v0w35xs0402q76qycq,E. Fernandez,Emmanuel Fernandez,25.0,Defender,Nigeria,Defender,210.0,92.0,26.0,302.0,38.0,4.0,7.0,7.0,0.0,3.0,6.0,6.0,53.0,43.0,0.0,539.0,2.0,13.0,7.0,5.0,0.0,8.0,0.0,3.0,0.0,81.84,43.33,0.0,50.0,28.57,72.6,82.61,100.0,1.0009025988114622,0.4521615416098,0.0,6.0,0.12139562,4.0,15.0,25.0,0.9629963099999996,195.0,35.064935064935064,15.36178107606679,4.341372912801484,50.426716141001855,6.345083487940631,0.6679035250463822,1.1688311688311688,1.1688311688311688,0.0,0.5009276437847866,1.0018552875695732,1.0018552875695732,8.849721706864564,7.179962894248608,0.0,0.3339517625231911,2.170686456400742,1.1688311688311688,0.8348794063079777,0.0,1.3358070500927643,0.0,0.5009276437847866,0.0,81.84,43.33,0.0,50.0,28.57,72.6,82.61,100.0,0.1671265934935651,0.0755000718828979,0.0,1.0018552875695732,0.0202701406307977,0.6679035250463822,2.504638218923933,4.174397031539889,0.1607971575139146,32.560296846011134,CB,73,82,100,86,95,89,98,98,39,100,95,95,98,80,41,86,95,98,84,48,82,45,91,45,23,59,45,48,64,86,86,91,100,91,39,84,77,91,59,84,95,80,55,59,95,55,95,82,91,95,39,95,95,95,100,64,41,82,91,95,82,48,82,45,77,45,23,59,45,48,64,86,86,91,95,91,39,68,64,86,27,68,91,55,Premiership
Rangers,cnnku8uihko7u4th0fms4pvg6,894vnlr3zfyyadmhx9n3y6fl6,C. Devlin,Cameron Devlin,28.0,Midfielder,Australia,Midfielder,90.0,117.0,11.0,207.0,4.0,2.0,2.0,1.0,1.0,0.0,3.0,3.0,27.0,5.0,0.0,334.0,1.0,2.0,7.0,9.0,0.0,10.0,0.0,1.0,0.0,88.46,52.38,0.0,33.33,50.0,55.1,80.0,60.0,0.1457278137759701,0.103059905612467,0.0,2.0,0.0362466,0.0,11.0,12.0,0.3321897999999999,118.0,24.251497005988025,31.52694610778443,2.964071856287425,55.77844311377245,1.0778443113772456,0.5389221556886228,0.5389221556886228,0.2694610778443114,0.2694610778443114,0.0,0.8083832335329341,0.8083832335329341,7.275449101796407,1.3473053892215567,0.0,0.2694610778443114,0.5389221556886228,1.8862275449101795,2.4251497005988023,0.0,2.694610778443113,0.0,0.2694610778443114,0.0,88.46,52.38,0.0,33.33,50.0,55.1,80.0,60.0,0.0392679737719679,0.0277706332488683,0.0,0.5389221556886228,0.0097670479041916,0.0,2.964071856287425,3.2335329341317363,0.0895122215568862,31.79640718562874,DM/CM,62,71,79,67,52,23,29,46,27,15,23,17,73,42,42,62,35,77,81,48,96,29,25,52,79,67,29,29,85,75,96,29,33,12,15,12,12,6,40,38,25,71,71,88,83,83,58,25,25,54,29,15,21,17,83,54,42,71,46,75,88,48,100,29,25,52,79,67,29,29,85,75,96,29,29,12,15,12,12,6,42,42,25,83,Premiership
Rangers,cnnku8uihko7u4th0fms4pvg6,a3qa9kw3vbh8nu5mgns92czro,O. Makhanya,Olwethu Makhanya,22.0,Defender,South Africa,Defender,216.0,82.0,21.0,298.0,13.0,4.0,0.0,0.0,0.0,0.0,3.0,3.0,23.0,20.0,0.0,450.0,0.0,4.0,2.0,4.0,0.0,5.0,0.0,3.0,0.0,87.39,46.67,0.0,100.0,0.0,53.49,54.17,80.0,0.0,0.218486426503736,0.0,6.0,0.13428331,3.0,19.0,22.0,0.4506015099999995,195.0,43.2,16.4,4.2,59.6,2.6,0.8,0.0,0.0,0.0,0.0,0.6,0.6,4.6,4.0,0.0,0.0,0.8,0.4,0.8,0.0,1.0,0.0,0.6,0.0,87.39,46.67,0.0,100.0,0.0,53.49,54.17,80.0,0.0,0.0436972853007472,0.0,1.2,0.0268566619999999,0.6,3.8,4.4,0.0901203019999999,39.0,CB,82,73,93,82,52,89,9,11,39,30,84,82,64,23,41,25,45,43,73,48,64,45,91,45,50,68,45,82,25,14,9,73,9,77,39,84,86,82,73,73,55,80,73,68,91,68,32,86,9,11,39,30,77,77,41,14,41,25,36,36,68,48,50,45,91,45,50,68,45,82,25,14,9,73,9,68,39,80,77,82,68,73,36,73,Premiership
Rangers,cnnku8uihko7u4th0fms4pvg6,cvl7blnqat2mcdlakkphlo1ec,Kim Min-Su,Min-Su Kim,20.0,Attacker,Korea Republic,Striker,18.0,41.0,4.0,55.0,1.0,7.0,13.0,7.0,6.0,2.0,9.0,10.0,13.0,1.0,0.0,252.0,6.0,11.0,3.0,4.0,0.0,0.0,4.0,4.0,0.0,85.94,66.67,44.44,44.44,46.15,46.43,33.33,80.0,1.293955969260434,0.7560885588114993,5.0,10.0,0.23766578,4.0,6.0,10.0,0.2229572799999999,26.0,6.428571428571429,14.642857142857144,1.4285714285714286,19.642857142857142,0.3571428571428571,2.5,4.642857142857143,2.5,2.142857142857143,0.7142857142857143,3.2142857142857144,3.571428571428572,4.642857142857143,0.3571428571428571,0.0,2.142857142857143,3.928571428571429,1.0714285714285714,1.4285714285714286,0.0,0.0,1.4285714285714286,1.4285714285714286,0.0,85.94,66.67,44.44,44.44,46.15,46.43,33.33,80.0,0.4621271318787265,0.270031628146964,1.7857142857142858,3.571428571428572,0.0848806357142857,1.4285714285714286,2.142857142857143,3.571428571428572,0.0796275999999999,9.285714285714286,ST,52,64,86,61,7,77,77,54,95,38,80,79,30,20,18,88,21,25,80,32,27,84,77,50,89,88,89,59,86,79,48,82,61,82,80,88,75,84,77,82,46,68,75,79,100,79,7,86,89,71,93,43,89,86,50,21,18,100,39,39,93,32,27,89,86,50,89,88,89,59,86,79,48,82,82,89,89,89,86,89,79,89,57,82,Premiership
Rangers,cnnku8uihko7u4th0fms4pvg6,e3h1tvkjrapl7usr04np8759m,D. Neil,Dan Neil,24.0,Midfielder,England,Midfielder,61.0,68.0,9.0,127.0,3.0,2.0,2.0,1.0,1.0,0.0,3.0,4.0,17.0,3.0,0.0,309.0,0.0,4.0,3.0,3.0,0.0,6.0,2.0,1.0,0.0,85.23,75.0,33.33,33.33,0.0,51.52,50.0,30.0,0.1512484233132456,0.1536949702903296,1.0,6.0,0.12688884,2.0,19.0,16.0,0.78929688,79.0,17.766990291262136,19.80582524271845,2.621359223300971,36.990291262135926,0.8737864077669903,0.5825242718446603,0.5825242718446603,0.2912621359223301,0.2912621359223301,0.0,0.8737864077669903,1.1650485436893203,4.951456310679612,0.8737864077669903,0.0,0.0,1.1650485436893203,0.8737864077669903,0.8737864077669903,0.0,1.7475728155339807,0.5825242718446603,0.2912621359223301,0.0,85.23,75.0,33.33,33.33,0.0,51.52,50.0,30.0,0.0440529388291006,0.0447655253272804,0.2912621359223301,1.7475728155339807,0.0369579145631068,0.5825242718446603,5.533980582524272,4.660194174757282,0.2298922951456311,23.00970873786408,DM/CM,25,33,65,29,35,23,29,46,27,15,23,29,31,12,42,25,52,25,17,48,62,77,25,52,50,96,75,29,25,58,50,4,38,29,42,52,50,35,58,52,92,50,33,46,75,38,42,29,29,58,33,15,29,42,42,21,42,25,54,29,17,48,88,88,29,52,50,96,75,29,25,58,50,4,33,38,46,67,62,42,75,58,96,54,Premiership
Rangers,cnnku8uihko7u4th0fms4pvg6,rmruexgp6l6ar57aq8xffg4q,N. Raskin,Nicolas Raskin,25.0,Midfielder,Belgium,Midfielder,62.0,95.0,14.0,155.0,2.0,3.0,9.0,7.0,2.0,1.0,2.0,3.0,10.0,4.0,0.0,325.0,3.0,12.0,2.0,3.0,0.0,3.0,2.0,0.0,0.0,88.07,58.33,20.0,0.0,33.33,38.46,25.0,50.0,1.0791323783288715,0.2595094557464461,1.0,4.0,0.10676927,5.0,19.0,18.0,0.4350926699999999,81.0,17.16923076923077,26.307692307692307,3.876923076923077,42.92307692307692,0.5538461538461539,0.8307692307692307,2.4923076923076923,1.9384615384615385,0.5538461538461539,0.2769230769230769,0.5538461538461539,0.8307692307692307,2.769230769230769,1.1076923076923078,0.0,0.8307692307692307,3.323076923076923,0.5538461538461539,0.8307692307692307,0.0,0.8307692307692307,0.5538461538461539,0.0,0.0,88.07,58.33,20.0,0.0,33.33,38.46,25.0,50.0,0.298836658614149,0.0718641569759389,0.2769230769230769,1.1076923076923078,0.0295668747692307,1.3846153846153846,5.2615384615384615,4.984615384615385,0.1204872009230769,22.43076923076923,DM/CM,29,60,88,50,17,48,96,100,54,44,8,17,4,25,42,92,96,8,17,48,17,77,6,52,75,83,58,6,75,8,10,21,100,54,42,33,38,79,58,60,46,54,29,75,92,54,21,54,100,100,50,46,4,21,4,29,42,88,100,12,12,48,29,83,6,52,75,83,58,6,75,8,10,21,100,58,42,33,50,83,71,75,62,50,Premiership
Rangers,cnnku8uihko7u4th0fms4pvg6,w19p994oxo1yc9micl8njhg4,F. Curtis,Findlay Curtis,19.0,Attacker,Scotland,Striker,30.0,85.0,4.0,111.0,4.0,10.0,10.0,5.0,5.0,5.0,3.0,4.0,24.0,1.0,0.0,373.0,1.0,17.0,8.0,6.0,0.0,4.0,4.0,2.0,0.0,84.73,100.0,22.22,66.67,10.0,54.55,36.36,60.0,0.6694114828987856,0.8071506966306091,6.0,15.0,0.38986498,6.0,11.0,20.0,0.46206525,36.0,7.238605898123324,20.50938337801609,0.9651474530831098,26.78284182305629,0.9651474530831098,2.412868632707774,2.412868632707774,1.206434316353887,1.206434316353887,1.206434316353887,0.7238605898123324,0.9651474530831098,5.790884718498659,0.2412868632707774,0.0,0.2412868632707774,4.101876675603217,1.93029490616622,1.4477211796246647,0.0,0.9651474530831098,0.9651474530831098,0.4825737265415549,0.0,84.73,100.0,22.22,66.67,10.0,54.55,36.36,60.0,0.1615201969460876,0.1947548597768225,1.4477211796246647,3.619302949061662,0.0940692981233243,1.4477211796246647,2.654155495978552,4.825737265415549,0.1114902747989276,8.686327077747988,ST,91,96,86,96,54,88,50,30,88,84,20,34,88,20,18,14,57,86,100,32,98,84,43,50,82,98,68,77,9,89,57,68,29,86,89,93,93,96,91,96,86,82,82,96,82,96,50,82,39,11,86,79,14,21,71,14,18,7,50,75,96,32,100,79,39,50,82,98,68,77,9,89,57,68,18,82,79,93,89,93,89,96,79,79,Premiership
St. Johnstone,ez46dadmx0virt38cgeq2n6pf,1dzmlop3jwm8aeqxkmihjl7xm,C. Diabate,Cheick Diabate,24.0,Defender,England,Defender,284.0,147.0,26.0,431.0,23.0,1.0,5.0,5.0,0.0,1.0,8.0,8.0,32.0,46.0,1.0,540.0,1.0,5.0,1.0,2.0,0.0,2.0,0.0,5.0,0.0,91.31,56.52,0.0,62.5,20.0,71.11,85.19,66.67,0.6035249540447342,0.0468932568388507,0.0,7.0,0.13266511,3.0,37.0,39.0,0.8284668000000004,272.0,47.333333333333336,24.5,4.333333333333333,71.83333333333333,3.8333333333333335,0.1666666666666666,0.8333333333333334,0.8333333333333334,0.0,0.1666666666666666,1.3333333333333333,1.3333333333333333,5.333333333333333,7.666666666666667,0.1666666666666666,0.1666666666666666,0.8333333333333334,0.1666666666666666,0.3333333333333333,0.0,0.3333333333333333,0.0,0.8333333333333334,0.0,91.31,56.52,0.0,62.5,20.0,71.11,85.19,66.67,0.100587492340789,0.0078155428064751,0.0,1.1666666666666667,0.0221108516666666,0.5,6.166666666666667,6.5,0.1380778,45.333333333333336,LB/LCB,100,100,100,100,100,25,75,88,29,75,71,67,92,100,96,71,58,25,33,42,29,17,75,54,100,100,17,75,62,100,100,62,92,25,33,67,50,62,100,100,58,100,100,92,100,100,92,17,67,83,29,67,58,58,67,100,92,58,50,17,25,42,17,17,58,54,100,100,17,75,62,100,100,62,75,17,33,42,42,50,92,83,50,100,Premiership
St. Johnstone,ez46dadmx0virt38cgeq2n6pf,5i1wfub7y83yosbne42d24avo,T. Steven,Taylor Steven,21.0,Attacker,Scotland,Striker,16.0,49.0,3.0,63.0,1.0,3.0,4.0,3.0,1.0,2.0,3.0,3.0,16.0,2.0,0.0,221.0,2.0,7.0,7.0,4.0,0.0,1.0,2.0,2.0,0.0,86.3,60.0,28.57,66.67,50.0,51.61,11.11,66.67,0.3443422988385822,0.3520653853836719,0.0,5.0,0.14740894,4.0,5.0,9.0,0.4664122999999999,26.0,6.515837104072398,19.95475113122172,1.2217194570135743,25.656108597285066,0.4072398190045249,1.2217194570135743,1.6289592760180995,1.2217194570135743,0.4072398190045249,0.8144796380090498,1.2217194570135743,1.2217194570135743,6.515837104072398,0.8144796380090498,0.0,0.8144796380090498,2.850678733031674,2.850678733031674,1.6289592760180995,0.0,0.4072398190045249,0.8144796380090498,0.8144796380090498,0.0,86.3,60.0,28.57,66.67,50.0,51.61,11.11,66.67,0.1402298954546262,0.1433750438214048,0.0,2.0361990950226243,0.0600307900452488,1.6289592760180995,2.0361990950226243,3.665158371040724,0.1899416606334841,10.588235294117649,LW,33,50,58,33,58,33,25,50,25,50,33,33,67,67,33,58,33,58,67,50,50,75,42,58,83,83,100,83,67,83,42,67,33,50,17,42,33,75,75,75,50,67,83,100,83,100,83,50,33,50,33,67,33,33,67,67,33,67,33,67,100,50,50,83,50,58,83,83,100,83,67,83,42,67,33,67,17,50,67,100,83,100,83,83,Premiership
St. Johnstone,ez46dadmx0virt38cgeq2n6pf,68jyn13uu405w4npr317v5las,Z. Mitchell,Zach Mitchell,21.0,Defender,England,Defender,153.0,52.0,10.0,205.0,15.0,1.0,0.0,0.0,0.0,0.0,1.0,1.0,24.0,47.0,0.0,450.0,0.0,0.0,3.0,3.0,0.0,3.0,0.0,1.0,0.0,83.67,27.78,0.0,100.0,0.0,64.86,62.5,60.0,0.0,0.12079002827638,0.0,2.0,0.03932202,1.0,17.0,18.0,0.4251602499999998,107.0,30.6,10.4,2.0,41.0,3.0,0.2,0.0,0.0,0.0,0.0,0.2,0.2,4.8,9.4,0.0,0.0,0.0,0.6,0.6,0.0,0.6,0.0,0.2,0.0,83.67,27.78,0.0,100.0,0.0,64.86,62.5,60.0,0.0,0.024158005655276,0.0,0.4,0.007864404,0.2,3.4,3.6,0.0850320499999999,21.4,CB,45,34,36,50,61,39,9,11,39,30,55,52,68,93,41,25,5,64,59,48,25,45,57,45,32,9,45,82,25,50,23,41,9,55,39,45,41,52,68,61,45,23,32,23,27,23,50,36,9,11,39,30,52,52,50,95,41,25,5,50,50,48,18,45,52,45,32,9,45,82,25,50,23,41,9,55,39,45,45,43,59,50,27,14,Premiership
St. Johnstone,ez46dadmx0virt38cgeq2n6pf,6c2l1ppjdc2iey5btxtpyv23u,R. McAlear,Reece McAlear,24.0,Midfielder,Scotland,Midfielder,147.0,127.0,15.0,271.0,7.0,3.0,5.0,0.0,5.0,2.0,7.0,7.0,25.0,12.0,0.0,519.0,1.0,0.0,3.0,7.0,0.0,4.0,3.0,4.0,0.0,83.38,41.67,33.33,57.14,20.0,40.32,41.18,63.64,0.3019961370517423,0.2597815006194549,3.0,7.0,0.17134053,3.0,23.0,29.0,0.7121632900000003,140.0,25.491329479768787,22.02312138728324,2.601156069364162,46.9942196531792,1.213872832369942,0.5202312138728323,0.8670520231213873,0.0,0.8670520231213873,0.3468208092485549,1.213872832369942,1.213872832369942,4.335260115606936,2.0809248554913293,0.0,0.1734104046242774,0.0,0.5202312138728323,1.213872832369942,0.0,0.6936416184971098,0.5202312138728323,0.6936416184971098,0.0,83.38,41.67,33.33,57.14,20.0,40.32,41.18,63.64,0.0523692723211113,0.0450488151363216,0.5202312138728323,1.213872832369942,0.0297122306358381,0.5202312138728323,3.988439306358381,5.028901734104046,0.1234965242774567,24.277456647398843,DM/CM,92,81,92,88,79,48,67,17,90,75,81,81,65,90,42,62,8,25,56,48,35,92,85,52,38,46,75,83,58,12,38,44,46,58,83,65,71,52,75,96,83,79,88,58,71,67,71,21,56,17,88,62,54,54,21,75,42,50,8,8,42,48,17,79,71,52,38,46,75,83,58,12,38,44,46,42,75,44,54,35,50,79,67,62,Premiership
St. Johnstone,ez46dadmx0virt38cgeq2n6pf,7ys2ojn7lv1wouhximlo4mkno,E. Alić,Enes Alic,27.0,Defender,Bosnia and Herzegovina,Defender,70.0,83.0,6.0,147.0,6.0,6.0,5.0,1.0,4.0,0.0,7.0,7.0,25.0,18.0,0.0,360.0,2.0,7.0,7.0,3.0,0.0,2.0,6.0,5.0,0.0,85.96,37.5,23.08,71.43,40.0,58.14,60.0,42.86,0.2635293841490797,0.7343974148483731,4.0,20.0,0.5949367999999998,5.0,6.0,18.0,1.1241440700000005,69.0,17.5,20.75,1.5,36.75,1.5,1.5,1.25,0.25,1.0,0.0,1.75,1.75,6.25,4.5,0.0,0.5,1.75,1.75,0.75,0.0,0.5,1.5,1.25,0.0,85.96,37.5,23.08,71.43,40.0,58.14,60.0,42.86,0.0658823460372699,0.1835993537120932,1.0,5.0,0.1487341999999999,1.25,1.5,4.5,0.2810360175000001,17.25,LB/LCB,42,83,33,62,46,79,75,50,100,33,58,58,75,58,46,92,67,83,62,42,29,75,75,54,75,58,42,83,75,67,79,33,58,83,100,92,100,92,17,62,75,54,58,75,33,58,42,83,83,50,100,33,67,67,83,58,46,92,67,83,50,42,33,67,83,54,75,58,42,83,75,67,79,33,67,75,100,100,100,92,25,75,92,58,Premiership
St. Johnstone,ez46dadmx0virt38cgeq2n6pf,88rox9mne5fv60ztacpvtyzqi,J. Gullan,Jamie Gullan,27.0,Attacker,Scotland,Striker,25.0,72.0,4.0,90.0,5.0,10.0,10.0,6.0,4.0,3.0,8.0,9.0,22.0,7.0,0.0,355.0,1.0,12.0,9.0,3.0,2.0,1.0,7.0,3.0,0.0,73.17,28.57,26.92,37.5,10.0,43.14,27.78,60.0,0.5269398704154458,1.1348001608892235,4.0,6.0,0.14057293,4.0,11.0,16.0,0.5525731500000001,39.0,6.338028169014084,18.253521126760564,1.0140845070422535,22.816901408450704,1.2676056338028168,2.535211267605633,2.535211267605633,1.5211267605633805,1.0140845070422535,0.7605633802816901,2.028169014084507,2.2816901408450705,5.577464788732394,1.7746478873239435,0.0,0.2535211267605634,3.0422535211267605,2.2816901408450705,0.7605633802816901,0.5070422535211268,0.2535211267605634,1.7746478873239435,0.7605633802816901,0.0,73.17,28.57,26.92,37.5,10.0,43.14,27.78,60.0,0.133590389682789,0.2876958154367045,1.0140845070422535,1.5211267605633805,0.0356382076056338,1.0140845070422535,2.788732394366197,4.056338028169014,0.1400889676056338,9.887323943661972,ST,82,93,86,93,61,88,50,45,80,57,73,75,79,88,18,14,29,95,66,95,62,96,64,50,54,39,71,41,9,50,43,68,14,93,73,68,46,84,91,93,89,89,68,93,86,89,61,89,43,32,75,46,57,61,64,82,18,11,11,86,64,96,57,96,57,50,54,39,71,41,9,50,43,68,14,93,71,64,39,79,93,93,89,93,Premiership
St. Johnstone,ez46dadmx0virt38cgeq2n6pf,a5fpw5f7bvu01i8drfir8ugut,L. Smith,Liam Smith,30.0,Defender,Scotland,Defender,45.0,54.0,2.0,97.0,5.0,1.0,3.0,2.0,1.0,1.0,5.0,5.0,17.0,14.0,0.0,353.0,0.0,4.0,3.0,3.0,0.0,11.0,2.0,3.0,0.0,75.78,14.29,20.0,60.0,0.0,54.84,50.0,42.86,0.2755925755456991,0.0727900840179879,1.0,7.0,0.17823862,2.0,8.0,7.0,0.34330031,44.0,11.473087818696884,13.767705382436262,0.509915014164306,24.73087818696884,1.274787535410765,0.254957507082153,0.764872521246459,0.509915014164306,0.254957507082153,0.254957507082153,1.274787535410765,1.274787535410765,4.334277620396601,3.5694050991501416,0.0,0.0,1.019830028328612,0.764872521246459,0.764872521246459,0.0,2.8045325779036827,0.509915014164306,0.764872521246459,0.0,75.78,14.29,20.0,60.0,0.0,54.84,50.0,42.86,0.0702643960314813,0.0185583783615266,0.254957507082153,1.7847025495750708,0.0454432742209631,0.509915014164306,2.039660056657224,1.7847025495750708,0.0875269912181303,11.21813031161473,RB/RCB,15,23,15,15,50,23,65,65,50,50,65,62,35,54,54,38,15,42,19,46,96,46,65,38,31,15,50,62,38,46,50,15,77,23,58,65,69,38,19,15,31,31,31,46,15,23,54,23,69,69,54,62,69,62,31,62,54,38,15,38,23,46,100,46,69,38,31,15,50,62,38,46,50,15,77,23,54,62,69,31,23,15,46,46,Premiership
St. Johnstone,ez46dadmx0virt38cgeq2n6pf,cwdqe0rv5dcshhfhke86j9z2t,J. Holt,Jason Holt,33.0,Midfielder,Scotland,Midfielder,133.0,159.0,1.0,292.0,3.0,6.0,1.0,0.0,1.0,0.0,5.0,6.0,22.0,7.0,0.0,470.0,1.0,2.0,13.0,2.0,0.0,7.0,0.0,2.0,0.0,94.5,20.0,0.0,40.0,100.0,66.67,60.0,50.0,0.0800668504579902,0.2735806898781431,0.0,19.0,0.43673657,8.0,37.0,26.0,0.6628480300000001,171.0,25.46808510638298,30.4468085106383,0.1914893617021276,55.91489361702128,0.5744680851063829,1.1489361702127658,0.1914893617021276,0.0,0.1914893617021276,0.0,0.9574468085106382,1.1489361702127658,4.212765957446808,1.3404255319148937,0.0,0.1914893617021276,0.3829787234042553,2.48936170212766,0.3829787234042553,0.0,1.3404255319148937,0.0,0.3829787234042553,0.0,94.5,20.0,0.0,40.0,100.0,66.67,60.0,50.0,0.0153319500877002,0.0523877916787933,0.0,3.638297872340425,0.0836304070212766,1.5319148936170213,7.085106382978723,4.97872340425532,0.1269283461702127,32.744680851063826,DM/CM,83,96,4,92,35,90,10,17,27,15,50,62,52,67,42,62,35,96,6,48,79,29,56,52,100,4,29,48,100,100,75,21,12,62,15,100,96,96,96,81,79,96,83,79,4,88,25,75,8,17,12,15,33,38,17,50,42,54,33,96,4,48,50,29,46,52,100,4,29,48,100,100,75,21,12,50,15,100,96,96,92,71,71,88,Premiership
St. Johnstone,ez46dadmx0virt38cgeq2n6pf,cy21ens9gwdhkmwfpdwz3e2cq,R. Paton,Ruari Paton,26.0,Attacker,Republic of Ireland,Striker,23.0,41.0,0.0,64.0,3.0,2.0,7.0,6.0,1.0,2.0,2.0,2.0,8.0,0.0,1.0,325.0,4.0,15.0,1.0,2.0,0.0,0.0,0.0,2.0,0.0,76.19,0.0,0.0,100.0,57.14,29.63,25.0,100.0,0.8449517904585012,0.1554625073907212,1.0,5.0,0.20442482,2.0,3.0,6.0,0.18424411,23.0,6.369230769230769,11.353846153846154,0.0,17.723076923076924,0.8307692307692307,0.5538461538461539,1.9384615384615385,1.6615384615384614,0.2769230769230769,0.5538461538461539,0.5538461538461539,0.5538461538461539,2.2153846153846155,0.0,0.2769230769230769,1.1076923076923078,4.153846153846154,0.2769230769230769,0.5538461538461539,0.0,0.0,0.0,0.5538461538461539,0.0,76.19,0.0,0.0,100.0,57.14,29.63,25.0,100.0,0.2339866496654311,0.0430511558928151,0.2769230769230769,1.3846153846153846,0.0566099501538461,0.5538461538461539,0.8307692307692307,1.6615384615384614,0.0510214458461538,6.369230769230769,LW,75,33,17,50,100,17,58,83,25,50,17,17,17,17,75,83,75,33,33,50,25,17,42,58,33,17,17,100,100,17,83,100,100,17,33,42,67,50,42,33,17,33,67,33,17,33,100,17,50,83,17,50,17,17,17,17,67,83,83,33,33,50,25,17,33,58,33,17,17,100,100,17,83,100,100,17,33,33,50,50,33,33,17,33,Premiership
St. Johnstone,ez46dadmx0virt38cgeq2n6pf,d5y51fsln791r9ngx2fc03pxw,J. Fowler,Josh Fowler,24.0,Attacker,Scotland,Striker,11.0,32.0,0.0,43.0,4.0,6.0,8.0,8.0,0.0,0.0,5.0,8.0,15.0,3.0,4.0,389.0,5.0,20.0,6.0,3.0,1.0,0.0,0.0,2.0,0.0,70.49,0.0,0.0,40.0,62.5,31.25,16.0,100.0,0.8526529128572036,0.4439646989554526,0.0,3.0,0.13846628,2.0,0.0,3.0,0.11609105,5.0,2.544987146529563,7.403598971722365,0.0,9.948586118251928,0.9254498714652956,1.3881748071979436,1.850899742930592,1.850899742930592,0.0,0.0,1.1568123393316196,1.850899742930592,3.470437017994859,0.6940874035989718,0.9254498714652956,1.1568123393316196,4.627249357326479,1.3881748071979436,0.6940874035989718,0.2313624678663239,0.0,0.0,0.4627249357326478,0.0,70.49,0.0,0.0,40.0,62.5,31.25,16.0,100.0,0.1972718821520522,0.102716768395863,0.0,0.6940874035989718,0.0320359002570694,0.4627249357326478,0.0,0.6940874035989718,0.0268591118251928,1.1568123393316196,ST,21,48,18,41,54,66,32,57,12,11,43,68,39,54,100,77,68,62,66,77,27,27,43,50,36,18,27,46,96,21,18,95,46,61,18,36,43,52,9,32,25,4,14,29,18,25,46,54,18,46,12,11,43,46,29,43,96,71,54,54,57,68,27,27,36,50,36,18,27,46,96,21,18,95,21,46,18,25,36,46,9,25,18,4,Premiership
St. Johnstone,ez46dadmx0virt38cgeq2n6pf,dpvmqjqhtd3r0eoaefpux42d,S. Stanton,Sam Stanton,32.0,Midfielder,Scotland,Midfielder,45.0,72.0,2.0,117.0,7.0,3.0,8.0,6.0,2.0,4.0,7.0,9.0,22.0,8.0,0.0,442.0,0.0,12.0,3.0,2.0,1.0,6.0,0.0,5.0,0.0,78.0,28.57,0.0,71.43,0.0,51.16,50.0,28.57,0.7259123604299953,0.1367534587009073,0.0,2.0,0.04797389,3.0,12.0,13.0,0.2387804899999999,45.0,9.16289592760181,14.660633484162895,0.4072398190045249,23.823529411764703,1.425339366515837,0.6108597285067873,1.6289592760180995,1.2217194570135743,0.4072398190045249,0.8144796380090498,1.425339366515837,1.832579185520362,4.479638009049774,1.6289592760180995,0.0,0.0,2.443438914027149,0.6108597285067873,0.4072398190045249,0.2036199095022624,1.2217194570135743,0.0,1.0180995475113122,0.0,78.0,28.57,0.0,71.43,0.0,51.16,50.0,28.57,0.1478102091373293,0.0278457268848001,0.0,0.4072398190045249,0.0097684391402714,0.6108597285067873,2.443438914027149,2.647058823529412,0.0486204617647058,9.16289592760181,CM/AM,60,60,25,60,100,10,80,85,55,100,65,90,85,100,30,15,80,35,45,80,100,25,85,55,30,40,25,85,15,70,70,10,80,10,20,15,15,45,50,40,10,40,20,30,20,30,90,10,50,70,50,80,30,40,50,80,30,15,80,20,30,70,100,25,70,55,30,40,25,85,15,70,70,10,60,10,20,10,10,20,30,30,10,30,Premiership
St. Mirren,muo4d1nfi1vgyvz5n07tjmoo,16x7shxmsfll6pytg8b8v0dbe,J. Richardson,Jayden Richardson,26.0,Defender,England,Defender,26.0,29.0,1.0,55.0,2.0,1.0,1.0,1.0,0.0,1.0,3.0,3.0,14.0,16.0,0.0,253.0,0.0,7.0,3.0,3.0,0.0,2.0,0.0,3.0,0.0,72.37,11.11,0.0,100.0,0.0,66.67,40.0,50.0,0.0836325336571242,0.1191644235465259,0.0,3.0,0.07226001,2.0,5.0,5.0,0.1388659299999999,16.0,9.24901185770751,10.316205533596838,0.3557312252964427,19.565217391304348,0.7114624505928854,0.3557312252964427,0.3557312252964427,0.3557312252964427,0.0,0.3557312252964427,1.067193675889328,1.067193675889328,4.980237154150198,5.691699604743083,0.0,0.0,2.490118577075099,1.067193675889328,1.067193675889328,0.0,0.7114624505928854,0.0,1.067193675889328,0.0,72.37,11.11,0.0,100.0,0.0,66.67,40.0,50.0,0.0297507036724947,0.0423905063999499,0.0,1.067193675889328,0.0257051418972332,0.7114624505928854,1.7786561264822136,1.7786561264822136,0.04939894743083,5.691699604743083,RB/RCB,8,8,8,8,12,23,19,35,23,50,42,35,12,69,54,38,69,42,19,46,12,15,65,38,8,8,15,96,38,85,15,31,23,31,27,19,15,38,8,8,8,8,8,15,8,8,23,31,38,54,23,77,62,46,54,85,54,38,92,77,38,46,23,15,85,38,8,8,15,96,38,85,15,31,31,31,27,31,31,62,15,8,8,8,Premiership
St. Mirren,muo4d1nfi1vgyvz5n07tjmoo,3drdtdzv5zyn87smg6jm1pslw,I. Kabia,Ismeal Kabia,20.0,Attacker,Netherlands,Striker,14.0,54.0,1.0,66.0,1.0,6.0,8.0,5.0,3.0,5.0,18.0,20.0,15.0,1.0,0.0,316.0,2.0,24.0,7.0,1.0,0.0,0.0,2.0,5.0,0.0,73.33,16.67,18.18,27.78,25.0,31.91,20.0,50.0,0.7632838893033076,0.5208205294289707,4.0,23.0,0.8479987299999999,4.0,2.0,7.0,0.4971811499999999,24.0,3.987341772151898,15.379746835443038,0.2848101265822785,18.79746835443038,0.2848101265822785,1.7088607594936709,2.278481012658228,1.4240506329113924,0.8544303797468354,1.4240506329113924,5.1265822784810124,5.69620253164557,4.272151898734177,0.2848101265822785,0.0,0.569620253164557,6.835443037974684,1.993670886075949,0.2848101265822785,0.0,0.0,0.569620253164557,1.4240506329113924,0.0,73.33,16.67,18.18,27.78,25.0,31.91,20.0,50.0,0.2173909811306889,0.1483349609133144,1.139240506329114,6.550632911392405,0.2415186256329113,1.139240506329114,0.569620253164557,1.993670886075949,0.1416022262658227,6.835443037974684,LW,17,75,33,67,58,75,83,67,83,100,100,100,50,42,33,58,100,58,17,50,25,75,67,58,17,33,67,33,42,33,67,33,83,67,67,100,100,75,17,50,67,50,17,67,33,50,50,83,83,67,83,100,100,100,50,50,33,50,100,50,17,50,25,67,67,58,17,33,67,33,42,33,67,33,83,83,67,100,100,67,17,50,50,50,Premiership
St. Mirren,muo4d1nfi1vgyvz5n07tjmoo,3s6h7ah3aw6x091rky1zu3tka,Samuel Ramos,Samuel Ramos,26.0,Midfielder,Spain,Midfielder,31.0,49.0,5.0,80.0,2.0,4.0,6.0,3.0,3.0,2.0,6.0,6.0,15.0,1.0,1.0,251.0,3.0,6.0,9.0,1.0,2.0,1.0,0.0,1.0,0.0,81.63,62.5,0.0,16.67,50.0,48.39,33.33,33.33,0.5452394296767953,0.3015873785745447,4.0,2.0,0.04797389,2.0,10.0,14.0,0.4117376,38.0,11.115537848605578,17.56972111553785,1.7928286852589643,28.68525896414343,0.7171314741035857,1.4342629482071714,2.1513944223107573,1.0756972111553786,1.0756972111553786,0.7171314741035857,2.1513944223107573,2.1513944223107573,5.378486055776893,0.3585657370517928,0.3585657370517928,1.0756972111553786,2.1513944223107573,3.227091633466136,0.3585657370517928,0.7171314741035857,0.3585657370517928,0.0,0.3585657370517928,0.0,81.63,62.5,0.0,16.67,50.0,48.39,33.33,33.33,0.1955041779717592,0.1081389006840997,1.4342629482071714,0.7171314741035857,0.0172017932270916,0.7171314741035857,3.5856573705179287,5.0199203187251,0.1476349960159362,13.625498007968128,CM/AM,20,40,50,30,45,25,55,60,75,70,40,40,50,15,80,75,45,90,15,100,25,25,30,55,70,90,25,30,75,50,50,30,60,30,80,15,15,20,40,50,40,30,50,40,50,50,50,30,90,60,80,70,70,70,70,20,100,90,40,90,20,100,30,25,40,55,70,90,25,30,75,50,50,30,90,30,80,20,20,30,50,60,50,50,Premiership
St. Mirren,muo4d1nfi1vgyvz5n07tjmoo,64tpd90skhh1yj8yztefhahn9,D. John,Declan John,31.0,Defender,Wales,Defender,79.0,82.0,4.0,157.0,1.0,6.0,5.0,4.0,1.0,1.0,10.0,10.0,13.0,17.0,1.0,449.0,1.0,14.0,0.0,6.0,0.0,4.0,4.0,5.0,0.0,76.59,21.05,20.0,50.0,20.0,36.11,16.67,85.71,0.5442747842082285,0.4469305426048919,1.0,6.0,0.17951731,4.0,15.0,18.0,0.5890120000000001,78.0,15.835189309576837,16.43652561247216,0.8017817371937639,31.46993318485524,0.2004454342984409,1.2026726057906458,1.0022271714922049,0.8017817371937639,0.2004454342984409,0.2004454342984409,2.0044543429844097,2.0044543429844097,2.6057906458797326,3.4075723830734965,0.2004454342984409,0.2004454342984409,2.8062360801781736,0.0,1.2026726057906458,0.0,0.8017817371937639,0.8017817371937639,1.0022271714922049,0.0,76.59,21.05,20.0,50.0,20.0,36.11,16.67,85.71,0.1090973954983086,0.0895851867136754,0.2004454342984409,1.2026726057906458,0.0359834251670378,0.8017817371937639,3.0066815144766146,3.6080178173719375,0.1180647661469933,15.634743875278396,LB/LCB,67,71,25,75,17,79,75,75,71,75,83,83,25,42,96,71,92,8,92,42,67,50,75,54,25,17,33,42,62,8,17,92,75,67,71,54,67,79,75,62,33,67,33,50,25,33,17,67,75,75,58,75,75,75,25,33,100,75,83,8,92,42,58,50,67,54,25,17,33,42,62,8,17,92,83,58,67,50,58,67,67,42,33,50,Premiership
St. Mirren,muo4d1nfi1vgyvz5n07tjmoo,6nm4j9c81rfkxyl9vfxvbscno,F. Taylor,Fraser Taylor,23.0,Midfielder,Scotland,Midfielder,88.0,84.0,11.0,171.0,0.0,5.0,7.0,4.0,3.0,1.0,4.0,4.0,7.0,4.0,1.0,255.0,2.0,9.0,2.0,4.0,0.0,1.0,1.0,1.0,0.0,86.8,61.11,50.0,25.0,28.57,35.0,0.0,100.0,0.6568523641237014,0.5337146414073025,2.0,3.0,0.06800112,3.0,12.0,18.0,0.66811792,72.0,31.058823529411764,29.64705882352941,3.882352941176471,60.35294117647059,0.0,1.7647058823529411,2.4705882352941173,1.4117647058823528,1.0588235294117647,0.3529411764705882,1.4117647058823528,1.4117647058823528,2.4705882352941173,1.4117647058823528,0.3529411764705882,0.7058823529411764,3.176470588235294,0.7058823529411764,1.4117647058823528,0.0,0.3529411764705882,0.3529411764705882,0.3529411764705882,0.0,86.8,61.11,50.0,25.0,28.57,35.0,0.0,100.0,0.2318302461613063,0.1883698734378714,0.7058823529411764,1.0588235294117647,0.0240003952941176,1.0588235294117647,4.235294117647059,6.352941176470588,0.2358063247058823,25.41176470588235,CM,100,100,100,100,100,100,100,100,100,100,100,100,100,100,100,100,100,100,100,100,100,100,100,100,100,100,100,100,100,100,100,100,100,100,100,100,100,100,100,100,100,100,100,100,100,100,100,100,100,100,100,100,100,100,100,100,100,100,100,100,100,100,100,100,100,100,100,100,100,100,100,100,100,100,100,100,100,100,100,100,100,100,100,100,Premiership
St. Mirren,muo4d1nfi1vgyvz5n07tjmoo,7ey49srzbe1bgi3kjal7fz6dw,E. Sule,Eseosa Sule,20.0,Attacker,Nigeria,Striker,8.0,18.0,1.0,26.0,0.0,2.0,10.0,5.0,5.0,3.0,6.0,7.0,6.0,0.0,0.0,207.0,4.0,14.0,2.0,1.0,0.0,0.0,0.0,2.0,0.0,70.27,50.0,0.0,33.33,40.0,33.33,0.0,50.0,0.6836344562046074,0.1769791871492979,5.0,2.0,0.04888404,0.0,2.0,2.0,0.10449916,6.0,3.4782608695652177,7.82608695652174,0.4347826086956522,11.304347826086955,0.0,0.8695652173913044,4.347826086956522,2.173913043478261,2.173913043478261,1.3043478260869563,2.608695652173913,3.0434782608695654,2.608695652173913,0.0,0.0,1.7391304347826089,6.086956521739131,0.8695652173913044,0.4347826086956522,0.0,0.0,0.0,0.8695652173913044,0.0,70.27,50.0,0.0,33.33,40.0,33.33,0.0,50.0,0.2972323722628728,0.0769474726736077,2.173913043478261,0.8695652173913044,0.0212539304347826,0.0,0.8695652173913044,0.8695652173913044,0.0454344173913043,2.608695652173913,ST,14,14,41,11,4,21,50,30,88,57,52,57,7,7,18,64,39,14,36,32,27,27,43,50,32,66,27,32,70,29,5,46,36,25,80,23,14,12,34,16,14,7,29,32,43,36,4,25,86,54,96,82,75,75,18,7,18,93,68,18,43,32,27,27,68,50,32,66,27,32,70,29,5,46,57,25,96,32,18,12,39,29,32,18,Premiership
St. Mirren,muo4d1nfi1vgyvz5n07tjmoo,8kteu42jbj080ouby8i4qjaj8,P. Nsio,Paul Nsio,20.0,Midfielder,England,Midfielder,68.0,73.0,7.0,140.0,6.0,4.0,6.0,4.0,2.0,2.0,15.0,16.0,36.0,15.0,1.0,450.0,1.0,13.0,3.0,12.0,0.0,5.0,1.0,8.0,0.0,74.47,41.18,33.33,53.33,16.67,50.0,54.55,63.16,0.5177812733225503,0.1784630202866841,1.0,9.0,0.22956096,7.0,8.0,12.0,0.4501551399999998,60.0,13.6,14.6,1.4,28.0,1.2,0.8,1.2,0.8,0.4,0.4,3.0,3.2,7.2,3.0,0.2,0.2,2.6,0.6,2.4,0.0,1.0,0.2,1.6,0.0,74.47,41.18,33.33,53.33,16.67,50.0,54.55,63.16,0.10355625466451,0.0356926040573368,0.2,1.8,0.045912192,1.4,1.6,2.4,0.0900310279999999,12.0,DM/CM,38,48,46,38,69,67,75,92,54,75,98,98,92,96,92,62,100,25,100,48,52,62,96,52,17,42,75,79,54,44,58,38,75,38,42,77,79,90,21,38,50,29,17,29,42,21,67,50,62,79,46,71,100,100,79,96,88,65,96,19,83,48,38,58,100,52,17,42,75,79,54,44,58,38,71,25,33,71,75,88,12,33,29,17,Premiership
St. Mirren,muo4d1nfi1vgyvz5n07tjmoo,9d2p89e7bftxqhk80hy9ldeqd,A. Gogić,Alex Gogic,32.0,Defender,Cyprus,Defender,212.0,68.0,10.0,280.0,5.0,3.0,1.0,1.0,0.0,0.0,1.0,1.0,18.0,43.0,0.0,540.0,0.0,2.0,1.0,7.0,1.0,9.0,0.0,1.0,0.0,88.61,30.3,0.0,100.0,0.0,54.55,45.45,63.64,0.1312674461052879,0.2019586932761184,0.0,1.0,0.01689528,1.0,16.0,15.0,0.4265281399999996,182.0,35.333333333333336,11.333333333333334,1.6666666666666667,46.66666666666666,0.8333333333333334,0.5,0.1666666666666666,0.1666666666666666,0.0,0.0,0.1666666666666666,0.1666666666666666,3.0,7.166666666666667,0.0,0.0,0.3333333333333333,0.1666666666666666,1.1666666666666667,0.1666666666666666,1.5,0.0,0.1666666666666666,0.0,88.61,30.3,0.0,100.0,0.0,54.55,45.45,63.64,0.0218779076842146,0.0336597822126864,0.0,0.1666666666666666,0.0028158799999999,0.1666666666666666,2.6666666666666665,2.5,0.0710880233333332,30.33333333333333,CB,77,55,36,64,9,73,30,34,39,30,55,52,34,80,41,25,27,20,100,98,89,45,57,45,64,14,45,82,25,18,5,45,36,73,39,25,20,52,64,50,50,73,59,32,14,41,5,66,18,23,39,30,43,39,14,57,41,25,18,14,95,95,86,45,45,45,64,14,45,82,25,18,5,45,18,64,39,16,14,36,41,30,23,45,Premiership
St. Mirren,muo4d1nfi1vgyvz5n07tjmoo,b5zjhbc8klgjrafy0v3loh9g4,R. Carr,Ryan Carr,21.0,Midfielder,Scotland,Midfielder,144.0,122.0,19.0,266.0,4.0,5.0,5.0,1.0,4.0,1.0,15.0,16.0,46.0,5.0,0.0,519.0,0.0,2.0,15.0,8.0,0.0,11.0,0.0,9.0,0.0,86.36,57.58,0.0,60.0,0.0,56.79,44.44,44.44,0.3476837780557139,0.250764754983291,2.0,7.0,0.13236598,3.0,26.0,26.0,0.5633458200000001,164.0,24.97109826589596,21.15606936416185,3.294797687861272,46.127167630057805,0.6936416184971098,0.8670520231213873,0.8670520231213873,0.1734104046242774,0.6936416184971098,0.1734104046242774,2.601156069364162,2.77456647398844,7.976878612716763,0.8670520231213873,0.0,0.0,0.3468208092485549,2.601156069364162,1.3872832369942196,0.0,1.907514450867052,0.0,1.560693641618497,0.0,86.36,57.58,0.0,60.0,0.0,56.79,44.44,44.44,0.0602919846339388,0.0434852176271602,0.3468208092485549,1.213872832369942,0.022953638150289,0.5202312138728323,4.508670520231214,4.508670520231214,0.0976900265895954,28.439306358381504,DM/CM,88,75,96,83,52,79,67,46,81,44,98,98,98,42,42,25,35,100,69,48,100,29,100,52,62,79,29,88,25,79,42,8,54,46,67,65,54,52,83,81,71,92,79,50,88,62,33,58,56,38,62,29,96,92,92,17,42,25,25,100,46,48,96,29,96,52,62,79,29,88,25,79,42,8,50,33,54,44,25,35,54,50,42,75,Premiership
St. Mirren,muo4d1nfi1vgyvz5n07tjmoo,bhkrpr3gxc5xx0b0dinla5muh,N. Agrafiotis,Nikolas Agrafiotis,26.0,Attacker,Netherlands,Striker,19.0,31.0,0.0,50.0,7.0,4.0,6.0,5.0,1.0,0.0,7.0,7.0,17.0,4.0,1.0,267.0,2.0,12.0,7.0,0.0,1.0,1.0,0.0,2.0,0.0,73.53,0.0,0.0,28.57,33.33,35.42,41.18,0.0,0.6541504459345984,0.3155485618377185,0.0,1.0,0.02401521,1.0,1.0,3.0,0.1562913299999999,11.0,6.404494382022472,10.44943820224719,0.0,16.85393258426966,2.359550561797753,1.348314606741573,2.02247191011236,1.6853932584269662,0.3370786516853932,0.0,2.359550561797753,2.359550561797753,5.730337078651685,1.348314606741573,0.3370786516853932,0.6741573033707865,4.044943820224719,2.359550561797753,0.0,0.3370786516853932,0.3370786516853932,0.0,0.6741573033707865,0.0,73.53,0.0,0.0,28.57,33.33,35.42,41.18,0.0,0.2205001503150331,0.106364683765523,0.0,0.3370786516853932,0.0080950146067415,0.3370786516853932,0.3370786516853932,1.0112359550561798,0.0526824707865168,3.7078651685393256,ST,61,43,18,54,73,41,23,30,30,11,64,57,48,68,54,34,29,77,16,77,62,27,43,50,57,18,27,29,54,39,71,16,25,39,18,9,7,34,21,32,32,27,71,50,18,57,82,50,29,36,29,11,68,68,68,71,61,32,46,93,16,86,61,27,50,50,57,18,27,29,54,39,71,16,29,50,18,7,4,39,21,32,39,32,Premiership
St. Mirren,muo4d1nfi1vgyvz5n07tjmoo,bope7x42xo591997erreb21as,H. Fieldson,Henry Fieldson,21.0,Defender,England,Defender,152.0,43.0,14.0,192.0,10.0,5.0,2.0,2.0,0.0,0.0,5.0,5.0,30.0,34.0,0.0,450.0,1.0,4.0,6.0,11.0,1.0,6.0,3.0,1.0,0.0,84.96,41.18,50.0,20.0,50.0,54.55,41.67,84.62,0.3056681347048298,0.41744183586062,0.0,0.0,0.0,1.0,13.0,15.0,0.6588856800000004,103.0,30.4,8.6,2.8,38.4,2.0,1.0,0.4,0.4,0.0,0.0,1.0,1.0,6.0,6.8,0.0,0.2,0.8,1.2,2.2,0.2,1.2,0.6,0.2,0.0,84.96,41.18,50.0,20.0,50.0,54.55,41.67,84.62,0.0611336269409659,0.083488367172124,0.0,0.0,0.0,0.2,2.6,3.0,0.131777136,20.6,LB/LCB,92,12,92,92,75,62,46,62,29,33,50,50,83,92,46,71,46,75,100,88,75,42,38,54,67,71,100,25,88,50,25,83,67,58,33,17,17,25,58,46,50,92,83,8,83,67,75,58,42,58,29,33,50,50,75,92,46,67,42,67,100,83,75,42,29,54,67,71,100,25,88,50,25,83,58,50,33,17,17,17,42,33,42,67,Premiership
St. Mirren,muo4d1nfi1vgyvz5n07tjmoo,eqgmk5554mq4x7ckotb7ztox6,C. Ramsay,Calvin Ramsay,23.0,Defender,Scotland,Defender,58.0,44.0,8.0,99.0,6.0,2.0,7.0,5.0,2.0,3.0,3.0,4.0,21.0,11.0,0.0,303.0,1.0,6.0,3.0,9.0,0.0,9.0,3.0,1.0,1.0,89.19,53.33,20.0,33.33,14.29,63.64,60.0,81.82,0.6479796530291965,0.3017778672368987,0.0,7.0,0.1512399499999999,2.0,11.0,9.0,0.2253442799999999,32.0,17.22772277227723,13.069306930693068,2.376237623762376,29.405940594059405,1.7821782178217822,0.594059405940594,2.07920792079208,1.4851485148514851,0.594059405940594,0.8910891089108911,0.8910891089108911,1.188118811881188,6.237623762376238,3.267326732673267,0.0,0.297029702970297,1.7821782178217822,0.8910891089108911,2.6732673267326734,0.0,2.6732673267326734,0.8910891089108911,0.297029702970297,0.297029702970297,89.19,53.33,20.0,33.33,14.29,63.64,60.0,81.82,0.1924692038700583,0.0896369902683857,0.0,2.07920792079208,0.0449227574257425,0.594059405940594,3.267326732673267,2.6732673267326734,0.0669339445544554,9.504950495049505,RB/RCB,54,15,62,23,62,46,100,100,81,92,42,50,58,35,54,85,58,42,92,46,81,54,35,85,100,85,50,23,77,62,62,85,100,54,27,65,54,38,42,27,15,15,69,31,69,46,62,62,100,100,100,100,38,54,69,46,54,92,69,62,100,46,92,62,46,92,100,85,50,23,77,62,62,85,100,62,27,69,62,38,62,38,23,23,Premiership
St. Mirren,muo4d1nfi1vgyvz5n07tjmoo,tl63zwx337ppsjkzc40ztyi,C. Mochrie,Chris Mochrie,23.0,Midfielder,Scotland,Midfielder,36.0,78.0,2.0,113.0,2.0,6.0,6.0,3.0,3.0,3.0,10.0,10.0,22.0,2.0,0.0,405.0,0.0,18.0,5.0,5.0,0.0,2.0,1.0,5.0,0.0,83.09,100.0,33.33,50.0,0.0,50.0,28.57,50.0,0.4192404751114658,0.4916361608743799,2.0,7.0,0.22407065,3.0,7.0,12.0,0.59428802,51.0,8.0,17.333333333333332,0.4444444444444444,25.11111111111111,0.4444444444444444,1.3333333333333333,1.3333333333333333,0.6666666666666666,0.6666666666666666,0.6666666666666666,2.2222222222222223,2.2222222222222223,4.888888888888889,0.4444444444444444,0.0,0.0,4.0,1.1111111111111112,1.1111111111111112,0.0,0.4444444444444444,0.2222222222222222,1.1111111111111112,0.0,83.09,100.0,33.33,50.0,0.0,50.0,28.57,50.0,0.0931645500247701,0.1092524801943066,0.4444444444444444,1.5555555555555556,0.0497934777777777,0.6666666666666666,1.5555555555555556,2.6666666666666665,0.1320640044444444,11.333333333333334,LM/LCM,75,100,75,75,25,75,75,75,75,88,75,62,50,50,50,38,75,50,50,50,38,75,50,62,75,100,100,25,38,25,25,25,75,75,50,75,75,38,50,50,75,75,50,75,75,50,25,75,75,75,50,50,50,50,25,50,50,38,75,25,50,50,25,75,50,62,75,100,100,25,38,25,25,25,75,75,50,75,75,50,50,50,50,50,Premiership
