Team,contestantId,playerId,Short Name,Player Name,Age,Position_x,Nationality,Position_y,total accurate back zone pass_Total,total accurate cross_Total,total accurate fwd zone pass_Total,total accurate long balls_Total,total accurate pass_Total,total aerial won_Total,total att assist_Total,total attempt_Total,total attempts ibox_Total,total contest_Total,total dribbles attempted_Total,total duels won_Total,total mins played,total ontarget attempt_Total,total touches in opposition box_Total,total was fouled_Total,total won contest_Total,total won tackle_Total,total attempts obox_Total,total effective clearance_Total,total interception_Total,total assists_Total,total big chances saved_Total,total blocked scoring att_Total,total goals_Total,total direct setpiece goals_Total,total direct corner goals_Total,pass_success_pct_Total,long_balls_success_pct_Total,cross_success_pct_Total,dribble_success_pct_Total,attempt_success_pct_Total,duel_success_pct_Total,aerial_success_pct_Total,tackle_success_pct_Total,xG_Total,xA_Total,CreatedOwnShot_Total,Total Carries_Total,Total Carry xT_Total,Total Final Third Carries_Total,passes_into_final_third_Total,progressive_passes_Total,xT_pass_Total,forward_passes_Total,total accurate back zone pass_p90,total accurate cross_p90,total accurate fwd zone pass_p90,total accurate long balls_p90,total accurate pass_p90,total aerial won_p90,total att assist_p90,total attempt_p90,total attempts ibox_p90,total contest_p90,total dribbles attempted_p90,total duels won_p90,total ontarget attempt_p90,total touches in opposition box_p90,total was fouled_p90,total won contest_p90,total won tackle_p90,total attempts obox_p90,total effective clearance_p90,total interception_p90,total assists_p90,total big chances saved_p90,total blocked scoring att_p90,total goals_p90,total direct setpiece goals_p90,total direct corner goals_p90,pass_success_pct_p90,long_balls_success_pct_p90,cross_success_pct_p90,dribble_success_pct_p90,attempt_success_pct_p90,duel_success_pct_p90,aerial_success_pct_p90,tackle_success_pct_p90,xG_p90,xA_p90,CreatedOwnShot_p90,Total Carries_p90,Total Carry xT_p90,Total Final Third Carries_p90,passes_into_final_third_p90,progressive_passes_p90,xT_pass_p90,forward_passes_p90,Pos.,total accurate back zone pass_TotalPR,total accurate cross_TotalPR,total accurate fwd zone pass_TotalPR,total accurate long balls_TotalPR,total accurate pass_TotalPR,total aerial won_TotalPR,total att assist_TotalPR,total attempt_TotalPR,total attempts ibox_TotalPR,total contest_TotalPR,total dribbles attempted_TotalPR,total duels won_TotalPR,total ontarget attempt_TotalPR,total touches in opposition box_TotalPR,total was fouled_TotalPR,total won contest_TotalPR,total won tackle_TotalPR,total attempts obox_TotalPR,total effective clearance_TotalPR,total interception_TotalPR,total assists_TotalPR,total big chances saved_TotalPR,total blocked scoring att_TotalPR,total goals_TotalPR,total direct setpiece goals_TotalPR,total direct corner goals_TotalPR,pass_success_pct_TotalPR,long_balls_success_pct_TotalPR,cross_success_pct_TotalPR,dribble_success_pct_TotalPR,attempt_success_pct_TotalPR,duel_success_pct_TotalPR,aerial_success_pct_TotalPR,tackle_success_pct_TotalPR,xG_TotalPR,xA_TotalPR,CreatedOwnShot_TotalPR,Total Carries_TotalPR,Total Carry xT_TotalPR,Total Final Third Carries_TotalPR,passes_into_final_third_TotalPR,progressive_passes_TotalPR,xT_pass_TotalPR,forward_passes_TotalPR,total accurate back zone pass_p90PR,total accurate cross_p90PR,total accurate fwd zone pass_p90PR,total accurate long balls_p90PR,total accurate pass_p90PR,total aerial won_p90PR,total att assist_p90PR,total attempt_p90PR,total attempts ibox_p90PR,total contest_p90PR,total dribbles attempted_p90PR,total duels won_p90PR,total ontarget attempt_p90PR,total touches in opposition box_p90PR,total was fouled_p90PR,total won contest_p90PR,total won tackle_p90PR,total attempts obox_p90PR,total effective clearance_p90PR,total interception_p90PR,total assists_p90PR,total big chances saved_p90PR,total blocked scoring att_p90PR,total goals_p90PR,total direct setpiece goals_p90PR,total direct corner goals_p90PR,pass_success_pct_p90PR,long_balls_success_pct_p90PR,cross_success_pct_p90PR,dribble_success_pct_p90PR,attempt_success_pct_p90PR,duel_success_pct_p90PR,aerial_success_pct_p90PR,tackle_success_pct_p90PR,xG_p90PR,xA_p90PR,CreatedOwnShot_p90PR,Total Carries_p90PR,Total Carry xT_p90PR,Total Final Third Carries_p90PR,passes_into_final_third_p90PR,progressive_passes_p90PR,xT_pass_p90PR,forward_passes_p90PR,League
Athletic Club,3czravw89omgc9o4s0w3l1bg5,43g9qpb7gic5w7v38259ykt1w,Beñat Gerenabarrena,Beñat Gerenabarrena,23.0,Midfielder,Spain,Midfielder,75.0,1.0,72.0,6.0,146.0,4.0,1.0,1.0,0.0,0.0,0.0,19.0,373.0,1.0,6.0,5.0,0.0,8.0,1.0,3.0,12.0,0.0,0.0,0.0,0.0,0.0,0.0,86.39,60.0,14.29,0.0,100.0,52.78,0.0,80.0,0.0738071603667964,0.1531377131321024,0.0,5.0,0.1010824,1.0,13.0,10.0,0.4209609299999998,62.0,18.09651474530831,0.2412868632707774,17.372654155495976,1.4477211796246647,35.22788203753351,0.9651474530831098,0.2412868632707774,0.2412868632707774,0.0,0.0,0.0,4.584450402144772,0.2412868632707774,1.4477211796246647,1.206434316353887,0.0,1.93029490616622,0.2412868632707774,0.7238605898123324,2.895442359249329,0.0,0.0,0.0,0.0,0.0,0.0,86.39,60.0,14.29,0.0,100.0,52.78,0.0,80.0,0.0178086982118275,0.0369501184501051,0.0,1.206434316353887,0.024389855227882,0.2412868632707774,3.136729222520107,2.412868632707774,0.1015723423592492,14.959785522788202,DM/CM,34,73,20,36,26,77,24,33,20,6,6,69,79,90,77,9,94,53,20,94,43,51,29,47,51,51,23,53,69,9,99,57,17,99,26,60,29,40,37,26,34,33,71,19,23,77,20,31,20,74,29,26,20,6,6,57,80,89,77,9,89,54,20,100,43,51,29,47,51,51,23,53,69,9,99,57,17,99,26,54,29,43,37,29,26,29,60,17,La Liga
Athletic Club,3czravw89omgc9o4s0w3l1bg5,5kd57453a90zahgdxwkghr816,Aitor Paredes,Aitor Paredes,26.0,Defender,Spain,Defender,81.0,0.0,50.0,9.0,131.0,6.0,1.0,1.0,1.0,0.0,0.0,13.0,209.0,1.0,1.0,1.0,0.0,3.0,0.0,16.0,1.0,0.0,0.0,0.0,1.0,0.0,0.0,87.33,39.13,0.0,0.0,100.0,76.47,0.0,50.0,0.1450379195486153,0.0772691274663351,0.0,2.0,0.04320281,0.0,10.0,9.0,0.19006799,82.0,34.880382775119614,0.0,21.531100478468897,3.8755980861244015,56.411483253588514,2.583732057416268,0.4306220095693779,0.4306220095693779,0.4306220095693779,0.0,0.0,5.598086124401913,0.4306220095693779,0.4306220095693779,0.4306220095693779,0.0,1.2918660287081338,0.0,6.889952153110047,0.4306220095693779,0.0,0.0,0.0,0.4306220095693779,0.0,0.0,87.33,39.13,0.0,0.0,100.0,76.47,0.0,50.0,0.0624565203797864,0.0332737869472256,0.0,0.8612440191387559,0.018604080861244,0.0,4.30622009569378,3.8755980861244015,0.0818474598086124,35.31100478468899,CB,29,38,28,51,29,46,49,33,41,14,14,37,68,22,34,26,45,32,42,13,49,41,39,89,51,51,45,39,38,26,97,95,5,29,37,61,36,43,53,24,43,37,21,37,55,38,74,84,63,82,76,39,58,14,14,87,92,32,50,26,74,32,84,18,49,41,39,100,51,51,45,39,38,26,97,95,5,29,50,74,36,55,53,24,71,66,47,63,La Liga
Athletic Club,3czravw89omgc9o4s0w3l1bg5,66jotyvbhtz5cjvhbby6luelm,Nico Williams,Nico Williams,24.0,Attacker,Spain,Striker,21.0,4.0,51.0,0.0,68.0,1.0,4.0,9.0,6.0,17.0,18.0,11.0,274.0,2.0,27.0,0.0,5.0,4.0,3.0,4.0,2.0,0.0,0.0,0.0,1.0,0.0,0.0,73.12,0.0,28.57,29.41,22.22,33.33,33.33,80.0,0.7191310709288353,0.4141634162950134,5.0,12.0,0.38968219,5.0,6.0,8.0,1.1654431900000002,28.0,6.897810218978103,1.3138686131386863,16.751824817518248,0.0,22.335766423357665,0.3284671532846716,1.3138686131386863,2.956204379562044,1.9708029197080288,5.583941605839416,5.912408759124088,3.613138686131387,0.6569343065693432,8.868613138686133,0.0,1.6423357664233578,1.3138686131386863,0.9854014598540146,1.3138686131386863,0.6569343065693432,0.0,0.0,0.0,0.3284671532846716,0.0,0.0,73.12,0.0,28.57,29.41,22.22,33.33,33.33,80.0,0.2362109357065517,0.1360390783450774,1.6423357664233578,3.9416058394160585,0.1279977996350365,1.6423357664233578,1.9708029197080288,2.6277372262773726,0.3828098069343066,9.197080291970805,LW,42,88,42,8,29,67,50,79,75,88,83,25,58,75,12,42,71,83,67,62,42,54,25,88,54,54,8,8,83,17,50,8,67,67,75,58,83,58,67,83,75,58,83,54,67,92,50,8,58,83,67,92,83,100,100,33,62,92,12,58,75,92,88,67,42,54,25,100,54,54,8,8,83,17,50,8,67,67,75,67,100,75,83,100,75,75,92,75,La Liga
Athletic Club,3czravw89omgc9o4s0w3l1bg5,7aoe0u87gxgv9tvgrotcfue7e,Robert Navarro,Robert Navarro,24.0,Midfielder,Spain,Midfielder,18.0,6.0,59.0,1.0,71.0,0.0,5.0,5.0,4.0,8.0,9.0,9.0,242.0,3.0,12.0,1.0,3.0,2.0,1.0,0.0,6.0,0.0,0.0,0.0,2.0,0.0,0.0,85.54,100.0,46.15,37.5,60.0,45.0,0.0,40.0,0.7954731739766585,0.4413716958183846,0.0,11.0,0.27923233,4.0,10.0,5.0,0.1851470999999999,28.0,6.694214876033057,2.2314049586776856,21.94214876033058,0.371900826446281,26.404958677685947,0.0,1.8595041322314048,1.8595041322314048,1.487603305785124,2.975206611570248,3.3471074380165287,3.3471074380165287,1.1157024793388428,4.462809917355371,0.371900826446281,1.1157024793388428,0.743801652892562,0.371900826446281,0.0,2.2314049586776856,0.0,0.0,0.0,0.743801652892562,0.0,0.0,85.54,100.0,46.15,37.5,60.0,45.0,0.0,40.0,0.2958371308177655,0.1641464984448537,0.0,4.090909090909091,0.1038467342975206,1.487603305785124,3.7190082644628095,1.8595041322314048,0.0688563595041321,10.413223140495868,CM/AM,9,90,38,14,21,12,34,43,72,53,62,12,66,72,5,45,24,21,10,95,29,52,17,86,48,52,66,97,86,31,79,31,17,19,76,34,7,60,62,48,36,17,24,17,17,93,59,14,38,12,62,55,79,72,69,21,79,83,7,55,38,28,10,100,29,52,17,90,48,52,66,97,86,31,79,31,17,19,83,52,7,83,72,66,59,21,28,28,La Liga
Athletic Club,3czravw89omgc9o4s0w3l1bg5,7fmpgkx58o9pivo2bbnxxkt05,Aymeric Laporte,Aymeric Laporte,32.0,Defender,Spain,Defender,207.0,1.0,94.0,14.0,300.0,6.0,0.0,2.0,2.0,2.0,2.0,14.0,392.0,0.0,3.0,3.0,1.0,2.0,0.0,17.0,2.0,0.0,0.0,0.0,0.0,0.0,0.0,93.75,66.67,100.0,50.0,0.0,53.85,46.15,50.0,0.2910687050123162,0.0,0.0,5.0,0.0961587,0.0,21.0,25.0,0.6154678999999995,217.0,47.525510204081634,0.2295918367346939,21.581632653061227,3.2142857142857144,68.87755102040816,1.3775510204081634,0.0,0.4591836734693878,0.4591836734693878,0.4591836734693878,0.4591836734693878,3.2142857142857144,0.0,0.6887755102040817,0.6887755102040817,0.2295918367346939,0.4591836734693878,0.0,3.903061224489796,0.4591836734693878,0.0,0.0,0.0,0.0,0.0,0.0,93.75,66.67,100.0,50.0,0.0,53.85,46.15,50.0,0.0668269985997664,0.0,0.0,1.1479591836734695,0.0220772525510204,0.0,4.821428571428572,5.739795918367348,0.1413064056122448,49.82142857142858,CB,95,84,79,76,91,46,14,50,64,74,74,45,25,55,71,63,26,32,50,24,49,41,39,39,51,51,87,87,97,59,25,32,34,29,63,18,36,72,68,24,78,87,89,97,89,87,76,71,84,39,14,42,61,74,74,32,25,50,63,63,26,32,34,21,49,41,39,39,51,51,87,87,97,59,25,32,34,29,55,18,36,68,63,24,82,84,84,92,La Liga
Athletic Club,3czravw89omgc9o4s0w3l1bg5,7r7wgbcu7vmlj19m9jpjhu1yi,Jesús Areso,Jesús Areso,27.0,Defender,Spain,Defender,36.0,5.0,58.0,0.0,89.0,6.0,5.0,1.0,1.0,4.0,4.0,18.0,299.0,0.0,4.0,3.0,1.0,5.0,0.0,6.0,6.0,0.0,0.0,0.0,0.0,0.0,0.0,76.72,0.0,45.45,25.0,0.0,58.06,66.67,62.5,0.1198585678345603,0.4828069423140787,0.0,8.0,0.19932855,4.0,6.0,5.0,0.40356187,34.0,10.836120401337793,1.5050167224080266,17.45819397993311,0.0,26.789297658862875,1.806020066889632,1.5050167224080266,0.3010033444816053,0.3010033444816053,1.2040133779264213,1.2040133779264213,5.418060200668896,0.0,1.2040133779264213,0.903010033444816,0.3010033444816053,1.5050167224080266,0.0,1.806020066889632,1.806020066889632,0.0,0.0,0.0,0.0,0.0,0.0,76.72,0.0,45.45,25.0,0.0,58.06,66.67,62.5,0.036077829782978,0.1453265043754752,0.0,2.4080267558528425,0.0599985602006688,1.2040133779264213,1.806020066889632,1.5050167224080266,0.1214734725752508,10.23411371237458,RB/RCB,11,95,37,5,21,89,84,26,58,45,39,47,26,45,55,37,32,24,24,87,47,47,32,47,53,53,21,5,89,37,26,79,87,32,37,84,24,92,79,74,37,21,58,32,11,95,63,5,47,95,89,26,63,53,53,84,26,53,68,42,47,24,26,95,47,47,32,47,53,53,21,5,89,37,26,79,87,32,47,89,24,84,89,74,47,26,74,42,La Liga
Athletic Club,3czravw89omgc9o4s0w3l1bg5,8hm6d6395johhjsoe8jz6dcyd,Yuri,Yuri Berchiche,36.0,Defender,Spain,Defender,90.0,2.0,96.0,3.0,184.0,4.0,4.0,7.0,3.0,2.0,2.0,9.0,281.0,0.0,3.0,1.0,1.0,2.0,4.0,6.0,4.0,0.0,0.0,3.0,0.0,0.0,0.0,92.46,33.33,25.0,50.0,0.0,56.25,80.0,66.67,0.3878794662673084,0.4287163083039788,1.0,7.0,0.1566658899999999,2.0,16.0,15.0,0.3320313799999999,105.0,28.82562277580071,0.6405693950177936,30.747330960854093,0.9608540925266904,58.93238434163701,1.2811387900355873,1.2811387900355873,2.2419928825622777,0.9608540925266904,0.6405693950177936,0.6405693950177936,2.882562277580071,0.0,0.9608540925266904,0.3202846975088968,0.3202846975088968,0.6405693950177936,1.2811387900355873,1.9217081850533808,1.2811387900355873,0.0,0.0,0.9608540925266904,0.0,0.0,0.0,92.46,33.33,25.0,50.0,0.0,56.25,80.0,66.67,0.1242318575233372,0.1373112731222708,0.3202846975088968,2.2419928825622777,0.050177687188612,0.6405693950177936,5.124555160142349,4.804270462633452,0.1063445701067615,33.629893238434164,LB/LCB,71,75,71,19,67,52,77,100,92,25,21,10,40,40,12,33,19,98,27,52,42,48,100,46,52,52,96,25,73,56,40,54,96,52,92,79,67,56,54,38,60,54,25,83,88,79,96,29,88,54,83,100,100,33,25,8,40,46,12,42,21,100,38,67,42,48,100,46,52,52,96,25,73,56,40,54,96,52,96,92,79,75,62,54,83,71,42,88,La Liga
Athletic Club,3czravw89omgc9o4s0w3l1bg5,ccokndnkkyllbp5vb8nwnhdlg,Peio Canales,Peio Canales,21.0,Midfielder,Spain,Midfielder,49.0,1.0,49.0,0.0,97.0,0.0,4.0,3.0,0.0,8.0,8.0,11.0,205.0,2.0,1.0,5.0,4.0,2.0,3.0,1.0,1.0,0.0,0.0,1.0,0.0,0.0,0.0,85.09,0.0,25.0,50.0,66.67,55.0,0.0,100.0,0.1747322953190271,0.3657523722357808,1.0,8.0,0.40851251,3.0,9.0,8.0,0.19932146,54.0,21.51219512195122,0.4390243902439024,21.51219512195122,0.0,42.58536585365854,0.0,1.7560975609756098,1.3170731707317074,0.0,3.5121951219512195,3.5121951219512195,4.829268292682927,0.8780487804878049,0.4390243902439024,2.1951219512195124,1.7560975609756098,0.8780487804878049,1.3170731707317074,0.4390243902439024,0.4390243902439024,0.0,0.0,0.4390243902439024,0.0,0.0,0.0,85.09,0.0,25.0,50.0,66.67,55.0,0.0,100.0,0.0767117394083533,0.1605742122010744,0.4390243902439024,3.5121951219512195,0.1793469556097561,1.3170731707317074,3.951219512195122,3.5121951219512195,0.0875069824390244,23.70731707317073,CM/AM,62,34,26,5,41,12,26,17,5,53,52,26,41,3,47,57,24,53,36,33,29,52,47,26,48,52,55,5,50,50,84,69,17,95,10,24,26,47,83,34,31,28,28,59,86,41,48,5,76,12,55,34,5,79,79,41,62,3,76,83,41,79,55,55,29,52,62,26,48,52,55,5,50,50,84,69,17,95,17,48,38,72,100,55,69,52,38,83,La Liga
Athletic Club,3czravw89omgc9o4s0w3l1bg5,ddvvwqxpsqqboupi3gx1ijhed,I. Williams,Iñaki Williams,32.0,Attacker,Ghana,Striker,12.0,0.0,15.0,0.0,27.0,4.0,5.0,10.0,8.0,10.0,10.0,17.0,330.0,4.0,19.0,5.0,4.0,4.0,2.0,1.0,1.0,2.0,0.0,3.0,0.0,0.0,0.0,56.25,0.0,0.0,40.0,40.0,45.95,40.0,100.0,1.2562135592514765,0.3326782938753017,3.0,3.0,0.07182538,1.0,1.0,4.0,0.10623371,11.0,3.272727272727273,0.0,4.090909090909091,0.0,7.363636363636364,1.090909090909091,1.3636363636363638,2.7272727272727275,2.181818181818182,2.7272727272727275,2.7272727272727275,4.636363636363637,1.090909090909091,5.181818181818182,1.3636363636363638,1.090909090909091,1.090909090909091,0.5454545454545455,0.2727272727272727,0.2727272727272727,0.5454545454545455,0.0,0.8181818181818182,0.0,0.0,0.0,56.25,0.0,0.0,40.0,40.0,45.95,40.0,100.0,0.3426036979776754,0.0907304437841731,0.8181818181818182,0.8181818181818182,0.01958874,0.2727272727272727,0.2727272727272727,1.090909090909091,0.02897283,3.0,ST,25,33,9,12,9,45,72,62,67,75,70,48,55,69,47,69,83,52,28,72,91,50,75,16,50,50,6,12,33,44,34,62,50,92,66,69,70,41,31,20,11,45,38,28,25,33,3,12,9,47,75,53,59,72,69,47,53,69,47,62,84,50,22,78,94,50,72,16,50,50,6,12,33,44,34,62,50,92,59,66,72,38,31,16,3,44,34,19,La Liga
Athletic Club,3czravw89omgc9o4s0w3l1bg5,dfcbvsb7o18lavmonbp5ucwoa,Oihan Sancet,Oihan Sancet,26.0,Midfielder,Spain,Midfielder,28.0,0.0,77.0,4.0,105.0,6.0,8.0,15.0,11.0,17.0,17.0,27.0,425.0,4.0,26.0,8.0,11.0,2.0,4.0,0.0,2.0,0.0,0.0,2.0,1.0,0.0,0.0,79.55,57.14,0.0,64.71,26.67,49.09,50.0,100.0,1.663660722358806,0.7488385659331147,4.0,13.0,0.67265921,6.0,11.0,12.0,0.54743856,44.0,5.929411764705883,0.0,16.305882352941175,0.8470588235294118,22.23529411764705,1.2705882352941176,1.6941176470588235,3.176470588235294,2.3294117647058825,3.6,3.6,5.7176470588235295,0.8470588235294118,5.505882352941176,1.6941176470588235,2.3294117647058825,0.4235294117647059,0.8470588235294118,0.0,0.4235294117647059,0.0,0.0,0.4235294117647059,0.2117647058823529,0.0,0.0,79.55,57.14,0.0,64.71,26.67,49.09,50.0,100.0,0.3523046235583353,0.158577578668189,0.8470588235294118,2.752941176470588,0.1424454797647058,1.2705882352941176,2.3294117647058825,2.541176470588235,0.1159281656470588,9.31764705882353,CM/AM,28,14,59,40,48,97,72,97,95,93,91,88,83,97,74,95,24,69,10,60,29,52,71,67,48,52,24,62,14,83,22,48,86,95,97,69,84,76,100,66,43,41,66,38,14,14,38,31,21,93,45,95,93,83,83,76,59,93,59,86,14,55,10,50,29,52,59,55,48,52,24,62,14,83,22,48,86,95,93,45,79,59,90,50,28,28,52,21,La Liga
Athletic Club,3czravw89omgc9o4s0w3l1bg5,do5tibysnhbnbw18nwdo39kut,Alex Berenguer,Alex Berenguer,31.0,Attacker,Spain,Striker,36.0,5.0,53.0,2.0,84.0,4.0,8.0,5.0,5.0,8.0,10.0,12.0,252.0,2.0,14.0,2.0,2.0,3.0,0.0,2.0,4.0,0.0,0.0,1.0,1.0,0.0,0.0,78.5,25.0,25.0,25.0,40.0,44.44,66.67,75.0,0.3940457375386336,1.1213771354034106,4.0,7.0,0.17663331,2.0,4.0,10.0,0.47481458,34.0,12.857142857142858,1.7857142857142858,18.92857142857143,0.7142857142857143,30.000000000000004,1.4285714285714286,2.857142857142857,1.7857142857142858,1.7857142857142858,2.857142857142857,3.571428571428572,4.285714285714286,0.7142857142857143,5.0,0.7142857142857143,0.7142857142857143,1.0714285714285714,0.0,0.7142857142857143,1.4285714285714286,0.0,0.0,0.3571428571428571,0.3571428571428571,0.0,0.0,78.5,25.0,25.0,25.0,40.0,44.44,66.67,75.0,0.140730620549512,0.4004918340726466,1.4285714285714286,2.5,0.063083325,0.7142857142857143,1.4285714285714286,3.571428571428572,0.1695766357142857,12.142857142857144,ST,91,98,81,58,78,45,92,20,36,59,70,17,28,44,11,42,72,12,47,100,30,50,33,48,50,50,69,27,70,28,34,56,95,72,16,97,83,80,75,48,59,81,84,78,97,100,81,66,91,59,97,28,44,81,88,38,38,66,19,50,81,12,56,100,30,50,41,62,50,50,69,27,70,28,34,56,95,72,19,100,88,81,78,62,62,91,94,88,La Liga
Athletic Club,3czravw89omgc9o4s0w3l1bg5,uzzq2p3s1qnb3wv1pee3mcph,Yeray,Yeray Álvarez,31.0,Defender,Spain,Defender,125.0,0.0,71.0,9.0,196.0,7.0,2.0,3.0,3.0,5.0,7.0,17.0,315.0,0.0,5.0,3.0,4.0,1.0,0.0,14.0,4.0,1.0,0.0,0.0,0.0,0.0,0.0,87.89,40.91,0.0,80.0,0.0,60.71,53.85,25.0,0.3915816634720165,0.0760744247919644,0.0,1.0,0.01685596,2.0,15.0,11.0,0.26505477,110.0,35.714285714285715,0.0,20.285714285714285,2.571428571428572,56.0,2.0,0.5714285714285714,0.8571428571428571,0.8571428571428571,1.4285714285714286,2.0,4.857142857142857,0.0,1.4285714285714286,0.8571428571428571,1.1428571428571428,0.2857142857142857,0.0,4.0,1.1428571428571428,0.2857142857142857,0.0,0.0,0.0,0.0,0.0,87.89,40.91,0.0,80.0,0.0,60.71,53.85,25.0,0.111880475277719,0.0217355499405612,0.0,0.2857142857142857,0.0048159885714285,0.5714285714285714,4.285714285714286,3.142857142857143,0.0757299342857142,31.428571428571427,CB,53,38,71,51,50,58,80,68,86,88,97,64,25,82,71,95,8,32,28,47,99,41,39,39,51,51,50,45,38,74,25,66,47,3,79,58,36,25,21,67,71,50,50,51,58,38,66,50,61,61,87,74,84,92,97,61,25,84,76,95,5,32,37,53,100,41,39,39,51,51,50,45,38,74,25,66,47,3,89,55,36,32,29,71,68,45,42,61,La Liga
Osasuna,2l0ldgiwsgb8d6y3z0sfgjzyj,1wezo3pjdktc0iqaxze3uh2sq,Iker Muñoz,Iker Muñoz,24.0,Midfielder,Spain,Midfielder,99.0,1.0,108.0,17.0,206.0,9.0,1.0,2.0,1.0,4.0,5.0,20.0,386.0,1.0,2.0,7.0,2.0,1.0,1.0,13.0,6.0,0.0,0.0,1.0,0.0,0.0,0.0,85.12,51.52,33.33,50.0,50.0,50.0,81.82,50.0,0.1913557349740726,0.0626244539111555,1.0,7.0,0.15299356,3.0,27.0,26.0,0.51037574,140.0,23.082901554404145,0.233160621761658,25.181347150259068,3.963730569948187,48.03108808290156,2.098445595854922,0.233160621761658,0.466321243523316,0.233160621761658,0.932642487046632,1.1658031088082903,4.663212435233161,0.233160621761658,0.466321243523316,1.6321243523316062,0.466321243523316,0.233160621761658,0.233160621761658,3.0310880829015545,1.3989637305699485,0.0,0.0,0.233160621761658,0.0,0.0,0.0,85.12,51.52,33.33,50.0,50.0,50.0,81.82,50.0,0.0446166221442138,0.0146015566114093,0.233160621761658,1.6321243523316062,0.0356720735751295,0.6994818652849741,6.295336787564767,6.062176165803109,0.1189995248704663,32.64248704663213,DM/CM,71,73,74,83,77,100,24,53,60,71,80,76,79,39,91,66,3,53,90,73,43,51,71,47,51,51,14,29,91,31,87,43,100,40,57,26,64,60,54,59,91,91,86,89,54,73,60,89,51,100,23,54,54,70,74,63,74,37,89,60,3,51,86,66,43,51,70,47,51,51,14,29,91,31,87,43,100,40,51,17,60,51,57,57,86,91,74,74,La Liga
Osasuna,2l0ldgiwsgb8d6y3z0sfgjzyj,5t2ngljfiapcn98qlnbifg53p,Moi Gómez,Moi Gómez,32.0,Attacker,Spain,Striker,49.0,2.0,51.0,13.0,98.0,1.0,4.0,0.0,0.0,4.0,4.0,12.0,240.0,0.0,0.0,7.0,1.0,1.0,0.0,5.0,3.0,1.0,0.0,0.0,0.0,0.0,0.0,85.22,72.22,66.67,25.0,0.0,52.17,25.0,33.33,0.0,0.407443792116172,0.0,9.0,0.20775707,7.0,10.0,9.0,0.50011684,52.0,18.375,0.75,19.125,4.875,36.75,0.375,1.5,0.0,0.0,1.5,1.5,4.5,0.0,0.0,2.625,0.375,0.375,0.0,1.875,1.125,0.375,0.0,0.0,0.0,0.0,0.0,85.22,72.22,66.67,25.0,0.0,52.17,25.0,33.33,0.0,0.1527914220435645,0.0,3.375,0.07790890125,2.625,3.75,3.375,0.187543815,19.5,ST,98,89,78,100,84,17,61,3,3,22,20,17,6,3,62,23,36,12,83,97,72,50,9,16,50,50,94,66,100,28,6,81,31,33,3,72,12,84,84,92,92,75,88,97,100,94,84,100,97,16,81,3,3,31,28,44,6,3,84,31,34,12,97,97,81,50,9,16,50,50,94,66,100,28,6,81,31,33,3,91,12,94,88,100,97,84,97,100,La Liga
Osasuna,2l0ldgiwsgb8d6y3z0sfgjzyj,609aarpl34780k5mkkwluvjf8,Íñigo Arguibide,Iñigo Arguibide,21.0,Defender,Spain,Defender,55.0,4.0,44.0,4.0,95.0,0.0,2.0,1.0,1.0,17.0,18.0,18.0,405.0,0.0,3.0,4.0,7.0,7.0,0.0,6.0,2.0,0.0,0.0,0.0,0.0,0.0,0.0,81.2,28.57,21.05,41.18,0.0,42.86,0.0,100.0,0.0656769658649248,0.2619811424490633,0.0,6.0,0.1806264699999999,7.0,3.0,3.0,0.3445104900000001,35.0,12.22222222222222,0.8888888888888888,9.77777777777778,0.8888888888888888,21.11111111111111,0.0,0.4444444444444444,0.2222222222222222,0.2222222222222222,3.7777777777777777,4.0,4.0,0.0,0.6666666666666666,0.8888888888888888,1.5555555555555556,1.5555555555555556,0.0,1.3333333333333333,0.4444444444444444,0.0,0.0,0.0,0.0,0.0,0.0,81.2,28.57,21.05,41.18,0.0,42.86,0.0,100.0,0.0145948813033166,0.0582180316553474,0.0,1.3333333333333333,0.0401392155555555,1.5555555555555556,0.6666666666666666,0.6666666666666666,0.0765578866666666,7.777777777777778,RB/RCB,47,87,11,37,26,11,45,26,58,97,95,47,26,32,76,84,68,24,24,18,47,47,32,47,53,53,37,32,74,42,26,5,16,100,32,63,24,58,74,95,8,5,47,37,32,89,11,37,11,11,47,16,53,89,89,42,26,32,63,84,53,24,16,16,47,47,32,47,53,53,37,32,74,42,26,5,16,100,21,58,24,58,68,89,5,5,42,26,La Liga
Osasuna,2l0ldgiwsgb8d6y3z0sfgjzyj,946z96r5q70ryslp3hlhafnx1,A. Budimir,Ante Budimir,35.0,Attacker,Croatia,Striker,7.0,0.0,25.0,0.0,32.0,20.0,1.0,16.0,16.0,5.0,7.0,41.0,382.0,10.0,32.0,12.0,4.0,4.0,0.0,3.0,0.0,0.0,0.0,2.0,4.0,0.0,0.0,55.17,0.0,0.0,80.0,62.5,62.12,57.14,66.67,1.904659929354216,0.0836472768313632,1.0,0.0,0.0,1.0,2.0,3.0,0.0342383999999999,11.0,1.649214659685864,0.0,5.890052356020942,0.0,7.539267015706806,4.712041884816754,0.2356020942408377,3.769633507853403,3.769633507853403,1.1780104712041886,1.649214659685864,9.659685863874346,2.356020942408377,7.539267015706806,2.8272251308900525,0.9424083769633508,0.9424083769633508,0.0,0.7068062827225131,0.0,0.0,0.0,0.4712041884816754,0.9424083769633508,0.0,0.0,55.17,0.0,0.0,80.0,62.5,62.12,57.14,66.67,0.4487418681724592,0.0197074735990122,0.2356020942408377,0.0,0.0,0.2356020942408377,0.4712041884816754,0.7068062827225131,0.0080666387434554,2.5916230366492146,ST,12,33,25,12,16,100,3,95,97,33,47,100,95,94,100,69,83,12,64,31,30,50,56,80,50,50,3,12,33,95,88,97,84,61,84,12,30,5,5,20,30,38,9,28,3,33,16,12,12,100,3,88,97,19,38,100,91,94,91,56,72,12,53,31,30,50,53,75,50,50,3,12,33,95,88,97,84,61,84,3,25,5,5,12,28,38,6,16,La Liga
Osasuna,2l0ldgiwsgb8d6y3z0sfgjzyj,9xbo6c8uq29ueuyinngjjiaj9,Rubén García,Rubén García,33.0,Midfielder,Spain,Midfielder,47.0,6.0,46.0,9.0,87.0,4.0,5.0,6.0,2.0,4.0,4.0,17.0,269.0,3.0,6.0,3.0,1.0,7.0,4.0,7.0,1.0,0.0,0.0,0.0,0.0,0.0,0.0,79.82,100.0,33.33,25.0,50.0,58.62,44.44,77.78,0.4409667075642833,0.5920593849236228,3.0,4.0,0.32556193,1.0,1.0,3.0,0.0608677099999999,22.0,15.724907063197026,2.007434944237918,15.390334572490708,3.011152416356877,29.107806691449813,1.338289962825279,1.6728624535315986,2.007434944237918,0.6691449814126395,1.338289962825279,1.338289962825279,5.687732342007435,1.003717472118959,2.007434944237918,1.003717472118959,0.3345724907063197,2.3420074349442377,1.338289962825279,2.3420074349442377,0.3345724907063197,0.0,0.0,0.0,0.0,0.0,0.0,79.82,100.0,33.33,25.0,50.0,58.62,44.44,77.78,0.1475353296683475,0.1980867830599481,1.003717472118959,1.338289962825279,0.1089240657992565,0.3345724907063197,0.3345724907063197,1.003717472118959,0.0203646613382899,7.360594795539034,CM/AM,55,90,21,81,31,81,34,53,36,21,16,50,66,31,26,17,100,69,95,33,29,52,17,26,48,52,31,97,69,16,67,86,71,76,55,52,67,17,69,9,10,12,7,10,69,90,31,90,45,97,41,59,41,28,24,72,69,38,31,21,100,83,100,34,29,52,17,26,48,52,31,97,69,16,67,86,71,76,55,76,83,21,76,10,10,10,7,10,La Liga
Osasuna,2l0ldgiwsgb8d6y3z0sfgjzyj,bi8nrmyaxsgbhixw921fzvm5l,Alejandro Catena,Alejandro Catena,31.0,Defender,Spain,Defender,189.0,1.0,98.0,32.0,286.0,14.0,1.0,0.0,0.0,2.0,2.0,26.0,450.0,0.0,5.0,3.0,2.0,3.0,0.0,28.0,4.0,0.0,0.0,0.0,0.0,0.0,0.0,85.63,48.48,100.0,100.0,0.0,66.67,60.87,42.86,0.0,0.106535440703372,0.0,7.0,0.13998221,2.0,29.0,26.0,0.5769379900000001,186.0,37.8,0.2,19.6,6.4,57.2,2.8,0.2,0.0,0.0,0.4,0.4,5.2,0.0,1.0,0.6,0.4,0.6,0.0,5.6,0.8,0.0,0.0,0.0,0.0,0.0,0.0,85.63,48.48,100.0,100.0,0.0,66.67,60.87,42.86,0.0,0.0213070881406743,0.0,1.4,0.027996442,0.4,5.8,5.2,0.115387598,37.2,CB,84,84,82,96,87,100,49,13,16,74,74,93,25,82,71,80,45,32,83,47,49,41,39,39,51,51,37,55,97,88,25,75,63,13,13,66,36,82,82,67,92,92,84,89,71,78,61,95,68,87,36,13,16,66,66,83,25,67,58,78,33,32,70,29,49,41,39,39,51,51,37,55,97,88,25,75,63,13,13,53,36,79,74,58,87,82,76,74,La Liga
Osasuna,2l0ldgiwsgb8d6y3z0sfgjzyj,bvs3rixmobb9gje6kfvhgb52i,Abel Bretones,Abel Bretones,26.0,Defender,Spain,Defender,62.0,2.0,74.0,10.0,134.0,6.0,3.0,2.0,0.0,2.0,2.0,21.0,405.0,0.0,1.0,2.0,1.0,10.0,2.0,6.0,3.0,0.0,0.0,0.0,0.0,0.0,0.0,83.23,33.33,20.0,50.0,0.0,46.67,50.0,83.33,0.0765594416709491,0.3384942949364996,2.0,11.0,0.28693022,7.0,12.0,16.0,0.5883318200000001,52.0,13.77777777777778,0.4444444444444444,16.444444444444443,2.2222222222222223,29.77777777777778,1.3333333333333333,0.6666666666666666,0.4444444444444444,0.0,0.4444444444444444,0.4444444444444444,4.666666666666667,0.0,0.2222222222222222,0.4444444444444444,0.2222222222222222,2.2222222222222223,0.4444444444444444,1.3333333333333333,0.6666666666666666,0.0,0.0,0.0,0.0,0.0,0.0,83.23,33.33,20.0,50.0,0.0,46.67,50.0,83.33,0.0170132092602109,0.0752209544303332,0.4444444444444444,2.4444444444444446,0.0637622711111111,1.5555555555555556,2.6666666666666665,3.555555555555556,0.1307404044444444,11.555555555555555,LB/LCB,33,75,50,73,46,65,67,60,21,25,21,56,40,17,27,33,88,85,27,42,42,48,29,46,52,52,54,25,56,56,40,17,44,79,38,71,92,90,92,88,46,60,75,27,29,67,42,67,25,58,62,50,21,17,17,50,40,12,25,29,96,83,17,33,42,48,29,46,52,52,54,25,56,56,40,17,44,79,38,67,88,83,83,88,38,54,67,21,La Liga
Osasuna,2l0ldgiwsgb8d6y3z0sfgjzyj,cy3c0cj6yy1mokaj0mlk4k9re,Raúl García,Raúl García,25.0,Attacker,Spain,Striker,17.0,0.0,31.0,4.0,48.0,7.0,2.0,8.0,2.0,8.0,8.0,17.0,280.0,2.0,7.0,7.0,2.0,0.0,6.0,3.0,0.0,1.0,0.0,2.0,0.0,0.0,0.0,80.0,100.0,0.0,25.0,25.0,54.84,63.64,0.0,0.6343330276828972,0.0728069900557773,4.0,2.0,0.04790334,2.0,3.0,5.0,0.07294155,14.0,5.464285714285714,0.0,9.964285714285714,1.2857142857142856,15.428571428571429,2.25,0.6428571428571428,2.571428571428571,0.6428571428571428,2.571428571428571,2.571428571428571,5.464285714285714,0.6428571428571428,2.25,2.25,0.6428571428571428,0.0,1.9285714285714288,0.9642857142857144,0.0,0.3214285714285714,0.0,0.6428571428571428,0.0,0.0,0.0,80.0,100.0,0.0,25.0,25.0,54.84,63.64,0.0,0.2038927588980741,0.0234022468036427,1.2857142857142856,0.6428571428571428,0.0153975021428571,0.6428571428571428,0.9642857142857144,1.6071428571428572,0.0234454982142857,4.5,ST,50,33,39,75,45,67,19,44,11,59,56,48,28,6,62,42,12,92,64,31,72,50,56,16,50,50,72,89,33,28,23,88,91,12,28,6,83,22,22,48,45,53,25,41,62,33,59,81,56,75,30,47,12,69,62,62,31,6,75,44,12,94,64,31,78,50,59,16,50,50,72,89,33,28,23,88,91,12,31,6,84,22,19,56,50,53,28,44,La Liga
Osasuna,2l0ldgiwsgb8d6y3z0sfgjzyj,f4gpe0pxov8sea9e0fs24h8q2,Jon Moncayola,Jon Moncayola,28.0,Midfielder,Spain,Midfielder,84.0,2.0,87.0,16.0,169.0,2.0,1.0,2.0,1.0,1.0,1.0,15.0,405.0,1.0,3.0,0.0,1.0,7.0,1.0,4.0,5.0,0.0,0.0,1.0,0.0,0.0,0.0,86.22,51.61,22.22,100.0,50.0,48.39,20.0,58.33,0.1319228459649275,0.1314936192169454,0.0,5.0,0.10716759,0.0,11.0,10.0,0.2851452499999999,63.0,18.666666666666668,0.4444444444444444,19.33333333333333,3.555555555555556,37.55555555555556,0.4444444444444444,0.2222222222222222,0.4444444444444444,0.2222222222222222,0.2222222222222222,0.2222222222222222,3.333333333333333,0.2222222222222222,0.6666666666666666,0.0,0.2222222222222222,1.5555555555555556,0.2222222222222222,0.8888888888888888,1.1111111111111112,0.0,0.0,0.2222222222222222,0.0,0.0,0.0,86.22,51.61,22.22,100.0,50.0,48.39,20.0,58.33,0.0293161879922061,0.0292208042704323,0.0,1.1111111111111112,0.02381502,0.0,2.4444444444444446,2.2222222222222223,0.0633656111111111,14.0,DM/CM,49,84,37,79,43,43,24,53,60,23,20,46,79,57,3,36,90,53,31,66,43,51,71,47,51,51,20,31,77,84,87,34,39,69,43,54,29,40,40,9,26,33,37,23,31,83,31,77,26,43,11,51,49,14,14,31,71,49,3,26,77,43,23,54,43,51,63,47,51,51,20,31,77,84,87,34,39,69,34,49,29,31,34,9,17,23,29,9,La Liga
Atlético de Madrid,4ku8o6uf87yd8iecdalipo6wd,12f4mz064elnxecq2srl7r6j9,Alejandro Grimaldo,Alejandro Grimaldo,30.0,Defender,Spain,Defender,65.0,5.0,92.0,10.0,152.0,4.0,1.0,6.0,2.0,9.0,9.0,21.0,360.0,4.0,7.0,0.0,6.0,7.0,4.0,10.0,2.0,1.0,0.0,1.0,1.0,0.0,0.0,81.72,45.45,22.73,66.67,66.67,55.26,44.44,63.64,0.26222006225671,0.112059639373195,2.0,11.0,0.26324657,6.0,13.0,22.0,0.44402298,64.0,16.25,1.25,23.0,2.5,38.0,1.0,0.25,1.5,0.5,2.25,2.25,5.25,1.0,1.75,0.0,1.5,1.75,1.0,2.5,0.5,0.25,0.0,0.25,0.25,0.0,0.0,81.72,45.45,22.73,66.67,66.67,55.26,44.44,63.64,0.0655550155641775,0.0280149098432987,0.5,2.75,0.0658116425,1.5,3.25,5.5,0.111005745,16.0,LB/LCB,42,90,67,73,54,52,38,96,75,81,77,56,100,75,4,90,71,98,46,25,88,48,75,96,52,52,29,62,62,71,92,50,29,46,79,46,92,90,88,77,50,77,54,38,33,92,67,79,54,44,38,96,77,88,83,56,100,75,4,85,62,96,42,19,92,48,75,96,52,52,29,62,62,71,92,50,29,46,79,46,94,92,92,83,42,79,46,38,La Liga
Atlético de Madrid,4ku8o6uf87yd8iecdalipo6wd,1vyh50nfaq2kq5pmivpkc1psl,D. Hancko,Dávid Hancko,28.0,Defender,Slovakia,Defender,206.0,0.0,119.0,20.0,325.0,7.0,2.0,4.0,4.0,6.0,6.0,21.0,450.0,0.0,10.0,3.0,6.0,3.0,0.0,20.0,8.0,2.0,0.0,1.0,0.0,0.0,0.0,90.03,47.62,0.0,100.0,0.0,70.0,58.33,60.0,0.3256697008581027,0.182271576633252,0.0,10.0,0.2047335,7.0,38.0,32.0,0.6724843699999999,210.0,41.2,0.0,23.8,4.0,65.0,1.4,0.4,0.8,0.8,1.2,1.2,4.2,0.0,2.0,0.6,1.2,0.6,0.0,4.0,1.6,0.4,0.0,0.2,0.0,0.0,0.0,90.03,47.62,0.0,100.0,0.0,70.0,58.33,60.0,0.0651339401716205,0.0364543153266504,0.0,2.0,0.0409467,1.4,7.6,6.4,0.134496874,42.0,LB/LCB,100,19,92,94,96,77,54,83,100,58,56,56,40,85,46,90,31,27,81,92,98,48,75,46,52,52,79,67,19,94,40,92,62,40,88,58,27,79,67,88,96,96,88,96,96,19,75,92,92,67,50,81,96,46,46,33,40,79,33,79,17,27,75,79,96,48,60,46,52,52,79,67,19,94,40,92,62,40,75,54,27,62,54,75,96,92,71,92,La Liga
Atlético de Madrid,4ku8o6uf87yd8iecdalipo6wd,4x1tm440b5cshi5gxkx5k9m95,M. Hjulmand,Morten Hjulmand,27.0,Midfielder,Denmark,Midfielder,110.0,0.0,86.0,9.0,196.0,5.0,7.0,3.0,2.0,2.0,3.0,24.0,336.0,0.0,4.0,9.0,2.0,4.0,1.0,8.0,8.0,0.0,0.0,0.0,0.0,0.0,0.0,91.59,64.29,0.0,100.0,0.0,70.59,62.5,50.0,0.2971357124243791,0.2796588409422992,0.0,3.0,0.06279657,2.0,17.0,16.0,0.4712275500000001,113.0,29.464285714285715,0.0,23.035714285714285,2.4107142857142856,52.5,1.3392857142857142,1.875,0.8035714285714286,0.5357142857142857,0.5357142857142857,0.8035714285714286,6.428571428571429,0.0,1.0714285714285714,2.4107142857142856,0.5357142857142857,1.0714285714285714,0.2678571428571428,2.142857142857143,2.142857142857143,0.0,0.0,0.0,0.0,0.0,0.0,91.59,64.29,0.0,100.0,0.0,70.59,62.5,50.0,0.0795899229708158,0.0749086181095444,0.0,0.8035714285714286,0.0168205098214285,0.5357142857142857,4.553571428571429,4.285714285714286,0.1262216651785714,30.267857142857142,DM/CM,81,34,34,53,63,89,94,66,89,43,53,87,34,73,96,66,56,53,76,86,43,51,29,47,51,51,74,59,34,84,34,97,90,40,94,80,29,21,23,44,54,61,77,66,86,34,51,51,63,89,94,71,94,40,53,91,34,74,100,69,54,63,63,86,43,51,29,47,51,51,74,59,34,84,34,97,90,40,86,74,29,23,23,40,60,69,83,66,La Liga
Atlético de Madrid,4ku8o6uf87yd8iecdalipo6wd,5es43b4a7fv0lkmp63dj439ey,G. Simeone,Giuliano Simeone,23.0,Attacker,Argentina,Striker,45.0,1.0,75.0,2.0,119.0,11.0,4.0,8.0,5.0,5.0,6.0,27.0,362.0,2.0,18.0,4.0,1.0,7.0,3.0,3.0,5.0,1.0,0.0,3.0,2.0,0.0,0.0,74.84,66.67,25.0,20.0,25.0,51.92,55.0,63.64,0.8709194144332268,0.1940181528919955,5.0,6.0,0.16376295,1.0,12.0,6.0,0.2352972999999999,39.0,11.187845303867404,0.2486187845303867,18.646408839779006,0.4972375690607735,29.585635359116026,2.7348066298342544,0.994475138121547,1.988950276243094,1.2430939226519335,1.2430939226519335,1.4917127071823204,6.712707182320442,0.4972375690607735,4.475138121546961,0.994475138121547,0.2486187845303867,1.7403314917127073,0.7458563535911602,0.7458563535911602,1.2430939226519335,0.2486187845303867,0.0,0.7458563535911602,0.4972375690607735,0.0,0.0,74.84,66.67,25.0,20.0,25.0,51.92,55.0,63.64,0.216526926240305,0.0482365573488386,1.2430939226519335,1.4917127071823204,0.0407145455801105,0.2486187845303867,2.983425414364641,1.4917127071823204,0.0584993287292817,9.696132596685082,RW,92,35,65,46,77,100,50,58,58,15,12,77,42,54,23,8,88,58,92,92,88,54,69,85,54,54,23,62,85,8,35,69,92,62,77,23,65,31,31,15,85,46,31,54,92,23,54,46,62,100,31,46,46,8,8,85,46,46,23,8,85,46,85,92,85,54,62,85,54,54,23,62,85,8,35,69,92,62,77,23,54,23,23,15,85,38,31,46,La Liga
Atlético de Madrid,4ku8o6uf87yd8iecdalipo6wd,5zoz3mjooujpv0wdcphyrztd6,Álex Baena,Álex Baena,25.0,Midfielder,Spain,Midfielder,54.0,5.0,72.0,7.0,121.0,1.0,10.0,9.0,4.0,4.0,5.0,7.0,298.0,4.0,14.0,5.0,0.0,0.0,5.0,1.0,6.0,1.0,0.0,2.0,3.0,1.0,0.0,84.03,53.85,45.45,0.0,44.44,21.88,25.0,0.0,0.719424335228151,1.0188666420043526,2.0,5.0,0.11131112,3.0,11.0,15.0,0.5158942199999998,51.0,16.308724832214764,1.51006711409396,21.74496644295302,2.114093959731544,36.54362416107383,0.3020134228187919,3.02013422818792,2.718120805369128,1.2080536912751678,1.2080536912751678,1.51006711409396,2.114093959731544,1.2080536912751678,4.228187919463087,1.51006711409396,0.0,0.0,1.51006711409396,0.3020134228187919,1.812080536912752,0.3020134228187919,0.0,0.6040268456375839,0.906040268456376,0.3020134228187919,0.0,84.03,53.85,45.45,0.0,44.44,21.88,25.0,0.0,0.2172758059413879,0.3077114019476233,0.6040268456375839,1.51006711409396,0.0336174523489932,0.906040268456376,3.322147651006712,4.530201342281879,0.1558069791946308,15.40268456375839,CM/AM,69,79,52,67,62,31,90,71,72,21,28,3,83,79,47,5,5,84,36,95,72,52,71,93,98,52,48,59,83,5,52,3,38,5,72,97,47,28,24,34,43,57,62,52,72,86,52,72,55,31,90,72,72,21,28,3,90,72,48,5,5,86,34,93,76,52,76,97,100,52,48,59,83,5,52,3,38,5,76,93,48,31,24,38,52,69,69,52,La Liga
Atlético de Madrid,4ku8o6uf87yd8iecdalipo6wd,8b3igmuipfhfzm39ack89de96,Lee Kang-In,Kang-In Lee,25.0,Midfielder,Korea Republic,Midfielder,36.0,1.0,67.0,5.0,102.0,2.0,6.0,12.0,3.0,13.0,14.0,25.0,290.0,1.0,7.0,8.0,9.0,5.0,9.0,1.0,1.0,1.0,0.0,5.0,1.0,0.0,0.0,82.93,45.45,33.33,69.23,8.33,54.35,50.0,83.33,0.8012390251824063,0.5629853835709254,10.0,11.0,0.25798933,4.0,6.0,17.0,0.4530134999999999,39.0,11.172413793103448,0.3103448275862069,20.79310344827586,1.5517241379310345,31.655172413793103,0.6206896551724138,1.862068965517241,3.724137931034482,0.9310344827586208,4.0344827586206895,4.344827586206897,7.758620689655173,0.3103448275862069,2.1724137931034484,2.4827586206896552,2.793103448275862,1.5517241379310345,2.793103448275862,0.3103448275862069,0.3103448275862069,0.3103448275862069,0.0,1.5517241379310345,0.3103448275862069,0.0,0.0,82.93,45.45,33.33,69.23,8.33,54.35,50.0,83.33,0.2486603871255743,0.1747196017978734,3.103448275862069,3.413793103448276,0.080065654137931,1.2413793103448276,1.862068965517241,5.275862068965517,0.1405903965517241,12.10344827586207,CM/AM,45,34,47,52,45,52,47,84,59,83,83,83,17,40,74,90,83,97,36,33,72,52,98,67,48,52,41,38,69,93,7,66,86,84,79,41,100,60,55,48,21,69,52,28,45,38,41,62,48,59,66,100,59,93,90,97,21,48,83,97,93,100,41,31,83,52,100,76,48,52,41,38,69,93,7,66,86,84,79,66,100,69,62,45,21,76,59,41,La Liga
Atlético de Madrid,4ku8o6uf87yd8iecdalipo6wd,8d04q3yp2kouwog0lj0s7ew2x,A. Lookman,Ademola Lookman,28.0,Attacker,Nigeria,Striker,24.0,0.0,55.0,1.0,79.0,0.0,5.0,7.0,5.0,10.0,12.0,12.0,369.0,3.0,28.0,6.0,3.0,2.0,2.0,0.0,0.0,0.0,0.0,3.0,1.0,0.0,0.0,80.61,50.0,0.0,30.0,42.86,34.29,0.0,66.67,0.5397912130102611,0.336431770164513,2.0,9.0,0.42508775,1.0,2.0,5.0,0.18396537,26.0,5.853658536585367,0.0,13.414634146341465,0.2439024390243902,19.26829268292683,0.0,1.2195121951219514,1.707317073170732,1.2195121951219514,2.439024390243903,2.926829268292684,2.926829268292684,0.7317073170731708,6.829268292682928,1.4634146341463417,0.7317073170731708,0.4878048780487805,0.4878048780487805,0.0,0.0,0.0,0.0,0.7317073170731708,0.2439024390243902,0.0,0.0,80.61,50.0,0.0,30.0,42.86,34.29,0.0,66.67,0.1316563934171368,0.0820565293084178,0.4878048780487805,2.1951219512195124,0.1036799390243902,0.2439024390243902,0.4878048780487805,1.2195121951219514,0.0448696024390243,6.341463414634147,LW,58,17,54,17,50,25,58,67,67,46,50,33,71,88,62,17,38,54,17,21,42,54,79,88,54,54,58,42,17,25,83,17,29,38,67,50,42,42,75,12,8,17,33,42,50,17,33,17,25,25,58,50,67,25,50,17,75,75,50,17,33,58,17,21,42,54,75,83,54,54,58,42,17,25,83,17,29,38,50,50,42,25,67,8,8,17,25,25,La Liga
Atlético de Madrid,4ku8o6uf87yd8iecdalipo6wd,9e7ybe0nsu3byq2tteey3zuy2,Pablo Barrios,Pablo Barrios,23.0,Midfielder,Spain,Midfielder,86.0,1.0,129.0,9.0,214.0,2.0,6.0,3.0,2.0,8.0,8.0,17.0,294.0,2.0,7.0,6.0,5.0,2.0,1.0,1.0,7.0,1.0,0.0,0.0,0.0,0.0,0.0,89.92,69.23,33.33,62.5,66.67,58.62,66.67,50.0,0.2578562518934948,0.4680589266702503,1.0,15.0,0.37600926,7.0,27.0,33.0,0.65584552,126.0,26.3265306122449,0.3061224489795918,39.48979591836735,2.7551020408163267,65.51020408163265,0.6122448979591837,1.836734693877551,0.9183673469387756,0.6122448979591837,2.4489795918367347,2.4489795918367347,5.204081632653061,0.6122448979591837,2.142857142857143,1.836734693877551,1.530612244897959,0.6122448979591837,0.3061224489795918,0.3061224489795918,2.142857142857143,0.3061224489795918,0.0,0.0,0.0,0.0,0.0,89.92,69.23,33.33,62.5,66.67,58.62,66.67,50.0,0.0789355873143351,0.1432833448990562,0.3061224489795918,4.591836734693878,0.115104875510204,2.142857142857143,8.26530612244898,10.10204081632653,0.2007690367346938,38.57142857142857,CM/AM,84,34,93,81,90,52,47,17,36,53,52,50,41,40,59,66,24,21,36,100,72,52,17,26,48,52,79,72,69,79,84,86,100,33,14,38,26,86,76,78,93,93,76,93,97,34,93,79,97,55,59,17,34,66,66,59,41,45,66,76,28,24,38,97,79,52,17,26,48,52,79,72,69,79,84,86,100,33,21,38,24,86,83,90,97,97,90,100,La Liga
Atlético de Madrid,4ku8o6uf87yd8iecdalipo6wd,amxunh6enoc99r07cp7qt621h,Marcos Llorente,Marcos Llorente,31.0,Midfielder,Spain,Midfielder,93.0,0.0,94.0,7.0,187.0,2.0,5.0,3.0,2.0,3.0,3.0,12.0,285.0,2.0,3.0,2.0,2.0,1.0,1.0,6.0,7.0,1.0,0.0,1.0,0.0,0.0,0.0,91.67,63.64,0.0,66.67,66.67,48.0,0.0,16.67,0.197984418334763,0.2683841711835519,1.0,5.0,0.14652271,3.0,13.0,17.0,0.4297414500000001,101.0,29.36842105263158,0.0,29.68421052631579,2.210526315789474,59.05263157894737,0.6315789473684211,1.5789473684210529,0.9473684210526316,0.6315789473684211,0.9473684210526316,0.9473684210526316,3.789473684210527,0.6315789473684211,0.9473684210526316,0.6315789473684211,0.6315789473684211,0.3157894736842105,0.3157894736842105,1.8947368421052635,2.210526315789474,0.3157894736842105,0.0,0.3157894736842105,0.0,0.0,0.0,91.67,63.64,0.0,66.67,66.67,48.0,0.0,16.67,0.0625213952636093,0.0847528961632269,0.3157894736842105,1.5789473684210529,0.0462703294736842,0.9473684210526316,4.105263157894737,5.368421052631579,0.1357078263157895,31.894736842105264,RM/RCM,80,50,60,80,80,80,100,40,60,40,40,80,80,30,90,60,20,40,100,100,90,60,50,50,60,60,80,80,50,80,100,60,40,20,40,60,40,30,40,40,60,80,80,80,100,50,80,80,80,100,100,40,60,40,40,60,80,40,80,60,20,60,100,100,100,60,40,50,60,60,80,80,50,80,100,60,40,20,40,100,60,20,40,40,60,80,80,80,La Liga
Atlético de Madrid,4ku8o6uf87yd8iecdalipo6wd,b9kfek16otvdorssn0wzkb36d,Koke,Jorge Resurrección Merodio,34.0,Midfielder,Spain,Midfielder,53.0,3.0,113.0,18.0,163.0,0.0,4.0,1.0,1.0,2.0,2.0,12.0,223.0,0.0,1.0,4.0,1.0,4.0,0.0,1.0,1.0,0.0,0.0,1.0,0.0,0.0,0.0,90.56,78.26,42.86,50.0,0.0,66.67,0.0,57.14,0.0767897362445655,0.2680974543649673,0.0,7.0,0.15828008,6.0,22.0,30.0,0.59952763,97.0,21.390134529147986,1.210762331838565,45.60538116591928,7.26457399103139,65.7847533632287,0.0,1.6143497757847534,0.4035874439461883,0.4035874439461883,0.8071748878923767,0.8071748878923767,4.84304932735426,0.0,0.4035874439461883,1.6143497757847534,0.4035874439461883,1.6143497757847534,0.0,0.4035874439461883,0.4035874439461883,0.0,0.0,0.4035874439461883,0.0,0.0,0.0,90.56,78.26,42.86,50.0,0.0,66.67,0.0,57.14,0.0309913733722461,0.108200766335637,0.0,2.825112107623318,0.0638798529147982,2.42152466367713,8.878923766816143,12.10762331838565,0.2419618237668161,39.147982062780265,DM/CM,14,94,80,86,40,10,77,33,60,43,39,23,34,23,60,36,56,20,7,16,43,51,71,47,51,51,71,86,100,31,34,91,17,64,31,77,29,60,60,89,76,97,89,49,43,97,97,97,97,10,89,46,80,60,57,66,34,31,86,51,86,20,9,26,43,51,91,47,51,51,71,86,100,31,34,91,17,64,37,91,29,86,83,100,94,100,97,97,La Liga
Atlético de Madrid,4ku8o6uf87yd8iecdalipo6wd,d0kzduhj90areaill2gvvw6xg,Marc Pubill,Marc Pubill,23.0,Defender,Spain,Defender,136.0,1.0,58.0,13.0,193.0,6.0,0.0,2.0,1.0,1.0,1.0,17.0,336.0,1.0,2.0,5.0,0.0,4.0,1.0,8.0,1.0,0.0,1.0,0.0,1.0,0.0,0.0,91.04,68.42,33.33,0.0,50.0,54.84,60.0,66.67,0.1975466813397605,0.0,0.0,1.0,0.0174506,0.0,6.0,7.0,0.3274992299999999,137.0,36.42857142857143,0.2678571428571428,15.535714285714285,3.482142857142857,51.69642857142857,1.6071428571428572,0.0,0.5357142857142857,0.2678571428571428,0.2678571428571428,0.2678571428571428,4.553571428571429,0.2678571428571428,0.5357142857142857,1.3392857142857142,0.0,1.0714285714285714,0.2678571428571428,2.142857142857143,0.2678571428571428,0.0,0.2678571428571428,0.0,0.2678571428571428,0.0,0.0,91.04,68.42,33.33,0.0,50.0,54.84,60.0,66.67,0.0529142896445787,0.0,0.0,0.2678571428571428,0.0046742678571428,0.0,1.6071428571428572,1.875,0.0877230080357142,36.69642857142857,CB,61,84,45,68,47,46,14,50,41,47,47,64,68,37,82,26,58,74,13,13,49,89,39,89,51,51,66,89,87,26,83,37,58,64,45,18,36,25,24,24,25,21,61,66,61,92,55,82,58,53,14,50,42,47,47,55,71,37,92,26,58,71,16,13,49,89,39,92,51,51,66,89,87,26,83,37,58,64,39,18,36,29,26,24,26,21,68,66,La Liga
Alavés,4dtdjgnpdq9uw4sdutti0vaar,1nd8l0ofw9x779c0ufwbbo4ph,Toni Martínez,Toni Martínez,29.0,Attacker,Spain,Striker,6.0,0.0,14.0,1.0,20.0,12.0,5.0,8.0,7.0,4.0,4.0,22.0,257.0,0.0,17.0,7.0,0.0,3.0,1.0,6.0,0.0,0.0,0.0,1.0,0.0,0.0,0.0,60.61,100.0,0.0,0.0,0.0,50.0,50.0,100.0,1.019035377001493,0.2421456815506494,0.0,2.0,0.04770298,1.0,2.0,1.0,0.0318832799999999,6.0,2.1011673151750974,0.0,4.90272373540856,0.3501945525291828,7.003891050583658,4.202334630350195,1.7509727626459144,2.801556420233463,2.45136186770428,1.4007782101167314,1.4007782101167314,7.704280155642023,0.0,5.953307392996109,2.45136186770428,0.0,1.050583657587549,0.3501945525291828,2.1011673151750974,0.0,0.0,0.0,0.3501945525291828,0.0,0.0,0.0,60.61,100.0,0.0,0.0,0.0,50.0,50.0,100.0,0.356860637860445,0.0847980985975036,0.0,0.7003891050583657,0.0167053237354085,0.3501945525291828,0.7003891050583657,0.3501945525291828,0.0111653509727626,2.1011673151750974,ST,8,33,6,36,6,89,72,44,58,22,20,70,6,53,62,6,72,33,88,31,30,50,33,16,50,50,16,89,33,6,6,73,70,92,53,50,12,22,19,20,30,14,6,8,12,33,6,44,6,97,88,59,78,28,25,91,6,84,81,6,78,31,100,31,30,50,38,16,50,50,16,89,33,6,6,73,70,92,66,62,12,28,22,28,44,12,9,9,La Liga
Alavés,4dtdjgnpdq9uw4sdutti0vaar,1ttc96b92xjfx1ta3vdwya0dm,A. Rebbach,Abde Rebbach,28.0,Attacker,Algeria,Striker,54.0,0.0,35.0,5.0,89.0,6.0,0.0,4.0,1.0,15.0,19.0,32.0,411.0,3.0,6.0,4.0,7.0,8.0,3.0,6.0,8.0,0.0,0.0,0.0,0.0,0.0,0.0,78.76,41.67,0.0,46.67,75.0,58.18,85.71,53.33,0.1762359802961454,0.0,2.0,7.0,0.15142128,3.0,4.0,7.0,0.16790718,35.0,11.824817518248176,0.0,7.664233576642336,1.094890510948905,19.48905109489052,1.3138686131386863,0.0,0.8759124087591241,0.218978102189781,3.2846715328467155,4.160583941605839,7.007299270072993,0.6569343065693432,1.3138686131386863,0.8759124087591241,1.5328467153284673,1.7518248175182485,0.6569343065693432,1.3138686131386863,1.7518248175182485,0.0,0.0,0.0,0.0,0.0,0.0,78.76,41.67,0.0,46.67,75.0,58.18,85.71,53.33,0.0385918205028055,0.0,0.437956204379562,1.5328467153284673,0.0331579445255474,0.6569343065693432,0.8759124087591241,1.5328467153284673,0.0367679956204379,7.664233576642336,LW,83,17,17,75,58,100,8,38,17,75,92,92,71,25,42,71,92,83,92,100,42,54,25,38,54,54,25,25,17,50,100,83,100,25,33,8,42,21,8,54,50,38,17,67,83,17,8,83,33,100,8,33,25,67,75,100,62,25,42,50,100,67,88,100,42,54,25,38,54,54,25,25,17,50,100,83,100,25,33,8,33,8,8,50,33,25,8,50,La Liga
Alavés,4dtdjgnpdq9uw4sdutti0vaar,28psc296gj3umo59qqha8jil1,Denis Suárez,Denis Suárez,32.0,Midfielder,Spain,Midfielder,33.0,9.0,67.0,4.0,91.0,1.0,9.0,2.0,2.0,4.0,5.0,11.0,213.0,1.0,3.0,5.0,2.0,3.0,0.0,0.0,0.0,0.0,0.0,0.0,0.0,0.0,0.0,78.45,36.36,39.13,50.0,50.0,61.11,0.0,100.0,0.2851388198291642,0.9971120189079594,0.0,12.0,0.25981039,5.0,12.0,14.0,0.5152765499999998,46.0,13.943661971830986,3.8028169014084505,28.309859154929576,1.6901408450704225,38.45070422535211,0.4225352112676056,3.8028169014084505,0.8450704225352113,0.8450704225352113,1.6901408450704225,2.112676056338028,4.647887323943662,0.4225352112676056,1.267605633802817,2.112676056338028,0.8450704225352113,1.267605633802817,0.0,0.0,0.0,0.0,0.0,0.0,0.0,0.0,0.0,78.45,36.36,39.13,50.0,50.0,61.11,0.0,100.0,0.1204811914771116,0.4213149375667434,0.0,5.070422535211268,0.109779038028169,2.112676056338028,5.070422535211268,5.915492957746479,0.2177224859154929,19.43661971830986,CM/AM,36,97,47,40,34,31,84,7,36,21,28,26,17,17,47,31,48,7,10,9,29,52,17,26,48,52,21,21,76,50,67,98,17,95,17,93,7,69,59,59,50,50,59,43,66,97,83,66,62,38,97,10,55,38,48,38,28,24,72,41,76,7,10,9,29,52,17,26,48,52,21,21,76,50,67,98,17,95,45,97,7,90,79,86,83,79,97,66,La Liga
Alavés,4dtdjgnpdq9uw4sdutti0vaar,350ehsdbvwysbfxgeian91rf8,Ángel Pérez,Ángel Pérez,24.0,Defender,Spain,Defender,25.0,8.0,53.0,5.0,70.0,1.0,8.0,7.0,6.0,17.0,21.0,19.0,392.0,3.0,19.0,3.0,9.0,3.0,1.0,4.0,4.0,3.0,0.0,1.0,0.0,0.0,0.0,72.16,45.45,38.1,52.94,42.86,52.78,0.0,50.0,0.6279149923525649,1.0541818667143203,1.0,7.0,0.21678415,1.0,4.0,6.0,1.3083778200000002,26.0,5.739795918367348,1.8367346938775515,12.168367346938776,1.1479591836734695,16.071428571428573,0.2295918367346939,1.8367346938775515,1.6071428571428572,1.3775510204081634,3.903061224489796,4.821428571428572,4.362244897959184,0.6887755102040817,4.362244897959184,0.6887755102040817,2.066326530612245,0.6887755102040817,0.2295918367346939,0.9183673469387756,0.9183673469387756,0.6887755102040817,0.0,0.2295918367346939,0.0,0.0,0.0,72.16,45.45,38.1,52.94,42.86,52.78,0.0,50.0,0.1441641564074766,0.242031551031349,0.2295918367346939,1.6071428571428572,0.0497718711734693,0.2295918367346939,0.9183673469387756,1.3775510204081634,0.3003928668367348,5.969387755102042,RB/RCB,5,100,32,61,5,26,100,100,100,97,100,63,100,100,55,95,16,61,8,53,100,47,79,47,53,53,11,63,84,58,63,58,16,8,100,100,68,76,89,24,21,34,100,18,5,100,26,53,5,21,100,95,100,95,95,58,100,95,47,95,5,58,5,47,100,47,74,47,53,53,11,63,84,58,63,58,16,8,95,100,58,68,79,16,16,16,100,5,La Liga
Alavés,4dtdjgnpdq9uw4sdutti0vaar,4zve4017u2i3zvxlnjruv25t5,Antonio Blanco,Antonio Blanco,26.0,Midfielder,Spain,Midfielder,94.0,3.0,89.0,13.0,180.0,2.0,2.0,7.0,1.0,5.0,5.0,19.0,426.0,0.0,2.0,3.0,1.0,6.0,6.0,7.0,13.0,0.0,0.0,1.0,0.0,0.0,0.0,86.96,68.42,37.5,20.0,0.0,42.22,0.0,46.15,0.4300180072940373,0.1281050611377809,5.0,2.0,0.03546945,1.0,18.0,19.0,0.41885677,95.0,19.859154929577464,0.6338028169014085,18.80281690140845,2.7464788732394365,38.0281690140845,0.4225352112676056,0.4225352112676056,1.4788732394366195,0.2112676056338028,1.056338028169014,1.056338028169014,4.014084507042253,0.0,0.4225352112676056,0.6338028169014085,0.2112676056338028,1.267605633802817,1.267605633802817,1.4788732394366195,2.7464788732394365,0.0,0.0,0.2112676056338028,0.0,0.0,0.0,86.96,68.42,37.5,20.0,0.0,42.22,0.0,46.15,0.0908488747804304,0.0270644495361508,1.056338028169014,0.4225352112676056,0.0074935457746478,0.2112676056338028,3.8028169014084505,4.014084507042253,0.0884908669014084,20.070422535211268,DM/CM,60,94,46,64,49,43,49,97,60,81,80,69,34,39,44,36,83,97,63,100,43,51,71,47,51,51,29,69,97,20,34,23,17,24,97,49,96,10,9,26,63,77,69,44,37,94,26,63,29,37,46,97,46,74,71,46,34,34,31,23,60,97,49,97,43,51,57,47,51,51,29,69,97,20,34,23,17,24,94,43,94,9,9,20,46,60,51,31,La Liga
Alavés,4dtdjgnpdq9uw4sdutti0vaar,5ol17485ecah0trdmkw3byqne,V. Koski,Ville Koski,24.0,Defender,Finland,Defender,103.0,0.0,33.0,3.0,136.0,6.0,0.0,1.0,1.0,1.0,1.0,9.0,440.0,1.0,3.0,0.0,1.0,1.0,0.0,34.0,5.0,0.0,0.0,0.0,1.0,0.0,0.0,87.74,30.0,0.0,100.0,100.0,33.33,33.33,50.0,0.1560939551264391,0.0,0.0,2.0,0.0427186799999999,1.0,1.0,5.0,0.1110193599999999,54.0,21.068181818181817,0.0,6.749999999999999,0.6136363636363635,27.818181818181817,1.227272727272727,0.0,0.2045454545454545,0.2045454545454545,0.2045454545454545,0.2045454545454545,1.8409090909090908,0.2045454545454545,0.6136363636363635,0.0,0.2045454545454545,0.2045454545454545,0.0,6.954545454545454,1.0227272727272727,0.0,0.0,0.0,0.2045454545454545,0.0,0.0,87.74,30.0,0.0,100.0,100.0,33.33,33.33,50.0,0.0319283090031352,0.0,0.0,0.409090909090909,0.0087379118181817,0.2045454545454545,0.2045454545454545,1.0227272727272727,0.0227085054545454,11.045454545454543,CB,37,38,8,13,32,46,14,33,41,47,47,8,68,55,11,63,8,32,96,64,49,41,39,89,51,51,47,13,38,88,97,3,16,29,42,18,36,43,50,53,8,13,11,21,24,38,5,13,11,34,14,29,37,37,37,5,55,47,11,61,3,32,87,45,49,41,39,82,51,51,47,13,38,88,97,3,16,29,34,18,36,45,45,47,8,11,8,13,La Liga
Alavés,4dtdjgnpdq9uw4sdutti0vaar,7wzwqegxhekjwq361dd2nidp1,Jonny Otto,Jonny Otto,32.0,Defender,Spain,Defender,84.0,2.0,64.0,11.0,146.0,5.0,2.0,2.0,1.0,7.0,7.0,23.0,420.0,1.0,1.0,3.0,3.0,8.0,1.0,17.0,3.0,0.0,0.0,0.0,0.0,0.0,0.0,86.9,55.0,66.67,42.86,50.0,67.65,71.43,66.67,0.1976695014984372,0.1424489553911297,1.0,5.0,0.09481305,0.0,16.0,17.0,0.3436889100000001,79.0,18.0,0.4285714285714285,13.714285714285714,2.357142857142857,31.285714285714285,1.0714285714285714,0.4285714285714285,0.4285714285714285,0.2142857142857142,1.5,1.5,4.928571428571428,0.2142857142857142,0.2142857142857142,0.6428571428571428,0.6428571428571428,1.7142857142857142,0.2142857142857142,3.642857142857143,0.6428571428571428,0.0,0.0,0.0,0.0,0.0,0.0,86.9,55.0,66.67,42.86,50.0,67.65,71.43,66.67,0.0423577503210936,0.030524776155242,0.2142857142857142,1.0714285714285714,0.0203170821428571,0.0,3.4285714285714284,3.642857142857143,0.0736476235714286,16.928571428571427,RB/RCB,79,76,58,95,68,74,45,58,58,66,61,87,63,8,55,61,82,61,68,39,47,47,32,47,53,53,84,89,100,47,74,100,100,42,68,37,68,42,37,5,84,97,42,74,84,74,47,89,58,58,42,58,47,58,58,74,58,5,42,63,68,53,74,32,47,47,32,47,53,53,84,89,100,47,74,100,100,42,53,37,53,37,32,5,89,89,37,68,La Liga
Alavés,4dtdjgnpdq9uw4sdutti0vaar,9ivrglgy0tibv881e1a93psr9,L. Boyé,Lucas Boyé,30.0,Attacker,Argentina,Striker,15.0,1.0,33.0,6.0,47.0,12.0,2.0,12.0,7.0,8.0,8.0,32.0,319.0,5.0,11.0,8.0,1.0,9.0,5.0,4.0,0.0,0.0,0.0,3.0,4.0,0.0,0.0,77.05,75.0,50.0,12.5,41.67,42.67,46.15,81.82,1.0688044265648813,0.1929271391680925,2.0,2.0,0.04320281,2.0,4.0,6.0,0.3228985199999999,18.0,4.231974921630094,0.2821316614420063,9.310344827586208,1.6927899686520378,13.260188087774296,3.385579937304076,0.5642633228840126,3.385579937304076,1.974921630094044,2.2570532915360504,2.2570532915360504,9.028213166144202,1.4106583072100314,3.103448275862069,2.2570532915360504,0.2821316614420063,2.539184952978057,1.4106583072100314,1.1285266457680252,0.0,0.0,0.0,0.8463949843260189,1.1285266457680252,0.0,0.0,77.05,75.0,50.0,12.5,41.67,42.67,46.15,81.82,0.3015435686233207,0.0544308543107471,0.5642633228840126,0.5642633228840126,0.0121888805642633,0.5642633228840126,1.1285266457680252,1.6927899686520378,0.0910998959247648,5.078369905956113,ST,42,75,48,88,39,89,19,73,58,59,56,97,67,33,81,23,100,86,77,31,30,50,75,80,50,50,59,69,89,12,41,38,59,78,59,41,50,22,16,48,59,61,72,48,38,75,50,88,44,84,9,75,50,53,50,97,69,19,78,19,100,88,72,31,30,50,75,84,50,50,59,69,89,12,41,38,59,78,53,44,53,19,16,50,53,59,69,56,La Liga
Alavés,4dtdjgnpdq9uw4sdutti0vaar,9tw6rz3lfmn06fzsabtx9ei95,N. Tenaglia,Nahuel Tenaglia,30.0,Defender,Argentina,Defender,78.0,1.0,51.0,12.0,128.0,6.0,1.0,6.0,5.0,6.0,7.0,23.0,405.0,2.0,9.0,5.0,3.0,5.0,1.0,27.0,6.0,0.0,0.0,3.0,1.0,0.0,0.0,83.66,50.0,25.0,50.0,33.33,50.0,40.0,55.56,0.5938127307877679,0.1633128960721514,1.0,5.0,0.11324697,5.0,12.0,18.0,0.4875000299999998,75.0,17.333333333333332,0.2222222222222222,11.333333333333334,2.6666666666666665,28.444444444444443,1.3333333333333333,0.2222222222222222,1.3333333333333333,1.1111111111111112,1.3333333333333333,1.5555555555555556,5.111111111111111,0.4444444444444444,2.0,1.1111111111111112,0.6666666666666666,1.1111111111111112,0.2222222222222222,6.0,1.3333333333333333,0.0,0.0,0.6666666666666666,0.2222222222222222,0.0,0.0,83.66,50.0,25.0,50.0,33.33,50.0,40.0,55.56,0.1319583846195039,0.0362917546827003,0.2222222222222222,1.1111111111111112,0.0251659933333333,1.1111111111111112,2.6666666666666665,4.0,0.1083333399999999,16.666666666666668,CB,26,84,32,63,26,46,49,95,100,96,97,89,93,99,82,88,71,74,79,76,49,41,99,89,51,51,29,63,84,59,70,25,25,45,100,82,79,72,74,96,57,71,76,32,13,84,13,55,13,37,45,91,97,89,92,74,95,93,84,89,63,66,76,63,49,41,97,87,51,51,29,63,84,59,70,25,25,45,92,76,74,66,68,89,39,68,74,18,La Liga
Alavés,4dtdjgnpdq9uw4sdutti0vaar,eqw6fu3no9qxejk17tqgeey5m,Pablo Ibáñez,Pablo Ibáñez,27.0,Midfielder,Spain,Midfielder,48.0,0.0,66.0,5.0,114.0,4.0,0.0,6.0,2.0,9.0,9.0,22.0,405.0,2.0,8.0,9.0,5.0,2.0,4.0,6.0,5.0,0.0,0.0,1.0,1.0,0.0,0.0,79.72,38.46,0.0,55.56,33.33,48.89,0.0,50.0,0.3854842683873799,0.0,3.0,3.0,0.07668963,2.0,13.0,14.0,0.21399563,50.0,10.666666666666666,0.0,14.666666666666666,1.1111111111111112,25.33333333333333,0.8888888888888888,0.0,1.3333333333333333,0.4444444444444444,2.0,2.0,4.888888888888889,0.4444444444444444,1.7777777777777777,2.0,1.1111111111111112,0.4444444444444444,0.8888888888888888,1.3333333333333333,1.1111111111111112,0.0,0.0,0.2222222222222222,0.2222222222222222,0.0,0.0,79.72,38.46,0.0,55.56,33.33,48.89,0.0,50.0,0.0856631707527511,0.0,0.6666666666666666,0.6666666666666666,0.0170421399999999,0.4444444444444444,2.888888888888889,3.111111111111111,0.0475545844444444,11.11111111111111,CM/AM,59,14,41,52,59,81,3,53,36,66,62,72,41,50,83,66,24,69,88,86,29,52,47,67,48,52,28,24,14,60,33,45,17,33,38,5,67,7,7,21,59,50,34,48,38,14,28,48,34,76,3,38,24,55,45,52,31,34,69,52,17,59,86,83,29,52,41,62,48,52,28,24,14,60,33,45,17,33,24,5,59,3,3,14,41,41,14,31,La Liga
Alavés,4dtdjgnpdq9uw4sdutti0vaar,eufpzdp76oumhybvscmu76vo5,M. Díaz,Mariano Díaz,33.0,Attacker,Dominican Republic,Striker,5.0,1.0,13.0,0.0,17.0,7.0,3.0,9.0,3.0,11.0,12.0,13.0,235.0,8.0,11.0,1.0,5.0,0.0,6.0,3.0,0.0,3.0,0.0,1.0,3.0,0.0,0.0,58.62,0.0,50.0,45.45,88.89,34.21,38.89,0.0,1.4764107708076075,0.3271832160489211,3.0,2.0,0.07903378,1.0,2.0,0.0,0.2874709599999999,8.0,1.9148936170212765,0.3829787234042553,4.97872340425532,0.0,6.51063829787234,2.680851063829788,1.1489361702127658,3.4468085106382977,1.1489361702127658,4.212765957446808,4.595744680851063,4.97872340425532,3.0638297872340425,4.212765957446808,0.3829787234042553,1.9148936170212765,0.0,2.297872340425532,1.1489361702127658,0.0,1.1489361702127658,0.0,0.3829787234042553,1.1489361702127658,0.0,0.0,58.62,0.0,50.0,45.45,88.89,34.21,38.89,0.0,0.5654339122241901,0.1253042104017144,1.1489361702127658,0.7659574468085106,0.0302682561702127,0.3829787234042553,0.7659574468085106,0.0,0.1100952612765957,3.0638297872340425,ST,3,75,3,12,3,67,44,56,19,84,86,27,83,33,3,84,12,92,64,31,98,50,33,75,50,50,9,12,89,56,100,12,44,12,72,66,70,22,44,20,30,6,66,16,9,84,9,12,3,81,53,78,31,94,94,50,97,50,3,91,12,100,75,31,100,50,44,88,50,50,9,12,89,56,100,12,44,12,91,88,81,31,50,31,47,6,75,25,La Liga
Elche,4yg9ttzw0m51048doksv8uq5r,1i9mqbswolg91evnmsrf5katx,Tete Morente,José Antonio Morente Oliva,29.0,Attacker,Spain,Striker,28.0,4.0,68.0,4.0,92.0,1.0,3.0,2.0,1.0,12.0,12.0,11.0,305.0,0.0,6.0,4.0,4.0,1.0,1.0,3.0,4.0,2.0,0.0,0.0,0.0,0.0,0.0,79.31,40.0,21.05,33.33,0.0,35.48,50.0,33.33,0.1258509131375171,0.2088811461636422,1.0,11.0,0.31605271,5.0,6.0,10.0,0.5420479600000001,44.0,8.262295081967213,1.180327868852459,20.0655737704918,1.180327868852459,27.14754098360656,0.2950819672131147,0.8852459016393442,0.5901639344262295,0.2950819672131147,3.540983606557377,3.540983606557377,3.2459016393442623,0.0,1.7704918032786885,1.180327868852459,1.180327868852459,0.2950819672131147,0.2950819672131147,0.8852459016393442,1.180327868852459,0.5901639344262295,0.0,0.0,0.0,0.0,0.0,79.31,40.0,21.05,33.33,0.0,35.48,50.0,33.33,0.0371363350241853,0.0616370595236977,0.2950819672131147,3.2459016393442623,0.093261455409836,1.475409836065574,1.7704918032786885,2.950819672131148,0.1599485783606557,12.98360655737705,RW,69,92,54,73,54,54,31,19,12,50,38,8,12,15,23,31,19,31,92,81,100,54,12,27,54,54,46,38,62,23,12,15,85,23,15,38,23,42,46,62,46,62,62,62,77,85,62,77,54,54,23,15,8,38,38,15,12,15,38,31,15,31,100,85,100,54,12,27,54,54,46,38,62,23,12,15,85,23,15,31,15,46,46,46,54,62,69,69,La Liga
Elche,4yg9ttzw0m51048doksv8uq5r,313x9xk65v0e1qoqvbqqy5u96,Fer Niño,Fer Niño,25.0,Attacker,Spain,Striker,27.0,0.0,33.0,1.0,60.0,16.0,2.0,8.0,8.0,10.0,11.0,31.0,387.0,6.0,24.0,6.0,3.0,5.0,0.0,7.0,2.0,0.0,0.0,1.0,2.0,0.0,0.0,69.77,100.0,0.0,30.0,75.0,46.27,47.06,83.33,1.0374143624373935,0.1932846904224511,0.0,3.0,0.07750661,3.0,3.0,5.0,0.23888148,20.0,6.279069767441861,0.0,7.674418604651163,0.2325581395348837,13.953488372093023,3.72093023255814,0.4651162790697674,1.8604651162790693,1.8604651162790693,2.3255813953488373,2.558139534883721,7.209302325581396,1.3953488372093024,5.5813953488372094,1.3953488372093024,0.6976744186046512,1.162790697674419,0.0,1.627906976744186,0.4651162790697674,0.0,0.0,0.2325581395348837,0.4651162790697674,0.0,0.0,69.77,100.0,0.0,30.0,75.0,46.27,47.06,83.33,0.2412591540552078,0.0449499280052211,0.0,0.6976744186046512,0.0180247930232558,0.6976744186046512,0.6976744186046512,1.162790697674419,0.0555538325581395,4.651162790697675,ST,78,33,48,36,64,94,19,44,67,75,80,94,75,84,50,55,91,12,92,89,30,50,33,70,50,50,38,89,33,34,94,66,62,81,56,44,12,41,38,67,45,53,59,53,75,33,31,34,50,91,6,31,47,56,59,88,66,72,50,47,91,12,91,91,30,50,25,69,50,50,38,89,33,34,94,66,62,81,50,31,12,25,28,59,41,47,53,53,La Liga
Elche,4yg9ttzw0m51048doksv8uq5r,5mgmcero3ui4a24v1w1upx3sa,Germán Valera,Germán Valera,24.0,Attacker,Spain,Striker,50.0,8.0,87.0,5.0,129.0,1.0,8.0,1.0,1.0,12.0,12.0,18.0,424.0,0.0,5.0,10.0,5.0,2.0,0.0,5.0,2.0,0.0,0.0,0.0,0.0,0.0,0.0,87.16,45.45,44.44,41.67,0.0,47.37,25.0,100.0,0.052827137889181,0.7294597660555132,0.0,23.0,0.6003152399999999,3.0,5.0,13.0,1.3276721100000002,48.0,10.61320754716981,1.6981132075471697,18.46698113207547,1.0613207547169812,27.382075471698112,0.2122641509433962,1.6981132075471697,0.2122641509433962,0.2122641509433962,2.547169811320755,2.547169811320755,3.820754716981132,0.0,1.0613207547169812,2.1226415094339623,1.0613207547169812,0.4245283018867924,0.0,1.0613207547169812,0.4245283018867924,0.0,0.0,0.0,0.0,0.0,0.0,87.16,45.45,44.44,41.67,0.0,47.37,25.0,100.0,0.0112133075708167,0.1548381578891419,0.0,4.882075471698113,0.1274254047169811,0.6367924528301887,1.0613207547169812,2.759433962264151,0.2818171931603774,10.18867924528302,LW,75,100,75,75,83,67,83,12,17,58,50,62,17,17,79,42,38,12,79,62,42,54,25,38,54,54,75,33,100,33,17,58,58,92,17,83,12,92,83,54,67,88,92,83,75,100,67,75,83,50,75,8,8,42,25,42,17,17,75,33,25,12,67,58,42,54,25,38,54,54,75,33,100,33,17,58,58,92,17,75,12,83,75,42,50,83,83,83,La Liga
Elche,4yg9ttzw0m51048doksv8uq5r,8921la7pznfjc4e69ul2pqmms,Javier Morcillo,Javier Morcillo,20.0,Midfielder,Spain,Midfielder,51.0,0.0,33.0,2.0,84.0,1.0,0.0,0.0,0.0,0.0,0.0,8.0,217.0,0.0,0.0,0.0,0.0,6.0,0.0,7.0,4.0,0.0,0.0,0.0,0.0,0.0,0.0,93.33,66.67,0.0,0.0,0.0,53.33,50.0,85.71,0.0,0.0,0.0,0.0,0.0,0.0,0.0,0.0,0.0,0.0,21.152073732718897,0.0,13.68663594470046,0.8294930875576038,34.83870967741936,0.4147465437788019,0.0,0.0,0.0,0.0,0.0,3.317972350230415,0.0,0.0,0.0,0.0,2.4884792626728114,0.0,2.903225806451613,1.6589861751152075,0.0,0.0,0.0,0.0,0.0,0.0,93.33,66.67,0.0,0.0,0.0,53.33,50.0,85.71,0.0,0.0,0.0,0.0,0.0,0.0,0.0,0.0,0.0,0.0,CM,100,50,50,50,50,75,50,50,50,50,50,50,50,50,50,50,100,50,100,100,75,75,50,75,75,75,100,100,50,50,50,100,100,100,50,50,50,50,50,50,50,50,50,50,100,50,50,50,50,100,50,50,50,50,50,50,50,50,50,50,100,50,100,100,75,75,50,75,75,75,100,100,50,50,50,100,100,100,50,50,50,50,50,50,50,50,50,50,La Liga
Elche,4yg9ttzw0m51048doksv8uq5r,8nbnru9t2qxaotxw0hiaocdt5,Víctor Chust,Víctor Chust,26.0,Defender,Spain,Defender,196.0,1.0,132.0,36.0,327.0,9.0,3.0,3.0,2.0,1.0,1.0,16.0,450.0,1.0,2.0,0.0,1.0,4.0,1.0,10.0,5.0,1.0,0.0,0.0,0.0,0.0,0.0,91.34,73.47,16.67,100.0,33.33,59.26,64.29,66.67,0.3251236805659657,0.3348168949133582,0.0,11.0,0.21309479,5.0,27.0,23.0,0.6144338399999998,202.0,39.2,0.2,26.4,7.2,65.4,1.8,0.6,0.6,0.4,0.2,0.2,3.2,0.2,0.4,0.0,0.2,0.8,0.2,2.0,1.0,0.2,0.0,0.0,0.0,0.0,0.0,91.34,73.47,16.67,100.0,33.33,59.26,64.29,66.67,0.0650247361131931,0.0669633789826716,0.0,2.2,0.042618958,1.0,5.4,4.6,0.1228867679999999,40.4,CB,87,84,95,100,95,79,95,68,64,47,47,55,68,37,11,63,58,74,17,64,99,41,39,39,51,51,71,97,79,88,70,57,71,64,71,97,36,97,95,96,88,80,87,95,76,78,87,100,79,55,89,58,49,30,30,29,51,29,11,54,45,63,12,42,97,41,39,39,51,51,71,97,79,88,70,57,71,64,53,95,36,87,87,83,84,76,79,82,La Liga
Elche,4yg9ttzw0m51048doksv8uq5r,9drh3w3emxjf6aah8pstsdgr8,F. Buonanotte,Facundo Buonanotte,21.0,Midfielder,Argentina,Midfielder,22.0,1.0,33.0,1.0,54.0,0.0,1.0,8.0,3.0,5.0,8.0,11.0,219.0,4.0,7.0,2.0,3.0,3.0,5.0,2.0,3.0,0.0,0.0,1.0,1.0,0.0,0.0,72.97,33.33,16.67,60.0,50.0,36.67,0.0,50.0,0.4708505765416642,0.0796196263772734,3.0,5.0,0.11052802,4.0,4.0,3.0,0.10109952,21.0,9.04109589041096,0.4109589041095891,13.56164383561644,0.4109589041095891,22.19178082191781,0.0,0.4109589041095891,3.2876712328767126,1.2328767123287672,2.054794520547945,3.2876712328767126,4.52054794520548,1.6438356164383563,2.876712328767124,0.8219178082191781,1.2328767123287672,1.2328767123287672,2.054794520547945,0.8219178082191781,1.2328767123287672,0.0,0.0,0.4109589041095891,0.4109589041095891,0.0,0.0,72.97,33.33,16.67,60.0,50.0,36.67,0.0,50.0,0.1935002369349305,0.0327203944016192,1.2328767123287672,2.054794520547945,0.0454224739726027,1.6438356164383563,1.6438356164383563,1.2328767123287672,0.0415477479452054,8.63013698630137,RM/RCM,20,100,20,40,20,20,30,100,80,80,100,60,100,80,90,90,40,90,60,60,40,60,50,100,60,60,20,40,100,60,70,40,40,40,100,40,80,30,20,60,20,20,20,20,20,100,20,40,20,20,40,100,100,100,100,100,100,100,100,100,60,100,60,80,40,60,60,100,60,60,20,40,100,60,70,40,40,40,100,40,100,40,20,80,20,20,20,20,La Liga
Elche,4yg9ttzw0m51048doksv8uq5r,anzk8a183bh3gf3gcuz0v0tuc,Buba Sangaré,Buba Sangaré,19.0,Defender,Spain,Defender,60.0,0.0,65.0,2.0,125.0,2.0,1.0,1.0,0.0,10.0,10.0,16.0,435.0,1.0,2.0,2.0,2.0,9.0,1.0,14.0,2.0,0.0,0.0,0.0,1.0,0.0,0.0,85.03,25.0,0.0,20.0,100.0,44.44,40.0,90.0,0.0614205850554765,0.0430068733398842,0.0,6.0,0.13995471,6.0,7.0,9.0,0.22050278,50.0,12.413793103448276,0.0,13.448275862068966,0.4137931034482759,25.86206896551724,0.4137931034482759,0.2068965517241379,0.2068965517241379,0.0,2.0689655172413794,2.0689655172413794,3.310344827586208,0.2068965517241379,0.4137931034482759,0.4137931034482759,0.4137931034482759,1.862068965517241,0.2068965517241379,2.896551724137931,0.4137931034482759,0.0,0.0,0.0,0.2068965517241379,0.0,0.0,85.03,25.0,0.0,20.0,100.0,44.44,40.0,90.0,0.0127077072528572,0.0088979737944588,0.0,1.2413793103448276,0.0289561468965517,1.2413793103448276,1.4482758620689655,1.862068965517241,0.0456212648275862,10.344827586206897,RB/RCB,53,21,68,16,58,45,21,26,24,79,74,37,63,18,34,50,92,61,63,18,47,47,32,97,53,53,68,26,21,32,95,18,55,95,26,11,24,58,58,82,45,58,16,47,37,21,42,11,32,42,21,11,24,79,74,21,53,16,32,47,79,47,63,11,47,47,32,95,53,53,68,26,21,32,95,18,55,95,16,11,24,42,47,79,39,58,5,47,La Liga
Elche,4yg9ttzw0m51048doksv8uq5r,b8yk8yve4u39s9gjjvedzf6l0,F. Redondo,Federico Redondo,23.0,Midfielder,Argentina,Midfielder,110.0,0.0,35.0,7.0,145.0,1.0,2.0,1.0,1.0,1.0,1.0,13.0,231.0,0.0,2.0,3.0,0.0,5.0,0.0,8.0,7.0,0.0,0.0,1.0,0.0,0.0,0.0,92.36,58.33,0.0,0.0,0.0,65.0,50.0,55.56,0.1566288779762186,0.0643941948940562,0.0,1.0,0.01685596,0.0,5.0,6.0,0.1691639899999999,86.0,42.85714285714285,0.0,13.636363636363637,2.727272727272727,56.49350649350649,0.3896103896103896,0.7792207792207791,0.3896103896103896,0.3896103896103896,0.3896103896103896,0.3896103896103896,5.064935064935065,0.0,0.7792207792207791,1.1688311688311688,0.0,1.948051948051948,0.0,3.1168831168831166,2.727272727272727,0.0,0.0,0.3896103896103896,0.0,0.0,0.0,92.36,58.33,0.0,0.0,0.0,65.0,50.0,55.56,0.0610242381725526,0.0250886473613205,0.0,0.3896103896103896,0.0065672571428571,0.0,1.948051948051948,2.3376623376623376,0.065908048051948,33.506493506493506,DM/CM,81,34,3,46,23,29,49,33,60,23,20,31,34,39,44,9,73,20,76,80,43,51,71,47,51,51,80,49,34,9,34,86,71,60,49,31,29,6,6,9,6,14,14,40,97,34,6,60,71,34,57,43,74,31,26,71,34,51,73,9,91,20,89,94,43,51,83,47,51,51,80,49,34,9,34,86,71,60,71,40,29,6,6,9,6,26,31,86,La Liga
Elche,4yg9ttzw0m51048doksv8uq5r,bh4a2zneilpvi1t7etuhkfl61,Gonzalo Villar,Gonzalo Villar,28.0,Midfielder,Spain,Midfielder,102.0,5.0,125.0,5.0,222.0,4.0,6.0,4.0,2.0,9.0,9.0,35.0,423.0,3.0,10.0,17.0,5.0,5.0,2.0,2.0,3.0,1.0,0.0,1.0,0.0,0.0,0.0,86.72,41.67,50.0,55.56,75.0,59.32,36.36,50.0,0.317853170435763,0.7770618807906897,1.0,8.0,0.1998819,7.0,14.0,15.0,0.8063941499999997,95.0,21.70212765957447,1.0638297872340423,26.595744680851062,1.0638297872340423,47.234042553191486,0.851063829787234,1.276595744680851,0.851063829787234,0.425531914893617,1.9148936170212765,1.9148936170212765,7.446808510638298,0.6382978723404255,2.127659574468085,3.617021276595744,1.0638297872340423,1.0638297872340423,0.425531914893617,0.425531914893617,0.6382978723404255,0.2127659574468085,0.0,0.2127659574468085,0.0,0.0,0.0,86.72,41.67,50.0,55.56,75.0,59.32,36.36,50.0,0.0676283341352687,0.1653323150618488,0.2127659574468085,1.702127659574468,0.0425280638297872,1.4893617021276595,2.978723404255319,3.191489361702128,0.1715732234042552,20.21276595744681,CM/AM,97,79,86,52,93,81,47,31,36,66,62,97,66,55,100,66,83,40,60,74,72,52,47,26,48,52,72,34,90,60,95,93,59,33,24,72,26,47,41,78,66,57,93,79,90,66,76,45,83,71,34,14,21,52,41,93,45,41,97,48,64,34,52,69,59,52,34,26,48,52,72,34,90,60,95,93,59,33,10,55,14,34,31,69,48,45,79,72,La Liga
Barcelona,agh9ifb2mw3ivjusgedj7c3fe,1av9mmv19jwvc4xdr0p9owyxh,A. Christensen,Andreas Christensen,30.0,Defender,Denmark,Defender,168.0,0.0,68.0,1.0,236.0,8.0,0.0,1.0,1.0,1.0,1.0,11.0,253.0,0.0,2.0,1.0,0.0,2.0,0.0,15.0,6.0,0.0,1.0,0.0,0.0,0.0,0.0,98.33,100.0,0.0,0.0,0.0,55.0,66.67,100.0,0.1498625705045307,0.0,0.0,3.0,0.06499357,3.0,10.0,9.0,0.2459124,164.0,59.762845849802375,0.0,24.189723320158105,0.3557312252964427,83.95256916996048,2.845849802371541,0.0,0.3557312252964427,0.3557312252964427,0.3557312252964427,0.3557312252964427,3.91304347826087,0.0,0.7114624505928854,0.3557312252964427,0.0,0.7114624505928854,0.0,5.335968379446641,2.134387351778656,0.0,0.3557312252964427,0.0,0.0,0.0,0.0,98.33,100.0,0.0,0.0,0.0,55.0,66.67,100.0,0.0533107958316512,0.0,0.0,1.067193675889328,0.0231202422924901,1.067193675889328,3.557312252964427,3.2015810276679844,0.0874787193675889,58.33992094861661,CB,74,38,66,5,72,67,14,33,41,47,47,20,25,37,34,26,26,32,34,76,49,89,39,39,51,51,100,100,38,26,25,41,74,99,39,18,36,58,61,83,43,37,39,84,97,38,79,5,97,92,14,32,45,58,58,39,25,53,39,26,37,32,66,97,49,95,39,39,51,51,100,100,38,26,25,41,74,99,42,18,36,63,66,87,63,47,66,95,La Liga
Barcelona,agh9ifb2mw3ivjusgedj7c3fe,1jpq7xvsg1xh51ff03qukrj84,Xavi Espart,Xavi Espart,19.0,Defender,Spain,Defender,101.0,1.0,113.0,5.0,213.0,6.0,4.0,4.0,3.0,9.0,9.0,34.0,440.0,2.0,7.0,3.0,5.0,9.0,1.0,15.0,7.0,2.0,0.0,0.0,1.0,0.0,0.0,86.59,35.71,25.0,55.56,50.0,64.15,60.0,45.0,0.4015443399152604,0.4653690449360081,1.0,10.0,0.24748089,2.0,17.0,12.0,0.4175433300000002,99.0,20.659090909090907,0.2045454545454545,23.113636363636363,1.0227272727272727,43.56818181818181,1.227272727272727,0.8181818181818181,0.8181818181818181,0.6136363636363635,1.8409090909090908,1.8409090909090908,6.954545454545454,0.409090909090909,1.4318181818181817,0.6136363636363635,1.0227272727272727,1.8409090909090908,0.2045454545454545,3.068181818181818,1.4318181818181817,0.409090909090909,0.0,0.0,0.2045454545454545,0.0,0.0,86.59,35.71,25.0,55.56,50.0,64.15,60.0,45.0,0.0821340695281214,0.0951891228278198,0.2045454545454545,2.0454545454545454,0.0506210911363636,0.409090909090909,3.477272727272727,2.454545454545454,0.0854065902272727,20.25,LB/LCB,75,52,88,40,88,65,77,83,92,81,77,96,96,75,46,77,79,65,71,81,98,48,29,96,52,52,67,42,73,67,88,79,67,17,96,88,67,79,83,38,71,46,50,79,58,46,71,38,71,50,71,88,83,62,58,96,92,67,38,71,75,58,62,71,100,48,29,92,52,52,67,42,73,67,88,79,67,17,88,71,58,67,67,29,54,33,29,58,La Liga
Barcelona,agh9ifb2mw3ivjusgedj7c3fe,2wl6h1rlrfnn2mr65vuo3t815,Raphinha,Raphael Dias Belloli,29.0,Attacker,Brazil,Striker,42.0,5.0,87.0,3.0,124.0,1.0,13.0,15.0,11.0,11.0,12.0,15.0,409.0,9.0,30.0,3.0,9.0,1.0,4.0,2.0,0.0,3.0,0.0,4.0,6.0,0.0,0.0,83.78,37.5,41.67,81.82,60.0,51.72,20.0,50.0,2.1428612852759543,1.3306659677835884,2.0,15.0,0.53995662,7.0,3.0,12.0,0.72698086,40.0,9.242053789731052,1.1002444987775062,19.144254278728607,0.6601466992665037,27.28606356968216,0.2200488997555012,2.860635696821516,3.3007334963325183,2.4205378973105134,2.4205378973105134,2.640586797066015,3.3007334963325183,1.9804400977995111,6.601466992665037,0.6601466992665037,1.9804400977995111,0.2200488997555012,0.880195599022005,0.4400977995110025,0.0,0.6601466992665037,0.0,0.880195599022005,1.3202933985330074,0.0,0.0,83.78,37.5,41.67,81.82,60.0,51.72,20.0,50.0,0.471534268153633,0.2928115821528678,0.4400977995110025,3.3007334963325183,0.1188168601466992,1.5403422982885089,0.6601466992665037,2.640586797066015,0.159971338386308,8.80195599022005,ST,94,98,97,69,97,17,100,89,83,84,86,42,89,91,25,94,36,78,47,31,98,50,92,97,50,50,91,34,75,100,84,78,22,42,91,100,50,97,97,92,45,84,94,81,84,97,91,62,88,9,100,72,69,62,66,9,88,88,16,94,28,75,38,31,97,50,84,94,50,50,91,34,75,100,84,78,22,42,88,97,38,91,97,88,38,78,88,75,La Liga
Barcelona,agh9ifb2mw3ivjusgedj7c3fe,4et6r42e7q2ojgaumwnua2kgk,Marc Bernal,Marc Bernal,19.0,Midfielder,Spain,Midfielder,63.0,0.0,88.0,6.0,151.0,5.0,7.0,3.0,1.0,7.0,7.0,23.0,259.0,1.0,4.0,1.0,4.0,4.0,2.0,7.0,4.0,2.0,0.0,0.0,0.0,0.0,0.0,88.3,60.0,0.0,57.14,33.33,60.53,62.5,30.77,0.2694432019745786,0.6345156337805248,1.0,7.0,0.179169,2.0,16.0,11.0,0.30020956,71.0,21.89189189189189,0.0,30.57915057915058,2.0849420849420848,52.47104247104247,1.7374517374517375,2.4324324324324325,1.0424710424710424,0.3474903474903475,2.4324324324324325,2.4324324324324325,7.992277992277993,0.3474903474903475,1.38996138996139,0.3474903474903475,1.38996138996139,1.38996138996139,0.694980694980695,2.4324324324324325,1.38996138996139,0.694980694980695,0.0,0.0,0.0,0.0,0.0,88.3,60.0,0.0,57.14,33.33,60.53,62.5,30.77,0.0936289118830582,0.2204880580704526,0.3474903474903475,2.4324324324324325,0.062259498069498,0.694980694980695,5.55984555984556,3.8223938223938223,0.1043199243243243,24.67181467181468,DM/CM,23,34,40,36,29,89,94,66,60,91,91,83,79,73,10,90,56,73,63,54,97,51,29,47,51,51,43,53,34,40,74,77,90,9,83,97,64,60,71,44,43,41,43,26,46,34,74,43,60,97,97,91,69,97,94,100,89,86,11,94,66,86,71,63,100,51,29,47,51,51,43,53,34,40,74,77,90,9,97,97,71,74,80,54,77,54,66,46,La Liga
Barcelona,agh9ifb2mw3ivjusgedj7c3fe,4ftlhtels58lyzfluwofzwxuy,Pedri,Pedro González López,23.0,Midfielder,Spain,Midfielder,105.0,1.0,179.0,11.0,283.0,0.0,5.0,4.0,3.0,5.0,5.0,15.0,355.0,1.0,11.0,5.0,3.0,4.0,1.0,5.0,0.0,1.0,0.0,1.0,1.0,0.0,0.0,92.18,73.33,25.0,60.0,25.0,50.0,0.0,57.14,0.4320957492206354,0.4168758947941242,0.0,23.0,0.49594502,10.0,36.0,33.0,0.7351933199999996,139.0,26.619718309859152,0.2535211267605634,45.38028169014084,2.788732394366197,71.74647887323944,0.0,1.2676056338028168,1.0140845070422535,0.7605633802816901,1.2676056338028168,1.2676056338028168,3.8028169014084505,0.2535211267605634,2.788732394366197,1.2676056338028168,0.7605633802816901,1.0140845070422535,0.2535211267605634,1.2676056338028168,0.0,0.2535211267605634,0.0,0.2535211267605634,0.2535211267605634,0.0,0.0,92.18,73.33,25.0,60.0,25.0,50.0,0.0,57.14,0.1095454012108653,0.1056868465675244,0.0,5.830985915492957,0.1257325402816901,2.535211267605633,9.126760563380282,8.366197183098592,0.1863870388732393,35.239436619718305,CM/AM,100,34,100,90,100,12,34,31,59,34,28,40,17,62,47,45,66,21,83,9,72,52,47,67,48,52,97,76,50,71,16,53,17,52,48,28,7,100,97,100,100,93,83,100,100,31,100,83,100,12,31,21,52,24,21,24,14,62,38,38,55,17,83,9,69,52,48,69,48,52,97,76,50,71,16,53,17,52,34,28,7,97,86,97,100,90,86,97,La Liga
Barcelona,agh9ifb2mw3ivjusgedj7c3fe,4ggz7e009bq3yltc9o6mifbah,Eric García,Eric García,25.0,Defender,Spain,Defender,121.0,0.0,124.0,6.0,245.0,3.0,2.0,3.0,3.0,5.0,5.0,16.0,289.0,0.0,9.0,0.0,1.0,9.0,0.0,14.0,3.0,0.0,0.0,1.0,0.0,0.0,0.0,88.77,54.55,0.0,20.0,0.0,59.26,60.0,75.0,0.2824321579077557,0.2249771128448321,0.0,3.0,0.06207,4.0,27.0,24.0,0.5401422199999999,157.0,37.68166089965398,0.0,38.6159169550173,1.868512110726644,76.29757785467127,0.9342560553633218,0.6228373702422145,0.9342560553633218,0.9342560553633218,1.5570934256055362,1.5570934256055362,4.982698961937716,0.0,2.8027681660899653,0.0,0.3114186851211072,2.8027681660899653,0.0,4.359861591695502,0.9342560553633218,0.0,0.0,0.3114186851211072,0.0,0.0,0.0,88.77,54.55,0.0,20.0,0.0,59.26,60.0,75.0,0.0879546512515502,0.0700620766644805,0.0,0.9342560553633218,0.0193297577854671,1.245674740484429,8.408304498269896,7.474048442906574,0.1682103799307958,48.89273356401384,CB,45,38,89,29,79,14,80,68,86,88,86,55,25,99,11,63,100,32,28,32,49,41,84,39,51,51,55,68,38,53,25,57,58,82,61,87,36,58,58,92,88,84,82,80,68,38,97,32,92,26,92,82,89,97,95,63,25,100,11,71,100,32,42,39,49,41,84,39,51,51,55,68,38,53,25,57,58,82,76,97,36,58,55,97,97,95,89,84,La Liga
Barcelona,agh9ifb2mw3ivjusgedj7c3fe,6l1y87tlepsvr83d8y2qifeqy,Gerard Martín,Gerard Martín,24.0,Defender,Spain,Defender,170.0,0.0,104.0,7.0,274.0,2.0,0.0,1.0,1.0,1.0,1.0,8.0,315.0,0.0,1.0,2.0,1.0,1.0,0.0,20.0,6.0,0.0,0.0,0.0,0.0,0.0,0.0,94.48,41.18,0.0,100.0,0.0,44.44,28.57,33.33,0.1506370414741328,0.0,0.0,5.0,0.11573373,6.0,25.0,26.0,0.4917938799999997,159.0,48.57142857142857,0.0,29.714285714285715,2.0,78.28571428571429,0.5714285714285714,0.0,0.2857142857142857,0.2857142857142857,0.2857142857142857,0.2857142857142857,2.2857142857142856,0.0,0.2857142857142857,0.5714285714285714,0.2857142857142857,0.2857142857142857,0.0,5.714285714285714,1.7142857142857142,0.0,0.0,0.0,0.0,0.0,0.0,94.48,41.18,0.0,100.0,0.0,44.44,28.57,33.33,0.043039154706895,0.0,0.0,1.4285714285714286,0.03306678,1.7142857142857142,7.142857142857143,7.428571428571429,0.140512537142857,45.42857142857143,LB/LCB,96,19,79,54,92,19,15,38,52,10,10,4,40,17,27,33,8,27,81,73,42,48,29,46,52,52,100,54,19,94,40,8,12,6,50,19,27,42,42,77,92,85,67,92,100,19,88,56,96,21,15,46,58,12,12,4,40,17,29,33,8,27,100,88,42,48,29,46,52,52,100,54,19,94,40,8,12,6,54,19,27,42,42,92,92,96,88,96,La Liga
Barcelona,agh9ifb2mw3ivjusgedj7c3fe,8mjj0wgufggpc1ai2dk21h90p,A. Gordon,Anthony Gordon,25.0,Attacker,England,Striker,15.0,0.0,76.0,2.0,91.0,1.0,7.0,9.0,8.0,13.0,15.0,15.0,311.0,4.0,28.0,3.0,8.0,2.0,1.0,2.0,0.0,4.0,0.0,2.0,0.0,0.0,0.0,90.1,100.0,0.0,61.54,44.44,51.72,0.0,66.67,0.8771306746359551,0.7095134609788092,4.0,21.0,0.7959920399999999,5.0,4.0,8.0,0.5408387,28.0,4.340836012861736,0.0,21.9935691318328,0.5787781350482315,26.33440514469453,0.2893890675241157,2.02572347266881,2.604501607717041,2.315112540192926,3.762057877813505,4.340836012861736,4.340836012861736,1.157556270096463,8.10289389067524,0.8681672025723473,2.315112540192926,0.5787781350482315,0.2893890675241157,0.5787781350482315,0.0,1.157556270096463,0.0,0.5787781350482315,0.0,0.0,0.0,90.1,100.0,0.0,61.54,44.44,51.72,0.0,66.67,0.2538320280296976,0.2053254388684656,1.157556270096463,6.077170418006431,0.2303513942122186,1.4469453376205788,1.157556270096463,2.315112540192926,0.1565128070739549,8.10289389067524,LW,17,17,67,33,67,67,75,79,92,67,67,50,88,88,33,83,38,29,58,21,100,54,62,38,54,54,100,96,17,75,92,75,29,38,83,75,75,83,92,83,50,58,58,54,8,17,83,25,75,75,83,75,92,83,83,58,100,83,33,92,42,25,58,21,100,54,58,38,54,54,100,96,17,75,92,75,29,38,83,83,75,92,92,83,58,67,58,67,La Liga
Barcelona,agh9ifb2mw3ivjusgedj7c3fe,abr79wsl0folgkyvl821ggs2c,Lamine Yamal,Lamine Yamal Nasraoui Ebana,19.0,Attacker,Spain,Striker,43.0,3.0,153.0,3.0,193.0,0.0,18.0,26.0,19.0,33.0,33.0,28.0,401.0,11.0,53.0,6.0,19.0,1.0,7.0,2.0,2.0,0.0,0.0,6.0,6.0,0.0,0.0,80.75,27.27,23.08,57.58,42.31,49.12,0.0,33.33,2.591113030429068,1.5388720589506015,8.0,37.0,1.1671545799999994,7.0,10.0,18.0,1.091595380000001,58.0,9.650872817955111,0.6733167082294265,34.33915211970075,0.6733167082294265,43.31670822942643,0.0,4.039900249376559,5.835411471321695,4.2643391521197005,7.406483790523691,7.406483790523691,6.284289276807979,2.468827930174564,11.895261845386534,1.346633416458853,4.2643391521197005,0.2244389027431421,1.5710723192019949,0.4488778054862842,0.4488778054862842,0.0,0.0,1.346633416458853,1.346633416458853,0.0,0.0,80.75,27.27,23.08,57.58,42.31,49.12,0.0,33.33,0.5815465654329579,0.3453827563729529,1.795511221945137,8.30423940149626,0.2619548932668327,1.5710723192019949,2.244389027431421,4.039900249376559,0.2449964693266834,13.017456359102244,RW,85,77,92,58,100,23,100,100,100,92,92,85,100,100,73,100,19,92,62,50,42,54,92,100,54,54,54,23,73,69,69,54,35,23,100,100,88,100,100,81,73,77,100,85,85,77,92,54,100,23,100,100,100,92,92,77,100,100,46,100,8,92,46,46,42,54,92,100,54,54,54,23,73,69,69,54,35,23,100,100,85,100,100,62,62,77,92,77,La Liga
Barcelona,agh9ifb2mw3ivjusgedj7c3fe,bkwxem45cf48k14euwqe7rs44,Pau Cubarsí,Pau Cubarsí,19.0,Defender,Spain,Defender,223.0,0.0,143.0,15.0,366.0,11.0,0.0,2.0,2.0,0.0,0.0,19.0,332.0,0.0,3.0,1.0,0.0,5.0,0.0,18.0,5.0,0.0,1.0,0.0,0.0,0.0,0.0,94.57,60.0,0.0,0.0,0.0,73.08,78.57,71.43,0.3620879612235213,0.0,0.0,8.0,0.15617815,3.0,30.0,23.0,0.5142421099999998,305.0,60.45180722891566,0.0,38.765060240963855,4.066265060240964,99.21686746987952,2.9819277108433733,0.0,0.5421686746987951,0.5421686746987951,0.0,0.0,5.150602409638554,0.0,0.8132530120481927,0.2710843373493976,0.0,1.355421686746988,0.0,4.879518072289156,1.355421686746988,0.0,0.2710843373493976,0.0,0.0,0.0,0.0,94.57,60.0,0.0,0.0,0.0,73.08,78.57,71.43,0.0981563750304726,0.0,0.0,2.1686746987951806,0.0423374503012048,0.8132530120481927,8.132530120481928,6.234939759036144,0.1394029816265059,82.68072289156626,CB,100,38,100,83,100,95,14,50,64,14,14,71,25,55,34,26,71,32,55,64,49,89,39,39,51,51,89,79,38,26,25,87,95,76,76,18,36,89,87,83,96,80,79,100,100,38,100,87,100,95,14,53,68,14,14,76,25,58,32,26,76,32,58,66,49,92,39,39,51,51,89,79,38,26,25,87,95,76,82,18,36,84,84,76,95,87,82,100,La Liga
Barcelona,agh9ifb2mw3ivjusgedj7c3fe,cjll1xrw3xulnl23c9tlf6rys,Fermín López,Fermín López,23.0,Midfielder,Spain,Midfielder,50.0,3.0,108.0,4.0,155.0,2.0,8.0,11.0,9.0,9.0,10.0,20.0,371.0,8.0,25.0,6.0,6.0,4.0,2.0,1.0,2.0,2.0,0.0,2.0,4.0,0.0,0.0,84.24,40.0,42.86,66.67,72.73,47.62,50.0,66.67,1.490624168665743,0.9334380299081269,3.0,6.0,0.1670852,2.0,16.0,17.0,0.7453082200000001,70.0,12.129380053908356,0.7277628032345014,26.19946091644205,0.9703504043126686,37.60107816711591,0.4851752021563343,1.9407008086253368,2.6684636118598384,2.183288409703504,2.183288409703504,2.425876010781672,4.851752021563343,1.9407008086253368,6.064690026954178,1.4555256064690028,1.4555256064690028,0.9703504043126686,0.4851752021563343,0.2425876010781671,0.4851752021563343,0.4851752021563343,0.0,0.4851752021563343,0.9703504043126686,0.0,0.0,84.24,40.0,42.86,66.67,72.73,47.62,50.0,66.67,0.3616069411857598,0.2264404924305429,0.7277628032345014,1.4555256064690028,0.0405327978436657,0.4851752021563343,3.8814016172506745,4.123989218328841,0.1808025331536388,16.9811320754717,CM/AM,66,53,78,40,72,52,72,78,88,66,72,62,100,93,59,76,66,40,36,60,93,52,71,100,48,52,52,29,79,86,90,38,86,60,90,90,67,36,34,21,69,69,86,66,48,55,72,41,59,52,69,69,90,59,62,48,100,97,45,72,52,38,28,66,93,52,69,100,48,52,52,29,79,86,90,38,86,60,97,83,72,24,28,17,66,59,83,55,La Liga
Barcelona,agh9ifb2mw3ivjusgedj7c3fe,dqfk7czrayirrvonirtk2mk15,Rodri,Rodrigo Hernández Cascante,30.0,Midfielder,Spain,Midfielder,103.0,0.0,143.0,19.0,246.0,1.0,2.0,1.0,1.0,2.0,2.0,10.0,205.0,0.0,5.0,2.0,1.0,3.0,0.0,6.0,4.0,0.0,0.0,0.0,0.0,0.0,0.0,95.72,100.0,0.0,50.0,0.0,62.5,33.33,50.0,0.1478946196984239,0.061998712884876,0.0,14.0,0.28734152,5.0,26.0,16.0,0.3335677,152.0,45.21951219512195,0.0,62.78048780487805,8.341463414634147,108.0,0.4390243902439024,0.8780487804878049,0.4390243902439024,0.4390243902439024,0.8780487804878049,0.8780487804878049,4.390243902439025,0.0,2.1951219512195124,0.8780487804878049,0.4390243902439024,1.3170731707317074,0.0,2.6341463414634148,1.7560975609756098,0.0,0.0,0.0,0.0,0.0,0.0,95.72,100.0,0.0,50.0,0.0,62.5,33.33,50.0,0.0649293452334544,0.0272189471201894,0.0,6.146341463414634,0.1261499356097561,2.1951219512195124,11.414634146341465,7.024390243902439,0.1464443560975609,66.73170731707317,DM/CM,74,34,91,90,91,29,49,33,60,43,39,10,34,83,27,36,34,20,51,54,43,51,29,47,51,51,100,99,34,31,34,80,47,40,46,23,29,93,89,80,89,61,49,97,100,34,100,100,100,40,66,49,83,66,63,54,34,94,46,57,63,20,77,74,43,51,29,47,51,51,100,99,34,31,34,80,47,40,77,46,29,100,100,97,100,94,91,100,La Liga
Getafe,1n1j0wsl763lq7ee1k0c11c02,1riebanoqbl7brs1bm3lkgxlg,Mario Martín,Mario Martín,22.0,Midfielder,Spain,Midfielder,24.0,0.0,38.0,8.0,62.0,3.0,1.0,4.0,2.0,2.0,2.0,15.0,246.0,1.0,4.0,8.0,0.0,0.0,2.0,3.0,2.0,0.0,0.0,0.0,0.0,0.0,0.0,77.5,88.89,0.0,0.0,25.0,38.46,25.0,0.0,0.362743639435984,0.0,1.0,3.0,0.05948466,0.0,2.0,2.0,0.05129505,24.0,8.78048780487805,0.0,13.902439024390244,2.926829268292683,22.682926829268293,1.0975609756097562,0.3658536585365853,1.4634146341463414,0.7317073170731707,0.7317073170731707,0.7317073170731707,5.48780487804878,0.3658536585365853,1.4634146341463414,2.926829268292683,0.0,0.0,0.7317073170731707,1.0975609756097562,0.7317073170731707,0.0,0.0,0.0,0.0,0.0,0.0,77.5,88.89,0.0,0.0,25.0,38.46,25.0,0.0,0.1327110875985307,0.0,0.3658536585365853,1.0975609756097562,0.0217626804878048,0.0,0.7317073170731707,0.7317073170731707,0.018766481707317,8.78048780487805,CM/AM,24,14,10,74,10,69,9,31,36,5,5,40,17,28,74,5,5,40,71,60,29,52,17,26,48,52,17,90,14,5,16,19,38,5,31,5,26,7,3,3,14,5,3,14,34,14,24,86,24,86,10,47,45,7,7,69,24,28,93,5,5,48,79,76,29,52,17,26,48,52,17,90,14,5,16,19,38,5,48,5,33,14,10,3,14,7,3,14,La Liga
Getafe,1n1j0wsl763lq7ee1k0c11c02,20ebw399jhbq0i5x2eacrrs6i,Ramón Terrats,Ramón Terrats,25.0,Midfielder,Spain,Midfielder,33.0,3.0,76.0,6.0,106.0,6.0,6.0,15.0,9.0,14.0,17.0,33.0,442.0,4.0,11.0,13.0,8.0,2.0,6.0,7.0,2.0,0.0,0.0,0.0,1.0,0.0,0.0,77.37,33.33,21.43,57.14,26.67,61.11,60.0,33.33,1.4901942505199794,0.5713498189972496,6.0,12.0,0.28839173,8.0,13.0,17.0,0.6313269200000002,57.0,6.71945701357466,0.6108597285067873,15.475113122171944,1.2217194570135743,21.583710407239817,1.2217194570135743,1.2217194570135743,3.0542986425339365,1.832579185520362,2.850678733031674,3.461538461538461,6.71945701357466,0.8144796380090498,2.239819004524887,2.647058823529412,1.6289592760180995,0.4072398190045249,1.2217194570135743,1.425339366515837,0.4072398190045249,0.0,0.0,0.0,0.2036199095022624,0.0,0.0,77.37,33.33,21.43,57.14,26.67,61.11,60.0,33.33,0.30343321843167,0.1163381984383539,1.2217194570135743,2.443438914027149,0.0587222979638009,1.6289592760180995,2.647058823529412,3.461538461538461,0.1285507303167421,11.60633484162896,CM/AM,36,53,55,60,52,97,47,97,88,86,91,93,83,62,97,86,24,91,95,60,29,52,17,67,48,52,14,14,45,66,22,98,97,12,86,45,97,69,66,90,59,69,72,62,21,48,34,52,17,90,28,86,83,69,76,83,55,52,90,79,10,76,90,45,29,52,17,52,48,52,14,14,45,66,22,98,97,12,86,31,90,52,48,76,34,48,55,38,La Liga
Getafe,1n1j0wsl763lq7ee1k0c11c02,95uxoznu15m2xywirv43rcmol,O. Mangala,Orel Mangala,28.0,Midfielder,Belgium,Midfielder,48.0,0.0,89.0,6.0,137.0,3.0,2.0,3.0,2.0,4.0,4.0,15.0,448.0,0.0,4.0,5.0,3.0,2.0,1.0,6.0,10.0,0.0,0.0,2.0,0.0,0.0,0.0,89.54,85.71,0.0,75.0,0.0,44.12,60.0,50.0,0.2516531536038395,0.0442935786419289,1.0,13.0,0.27475571,5.0,15.0,10.0,0.2160014499999999,74.0,9.642857142857142,0.0,17.879464285714285,1.2053571428571428,27.522321428571427,0.6026785714285714,0.4017857142857143,0.6026785714285714,0.4017857142857143,0.8035714285714286,0.8035714285714286,3.013392857142857,0.0,0.8035714285714286,1.0044642857142856,0.6026785714285714,0.4017857142857143,0.2008928571428571,1.2053571428571428,2.008928571428571,0.0,0.0,0.4017857142857143,0.0,0.0,0.0,89.54,85.71,0.0,75.0,0.0,44.12,60.0,50.0,0.0505553210364856,0.0088982635664589,0.2008928571428571,2.611607142857143,0.0551964595982142,1.0044642857142856,3.013392857142857,2.008928571428571,0.0433931484374999,14.866071428571429,DM/CM,11,34,46,36,17,59,49,66,89,71,67,46,34,73,77,81,14,53,51,89,43,51,91,47,51,51,57,91,34,63,34,27,86,40,71,11,64,87,86,80,37,33,20,29,3,34,23,26,6,54,43,57,77,57,53,14,34,57,60,77,9,40,46,80,43,51,89,47,51,51,57,91,34,63,34,27,86,40,57,11,57,80,74,69,23,17,6,14,La Liga
Getafe,1n1j0wsl763lq7ee1k0c11c02,9see13i1f0n1ju4uhs8sijutx,D. Dakonam,Djené Dakonam,34.0,Defender,Togo,Defender,101.0,2.0,57.0,14.0,156.0,4.0,1.0,0.0,0.0,1.0,1.0,12.0,441.0,0.0,0.0,1.0,1.0,5.0,0.0,16.0,8.0,0.0,0.0,0.0,0.0,0.0,0.0,80.83,32.56,66.67,100.0,0.0,50.0,40.0,83.33,0.0,0.1128105776997803,0.0,1.0,0.0199707,0.0,7.0,6.0,0.2496693699999999,85.0,20.612244897959183,0.4081632653061224,11.63265306122449,2.8571428571428568,31.83673469387755,0.8163265306122448,0.2040816326530612,0.0,0.0,0.2040816326530612,0.2040816326530612,2.4489795918367343,0.0,0.0,0.2040816326530612,0.2040816326530612,1.020408163265306,0.0,3.265306122448979,1.6326530612244896,0.0,0.0,0.0,0.0,0.0,0.0,80.83,32.56,66.67,100.0,0.0,50.0,40.0,83.33,0.0,0.0230225668775061,0.0,0.2040816326530612,0.0040756530612244,0.0,1.4285714285714284,1.2244897959183672,0.0509529326530612,17.346938775510203,CB,34,95,42,76,36,25,49,13,16,47,47,28,25,8,34,63,71,32,42,96,49,41,39,39,51,51,11,16,92,88,25,25,25,93,13,68,36,25,29,24,29,18,42,39,21,95,16,63,16,21,42,13,16,34,34,11,25,8,24,58,55,32,18,84,49,41,39,39,51,51,11,16,92,88,25,25,25,93,13,58,36,18,21,24,21,13,16,21,La Liga
Getafe,1n1j0wsl763lq7ee1k0c11c02,awifojlj7tvikhdfqftwhco44,Andrés García,Andrés García,23.0,Defender,Spain,Defender,39.0,2.0,48.0,5.0,85.0,0.0,3.0,3.0,1.0,7.0,7.0,14.0,313.0,0.0,7.0,1.0,4.0,7.0,2.0,6.0,2.0,0.0,0.0,0.0,0.0,0.0,0.0,85.0,45.45,15.38,57.14,0.0,56.0,0.0,77.78,0.1897241706294319,0.1818285455197189,2.0,6.0,0.12910858,3.0,3.0,5.0,0.17701664,21.0,11.21405750798722,0.5750798722044729,13.801916932907348,1.437699680511182,24.44089456869009,0.0,0.8626198083067093,0.8626198083067093,0.2875399361022364,2.012779552715655,2.012779552715655,4.02555910543131,0.0,2.012779552715655,0.2875399361022364,1.1501597444089458,2.012779552715655,0.5750798722044729,1.7252396166134183,0.5750798722044729,0.0,0.0,0.0,0.0,0.0,0.0,85.0,45.45,15.38,57.14,0.0,56.0,0.0,77.78,0.0545532758998366,0.0522829683603025,0.5750798722044729,1.7252396166134183,0.0371238728434504,0.8626198083067093,0.8626198083067093,1.437699680511182,0.0508993533546325,6.038338658146965,RB/RCB,16,76,18,61,16,11,68,76,58,66,61,32,26,63,16,71,68,87,24,18,47,47,32,47,53,53,63,63,68,66,26,74,16,76,58,47,95,58,53,66,8,21,5,5,21,79,53,68,26,11,79,84,58,74,68,47,26,63,21,79,84,95,21,26,47,47,32,47,53,53,63,63,68,66,26,74,16,76,74,53,100,74,63,68,11,21,11,11,La Liga
Getafe,1n1j0wsl763lq7ee1k0c11c02,b64p21hmhsqgrn6n04mk00zpx,E. Ünal,Enes Ünal,29.0,Attacker,Türkiye,Striker,13.0,1.0,35.0,1.0,47.0,17.0,4.0,7.0,5.0,7.0,7.0,27.0,405.0,1.0,21.0,4.0,0.0,5.0,2.0,1.0,0.0,0.0,0.0,1.0,1.0,0.0,0.0,59.49,100.0,25.0,0.0,14.29,44.26,62.96,71.43,0.8001750643846679,0.2301489726615473,2.0,1.0,0.01935132,1.0,2.0,2.0,0.0707839799999999,18.0,2.888888888888889,0.2222222222222222,7.777777777777778,0.2222222222222222,10.444444444444445,3.7777777777777777,0.8888888888888888,1.5555555555555556,1.1111111111111112,1.5555555555555556,1.5555555555555556,6.0,0.2222222222222222,4.666666666666667,0.8888888888888888,0.0,1.1111111111111112,0.4444444444444444,0.2222222222222222,0.0,0.0,0.0,0.2222222222222222,0.2222222222222222,0.0,0.0,59.49,100.0,25.0,0.0,14.29,44.26,62.96,71.43,0.1778166809743706,0.0511442161470105,0.4444444444444444,0.2222222222222222,0.0043002933333333,0.2222222222222222,0.4444444444444444,0.4444444444444444,0.0157297733333333,4.0,ST,30,75,53,36,39,97,61,31,36,50,47,88,16,80,39,6,91,52,28,31,30,50,33,48,50,50,12,89,70,6,12,53,88,66,38,47,50,11,9,20,30,25,22,48,19,69,38,31,25,94,47,19,28,34,31,75,12,56,25,6,88,44,19,31,30,50,22,38,50,50,12,89,70,6,12,53,88,66,25,38,41,9,9,9,25,22,16,34,La Liga
Getafe,1n1j0wsl763lq7ee1k0c11c02,buglwgk2hthoyqt1ocghya92i,Z. Romero,Zaid Romero,26.0,Defender,Argentina,Defender,73.0,0.0,59.0,10.0,132.0,8.0,0.0,1.0,1.0,8.0,8.0,21.0,337.0,0.0,3.0,3.0,6.0,3.0,0.0,21.0,7.0,0.0,0.0,1.0,0.0,0.0,0.0,83.02,40.0,0.0,75.0,0.0,56.76,66.67,75.0,0.078000992845589,0.0,1.0,5.0,0.09173741,3.0,6.0,5.0,0.13160597,52.0,19.495548961424333,0.0,15.756676557863502,2.6706231454005933,35.25222551928783,2.136498516320475,0.0,0.2670623145400593,0.2670623145400593,2.136498516320475,2.136498516320475,5.608308605341247,0.0,0.8011869436201781,0.8011869436201781,1.602373887240356,0.8011869436201781,0.0,5.608308605341247,1.869436201780416,0.0,0.0,0.2670623145400593,0.0,0.0,0.0,83.02,40.0,0.0,75.0,0.0,56.76,66.67,75.0,0.0208311256857656,0.0,0.2670623145400593,1.3353115727002969,0.0244996050445103,0.8011869436201781,1.602373887240356,1.3353115727002969,0.0351469949554896,13.887240356083089,LB/LCB,56,19,31,73,42,88,15,38,52,71,69,56,40,40,46,90,31,27,88,81,42,48,75,46,52,52,42,50,19,81,40,62,77,71,42,19,67,42,33,54,23,10,8,27,54,19,38,83,38,88,15,42,50,75,75,79,40,38,46,92,29,27,92,92,42,48,83,46,52,52,42,50,19,81,40,62,77,71,42,19,71,38,38,58,21,17,8,33,La Liga
Getafe,1n1j0wsl763lq7ee1k0c11c02,c68syh6axbkqmcmvrpumqb8mi,M. Satriano,Martín Satriano,25.0,Attacker,Uruguay,Striker,20.0,0.0,39.0,1.0,59.0,8.0,4.0,12.0,5.0,16.0,16.0,25.0,410.0,3.0,16.0,9.0,5.0,0.0,7.0,5.0,1.0,0.0,0.0,3.0,1.0,0.0,0.0,64.84,33.33,0.0,31.25,25.0,39.06,40.0,0.0,0.9967664925824676,0.3256403591370697,7.0,4.0,0.09621869,4.0,7.0,3.0,0.2179718399999998,21.0,4.390243902439025,0.0,8.560975609756097,0.2195121951219512,12.951219512195122,1.7560975609756098,0.8780487804878049,2.6341463414634148,1.0975609756097562,3.5121951219512195,3.5121951219512195,5.487804878048781,0.6585365853658537,3.5121951219512195,1.975609756097561,1.0975609756097562,0.0,1.5365853658536586,1.0975609756097562,0.2195121951219512,0.0,0.0,0.6585365853658537,0.2195121951219512,0.0,0.0,64.84,33.33,0.0,31.25,25.0,39.06,40.0,0.0,0.2188024008107855,0.0714820300544787,1.5365853658536586,0.8780487804878049,0.0211211758536585,0.8780487804878049,1.5365853658536586,0.6585365853658537,0.0478474770731706,4.609756097560976,ST,66,33,61,36,59,73,61,73,36,94,94,80,41,48,92,84,12,97,83,72,30,50,75,48,50,50,25,31,33,38,23,25,50,12,50,62,95,56,53,77,77,38,53,56,41,33,41,28,38,66,44,50,25,88,84,66,34,33,62,66,12,91,69,72,30,50,66,34,50,50,25,31,33,38,23,25,50,12,38,50,91,41,34,67,66,34,44,50,La Liga
Getafe,1n1j0wsl763lq7ee1k0c11c02,dfjph36vcwfj5cevut4x3vf11,J. Mojica,Johan Mojica,34.0,Defender,Colombia,Defender,26.0,8.0,59.0,9.0,77.0,4.0,6.0,2.0,0.0,10.0,12.0,21.0,360.0,0.0,0.0,10.0,2.0,3.0,2.0,14.0,1.0,0.0,0.0,0.0,0.0,0.0,0.0,66.96,34.62,25.0,20.0,0.0,53.85,50.0,60.0,0.2309117666959511,0.5611959084921703,0.0,2.0,0.0619411099999999,1.0,5.0,5.0,0.4692027599999999,39.0,6.5,2.0,14.75,2.25,19.25,1.0,1.5,0.5,0.0,2.5,3.0,5.25,0.0,0.0,2.5,0.5,0.75,0.5,3.5,0.25,0.0,0.0,0.0,0.0,0.0,0.0,66.96,34.62,25.0,20.0,0.0,53.85,50.0,60.0,0.0577279416739877,0.1402989771230425,0.0,0.5,0.0154852774999999,0.25,1.25,1.25,0.1173006899999999,9.75,LB/LCB,8,100,31,62,8,52,96,60,21,92,98,56,40,6,100,54,31,85,60,8,42,48,29,46,52,52,4,33,73,23,40,40,44,40,67,100,27,15,21,25,17,10,58,12,4,100,33,71,8,44,96,58,21,96,96,56,40,6,100,58,25,88,71,4,42,48,29,46,52,52,4,33,73,23,40,40,44,40,67,96,27,12,25,21,12,12,50,17,La Liga
Levante,4grc9qgcvusllap8h5j6gc5h5,3y58b3su28xxhgx077hmh46ei,E. Bardeli,Enzo Bardeli,25.0,Midfielder,France,Midfielder,42.0,4.0,45.0,1.0,83.0,1.0,8.0,2.0,0.0,2.0,2.0,10.0,308.0,1.0,3.0,2.0,1.0,5.0,2.0,0.0,4.0,1.0,0.0,0.0,1.0,0.0,0.0,82.18,50.0,28.57,50.0,50.0,38.46,33.33,83.33,0.3835648672194108,0.7076654909653362,2.0,5.0,0.09838447,4.0,7.0,6.0,0.20309723,31.0,12.272727272727272,1.168831168831169,13.14935064935065,0.2922077922077922,24.25324675324676,0.2922077922077922,2.337662337662338,0.5844155844155845,0.0,0.5844155844155845,0.5844155844155845,2.9220779220779223,0.2922077922077922,0.8766233766233766,0.5844155844155845,0.2922077922077922,1.4610389610389611,0.5844155844155845,0.0,1.168831168831169,0.2922077922077922,0.0,0.0,0.2922077922077922,0.0,0.0,82.18,50.0,28.57,50.0,50.0,38.46,33.33,83.33,0.112080643018659,0.2067853707366242,0.5844155844155845,1.4610389610389611,0.0287487087662337,1.168831168831169,2.0454545454545454,1.7532467532467533,0.0593465931818181,9.058441558441558,CM/AM,52,67,17,14,28,31,72,7,5,5,5,17,17,17,14,17,83,40,10,79,72,52,17,67,48,52,38,50,59,50,67,19,50,84,34,66,47,28,17,48,26,21,31,24,52,69,17,10,31,28,76,7,5,3,3,17,17,17,10,17,90,41,10,86,72,52,17,72,48,52,38,50,59,50,67,19,50,84,38,79,45,28,17,41,24,17,24,17,La Liga
Levante,4grc9qgcvusllap8h5j6gc5h5,49230s4p4daocrftccqqbeqjt,Adrián de la Fuente,Adrián de la Fuente,27.0,Defender,Spain,Defender,154.0,1.0,68.0,32.0,221.0,4.0,2.0,7.0,2.0,1.0,1.0,14.0,431.0,2.0,5.0,6.0,0.0,2.0,5.0,22.0,4.0,0.0,0.0,2.0,1.0,0.0,0.0,82.77,49.23,14.29,0.0,28.57,50.0,44.44,50.0,0.4381899546605765,0.2462826282805443,2.0,5.0,0.09450343,2.0,30.0,31.0,0.9592294499999996,123.0,32.15777262180975,0.2088167053364269,14.19953596287703,6.682134570765662,46.14849187935035,0.8352668213457077,0.4176334106728538,1.4617169373549883,0.4176334106728538,0.2088167053364269,0.2088167053364269,2.923433874709977,0.4176334106728538,1.0440835266821349,1.2529002320185616,0.0,0.4176334106728538,1.0440835266821349,4.593967517401392,0.8352668213457077,0.0,0.0,0.4176334106728538,0.2088167053364269,0.0,0.0,82.77,49.23,14.29,0.0,28.57,50.0,44.44,50.0,0.0915013826437398,0.0514279270191391,0.4176334106728538,1.0440835266821349,0.0197338948955916,0.4176334106728538,6.264501160092808,6.473317865429235,0.2003031334106727,25.68445475638051,CB,67,84,66,96,66,25,80,97,64,47,47,45,93,82,91,26,26,99,70,47,49,41,93,89,51,51,21,58,76,26,63,25,32,29,89,95,92,72,66,67,96,97,97,55,42,82,42,97,47,24,71,95,55,39,39,21,89,71,89,26,18,100,47,34,49,41,92,84,51,51,21,58,76,26,63,25,32,29,79,87,92,61,58,66,89,89,95,47,La Liga
Levante,4grc9qgcvusllap8h5j6gc5h5,6lnttemmflhxp700fr069ty0a,Jon Ander Olasagasti,Jon Ander Olasagasti,26.0,Midfielder,Spain,Midfielder,39.0,4.0,58.0,7.0,93.0,5.0,8.0,6.0,3.0,8.0,8.0,24.0,415.0,3.0,8.0,6.0,4.0,6.0,3.0,3.0,5.0,1.0,0.0,1.0,1.0,0.0,0.0,65.49,33.33,18.18,50.0,50.0,53.33,45.45,66.67,0.4610410206373944,0.8550138363333275,3.0,4.0,0.08565749,4.0,17.0,13.0,0.4197439799999999,53.0,8.457831325301205,0.8674698795180724,12.57831325301205,1.5180722891566267,20.168674698795183,1.0843373493975903,1.7349397590361448,1.3012048192771086,0.6506024096385543,1.7349397590361448,1.7349397590361448,5.2048192771084345,0.6506024096385543,1.7349397590361448,1.3012048192771086,0.8674698795180724,1.3012048192771086,0.6506024096385543,0.6506024096385543,1.0843373493975903,0.2168674698795181,0.0,0.2168674698795181,0.2168674698795181,0.0,0.0,65.49,33.33,18.18,50.0,50.0,53.33,45.45,66.67,0.0999847996563024,0.1854246873975891,0.6506024096385543,0.8674698795180724,0.0185763231325301,0.8674698795180724,3.6867469879518073,2.819277108433736,0.091028814939759,11.49397590361446,CM/AM,48,67,34,67,38,90,72,53,59,53,52,79,66,50,59,57,95,53,71,86,72,52,47,67,48,52,3,14,34,50,67,62,76,60,59,86,67,17,10,48,74,45,45,55,31,59,14,59,14,83,52,31,38,41,38,62,48,31,41,45,83,45,62,79,62,52,38,59,48,52,3,14,34,50,67,62,76,60,28,69,55,10,7,31,55,34,41,34,La Liga
Levante,4grc9qgcvusllap8h5j6gc5h5,7c2qwyzh82a45s25zmdahrd91,A. Mandi,Aïssa Mandi,34.0,Defender,Algeria,Defender,185.0,0.0,53.0,15.0,238.0,10.0,2.0,1.0,1.0,2.0,2.0,22.0,450.0,0.0,3.0,2.0,2.0,6.0,0.0,30.0,7.0,0.0,0.0,0.0,0.0,0.0,0.0,92.61,57.69,0.0,100.0,0.0,75.86,62.5,66.67,0.0948390207531145,0.1502049612292491,0.0,2.0,0.03620728,0.0,12.0,13.0,0.2646054099999998,157.0,37.0,0.0,10.6,3.0,47.6,2.0,0.4,0.2,0.2,0.4,0.4,4.4,0.0,0.6,0.4,0.4,1.2,0.0,6.0,1.4,0.0,0.0,0.0,0.0,0.0,0.0,92.61,57.69,0.0,100.0,0.0,75.86,62.5,66.67,0.0189678041506229,0.0300409922458498,0.0,0.4,0.007241456,0.0,2.4,2.6,0.0529210819999999,31.4,CB,82,38,37,83,76,89,80,33,41,74,74,84,25,55,57,80,82,32,88,88,49,41,39,39,51,51,79,74,38,88,25,92,66,64,32,76,36,43,41,24,57,67,47,80,63,38,11,68,50,61,63,26,33,66,66,51,25,43,42,78,67,32,76,70,49,41,39,39,51,51,79,74,38,88,25,92,66,64,29,66,36,38,33,24,32,30,18,58,La Liga
Levante,4grc9qgcvusllap8h5j6gc5h5,8kj8kbwbfiqloxiilj0i00ep6,Iván Romero,Iván Romero,25.0,Attacker,Spain,Striker,14.0,0.0,26.0,1.0,40.0,4.0,3.0,15.0,12.0,10.0,10.0,22.0,316.0,6.0,20.0,7.0,5.0,2.0,3.0,1.0,0.0,0.0,0.0,3.0,1.0,0.0,0.0,75.47,100.0,0.0,50.0,40.0,41.51,20.0,33.33,2.549259963509146,0.2822508649557247,7.0,4.0,0.09079976,1.0,1.0,2.0,0.2293670299999999,14.0,3.987341772151898,0.0,7.405063291139241,0.2848101265822785,11.39240506329114,1.139240506329114,0.8544303797468354,4.272151898734177,3.4177215189873418,2.848101265822785,2.848101265822785,6.265822784810126,1.7088607594936709,5.69620253164557,1.993670886075949,1.4240506329113924,0.569620253164557,0.8544303797468354,0.2848101265822785,0.0,0.0,0.0,0.8544303797468354,0.2848101265822785,0.0,0.0,75.47,100.0,0.0,50.0,40.0,41.51,20.0,33.33,0.7260550528981745,0.0803879045759975,1.993670886075949,1.139240506329114,0.0258606911392405,0.2848101265822785,0.2848101265822785,0.569620253164557,0.0653260528481012,3.987341772151898,ST,36,33,30,36,34,45,44,89,89,75,70,70,75,73,62,84,56,67,28,31,30,50,75,48,50,50,56,89,33,67,34,28,22,33,97,59,95,56,47,20,11,25,56,41,31,33,28,41,34,50,41,97,94,75,75,78,72,75,66,78,59,69,28,31,30,50,78,50,50,50,56,89,33,67,34,28,22,33,97,56,94,53,44,19,9,31,62,31,La Liga
Levante,4grc9qgcvusllap8h5j6gc5h5,9xyhn7xadm9zl908lonnj0x04,T. Fernández,Thiago Fernández,22.0,Attacker,Argentina,Striker,13.0,1.0,31.0,2.0,43.0,0.0,2.0,5.0,3.0,7.0,7.0,10.0,227.0,1.0,10.0,0.0,6.0,4.0,2.0,1.0,3.0,0.0,0.0,3.0,0.0,0.0,0.0,82.69,66.67,20.0,85.71,20.0,47.62,0.0,100.0,0.4135231065670634,0.1902388810133649,2.0,7.0,0.25026186,1.0,3.0,8.0,0.4494071,19.0,5.154185022026432,0.3964757709251101,12.290748898678414,0.7929515418502203,17.048458149779737,0.0,0.7929515418502203,1.9823788546255507,1.1894273127753303,2.775330396475771,2.775330396475771,3.9647577092511015,0.3964757709251101,3.9647577092511015,0.0,2.378854625550661,1.5859030837004406,0.7929515418502203,0.3964757709251101,1.1894273127753303,0.0,0.0,1.1894273127753303,0.0,0.0,0.0,82.69,66.67,20.0,85.71,20.0,47.62,0.0,100.0,0.1639518924715229,0.0754251070097041,0.7929515418502203,2.775330396475771,0.0992227638766519,0.3964757709251101,1.1894273127753303,3.1718061674008813,0.178179026431718,7.533039647577093,LW,8,46,8,33,8,25,33,50,54,21,17,12,42,50,12,58,71,54,42,75,42,54,79,38,54,54,67,58,62,100,42,67,29,92,50,33,42,21,33,12,25,58,50,17,25,67,25,50,17,25,33,67,58,50,42,50,50,67,12,100,92,75,50,92,42,54,92,38,54,54,67,58,62,100,42,67,29,92,67,33,58,50,58,17,67,92,67,42,La Liga
Levante,4grc9qgcvusllap8h5j6gc5h5,a0810cmxke3zmwaqj31bo15hw,Nacho Pérez,Nacho Pérez,18.0,Defender,Spain,Defender,41.0,1.0,31.0,5.0,71.0,4.0,2.0,1.0,1.0,1.0,1.0,13.0,295.0,1.0,3.0,3.0,0.0,6.0,0.0,19.0,5.0,0.0,0.0,0.0,0.0,0.0,0.0,74.74,31.25,11.11,0.0,100.0,61.9,50.0,85.71,0.1553406818607571,0.2582124647582106,0.0,0.0,0.0,2.0,4.0,5.0,0.1941571399999999,24.0,12.508474576271189,0.3050847457627119,9.457627118644067,1.5254237288135597,21.661016949152543,1.2203389830508475,0.6101694915254238,0.3050847457627119,0.3050847457627119,0.3050847457627119,0.3050847457627119,3.9661016949152543,0.3050847457627119,0.9152542372881356,0.9152542372881356,0.0,1.8305084745762712,0.0,5.796610169491526,1.5254237288135597,0.0,0.0,0.0,0.0,0.0,0.0,74.74,31.25,11.11,0.0,100.0,61.9,50.0,85.71,0.0473920724320953,0.0787766841635218,0.0,0.0,0.0,0.6101694915254238,1.2203389830508475,1.5254237288135597,0.0592343816949152,7.322033898305085,RB/RCB,26,55,5,61,11,61,45,26,58,18,18,21,63,32,55,16,50,24,74,66,47,47,32,47,53,53,16,37,61,16,95,89,66,89,42,58,24,5,5,50,21,21,11,11,42,68,5,74,16,74,58,32,68,21,21,37,68,47,74,16,74,24,95,84,47,47,32,47,53,53,16,37,61,16,95,89,66,89,68,74,24,5,5,58,26,32,21,21,La Liga
Levante,4grc9qgcvusllap8h5j6gc5h5,a91clevckra05nq55e1ztezmd,Oriol Rey,Oriol Rey,28.0,Midfielder,Spain,Midfielder,58.0,0.0,73.0,7.0,131.0,4.0,1.0,1.0,0.0,3.0,3.0,11.0,389.0,0.0,0.0,1.0,0.0,3.0,1.0,10.0,2.0,0.0,0.0,0.0,0.0,0.0,0.0,89.12,77.78,0.0,0.0,0.0,35.48,50.0,50.0,0.0757787620534639,0.0,0.0,3.0,0.05617798,1.0,19.0,16.0,0.2442968199999999,62.0,13.419023136246787,0.0,16.889460154241647,1.6195372750642674,30.308483290488432,0.9254498714652956,0.2313624678663239,0.2313624678663239,0.0,0.6940874035989718,0.6940874035989718,2.544987146529563,0.0,0.0,0.2313624678663239,0.0,0.6940874035989718,0.2313624678663239,2.31362467866324,0.4627249357326478,0.0,0.0,0.0,0.0,0.0,0.0,89.12,77.78,0.0,0.0,0.0,35.48,50.0,50.0,0.0175323614005443,0.0,0.0,0.6940874035989718,0.0129974760925449,0.2313624678663239,4.395886889460154,3.701799485861183,0.056521115167095,14.344473007712082,DM/CM,17,34,23,46,14,77,24,33,20,57,53,16,34,9,10,9,34,53,83,29,43,51,29,47,51,51,54,83,34,9,34,9,71,40,29,6,29,21,19,26,67,61,26,19,11,34,17,34,9,69,17,20,20,51,46,6,34,9,6,9,23,46,69,31,43,51,29,47,51,51,54,83,34,9,34,9,71,40,23,6,29,17,17,23,54,49,23,11,La Liga
Levante,4grc9qgcvusllap8h5j6gc5h5,d34tmogp5h4rwuo3pcxtwp0fe,Manu Sánchez,Manu Sánchez,26.0,Defender,Spain,Defender,122.0,1.0,69.0,16.0,190.0,2.0,1.0,1.0,0.0,7.0,7.0,32.0,431.0,0.0,4.0,6.0,2.0,16.0,1.0,14.0,5.0,0.0,0.0,0.0,0.0,0.0,0.0,85.97,51.61,20.0,28.57,0.0,49.23,28.57,72.73,0.0436755708921634,0.099017255228876,0.0,4.0,0.08159915,3.0,17.0,22.0,0.3869478299999999,98.0,25.475638051044083,0.2088167053364269,14.408352668213457,3.341067285382831,39.67517401392112,0.4176334106728538,0.2088167053364269,0.2088167053364269,0.0,1.4617169373549883,1.4617169373549883,6.682134570765662,0.0,0.8352668213457077,1.2529002320185616,0.4176334106728538,3.341067285382831,0.2088167053364269,2.923433874709977,1.0440835266821349,0.0,0.0,0.0,0.0,0.0,0.0,85.97,51.61,20.0,28.57,0.0,49.23,28.57,72.73,0.0091201888173891,0.0206764570083499,0.0,0.8352668213457077,0.0170392656612529,0.6264501160092808,3.5498839907192576,4.593967517401392,0.0808011709976797,20.46403712296984,LB/LCB,88,52,42,88,73,19,38,38,21,62,62,92,40,52,75,54,100,65,60,62,42,48,29,46,52,52,62,83,56,33,40,21,12,67,25,42,27,31,29,54,71,77,46,75,79,50,29,88,62,12,33,33,21,54,54,88,40,42,62,46,100,62,58,58,42,48,29,46,52,52,62,83,56,33,40,21,12,67,25,42,27,33,29,50,58,58,25,62,La Liga
Levante,4grc9qgcvusllap8h5j6gc5h5,dwvghrdrnqqmfiwwicm5lrskq,Roger Brugué,Roger Brugué,29.0,Midfielder,Spain,Midfielder,23.0,0.0,20.0,3.0,43.0,6.0,2.0,12.0,11.0,4.0,4.0,17.0,354.0,5.0,18.0,4.0,1.0,2.0,1.0,1.0,1.0,0.0,0.0,2.0,3.0,0.0,0.0,69.35,75.0,0.0,25.0,41.67,43.59,35.29,33.33,1.8110713345224183,0.1778548269506004,2.0,3.0,0.10546224,1.0,0.0,2.0,0.09382815,14.0,5.8474576271186445,0.0,5.084745762711865,0.7627118644067797,10.932203389830509,1.5254237288135597,0.5084745762711864,3.050847457627119,2.796610169491525,1.0169491525423728,1.0169491525423728,4.322033898305085,1.2711864406779665,4.576271186440678,1.0169491525423728,0.2542372881355932,0.5084745762711864,0.2542372881355932,0.2542372881355932,0.2542372881355932,0.0,0.0,0.5084745762711864,0.7627118644067797,0.0,0.0,69.35,75.0,0.0,25.0,41.67,43.59,35.29,33.33,0.4604418647090894,0.0452173288857458,0.5084745762711864,0.7627118644067797,0.026812433898305,0.2542372881355932,0.0,0.5084745762711864,0.0238546144067796,3.5593220338983054,CM/AM,19,14,3,31,3,97,16,84,95,21,16,50,91,86,36,17,24,21,36,33,29,52,71,93,48,52,7,79,14,16,45,28,55,12,100,14,47,7,21,9,5,5,10,7,10,14,3,28,3,100,17,83,100,10,10,34,93,90,34,14,24,21,31,28,29,52,72,93,48,52,7,79,14,16,45,28,55,12,100,14,41,7,14,7,5,3,10,3,La Liga
Málaga,7012hpp3p5vg4fzyn3h0yvf09,1jzo9gzmz9vxeejmsqw4hfh90,Rafita,Rafael Garrido Hierro,21.0,Defender,Spain,Defender,103.0,0.0,98.0,3.0,201.0,3.0,0.0,1.0,1.0,11.0,11.0,22.0,427.0,0.0,6.0,7.0,8.0,4.0,0.0,13.0,5.0,0.0,0.0,1.0,0.0,0.0,0.0,91.78,60.0,0.0,72.73,0.0,56.41,37.5,100.0,0.0467749429756155,0.0,1.0,8.0,0.17377204,7.0,16.0,14.0,0.36720322,83.0,21.7096018735363,0.0,20.65573770491803,0.6323185011709602,42.36533957845433,0.6323185011709602,0.0,0.2107728337236534,0.2107728337236534,2.318501170960188,2.318501170960188,4.637002341920375,0.0,1.2646370023419204,1.475409836065574,1.6861826697892273,0.8430913348946136,0.0,2.740046838407494,1.053864168618267,0.0,0.0,0.2107728337236534,0.0,0.0,0.0,91.78,60.0,0.0,72.73,0.0,56.41,37.5,100.0,0.0098588872782327,0.0,0.2107728337236534,1.6861826697892273,0.03662642529274,1.475409836065574,3.3723653395784545,2.950819672131148,0.0773964632318501,17.494145199063233,LB/LCB,79,19,75,19,83,35,15,38,52,100,92,75,40,65,81,100,50,27,50,62,42,48,75,46,52,52,92,94,19,75,40,58,21,98,29,19,67,65,58,88,60,50,42,62,62,19,58,8,67,25,15,38,46,92,88,46,40,62,75,96,33,27,46,62,42,48,67,46,52,52,92,94,19,75,40,58,21,98,29,19,62,50,46,79,46,46,21,46,La Liga
Málaga,7012hpp3p5vg4fzyn3h0yvf09,2hlrcg7bdv16hdpq9y7h769k9,Joaquín Muñoz,Joaquín Muñoz,27.0,Attacker,Spain,Striker,17.0,1.0,55.0,2.0,71.0,0.0,3.0,3.0,2.0,8.0,9.0,18.0,293.0,0.0,9.0,10.0,4.0,2.0,1.0,1.0,1.0,0.0,0.0,2.0,0.0,0.0,0.0,87.65,40.0,25.0,50.0,0.0,46.15,0.0,50.0,0.1627307975335779,0.2517228146009093,3.0,8.0,0.24814549,2.0,3.0,2.0,0.1241011699999999,15.0,5.221843003412969,0.3071672354948805,16.89419795221843,0.6143344709897611,21.80887372013652,0.0,0.9215017064846416,0.9215017064846416,0.6143344709897611,2.4573378839590445,2.7645051194539247,5.5290102389078495,0.0,2.7645051194539247,3.0716723549488054,1.2286689419795225,0.6143344709897611,0.3071672354948805,0.3071672354948805,0.3071672354948805,0.0,0.0,0.6143344709897611,0.0,0.0,0.0,87.65,40.0,25.0,50.0,0.0,46.15,0.0,50.0,0.0499855692082662,0.0773210010719516,0.9215017064846416,2.4573378839590445,0.0762221641638225,0.6143344709897611,0.9215017064846416,0.6143344709897611,0.0381198133105801,4.607508532423208,LW,25,46,54,33,42,25,42,25,38,33,33,62,17,42,79,25,38,29,42,46,42,54,62,38,54,54,83,17,75,58,17,50,29,12,25,42,67,33,25,29,25,8,8,8,33,50,58,33,50,25,42,42,42,33,33,75,17,42,92,42,58,33,33,42,42,54,67,38,54,54,83,17,75,58,17,50,29,12,42,42,67,33,42,33,42,8,17,8,La Liga
Málaga,7012hpp3p5vg4fzyn3h0yvf09,3ghychnf02zs5pmw2s0ds3p7u,José Salinas,José Salinas,25.0,Defender,Spain,Defender,53.0,0.0,52.0,1.0,105.0,3.0,1.0,0.0,0.0,1.0,1.0,9.0,225.0,0.0,0.0,2.0,1.0,1.0,0.0,5.0,4.0,0.0,0.0,0.0,0.0,0.0,0.0,88.98,33.33,0.0,100.0,0.0,64.29,75.0,33.33,0.0,0.0582282101169448,0.0,7.0,0.16321165,3.0,8.0,5.0,0.14949855,50.0,21.2,0.0,20.8,0.4,42.0,1.2,0.4,0.0,0.0,0.4,0.4,3.6,0.0,0.0,0.8,0.4,0.4,0.0,2.0,1.6,0.0,0.0,0.0,0.0,0.0,0.0,88.98,33.33,0.0,100.0,0.0,64.29,75.0,33.33,0.0,0.0232912840467779,0.0,2.8,0.06528466,1.2,3.2,2.0,0.05979942,20.0,CB,11,38,34,5,16,14,49,13,16,47,47,8,25,8,57,63,8,32,9,47,49,41,39,39,51,51,58,21,38,88,25,71,92,7,13,50,36,82,89,83,34,13,16,16,29,38,71,8,32,32,63,13,16,66,66,34,25,8,68,78,14,32,12,78,49,41,39,39,51,51,58,21,38,88,25,71,92,7,13,61,36,92,95,92,47,25,39,26,La Liga
Málaga,7012hpp3p5vg4fzyn3h0yvf09,57t5u1nz5em7gvnhbgkamr310,Chupe,Carlos Ruiz Rubio,22.0,Attacker,Spain,Striker,16.0,0.0,36.0,0.0,52.0,10.0,3.0,14.0,10.0,6.0,6.0,19.0,450.0,3.0,18.0,7.0,0.0,2.0,4.0,8.0,1.0,0.0,0.0,4.0,1.0,0.0,0.0,63.41,0.0,0.0,0.0,21.43,43.18,52.63,100.0,1.1837875826377486,0.1779206582974565,2.0,6.0,0.15360065,2.0,3.0,2.0,0.1293586199999999,23.0,3.2,0.0,7.2,0.0,10.4,2.0,0.6,2.8,2.0,1.2,1.2,3.8,0.6,3.6,1.4,0.0,0.4,0.8,1.6,0.2,0.0,0.0,0.8,0.2,0.0,0.0,63.41,0.0,0.0,0.0,21.43,43.18,52.63,100.0,0.2367575165275497,0.0355841316594913,0.4,1.2,0.03072013,0.4,0.6,0.4,0.0258717239999999,4.6,ST,47,33,56,12,53,80,44,83,78,41,38,61,41,61,62,6,56,78,98,72,30,50,92,48,50,50,22,12,33,6,19,41,78,92,62,34,50,70,69,48,45,25,41,59,22,33,25,12,22,69,16,56,53,22,19,25,28,38,53,6,38,66,88,64,30,50,69,31,50,50,22,12,33,6,19,41,78,92,47,19,34,56,53,34,31,16,31,47,La Liga
Málaga,7012hpp3p5vg4fzyn3h0yvf09,5fysoe8mcuwt18kqd7mugslxw,Izan Merino,Izan Merino,20.0,Midfielder,Spain,Midfielder,119.0,0.0,112.0,14.0,231.0,0.0,3.0,1.0,0.0,0.0,0.0,5.0,360.0,0.0,0.0,1.0,0.0,3.0,1.0,2.0,3.0,0.0,0.0,0.0,0.0,0.0,0.0,93.9,73.68,0.0,0.0,0.0,33.33,0.0,75.0,0.0644551858490322,0.1892611617081052,0.0,9.0,0.17184552,1.0,29.0,18.0,0.3261939199999998,134.0,29.75,0.0,28.0,3.5,57.75,0.0,0.75,0.25,0.0,0.0,0.0,1.25,0.0,0.0,0.25,0.0,0.75,0.25,0.5,0.75,0.0,0.0,0.0,0.0,0.0,0.0,93.9,73.68,0.0,0.0,0.0,33.33,0.0,75.0,0.016113796462258,0.0473152904270263,0.0,2.25,0.04296138,0.25,7.25,4.5,0.0815484799999999,33.5,DM/CM,91,34,77,71,86,10,63,33,20,6,6,3,34,9,10,9,34,53,11,40,43,51,29,47,51,51,97,77,34,9,34,3,17,90,23,66,29,76,69,26,94,73,46,86,89,34,69,74,77,10,54,29,20,6,6,3,34,9,9,9,31,57,11,37,43,51,29,47,51,51,97,77,34,9,34,3,17,90,20,69,29,71,66,31,89,71,46,83,La Liga
Málaga,7012hpp3p5vg4fzyn3h0yvf09,7hzgc5dobfw94q0s97ajrmtjo,Dani Lorenzo,Dani Lorenzo,23.0,Midfielder,Spain,Midfielder,96.0,0.0,99.0,12.0,195.0,0.0,3.0,1.0,1.0,12.0,12.0,20.0,299.0,0.0,11.0,6.0,9.0,3.0,0.0,0.0,3.0,0.0,0.0,0.0,0.0,0.0,0.0,93.75,80.0,0.0,75.0,0.0,57.14,0.0,60.0,0.1164194438632567,0.1286093529148149,0.0,13.0,0.3105912899999999,7.0,11.0,9.0,0.2478285,77.0,28.896321070234112,0.0,29.799331103678927,3.612040133779264,58.69565217391304,0.0,0.903010033444816,0.3010033444816053,0.3010033444816053,3.612040133779264,3.612040133779264,6.020066889632107,0.0,3.311036789297659,1.806020066889632,2.709030100334448,0.903010033444816,0.0,0.0,0.903010033444816,0.0,0.0,0.0,0.0,0.0,0.0,93.75,80.0,0.0,75.0,0.0,57.14,0.0,60.0,0.0350426419655287,0.0387118453589743,0.0,3.913043478260869,0.0934890170568561,2.1070234113712374,3.311036789297659,2.709030100334448,0.0745972073578595,23.17725752508361,DM/CM,69,34,60,60,60,10,63,33,60,100,100,76,34,100,87,100,34,20,3,40,43,51,29,47,51,51,94,89,34,63,34,71,17,71,34,51,29,87,91,91,26,23,29,31,80,34,71,80,83,10,69,37,60,100,100,86,34,100,91,100,46,20,3,43,43,51,29,47,51,51,94,89,34,63,34,71,17,71,40,57,29,94,94,94,34,40,40,40,La Liga
Málaga,7012hpp3p5vg4fzyn3h0yvf09,8e3hmqk4yhxk68l0bykoyk1ec,Ángel Recio,Ángel Recio,23.0,Defender,Spain,Defender,199.0,0.0,101.0,17.0,300.0,4.0,1.0,3.0,1.0,0.0,0.0,9.0,450.0,1.0,1.0,1.0,0.0,2.0,2.0,18.0,6.0,0.0,0.0,0.0,0.0,0.0,0.0,92.02,50.0,0.0,0.0,33.33,34.62,28.57,50.0,0.2035378068553292,0.0476461160304291,2.0,2.0,0.03932202,2.0,24.0,19.0,0.4566569799999997,184.0,39.8,0.0,20.2,3.4,60.0,0.8,0.2,0.6,0.2,0.0,0.0,1.8,0.2,0.2,0.2,0.0,0.4,0.4,3.6,1.2,0.0,0.0,0.0,0.0,0.0,0.0,92.02,50.0,0.0,0.0,33.33,34.62,28.57,50.0,0.0407075613710658,0.0095292232060858,0.4,0.4,0.007864404,0.4,4.8,3.8,0.0913313959999999,36.8,CB,89,38,84,89,91,25,49,68,41,14,14,8,68,22,34,26,26,89,55,76,49,41,39,39,51,51,74,63,38,26,70,5,13,29,47,45,92,43,45,67,84,75,71,87,79,38,63,79,74,17,36,58,33,14,14,3,51,20,21,26,14,86,28,59,49,41,39,39,51,51,74,63,38,26,70,5,13,29,37,39,87,38,39,58,79,63,71,68,La Liga
Málaga,7012hpp3p5vg4fzyn3h0yvf09,9xo5ysik9fasf8vvpn5htwuay,Carlos Puga,Carlos Puga,25.0,Defender,Spain,Defender,43.0,0.0,77.0,2.0,120.0,1.0,1.0,1.0,0.0,16.0,17.0,26.0,268.0,0.0,6.0,4.0,12.0,6.0,1.0,8.0,5.0,0.0,1.0,0.0,0.0,0.0,0.0,80.54,22.22,0.0,75.0,0.0,52.0,33.33,66.67,0.0447417659200268,0.0730790565133625,1.0,8.0,0.23389787,6.0,10.0,8.0,0.2388273599999999,53.0,14.440298507462686,0.0,25.85820895522388,0.6716417910447761,40.298507462686565,0.335820895522388,0.335820895522388,0.335820895522388,0.0,5.3731343283582085,5.708955223880597,8.73134328358209,0.0,2.014925373134328,1.343283582089552,4.029850746268656,2.014925373134328,0.335820895522388,2.686567164179104,1.67910447761194,0.0,0.335820895522388,0.0,0.0,0.0,0.0,80.54,22.22,0.0,75.0,0.0,52.0,33.33,66.67,0.0150252198985164,0.0245414742022485,0.335820895522388,2.686567164179104,0.0785477921641791,2.014925373134328,3.3582089552238803,2.686567164179104,0.0802032179104477,17.798507462686565,RB/RCB,32,21,87,16,53,26,21,26,24,89,89,95,26,58,76,100,50,61,45,66,47,97,32,47,53,53,32,18,21,95,26,50,45,42,16,21,68,92,95,82,66,45,26,58,63,21,89,26,84,32,32,37,24,100,100,95,26,68,89,100,89,68,58,89,47,100,32,47,53,53,32,18,21,95,26,50,45,42,26,26,84,89,95,100,84,74,53,79,La Liga
Málaga,7012hpp3p5vg4fzyn3h0yvf09,cygexa4wb2fr45rs9b0eodpii,David Larrubia,David Larrubia,24.0,Attacker,Spain,Striker,23.0,0.0,75.0,9.0,98.0,0.0,7.0,11.0,7.0,35.0,37.0,33.0,394.0,2.0,28.0,4.0,13.0,8.0,4.0,0.0,4.0,0.0,0.0,4.0,0.0,0.0,0.0,81.67,90.0,0.0,37.14,18.18,40.74,0.0,50.0,0.8221895415848641,0.5114476890775953,8.0,22.0,0.56069503,7.0,7.0,17.0,0.4533494499999999,45.0,5.253807106598984,0.0,17.131979695431472,2.0558375634517763,22.385786802030456,0.0,1.598984771573604,2.512690355329949,1.598984771573604,7.994923857868019,8.451776649746192,7.538071065989847,0.4568527918781725,6.395939086294415,0.9137055837563453,2.969543147208121,1.8274111675126905,0.9137055837563453,0.0,0.9137055837563453,0.0,0.0,0.9137055837563453,0.0,0.0,0.0,81.67,90.0,0.0,37.14,18.18,40.74,0.0,50.0,0.18780979376304,0.1168281523273694,1.8274111675126905,5.025380710659898,0.1280775449238578,1.598984771573604,1.598984771573604,3.8832487309644654,0.1035569809644669,10.279187817258885,RW,54,12,65,100,62,23,73,77,77,100,100,100,42,77,23,85,100,69,8,81,42,54,81,27,54,54,62,77,12,31,23,23,35,42,69,69,88,77,77,81,62,69,54,69,38,12,46,100,38,23,62,62,54,100,100,92,38,69,15,69,92,62,8,69,42,54,85,27,54,54,62,77,12,31,23,23,35,42,46,62,92,62,62,69,38,69,38,54,La Liga
Málaga,7012hpp3p5vg4fzyn3h0yvf09,cyo6sdiy84t6b9nk46snawq5m,Carlos Dotor,Carlos Dotor,25.0,Midfielder,Spain,Midfielder,51.0,0.0,98.0,5.0,149.0,2.0,4.0,2.0,1.0,4.0,4.0,15.0,316.0,1.0,6.0,0.0,3.0,8.0,1.0,1.0,2.0,0.0,0.0,0.0,0.0,0.0,0.0,84.66,50.0,0.0,75.0,50.0,51.72,40.0,80.0,0.1658314160726636,0.2781696141862973,1.0,10.0,0.24329612,8.0,16.0,15.0,0.2884408800000001,71.0,14.525316455696204,0.0,27.91139240506329,1.4240506329113924,42.436708860759495,0.569620253164557,1.139240506329114,0.569620253164557,0.2848101265822785,1.139240506329114,1.139240506329114,4.272151898734177,0.2848101265822785,1.7088607594936709,0.0,0.8544303797468354,2.278481012658228,0.2848101265822785,0.2848101265822785,0.569620253164557,0.0,0.0,0.0,0.0,0.0,0.0,84.66,50.0,0.0,75.0,50.0,51.72,40.0,80.0,0.0472304666029738,0.0792255230277429,0.2848101265822785,2.848101265822785,0.0692931987341772,2.278481012658228,4.556962025316456,4.272151898734177,0.0821508835443038,20.22151898734177,RM/RCM,60,50,80,60,60,80,70,20,30,60,60,100,40,60,30,90,100,40,40,40,40,60,20,50,60,60,60,60,50,100,70,80,100,60,20,80,40,80,80,100,80,60,60,60,60,50,60,60,60,80,80,20,40,60,60,80,40,60,30,80,100,20,40,40,40,60,20,50,60,60,60,60,50,100,70,80,100,60,20,80,20,80,100,100,80,60,60,60,La Liga
Málaga,7012hpp3p5vg4fzyn3h0yvf09,dh4bzqmzvt3ibl4l9ofp4n2l1,Einar Galilea,Einar Galilea,32.0,Defender,Spain,Defender,220.0,0.0,63.0,10.0,283.0,1.0,0.0,0.0,0.0,5.0,5.0,12.0,379.0,0.0,0.0,2.0,5.0,2.0,0.0,20.0,5.0,0.0,1.0,0.0,0.0,0.0,0.0,91.29,38.46,0.0,100.0,0.0,54.55,25.0,50.0,0.0,0.0,0.0,0.0,0.0,0.0,0.0,0.0,0.0,0.0,52.24274406332454,0.0,14.96042216358839,2.3746701846965697,67.20316622691293,0.2374670184696569,0.0,0.0,0.0,1.1873350923482848,1.1873350923482848,2.849604221635884,0.0,0.0,0.4749340369393139,1.1873350923482848,0.4749340369393139,0.0,4.749340369393139,1.1873350923482848,0.0,0.2374670184696569,0.0,0.0,0.0,0.0,91.29,38.46,0.0,100.0,0.0,54.55,25.0,50.0,0.0,0.0,0.0,0.0,0.0,0.0,0.0,0.0,0.0,0.0,CB,97,38,57,57,84,8,14,13,16,88,86,28,25,8,57,100,26,32,64,64,49,89,39,39,51,51,68,33,38,88,25,34,11,29,13,18,36,9,9,24,4,4,4,4,92,38,47,47,82,8,14,13,16,87,84,18,25,8,53,97,29,32,53,55,49,84,39,39,51,51,68,33,38,88,25,34,11,29,13,18,36,9,9,24,4,4,4,4,La Liga
Deportivo de A Coruña,1r541mega6d838hi0p44sv0h2,1iqywa6tuuujqemqpfcxs4nze,Mario Soriano,Mario Soriano,24.0,Midfielder,Spain,Midfielder,113.0,2.0,115.0,11.0,226.0,1.0,4.0,4.0,2.0,2.0,2.0,14.0,385.0,1.0,4.0,5.0,2.0,3.0,2.0,4.0,1.0,1.0,0.0,2.0,0.0,0.0,0.0,90.4,52.38,28.57,100.0,25.0,50.0,0.0,50.0,0.2850460301053131,0.3711273871096189,2.0,5.0,0.11335257,5.0,23.0,22.0,0.3951729199999998,132.0,26.415584415584416,0.4675324675324675,26.883116883116884,2.571428571428572,52.83116883116883,0.2337662337662337,0.935064935064935,0.935064935064935,0.4675324675324675,0.4675324675324675,0.4675324675324675,3.272727272727273,0.2337662337662337,0.935064935064935,1.1688311688311688,0.4675324675324675,0.7012987012987013,0.4675324675324675,0.935064935064935,0.2337662337662337,0.2337662337662337,0.0,0.4675324675324675,0.0,0.0,0.0,90.4,52.38,28.57,100.0,25.0,50.0,0.0,50.0,0.0666341369077355,0.0867570515321187,0.4675324675324675,1.1688311688311688,0.0264980033766233,1.1688311688311688,5.376623376623376,5.142857142857143,0.0923780851948051,30.857142857142858,DM/CM,86,84,83,57,83,29,77,84,89,43,39,37,79,73,77,66,34,73,31,16,90,51,91,47,51,51,69,34,84,84,69,43,17,40,91,86,77,40,43,80,81,83,60,83,71,87,66,54,66,24,73,86,86,37,34,29,77,66,73,63,26,69,33,13,91,51,94,47,51,51,69,34,84,84,69,43,17,40,80,80,77,37,43,74,74,83,54,69,La Liga
Deportivo de A Coruña,1r541mega6d838hi0p44sv0h2,1r35ds2obqkw03f7hfpfsqqui,G. Quagliata,Giacomo Quagliata,26.0,Defender,Italy,Defender,58.0,5.0,72.0,8.0,125.0,2.0,5.0,4.0,2.0,8.0,10.0,17.0,450.0,1.0,6.0,8.0,4.0,1.0,2.0,8.0,8.0,0.0,0.0,0.0,0.0,0.0,0.0,76.69,34.78,35.71,50.0,25.0,44.74,28.57,33.33,0.2290510325379881,0.5479307156090927,2.0,3.0,0.0626871,3.0,9.0,11.0,0.6129149500000001,40.0,11.6,1.0,14.4,1.6,25.0,0.4,1.0,0.8,0.4,1.6,2.0,3.4,0.2,1.2,1.6,0.8,0.2,0.4,1.6,1.6,0.0,0.0,0.0,0.0,0.0,0.0,76.69,34.78,35.71,50.0,25.0,44.74,28.57,33.33,0.0458102065075976,0.1095861431218185,0.4,0.6,0.0125374199999999,0.6,1.8,2.2,0.12258299,8.0,LB/LCB,21,90,46,58,31,19,88,83,75,71,85,38,85,65,90,69,8,85,42,92,42,48,29,46,52,52,21,38,92,56,83,12,12,6,62,92,92,23,25,54,38,42,79,17,17,83,25,46,21,8,75,81,62,58,67,12,81,54,81,67,4,79,25,79,42,48,29,46,52,52,21,38,92,56,83,12,12,6,58,79,83,17,12,42,33,25,54,8,La Liga
Deportivo de A Coruña,1r541mega6d838hi0p44sv0h2,25q6hbx0o1l23zizt87bpamms,B. Nsongo,Bil Nsongo,21.0,Attacker,Cameroon,Striker,18.0,1.0,31.0,2.0,48.0,11.0,2.0,5.0,3.0,12.0,13.0,27.0,285.0,1.0,9.0,3.0,5.0,5.0,2.0,3.0,0.0,0.0,1.0,1.0,0.0,0.0,0.0,69.57,66.67,50.0,41.67,20.0,43.55,50.0,62.5,0.3908115807923435,0.1243360194663844,2.0,3.0,0.09823512,2.0,1.0,4.0,0.09262369,14.0,5.684210526315789,0.3157894736842105,9.789473684210527,0.6315789473684211,15.157894736842106,3.473684210526316,0.6315789473684211,1.5789473684210529,0.9473684210526316,3.789473684210527,4.105263157894737,8.526315789473685,0.3157894736842105,2.8421052631578947,0.9473684210526316,1.5789473684210529,1.5789473684210529,0.6315789473684211,0.9473684210526316,0.0,0.0,0.3157894736842105,0.3157894736842105,0.0,0.0,0.0,69.57,66.67,50.0,41.67,20.0,43.55,50.0,62.5,0.1234141834081084,0.0392640061472792,0.6315789473684211,0.9473684210526316,0.0310216168421052,0.6315789473684211,0.3157894736842105,1.2631578947368425,0.0292495863157894,4.421052631578948,ST,55,75,39,58,45,84,19,20,19,91,91,88,16,19,25,84,91,52,64,31,30,100,33,16,50,50,34,59,89,47,16,44,70,56,12,19,50,41,56,48,11,45,34,41,69,81,56,56,53,88,22,22,22,91,91,94,16,16,31,84,94,59,59,31,30,100,34,16,50,50,34,59,89,47,16,44,70,56,12,22,59,44,56,53,16,50,38,41,La Liga
Deportivo de A Coruña,1r541mega6d838hi0p44sv0h2,51b7kbz09togoaueykwbm385,Ximo Navarro,Joaquín Navarro Jiménez,36.0,Defender,Spain,Defender,97.0,0.0,62.0,8.0,159.0,2.0,1.0,2.0,0.0,4.0,4.0,20.0,443.0,0.0,4.0,5.0,0.0,8.0,2.0,22.0,6.0,0.0,0.0,0.0,0.0,0.0,0.0,85.95,53.33,0.0,0.0,0.0,47.62,22.22,61.54,0.1586333744789264,0.0540257759392312,1.0,3.0,0.06925171,2.0,9.0,9.0,0.2860687799999999,67.0,19.706546275395034,0.0,12.595936794582393,1.6252821670428892,32.30248306997743,0.4063205417607223,0.2031602708803611,0.4063205417607223,0.0,0.8126410835214446,0.8126410835214446,4.063205417607223,0.0,0.8126410835214446,1.015801354401806,0.0,1.6252821670428892,0.4063205417607223,4.469525959367946,1.218961625282167,0.0,0.0,0.0,0.0,0.0,0.0,85.95,53.33,0.0,0.0,0.0,47.62,22.22,61.54,0.0322279993298044,0.0109758912743359,0.2031602708803611,0.6094808126410834,0.0140691961625282,0.4063205417607223,1.8284424379232505,1.8284424379232505,0.0581178108352144,13.611738148984198,RB/RCB,84,21,53,89,79,45,21,58,24,45,39,74,26,45,89,16,82,87,89,87,47,47,32,47,53,53,79,84,21,16,26,32,32,26,47,16,68,16,11,50,58,58,32,63,89,21,32,79,68,37,16,53,24,37,37,53,26,37,79,16,58,79,84,63,47,47,32,47,53,53,79,84,21,16,26,32,32,26,37,16,47,11,11,47,53,53,16,58,La Liga
Deportivo de A Coruña,1r541mega6d838hi0p44sv0h2,7jyumaakrro4umaxyy09cjbsa,Luismi Cruz,Luismi Cruz,25.0,Attacker,Spain,Striker,33.0,2.0,60.0,6.0,91.0,3.0,9.0,4.0,3.0,7.0,8.0,25.0,313.0,2.0,9.0,7.0,5.0,2.0,1.0,1.0,1.0,1.0,0.0,0.0,1.0,1.0,1.0,80.53,54.55,20.0,71.43,50.0,56.82,75.0,20.0,0.2894924145537677,0.7958372404768002,0.0,11.0,0.29802793,4.0,10.0,16.0,0.47206452,46.0,9.488817891373802,0.5750798722044729,17.252396166134186,1.7252396166134183,26.16613418530352,0.8626198083067093,2.587859424920128,1.1501597444089458,0.8626198083067093,2.012779552715655,2.3003194888178915,7.18849840255591,0.5750798722044729,2.587859424920128,2.012779552715655,1.437699680511182,0.5750798722044729,0.2875399361022364,0.2875399361022364,0.2875399361022364,0.2875399361022364,0.0,0.0,0.2875399361022364,0.2875399361022364,0.2875399361022364,80.53,54.55,20.0,71.43,50.0,56.82,75.0,20.0,0.0832406303828725,0.2288349892744792,0.0,3.1629392971246006,0.0856949319488817,1.1501597444089458,2.8753993610223643,4.600638977635783,0.1357374019169329,13.226837060702875,ST,88,89,84,88,81,36,97,12,19,50,56,80,28,19,62,84,56,33,28,72,72,50,9,48,100,100,78,47,66,84,64,94,100,25,9,94,12,91,88,77,92,94,81,92,88,88,78,91,84,38,94,12,16,47,53,84,25,12,69,81,62,28,31,81,72,50,9,53,100,100,78,47,66,84,64,94,100,25,6,94,12,88,91,78,88,94,81,91,La Liga
Deportivo de A Coruña,1r541mega6d838hi0p44sv0h2,actvnm36s31zf8wh8hjikzlqt,P. Aubameyang,Pierre-Emerick Aubameyang,37.0,Attacker,Gabon,Striker,24.0,3.0,44.0,2.0,65.0,4.0,6.0,14.0,12.0,4.0,5.0,11.0,445.0,9.0,21.0,2.0,2.0,2.0,2.0,7.0,2.0,2.0,0.0,2.0,5.0,0.0,0.0,77.38,66.67,42.86,50.0,64.29,55.0,66.67,66.67,2.169183919239333,0.6190520040285322,4.0,7.0,0.18187076,2.0,6.0,8.0,0.32156888,28.0,4.853932584269662,0.6067415730337078,8.898876404494382,0.4044943820224719,13.146067415730336,0.8089887640449438,1.2134831460674156,2.831460674157303,2.426966292134831,0.8089887640449438,1.0112359550561798,2.224719101123596,1.820224719101124,4.247191011235955,0.4044943820224719,0.4044943820224719,0.4044943820224719,0.4044943820224719,1.4157303370786516,0.4044943820224719,0.4044943820224719,0.0,0.4044943820224719,1.0112359550561798,0.0,0.0,77.38,66.67,42.86,50.0,64.29,55.0,66.67,66.67,0.4387113544528987,0.1252015289046469,0.8089887640449438,1.4157303370786516,0.0367828503370786,0.4044943820224719,1.2134831460674156,1.6179775280898876,0.0650364026966292,5.662921348314606,ST,75,94,69,58,72,45,81,83,89,22,30,12,89,80,11,42,56,52,92,89,91,50,56,88,50,50,62,59,78,67,91,91,95,61,94,91,83,80,78,48,70,67,69,69,50,91,47,47,41,31,59,62,72,16,16,3,78,53,6,34,41,34,84,84,84,50,47,78,50,50,62,59,78,67,91,91,95,61,78,84,66,69,66,38,59,56,59,59,La Liga
Deportivo de A Coruña,1r541mega6d838hi0p44sv0h2,da3j7qp7ed6h7nh3ppcklt5hw,L. Amatucci,Lorenzo Amatucci,22.0,Midfielder,Italy,Midfielder,134.0,0.0,101.0,13.0,235.0,7.0,3.0,0.0,0.0,6.0,6.0,27.0,450.0,0.0,3.0,2.0,1.0,7.0,0.0,16.0,6.0,1.0,0.0,0.0,0.0,0.0,0.0,90.04,72.22,0.0,16.67,0.0,50.94,58.33,41.18,0.0,0.22873306514441,0.0,11.0,0.2473934,4.0,12.0,13.0,0.3598564900000001,129.0,26.8,0.0,20.2,2.6,47.0,1.4,0.6,0.0,0.0,1.2,1.2,5.4,0.0,0.6,0.4,0.2,1.4,0.0,3.2,1.2,0.2,0.0,0.0,0.0,0.0,0.0,90.04,72.22,0.0,16.67,0.0,50.94,58.33,41.18,0.0,0.045746613028882,0.0,2.2,0.04947868,0.8,2.4,2.6,0.071971298,25.8,DM/CM,100,34,63,64,89,94,63,9,20,87,87,100,34,57,27,36,90,20,94,73,90,51,29,47,51,51,63,74,34,17,34,49,83,14,9,69,29,83,83,69,31,47,51,77,74,34,40,57,49,91,51,9,20,77,77,80,34,44,20,19,71,20,91,57,89,51,29,47,51,51,63,74,34,17,34,49,83,14,9,66,29,69,71,63,14,36,37,49,La Liga
Deportivo de A Coruña,1r541mega6d838hi0p44sv0h2,eq5hfgqm32c7qmj6xwp7j9iqc,L. Noubi,Lucas Noubi,21.0,Defender,Belgium,Defender,171.0,0.0,46.0,26.0,217.0,8.0,1.0,0.0,0.0,1.0,1.0,22.0,450.0,0.0,1.0,5.0,1.0,6.0,0.0,37.0,8.0,0.0,0.0,0.0,0.0,0.0,0.0,82.82,48.15,0.0,100.0,0.0,55.0,42.11,75.0,0.0,0.0598941534490983,0.0,2.0,0.03620728,0.0,5.0,10.0,0.25136397,136.0,34.2,0.0,9.2,5.2,43.4,1.6,0.2,0.0,0.0,0.2,0.2,4.4,0.0,0.2,1.0,0.2,1.2,0.0,7.4,1.6,0.0,0.0,0.0,0.0,0.0,0.0,82.82,48.15,0.0,100.0,0.0,55.0,42.11,75.0,0.0,0.0119788306898196,0.0,0.4,0.007241456,0.0,1.0,2.0,0.0502727939999999,27.2,CB,76,38,24,92,63,67,49,13,16,47,47,84,25,22,82,63,82,32,100,96,49,41,39,39,51,51,24,53,38,88,25,41,29,82,13,53,36,43,41,24,20,42,45,63,50,38,8,92,37,47,36,13,16,30,30,51,25,20,79,54,67,32,92,78,49,41,39,39,51,51,24,53,38,88,25,41,29,82,13,45,36,38,33,24,16,25,13,53,La Liga
Rayo Vallecano,3budh3j9xivsid3ptm8ptpy4k,1bdnkqbxm2u5ror7ipig5m73e,Sergio Camello,Sergio Camello,25.0,Attacker,Spain,Striker,22.0,0.0,39.0,1.0,61.0,2.0,7.0,13.0,8.0,11.0,11.0,19.0,323.0,10.0,12.0,11.0,2.0,3.0,5.0,1.0,0.0,1.0,0.0,2.0,6.0,0.0,0.0,70.93,25.0,0.0,18.18,76.92,38.0,22.22,75.0,1.5683031132464,0.4206279280916532,3.0,4.0,0.0919333,4.0,6.0,9.0,0.19930643,24.0,6.130030959752322,0.0,10.86687306501548,0.2786377708978328,16.9969040247678,0.5572755417956656,1.9504643962848296,3.622291021671826,2.2291021671826625,3.065015479876161,3.065015479876161,5.294117647058823,2.786377708978328,3.343653250773994,3.065015479876161,0.5572755417956656,0.8359133126934984,1.393188854489164,0.2786377708978328,0.0,0.2786377708978328,0.0,0.5572755417956656,1.671826625386997,0.0,0.0,70.93,25.0,0.0,18.18,76.92,38.0,22.22,75.0,0.4369884835671083,0.1172028282608321,0.8359133126934984,1.1145510835913313,0.0256160897832817,1.1145510835913313,1.671826625386997,2.5077399380804954,0.0555342993808049,6.687306501547988,ST,72,33,61,36,69,30,88,78,67,84,80,61,95,41,97,42,72,86,28,31,72,50,56,97,50,50,44,27,33,22,97,19,28,72,78,78,70,56,50,77,70,75,50,64,72,33,62,38,69,28,91,84,62,84,81,56,94,25,94,41,69,84,25,31,69,50,56,100,50,50,44,27,33,22,97,19,28,72,75,81,75,50,41,75,69,72,50,66,La Liga
Rayo Vallecano,3budh3j9xivsid3ptm8ptpy4k,1ho7koiegfhsuevuum2meibu2,P. Ciss,Pathé Ciss,32.0,Midfielder,Senegal,Midfielder,130.0,0.0,74.0,19.0,204.0,8.0,0.0,1.0,1.0,1.0,1.0,17.0,450.0,0.0,3.0,4.0,1.0,2.0,0.0,29.0,12.0,0.0,0.0,0.0,0.0,0.0,0.0,90.27,67.86,0.0,100.0,0.0,48.57,57.14,50.0,0.124562691361763,0.0,0.0,3.0,0.0678373999999999,1.0,16.0,13.0,0.40002129,130.0,26.0,0.0,14.8,3.8,40.8,1.6,0.0,0.2,0.2,0.2,0.2,3.4,0.0,0.6,0.8,0.2,0.4,0.0,5.8,2.4,0.0,0.0,0.0,0.0,0.0,0.0,90.27,67.86,0.0,100.0,0.0,48.57,57.14,50.0,0.0249125382723526,0.0,0.0,0.6,0.0135674799999999,0.2,3.2,2.6,0.080004258,26.0,DM/CM,97,34,26,90,73,97,4,33,60,23,20,61,34,57,60,36,14,20,100,94,43,51,29,47,51,51,66,66,34,84,34,37,80,40,40,6,29,21,29,26,43,47,63,80,69,34,9,86,34,94,4,17,41,11,11,37,34,44,40,19,6,20,100,90,43,51,29,47,51,51,66,66,34,84,34,37,80,40,31,6,29,14,20,17,31,36,43,51,La Liga
Rayo Vallecano,3budh3j9xivsid3ptm8ptpy4k,38dhmhce7deuqgqmc3p7nhai2,A. Rațiu,Andrei Ratiu,28.0,Defender,Romania,Defender,46.0,1.0,60.0,5.0,105.0,2.0,3.0,5.0,5.0,14.0,15.0,19.0,360.0,2.0,18.0,5.0,8.0,3.0,0.0,9.0,6.0,0.0,0.0,1.0,1.0,0.0,0.0,77.21,41.67,5.26,57.14,40.0,44.19,28.57,75.0,0.4819294892935774,0.1044788607502354,0.0,19.0,0.55934719,7.0,10.0,13.0,0.4056381299999999,52.0,11.5,0.25,15.0,1.25,26.25,0.5,0.75,1.25,1.25,3.5,3.75,4.75,0.5,4.5,1.25,2.0,0.75,0.0,2.25,1.5,0.0,0.0,0.25,0.25,0.0,0.0,77.21,41.67,5.26,57.14,40.0,44.19,28.57,75.0,0.1204823723233943,0.0261197151875588,0.0,4.75,0.1398367975,1.75,2.5,3.25,0.1014095324999999,13.0,RB/RCB,37,55,47,61,37,45,68,89,95,84,84,63,87,95,89,89,16,24,55,87,47,47,79,97,53,53,26,47,42,66,58,11,37,66,89,32,24,100,100,95,66,82,63,53,26,53,58,58,42,53,63,89,95,84,84,68,89,100,84,89,11,24,42,79,47,47,84,100,53,53,26,47,42,66,58,11,37,66,89,32,24,100,100,95,68,84,58,53,La Liga
Rayo Vallecano,3budh3j9xivsid3ptm8ptpy4k,533095rnz0k8mxqe6gzn0mfo5,F. Lejeune,Florian Lejeune,35.0,Defender,France,Defender,138.0,0.0,68.0,13.0,206.0,12.0,1.0,8.0,3.0,4.0,4.0,32.0,450.0,2.0,3.0,6.0,2.0,5.0,5.0,28.0,7.0,0.0,0.0,0.0,0.0,0.0,0.0,81.75,28.26,0.0,50.0,25.0,64.0,60.0,38.46,0.5309672795084264,0.0400824321150673,4.0,2.0,0.04087117,2.0,11.0,8.0,0.2755380699999999,132.0,27.6,0.0,13.6,2.6,41.2,2.4,0.2,1.6,0.6,0.8,0.8,6.4,0.4,0.6,1.2,0.4,1.0,1.0,5.6,1.4,0.0,0.0,0.0,0.0,0.0,0.0,81.75,28.26,0.0,50.0,25.0,64.0,60.0,38.46,0.1061934559016852,0.0080164864230134,0.8,0.4,0.0081742339999999,0.4,2.2,1.6,0.0551076139999999,26.4,CB,63,38,66,68,58,97,49,100,86,82,82,100,93,55,91,80,71,99,83,88,49,41,39,39,51,51,13,11,38,59,57,68,58,11,95,42,100,43,47,67,49,28,55,61,34,38,29,53,29,71,36,97,78,82,82,97,82,43,87,78,51,97,70,70,49,41,39,39,51,51,13,11,38,59,57,68,58,11,87,37,100,38,42,58,29,18,29,50,La Liga
Rayo Vallecano,3budh3j9xivsid3ptm8ptpy4k,7vb4xrwk7sbgpxzgiwwbt4s89,Pedro Díaz,Pedro Díaz,28.0,Midfielder,Spain,Midfielder,18.0,3.0,49.0,2.0,64.0,0.0,7.0,7.0,1.0,4.0,5.0,9.0,202.0,2.0,2.0,2.0,3.0,3.0,6.0,0.0,1.0,0.0,0.0,3.0,0.0,0.0,0.0,95.52,100.0,60.0,75.0,28.57,42.86,0.0,75.0,0.4107027485113343,0.635111255154572,4.0,4.0,0.09587723,2.0,10.0,11.0,0.1729927299999999,30.0,8.01980198019802,1.3366336633663367,21.831683168316832,0.8910891089108911,28.514851485148515,0.0,3.118811881188119,3.118811881188119,0.4455445544554455,1.7821782178217822,2.227722772277228,4.00990099009901,0.8910891089108911,0.8910891089108911,0.8910891089108911,1.3366336633663367,1.3366336633663367,2.6732673267326734,0.0,0.4455445544554455,0.0,0.0,1.3366336633663367,0.0,0.0,0.0,95.52,100.0,60.0,75.0,28.57,42.86,0.0,75.0,0.1829863730991093,0.2829703612074826,1.7821782178217822,1.7821782178217822,0.0427175777227722,0.8910891089108911,4.455445544554456,4.900990099009901,0.0770759688118811,13.366336633663366,CM/AM,9,53,26,24,14,12,59,64,16,21,28,12,41,7,14,45,48,91,10,33,29,52,84,26,48,52,100,97,97,100,28,24,17,71,41,59,84,17,14,21,36,38,21,21,28,79,55,34,41,12,93,90,28,45,55,28,66,21,28,62,86,97,10,59,29,52,97,26,48,52,100,97,97,100,28,24,17,71,66,90,93,38,34,34,79,72,31,45,La Liga
Rayo Vallecano,3budh3j9xivsid3ptm8ptpy4k,8eh38t4oyyt728co362f6uqqd,Álvaro García,Álvaro García,33.0,Midfielder,Spain,Midfielder,20.0,3.0,30.0,4.0,47.0,1.0,2.0,5.0,3.0,9.0,10.0,8.0,359.0,3.0,12.0,0.0,3.0,3.0,2.0,5.0,4.0,1.0,0.0,1.0,1.0,0.0,0.0,65.28,57.14,20.0,33.33,60.0,28.57,14.29,75.0,1.1255726220356397,0.2907368470139262,1.0,4.0,0.1504395599999999,3.0,2.0,5.0,0.55803726,18.0,5.013927576601671,0.7520891364902507,7.520891364902507,1.0027855153203342,11.782729805013927,0.2506963788300835,0.5013927576601671,1.2534818941504178,0.7520891364902507,2.256267409470752,2.5069637883008355,2.0055710306406684,0.7520891364902507,3.0083565459610027,0.0,0.7520891364902507,0.7520891364902507,0.5013927576601671,1.2534818941504178,1.0027855153203342,0.2506963788300835,0.0,0.2506963788300835,0.2506963788300835,0.0,0.0,65.28,57.14,20.0,33.33,60.0,28.57,14.29,75.0,0.2821769804546172,0.0728866747388673,0.2506963788300835,1.0027855153203342,0.037714652924791,0.7520891364902507,0.5013927576601671,1.2534818941504178,0.1398979203342618,4.512534818941504,LM/LCM,33,100,33,67,33,50,67,67,67,67,67,33,83,67,33,67,100,100,67,33,83,67,67,67,67,67,33,100,100,50,100,33,33,100,100,67,100,33,33,100,33,33,67,33,33,100,33,67,33,33,67,67,67,67,67,33,67,67,33,67,100,100,67,33,100,67,67,67,67,67,33,100,100,50,100,33,33,100,100,67,100,33,67,100,33,33,67,33,La Liga
Rayo Vallecano,3budh3j9xivsid3ptm8ptpy4k,8onruhr4es313aq52xsl7nxlh,Óscar Valentín,Óscar Valentín,32.0,Midfielder,Spain,Midfielder,46.0,0.0,52.0,1.0,98.0,3.0,1.0,0.0,0.0,1.0,1.0,16.0,283.0,0.0,1.0,4.0,1.0,5.0,0.0,12.0,5.0,0.0,0.0,0.0,0.0,0.0,0.0,84.48,14.29,0.0,100.0,0.0,55.17,75.0,62.5,0.0,0.0633896814687852,0.0,4.0,0.0911767,2.0,10.0,6.0,0.1531280099999999,56.0,14.628975265017669,0.0,16.537102473498233,0.3180212014134275,31.166077738515902,0.9540636042402828,0.3180212014134275,0.0,0.0,0.3180212014134275,0.3180212014134275,5.088339222614841,0.0,0.3180212014134275,1.2720848056537102,0.3180212014134275,1.5901060070671378,0.0,3.8162544169611294,1.5901060070671378,0.0,0.0,0.0,0.0,0.0,0.0,84.48,14.29,0.0,100.0,0.0,55.17,75.0,62.5,0.0,0.0201592626579175,0.0,1.2720848056537102,0.0289961236749116,0.6360424028268551,3.180212014134276,1.9081272084805647,0.0486979537102473,17.809187279151942,DM/CM,6,34,10,4,6,59,24,9,20,23,20,56,34,23,60,36,73,20,86,66,43,51,29,47,51,51,11,3,34,84,34,66,94,76,9,29,29,33,34,44,19,14,9,14,17,34,14,6,11,71,37,9,20,26,20,74,34,26,80,40,80,20,94,69,43,51,29,47,51,51,11,3,34,84,34,66,94,76,9,29,29,46,46,49,29,11,11,26,La Liga
Rayo Vallecano,3budh3j9xivsid3ptm8ptpy4k,8rprxly1blrhq9cwhfqoheeax,Adrià Pedrosa,Adrià Pedrosa,28.0,Defender,Spain,Defender,24.0,3.0,34.0,4.0,55.0,0.0,7.0,2.0,1.0,6.0,6.0,10.0,218.0,1.0,4.0,1.0,4.0,3.0,1.0,2.0,2.0,0.0,0.0,0.0,0.0,0.0,0.0,79.71,36.36,37.5,66.67,50.0,40.0,0.0,60.0,0.1360431529931172,0.77702289381788,1.0,8.0,0.24171129,3.0,6.0,11.0,0.77118528,26.0,9.908256880733946,1.2385321100917432,14.036697247706424,1.651376146788991,22.706422018348626,0.0,2.889908256880734,0.8256880733944955,0.4128440366972477,2.4770642201834865,2.4770642201834865,4.128440366972478,0.4128440366972477,1.651376146788991,0.4128440366972477,1.651376146788991,1.2385321100917432,0.4128440366972477,0.8256880733944955,0.8256880733944955,0.0,0.0,0.0,0.0,0.0,0.0,79.71,36.36,37.5,66.67,50.0,40.0,0.0,60.0,0.0561646044466997,0.3207892680899505,0.4128440366972477,3.302752293577982,0.099789064678899,1.2385321100917432,2.4770642201834865,4.541284403669725,0.3183792440366972,10.73394495412844,CB,3,99,11,16,3,4,100,50,41,96,91,14,68,71,34,95,45,74,3,24,49,41,39,39,51,51,8,26,89,71,83,8,5,55,34,100,79,89,97,83,25,50,95,8,5,100,39,24,8,4,100,71,53,100,100,47,86,87,45,100,71,89,3,32,49,41,39,39,51,51,8,26,89,71,83,8,5,55,45,100,89,96,97,95,34,74,100,11,La Liga
Rayo Vallecano,3budh3j9xivsid3ptm8ptpy4k,bpfp895223p7w0px2ui3nb2l1,I. Balliu,Iván Balliu,34.0,Defender,Albania,Defender,21.0,0.0,20.0,1.0,41.0,3.0,0.0,0.0,0.0,3.0,3.0,9.0,200.0,0.0,0.0,3.0,0.0,2.0,0.0,7.0,2.0,0.0,1.0,0.0,0.0,0.0,0.0,74.55,25.0,0.0,0.0,0.0,40.91,50.0,66.67,0.0,0.0,0.0,0.0,0.0,0.0,0.0,0.0,0.0,0.0,9.45,0.0,9.0,0.4499999999999999,18.45,1.35,0.0,0.0,0.0,1.35,1.35,4.05,0.0,0.0,1.35,0.0,0.8999999999999999,0.0,3.15,0.8999999999999999,0.0,0.4499999999999999,0.0,0.0,0.0,0.0,74.55,25.0,0.0,0.0,0.0,40.91,50.0,66.67,0.0,0.0,0.0,0.0,0.0,0.0,0.0,0.0,0.0,0.0,LB/LCB,4,19,4,4,4,35,15,12,21,40,35,10,40,6,46,10,19,27,35,25,42,98,29,46,52,52,12,4,19,10,40,4,44,52,12,19,27,6,6,10,4,4,4,4,8,19,4,4,4,62,15,12,21,50,50,29,40,6,71,10,38,27,67,46,42,100,29,46,52,52,12,4,19,10,40,4,44,52,12,19,27,6,6,10,4,4,4,4,La Liga
Rayo Vallecano,3budh3j9xivsid3ptm8ptpy4k,c157xhi78x9cykn7xz816bjd,Jorge de Frutos,Jorge de Frutos,29.0,Attacker,Spain,Striker,17.0,1.0,21.0,1.0,37.0,3.0,1.0,1.0,1.0,8.0,9.0,20.0,302.0,1.0,4.0,5.0,4.0,7.0,0.0,2.0,0.0,1.0,0.0,0.0,0.0,0.0,0.0,74.0,50.0,12.5,50.0,100.0,45.45,42.86,77.78,0.1044788607502354,0.1154061714075662,0.0,2.0,0.0580847399999999,2.0,2.0,4.0,0.0561466599999999,15.0,5.066225165562914,0.2980132450331125,6.258278145695364,0.2980132450331125,11.026490066225165,0.8940397350993378,0.2980132450331125,0.2980132450331125,0.2980132450331125,2.3841059602649004,2.6821192052980134,5.960264900662252,0.2980132450331125,1.1920529801324502,1.490066225165563,1.1920529801324502,2.086092715231788,0.0,0.5960264900662251,0.0,0.2980132450331125,0.0,0.0,0.0,0.0,0.0,74.0,50.0,12.5,50.0,100.0,45.45,42.86,77.78,0.0311360843295403,0.0343925676380164,0.0,0.5960264900662251,0.0173100218543046,0.5960264900662251,0.5960264900662251,1.1920529801324502,0.0167324483443708,4.470198675496689,RW,15,35,8,27,8,77,12,8,12,23,23,54,27,8,50,31,88,12,62,12,88,54,12,27,54,54,15,46,38,58,100,38,69,77,8,8,8,12,15,23,19,23,8,19,23,38,8,23,8,77,15,8,15,23,23,54,31,8,62,38,100,12,62,12,92,54,12,27,54,54,15,46,38,58,100,38,69,77,8,15,8,8,8,23,23,31,8,15,La Liga
Rayo Vallecano,3budh3j9xivsid3ptm8ptpy4k,u04ao1ldrjjesgqq52o7ghqt,Unai López,Unai López,30.0,Midfielder,Spain,Midfielder,89.0,7.0,107.0,20.0,189.0,4.0,12.0,3.0,0.0,6.0,6.0,21.0,408.0,1.0,1.0,2.0,4.0,5.0,3.0,3.0,3.0,3.0,0.0,1.0,0.0,0.0,0.0,83.63,54.05,23.33,66.67,33.33,42.0,44.44,45.45,0.1593997756892694,1.2050293876364184,2.0,7.0,0.15869369,3.0,23.0,24.0,0.49746342,105.0,19.63235294117647,1.5441176470588236,23.60294117647059,4.411764705882353,41.69117647058824,0.8823529411764706,2.647058823529412,0.6617647058823529,0.0,1.3235294117647058,1.3235294117647058,4.632352941176471,0.2205882352941176,0.2205882352941176,0.4411764705882353,0.8823529411764706,1.1029411764705883,0.6617647058823529,0.6617647058823529,0.6617647058823529,0.6617647058823529,0.0,0.2205882352941176,0.0,0.0,0.0,83.63,54.05,23.33,66.67,33.33,42.0,44.44,45.45,0.0351617152255741,0.2658153060962688,0.4411764705882353,1.5441176470588236,0.0350059610294117,0.6617647058823529,5.073529411764706,5.294117647058823,0.1097345779411764,23.161764705882355,DM/CM,54,100,71,97,57,77,100,66,20,87,87,80,79,23,27,90,73,84,20,40,100,51,71,47,51,51,9,40,80,53,74,20,61,20,51,100,77,60,63,59,81,89,83,60,34,100,54,91,37,63,100,60,20,83,83,60,69,20,23,86,57,80,14,34,97,51,60,47,51,51,9,40,80,53,74,20,61,20,43,100,74,49,54,51,71,89,69,37,La Liga
Real Betis,ah8dala7suqqkj04n2l8xz4zd,2r4450bqkmpcf1ogmcfhvczmy,Natan,Natan Bernardo de Souza,25.0,Defender,Brazil,Defender,115.0,0.0,61.0,5.0,176.0,8.0,1.0,2.0,2.0,2.0,2.0,20.0,360.0,1.0,2.0,0.0,2.0,7.0,0.0,34.0,0.0,0.0,1.0,0.0,1.0,0.0,0.0,89.34,27.78,0.0,100.0,50.0,83.33,88.89,70.0,0.3318195993608718,0.0,0.0,1.0,0.02953272,0.0,14.0,11.0,0.23538812,110.0,28.75,0.0,15.25,1.25,44.0,2.0,0.25,0.5,0.5,0.5,0.5,5.0,0.25,0.5,0.0,0.5,1.75,0.0,8.5,0.0,0.0,0.25,0.0,0.25,0.0,0.0,89.34,27.78,0.0,100.0,50.0,83.33,88.89,70.0,0.0829548998402179,0.0,0.0,0.25,0.00738318,0.0,3.5,2.75,0.05884703,27.5,CB,42,38,53,21,39,67,49,50,64,74,74,74,68,37,11,80,89,32,96,4,49,89,39,89,51,51,63,8,38,88,83,100,97,72,74,18,36,25,32,24,67,50,37,51,37,38,50,17,39,61,50,47,66,76,76,66,66,34,11,84,89,32,97,4,49,87,39,89,51,51,63,8,38,88,83,100,97,72,71,18,36,26,37,24,61,37,34,55,La Liga
Real Betis,ah8dala7suqqkj04n2l8xz4zd,39c5g6782qlrtw55fsre7exnt,Fran García,Fran García,27.0,Defender,Spain,Defender,79.0,2.0,82.0,4.0,159.0,3.0,5.0,0.0,0.0,2.0,3.0,20.0,391.0,0.0,7.0,4.0,2.0,4.0,0.0,4.0,4.0,1.0,0.0,0.0,0.0,0.0,0.0,85.48,33.33,13.33,100.0,0.0,60.61,42.86,36.36,0.0,0.4584213293206332,0.0,10.0,0.22997983,5.0,7.0,10.0,0.6362145899999999,75.0,18.1841432225064,0.4603580562659847,18.87468030690537,0.9207161125319694,36.59846547314578,0.690537084398977,1.1508951406649617,0.0,0.0,0.4603580562659847,0.690537084398977,4.603580562659847,0.0,1.6112531969309465,0.9207161125319694,0.4603580562659847,0.9207161125319694,0.0,0.9207161125319694,0.9207161125319694,0.2301790281329923,0.0,0.0,0.0,0.0,0.0,85.48,33.33,13.33,100.0,0.0,60.61,42.86,36.36,0.0,0.1055189760584577,0.0,2.301790281329924,0.0529365337595907,1.1508951406649617,1.6112531969309465,2.301790281329924,0.1464432560102301,17.263427109974426,LB/LCB,65,75,56,31,58,35,88,12,21,25,35,42,40,75,60,54,50,27,15,52,88,48,29,46,52,52,58,25,38,94,40,71,25,12,12,83,27,79,75,69,29,38,83,52,42,75,54,21,46,29,79,12,21,21,29,42,40,71,54,54,42,27,4,50,88,48,29,46,52,52,58,25,38,94,40,71,25,12,12,75,27,79,71,71,25,29,92,42,La Liga
Real Betis,ah8dala7suqqkj04n2l8xz4zd,3e8mxxfs5q7gt4lg2beqpkwyd,Héctor Bellerín,Héctor Bellerín,31.0,Defender,Spain,Defender,74.0,1.0,74.0,4.0,147.0,2.0,6.0,3.0,3.0,2.0,2.0,13.0,379.0,2.0,9.0,1.0,1.0,7.0,0.0,9.0,3.0,0.0,0.0,1.0,0.0,0.0,0.0,84.0,44.44,8.33,50.0,66.67,52.0,0.0,77.78,0.3065200521202523,0.4922734542476474,1.0,3.0,0.06967232,1.0,14.0,10.0,0.4342262099999998,95.0,17.572559366754618,0.2374670184696569,17.572559366754618,0.949868073878628,34.90765171503958,0.4749340369393139,1.4248021108179418,0.7124010554089709,0.7124010554089709,0.4749340369393139,0.4749340369393139,3.0870712401055407,0.4749340369393139,2.1372031662269126,0.2374670184696569,0.2374670184696569,1.6622691292875988,0.0,2.1372031662269126,0.7124010554089709,0.0,0.0,0.2374670184696569,0.0,0.0,0.0,84.0,44.44,8.33,50.0,66.67,52.0,0.0,77.78,0.0727884028781601,0.1168987094519479,0.2374670184696569,0.7124010554089709,0.0165448781002638,0.2374670184696569,3.3245382585751977,2.3746701846965697,0.1031144034300791,22.55936675461741,RB/RCB,74,55,79,37,74,45,92,76,84,26,26,21,87,74,16,37,68,24,55,39,47,47,79,47,53,53,58,53,47,53,84,50,16,76,84,89,68,16,16,24,79,68,68,84,68,47,68,42,74,47,84,79,84,26,26,11,84,74,16,32,63,24,37,37,47,47,79,47,53,53,58,53,47,53,84,50,16,76,84,84,63,16,26,21,79,63,63,84,La Liga
Real Betis,ah8dala7suqqkj04n2l8xz4zd,45s1v9805id09m5zkcylueod1,Isco,Francisco Román Alarcón Suárez,34.0,Midfielder,Spain,Midfielder,45.0,6.0,85.0,5.0,124.0,1.0,10.0,7.0,1.0,3.0,4.0,9.0,237.0,3.0,6.0,5.0,1.0,0.0,6.0,1.0,2.0,0.0,0.0,4.0,0.0,0.0,0.0,89.21,62.5,54.55,33.33,42.86,40.91,33.33,0.0,0.4733278476972768,1.037843206884895,4.0,9.0,0.2073929,4.0,12.0,16.0,0.4227860899999999,71.0,17.088607594936708,2.278481012658228,32.278481012658226,1.89873417721519,47.08860759493671,0.379746835443038,3.79746835443038,2.6582278481012658,0.379746835443038,1.139240506329114,1.518987341772152,3.4177215189873418,1.139240506329114,2.278481012658228,1.89873417721519,0.379746835443038,0.0,2.278481012658228,0.379746835443038,0.759493670886076,0.0,0.0,1.518987341772152,0.0,0.0,0.0,89.21,62.5,54.55,33.33,42.86,40.91,33.33,0.0,0.1797447522901051,0.394117673500593,1.518987341772152,3.4177215189873418,0.0787567974683544,1.518987341772152,4.556962025316456,6.075949367088608,0.1605516797468354,26.96202531645569,CM,50,100,100,100,100,75,100,100,100,100,100,100,100,100,100,100,50,100,50,50,75,75,100,75,75,75,50,50,100,100,100,50,50,50,100,100,100,100,100,100,100,100,100,100,50,100,100,100,100,50,100,100,100,100,100,100,100,100,100,100,50,100,50,50,75,75,100,75,75,75,50,50,100,100,100,50,50,50,100,100,100,100,100,100,100,100,100,100,La Liga
Real Betis,ah8dala7suqqkj04n2l8xz4zd,4r6jcuotjs6rz8iwu20996z85,Marc Roca,Marc Roca,29.0,Midfielder,Spain,Midfielder,91.0,0.0,95.0,9.0,186.0,4.0,3.0,3.0,2.0,1.0,1.0,24.0,337.0,0.0,3.0,6.0,1.0,6.0,1.0,7.0,4.0,1.0,0.0,1.0,0.0,0.0,0.0,93.0,64.29,0.0,100.0,0.0,68.57,80.0,46.15,0.2670542958576236,0.1672638901360449,1.0,2.0,0.03805479,1.0,17.0,18.0,0.4933611699999998,111.0,24.3026706231454,0.0,25.37091988130564,2.4035608308605343,49.67359050445104,1.0682492581602374,0.8011869436201781,0.8011869436201781,0.5341246290801187,0.2670623145400593,0.2670623145400593,6.4094955489614245,0.0,0.8011869436201781,1.602373887240356,0.2670623145400593,1.602373887240356,0.2670623145400593,1.869436201780416,1.0682492581602374,0.2670623145400593,0.0,0.2670623145400593,0.0,0.0,0.0,93.0,64.29,0.0,100.0,0.0,68.57,80.0,46.15,0.0713201383596027,0.0446698816387063,0.2670623145400593,0.5341246290801187,0.0101630002967359,0.2670623145400593,4.540059347181009,4.807121661721069,0.1317581759643916,29.643916913946587,DM/CM,57,34,54,53,51,77,63,66,89,23,20,87,34,57,87,36,83,53,63,54,90,51,71,47,51,51,89,59,34,84,34,94,97,24,77,63,64,10,11,26,54,73,80,63,60,34,63,49,57,77,60,69,91,20,17,89,34,54,83,34,83,60,54,51,94,51,74,47,51,51,89,59,34,84,34,94,97,24,83,63,66,11,11,34,57,77,89,63,La Liga
Real Betis,ah8dala7suqqkj04n2l8xz4zd,6aix9yu384pv1caanqiol231l,Pablo Fornals,Pablo Fornals,30.0,Midfielder,Spain,Midfielder,75.0,4.0,152.0,13.0,223.0,2.0,11.0,9.0,5.0,7.0,7.0,11.0,376.0,0.0,12.0,3.0,3.0,2.0,4.0,1.0,5.0,0.0,0.0,4.0,0.0,0.0,0.0,85.11,48.15,21.05,42.86,0.0,45.83,40.0,66.67,0.7042631582548282,0.6112994181862008,3.0,17.0,0.38344388,9.0,26.0,33.0,0.6191057400000001,127.0,17.952127659574465,0.9574468085106382,36.38297872340425,3.111702127659574,53.37765957446808,0.4787234042553191,2.632978723404255,2.154255319148936,1.1968085106382975,1.675531914893617,1.675531914893617,2.632978723404255,0.0,2.872340425531915,0.7180851063829787,0.7180851063829787,0.4787234042553191,0.9574468085106382,0.2393617021276595,1.1968085106382975,0.0,0.0,0.9574468085106382,0.0,0.0,0.0,85.11,48.15,21.05,42.86,0.0,45.83,40.0,66.67,0.1685736283056769,0.1463216692466969,0.7180851063829787,4.069148936170213,0.091781779787234,2.154255319148936,6.223404255319148,7.898936170212766,0.1481902037234042,30.398936170212764,CM/AM,79,67,97,93,97,52,93,71,79,43,43,26,3,72,26,45,24,69,36,86,29,52,91,26,48,52,59,41,41,41,3,34,62,60,69,55,67,93,79,97,90,93,69,97,76,62,90,93,93,45,86,62,69,31,31,7,3,66,17,31,21,66,24,90,29,52,90,26,48,52,59,41,41,41,3,34,62,60,62,41,66,79,69,93,90,86,62,93,La Liga
Real Betis,ah8dala7suqqkj04n2l8xz4zd,8aao79b1g77c5jhp1n0w60xrd,C. Hernández,Cucho Hernández,27.0,Attacker,Colombia,Striker,19.0,1.0,42.0,8.0,60.0,5.0,5.0,7.0,6.0,9.0,9.0,14.0,336.0,4.0,25.0,4.0,4.0,1.0,1.0,2.0,0.0,1.0,0.0,0.0,1.0,0.0,0.0,73.17,88.89,50.0,44.44,57.14,31.11,26.32,100.0,0.8089348471710831,0.4122214341301536,2.0,3.0,0.06486917,2.0,7.0,8.0,0.34113769,32.0,5.089285714285714,0.2678571428571428,11.25,2.142857142857143,16.07142857142857,1.3392857142857142,1.3392857142857142,1.875,1.6071428571428572,2.4107142857142856,2.4107142857142856,3.75,1.0714285714285714,6.696428571428571,1.0714285714285714,1.0714285714285714,0.2678571428571428,0.2678571428571428,0.5357142857142857,0.0,0.2678571428571428,0.0,0.0,0.2678571428571428,0.0,0.0,73.17,88.89,50.0,44.44,57.14,31.11,26.32,100.0,0.2166789769208258,0.1104164555705768,0.5357142857142857,0.8035714285714286,0.0173756705357142,0.5357142857142857,1.875,2.142857142857143,0.0913761669642857,8.571428571428571,ST,61,75,66,95,64,58,72,31,48,67,62,36,55,88,39,69,36,33,47,31,72,50,9,48,50,50,50,75,89,53,78,9,34,92,41,75,50,41,25,48,77,67,75,75,56,72,66,94,59,53,72,34,38,59,56,22,50,91,38,59,31,25,47,31,66,50,9,44,50,50,50,75,89,53,78,9,34,92,34,72,47,34,25,44,78,62,72,72,La Liga
Real Betis,ah8dala7suqqkj04n2l8xz4zd,bqmhsb2bsuuuijw2ci39l01k9,Rodrigo Riquelme,Rodrigo Riquelme,26.0,Midfielder,Spain,Midfielder,23.0,2.0,66.0,1.0,87.0,1.0,5.0,6.0,6.0,10.0,12.0,17.0,279.0,3.0,16.0,6.0,7.0,1.0,0.0,3.0,6.0,0.0,0.0,2.0,2.0,0.0,0.0,81.31,33.33,18.18,70.0,50.0,56.67,25.0,33.33,0.5757923922147263,0.3004873007251525,0.0,9.0,0.2057044,1.0,7.0,10.0,0.4208531399999998,28.0,7.419354838709677,0.6451612903225806,21.29032258064516,0.3225806451612903,28.064516129032256,0.3225806451612903,1.6129032258064515,1.935483870967741,1.935483870967741,3.225806451612903,3.870967741935484,5.483870967741935,0.9677419354838708,5.161290322580645,1.935483870967741,2.258064516129032,0.3225806451612903,0.0,0.9677419354838708,1.935483870967741,0.0,0.0,0.6451612903225806,0.6451612903225806,0.0,0.0,81.31,33.33,18.18,70.0,50.0,56.67,25.0,33.33,0.1857394813595891,0.0969313873306943,0.0,2.903225806451613,0.0663562580645161,0.3225806451612903,2.258064516129032,3.225806451612903,0.1357590774193547,9.032258064516128,LM/LCM,67,67,67,33,67,50,100,100,100,100,100,100,83,100,100,100,50,50,33,67,33,67,100,100,67,67,67,33,67,100,67,100,67,33,67,100,50,83,100,33,67,67,33,67,67,67,67,33,67,67,100,100,100,100,100,100,100,100,100,100,67,50,33,100,33,67,100,100,67,67,67,33,67,100,67,100,67,33,67,100,50,100,100,33,67,67,33,67,La Liga
Real Betis,ah8dala7suqqkj04n2l8xz4zd,c95r9z8d278aou76he7tp3k7o,F. Bernal,Facundo Bernal,23.0,Midfielder,Uruguay,Midfielder,74.0,0.0,66.0,7.0,140.0,3.0,1.0,3.0,1.0,2.0,2.0,17.0,296.0,1.0,3.0,3.0,2.0,2.0,2.0,3.0,7.0,0.0,0.0,0.0,0.0,0.0,0.0,88.61,46.67,0.0,100.0,33.33,70.83,0.0,22.22,0.2748789928115723,0.0546326564320961,1.0,3.0,0.06317351,0.0,9.0,5.0,0.15776872,78.0,22.5,0.0,20.06756756756757,2.1283783783783785,42.56756756756757,0.9121621621621622,0.304054054054054,0.9121621621621622,0.304054054054054,0.6081081081081081,0.6081081081081081,5.168918918918919,0.304054054054054,0.9121621621621622,0.9121621621621622,0.6081081081081081,0.6081081081081081,0.6081081081081081,0.9121621621621622,2.1283783783783785,0.0,0.0,0.0,0.0,0.0,0.0,88.61,46.67,0.0,100.0,33.33,70.83,0.0,22.22,0.0835780721386537,0.0166112806719211,0.304054054054054,0.9121621621621622,0.0192081618243243,0.0,2.7364864864864864,1.5202702702702704,0.0479702189189189,23.716216216216218,DM/CM,31,34,17,46,20,59,24,66,60,43,39,61,79,57,44,66,14,73,20,80,43,51,29,47,51,51,49,20,34,84,74,100,17,4,86,17,64,21,26,9,13,7,11,34,51,34,37,46,40,66,34,80,63,49,43,77,86,63,49,80,20,77,29,83,43,51,29,47,51,51,49,20,34,84,74,100,17,4,89,23,69,26,29,9,20,9,9,43,La Liga
Real Betis,ah8dala7suqqkj04n2l8xz4zd,evpjdko94awbqbbl5wl9hto7p,Marc Bartra,Marc Bartra,35.0,Defender,Spain,Defender,71.0,0.0,50.0,10.0,121.0,10.0,1.0,4.0,2.0,1.0,1.0,21.0,321.0,2.0,3.0,0.0,1.0,8.0,2.0,30.0,4.0,0.0,2.0,0.0,1.0,0.0,0.0,84.03,40.0,0.0,100.0,50.0,75.0,71.43,80.0,0.3059643196861082,0.0371941648461687,2.0,0.0,0.0,3.0,12.0,12.0,0.19637137,72.0,19.90654205607477,0.0,14.018691588785046,2.803738317757009,33.92523364485981,2.803738317757009,0.2803738317757009,1.1214953271028036,0.5607476635514018,0.2803738317757009,0.2803738317757009,5.887850467289719,0.5607476635514018,0.8411214953271028,0.0,0.2803738317757009,2.242990654205608,0.5607476635514018,8.411214953271028,1.1214953271028036,0.0,0.5607476635514018,0.0,0.2803738317757009,0.0,0.0,84.03,40.0,0.0,100.0,50.0,75.0,71.43,80.0,0.0857843886970396,0.0104282705176173,0.5607476635514018,0.0,0.0,0.8411214953271028,3.364485981308411,3.364485981308411,0.0550573934579439,20.186915887850468,CB,24,38,28,57,21,89,49,84,64,47,47,78,93,55,11,63,96,89,88,47,49,100,39,89,51,51,32,42,38,88,83,89,86,88,68,39,92,9,9,83,57,61,24,29,16,38,37,61,21,89,53,84,74,53,53,92,97,61,11,66,97,92,95,50,49,100,39,95,51,51,32,42,38,88,83,89,86,88,74,42,95,9,9,79,55,59,24,29,La Liga
Real Betis,ah8dala7suqqkj04n2l8xz4zd,v22q59d00b5v78rgx7v8z3vu,Antony,Antony Matheus dos Santos,26.0,Attacker,Brazil,Striker,47.0,2.0,123.0,6.0,168.0,3.0,7.0,23.0,14.0,15.0,15.0,24.0,371.0,9.0,29.0,6.0,9.0,2.0,9.0,1.0,3.0,0.0,0.0,9.0,0.0,0.0,0.0,88.42,66.67,20.0,60.0,39.13,63.16,75.0,33.33,1.684880261343915,0.5008367399802465,14.0,29.0,0.93493129,11.0,10.0,21.0,0.9105639999999996,74.0,11.401617250673857,0.4851752021563343,29.83827493261456,1.4555256064690028,40.75471698113208,0.7277628032345014,1.69811320754717,5.579514824797844,3.39622641509434,3.6388140161725073,3.6388140161725073,5.822102425876011,2.183288409703504,7.035040431266848,1.4555256064690028,2.183288409703504,0.4851752021563343,2.183288409703504,0.2425876010781671,0.7277628032345014,0.0,0.0,2.183288409703504,0.0,0.0,0.0,88.42,66.67,20.0,60.0,39.13,63.16,75.0,33.33,0.4087310607033756,0.1214967832836177,3.39622641509434,7.035040431266848,0.2268027388140162,2.6684636118598384,2.425876010781672,5.09433962264151,0.22089153638814,17.951482479784367,RW,100,58,85,92,85,77,73,92,92,65,58,65,92,85,73,65,50,100,27,65,42,54,100,27,54,54,100,62,54,77,62,100,100,23,92,62,100,92,85,100,73,92,77,92,100,54,77,92,85,69,69,92,92,46,46,46,92,77,54,54,46,100,23,54,42,54,100,27,54,54,100,62,54,77,62,100,100,23,92,69,100,85,92,100,77,92,77,92,La Liga
Celta de Vigo,6f27yvbqcngegwsg2ozxxdj4,40gxfsz7bgrkdudqewlpxzyzt,Javi Galán,Javi Galán,31.0,Defender,Spain,Defender,44.0,3.0,41.0,4.0,82.0,2.0,3.0,0.0,0.0,5.0,6.0,12.0,205.0,0.0,1.0,4.0,1.0,4.0,0.0,3.0,1.0,0.0,0.0,0.0,0.0,0.0,0.0,82.0,50.0,25.0,20.0,0.0,60.0,50.0,80.0,0.0,0.2885161511980448,0.0,6.0,0.14329,1.0,3.0,6.0,0.30854326,22.0,19.317073170731707,1.3170731707317074,18.0,1.7560975609756098,36.0,0.8780487804878049,1.3170731707317074,0.0,0.0,2.1951219512195124,2.6341463414634148,5.2682926829268295,0.0,0.4390243902439024,1.7560975609756098,0.4390243902439024,1.7560975609756098,0.0,1.3170731707317074,0.4390243902439024,0.0,0.0,0.0,0.0,0.0,0.0,82.0,50.0,25.0,20.0,0.0,60.0,50.0,80.0,0.0,0.1266656273552391,0.0,2.6341463414634148,0.0629078048780487,0.4390243902439024,1.3170731707317074,2.6341463414634148,0.1354580165853658,9.658536585365852,LB/LCB,17,83,12,31,12,19,67,12,21,52,56,27,40,17,60,33,50,27,4,8,42,48,29,46,52,52,33,75,73,23,40,67,44,75,12,62,27,50,50,25,10,21,21,8,50,96,50,50,42,38,88,12,21,79,92,62,40,29,92,50,67,27,12,8,42,48,29,46,52,52,33,75,73,23,40,67,44,75,12,88,27,88,79,33,17,38,75,12,La Liga
Celta de Vigo,6f27yvbqcngegwsg2ozxxdj4,5tc1y5n3h4ties7gbc3zd9j6y,Sergio Carreira,Sergio Carreira,25.0,Defender,Spain,Defender,69.0,0.0,128.0,7.0,197.0,0.0,3.0,4.0,1.0,7.0,7.0,13.0,411.0,1.0,8.0,7.0,4.0,2.0,3.0,5.0,0.0,0.0,1.0,2.0,0.0,0.0,0.0,82.08,63.64,0.0,57.14,25.0,50.0,0.0,100.0,0.2810515999453289,0.2455611685262433,3.0,28.0,0.6963746399999999,11.0,21.0,38.0,1.07301784,102.0,15.109489051094892,0.0,28.02919708029197,1.5328467153284673,43.13868613138686,0.0,0.6569343065693432,0.8759124087591241,0.218978102189781,1.5328467153284673,1.5328467153284673,2.8467153284671536,0.218978102189781,1.7518248175182485,1.5328467153284673,0.8759124087591241,0.437956204379562,0.6569343065693432,1.094890510948905,0.0,0.0,0.218978102189781,0.437956204379562,0.0,0.0,0.0,82.08,63.64,0.0,57.14,25.0,50.0,0.0,100.0,0.0615441459734296,0.0537725186553817,0.6569343065693432,6.131386861313869,0.1524907970802919,2.408759124087591,4.598540145985401,8.321167883211679,0.2349674102189781,22.335766423357665,CB,21,38,92,38,53,4,95,84,41,100,97,37,68,95,97,95,26,95,9,4,49,89,93,39,51,51,18,84,38,66,57,25,5,99,58,92,97,100,100,100,78,100,100,45,8,38,89,21,34,4,95,76,39,95,89,16,58,89,95,92,24,95,5,4,49,82,95,39,51,51,18,84,38,66,57,25,5,99,47,89,97,100,100,100,76,97,97,34,La Liga
Celta de Vigo,6f27yvbqcngegwsg2ozxxdj4,64ctdbd0w5ikj0fkcuu9jdbhm,I. Moriba,Moriba Kourouma Kourouma,23.0,Midfielder,Guinea,Midfielder,83.0,0.0,164.0,4.0,247.0,0.0,1.0,4.0,1.0,1.0,2.0,12.0,402.0,0.0,5.0,5.0,1.0,4.0,3.0,5.0,2.0,0.0,0.0,0.0,0.0,0.0,0.0,93.21,44.44,0.0,100.0,0.0,38.71,0.0,66.67,0.2691244159063204,0.0905176929669716,3.0,20.0,0.4257201099999999,8.0,22.0,17.0,0.3806229599999998,123.0,18.58208955223881,0.0,36.71641791044776,0.8955223880597015,55.298507462686565,0.0,0.2238805970149253,0.8955223880597015,0.2238805970149253,0.2238805970149253,0.4477611940298507,2.686567164179104,0.0,1.1194029850746268,1.1194029850746268,0.2238805970149253,0.8955223880597015,0.6716417910447761,1.1194029850746268,0.4477611940298507,0.0,0.0,0.0,0.0,0.0,0.0,93.21,44.44,0.0,100.0,0.0,38.71,0.0,66.67,0.0602517349044,0.0202651551418593,0.6716417910447761,4.477611940298507,0.0953104723880596,1.791044776119403,4.925373134328358,3.805970149253731,0.085214095522388,27.53731343283582,DM/CM,44,34,97,19,94,10,24,84,60,23,39,23,34,83,77,36,56,84,41,29,43,51,29,47,51,51,91,17,34,84,34,11,17,83,80,40,86,100,100,96,76,69,54,74,26,34,89,17,69,10,14,74,51,17,31,9,34,77,63,29,43,83,40,29,43,51,29,47,51,51,91,17,34,84,34,11,17,83,69,31,86,97,97,91,69,51,49,54,La Liga
Celta de Vigo,6f27yvbqcngegwsg2ozxxdj4,6q341ss6es4r2m1o5s5e80nbo,Yoel Lago,Yoel Lago,22.0,Defender,Spain,Defender,205.0,0.0,135.0,11.0,340.0,4.0,1.0,0.0,0.0,0.0,0.0,14.0,495.0,0.0,1.0,6.0,0.0,2.0,0.0,24.0,10.0,0.0,0.0,0.0,0.0,0.0,0.0,92.9,50.0,0.0,0.0,0.0,43.75,36.36,50.0,0.0,0.0,0.0,0.0,0.0,0.0,0.0,0.0,0.0,0.0,37.27272727272727,0.0,24.545454545454547,2.0,61.81818181818182,0.7272727272727273,0.1818181818181818,0.0,0.0,0.0,0.0,2.5454545454545454,0.0,0.1818181818181818,1.0909090909090908,0.0,0.3636363636363636,0.0,4.363636363636363,1.818181818181818,0.0,0.0,0.0,0.0,0.0,0.0,92.9,50.0,0.0,0.0,0.0,43.75,36.36,50.0,0.0,0.0,0.0,0.0,0.0,0.0,0.0,0.0,0.0,0.0,CB,92,38,97,61,97,25,49,13,16,14,14,45,25,22,91,26,26,32,76,100,49,41,39,39,51,51,84,63,38,26,25,16,21,29,13,18,36,9,9,24,4,4,4,4,66,38,84,39,76,11,29,13,16,14,14,13,25,16,82,26,11,32,45,92,49,41,39,39,51,51,84,63,38,26,25,16,21,29,13,18,36,9,9,24,4,4,4,4,La Liga
Celta de Vigo,6f27yvbqcngegwsg2ozxxdj4,75xbiozismh96vufhrhkng4mi,Javi Rueda,Javi Rueda,24.0,Defender,Spain,Defender,40.0,1.0,65.0,5.0,104.0,4.0,6.0,2.0,0.0,6.0,8.0,19.0,331.0,0.0,8.0,5.0,4.0,5.0,2.0,7.0,5.0,0.0,0.0,1.0,0.0,0.0,0.0,81.89,62.5,10.0,66.67,0.0,50.0,40.0,83.33,0.1604970243466103,0.5437192891377295,1.0,7.0,0.17485254,1.0,4.0,4.0,0.5937388900000001,26.0,10.876132930513595,0.2719033232628399,17.673716012084594,1.3595166163141994,28.27794561933535,1.0876132930513596,1.6314199395770397,0.5438066465256798,0.0,1.6314199395770397,2.175226586102719,5.166163141993958,0.0,2.175226586102719,1.3595166163141994,1.0876132930513596,1.3595166163141994,0.5438066465256798,1.9033232628398795,1.3595166163141994,0.0,0.0,0.2719033232628399,0.0,0.0,0.0,81.89,62.5,10.0,66.67,0.0,50.0,40.0,83.33,0.0436396742936402,0.1478390816386575,0.2719033232628399,1.9033232628398795,0.0475429867069486,0.2719033232628399,1.0876132930513596,1.0876132930513596,0.1614395773413897,7.069486404833837,RB/RCB,21,55,68,61,32,61,92,58,24,58,68,63,26,68,89,71,32,87,37,66,47,47,79,47,53,53,42,100,53,84,26,39,55,84,53,95,68,76,68,24,21,11,84,18,16,58,74,63,53,63,95,63,24,68,79,79,26,79,95,74,37,84,32,74,47,47,89,47,53,53,42,100,53,84,26,39,55,84,58,95,74,79,74,26,21,11,84,16,La Liga
Celta de Vigo,6f27yvbqcngegwsg2ozxxdj4,79n0dyjagmleor1fpwl25qql0,Javi Rodríguez,Javi Rodríguez,23.0,Defender,Spain,Defender,102.0,0.0,77.0,7.0,179.0,0.0,0.0,1.0,0.0,0.0,0.0,4.0,231.0,1.0,1.0,1.0,0.0,2.0,1.0,6.0,3.0,0.0,0.0,0.0,0.0,0.0,0.0,90.4,35.0,0.0,0.0,100.0,44.44,0.0,66.67,0.0500307109076949,0.0,1.0,7.0,0.1498533,1.0,20.0,13.0,0.30734073,91.0,39.74025974025974,0.0,30.0,2.727272727272727,69.74025974025973,0.0,0.0,0.3896103896103896,0.0,0.0,0.0,1.5584415584415583,0.3896103896103896,0.3896103896103896,0.3896103896103896,0.0,0.7792207792207791,0.3896103896103896,2.3376623376623376,1.1688311688311688,0.0,0.0,0.0,0.0,0.0,0.0,90.4,35.0,0.0,0.0,100.0,44.44,0.0,66.67,0.0194924847692317,0.0,0.3896103896103896,2.727272727272727,0.0583844025974025,0.3896103896103896,7.792207792207791,5.064935064935065,0.1197431415584415,35.45454545454545,RB/RCB,95,21,87,84,89,11,5,26,24,8,8,5,63,8,16,16,5,61,24,39,47,47,32,47,53,53,95,42,21,16,95,18,16,42,21,5,68,76,63,24,95,82,37,79,100,21,100,95,100,11,5,42,24,8,8,5,79,11,26,16,21,74,53,58,47,47,32,47,53,53,95,42,21,16,95,18,16,42,32,5,89,95,84,37,95,100,68,100,La Liga
Celta de Vigo,6f27yvbqcngegwsg2ozxxdj4,9i7lb16qty1t21bnc5h7skclx,Marcos Alonso,Marcos Alonso,35.0,Defender,Spain,Defender,168.0,0.0,192.0,26.0,360.0,7.0,0.0,3.0,2.0,1.0,1.0,16.0,411.0,0.0,2.0,3.0,0.0,5.0,1.0,25.0,10.0,0.0,0.0,1.0,0.0,0.0,0.0,88.24,54.17,0.0,0.0,0.0,53.33,77.78,71.43,0.267827796878508,0.0,1.0,30.0,0.62594666,8.0,53.0,40.0,0.7944105700000001,241.0,36.78832116788321,0.0,42.04379562043796,5.693430656934307,78.83211678832117,1.5328467153284673,0.0,0.6569343065693432,0.437956204379562,0.218978102189781,0.218978102189781,3.5036496350364965,0.0,0.437956204379562,0.6569343065693432,0.0,1.094890510948905,0.218978102189781,5.474452554744526,2.18978102189781,0.0,0.0,0.218978102189781,0.0,0.0,0.0,88.24,54.17,0.0,0.0,0.0,53.33,77.78,71.43,0.0586484226741258,0.0,0.218978102189781,6.569343065693431,0.1370686116788321,1.7518248175182485,11.605839416058394,8.75912408759124,0.1739585189781022,52.77372262773723,LB/LCB,92,19,100,100,100,77,15,73,75,10,10,33,40,27,46,10,65,65,96,100,42,48,75,46,52,52,71,88,19,10,40,33,92,60,83,19,67,100,100,96,100,100,100,100,92,19,100,100,100,79,15,71,67,8,8,21,40,25,42,10,54,67,83,100,42,48,71,46,52,52,71,88,19,10,40,33,92,60,71,19,67,100,100,96,100,100,100,100,La Liga
Celta de Vigo,6f27yvbqcngegwsg2ozxxdj4,9ksvo095xi2t4q4pvgxa836z8,Pablo Durán,Pablo Durán,25.0,Attacker,Spain,Striker,10.0,0.0,27.0,1.0,37.0,1.0,2.0,2.0,1.0,4.0,4.0,8.0,201.0,1.0,11.0,2.0,3.0,1.0,1.0,1.0,0.0,0.0,0.0,0.0,0.0,0.0,0.0,69.81,50.0,0.0,75.0,50.0,50.0,50.0,50.0,0.2198211212402246,0.0657559599420328,1.0,3.0,0.07191855,0.0,4.0,1.0,0.0400413699999999,9.0,4.477611940298507,0.0,12.08955223880597,0.4477611940298507,16.567164179104477,0.4477611940298507,0.8955223880597015,0.8955223880597015,0.4477611940298507,1.791044776119403,1.791044776119403,3.582089552238806,0.4477611940298507,4.925373134328358,0.8955223880597015,1.343283582089552,0.4477611940298507,0.4477611940298507,0.4477611940298507,0.0,0.0,0.0,0.0,0.0,0.0,0.0,69.81,50.0,0.0,75.0,50.0,50.0,50.0,50.0,0.0984273677195035,0.0294429671382236,0.4477611940298507,1.343283582089552,0.0322023358208955,0.0,1.791044776119403,0.4477611940298507,0.017928971641791,4.029850746268656,ST,17,33,34,36,27,17,19,6,6,22,20,3,16,33,11,55,36,33,28,31,30,50,9,16,50,50,41,42,33,89,64,73,70,42,6,3,30,41,34,5,59,14,12,19,47,33,69,50,66,25,50,6,6,44,44,12,19,59,28,75,56,47,41,31,30,50,9,16,50,50,41,42,33,89,64,73,70,42,9,12,44,62,62,5,75,25,19,38,La Liga
Celta de Vigo,6f27yvbqcngegwsg2ozxxdj4,9mlj7fxon5zy1qmktvvcwjrl6,Ferran Jutglà,Ferran Jutglà,27.0,Attacker,Spain,Striker,18.0,0.0,32.0,2.0,50.0,5.0,3.0,4.0,2.0,9.0,10.0,18.0,325.0,2.0,18.0,8.0,3.0,0.0,2.0,2.0,0.0,0.0,0.0,0.0,1.0,0.0,0.0,80.65,40.0,0.0,33.33,50.0,45.0,35.71,0.0,0.5130976207600971,0.2811734173681659,2.0,5.0,0.18725882,2.0,1.0,2.0,0.18250563,11.0,4.984615384615385,0.0,8.861538461538462,0.5538461538461539,13.846153846153848,1.3846153846153846,0.8307692307692307,1.1076923076923078,0.5538461538461539,2.4923076923076923,2.769230769230769,4.984615384615385,0.5538461538461539,4.984615384615385,2.2153846153846155,0.8307692307692307,0.0,0.5538461538461539,0.5538461538461539,0.0,0.0,0.0,0.0,0.2769230769230769,0.0,0.0,80.65,40.0,0.0,33.33,50.0,45.0,35.71,0.0,0.1420885719027961,0.077863407886569,0.5538461538461539,1.3846153846153846,0.0518562886153846,0.5538461538461539,0.2769230769230769,0.5538461538461539,0.0505400206153846,3.046153846153846,ST,55,33,44,58,50,58,44,12,11,67,70,55,28,61,81,55,12,52,47,31,30,50,9,48,50,50,81,38,33,41,64,59,41,12,22,56,50,62,81,48,11,25,47,28,53,33,44,53,47,56,38,9,9,66,72,53,22,62,72,53,12,53,50,31,30,50,9,47,50,50,81,38,33,41,64,59,41,12,22,53,50,66,72,47,6,28,47,22,La Liga
Celta de Vigo,6f27yvbqcngegwsg2ozxxdj4,a39ntr1ek9aavke18yucd0r2s,Miguel Román,Miguel Román,23.0,Midfielder,Spain,Midfielder,115.0,3.0,206.0,20.0,318.0,4.0,6.0,5.0,0.0,3.0,4.0,15.0,495.0,0.0,1.0,4.0,2.0,4.0,5.0,5.0,2.0,1.0,0.0,3.0,0.0,0.0,0.0,88.33,76.92,21.43,66.67,0.0,53.57,44.44,80.0,0.2836286490824102,0.613240677571413,5.0,14.0,0.32783389,9.0,42.0,28.0,0.6947013199999997,185.0,20.90909090909091,0.5454545454545454,37.45454545454545,3.636363636363636,57.81818181818182,0.7272727272727273,1.0909090909090908,0.9090909090909092,0.0,0.5454545454545454,0.7272727272727273,2.727272727272727,0.0,0.1818181818181818,0.7272727272727273,0.3636363636363636,0.7272727272727273,0.9090909090909092,0.9090909090909092,0.3636363636363636,0.1818181818181818,0.0,0.5454545454545454,0.0,0.0,0.0,88.33,76.92,21.43,66.67,0.0,53.57,44.44,80.0,0.0515688452877109,0.1114983050129841,0.9090909090909092,2.5454545454545454,0.0596061618181818,1.6363636363636365,7.636363636363637,5.090909090909091,0.1263093309090908,33.63636363636363,DM/CM,89,94,100,97,100,77,89,94,20,57,67,46,34,23,60,66,56,94,41,29,90,51,99,47,51,51,46,80,74,53,34,60,61,99,89,94,96,93,94,100,97,94,94,100,40,91,91,83,80,60,80,77,20,43,49,11,34,17,34,49,29,89,26,23,86,51,97,47,51,51,46,80,74,53,34,60,61,99,60,94,91,77,77,89,91,80,86,89,La Liga
Celta de Vigo,6f27yvbqcngegwsg2ozxxdj4,cksi669gcnskpytzh70a43it,C. Starfelt,Carl Starfelt,31.0,Defender,Sweden,Defender,129.0,0.0,59.0,7.0,188.0,5.0,1.0,4.0,4.0,0.0,0.0,15.0,218.0,1.0,5.0,2.0,0.0,4.0,0.0,10.0,4.0,0.0,0.0,0.0,1.0,0.0,0.0,96.91,70.0,0.0,0.0,25.0,57.69,35.71,50.0,0.497881736812664,0.0310655871160977,0.0,8.0,0.15380075,1.0,8.0,8.0,0.2056840899999999,143.0,53.25688073394496,0.0,24.357798165137616,2.889908256880734,77.61467889908258,2.064220183486239,0.4128440366972477,1.651376146788991,1.651376146788991,0.0,0.0,6.192660550458716,0.4128440366972477,2.064220183486239,0.8256880733944955,0.0,1.651376146788991,0.0,4.128440366972478,1.651376146788991,0.0,0.0,0.0,0.4128440366972477,0.0,0.0,96.91,70.0,0.0,0.0,25.0,57.69,35.71,50.0,0.2055475060235769,0.0128252423873797,0.0,3.302752293577982,0.0634957224770642,0.4128440366972477,3.302752293577982,3.302752293577982,0.0849154499999999,59.03669724770643,CB,55,38,49,38,45,36,49,84,96,14,14,50,68,82,57,26,58,32,17,47,49,41,39,89,51,51,97,93,38,26,57,50,18,29,92,37,36,89,84,53,34,28,29,68,95,38,82,66,95,66,68,100,100,14,14,95,86,97,74,26,84,32,39,87,49,41,39,97,51,51,97,93,38,26,57,50,18,29,100,47,36,96,92,63,53,55,61,97,La Liga
Celta de Vigo,6f27yvbqcngegwsg2ozxxdj4,cs2yx3hiqjsb4i5ul2r5kmdat,Iago Aspas,Iago Aspas,39.0,Attacker,Spain,Striker,29.0,0.0,79.0,8.0,108.0,2.0,2.0,6.0,5.0,4.0,4.0,9.0,220.0,2.0,9.0,3.0,3.0,1.0,1.0,0.0,0.0,0.0,0.0,1.0,1.0,0.0,0.0,83.72,57.14,0.0,75.0,33.33,64.29,0.0,100.0,0.5530985508410893,0.1562907099897696,2.0,6.0,0.13897401,6.0,12.0,22.0,0.39980441,43.0,11.863636363636363,0.0,32.31818181818181,3.2727272727272725,44.18181818181818,0.8181818181818181,0.8181818181818181,2.454545454545454,2.0454545454545454,1.6363636363636362,1.6363636363636362,3.6818181818181817,0.8181818181818181,3.6818181818181817,1.227272727272727,1.227272727272727,0.409090909090909,0.409090909090909,0.0,0.0,0.0,0.0,0.409090909090909,0.409090909090909,0.0,0.0,83.72,57.14,0.0,75.0,33.33,64.29,0.0,100.0,0.2262675889804456,0.0639371086321784,0.8181818181818181,2.454545454545454,0.056853004090909,2.454545454545454,4.909090909090908,9.0,0.1635563495454545,17.59090909090909,ST,81,33,91,95,91,30,19,25,36,22,20,8,28,19,25,55,36,33,9,31,30,50,33,48,50,50,88,50,33,89,28,100,6,92,25,31,50,70,62,88,97,97,78,86,94,33,100,97,100,34,34,44,56,38,34,19,41,41,41,72,47,41,9,31,30,50,50,66,50,50,88,50,33,89,28,100,6,92,41,47,69,78,75,97,100,100,91,97,La Liga
Celta de Vigo,6f27yvbqcngegwsg2ozxxdj4,e91yegwfliqhfy9yyk19otafo,W. Swedberg,Williot Swedberg,22.0,Attacker,Sweden,Striker,12.0,0.0,32.0,0.0,44.0,2.0,3.0,4.0,4.0,5.0,6.0,19.0,246.0,3.0,12.0,11.0,2.0,2.0,0.0,2.0,1.0,0.0,0.0,1.0,0.0,0.0,0.0,70.97,0.0,0.0,40.0,75.0,55.88,33.33,40.0,0.4183928780970027,0.2325401782529856,1.0,7.0,0.17141685,2.0,0.0,3.0,0.1621431499999999,13.0,4.390243902439025,0.0,11.707317073170731,0.0,16.097560975609756,0.7317073170731707,1.0975609756097562,1.4634146341463414,1.4634146341463414,1.829268292682927,2.1951219512195124,6.951219512195122,1.0975609756097562,4.390243902439025,4.024390243902439,0.7317073170731707,0.7317073170731707,0.0,0.7317073170731707,0.3658536585365853,0.0,0.0,0.3658536585365853,0.0,0.0,0.0,70.97,0.0,0.0,40.0,75.0,55.88,33.33,40.0,0.15307056515744,0.0850756749706044,0.3658536585365853,2.5609756097560976,0.062713481707317,0.7317073170731707,0.0,1.0975609756097562,0.0593206646341463,4.7560975609756095,CM/AM,3,14,7,5,7,52,21,31,72,34,38,59,66,72,90,31,24,7,60,33,29,52,47,26,48,52,10,5,14,36,95,72,50,19,45,21,26,41,38,21,5,12,17,3,3,14,7,5,7,66,24,47,76,48,52,90,76,79,100,34,34,7,66,41,29,52,52,26,48,52,10,5,14,36,95,72,50,19,59,21,33,55,55,24,5,14,21,7,La Liga
Real Madrid,3kq9cckrnlogidldtdie2fkbl,1i9wi65k2foqwudeqiyih87hl,F. Valverde,Federico Valverde,28.0,Midfielder,Uruguay,Midfielder,100.0,0.0,157.0,16.0,257.0,2.0,4.0,6.0,1.0,2.0,2.0,10.0,384.0,1.0,3.0,0.0,1.0,7.0,5.0,4.0,4.0,1.0,0.0,2.0,0.0,0.0,0.0,92.78,69.57,0.0,50.0,16.67,55.56,0.0,100.0,0.4125879917791778,0.3185980391344424,5.0,13.0,0.27257058,6.0,40.0,33.0,0.74769864,164.0,23.4375,0.0,36.796875,3.75,60.234375,0.46875,0.9375,1.40625,0.234375,0.46875,0.46875,2.34375,0.234375,0.703125,0.0,0.234375,1.640625,1.171875,0.9375,0.9375,0.234375,0.0,0.46875,0.0,0.0,0.0,92.78,69.57,0.0,50.0,16.67,55.56,0.0,100.0,0.0967003105732448,0.0746714154221349,1.171875,3.046875,0.0638837296875,1.40625,9.375,7.734375,0.17524186875,38.4375,RM/RCM,100,50,100,100,100,80,70,80,30,20,20,40,40,30,30,30,80,90,80,80,90,60,80,50,60,60,100,100,50,40,20,100,40,90,60,100,100,100,100,80,100,100,100,100,80,50,100,100,100,60,60,60,20,20,20,40,20,20,30,20,80,80,80,60,80,60,80,50,60,60,100,100,50,40,20,100,40,90,60,60,80,100,80,60,100,100,100,100,La Liga
Real Madrid,3kq9cckrnlogidldtdie2fkbl,2r6hs8npijvt4wekd059t6tx,D. Dumfries,Denzel Dumfries,30.0,Defender,Netherlands,Defender,51.0,0.0,65.0,2.0,116.0,1.0,3.0,6.0,4.0,0.0,0.0,12.0,324.0,2.0,10.0,2.0,0.0,5.0,2.0,4.0,3.0,0.0,0.0,3.0,0.0,0.0,0.0,93.55,50.0,0.0,0.0,33.33,60.0,33.33,55.56,0.5406716060267222,0.2647219253468849,1.0,3.0,0.0830806499999999,1.0,5.0,6.0,0.22286401,33.0,14.166666666666666,0.0,18.05555555555556,0.5555555555555556,32.22222222222222,0.2777777777777778,0.8333333333333333,1.6666666666666663,1.1111111111111112,0.0,0.0,3.333333333333333,0.5555555555555556,2.7777777777777777,0.5555555555555556,0.0,1.3888888888888888,0.5555555555555556,1.1111111111111112,0.8333333333333333,0.0,0.0,0.8333333333333333,0.0,0.0,0.0,93.55,50.0,0.0,0.0,33.33,60.0,33.33,55.56,0.150186557229645,0.0735338681519124,0.2777777777777778,0.8333333333333333,0.0230779583333333,0.2777777777777778,1.3888888888888888,1.6666666666666663,0.0619066694444444,9.166666666666666,RB/RCB,42,21,68,16,47,26,68,95,89,8,8,11,87,84,34,16,32,87,8,39,47,47,100,47,53,53,100,79,21,16,53,84,45,21,95,68,68,16,32,24,32,34,21,26,53,21,79,21,63,26,68,100,89,8,8,26,95,84,37,16,42,89,11,42,47,47,100,47,53,53,100,79,21,16,53,84,45,21,100,68,79,32,37,32,32,42,26,32,La Liga
Real Madrid,3kq9cckrnlogidldtdie2fkbl,2zfjgh5747ge9r9q0thbk123t,I. Konaté,Ibrahima Konaté,27.0,Defender,France,Defender,154.0,0.0,82.0,5.0,236.0,6.0,2.0,3.0,3.0,1.0,1.0,12.0,360.0,1.0,3.0,1.0,0.0,3.0,0.0,14.0,1.0,0.0,0.0,0.0,0.0,0.0,0.0,95.55,55.56,0.0,0.0,33.33,46.15,54.55,60.0,0.3942203598408754,0.0,0.0,7.0,0.12798401,0.0,18.0,19.0,0.3386316299999999,155.0,38.5,0.0,20.5,1.25,59.0,1.5,0.5,0.75,0.75,0.25,0.25,3.0,0.25,0.75,0.25,0.0,0.75,0.0,3.5,0.25,0.0,0.0,0.0,0.0,0.0,0.0,95.55,55.56,0.0,0.0,33.33,46.15,54.55,60.0,0.0985550899602188,0.0,0.0,1.75,0.0319960025,0.0,4.5,4.75,0.0846579074999999,38.75,CB,67,38,74,21,72,46,80,68,86,47,47,28,68,55,34,26,45,32,28,13,49,41,39,39,51,51,92,71,38,26,70,18,50,55,82,18,36,82,76,24,74,75,63,76,74,38,68,17,71,43,83,63,82,45,45,25,66,55,29,26,39,32,24,11,49,41,39,39,51,51,92,71,38,26,70,18,50,55,84,18,36,82,82,24,74,79,55,76,La Liga
Real Madrid,3kq9cckrnlogidldtdie2fkbl,39gif4xfy8xddarasbsad56ok,A. Güler,Arda Güler,21.0,Midfielder,Türkiye,Midfielder,35.0,13.0,110.0,16.0,132.0,1.0,24.0,7.0,3.0,10.0,11.0,17.0,227.0,3.0,11.0,4.0,7.0,4.0,4.0,2.0,0.0,2.0,0.0,2.0,1.0,0.0,0.0,90.41,80.0,61.9,70.0,42.86,58.62,0.0,80.0,0.5032145636885249,2.835979166440729,5.0,17.0,0.45151552,7.0,19.0,28.0,1.4208413000000004,74.0,13.876651982378856,5.154185022026432,43.61233480176212,6.343612334801763,52.33480176211454,0.3964757709251101,9.515418502202644,2.775330396475771,1.1894273127753303,3.9647577092511015,4.361233480176211,6.740088105726873,1.1894273127753303,4.361233480176211,1.5859030837004406,2.775330396475771,1.5859030837004406,1.5859030837004406,0.7929515418502203,0.0,0.7929515418502203,0.0,0.7929515418502203,0.3964757709251101,0.0,0.0,90.41,80.0,61.9,70.0,42.86,58.62,0.0,80.0,0.1995123820791508,1.1243970263421392,1.9823788546255507,6.740088105726873,0.179014963876652,2.775330396475771,7.533039647577093,11.101321585903085,0.5633291497797359,29.33920704845815,CM/AM,41,100,83,98,66,31,100,64,59,76,79,50,66,62,36,83,66,69,60,9,93,52,71,67,48,52,86,83,100,97,48,86,17,79,62,100,91,93,93,78,86,83,100,69,62,100,97,100,90,34,100,76,66,90,93,86,86,76,52,93,97,90,69,9,100,52,83,83,48,52,86,83,100,97,48,86,17,79,69,100,97,100,97,100,93,100,100,90,La Liga
Real Madrid,3kq9cckrnlogidldtdie2fkbl,5e9ilgrz3tzg9kd1gk3yvrahh,K. Mbappé,Kylian Mbappé,27.0,Attacker,France,Striker,32.0,0.0,124.0,6.0,156.0,0.0,8.0,36.0,25.0,33.0,35.0,27.0,450.0,21.0,67.0,3.0,22.0,1.0,11.0,0.0,1.0,1.0,0.0,7.0,6.0,0.0,0.0,88.14,66.67,0.0,66.67,58.33,52.94,0.0,50.0,3.979713524594989,0.5787228420811851,12.0,29.0,0.9322359999999996,10.0,16.0,27.0,0.77812493,69.0,6.4,0.0,24.8,1.2,31.2,0.0,1.6,7.2,5.0,6.6,7.0,5.4,4.2,13.4,0.6,4.4,0.2,2.2,0.0,0.2,0.2,0.0,1.4,1.2,0.0,0.0,88.14,66.67,0.0,66.67,58.33,52.94,0.0,50.0,0.7959427049189978,0.115744568416237,2.4,5.8,0.1864471999999999,2.0,3.2,5.4,0.155624986,13.8,ST,84,33,100,88,100,5,92,100,100,100,100,88,100,100,25,100,36,100,9,72,72,50,100,97,50,50,97,59,33,80,81,84,6,42,100,88,100,100,100,100,100,100,97,100,78,33,97,78,94,5,84,100,100,100,100,59,100,100,9,100,25,97,9,64,59,50,100,91,50,50,97,59,33,80,81,84,6,42,100,78,100,100,100,94,91,97,84,94,La Liga
Real Madrid,3kq9cckrnlogidldtdie2fkbl,7c2wnewpcf1idj6ghj6gu0wyd,Marc Cucurella,Marc Cucurella,28.0,Defender,Spain,Defender,64.0,0.0,82.0,6.0,146.0,4.0,2.0,0.0,0.0,2.0,2.0,11.0,250.0,0.0,3.0,1.0,0.0,3.0,0.0,4.0,2.0,0.0,0.0,0.0,0.0,0.0,0.0,90.12,75.0,0.0,0.0,0.0,68.75,66.67,50.0,0.0,0.1485120647711027,0.0,2.0,0.0427186799999999,0.0,15.0,16.0,0.3499794999999999,73.0,23.04,0.0,29.52,2.16,52.56,1.44,0.72,0.0,0.0,0.72,0.72,3.96,0.0,1.08,0.36,0.0,1.08,0.0,1.44,0.72,0.0,0.0,0.0,0.0,0.0,0.0,90.12,75.0,0.0,0.0,0.0,68.75,66.67,50.0,0.0,0.0534643433175969,0.0,0.72,0.0153787247999999,0.0,5.4,5.76,0.1259926199999999,26.28,LB/LCB,38,19,56,48,50,52,54,12,21,25,21,19,40,40,12,10,31,27,15,25,42,48,29,46,52,52,83,100,19,10,40,85,77,27,12,54,27,15,12,10,54,60,33,46,71,19,79,62,79,75,67,12,21,38,33,25,40,50,17,10,50,27,21,38,42,48,29,46,52,52,83,100,19,10,40,85,77,27,12,58,27,21,21,10,88,88,58,79,La Liga
Real Madrid,3kq9cckrnlogidldtdie2fkbl,a4kw8u4dqsslfwe1ux08lbmc,Álvaro Carreras,Álvaro Carreras,23.0,Defender,Spain,Defender,60.0,1.0,66.0,2.0,125.0,1.0,5.0,1.0,1.0,5.0,5.0,12.0,201.0,1.0,5.0,2.0,5.0,4.0,0.0,4.0,1.0,0.0,0.0,0.0,1.0,0.0,0.0,90.58,28.57,33.33,100.0,100.0,80.0,0.0,100.0,0.2560526331877562,0.3512170478479518,0.0,5.0,0.12908327,2.0,8.0,7.0,0.3342069599999999,71.0,26.86567164179104,0.4477611940298507,29.55223880597015,0.8955223880597015,55.97014925373134,0.4477611940298507,2.238805970149253,0.4477611940298507,0.4477611940298507,2.238805970149253,2.238805970149253,5.3731343283582085,0.4477611940298507,2.238805970149253,0.8955223880597015,2.238805970149253,1.791044776119403,0.0,1.791044776119403,0.4477611940298507,0.0,0.0,0.0,0.4477611940298507,0.0,0.0,90.58,28.57,33.33,100.0,100.0,80.0,0.0,100.0,0.114650432770637,0.1572613647080381,0.0,2.238805970149253,0.0577984791044776,0.8955223880597015,3.582089552238806,3.134328358208955,0.1496449074626865,31.791044776119403,LB/LCB,29,52,38,8,31,6,88,38,52,52,50,27,85,58,27,77,50,27,15,8,42,48,29,96,52,52,88,8,85,94,98,100,4,98,75,75,27,42,46,38,33,29,29,42,83,71,83,17,83,17,100,54,71,83,79,67,96,88,50,100,71,27,33,12,42,48,29,100,52,52,88,8,85,94,98,100,4,98,92,100,27,71,75,62,62,50,96,83,La Liga
Real Madrid,3kq9cckrnlogidldtdie2fkbl,b3974hgsmyff5xtq7qf1onhlh,Bernardo Silva,Bernardo Mota Veiga de Carvalho e Silva,32.0,Midfielder,Portugal,Midfielder,95.0,0.0,104.0,6.0,199.0,1.0,4.0,1.0,1.0,4.0,4.0,13.0,274.0,0.0,3.0,3.0,1.0,3.0,0.0,3.0,5.0,0.0,0.0,1.0,0.0,0.0,0.0,92.13,50.0,0.0,25.0,0.0,41.94,50.0,37.5,0.1239840003946608,0.2468282650294863,0.0,3.0,0.05617798,0.0,17.0,16.0,0.3824895499999998,95.0,31.2043795620438,0.0,34.16058394160584,1.9708029197080288,65.36496350364963,0.3284671532846716,1.3138686131386863,0.3284671532846716,0.3284671532846716,1.3138686131386863,1.3138686131386863,4.27007299270073,0.0,0.9854014598540146,0.9854014598540146,0.3284671532846716,0.9854014598540146,0.0,0.9854014598540146,1.6423357664233578,0.0,0.0,0.3284671532846716,0.0,0.0,0.0,92.13,50.0,0.0,25.0,0.0,41.94,50.0,37.5,0.0407246716624798,0.0810749775644298,0.0,0.9854014598540146,0.0184526211678832,0.0,5.583941605839416,5.255474452554745,0.125635253649635,31.2043795620438,DM/CM,64,34,69,36,69,29,77,33,60,71,67,31,34,57,44,36,34,20,20,66,43,51,71,47,51,51,77,24,34,24,34,17,71,11,37,71,29,21,19,9,54,61,57,44,91,34,86,40,94,31,83,40,66,80,80,51,34,69,54,43,51,20,37,71,43,51,77,47,51,51,77,24,34,24,34,17,71,11,49,77,29,29,26,9,80,86,80,71,La Liga
Real Madrid,3kq9cckrnlogidldtdie2fkbl,b4witgokm49tidm1a83qcvbop,Vinícius Júnior,Vinícius José Paixão de Oliveira Júnior,26.0,Attacker,Brazil,Striker,26.0,1.0,97.0,5.0,122.0,0.0,12.0,15.0,13.0,26.0,29.0,34.0,443.0,5.0,52.0,19.0,11.0,3.0,2.0,0.0,0.0,3.0,0.0,5.0,1.0,0.0,0.0,80.26,83.33,6.25,42.31,33.33,58.62,0.0,75.0,1.252291759464087,1.1503547574139297,8.0,37.0,1.3877544699999995,5.0,4.0,9.0,0.9709591400000004,36.0,5.28216704288939,0.2031602708803611,19.706546275395034,1.015801354401806,24.78555304740406,0.0,2.437923250564334,3.0474040632054176,2.641083521444695,5.28216704288939,5.891647855530474,6.907449209932279,1.015801354401806,10.56433408577878,3.860045146726862,2.234762979683973,0.6094808126410834,0.4063205417607223,0.0,0.0,0.6094808126410834,0.0,1.015801354401806,0.2031602708803611,0.0,0.0,80.26,83.33,6.25,42.31,33.33,58.62,0.0,75.0,0.254415933073968,0.2337063841247261,1.6252821670428892,7.516930022573363,0.2819365740406319,1.015801354401806,0.8126410835214446,1.8284424379232505,0.1972603218961626,7.313769751693002,LW,67,46,83,75,75,25,92,100,100,100,100,100,100,100,100,100,58,54,17,21,92,54,100,88,54,54,50,83,42,42,67,92,29,54,100,92,100,100,100,83,50,75,75,75,42,33,75,67,67,25,92,100,100,92,92,92,83,100,100,83,50,50,17,21,92,54,83,75,54,54,50,83,42,42,67,92,29,54,92,92,92,100,100,75,25,42,75,33,La Liga
Real Madrid,3kq9cckrnlogidldtdie2fkbl,d2hnxi1yi5rgqj1tvxh1813x0,Dean Huijsen,Dean Huijsen,21.0,Defender,Spain,Defender,166.0,1.0,113.0,13.0,278.0,9.0,2.0,5.0,4.0,0.0,0.0,16.0,360.0,1.0,4.0,2.0,0.0,4.0,1.0,20.0,6.0,0.0,0.0,1.0,0.0,0.0,0.0,96.19,61.9,100.0,0.0,20.0,66.67,69.23,80.0,0.5560534146740255,0.1570844121865595,1.0,10.0,0.19300503,1.0,34.0,26.0,0.6873299999999999,198.0,41.5,0.25,28.25,3.25,69.5,2.25,0.5,1.25,1.0,0.0,0.0,4.0,0.25,1.0,0.5,0.0,1.0,0.25,5.0,1.5,0.0,0.0,0.25,0.0,0.0,0.0,96.19,61.9,100.0,0.0,20.0,66.67,69.23,80.0,0.1390133536685063,0.0392711030466398,0.25,2.5,0.0482512575,0.25,8.5,6.5,0.1718324999999999,49.5,CB,71,84,87,68,82,79,80,92,96,14,14,55,68,71,57,26,58,74,64,76,49,41,84,39,51,51,95,82,97,26,50,75,79,88,97,79,79,95,92,53,100,92,92,92,84,89,92,74,87,68,83,87,93,14,14,45,66,67,55,26,51,68,61,74,49,41,82,39,51,51,95,82,97,26,50,75,79,88,95,82,76,89,89,50,100,92,92,87,La Liga
Real Madrid,3kq9cckrnlogidldtdie2fkbl,e83ula4wockmc2xid7185kcq2,J. Bellingham,Jude Bellingham,23.0,Midfielder,England,Midfielder,60.0,0.0,127.0,16.0,187.0,3.0,12.0,15.0,13.0,23.0,23.0,37.0,425.0,7.0,35.0,12.0,14.0,6.0,2.0,4.0,2.0,2.0,0.0,3.0,3.0,0.0,0.0,91.22,84.21,0.0,60.87,46.67,56.06,42.86,75.0,1.605673931146248,0.81366680417118,5.0,17.0,0.4284909799999999,6.0,28.0,40.0,0.80479647,93.0,12.705882352941176,0.0,26.894117647058824,3.388235294117647,39.6,0.6352941176470588,2.541176470588235,3.176470588235294,2.752941176470588,4.870588235294117,4.870588235294117,7.835294117647058,1.4823529411764709,7.411764705882352,2.541176470588235,2.9647058823529413,1.2705882352941176,0.4235294117647059,0.8470588235294118,0.4235294117647059,0.4235294117647059,0.0,0.6352941176470588,0.6352941176470588,0.0,0.0,91.22,84.21,0.0,60.87,46.67,56.06,42.86,75.0,0.3400250677721466,0.172305911471544,1.0588235294117647,3.6,0.0907392663529411,1.2705882352941176,5.929411764705883,8.470588235294118,0.1704274877647058,19.694117647058825,CM/AM,76,14,90,98,79,69,97,97,100,100,100,100,97,100,93,100,95,40,78,60,93,52,84,93,48,52,93,86,14,76,55,76,66,71,93,83,91,93,86,66,97,100,90,76,55,14,79,97,66,62,79,95,97,100,100,100,97,100,86,100,79,31,72,50,90,52,79,86,48,52,93,86,14,76,55,76,66,71,90,62,86,76,66,50,86,93,76,69,La Liga
Real Madrid,3kq9cckrnlogidldtdie2fkbl,en2c7z1raqmcwee78297pbnu2,E. Camavinga,Eduardo Camavinga,23.0,Midfielder,France,Midfielder,78.0,0.0,81.0,4.0,159.0,3.0,0.0,0.0,0.0,1.0,1.0,10.0,221.0,0.0,2.0,2.0,1.0,2.0,0.0,5.0,3.0,0.0,0.0,0.0,0.0,0.0,0.0,92.98,50.0,0.0,100.0,0.0,50.0,0.0,50.0,0.0,0.0,0.0,0.0,0.0,0.0,0.0,0.0,0.0,0.0,31.76470588235294,0.0,32.98642533936651,1.6289592760180995,64.75113122171945,1.2217194570135743,0.0,0.0,0.0,0.4072398190045249,0.4072398190045249,4.072398190045249,0.0,0.8144796380090498,0.8144796380090498,0.4072398190045249,0.8144796380090498,0.0,2.0361990950226243,1.2217194570135743,0.0,0.0,0.0,0.0,0.0,0.0,92.98,50.0,0.0,100.0,0.0,50.0,0.0,50.0,0.0,0.0,0.0,0.0,0.0,0.0,0.0,0.0,0.0,0.0,DM/CM,37,34,31,19,31,59,4,9,20,23,20,10,34,39,27,36,14,20,41,40,43,51,29,47,51,51,86,24,34,84,34,43,17,40,9,6,29,3,3,9,3,3,3,3,94,34,80,37,91,86,4,9,20,34,29,49,34,60,43,54,37,20,60,60,43,51,29,47,51,51,86,24,34,84,34,43,17,40,9,6,29,3,3,9,3,3,3,3,La Liga
Racing de Santander,bzkwzatvwahmbzok1ymm5vqa1,1040ruybncve2enk3dgjb6ead,Iñigo Vicente,Iñigo Vicente,28.0,Attacker,Spain,Striker,77.0,4.0,161.0,23.0,234.0,1.0,17.0,1.0,1.0,17.0,17.0,31.0,423.0,0.0,18.0,13.0,9.0,6.0,0.0,5.0,4.0,2.0,0.0,0.0,0.0,0.0,0.0,73.82,53.49,30.77,52.94,0.0,45.59,50.0,75.0,0.0450821950047314,1.7388250340391818,0.0,15.0,0.34917785,2.0,37.0,51.0,2.0976865700000014,120.0,16.382978723404253,0.851063829787234,34.25531914893617,4.893617021276596,49.78723404255319,0.2127659574468085,3.617021276595744,0.2127659574468085,0.2127659574468085,3.617021276595744,3.617021276595744,6.595744680851063,0.0,3.829787234042553,2.7659574468085104,1.9148936170212765,1.276595744680851,0.0,1.0638297872340423,0.851063829787234,0.425531914893617,0.0,0.0,0.0,0.0,0.0,73.82,53.49,30.77,52.94,0.0,45.59,50.0,75.0,0.0095919563839854,0.3699627731998259,0.0,3.191489361702128,0.074293159574468,0.425531914893617,7.872340425531915,10.851063829787234,0.4463162914893619,25.53191489361702,LW,92,88,100,100,92,67,100,12,17,88,75,83,17,67,92,92,83,12,79,83,83,54,25,38,54,54,17,50,92,67,17,42,88,54,8,100,12,71,50,29,100,100,100,92,92,83,100,100,100,58,100,17,17,75,58,83,17,58,83,67,67,12,75,75,83,54,25,38,54,54,17,50,92,67,17,42,88,54,8,100,12,67,33,25,100,100,100,100,La Liga
Racing de Santander,bzkwzatvwahmbzok1ymm5vqa1,2wnh8btu5jzvcybtp9sy6frbo,Jorge Salinas,Jorge Salinas,19.0,Defender,Spain,Defender,66.0,1.0,54.0,5.0,119.0,11.0,3.0,1.0,1.0,10.0,10.0,40.0,450.0,1.0,11.0,8.0,3.0,10.0,0.0,26.0,8.0,1.0,0.0,0.0,0.0,0.0,0.0,75.32,31.25,16.67,30.0,100.0,62.5,68.75,50.0,0.1620132731517912,0.3329128098416903,0.0,8.0,0.20699213,3.0,3.0,6.0,0.4787079099999999,63.0,13.2,0.2,10.8,1.0,23.8,2.2,0.6,0.2,0.2,2.0,2.0,8.0,0.2,2.2,1.6,0.6,2.0,0.0,5.2,1.6,0.2,0.0,0.0,0.0,0.0,0.0,75.32,31.25,16.67,30.0,100.0,62.5,68.75,50.0,0.0324026546303582,0.066582561968338,0.0,1.6,0.041398426,0.6,0.6,1.2,0.0957415819999999,12.6,LB/LCB,46,52,21,40,23,96,67,38,52,92,85,100,85,94,90,62,88,27,100,92,88,48,29,46,52,52,17,17,48,38,98,75,83,27,54,67,27,65,71,54,10,21,62,33,25,38,8,33,12,96,58,27,42,69,67,100,81,83,81,62,79,27,79,79,83,48,29,46,52,52,17,17,48,38,98,75,83,27,46,62,27,46,58,42,8,8,38,29,La Liga
Racing de Santander,bzkwzatvwahmbzok1ymm5vqa1,3pop9gdilkfcaoqyzj9g3d3is,Y. Zabiri,Yassir Zabiri,21.0,Attacker,Morocco,Striker,11.0,0.0,24.0,2.0,35.0,1.0,2.0,11.0,8.0,2.0,3.0,9.0,280.0,6.0,18.0,2.0,1.0,3.0,3.0,3.0,0.0,0.0,0.0,4.0,5.0,0.0,0.0,74.47,100.0,0.0,50.0,54.55,30.0,20.0,60.0,1.9583851760253184,0.0932172965286468,1.0,3.0,0.07805544,1.0,2.0,3.0,0.0602590599999999,7.0,3.5357142857142856,0.0,7.714285714285714,0.6428571428571428,11.25,0.3214285714285714,0.6428571428571428,3.5357142857142856,2.571428571428571,0.6428571428571428,0.9642857142857144,2.892857142857143,1.9285714285714288,5.785714285714286,0.6428571428571428,0.3214285714285714,0.9642857142857144,0.9642857142857144,0.9642857142857144,0.0,0.0,0.0,1.2857142857142856,1.6071428571428572,0.0,0.0,74.47,100.0,0.0,50.0,54.55,30.0,20.0,60.0,0.6294809494367095,0.0299627024556364,0.3214285714285714,0.9642857142857144,0.0250892485714285,0.3214285714285714,0.6428571428571428,0.9642857142857144,0.0193689835714285,2.25,ST,22,33,20,58,22,17,19,67,67,8,12,8,75,61,11,23,72,67,64,31,30,50,92,88,50,50,53,89,33,67,75,6,22,53,88,16,30,41,41,20,30,38,19,12,28,33,34,59,31,12,30,81,81,12,12,6,81,81,12,28,75,78,64,31,30,50,97,97,50,50,53,89,33,67,75,6,22,53,94,16,31,47,38,25,34,41,25,12,La Liga
Racing de Santander,bzkwzatvwahmbzok1ymm5vqa1,4yzk41dkluqfxb8o3dbq06zqi,Andrés Martín,Andrés Martín,27.0,Attacker,Spain,Striker,19.0,1.0,43.0,1.0,61.0,0.0,6.0,9.0,6.0,11.0,11.0,15.0,239.0,3.0,8.0,5.0,5.0,1.0,3.0,1.0,3.0,0.0,0.0,2.0,1.0,0.0,0.0,76.25,100.0,8.33,45.45,33.33,48.39,0.0,20.0,0.6554040501415348,0.6100581432863151,2.0,2.0,0.0519692199999999,0.0,6.0,7.0,0.3628372500000001,32.0,7.154811715481172,0.3765690376569038,16.192468619246863,0.3765690376569038,22.97071129707113,0.0,2.2594142259414225,3.389121338912134,2.2594142259414225,4.142259414225942,4.142259414225942,5.648535564853557,1.1297071129707112,3.0125523012552304,1.882845188284519,1.882845188284519,0.3765690376569038,1.1297071129707112,0.3765690376569038,1.1297071129707112,0.0,0.0,0.7531380753138076,0.3765690376569038,0.0,0.0,76.25,100.0,8.33,45.45,33.33,48.39,0.0,20.0,0.2468048724382348,0.2297290079320852,0.7531380753138076,0.7531380753138076,0.0195699991631798,0.0,2.2594142259414225,2.6359832635983267,0.1366332740585774,12.050209205020922,RW,42,35,31,27,31,23,62,69,69,35,31,38,65,23,50,46,19,58,27,65,42,54,54,62,54,54,38,92,23,38,46,46,35,8,54,77,42,12,8,8,46,54,46,38,54,46,38,31,46,23,85,85,85,69,54,38,69,38,77,46,31,77,31,77,42,54,69,69,54,54,38,92,23,38,46,46,35,8,85,85,46,15,15,8,69,54,62,62,La Liga
Racing de Santander,bzkwzatvwahmbzok1ymm5vqa1,5l6t8w3nupestrpow5xlldhey,Álvaro Mantilla,Álvaro Mantilla,26.0,Defender,Spain,Defender,71.0,0.0,59.0,4.0,130.0,6.0,1.0,2.0,2.0,3.0,4.0,18.0,449.0,0.0,10.0,1.0,0.0,6.0,0.0,21.0,5.0,0.0,0.0,1.0,0.0,0.0,0.0,71.04,22.22,0.0,0.0,0.0,52.94,54.55,54.55,0.2293788482863454,0.0736505200071546,0.0,4.0,0.07628741,2.0,11.0,9.0,0.3527648000000001,73.0,14.231625835189307,0.0,11.826280623608016,0.8017817371937639,26.057906458797326,1.2026726057906458,0.2004454342984409,0.4008908685968819,0.4008908685968819,0.6013363028953229,0.8017817371937639,3.6080178173719375,0.0,2.0044543429844097,0.2004454342984409,0.0,1.2026726057906458,0.0,4.20935412026726,1.0022271714922049,0.0,0.0,0.2004454342984409,0.0,0.0,0.0,71.04,22.22,0.0,0.0,0.0,52.94,54.55,54.55,0.0459779428636327,0.0147629104691401,0.0,0.8017817371937639,0.0152914630289532,0.4008908685968819,2.2048997772828507,1.8040089086859687,0.0707100935412027,14.632516703786193,RB/RCB,68,21,42,37,63,89,21,58,76,34,39,47,26,84,16,16,50,24,84,66,47,47,79,47,53,53,5,18,21,16,26,63,74,16,74,26,24,29,21,50,74,58,53,68,58,21,21,32,37,68,11,47,74,32,32,32,26,58,5,16,26,24,79,53,47,47,68,47,53,53,5,18,21,16,26,63,74,16,63,21,24,21,16,42,63,47,32,63,La Liga
Racing de Santander,bzkwzatvwahmbzok1ymm5vqa1,5lsx1d5uu8hu6x6a2eocqhvys,Pablo García,Pablo García,20.0,Attacker,Spain,Striker,15.0,0.0,22.0,2.0,37.0,1.0,3.0,9.0,6.0,5.0,5.0,13.0,205.0,4.0,8.0,7.0,4.0,1.0,3.0,3.0,0.0,0.0,0.0,2.0,2.0,0.0,0.0,90.24,100.0,0.0,80.0,44.44,41.94,33.33,50.0,0.7123708177510494,0.1842107115493392,5.0,6.0,0.14631859,2.0,4.0,5.0,0.08124965,13.0,6.585365853658537,0.0,9.658536585365852,0.8780487804878049,16.243902439024392,0.4390243902439024,1.3170731707317074,3.951219512195122,2.6341463414634148,2.1951219512195124,2.1951219512195124,5.707317073170732,1.7560975609756098,3.5121951219512195,3.073170731707317,1.7560975609756098,0.4390243902439024,1.3170731707317074,1.3170731707317074,0.0,0.0,0.0,0.8780487804878049,0.8780487804878049,0.0,0.0,90.24,100.0,0.0,80.0,44.44,41.94,33.33,50.0,0.3127481638907046,0.080872995314344,2.1951219512195124,2.6341463414634148,0.0642374297560975,0.8780487804878049,1.7560975609756098,2.1951219512195124,0.0356705780487804,5.707317073170732,ST,42,33,16,58,27,17,44,56,48,33,30,27,55,11,62,69,36,67,64,31,30,50,56,70,50,50,100,89,33,95,48,31,38,42,31,38,91,70,66,48,59,53,28,34,81,33,53,69,62,22,69,94,84,50,47,72,75,33,97,88,53,81,81,31,30,50,81,72,50,50,100,89,33,95,48,31,38,42,56,59,97,84,81,67,72,66,41,62,La Liga
Racing de Santander,bzkwzatvwahmbzok1ymm5vqa1,75079gtd2efpviyo605ozsd79,Sergio Canales,Sergio Canales,35.0,Midfielder,Spain,Midfielder,56.0,2.0,93.0,2.0,147.0,2.0,2.0,13.0,8.0,10.0,10.0,21.0,390.0,5.0,16.0,7.0,6.0,4.0,5.0,2.0,2.0,0.0,0.0,4.0,1.0,1.0,0.0,84.0,50.0,16.67,60.0,38.46,56.76,50.0,66.67,0.9259927777322988,0.2170760905724977,3.0,10.0,0.21211812,8.0,12.0,16.0,0.3585538,76.0,12.923076923076923,0.4615384615384615,21.461538461538463,0.4615384615384615,33.92307692307693,0.4615384615384615,0.4615384615384615,3.0,1.8461538461538465,2.307692307692308,2.307692307692308,4.846153846153847,1.153846153846154,3.692307692307693,1.6153846153846154,1.3846153846153848,0.9230769230769232,1.153846153846154,0.4615384615384615,0.4615384615384615,0.0,0.0,0.9230769230769232,0.2307692307692307,0.2307692307692307,0.0,84.0,50.0,16.67,60.0,38.46,56.76,50.0,66.67,0.2136906410151459,0.0500944824398071,0.6923076923076924,2.307692307692308,0.0489503353846153,1.8461538461538465,2.7692307692307696,3.692307692307693,0.0827431846153846,17.53846153846154,CM/AM,72,45,62,24,69,52,16,90,83,76,72,66,91,83,66,76,66,84,60,60,29,52,91,67,98,52,45,50,31,71,38,79,86,60,83,17,67,53,45,90,50,62,38,72,59,45,45,21,52,41,14,79,86,62,59,45,83,69,55,69,48,72,59,62,29,52,86,66,97,52,45,50,31,71,38,79,86,60,72,17,62,48,41,83,38,55,34,62,La Liga
Racing de Santander,bzkwzatvwahmbzok1ymm5vqa1,9dgvmgys54hmypb8lixarvy09,Manu Hernando,José Manuel Hernando Riol,28.0,Defender,Spain,Defender,52.0,0.0,14.0,1.0,66.0,9.0,0.0,3.0,3.0,0.0,0.0,13.0,307.0,0.0,3.0,1.0,0.0,1.0,0.0,32.0,3.0,0.0,0.0,0.0,0.0,0.0,0.0,83.54,20.0,0.0,0.0,0.0,68.42,90.0,33.33,0.2729800011116296,0.0,0.0,0.0,0.0,0.0,2.0,3.0,0.08177758,51.0,15.244299674267102,0.0,4.1042345276872965,0.2931596091205212,19.3485342019544,2.638436482084691,0.0,0.8794788273615636,0.8794788273615636,0.0,0.0,3.811074918566776,0.0,0.8794788273615636,0.2931596091205212,0.0,0.2931596091205212,0.0,9.381107491856678,0.8794788273615636,0.0,0.0,0.0,0.0,0.0,0.0,83.54,20.0,0.0,0.0,0.0,68.42,90.0,33.33,0.0800267104236047,0.0,0.0,0.0,0.0,0.0,0.5863192182410424,0.8794788273615636,0.0239738833876221,14.95114006514658,CB,8,38,3,5,5,79,14,68,86,14,14,37,25,55,34,26,8,32,92,32,49,41,39,39,51,51,26,3,38,26,25,84,100,7,53,18,36,9,9,24,11,8,8,18,11,38,3,3,5,84,14,79,87,14,14,37,25,63,34,26,8,32,100,37,49,41,39,39,51,51,26,3,38,26,25,84,100,7,63,18,36,9,9,24,11,8,11,16,La Liga
Racing de Santander,bzkwzatvwahmbzok1ymm5vqa1,9um7x9zd0e000zt57l3yearqh,Iván Martín,Iván Martín,27.0,Midfielder,Spain,Midfielder,86.0,0.0,76.0,2.0,162.0,1.0,2.0,1.0,0.0,5.0,5.0,25.0,315.0,0.0,1.0,4.0,3.0,9.0,1.0,7.0,0.0,0.0,0.0,0.0,0.0,0.0,0.0,86.63,100.0,0.0,60.0,0.0,65.79,20.0,52.94,0.0637260159656495,0.1110470889752227,0.0,4.0,0.07972032,5.0,20.0,10.0,0.25104281,101.0,24.571428571428573,0.0,21.714285714285715,0.5714285714285714,46.285714285714285,0.2857142857142857,0.5714285714285714,0.2857142857142857,0.0,1.4285714285714286,1.4285714285714286,7.142857142857143,0.0,0.2857142857142857,1.1428571428571428,0.8571428571428571,2.571428571428572,0.2857142857142857,2.0,0.0,0.0,0.0,0.0,0.0,0.0,0.0,86.63,100.0,0.0,60.0,0.0,65.79,20.0,52.94,0.0182074331330427,0.0317277397072064,0.0,1.1428571428571428,0.0227772342857142,1.4285714285714286,5.714285714285714,2.857142857142857,0.0717265171428571,28.857142857142858,DM/CM,51,34,29,11,37,29,49,33,20,81,80,94,34,23,60,81,97,53,63,4,43,51,29,47,51,51,26,99,34,44,34,89,39,54,20,46,29,33,31,80,71,33,31,54,66,34,46,9,43,29,49,34,20,86,86,94,34,23,66,83,100,66,57,4,43,51,29,47,51,51,26,99,34,44,34,89,39,54,29,51,29,34,31,83,83,43,34,60,La Liga
Racing de Santander,bzkwzatvwahmbzok1ymm5vqa1,anvi2mtr32u5z2bqmz8tn0e3u,Pablo Ramón,Pablo Ramón,25.0,Defender,Spain,Defender,111.0,0.0,45.0,6.0,156.0,8.0,1.0,0.0,0.0,2.0,2.0,27.0,292.0,0.0,0.0,6.0,1.0,7.0,0.0,23.0,6.0,0.0,0.0,0.0,0.0,0.0,0.0,88.14,37.5,0.0,50.0,0.0,67.5,72.73,58.33,0.0,0.056358408643037,0.0,2.0,0.03559875,0.0,5.0,9.0,0.2702746000000001,129.0,34.21232876712329,0.0,13.86986301369863,1.8493150684931507,48.08219178082192,2.4657534246575343,0.3082191780821918,0.0,0.0,0.6164383561643836,0.6164383561643836,8.321917808219178,0.0,0.0,1.8493150684931507,0.3082191780821918,2.1575342465753424,0.0,7.089041095890411,1.8493150684931507,0.0,0.0,0.0,0.0,0.0,0.0,88.14,37.5,0.0,50.0,0.0,67.5,72.73,58.33,0.0,0.0173707423899771,0.0,0.6164383561643836,0.0109722174657534,0.0,1.5410958904109588,2.773972602739726,0.0833038150684931,39.76027397260274,CB,39,38,21,29,36,67,49,13,16,74,74,97,25,8,91,63,89,32,74,76,49,41,39,39,51,51,53,29,38,59,25,79,89,50,13,47,36,43,37,24,20,37,53,58,53,38,34,29,53,76,55,13,16,79,79,100,25,8,100,68,95,32,89,95,49,41,39,39,51,51,53,29,38,59,25,79,89,50,13,50,36,50,50,24,24,39,53,79,La Liga
Real Sociedad,63f5h8t5e9qm1fqmvfkb23ghh,1qkep5ck252k1g3oqza5ygh61,T. Kubo,Takefusa Kubo,25.0,Attacker,Japan,Striker,12.0,0.0,35.0,0.0,47.0,0.0,3.0,2.0,2.0,11.0,14.0,15.0,223.0,0.0,12.0,5.0,8.0,2.0,0.0,1.0,1.0,0.0,0.0,1.0,0.0,0.0,0.0,75.81,0.0,0.0,72.73,0.0,55.56,0.0,100.0,0.2489594618939923,0.2009931709469427,1.0,5.0,0.14750974,4.0,1.0,2.0,0.1244304499999999,21.0,4.84304932735426,0.0,14.125560538116591,0.0,18.968609865470853,0.0,1.210762331838565,0.8071748878923767,0.8071748878923767,4.439461883408072,5.650224215246636,6.053811659192825,0.0,4.84304932735426,2.0179372197309418,3.2286995515695067,0.8071748878923767,0.0,0.4035874439461883,0.4035874439461883,0.0,0.0,0.4035874439461883,0.0,0.0,0.0,75.81,0.0,0.0,72.73,0.0,55.56,0.0,100.0,0.1004769128720148,0.0811183201131158,0.4035874439461883,2.0179372197309418,0.0595330789237668,1.6143497757847534,0.4035874439461883,0.8071748878923767,0.0502185672645739,8.475336322869955,RW,8,12,15,8,15,23,31,19,23,35,46,38,12,46,50,54,50,12,27,31,42,54,31,27,54,54,31,8,12,85,12,85,35,92,23,31,23,23,23,42,8,8,15,31,8,12,31,8,23,23,46,23,31,77,77,69,12,54,85,85,62,12,38,38,42,54,31,27,54,54,31,8,12,85,12,85,35,92,31,46,31,31,31,77,8,8,23,38,La Liga
Real Sociedad,63f5h8t5e9qm1fqmvfkb23ghh,21vx56lpd276xqbu11ubkf78q,Ander Barrenetxea,Ander Barrenetxea,24.0,Attacker,Spain,Striker,22.0,2.0,48.0,3.0,68.0,0.0,1.0,6.0,3.0,10.0,12.0,14.0,288.0,1.0,8.0,5.0,7.0,1.0,3.0,1.0,1.0,0.0,0.0,4.0,1.0,0.0,0.0,79.07,100.0,20.0,70.0,16.67,38.89,0.0,50.0,0.4739812869559037,0.0608642567551946,2.0,6.0,0.16285265,3.0,7.0,7.0,0.1784678199999999,25.0,6.875,0.625,15.0,0.9375,21.25,0.0,0.3125,1.875,0.9375,3.125,3.75,4.375,0.3125,2.5,1.5625,2.1875,0.3125,0.9375,0.3125,0.3125,0.0,0.0,1.25,0.3125,0.0,0.0,79.07,100.0,20.0,70.0,16.67,38.89,0.0,50.0,0.1481191521737199,0.0190200802359983,0.625,1.875,0.0508914531249999,0.9375,2.1875,2.1875,0.0557711937499999,7.8125,LW,50,71,33,54,29,25,21,58,54,46,50,42,42,33,50,71,12,83,42,46,42,54,92,88,54,54,33,96,62,83,33,33,29,12,58,17,42,8,17,54,83,38,25,33,58,75,42,58,42,25,25,58,50,58,67,67,42,33,67,75,17,83,42,50,42,54,100,92,54,54,33,96,62,83,33,33,29,12,58,17,50,17,17,67,83,50,33,58,La Liga
Real Sociedad,63f5h8t5e9qm1fqmvfkb23ghh,48gjuou5eashpj8wbwd18iju1,Igor Zubeldia,Igor Zubeldia,29.0,Defender,Spain,Defender,131.0,0.0,67.0,8.0,198.0,7.0,2.0,0.0,0.0,0.0,0.0,22.0,393.0,0.0,1.0,1.0,0.0,8.0,0.0,16.0,7.0,0.0,0.0,0.0,0.0,0.0,0.0,85.34,33.33,0.0,0.0,0.0,59.46,46.67,57.14,0.0,0.1383037806521178,0.0,1.0,0.01935132,0.0,14.0,12.0,0.37230418,109.0,30.000000000000004,0.0,15.343511450381682,1.8320610687022905,45.34351145038168,1.603053435114504,0.4580152671755725,0.0,0.0,0.0,0.0,5.0381679389312986,0.0,0.2290076335877862,0.2290076335877862,0.0,1.8320610687022905,0.0,3.664122137404581,1.603053435114504,0.0,0.0,0.0,0.0,0.0,0.0,85.34,33.33,0.0,0.0,0.0,59.46,46.67,57.14,0.0,0.0316726215233857,0.0,0.2290076335877862,0.0044316,0.0,3.206106870229008,2.748091603053436,0.0852604992366412,24.961832061068705,CB,58,38,61,46,55,58,80,13,16,14,14,84,25,22,34,26,96,32,42,88,49,41,39,39,51,51,34,21,38,26,25,61,37,47,13,74,36,25,26,24,67,61,66,47,39,38,53,26,42,50,79,13,16,14,14,68,25,24,26,26,92,32,32,82,49,41,39,39,51,51,34,21,38,26,25,61,37,47,13,71,36,21,24,24,50,34,63,45,La Liga
Real Sociedad,63f5h8t5e9qm1fqmvfkb23ghh,8krgbfnydbtyongkwnsaj43kk,Jon Martín,Jon Martín,20.0,Defender,Spain,Defender,175.0,0.0,56.0,2.0,231.0,10.0,1.0,2.0,2.0,1.0,1.0,21.0,366.0,1.0,5.0,3.0,0.0,4.0,0.0,14.0,1.0,0.0,0.0,1.0,0.0,0.0,0.0,92.77,33.33,0.0,0.0,50.0,58.33,58.82,50.0,0.2787707073444893,0.0993872274753292,0.0,1.0,0.01611813,0.0,4.0,5.0,0.2184315699999998,150.0,43.03278688524591,0.0,13.77049180327869,0.4918032786885246,56.80327868852459,2.459016393442623,0.2459016393442623,0.4918032786885246,0.4918032786885246,0.2459016393442623,0.2459016393442623,5.163934426229509,0.2459016393442623,1.2295081967213115,0.7377049180327869,0.0,0.9836065573770492,0.0,3.4426229508196724,0.2459016393442623,0.0,0.0,0.2459016393442623,0.0,0.0,0.0,92.77,33.33,0.0,0.0,50.0,58.33,58.82,50.0,0.0685501739371695,0.0244394821660645,0.0,0.2459016393442623,0.0039634745901639,0.0,0.9836065573770492,1.2295081967213115,0.0537126811475409,36.885245901639344,CB,79,38,39,11,68,89,49,50,64,47,47,78,68,82,71,26,58,32,28,13,49,41,84,39,51,51,82,21,38,26,83,53,53,29,55,63,36,25,18,24,16,13,34,74,87,38,32,11,66,74,47,45,63,42,42,79,61,79,66,26,47,32,21,8,49,41,79,39,51,51,82,21,38,26,83,53,53,29,58,63,36,24,18,24,13,16,21,71,La Liga
Real Sociedad,63f5h8t5e9qm1fqmvfkb23ghh,9x5uo2wkxp9fk1arygbkl6u0a,L. Sučić,Luka Sucic,24.0,Midfielder,Croatia,Midfielder,72.0,2.0,118.0,16.0,188.0,3.0,5.0,13.0,4.0,9.0,9.0,16.0,464.0,5.0,6.0,2.0,5.0,4.0,9.0,1.0,1.0,0.0,0.0,3.0,2.0,0.0,0.0,89.1,94.12,28.57,55.56,38.46,51.61,50.0,66.67,0.9881789766678534,0.2963783329558688,9.0,15.0,0.3535469799999999,8.0,19.0,21.0,0.8320058699999997,83.0,13.96551724137931,0.3879310344827586,22.88793103448276,3.103448275862069,36.46551724137931,0.5818965517241379,0.9698275862068964,2.521551724137931,0.7758620689655172,1.7456896551724137,1.7456896551724137,3.103448275862069,0.9698275862068964,1.1637931034482758,0.3879310344827586,0.9698275862068964,0.7758620689655172,1.7456896551724137,0.1939655172413793,0.1939655172413793,0.0,0.0,0.5818965517241379,0.3879310344827586,0.0,0.0,89.1,94.12,28.57,55.56,38.46,51.61,50.0,66.67,0.191672646336437,0.0574871766509228,1.7456896551724137,2.909482758620689,0.0685759228448275,1.5517241379310345,3.685344827586207,4.073275862068965,0.1613804489224137,16.09913793103448,DM/CM,29,84,86,79,54,59,86,100,100,94,94,56,100,90,27,94,56,100,7,16,43,51,99,100,51,51,51,94,84,37,80,51,71,83,100,83,100,97,97,96,67,80,97,37,14,80,49,69,23,49,77,100,100,91,91,20,97,80,17,89,34,100,6,9,43,51,100,100,51,51,51,94,84,37,80,51,71,83,100,71,100,89,91,86,40,63,94,23,La Liga
Real Sociedad,63f5h8t5e9qm1fqmvfkb23ghh,b45ryclny991bm7qosieyg1cl,Mikel Oyarzabal,Mikel Oyarzabal,29.0,Attacker,Spain,Striker,49.0,1.0,66.0,5.0,114.0,5.0,6.0,8.0,4.0,6.0,6.0,18.0,417.0,4.0,16.0,8.0,1.0,3.0,4.0,0.0,2.0,2.0,0.0,3.0,0.0,0.0,0.0,77.55,62.5,50.0,16.67,50.0,43.9,45.45,75.0,0.8566279507678464,0.4804068645362179,3.0,10.0,0.32561922,5.0,9.0,15.0,0.5408877300000001,43.0,10.575539568345322,0.2158273381294964,14.24460431654676,1.079136690647482,24.604316546762583,1.079136690647482,1.2949640287769784,1.7266187050359711,0.8633093525179856,1.2949640287769784,1.2949640287769784,3.884892086330935,0.8633093525179856,3.4532374100719423,1.7266187050359711,0.2158273381294964,0.6474820143884892,0.8633093525179856,0.0,0.4316546762589928,0.4316546762589928,0.0,0.6474820143884892,0.0,0.0,0.0,77.55,62.5,50.0,16.67,50.0,43.9,45.45,75.0,0.1848837303815495,0.1036849347919894,0.6474820143884892,2.158273381294964,0.0702775294964028,1.079136690647482,1.9424460431654675,3.237410071942446,0.1167383589928057,9.280575539568344,ST,98,75,88,81,94,58,81,44,27,41,38,55,55,48,81,23,72,78,9,89,91,50,75,16,50,50,66,53,89,19,64,50,56,72,44,84,70,88,91,84,88,91,91,86,91,66,75,75,78,44,66,25,19,25,22,31,44,28,59,16,66,72,9,88,91,50,62,16,50,50,66,53,89,19,64,50,56,72,28,69,62,75,84,72,81,81,78,78,La Liga
Real Sociedad,63f5h8t5e9qm1fqmvfkb23ghh,c320492cbp1otejfp1i1oane1,Y. Herrera,Yangel Herrera,28.0,Midfielder,Venezuela,Midfielder,95.0,0.0,103.0,5.0,198.0,5.0,1.0,4.0,2.0,3.0,4.0,25.0,382.0,2.0,2.0,9.0,2.0,4.0,2.0,3.0,1.0,0.0,0.0,0.0,1.0,0.0,0.0,87.61,55.56,0.0,66.67,50.0,47.17,38.46,44.44,0.2488585918428226,0.0582561693629753,2.0,9.0,0.17959094,4.0,16.0,6.0,0.23358374,121.0,22.38219895287958,0.0,24.267015706806284,1.1780104712041886,46.64921465968586,1.1780104712041886,0.2356020942408377,0.9424083769633508,0.4712041884816754,0.7068062827225131,0.9424083769633508,5.890052356020942,0.4712041884816754,0.4712041884816754,2.1204188481675392,0.4712041884816754,0.9424083769633508,0.4712041884816754,0.7068062827225131,0.2356020942408377,0.0,0.0,0.0,0.2356020942408377,0.0,0.0,87.61,55.56,0.0,66.67,50.0,47.17,38.46,44.44,0.0586316054079948,0.0137252755043659,0.4712041884816754,2.1204188481675392,0.0423120015706806,0.9424083769633508,3.769633507853403,1.4136125654450262,0.0550328183246073,28.50785340314136,DM/CM,64,34,66,26,66,89,24,84,89,57,67,94,93,39,96,66,56,73,20,16,43,51,29,96,51,51,34,44,34,53,87,31,54,17,69,20,77,76,74,69,43,14,23,69,49,34,57,23,46,80,26,89,89,54,69,83,94,40,94,66,49,71,17,17,43,51,29,97,51,51,34,44,34,53,87,31,54,17,66,14,80,66,60,66,43,6,17,57,La Liga
Real Sociedad,63f5h8t5e9qm1fqmvfkb23ghh,d4tdx2ctadv6kc3tbq4as8bmx,Sergio Gómez,Sergio Gómez,26.0,Attacker,Spain,Striker,146.0,2.0,136.0,18.0,280.0,3.0,6.0,4.0,2.0,6.0,6.0,20.0,522.0,1.0,4.0,1.0,5.0,9.0,2.0,13.0,5.0,0.0,0.0,0.0,0.0,0.0,0.0,87.77,75.0,5.56,83.33,25.0,66.67,42.86,81.82,0.1961302346270487,0.4787672921732128,2.0,15.0,0.36953952,9.0,14.0,13.0,0.6324785400000001,127.0,25.17241379310345,0.3448275862068966,23.448275862068968,3.103448275862069,48.27586206896552,0.5172413793103449,1.0344827586206895,0.6896551724137931,0.3448275862068966,1.0344827586206895,1.0344827586206895,3.4482758620689657,0.1724137931034483,0.6896551724137931,0.1724137931034483,0.8620689655172414,1.5517241379310345,0.3448275862068966,2.241379310344828,0.8620689655172414,0.0,0.0,0.0,0.0,0.0,0.0,87.77,75.0,5.56,83.33,25.0,66.67,42.86,81.82,0.0338155576943187,0.0825460848574504,0.3448275862068966,2.586206896551724,0.0637137103448275,1.5517241379310345,2.413793103448276,2.241379310344828,0.109048024137931,21.89655172413793,LW,100,71,92,92,100,92,67,38,38,8,8,75,42,8,25,42,100,54,100,92,42,54,25,38,54,54,92,71,33,92,58,100,75,75,42,67,42,71,58,100,92,88,67,100,100,58,92,92,92,92,50,25,33,8,8,25,33,8,25,25,83,42,100,83,42,54,25,38,54,54,92,71,33,92,58,100,75,75,25,58,25,42,25,92,92,58,50,92,La Liga
Real Sociedad,63f5h8t5e9qm1fqmvfkb23ghh,dsmcqfl0e1be4ag7czbnolo15,Carlos Soler,Carlos Soler,29.0,Midfielder,Spain,Midfielder,101.0,3.0,101.0,8.0,199.0,1.0,9.0,2.0,1.0,5.0,5.0,12.0,374.0,1.0,3.0,3.0,2.0,3.0,1.0,4.0,1.0,1.0,0.0,0.0,0.0,0.0,0.0,88.84,66.67,20.0,40.0,50.0,50.0,50.0,50.0,0.1210890071331246,0.7871598690309979,1.0,5.0,0.1225728899999999,3.0,17.0,18.0,0.3788605599999999,100.0,24.304812834224595,0.7219251336898395,24.304812834224595,1.925133689839572,47.88770053475936,0.2406417112299465,2.1657754010695185,0.481283422459893,0.2406417112299465,1.2032085561497323,1.2032085561497323,2.887700534759358,0.2406417112299465,0.7219251336898395,0.7219251336898395,0.481283422459893,0.7219251336898395,0.2406417112299465,0.962566844919786,0.2406417112299465,0.2406417112299465,0.0,0.0,0.0,0.0,0.0,88.84,66.67,20.0,40.0,50.0,50.0,50.0,50.0,0.0291390658876503,0.1894234978951599,0.2406417112299465,1.2032085561497323,0.0294961499999999,0.7219251336898395,4.090909090909091,4.331550802139037,0.0911696534759358,24.06417112299465,CM/AM,93,53,69,74,86,31,84,7,16,34,28,34,17,17,26,31,48,21,78,33,72,52,17,26,48,52,76,69,38,36,67,53,86,33,3,76,26,28,28,34,74,78,41,86,93,52,66,69,86,24,72,3,17,17,17,14,10,12,21,28,31,14,76,24,66,52,17,26,48,52,76,69,38,36,67,53,86,33,3,72,21,17,21,21,72,64,45,86,La Liga
Real Sociedad,63f5h8t5e9qm1fqmvfkb23ghh,et849xmcdgsy5itb8i4w7qkq2,Beñat Turrientes,Beñat Turrientes,24.0,Midfielder,Spain,Midfielder,79.0,0.0,92.0,2.0,171.0,0.0,4.0,4.0,1.0,1.0,1.0,9.0,258.0,3.0,3.0,1.0,1.0,4.0,3.0,8.0,1.0,0.0,0.0,1.0,0.0,0.0,0.0,92.43,40.0,0.0,100.0,75.0,64.29,0.0,57.14,0.2421257656551831,0.2506847581444359,4.0,9.0,0.18522472,4.0,11.0,11.0,0.2981991000000001,103.0,27.55813953488372,0.0,32.093023255813954,0.6976744186046512,59.65116279069768,0.0,1.3953488372093024,1.3953488372093024,0.3488372093023256,0.3488372093023256,0.3488372093023256,3.13953488372093,1.0465116279069768,1.0465116279069768,0.3488372093023256,0.3488372093023256,1.3953488372093024,1.0465116279069768,2.7906976744186047,0.3488372093023256,0.0,0.0,0.3488372093023256,0.0,0.0,0.0,92.43,40.0,0.0,100.0,75.0,64.29,0.0,57.14,0.0844624763913429,0.0874481714457334,1.3953488372093024,3.13953488372093,0.0646132744186046,1.3953488372093024,3.8372093023255816,3.8372093023255816,0.1040229418604651,35.93023255813954,DM/CM,40,34,51,11,46,10,77,84,60,23,20,6,97,57,10,36,56,84,76,16,43,51,71,47,51,51,83,11,34,84,94,83,17,64,63,74,91,76,80,69,26,41,40,57,77,34,77,11,86,10,86,94,71,29,23,23,100,71,14,46,69,94,83,20,43,51,80,47,51,51,83,11,34,84,94,83,17,64,91,83,97,91,86,80,49,57,63,94,La Liga
Real Sociedad,63f5h8t5e9qm1fqmvfkb23ghh,euur9yvhgrieu4kl0vdkh244q,O. Óskarsson,Orri Óskarsson,22.0,Attacker,Iceland,Striker,14.0,0.0,20.0,0.0,34.0,8.0,2.0,9.0,9.0,2.0,2.0,13.0,283.0,4.0,18.0,4.0,1.0,0.0,0.0,1.0,0.0,0.0,0.0,3.0,1.0,0.0,0.0,62.96,0.0,0.0,50.0,44.44,38.24,50.0,0.0,1.3830042153929505,0.1256669571327903,1.0,0.0,0.0,1.0,1.0,0.0,0.0426447,10.0,4.4522968197879855,0.0,6.360424028268551,0.0,10.812720848056538,2.5441696113074204,0.6360424028268551,2.862190812720848,2.862190812720848,0.6360424028268551,0.6360424028268551,4.134275618374558,1.2720848056537102,5.724381625441696,1.2720848056537102,0.3180212014134275,0.0,0.0,0.3180212014134275,0.0,0.0,0.0,0.9540636042402828,0.3180212014134275,0.0,0.0,62.96,0.0,0.0,50.0,44.44,38.24,50.0,0.0,0.4398246621391009,0.0399647566853396,0.3180212014134275,0.0,0.0,0.3180212014134275,0.3180212014134275,0.0,0.0135619187279151,3.180212014134276,ST,36,33,12,12,19,73,19,56,75,8,6,27,55,61,39,23,12,12,28,31,30,50,75,48,50,50,19,12,33,67,48,22,70,12,69,22,30,5,5,20,11,6,16,22,44,33,19,12,28,78,25,69,88,9,9,34,62,78,44,25,12,12,34,31,30,50,88,59,50,50,19,12,33,67,48,22,70,12,81,28,28,5,5,22,19,6,12,28,La Liga
Real Sociedad,63f5h8t5e9qm1fqmvfkb23ghh,ezbplvktzcvzh5kwur32110mi,J. Aramburu,Jon Aramburu,24.0,Defender,Venezuela,Defender,100.0,1.0,112.0,3.0,211.0,15.0,3.0,4.0,0.0,9.0,11.0,53.0,507.0,2.0,5.0,12.0,6.0,15.0,4.0,20.0,15.0,0.0,0.0,1.0,0.0,0.0,0.0,85.43,21.43,11.11,66.67,50.0,54.64,68.18,71.43,0.1941701876357282,0.2473274418475315,3.0,7.0,0.20619973,7.0,17.0,14.0,0.43681557,100.0,17.75147928994083,0.1775147928994082,19.881656804733726,0.5325443786982248,37.455621301775146,2.662721893491124,0.5325443786982248,0.7100591715976331,0.0,1.5976331360946745,1.9526627218934909,9.40828402366864,0.3550295857988165,0.8875739644970414,2.130177514792899,1.0650887573964496,2.662721893491124,0.7100591715976331,3.5502958579881656,2.662721893491124,0.0,0.0,0.1775147928994082,0.0,0.0,0.0,85.43,21.43,11.11,66.67,50.0,54.64,68.18,71.43,0.0344680806453955,0.0439042796179049,0.5325443786982248,1.242603550295858,0.0366035023668639,1.242603550295858,3.0177514792899407,2.485207100591716,0.0775412254437869,17.75147928994083,RB/RCB,89,55,100,26,100,100,68,84,24,74,79,100,87,53,100,79,100,100,79,100,47,47,79,47,53,53,74,11,61,84,74,68,95,58,63,53,100,76,84,95,89,89,74,89,79,42,84,16,79,100,53,74,24,63,63,100,74,42,100,68,100,100,68,100,47,47,63,47,53,53,74,11,61,84,74,68,95,58,42,47,95,47,58,84,74,68,47,74,La Liga
Espanyol,c8llrezkm3b3op4afrou6b487,5240u8emo4o2ma2oqva237cic,Javi Hernández,Javi Hernández,22.0,Midfielder,Spain,Midfielder,23.0,1.0,55.0,4.0,77.0,0.0,7.0,5.0,1.0,18.0,20.0,22.0,397.0,2.0,20.0,8.0,6.0,4.0,4.0,1.0,1.0,3.0,0.0,1.0,0.0,0.0,0.0,80.21,50.0,14.29,33.33,40.0,31.88,0.0,50.0,0.3191133544820672,0.576430110612363,1.0,14.0,0.34712865,7.0,13.0,10.0,0.6827437500000003,43.0,5.214105793450881,0.2267002518891687,12.46851385390428,0.906801007556675,17.455919395465994,0.0,1.5869017632241813,1.1335012594458438,0.2267002518891687,4.080604534005038,4.534005037783375,4.987405541561713,0.4534005037783375,4.534005037783375,1.81360201511335,1.3602015113350123,0.906801007556675,0.906801007556675,0.2267002518891687,0.2267002518891687,0.6801007556675063,0.0,0.2267002518891687,0.0,0.0,0.0,80.21,50.0,14.29,33.33,40.0,31.88,0.0,50.0,0.0723430778422822,0.1306768512723241,0.2267002518891687,3.1738035264483626,0.0786941523929471,1.5869017632241813,2.947103274559194,2.267002518891688,0.1547781801007557,9.748110831234255,CM/AM,19,34,31,40,24,12,59,43,16,97,97,72,41,90,74,76,66,69,36,33,100,52,47,26,48,52,34,50,28,26,41,10,17,33,28,48,26,81,72,78,59,34,79,33,7,28,10,38,10,12,38,28,14,97,97,55,34,86,62,66,45,62,21,21,97,52,45,26,48,52,34,50,28,26,41,10,17,33,14,34,17,66,59,72,45,24,66,24,La Liga
Espanyol,c8llrezkm3b3op4afrou6b487,53bjqee7oomr7czgfmm1mcy96,C. Riedel,Clemens Riedel,23.0,Defender,Germany,Defender,92.0,0.0,35.0,6.0,127.0,7.0,0.0,1.0,0.0,0.0,0.0,11.0,250.0,1.0,0.0,0.0,0.0,3.0,1.0,19.0,2.0,0.0,0.0,0.0,0.0,0.0,0.0,81.94,26.09,0.0,0.0,100.0,42.31,63.64,75.0,0.0436784647636364,0.0,0.0,0.0,0.0,1.0,8.0,8.0,0.16592801,60.0,33.120000000000005,0.0,12.6,2.16,45.72,2.52,0.0,0.36,0.0,0.0,0.0,3.96,0.36,0.0,0.0,0.0,1.08,0.36,6.84,0.72,0.0,0.0,0.0,0.0,0.0,0.0,81.94,26.09,0.0,0.0,100.0,42.31,63.64,75.0,0.0157242473149091,0.0,0.0,0.0,0.0,0.36,2.88,2.88,0.0597340835999999,21.6,CB,32,38,13,29,24,58,14,33,16,14,14,20,68,8,11,26,45,74,61,24,49,41,39,39,51,51,16,5,38,26,97,13,68,82,26,18,36,9,9,53,34,28,18,26,45,38,22,42,45,79,14,34,16,14,14,42,79,8,11,26,61,79,82,26,49,41,39,39,51,51,16,5,38,26,97,13,68,82,26,18,36,9,9,53,42,42,37,32,La Liga
Espanyol,c8llrezkm3b3op4afrou6b487,5fqvl0m1rkzhj9tmafrcxur6c,Roberto Fernández,Roberto Fernández,24.0,Attacker,Spain,Striker,13.0,0.0,26.0,1.0,39.0,10.0,3.0,11.0,11.0,2.0,2.0,21.0,433.0,5.0,20.0,8.0,1.0,2.0,0.0,8.0,1.0,0.0,0.0,1.0,5.0,0.0,0.0,65.0,50.0,0.0,50.0,45.45,42.0,40.0,100.0,1.671040007660924,0.2452570984304949,0.0,2.0,0.03620728,2.0,2.0,2.0,0.0918226,5.0,2.702078521939954,0.0,5.404157043879908,0.207852193995381,8.106235565819862,2.07852193995381,0.6235565819861432,2.286374133949192,2.286374133949192,0.4157043879907621,0.4157043879907621,4.364896073903003,1.039260969976905,4.157043879907621,1.6628175519630486,0.207852193995381,0.4157043879907621,0.0,1.6628175519630486,0.207852193995381,0.0,0.0,0.207852193995381,1.039260969976905,0.0,0.0,65.0,50.0,0.0,50.0,45.45,42.0,40.0,100.0,0.3473293318463814,0.0509772260017194,0.0,0.4157043879907621,0.007525762586605,0.4157043879907621,0.4157043879907621,0.4157043879907621,0.0190855288683602,1.039260969976905,ST,30,33,30,36,31,80,44,67,83,8,6,66,67,73,81,23,56,12,98,72,30,50,33,88,50,50,28,42,33,67,53,34,50,92,81,53,12,22,12,48,30,25,31,3,16,33,12,25,16,72,19,38,66,3,3,41,47,47,56,12,50,12,94,69,30,50,19,81,50,50,28,42,33,67,53,34,50,92,62,34,12,16,12,41,22,19,22,3,La Liga
Espanyol,c8llrezkm3b3op4afrou6b487,6fh3f8iawdfay3q4od23itpuc,Cala,Álex Calatrava Torrado,26.0,Attacker,Spain,Midfielder,19.0,0.0,48.0,0.0,67.0,5.0,2.0,8.0,6.0,6.0,6.0,23.0,311.0,4.0,8.0,3.0,4.0,6.0,2.0,4.0,2.0,0.0,0.0,1.0,1.0,0.0,0.0,69.07,0.0,0.0,66.67,50.0,47.92,55.56,54.55,0.7954760658440232,0.0815969963343733,2.0,6.0,0.15711933,4.0,4.0,9.0,0.27727437,24.0,5.498392282958199,0.0,13.890675241157556,0.0,19.38906752411576,1.4469453376205788,0.5787781350482315,2.315112540192926,1.7363344051446945,1.7363344051446945,1.7363344051446945,6.655948553054662,1.157556270096463,2.315112540192926,0.8681672025723473,1.157556270096463,1.7363344051446945,0.5787781350482315,1.157556270096463,0.5787781350482315,0.0,0.0,0.2893890675241157,0.2893890675241157,0.0,0.0,69.07,0.0,0.0,66.67,50.0,47.92,55.56,54.55,0.2302020769323539,0.0236132786819729,0.5787781350482315,1.7363344051446945,0.0454686163987138,1.157556270096463,1.157556270096463,2.604501607717041,0.0802401713826366,6.945337620578778,ST,61,33,75,12,75,58,19,44,48,41,38,75,55,11,25,69,97,52,77,89,30,50,33,48,50,50,31,12,33,80,64,69,81,50,34,9,50,70,72,77,59,75,62,64,66,33,72,12,72,62,12,41,41,41,41,81,56,9,22,69,97,56,78,94,30,50,28,56,50,50,31,12,33,80,64,69,81,50,44,9,56,72,69,81,56,75,66,69,La Liga
Espanyol,c8llrezkm3b3op4afrou6b487,7h0b81yjiiu356rycsakgd0yc,O. El Hilali,Omar El Hilali,23.0,Defender,Morocco,Defender,67.0,4.0,48.0,5.0,111.0,6.0,2.0,0.0,0.0,5.0,5.0,22.0,435.0,0.0,3.0,1.0,3.0,6.0,0.0,24.0,6.0,1.0,1.0,0.0,0.0,0.0,0.0,82.84,45.45,26.67,60.0,0.0,50.0,66.67,50.0,0.0,0.3171624446807386,0.0,4.0,0.07720028,1.0,7.0,8.0,0.7996031299999999,46.0,13.862068965517242,0.8275862068965518,9.93103448275862,1.0344827586206895,22.96551724137932,1.2413793103448276,0.4137931034482759,0.0,0.0,1.0344827586206895,1.0344827586206895,4.551724137931035,0.0,0.6206896551724138,0.2068965517241379,0.6206896551724138,1.2413793103448276,0.0,4.965517241379311,1.2413793103448276,0.2068965517241379,0.2068965517241379,0.0,0.0,0.0,0.0,82.84,45.45,26.67,60.0,0.0,50.0,66.67,50.0,0.0,0.0656198161408424,0.0,0.8275862068965518,0.0159724717241379,0.2068965517241379,1.4482758620689655,1.6551724137931036,0.1654351303448276,9.517241379310343,RB/RCB,63,87,18,61,42,89,45,5,24,53,53,79,26,32,16,61,50,24,100,87,95,97,32,47,53,53,47,63,79,74,26,39,87,8,5,79,24,29,26,24,45,45,89,42,47,84,16,47,21,79,37,5,24,47,42,63,26,26,11,58,32,24,89,68,95,95,32,47,53,53,47,63,79,74,26,39,87,8,5,63,24,26,21,11,39,37,89,37,La Liga
Espanyol,c8llrezkm3b3op4afrou6b487,7y8ns61qioqu7kfsqzkvkwhuy,Urko González de Zárate,Urko González de Zárate Quirós,25.0,Midfielder,Spain,Midfielder,62.0,0.0,52.0,1.0,114.0,2.0,1.0,0.0,0.0,1.0,2.0,11.0,313.0,0.0,0.0,4.0,1.0,3.0,0.0,8.0,3.0,0.0,0.0,0.0,0.0,0.0,0.0,89.76,25.0,0.0,100.0,0.0,40.74,33.33,75.0,0.0,0.0774128089715137,0.0,7.0,0.15589978,2.0,8.0,9.0,0.1702320999999999,54.0,17.82747603833866,0.0,14.952076677316294,0.2875399361022364,32.77955271565495,0.5750798722044729,0.2875399361022364,0.0,0.0,0.2875399361022364,0.5750798722044729,3.1629392971246006,0.0,0.0,1.1501597444089458,0.2875399361022364,0.8626198083067093,0.0,2.3003194888178915,0.8626198083067093,0.0,0.0,0.0,0.0,0.0,0.0,89.76,25.0,0.0,100.0,0.0,40.74,33.33,75.0,0.0,0.0222592741451636,0.0,2.012779552715655,0.0448274127795527,0.5750798722044729,2.3003194888178915,2.587859424920128,0.0489485271565494,15.527156549520766,DM/CM,20,34,10,4,11,43,24,9,20,23,39,16,34,9,60,36,34,20,76,40,43,51,29,47,51,51,60,6,34,84,34,14,47,90,9,37,29,60,57,44,9,23,17,10,20,34,11,3,17,46,31,9,20,23,37,26,34,9,69,37,40,20,66,40,43,51,29,47,51,51,60,6,34,84,34,14,47,90,9,34,29,60,69,46,9,31,14,20,La Liga
Espanyol,c8llrezkm3b3op4afrou6b487,8qvqdjw1d58mw7420lpmk7bah,Edu Expósito,Edu Expósito,30.0,Midfielder,Spain,Midfielder,88.0,6.0,108.0,6.0,190.0,4.0,8.0,11.0,1.0,16.0,16.0,27.0,423.0,1.0,3.0,3.0,11.0,5.0,10.0,9.0,1.0,0.0,0.0,5.0,0.0,0.0,0.0,85.97,40.0,54.55,68.75,9.09,51.92,44.44,55.56,0.6720352941654916,0.8053378010517472,3.0,10.0,0.22490292,8.0,18.0,29.0,1.02215152,107.0,18.72340425531915,1.276595744680851,22.97872340425532,1.276595744680851,40.42553191489362,0.851063829787234,1.702127659574468,2.3404255319148937,0.2127659574468085,3.404255319148936,3.404255319148936,5.74468085106383,0.2127659574468085,0.6382978723404255,0.6382978723404255,2.3404255319148937,1.0638297872340423,2.127659574468085,1.9148936170212765,0.2127659574468085,0.0,0.0,1.0638297872340423,0.0,0.0,0.0,85.97,40.0,54.55,68.75,9.09,51.92,44.44,55.56,0.1429862328011684,0.1713484683088824,0.6382978723404255,2.127659574468085,0.0478516851063829,1.702127659574468,3.829787234042553,6.170212765957446,0.2174790468085106,22.76595744680851,CM/AM,90,90,78,60,83,81,72,78,16,90,86,88,17,17,26,95,83,100,100,33,29,52,98,26,48,52,69,29,93,90,10,59,71,47,66,79,67,53,48,90,81,86,97,90,79,76,62,55,69,71,48,66,10,76,72,79,7,7,14,90,64,93,97,17,29,52,93,26,48,52,69,29,93,90,10,59,71,47,52,59,52,45,38,79,62,83,93,76,La Liga
Espanyol,c8llrezkm3b3op4afrou6b487,bce703taa20nxg814t2giuei,T. Dolan,Tyrhys Dolan,24.0,Attacker,England,Striker,33.0,3.0,57.0,1.0,87.0,0.0,1.0,4.0,3.0,16.0,16.0,13.0,410.0,1.0,9.0,7.0,4.0,2.0,1.0,3.0,6.0,0.0,0.0,2.0,1.0,0.0,0.0,86.14,25.0,23.08,25.0,25.0,29.55,0.0,100.0,0.2586267954107014,0.1442627778884114,2.0,18.0,0.51573894,4.0,6.0,5.0,0.5487877600000001,33.0,7.2439024390243905,0.6585365853658537,12.51219512195122,0.2195121951219512,19.09756097560976,0.0,0.2195121951219512,0.8780487804878049,0.6585365853658537,3.5121951219512195,3.5121951219512195,2.853658536585366,0.2195121951219512,1.975609756097561,1.5365853658536586,0.8780487804878049,0.4390243902439024,0.2195121951219512,0.6585365853658537,1.3170731707317074,0.0,0.0,0.4390243902439024,0.2195121951219512,0.0,0.0,86.14,25.0,23.08,25.0,25.0,29.55,0.0,100.0,0.0567717355779588,0.0316674390486756,0.4390243902439024,3.951219512195122,0.1132109868292682,0.8780487804878049,1.3170731707317074,1.0975609756097562,0.1204656058536585,7.2439024390243905,RW,77,77,38,27,46,23,12,31,35,77,73,15,27,31,85,31,50,31,92,100,42,54,54,62,54,54,77,15,73,15,35,8,35,92,31,15,42,62,62,42,46,38,69,46,62,62,23,15,31,23,8,31,23,31,31,8,23,23,69,23,38,23,69,100,42,54,46,54,54,54,77,15,73,15,35,8,35,92,23,8,38,54,54,31,31,23,46,31,La Liga
Espanyol,c8llrezkm3b3op4afrou6b487,ch1bilea3jhwexlcdin0llyc4,Roger Hinojo,Roger Hinojo,21.0,Defender,Spain,Defender,110.0,1.0,83.0,12.0,192.0,7.0,1.0,0.0,0.0,4.0,4.0,21.0,446.0,0.0,2.0,2.0,1.0,10.0,0.0,14.0,5.0,0.0,1.0,0.0,0.0,0.0,0.0,82.4,37.5,50.0,25.0,0.0,53.85,53.85,90.91,0.0,0.0882475420160151,0.0,9.0,0.18924335,5.0,24.0,28.0,0.6812740800000004,110.0,22.19730941704036,0.2017937219730941,16.748878923766817,2.42152466367713,38.74439461883408,1.412556053811659,0.2017937219730941,0.0,0.0,0.8071748878923767,0.8071748878923767,4.237668161434978,0.0,0.4035874439461883,0.4035874439461883,0.2017937219730941,2.0179372197309418,0.0,2.825112107623318,1.0089686098654709,0.0,0.2017937219730941,0.0,0.0,0.0,0.0,82.4,37.5,50.0,25.0,0.0,53.85,53.85,90.91,0.0,0.0178077999583886,0.0,1.816143497757848,0.0381881199551569,1.0089686098654709,4.84304932735426,5.650224215246636,0.1374768322869956,22.19730941704036,LB/LCB,83,52,62,83,79,77,38,12,21,46,46,56,40,27,27,33,88,27,60,62,42,98,29,46,52,52,38,46,96,29,40,40,58,92,12,38,27,71,62,69,88,92,92,88,67,42,46,75,58,71,29,12,21,42,38,38,40,21,21,25,83,27,54,54,42,96,29,46,52,52,38,46,96,29,40,40,58,92,12,38,27,54,50,67,75,83,79,71,La Liga
Espanyol,c8llrezkm3b3op4afrou6b487,e8s9ssopq5nmp51zymvqp8jbp,Unai Núñez,Unai Núñez,29.0,Defender,Spain,Defender,137.0,0.0,52.0,15.0,189.0,5.0,1.0,1.0,0.0,1.0,1.0,13.0,356.0,0.0,2.0,3.0,1.0,3.0,1.0,23.0,2.0,0.0,0.0,0.0,0.0,0.0,0.0,83.63,46.88,0.0,100.0,0.0,65.0,55.56,75.0,0.0383640603957837,0.1548938983520503,1.0,5.0,0.12319227,2.0,8.0,11.0,0.4846,113.0,34.63483146067416,0.0,13.146067415730336,3.792134831460674,47.78089887640449,1.2640449438202246,0.2528089887640449,0.2528089887640449,0.0,0.2528089887640449,0.2528089887640449,3.286516853932584,0.0,0.5056179775280899,0.7584269662921348,0.2528089887640449,0.7584269662921348,0.2528089887640449,5.814606741573034,0.5056179775280899,0.0,0.0,0.0,0.0,0.0,0.0,83.63,46.88,0.0,100.0,0.0,65.0,55.56,75.0,0.0096987793135408,0.0391585698081026,0.2528089887640449,1.2640449438202246,0.0311441132022471,0.5056179775280899,2.02247191011236,2.7808988764044944,0.1225112359550561,28.56741573033708,RB/RCB,100,21,26,100,95,74,21,26,24,18,18,21,26,18,55,37,16,61,95,18,47,47,32,47,53,53,53,74,21,100,26,95,79,66,11,42,68,42,47,50,53,74,79,100,95,21,37,100,95,84,26,21,24,16,16,16,26,21,53,37,16,63,100,21,47,47,32,47,53,53,53,74,21,100,26,95,79,66,11,42,68,53,53,53,58,79,79,89,La Liga
Sevilla,10eyb18v5puw4ez03ocaug09m,5lzbyj5i0cotpry4gneap8c89,Juan Iglesias,Juan Iglesias,28.0,Defender,Spain,Defender,31.0,3.0,63.0,14.0,91.0,4.0,2.0,4.0,2.0,5.0,6.0,26.0,450.0,3.0,6.0,9.0,3.0,7.0,2.0,18.0,3.0,0.0,0.0,0.0,1.0,0.0,0.0,67.91,41.18,20.0,60.0,75.0,60.47,50.0,70.0,0.3972439000686595,0.2423538050479758,1.0,4.0,0.12878027,0.0,13.0,13.0,0.3885242300000001,44.0,6.2,0.6,12.6,2.8,18.2,0.8,0.4,0.8,0.4,1.0,1.2,5.2,0.6,1.2,1.8,0.6,1.4,0.4,3.6,0.6,0.0,0.0,0.0,0.2,0.0,0.0,67.91,41.18,20.0,60.0,75.0,60.47,50.0,70.0,0.0794487800137319,0.0484707610095951,0.2,0.8,0.025756054,0.0,2.6,2.6,0.077704846,8.8,CB,5,99,57,76,11,25,80,84,64,88,91,93,100,91,100,88,89,89,55,32,49,41,39,89,51,51,3,47,82,68,92,63,42,72,84,89,79,64,79,24,63,67,68,11,3,97,22,58,3,17,63,66,49,84,87,83,100,75,97,87,79,86,28,24,49,41,39,79,51,51,3,47,82,68,92,63,42,72,61,84,71,53,71,24,37,30,45,8,La Liga
Sevilla,10eyb18v5puw4ez03ocaug09m,8yak0o9o7z5j5ribga3ui2cb9,G. Suazo,Gabriel Suazo,29.0,Defender,Chile,Defender,59.0,6.0,108.0,10.0,161.0,9.0,7.0,1.0,0.0,3.0,3.0,28.0,450.0,0.0,3.0,5.0,1.0,11.0,1.0,14.0,3.0,0.0,0.0,1.0,0.0,0.0,0.0,80.5,50.0,33.33,33.33,0.0,54.9,64.29,84.62,0.059635026808201,0.5579759955597164,1.0,4.0,0.10740153,3.0,21.0,26.0,0.6953765700000001,95.0,11.8,1.2,21.6,2.0,32.2,1.8,1.4,0.2,0.0,0.6,0.6,5.6,0.0,0.6,1.0,0.2,2.2,0.2,2.8,0.6,0.0,0.0,0.2,0.0,0.0,0.0,80.5,50.0,33.33,33.33,0.0,54.9,64.29,84.62,0.0119270053616402,0.1115951991119433,0.2,0.8,0.0214803059999999,0.6,4.2,5.2,0.139075314,19.0,LB/LCB,25,96,83,73,62,92,100,38,21,40,35,88,40,40,69,33,96,65,60,42,42,48,75,46,52,52,25,75,85,42,40,46,71,83,33,96,67,31,38,54,83,85,96,71,21,88,62,56,33,83,92,27,21,25,21,75,40,33,58,21,92,54,50,29,42,48,60,46,52,52,25,75,85,42,40,46,71,83,33,83,54,29,33,42,67,75,83,50,La Liga
Sevilla,10eyb18v5puw4ez03ocaug09m,9lzqgedy6aaouokqenirdbu38,Miguel Sierra,Miguel Sierra,22.0,Attacker,Spain,Striker,18.0,1.0,37.0,3.0,54.0,5.0,4.0,8.0,3.0,15.0,16.0,29.0,329.0,3.0,10.0,8.0,11.0,3.0,5.0,2.0,1.0,0.0,0.0,2.0,1.0,0.0,0.0,73.97,33.33,10.0,73.33,37.5,50.88,45.45,60.0,0.6979145518889743,0.2472934507990599,5.0,11.0,0.29742144,7.0,2.0,4.0,0.12502739,14.0,4.924012158054712,0.2735562310030395,10.121580547112462,0.8206686930091186,14.772036474164134,1.3677811550151977,1.094224924012158,2.188449848024316,0.8206686930091186,4.103343465045593,4.376899696048632,7.933130699088146,0.8206686930091186,2.7355623100303954,2.188449848024316,3.009118541033435,0.8206686930091186,1.3677811550151977,0.547112462006079,0.2735562310030395,0.0,0.0,0.547112462006079,0.2735562310030395,0.0,0.0,73.97,33.33,10.0,73.33,37.5,50.88,45.45,60.0,0.190918874376923,0.0676486643523264,1.3677811550151977,3.009118541033435,0.0813614881458966,1.9148936170212767,0.547112462006079,1.094224924012158,0.0342020215805471,3.8297872340425534,RW,27,35,23,58,23,92,50,58,35,65,73,92,65,38,96,77,73,81,62,31,42,54,54,62,54,54,8,31,31,92,54,62,77,54,62,46,65,42,38,81,19,23,23,8,15,31,15,62,15,92,38,54,38,62,62,100,54,31,92,77,69,85,54,31,42,54,54,62,54,54,8,31,31,92,54,62,77,54,54,38,69,38,38,92,15,15,15,8,La Liga
Sevilla,10eyb18v5puw4ez03ocaug09m,9mvwnz2zlvx54nggvvw3l9ega,R. Ure,Robbie Ure,22.0,Attacker,Scotland,Striker,6.0,1.0,24.0,0.0,29.0,3.0,4.0,4.0,4.0,2.0,2.0,13.0,306.0,0.0,11.0,9.0,1.0,0.0,0.0,0.0,0.0,1.0,0.0,1.0,0.0,0.0,0.0,72.5,0.0,50.0,50.0,0.0,27.66,14.29,0.0,0.4682161260736149,0.1337214401643928,0.0,1.0,0.10805102,0.0,1.0,0.0,0.01649979,6.0,1.7647058823529411,0.2941176470588235,7.0588235294117645,0.0,8.529411764705882,0.8823529411764706,1.1764705882352942,1.1764705882352942,1.1764705882352942,0.5882352941176471,0.5882352941176471,3.823529411764706,0.0,3.235294117647059,2.647058823529412,0.2941176470588235,0.0,0.0,0.0,0.0,0.2941176470588235,0.0,0.2941176470588235,0.0,0.0,0.0,72.5,0.0,50.0,50.0,0.0,27.66,14.29,0.0,0.137710625315769,0.0393298353424684,0.0,0.2941176470588235,0.0317797117647058,0.0,0.2941176470588235,0.0,0.0048528794117647,1.7647058823529411,ST,8,75,20,12,12,36,61,12,27,8,6,27,6,33,92,23,12,12,9,31,72,50,33,16,50,50,47,12,89,67,6,3,14,12,19,28,12,11,59,5,11,6,3,8,6,78,22,12,19,41,56,16,34,6,6,28,6,22,88,22,12,12,9,31,75,50,31,16,50,50,47,12,89,67,6,3,14,12,16,25,12,12,59,5,12,6,3,6,La Liga
Sevilla,10eyb18v5puw4ez03ocaug09m,9nwkxgbl8t933pzu60ye4xxxw,Kike Salas,Kike Salas,24.0,Defender,Spain,Defender,73.0,1.0,55.0,20.0,127.0,14.0,1.0,5.0,3.0,0.0,0.0,27.0,358.0,1.0,14.0,5.0,0.0,4.0,2.0,22.0,2.0,0.0,0.0,1.0,0.0,0.0,0.0,73.84,43.48,100.0,0.0,20.0,52.94,50.0,50.0,0.4966583694399415,0.0,2.0,3.0,0.0555586,0.0,17.0,19.0,0.3550306099999999,77.0,18.35195530726257,0.2513966480446927,13.8268156424581,5.027932960893855,31.92737430167598,3.519553072625698,0.2513966480446927,1.2569832402234635,0.7541899441340782,0.0,0.0,6.787709497206704,0.2513966480446927,3.519553072625698,1.2569832402234635,0.0,1.005586592178771,0.5027932960893855,5.5307262569832405,0.5027932960893855,0.0,0.0,0.2513966480446927,0.0,0.0,0.0,73.84,43.48,100.0,0.0,20.0,52.94,50.0,50.0,0.1248582493005439,0.0,0.5027932960893855,0.7541899441340782,0.0139672458100558,0.0,4.273743016759776,4.776536312849162,0.0892535053072625,19.35754189944134,LB/LCB,56,52,25,94,38,100,38,92,92,4,4,83,85,100,69,10,50,85,92,25,42,48,75,46,52,52,8,58,100,10,79,29,44,27,100,19,92,23,17,10,71,69,38,58,46,58,17,96,29,100,42,92,92,4,4,92,88,100,67,10,46,92,88,25,42,48,79,46,52,52,8,58,100,10,79,29,44,27,100,19,100,25,17,10,71,67,33,54,La Liga
Sevilla,10eyb18v5puw4ez03ocaug09m,bccp1nvtoc3n1q4g4sw1p7ro5,Jon Guridi,Jon Guridi,31.0,Midfielder,Spain,Midfielder,31.0,0.0,39.0,2.0,70.0,3.0,1.0,3.0,3.0,3.0,3.0,8.0,260.0,3.0,7.0,1.0,1.0,3.0,0.0,1.0,1.0,0.0,0.0,0.0,1.0,0.0,0.0,85.37,50.0,0.0,33.33,100.0,27.59,27.27,100.0,0.1394082745386204,0.0835200746234289,1.0,6.0,0.14436331,4.0,5.0,8.0,0.14478797,43.0,10.730769230769232,0.0,13.5,0.6923076923076923,24.23076923076923,1.0384615384615383,0.3461538461538461,1.0384615384615383,1.0384615384615383,1.0384615384615383,1.0384615384615383,2.769230769230769,1.0384615384615383,2.423076923076923,0.3461538461538461,0.3461538461538461,1.0384615384615383,0.0,0.3461538461538461,0.3461538461538461,0.0,0.0,0.0,0.3461538461538461,0.0,0.0,85.37,50.0,0.0,33.33,100.0,27.59,27.27,100.0,0.0482567104172147,0.0289107950619561,0.3461538461538461,2.076923076923077,0.049971915,1.3846153846153846,1.7307692307692308,2.769230769230769,0.0501189126923076,14.884615384615383,CM/AM,31,14,14,24,17,69,9,17,59,10,10,7,66,40,5,17,48,7,36,33,29,52,17,67,48,52,62,50,14,26,100,7,45,95,7,10,26,36,31,48,17,28,14,33,41,14,21,24,28,79,7,24,62,14,14,10,72,55,3,24,59,7,45,38,29,52,17,79,48,52,62,50,14,26,100,7,45,95,7,10,28,41,45,59,17,31,17,48,La Liga
Sevilla,10eyb18v5puw4ez03ocaug09m,bofeh3blk8nn3ml0pjwuig4r8,Andrés Castrín,Andrés López Gallo,23.0,Defender,Spain,Defender,67.0,0.0,44.0,16.0,111.0,5.0,3.0,2.0,2.0,1.0,1.0,10.0,300.0,1.0,4.0,1.0,0.0,2.0,0.0,16.0,4.0,0.0,0.0,0.0,0.0,0.0,0.0,86.72,59.26,0.0,0.0,50.0,76.92,71.43,50.0,0.2725084182878965,0.1953386450723114,0.0,2.0,0.03223626,0.0,12.0,11.0,0.2829755199999998,78.0,20.1,0.0,13.2,4.8,33.3,1.5,0.8999999999999999,0.6,0.6,0.3,0.3,3.0,0.3,1.2,0.3,0.0,0.6,0.0,4.8,1.2,0.0,0.0,0.0,0.0,0.0,0.0,86.72,59.26,0.0,0.0,50.0,76.92,71.43,50.0,0.0817525254863689,0.0586015935216934,0.0,0.6,0.009670878,0.0,3.6,3.3,0.0848926559999999,23.4,CB,18,38,18,87,18,36,95,50,64,47,47,14,68,71,34,26,26,32,42,47,49,41,39,39,51,51,42,76,38,26,83,97,86,29,50,84,36,43,34,24,57,50,58,34,18,38,26,89,18,43,97,58,78,55,55,25,74,75,37,26,33,32,55,59,49,41,39,39,51,51,42,76,38,26,83,97,86,29,66,92,36,47,47,24,66,53,58,39,La Liga
Sevilla,10eyb18v5puw4ez03ocaug09m,c6zhg955v927x9vo39e8vunoq,A. Sangante,Arouna Sangante,24.0,Defender,Senegal,Defender,60.0,0.0,28.0,8.0,88.0,9.0,1.0,0.0,0.0,1.0,1.0,12.0,214.0,0.0,3.0,1.0,0.0,1.0,0.0,11.0,4.0,0.0,0.0,0.0,0.0,0.0,0.0,78.57,44.44,0.0,0.0,0.0,57.14,69.23,50.0,0.0,0.0722302791186715,0.0,0.0,0.0,1.0,3.0,8.0,0.13360236,55.0,25.233644859813083,0.0,11.77570093457944,3.364485981308411,37.00934579439252,3.785046728971962,0.4205607476635514,0.0,0.0,0.4205607476635514,0.4205607476635514,5.046728971962617,0.0,1.2616822429906542,0.4205607476635514,0.0,0.4205607476635514,0.0,4.626168224299065,1.6822429906542056,0.0,0.0,0.0,0.0,0.0,0.0,78.57,44.44,0.0,0.0,0.0,57.14,69.23,50.0,0.0,0.0303772201900954,0.0,0.0,0.0,0.4205607476635514,1.2616822429906542,3.364485981308411,0.0561879084112149,23.13084112149533,CB,16,38,5,46,8,79,49,13,16,47,47,28,25,55,34,26,8,32,21,47,49,41,39,39,51,51,5,50,38,26,25,47,79,29,13,55,36,9,9,53,13,28,13,24,32,38,18,76,26,100,74,13,16,71,71,71,25,82,47,26,21,32,50,89,49,41,39,39,51,51,5,50,38,26,25,47,79,29,13,68,36,9,9,68,18,59,32,37,La Liga
Sevilla,10eyb18v5puw4ez03ocaug09m,c8mp2wwwyvy930vfjnivg2hre,L. Agoumé,Lucien Agoumé,24.0,Midfielder,France,Midfielder,66.0,1.0,96.0,14.0,161.0,3.0,1.0,4.0,1.0,3.0,3.0,25.0,450.0,0.0,2.0,5.0,3.0,11.0,3.0,13.0,12.0,0.0,0.0,2.0,0.0,0.0,0.0,81.73,53.85,33.33,100.0,0.0,56.82,37.5,78.57,0.2035598137341914,0.0737365330770657,3.0,6.0,0.1224784,2.0,24.0,23.0,0.6128580700000003,99.0,13.2,0.2,19.2,2.8,32.2,0.6,0.2,0.8,0.2,0.6,0.6,5.0,0.0,0.4,1.0,0.6,2.2,0.6,2.6,2.4,0.0,0.0,0.4,0.0,0.0,0.0,81.73,53.85,33.33,100.0,0.0,56.82,37.5,78.57,0.0407119627468382,0.0147473066154131,0.6,1.2,0.02449568,0.4,4.8,4.6,0.122571614,19.8,DM/CM,26,73,57,71,34,59,24,84,60,57,53,94,34,39,77,81,100,84,90,94,43,51,91,47,51,51,6,37,91,84,34,69,51,94,60,34,86,47,49,44,86,86,91,51,9,69,29,66,14,51,9,66,41,46,40,69,34,29,57,74,94,74,74,90,43,51,86,47,51,51,6,37,91,84,34,69,51,94,46,20,83,40,40,37,66,74,77,29,La Liga
Valencia,ba5e91hjacvma2sjvixn00pjo,2nq5nzq35tfwc7po29dtwqp78,Arnau Martínez,Arnau Martínez,23.0,Defender,Spain,Defender,55.0,0.0,38.0,5.0,93.0,2.0,0.0,1.0,0.0,1.0,1.0,5.0,234.0,0.0,1.0,0.0,0.0,2.0,1.0,3.0,1.0,0.0,1.0,1.0,0.0,0.0,0.0,86.11,38.46,0.0,0.0,0.0,41.67,50.0,66.67,0.0534673630242402,0.0,1.0,3.0,0.05301003,2.0,9.0,11.0,0.2128798699999999,47.0,21.15384615384616,0.0,14.615384615384617,1.923076923076923,35.76923076923077,0.7692307692307692,0.0,0.3846153846153846,0.0,0.3846153846153846,0.3846153846153846,1.923076923076923,0.0,0.3846153846153846,0.0,0.0,0.7692307692307692,0.3846153846153846,1.1538461538461535,0.3846153846153846,0.0,0.3846153846153846,0.3846153846153846,0.0,0.0,0.0,86.11,38.46,0.0,0.0,0.0,41.67,50.0,66.67,0.0205643703939385,0.0,0.3846153846153846,1.1538461538461535,0.020388473076923,0.7692307692307692,3.461538461538461,4.230769230769231,0.081876873076923,18.07692307692308,CB,13,38,16,21,13,11,14,33,16,47,47,3,25,22,11,26,26,74,5,13,49,89,84,39,51,51,39,33,38,26,25,11,42,64,29,18,79,58,55,67,39,50,32,13,26,38,45,37,24,13,14,37,16,61,61,8,25,26,11,26,42,82,8,16,49,97,89,39,51,51,39,33,38,26,25,11,42,64,32,18,84,71,61,74,58,71,50,24,La Liga
Valencia,ba5e91hjacvma2sjvixn00pjo,2u8bekuidiwqz1gvb4vd3uhg,César Tárrega,César Tárrega,24.0,Defender,Spain,Defender,124.0,0.0,59.0,7.0,183.0,4.0,0.0,3.0,2.0,1.0,1.0,17.0,330.0,0.0,2.0,3.0,0.0,6.0,1.0,22.0,4.0,0.0,0.0,3.0,0.0,0.0,0.0,89.27,38.89,0.0,0.0,0.0,56.67,50.0,60.0,0.3039154656409482,0.0,1.0,5.0,0.10419714,0.0,11.0,12.0,0.20192463,90.0,33.81818181818182,0.0,16.09090909090909,1.9090909090909087,49.909090909090914,1.090909090909091,0.0,0.8181818181818182,0.5454545454545455,0.2727272727272727,0.2727272727272727,4.636363636363637,0.0,0.5454545454545455,0.8181818181818182,0.0,1.6363636363636365,0.2727272727272727,6.0,1.090909090909091,0.0,0.0,0.8181818181818182,0.0,0.0,0.0,89.27,38.89,0.0,0.0,0.0,56.67,50.0,60.0,0.0828860360838949,0.0,0.2727272727272727,1.3636363636363638,0.0284174018181818,0.0,3.0,3.272727272727273,0.0550703536363636,24.545454545454547,CB,50,38,49,38,42,25,14,68,64,47,47,64,25,37,71,26,82,74,70,47,49,41,99,39,51,51,61,37,38,26,25,45,42,55,66,18,79,72,71,24,49,61,26,42,47,38,58,34,55,29,14,68,71,50,50,58,25,39,71,26,82,74,76,47,49,41,100,39,51,51,61,37,38,26,25,45,42,55,68,18,79,76,76,24,45,50,26,42,La Liga
Valencia,ba5e91hjacvma2sjvixn00pjo,3702btkgwxf6tq92ouekd7ro5,Pepelu,José Luis García Vayá,28.0,Midfielder,Spain,Midfielder,125.0,0.0,89.0,14.0,214.0,3.0,1.0,1.0,0.0,0.0,0.0,13.0,388.0,0.0,0.0,2.0,0.0,2.0,1.0,17.0,4.0,0.0,0.0,1.0,0.0,0.0,0.0,86.99,42.42,0.0,0.0,0.0,54.17,42.86,22.22,0.0318274693838794,0.1015678270105032,0.0,3.0,0.05544015,1.0,17.0,15.0,0.4065139999999999,142.0,28.994845360824744,0.0,20.644329896907216,3.247422680412371,49.63917525773197,0.6958762886597939,0.2319587628865979,0.2319587628865979,0.0,0.0,0.0,3.015463917525773,0.0,0.0,0.4639175257731959,0.0,0.4639175257731959,0.2319587628865979,3.943298969072165,0.9278350515463918,0.0,0.0,0.2319587628865979,0.0,0.0,0.0,86.99,42.42,0.0,0.0,0.0,54.17,42.86,22.22,0.0073826604240957,0.0235595475024363,0.0,0.6958762886597939,0.0128598286082474,0.2319587628865979,3.943298969072165,3.479381443298969,0.0942944845360824,32.93814432989691,DM/CM,94,34,46,71,80,59,24,33,20,6,6,31,34,9,27,9,14,53,97,54,43,51,71,47,51,51,31,14,34,9,34,63,57,4,17,43,29,21,14,26,54,53,66,93,83,34,43,71,54,57,20,23,20,6,6,17,34,9,26,9,11,49,97,46,43,51,66,47,51,51,31,14,34,9,34,63,57,4,17,37,29,20,14,26,51,46,57,77,La Liga
Valencia,ba5e91hjacvma2sjvixn00pjo,4rktv6j9sioe0gmu7jt77fsh5,A. Danjuma,Arnaut Danjuma,29.0,Attacker,Netherlands,Striker,19.0,1.0,38.0,3.0,56.0,1.0,1.0,11.0,7.0,7.0,8.0,10.0,348.0,4.0,12.0,6.0,2.0,1.0,4.0,0.0,0.0,0.0,0.0,1.0,0.0,0.0,0.0,80.0,75.0,16.67,28.57,36.36,38.46,50.0,100.0,1.1511826673094496,0.1562743662995372,6.0,11.0,0.32406913,3.0,3.0,6.0,0.35410793,20.0,4.913793103448276,0.2586206896551724,9.827586206896552,0.7758620689655172,14.482758620689657,0.2586206896551724,0.2586206896551724,2.8448275862068964,1.8103448275862069,1.8103448275862069,2.0689655172413794,2.586206896551724,1.0344827586206895,3.103448275862069,1.5517241379310345,0.5172413793103449,0.2586206896551724,1.0344827586206895,0.0,0.0,0.0,0.0,0.2586206896551724,0.0,0.0,0.0,80.0,75.0,16.67,28.57,36.36,38.46,50.0,100.0,0.2977196553386507,0.0404157843878113,1.5517241379310345,2.8448275862068964,0.0838109818965517,0.7758620689655172,0.7758620689655172,1.5517241379310345,0.0915796370689655,5.172413793103448,LW,33,46,25,54,17,67,21,92,83,21,25,12,88,58,62,8,12,100,17,21,42,54,50,38,54,54,42,71,50,8,75,25,88,92,92,25,92,50,42,54,25,25,42,25,17,42,17,42,8,67,17,83,75,17,17,8,92,50,58,8,8,100,17,21,42,54,50,38,54,54,42,71,50,8,75,25,88,92,100,25,83,58,50,58,17,33,42,17,La Liga
Valencia,ba5e91hjacvma2sjvixn00pjo,58omi7lik71h0zl4b8d6rwdt5,A. Dieng,Aliou Dieng,28.0,Midfielder,Mali,Midfielder,47.0,0.0,50.0,2.0,97.0,3.0,1.0,0.0,0.0,4.0,4.0,19.0,227.0,0.0,0.0,2.0,3.0,6.0,0.0,7.0,0.0,0.0,0.0,0.0,0.0,0.0,0.0,88.18,66.67,0.0,75.0,0.0,57.58,50.0,54.55,0.0,0.0459171996494715,0.0,7.0,0.16382508,3.0,9.0,5.0,0.14088351,54.0,18.634361233480178,0.0,19.823788546255507,0.7929515418502203,38.458149779735685,1.1894273127753303,0.3964757709251101,0.0,0.0,1.5859030837004406,1.5859030837004406,7.533039647577093,0.0,0.0,0.7929515418502203,1.1894273127753303,2.378854625550661,0.0,2.775330396475771,0.0,0.0,0.0,0.0,0.0,0.0,0.0,88.18,66.67,0.0,75.0,0.0,57.58,50.0,54.55,0.0,0.0182050571297464,0.0,2.775330396475771,0.0649526748898678,1.1894273127753303,3.5682819383259914,1.9823788546255507,0.0558568982378854,21.409691629955947,DM/CM,9,34,6,11,3,59,24,9,20,71,67,69,34,9,27,81,83,20,63,4,43,51,29,47,51,51,40,63,34,63,34,74,71,57,9,14,29,60,66,59,13,7,6,10,29,34,34,14,31,83,40,9,20,89,89,97,34,9,37,91,97,20,80,4,43,51,29,47,51,51,40,63,34,63,34,74,71,57,9,26,29,83,89,77,37,14,20,34,La Liga
Valencia,ba5e91hjacvma2sjvixn00pjo,6g4w142avjxqr8ju5tgdskhlg,R. Sato,Ryunosuke Sato,19.0,Midfielder,Japan,Midfielder,30.0,0.0,52.0,0.0,82.0,1.0,1.0,5.0,4.0,6.0,6.0,7.0,297.0,1.0,8.0,1.0,1.0,4.0,1.0,0.0,0.0,0.0,0.0,3.0,0.0,0.0,0.0,82.0,0.0,0.0,16.67,20.0,24.14,25.0,100.0,0.4339801360342513,0.0,1.0,8.0,0.19743429,1.0,10.0,8.0,0.14795939,30.0,9.090909090909092,0.0,15.757575757575758,0.0,24.84848484848485,0.303030303030303,0.303030303030303,1.5151515151515151,1.2121212121212122,1.8181818181818183,1.8181818181818183,2.121212121212121,0.303030303030303,2.4242424242424243,0.303030303030303,0.303030303030303,1.2121212121212122,0.303030303030303,0.0,0.0,0.0,0.0,0.9090909090909092,0.0,0.0,0.0,82.0,0.0,0.0,16.67,20.0,24.14,25.0,100.0,0.1315091321315913,0.0,0.303030303030303,2.4242424242424243,0.0598285727272727,0.303030303030303,3.0303030303030303,2.4242424242424243,0.0448361787878787,9.090909090909092,RM/RCM,40,50,40,20,40,40,30,60,100,100,80,20,40,100,60,30,60,40,20,20,40,60,100,50,60,60,40,20,50,20,40,20,80,90,80,20,40,60,60,20,40,40,40,40,40,50,40,20,40,40,20,80,80,80,80,20,60,80,60,40,40,40,20,20,40,60,100,50,60,60,40,20,50,20,40,20,80,90,80,20,40,60,60,20,40,40,40,40,La Liga
Valencia,ba5e91hjacvma2sjvixn00pjo,94md3wf5xab5mnj5niiwq33zd,F. Ugrinic,Filip Ugrinic,27.0,Midfielder,Switzerland,Midfielder,86.0,5.0,103.0,10.0,184.0,2.0,4.0,6.0,2.0,7.0,7.0,22.0,374.0,2.0,3.0,10.0,1.0,5.0,4.0,6.0,3.0,0.0,0.0,2.0,0.0,0.0,0.0,91.09,58.82,27.78,14.29,33.33,47.83,25.0,55.56,0.4398535197790272,0.4246874020412238,3.0,12.0,0.25116228,6.0,18.0,18.0,0.4792854399999999,98.0,20.6951871657754,1.2032085561497323,24.78609625668449,2.406417112299465,44.27807486631016,0.481283422459893,0.962566844919786,1.443850267379679,0.481283422459893,1.6844919786096255,1.6844919786096255,5.294117647058823,0.481283422459893,0.7219251336898395,2.406417112299465,0.2406417112299465,1.2032085561497323,0.962566844919786,1.443850267379679,0.7219251336898395,0.0,0.0,0.481283422459893,0.0,0.0,0.0,91.09,58.82,27.78,14.29,33.33,47.83,25.0,55.56,0.1058471036901402,0.1021975031650003,0.7219251336898395,2.887700534759358,0.0604401208556149,1.443850267379679,4.331550802139037,4.331550802139037,0.1153360684491978,23.58288770053476,CM/AM,84,79,72,86,76,52,26,53,36,43,43,72,41,17,86,17,83,69,88,74,29,52,71,26,48,52,90,66,55,10,33,41,38,47,52,31,67,69,52,66,81,78,55,83,83,72,69,76,79,48,21,41,31,34,34,66,38,12,79,10,72,69,93,72,29,52,66,26,48,52,90,66,55,10,33,41,38,47,31,24,69,62,52,62,76,64,48,79,La Liga
Valencia,ba5e91hjacvma2sjvixn00pjo,aqqd7tq7z6bj3wn3u3sz3uuqc,Javi Guerra,Javi Guerra,23.0,Midfielder,Spain,Midfielder,45.0,2.0,56.0,5.0,99.0,1.0,4.0,3.0,3.0,10.0,11.0,15.0,385.0,0.0,5.0,4.0,6.0,2.0,0.0,4.0,1.0,0.0,0.0,0.0,0.0,0.0,0.0,74.44,35.71,20.0,60.0,0.0,44.12,25.0,50.0,0.2651932443951436,0.4028649763529218,1.0,7.0,0.13952553,3.0,10.0,9.0,0.26950518,46.0,10.51948051948052,0.4675324675324675,13.090909090909092,1.1688311688311688,23.142857142857142,0.2337662337662337,0.935064935064935,0.7012987012987013,0.7012987012987013,2.3376623376623376,2.571428571428572,3.5064935064935066,0.0,1.1688311688311688,0.935064935064935,1.4025974025974026,0.4675324675324675,0.0,0.935064935064935,0.2337662337662337,0.0,0.0,0.0,0.0,0.0,0.0,74.44,35.71,20.0,60.0,0.0,44.12,25.0,50.0,0.0619932259625011,0.0941762282383453,0.2337662337662337,1.6363636363636365,0.0326163576623376,0.7012987012987013,2.3376623376623376,2.103896103896104,0.0630012109090909,10.753246753246753,DM/CM,3,84,14,26,9,29,77,66,97,97,97,46,34,83,60,97,14,20,31,16,43,51,29,47,51,51,3,9,71,44,34,27,43,40,74,89,64,60,51,59,19,23,34,6,6,87,3,20,3,24,73,63,97,94,97,43,34,83,51,97,17,20,33,13,43,51,29,47,51,51,3,9,71,44,34,27,43,40,74,86,63,54,51,60,11,20,26,6,La Liga
Valencia,ba5e91hjacvma2sjvixn00pjo,d6kzekcwqw0q8fq6wt6rmyusq,Jesús Vázquez,Jesús Vázquez,23.0,Defender,Spain,Defender,38.0,1.0,52.0,3.0,89.0,1.0,1.0,2.0,1.0,10.0,12.0,22.0,331.0,0.0,10.0,9.0,4.0,8.0,1.0,4.0,3.0,0.0,0.0,1.0,0.0,0.0,0.0,83.18,50.0,16.67,40.0,0.0,52.38,50.0,88.89,0.1331827623658883,0.0,1.0,7.0,0.23660245,1.0,6.0,6.0,0.2560304699999999,43.0,10.332326283987916,0.2719033232628399,14.138972809667674,0.8157099697885197,24.19939577039275,0.2719033232628399,0.2719033232628399,0.5438066465256798,0.2719033232628399,2.719033232628399,3.262839879154079,5.981873111782478,0.0,2.719033232628399,2.447129909365559,1.0876132930513596,2.175226586102719,0.2719033232628399,1.0876132930513596,0.8157099697885197,0.0,0.0,0.2719033232628399,0.0,0.0,0.0,83.18,50.0,16.67,40.0,0.0,52.38,50.0,88.89,0.0362128356886101,0.0,0.2719033232628399,1.9033232628398795,0.0643329924471299,0.2719033232628399,1.6314199395770397,1.6314199395770397,0.0696155356495468,11.691842900302117,LB/LCB,12,52,17,19,17,6,38,60,52,92,98,75,40,85,96,69,75,65,15,42,42,48,75,46,52,52,46,75,48,46,40,25,44,88,46,19,67,56,79,25,23,21,17,21,12,62,21,12,17,4,46,62,54,100,100,83,40,92,96,75,88,75,8,42,42,48,88,46,52,52,46,75,48,46,40,25,44,88,50,19,75,58,88,25,29,21,17,25,La Liga
Valencia,ba5e91hjacvma2sjvixn00pjo,eucssbf7wamb41y1gixfodivp,M. Diakhaby,Mouctar Diakhaby,29.0,Defender,Guinea,Defender,79.0,0.0,40.0,3.0,119.0,7.0,0.0,2.0,2.0,2.0,3.0,11.0,287.0,0.0,4.0,1.0,1.0,1.0,0.0,18.0,6.0,0.0,0.0,1.0,0.0,0.0,0.0,83.22,30.0,0.0,50.0,0.0,73.33,87.5,50.0,0.2433952011811105,0.0,0.0,0.0,0.0,0.0,11.0,9.0,0.1942217299999999,75.0,24.773519163763066,0.0,12.54355400696864,0.940766550522648,37.3170731707317,2.195121951219512,0.0,0.627177700348432,0.627177700348432,0.627177700348432,0.940766550522648,3.449477351916376,0.0,1.254355400696864,0.313588850174216,0.313588850174216,0.313588850174216,0.0,5.644599303135888,1.881533101045296,0.0,0.0,0.313588850174216,0.0,0.0,0.0,83.22,30.0,0.0,50.0,0.0,73.33,87.5,50.0,0.0763260212763064,0.0,0.0,0.0,0.0,0.0,3.449477351916376,2.822299651567944,0.060905768989547,23.5191637630662,LB/LCB,65,19,8,19,23,77,15,60,75,25,35,19,40,52,12,33,8,27,75,73,42,48,75,46,52,52,50,12,19,56,40,96,100,27,71,19,27,6,6,10,42,33,12,52,75,19,12,25,50,92,15,67,88,29,42,17,40,58,8,38,12,27,96,96,42,48,92,46,52,52,50,12,19,56,40,96,100,27,83,19,27,6,6,10,50,42,12,75,La Liga
Villarreal,74mcjsm72vr3l9pw2i4qfjchj,1qkneebzln8byl9td2aswznmy,Alberto Moleiro,Alberto Moleiro,22.0,Midfielder,Spain,Midfielder,20.0,4.0,96.0,1.0,112.0,0.0,7.0,4.0,2.0,10.0,10.0,11.0,240.0,2.0,7.0,2.0,3.0,3.0,2.0,1.0,0.0,1.0,0.0,1.0,0.0,0.0,0.0,90.32,33.33,30.77,30.0,50.0,37.93,0.0,50.0,0.3128275790559676,0.6870264700225228,2.0,14.0,0.4499724,2.0,7.0,8.0,0.4252932399999999,46.0,7.5,1.5,36.0,0.375,42.0,0.0,2.625,1.5,0.75,3.75,3.75,4.125,0.75,2.625,0.75,1.125,1.125,0.75,0.375,0.0,0.375,0.0,0.375,0.0,0.0,0.0,90.32,33.33,30.77,30.0,50.0,37.93,0.0,50.0,0.1173103421459878,0.2576349262584461,0.75,5.25,0.16873965,0.75,2.625,3.0,0.1594849649999999,17.25,CM/AM,14,67,66,14,55,12,59,31,36,76,72,26,41,40,14,45,48,40,36,9,72,52,47,26,48,52,83,14,62,21,67,14,17,33,21,62,47,81,90,21,26,28,48,43,24,83,86,17,72,12,83,52,48,86,86,31,52,59,24,59,69,52,48,9,86,52,55,26,48,52,83,14,62,21,67,14,17,33,41,86,76,93,93,28,31,38,72,59,La Liga
Villarreal,74mcjsm72vr3l9pw2i4qfjchj,2biwwlvzgsu5kmyw5w1adpmtx,Gerard Moreno,Gerard Moreno,34.0,Attacker,Spain,Striker,19.0,2.0,95.0,4.0,112.0,3.0,9.0,6.0,5.0,12.0,15.0,15.0,273.0,3.0,19.0,1.0,9.0,1.0,1.0,2.0,0.0,0.0,0.0,1.0,2.0,0.0,0.0,83.58,66.67,33.33,75.0,50.0,62.5,0.0,50.0,0.6378895089245434,0.7637388092330963,1.0,20.0,0.55606689,4.0,18.0,23.0,0.98046776,57.0,6.263736263736264,0.6593406593406593,31.31868131868132,1.3186813186813189,36.92307692307693,0.989010989010989,2.967032967032967,1.978021978021978,1.6483516483516485,3.956043956043956,4.945054945054945,4.945054945054945,0.989010989010989,6.263736263736264,0.3296703296703296,2.967032967032967,0.3296703296703296,0.3296703296703296,0.6593406593406593,0.0,0.0,0.0,0.3296703296703296,0.6593406593406593,0.0,0.0,83.58,66.67,33.33,75.0,50.0,62.5,0.0,50.0,0.2102932447003989,0.2517820250218999,0.3296703296703296,6.593406593406594,0.1833187549450549,1.3186813186813189,5.934065934065934,7.582417582417583,0.3232311296703297,18.791208791208792,RW,42,58,77,73,69,77,88,42,58,50,58,38,65,65,8,65,19,31,62,12,42,54,31,85,54,54,69,62,92,100,85,92,35,42,46,85,23,69,69,42,100,100,85,77,46,69,85,85,77,85,92,38,62,54,69,23,62,62,8,62,23,38,77,12,42,54,23,92,54,54,69,62,92,100,85,92,35,42,62,92,23,77,69,38,100,100,100,100,La Liga
Villarreal,74mcjsm72vr3l9pw2i4qfjchj,3n9jnuteyjx6w6dxviuead0b9,N. Pepe,Nicolas Pepe,31.0,Attacker,Côte d'Ivoire,Striker,24.0,8.0,171.0,5.0,187.0,1.0,9.0,14.0,9.0,32.0,32.0,24.0,412.0,7.0,42.0,5.0,15.0,3.0,5.0,1.0,1.0,0.0,0.0,4.0,2.0,0.0,0.0,86.98,100.0,47.06,46.88,50.0,45.28,0.0,100.0,0.9686340221414472,0.8295206110840607,6.0,26.0,1.0345278099999995,7.0,14.0,19.0,1.08665724,81.0,5.242718446601942,1.7475728155339807,37.35436893203884,1.0922330097087378,40.8495145631068,0.2184466019417476,1.966019417475728,3.058252427184466,1.966019417475728,6.990291262135923,6.990291262135923,5.242718446601942,1.529126213592233,9.1747572815534,1.0922330097087378,3.2766990291262137,0.6553398058252428,1.0922330097087378,0.2184466019417476,0.2184466019417476,0.0,0.0,0.8737864077669903,0.4368932038834952,0.0,0.0,86.98,100.0,47.06,46.88,50.0,45.28,0.0,100.0,0.2115948106619666,0.181205958731955,1.3106796116504855,5.6796116504854375,0.2259890847087377,1.529126213592233,3.058252427184466,4.150485436893204,0.237376581553398,17.694174757281555,RW,62,100,100,85,92,54,88,85,85,85,85,65,85,92,50,92,73,81,27,31,42,54,81,85,54,54,85,92,100,46,85,31,35,92,85,92,77,85,92,81,92,85,92,100,31,100,100,69,92,46,77,77,77,85,85,31,85,92,31,92,54,69,15,23,42,54,77,77,54,54,85,92,100,46,85,31,35,92,69,77,62,69,85,54,92,85,85,85,La Liga
Villarreal,74mcjsm72vr3l9pw2i4qfjchj,5djkwcoflvxcv5oida6txfyp6,Carlos Romero,Carlos Romero,24.0,Defender,Spain,Defender,69.0,1.0,122.0,6.0,190.0,3.0,2.0,3.0,2.0,8.0,8.0,22.0,360.0,0.0,11.0,7.0,6.0,5.0,1.0,7.0,2.0,0.0,0.0,2.0,0.0,0.0,0.0,89.2,60.0,14.29,75.0,0.0,68.75,75.0,71.43,0.2065411927637453,0.1390364989316856,2.0,15.0,0.35542587,9.0,20.0,19.0,0.5062317400000002,88.0,17.25,0.25,30.5,1.5,47.5,0.75,0.5,0.75,0.5,2.0,2.0,5.5,0.0,2.75,1.75,1.5,1.25,0.25,1.75,0.5,0.0,0.0,0.5,0.0,0.0,0.0,89.2,60.0,14.29,75.0,0.0,68.75,75.0,71.43,0.0516352981909363,0.0347591247329214,0.5,3.75,0.0888564675,2.25,5.0,4.75,0.126557935,22.0,LB/LCB,50,52,96,48,73,35,54,73,75,71,69,75,40,94,81,90,65,65,35,25,42,48,96,46,52,52,75,94,42,81,40,85,88,60,58,50,92,96,96,100,79,69,71,67,38,54,92,42,75,33,54,75,77,69,67,71,40,96,88,85,58,71,29,19,42,48,96,46,52,52,75,94,42,81,40,85,88,60,62,50,94,96,96,100,79,62,62,67,La Liga
Villarreal,74mcjsm72vr3l9pw2i4qfjchj,5soi8e2hlk77rlsbsl76hg3xl,J. Foyth,Juan Foyth,28.0,Defender,Argentina,Defender,123.0,0.0,90.0,7.0,213.0,9.0,1.0,4.0,3.0,0.0,0.0,17.0,270.0,1.0,6.0,2.0,0.0,5.0,1.0,16.0,7.0,0.0,0.0,1.0,0.0,0.0,0.0,92.21,70.0,0.0,0.0,25.0,68.0,69.23,83.33,0.4312050035421012,0.1167508088475197,1.0,4.0,0.08865011,3.0,22.0,26.0,0.48630944,149.0,41.0,0.0,30.0,2.333333333333333,71.0,3.0,0.3333333333333333,1.3333333333333333,1.0,0.0,0.0,5.666666666666667,0.3333333333333333,2.0,0.6666666666666666,0.0,1.6666666666666667,0.3333333333333333,5.333333333333333,2.333333333333333,0.0,0.0,0.3333333333333333,0.0,0.0,0.0,92.21,70.0,0.0,0.0,25.0,68.0,69.23,83.33,0.1437350011807004,0.0389169362825065,0.3333333333333333,1.3333333333333333,0.0295500366666666,1.0,7.333333333333333,8.666666666666666,0.1621031466666666,49.66666666666666,CB,47,38,76,38,61,79,49,84,86,14,14,64,68,91,57,26,71,74,42,88,49,41,84,39,51,51,76,93,38,26,57,82,79,93,87,71,79,64,63,83,82,92,74,71,82,38,95,45,89,97,58,91,93,14,14,89,76,93,61,26,87,76,63,100,49,41,87,39,51,51,76,93,38,26,57,82,79,93,97,79,82,74,79,83,92,100,87,89,La Liga
Villarreal,74mcjsm72vr3l9pw2i4qfjchj,8bvn7mn5tjfj3l2bnpvm75gmi,G. Mikautadze,Georges Mikautadze,25.0,Attacker,Georgia,Striker,21.0,0.0,81.0,4.0,102.0,0.0,6.0,16.0,13.0,25.0,25.0,15.0,369.0,8.0,41.0,4.0,11.0,0.0,3.0,2.0,1.0,1.0,0.0,4.0,1.0,0.0,0.0,82.93,100.0,0.0,44.0,50.0,35.71,0.0,0.0,1.5215387778578329,0.4615285525560666,4.0,14.0,0.4637776299999999,8.0,8.0,14.0,0.85466896,46.0,5.121951219512195,0.0,19.75609756097561,0.9756097560975612,24.87804878048781,0.0,1.4634146341463417,3.902439024390244,3.1707317073170733,6.097560975609756,6.097560975609756,3.658536585365854,1.951219512195122,10.0,0.9756097560975612,2.682926829268293,0.0,0.7317073170731708,0.4878048780487805,0.2439024390243902,0.2439024390243902,0.0,0.9756097560975612,0.2439024390243902,0.0,0.0,82.93,100.0,0.0,44.0,50.0,35.71,0.0,0.0,0.3711070189897154,0.1125679396478211,0.9756097560975612,3.414634146341464,0.1131164951219512,1.951219512195122,1.951219512195122,3.414634146341464,0.208455843902439,11.219512195121952,ST,69,33,94,75,88,5,81,95,94,97,97,42,83,97,39,97,12,67,47,72,72,50,92,48,50,50,84,89,33,50,64,16,6,12,75,81,83,94,94,97,83,88,100,92,59,33,94,72,81,5,78,91,91,97,97,16,84,97,34,97,12,62,44,75,62,50,91,41,50,50,84,89,33,50,64,16,6,12,69,75,78,97,94,91,84,88,100,81,La Liga
Villarreal,74mcjsm72vr3l9pw2i4qfjchj,acx78ftnm61hm01wpmme77hbe,T. Buchanan,Tajon Buchanan,27.0,Attacker,Canada,Striker,18.0,3.0,60.0,1.0,75.0,1.0,3.0,6.0,4.0,4.0,6.0,14.0,209.0,3.0,19.0,8.0,2.0,2.0,2.0,2.0,2.0,0.0,0.0,1.0,0.0,0.0,0.0,88.24,100.0,18.75,50.0,50.0,53.85,0.0,66.67,0.3653488766081292,0.2500949866134527,4.0,17.0,0.47298993,4.0,4.0,4.0,0.31223242,15.0,7.751196172248803,1.2918660287081338,25.83732057416268,0.4306220095693779,32.29665071770334,0.4306220095693779,1.2918660287081338,2.583732057416268,1.7224880382775118,1.7224880382775118,2.583732057416268,6.028708133971292,1.2918660287081338,8.181818181818182,3.444976076555024,0.8612440191387559,0.8612440191387559,0.8612440191387559,0.8612440191387559,0.8612440191387559,0.0,0.0,0.4306220095693779,0.0,0.0,0.0,88.24,100.0,18.75,50.0,50.0,53.85,0.0,66.67,0.1573272674389073,0.1076964057187116,1.7224880382775118,7.320574162679425,0.2036798741626794,1.7224880382775118,1.7224880382775118,1.7224880382775118,0.13445415215311,6.45933014354067,RW,27,77,46,27,38,54,31,42,46,8,12,23,65,65,96,15,50,46,62,50,42,54,31,27,54,54,92,92,46,58,85,77,35,69,38,54,54,54,54,42,31,23,38,19,69,92,69,38,69,62,54,69,69,15,15,62,77,85,100,15,77,54,92,62,42,54,38,27,54,54,92,92,46,58,85,77,35,69,38,54,77,92,77,85,46,46,54,23,La Liga
Villarreal,74mcjsm72vr3l9pw2i4qfjchj,albt55j4oir1veynmos532psk,S. Mouriño,Santiago Mouriño,24.0,Defender,Uruguay,Defender,62.0,1.0,100.0,6.0,161.0,5.0,3.0,2.0,2.0,3.0,4.0,23.0,316.0,1.0,10.0,3.0,2.0,9.0,0.0,8.0,1.0,0.0,0.0,1.0,0.0,0.0,0.0,88.95,60.0,50.0,66.67,50.0,45.1,50.0,69.23,0.2297507761357025,0.2875091277271333,0.0,5.0,0.0967566,3.0,30.0,17.0,0.8504747199999997,105.0,17.658227848101266,0.2848101265822785,28.481012658227847,1.7088607594936709,45.85443037974684,1.4240506329113924,0.8544303797468354,0.569620253164557,0.569620253164557,0.8544303797468354,1.139240506329114,6.550632911392405,0.2848101265822785,2.848101265822785,0.8544303797468354,0.569620253164557,2.5632911392405062,0.0,2.278481012658228,0.2848101265822785,0.0,0.0,0.2848101265822785,0.0,0.0,0.0,88.95,60.0,50.0,66.67,50.0,45.1,50.0,69.23,0.0654353476335861,0.0818855110615253,0.0,1.4240506329113924,0.0275572594936708,0.8544303797468354,8.544303797468354,4.841772151898734,0.2422238126582277,29.90506329113924,RB/RCB,58,55,95,79,84,74,68,58,76,34,39,87,63,84,55,50,92,24,45,5,47,47,79,47,53,53,89,95,95,84,74,26,66,53,79,74,24,42,42,66,100,97,95,95,74,63,95,84,89,89,74,68,79,42,47,89,63,89,58,53,95,24,47,5,47,47,95,47,53,53,89,95,95,84,74,26,66,53,79,79,24,63,42,63,100,95,95,95,La Liga
Villarreal,74mcjsm72vr3l9pw2i4qfjchj,b5rea5r4h8bclpenau2au142x,Santi Comesaña,Santi Comesaña,29.0,Midfielder,Spain,Midfielder,83.0,0.0,121.0,5.0,204.0,0.0,3.0,1.0,1.0,3.0,3.0,12.0,320.0,1.0,9.0,2.0,2.0,5.0,0.0,6.0,7.0,0.0,0.0,0.0,0.0,0.0,0.0,87.93,71.43,0.0,66.67,100.0,35.29,0.0,62.5,0.1602077547402271,0.1530249353751628,0.0,6.0,0.11576983,2.0,17.0,15.0,0.4216489899999999,122.0,23.34375,0.0,34.03125,1.40625,57.375,0.0,0.84375,0.28125,0.28125,0.84375,0.84375,3.375,0.28125,2.53125,0.5625,0.5625,1.40625,0.0,1.6875,1.96875,0.0,0.0,0.0,0.0,0.0,0.0,87.93,71.43,0.0,66.67,100.0,35.29,0.0,62.5,0.0450584310206888,0.0430382630742645,0.0,1.6875,0.0325602646875,0.5625,4.78125,4.21875,0.1185887784374999,34.3125,DM/CM,44,34,89,26,73,10,63,33,60,57,53,23,79,97,27,66,73,20,51,80,43,51,29,47,51,51,37,71,34,53,99,6,17,76,54,57,29,47,46,44,54,53,74,71,57,34,83,29,74,10,63,31,57,63,60,34,83,97,29,71,74,20,51,77,43,51,29,47,51,51,37,71,34,53,99,6,17,76,54,60,29,57,49,43,63,66,71,91,La Liga
Villarreal,74mcjsm72vr3l9pw2i4qfjchj,bfdtduknquzhr2br7ahlgvvo4,Renato Veiga,Renato Palma Veiga,23.0,Defender,Portugal,Defender,212.0,0.0,158.0,21.0,370.0,7.0,1.0,2.0,2.0,3.0,3.0,11.0,450.0,0.0,8.0,1.0,1.0,1.0,0.0,29.0,9.0,1.0,0.0,0.0,0.0,0.0,0.0,92.73,56.76,0.0,33.33,0.0,40.74,58.33,50.0,0.1957030664099314,0.1716062636066389,0.0,9.0,0.1796133,2.0,35.0,43.0,0.8813359899999996,287.0,42.4,0.0,31.6,4.2,74.0,1.4,0.2,0.4,0.4,0.6,0.6,2.2,0.0,1.6,0.2,0.2,0.2,0.0,5.8,1.8,0.2,0.0,0.0,0.0,0.0,0.0,92.73,56.76,0.0,33.33,0.0,40.74,58.33,50.0,0.0391406132819862,0.0343212527213277,0.0,1.8,0.03592266,0.4,7.0,8.6,0.1762671979999999,57.4,LM/LCM,100,33,100,100,100,100,33,33,33,33,33,67,33,33,67,33,50,50,100,100,83,67,33,33,67,67,100,67,33,50,33,67,100,67,33,33,50,83,67,67,100,100,100,100,100,33,100,100,100,100,33,33,33,33,33,67,33,33,67,33,33,50,100,67,67,67,33,33,67,67,100,67,33,50,33,67,100,67,33,33,50,67,33,67,100,100,100,100,La Liga
Villarreal,74mcjsm72vr3l9pw2i4qfjchj,drwacyyicuhy3heg4j0ipqj85,Ayoze Pérez,Ayoze Pérez,33.0,Attacker,Spain,Striker,10.0,0.0,47.0,4.0,57.0,1.0,3.0,7.0,6.0,7.0,7.0,14.0,221.0,3.0,10.0,8.0,1.0,1.0,1.0,0.0,0.0,1.0,0.0,3.0,0.0,0.0,0.0,80.28,80.0,0.0,14.29,42.86,43.75,14.29,25.0,0.9932158451530276,0.1259310994825905,0.0,3.0,0.0682155,3.0,8.0,6.0,0.15697807,29.0,4.072398190045249,0.0,19.14027149321267,1.6289592760180995,23.21266968325792,0.4072398190045249,1.2217194570135743,2.850678733031674,2.443438914027149,2.850678733031674,2.850678733031674,5.701357466063348,1.2217194570135743,4.072398190045249,3.257918552036199,0.4072398190045249,0.4072398190045249,0.4072398190045249,0.0,0.0,0.4072398190045249,0.0,1.2217194570135743,0.0,0.0,0.0,80.28,80.0,0.0,14.29,42.86,43.75,14.29,25.0,0.4044770410125451,0.0512841581603309,0.0,1.2217194570135743,0.0277800678733031,1.2217194570135743,3.257918552036199,2.443438914027149,0.0639277208144796,11.80995475113122,ST,17,33,72,75,56,17,44,31,48,50,47,36,41,25,81,23,36,33,9,31,72,50,75,16,50,50,75,72,33,16,44,47,14,28,47,25,12,41,28,67,83,61,44,72,34,33,88,84,75,19,62,66,75,78,78,69,59,44,100,38,44,38,9,31,88,50,94,16,50,50,75,72,33,16,44,47,14,28,72,41,12,59,47,84,94,69,56,84,La Liga
Villarreal,74mcjsm72vr3l9pw2i4qfjchj,ekm47qd8w1x0456lm1tmf5re1,P. Gueye,Pape Gueye,27.0,Midfielder,Senegal,Midfielder,105.0,1.0,161.0,20.0,265.0,1.0,7.0,4.0,0.0,4.0,4.0,15.0,386.0,2.0,7.0,10.0,1.0,2.0,4.0,5.0,4.0,0.0,0.0,1.0,1.0,0.0,0.0,85.48,55.56,33.33,25.0,50.0,51.72,16.67,66.67,0.2478283440149878,0.4592714223905253,3.0,9.0,0.18333632,5.0,46.0,37.0,1.08517116,142.0,24.48186528497409,0.233160621761658,37.53886010362695,4.663212435233161,61.78756476683938,0.233160621761658,1.6321243523316062,0.932642487046632,0.0,0.932642487046632,0.932642487046632,3.4974093264248705,0.466321243523316,1.6321243523316062,2.3316062176165806,0.233160621761658,0.466321243523316,0.932642487046632,1.1658031088082903,0.932642487046632,0.0,0.0,0.233160621761658,0.233160621761658,0.0,0.0,85.48,55.56,33.33,25.0,50.0,51.72,16.67,66.67,0.0577838107806966,0.1070840104019359,0.6994818652849741,2.098445595854922,0.0427468103626943,1.1658031088082903,10.72538860103627,8.626943005181348,0.2530191823834197,33.108808290155444,DM/CM,77,73,94,97,97,29,94,84,20,71,67,46,93,94,100,36,14,91,41,54,43,51,71,96,51,51,17,44,91,24,87,54,34,83,66,91,86,76,77,80,100,100,100,93,63,73,94,94,89,20,91,83,20,70,66,40,91,91,97,31,14,91,43,49,43,51,70,94,51,51,17,44,91,24,87,54,34,83,63,89,89,63,63,71,97,97,100,80,La Liga
