Team,contestantId,playerId,Short Name,Player Name,Age,Position_x,Nationality,Position_y,total accurate back zone pass_Total,total accurate cross_Total,total accurate fwd zone pass_Total,total accurate long balls_Total,total accurate pass_Total,total aerial won_Total,total att assist_Total,total attempt_Total,total attempts ibox_Total,total attempts obox_Total,total blocked scoring att_Total,total contest_Total,total dribbles attempted_Total,total duels won_Total,total effective clearance_Total,total interception_Total,total mins played,total ontarget attempt_Total,total touches in opposition box_Total,total was fouled_Total,total won contest_Total,total won tackle_Total,total assists_Total,total goals_Total,total big chances saved_Total,total direct setpiece goals_Total,pass_success_pct_Total,long_balls_success_pct_Total,cross_success_pct_Total,dribble_success_pct_Total,attempt_success_pct_Total,duel_success_pct_Total,aerial_success_pct_Total,tackle_success_pct_Total,xG_Total,xA_Total,CreatedOwnShot_Total,Total Carries_Total,Total Carry xT_Total,Total Final Third Carries_Total,passes_into_final_third_Total,progressive_passes_Total,xT_pass_Total,forward_passes_Total,total accurate back zone pass_p90,total accurate cross_p90,total accurate fwd zone pass_p90,total accurate long balls_p90,total accurate pass_p90,total aerial won_p90,total att assist_p90,total attempt_p90,total attempts ibox_p90,total attempts obox_p90,total blocked scoring att_p90,total contest_p90,total dribbles attempted_p90,total duels won_p90,total effective clearance_p90,total interception_p90,total ontarget attempt_p90,total touches in opposition box_p90,total was fouled_p90,total won contest_p90,total won tackle_p90,total assists_p90,total goals_p90,total big chances saved_p90,total direct setpiece goals_p90,pass_success_pct_p90,long_balls_success_pct_p90,cross_success_pct_p90,dribble_success_pct_p90,attempt_success_pct_p90,duel_success_pct_p90,aerial_success_pct_p90,tackle_success_pct_p90,xG_p90,xA_p90,CreatedOwnShot_p90,Total Carries_p90,Total Carry xT_p90,Total Final Third Carries_p90,passes_into_final_third_p90,progressive_passes_p90,xT_pass_p90,forward_passes_p90,Pos.,total accurate back zone pass_TotalPR,total accurate cross_TotalPR,total accurate fwd zone pass_TotalPR,total accurate long balls_TotalPR,total accurate pass_TotalPR,total aerial won_TotalPR,total att assist_TotalPR,total attempt_TotalPR,total attempts ibox_TotalPR,total attempts obox_TotalPR,total blocked scoring att_TotalPR,total contest_TotalPR,total dribbles attempted_TotalPR,total duels won_TotalPR,total effective clearance_TotalPR,total interception_TotalPR,total ontarget attempt_TotalPR,total touches in opposition box_TotalPR,total was fouled_TotalPR,total won contest_TotalPR,total won tackle_TotalPR,total assists_TotalPR,total goals_TotalPR,total big chances saved_TotalPR,total direct setpiece goals_TotalPR,pass_success_pct_TotalPR,long_balls_success_pct_TotalPR,cross_success_pct_TotalPR,dribble_success_pct_TotalPR,attempt_success_pct_TotalPR,duel_success_pct_TotalPR,aerial_success_pct_TotalPR,tackle_success_pct_TotalPR,xG_TotalPR,xA_TotalPR,CreatedOwnShot_TotalPR,Total Carries_TotalPR,Total Carry xT_TotalPR,Total Final Third Carries_TotalPR,passes_into_final_third_TotalPR,progressive_passes_TotalPR,xT_pass_TotalPR,forward_passes_TotalPR,total accurate back zone pass_p90PR,total accurate cross_p90PR,total accurate fwd zone pass_p90PR,total accurate long balls_p90PR,total accurate pass_p90PR,total aerial won_p90PR,total att assist_p90PR,total attempt_p90PR,total attempts ibox_p90PR,total attempts obox_p90PR,total blocked scoring att_p90PR,total contest_p90PR,total dribbles attempted_p90PR,total duels won_p90PR,total effective clearance_p90PR,total interception_p90PR,total ontarget attempt_p90PR,total touches in opposition box_p90PR,total was fouled_p90PR,total won contest_p90PR,total won tackle_p90PR,total assists_p90PR,total goals_p90PR,total big chances saved_p90PR,total direct setpiece goals_p90PR,pass_success_pct_p90PR,long_balls_success_pct_p90PR,cross_success_pct_p90PR,dribble_success_pct_p90PR,attempt_success_pct_p90PR,duel_success_pct_p90PR,aerial_success_pct_p90PR,tackle_success_pct_p90PR,xG_p90PR,xA_p90PR,CreatedOwnShot_p90PR,Total Carries_p90PR,Total Carry xT_p90PR,Total Final Third Carries_p90PR,passes_into_final_third_p90PR,progressive_passes_p90PR,xT_pass_p90PR,forward_passes_p90PR,League
Trenčín,d9r4z4nqawrz7mfu3t4o05rd2,18443jomfufijc5n6b35ejlcl,L. Skovajsa,Lukás Skovajsa,32.0,Defender,Slovakia,Defender,105.0,1.0,98.0,11.0,202.0,7.0,3.0,1.0,1.0,0.0,0.0,3.0,3.0,22.0,17.0,7.0,514.0,0.0,2.0,6.0,2.0,5.0,0.0,0.0,1.0,0.0,76.23,33.33,14.29,66.67,0.0,42.31,35.0,71.43,0.0904895971882557,0.2618426746041991,0.0,1.0,0.0174506,3.0,19.0,24.0,0.6358605099999997,98.0,18.3852140077821,0.1750972762645914,17.15953307392996,1.9260700389105057,35.36964980544747,1.22568093385214,0.5252918287937743,0.1750972762645914,0.1750972762645914,0.0,0.0,0.5252918287937743,0.5252918287937743,3.852140077821012,2.9766536964980546,1.22568093385214,0.0,0.3501945525291828,1.050583657587549,0.3501945525291828,0.8754863813229572,0.0,0.0,0.1750972762645914,0.0,76.23,33.33,14.29,66.67,0.0,42.31,35.0,71.43,0.0158444819979436,0.0458479391330309,0.0,0.1750972762645914,0.0030555525291828,0.5252918287937743,3.326848249027237,4.202334630350195,0.1113374433852139,17.15953307392996,RB/RCB,81,44,53,44,81,59,50,22,47,12,19,31,31,28,69,62,34,25,75,56,25,25,44,94,53,44,31,38,88,34,6,6,75,31,38,12,22,25,56,59,56,44,69,75,56,75,44,69,56,56,25,50,12,19,44,31,31,56,69,34,25,69,62,12,25,44,94,53,44,31,38,88,34,6,6,75,25,31,12,19,19,56,56,56,44,69,Niké Liga
Trenčín,d9r4z4nqawrz7mfu3t4o05rd2,2rnrwn2zniypt4mt1krwtiqz8,P. Diouf,Pape Mamadou Diouf,20.0,Defender,Senegal,Defender,104.0,0.0,24.0,11.0,128.0,2.0,0.0,1.0,0.0,1.0,0.0,1.0,1.0,12.0,11.0,5.0,240.0,0.0,0.0,4.0,1.0,5.0,0.0,0.0,0.0,0.0,85.91,45.83,0.0,100.0,0.0,50.0,33.33,100.0,0.0316968981944401,0.0,1.0,2.0,0.03608883,0.0,3.0,4.0,0.1238574599999999,77.0,39.0,0.0,9.0,4.125,48.0,0.75,0.0,0.375,0.0,0.375,0.0,0.375,0.375,4.5,4.125,1.875,0.0,0.0,1.5,0.375,1.875,0.0,0.0,0.0,0.0,85.91,45.83,0.0,100.0,0.0,50.0,33.33,100.0,0.011886336822915,0.0,0.375,0.75,0.01353331125,0.0,1.125,1.5,0.0464465474999999,28.875,CB,39,32,5,36,25,4,9,14,12,59,23,34,34,16,21,45,20,7,61,46,54,39,41,46,52,64,46,32,84,20,23,12,91,7,16,61,54,43,23,7,5,7,29,89,32,14,86,61,9,9,18,12,71,23,54,54,57,36,96,20,7,89,64,93,39,41,46,52,64,46,32,84,20,23,12,91,14,16,79,64,61,23,14,18,14,64,Niké Liga
Trenčín,d9r4z4nqawrz7mfu3t4o05rd2,410p7dcz1zqvkje53kev8jk6h,R. Križan,Richard Krizan,28.0,Defender,Slovakia,Defender,236.0,0.0,81.0,11.0,317.0,15.0,3.0,3.0,3.0,0.0,0.0,1.0,1.0,32.0,39.0,4.0,580.0,1.0,7.0,4.0,1.0,10.0,0.0,0.0,0.0,0.0,90.06,44.0,0.0,100.0,33.33,64.0,71.43,83.33,0.3323841682760559,0.2016138562061603,0.0,1.0,0.01935132,0.0,13.0,15.0,0.4118564499999997,191.0,36.62068965517241,0.0,12.56896551724138,1.706896551724138,49.189655172413794,2.327586206896552,0.4655172413793103,0.4655172413793103,0.4655172413793103,0.0,0.0,0.1551724137931034,0.1551724137931034,4.965517241379311,6.051724137931035,0.6206896551724138,0.1551724137931034,1.0862068965517242,0.6206896551724138,0.1551724137931034,1.5517241379310345,0.0,0.0,0.0,0.0,90.06,44.0,0.0,100.0,33.33,64.0,71.43,83.33,0.0515768536980086,0.0312849087216455,0.0,0.1551724137931034,0.0030027910344827,0.0,2.0172413793103448,2.327586206896552,0.0639087594827585,29.63793103448276,CB,86,32,50,36,79,82,68,39,52,23,23,34,34,77,84,29,52,61,61,46,91,39,41,46,52,89,36,32,84,57,79,89,73,46,64,27,27,25,23,43,39,36,79,82,32,43,14,75,71,64,32,39,23,23,25,25,71,75,21,46,57,46,39,89,39,41,46,52,89,36,32,84,57,79,89,73,36,57,27,21,18,23,36,29,25,71,Niké Liga
Trenčín,d9r4z4nqawrz7mfu3t4o05rd2,4j9biro6pflykl0eg1yf977dg,C. Ansah,Clement Ansah,21.0,Midfielder,Ghana,Midfielder,32.0,0.0,45.0,1.0,77.0,5.0,3.0,7.0,7.0,0.0,1.0,5.0,5.0,19.0,1.0,1.0,235.0,1.0,13.0,3.0,3.0,5.0,1.0,0.0,0.0,0.0,81.91,100.0,0.0,60.0,14.29,54.29,71.43,62.5,0.9598705272632272,0.1293876661206706,0.0,4.0,0.1163396999999999,1.0,3.0,7.0,0.2967993999999998,26.0,12.25531914893617,0.0,17.23404255319149,0.3829787234042553,29.48936170212766,1.9148936170212765,1.1489361702127658,2.680851063829788,2.680851063829788,0.0,0.3829787234042553,1.9148936170212765,1.9148936170212765,7.276595744680851,0.3829787234042553,0.3829787234042553,0.3829787234042553,4.97872340425532,1.1489361702127658,1.1489361702127658,1.9148936170212765,0.3829787234042553,0.0,0.0,0.0,81.91,100.0,0.0,60.0,14.29,54.29,71.43,62.5,0.3676099891646402,0.0495527231951504,0.0,1.5319148936170213,0.044555629787234,0.3829787234042553,1.1489361702127658,2.680851063829788,0.1136678553191488,9.95744680851064,CM/AM,50,16,21,9,32,71,21,41,71,9,27,14,11,45,14,29,25,46,16,39,59,64,21,50,46,61,96,16,88,21,88,100,59,64,14,7,14,18,14,12,18,21,20,86,16,54,21,75,93,39,86,93,9,36,46,43,93,14,43,29,82,50,71,93,79,21,50,46,61,96,16,88,21,88,100,59,93,21,7,50,46,36,18,39,39,32,Niké Liga
Trenčín,d9r4z4nqawrz7mfu3t4o05rd2,6epqdvfqoccu5z8qanqwnbqax,M. Poom,Markus Poom,27.0,Midfielder,Estonia,Midfielder,133.0,15.0,131.0,21.0,249.0,6.0,16.0,7.0,1.0,6.0,1.0,3.0,3.0,17.0,8.0,8.0,575.0,2.0,2.0,2.0,3.0,6.0,0.0,1.0,0.0,0.0,83.0,56.76,30.0,100.0,28.57,58.62,54.55,100.0,0.4758133565204852,1.8736830649611893,1.0,13.0,0.28211534,8.0,28.0,26.0,0.4437722199999999,130.0,20.817391304347822,2.347826086956521,20.50434782608696,3.28695652173913,38.973913043478255,0.9391304347826086,2.5043478260869563,1.0956521739130434,0.1565217391304347,0.9391304347826086,0.1565217391304347,0.4695652173913043,0.4695652173913043,2.660869565217391,1.252173913043478,1.252173913043478,0.3130434782608695,0.3130434782608695,0.3130434782608695,0.4695652173913043,0.9391304347826086,0.0,0.1565217391304347,0.0,0.0,83.0,56.76,30.0,100.0,28.57,58.62,54.55,100.0,0.0744751340640759,0.2932721319069687,0.1565217391304347,2.034782608695652,0.0441571836521739,1.252173913043478,4.3826086956521735,4.069565217391304,0.0694599996521738,20.34782608695652,DM/CM,63,100,76,83,74,70,100,61,28,83,46,35,33,13,48,78,56,15,9,67,50,35,78,52,50,44,74,67,96,44,63,59,96,48,100,33,89,85,96,78,69,37,70,59,100,59,70,59,67,93,52,22,78,41,26,26,7,33,59,44,11,4,67,41,35,78,52,50,44,74,67,96,44,63,59,96,48,100,22,78,78,96,59,56,26,59,Niké Liga
Trenčín,d9r4z4nqawrz7mfu3t4o05rd2,789btd0gnhmy0qiwpij6pzuhg,D. Kam,Dylann Kam,21.0,Attacker,Burkina Faso,Striker,15.0,2.0,43.0,2.0,56.0,1.0,5.0,4.0,3.0,1.0,0.0,11.0,12.0,16.0,1.0,1.0,257.0,1.0,11.0,5.0,4.0,2.0,1.0,0.0,0.0,0.0,80.0,66.67,16.67,36.36,25.0,48.48,50.0,33.33,0.2674468276923875,0.4879427543391289,2.0,10.0,0.37927149,4.0,3.0,6.0,0.32181453,21.0,5.252918287937743,0.7003891050583657,15.058365758754864,0.7003891050583657,19.61089494163424,0.3501945525291828,1.7509727626459144,1.4007782101167314,1.050583657587549,0.3501945525291828,0.0,3.852140077821012,4.202334630350195,5.603112840466926,0.3501945525291828,0.3501945525291828,0.3501945525291828,3.852140077821012,1.7509727626459144,1.4007782101167314,0.7003891050583657,0.3501945525291828,0.0,0.0,0.0,80.0,66.67,16.67,36.36,25.0,48.48,50.0,33.33,0.0936584221490851,0.1708748945156482,0.7003891050583657,3.501945525291829,0.1328188097276264,1.4007782101167314,1.050583657587549,2.1011673151750974,0.1126976953307393,7.35408560311284,RW,75,100,100,100,75,38,88,50,50,62,38,75,75,75,50,50,75,50,62,75,50,88,62,62,62,88,100,100,75,75,75,75,25,50,100,75,100,100,100,100,100,50,100,75,100,100,100,100,50,75,75,50,75,38,100,100,100,50,50,75,50,50,75,50,75,62,62,62,88,100,100,75,75,75,75,25,50,100,75,100,100,100,100,100,50,100,Niké Liga
Trenčín,d9r4z4nqawrz7mfu3t4o05rd2,7u2l210fe2s0v46x0aos9tqtw,N. Jovanović,Nikola Jovanovic,23.0,Defender,Serbia,Defender,66.0,0.0,62.0,8.0,128.0,4.0,3.0,2.0,0.0,2.0,1.0,14.0,14.0,29.0,11.0,3.0,375.0,0.0,4.0,6.0,7.0,7.0,0.0,0.0,0.0,0.0,82.05,47.06,0.0,50.0,0.0,50.0,44.44,58.33,0.1102902693345149,0.229693267894973,2.0,2.0,0.06241384,3.0,12.0,9.0,0.39376592,71.0,15.839999999999998,0.0,14.88,1.92,30.72,0.96,0.72,0.48,0.0,0.48,0.24,3.36,3.36,6.959999999999999,2.64,0.72,0.0,0.96,1.44,1.68,1.68,0.0,0.0,0.0,0.0,82.05,47.06,0.0,50.0,0.0,50.0,44.44,58.33,0.0264696646402835,0.0551263842947935,0.48,0.48,0.0149793215999999,0.72,2.88,2.16,0.0945038207999999,17.04,RB/RCB,34,12,31,28,31,19,50,41,19,78,56,91,88,66,28,25,34,41,75,91,44,25,44,44,53,81,75,12,72,34,44,31,28,38,31,72,31,31,56,31,19,19,38,62,12,56,38,56,31,69,50,19,81,69,100,100,94,50,38,34,50,94,94,69,25,44,44,53,81,75,12,72,34,44,31,28,44,44,75,31,44,69,50,19,25,62,Niké Liga
Trenčín,d9r4z4nqawrz7mfu3t4o05rd2,7xsfwboa87damxs9co25sf7ys,Eynel Soares,Eynel Domingos Rocha Soares,27.0,Midfielder,Cabo Verde,Midfielder,24.0,8.0,74.0,1.0,90.0,2.0,10.0,25.0,17.0,8.0,10.0,29.0,30.0,31.0,1.0,2.0,566.0,7.0,42.0,11.0,12.0,3.0,2.0,4.0,0.0,0.0,70.87,33.33,26.67,41.38,28.0,40.79,22.22,50.0,1.7582968863346418,1.0919575196998823,12.0,26.0,0.7694760100000001,8.0,6.0,9.0,1.4526754700000002,42.0,3.8162544169611294,1.2720848056537102,11.76678445229682,0.1590106007067137,14.31095406360424,0.3180212014134275,1.5901060070671378,3.975265017667845,2.7031802120141344,1.2720848056537102,1.5901060070671378,4.6113074204947,4.770318021201414,4.929328621908128,0.1590106007067137,0.3180212014134275,1.1130742049469964,6.678445229681979,1.7491166077738516,1.9081272084805647,0.4770318021201413,0.3180212014134275,0.6360424028268551,0.0,0.0,70.87,33.33,26.67,41.38,28.0,40.79,22.22,50.0,0.2795878441168158,0.1736328211536915,1.9081272084805647,4.134275618374558,0.1223548425795053,1.2720848056537102,0.9540636042402828,1.431095406360424,0.2309907991166078,6.678445229681979,LM/LCM,33,67,67,50,67,67,67,100,100,100,100,100,100,100,33,83,100,100,100,100,67,100,100,67,67,33,83,33,33,67,67,67,50,100,67,100,100,100,100,33,33,100,67,33,67,33,33,33,33,33,100,100,100,100,100,100,100,33,67,100,100,100,100,67,100,100,67,67,33,83,33,33,67,67,67,50,100,33,100,100,100,67,33,33,100,33,Niké Liga
Trenčín,d9r4z4nqawrz7mfu3t4o05rd2,90n0jcctbgyj7ffuro7fyhiad,Pablo González,Pablo González,33.0,Midfielder,Spain,Midfielder,29.0,6.0,77.0,6.0,100.0,8.0,7.0,13.0,9.0,4.0,2.0,7.0,8.0,32.0,2.0,1.0,382.0,7.0,14.0,12.0,2.0,8.0,0.0,1.0,0.0,0.0,73.53,42.86,28.57,28.57,53.85,52.46,44.44,80.0,1.2938590223940558,0.5968217857861401,3.0,5.0,0.15181276,4.0,9.0,18.0,0.7531506299999999,50.0,6.832460732984293,1.4136125654450262,18.141361256544503,1.4136125654450262,23.56020942408377,1.8848167539267016,1.649214659685864,3.06282722513089,2.1204188481675392,0.9424083769633508,0.4712041884816754,1.649214659685864,1.8848167539267016,7.539267015706806,0.4712041884816754,0.2356020942408377,1.649214659685864,3.298429319371728,2.8272251308900525,0.4712041884816754,1.8848167539267016,0.0,0.2356020942408377,0.0,0.0,73.53,42.86,28.57,28.57,53.85,52.46,44.44,80.0,0.3048358953284424,0.1406124626197712,0.7068062827225131,1.1780104712041886,0.0357674041884816,0.9424083769633508,2.1204188481675392,4.240837696335079,0.1774438657068062,11.780104712041885,RM/RCM,60,90,60,55,60,90,80,90,80,75,70,75,65,90,35,35,100,60,85,40,90,30,50,55,55,40,40,60,35,80,50,40,55,70,80,60,45,60,100,60,60,90,60,60,80,60,50,50,100,80,90,90,60,70,40,60,100,30,30,100,30,100,40,80,30,40,55,55,40,40,60,35,80,50,40,55,90,80,60,40,40,80,70,70,80,50,Niké Liga
Trenčín,d9r4z4nqawrz7mfu3t4o05rd2,a8arrpa5myjkzun3m4xfxy784,L. Mikulaj,Lukás Mikulaj,21.0,Attacker,Slovakia,Striker,54.0,0.0,57.0,4.0,111.0,12.0,7.0,10.0,8.0,2.0,2.0,7.0,7.0,32.0,4.0,2.0,540.0,3.0,14.0,6.0,6.0,4.0,0.0,1.0,0.0,0.0,82.84,80.0,0.0,85.71,30.0,46.38,40.0,50.0,1.2250704164587596,0.5270187169271365,0.0,7.0,0.14652208,1.0,13.0,19.0,0.3307284799999999,42.0,9.0,0.0,9.5,0.6666666666666666,18.5,2.0,1.1666666666666667,1.6666666666666667,1.3333333333333333,0.3333333333333333,0.3333333333333333,1.1666666666666667,1.1666666666666667,5.333333333333333,0.6666666666666666,0.3333333333333333,0.5,2.333333333333333,1.0,1.0,0.6666666666666666,0.0,0.1666666666666666,0.0,0.0,82.84,80.0,0.0,85.71,30.0,46.38,40.0,50.0,0.2041784027431266,0.0878364528211894,0.0,1.1666666666666667,0.0244203466666666,0.1666666666666666,2.1666666666666665,3.1666666666666665,0.0551214133333333,7.0,ST,96,20,79,82,93,89,73,50,50,57,62,43,41,86,68,71,32,21,64,75,77,30,34,52,52,89,84,20,100,27,75,57,36,54,64,9,71,39,30,93,93,54,91,89,20,43,64,68,71,54,29,25,43,54,29,29,68,43,64,21,11,36,54,61,30,25,52,52,89,84,20,100,27,75,57,36,32,43,9,50,29,21,82,89,32,75,Niké Liga
Trenčín,d9r4z4nqawrz7mfu3t4o05rd2,b3b4ebv8jfukcu74rfyref5zo,T. Hájovský,Tadeás Hájovsky,20.0,Midfielder,Slovakia,Midfielder,74.0,6.0,113.0,5.0,181.0,4.0,8.0,7.0,1.0,6.0,1.0,5.0,5.0,31.0,8.0,10.0,515.0,1.0,7.0,17.0,4.0,3.0,0.0,0.0,0.0,0.0,83.8,41.67,42.86,80.0,14.29,65.96,57.14,50.0,0.5126370192606066,0.8639525767144154,3.0,5.0,0.1155614,6.0,26.0,23.0,1.0141035700000005,110.0,12.932038834951456,1.0485436893203883,19.74757281553398,0.8737864077669902,31.631067961165048,0.6990291262135923,1.3980582524271843,1.2233009708737863,0.174757281553398,1.0485436893203883,0.174757281553398,0.8737864077669902,0.8737864077669902,5.41747572815534,1.3980582524271843,1.7475728155339805,0.174757281553398,1.2233009708737863,2.970873786407767,0.6990291262135923,0.5242718446601942,0.0,0.0,0.0,0.0,83.8,41.67,42.86,80.0,14.29,65.96,57.14,50.0,0.0895870519096205,0.1509820036976648,0.5242718446601942,0.8737864077669902,0.0201951961165048,1.0485436893203883,4.543689320388349,4.019417475728155,0.1772219831067962,19.223300970873787,DM/CM,37,81,67,22,54,54,74,61,28,83,46,69,65,76,48,93,33,63,100,80,17,35,33,52,50,48,28,85,87,30,96,65,30,52,78,69,56,59,93,74,59,85,63,30,81,52,19,48,48,81,67,30,81,48,59,59,63,44,81,33,48,100,70,11,35,33,52,50,48,28,85,87,30,96,65,30,59,81,67,56,48,89,63,52,89,52,Niké Liga
Trenčín,d9r4z4nqawrz7mfu3t4o05rd2,eim53fbgajnpydps3071jxivp,J. Paur,Jakub Paur,34.0,Attacker,Slovakia,Striker,22.0,0.0,40.0,2.0,62.0,4.0,3.0,8.0,6.0,2.0,2.0,2.0,3.0,11.0,7.0,0.0,301.0,1.0,12.0,4.0,1.0,1.0,0.0,1.0,0.0,0.0,75.61,50.0,0.0,50.0,12.5,32.35,28.57,50.0,0.848380549873812,0.2852638914342913,0.0,5.0,0.14733765,4.0,5.0,6.0,0.1569981,15.0,6.578073089700997,0.0,11.960132890365449,0.5980066445182725,18.538205980066444,1.196013289036545,0.8970099667774086,2.39202657807309,1.7940199335548173,0.5980066445182725,0.5980066445182725,0.5980066445182725,0.8970099667774086,3.2890365448504983,2.093023255813953,0.0,0.2990033222591362,3.5880398671096345,1.196013289036545,0.2990033222591362,0.2990033222591362,0.0,0.2990033222591362,0.0,0.0,75.61,50.0,0.0,50.0,12.5,32.35,28.57,50.0,0.2536686029523026,0.0852948512594226,0.0,1.495016611295681,0.0440544468438538,1.196013289036545,1.495016611295681,1.7940199335548173,0.046942953488372,4.485049833887043,ST,54,20,39,45,46,43,23,29,27,57,62,20,23,14,93,16,11,11,38,23,29,30,34,52,52,46,48,20,71,9,18,16,36,25,18,9,43,43,91,41,46,21,32,75,20,68,54,71,46,36,57,50,71,79,21,25,25,96,16,7,32,54,25,29,30,54,52,52,46,48,20,71,9,18,16,36,43,39,9,64,61,93,54,54,29,39,Niké Liga
Trenčín,d9r4z4nqawrz7mfu3t4o05rd2,z4fjg53quqxjh0sjx9u7hg4,H. Pávek,Hugo Pávek,21.0,Defender,Slovakia,Defender,200.0,4.0,108.0,19.0,304.0,9.0,3.0,2.0,1.0,1.0,1.0,6.0,6.0,43.0,22.0,5.0,616.0,0.0,4.0,9.0,2.0,12.0,0.0,0.0,0.0,0.0,83.75,50.0,28.57,33.33,0.0,63.24,45.0,52.17,0.1530354000197761,0.3471342838774264,1.0,15.0,0.31479983,6.0,27.0,29.0,1.3110124799999998,166.0,29.22077922077922,0.5844155844155845,15.77922077922078,2.775974025974026,44.41558441558442,1.314935064935065,0.4383116883116883,0.2922077922077922,0.1461038961038961,0.1461038961038961,0.1461038961038961,0.8766233766233766,0.8766233766233766,6.282467532467533,3.2142857142857144,0.7305194805194806,0.0,0.5844155844155845,1.314935064935065,0.2922077922077922,1.7532467532467533,0.0,0.0,0.0,0.0,83.75,50.0,28.57,33.33,0.0,63.24,45.0,52.17,0.0223590681847075,0.0507176713457278,0.1461038961038961,2.191558441558441,0.0459934816558441,0.8766233766233766,3.944805194805195,4.237012987012987,0.1915440311688311,24.25324675324676,RB/RCB,100,91,75,88,94,75,50,41,47,44,56,59,59,94,81,50,34,41,100,56,84,25,44,44,53,94,84,69,44,34,88,38,12,44,56,44,100,94,81,84,69,94,94,100,88,62,62,94,62,38,31,38,38,50,62,62,81,69,44,34,31,81,50,88,25,44,44,53,94,84,69,44,34,88,38,12,38,38,38,94,88,75,81,62,88,88,Niké Liga
DAC 1904,7o9tba6opekhoz7pcuq8gm93m,4fvgqwfpl4eezh867r1y53zai,G. Gagua,Giorgi Gagua,24.0,Attacker,Georgia,Striker,39.0,1.0,105.0,7.0,143.0,4.0,21.0,9.0,5.0,4.0,3.0,15.0,15.0,56.0,4.0,1.0,543.0,4.0,30.0,23.0,9.0,10.0,4.0,4.0,0.0,0.0,75.66,63.64,20.0,60.0,44.44,59.57,40.0,50.0,0.8262820460527226,1.736678136762607,5.0,23.0,0.5847860600000001,10.0,21.0,30.0,1.2161201400000003,78.0,6.464088397790055,0.1657458563535911,17.403314917127073,1.160220994475138,23.70165745856353,0.6629834254143646,3.4806629834254146,1.4917127071823204,0.8287292817679558,0.6629834254143646,0.4972375690607735,2.4861878453038675,2.4861878453038675,9.281767955801104,0.6629834254143646,0.1657458563535911,0.6629834254143646,4.972375690607735,3.812154696132597,1.4917127071823204,1.6574585635359116,0.6629834254143646,0.6629834254143646,0.0,0.0,75.66,63.64,20.0,60.0,44.44,59.57,40.0,50.0,0.1369528253126059,0.2878472049882774,0.8287292817679558,3.812154696132597,0.0969258662983425,1.6574585635359116,3.4806629834254146,4.972375690607735,0.2015668740331492,12.92817679558011,ST,93,52,96,95,96,43,100,39,16,84,80,79,75,100,68,48,46,88,100,91,96,100,93,52,52,50,68,45,89,61,96,57,36,21,100,89,100,100,100,100,96,96,96,71,43,93,93,89,25,100,21,11,75,68,68,61,100,39,32,36,46,100,86,93,96,75,52,52,50,68,45,89,61,96,57,36,21,100,79,100,96,100,100,100,96,100,Niké Liga
DAC 1904,7o9tba6opekhoz7pcuq8gm93m,52d3qyuyqu3pbvucsvqxib5ec,B. Csóka,Bálint Csóka,23.0,Defender,Slovakia,Defender,59.0,0.0,36.0,8.0,95.0,2.0,2.0,1.0,1.0,0.0,0.0,0.0,0.0,6.0,8.0,4.0,299.0,0.0,4.0,1.0,0.0,3.0,1.0,0.0,0.0,0.0,87.16,61.54,0.0,0.0,0.0,50.0,66.67,100.0,0.052526060293052,0.1094819136663571,1.0,2.0,0.05256723,1.0,7.0,9.0,0.19709822,47.0,17.759197324414714,0.0,10.836120401337793,2.4080267558528425,28.59531772575251,0.6020066889632106,0.6020066889632106,0.3010033444816053,0.3010033444816053,0.0,0.0,0.0,0.0,1.806020066889632,2.4080267558528425,1.2040133779264213,0.0,1.2040133779264213,0.3010033444816053,0.0,0.903010033444816,0.3010033444816053,0.0,0.0,0.0,87.16,61.54,0.0,0.0,0.0,50.0,66.67,100.0,0.0158105198206511,0.0329544221738198,0.3010033444816053,0.6020066889632106,0.0158229120401337,0.3010033444816053,2.1070234113712374,2.709030100334448,0.0593272234113712,14.14715719063545,LB/LCB,36,25,21,32,29,14,36,14,21,14,18,7,7,7,7,21,14,36,25,11,18,86,36,46,54,93,100,25,11,14,46,71,100,14,36,57,18,21,25,25,14,14,29,50,25,43,71,50,21,50,14,36,14,18,7,7,7,50,57,14,57,36,11,21,100,36,46,54,93,100,25,11,14,46,71,100,7,29,86,14,14,36,29,36,14,57,Niké Liga
DAC 1904,7o9tba6opekhoz7pcuq8gm93m,88r9uvfwz3jsmgzoazwi2msyc,E. Bationo,Eymard Bationo,20.0,Midfielder,Côte d'Ivoire,Midfielder,74.0,0.0,84.0,13.0,158.0,7.0,5.0,9.0,3.0,6.0,2.0,9.0,9.0,26.0,8.0,7.0,465.0,3.0,7.0,5.0,4.0,3.0,0.0,0.0,0.0,0.0,84.95,81.25,0.0,44.44,33.33,46.43,43.75,30.0,0.7218450388240639,0.3079723204206821,4.0,4.0,0.07726428,2.0,23.0,25.0,0.37412044,93.0,14.32258064516129,0.0,16.258064516129032,2.5161290322580645,30.58064516129032,1.3548387096774193,0.9677419354838708,1.7419354838709675,0.5806451612903225,1.161290322580645,0.3870967741935484,1.7419354838709675,1.7419354838709675,5.032258064516129,1.5483870967741935,1.3548387096774193,0.5806451612903225,1.3548387096774193,0.9677419354838708,0.7741935483870968,0.5806451612903225,0.0,0.0,0.0,0.0,84.95,81.25,0.0,44.44,33.33,46.43,43.75,30.0,0.1397119429982059,0.0596075458878739,0.7741935483870968,0.7741935483870968,0.0149543767741935,0.3870967741935484,4.451612903225806,4.838709677419355,0.0724104077419354,18.0,CB,21,32,54,46,32,39,79,93,52,100,77,93,93,61,4,77,93,61,75,88,23,39,41,46,52,57,100,32,39,57,11,32,7,79,75,98,70,68,70,73,62,29,39,25,32,68,43,39,39,79,96,64,100,82,96,96,75,7,82,96,71,75,89,21,39,41,46,52,57,100,32,39,57,11,32,7,79,75,96,68,64,68,89,75,32,39,Niké Liga
DAC 1904,7o9tba6opekhoz7pcuq8gm93m,94jrke415kozp4ycyq1u5ysbt,F. Blažek,Filip Blazek,28.0,Defender,Slovakia,Defender,207.0,0.0,99.0,30.0,306.0,14.0,0.0,3.0,3.0,0.0,1.0,1.0,1.0,27.0,34.0,5.0,510.0,1.0,4.0,5.0,1.0,6.0,0.0,1.0,0.0,0.0,86.2,54.55,0.0,100.0,33.33,67.5,66.67,85.71,0.3848938356825462,0.0,0.0,1.0,0.01689528,0.0,17.0,29.0,0.6725711800000003,184.0,36.52941176470588,0.0,17.470588235294116,5.294117647058823,54.0,2.4705882352941173,0.0,0.5294117647058824,0.5294117647058824,0.0,0.1764705882352941,0.1764705882352941,0.1764705882352941,4.764705882352941,6.0,0.8823529411764706,0.1764705882352941,0.7058823529411764,0.8823529411764706,0.1764705882352941,1.0588235294117647,0.0,0.1764705882352941,0.0,0.0,86.2,54.55,0.0,100.0,33.33,67.5,66.67,85.71,0.0679224415910375,0.0,0.0,0.1764705882352941,0.0029815199999999,0.0,3.0,5.117647058823529,0.1186890317647059,32.47058823529412,CB,79,32,64,86,75,79,9,39,52,23,55,34,34,66,70,45,52,27,75,46,68,39,91,46,52,71,80,32,84,57,96,77,79,50,16,27,27,20,23,50,75,64,75,79,32,71,96,86,79,9,46,54,23,57,32,32,61,71,54,50,21,71,46,57,39,86,46,52,71,80,32,84,57,96,77,79,50,16,27,25,14,23,57,86,75,86,Niké Liga
DAC 1904,7o9tba6opekhoz7pcuq8gm93m,9stcnneilqay6ytmgfp9t69ec,F. Diongue,Fallou Diongue,19.0,Midfielder,Senegal,Midfielder,92.0,0.0,67.0,14.0,159.0,2.0,2.0,2.0,1.0,1.0,0.0,5.0,6.0,14.0,4.0,6.0,261.0,1.0,2.0,3.0,4.0,5.0,0.0,0.0,0.0,0.0,89.33,63.64,0.0,80.0,50.0,53.85,33.33,100.0,0.1498986301825208,0.1498301685712285,1.0,6.0,0.1145026,0.0,12.0,11.0,0.24602286,80.0,31.724137931034484,0.0,23.10344827586207,4.827586206896552,54.82758620689656,0.6896551724137931,0.6896551724137931,0.6896551724137931,0.3448275862068966,0.3448275862068966,0.0,1.7241379310344829,2.0689655172413794,4.827586206896552,1.3793103448275863,2.0689655172413794,0.3448275862068966,0.6896551724137931,1.0344827586206895,1.3793103448275863,1.7241379310344829,0.0,0.0,0.0,0.0,89.33,63.64,0.0,80.0,50.0,53.85,33.33,100.0,0.0516891828215589,0.0516655753693891,0.3448275862068966,2.0689655172413794,0.0394836551724137,0.0,4.137931034482759,3.793103448275862,0.0848354689655172,27.58620689655173,DM/CM,56,22,26,61,37,22,20,17,28,26,13,69,74,7,9,44,33,15,22,80,37,35,33,52,50,89,93,22,87,83,48,24,96,15,19,33,65,56,15,19,22,11,41,93,22,81,93,93,44,37,30,41,37,13,81,81,52,41,93,56,22,41,89,89,35,33,52,50,89,93,22,87,83,48,24,96,26,30,52,81,74,15,48,48,37,81,Niké Liga
DAC 1904,7o9tba6opekhoz7pcuq8gm93m,a9i6blufzaamts0utvmkg3m22,S. Ouro,Samsondin Ouro,26.0,Midfielder,Togo,Midfielder,50.0,4.0,59.0,8.0,105.0,4.0,13.0,10.0,6.0,4.0,5.0,12.0,12.0,30.0,5.0,6.0,385.0,3.0,14.0,9.0,8.0,5.0,2.0,1.0,0.0,0.0,87.5,80.0,23.53,66.67,30.0,65.22,0.0,55.56,0.8294082209274404,1.0885028771597127,4.0,2.0,0.05508396,0.0,13.0,15.0,0.46719634,49.0,11.688311688311687,0.935064935064935,13.792207792207792,1.87012987012987,24.545454545454547,0.935064935064935,3.038961038961039,2.3376623376623376,1.4025974025974026,0.935064935064935,1.1688311688311688,2.805194805194805,2.805194805194805,7.012987012987013,1.1688311688311688,1.4025974025974026,0.7012987012987013,3.272727272727273,2.103896103896104,1.87012987012987,1.1688311688311688,0.4675324675324675,0.2337662337662337,0.0,0.0,87.5,80.0,23.53,66.67,30.0,65.22,0.0,55.56,0.1938876360609601,0.2544552180373354,0.935064935064935,0.4675324675324675,0.0128767698701298,0.0,3.038961038961039,3.5064935064935066,0.1092147288311688,11.454545454545457,DM/CM,22,76,19,33,19,54,89,93,89,67,96,93,93,69,19,44,74,94,72,98,37,93,78,52,50,85,96,48,76,52,93,7,48,89,89,80,19,22,15,26,28,44,15,22,74,22,48,15,63,100,96,100,74,100,96,93,96,26,70,93,100,85,96,48,100,85,52,50,85,96,48,76,52,93,7,48,89,93,89,22,30,15,33,44,48,15,Niké Liga
DAC 1904,7o9tba6opekhoz7pcuq8gm93m,b7pknbmxeaiyhccj7fwy8e86h,Ž. Trontelj,Zan Trontelj,26.0,Defender,Slovenia,Defender,85.0,1.0,113.0,17.0,197.0,5.0,5.0,8.0,1.0,7.0,1.0,3.0,3.0,22.0,13.0,4.0,550.0,2.0,5.0,3.0,0.0,8.0,0.0,0.0,0.0,0.0,81.07,60.71,4.55,0.0,25.0,61.11,71.43,57.14,0.3830780826320145,0.4817514173419407,6.0,14.0,0.31291349,7.0,24.0,35.0,0.84704326,102.0,13.90909090909091,0.1636363636363636,18.49090909090909,2.781818181818182,32.23636363636364,0.8181818181818182,0.8181818181818182,1.309090909090909,0.1636363636363636,1.1454545454545455,0.1636363636363636,0.4909090909090909,0.4909090909090909,3.6,2.1272727272727274,0.6545454545454545,0.3272727272727272,0.8181818181818182,0.4909090909090909,0.0,1.309090909090909,0.0,0.0,0.0,0.0,81.07,60.71,4.55,0.0,25.0,61.11,71.43,57.14,0.0626855044306932,0.0788320501104993,0.981818181818182,2.290909090909091,0.0512040256363636,1.1454545454545455,3.927272727272728,5.727272727272728,0.1386070789090909,16.69090909090909,RB/RCB,62,44,88,81,69,31,72,88,47,94,56,31,31,28,56,38,84,56,25,12,56,25,44,44,53,75,100,25,12,75,81,88,19,69,75,94,91,88,91,72,91,62,75,56,50,81,69,62,6,75,88,44,100,56,25,25,25,38,31,88,44,25,12,44,25,44,44,53,75,100,25,12,75,81,88,19,69,81,100,100,94,94,75,88,56,56,Niké Liga
DAC 1904,7o9tba6opekhoz7pcuq8gm93m,cytkx7gkged2di00mjulgrqvp,K. Nemanič,Klemen Nemanic,29.0,Defender,Slovenia,Defender,320.0,0.0,110.0,24.0,430.0,16.0,2.0,5.0,5.0,0.0,0.0,6.0,6.0,29.0,37.0,6.0,620.0,2.0,7.0,2.0,3.0,5.0,1.0,0.0,0.0,0.0,90.91,54.55,0.0,50.0,40.0,63.04,66.67,62.5,0.6327436857041688,0.1768963993089909,0.0,0.0,0.0,0.0,28.0,34.0,0.6740191200000005,252.0,46.4516129032258,0.0,15.96774193548387,3.4838709677419355,62.41935483870967,2.32258064516129,0.2903225806451612,0.7258064516129031,0.7258064516129031,0.0,0.0,0.8709677419354839,0.8709677419354839,4.209677419354838,5.370967741935484,0.8709677419354839,0.2903225806451612,1.0161290322580645,0.2903225806451612,0.4354838709677419,0.7258064516129031,0.1451612903225806,0.0,0.0,0.0,90.91,54.55,0.0,50.0,40.0,63.04,66.67,62.5,0.0918498898602825,0.0256785095771115,0.0,0.0,0.0,0.0,4.064516129032258,4.935483870967742,0.0978414851612903,36.58064516129032,CB,100,32,71,75,100,88,55,64,80,23,23,86,84,71,79,61,77,61,38,75,54,86,41,46,52,93,80,32,50,71,71,77,36,68,61,27,5,5,23,88,89,68,96,93,32,64,64,93,66,45,50,68,23,23,86,82,50,57,46,70,46,32,68,36,79,41,46,52,93,80,32,50,71,71,77,36,61,43,27,5,5,23,79,82,57,93,Niké Liga
DAC 1904,7o9tba6opekhoz7pcuq8gm93m,dmr7cinj7twwsu92h48ruwglw,P. Owusu,Prince Owusu,20.0,Attacker,Ghana,Striker,32.0,1.0,62.0,1.0,93.0,2.0,6.0,8.0,6.0,2.0,0.0,16.0,17.0,16.0,1.0,2.0,378.0,5.0,15.0,5.0,5.0,1.0,1.0,1.0,0.0,0.0,89.42,33.33,20.0,31.25,62.5,44.44,66.67,25.0,1.199319398077872,0.6086061689205575,2.0,14.0,0.40022589,2.0,7.0,9.0,0.7118218500000001,42.0,7.619047619047619,0.238095238095238,14.76190476190476,0.238095238095238,22.142857142857142,0.4761904761904761,1.4285714285714286,1.9047619047619049,1.4285714285714286,0.4761904761904761,0.0,3.809523809523809,4.047619047619048,3.809523809523809,0.238095238095238,0.4761904761904761,1.1904761904761905,3.571428571428571,1.1904761904761905,1.1904761904761905,0.238095238095238,0.238095238095238,0.238095238095238,0.0,0.0,89.42,33.33,20.0,31.25,62.5,44.44,66.67,25.0,0.2855522376375886,0.1449062306953708,0.4761904761904761,3.333333333333333,0.0952918785714285,0.4761904761904761,1.6666666666666663,2.142857142857143,0.1694813928571428,10.0,ST,80,52,82,27,79,16,59,29,27,57,14,84,84,45,21,71,59,29,54,68,29,73,34,52,52,100,30,45,32,89,68,91,18,50,75,52,96,93,50,55,68,86,91,86,57,82,25,86,21,68,32,29,61,14,96,96,36,21,75,68,29,50,75,21,79,32,52,52,100,30,45,32,89,68,91,18,54,75,54,96,93,61,71,61,89,86,Niké Liga
DAC 1904,7o9tba6opekhoz7pcuq8gm93m,du28e4s5bntunw94yzsdh4acq,M. Trusa,Matej Trusa,25.0,Attacker,Slovakia,Striker,27.0,0.0,51.0,2.0,78.0,8.0,4.0,23.0,22.0,1.0,2.0,2.0,3.0,20.0,4.0,1.0,523.0,11.0,35.0,7.0,1.0,3.0,1.0,6.0,0.0,0.0,78.79,40.0,0.0,50.0,47.83,40.82,47.06,75.0,3.117044322667746,0.3497773318196617,2.0,8.0,0.19881803,2.0,9.0,4.0,0.1757558199999999,29.0,4.646271510516253,0.0,8.776290630975144,0.3441682600382409,13.422562141491396,1.3766730401529637,0.6883365200764818,3.9579349904397705,3.78585086042065,0.1720841300191204,0.3441682600382409,0.3441682600382409,0.5162523900573613,3.4416826003824093,0.6883365200764818,0.1720841300191204,1.892925430210325,6.022944550669216,1.2045889101338432,0.1720841300191204,0.5162523900573613,0.1720841300191204,1.032504780114723,0.0,0.0,78.79,40.0,0.0,50.0,47.83,40.82,47.06,75.0,0.5363938604973176,0.0601911278465957,0.3441682600382409,1.3766730401529637,0.0342134277246653,0.3441682600382409,1.548757170172084,0.6883365200764818,0.0302447873804971,4.990439770554493,ST,61,20,59,45,68,77,39,100,100,30,62,20,23,59,68,48,100,96,68,23,57,73,100,52,52,71,38,20,71,64,46,71,82,100,43,52,84,68,50,75,25,29,57,50,20,36,32,43,54,21,89,93,18,57,11,18,32,50,36,89,79,57,18,50,68,100,52,52,71,38,20,71,64,46,71,82,86,25,39,61,50,43,61,21,18,50,Niké Liga
DAC 1904,7o9tba6opekhoz7pcuq8gm93m,efjgg9qr6hdz7ufboa07q5y7e,Ammar Ramadan,Ammar Manaf Ramadan,25.0,Midfielder,Syria,Midfielder,44.0,10.0,105.0,9.0,139.0,0.0,22.0,24.0,9.0,15.0,8.0,26.0,28.0,26.0,3.0,5.0,524.0,11.0,35.0,3.0,13.0,7.0,7.0,5.0,0.0,1.0,79.89,56.25,34.48,50.0,45.83,40.62,0.0,70.0,2.0723737736925454,2.606765330014753,14.0,22.0,0.6896032999999999,7.0,11.0,24.0,2.002902759999999,73.0,7.557251908396947,1.717557251908397,18.03435114503817,1.545801526717557,23.87404580152672,0.0,3.7786259541984735,4.122137404580153,1.545801526717557,2.576335877862596,1.3740458015267176,4.465648854961832,4.809160305343512,4.465648854961832,0.5152671755725191,0.8587786259541985,1.8893129770992367,6.011450381679389,0.5152671755725191,2.232824427480916,1.202290076335878,1.202290076335878,0.8587786259541985,0.0,0.1717557251908397,79.89,56.25,34.48,50.0,45.83,40.62,0.0,70.0,0.3559420603670402,0.4477268696590225,2.404580152671756,3.7786259541984735,0.1184433148854961,1.202290076335878,1.8893129770992367,4.122137404580153,0.3440100160305342,12.5381679389313,LW,100,100,100,100,100,50,100,100,100,100,100,100,100,100,100,100,100,100,50,100,100,100,100,75,100,50,100,100,100,50,100,50,50,100,100,100,100,100,100,100,100,100,100,100,100,50,100,100,50,100,100,100,100,100,50,50,50,100,100,100,100,50,100,100,100,100,75,100,50,100,100,100,50,100,50,50,100,100,100,100,100,100,100,100,100,100,Niké Liga
DAC 1904,7o9tba6opekhoz7pcuq8gm93m,eo2n0d4wvaszqhhsyjnbd64no,A. Sylla,Alioune Sylla,23.0,Attacker,Senegal,Striker,10.0,1.0,39.0,0.0,48.0,3.0,2.0,7.0,6.0,1.0,2.0,9.0,11.0,16.0,1.0,1.0,245.0,2.0,13.0,4.0,2.0,6.0,1.0,2.0,0.0,0.0,80.0,0.0,14.29,22.22,28.57,44.44,37.5,85.71,1.4027655266124466,0.2160378588785505,1.0,5.0,0.14452005,3.0,2.0,5.0,0.25524,21.0,3.673469387755102,0.3673469387755101,14.326530612244898,0.0,17.632653061224488,1.1020408163265305,0.7346938775510203,2.571428571428571,2.204081632653061,0.3673469387755101,0.7346938775510203,3.3061224489795915,4.040816326530612,5.877551020408163,0.3673469387755101,0.3673469387755101,0.7346938775510203,4.775510204081632,1.469387755102041,0.7346938775510203,2.204081632653061,0.3673469387755101,0.7346938775510203,0.0,0.0,80.0,0.0,14.29,22.22,28.57,44.44,37.5,85.71,0.5153016220208987,0.0793608461186512,0.3673469387755101,1.836734693877551,0.0530889979591836,1.1020408163265305,0.7346938775510203,1.836734693877551,0.0937616326530612,7.714285714285714,RM/RCM,10,25,20,15,20,45,35,40,65,30,70,100,100,55,15,35,40,45,50,40,80,80,75,55,55,80,15,30,10,60,30,20,80,80,30,30,45,40,80,20,20,20,20,10,40,30,15,20,50,40,70,100,40,90,100,90,70,10,40,50,70,50,60,90,90,90,55,55,80,15,30,10,60,30,20,80,100,40,30,50,60,100,20,20,20,20,Niké Liga
Košice,dbdao4og2npxkgwkkan30knze,2dd2x7yrnumrilidnzlmw4mei,F. Lichý,Filip Lichy,25.0,Midfielder,Slovakia,Midfielder,134.0,0.0,147.0,18.0,281.0,3.0,8.0,24.0,9.0,15.0,8.0,8.0,8.0,27.0,12.0,8.0,630.0,11.0,19.0,4.0,6.0,11.0,3.0,1.0,0.0,0.0,81.69,39.13,0.0,75.0,45.83,55.1,33.33,78.57,1.727859434644348,0.5151900760224556,14.0,13.0,0.3373148199999999,2.0,35.0,40.0,1.01910335,148.0,19.142857142857142,0.0,21.0,2.571428571428572,40.142857142857146,0.4285714285714285,1.1428571428571428,3.4285714285714284,1.2857142857142858,2.142857142857143,1.1428571428571428,1.1428571428571428,1.1428571428571428,3.857142857142857,1.7142857142857142,1.1428571428571428,1.5714285714285714,2.7142857142857144,0.5714285714285714,0.8571428571428571,1.5714285714285714,0.4285714285714285,0.1428571428571428,0.0,0.0,81.69,39.13,0.0,75.0,45.83,55.1,33.33,78.57,0.2468370620920497,0.0735985822889222,2.0,1.8571428571428568,0.0481878314285714,0.2857142857142857,5.0,5.714285714285714,0.1455861928571428,21.142857142857142,DM/CM,67,22,89,78,81,41,74,100,100,100,100,81,81,52,72,78,100,100,33,89,94,100,78,52,50,41,19,22,81,74,52,24,83,100,67,100,89,93,48,85,89,89,78,52,22,67,63,63,19,56,100,96,100,96,78,74,22,52,30,96,96,17,78,74,96,74,52,50,41,19,22,81,74,52,24,83,96,52,100,74,85,39,67,78,67,67,Niké Liga
Košice,dbdao4og2npxkgwkkan30knze,2dfqwqvlzmlog1qjlctpemo7o,M. Rehuš,Milan Rehus,21.0,Midfielder,Slovakia,Midfielder,14.0,2.0,63.0,3.0,75.0,1.0,3.0,7.0,4.0,3.0,0.0,5.0,5.0,13.0,2.0,0.0,268.0,4.0,15.0,3.0,3.0,5.0,0.0,1.0,0.0,0.0,75.76,75.0,18.18,60.0,57.14,54.17,50.0,83.33,0.7014476338764946,0.2926780480560655,3.0,10.0,0.29516221,3.0,4.0,9.0,0.49031863,25.0,4.701492537313433,0.6716417910447761,21.15671641791045,1.007462686567164,25.186567164179102,0.335820895522388,1.007462686567164,2.3507462686567164,1.343283582089552,1.007462686567164,0.0,1.67910447761194,1.67910447761194,4.365671641791045,0.6716417910447761,0.0,1.343283582089552,5.037313432835821,1.007462686567164,1.007462686567164,1.67910447761194,0.0,0.335820895522388,0.0,0.0,75.76,75.0,18.18,60.0,57.14,54.17,50.0,83.33,0.2355607725704646,0.0982874041979324,1.007462686567164,3.3582089552238803,0.0991216376865671,1.007462686567164,1.343283582089552,3.0223880597014925,0.1646592414179104,8.395522388059701,RM/RCM,35,55,50,35,50,20,50,40,40,55,20,25,25,30,35,15,80,75,20,80,60,30,50,55,55,50,80,40,90,90,80,55,70,50,50,60,90,80,80,35,50,40,40,20,60,70,30,60,20,50,50,50,80,20,50,40,40,40,15,90,80,30,80,50,30,50,55,55,50,80,40,90,90,80,55,70,60,50,70,80,80,90,30,40,60,30,Niké Liga
Košice,dbdao4og2npxkgwkkan30knze,3p9zmquh318g7ovqgmpuryllh,D. Kružliak,Dominik Kruzliak,30.0,Defender,Slovakia,Defender,115.0,0.0,123.0,20.0,238.0,17.0,3.0,7.0,4.0,3.0,1.0,3.0,3.0,40.0,39.0,3.0,630.0,3.0,9.0,6.0,1.0,10.0,0.0,0.0,0.0,0.0,81.51,51.28,0.0,33.33,42.86,62.5,70.83,62.5,0.6488509197238373,0.1498479438008191,2.0,8.0,0.2571811499999999,3.0,31.0,32.0,0.81499624,151.0,16.428571428571427,0.0,17.571428571428573,2.857142857142857,34.0,2.4285714285714284,0.4285714285714285,1.0,0.5714285714285714,0.4285714285714285,0.1428571428571428,0.4285714285714285,0.4285714285714285,5.714285714285714,5.571428571428571,0.4285714285714285,0.4285714285714285,1.2857142857142858,0.8571428571428571,0.1428571428571428,1.4285714285714286,0.0,0.0,0.0,0.0,81.51,51.28,0.0,33.33,42.86,62.5,70.83,62.5,0.0926929885319767,0.0214068491144027,0.2857142857142857,1.1428571428571428,0.0367401642857142,0.4285714285714285,4.428571428571429,4.571428571428571,0.1164280342857142,21.571428571428573,CB,50,32,82,70,57,93,68,82,66,84,55,66,66,93,84,20,93,86,82,46,91,39,41,46,52,36,64,32,32,80,68,86,36,71,57,77,91,93,79,93,82,86,64,29,32,75,54,46,75,55,70,57,75,54,57,57,82,61,14,79,64,66,36,82,39,41,46,52,36,64,32,32,80,68,86,36,64,36,68,86,89,71,86,71,68,54,Niké Liga
Košice,dbdao4og2npxkgwkkan30knze,4fa1s0rx15g8zc72qnm1vohd5,O. Kakay,Osman Kakay,29.0,Defender,Sierra Leone,Defender,35.0,8.0,130.0,6.0,157.0,8.0,9.0,12.0,10.0,2.0,5.0,18.0,19.0,33.0,6.0,2.0,619.0,4.0,27.0,5.0,9.0,9.0,2.0,2.0,0.0,0.0,83.51,50.0,36.36,50.0,33.33,47.83,53.33,81.82,1.56350775928766,0.8747289681002871,3.0,14.0,0.42525615,2.0,13.0,19.0,1.13021321,67.0,5.088852988691437,1.1631663974151858,18.901453957996768,0.8723747980613893,22.82714054927301,1.1631663974151858,1.308562197092084,1.7447495961227786,1.4539579967689822,0.2907915993537964,0.7269789983844911,2.617124394184168,2.762520193861066,4.798061389337641,0.8723747980613893,0.2907915993537964,0.5815831987075929,3.925686591276252,0.7269789983844911,1.308562197092084,1.308562197092084,0.2907915993537964,0.2907915993537964,0.0,0.0,83.51,50.0,36.36,50.0,33.33,47.83,53.33,81.82,0.2273274609626646,0.1271819178174892,0.4361873990306946,2.035541195476575,0.0618304579967689,0.2907915993537964,1.8901453957996768,2.762520193861066,0.1643282534733441,9.74151857835218,RB/RCB,12,100,94,19,50,69,94,94,100,78,100,100,100,81,9,19,100,100,59,100,66,84,100,44,53,88,84,81,72,88,31,50,88,100,100,84,91,100,38,38,41,88,31,6,100,88,19,31,50,94,100,100,69,100,94,94,62,6,12,100,100,44,88,38,81,100,44,53,88,84,81,72,88,31,50,88,100,94,69,88,100,31,25,38,75,12,Niké Liga
Košice,dbdao4og2npxkgwkkan30knze,5i4hanhs1igx4grc5rt6cj4oa,K. Palumets,Kevor Palumets,23.0,Midfielder,Estonia,Midfielder,47.0,12.0,132.0,3.0,167.0,3.0,15.0,5.0,4.0,1.0,1.0,2.0,2.0,19.0,6.0,2.0,519.0,3.0,14.0,6.0,1.0,4.0,1.0,2.0,0.0,1.0,77.67,18.75,40.0,50.0,60.0,52.78,50.0,44.44,0.2668807875394042,1.5336710057653842,0.0,6.0,0.2064073,5.0,19.0,17.0,0.93415923,72.0,8.150289017341041,2.0809248554913293,22.890173410404625,0.5202312138728323,28.95953757225433,0.5202312138728323,2.601156069364162,0.8670520231213873,0.6936416184971098,0.1734104046242774,0.1734104046242774,0.3468208092485549,0.3468208092485549,3.294797687861272,1.0404624277456649,0.3468208092485549,0.5202312138728323,2.4277456647398843,1.0404624277456649,0.1734104046242774,0.6936416184971098,0.1734104046242774,0.3468208092485549,0.0,0.1734104046242774,77.67,18.75,40.0,50.0,60.0,52.78,50.0,44.44,0.0462799053536539,0.2659545096702978,0.0,1.0404624277456649,0.0357931734104046,0.8670520231213873,3.294797687861272,2.947976878612717,0.1619929300578034,12.485549132947977,DM/CM,19,94,81,15,44,41,96,43,74,26,46,19,19,24,30,11,74,94,54,30,24,78,96,52,100,22,7,76,57,93,41,50,17,26,96,9,65,78,87,43,37,74,30,4,96,78,11,33,33,96,41,74,19,44,19,19,15,19,11,80,89,46,33,22,78,96,52,100,22,7,76,57,93,41,50,17,22,96,9,63,70,81,41,33,81,22,Niké Liga
Košice,dbdao4og2npxkgwkkan30knze,62kkn63nmhszi8rxgytyy4mqc,B. Damjanović,Bojan Damjanovic,20.0,Defender,Montenegro,Defender,32.0,2.0,31.0,8.0,61.0,6.0,1.0,0.0,0.0,0.0,0.0,1.0,1.0,12.0,12.0,1.0,212.0,0.0,0.0,0.0,1.0,4.0,1.0,0.0,1.0,0.0,72.62,38.1,66.67,100.0,0.0,54.55,54.55,80.0,0.0,0.1616610355191583,0.0,0.0,0.0,0.0,11.0,11.0,0.4875707699999998,37.0,13.584905660377355,0.8490566037735848,13.160377358490566,3.39622641509434,25.89622641509434,2.547169811320755,0.4245283018867924,0.0,0.0,0.0,0.0,0.4245283018867924,0.4245283018867924,5.09433962264151,5.09433962264151,0.4245283018867924,0.0,0.0,0.0,0.4245283018867924,1.6981132075471697,0.4245283018867924,0.0,0.4245283018867924,0.0,72.62,38.1,66.67,100.0,0.0,54.55,54.55,80.0,0.0,0.0686296848902087,0.0,0.0,0.0,0.0,4.669811320754717,4.669811320754717,0.2069875910377357,15.70754716981132,RB/RCB,6,72,6,28,6,44,19,6,19,12,19,16,16,12,47,9,34,9,9,31,16,62,44,94,53,31,44,100,100,34,62,56,81,6,19,12,9,9,16,25,25,25,6,44,94,38,88,38,100,31,6,19,12,19,19,19,75,94,19,34,9,9,69,75,94,44,100,53,31,44,100,100,34,62,56,81,6,75,12,9,9,16,88,75,94,50,Niké Liga
Košice,dbdao4og2npxkgwkkan30knze,88m1d6wwdft7cxtbg0fn77w15,M. Madleňák,Matej Madlenák,27.0,Defender,Slovakia,Defender,41.0,2.0,139.0,10.0,178.0,18.0,13.0,8.0,7.0,1.0,1.0,12.0,12.0,58.0,14.0,14.0,619.0,4.0,32.0,11.0,5.0,16.0,1.0,2.0,1.0,0.0,73.86,50.0,20.0,41.67,50.0,47.54,62.07,66.67,0.7545275525252528,1.09039327198228,2.0,21.0,0.92319087,4.0,15.0,21.0,1.3157817100000004,91.0,5.9612277867528265,0.2907915993537964,20.21001615508885,1.4539579967689822,25.88045234248788,2.617124394184168,1.8901453957996768,1.1631663974151858,1.0177705977382876,0.1453957996768982,0.1453957996768982,1.7447495961227786,1.7447495961227786,8.432956381260096,2.035541195476575,2.035541195476575,0.5815831987075929,4.652665589660743,1.5993537964458804,0.7269789983844911,2.326332794830372,0.1453957996768982,0.2907915993537964,0.1453957996768982,0.0,73.86,50.0,20.0,41.67,50.0,47.54,62.07,66.67,0.1097051368776619,0.1585386017421731,0.2907915993537964,3.0533117932148626,0.1342280747980613,0.5815831987075929,2.1809369951534734,3.0533117932148626,0.1913091339256866,13.231017770597738,LB/LCB,29,64,86,57,57,93,86,100,100,57,57,93,93,100,71,100,100,100,100,89,100,86,100,96,54,21,86,50,50,82,29,64,46,100,79,82,93,100,71,50,57,79,64,14,64,79,43,36,93,86,93,93,43,50,86,86,100,29,100,100,100,100,86,100,86,100,93,54,21,86,50,50,82,29,64,46,100,79,79,93,100,71,36,43,79,50,Niké Liga
Košice,dbdao4og2npxkgwkkan30knze,8g19d0gj8kvx2g8ra6wwmgro4,A. Maraš,Aleksa Maras,24.0,Attacker,Montenegro,Striker,21.0,0.0,39.0,3.0,60.0,8.0,6.0,21.0,16.0,5.0,8.0,10.0,10.0,16.0,0.0,0.0,443.0,8.0,37.0,2.0,3.0,1.0,1.0,5.0,0.0,0.0,62.5,50.0,0.0,30.0,38.1,27.12,26.67,33.33,2.267483862818648,0.3015575889819958,7.0,5.0,0.22220042,1.0,4.0,6.0,0.17086537,21.0,4.266365688487585,0.0,7.923250564334086,0.6094808126410834,12.18961625282167,1.6252821670428892,1.218961625282167,4.266365688487585,3.2505643340857784,1.015801354401806,1.6252821670428892,2.031602708803612,2.031602708803612,3.2505643340857784,0.0,0.0,1.6252821670428892,7.516930022573363,0.4063205417607223,0.6094808126410834,0.2031602708803611,0.2031602708803611,1.015801354401806,0.0,0.0,62.5,50.0,0.0,30.0,38.1,27.12,26.67,33.33,0.4606626357870842,0.0612645214636108,1.4221218961625282,1.015801354401806,0.04514229751693,0.2031602708803611,0.8126410835214446,1.218961625282167,0.0347130548532731,4.266365688487585,ST,46,20,36,66,43,77,59,96,96,93,100,64,61,45,7,16,88,100,23,46,29,73,96,52,52,11,48,20,27,39,4,11,21,82,29,96,43,71,30,30,46,25,46,43,20,25,57,32,61,61,93,86,89,96,54,46,21,7,16,75,93,18,36,18,75,96,52,52,11,48,20,27,39,4,11,21,79,29,96,39,64,29,25,39,25,36,Niké Liga
Košice,dbdao4og2npxkgwkkan30knze,95aokv8dk9sj9uq57k7t7po15,D. Magda,Daniel Magda,28.0,Defender,Slovakia,Defender,21.0,0.0,35.0,5.0,56.0,4.0,1.0,1.0,0.0,1.0,0.0,0.0,0.0,9.0,15.0,10.0,208.0,1.0,0.0,0.0,0.0,3.0,0.0,0.0,0.0,0.0,75.68,33.33,0.0,0.0,100.0,60.0,80.0,60.0,0.0657187188745141,0.0656952762593065,1.0,1.0,0.0241224,2.0,11.0,12.0,0.1942097899999999,41.0,9.086538461538462,0.0,15.14423076923077,2.1634615384615388,24.23076923076924,1.7307692307692308,0.4326923076923077,0.4326923076923077,0.0,0.4326923076923077,0.0,0.0,0.0,3.8942307692307696,6.490384615384616,4.3269230769230775,0.4326923076923077,0.0,0.0,0.0,1.2980769230769231,0.0,0.0,0.0,0.0,75.68,33.33,0.0,0.0,100.0,60.0,80.0,60.0,0.0284359841283955,0.028425840689123,0.4326923076923077,0.4326923076923077,0.0104375769230769,0.8653846153846154,4.759615384615385,5.1923076923076925,0.0840330822115384,17.740384615384617,CB,4,32,18,11,4,23,32,14,12,59,23,11,11,5,29,93,52,7,7,16,23,39,41,46,52,18,11,32,16,96,57,100,23,18,32,61,27,36,70,38,30,18,7,11,32,61,21,14,50,61,25,12,79,23,11,11,39,82,100,82,7,7,16,71,39,41,46,52,18,11,32,16,96,57,100,23,18,54,82,54,57,96,93,89,43,36,Niké Liga
Košice,dbdao4og2npxkgwkkan30knze,9kmmlvfxro0meb5tngkoc3nkk,M. Sovič,Miroslav Sovic,22.0,Midfielder,Slovakia,Midfielder,30.0,3.0,99.0,2.0,126.0,1.0,9.0,5.0,4.0,1.0,1.0,4.0,6.0,15.0,3.0,6.0,429.0,3.0,11.0,3.0,3.0,6.0,2.0,1.0,0.0,0.0,71.19,18.18,18.75,75.0,60.0,34.88,12.5,75.0,0.8946325287852505,0.8920202403337627,2.0,13.0,0.37953727,5.0,20.0,30.0,1.28903229,70.0,6.293706293706294,0.6293706293706294,20.76923076923077,0.4195804195804196,26.43356643356644,0.2097902097902098,1.888111888111888,1.048951048951049,0.8391608391608392,0.2097902097902098,0.2097902097902098,0.8391608391608392,1.2587412587412588,3.146853146853147,0.6293706293706294,1.2587412587412588,0.6293706293706294,2.307692307692308,0.6293706293706294,0.6293706293706294,1.2587412587412588,0.4195804195804196,0.2097902097902098,0.0,0.0,71.19,18.18,18.75,75.0,60.0,34.88,12.5,75.0,0.1876851458990036,0.1871371133567334,0.4195804195804196,2.7272727272727275,0.0796232034965035,1.048951048951049,4.195804195804196,6.293706293706294,0.2704263545454545,14.685314685314683,CM/AM,45,66,79,34,64,27,73,25,48,23,27,9,14,27,30,77,50,39,16,39,70,89,57,50,46,21,7,54,100,95,14,25,66,54,68,38,86,79,75,80,88,89,75,32,70,79,29,68,25,71,18,54,18,21,7,25,16,29,89,43,29,11,30,64,86,50,50,46,21,7,54,100,95,14,25,66,57,75,32,86,79,71,86,89,93,82,Niké Liga
Košice,dbdao4og2npxkgwkkan30knze,dez9uf8qcs4xpk7xhwxg1dizu,S. Kóša,Sebastián Kósa,23.0,Defender,Slovakia,Defender,143.0,1.0,98.0,20.0,240.0,12.0,2.0,3.0,2.0,1.0,0.0,0.0,0.0,28.0,46.0,13.0,604.0,1.0,4.0,4.0,0.0,10.0,0.0,1.0,1.0,0.0,80.81,36.36,50.0,0.0,33.33,45.9,38.71,83.33,0.3542581533679357,0.1912447030588339,1.0,5.0,0.09839532,0.0,24.0,31.0,0.6120463200000001,157.0,21.307947019867548,0.1490066225165562,14.602649006622515,2.980132450331126,35.76158940397351,1.7880794701986755,0.2980132450331125,0.4470198675496689,0.2980132450331125,0.1490066225165562,0.0,0.0,0.0,4.172185430463576,6.854304635761589,1.937086092715232,0.1490066225165562,0.5960264900662251,0.5960264900662251,0.0,1.490066225165563,0.0,0.1490066225165562,0.1490066225165562,0.0,80.81,36.36,50.0,0.0,33.33,45.9,38.71,83.33,0.0527868109323082,0.0284967272769785,0.1490066225165562,0.7450331125827815,0.0146615543046357,0.0,3.576158940397351,4.619205298013245,0.0911989549668874,23.394039735099337,RB/RCB,94,44,53,94,88,88,28,56,62,44,19,6,6,56,100,94,72,41,44,12,75,25,91,94,53,69,38,94,12,88,12,12,94,62,25,44,59,44,16,72,75,38,88,81,44,50,75,75,81,25,44,62,50,19,6,6,44,100,94,69,38,38,12,56,25,88,88,53,69,38,94,12,88,12,12,94,56,19,50,62,38,16,62,69,19,81,Niké Liga
Košice,dbdao4og2npxkgwkkan30knze,tbbthwwwpfkm7luezvil0no5,D. Gallovič,Dávid Gallovic,30.0,Midfielder,Slovakia,Midfielder,73.0,0.0,81.0,4.0,154.0,0.0,5.0,4.0,0.0,4.0,1.0,3.0,4.0,23.0,2.0,3.0,406.0,1.0,5.0,9.0,1.0,10.0,0.0,1.0,0.0,0.0,87.01,50.0,0.0,33.33,25.0,54.76,0.0,76.92,0.267933792696587,0.4257612197844785,1.0,6.0,0.1624333499999999,4.0,10.0,12.0,0.4263199200000001,66.0,16.182266009852217,0.0,17.95566502463054,0.8866995073891626,34.13793103448276,0.0,1.1083743842364533,0.8866995073891626,0.0,0.8866995073891626,0.2216748768472906,0.6650246305418719,0.8866995073891626,5.098522167487685,0.4433497536945813,0.6650246305418719,0.2216748768472906,1.1083743842364533,1.995073891625616,0.2216748768472906,2.2167487684729066,0.0,0.2216748768472906,0.0,0.0,87.01,50.0,0.0,33.33,25.0,54.76,0.0,76.92,0.0593941904992434,0.0943805659620765,0.2216748768472906,1.3300492610837438,0.0360073928571428,0.8866995073891626,2.2167487684729066,2.6600985221674875,0.0945044157635468,14.630541871921183,CM/AM,89,16,57,62,79,11,39,14,5,57,27,4,5,61,20,57,25,14,73,12,91,25,57,50,46,89,64,16,32,34,93,12,75,14,39,21,36,39,59,50,39,39,64,93,16,71,68,89,11,32,14,5,61,25,4,4,64,18,64,21,18,75,14,96,25,54,50,46,89,64,16,32,34,93,12,75,14,32,21,32,32,61,54,36,29,79,Niké Liga
Spartak Trnava,e2eyddqxo12gs0dhbsb7l5pua,1zm6n6ts43tgwnfjpujq8oftg,D. Polťák,Dávid Polták,18.0,Attacker,Slovakia,Striker,6.0,0.0,15.0,0.0,21.0,7.0,3.0,7.0,7.0,0.0,0.0,0.0,0.0,12.0,3.0,0.0,269.0,5.0,17.0,4.0,0.0,0.0,1.0,2.0,0.0,0.0,58.33,0.0,0.0,0.0,71.43,37.5,33.33,0.0,0.8650752205609146,0.3551721596469319,0.0,2.0,0.09395867,0.0,1.0,3.0,0.0552651299999999,6.0,2.007434944237918,0.0,5.018587360594795,0.0,7.026022304832714,2.3420074349442377,1.003717472118959,2.3420074349442377,2.3420074349442377,0.0,0.0,0.0,0.0,4.014869888475836,1.003717472118959,0.0,1.6728624535315986,5.687732342007435,1.338289962825279,0.0,0.0,0.3345724907063197,0.6691449814126395,0.0,0.0,58.33,0.0,0.0,0.0,71.43,37.5,33.33,0.0,0.289430371191384,0.1188308340826166,0.0,0.6691449814126395,0.0314359862453531,0.0,0.3345724907063197,1.003717472118959,0.0184901921933085,2.007434944237918,ST,5,20,4,11,4,66,23,21,41,7,14,5,5,20,50,16,59,36,38,9,9,73,62,52,52,7,11,20,9,98,32,32,9,29,46,9,18,18,11,7,21,11,7,11,20,4,11,4,82,43,54,64,7,14,5,5,43,75,16,82,71,61,9,9,89,79,52,52,7,11,20,9,98,32,32,9,57,64,9,25,43,11,7,27,11,7,Niké Liga
Spartak Trnava,e2eyddqxo12gs0dhbsb7l5pua,2jvbo8qpcd0ror8hvqdtkafh1,M. Mikovič,Martin Mikovic,36.0,Defender,Slovakia,Defender,29.0,7.0,70.0,9.0,92.0,3.0,9.0,3.0,2.0,1.0,1.0,2.0,2.0,11.0,9.0,4.0,311.0,1.0,8.0,1.0,1.0,5.0,0.0,0.0,0.0,0.0,72.44,45.0,26.92,50.0,33.33,61.11,0.0,83.33,0.1816556127242627,1.151944262049997,3.0,4.0,0.12716278,1.0,7.0,17.0,0.5836976500000001,45.0,8.392282958199356,2.02572347266881,20.2572347266881,2.604501607717041,26.623794212218648,0.8681672025723473,2.604501607717041,0.8681672025723473,0.5787781350482315,0.2893890675241157,0.2893890675241157,0.5787781350482315,0.5787781350482315,3.183279742765273,2.604501607717041,1.157556270096463,0.2893890675241157,2.315112540192926,0.2893890675241157,0.2893890675241157,1.4469453376205788,0.0,0.0,0.0,0.0,72.44,45.0,26.92,50.0,33.33,61.11,0.0,83.33,0.0525691483767962,0.3333600758344042,0.8681672025723473,1.157556270096463,0.0367995183279742,0.2893890675241157,2.02572347266881,4.919614147909968,0.1689157186495177,13.022508038585208,CB,7,89,43,20,11,12,88,39,36,59,55,55,55,11,11,29,52,77,20,46,54,39,41,46,52,7,41,79,50,57,61,4,73,25,89,89,70,75,54,27,43,50,14,4,96,96,50,21,29,100,64,61,64,71,64,64,29,21,64,64,93,29,61,86,39,41,46,52,7,41,79,50,57,61,4,73,39,96,100,89,93,64,39,79,86,14,Niké Liga
Spartak Trnava,e2eyddqxo12gs0dhbsb7l5pua,3jug5s4lmb833a9c5e6glmz8p,R. Begala,Roman Begala,27.0,Midfielder,Slovakia,Midfielder,61.0,0.0,70.0,6.0,131.0,5.0,1.0,8.0,1.0,7.0,1.0,4.0,4.0,37.0,4.0,9.0,592.0,3.0,9.0,15.0,1.0,8.0,0.0,0.0,0.0,0.0,84.52,42.86,0.0,25.0,37.5,53.62,50.0,50.0,0.4570343497878869,0.0477638296144448,6.0,3.0,0.0738159,0.0,12.0,10.0,0.25352103,57.0,9.27364864864865,0.0,10.641891891891891,0.9121621621621622,19.91554054054054,0.7601351351351352,0.152027027027027,1.2162162162162162,0.152027027027027,1.0641891891891893,0.152027027027027,0.6081081081081081,0.6081081081081081,5.625,0.6081081081081081,1.3682432432432432,0.4560810810810811,1.3682432432432432,2.2804054054054057,0.152027027027027,1.2162162162162162,0.0,0.0,0.0,0.0,84.52,42.86,0.0,25.0,37.5,53.62,50.0,50.0,0.0694815734474828,0.0072613930157095,0.9121621621621622,0.4560810810810811,0.0112220118243243,0.0,1.8243243243243243,1.5202702702702704,0.0385420484797297,8.66554054054054,DM/CM,33,22,30,28,22,61,13,74,28,93,46,52,48,85,9,87,74,69,93,30,72,35,33,52,50,56,39,22,20,63,44,50,30,44,11,93,33,30,15,19,19,15,26,7,22,19,22,11,52,11,63,19,85,33,48,44,67,7,67,67,59,89,26,52,35,33,52,50,56,39,22,20,63,44,50,30,41,11,85,19,22,15,11,4,4,11,Niké Liga
Spartak Trnava,e2eyddqxo12gs0dhbsb7l5pua,4s2x327i20p6hm0fwo8fgges,F. Trello,Filip Trello,19.0,Midfielder,Slovakia,Midfielder,38.0,3.0,102.0,1.0,137.0,3.0,12.0,11.0,8.0,3.0,3.0,22.0,25.0,26.0,3.0,2.0,520.0,5.0,27.0,7.0,10.0,4.0,1.0,2.0,0.0,0.0,75.69,25.0,33.33,45.45,45.45,37.14,21.43,66.67,0.9843646413801188,1.100892508807545,5.0,19.0,0.5520594799999999,6.0,11.0,15.0,0.7333296900000003,62.0,6.576923076923077,0.5192307692307693,17.653846153846153,0.173076923076923,23.711538461538463,0.5192307692307693,2.076923076923077,1.903846153846154,1.3846153846153846,0.5192307692307693,0.5192307692307693,3.807692307692308,4.326923076923077,4.5,0.5192307692307693,0.3461538461538461,0.8653846153846154,4.673076923076923,1.2115384615384617,1.7307692307692308,0.6923076923076923,0.173076923076923,0.3461538461538461,0.0,0.0,75.69,25.0,33.33,45.45,45.45,37.14,21.43,66.67,0.1703708033157898,0.1905390880628443,0.8653846153846154,3.2884615384615383,0.0955487561538461,1.0384615384615383,1.903846153846154,2.5961538461538463,0.1269224463461539,10.730769230769232,LM/LCM,100,33,100,50,100,100,100,67,67,50,67,67,67,67,67,83,67,67,67,67,100,67,67,67,67,67,33,67,67,100,33,33,100,67,100,67,67,67,67,100,100,67,100,67,33,67,67,67,100,67,33,33,33,33,67,67,67,67,100,67,67,67,67,100,67,67,67,67,67,33,67,67,100,33,33,100,33,67,33,33,67,33,67,67,33,67,Niké Liga
Spartak Trnava,e2eyddqxo12gs0dhbsb7l5pua,6afxu9qxcnbhgv8dn7apkgaqy,T. Kudlička,Timotej Kudlicka,23.0,Attacker,Slovakia,Striker,28.0,0.0,48.0,1.0,76.0,7.0,5.0,29.0,27.0,2.0,6.0,15.0,15.0,32.0,8.0,2.0,640.0,14.0,55.0,9.0,6.0,6.0,1.0,4.0,0.0,0.0,64.96,25.0,0.0,40.0,48.28,39.02,33.33,60.0,4.035242805646971,0.2481010890680047,7.0,10.0,0.35128128,4.0,4.0,6.0,0.10701397,29.0,3.9375,0.0,6.75,0.140625,10.6875,0.984375,0.703125,4.078125,3.796875,0.28125,0.84375,2.109375,2.109375,4.5,1.125,0.28125,1.96875,7.734375,1.265625,0.84375,0.84375,0.140625,0.5625,0.0,0.0,64.96,25.0,0.0,40.0,48.28,39.02,33.33,60.0,0.5674560195441053,0.0348892156501881,0.984375,1.40625,0.04939893,0.5625,0.5625,0.84375,0.01504883953125,4.078125,CM/AM,38,16,29,9,29,84,39,100,100,36,89,79,79,84,79,45,100,100,73,77,70,64,100,50,46,7,20,16,46,82,36,57,52,100,21,91,70,71,59,23,11,4,25,14,16,11,4,11,79,14,100,100,25,79,54,50,46,61,29,100,93,54,57,39,54,89,50,46,7,20,16,46,82,36,57,52,100,11,71,39,57,46,11,4,4,11,Niké Liga
Spartak Trnava,e2eyddqxo12gs0dhbsb7l5pua,6caoi7byari78jdmr3q8cizxm,M. Laušić,Marin Lausic,25.0,Midfielder,Croatia,Midfielder,175.0,9.0,207.0,39.0,373.0,11.0,14.0,8.0,4.0,4.0,3.0,4.0,4.0,35.0,14.0,6.0,692.0,4.0,10.0,8.0,2.0,7.0,2.0,1.0,0.0,0.0,84.97,60.0,25.71,50.0,50.0,68.63,84.62,50.0,0.5592164449996662,1.510028137980277,3.0,24.0,0.57472598,11.0,48.0,53.0,1.65414979,235.0,22.760115606936417,1.1705202312138727,26.921965317919074,5.072254335260116,48.51156069364162,1.430635838150289,1.8208092485549128,1.0404624277456649,0.5202312138728323,0.5202312138728323,0.3901734104046243,0.5202312138728323,0.5202312138728323,4.552023121387284,1.8208092485549128,0.7803468208092486,0.5202312138728323,1.300578034682081,1.0404624277456649,0.2601156069364161,0.9104046242774566,0.2601156069364161,0.130057803468208,0.0,0.0,84.97,60.0,25.71,50.0,50.0,68.63,84.62,50.0,0.0727304624999565,0.196390942800903,0.3901734104046243,3.121387283236994,0.0747475985549133,1.430635838150289,6.242774566473988,6.893063583815029,0.2151350882947977,30.563583815028903,DM/CM,89,87,100,100,100,81,93,74,74,67,89,52,48,81,81,44,89,78,65,52,61,93,78,52,50,70,81,59,57,83,100,100,30,59,93,69,100,100,100,100,100,100,100,67,85,93,96,78,78,89,48,67,52,81,37,37,37,59,26,80,56,46,48,37,85,70,52,50,70,81,59,57,83,100,100,30,44,89,59,96,96,100,96,89,100,89,Niké Liga
Spartak Trnava,e2eyddqxo12gs0dhbsb7l5pua,94ur977ld30j48js3hk6x2cr8,L. Khorkheli,Luka Khorkheli,26.0,Midfielder,Georgia,Midfielder,47.0,0.0,91.0,1.0,138.0,9.0,15.0,14.0,10.0,4.0,4.0,17.0,18.0,31.0,4.0,4.0,558.0,5.0,32.0,6.0,8.0,5.0,1.0,1.0,0.0,0.0,78.86,50.0,0.0,47.06,35.71,48.44,45.0,62.5,1.879372026355734,1.1079774637054014,5.0,13.0,0.48788847,4.0,9.0,18.0,0.5456048699999999,67.0,7.580645161290322,0.0,14.67741935483871,0.1612903225806451,22.258064516129032,1.4516129032258065,2.419354838709677,2.258064516129032,1.6129032258064515,0.6451612903225806,0.6451612903225806,2.7419354838709675,2.903225806451613,5.0,0.6451612903225806,0.6451612903225806,0.8064516129032258,5.161290322580645,0.9677419354838708,1.2903225806451613,0.8064516129032258,0.1612903225806451,0.1612903225806451,0.0,0.0,78.86,50.0,0.0,47.06,35.71,48.44,45.0,62.5,0.3031245203799571,0.1787060425331292,0.8064516129032258,2.096774193548387,0.0786916887096774,0.6451612903225806,1.4516129032258065,2.903225806451613,0.0880007854838709,10.806451612903226,CM/AM,66,16,68,9,71,93,96,89,91,57,77,86,86,77,46,64,79,95,52,89,59,64,57,50,46,54,64,16,61,54,68,71,59,89,86,71,86,89,59,46,61,46,68,50,16,43,7,46,89,89,61,75,43,61,79,75,61,32,57,64,86,21,79,36,61,46,50,46,54,64,16,61,54,68,71,59,86,71,54,71,75,54,29,46,25,54,Niké Liga
Spartak Trnava,e2eyddqxo12gs0dhbsb7l5pua,9jc85n5rijfpr03nzevx9q1as,L. Mehmeti,Lorent Mehmeti,22.0,Midfielder,Sweden,Midfielder,18.0,2.0,43.0,6.0,59.0,0.0,4.0,7.0,3.0,4.0,2.0,6.0,9.0,11.0,4.0,2.0,255.0,1.0,13.0,3.0,3.0,5.0,1.0,0.0,0.0,0.0,76.62,85.71,50.0,50.0,14.29,36.67,0.0,100.0,0.5961064570156448,0.334472467828706,3.0,7.0,0.15768816,1.0,5.0,7.0,0.3148790999999999,24.0,6.352941176470588,0.7058823529411764,15.176470588235292,2.117647058823529,20.823529411764707,0.0,1.4117647058823528,2.4705882352941173,1.0588235294117647,1.4117647058823528,0.7058823529411764,2.117647058823529,3.176470588235294,3.882352941176471,1.4117647058823528,0.7058823529411764,0.3529411764705882,4.588235294117647,1.0588235294117647,1.0588235294117647,1.7647058823529411,0.3529411764705882,0.0,0.0,0.0,76.62,85.71,50.0,50.0,14.29,36.67,0.0,100.0,0.2103905142408158,0.1180491062924844,1.0588235294117647,2.4705882352941173,0.0556546447058823,0.3529411764705882,1.7647058823529411,2.4705882352941173,0.1111337999999999,8.470588235294118,RM/RCM,50,55,30,55,30,10,60,40,20,75,70,50,80,20,60,50,15,45,20,80,60,80,20,55,55,60,100,100,70,10,10,10,100,40,60,60,70,70,20,50,30,30,30,50,70,40,70,30,10,70,60,30,90,80,80,80,20,70,70,20,60,40,90,70,80,20,55,55,60,100,100,70,10,10,10,100,40,70,80,70,70,30,50,30,40,40,Niké Liga
Spartak Trnava,e2eyddqxo12gs0dhbsb7l5pua,bpa4041uf6rhu659hwa08o1lg,M. Ujlaky,Marek Ujlaky,22.0,Defender,Slovakia,Defender,230.0,0.0,128.0,28.0,358.0,12.0,0.0,3.0,2.0,1.0,0.0,2.0,2.0,45.0,36.0,6.0,625.0,0.0,6.0,11.0,2.0,16.0,0.0,0.0,0.0,0.0,89.72,60.87,0.0,100.0,0.0,65.22,44.44,80.0,0.3121037293888254,0.0,2.0,2.0,0.03932202,1.0,27.0,29.0,0.6627235199999997,249.0,33.12,0.0,18.432,4.032,51.552,1.728,0.0,0.432,0.288,0.144,0.0,0.288,0.288,6.48,5.184,0.864,0.0,0.864,1.584,0.288,2.304,0.0,0.0,0.0,0.0,89.72,60.87,0.0,100.0,0.0,65.22,44.44,80.0,0.0449429370319908,0.0,0.288,0.288,0.00566237088,0.144,3.888,4.176,0.0954321868799999,35.856,CB,82,32,89,80,86,66,9,39,36,59,23,55,55,96,75,61,20,41,93,66,98,39,41,46,52,86,89,32,84,20,93,36,64,43,16,77,54,54,54,80,75,57,93,64,32,82,75,79,46,9,21,25,50,23,50,50,89,54,43,20,29,93,57,100,39,41,46,52,86,89,32,84,20,93,36,64,32,16,71,43,43,46,75,61,54,89,Niké Liga
Spartak Trnava,e2eyddqxo12gs0dhbsb7l5pua,bq1i8z906frmxd7upktyfcgd1,K. Koštrna,Kristián Kostrna,32.0,Defender,Slovakia,Defender,109.0,8.0,134.0,17.0,235.0,3.0,13.0,5.0,2.0,3.0,3.0,5.0,5.0,27.0,19.0,11.0,596.0,0.0,12.0,9.0,4.0,7.0,2.0,0.0,0.0,0.0,82.46,45.95,25.0,80.0,0.0,52.94,37.5,63.64,0.2924359064075569,1.1905399968718435,3.0,19.0,0.44929038,15.0,27.0,43.0,1.5857569299999998,113.0,16.459731543624162,1.2080536912751678,20.23489932885906,2.567114093959732,35.486577181208055,0.4530201342281879,1.963087248322148,0.7550335570469799,0.3020134228187919,0.4530201342281879,0.4530201342281879,0.7550335570469799,0.7550335570469799,4.077181208053691,2.869127516778524,1.661073825503356,0.0,1.812080536912752,1.359060402684564,0.6040268456375839,1.0570469798657718,0.3020134228187919,0.0,0.0,0.0,82.46,45.95,25.0,80.0,0.0,52.94,37.5,63.64,0.044159784524631,0.1797795297289696,0.4530201342281879,2.869127516778524,0.0678458627516778,2.26510067114094,4.077181208053691,6.493288590604028,0.2394599390939597,17.063758389261746,CB,43,93,96,61,54,12,96,64,36,84,95,79,77,66,41,98,20,93,86,88,75,98,41,46,52,39,50,70,64,20,36,25,43,36,93,89,100,100,100,80,96,100,46,32,89,93,46,54,4,93,54,32,86,89,75,75,46,25,89,20,89,82,82,54,100,41,46,52,39,50,70,64,20,36,25,43,29,89,86,100,100,100,82,96,100,29,Niké Liga
Spartak Trnava,e2eyddqxo12gs0dhbsb7l5pua,d9hdipnzq4k4cgojv6akpcyxh,E. Sabo,Erik Sabo,34.0,Midfielder,Slovakia,Midfielder,198.0,1.0,141.0,31.0,338.0,6.0,6.0,9.0,6.0,3.0,2.0,3.0,3.0,30.0,22.0,5.0,581.0,3.0,10.0,12.0,3.0,4.0,1.0,2.0,0.0,0.0,86.67,50.82,12.5,100.0,33.33,62.5,50.0,44.44,0.6095245140810192,0.4706442717958483,2.0,5.0,0.09358492,0.0,39.0,46.0,0.7737154500000001,212.0,30.671256454388985,0.1549053356282272,21.841652323580035,4.802065404475043,52.35800344234079,0.9294320137693632,0.9294320137693632,1.3941480206540446,0.9294320137693632,0.4647160068846815,0.3098106712564544,0.4647160068846815,0.4647160068846815,4.647160068846816,3.4079173838209984,0.774526678141136,0.4647160068846815,1.549053356282272,1.8588640275387265,0.4647160068846815,0.6196213425129088,0.1549053356282272,0.3098106712564544,0.0,0.0,86.67,50.82,12.5,100.0,33.33,62.5,50.0,44.44,0.0944185994273523,0.0729053088840384,0.3098106712564544,0.774526678141136,0.0144968034423407,0.0,6.041308089500861,7.1256454388984505,0.1198526514629948,32.83993115318417,DM/CM,100,48,85,96,93,70,63,85,89,56,76,35,33,69,93,30,74,78,83,67,24,78,96,52,50,78,59,44,96,57,81,50,17,67,63,56,56,44,15,93,96,70,96,89,44,74,89,85,59,52,74,85,44,67,22,22,48,89,22,70,74,81,63,19,70,93,52,50,78,59,44,96,57,81,50,17,63,48,44,52,37,15,89,96,52,96,Niké Liga
Spartak Trnava,e2eyddqxo12gs0dhbsb7l5pua,yft0jty4ozq3sinbp3zvizt,Juanmi Carrión,Juanmi Carrion,29.0,Defender,Spain,Defender,81.0,9.0,96.0,13.0,168.0,4.0,11.0,2.0,1.0,1.0,0.0,10.0,10.0,17.0,12.0,5.0,409.0,1.0,3.0,1.0,5.0,6.0,0.0,1.0,0.0,0.0,80.77,41.94,24.32,50.0,50.0,50.0,50.0,85.71,0.0829730968236391,1.2530075873933275,1.0,11.0,0.31536757,7.0,16.0,21.0,1.2630277999999997,80.0,17.8239608801956,1.9804400977995111,21.12469437652812,2.860635696821516,36.96821515892421,0.880195599022005,2.4205378973105134,0.4400977995110025,0.2200488997555012,0.2200488997555012,0.0,2.2004889975550124,2.2004889975550124,3.740831295843521,2.640586797066015,1.1002444987775062,0.2200488997555012,0.6601466992665037,0.2200488997555012,1.1002444987775062,1.3202933985330074,0.0,0.2200488997555012,0.0,0.0,80.77,41.94,24.32,50.0,50.0,50.0,50.0,85.71,0.0182581386653484,0.2757229409911967,0.2200488997555012,2.4205378973105134,0.069396286797066,1.5403422982885089,3.52078239608802,4.621026894865526,0.2779278777506112,17.6039119804401,LB/LCB,57,82,64,79,50,36,79,29,21,57,18,79,79,36,57,36,50,21,25,89,54,39,82,46,54,64,64,57,64,82,46,39,93,29,86,57,79,86,82,57,57,71,50,57,93,86,86,79,36,100,29,14,79,18,93,93,36,57,50,57,29,21,93,71,39,93,46,54,64,64,57,64,82,46,39,93,21,100,57,86,86,86,71,86,93,64,Niké Liga
Podbrezová,htdr7aa5cwjma1fy1nob7sb7,39nfi2znhxob6953oqb579isq,R. Lampreht,Rene Lampreht,24.0,Defender,Slovenia,Defender,139.0,1.0,192.0,25.0,330.0,15.0,10.0,6.0,4.0,2.0,2.0,4.0,5.0,39.0,31.0,8.0,720.0,0.0,10.0,4.0,2.0,12.0,3.0,0.0,0.0,0.0,79.71,43.1,25.0,50.0,0.0,55.71,60.0,66.67,0.6853255999280008,0.7599506042100301,1.0,6.0,0.21809491,8.0,49.0,59.0,1.3507485000000008,206.0,17.375,0.125,24.0,3.125,41.25,1.875,1.25,0.75,0.5,0.25,0.25,0.5,0.625,4.875,3.875,1.0,0.0,1.25,0.5,0.25,1.5,0.375,0.0,0.0,0.0,79.71,43.1,25.0,50.0,0.0,55.71,60.0,66.67,0.0856656999910001,0.0949938255262537,0.125,0.75,0.02726186375,1.0,6.125,7.375,0.1688435625000001,25.75,RB/RCB,88,44,100,100,100,94,100,81,88,78,88,47,47,88,88,69,34,81,44,56,84,94,44,44,53,62,56,59,72,34,75,66,53,88,94,44,75,75,100,100,100,100,100,69,25,94,81,88,88,88,69,81,59,78,31,38,69,81,56,34,75,31,34,62,88,44,44,53,62,56,59,72,34,75,66,53,75,88,25,69,69,88,94,94,81,100,Niké Liga
Podbrezová,htdr7aa5cwjma1fy1nob7sb7,5vjwd4k2n8vpnb84g2wi15nu1,J. Krivák,Ján Krivák,32.0,Defender,Slovakia,Defender,75.0,0.0,24.0,7.0,99.0,3.0,1.0,0.0,0.0,0.0,0.0,1.0,1.0,9.0,19.0,3.0,335.0,0.0,0.0,4.0,0.0,2.0,0.0,0.0,0.0,0.0,86.09,70.0,0.0,0.0,0.0,34.62,27.27,100.0,0.0,0.1048638327519724,0.0,1.0,0.01689528,0.0,4.0,7.0,0.1257679199999999,58.0,20.149253731343283,0.0,6.447761194029851,1.880597014925373,26.59701492537313,0.8059701492537313,0.2686567164179104,0.0,0.0,0.0,0.0,0.2686567164179104,0.2686567164179104,2.417910447761194,5.104477611940299,0.8059701492537313,0.0,0.0,1.0746268656716418,0.0,0.5373134328358209,0.0,0.0,0.0,0.0,86.09,70.0,0.0,0.0,0.0,34.62,27.27,100.0,0.0,0.0281723729781418,0.0,0.2686567164179104,0.0045390304477611,0.0,1.0746268656716418,1.880597014925373,0.0337883964179104,15.582089552238806,CB,25,32,5,14,14,12,32,4,12,23,23,34,34,5,41,20,20,7,61,16,11,39,41,46,52,68,96,32,16,20,4,7,91,4,46,27,27,20,23,16,20,11,18,46,32,4,18,18,25,39,4,12,23,23,46,46,4,50,39,20,7,79,16,14,39,41,46,52,68,96,32,16,20,4,7,91,4,50,27,36,32,23,11,21,7,21,Niké Liga
Podbrezová,htdr7aa5cwjma1fy1nob7sb7,6l5nyyhk1f31h85a0lsyb74lw,Š. Faško,Šimon Faško,20.0,Midfielder,Slovakia,Midfielder,38.0,0.0,51.0,3.0,89.0,1.0,4.0,5.0,2.0,3.0,1.0,0.0,0.0,5.0,1.0,3.0,218.0,4.0,6.0,2.0,0.0,2.0,0.0,1.0,0.0,0.0,84.76,50.0,0.0,0.0,80.0,41.67,33.33,100.0,0.3648194468819999,0.2366481287145305,4.0,8.0,0.19570421,3.0,16.0,16.0,0.30971917,50.0,15.688073394495412,0.0,21.055045871559635,1.2385321100917432,36.74311926605505,0.4128440366972477,1.651376146788991,2.064220183486239,0.8256880733944955,1.2385321100917432,0.4128440366972477,0.0,0.0,2.064220183486239,0.4128440366972477,1.2385321100917432,1.651376146788991,2.4770642201834865,0.8256880733944955,0.0,0.8256880733944955,0.0,0.4128440366972477,0.0,0.0,84.76,50.0,0.0,0.0,80.0,41.67,33.33,100.0,0.150613533116422,0.0976987687353566,1.651376146788991,3.302752293577982,0.0807953160550458,1.2385321100917432,6.605504587155964,6.605504587155964,0.1278657123853211,20.642201834862387,DM/CM,4,22,11,15,11,9,54,43,46,56,46,6,6,4,4,17,89,54,9,7,7,35,78,52,50,63,56,22,7,100,4,24,96,37,33,80,76,74,65,37,33,22,19,48,22,70,26,56,15,85,93,81,93,85,6,6,4,4,48,100,93,26,7,30,35,100,52,50,63,56,22,7,100,4,24,96,81,63,96,100,100,93,100,85,56,63,Niké Liga
Podbrezová,htdr7aa5cwjma1fy1nob7sb7,7zp84rnke5blo9z4rkug0m5ed,M. Chrien,Martin Chrien,31.0,Midfielder,Slovakia,Midfielder,40.0,2.0,98.0,2.0,136.0,17.0,9.0,8.0,8.0,0.0,3.0,6.0,7.0,27.0,6.0,6.0,519.0,3.0,28.0,2.0,4.0,1.0,0.0,2.0,0.0,0.0,75.98,33.33,40.0,66.67,37.5,44.26,56.67,25.0,0.9358316159008718,0.903002440280466,1.0,12.0,0.37021917,7.0,13.0,15.0,0.7671021100000001,68.0,6.936416184971098,0.3468208092485549,16.99421965317919,0.3468208092485549,23.583815028901736,2.947976878612717,1.560693641618497,1.3872832369942196,1.3872832369942196,0.0,0.5202312138728323,1.0404624277456649,1.213872832369942,4.682080924855492,1.0404624277456649,1.0404624277456649,0.5202312138728323,4.855491329479769,0.3468208092485549,0.6936416184971098,0.1734104046242774,0.0,0.3468208092485549,0.0,0.0,75.98,33.33,40.0,66.67,37.5,44.26,56.67,25.0,0.1622829391735616,0.1565900185457455,0.1734104046242774,2.0809248554913293,0.0641998560693641,1.213872832369942,2.254335260115607,2.601156069364162,0.133023487283237,11.791907514450868,CM/AM,57,55,75,34,68,100,73,50,80,9,66,23,27,68,66,77,50,89,4,55,14,25,80,50,46,43,41,89,96,66,50,86,7,57,71,21,77,75,95,57,54,61,71,39,54,50,14,50,100,61,29,61,9,54,11,14,54,57,79,36,79,4,43,11,25,68,50,46,43,41,89,96,66,50,86,7,39,61,14,68,68,82,57,29,54,61,Niké Liga
Podbrezová,htdr7aa5cwjma1fy1nob7sb7,815rnisvgb7c9r69ndnwowzys,B. Mrvaljević,Balsa Mrvaljevic,21.0,Attacker,Montenegro,Striker,6.0,0.0,24.0,0.0,30.0,4.0,2.0,14.0,13.0,1.0,5.0,6.0,7.0,9.0,0.0,0.0,282.0,6.0,25.0,1.0,2.0,1.0,0.0,1.0,0.0,0.0,66.67,0.0,0.0,33.33,42.86,31.03,36.36,50.0,1.7635496071562269,0.1724766666300972,2.0,2.0,0.28698634,0.0,1.0,0.0,0.03372107,7.0,1.9148936170212767,0.0,7.659574468085107,0.0,9.574468085106384,1.2765957446808511,0.6382978723404256,4.468085106382979,4.148936170212766,0.3191489361702128,1.5957446808510638,1.9148936170212767,2.2340425531914896,2.872340425531915,0.0,0.0,1.9148936170212767,7.978723404255319,0.3191489361702128,0.6382978723404256,0.3191489361702128,0.0,0.3191489361702128,0.0,0.0,66.67,0.0,0.0,33.33,42.86,31.03,36.36,50.0,0.5628349810073064,0.0550457446691799,0.6382978723404256,0.6382978723404256,0.0915913851063829,0.0,0.3191489361702128,0.0,0.0107620436170212,2.2340425531914896,ST,5,20,11,11,11,43,11,73,82,30,89,30,41,11,7,16,73,71,11,36,29,30,34,52,52,25,11,20,38,54,7,46,36,79,11,52,18,86,11,7,4,7,11,7,20,21,11,14,50,14,96,96,39,93,46,54,11,7,16,93,96,11,39,32,30,57,52,52,25,11,20,38,54,7,46,36,89,18,61,21,89,11,4,4,7,14,Niké Liga
Podbrezová,htdr7aa5cwjma1fy1nob7sb7,8wny8hakn0dgh86k3gaxdorje,P. Kováčik,Peter Kovácik,24.0,Midfielder,Slovakia,Midfielder,51.0,17.0,135.0,10.0,169.0,3.0,24.0,18.0,12.0,6.0,7.0,6.0,6.0,25.0,10.0,4.0,556.0,6.0,33.0,12.0,3.0,4.0,1.0,3.0,0.0,0.0,77.88,76.92,34.0,50.0,33.33,69.44,50.0,57.14,1.833844581769636,2.568657063998477,9.0,24.0,0.73573754,2.0,11.0,27.0,1.5604295499999992,77.0,8.255395683453237,2.751798561151079,21.85251798561151,1.618705035971223,27.356115107913663,0.4856115107913669,3.884892086330935,2.913669064748201,1.9424460431654675,0.9712230215827338,1.1330935251798562,0.9712230215827338,0.9712230215827338,4.046762589928058,1.618705035971223,0.6474820143884892,0.9712230215827338,5.341726618705036,1.9424460431654675,0.4856115107913669,0.6474820143884892,0.1618705035971223,0.4856115107913669,0.0,0.0,77.88,76.92,34.0,50.0,33.33,69.44,50.0,57.14,0.2968453459699051,0.4157898125177391,1.4568345323741008,3.884892086330935,0.1190942061151079,0.3237410071942446,1.7805755395683454,4.370503597122302,0.2525875170863308,12.464028776978417,RM/RCM,80,100,100,70,100,45,100,100,100,95,100,50,45,70,80,75,90,100,85,80,30,80,95,55,55,70,90,70,70,70,100,55,35,100,100,100,100,100,45,70,80,100,90,70,100,80,60,90,30,100,80,70,70,100,30,30,30,80,60,70,90,80,50,20,60,80,55,55,70,90,70,70,70,100,55,35,70,100,90,100,90,20,60,80,90,80,Niké Liga
Podbrezová,htdr7aa5cwjma1fy1nob7sb7,9r4kbfepg1z7ja7utufy2385w,M. Khiminets,Maksym Khiminets,20.0,Midfielder,Ukraine,Midfielder,24.0,4.0,44.0,2.0,64.0,0.0,6.0,5.0,1.0,4.0,2.0,7.0,7.0,15.0,6.0,0.0,271.0,2.0,7.0,9.0,2.0,4.0,0.0,1.0,0.0,0.0,72.73,16.67,19.05,28.57,40.0,45.45,0.0,100.0,0.4070038797288018,0.7025606398297256,4.0,5.0,0.1185266,1.0,6.0,8.0,0.5226818600000002,30.0,7.970479704797048,1.328413284132841,14.612546125461256,0.6642066420664207,21.25461254612546,0.0,1.992619926199262,1.6605166051660516,0.3321033210332103,1.328413284132841,0.6642066420664207,2.3247232472324724,2.3247232472324724,4.981549815498156,1.992619926199262,0.0,0.6642066420664207,2.3247232472324724,2.988929889298893,0.6642066420664207,1.328413284132841,0.0,0.3321033210332103,0.0,0.0,72.73,16.67,19.05,28.57,40.0,45.45,0.0,100.0,0.1351673401313363,0.233322721714669,1.328413284132841,1.6605166051660516,0.0393630774907749,0.3321033210332103,1.992619926199262,2.656826568265682,0.1735843815498155,9.963099630996313,CM/AM,29,73,18,34,14,11,50,25,12,57,50,38,27,27,66,11,36,27,73,23,50,25,57,50,46,29,4,57,18,75,61,12,91,29,57,59,25,25,14,39,29,43,29,61,86,39,46,43,11,75,32,18,75,64,64,64,57,93,11,46,32,96,36,68,25,64,50,46,29,4,57,18,75,61,12,91,32,93,82,54,39,25,46,32,71,39,Niké Liga
Podbrezová,htdr7aa5cwjma1fy1nob7sb7,bist0b8gg6qi30rdd8qx423h0,O. Deml,Ondrej Deml,21.0,Midfielder,Czechia,Midfielder,44.0,15.0,138.0,8.0,167.0,7.0,13.0,19.0,5.0,14.0,9.0,23.0,25.0,47.0,10.0,5.0,711.0,6.0,19.0,8.0,12.0,12.0,0.0,0.0,0.0,0.0,74.89,36.36,37.5,52.17,31.58,46.08,41.18,60.0,1.4169762796635232,1.4031495797367284,11.0,24.0,0.8030762199999999,9.0,22.0,41.0,1.5944415499999995,89.0,5.5696202531645564,1.8987341772151896,17.468354430379748,1.0126582278481011,21.13924050632912,0.8860759493670886,1.6455696202531644,2.4050632911392404,0.6329113924050632,1.7721518987341771,1.1392405063291138,2.911392405063291,3.1645569620253164,5.949367088607595,1.2658227848101264,0.6329113924050632,0.7594936708860759,2.4050632911392404,1.0126582278481011,1.5189873417721518,1.5189873417721518,0.0,0.0,0.0,0.0,74.89,36.36,37.5,52.17,31.58,46.08,41.18,60.0,0.1793640860333573,0.1776138708527504,1.3924050632911391,3.037974683544304,0.1016552177215189,1.1392405063291138,2.7848101265822782,5.189873417721519,0.2018280443037974,11.265822784810126,CM/AM,61,100,93,84,89,84,91,93,59,100,98,96,96,96,93,70,88,71,62,96,96,25,21,50,46,39,46,86,71,43,64,64,52,86,96,100,100,96,100,88,96,96,93,18,96,57,71,39,71,64,71,29,93,89,82,79,79,68,54,57,39,29,89,79,25,21,50,46,39,46,86,71,43,64,64,52,50,68,89,89,93,75,75,82,75,57,Niké Liga
Podbrezová,htdr7aa5cwjma1fy1nob7sb7,bqxwqho31gkp20ghh33956x3o,J. Luka,Jakub Luka,23.0,Defender,Slovakia,Defender,252.0,1.0,155.0,31.0,406.0,10.0,2.0,4.0,4.0,0.0,2.0,2.0,2.0,24.0,24.0,6.0,690.0,0.0,7.0,2.0,1.0,9.0,0.0,0.0,0.0,0.0,86.57,53.45,33.33,50.0,0.0,47.06,55.56,81.82,0.4455700813076158,0.114022444176927,0.0,1.0,0.02756312,2.0,28.0,33.0,0.7636046599999995,285.0,32.869565217391305,0.1304347826086956,20.217391304347824,4.043478260869565,52.95652173913043,1.3043478260869563,0.2608695652173913,0.5217391304347826,0.5217391304347826,0.0,0.2608695652173913,0.2608695652173913,0.2608695652173913,3.130434782608696,3.130434782608696,0.7826086956521738,0.0,0.9130434782608696,0.2608695652173913,0.1304347826086956,1.1739130434782608,0.0,0.0,0.0,0.0,86.57,53.45,33.33,50.0,0.0,47.06,55.56,81.82,0.0581178366922977,0.0148724927187296,0.0,0.1304347826086956,0.0035951895652173,0.2608695652173913,3.652173913043478,4.304347826086956,0.0996006078260868,37.17391304347826,CB,93,71,100,91,96,50,55,55,66,23,77,55,55,55,50,61,20,61,38,46,86,39,41,46,52,75,71,84,50,20,14,50,68,57,50,27,27,39,70,88,86,79,100,61,64,89,79,82,36,36,36,45,23,66,43,43,21,32,32,20,36,25,32,61,39,41,46,52,75,71,84,50,20,14,50,68,46,32,27,11,21,61,71,64,61,96,Niké Liga
Podbrezová,htdr7aa5cwjma1fy1nob7sb7,bs25e89htou4kucgz3c9thej9,R. Paraj,René Paraj,34.0,Midfielder,Slovakia,Midfielder,59.0,3.0,125.0,13.0,181.0,6.0,8.0,7.0,6.0,1.0,3.0,2.0,2.0,39.0,16.0,7.0,542.0,2.0,10.0,16.0,1.0,10.0,1.0,0.0,0.0,0.0,80.09,56.52,60.0,50.0,28.57,49.37,50.0,58.82,0.7793758352915957,0.6567027843972986,1.0,13.0,0.31118047,4.0,32.0,45.0,0.94581161,107.0,9.797047970479705,0.4981549815498155,20.756457564575648,2.158671586715867,30.055350553505537,0.996309963099631,1.328413284132841,1.1623616236162362,0.996309963099631,0.1660516605166051,0.4981549815498155,0.3321033210332103,0.3321033210332103,6.476014760147602,2.656826568265682,1.1623616236162362,0.3321033210332103,1.6605166051660516,2.656826568265682,0.1660516605166051,1.6605166051660516,0.1660516605166051,0.0,0.0,0.0,80.09,56.52,60.0,50.0,28.57,49.37,50.0,58.82,0.1294166516166856,0.1090465878150495,0.1660516605166051,2.158671586715867,0.0516720337638376,0.6642066420664207,5.313653136531365,7.472324723247232,0.1570535883763837,17.767527675276753,DM/CM,28,70,70,54,54,70,74,61,89,26,89,19,19,91,85,63,56,78,96,30,89,78,33,52,50,33,70,96,57,44,22,50,56,81,70,33,89,89,76,81,93,78,57,11,70,63,56,41,70,67,59,89,15,93,15,15,89,74,41,48,78,96,30,78,74,33,52,50,33,70,96,57,44,22,50,56,74,70,26,85,89,67,74,100,74,44,Niké Liga
Podbrezová,htdr7aa5cwjma1fy1nob7sb7,c48bc2einekwfyew18c0zqf6y,K. Miljanič,Karlo Miljanic,24.0,Attacker,Croatia,Striker,7.0,1.0,25.0,0.0,31.0,6.0,7.0,12.0,7.0,5.0,2.0,10.0,11.0,13.0,1.0,3.0,349.0,3.0,24.0,1.0,4.0,1.0,2.0,0.0,0.0,0.0,67.39,0.0,100.0,40.0,25.0,37.14,33.33,50.0,2.8724012849422342,0.5802132152698862,4.0,3.0,0.11116234,0.0,3.0,2.0,0.5577418,10.0,1.805157593123209,0.2578796561604584,6.446991404011461,0.0,7.994269340974212,1.5472779369627507,1.805157593123209,3.094555873925501,1.805157593123209,1.2893982808022924,0.5157593123209169,2.5787965616045847,2.836676217765043,3.35243553008596,0.2578796561604584,0.7736389684813754,0.7736389684813754,6.189111747851003,0.2578796561604584,1.0315186246418335,0.2578796561604584,0.5157593123209169,0.0,0.0,0.0,67.39,0.0,100.0,40.0,25.0,37.14,33.33,50.0,0.7407338557157624,0.1496251844535523,1.0315186246418335,0.7736389684813754,0.0286665060171919,0.0,0.7736389684813754,0.5157593123209169,0.1438302636103151,2.5787965616045847,ST,12,52,14,11,14,57,73,62,41,93,62,64,71,25,21,84,32,66,11,57,29,91,11,52,52,29,11,95,46,18,29,32,36,96,71,79,27,25,11,20,16,79,18,4,64,11,11,7,57,79,75,54,96,71,75,79,29,25,89,46,86,7,61,25,93,11,52,52,29,11,95,46,18,29,32,36,100,82,82,32,36,11,18,18,82,18,Niké Liga
Podbrezová,htdr7aa5cwjma1fy1nob7sb7,dyne11pf74cddy5qm9q0cbqc4,V. Chyla,Vincent Chyla,22.0,Midfielder,Slovakia,Midfielder,97.0,2.0,109.0,9.0,204.0,13.0,10.0,11.0,5.0,6.0,2.0,4.0,5.0,42.0,13.0,9.0,651.0,5.0,13.0,12.0,1.0,9.0,2.0,0.0,0.0,0.0,76.98,42.86,40.0,25.0,45.45,62.69,72.22,56.25,0.8156195162384456,0.9952319957775142,7.0,9.0,0.23960983,3.0,20.0,20.0,0.9977907099999996,91.0,13.410138248847929,0.2764976958525346,15.069124423963132,1.2442396313364057,28.202764976958527,1.7972350230414746,1.3824884792626728,1.5207373271889402,0.6912442396313364,0.8294930875576036,0.2764976958525346,0.5529953917050692,0.6912442396313364,5.806451612903226,1.7972350230414746,1.2442396313364057,0.6912442396313364,1.7972350230414746,1.6589861751152073,0.1382488479262673,1.2442396313364057,0.2764976958525346,0.0,0.0,0.0,76.98,42.86,40.0,25.0,45.45,62.69,72.22,56.25,0.1127584584661445,0.137589676835601,0.967741935483871,1.2442396313364057,0.0331257829493087,0.4147465437788018,2.7649769585253456,2.7649769585253456,0.1379434161290322,12.580645161290322,DM/CM,59,61,63,39,61,93,85,96,81,83,76,52,65,96,78,87,96,89,83,30,81,93,33,52,50,19,39,76,20,70,85,85,52,85,85,96,81,81,65,54,52,81,48,37,56,33,30,26,85,78,85,70,67,59,44,52,74,56,52,89,81,74,22,56,89,33,52,50,19,39,76,20,70,85,85,52,70,78,93,67,63,52,30,30,63,26,Niké Liga
Podbrezová,htdr7aa5cwjma1fy1nob7sb7,ehue5yrq2d0gldd87w47z6y21,L. Silagadze,Luka Silagadze,27.0,Midfielder,Georgia,Midfielder,26.0,10.0,66.0,2.0,82.0,1.0,9.0,7.0,4.0,3.0,2.0,6.0,6.0,10.0,4.0,0.0,243.0,1.0,7.0,3.0,4.0,1.0,0.0,0.0,0.0,0.0,84.54,33.33,41.67,66.67,14.29,45.45,25.0,50.0,0.4607319344891708,1.0533398592411949,4.0,10.0,0.23912138,5.0,8.0,11.0,0.3945775299999999,34.0,9.62962962962963,3.7037037037037033,24.444444444444443,0.7407407407407407,30.370370370370367,0.3703703703703703,3.333333333333333,2.592592592592593,1.4814814814814814,1.111111111111111,0.7407407407407407,2.222222222222222,2.222222222222222,3.7037037037037033,1.4814814814814814,0.0,0.3703703703703703,2.592592592592593,1.111111111111111,1.4814814814814814,0.3703703703703703,0.0,0.0,0.0,0.0,84.54,33.33,41.67,66.67,14.29,45.45,25.0,50.0,0.1706414572182114,0.3901258737930351,1.4814814814814814,3.7037037037037033,0.088563474074074,1.851851851851852,2.962962962962963,4.0740740740740735,0.1461398259259259,12.592592592592592,LM/LCM,67,100,33,100,33,33,33,33,33,50,33,33,33,33,100,33,33,33,33,33,33,33,33,67,67,100,83,100,100,33,100,100,50,33,33,33,33,33,33,67,67,33,33,100,100,100,100,100,67,100,67,67,67,67,33,33,33,100,33,33,33,33,33,33,33,33,67,67,100,83,100,100,33,100,100,50,67,100,67,67,33,100,100,100,67,100,Niké Liga
Komárno,a5t4sy4a6qkknlm03h6e2jq39,175c3vqpypkfz0of6hf2kdtxx,Š. Šmehyl,Šimon Šmehyl,32.0,Defender,Slovakia,Defender,57.0,20.0,111.0,15.0,148.0,5.0,16.0,7.0,5.0,2.0,2.0,4.0,4.0,16.0,15.0,5.0,568.0,3.0,9.0,4.0,4.0,3.0,0.0,0.0,0.0,0.0,73.63,39.47,42.55,100.0,42.86,55.17,62.5,75.0,0.5065325908421013,2.116083735937054,1.0,5.0,0.13857421,5.0,17.0,28.0,1.17857084,67.0,9.03169014084507,3.1690140845070425,17.588028169014084,2.376760563380282,23.450704225352112,0.7922535211267606,2.535211267605634,1.1091549295774648,0.7922535211267606,0.3169014084507042,0.3169014084507042,0.6338028169014085,0.6338028169014085,2.535211267605634,2.376760563380282,0.7922535211267606,0.4753521126760563,1.426056338028169,0.6338028169014085,0.6338028169014085,0.4753521126760563,0.0,0.0,0.0,0.0,73.63,39.47,42.55,100.0,42.86,55.17,62.5,75.0,0.0802604457320231,0.3352949581590402,0.1584507042253521,0.7922535211267606,0.0219571811619718,0.7922535211267606,2.693661971830986,4.436619718309859,0.1867453795774648,10.616197183098592,CB,18,100,75,57,29,29,100,82,80,75,77,71,71,27,29,45,93,86,61,88,23,39,41,46,52,11,18,89,84,80,46,61,59,61,100,61,77,82,95,50,68,93,21,7,100,79,32,11,18,96,82,71,68,75,68,68,7,18,36,86,75,54,86,7,39,41,46,52,11,18,89,84,80,46,61,59,57,100,57,71,82,89,46,68,93,7,Niké Liga
Komárno,a5t4sy4a6qkknlm03h6e2jq39,43ssius9znhjpkfvc93go6wa1,A. Krčík,Adam Krčík,30.0,Defender,Slovakia,Defender,92.0,3.0,110.0,16.0,199.0,6.0,3.0,4.0,3.0,1.0,0.0,10.0,10.0,29.0,11.0,4.0,605.0,2.0,8.0,8.0,4.0,7.0,1.0,0.0,0.0,0.0,79.28,43.24,18.75,40.0,50.0,51.79,60.0,58.33,0.3048484213075367,0.3720021558502629,1.0,5.0,0.14022166,0.0,19.0,25.0,1.04802966,83.0,13.68595041322314,0.4462809917355372,16.363636363636363,2.3801652892561984,29.60330578512397,0.8925619834710744,0.4462809917355372,0.5950413223140496,0.4462809917355372,0.1487603305785124,0.0,1.487603305785124,1.487603305785124,4.31404958677686,1.6363636363636362,0.5950413223140496,0.2975206611570248,1.1900826446280992,1.1900826446280992,0.5950413223140496,1.0413223140495869,0.1487603305785124,0.0,0.0,0.0,79.28,43.24,18.75,40.0,50.0,51.79,60.0,58.33,0.0453493519300467,0.0553391636802044,0.1487603305785124,0.743801652892562,0.0208594204958677,0.0,2.8264462809917354,3.71900826446281,0.1559052386776859,12.347107438016527,RB/RCB,69,81,81,72,75,44,50,72,75,44,19,81,81,66,28,38,84,66,94,75,44,62,44,44,53,56,62,44,56,100,50,66,28,56,62,44,59,69,16,59,62,75,44,50,75,69,56,50,19,44,62,69,44,19,75,75,50,12,25,81,69,75,75,31,62,44,44,53,56,62,44,56,100,50,66,28,50,50,44,56,56,16,44,50,69,38,Niké Liga
Komárno,a5t4sy4a6qkknlm03h6e2jq39,47b72vxpquq1a5sbncfp2c72t,R. Pillár,Róbert Pillár,35.0,Defender,Slovakia,Defender,274.0,0.0,91.0,31.0,365.0,23.0,1.0,6.0,6.0,0.0,1.0,0.0,0.0,32.0,43.0,7.0,677.0,2.0,7.0,1.0,0.0,6.0,0.0,0.0,0.0,0.0,87.11,46.97,0.0,0.0,33.33,59.26,58.97,75.0,0.7508380539955144,0.0,0.0,1.0,0.01484598,0.0,23.0,29.0,0.6647948799999999,238.0,36.42540620384048,0.0,12.097488921713442,4.121122599704579,48.52289512555392,3.057607090103397,0.1329394387001477,0.7976366322008863,0.7976366322008863,0.0,0.1329394387001477,0.0,0.0,4.254062038404727,5.716395864106351,0.930576070901034,0.2658788774002954,0.930576070901034,0.1329394387001477,0.0,0.7976366322008863,0.0,0.0,0.0,0.0,87.11,46.97,0.0,0.0,33.33,59.26,58.97,75.0,0.0998159894528748,0.0,0.0,0.1329394387001477,0.0019736162481536,0.0,3.057607090103397,3.855243722304284,0.088377458197932,31.63958641063516,CB,96,32,61,91,89,96,32,73,91,23,55,11,11,77,89,77,77,61,20,16,68,39,41,46,52,79,54,32,16,57,54,54,59,86,16,27,27,11,23,73,75,61,89,75,32,36,82,68,93,18,57,75,23,46,11,11,54,64,57,57,39,14,16,39,39,41,46,52,79,54,32,16,57,54,54,59,71,16,27,14,11,23,64,54,46,79,Niké Liga
Komárno,a5t4sy4a6qkknlm03h6e2jq39,497cva6ygshr07y7n2y4v1p79,M. Šimko,Martin Šimko,28.0,Defender,Slovakia,Defender,152.0,0.0,41.0,10.0,193.0,12.0,1.0,4.0,4.0,0.0,0.0,0.0,0.0,16.0,32.0,1.0,360.0,2.0,6.0,2.0,0.0,2.0,0.0,0.0,0.0,0.0,87.73,47.62,0.0,0.0,50.0,50.0,54.55,100.0,0.6060165990032699,0.0,0.0,2.0,0.03932202,0.0,7.0,13.0,0.4288124799999999,118.0,38.0,0.0,10.25,2.5,48.25,3.0,0.25,1.0,1.0,0.0,0.0,0.0,0.0,4.0,8.0,0.25,0.5,1.5,0.5,0.0,0.5,0.0,0.0,0.0,0.0,87.73,47.62,0.0,0.0,50.0,50.0,54.55,100.0,0.1515041497508174,0.0,0.0,0.5,0.009830505,0.0,1.75,3.25,0.1072031199999999,29.5,CB,57,32,21,27,43,66,32,55,66,23,23,11,11,27,61,7,77,41,38,16,11,39,41,46,52,82,57,32,16,86,23,46,91,64,16,27,54,54,23,27,36,39,54,86,32,18,39,64,88,29,70,86,23,23,11,11,43,96,4,89,79,39,16,11,39,41,46,52,82,57,32,16,86,23,46,91,89,16,27,57,54,23,32,43,64,68,Niké Liga
Komárno,a5t4sy4a6qkknlm03h6e2jq39,4qlhmu8vkocylqg9f8lkklc5x,J. Sylvestr,Jakub Sylvestr,37.0,Attacker,Slovakia,Striker,31.0,1.0,67.0,4.0,97.0,6.0,4.0,15.0,14.0,1.0,0.0,7.0,7.0,15.0,6.0,0.0,496.0,6.0,30.0,4.0,1.0,3.0,1.0,1.0,0.0,0.0,80.83,80.0,100.0,14.29,40.0,31.91,28.57,75.0,2.6474508033121613,0.3780081851119332,0.0,4.0,0.10295066,3.0,9.0,11.0,0.3552600099999999,34.0,5.625,0.1814516129032258,12.15725806451613,0.7258064516129032,17.600806451612904,1.0887096774193548,0.7258064516129032,2.721774193548387,2.540322580645161,0.1814516129032258,0.0,1.2701612903225807,1.2701612903225807,2.721774193548387,1.0887096774193548,0.0,1.0887096774193548,5.443548387096774,0.7258064516129032,0.1814516129032258,0.5443548387096774,0.1814516129032258,0.1814516129032258,0.0,0.0,80.83,80.0,100.0,14.29,40.0,31.91,28.57,75.0,0.4803842183429325,0.0685901948791814,0.0,0.7258064516129032,0.0186805633064516,0.5443548387096774,1.6330645161290325,1.995967741935484,0.0644625018145161,6.169354838709677,ST,73,52,89,82,82,57,39,84,91,30,14,43,41,36,89,16,73,88,38,23,57,73,34,52,52,82,84,95,18,46,11,16,82,93,50,9,32,21,71,75,71,61,68,57,50,71,75,64,43,25,64,71,21,14,32,32,7,82,16,57,61,29,21,54,71,29,52,52,82,84,95,18,46,11,16,82,82,32,9,29,18,71,68,57,43,68,Niké Liga
Komárno,a5t4sy4a6qkknlm03h6e2jq39,50tfyk5k7qkm1kwv9rrneriwa,J. Bernát,Ján Bernát,25.0,Attacker,Slovakia,Striker,76.0,12.0,126.0,9.0,190.0,3.0,15.0,14.0,11.0,3.0,1.0,14.0,16.0,31.0,5.0,4.0,660.0,4.0,20.0,8.0,7.0,9.0,2.0,2.0,0.0,0.0,75.1,52.94,38.71,50.0,28.57,42.47,33.33,69.23,1.702768806072759,1.5628032643581884,1.0,10.0,0.2426943299999999,3.0,18.0,31.0,1.4010446200000002,92.0,10.363636363636363,1.6363636363636365,17.181818181818183,1.2272727272727273,25.90909090909091,0.4090909090909091,2.0454545454545454,1.9090909090909087,1.5,0.4090909090909091,0.1363636363636363,1.9090909090909087,2.181818181818182,4.227272727272728,0.6818181818181819,0.5454545454545455,0.5454545454545455,2.7272727272727275,1.090909090909091,0.9545454545454546,1.2272727272727273,0.2727272727272727,0.2727272727272727,0.0,0.0,75.1,52.94,38.71,50.0,28.57,42.47,33.33,69.23,0.2321957462826489,0.2131095360488439,0.1363636363636363,1.3636363636363638,0.0330946813636363,0.4090909090909091,2.4545454545454546,4.227272727272728,0.1910515390909091,12.545454545454549,ST,100,100,100,100,100,30,96,73,75,73,38,75,79,82,80,93,46,52,75,80,93,91,62,52,52,43,57,75,71,21,54,32,75,75,96,30,89,79,71,96,100,100,100,96,96,89,100,93,18,86,36,36,54,29,43,50,57,46,79,29,18,43,50,86,82,39,52,52,43,57,75,71,21,54,32,75,39,89,18,57,46,54,86,96,93,96,Niké Liga
Komárno,a5t4sy4a6qkknlm03h6e2jq39,60hb2iku0p4coba4zext3t53o,D. Žák,Dominik Žák,26.0,Midfielder,Czechia,Midfielder,130.0,3.0,144.0,21.0,271.0,8.0,13.0,13.0,8.0,5.0,0.0,7.0,7.0,43.0,8.0,7.0,560.0,7.0,17.0,14.0,3.0,10.0,1.0,1.0,0.0,0.0,82.62,65.62,23.08,42.86,53.85,53.09,50.0,55.56,1.0616518263661106,1.265252237705888,0.0,5.0,0.11032055,2.0,38.0,43.0,1.451961190000001,131.0,20.892857142857142,0.4821428571428571,23.142857142857142,3.375,43.55357142857143,1.2857142857142856,2.0892857142857144,2.0892857142857144,1.2857142857142856,0.8035714285714286,0.0,1.125,1.125,6.910714285714286,1.2857142857142856,1.125,1.125,2.732142857142857,2.25,0.4821428571428571,1.6071428571428572,0.1607142857142857,0.1607142857142857,0.0,0.0,82.62,65.62,23.08,42.86,53.85,53.09,50.0,55.56,0.1706226149516963,0.2033441096313034,0.0,0.8035714285714286,0.0177300883928571,0.3214285714285714,6.107142857142857,6.910714285714286,0.2333509055357144,21.053571428571427,CM/AM,100,66,96,100,100,89,91,82,80,70,7,38,27,93,79,86,95,66,96,39,91,64,57,50,46,71,75,79,54,86,79,82,43,71,93,7,25,11,34,100,100,93,100,100,61,93,93,96,86,79,43,57,54,7,21,11,89,71,82,79,50,86,21,86,57,43,50,46,71,75,79,54,86,79,82,43,43,82,7,11,7,21,96,93,86,100,Niké Liga
Komárno,a5t4sy4a6qkknlm03h6e2jq39,9jfn80efrwcbqvky609xxravp,F. Kiss,Filip Kiss,35.0,Midfielder,Slovakia,Midfielder,189.0,0.0,108.0,26.0,297.0,16.0,3.0,8.0,7.0,1.0,2.0,3.0,3.0,39.0,20.0,7.0,506.0,1.0,12.0,8.0,1.0,12.0,0.0,0.0,0.0,0.0,86.84,61.9,0.0,33.33,12.5,62.9,76.19,85.71,0.9035187004995467,0.3268532266378606,0.0,1.0,0.01935132,2.0,24.0,27.0,0.7727644599999998,157.0,33.61660079051384,0.0,19.209486166007903,4.624505928853755,52.82608695652174,2.845849802371541,0.5335968379446641,1.4229249011857708,1.2450592885375495,0.1778656126482213,0.3557312252964427,0.5335968379446641,0.5335968379446641,6.936758893280633,3.557312252964427,1.2450592885375495,0.1778656126482213,2.134387351778656,1.4229249011857708,0.1778656126482213,2.134387351778656,0.0,0.0,0.0,0.0,86.84,61.9,0.0,33.33,12.5,62.9,76.19,85.71,0.1607049072034767,0.058135949401991,0.0,0.1778656126482213,0.0034419343873517,0.3557312252964427,4.2687747035573125,4.8023715415019765,0.1374482241106719,27.92490118577076,DM/CM,96,22,59,89,85,96,35,74,96,26,76,35,33,91,89,63,33,85,65,30,100,35,33,52,50,81,89,22,33,26,89,96,89,93,52,9,7,7,48,67,76,67,85,96,22,44,85,89,93,26,78,93,22,74,41,41,93,93,56,37,85,59,37,93,35,33,52,50,81,89,22,33,26,89,96,89,85,37,9,7,7,48,52,67,59,85,Niké Liga
Komárno,a5t4sy4a6qkknlm03h6e2jq39,bpbzcyqri0bsz95bwn6113hl,D. Špiriak,Dominik Spiriak,27.0,Defender,Slovakia,Defender,185.0,0.0,66.0,14.0,251.0,12.0,0.0,1.0,0.0,1.0,0.0,5.0,6.0,39.0,29.0,7.0,529.0,0.0,1.0,13.0,3.0,8.0,0.0,0.0,1.0,0.0,82.57,34.15,0.0,60.0,0.0,55.71,52.17,72.73,0.0370021196165322,0.0,0.0,3.0,0.05368262,1.0,17.0,21.0,0.52404605,131.0,31.47448015122873,0.0,11.228733459357278,2.3818525519848768,42.703213610586005,2.041587901701323,0.0,0.1701323251417769,0.0,0.1701323251417769,0.0,0.8506616257088846,1.0207939508506616,6.6351606805293,4.933837429111531,1.1909262759924384,0.0,0.1701323251417769,2.2117202268431,0.5103969754253308,1.3610586011342154,0.0,0.0,0.1701323251417769,0.0,82.57,34.15,0.0,60.0,0.0,55.71,52.17,72.73,0.0062952566455347,0.0,0.0,0.5103969754253308,0.0091331489603024,0.1701323251417769,2.892249527410208,3.572778827977316,0.0891571729678638,22.287334593572776,CB,61,32,39,54,64,66,9,14,12,59,23,79,84,88,55,77,20,14,100,75,80,39,41,96,52,43,14,32,59,20,50,39,54,11,16,27,64,61,54,50,48,46,61,57,32,29,36,57,61,9,11,12,54,23,79,89,93,39,68,20,14,100,79,79,39,41,96,52,43,14,32,59,20,50,39,54,7,16,27,61,50,54,54,46,50,57,Niké Liga
Komárno,a5t4sy4a6qkknlm03h6e2jq39,eh53gml3lrkddodh97ooxkdzp,Matheus Leoni,Matheus Izidorio Leoni,34.0,Defender,Brazil,Defender,19.0,0.0,26.0,2.0,45.0,4.0,1.0,3.0,3.0,0.0,1.0,1.0,1.0,10.0,10.0,4.0,218.0,1.0,5.0,0.0,1.0,3.0,0.0,0.0,0.0,0.0,75.0,40.0,0.0,100.0,33.33,43.48,40.0,60.0,0.2457518002924122,0.1064060213125332,0.0,2.0,0.05157833,1.0,6.0,5.0,0.22949776,25.0,7.844036697247707,0.0,10.73394495412844,0.8256880733944955,18.57798165137615,1.651376146788991,0.4128440366972477,1.2385321100917432,1.2385321100917432,0.0,0.4128440366972477,0.4128440366972477,0.4128440366972477,4.128440366972478,4.128440366972478,1.651376146788991,0.4128440366972477,2.064220183486239,0.0,0.4128440366972477,1.2385321100917432,0.0,0.0,0.0,0.0,75.0,40.0,0.0,100.0,33.33,43.48,40.0,60.0,0.1014571652583353,0.0439290913675595,0.0,0.8256880733944955,0.0212938059633027,0.4128440366972477,2.4770642201834865,2.064220183486239,0.0947467816513761,10.321100917431194,LB/LCB,7,25,7,11,7,36,25,46,71,14,57,14,14,14,32,21,50,50,11,32,18,39,36,46,54,32,50,25,100,57,7,21,36,36,29,21,18,14,25,14,7,21,7,21,25,36,14,14,64,29,100,100,14,100,14,14,57,86,71,93,86,11,50,64,39,36,46,54,32,50,25,100,57,7,21,36,93,43,21,43,36,57,57,7,57,14,Niké Liga
Komárno,a5t4sy4a6qkknlm03h6e2jq39,ellfertz7z7nftuv5pl4ukh9m,K. Domonkos,Kristóf Domonkos,28.0,Midfielder,Slovakia,Midfielder,179.0,2.0,149.0,21.0,326.0,5.0,3.0,6.0,3.0,3.0,1.0,4.0,4.0,31.0,7.0,5.0,701.0,3.0,9.0,14.0,1.0,6.0,0.0,1.0,0.0,0.0,84.9,47.73,25.0,25.0,50.0,52.54,41.67,54.55,0.6797799273927793,0.3148372754316839,3.0,5.0,0.09485215,4.0,43.0,37.0,1.2734750099999996,174.0,22.98145506419401,0.2567760342368045,19.12981455064194,2.696148359486448,41.85449358059915,0.6419400855920114,0.3851640513552068,0.7703281027104137,0.3851640513552068,0.3851640513552068,0.1283880171184022,0.5135520684736091,0.5135520684736091,3.980028530670471,0.8987161198288159,0.6419400855920114,0.3851640513552068,1.155492154065621,1.797432239657632,0.1283880171184022,0.7703281027104137,0.0,0.1283880171184022,0.0,0.0,84.9,47.73,25.0,25.0,50.0,52.54,41.67,54.55,0.0872755969548504,0.0404213335076341,0.3851640513552068,0.6419400855920114,0.0121778794579172,0.5135520684736091,5.520684736091298,4.750356633380885,0.1634989313837374,22.339514978602,DM/CM,93,61,93,83,89,61,35,50,61,56,46,52,48,76,39,30,74,69,89,30,50,35,78,52,50,67,52,54,20,83,37,37,44,70,48,69,56,48,76,96,85,96,89,70,48,41,67,67,41,19,33,48,41,30,33,33,26,15,19,63,44,78,19,26,35,67,52,50,67,52,54,20,83,37,37,44,56,22,56,37,26,56,81,59,85,70,Niké Liga
Komárno,a5t4sy4a6qkknlm03h6e2jq39,eu6y488eb9zhaf6cqp9gu16ok,A. Masaryk,Andy Masaryk,21.0,Attacker,Slovakia,Striker,20.0,0.0,40.0,0.0,60.0,2.0,4.0,7.0,7.0,0.0,2.0,15.0,18.0,21.0,5.0,2.0,474.0,2.0,26.0,3.0,4.0,7.0,0.0,0.0,0.0,0.0,74.07,0.0,0.0,26.67,28.57,33.33,15.38,58.33,0.7760364496016182,0.4633603752122417,2.0,8.0,0.3070067099999999,3.0,2.0,5.0,0.6251299499999999,19.0,3.79746835443038,0.0,7.59493670886076,0.0,11.39240506329114,0.379746835443038,0.759493670886076,1.3291139240506329,1.3291139240506329,0.0,0.379746835443038,2.848101265822785,3.4177215189873418,3.987341772151898,0.949367088607595,0.379746835443038,0.379746835443038,4.936708860759493,0.569620253164557,0.759493670886076,1.3291139240506329,0.0,0.0,0.0,0.0,74.07,0.0,0.0,26.67,28.57,33.33,15.38,58.33,0.1473486929623325,0.0879798180782737,0.379746835443038,1.518987341772152,0.0582924132911392,0.569620253164557,0.379746835443038,0.949367088607595,0.1186955601265822,3.607594936708861,RW,100,38,75,38,100,88,50,100,100,25,88,100,100,100,100,88,100,100,25,75,100,38,62,62,62,50,38,38,25,100,25,25,50,100,75,75,75,75,62,62,75,100,75,50,38,50,38,50,75,50,50,75,25,75,25,50,25,75,75,100,75,25,25,100,38,62,62,62,50,38,38,25,100,25,25,50,75,50,50,50,50,50,25,25,75,50,Niké Liga
Dukla Banská Bystrica,4wplsg3qopnhc3v741nbme1re,1pspsqbqjrotk6c3x09o84id,J. Považanec,Jakub Povazanec,35.0,Midfielder,Slovakia,Midfielder,59.0,4.0,80.0,15.0,135.0,3.0,3.0,1.0,0.0,1.0,0.0,4.0,4.0,18.0,6.0,5.0,352.0,0.0,0.0,4.0,1.0,5.0,1.0,0.0,0.0,0.0,78.49,44.12,44.44,25.0,0.0,41.86,0.0,50.0,0.0318479477500769,0.2392245710407562,1.0,7.0,0.13978504,4.0,20.0,27.0,0.5712021000000002,89.0,15.085227272727272,1.0227272727272727,20.454545454545457,3.835227272727273,34.51704545454545,0.7670454545454546,0.7670454545454546,0.2556818181818182,0.0,0.2556818181818182,0.0,1.0227272727272727,1.0227272727272727,4.602272727272728,1.5340909090909092,1.278409090909091,0.0,0.0,1.0227272727272727,0.2556818181818182,1.278409090909091,0.2556818181818182,0.0,0.0,0.0,78.49,44.12,44.44,25.0,0.0,41.86,0.0,50.0,0.0081429411860992,0.061165373277466,0.2556818181818182,1.7897727272727273,0.0357404931818181,1.0227272727272727,5.113636363636364,6.903409090909091,0.1460459914772727,22.75568181818182,DM/CM,28,76,44,69,26,41,35,6,9,26,13,52,48,19,30,30,11,6,33,30,37,78,33,52,50,26,44,89,20,11,7,7,30,4,41,33,70,67,76,54,76,56,44,44,78,56,81,52,56,44,4,9,26,13,74,67,44,48,63,11,6,37,44,61,81,33,52,50,26,44,89,20,11,7,7,30,4,41,31,70,67,85,70,93,70,78,Niké Liga
Dukla Banská Bystrica,4wplsg3qopnhc3v741nbme1re,2pfs20dchlreg9rvsmszjcqnd,V. Tóth,Viktor Tóth,28.0,Midfielder,Slovakia,Midfielder,14.0,0.0,22.0,0.0,36.0,4.0,0.0,4.0,4.0,0.0,1.0,2.0,2.0,10.0,14.0,6.0,234.0,1.0,7.0,5.0,1.0,0.0,0.0,0.0,0.0,0.0,58.06,0.0,0.0,50.0,25.0,43.48,57.14,0.0,0.4788179517903785,0.0,1.0,1.0,0.01611813,0.0,1.0,3.0,0.1035224499999999,19.0,5.384615384615384,0.0,8.461538461538462,0.0,13.846153846153843,1.5384615384615383,0.0,1.5384615384615383,1.5384615384615383,0.0,0.3846153846153846,0.7692307692307692,0.7692307692307692,3.846153846153846,5.384615384615384,2.3076923076923075,0.3846153846153846,2.692307692307692,1.923076923076923,0.3846153846153846,0.0,0.0,0.0,0.0,0.0,58.06,0.0,0.0,50.0,25.0,43.48,57.14,0.0,0.1841607506886071,0.0,0.3846153846153846,0.3846153846153846,0.0061992807692307,0.0,0.3846153846153846,1.1538461538461535,0.0398163269230768,7.3076923076923075,RM/RCM,35,10,10,15,10,65,15,10,40,10,40,10,10,10,90,90,15,10,70,10,10,30,20,55,55,10,15,10,70,35,20,80,10,10,15,30,10,10,10,10,10,10,10,30,10,10,15,10,70,15,20,60,10,50,20,20,10,100,100,30,20,70,20,10,30,20,55,55,10,15,10,70,35,20,80,10,30,15,40,10,10,10,10,10,10,10,Niké Liga
Dukla Banská Bystrica,4wplsg3qopnhc3v741nbme1re,3mw2djqxfp5qdhfhtwvtbab6c,K. Bolaji,Kazeem Bolaji,23.0,Defender,Nigeria,Defender,73.0,1.0,51.0,2.0,123.0,1.0,1.0,1.0,1.0,0.0,1.0,5.0,6.0,14.0,9.0,4.0,360.0,0.0,2.0,4.0,2.0,4.0,0.0,0.0,1.0,0.0,84.25,25.0,25.0,40.0,0.0,45.16,20.0,57.14,0.0738587043645969,0.0819352751142483,1.0,3.0,0.0821357299999999,1.0,4.0,10.0,0.3119934499999999,43.0,18.25,0.25,12.75,0.5,30.75,0.25,0.25,0.25,0.25,0.0,0.25,1.25,1.5,3.5,2.25,1.0,0.0,0.5,1.0,0.5,1.0,0.0,0.0,0.25,0.0,84.25,25.0,25.0,40.0,0.0,45.16,20.0,57.14,0.0184646760911492,0.020483818778562,0.25,0.75,0.0205339324999999,0.25,1.0,2.5,0.0779983624999999,10.75,LB/LCB,50,54,29,11,36,7,25,14,21,14,57,57,68,29,18,21,14,14,50,50,39,39,36,96,54,79,11,64,43,14,14,7,29,21,21,57,29,29,25,7,21,36,21,64,57,50,7,57,7,21,7,21,14,71,71,79,21,36,29,14,14,71,68,39,39,36,100,54,79,11,64,43,14,14,7,29,29,21,64,29,29,14,7,29,36,29,Niké Liga
Dukla Banská Bystrica,4wplsg3qopnhc3v741nbme1re,3olhifvbewrgeudyi6n7ndlre,T. Slebodník,Tibor Slebodník,25.0,Midfielder,Slovakia,Midfielder,22.0,1.0,63.0,6.0,84.0,2.0,5.0,6.0,2.0,4.0,2.0,11.0,12.0,19.0,3.0,1.0,268.0,1.0,2.0,6.0,4.0,4.0,1.0,0.0,0.0,0.0,73.68,42.86,20.0,36.36,16.67,38.78,25.0,57.14,0.2717910306810471,0.3638357620958183,4.0,8.0,0.17771873,3.0,15.0,21.0,0.42386356,48.0,7.388059701492537,0.335820895522388,21.15671641791045,2.014925373134328,28.2089552238806,0.6716417910447761,1.67910447761194,2.014925373134328,0.6716417910447761,1.343283582089552,0.6716417910447761,3.694029850746269,4.029850746268656,6.380597014925373,1.007462686567164,0.335820895522388,0.335820895522388,0.6716417910447761,2.014925373134328,1.343283582089552,1.343283582089552,0.335820895522388,0.0,0.0,0.0,73.68,42.86,20.0,36.36,16.67,38.78,25.0,57.14,0.091273107318262,0.1221836514500882,1.343283582089552,2.686567164179104,0.0596816630597014,1.007462686567164,5.037313432835821,7.052238805970149,0.1423422402985074,16.119402985074625,CM/AM,25,39,43,77,43,41,39,34,23,57,50,70,71,45,30,29,25,4,52,55,50,64,21,50,46,32,54,62,39,25,32,43,46,18,36,59,59,43,46,66,70,36,46,46,50,82,89,71,57,68,39,32,79,68,86,86,86,54,32,25,4,79,86,71,71,21,50,46,32,54,62,39,25,32,43,46,25,46,86,82,64,64,93,100,57,89,Niké Liga
Dukla Banská Bystrica,4wplsg3qopnhc3v741nbme1re,5juzvvtehiwcyg4erdnh845t6,R. Szánthó,Rego Szánthó,25.0,Midfielder,Hungary,Midfielder,30.0,5.0,57.0,5.0,82.0,3.0,5.0,11.0,3.0,8.0,2.0,11.0,11.0,14.0,3.0,0.0,376.0,4.0,10.0,4.0,2.0,2.0,0.0,3.0,0.0,1.0,84.54,50.0,22.73,18.18,36.36,37.84,60.0,40.0,0.6326887848657659,0.5788423377780808,6.0,4.0,0.11817653,5.0,8.0,10.0,0.64732233,38.0,7.180851063829786,1.1968085106382975,13.643617021276595,1.1968085106382975,19.627659574468083,0.7180851063829787,1.1968085106382975,2.632978723404255,0.7180851063829787,1.9148936170212765,0.4787234042553191,2.632978723404255,2.632978723404255,3.351063829787234,0.7180851063829787,0.0,0.9574468085106382,2.3936170212765955,0.9574468085106382,0.4787234042553191,0.4787234042553191,0.0,0.7180851063829787,0.0,0.2393617021276595,84.54,50.0,22.73,18.18,36.36,37.84,60.0,40.0,0.1514414644625503,0.138552687234115,1.4361702127659577,0.9574468085106382,0.0282869353723404,1.1968085106382975,1.9148936170212765,2.3936170212765955,0.1549441747340425,9.095744680851062,CM/AM,45,80,36,70,39,59,39,64,36,86,50,70,68,20,30,11,66,36,30,23,27,25,93,50,96,79,64,75,14,59,25,93,18,43,50,80,14,21,75,43,36,54,43,43,79,29,82,21,61,43,75,36,96,43,75,71,21,39,11,71,36,18,18,29,25,100,50,96,79,64,75,14,59,25,93,18,36,50,93,18,21,79,43,25,68,21,Niké Liga
Dukla Banská Bystrica,4wplsg3qopnhc3v741nbme1re,6csqfvbvn2v9jc3sofpx7qaga,M. Bakaľa,Mikulás Bakala,25.0,Midfielder,Slovakia,Midfielder,140.0,0.0,64.0,13.0,204.0,12.0,0.0,2.0,2.0,0.0,0.0,0.0,0.0,21.0,44.0,17.0,630.0,1.0,5.0,4.0,0.0,3.0,0.0,0.0,0.0,0.0,81.6,31.71,0.0,0.0,50.0,50.0,57.14,60.0,0.235348414861392,0.0,0.0,3.0,0.05417292,2.0,12.0,18.0,0.3375572799999999,123.0,20.0,0.0,9.142857142857142,1.8571428571428568,29.142857142857142,1.7142857142857142,0.0,0.2857142857142857,0.2857142857142857,0.0,0.0,0.0,0.0,3.0,6.285714285714286,2.4285714285714284,0.1428571428571428,0.7142857142857143,0.5714285714285714,0.0,0.4285714285714285,0.0,0.0,0.0,0.0,81.6,31.71,0.0,0.0,50.0,50.0,57.14,60.0,0.033621202123056,0.0,0.0,0.4285714285714285,0.0077389885714285,0.2857142857142857,1.7142857142857142,2.571428571428572,0.0482224685714285,17.571428571428573,DM/CM,70,22,22,54,61,87,6,17,46,7,13,6,6,31,96,100,33,39,33,7,17,35,33,52,50,37,15,22,7,83,30,65,61,22,6,9,33,19,48,19,41,30,67,56,22,15,44,37,81,6,7,33,7,13,6,6,11,96,100,26,26,17,7,4,35,33,52,50,37,15,22,7,83,30,65,61,15,6,9,15,15,39,4,22,7,41,Niké Liga
Dukla Banská Bystrica,4wplsg3qopnhc3v741nbme1re,6hew65b32paemf47ffwkfjis5,Ľ. Willwéber,Ľubomír Willwéber,34.0,Defender,Slovakia,Defender,194.0,0.0,64.0,28.0,258.0,12.0,1.0,10.0,6.0,4.0,1.0,1.0,1.0,20.0,54.0,5.0,669.0,2.0,7.0,1.0,0.0,4.0,0.0,1.0,1.0,0.0,83.77,51.85,0.0,0.0,20.0,52.63,63.16,57.14,1.077429385090788,0.0,4.0,2.0,0.03686598,0.0,11.0,11.0,0.3377618899999998,155.0,26.09865470852018,0.0,8.609865470852018,3.7668161434977576,34.708520179372194,1.6143497757847534,0.1345291479820627,1.3452914798206277,0.8071748878923767,0.5381165919282511,0.1345291479820627,0.1345291479820627,0.1345291479820627,2.6905829596412554,7.26457399103139,0.6726457399103138,0.2690582959641255,0.9417040358744394,0.1345291479820627,0.0,0.5381165919282511,0.0,0.1345291479820627,0.1345291479820627,0.0,83.77,51.85,0.0,0.0,20.0,52.63,63.16,57.14,0.1449456571871015,0.0,0.5381165919282511,0.2690582959641255,0.0049595488789237,0.0,1.4798206278026906,1.4798206278026906,0.0454388192825111,20.85201793721973,CB,66,32,34,80,68,66,32,98,91,95,55,34,34,46,100,45,77,61,20,16,38,39,91,96,52,46,68,32,16,46,32,66,14,100,16,98,54,46,23,38,25,25,68,50,32,11,71,50,43,21,89,79,93,50,21,21,11,89,29,61,43,18,16,18,39,82,93,52,46,68,32,16,46,32,66,14,86,16,89,39,36,23,25,14,11,50,Niké Liga
Dukla Banská Bystrica,4wplsg3qopnhc3v741nbme1re,6mvmk0oww2bhds22i98kgmolw,A. Adewale,Alabi Toheeb Adewale,25.0,Defender,Nigeria,Defender,65.0,0.0,62.0,10.0,127.0,8.0,4.0,4.0,3.0,1.0,2.0,4.0,4.0,21.0,19.0,11.0,547.0,0.0,7.0,5.0,0.0,6.0,0.0,0.0,0.0,0.0,79.38,43.48,0.0,0.0,0.0,45.65,57.14,75.0,0.3896952327410716,0.274982532384052,1.0,5.0,0.13998518,3.0,9.0,14.0,0.2805902699999999,65.0,10.694698354661792,0.0,10.20109689213894,1.6453382084095065,20.89579524680073,1.3162705667276051,0.6581352833638026,0.6581352833638026,0.4936014625228519,0.1645338208409506,0.3290676416819013,0.6581352833638026,0.6581352833638026,3.4552102376599634,3.126142595978062,1.809872029250457,0.0,1.1517367458866543,0.8226691042047533,0.0,0.9872029250457038,0.0,0.0,0.0,0.0,79.38,43.48,0.0,0.0,0.0,45.65,57.14,75.0,0.064118045606392,0.0452439267176685,0.1645338208409506,0.8226691042047533,0.0230322965265082,0.4936014625228519,1.480804387568556,2.303473491773309,0.0461665892138939,10.694698354661792,LB/LCB,43,25,36,57,43,64,54,64,71,57,86,39,39,43,79,86,14,57,64,11,54,39,36,46,54,57,71,25,11,14,21,57,82,64,43,57,43,50,64,36,36,29,43,36,25,29,64,29,50,57,57,71,50,79,29,29,14,71,86,14,50,50,11,29,39,36,46,54,57,71,25,11,14,21,57,82,71,50,50,36,57,64,14,21,7,21,Niké Liga
Dukla Banská Bystrica,4wplsg3qopnhc3v741nbme1re,71unvnpwjjeqq2oci02ev8us5,D. Richtárech,Dávid Richtárech,30.0,Midfielder,Slovakia,Midfielder,85.0,2.0,89.0,14.0,172.0,0.0,4.0,9.0,1.0,8.0,3.0,17.0,18.0,28.0,12.0,7.0,551.0,1.0,2.0,6.0,6.0,7.0,0.0,0.0,0.0,0.0,76.79,51.85,28.57,35.29,11.11,48.28,0.0,43.75,0.5308781527854814,0.4663490226906134,5.0,4.0,0.08266008,2.0,20.0,19.0,0.4851206299999999,98.0,13.883847549909255,0.3266787658802178,14.537205081669692,2.2867513611615244,28.09437386569873,0.0,0.6533575317604357,1.4700544464609802,0.1633393829401089,1.3067150635208713,0.4900181488203267,2.7767695099818512,2.9401088929219603,4.573502722323049,1.960072595281307,1.1433756805807622,0.1633393829401089,0.3266787658802178,0.9800362976406536,0.9800362976406536,1.1433756805807622,0.0,0.0,0.0,0.0,76.79,51.85,28.57,35.29,11.11,48.28,0.0,43.75,0.0867133098923653,0.0761731616010076,0.8166969147005445,0.6533575317604357,0.01350164646098,0.3266787658802178,3.266787658802178,3.1034482758620694,0.0792393043557168,16.00725952813067,DM/CM,50,61,52,61,48,4,54,85,28,96,89,100,100,57,72,63,33,15,54,89,61,35,33,52,50,15,63,63,37,22,19,7,11,56,59,87,44,33,48,54,46,48,52,41,63,30,59,22,4,33,81,26,96,89,93,96,41,63,33,30,15,30,85,44,35,33,52,50,15,63,63,37,22,19,7,11,52,56,81,41,33,44,37,37,33,37,Niké Liga
Dukla Banská Bystrica,4wplsg3qopnhc3v741nbme1re,8od1c130jxczrb7jan2hes3fu,N. Šikula,Nicolas Sikula,23.0,Defender,Slovakia,Defender,93.0,4.0,104.0,12.0,193.0,11.0,5.0,1.0,0.0,1.0,1.0,6.0,6.0,30.0,18.0,13.0,660.0,0.0,8.0,7.0,2.0,7.0,1.0,0.0,0.0,0.0,75.39,42.86,33.33,33.33,0.0,47.62,44.0,70.0,0.0756601411107072,0.4998889610500794,0.0,10.0,0.24109995,7.0,27.0,35.0,1.05760369,104.0,12.681818181818182,0.5454545454545455,14.181818181818182,1.6363636363636365,26.31818181818182,1.5,0.6818181818181819,0.1363636363636363,0.0,0.1363636363636363,0.1363636363636363,0.8181818181818182,0.8181818181818182,4.090909090909091,2.4545454545454546,1.7727272727272727,0.0,1.090909090909091,0.9545454545454546,0.2727272727272727,0.9545454545454546,0.1363636363636363,0.0,0.0,0.0,75.39,42.86,33.33,33.33,0.0,47.62,44.0,70.0,0.0103172919696418,0.068166676506829,0.0,1.3636363636363638,0.0328772659090909,0.9545454545454546,3.681818181818182,4.7727272727272725,0.144218685,14.181818181818182,RB/RCB,75,91,62,59,62,81,72,22,19,44,56,59,59,75,75,94,34,66,88,56,44,62,44,44,53,38,50,75,44,34,25,25,69,25,81,12,81,81,91,84,91,81,81,38,81,44,31,44,75,62,19,19,31,44,56,56,38,44,88,34,62,56,44,19,56,44,44,53,38,50,75,44,34,25,25,69,19,69,12,75,81,81,69,81,62,44,Niké Liga
Dukla Banská Bystrica,4wplsg3qopnhc3v741nbme1re,d22uux96bhwm9wahii0vzn1g4,A. Siviček,Adrian Siviček,19.0,Midfielder,Slovakia,Midfielder,43.0,0.0,25.0,2.0,68.0,2.0,2.0,2.0,0.0,2.0,0.0,10.0,10.0,21.0,5.0,8.0,352.0,0.0,6.0,6.0,3.0,5.0,0.0,0.0,0.0,0.0,80.0,40.0,0.0,30.0,0.0,47.73,28.57,50.0,0.1570269092413787,0.1550161615672246,1.0,0.0,0.0,0.0,8.0,8.0,0.2076223499999999,31.0,10.994318181818182,0.0,6.392045454545455,0.5113636363636364,17.386363636363637,0.5113636363636364,0.5113636363636364,0.5113636363636364,0.0,0.5113636363636364,0.0,2.556818181818182,2.556818181818182,5.369318181818182,1.278409090909091,2.0454545454545454,0.0,1.5340909090909092,1.5340909090909092,0.7670454545454546,1.278409090909091,0.0,0.0,0.0,0.0,80.0,40.0,0.0,30.0,0.0,47.73,28.57,50.0,0.040148925658307,0.0396348140370744,0.2556818181818182,0.0,0.0,0.0,2.0454545454545454,2.0454545454545454,0.0530852599431817,7.926136363636364,DM/CM,11,22,4,6,4,22,20,17,9,44,13,89,89,31,19,78,11,54,54,67,37,35,33,52,50,30,22,22,30,11,15,15,30,19,22,33,4,4,15,9,11,7,7,19,22,4,4,4,26,22,22,9,48,13,89,89,56,37,89,11,70,70,74,61,35,33,52,50,30,22,22,30,11,15,15,30,19,19,31,4,4,15,15,11,11,7,Niké Liga
Dukla Banská Bystrica,4wplsg3qopnhc3v741nbme1re,dua5ewk710pbnrnl3v7s5iyvo,A. Hanes,Adam Hanes,24.0,Attacker,Slovakia,Striker,23.0,1.0,44.0,4.0,66.0,11.0,7.0,5.0,5.0,0.0,1.0,2.0,2.0,20.0,9.0,3.0,356.0,2.0,20.0,1.0,0.0,4.0,0.0,0.0,0.0,0.0,71.74,50.0,16.67,0.0,40.0,46.51,50.0,50.0,0.4386142749723025,0.6500155190439478,1.0,7.0,0.16915782,4.0,12.0,12.0,0.2670892899999998,35.0,5.814606741573034,0.2528089887640449,11.123595505617978,1.0112359550561798,16.685393258426966,2.7808988764044944,1.7696629213483146,1.2640449438202246,1.2640449438202246,0.0,0.2528089887640449,0.5056179775280899,0.5056179775280899,5.056179775280898,2.2752808988764044,0.7584269662921348,0.5056179775280899,5.056179775280898,0.2528089887640449,0.0,1.0112359550561798,0.0,0.0,0.0,0.0,71.74,50.0,16.67,0.0,40.0,46.51,50.0,50.0,0.1108856313132225,0.1643297660504362,0.2528089887640449,1.7696629213483146,0.0427646174157303,1.0112359550561798,3.033707865168539,3.033707865168539,0.0675225733146066,8.848314606741573,ST,57,52,52,82,50,86,73,12,16,7,38,20,16,59,96,84,20,52,11,9,77,30,11,52,52,36,48,39,9,46,79,79,36,14,79,30,71,57,91,88,75,43,73,68,61,64,86,61,96,75,11,18,7,36,18,14,64,100,86,25,54,4,9,79,30,11,52,52,36,48,39,9,46,79,79,36,11,86,25,75,57,86,93,82,46,79,Niké Liga
Dukla Banská Bystrica,4wplsg3qopnhc3v741nbme1re,e05abuimu2rhh0kiy0a9k6x1x,R. Polievka,Róbert Polievka,30.0,Attacker,Slovakia,Striker,31.0,8.0,54.0,3.0,77.0,0.0,8.0,20.0,14.0,6.0,7.0,18.0,18.0,22.0,1.0,3.0,487.0,10.0,26.0,11.0,8.0,2.0,0.0,3.0,0.0,0.0,77.78,75.0,25.81,44.44,50.0,48.89,0.0,66.67,2.298416046765188,0.7880823462488993,11.0,3.0,0.1166798499999999,1.0,5.0,7.0,0.51858135,26.0,5.728952772073922,1.4784394250513346,9.979466119096507,0.5544147843942505,14.229979466119095,0.0,1.4784394250513346,3.696098562628337,2.587268993839836,1.108829568788501,1.2936344969199178,3.326488706365503,3.326488706365503,4.0657084188911705,0.1848049281314168,0.5544147843942505,1.848049281314168,4.804928131416838,2.0328542094455853,1.4784394250513346,0.3696098562628336,0.0,0.5544147843942505,0.0,0.0,77.78,75.0,25.81,44.44,50.0,48.89,0.0,66.67,0.4247586123385358,0.1456415013601661,2.0328542094455853,0.5544147843942505,0.0215630112936344,0.1848049281314168,0.924024640657084,1.2936344969199178,0.0958363891170431,4.804928131416838,ST,73,96,66,66,64,4,88,93,91,100,96,91,91,68,21,84,95,77,86,86,43,30,84,52,52,68,79,57,57,71,82,4,66,86,86,100,27,29,30,41,57,71,50,64,93,50,50,50,4,71,86,75,93,89,86,86,46,14,82,86,43,86,82,36,30,71,52,52,68,79,57,57,71,82,4,66,75,79,100,18,21,25,29,43,68,43,Niké Liga
Dukla Banská Bystrica,4wplsg3qopnhc3v741nbme1re,jf5ow5qxswm7urne6c6pnzkl,M. Ďuriš,Michal Duris,38.0,Attacker,Slovakia,Striker,14.0,1.0,37.0,1.0,50.0,8.0,2.0,10.0,9.0,1.0,2.0,7.0,7.0,28.0,1.0,1.0,402.0,3.0,14.0,12.0,2.0,3.0,0.0,2.0,0.0,0.0,75.76,25.0,100.0,28.57,30.0,43.75,34.78,50.0,1.3240503895497748,0.2107289189120419,1.0,2.0,0.04336653,1.0,8.0,5.0,0.3377170399999999,19.0,3.134328358208955,0.2238805970149253,8.283582089552239,0.2238805970149253,11.194029850746269,1.791044776119403,0.4477611940298507,2.238805970149253,2.014925373134328,0.2238805970149253,0.4477611940298507,1.5671641791044777,1.5671641791044777,6.26865671641791,0.2238805970149253,0.2238805970149253,0.6716417910447761,3.134328358208955,2.686567164179104,0.4477611940298507,0.6716417910447761,0.0,0.4477611940298507,0.0,0.0,75.76,25.0,100.0,28.57,30.0,43.75,34.78,50.0,0.296429191690248,0.0471781161743377,0.2238805970149253,0.4477611940298507,0.0097089246268656,0.2238805970149253,1.791044776119403,1.1194029850746268,0.0756082925373134,4.253731343283582,ST,32,52,32,27,34,77,11,50,57,30,62,43,41,79,21,48,32,21,89,36,57,30,62,52,52,55,23,95,21,27,59,43,36,57,14,30,18,14,30,64,32,57,43,29,54,29,21,25,64,7,50,57,25,64,36,36,82,18,39,39,21,96,32,64,30,61,52,52,55,23,95,21,27,59,43,36,61,14,21,14,14,32,75,32,54,32,Niké Liga
Dukla Banská Bystrica,4wplsg3qopnhc3v741nbme1re,mjb1mpggdoekxjv3hjn15kwk,N. Kubala,Nikolas Kubala,18.0,Attacker,Slovakia,Striker,21.0,6.0,33.0,2.0,48.0,3.0,7.0,2.0,1.0,1.0,0.0,10.0,10.0,19.0,3.0,1.0,285.0,0.0,5.0,5.0,5.0,6.0,0.0,0.0,0.0,0.0,80.0,33.33,40.0,50.0,0.0,51.35,42.86,100.0,0.2111980594361678,0.7589366793390145,1.0,5.0,0.15084218,0.0,5.0,5.0,0.21919157,13.0,6.631578947368421,1.8947368421052635,10.421052631578949,0.6315789473684211,15.157894736842106,0.9473684210526316,2.210526315789474,0.6315789473684211,0.3157894736842105,0.3157894736842105,0.0,3.1578947368421053,3.1578947368421053,6.0,0.9473684210526316,0.3157894736842105,0.0,1.5789473684210529,1.5789473684210529,1.5789473684210529,1.8947368421052635,0.0,0.0,0.0,0.0,80.0,33.33,40.0,50.0,0.0,51.35,42.86,100.0,0.066694124032474,0.2396642145281098,0.3157894736842105,1.5789473684210529,0.0476343726315789,0.0,1.5789473684210529,1.5789473684210529,0.0692183905263157,4.105263157894737,ST,46,93,25,45,25,30,73,4,5,30,14,64,61,54,50,48,4,7,54,68,86,30,11,52,52,75,30,80,71,4,93,66,95,7,82,30,43,46,11,41,32,39,27,79,100,54,61,57,39,93,4,4,36,14,82,82,75,71,61,4,7,71,93,96,30,11,52,52,75,30,80,71,4,93,66,95,7,93,36,68,71,11,64,50,50,25,Niké Liga
Ružomberok,d7ju1d8fvjwosjm62zph5tqql,2mep8fe07gw5ptdiccuxv7e38,V. Hranoš,Vojtech Hranos,20.0,Midfielder,Czechia,Midfielder,9.0,1.0,32.0,2.0,40.0,13.0,1.0,13.0,8.0,5.0,4.0,7.0,8.0,21.0,5.0,1.0,497.0,3.0,23.0,6.0,0.0,1.0,0.0,2.0,0.0,0.0,55.56,66.67,14.29,0.0,23.08,37.5,59.09,50.0,1.3158948197087683,0.0,5.0,1.0,0.01611813,1.0,3.0,5.0,0.3855806,18.0,1.6297786720321932,0.1810865191146881,5.79476861167002,0.3621730382293762,7.243460764587525,2.3541247484909458,0.1810865191146881,2.3541247484909458,1.448692152917505,0.9054325955734408,0.7243460764587525,1.267605633802817,1.448692152917505,3.802816901408451,0.9054325955734408,0.1810865191146881,0.5432595573440644,4.164989939637827,1.0865191146881288,0.0,0.1810865191146881,0.0,0.3621730382293762,0.0,0.0,55.56,66.67,14.29,0.0,23.08,37.5,59.09,50.0,0.2382908124221109,0.0,0.9054325955734408,0.1810865191146881,0.002918776056338,0.1810865191146881,0.5432595573440644,0.9054325955734408,0.0698234486921529,3.2595573440643864,CM/AM,5,39,7,34,7,96,4,82,80,70,77,38,43,57,59,29,50,79,52,5,14,25,80,50,46,4,80,45,5,29,21,89,29,79,4,71,4,4,14,12,7,32,11,4,39,7,18,7,96,4,68,64,64,71,29,29,25,43,21,39,71,39,5,14,25,71,50,46,4,80,45,5,29,21,89,29,68,4,64,4,4,11,7,7,18,4,Niké Liga
Ružomberok,d7ju1d8fvjwosjm62zph5tqql,3qszei9rfwcv722hlpq7j7e5m,S. Lavrinčík,Samuel Lavrincík,25.0,Midfielder,Slovakia,Midfielder,50.0,1.0,102.0,20.0,151.0,3.0,8.0,11.0,2.0,9.0,6.0,9.0,9.0,35.0,8.0,2.0,525.0,0.0,4.0,13.0,4.0,8.0,0.0,0.0,0.0,0.0,82.07,68.97,9.09,44.44,0.0,53.85,33.33,53.33,0.7682206062253294,0.5144976806413474,7.0,7.0,0.13741084,2.0,28.0,36.0,0.87678155,81.0,8.571428571428571,0.1714285714285714,17.485714285714288,3.428571428571429,25.88571428571429,0.5142857142857143,1.3714285714285714,1.885714285714286,0.3428571428571428,1.542857142857143,1.0285714285714287,1.542857142857143,1.542857142857143,6.0,1.3714285714285714,0.3428571428571428,0.0,0.6857142857142857,2.2285714285714286,0.6857142857142857,1.3714285714285714,0.0,0.0,0.0,0.0,82.07,68.97,9.09,44.44,0.0,53.85,33.33,53.33,0.1316949610671993,0.0881996023956595,1.2,1.2,0.023556144,0.3428571428571428,4.8,6.171428571428572,0.1503054085714285,13.885714285714286,CM/AM,77,39,82,96,75,59,61,64,23,95,89,55,54,89,79,45,11,9,93,55,79,25,21,50,46,64,86,32,57,11,82,57,36,50,43,91,46,32,34,96,93,71,86,68,32,61,96,61,39,54,36,21,86,82,32,32,82,75,36,11,7,82,39,75,25,21,50,46,64,86,32,57,11,82,57,36,29,29,79,25,18,29,89,86,64,71,Niké Liga
Ružomberok,d7ju1d8fvjwosjm62zph5tqql,5nq8a77t1enm36la314v0h5ka,O. Luterán,Oliver Luterán,25.0,Midfielder,Slovakia,Midfielder,73.0,2.0,78.0,22.0,149.0,8.0,0.0,9.0,6.0,3.0,2.0,5.0,5.0,35.0,21.0,7.0,589.0,2.0,10.0,14.0,2.0,5.0,0.0,0.0,0.0,0.0,71.63,42.31,13.33,40.0,22.22,64.81,57.14,45.45,0.7862522590114035,0.0,4.0,3.0,0.0548575399999999,3.0,23.0,21.0,0.72441795,79.0,11.154499151103566,0.3056027164685908,11.918505942275043,3.3616298811545,22.767402376910017,1.222410865874363,0.0,1.3752122241086588,0.9168081494057724,0.4584040747028862,0.3056027164685908,0.7640067911714771,0.7640067911714771,5.34804753820034,3.208828522920204,1.069609507640068,0.3056027164685908,1.528013582342954,2.139219015280136,0.3056027164685908,0.7640067911714771,0.0,0.0,0.0,0.0,71.63,42.31,13.33,40.0,22.22,64.81,57.14,45.45,0.1201404130917254,0.0,0.6112054329371817,0.4584040747028862,0.0083823066213921,0.4584040747028862,3.514431239388794,3.208828522920204,0.1106920466893039,12.071307300509336,RM/RCM,100,55,75,100,80,90,15,70,65,55,70,25,25,100,100,100,40,20,100,40,60,30,20,55,55,30,30,20,50,20,90,80,20,60,15,85,30,20,80,100,70,80,100,90,30,20,90,40,60,15,10,20,50,40,10,10,60,90,80,10,10,90,10,30,30,20,55,55,30,30,20,50,20,90,80,20,10,15,50,30,20,50,80,50,30,60,Niké Liga
Ružomberok,d7ju1d8fvjwosjm62zph5tqql,6ic5sfkz3qshtmltl3kar3cpg,T. Marušin,Tomás Marusin,21.0,Defender,Slovakia,Defender,101.0,0.0,59.0,20.0,160.0,11.0,1.0,3.0,3.0,0.0,0.0,0.0,0.0,19.0,29.0,7.0,513.0,2.0,9.0,2.0,0.0,4.0,0.0,0.0,0.0,0.0,78.43,40.0,0.0,0.0,66.67,54.29,52.38,66.67,0.4232515572460723,0.0,0.0,2.0,0.03932202,0.0,19.0,22.0,0.3872087099999999,94.0,17.719298245614034,0.0,10.350877192982455,3.508771929824561,28.07017543859649,1.9298245614035088,0.175438596491228,0.5263157894736842,0.5263157894736842,0.0,0.0,0.0,0.0,3.333333333333333,5.087719298245614,1.2280701754385963,0.3508771929824561,1.5789473684210529,0.3508771929824561,0.0,0.7017543859649122,0.0,0.0,0.0,0.0,78.43,40.0,0.0,0.0,66.67,54.29,52.38,66.67,0.0742546591659776,0.0,0.0,0.3508771929824561,0.0068985999999999,0.0,3.333333333333333,3.8596491228070176,0.0679313526315789,16.49122807017544,CB,34,32,29,70,36,54,32,39,52,23,23,11,11,41,55,77,77,86,38,16,38,39,41,46,52,29,21,32,16,89,43,43,48,54,16,27,54,54,23,59,55,32,43,39,32,21,68,32,57,25,43,50,23,23,11,11,32,46,79,75,86,36,16,32,39,41,46,52,29,21,32,16,89,43,43,48,54,16,27,50,46,23,68,57,29,25,Niké Liga
Ružomberok,d7ju1d8fvjwosjm62zph5tqql,80imgew1o4dg6cjmaj8k15m95,D. Kostka,Dominik Kostka,30.0,Defender,Czechia,Defender,66.0,1.0,89.0,11.0,154.0,16.0,7.0,13.0,5.0,8.0,2.0,14.0,15.0,49.0,15.0,13.0,695.0,3.0,11.0,3.0,7.0,14.0,2.0,0.0,0.0,0.0,70.64,32.35,20.0,50.0,23.08,54.44,66.67,60.87,1.2567027631129462,0.4509422492763671,7.0,5.0,0.12077351,5.0,14.0,19.0,0.8607046200000001,88.0,8.546762589928058,0.1294964028776978,11.525179856115107,1.4244604316546765,19.942446043165468,2.071942446043165,0.9064748201438848,1.683453237410072,0.6474820143884892,1.0359712230215827,0.2589928057553957,1.8129496402877696,1.9424460431654675,6.345323741007194,1.9424460431654675,1.683453237410072,0.3884892086330935,1.4244604316546765,0.3884892086330935,0.9064748201438848,1.8129496402877696,0.2589928057553957,0.0,0.0,0.0,70.64,32.35,20.0,50.0,23.08,54.44,66.67,60.87,0.1627384873095901,0.0583953991868676,0.9064748201438848,0.6474820143884892,0.0156397351079136,0.6474820143884892,1.8129496402877696,2.460431654676259,0.1114581522302158,11.39568345323741,RB/RCB,34,44,44,44,44,100,84,100,94,100,88,91,94,100,62,94,94,88,25,91,94,84,44,44,53,19,25,50,72,69,56,78,44,94,69,100,59,56,72,44,41,69,59,19,31,31,25,19,94,81,94,88,94,88,81,81,88,31,81,94,81,19,81,94,75,44,44,53,19,25,50,72,69,56,78,44,94,62,94,44,50,62,19,25,50,25,Niké Liga
Ružomberok,d7ju1d8fvjwosjm62zph5tqql,8qo2ay0eobs7lyol641ljiv2t,D. Köstl,Daniel Köstl,28.0,Defender,Czechia,Defender,124.0,0.0,71.0,32.0,195.0,27.0,2.0,7.0,7.0,0.0,3.0,3.0,3.0,34.0,44.0,8.0,589.0,0.0,25.0,1.0,0.0,4.0,1.0,0.0,0.0,0.0,71.17,43.84,0.0,0.0,0.0,50.75,64.29,66.67,0.948498842023342,0.2559011528098869,0.0,1.0,0.02401521,1.0,20.0,25.0,0.4921030299999999,123.0,18.94736842105264,0.0,10.848896434634977,4.889643463497453,29.796264855687607,4.125636672325976,0.3056027164685908,1.069609507640068,1.069609507640068,0.0,0.4584040747028862,0.4584040747028862,0.4584040747028862,5.195246179966044,6.723259762308999,1.222410865874363,0.0,3.8200339558573857,0.1528013582342954,0.0,0.6112054329371817,0.1528013582342954,0.0,0.0,0.0,71.17,43.84,0.0,0.0,0.0,50.75,64.29,66.67,0.144931911344823,0.0391020437230727,0.0,0.1528013582342954,0.0036695567062818,0.1528013582342954,3.0560271646859083,3.8200339558573857,0.0751940113752122,18.79456706281833,CB,54,32,46,96,46,100,55,82,98,23,95,66,66,82,93,89,20,100,20,16,38,86,41,46,52,4,29,32,16,20,29,71,48,93,68,27,27,32,54,64,62,43,57,43,32,25,93,36,100,50,79,89,23,93,61,61,79,86,75,20,100,21,16,25,86,41,46,52,4,29,32,16,20,29,71,48,82,68,27,18,25,50,61,50,36,46,Niké Liga
Ružomberok,d7ju1d8fvjwosjm62zph5tqql,94nt9fr8s7rcyslxlvpecxcoa,F. Souček,Filip Soucek,25.0,Defender,Czechia,Defender,76.0,11.0,109.0,18.0,174.0,7.0,12.0,8.0,4.0,4.0,2.0,7.0,7.0,52.0,10.0,5.0,690.0,1.0,8.0,11.0,7.0,16.0,2.0,0.0,0.0,0.0,75.0,43.9,33.33,100.0,12.5,53.06,33.33,59.26,0.8113334122359257,1.4292301535416432,2.0,12.0,0.37504812,4.0,19.0,22.0,0.9335974600000004,82.0,9.91304347826087,1.434782608695652,14.217391304347826,2.347826086956521,22.695652173913043,0.9130434782608696,1.5652173913043477,1.0434782608695652,0.5217391304347826,0.5217391304347826,0.2608695652173913,0.9130434782608696,0.9130434782608696,6.782608695652174,1.3043478260869563,0.6521739130434783,0.1304347826086956,1.0434782608695652,1.434782608695652,0.9130434782608696,2.0869565217391304,0.2608695652173913,0.0,0.0,0.0,75.0,43.9,33.33,100.0,12.5,53.06,33.33,59.26,0.1058260972481642,0.1864213243749969,0.2608695652173913,1.5652173913043477,0.0489193199999999,0.5217391304347826,2.4782608695652173,2.869565217391304,0.1217735817391304,10.695652173913045,CB,29,96,68,64,39,39,93,89,66,95,77,89,89,100,18,45,52,77,93,100,98,98,41,46,52,14,32,84,84,39,39,12,18,89,96,77,96,96,86,59,55,89,36,14,93,54,29,7,32,89,75,45,89,66,89,86,96,4,25,43,50,86,96,96,96,41,46,52,14,32,84,84,39,39,12,18,75,93,64,96,96,82,43,36,79,11,Niké Liga
Ružomberok,d7ju1d8fvjwosjm62zph5tqql,9n54ox1i7fskj6esi9h8xvfqi,A. Selecký,Alexander Selecký,23.0,Defender,Slovakia,Defender,36.0,17.0,63.0,11.0,82.0,5.0,15.0,7.0,3.0,4.0,3.0,11.0,11.0,30.0,10.0,8.0,716.0,2.0,11.0,10.0,3.0,8.0,0.0,0.0,0.0,0.0,64.57,39.29,31.48,27.27,28.57,51.72,38.46,66.67,0.483489354160999,1.5456771728837195,3.0,5.0,0.17088189,2.0,18.0,26.0,1.20075513,52.0,4.5251396648044695,2.136871508379888,7.918994413407821,1.38268156424581,10.3072625698324,0.6284916201117319,1.885474860335196,0.8798882681564245,0.3770949720670391,0.5027932960893855,0.3770949720670391,1.38268156424581,1.38268156424581,3.770949720670391,1.2569832402234635,1.005586592178771,0.2513966480446927,1.38268156424581,1.2569832402234635,0.3770949720670391,1.005586592178771,0.0,0.0,0.0,0.0,64.57,39.29,31.48,27.27,28.57,51.72,38.46,66.67,0.0607738015006842,0.194289030111082,0.3770949720670391,0.6284916201117319,0.0214795671787709,0.2513966480446927,2.2625698324022347,3.2681564245810053,0.1509329074022346,6.536312849162011,LB/LCB,21,100,43,71,21,50,93,93,71,100,96,86,86,71,32,64,86,86,89,68,79,39,36,46,54,7,43,71,29,43,57,14,46,79,93,96,43,64,50,68,82,64,36,7,100,7,36,7,29,79,86,57,100,86,79,71,43,7,43,64,64,79,43,50,39,36,46,54,7,43,71,29,43,57,14,46,57,86,93,21,43,21,43,50,64,7,Niké Liga
Ružomberok,d7ju1d8fvjwosjm62zph5tqql,aepfg6oyeyfxw5pyq62zfo0a2,A. Tučný,Adam Tucny,24.0,Midfielder,Slovakia,Midfielder,13.0,1.0,34.0,2.0,46.0,3.0,2.0,11.0,3.0,8.0,2.0,8.0,8.0,19.0,4.0,8.0,370.0,5.0,17.0,10.0,5.0,1.0,0.0,2.0,0.0,1.0,65.71,20.0,12.5,62.5,45.45,51.35,42.86,100.0,0.948473659479066,0.160208148837133,4.0,6.0,0.1860821899999999,2.0,5.0,7.0,0.24938316,26.0,3.1621621621621623,0.2432432432432432,8.270270270270272,0.4864864864864865,11.18918918918919,0.7297297297297298,0.4864864864864865,2.675675675675676,0.7297297297297298,1.945945945945946,0.4864864864864865,1.945945945945946,1.945945945945946,4.621621621621622,0.972972972972973,1.945945945945946,1.2162162162162162,4.135135135135136,2.4324324324324325,1.2162162162162162,0.2432432432432432,0.0,0.4864864864864865,0.0,0.2432432432432432,65.71,20.0,12.5,62.5,45.45,51.35,42.86,100.0,0.2307098090624755,0.0389695497171404,0.972972972972973,1.4594594594594597,0.0452632354054053,0.4864864864864865,1.2162162162162162,1.7027027027027029,0.0606607686486486,6.324324324324325,CM/AM,11,39,11,34,11,59,11,64,36,86,50,48,43,45,46,96,79,66,82,66,14,25,80,50,96,12,11,36,93,79,75,68,91,61,18,59,36,46,34,34,18,11,20,11,43,14,32,14,64,11,82,39,100,50,50,46,50,50,100,82,68,89,75,18,25,86,50,100,12,11,36,93,79,75,68,91,64,14,68,43,50,43,21,14,11,18,Niké Liga
Ružomberok,d7ju1d8fvjwosjm62zph5tqql,bttabwlvc5fxvw9gphuohznfu,M. Koubek,Matej Koubek,26.0,Attacker,Czechia,Striker,9.0,2.0,26.0,0.0,33.0,21.0,3.0,6.0,6.0,0.0,1.0,0.0,0.0,24.0,3.0,1.0,338.0,4.0,14.0,3.0,0.0,0.0,0.0,1.0,0.0,0.0,56.9,0.0,66.67,0.0,66.67,45.28,53.85,0.0,0.5114551808690393,0.4163822164204978,1.0,0.0,0.0,2.0,3.0,1.0,0.09871038,8.0,2.396449704142012,0.5325443786982249,6.923076923076923,0.0,8.78698224852071,5.591715976331361,0.7988165680473372,1.5976331360946745,1.5976331360946745,0.0,0.2662721893491124,0.0,0.0,6.390532544378698,0.7988165680473372,0.2662721893491124,1.0650887573964498,3.727810650887574,0.7988165680473372,0.0,0.0,0.0,0.2662721893491124,0.0,0.0,56.9,0.0,66.67,0.0,66.67,45.28,53.85,0.0,0.1361862907639453,0.1108710043723218,0.2662721893491124,0.0,0.0,0.5325443786982249,0.7988165680473372,0.2662721893491124,0.0262838289940828,2.1301775147929,ST,21,77,18,11,18,100,23,18,27,7,38,5,5,73,50,48,46,21,29,9,9,30,34,52,52,4,11,86,9,93,71,86,9,18,61,30,4,4,50,20,9,14,14,14,79,14,11,11,100,32,25,43,7,43,5,5,86,61,50,54,36,32,9,9,30,36,52,52,4,11,86,9,93,71,86,9,18,61,32,4,4,68,21,7,14,11,Niké Liga
Ružomberok,d7ju1d8fvjwosjm62zph5tqql,byyv7bl9m3sh4on62lvuc11bd,J. Hladík,Jan Hladík,32.0,Attacker,Czechia,Striker,34.0,3.0,71.0,3.0,102.0,2.0,8.0,10.0,9.0,1.0,2.0,16.0,17.0,21.0,3.0,2.0,611.0,5.0,28.0,8.0,7.0,3.0,0.0,1.0,0.0,0.0,80.31,60.0,30.0,43.75,50.0,32.31,12.5,75.0,1.1288357904519526,0.9470605085260266,3.0,7.0,0.17642626,2.0,9.0,17.0,1.04736599,37.0,5.008183306055646,0.44189852700491,10.458265139116204,0.44189852700491,15.02454991816694,0.2945990180032733,1.1783960720130933,1.4729950900163666,1.32569558101473,0.1472995090016366,0.2945990180032733,2.3567921440261865,2.504091653027823,3.09328968903437,0.44189852700491,0.2945990180032733,0.7364975450081833,4.124386252045826,1.1783960720130933,1.0310965630114566,0.44189852700491,0.0,0.1472995090016366,0.0,0.0,80.31,60.0,30.0,43.75,50.0,32.31,12.5,75.0,0.166276957677047,0.139501547900724,0.44189852700491,1.0310965630114566,0.025987501472995,0.2945990180032733,1.32569558101473,2.504091653027823,0.1542764960720131,5.4500818330605565,ST,88,89,93,66,89,16,88,50,57,30,62,84,84,64,50,71,59,82,75,80,57,30,34,52,52,79,64,71,54,71,14,7,82,43,93,66,71,61,50,75,88,93,79,54,68,61,43,54,14,57,18,21,14,50,64,64,18,36,57,43,39,46,57,46,30,21,52,52,79,64,71,54,71,14,7,82,29,71,50,43,32,39,43,68,86,61,Niké Liga
Ružomberok,d7ju1d8fvjwosjm62zph5tqql,e5ifxbnnw1cusmhnh18sge2vo,P. Jevoš,Patrik Jevoš,19.0,Attacker,Slovakia,Striker,11.0,0.0,21.0,0.0,32.0,1.0,1.0,1.0,0.0,1.0,0.0,9.0,9.0,14.0,3.0,2.0,262.0,0.0,6.0,6.0,3.0,3.0,0.0,0.0,0.0,0.0,68.09,0.0,0.0,33.33,0.0,46.67,33.33,75.0,0.0490380973114594,0.0590148279439531,1.0,0.0,0.0,1.0,2.0,3.0,0.07229892,10.0,3.7786259541984735,0.0,7.213740458015267,0.0,10.99236641221374,0.3435114503816794,0.3435114503816794,0.3435114503816794,0.0,0.3435114503816794,0.0,3.0916030534351147,3.0916030534351147,4.809160305343512,1.0305343511450382,0.6870229007633588,0.0,2.0610687022900764,2.0610687022900764,1.0305343511450382,1.0305343511450382,0.0,0.0,0.0,0.0,68.09,0.0,0.0,33.33,0.0,46.67,33.33,75.0,0.0168451479314173,0.0202722691410525,0.3435114503816794,0.0,0.0,0.3435114503816794,0.6870229007633588,1.0305343511450382,0.024835506870229,3.435114503816794,RW,25,38,25,38,25,38,25,25,25,62,38,50,50,50,75,88,38,25,100,25,75,38,62,62,62,25,38,38,50,38,50,50,75,25,25,25,25,25,25,62,25,25,25,25,38,25,38,25,25,25,25,25,50,38,50,25,50,100,100,38,25,75,50,75,38,62,62,62,25,38,38,50,38,50,50,75,25,25,25,25,25,25,75,50,25,25,Niké Liga
Skalica,8z6b1xgghbcalbv9dg1jcmb5k,1lzqnhtefu81ttvcpe6a4e6l1,D. Bariš,Damián Baris,31.0,Midfielder,Slovakia,Midfielder,75.0,12.0,85.0,10.0,148.0,3.0,8.0,3.0,3.0,0.0,0.0,5.0,5.0,22.0,7.0,7.0,530.0,2.0,5.0,2.0,2.0,9.0,0.0,0.0,0.0,0.0,75.9,41.67,41.38,40.0,66.67,45.83,42.86,60.0,0.342481949722891,0.9688459234241038,0.0,3.0,0.05544015,4.0,14.0,15.0,0.3325721699999999,73.0,12.735849056603772,2.037735849056604,14.433962264150942,1.6981132075471697,25.132075471698112,0.5094339622641509,1.3584905660377358,0.5094339622641509,0.5094339622641509,0.0,0.0,0.8490566037735848,0.8490566037735848,3.735849056603773,1.1886792452830188,1.1886792452830188,0.3396226415094339,0.8490566037735848,0.3396226415094339,0.3396226415094339,1.5283018867924527,0.0,0.0,0.0,0.0,75.9,41.67,41.38,40.0,66.67,45.83,42.86,60.0,0.0581573122170946,0.1645210058644704,0.0,0.5094339622641509,0.0094143650943396,0.6792452830188679,2.3773584905660377,2.5471698113207544,0.0564745194339622,12.396226415094338,DM/CM,41,94,48,46,30,41,74,28,61,7,13,69,65,39,39,63,56,39,9,52,81,35,33,52,50,4,28,81,43,96,11,41,61,33,81,9,33,26,76,30,28,26,35,26,93,26,37,19,22,72,19,63,7,13,56,56,19,30,44,52,33,7,52,70,35,33,52,50,4,28,81,43,96,11,41,61,37,85,9,26,19,72,19,19,19,19,Niké Liga
Skalica,8z6b1xgghbcalbv9dg1jcmb5k,2oauhtwpdagdbboxn9zylvjd,L. Nonikashvili,Levan Nonikashvili,31.0,Midfielder,Georgia,Midfielder,47.0,2.0,78.0,5.0,123.0,6.0,7.0,13.0,5.0,8.0,3.0,14.0,14.0,50.0,4.0,8.0,556.0,5.0,16.0,16.0,7.0,16.0,0.0,3.0,0.0,0.0,71.51,50.0,22.22,50.0,38.46,54.95,46.15,76.19,1.9796430840552823,0.6861624475690763,5.0,7.0,0.24101993,3.0,16.0,18.0,0.7685820200000002,59.0,7.6079136690647475,0.3237410071942446,12.625899280575538,0.8093525179856115,19.91007194244604,0.9712230215827338,1.1330935251798562,2.1043165467625897,0.8093525179856115,1.2949640287769784,0.4856115107913669,2.2661870503597124,2.2661870503597124,8.093525179856115,0.6474820143884892,1.2949640287769784,0.8093525179856115,2.5899280575539567,2.5899280575539567,1.1330935251798562,2.5899280575539567,0.0,0.4856115107913669,0.0,0.0,71.51,50.0,22.22,50.0,38.46,54.95,46.15,76.19,0.3204458229585888,0.1110694609374404,0.8093525179856115,1.1330935251798562,0.0390140174460431,0.4856115107913669,2.5899280575539567,2.913669064748201,0.1244107586330935,9.550359712230216,CM/AM,66,55,54,70,59,77,54,82,59,86,66,75,75,100,46,96,79,59,100,86,100,25,93,50,46,25,64,70,66,71,96,77,71,93,54,71,46,61,46,71,61,64,50,54,46,25,61,29,75,36,46,43,71,46,61,61,100,36,93,68,46,93,68,100,25,82,50,46,25,64,70,66,71,96,77,71,89,43,57,21,36,39,64,50,46,25,Niké Liga
Skalica,8z6b1xgghbcalbv9dg1jcmb5k,2tim10de6mjduagwk6r8dcrca,L. Šimko,Lukáš Šimko,27.0,Defender,Slovakia,Defender,43.0,2.0,50.0,4.0,91.0,6.0,3.0,3.0,3.0,0.0,1.0,8.0,9.0,27.0,11.0,9.0,545.0,1.0,12.0,6.0,2.0,9.0,1.0,1.0,0.0,0.0,68.42,17.39,40.0,25.0,33.33,46.55,42.86,69.23,0.6291411660275935,0.3451607033485242,1.0,4.0,0.1313351,2.0,7.0,13.0,0.5959722000000001,49.0,7.100917431192661,0.3302752293577982,8.256880733944955,0.6605504587155964,15.027522935779816,0.9908256880733946,0.4954128440366973,0.4954128440366973,0.4954128440366973,0.0,0.1651376146788991,1.3211009174311927,1.4862385321100915,4.458715596330276,1.81651376146789,1.4862385321100915,0.1651376146788991,1.981651376146789,0.9908256880733946,0.3302752293577982,1.4862385321100915,0.1651376146788991,0.1651376146788991,0.0,0.0,68.42,17.39,40.0,25.0,33.33,46.55,42.86,69.23,0.103894871454098,0.0569990152318663,0.1651376146788991,0.6605504587155964,0.0216883651376146,0.3302752293577982,1.1559633027522935,2.146788990825688,0.0984174275229358,8.091743119266056,RB/RCB,25,72,25,12,19,44,50,56,75,12,56,72,72,50,28,78,72,94,75,56,66,62,91,44,53,12,6,88,28,88,19,19,62,81,50,44,41,62,38,12,31,31,19,12,69,6,6,6,38,50,56,75,12,62,69,69,56,25,75,75,88,62,56,50,69,94,44,53,12,6,88,28,88,19,19,62,88,56,56,50,62,38,6,12,38,6,Niké Liga
Skalica,8z6b1xgghbcalbv9dg1jcmb5k,5nb31ongtpuay1rn17e7e9coa,P. Pudhorocký,Petr Pudhorocky,25.0,Midfielder,Czechia,Midfielder,86.0,6.0,94.0,4.0,174.0,3.0,8.0,2.0,0.0,2.0,1.0,10.0,10.0,29.0,5.0,5.0,477.0,0.0,4.0,9.0,6.0,6.0,1.0,0.0,1.0,0.0,78.38,25.0,42.86,60.0,0.0,45.31,23.08,54.55,0.1772008007604955,0.7491729459590216,2.0,8.0,0.18705651,2.0,14.0,21.0,0.7936999899999998,86.0,16.22641509433962,1.1320754716981132,17.735849056603776,0.7547169811320755,32.83018867924528,0.5660377358490566,1.509433962264151,0.3773584905660377,0.0,0.3773584905660377,0.1886792452830188,1.8867924528301887,1.8867924528301887,5.471698113207547,0.9433962264150944,0.9433962264150944,0.0,0.7547169811320755,1.69811320754717,1.1320754716981132,1.1320754716981132,0.1886792452830188,0.0,0.1886792452830188,0.0,78.38,25.0,42.86,60.0,0.0,45.31,23.08,54.55,0.0334341133510368,0.141353386030004,0.3773584905660377,1.509433962264151,0.0352936811320754,0.3773584905660377,2.6415094339622645,3.962264150943396,0.1497547150943396,16.22641509433962,CM/AM,96,88,71,62,93,59,61,5,5,36,27,62,62,71,59,70,11,9,73,77,70,64,21,100,46,50,20,95,88,11,57,38,39,4,61,38,59,50,34,61,70,68,89,96,75,64,54,86,50,57,7,5,32,14,39,39,71,46,75,11,11,71,64,54,64,21,100,46,50,20,95,88,11,57,38,39,7,57,29,46,29,32,71,68,61,93,Niké Liga
Skalica,8z6b1xgghbcalbv9dg1jcmb5k,6sdt0s0rs32ng3ohq67krgx04,A. Ravas,Adam Ravas,18.0,Midfielder,Slovakia,Midfielder,49.0,1.0,70.0,3.0,118.0,3.0,5.0,4.0,1.0,3.0,3.0,7.0,7.0,18.0,8.0,2.0,516.0,0.0,14.0,3.0,4.0,3.0,0.0,0.0,0.0,0.0,77.63,23.08,14.29,57.14,0.0,32.73,23.08,37.5,0.2067713946231433,0.3357352859292936,1.0,4.0,0.11112868,1.0,15.0,18.0,0.62707976,61.0,8.546511627906977,0.1744186046511628,12.209302325581396,0.5232558139534884,20.58139534883721,0.5232558139534884,0.872093023255814,0.6976744186046512,0.1744186046511628,0.5232558139534884,0.5232558139534884,1.2209302325581397,1.2209302325581397,3.13953488372093,1.3953488372093024,0.3488372093023256,0.0,2.441860465116279,0.5232558139534884,0.6976744186046512,0.5232558139534884,0.0,0.0,0.0,0.0,77.63,23.08,14.29,57.14,0.0,32.73,23.08,37.5,0.0360647781319436,0.0585584801039465,0.1744186046511628,0.6976744186046512,0.0193829093023255,0.1744186046511628,2.6162790697674416,3.13953488372093,0.109374376744186,10.63953488372093,CM/AM,71,39,50,55,54,59,39,14,12,45,66,38,27,36,79,45,11,50,16,55,38,25,21,50,46,46,14,45,82,11,7,38,14,11,29,21,14,14,14,66,61,50,59,64,36,21,36,36,43,21,11,11,39,57,25,18,11,79,39,11,43,7,46,32,25,21,50,46,46,14,45,82,11,7,38,14,11,25,18,7,11,4,68,54,36,50,Niké Liga
Skalica,8z6b1xgghbcalbv9dg1jcmb5k,8zewrjdmkri7d1j12kmlji978,P. Guinari,Peter Guinari,25.0,Defender,Central African Republic,Defender,101.0,0.0,25.0,1.0,126.0,12.0,1.0,6.0,5.0,1.0,2.0,1.0,1.0,19.0,33.0,2.0,348.0,1.0,6.0,2.0,1.0,4.0,0.0,1.0,0.0,0.0,84.56,8.33,0.0,100.0,16.67,61.29,63.16,100.0,0.7433752054605015,0.0913010013016835,1.0,1.0,0.0199707,0.0,3.0,5.0,0.0968481799999999,71.0,26.120689655172413,0.0,6.465517241379311,0.2586206896551724,32.58620689655172,3.103448275862069,0.2586206896551724,1.5517241379310345,1.293103448275862,0.2586206896551724,0.5172413793103449,0.2586206896551724,0.2586206896551724,4.913793103448276,8.53448275862069,0.5172413793103449,0.2586206896551724,1.5517241379310345,0.5172413793103449,0.2586206896551724,1.0344827586206895,0.0,0.2586206896551724,0.0,0.0,84.56,8.33,0.0,100.0,16.67,61.29,63.16,100.0,0.1922522083087504,0.0236123279228491,0.2586206896551724,0.2586206896551724,0.0051648362068965,0.0,0.7758620689655172,1.293103448275862,0.0250469431034482,18.36206896551724,CB,34,32,11,4,21,66,32,73,80,59,77,34,34,41,64,14,52,41,38,46,38,39,91,46,52,54,4,32,84,43,64,66,91,82,39,61,27,29,23,7,11,4,25,54,32,7,4,43,96,32,93,93,61,96,36,36,68,100,18,54,82,43,50,50,39,93,46,52,54,4,32,84,43,64,66,91,96,39,61,29,39,23,4,11,4,43,Niké Liga
Skalica,8z6b1xgghbcalbv9dg1jcmb5k,a0eof0c5ifjrxf1nbyfropdjp,E. Daniel,Erik Daniel,34.0,Midfielder,Czechia,Midfielder,55.0,10.0,113.0,9.0,158.0,3.0,10.0,21.0,12.0,9.0,9.0,31.0,32.0,31.0,12.0,7.0,714.0,6.0,32.0,12.0,13.0,1.0,2.0,0.0,0.0,0.0,74.88,32.14,20.0,41.94,28.57,41.33,30.0,33.33,2.139715678710318,1.1007035799021376,7.0,16.0,0.5142815000000001,5.0,20.0,30.0,1.82140764,79.0,6.932773109243697,1.2605042016806722,14.243697478991596,1.134453781512605,19.915966386554626,0.3781512605042016,1.2605042016806722,2.647058823529412,1.512605042016807,1.134453781512605,1.134453781512605,3.907563025210084,4.033613445378151,3.907563025210084,1.512605042016807,0.8823529411764706,0.7563025210084033,4.033613445378151,1.512605042016807,1.638655462184874,0.1260504201680672,0.2521008403361344,0.0,0.0,0.0,74.88,32.14,20.0,41.94,28.57,41.33,30.0,33.33,0.2697120603416367,0.1387441487271602,0.8823529411764706,2.016806722689076,0.0648253991596638,0.6302521008403361,2.5210084033613445,3.7815126050420167,0.2295891983193277,9.957983193277313,CM/AM,84,96,88,89,86,59,82,96,96,95,98,100,100,77,96,86,88,95,89,100,14,89,21,50,46,36,36,62,50,39,43,50,11,96,82,91,93,93,75,80,88,100,82,36,82,36,75,32,36,46,79,68,68,86,89,89,32,82,68,54,64,61,93,7,68,21,50,46,36,36,62,50,39,43,50,11,75,54,61,61,71,50,61,64,82,36,Niké Liga
Skalica,8z6b1xgghbcalbv9dg1jcmb5k,alnhvswa0mkn6ls9x2fomlexh,A. Morong,Adam Morong,33.0,Midfielder,Slovakia,Midfielder,55.0,0.0,58.0,8.0,113.0,6.0,2.0,2.0,2.0,0.0,0.0,6.0,7.0,24.0,18.0,8.0,511.0,0.0,6.0,5.0,1.0,9.0,0.0,0.0,0.0,0.0,69.75,27.59,0.0,16.67,0.0,58.54,46.15,75.0,0.1790371477264677,0.1239270015878975,0.0,7.0,0.13369352,1.0,12.0,13.0,0.3783712799999998,60.0,9.686888454011742,0.0,10.215264187866929,1.4090019569471623,19.90215264187867,1.0567514677103718,0.3522504892367906,0.3522504892367906,0.3522504892367906,0.0,0.0,1.0567514677103718,1.2328767123287672,4.227005870841487,3.1702544031311155,1.4090019569471623,0.0,1.0567514677103718,0.8806262230919765,0.1761252446183953,1.5851272015655578,0.0,0.0,0.0,0.0,69.75,27.59,0.0,16.67,0.0,58.54,46.15,75.0,0.0315329614391039,0.0218266734694927,0.0,1.2328767123287672,0.0235468039138943,0.1761252446183953,2.1135029354207435,2.2896281800391387,0.0666407342465753,10.567514677103718,CM/AM,84,16,39,84,50,77,11,5,23,9,7,23,27,64,100,96,11,20,39,12,84,25,21,50,46,18,25,16,11,11,100,77,66,7,11,7,46,29,14,54,45,29,54,71,16,18,86,25,82,7,4,25,9,7,14,21,36,100,96,11,14,14,11,82,25,21,50,46,18,25,16,11,11,100,77,66,4,7,7,29,14,7,50,21,14,46,Niké Liga
Skalica,8z6b1xgghbcalbv9dg1jcmb5k,as9w12k4pcyxfkpuvtld9skph,M. Černek,Martin Černek,31.0,Defender,Slovakia,Defender,39.0,1.0,27.0,11.0,65.0,7.0,1.0,2.0,2.0,0.0,0.0,2.0,2.0,18.0,15.0,4.0,210.0,0.0,2.0,2.0,2.0,2.0,0.0,0.0,0.0,0.0,77.38,55.0,100.0,100.0,0.0,64.29,70.0,28.57,0.2192059353950177,0.0831956340362948,0.0,0.0,0.0,0.0,3.0,7.0,0.1394747099999999,40.0,16.71428571428571,0.4285714285714285,11.571428571428571,4.714285714285714,27.85714285714285,3.0,0.4285714285714285,0.8571428571428571,0.8571428571428571,0.0,0.0,0.8571428571428571,0.8571428571428571,7.7142857142857135,6.428571428571428,1.7142857142857142,0.0,0.8571428571428571,0.8571428571428571,0.8571428571428571,0.8571428571428571,0.0,0.0,0.0,0.0,77.38,55.0,100.0,100.0,0.0,64.29,70.0,28.57,0.093945400883579,0.0356552717298406,0.0,0.0,0.0,0.0,1.2857142857142856,3.0,0.0597748757142856,17.142857142857142,CB,11,71,14,36,7,39,32,25,36,23,23,55,55,34,29,29,20,20,38,66,11,39,41,46,52,21,86,98,84,20,84,82,4,32,36,27,5,5,23,7,20,14,4,36,82,32,89,29,88,55,61,82,23,23,82,79,100,79,93,20,25,66,93,43,39,41,46,52,21,86,98,84,20,84,82,4,68,61,27,5,5,23,18,39,21,32,Niké Liga
Skalica,8z6b1xgghbcalbv9dg1jcmb5k,bkwvqabu13v1d8kt207rvc00k,P. Karhan,Patrick Karhan,23.0,Midfielder,Slovakia,Midfielder,171.0,0.0,72.0,30.0,243.0,26.0,0.0,4.0,4.0,0.0,1.0,2.0,2.0,43.0,77.0,13.0,720.0,1.0,5.0,3.0,1.0,7.0,0.0,0.0,0.0,0.0,76.18,42.25,0.0,50.0,25.0,61.43,61.9,53.85,0.4517909743596478,0.0,1.0,2.0,0.03870264,0.0,22.0,25.0,0.4657944199999999,153.0,21.375,0.0,9.0,3.75,30.375,3.25,0.0,0.5,0.5,0.0,0.125,0.25,0.25,5.375,9.625,1.625,0.125,0.625,0.375,0.125,0.875,0.0,0.0,0.0,0.0,76.18,42.25,0.0,50.0,25.0,61.43,61.9,53.85,0.0564738717949559,0.0,0.125,0.25,0.00483783,0.0,2.75,3.125,0.0582243024999999,19.125,DM/CM,85,22,33,93,67,100,6,35,74,7,46,19,19,100,100,96,33,39,22,30,61,35,33,52,50,7,33,22,57,35,74,70,41,41,6,33,19,11,15,63,63,41,81,63,22,11,78,44,100,6,15,59,7,26,11,11,59,100,78,22,19,11,15,33,35,33,52,50,7,33,22,57,35,74,70,41,33,6,19,11,11,15,26,41,22,48,Niké Liga
Skalica,8z6b1xgghbcalbv9dg1jcmb5k,c0i4knjhwdhvva4mvb54kx3x0,P. Onyedika,Philip Obinna Onyedika,20.0,Attacker,Nigeria,Striker,21.0,1.0,54.0,7.0,74.0,13.0,4.0,16.0,13.0,3.0,1.0,23.0,25.0,49.0,2.0,0.0,538.0,7.0,32.0,15.0,9.0,8.0,1.0,3.0,0.0,0.0,69.81,70.0,25.0,39.13,43.75,38.58,33.33,66.67,1.6071281553653862,0.3367718019885125,4.0,7.0,0.18327936,3.0,6.0,6.0,0.19354958,31.0,3.513011152416357,0.1672862453531598,9.033457249070633,1.1710037174721188,12.37918215613383,2.174721189591078,0.6691449814126395,2.676579925650558,2.174721189591078,0.5018587360594795,0.1672862453531598,3.8475836431226766,4.182156133828996,8.197026022304833,0.3345724907063197,0.0,1.1710037174721188,5.353159851301116,2.509293680297397,1.5055762081784387,1.338289962825279,0.1672862453531598,0.5018587360594795,0.0,0.0,69.81,70.0,25.0,39.13,43.75,38.58,33.33,66.67,0.2688504349124252,0.056337290295476,0.6691449814126395,1.1710037174721188,0.0306601159851301,0.5018587360594795,1.003717472118959,1.003717472118959,0.032378182527881,5.185873605947955,ST,46,52,66,95,57,93,39,89,82,73,38,96,96,93,34,16,82,93,93,91,89,73,84,52,52,32,75,54,43,57,36,32,66,68,39,79,71,64,71,50,46,32,64,36,46,39,96,36,79,18,61,61,68,32,100,100,96,29,16,64,57,93,89,89,64,64,52,52,32,75,54,43,57,36,32,66,46,21,64,54,39,64,32,27,21,57,Niké Liga
Skalica,8z6b1xgghbcalbv9dg1jcmb5k,dnzbafthal4rwaudpc54ew5m2,S. Sul'a,Samuel Sul'a,26.0,Defender,Slovakia,Defender,76.0,1.0,78.0,16.0,153.0,7.0,2.0,1.0,0.0,1.0,1.0,4.0,5.0,25.0,36.0,6.0,692.0,0.0,1.0,0.0,1.0,16.0,1.0,0.0,0.0,0.0,65.38,28.57,9.09,25.0,0.0,49.02,46.67,94.12,0.0339058996231402,0.3085461315257451,1.0,4.0,0.09533575,3.0,17.0,23.0,0.7468309,88.0,9.884393063583817,0.130057803468208,10.144508670520231,2.0809248554913293,19.89884393063584,0.9104046242774566,0.2601156069364161,0.130057803468208,0.0,0.130057803468208,0.130057803468208,0.5202312138728323,0.6502890173410405,3.251445086705202,4.682080924855491,0.7803468208092486,0.0,0.130057803468208,0.0,0.130057803468208,2.0809248554913293,0.130057803468208,0.0,0.0,0.0,65.38,28.57,9.09,25.0,0.0,49.02,46.67,94.12,0.0044097268295991,0.0401288321348512,0.130057803468208,0.5202312138728323,0.0123991582369942,0.3901734104046243,2.2109826589595376,2.991329479768786,0.0971311864161849,11.445086705202312,RB/RCB,44,44,38,72,38,59,28,22,19,44,56,47,47,44,94,56,34,19,9,31,100,62,44,44,53,6,19,31,28,34,38,44,100,12,44,44,41,38,56,50,50,50,59,31,38,12,50,12,25,19,12,19,25,38,38,44,6,88,50,34,19,9,25,100,50,44,44,53,6,19,31,28,34,38,44,100,12,25,31,38,31,44,31,44,31,31,Niké Liga
Zemplín Michalovce,1qm038k9aqtouv4i738utxwdo,2epom5c0lfo6kxj7pqvz8m6zt,A. Zubairu,Abdul Zubairu,27.0,Midfielder,Nigeria,Midfielder,79.0,1.0,76.0,6.0,154.0,2.0,4.0,2.0,0.0,2.0,1.0,3.0,4.0,19.0,10.0,7.0,294.0,0.0,4.0,2.0,3.0,8.0,0.0,0.0,0.0,0.0,84.62,30.0,25.0,100.0,0.0,50.0,66.67,66.67,0.1085577018655552,0.3470488580411631,1.0,2.0,0.08377727,2.0,19.0,19.0,0.59790594,73.0,24.18367346938776,0.3061224489795918,23.26530612244898,1.836734693877551,47.142857142857146,0.6122448979591837,1.2244897959183674,0.6122448979591837,0.0,0.6122448979591837,0.3061224489795918,0.9183673469387756,1.2244897959183674,5.816326530612245,3.061224489795918,2.142857142857143,0.0,1.2244897959183674,0.6122448979591837,0.9183673469387756,2.4489795918367347,0.0,0.0,0.0,0.0,84.62,30.0,25.0,100.0,0.0,50.0,66.67,66.67,0.0332319495506801,0.1062394463391315,0.3061224489795918,0.6122448979591837,0.0256461030612244,0.6122448979591837,5.816326530612245,5.816326530612245,0.1830324306122449,22.346938775510203,DM/CM,44,48,37,28,33,22,54,17,9,44,46,35,48,24,63,63,11,26,9,67,72,35,33,52,50,59,11,54,96,11,30,80,74,11,56,33,19,37,48,43,46,59,35,78,59,85,41,74,37,59,26,9,59,63,63,78,78,85,96,11,52,22,81,100,35,33,52,50,59,11,54,96,11,30,80,74,11,67,41,33,52,63,85,81,96,74,Niké Liga
Zemplín Michalovce,1qm038k9aqtouv4i738utxwdo,2t0b3g0otpzxcvtyfvp08ttgq,P. Danek,Patrik Danek,24.0,Midfielder,Slovakia,Midfielder,9.0,2.0,16.0,1.0,23.0,2.0,3.0,7.0,6.0,1.0,1.0,6.0,7.0,10.0,8.0,0.0,286.0,4.0,15.0,5.0,2.0,1.0,2.0,2.0,0.0,0.0,65.71,50.0,18.18,33.33,57.14,41.67,0.0,100.0,0.6072179874172349,0.5231438685255136,1.0,3.0,0.1380408,1.0,0.0,3.0,0.33930611,11.0,2.8321678321678325,0.6293706293706294,5.034965034965035,0.3146853146853147,7.237762237762238,0.6293706293706294,0.944055944055944,2.202797202797203,1.888111888111888,0.3146853146853147,0.3146853146853147,1.888111888111888,2.202797202797203,3.146853146853147,2.517482517482517,0.0,1.2587412587412588,4.720279720279721,1.5734265734265735,0.6293706293706294,0.3146853146853147,0.6293706293706294,0.6293706293706294,0.0,0.0,65.71,50.0,18.18,33.33,57.14,41.67,0.0,100.0,0.191082583452976,0.1646256928926441,0.3146853146853147,0.944055944055944,0.0434394125874125,0.3146853146853147,0.0,0.944055944055944,0.10677465,3.4615384615384617,CM/AM,5,55,4,9,4,41,21,41,66,23,27,23,27,7,79,11,66,54,39,23,14,89,80,50,46,12,64,50,32,89,46,12,91,39,46,21,7,36,14,4,4,25,4,7,70,4,11,4,54,25,57,82,29,32,43,57,16,96,11,86,75,64,30,21,96,96,50,46,12,64,50,32,89,46,12,91,61,64,25,14,43,18,4,11,32,7,Niké Liga
Zemplín Michalovce,1qm038k9aqtouv4i738utxwdo,4n1s49nvjwknaqepz9nk6okyc,F. Bahi,Henry Franck Bahi,26.0,Defender,Guinea,Defender,31.0,0.0,29.0,4.0,60.0,4.0,0.0,1.0,0.0,1.0,0.0,2.0,2.0,11.0,9.0,2.0,270.0,1.0,1.0,2.0,1.0,3.0,0.0,0.0,0.0,0.0,75.0,30.77,0.0,50.0,100.0,47.83,50.0,75.0,0.0502337352884027,0.0,0.0,1.0,0.02401521,1.0,7.0,11.0,0.1929726,36.0,10.333333333333334,0.0,9.666666666666666,1.3333333333333333,20.0,1.3333333333333333,0.0,0.3333333333333333,0.0,0.3333333333333333,0.0,0.6666666666666666,0.6666666666666666,3.6666666666666665,3.0,0.6666666666666666,0.3333333333333333,0.3333333333333333,0.6666666666666666,0.3333333333333333,1.0,0.0,0.0,0.0,0.0,75.0,30.77,0.0,50.0,100.0,47.83,50.0,75.0,0.0167445784294675,0.0,0.0,0.3333333333333333,0.00800507,0.3333333333333333,2.333333333333333,3.6666666666666665,0.0643242,12.0,LB/LCB,14,25,14,21,14,36,11,14,7,57,18,21,21,21,18,7,50,7,39,32,18,39,36,46,54,32,29,25,64,100,36,39,82,7,11,21,7,7,25,25,29,7,14,29,25,14,25,21,57,11,21,7,86,18,36,36,29,64,7,79,7,43,36,39,39,36,46,54,32,29,25,64,100,36,39,82,14,11,21,7,7,43,50,64,21,43,Niké Liga
Zemplín Michalovce,1qm038k9aqtouv4i738utxwdo,54vrwxfvshcftu7ffssh1reac,L. Lemishko,Luka Lemishko,20.0,Attacker,Ukraine,Striker,32.0,1.0,41.0,3.0,72.0,2.0,4.0,9.0,6.0,3.0,2.0,24.0,26.0,54.0,11.0,7.0,627.0,3.0,23.0,16.0,15.0,14.0,0.0,2.0,0.0,0.0,66.06,25.0,100.0,62.5,33.33,60.0,33.33,66.67,0.8803767919122868,0.2962551728466792,5.0,8.0,0.24587157,2.0,10.0,8.0,0.4319187499999998,35.0,4.5933014354066986,0.1435406698564593,5.885167464114833,0.4306220095693779,10.334928229665072,0.2870813397129186,0.5741626794258373,1.291866028708134,0.8612440191387559,0.4306220095693779,0.2870813397129186,3.444976076555024,3.732057416267944,7.751196172248804,1.5789473684210529,1.0047846889952152,0.4306220095693779,3.3014354066985647,2.2966507177033493,2.15311004784689,2.0095693779904304,0.0,0.2870813397129186,0.0,0.0,66.06,25.0,100.0,62.5,33.33,60.0,33.33,66.67,0.1263698744371703,0.0425246659588534,0.7177033492822966,1.1483253588516746,0.0352925698564593,0.2870813397129186,1.4354066985645932,1.1483253588516746,0.0619979066985645,5.023923444976076,ST,80,52,45,66,54,16,39,39,27,73,62,100,100,96,100,100,32,61,96,100,100,30,62,52,52,18,23,95,93,34,100,32,66,32,25,89,84,82,50,82,62,68,73,46,39,7,36,21,11,11,14,14,57,46,89,93,93,93,96,18,25,89,100,100,30,46,52,52,18,23,95,93,34,100,32,66,14,7,68,46,54,36,50,36,39,54,Niké Liga
Zemplín Michalovce,1qm038k9aqtouv4i738utxwdo,5e06ig98tcuvgxut22sqojcic,T. Pilling,Tommy Pilling,22.0,Midfielder,England,Midfielder,39.0,1.0,33.0,2.0,71.0,2.0,3.0,4.0,3.0,1.0,1.0,9.0,9.0,25.0,11.0,6.0,349.0,1.0,4.0,9.0,6.0,5.0,0.0,0.0,0.0,0.0,76.34,13.33,50.0,66.67,25.0,60.98,40.0,62.5,0.7746412856316682,0.3124469268751668,1.0,2.0,0.12675449,0.0,7.0,8.0,0.35155152,29.0,10.05730659025788,0.2578796561604584,8.510028653295128,0.5157593123209169,18.30945558739255,0.5157593123209169,0.7736389684813754,1.0315186246418335,0.7736389684813754,0.2578796561604584,0.2578796561604584,2.320916905444126,2.320916905444126,6.446991404011461,2.836676217765043,1.5472779369627507,0.2578796561604584,1.0315186246418335,2.320916905444126,1.5472779369627507,1.2893982808022924,0.0,0.0,0.0,0.0,76.34,13.33,50.0,66.67,25.0,60.98,40.0,62.5,0.19976422838639,0.0805737060709599,0.2578796561604584,0.5157593123209169,0.0326874042979942,0.0,1.805157593123209,2.0630372492836675,0.0906579851002865,7.478510028653295,DM/CM,7,48,7,6,7,22,35,35,61,26,46,85,85,44,67,44,33,26,72,89,37,35,33,52,50,11,4,93,76,35,70,33,67,78,44,33,19,63,15,4,11,33,4,15,52,7,7,7,30,48,44,78,30,56,85,85,85,81,74,41,41,93,93,67,35,33,52,50,11,4,93,76,35,70,33,67,93,59,37,30,59,15,7,15,41,4,Niké Liga
Zemplín Michalovce,1qm038k9aqtouv4i738utxwdo,5jd3xi68273u2xl2d1gsonc2d,L. Pauschek,Lukás Pauschek,33.0,Defender,Slovakia,Defender,110.0,2.0,112.0,9.0,220.0,6.0,9.0,1.0,0.0,1.0,0.0,10.0,11.0,23.0,23.0,7.0,720.0,1.0,7.0,5.0,4.0,5.0,0.0,0.0,0.0,0.0,80.88,45.0,25.0,40.0,100.0,48.94,37.5,62.5,0.0603789052409844,0.7259901845748744,1.0,8.0,0.16697349,4.0,22.0,21.0,0.6145961300000005,117.0,13.75,0.25,14.0,1.125,27.5,0.75,1.125,0.125,0.0,0.125,0.0,1.25,1.375,2.875,2.875,0.875,0.125,0.875,0.625,0.5,0.625,0.0,0.0,0.0,0.0,80.88,45.0,25.0,40.0,100.0,48.94,37.5,62.5,0.007547363155123,0.0907487730718593,0.125,1.0,0.02087168625,0.5,2.75,2.625,0.07682451625,14.625,CB,46,82,79,20,50,32,88,14,12,59,23,96,96,50,46,77,52,61,75,88,54,39,41,46,52,32,41,70,36,96,18,25,36,14,82,61,91,89,86,68,48,54,50,21,75,50,11,25,9,86,7,12,46,23,93,93,14,29,50,39,32,50,75,29,39,41,46,52,32,41,70,36,96,18,25,36,11,82,54,82,79,75,50,32,39,18,Niké Liga
Zemplín Michalovce,1qm038k9aqtouv4i738utxwdo,82l95d7jh9f8em7w6dn7smgpg,P. Volanakis,Polydefkis Volanakis,23.0,Defender,Greece,Defender,163.0,1.0,68.0,21.0,230.0,14.0,3.0,5.0,2.0,3.0,1.0,5.0,5.0,29.0,60.0,11.0,622.0,1.0,4.0,2.0,3.0,4.0,0.0,0.0,0.0,0.0,70.55,25.0,50.0,60.0,20.0,58.0,56.0,40.0,0.4134413678590255,0.3253533954524978,2.0,7.0,0.14940255,2.0,27.0,26.0,0.6311442399999997,133.0,23.585209003215432,0.1446945337620578,9.839228295819936,3.0385852090032155,33.27974276527331,2.02572347266881,0.4340836012861736,0.7234726688102894,0.2893890675241157,0.4340836012861736,0.1446945337620578,0.7234726688102894,0.7234726688102894,4.196141479099678,8.681672025723472,1.5916398713826363,0.1446945337620578,0.5787781350482315,0.2893890675241157,0.4340836012861736,0.5787781350482315,0.0,0.0,0.0,0.0,70.55,25.0,50.0,60.0,20.0,58.0,56.0,40.0,0.0598227059603091,0.0470768578629016,0.2893890675241157,1.012861736334405,0.0216177323151125,0.2893890675241157,3.9067524115755625,3.762057877813505,0.0913231215434083,19.244372990353696,LB/LCB,79,54,57,93,79,86,43,79,46,93,57,57,54,61,100,86,50,36,39,68,39,39,36,46,54,14,11,89,86,32,71,50,7,71,57,82,61,57,50,86,82,57,79,79,50,21,93,64,79,36,79,29,93,43,50,50,64,100,64,36,21,29,57,14,39,36,46,54,14,11,89,86,32,71,50,7,50,57,71,64,50,29,86,71,50,79,Niké Liga
Zemplín Michalovce,1qm038k9aqtouv4i738utxwdo,aekbf0mi3il1ts0s2xlheolqs,K. Brosnan,Kai Brosnan,24.0,Midfielder,England,Midfielder,21.0,0.0,50.0,2.0,71.0,0.0,4.0,11.0,8.0,3.0,5.0,8.0,8.0,14.0,0.0,1.0,328.0,4.0,20.0,4.0,3.0,6.0,0.0,1.0,0.0,0.0,79.78,40.0,0.0,37.5,36.36,36.84,0.0,85.71,0.9727639590840428,0.3609465083147923,7.0,8.0,0.30019194,1.0,5.0,8.0,0.2859644699999999,16.0,5.76219512195122,0.0,13.719512195121952,0.5487804878048781,19.48170731707317,0.0,1.0975609756097562,3.018292682926829,2.1951219512195124,0.8231707317073171,1.3719512195121952,2.1951219512195124,2.1951219512195124,3.841463414634146,0.0,0.274390243902439,1.0975609756097562,5.487804878048781,1.0975609756097562,0.8231707317073171,1.6463414634146345,0.0,0.274390243902439,0.0,0.0,79.78,40.0,0.0,37.5,36.36,36.84,0.0,85.71,0.2669169399925727,0.0990402004522296,1.920731707317073,2.1951219512195124,0.0823697396341463,0.274390243902439,1.3719512195121952,2.1951219512195124,0.0784658606707316,4.390243902439025,CM/AM,21,16,32,34,21,11,29,64,80,45,82,48,43,20,7,29,66,75,30,39,70,25,57,50,46,57,50,16,43,59,18,12,79,68,32,91,59,68,14,34,29,18,7,21,16,32,39,18,11,29,89,88,57,96,57,54,29,7,25,75,89,45,54,89,25,57,50,46,57,50,16,43,59,18,12,79,71,36,100,75,82,14,25,18,21,14,Niké Liga
Zemplín Michalovce,1qm038k9aqtouv4i738utxwdo,c83ms1i1lpmx77fl1ojbhs1qt,E. Mashike,Elvis Mashike,32.0,Attacker,Congo DR,Striker,20.0,0.0,56.0,6.0,76.0,16.0,7.0,15.0,10.0,5.0,4.0,18.0,18.0,44.0,5.0,0.0,605.0,6.0,18.0,9.0,13.0,4.0,1.0,2.0,0.0,0.0,64.41,54.55,0.0,72.22,40.0,39.29,30.19,66.67,2.3748451400675585,0.5549240443494381,5.0,6.0,0.1544724599999999,3.0,8.0,17.0,0.6790508799999999,28.0,2.975206611570248,0.0,8.330578512396695,0.8925619834710744,11.305785123966942,2.3801652892561984,1.0413223140495869,2.231404958677686,1.487603305785124,0.743801652892562,0.5950413223140496,2.677685950413223,2.677685950413223,6.545454545454545,0.743801652892562,0.0,0.8925619834710744,2.677685950413223,1.3388429752066116,1.9338842975206607,0.5950413223140496,0.1487603305785124,0.2975206611570248,0.0,0.0,64.41,54.55,0.0,72.22,40.0,39.29,30.19,66.67,0.3532827481092235,0.0825506842833874,0.743801652892562,0.8925619834710744,0.022979374214876,0.4462809917355372,1.1900826446280992,2.5289256198347108,0.1010158333884297,4.1652892561983474,ST,39,20,73,89,61,96,73,84,68,93,86,91,91,89,80,16,73,39,82,96,77,73,62,52,52,14,61,20,96,46,43,21,66,89,68,89,57,50,71,64,88,82,54,21,20,32,82,29,86,46,46,32,82,75,79,71,89,54,16,50,14,64,96,57,61,50,52,52,14,61,20,96,46,43,21,66,68,36,75,36,25,57,36,71,71,29,Niké Liga
Zemplín Michalovce,1qm038k9aqtouv4i738utxwdo,co5fpren0lr78oq77d7pysxyh,T. Dzotsenidze,Tornike Dzotsenidze,26.0,Defender,Georgia,Defender,238.0,1.0,132.0,38.0,369.0,12.0,7.0,3.0,0.0,3.0,3.0,5.0,5.0,39.0,51.0,11.0,613.0,0.0,2.0,11.0,3.0,8.0,1.0,0.0,0.0,0.0,84.44,50.67,25.0,60.0,0.0,65.0,60.0,61.54,0.2132803939557287,0.815545220740239,2.0,6.0,0.12867927,5.0,36.0,42.0,1.2553041600000006,211.0,34.94290375203915,0.1468189233278956,19.38009787928221,5.579119086460032,54.17618270799348,1.7618270799347473,1.0277324632952691,0.4404567699836868,0.0,0.4404567699836868,0.4404567699836868,0.734094616639478,0.734094616639478,5.725938009787928,7.487765089722676,1.6150081566068517,0.0,0.2936378466557912,1.6150081566068517,0.4404567699836868,1.1745513866231647,0.1468189233278956,0.0,0.0,0.0,84.44,50.67,25.0,60.0,0.0,65.0,60.0,61.54,0.0313135978075295,0.1197374712342928,0.2936378466557912,0.8809135399673736,0.0188925518760195,0.734094616639478,5.285481239804241,6.166394779771615,0.1843024052202284,30.978792822185973,CB,89,71,93,100,93,66,82,39,12,84,95,79,77,88,96,98,20,20,93,75,80,86,41,46,52,50,61,70,59,20,89,57,29,29,86,77,84,79,95,96,93,96,82,71,68,86,100,89,54,82,29,12,82,86,71,71,86,93,86,20,18,96,71,64,82,41,46,52,50,61,70,59,20,89,57,29,21,86,75,79,75,86,96,93,89,75,Niké Liga
Zemplín Michalovce,1qm038k9aqtouv4i738utxwdo,e47my5u2v0s70vmi8nbfqsc4q,B. Cottrell,Ben Cottrell,24.0,Midfielder,England,Midfielder,85.0,4.0,162.0,6.0,243.0,1.0,16.0,8.0,2.0,6.0,0.0,19.0,19.0,32.0,9.0,7.0,673.0,3.0,16.0,8.0,6.0,9.0,1.0,0.0,0.0,0.0,82.65,33.33,22.22,31.58,37.5,39.51,14.29,52.94,0.5235092710782555,1.5188740322931245,6.0,13.0,0.42458639,6.0,22.0,28.0,0.9874590600000004,120.0,11.36701337295691,0.5349182763744428,21.66419019316493,0.8023774145616642,32.4962852897474,0.1337295690936107,2.139673105497771,1.0698365527488856,0.2674591381872214,0.8023774145616642,0.0,2.540861812778603,2.540861812778603,4.279346210995542,1.2035661218424962,0.9361069836552748,0.4011887072808321,2.139673105497771,1.0698365527488856,0.8023774145616642,1.2035661218424962,0.1337295690936107,0.0,0.0,0.0,82.65,33.33,22.22,31.58,37.5,39.51,14.29,52.94,0.0700086692378053,0.2031183698460344,0.8023774145616642,1.7384843982169391,0.0567797549777117,0.8023774145616642,2.942050520059435,3.7444279346211,0.1320524745913819,16.047548291233284,CM/AM,93,73,100,77,96,27,100,50,23,75,7,93,89,84,89,86,50,59,62,77,84,64,21,50,46,75,41,70,25,66,39,29,32,36,100,80,86,86,88,88,82,75,96,82,64,86,57,82,21,82,21,14,50,7,71,68,39,64,71,32,25,36,50,61,50,21,50,46,75,41,70,25,66,39,29,32,18,79,50,57,61,57,79,61,50,86,Niké Liga
Zemplín Michalovce,1qm038k9aqtouv4i738utxwdo,ehnabfyijt5uogw9avntw0yga,K. Taylor-Hart,Kido Taylor-Hart,23.0,Attacker,England,Striker,10.0,0.0,57.0,0.0,67.0,2.0,2.0,2.0,1.0,1.0,0.0,14.0,15.0,16.0,1.0,0.0,278.0,1.0,10.0,4.0,6.0,3.0,0.0,0.0,0.0,0.0,83.75,0.0,0.0,42.86,50.0,38.1,40.0,75.0,0.1378524085336594,0.135590923106185,1.0,8.0,0.32972131,3.0,5.0,6.0,0.16165662,26.0,3.237410071942446,0.0,18.453237410071942,0.0,21.690647482014388,0.6474820143884892,0.6474820143884892,0.6474820143884892,0.3237410071942446,0.3237410071942446,0.0,4.532374100719425,4.856115107913669,5.179856115107913,0.3237410071942446,0.0,0.3237410071942446,3.237410071942446,1.2949640287769784,1.9424460431654675,0.9712230215827338,0.0,0.0,0.0,0.0,83.75,0.0,0.0,42.86,50.0,38.1,40.0,75.0,0.0446284775828393,0.0438963420127937,0.3237410071942446,2.5899280575539567,0.1067443089928057,0.9712230215827338,1.618705035971223,1.9424460431654675,0.0523348769784172,8.417266187050359,LW,50,50,50,50,50,100,50,50,50,50,50,50,50,50,50,50,50,50,100,50,50,50,50,75,50,100,50,50,50,100,50,100,100,50,50,50,50,50,50,50,50,50,50,50,50,100,50,50,100,50,50,50,50,50,100,100,100,50,50,50,50,100,50,50,50,50,75,50,100,50,50,50,100,50,100,100,50,50,50,50,50,50,50,50,50,50,Niké Liga
Zemplín Michalovce,1qm038k9aqtouv4i738utxwdo,mmhkaqptna9vap9gmpxcignp,M. Čurma,Matej Curma,30.0,Defender,Slovakia,Defender,38.0,0.0,44.0,3.0,82.0,4.0,0.0,4.0,3.0,1.0,1.0,3.0,3.0,14.0,12.0,1.0,360.0,0.0,4.0,3.0,1.0,4.0,0.0,0.0,0.0,0.0,71.3,23.08,0.0,33.33,0.0,70.0,66.67,66.67,0.3852340215991876,0.0,2.0,0.0,0.0,2.0,9.0,8.0,0.1615500299999999,40.0,9.5,0.0,11.0,0.75,20.5,1.0,0.0,1.0,0.75,0.25,0.25,0.75,0.75,3.5,3.0,0.25,0.0,1.0,0.75,0.25,1.0,0.0,0.0,0.0,0.0,71.3,23.08,0.0,33.33,0.0,70.0,66.67,66.67,0.0963085053997969,0.0,0.5,0.0,0.0,0.5,2.25,2.0,0.0403875074999999,10.0,RB/RCB,19,12,19,6,12,19,9,72,75,44,56,31,31,19,47,9,34,41,25,31,16,25,44,44,53,25,12,12,44,34,100,78,53,75,9,72,9,9,38,19,9,6,12,25,12,19,12,25,44,9,81,94,59,78,50,50,19,62,6,34,56,50,34,25,25,44,44,53,25,12,12,44,34,100,78,53,81,9,81,9,9,50,38,6,6,19,Niké Liga
Zemplín Michalovce,1qm038k9aqtouv4i738utxwdo,sb20iwbnf8j1bvi6cfuaaal0,Park Tae-Rang,Tae-Rang Park,24.0,Defender,Korea Republic,Defender,77.0,0.0,34.0,11.0,111.0,4.0,0.0,1.0,0.0,1.0,0.0,1.0,1.0,10.0,11.0,9.0,270.0,0.0,0.0,4.0,0.0,0.0,0.0,0.0,0.0,0.0,76.55,45.83,0.0,0.0,0.0,55.56,80.0,0.0,0.0483674922209775,0.0,1.0,1.0,0.01611813,0.0,5.0,8.0,0.16189234,58.0,25.666666666666668,0.0,11.333333333333334,3.6666666666666665,37.0,1.3333333333333333,0.0,0.3333333333333333,0.0,0.3333333333333333,0.0,0.3333333333333333,0.3333333333333333,3.333333333333333,3.6666666666666665,3.0,0.0,0.0,1.3333333333333333,0.0,0.0,0.0,0.0,0.0,0.0,76.55,45.83,0.0,0.0,0.0,55.56,80.0,0.0,0.0161224974069924,0.0,0.3333333333333333,0.3333333333333333,0.00537271,0.0,1.6666666666666667,2.6666666666666665,0.0539641133333333,19.33333333333333,RB/RCB,50,12,12,44,25,19,9,22,19,44,19,16,16,6,28,78,34,9,44,12,6,25,44,44,53,50,69,12,12,34,69,100,6,19,9,44,22,19,16,6,9,12,25,94,12,25,100,81,69,9,38,19,75,19,12,12,12,75,100,34,9,88,12,6,25,44,44,53,50,69,12,12,34,69,100,6,31,9,62,25,25,16,12,31,12,75,Niké Liga
Žilina,c6q7rcydz4bslvyiw1l9nb9vq,17fh37y13hwtz5osjkf16ltxx,M. Faško,Michal Fasko,32.0,Attacker,Slovakia,Striker,38.0,2.0,87.0,2.0,123.0,0.0,12.0,11.0,4.0,7.0,1.0,9.0,9.0,12.0,3.0,3.0,438.0,7.0,6.0,5.0,5.0,2.0,3.0,3.0,0.0,1.0,82.55,28.57,13.33,55.56,63.64,38.71,0.0,100.0,1.3801580197239496,1.047540955950654,3.0,10.0,0.23371434,5.0,19.0,24.0,1.17063727,61.0,7.808219178082193,0.4109589041095891,17.876712328767123,0.4109589041095891,25.27397260273973,0.0,2.4657534246575343,2.26027397260274,0.8219178082191781,1.4383561643835618,0.2054794520547945,1.8493150684931507,1.8493150684931507,2.4657534246575343,0.6164383561643836,0.6164383561643836,1.4383561643835618,1.2328767123287672,1.0273972602739727,1.0273972602739727,0.4109589041095891,0.6164383561643836,0.6164383561643836,0.0,0.2054794520547945,82.55,28.57,13.33,55.56,63.64,38.71,0.0,100.0,0.2835941136419074,0.215248141633696,0.6164383561643836,2.054794520547945,0.0480234945205479,1.0273972602739727,3.904109589041096,4.931506849315069,0.2405419047945206,12.534246575342468,CM/AM,54,55,61,34,59,11,86,64,48,79,27,55,54,11,30,57,95,20,39,66,27,100,93,50,96,68,30,39,75,100,29,12,91,82,79,48,70,57,75,75,75,86,59,57,57,68,25,54,11,93,64,46,82,18,36,36,4,25,50,96,21,32,61,25,93,93,50,93,68,30,39,75,100,29,12,91,79,86,43,64,54,68,82,75,89,68,Niké Liga
Žilina,c6q7rcydz4bslvyiw1l9nb9vq,4a7ei643udozfl8xcqdgl9u6s,T. Hranica,Timotej Hranica,21.0,Defender,Slovakia,Defender,51.0,5.0,64.0,2.0,110.0,4.0,3.0,10.0,7.0,3.0,3.0,11.0,12.0,24.0,9.0,5.0,451.0,4.0,13.0,4.0,5.0,6.0,1.0,1.0,0.0,0.0,78.01,28.57,45.45,45.45,40.0,46.15,36.36,54.55,1.0566645120319278,0.2637114309879576,3.0,6.0,0.14065345,4.0,4.0,6.0,0.7944958099999999,42.0,10.17738359201774,0.9977827050997784,12.771618625277162,0.3991130820399113,21.951219512195124,0.7982261640798226,0.5986696230598669,1.9955654101995568,1.3968957871396896,0.5986696230598669,0.5986696230598669,2.1951219512195124,2.394678492239468,4.789356984478935,1.796008869179601,0.9977827050997784,0.7982261640798226,2.5942350332594235,0.7982261640798226,0.9977827050997784,1.197339246119734,0.1995565410199556,0.1995565410199556,0.0,0.0,78.01,28.57,45.45,45.45,40.0,46.15,36.36,54.55,0.2108643150396308,0.0526253409953795,0.5986696230598669,1.197339246119734,0.0280683159645232,0.7982261640798226,0.7982261640798226,1.197339246119734,0.1585468356984478,8.381374722838137,CB,14,86,34,7,18,23,68,98,98,84,95,100,100,55,11,45,100,96,61,96,68,86,91,46,52,25,7,93,43,71,7,18,11,96,71,89,84,86,86,16,14,82,11,18,86,46,7,4,21,71,100,100,96,100,100,100,64,11,61,100,96,61,100,68,93,89,46,52,25,7,93,43,71,7,18,11,100,71,93,93,86,93,7,7,82,4,Niké Liga
Žilina,c6q7rcydz4bslvyiw1l9nb9vq,4xk6crcbt40xenux91yy011at,M. Káčer,Miroslav Kácer,30.0,Midfielder,Slovakia,Midfielder,143.0,0.0,105.0,10.0,248.0,1.0,3.0,6.0,2.0,4.0,2.0,5.0,5.0,22.0,6.0,1.0,480.0,2.0,4.0,6.0,2.0,9.0,0.0,1.0,0.0,0.0,86.41,47.62,0.0,40.0,33.33,50.0,33.33,69.23,0.2921254946007007,0.2382035580417563,3.0,4.0,0.09137706,1.0,20.0,26.0,0.5055303099999999,107.0,26.8125,0.0,19.6875,1.875,46.5,0.1875,0.5625,1.125,0.375,0.75,0.375,0.9375,0.9375,4.125,1.125,0.1875,0.375,0.75,1.125,0.375,1.6875,0.0,0.1875,0.0,0.0,86.41,47.62,0.0,40.0,33.33,50.0,33.33,69.23,0.0547735302376313,0.0446631671328293,0.5625,0.75,0.01713319875,0.1875,3.75,4.875,0.0947869331249999,20.0625,DM/CM,74,22,56,46,70,9,35,50,46,67,76,69,65,39,30,6,56,26,54,52,81,35,78,52,50,74,48,22,43,57,30,24,78,30,37,69,44,41,31,54,69,52,57,81,22,48,52,70,7,30,56,44,63,78,70,63,30,22,4,59,30,52,56,85,35,81,52,50,74,48,22,43,57,30,24,78,30,26,70,48,44,30,44,70,44,56,Niké Liga
Žilina,c6q7rcydz4bslvyiw1l9nb9vq,5uc8bmbfp3izb9s0gvqwq7yl1,J. Minárik,Ján Minárik,29.0,Defender,Slovakia,Defender,196.0,1.0,85.0,13.0,280.0,16.0,4.0,3.0,2.0,1.0,2.0,1.0,1.0,18.0,34.0,7.0,517.0,0.0,6.0,0.0,1.0,1.0,1.0,0.0,1.0,0.0,85.37,40.62,25.0,100.0,0.0,64.29,76.19,100.0,0.3083187169212406,0.4193960281021628,0.0,5.0,0.10061955,1.0,9.0,12.0,0.6762231900000001,182.0,34.11992263056093,0.1740812379110251,14.796905222437138,2.263056092843327,48.74274661508704,2.7852998065764023,0.6963249516441006,0.5222437137330754,0.3481624758220503,0.1740812379110251,0.3481624758220503,0.1740812379110251,0.1740812379110251,3.133462282398453,5.918762088974855,1.218568665377176,0.0,1.0444874274661509,0.0,0.1740812379110251,0.1740812379110251,0.1740812379110251,0.0,0.1740812379110251,0.0,85.37,40.62,25.0,100.0,0.0,64.29,76.19,100.0,0.0536725039127884,0.0730089797469916,0.0,0.8704061895551257,0.0175159758220502,0.1740812379110251,1.5667311411992264,2.0889748549323017,0.1177177700193423,31.68278529980657,CB,71,71,57,46,71,88,75,39,36,59,77,34,34,34,70,77,20,41,7,46,4,86,41,96,52,61,25,70,84,20,84,96,91,39,79,27,77,71,54,32,30,71,71,68,71,57,25,71,82,75,39,36,57,79,29,29,25,68,71,20,54,7,43,4,89,41,100,52,61,25,70,84,20,84,96,91,43,79,27,75,71,57,29,25,71,82,Niké Liga
Žilina,c6q7rcydz4bslvyiw1l9nb9vq,6ulrgv4ewbvup2m4xj6z5qsyc,M. Okál,Marek Okál,17.0,Defender,Slovakia,Defender,117.0,0.0,67.0,8.0,184.0,13.0,0.0,3.0,2.0,1.0,0.0,5.0,5.0,31.0,20.0,9.0,450.0,2.0,4.0,7.0,1.0,7.0,0.0,0.0,0.0,0.0,78.63,34.78,0.0,20.0,66.67,64.58,76.47,70.0,0.309078485156425,0.0,0.0,5.0,0.13296902,2.0,18.0,21.0,0.3873655899999998,92.0,23.4,0.0,13.4,1.6,36.8,2.6,0.0,0.6,0.4,0.2,0.0,1.0,1.0,6.2,4.0,1.8,0.4,0.8,1.4,0.2,1.4,0.0,0.0,0.0,0.0,78.63,34.78,0.0,20.0,66.67,64.58,76.47,70.0,0.061815697031285,0.0,0.0,1.0,0.026593804,0.4,3.6,4.2,0.0774731179999999,18.4,LB/LCB,71,25,50,32,64,79,11,46,46,57,18,57,54,79,86,71,86,36,79,32,68,39,36,46,54,43,36,25,21,93,86,93,68,57,11,21,43,43,50,68,57,43,71,71,25,57,57,71,86,11,50,64,71,18,61,61,93,79,79,86,36,93,29,79,39,36,46,54,43,36,25,21,93,86,93,68,64,11,21,54,64,50,79,79,29,71,Niké Liga
Žilina,c6q7rcydz4bslvyiw1l9nb9vq,8haqjdcasuh84nx51nux2qi8l,M. Roginić,Marko Roginic,31.0,Attacker,Croatia,Striker,15.0,0.0,35.0,0.0,50.0,3.0,7.0,11.0,10.0,1.0,6.0,7.0,7.0,15.0,5.0,1.0,326.0,2.0,20.0,5.0,4.0,3.0,1.0,1.0,0.0,0.0,75.76,0.0,0.0,57.14,18.18,33.33,42.86,100.0,1.0236043436991475,0.3346598681781165,2.0,1.0,0.0241224,4.0,5.0,5.0,0.2796361099999999,18.0,4.141104294478527,0.0,9.662576687116564,0.0,13.803680981595091,0.8282208588957055,1.9325153374233128,3.03680981595092,2.7607361963190185,0.2760736196319018,1.656441717791411,1.9325153374233128,1.9325153374233128,4.141104294478527,1.3803680981595092,0.2760736196319018,0.5521472392638037,5.521472392638037,1.3803680981595092,1.1042944785276074,0.8282208588957055,0.2760736196319018,0.2760736196319018,0.0,0.0,75.76,0.0,0.0,57.14,18.18,33.33,42.86,100.0,0.2825901562359609,0.0923907611534677,0.5521472392638037,0.2760736196319018,0.0066595582822085,1.1042944785276074,1.3803680981595092,1.3803680981595092,0.0772001530674846,4.969325153374233,ST,36,20,29,11,34,30,73,57,68,30,93,43,41,36,80,48,20,52,54,57,57,73,34,52,52,55,11,20,86,14,23,66,95,39,36,52,9,11,91,41,32,46,39,39,20,46,11,46,36,82,68,82,32,100,50,43,54,89,54,32,68,68,71,75,86,43,52,52,55,11,20,86,14,23,66,95,50,46,57,7,7,89,46,46,57,46,Niké Liga
Žilina,c6q7rcydz4bslvyiw1l9nb9vq,8zkcuhb57u6yhqodvq6u3rx0,X. Adang,Xavier Adang,22.0,Midfielder,Cameroon,Midfielder,46.0,0.0,53.0,3.0,99.0,8.0,1.0,3.0,1.0,2.0,0.0,13.0,13.0,28.0,9.0,4.0,313.0,0.0,5.0,5.0,8.0,2.0,0.0,0.0,0.0,0.0,83.9,60.0,0.0,61.54,0.0,57.14,72.73,28.57,1.146416208108696,0.0948985640434591,2.0,8.0,0.1603407,2.0,15.0,7.0,0.25501785,54.0,13.226837060702875,0.0,15.23961661341853,0.8626198083067093,28.466453674121404,2.3003194888178915,0.2875399361022364,0.8626198083067093,0.2875399361022364,0.5750798722044729,0.0,3.7380191693290734,3.7380191693290734,8.05111821086262,2.587859424920128,1.1501597444089458,0.0,1.437699680511182,1.437699680511182,2.3003194888178915,0.5750798722044729,0.0,0.0,0.0,0.0,83.9,60.0,0.0,61.54,0.0,57.14,72.73,28.57,0.3296404432261426,0.0272871270412502,0.5750798722044729,2.3003194888178915,0.0461043546325878,0.5750798722044729,4.313099041533547,2.012779552715655,0.0733278162939297,15.527156549520766,DM/CM,15,22,15,15,15,78,13,28,28,44,13,96,96,57,57,22,11,39,43,98,7,35,33,52,50,52,81,22,70,11,59,89,7,96,15,56,76,70,48,33,4,19,22,33,22,37,15,30,89,15,37,37,56,13,100,100,100,70,37,11,63,63,100,15,35,33,52,50,52,81,22,70,11,59,89,7,100,15,74,89,81,59,56,7,30,33,Niké Liga
Žilina,c6q7rcydz4bslvyiw1l9nb9vq,91okqildgt8vo2db9jcu7vthw,A. Narimanidze,Aleksandre Narimanidze,21.0,Defender,Georgia,Defender,206.0,0.0,114.0,17.0,320.0,20.0,4.0,5.0,4.0,1.0,1.0,3.0,3.0,37.0,40.0,7.0,630.0,1.0,8.0,0.0,1.0,11.0,1.0,1.0,0.0,0.0,86.96,40.48,0.0,33.33,20.0,68.52,80.0,68.75,0.5238032151126996,0.2851400780870181,1.0,7.0,0.12712773,0.0,21.0,24.0,0.5599325799999999,193.0,29.428571428571427,0.0,16.285714285714285,2.4285714285714284,45.71428571428572,2.857142857142857,0.5714285714285714,0.7142857142857143,0.5714285714285714,0.1428571428571428,0.1428571428571428,0.4285714285714285,0.4285714285714285,5.285714285714286,5.714285714285714,1.0,0.1428571428571428,1.1428571428571428,0.0,0.1428571428571428,1.5714285714285714,0.1428571428571428,0.1428571428571428,0.0,0.0,86.96,40.48,0.0,33.33,20.0,68.52,80.0,68.75,0.0748290307303856,0.040734296869574,0.1428571428571428,1.0,0.0181611042857142,0.0,3.0,3.4285714285714284,0.0799903685714285,27.571428571428573,LB/LCB,93,25,71,86,86,100,54,79,89,57,57,29,29,86,93,54,50,64,11,32,89,86,82,46,54,86,57,25,36,32,93,100,57,86,50,57,61,36,7,79,71,50,93,93,25,64,79,86,100,43,71,86,36,36,21,21,79,93,29,29,43,11,21,93,79,79,46,54,86,57,25,36,32,93,100,57,86,36,43,54,21,7,64,57,43,93,Niké Liga
Žilina,c6q7rcydz4bslvyiw1l9nb9vq,9a1nd1e6k7ivy59r4zih7x5p0,Dani Homet,Dani Homet,27.0,Attacker,Spain,Striker,13.0,2.0,41.0,1.0,52.0,8.0,5.0,14.0,13.0,1.0,1.0,10.0,10.0,24.0,3.0,1.0,354.0,8.0,26.0,4.0,5.0,4.0,0.0,3.0,0.0,0.0,73.24,100.0,40.0,50.0,57.14,41.38,38.1,57.14,1.6681518098121315,0.4127502772417478,1.0,7.0,0.22265436,3.0,3.0,2.0,0.3135806599999999,11.0,3.305084745762712,0.5084745762711864,10.423728813559322,0.2542372881355932,13.220338983050848,2.0338983050847457,1.2711864406779665,3.5593220338983054,3.305084745762712,0.2542372881355932,0.2542372881355932,2.5423728813559325,2.5423728813559325,6.101694915254238,0.7627118644067797,0.2542372881355932,2.0338983050847457,6.610169491525424,1.0169491525423728,1.2711864406779665,1.0169491525423728,0.0,0.7627118644067797,0.0,0.0,73.24,100.0,40.0,50.0,57.14,41.38,38.1,57.14,0.4241063923251182,0.1049365111631562,0.2542372881355932,1.779661016949153,0.0566070406779661,0.7627118644067797,0.7627118644067797,0.5084745762711864,0.0797238966101694,2.796610169491525,ST,27,77,45,27,39,77,52,73,82,30,38,64,61,73,50,48,88,77,38,68,77,30,84,52,52,39,95,80,71,82,50,50,50,71,57,30,71,75,71,20,16,50,21,32,75,57,29,39,75,64,82,89,29,39,71,68,79,57,46,96,89,39,79,82,30,86,52,52,39,95,80,71,82,50,50,50,71,57,29,79,75,75,14,14,61,21,Niké Liga
Žilina,c6q7rcydz4bslvyiw1l9nb9vq,al4py7fz76sgmuoh91qufcpd6,K. Bari,Krisztián Bari,25.0,Defender,Slovakia,Defender,83.0,9.0,126.0,10.0,200.0,3.0,18.0,5.0,4.0,1.0,3.0,17.0,20.0,43.0,11.0,7.0,675.0,2.0,21.0,10.0,10.0,11.0,2.0,1.0,0.0,0.0,78.74,45.45,47.37,58.82,40.0,57.33,42.86,55.0,0.5452921711619099,1.817637600284132,3.0,23.0,0.7045187500000001,7.0,13.0,16.0,1.40872864,86.0,11.066666666666666,1.2,16.8,1.3333333333333333,26.666666666666668,0.4,2.4,0.6666666666666666,0.5333333333333333,0.1333333333333333,0.4,2.2666666666666666,2.6666666666666665,5.733333333333333,1.4666666666666666,0.9333333333333332,0.2666666666666666,2.8,1.3333333333333333,1.3333333333333333,1.4666666666666666,0.2666666666666666,0.1333333333333333,0.0,0.0,78.74,45.45,47.37,58.82,40.0,57.33,42.86,55.0,0.0727056228215879,0.2423516800378842,0.4,3.066666666666667,0.0939358333333333,0.9333333333333332,1.7333333333333334,2.1333333333333333,0.1878304853333333,11.466666666666669,LB/LCB,64,82,79,57,71,21,100,79,89,57,96,100,100,93,46,54,86,93,89,100,89,100,82,46,54,50,79,79,79,71,64,29,21,93,100,96,100,93,82,43,43,93,57,43,79,71,25,43,14,93,64,79,29,93,100,100,86,14,14,71,93,86,100,86,93,71,46,54,50,79,79,79,71,64,29,21,79,93,100,100,93,79,21,14,71,36,Niké Liga
Žilina,c6q7rcydz4bslvyiw1l9nb9vq,c4nzuyek1ds48k43zrzjt2044,A. Florea,Andrei Florea,21.0,Midfielder,Romania,Midfielder,28.0,0.0,39.0,3.0,67.0,2.0,2.0,8.0,4.0,4.0,3.0,6.0,9.0,20.0,4.0,3.0,231.0,2.0,8.0,11.0,0.0,3.0,1.0,1.0,0.0,0.0,85.9,100.0,0.0,0.0,25.0,44.44,28.57,42.86,0.7420923851319843,0.1200691881939365,4.0,6.0,0.2448889699999999,7.0,4.0,7.0,0.1126277,25.0,10.909090909090908,0.0,15.194805194805191,1.1688311688311688,26.1038961038961,0.7792207792207791,0.7792207792207791,3.1168831168831166,1.5584415584415583,1.5584415584415583,1.1688311688311688,2.3376623376623376,3.506493506493506,7.792207792207791,1.5584415584415583,1.1688311688311688,0.7792207792207791,3.1168831168831166,4.285714285714286,0.0,1.1688311688311688,0.3896103896103896,0.3896103896103896,0.0,0.0,85.9,100.0,0.0,0.0,25.0,44.44,28.57,42.86,0.2891269032981757,0.0467802031924427,1.5584415584415583,2.3376623376623376,0.0954112870129869,2.727272727272727,1.5584415584415583,2.727272727272727,0.043880922077922,9.74025974025974,CM/AM,38,16,14,55,18,41,11,50,48,57,66,23,54,54,46,57,36,32,86,5,38,64,57,50,46,86,96,16,5,34,54,46,21,46,7,59,36,64,95,23,18,7,14,79,16,46,79,64,68,18,93,71,89,93,68,82,96,86,86,61,57,100,5,57,82,79,50,46,86,96,16,5,34,54,46,21,82,18,96,79,89,100,36,43,7,29,Niké Liga
Žilina,c6q7rcydz4bslvyiw1l9nb9vq,c6o9o0acmpv92q9s0cazftmju,S. Ďatko,Samuel Datko,25.0,Attacker,Slovakia,Striker,25.0,0.0,47.0,2.0,72.0,0.0,3.0,5.0,4.0,1.0,1.0,10.0,10.0,7.0,4.0,1.0,209.0,3.0,7.0,3.0,3.0,0.0,0.0,0.0,0.0,0.0,87.8,28.57,0.0,30.0,60.0,33.33,0.0,0.0,0.4052562841299958,0.2539351265757639,1.0,8.0,0.21025229,3.0,4.0,8.0,0.27203646,33.0,10.765550239234448,0.0,20.239234449760765,0.8612440191387559,31.00478468899521,0.0,1.2918660287081338,2.15311004784689,1.7224880382775118,0.4306220095693779,0.4306220095693779,4.30622009569378,4.30622009569378,3.014354066985646,1.7224880382775118,0.4306220095693779,1.2918660287081338,3.014354066985646,1.2918660287081338,1.2918660287081338,0.0,0.0,0.0,0.0,0.0,87.8,28.57,0.0,30.0,60.0,33.33,0.0,0.0,0.1745122754626776,0.1093500545063098,0.4306220095693779,3.444976076555024,0.0905392636363636,1.2918660287081338,1.7224880382775118,3.444976076555024,0.1171448870813396,14.210526315789473,CM/AM,32,16,25,34,25,11,21,25,48,23,27,62,62,4,46,29,50,27,16,39,4,25,21,50,46,93,30,16,21,95,11,12,4,25,25,21,59,54,46,23,29,14,38,75,16,75,64,79,11,50,50,79,36,39,93,93,7,89,46,89,54,57,82,4,25,21,50,46,93,30,16,21,95,11,12,4,46,39,36,93,86,86,39,57,43,75,Niké Liga
Žilina,c6q7rcydz4bslvyiw1l9nb9vq,c83z5v68ti7pbyjp2yfpat9be,P. Iľko,Patrik Ilko,25.0,Attacker,Slovakia,Striker,28.0,2.0,56.0,3.0,82.0,1.0,4.0,9.0,7.0,2.0,0.0,7.0,7.0,17.0,5.0,1.0,376.0,5.0,24.0,8.0,3.0,3.0,0.0,3.0,0.0,0.0,77.36,100.0,28.57,42.86,55.56,50.0,50.0,60.0,0.9255685328290376,0.4067690148363542,3.0,11.0,0.36006226,4.0,8.0,13.0,0.52820446,40.0,6.702127659574468,0.4787234042553191,13.404255319148936,0.7180851063829787,19.627659574468083,0.2393617021276595,0.9574468085106382,2.154255319148936,1.675531914893617,0.4787234042553191,0.0,1.675531914893617,1.675531914893617,4.069148936170213,1.1968085106382975,0.2393617021276595,1.1968085106382975,5.74468085106383,1.9148936170212765,0.7180851063829787,0.7180851063829787,0.0,0.7180851063829787,0.0,0.0,77.36,100.0,28.57,42.86,55.56,50.0,50.0,60.0,0.2215456594537589,0.0973649237640209,0.7180851063829787,2.632978723404255,0.0861851154255319,0.9574468085106382,1.9148936170212765,3.111702127659574,0.1264319186170212,9.574468085106382,ST,64,77,73,66,75,7,39,39,41,57,14,43,41,50,80,48,59,66,75,46,57,30,84,52,52,64,95,64,50,79,88,79,55,36,54,66,93,89,91,64,79,75,84,82,71,79,71,82,7,39,43,46,64,14,39,39,50,86,43,71,75,80,43,68,30,82,52,52,64,95,64,50,79,88,79,55,36,50,71,93,86,82,79,86,75,82,Niké Liga
Žilina,c6q7rcydz4bslvyiw1l9nb9vq,cnb0gbtl8sd74w99bog5kuw44,F. Bzdyl,Fabian Bzdyl,18.0,Midfielder,Poland,Midfielder,150.0,9.0,200.0,9.0,341.0,2.0,8.0,9.0,3.0,6.0,1.0,6.0,7.0,29.0,5.0,3.0,587.0,4.0,6.0,10.0,3.0,11.0,0.0,2.0,0.0,0.0,91.67,56.25,37.5,50.0,44.44,59.18,66.67,78.57,0.69543360164332,0.7270576446157037,5.0,16.0,0.33815896,5.0,36.0,31.0,1.0498673100000004,202.0,22.998296422487225,1.3798977853492334,30.664395229982965,1.3798977853492334,52.28279386712096,0.3066439522998296,1.2265758091993186,1.3798977853492334,0.4599659284497445,0.919931856899489,0.1533219761499148,0.919931856899489,1.0732538330494037,4.4463373083475295,0.7666098807495741,0.4599659284497445,0.6132879045996593,0.919931856899489,1.5332197614991483,0.4599659284497445,1.686541737649063,0.0,0.3066439522998296,0.0,0.0,91.67,56.25,37.5,50.0,44.44,59.18,66.67,78.57,0.1066252540850064,0.1114739148473821,0.7666098807495741,2.4531516183986373,0.0518472,0.7666098807495741,5.519591141396933,4.75298126064736,0.1609677306643953,30.971039182282794,DM/CM,78,87,96,39,96,22,74,85,61,83,46,78,78,63,19,17,89,54,78,67,94,35,96,52,50,96,67,70,57,67,67,80,83,74,74,87,96,96,87,89,81,93,93,74,89,96,33,81,11,63,70,52,70,37,67,70,33,11,15,85,37,67,59,81,35,89,52,50,96,67,70,57,67,67,80,83,67,74,78,93,93,78,78,63,78,93,Niké Liga
Žilina,c6q7rcydz4bslvyiw1l9nb9vq,e4zap9c794k07dzticfmz58no,P. Baleja,Patrik Baleja,19.0,Attacker,Slovakia,Striker,30.0,2.0,51.0,2.0,79.0,2.0,3.0,3.0,1.0,2.0,1.0,10.0,10.0,7.0,3.0,5.0,253.0,1.0,2.0,1.0,3.0,0.0,0.0,0.0,0.0,0.0,83.16,40.0,28.57,30.0,33.33,33.33,40.0,0.0,0.1660095609169255,0.2937633995403815,3.0,1.0,0.02122129,1.0,7.0,8.0,0.3893627499999999,30.0,10.67193675889328,0.7114624505928854,18.14229249011857,0.7114624505928854,28.102766798418976,0.7114624505928854,1.067193675889328,1.067193675889328,0.3557312252964427,0.7114624505928854,0.3557312252964427,3.557312252964427,3.557312252964427,2.490118577075099,1.067193675889328,1.7786561264822136,0.3557312252964427,0.7114624505928854,0.3557312252964427,1.067193675889328,0.0,0.0,0.0,0.0,0.0,83.16,40.0,28.57,30.0,33.33,33.33,40.0,0.0,0.0590547845159023,0.1045008140657483,1.067193675889328,0.3557312252964427,0.0075490754940711,0.3557312252964427,2.490118577075099,2.845849802371541,0.1385084881422924,10.67193675889328,ST,68,77,59,45,71,16,23,7,5,57,38,64,61,5,50,96,11,4,11,46,9,30,11,52,52,93,38,64,27,34,23,57,9,4,21,66,9,7,30,55,62,64,61,100,86,100,68,100,29,50,7,7,79,61,93,89,4,79,100,11,4,14,64,9,30,11,52,52,93,38,64,27,34,23,57,9,4,54,86,11,11,46,89,79,79,89,Niké Liga
Žilina,c6q7rcydz4bslvyiw1l9nb9vq,sd73yki6ae3b83djm76r5mvo,F. Kóša,Frantisek Kósa,20.0,Attacker,Slovakia,Striker,34.0,2.0,66.0,2.0,98.0,3.0,9.0,12.0,9.0,3.0,3.0,8.0,10.0,14.0,3.0,3.0,328.0,6.0,20.0,2.0,4.0,3.0,3.0,2.0,0.0,0.0,76.56,50.0,22.22,50.0,50.0,38.89,75.0,60.0,1.134357723309589,0.9318243431443508,4.0,6.0,0.45030958,3.0,12.0,14.0,0.82472573,40.0,9.329268292682928,0.5487804878048781,18.10975609756097,0.5487804878048781,26.890243902439025,0.8231707317073171,2.4695121951219514,3.292682926829269,2.4695121951219514,0.8231707317073171,0.8231707317073171,2.1951219512195124,2.7439024390243905,3.841463414634146,0.8231707317073171,0.8231707317073171,1.6463414634146345,5.487804878048781,0.5487804878048781,1.0975609756097562,0.8231707317073171,0.8231707317073171,0.5487804878048781,0.0,0.0,76.56,50.0,22.22,50.0,50.0,38.89,75.0,60.0,0.3112566923715336,0.2556835087896084,1.0975609756097562,1.6463414634146345,0.1235605554878048,0.8231707317073171,3.292682926829269,3.841463414634146,0.2262966942073171,10.975609756097562,ST,88,77,86,45,86,30,93,62,57,73,80,54,61,29,50,84,73,52,23,57,57,96,62,52,52,61,48,50,71,71,39,96,55,46,89,79,57,96,71,88,82,89,84,93,82,96,46,96,32,96,79,68,86,82,57,75,39,64,93,79,64,25,68,71,100,68,52,52,61,48,50,71,71,39,96,55,64,96,89,71,100,79,96,93,100,93,Niké Liga
Slovan Bratislava,cmj1019uptq8i042n5y16itbd,24m1p3nyfn9nurqdvnvn2mrx1,K. Bajrič,Kenan Bajric,31.0,Defender,Slovenia,Defender,194.0,0.0,125.0,13.0,319.0,3.0,2.0,5.0,5.0,0.0,1.0,1.0,1.0,12.0,9.0,1.0,346.0,2.0,5.0,3.0,1.0,5.0,0.0,1.0,0.0,0.0,94.1,54.17,0.0,100.0,40.0,63.16,37.5,100.0,0.7073957391280561,0.1019827397290683,0.0,1.0,0.01685596,2.0,40.0,44.0,0.7217109199999997,237.0,50.46242774566474,0.0,32.51445086705202,3.3815028901734103,82.97687861271676,0.7803468208092486,0.5202312138728323,1.300578034682081,1.300578034682081,0.0,0.2601156069364161,0.2601156069364161,0.2601156069364161,3.121387283236994,2.341040462427745,0.2601156069364161,0.5202312138728323,1.300578034682081,0.7803468208092486,0.2601156069364161,1.300578034682081,0.0,0.2601156069364161,0.0,0.0,94.1,54.17,0.0,100.0,40.0,63.16,37.5,100.0,0.184004672027529,0.0265273022416651,0.0,0.2601156069364161,0.0043844982658959,0.5202312138728323,10.404624277456648,11.445086705202312,0.1877282739884392,61.64739884393063,CB,66,32,86,46,82,12,55,64,80,23,55,34,34,16,11,7,77,32,50,46,54,39,91,46,52,100,75,32,84,71,75,25,91,75,43,27,27,14,70,100,100,75,86,96,32,100,61,100,14,68,86,96,23,61,39,39,18,14,7,93,68,57,54,75,39,96,46,52,100,75,32,84,71,75,25,91,93,46,27,32,29,79,100,100,96,100,Niké Liga
Slovan Bratislava,cmj1019uptq8i042n5y16itbd,2vd1l32utzuzqlnbu4h6toh9m,R. Čerepkai,Roman Cerepkai,24.0,Attacker,Slovakia,Striker,7.0,2.0,44.0,2.0,49.0,7.0,2.0,5.0,4.0,1.0,0.0,6.0,6.0,15.0,1.0,1.0,235.0,3.0,13.0,5.0,2.0,1.0,0.0,2.0,0.0,0.0,66.22,66.67,28.57,33.33,60.0,44.12,50.0,100.0,0.3690250735382366,0.1227132827236655,3.0,5.0,0.12097172,1.0,4.0,6.0,0.21222402,17.0,2.680851063829788,0.7659574468085106,16.851063829787233,0.7659574468085106,18.76595744680851,2.680851063829788,0.7659574468085106,1.9148936170212765,1.5319148936170213,0.3829787234042553,0.0,2.297872340425532,2.297872340425532,5.74468085106383,0.3829787234042553,0.3829787234042553,1.1489361702127658,4.97872340425532,1.9148936170212765,0.7659574468085106,0.3829787234042553,0.0,0.7659574468085106,0.0,0.0,66.22,66.67,28.57,33.33,60.0,44.12,50.0,100.0,0.1413287515678352,0.0469965763622548,1.1489361702127658,1.9148936170212765,0.046329594893617,0.3829787234042553,1.5319148936170213,2.297872340425532,0.0812772842553191,6.51063829787234,ST,12,77,52,45,29,66,11,12,11,30,14,30,29,36,21,48,32,14,54,36,29,30,62,52,52,21,71,64,38,86,64,79,95,11,7,66,43,32,30,30,46,36,36,18,89,86,79,75,93,29,39,39,50,14,61,57,71,32,71,61,50,80,46,43,30,89,52,52,21,71,64,38,86,64,79,95,25,11,93,86,68,50,57,64,64,71,Niké Liga
Slovan Bratislava,cmj1019uptq8i042n5y16itbd,2x41wpt2f9djuf4jf42eewa1,D. Ihnatenko,Danylo Ihnatenko,29.0,Midfielder,Ukraine,Midfielder,151.0,2.0,131.0,15.0,280.0,12.0,3.0,7.0,2.0,5.0,1.0,2.0,2.0,26.0,9.0,1.0,365.0,2.0,6.0,5.0,1.0,2.0,0.0,0.0,0.0,0.0,90.03,60.0,66.67,50.0,28.57,61.9,63.16,25.0,0.5614017884322575,0.2322180165688084,2.0,4.0,0.1105093,1.0,25.0,21.0,0.72415728,137.0,37.23287671232877,0.4931506849315069,32.3013698630137,3.6986301369863015,69.04109589041096,2.9589041095890414,0.7397260273972603,1.726027397260274,0.4931506849315069,1.2328767123287672,0.2465753424657534,0.4931506849315069,0.4931506849315069,6.41095890410959,2.219178082191781,0.2465753424657534,0.4931506849315069,1.479452054794521,1.2328767123287672,0.2465753424657534,0.4931506849315069,0.0,0.0,0.0,0.0,90.03,60.0,66.67,50.0,28.57,61.9,63.16,25.0,0.1384278382435703,0.0572592369621719,0.4931506849315069,0.9863013698630138,0.0272488684931506,0.2465753424657534,6.164383561643836,5.178082191780822,0.1785593293150685,33.78082191780822,DM/CM,81,61,76,69,78,87,35,61,46,74,46,19,19,48,57,6,56,54,43,30,7,35,33,52,50,93,81,100,57,44,78,74,4,63,30,56,44,52,31,70,56,63,74,100,67,100,74,100,96,41,89,56,89,52,30,30,81,67,7,74,67,56,41,7,35,33,52,50,93,81,100,57,44,78,74,4,78,33,63,59,56,33,93,74,93,100,Niké Liga
Slovan Bratislava,cmj1019uptq8i042n5y16itbd,2ysn3hzm96wgqqiuddkmjl3ze,D. Matsuoka,Daiki Matsuoka,25.0,Midfielder,Japan,Midfielder,48.0,1.0,78.0,12.0,125.0,8.0,6.0,11.0,10.0,1.0,2.0,8.0,8.0,28.0,5.0,3.0,426.0,3.0,16.0,4.0,2.0,13.0,1.0,2.0,0.0,0.0,82.78,57.14,20.0,25.0,27.27,53.85,80.0,92.86,1.416642868850884,0.5226227892055909,1.0,2.0,0.07020264,2.0,22.0,35.0,0.6344862900000001,73.0,10.140845070422536,0.2112676056338028,16.47887323943662,2.535211267605634,26.408450704225352,1.6901408450704225,1.267605633802817,2.323943661971831,2.112676056338028,0.2112676056338028,0.4225352112676056,1.6901408450704225,1.6901408450704225,5.915492957746479,1.056338028169014,0.6338028169014085,0.6338028169014085,3.380281690140845,0.8450704225352113,0.4225352112676056,2.7464788732394365,0.2112676056338028,0.4225352112676056,0.0,0.0,82.78,57.14,20.0,25.0,27.27,53.85,80.0,92.86,0.2992907469403276,0.1104132653251248,0.2112676056338028,0.4225352112676056,0.0148315436619718,0.4225352112676056,4.647887323943662,7.394366197183098,0.1340463992957746,15.422535211267606,RM/RCM,70,25,75,90,70,90,70,80,90,30,70,90,65,80,70,60,65,90,50,40,100,80,75,55,55,90,60,50,20,50,70,100,90,90,70,30,20,30,45,90,100,70,80,80,20,50,80,80,80,60,40,80,20,60,60,50,80,60,50,40,40,10,30,100,70,60,55,55,90,60,50,20,50,70,100,90,80,60,20,20,30,40,90,90,50,90,Niké Liga
Slovan Bratislava,cmj1019uptq8i042n5y16itbd,38wtlimeh2bvcjqiopx79fw9g,Suleiman Camara,Suleiman Camara,24.0,Attacker,Gambia,Striker,13.0,1.0,28.0,1.0,40.0,2.0,5.0,6.0,4.0,2.0,2.0,8.0,8.0,12.0,0.0,0.0,205.0,0.0,12.0,5.0,4.0,1.0,1.0,0.0,0.0,0.0,80.0,50.0,10.0,50.0,0.0,54.55,66.67,100.0,0.4602789160331831,0.3716651782045797,2.0,6.0,0.1471921,3.0,1.0,4.0,0.3319845899999999,12.0,5.707317073170732,0.4390243902439024,12.292682926829269,0.4390243902439024,17.5609756097561,0.8780487804878049,2.1951219512195124,2.6341463414634148,1.7560975609756098,0.8780487804878049,0.8780487804878049,3.5121951219512195,3.5121951219512195,5.2682926829268295,0.0,0.0,0.0,5.2682926829268295,2.1951219512195124,1.7560975609756098,0.4390243902439024,0.4390243902439024,0.0,0.0,0.0,80.0,50.0,10.0,50.0,0.0,54.55,66.67,100.0,0.2020736704535926,0.1631700782361569,0.8780487804878049,2.6341463414634148,0.0646209219512195,1.3170731707317074,0.4390243902439024,1.7560975609756098,0.1457493321951219,5.2682926829268295,RW,50,75,50,75,50,88,88,75,75,100,88,25,25,25,25,25,38,75,62,75,25,88,62,62,62,88,75,75,100,38,100,100,100,75,50,75,50,50,62,25,50,75,50,100,75,75,75,75,100,100,100,100,100,100,75,75,75,25,25,38,100,100,100,25,100,62,62,62,88,75,75,100,38,100,100,100,100,75,100,75,75,75,50,75,100,75,Niké Liga
Slovan Bratislava,cmj1019uptq8i042n5y16itbd,43jy22jv9mtezhrs22lppv3l5,S. Marković,Svetozar Markovic,26.0,Defender,Serbia,Defender,202.0,1.0,42.0,10.0,243.0,8.0,1.0,1.0,1.0,0.0,0.0,0.0,0.0,13.0,17.0,1.0,310.0,1.0,4.0,0.0,0.0,3.0,0.0,1.0,0.0,0.0,92.4,66.67,100.0,0.0,100.0,72.22,72.73,60.0,0.1181495073313357,0.127508412992471,0.0,1.0,0.05491138,0.0,5.0,4.0,0.1944723599999999,81.0,58.64516129032258,0.2903225806451612,12.193548387096774,2.9032258064516125,70.54838709677419,2.32258064516129,0.2903225806451612,0.2903225806451612,0.2903225806451612,0.0,0.0,0.0,0.0,3.774193548387097,4.935483870967742,0.2903225806451612,0.2903225806451612,1.161290322580645,0.0,0.0,0.8709677419354839,0.0,0.2903225806451612,0.0,0.0,92.4,66.67,100.0,0.0,100.0,72.22,72.73,60.0,0.0343014698703877,0.0370185715139431,0.0,0.2903225806451612,0.015942013548387,0.0,1.4516129032258065,1.161290322580645,0.0564597174193548,23.516129032258064,CB,75,71,25,27,61,46,32,14,25,23,23,11,11,21,36,7,52,27,7,16,23,39,91,46,52,96,93,98,16,96,100,93,23,21,54,27,27,64,23,21,5,21,32,100,79,39,57,96,66,45,14,29,23,23,11,11,36,43,11,70,61,7,16,46,39,100,46,52,96,93,98,16,96,100,93,23,25,64,27,46,68,23,21,4,18,61,Niké Liga
Slovan Bratislava,cmj1019uptq8i042n5y16itbd,43zh2yj75awxpgel9jxqnw91x,A. Šporar,Andraz Sporar,32.0,Attacker,Slovenia,Striker,13.0,0.0,30.0,1.0,43.0,6.0,5.0,14.0,10.0,4.0,2.0,1.0,1.0,7.0,2.0,0.0,206.0,10.0,19.0,1.0,0.0,0.0,0.0,2.0,0.0,0.0,82.69,100.0,0.0,0.0,71.43,43.75,66.67,0.0,1.4264649584086535,0.3104934350718242,1.0,6.0,0.1323581,3.0,3.0,6.0,0.1271316899999999,13.0,5.6796116504854375,0.0,13.106796116504857,0.4368932038834952,18.78640776699029,2.621359223300971,2.184466019417476,6.116504854368932,4.368932038834951,1.7475728155339807,0.8737864077669903,0.4368932038834952,0.4368932038834952,3.058252427184466,0.8737864077669903,0.0,4.368932038834951,8.300970873786408,0.4368932038834952,0.0,0.0,0.0,0.8737864077669903,0.0,0.0,82.69,100.0,0.0,0.0,71.43,43.75,66.67,0.0,0.6232128459066933,0.1356524716333212,0.4368932038834952,2.621359223300971,0.057826354368932,1.3106796116504855,1.3106796116504855,2.621359223300971,0.0555429713592232,5.6796116504854375,ST,27,20,21,27,21,57,52,73,68,84,62,11,11,5,34,16,95,43,11,9,9,30,62,52,52,86,95,20,9,98,59,91,9,61,32,30,57,36,71,20,46,18,27,61,20,75,39,79,89,89,100,100,100,86,14,11,14,68,16,100,100,21,9,9,30,93,52,52,86,95,20,9,98,59,91,9,96,68,46,89,79,96,39,75,36,64,Niké Liga
Slovan Bratislava,cmj1019uptq8i042n5y16itbd,6w6n644baxsqk6zs4h5sed6nd,S. Kozlovský,Samuel Kozlovsky,26.0,Defender,Slovakia,Defender,167.0,10.0,174.0,9.0,331.0,11.0,6.0,3.0,2.0,1.0,1.0,6.0,6.0,29.0,11.0,6.0,540.0,1.0,10.0,5.0,3.0,7.0,0.0,1.0,0.0,0.0,84.01,29.03,50.0,50.0,33.33,64.44,68.75,70.0,0.2560017609063887,0.657765864205031,0.0,11.0,0.29355251,10.0,42.0,58.0,1.3329163800000006,151.0,27.83333333333333,1.6666666666666667,29.0,1.5,55.16666666666666,1.8333333333333333,1.0,0.5,0.3333333333333333,0.1666666666666666,0.1666666666666666,1.0,1.0,4.833333333333333,1.8333333333333333,1.0,0.1666666666666666,1.6666666666666667,0.8333333333333334,0.5,1.1666666666666667,0.0,0.1666666666666666,0.0,0.0,84.01,29.03,50.0,50.0,33.33,64.44,68.75,70.0,0.0426669601510647,0.1096276440341718,0.0,1.8333333333333333,0.0489254183333333,1.6666666666666667,7.0,9.666666666666666,0.2221527300000001,25.166666666666668,LB/LCB,86,93,93,43,93,71,71,46,46,57,57,71,68,61,46,43,50,79,64,68,68,39,82,46,54,71,21,89,64,57,79,79,68,43,71,21,79,79,100,93,93,86,86,86,86,93,50,93,71,71,36,43,57,57,61,61,71,21,29,43,79,57,68,57,39,86,46,54,71,21,89,64,57,79,79,68,36,71,21,71,79,100,93,93,86,86,Niké Liga
Slovan Bratislava,cmj1019uptq8i042n5y16itbd,78rxvyelnj7orbbzs4u1fghrd,C. Blackman,César Blackman,28.0,Defender,Panama,Defender,79.0,1.0,106.0,12.0,184.0,3.0,7.0,3.0,1.0,2.0,2.0,8.0,9.0,24.0,6.0,4.0,309.0,0.0,9.0,5.0,6.0,6.0,4.0,0.0,0.0,0.0,87.62,57.14,25.0,75.0,0.0,66.67,75.0,60.0,0.1826963919922924,0.5491624717285457,3.0,5.0,0.1121641399999998,5.0,28.0,33.0,0.7611267100000001,85.0,23.00970873786408,0.2912621359223301,30.873786407767,3.4951456310679614,53.59223300970874,0.8737864077669903,2.0388349514563107,0.8737864077669903,0.2912621359223301,0.5825242718446603,0.5825242718446603,2.330097087378641,2.621359223300971,6.990291262135923,1.7475728155339807,1.1650485436893203,0.0,2.621359223300971,1.4563106796116505,1.7475728155339807,1.7475728155339807,1.1650485436893203,0.0,0.0,0.0,87.62,57.14,25.0,75.0,0.0,66.67,75.0,60.0,0.0532125413569783,0.1599502344840424,0.8737864077669903,1.4563106796116505,0.0326691669902912,1.4563106796116505,8.155339805825243,9.611650485436892,0.2216873912621359,24.75728155339806,RB/RCB,56,44,69,59,56,6,84,56,47,78,88,72,72,38,9,38,34,75,59,81,31,100,44,44,53,100,94,59,94,34,94,94,38,50,88,84,59,50,72,94,81,56,50,88,62,100,94,100,12,100,75,56,88,94,88,88,100,19,62,34,94,100,100,81,100,44,44,53,100,94,59,94,34,94,94,38,62,100,88,81,75,100,100,100,100,94,Niké Liga
Slovan Bratislava,cmj1019uptq8i042n5y16itbd,8qblbd58f4db62ju72eq9bcpg,A. Griger,Adam Griger,22.0,Attacker,Slovakia,Striker,8.0,0.0,19.0,3.0,27.0,5.0,1.0,8.0,7.0,1.0,0.0,2.0,2.0,12.0,0.0,1.0,237.0,1.0,16.0,5.0,1.0,1.0,0.0,0.0,0.0,0.0,87.1,100.0,0.0,50.0,12.5,50.0,83.33,100.0,1.5640497498204953,0.0652246532871048,1.0,5.0,0.1645461099999999,0.0,1.0,1.0,0.0162953499999999,3.0,3.037974683544304,0.0,7.215189873417722,1.139240506329114,10.253164556962023,1.89873417721519,0.379746835443038,3.037974683544304,2.6582278481012658,0.379746835443038,0.0,0.759493670886076,0.759493670886076,4.556962025316456,0.0,0.379746835443038,0.379746835443038,6.075949367088608,1.89873417721519,0.379746835443038,0.379746835443038,0.0,0.0,0.0,0.0,87.1,100.0,0.0,50.0,12.5,50.0,83.33,100.0,0.5939429429698083,0.0247688556786473,0.379746835443038,1.89873417721519,0.0624858645569619,0.0,0.379746835443038,0.379746835443038,0.0061881075949366,1.139240506329114,ST,18,20,7,66,7,50,4,29,41,30,14,20,16,20,7,48,11,32,54,23,29,30,11,52,52,96,95,20,71,9,88,100,95,64,4,30,43,54,11,7,9,4,4,25,20,18,89,18,68,4,71,79,46,14,25,21,61,7,68,14,82,75,29,39,30,11,52,52,96,95,20,71,9,88,100,95,93,4,43,82,82,11,11,11,4,4,Niké Liga
Slovan Bratislava,cmj1019uptq8i042n5y16itbd,9hkjwkdnvzeax9s0c4ghsqsfe,P. Pokorný,Peter Pokorny,25.0,Midfielder,Slovakia,Midfielder,85.0,0.0,79.0,16.0,164.0,3.0,4.0,1.0,0.0,1.0,1.0,2.0,2.0,17.0,8.0,6.0,265.0,0.0,0.0,3.0,0.0,7.0,1.0,0.0,0.0,0.0,94.8,84.21,0.0,0.0,0.0,56.67,75.0,63.64,0.0802122572988193,0.194749825963234,1.0,2.0,0.04320281,2.0,8.0,8.0,0.16478286,44.0,28.867924528301884,0.0,26.83018867924528,5.433962264150943,55.698113207547166,1.018867924528302,1.3584905660377358,0.3396226415094339,0.0,0.3396226415094339,0.3396226415094339,0.6792452830188679,0.6792452830188679,5.773584905660377,2.7169811320754715,2.037735849056604,0.0,0.0,1.018867924528302,0.0,2.3773584905660377,0.3396226415094339,0.0,0.0,0.0,94.8,84.21,0.0,0.0,0.0,56.67,75.0,63.64,0.0272418987052593,0.066141450327136,0.3396226415094339,0.6792452830188679,0.0146726524528301,0.6792452830188679,2.7169811320754715,2.7169811320754715,0.0559639901886792,14.943396226415093,DM/CM,50,22,41,74,41,41,54,6,9,26,46,19,19,13,48,44,11,6,22,7,61,78,33,52,50,100,100,22,7,11,56,93,70,7,26,33,19,15,48,9,11,4,11,85,22,89,100,96,74,72,11,9,33,70,52,48,70,78,85,11,6,33,7,96,93,33,52,50,100,100,22,7,11,56,93,70,7,44,48,44,41,72,22,26,15,30,Niké Liga
Slovan Bratislava,cmj1019uptq8i042n5y16itbd,a3pp88a52x123muu26sg4maxh,K. Wimmer,Kevin Wimmer,33.0,Defender,Austria,Defender,280.0,5.0,198.0,42.0,473.0,7.0,5.0,3.0,2.0,1.0,1.0,4.0,4.0,22.0,13.0,11.0,508.0,1.0,9.0,5.0,3.0,3.0,0.0,0.0,0.0,0.0,88.41,56.0,62.5,75.0,33.33,73.33,70.0,42.86,0.2771052073487959,0.6134480911063754,0.0,11.0,0.24807319,9.0,69.0,69.0,1.7645545900000008,329.0,49.60629921259842,0.8858267716535433,35.07874015748031,7.440944881889763,83.79921259842519,1.2401574803149606,0.8858267716535433,0.5314960629921259,0.3543307086614173,0.1771653543307086,0.1771653543307086,0.7086614173228346,0.7086614173228346,3.8976377952755903,2.3031496062992125,1.9488188976377951,0.1771653543307086,1.5944881889763778,0.8858267716535433,0.5314960629921259,0.5314960629921259,0.0,0.0,0.0,0.0,88.41,56.0,62.5,75.0,33.33,73.33,70.0,42.86,0.0490934422468339,0.1086817484243578,0.0,1.9488188976377951,0.0439499746062992,1.5944881889763778,12.224409448818896,12.224409448818896,0.3126179391732284,58.28740157480315,LB/LCB,100,71,100,100,100,57,64,46,46,57,57,39,39,50,64,86,50,71,64,68,18,39,36,46,54,100,93,100,93,57,100,86,14,50,64,21,79,71,93,100,100,100,100,100,71,100,100,100,43,64,43,50,64,64,43,43,50,43,93,50,71,64,79,7,39,36,46,54,100,93,100,93,57,100,86,14,43,64,21,79,71,93,100,100,100,100,Niké Liga
Slovan Bratislava,cmj1019uptq8i042n5y16itbd,b6h33b82fqk8rc31a8k5sg60a,A. Mustafić,Alen Mustafic,27.0,Midfielder,Bosnia and Herzegovina,Midfielder,62.0,2.0,100.0,11.0,160.0,2.0,2.0,5.0,4.0,1.0,0.0,6.0,6.0,16.0,3.0,4.0,273.0,3.0,12.0,3.0,4.0,4.0,0.0,3.0,0.0,0.0,88.4,68.75,40.0,66.67,60.0,53.33,40.0,57.14,0.5102176529509106,0.2239241884567455,0.0,6.0,0.15148623,2.0,21.0,28.0,0.5159190999999999,71.0,20.43956043956044,0.6593406593406593,32.96703296703297,3.6263736263736255,52.74725274725275,0.6593406593406593,0.6593406593406593,1.6483516483516485,1.3186813186813189,0.3296703296703296,0.0,1.978021978021978,1.978021978021978,5.274725274725275,0.989010989010989,1.3186813186813189,0.989010989010989,3.956043956043956,0.989010989010989,1.3186813186813189,1.3186813186813189,0.0,0.989010989010989,0.0,0.0,88.4,68.75,40.0,66.67,60.0,53.33,40.0,57.14,0.1682036218519485,0.0738211610296963,0.0,1.978021978021978,0.0499405153846153,0.6593406593406593,6.923076923076923,9.230769230769232,0.1700832197802197,23.40659340659341,RM/RCM,90,55,90,80,90,30,35,20,40,30,20,50,45,55,50,75,65,30,20,100,30,30,95,55,55,100,70,90,100,100,60,30,35,30,40,10,60,50,45,80,90,50,70,100,50,100,100,100,40,30,30,40,30,20,70,70,50,50,90,80,50,20,100,40,30,100,55,55,100,70,90,100,100,60,30,35,20,30,10,60,50,60,100,100,70,100,Niké Liga
Slovan Bratislava,cmj1019uptq8i042n5y16itbd,csll9sz4o457yv9f8k8ceoz6c,A. Maroš,Alexej Maros,21.0,Midfielder,Slovakia,Midfielder,19.0,9.0,68.0,2.0,78.0,1.0,9.0,12.0,10.0,2.0,6.0,18.0,20.0,13.0,0.0,2.0,273.0,4.0,27.0,3.0,6.0,3.0,2.0,1.0,0.0,0.0,84.78,100.0,42.86,33.33,33.33,30.95,20.0,100.0,1.1991269140174614,1.1748479108683263,3.0,12.0,0.4201446199999999,5.0,2.0,13.0,1.10744912,32.0,6.263736263736264,2.967032967032967,22.41758241758242,0.6593406593406593,25.714285714285715,0.3296703296703296,2.967032967032967,3.956043956043956,3.296703296703297,0.6593406593406593,1.978021978021978,5.934065934065934,6.593406593406594,4.285714285714286,0.0,0.6593406593406593,1.3186813186813189,8.901098901098901,0.989010989010989,1.978021978021978,0.989010989010989,0.6593406593406593,0.3296703296703296,0.0,0.0,84.78,100.0,42.86,33.33,33.33,30.95,20.0,100.0,0.3953165650607015,0.3873124980884592,0.989010989010989,3.956043956043956,0.1385092153846153,1.6483516483516485,0.6593406593406593,4.285714285714286,0.3650931164835165,10.54945054945055,CM/AM,18,93,46,34,36,27,73,75,91,36,89,89,93,14,7,45,66,86,16,77,38,89,57,50,46,82,96,95,32,48,4,32,91,75,89,48,77,82,75,7,45,79,32,29,100,89,43,57,29,96,96,96,46,100,100,100,43,7,61,93,96,25,96,43,100,61,50,46,82,96,95,32,48,4,32,91,96,100,75,96,96,93,14,71,96,43,Niké Liga
Slovan Bratislava,cmj1019uptq8i042n5y16itbd,e1n8z01dq1qvm7krrjwk3y61g,A. Gajdoš,Artur Gajdos,22.0,Midfielder,Slovakia,Midfielder,50.0,6.0,113.0,19.0,157.0,2.0,8.0,4.0,3.0,1.0,1.0,4.0,4.0,19.0,2.0,0.0,322.0,0.0,12.0,6.0,2.0,4.0,2.0,0.0,0.0,0.0,90.75,95.0,28.57,50.0,0.0,54.29,66.67,44.44,0.3030844441320329,0.8344239958842602,2.0,5.0,0.1088523999999999,6.0,24.0,25.0,0.7463336900000002,72.0,13.975155279503104,1.6770186335403725,31.583850931677016,5.31055900621118,43.88198757763975,0.5590062111801242,2.2360248447204967,1.1180124223602483,0.8385093167701863,0.2795031055900621,0.2795031055900621,1.1180124223602483,1.1180124223602483,5.31055900621118,0.5590062111801242,0.0,0.0,3.354037267080745,1.6770186335403725,0.5590062111801242,1.1180124223602483,0.5590062111801242,0.0,0.0,0.0,90.75,95.0,28.57,50.0,0.0,54.29,66.67,44.44,0.0847130433909408,0.2332240982285199,0.5590062111801242,1.3975155279503104,0.0304245838509316,1.6770186335403725,6.70807453416149,6.987577639751552,0.2086025841614907,20.12422360248447,CM/AM,77,88,88,93,82,41,61,14,36,23,27,9,5,45,20,11,11,43,52,23,50,89,21,50,46,100,89,82,66,11,88,96,25,21,64,38,25,7,88,93,79,57,79,89,89,96,100,100,46,86,25,50,21,29,18,7,68,21,11,11,61,68,25,50,89,21,50,46,100,89,82,66,11,88,96,25,21,89,39,36,25,96,100,96,79,96,Niké Liga
Slovan Bratislava,cmj1019uptq8i042n5y16itbd,ezec1c8uli4wz18eaysm5fuok,A. Yirajang,Alasana Yirajang,21.0,Midfielder,Gambia,Midfielder,17.0,5.0,89.0,2.0,101.0,1.0,9.0,6.0,6.0,0.0,2.0,16.0,17.0,16.0,0.0,0.0,246.0,2.0,25.0,3.0,9.0,3.0,1.0,1.0,0.0,0.0,87.83,66.67,55.56,56.25,33.33,48.48,33.33,100.0,0.495343518782349,0.9105088048956068,2.0,22.0,0.8694063600000002,4.0,4.0,14.0,1.1222263900000002,33.0,6.219512195121951,1.829268292682927,32.5609756097561,0.7317073170731707,36.95121951219512,0.3658536585365853,3.292682926829268,2.1951219512195124,2.1951219512195124,0.0,0.7317073170731707,5.853658536585366,6.219512195121951,5.853658536585366,0.0,0.0,0.7317073170731707,9.146341463414634,1.0975609756097562,3.292682926829268,1.0975609756097562,0.3658536585365853,0.3658536585365853,0.0,0.0,87.83,66.67,55.56,56.25,33.33,48.48,33.33,100.0,0.1812232385789081,0.3331129774008317,0.7317073170731707,8.048780487804878,0.3180754975609756,1.4634146341463414,1.4634146341463414,5.121951219512195,0.4105706304878049,12.073170731707316,CM/AM,14,80,64,34,46,27,73,34,66,9,50,82,82,32,7,11,36,82,16,93,38,64,57,50,46,96,80,100,79,48,71,57,91,32,75,38,96,100,59,23,50,82,38,25,93,100,50,93,32,100,54,88,9,75,96,96,75,7,11,50,100,45,100,46,75,75,50,46,96,80,100,79,48,71,57,91,54,96,46,100,100,89,32,79,100,64,Niké Liga
Slovan Bratislava,cmj1019uptq8i042n5y16itbd,sws2q3l7q1o36ynck0cfl5h,T. Barseghyan,Tigran Barseghyan,32.0,Midfielder,Armenia,Midfielder,13.0,5.0,53.0,3.0,61.0,4.0,8.0,8.0,2.0,6.0,0.0,7.0,10.0,15.0,1.0,0.0,211.0,2.0,15.0,4.0,2.0,4.0,1.0,1.0,0.0,0.0,67.03,50.0,35.71,28.57,25.0,46.88,57.14,80.0,0.5055901103593043,0.8530860467691284,4.0,8.0,0.32776076,2.0,4.0,8.0,0.61510714,29.0,5.545023696682464,2.132701421800948,22.606635071090047,1.2796208530805686,26.01895734597156,1.706161137440758,3.4123222748815163,3.4123222748815163,0.8530805687203791,2.559241706161137,0.0,2.985781990521327,4.265402843601896,6.398104265402844,0.4265402843601895,0.0,0.8530805687203791,6.398104265402844,1.706161137440758,0.8530805687203791,1.706161137440758,0.4265402843601895,0.4265402843601895,0.0,0.0,67.03,50.0,35.71,28.57,25.0,46.88,57.14,80.0,0.2156545494423573,0.363875564972614,1.706161137440758,3.4123222748815163,0.1398031677725118,0.8530805687203791,1.706161137440758,3.4123222748815163,0.2623679744075829,12.369668246445498,RM/RCM,20,80,40,35,40,65,90,60,10,95,20,75,90,40,15,15,40,75,50,40,30,80,50,55,55,20,50,80,35,35,40,80,55,20,90,85,80,90,45,35,40,60,50,40,90,90,40,70,90,90,100,10,100,20,90,100,90,20,15,60,100,60,70,60,100,70,55,55,20,50,80,35,35,40,80,55,50,90,100,90,100,70,40,60,100,70,Niké Liga
