Team,contestantId,playerId,Short Name,Player Name,Age,Position_x,Nationality,Position_y,total accurate back zone pass_Total,total accurate fwd zone pass_Total,total accurate long balls_Total,total accurate pass_Total,total aerial won_Total,total big chances saved_Total,total duels won_Total,total effective clearance_Total,total mins played,total was fouled_Total,total accurate cross_Total,total assists_Total,total att assist_Total,total attempt_Total,total attempts ibox_Total,total attempts obox_Total,total blocked scoring att_Total,total contest_Total,total dribbles attempted_Total,total goals_Total,total interception_Total,total ontarget attempt_Total,total touches in opposition box_Total,total won contest_Total,total won tackle_Total,total direct setpiece goals_Total,total direct corner goals_Total,pass_success_pct_Total,long_balls_success_pct_Total,cross_success_pct_Total,dribble_success_pct_Total,attempt_success_pct_Total,duel_success_pct_Total,aerial_success_pct_Total,tackle_success_pct_Total,xG_Total,xA_Total,CreatedOwnShot_Total,Total Carries_Total,Total Carry xT_Total,Total Final Third Carries_Total,passes_into_final_third_Total,progressive_passes_Total,xT_pass_Total,forward_passes_Total,total accurate back zone pass_p90,total accurate fwd zone pass_p90,total accurate long balls_p90,total accurate pass_p90,total aerial won_p90,total big chances saved_p90,total duels won_p90,total effective clearance_p90,total was fouled_p90,total accurate cross_p90,total assists_p90,total att assist_p90,total attempt_p90,total attempts ibox_p90,total attempts obox_p90,total blocked scoring att_p90,total contest_p90,total dribbles attempted_p90,total goals_p90,total interception_p90,total ontarget attempt_p90,total touches in opposition box_p90,total won contest_p90,total won tackle_p90,total direct setpiece goals_p90,total direct corner goals_p90,pass_success_pct_p90,long_balls_success_pct_p90,cross_success_pct_p90,dribble_success_pct_p90,attempt_success_pct_p90,duel_success_pct_p90,aerial_success_pct_p90,tackle_success_pct_p90,xG_p90,xA_p90,CreatedOwnShot_p90,Total Carries_p90,Total Carry xT_p90,Total Final Third Carries_p90,passes_into_final_third_p90,progressive_passes_p90,xT_pass_p90,forward_passes_p90,Pos.,total accurate back zone pass_TotalPR,total accurate fwd zone pass_TotalPR,total accurate long balls_TotalPR,total accurate pass_TotalPR,total aerial won_TotalPR,total big chances saved_TotalPR,total duels won_TotalPR,total effective clearance_TotalPR,total was fouled_TotalPR,total accurate cross_TotalPR,total assists_TotalPR,total att assist_TotalPR,total attempt_TotalPR,total attempts ibox_TotalPR,total attempts obox_TotalPR,total blocked scoring att_TotalPR,total contest_TotalPR,total dribbles attempted_TotalPR,total goals_TotalPR,total interception_TotalPR,total ontarget attempt_TotalPR,total touches in opposition box_TotalPR,total won contest_TotalPR,total won tackle_TotalPR,total direct setpiece goals_TotalPR,total direct corner goals_TotalPR,pass_success_pct_TotalPR,long_balls_success_pct_TotalPR,cross_success_pct_TotalPR,dribble_success_pct_TotalPR,attempt_success_pct_TotalPR,duel_success_pct_TotalPR,aerial_success_pct_TotalPR,tackle_success_pct_TotalPR,xG_TotalPR,xA_TotalPR,CreatedOwnShot_TotalPR,Total Carries_TotalPR,Total Carry xT_TotalPR,Total Final Third Carries_TotalPR,passes_into_final_third_TotalPR,progressive_passes_TotalPR,xT_pass_TotalPR,forward_passes_TotalPR,total accurate back zone pass_p90PR,total accurate fwd zone pass_p90PR,total accurate long balls_p90PR,total accurate pass_p90PR,total aerial won_p90PR,total big chances saved_p90PR,total duels won_p90PR,total effective clearance_p90PR,total was fouled_p90PR,total accurate cross_p90PR,total assists_p90PR,total att assist_p90PR,total attempt_p90PR,total attempts ibox_p90PR,total attempts obox_p90PR,total blocked scoring att_p90PR,total contest_p90PR,total dribbles attempted_p90PR,total goals_p90PR,total interception_p90PR,total ontarget attempt_p90PR,total touches in opposition box_p90PR,total won contest_p90PR,total won tackle_p90PR,total direct setpiece goals_p90PR,total direct corner goals_p90PR,pass_success_pct_p90PR,long_balls_success_pct_p90PR,cross_success_pct_p90PR,dribble_success_pct_p90PR,attempt_success_pct_p90PR,duel_success_pct_p90PR,aerial_success_pct_p90PR,tackle_success_pct_p90PR,xG_p90PR,xA_p90PR,CreatedOwnShot_p90PR,Total Carries_p90PR,Total Carry xT_p90PR,Total Final Third Carries_p90PR,passes_into_final_third_p90PR,progressive_passes_p90PR,xT_pass_p90PR,forward_passes_p90PR,League
AIK,5mbo4f0vps12dr0fcvjn3wyp5,289f8ysumkm0ilmx2z472cei2,I. Cissé,Ibrahim Cissé,27.0,Defender,Côte d'Ivoire,Defender,274.0,128.0,9.0,402.0,20.0,0.0,43.0,50.0,714.0,8.0,0.0,0.0,0.0,7.0,7.0,0.0,3.0,3.0,3.0,1.0,8.0,4.0,9.0,3.0,8.0,0.0,0.0,92.63,56.25,0.0,100.0,57.14,62.32,62.5,66.67,0.9628050009218728,0.0,0.0,10.0,0.19305666,3.0,15.0,19.0,0.4428443299999999,258.0,34.53781512605042,16.134453781512605,1.134453781512605,50.67226890756302,2.5210084033613445,0.0,5.42016806722689,6.302521008403361,1.0084033613445378,0.0,0.0,0.0,0.8823529411764706,0.8823529411764706,0.0,0.3781512605042016,0.3781512605042016,0.3781512605042016,0.1260504201680672,1.0084033613445378,0.5042016806722689,1.134453781512605,0.3781512605042016,1.0084033613445378,0.0,0.0,92.63,56.25,0.0,100.0,57.14,62.32,62.5,66.67,0.1213619749061184,0.0,0.0,1.2605042016806722,0.0243348731092436,0.3781512605042016,1.8907563025210083,2.394957983193277,0.0558207138655462,32.52100840336134,CB,44,35,14,40,55,34,48,49,55,28,38,10,62,71,28,88,53,52,68,34,85,48,73,47,51,51,92,92,28,90,95,73,56,54,69,11,25,65,63,49,21,27,26,45,63,53,9,63,79,34,84,84,76,28,38,10,81,89,28,95,61,61,79,47,98,63,84,58,51,51,92,92,28,90,95,73,56,54,84,11,25,68,65,53,21,31,15,61,Allsvenskan
AIK,5mbo4f0vps12dr0fcvjn3wyp5,2l14t89f2n27b28xqfguvr4es,S. Omondi,Stanley Omondi,20.0,Midfielder,Kenya,Midfielder,228.0,272.0,55.0,499.0,6.0,0.0,54.0,17.0,824.0,12.0,1.0,2.0,8.0,5.0,0.0,5.0,1.0,25.0,25.0,0.0,6.0,1.0,6.0,14.0,11.0,0.0,0.0,88.63,70.51,33.33,56.0,20.0,55.67,42.86,50.0,0.3396982837371318,0.5404405902900555,3.0,37.0,0.8805045199999998,13.0,63.0,64.0,1.6395919700000008,272.0,24.902912621359224,29.70873786407768,6.007281553398059,54.50242718446602,0.6553398058252428,0.0,5.898058252427185,1.8567961165048543,1.3106796116504855,0.1092233009708738,0.2184466019417476,0.8737864077669903,0.5461165048543689,0.0,0.5461165048543689,0.1092233009708738,2.7305825242718447,2.7305825242718447,0.0,0.6553398058252428,0.1092233009708738,0.6553398058252428,1.529126213592233,1.2014563106796117,0.0,0.0,88.63,70.51,33.33,56.0,20.0,55.67,42.86,50.0,0.03710296788391,0.0590287052501274,0.3276699029126214,4.04126213592233,0.0961716101941747,1.4199029126213594,6.881067961165049,6.990291262135923,0.1790816472087379,29.70873786407768,DM/CM,48,48,92,45,48,46,50,54,51,41,79,44,29,6,49,25,88,85,29,30,32,26,91,42,50,51,75,98,74,78,36,65,42,16,25,35,36,79,72,66,57,55,52,45,70,75,98,80,48,46,78,62,57,40,95,55,25,6,60,22,100,100,29,12,30,18,100,45,50,51,75,98,74,78,36,65,42,16,18,40,40,100,100,90,82,88,82,78,Allsvenskan
AIK,5mbo4f0vps12dr0fcvjn3wyp5,2q5dedfrzn793s2alaaig8i6s,A. Ali,Abdihakin Ali,24.0,Midfielder,Sweden,Midfielder,178.0,188.0,8.0,365.0,6.0,0.0,57.0,10.0,867.0,15.0,1.0,0.0,10.0,12.0,6.0,6.0,4.0,19.0,19.0,0.0,11.0,2.0,25.0,7.0,19.0,0.0,0.0,82.39,42.11,12.5,36.84,16.67,64.04,0.0,65.52,0.7879154722776027,0.4167288349343508,6.0,34.0,0.8194246399999998,21.0,33.0,28.0,0.7112536999999998,163.0,18.47750865051903,19.515570934256058,0.8304498269896194,37.88927335640139,0.6228373702422145,0.0,5.916955017301039,1.0380622837370244,1.5570934256055364,0.1038062283737024,0.0,1.0380622837370244,1.245674740484429,0.6228373702422145,0.6228373702422145,0.4152249134948097,1.972318339100346,1.972318339100346,0.0,1.1418685121107266,0.2076124567474048,2.595155709342561,0.726643598615917,1.972318339100346,0.0,0.0,82.39,42.11,12.5,36.84,16.67,64.04,0.0,65.52,0.0817905334544224,0.0432590486091021,0.6228373702422145,3.5294117647058827,0.0850613813148788,2.179930795847751,3.42560553633218,2.906574394463668,0.0738325640138408,16.920415224913494,CM/AM,77,49,37,58,58,51,54,58,44,23,15,30,31,25,49,33,51,49,18,70,12,32,49,88,49,51,57,31,23,36,12,98,4,67,17,12,52,69,60,85,55,45,24,55,93,55,45,71,64,51,71,62,52,21,15,21,31,29,52,40,64,57,18,79,12,29,52,93,49,51,57,31,23,36,12,98,4,67,19,7,52,90,76,95,62,38,19,69,Allsvenskan
AIK,5mbo4f0vps12dr0fcvjn3wyp5,3bxqgluj0fm03fst1ln0crg2c,K. Filling,Kevin Filling,17.0,Attacker,Sweden,Striker,56.0,140.0,6.0,193.0,5.0,0.0,50.0,3.0,1018.0,25.0,3.0,5.0,12.0,20.0,10.0,10.0,7.0,16.0,16.0,2.0,8.0,6.0,35.0,11.0,6.0,0.0,0.0,79.75,75.0,27.27,68.75,30.0,50.0,23.81,66.67,1.7853130736211382,1.3031060178862568,9.0,21.0,0.6924571899999998,6.0,5.0,9.0,1.0985263599999997,43.0,4.950884086444008,12.37721021611002,0.5304518664047151,17.06286836935167,0.4420432220039292,0.0,4.4204322200392925,0.2652259332023575,2.2102161100196462,0.2652259332023575,0.4420432220039292,1.0609037328094302,1.768172888015717,0.8840864440078585,0.8840864440078585,0.618860510805501,1.4145383104125735,1.4145383104125735,0.1768172888015717,0.7072691552062867,0.5304518664047151,3.0943025540275046,0.9724950884086444,0.5304518664047151,0.0,0.0,79.75,75.0,27.27,68.75,30.0,50.0,23.81,66.67,0.1578371086698452,0.1152058365518301,0.7956777996070726,1.856581532416503,0.0612192014734773,0.5304518664047151,0.4420432220039292,0.7956777996070726,0.0971192263261296,3.801571709233792,ST,60,73,75,63,22,50,58,20,90,82,97,68,53,23,83,65,47,45,53,78,42,47,70,58,50,50,87,87,83,90,23,87,27,47,43,77,75,83,87,62,32,47,80,43,57,70,63,70,23,50,47,7,87,80,100,63,20,13,87,57,40,33,43,80,20,20,70,40,50,50,87,87,83,90,23,87,27,47,17,73,67,77,73,63,20,33,80,33,Allsvenskan
AIK,5mbo4f0vps12dr0fcvjn3wyp5,45stt0xeohn9ti5cozz7vqhhw,E. Edh,Eskil Edh,24.0,Defender,Norway,Defender,63.0,59.0,8.0,121.0,2.0,0.0,11.0,16.0,243.0,2.0,1.0,0.0,3.0,1.0,0.0,1.0,0.0,3.0,3.0,0.0,1.0,1.0,0.0,1.0,5.0,0.0,0.0,79.61,38.1,25.0,33.33,100.0,42.31,33.33,83.33,0.0567582425964928,0.2130346108988902,1.0,6.0,0.14144658,8.0,11.0,11.0,0.39932298,59.0,23.33333333333333,21.85185185185185,2.962962962962963,44.81481481481481,0.7407407407407407,0.0,4.0740740740740735,5.925925925925926,0.7407407407407407,0.3703703703703703,0.0,1.111111111111111,0.3703703703703703,0.0,0.3703703703703703,0.0,1.111111111111111,1.111111111111111,0.0,0.3703703703703703,0.3703703703703703,0.0,0.3703703703703703,1.851851851851852,0.0,0.0,79.61,38.1,25.0,33.33,100.0,42.31,33.33,83.33,0.0210215713320343,0.0789017077403297,0.3703703703703703,2.222222222222222,0.0523876222222222,2.962962962962963,4.0740740740740735,4.0740740740740735,0.1478973999999999,21.85185185185185,CB,3,11,10,5,2,34,6,10,15,66,38,54,16,8,65,16,53,52,27,2,41,2,40,26,51,51,5,35,69,44,99,5,2,94,13,55,61,45,45,79,15,15,21,8,15,74,68,39,6,34,44,73,59,92,38,98,37,8,89,16,92,92,27,2,92,2,82,97,51,51,5,35,69,44,99,5,2,94,19,95,94,91,92,100,66,63,89,23,Allsvenskan
AIK,5mbo4f0vps12dr0fcvjn3wyp5,6qsfpacj72gsgvk1nmtv0kidw,Y. Geiger,Yannick Geiger,19.0,Midfielder,Sweden,Midfielder,169.0,127.0,16.0,296.0,2.0,0.0,27.0,13.0,562.0,5.0,0.0,0.0,3.0,5.0,0.0,5.0,0.0,12.0,14.0,1.0,6.0,1.0,2.0,8.0,7.0,0.0,0.0,90.8,76.19,0.0,66.67,20.0,40.91,28.57,58.33,0.3746556234260068,0.0707319854318924,5.0,20.0,0.41752654,2.0,35.0,23.0,0.6198392100000001,118.0,27.06405693950178,20.338078291814945,2.5622775800711746,47.40213523131673,0.3202846975088968,0.0,4.3238434163701065,2.0818505338078293,0.800711743772242,0.0,0.0,0.4804270462633452,0.800711743772242,0.0,0.800711743772242,0.0,1.9217081850533808,2.2419928825622777,0.1601423487544484,0.9608540925266904,0.1601423487544484,0.3202846975088968,1.2811387900355873,1.1209964412811388,0.0,0.0,90.8,76.19,0.0,66.67,20.0,40.91,28.57,58.33,0.0599982315095028,0.0113271862791286,0.800711743772242,3.202846975088968,0.0668636807829181,0.3202846975088968,5.604982206405694,3.683274021352313,0.0992625069395018,18.89679715302491,DM/CM,35,28,35,30,14,46,32,42,26,16,26,21,29,6,49,8,54,59,69,30,32,10,66,20,50,51,100,100,16,89,36,10,18,42,28,15,60,49,42,14,36,28,30,28,90,32,60,60,22,46,50,72,35,16,26,25,50,6,80,8,90,92,92,35,42,8,95,30,50,51,100,100,16,89,36,10,18,42,40,15,92,90,75,2,72,35,30,22,Allsvenskan
AIK,5mbo4f0vps12dr0fcvjn3wyp5,7jdeesmfaskq8lruce2hnum1g,C. Pavey,Charlie Pavey,18.0,Defender,Sweden,Defender,76.0,66.0,3.0,139.0,1.0,0.0,13.0,9.0,313.0,3.0,3.0,0.0,4.0,3.0,2.0,1.0,1.0,4.0,4.0,0.0,3.0,2.0,9.0,2.0,5.0,0.0,0.0,87.97,25.0,27.27,50.0,66.67,56.52,50.0,71.43,0.2028818004997156,0.4454360410726807,1.0,5.0,0.121143,2.0,10.0,13.0,0.5679259400000001,65.0,21.85303514376997,18.977635782747605,0.8626198083067093,39.96805111821086,0.2875399361022364,0.0,3.7380191693290734,2.587859424920128,0.8626198083067093,0.8626198083067093,0.0,1.1501597444089458,0.8626198083067093,0.5750798722044729,0.2875399361022364,0.2875399361022364,1.1501597444089458,1.1501597444089458,0.0,0.8626198083067093,0.5750798722044729,2.587859424920128,0.5750798722044729,1.437699680511182,0.0,0.0,87.97,25.0,27.27,50.0,66.67,56.52,50.0,71.43,0.0583366199519949,0.1280806507876717,0.2875399361022364,1.437699680511182,0.0348334504792332,0.5750798722044729,2.8753993610223643,3.7380191693290734,0.1633013884984025,18.690095846645367,RB/RCB,19,12,12,19,12,38,6,12,12,38,25,31,16,28,12,12,19,19,34,6,56,19,12,9,50,53,94,19,62,47,100,62,31,75,12,44,22,19,19,19,22,19,12,19,56,56,12,50,12,38,25,50,56,88,25,69,69,88,50,69,56,56,34,38,94,94,62,94,50,53,94,19,62,47,100,62,31,75,50,88,81,50,50,38,44,31,50,38,Allsvenskan
AIK,5mbo4f0vps12dr0fcvjn3wyp5,alxccjq2y6il5yjw108a0axnt,J. Hove,Johan Hove,26.0,Midfielder,Norway,Midfielder,190.0,301.0,46.0,484.0,23.0,0.0,72.0,26.0,1620.0,12.0,7.0,1.0,20.0,36.0,32.0,4.0,11.0,13.0,14.0,6.0,10.0,15.0,64.0,8.0,16.0,0.0,0.0,75.98,52.87,21.88,61.54,41.67,53.73,62.16,55.17,3.534243652674949,1.5120444162519686,6.0,32.0,0.9134978499999998,20.0,70.0,73.0,2.05699369,246.0,10.555555555555555,16.72222222222222,2.555555555555556,26.88888888888889,1.2777777777777777,0.0,4.0,1.4444444444444444,0.6666666666666666,0.3888888888888889,0.0555555555555555,1.1111111111111112,2.0,1.7777777777777777,0.2222222222222222,0.6111111111111112,0.7222222222222222,0.7777777777777778,0.3333333333333333,0.5555555555555556,0.8333333333333334,3.555555555555556,0.4444444444444444,0.8888888888888888,0.0,0.0,75.98,52.87,21.88,61.54,41.67,53.73,62.16,55.17,0.1963468695930527,0.0840024675695538,0.3333333333333333,1.7777777777777777,0.0507498805555555,1.1111111111111112,3.888888888888889,4.055555555555555,0.1142774272222222,13.666666666666666,CM/AM,83,71,95,71,98,51,76,95,37,71,43,73,87,99,31,89,31,35,94,62,88,86,55,80,49,51,14,57,55,95,73,95,98,29,88,62,52,64,64,81,93,81,71,81,55,40,93,50,90,51,31,83,12,55,33,29,71,93,10,67,5,5,83,33,71,57,24,33,49,51,14,57,55,95,73,95,98,29,69,29,29,26,31,50,71,60,45,55,Allsvenskan
AIK,5mbo4f0vps12dr0fcvjn3wyp5,b11ffe62rpm020r3u6t1lhvx1,M. Thychosen,Mads Thychosen,29.0,Defender,Denmark,Defender,213.0,234.0,20.0,445.0,17.0,1.0,53.0,29.0,1011.0,9.0,2.0,0.0,3.0,5.0,1.0,4.0,2.0,16.0,17.0,0.0,7.0,0.0,11.0,6.0,13.0,0.0,0.0,77.12,35.09,8.7,37.5,0.0,54.08,54.84,61.9,0.3028228362280621,0.300555894915036,3.0,12.0,0.2583825999999999,14.0,43.0,49.0,1.1592898800000009,219.0,18.96142433234421,20.830860534124632,1.7804154302670625,39.61424332344214,1.513353115727003,0.0890207715133531,4.718100890207715,2.5816023738872405,0.8011869436201781,0.1780415430267062,0.0,0.2670623145400593,0.4451038575667656,0.0890207715133531,0.3560830860534125,0.1780415430267062,1.42433234421365,1.513353115727003,0.0,0.6231454005934719,0.0,0.9792284866468844,0.5341246290801187,1.1572700296735905,0.0,0.0,77.12,35.09,8.7,37.5,0.0,54.08,54.84,61.9,0.0269575225128838,0.0267557176482227,0.2670623145400593,1.0682492581602374,0.0230014183976261,1.2462908011869438,3.827893175074185,4.362017804154303,0.1032008795252226,19.495548961424333,RB/RCB,31,44,34,38,66,84,44,38,47,28,25,22,31,12,66,34,75,75,34,34,16,31,56,31,50,53,25,31,19,25,16,50,62,38,25,25,62,41,44,69,44,44,44,38,44,62,50,44,81,88,62,44,50,25,25,12,31,12,62,50,75,69,34,25,16,19,56,38,50,53,25,31,19,25,16,50,62,38,12,31,69,44,38,81,56,62,25,50,Allsvenskan
AIK,5mbo4f0vps12dr0fcvjn3wyp5,b5efwfrqbzdfknrjq3agklvdg,T. Ayari,Taha Ayari,21.0,Midfielder,Sweden,Midfielder,34.0,89.0,5.0,122.0,12.0,0.0,59.0,6.0,623.0,20.0,1.0,2.0,14.0,11.0,9.0,2.0,5.0,33.0,33.0,1.0,7.0,4.0,27.0,10.0,7.0,0.0,0.0,77.71,71.43,12.5,30.3,36.36,47.2,50.0,41.18,1.3902695705336794,1.106814478159112,6.0,10.0,0.28227778,9.0,10.0,21.0,0.90676743,54.0,4.911717495987158,12.857142857142856,0.7223113964686998,17.624398073836275,1.7335473515248796,0.0,8.523274478330658,0.8667736757624398,2.889245585874799,0.1444622792937399,0.2889245585874799,2.02247191011236,1.5890850722311396,1.3001605136436596,0.2889245585874799,0.7223113964686998,4.767255216693418,4.767255216693418,0.1444622792937399,1.0112359550561798,0.5778491171749599,3.9004815409309774,1.4446227929373996,1.0112359550561798,0.0,0.0,77.71,71.43,12.5,30.3,36.36,47.2,50.0,41.18,0.2008415109920243,0.1598929422701767,0.8667736757624398,1.4446227929373996,0.0407784914927768,1.3001605136436596,1.4446227929373996,3.033707865168539,0.1309936897271268,7.800963081861957,CM/AM,5,12,26,10,87,51,63,36,60,23,67,49,25,54,13,45,82,79,43,46,33,39,67,25,49,51,24,92,23,17,60,60,86,2,40,45,52,19,21,33,14,31,36,14,5,24,40,7,98,51,100,50,100,36,83,79,48,74,19,76,98,98,57,69,55,62,86,50,49,51,24,92,23,17,60,60,86,2,71,67,81,10,12,76,14,40,55,21,Allsvenskan
AIK,5mbo4f0vps12dr0fcvjn3wyp5,c09quzlxh0hscffbfzbtohi7e,L. Bergquist,Lars Bergquist,26.0,Defender,Sweden,Defender,179.0,166.0,9.0,339.0,6.0,0.0,36.0,36.0,853.0,8.0,6.0,1.0,13.0,4.0,1.0,3.0,3.0,11.0,13.0,0.0,15.0,0.0,10.0,3.0,13.0,0.0,0.0,81.49,22.5,13.64,27.27,0.0,50.0,54.55,68.42,0.2201124275485482,1.1453589356427936,3.0,11.0,0.2278950599999999,9.0,29.0,24.0,1.1600112899999997,126.0,18.886283704572097,17.514654161781944,0.9495896834701056,35.76787807737397,0.6330597889800703,0.0,3.798358733880422,3.798358733880422,0.8440797186400938,0.6330597889800703,0.1055099648300117,1.3716295427901524,0.4220398593200469,0.1055099648300117,0.3165298944900351,0.3165298944900351,1.160609613130129,1.3716295427901524,0.0,1.5826494724501758,0.0,1.0550996483001172,0.3165298944900351,1.3716295427901524,0.0,0.0,81.49,22.5,13.64,27.27,0.0,50.0,54.55,68.42,0.0232240544892958,0.1208467810174108,0.3165298944900351,1.160609613130129,0.0240451997655334,0.9495896834701056,3.05978898007034,2.5322391559202813,0.1223927504103165,13.294255568581477,LB/LCB,42,42,8,38,15,40,33,54,42,38,58,58,23,19,48,62,52,54,35,50,15,25,33,46,50,50,46,4,21,23,15,23,42,50,12,58,56,25,21,38,33,21,38,25,50,33,12,33,21,40,33,67,50,42,67,79,33,17,58,71,62,71,35,75,15,29,38,58,50,50,46,4,21,23,15,23,42,50,8,67,71,29,21,46,46,25,46,17,Allsvenskan
AIK,5mbo4f0vps12dr0fcvjn3wyp5,c1f7vp2u7fndbs1q67yhze1hw,A. Kouame,Axel Kouame,22.0,Midfielder,Côte d'Ivoire,Midfielder,52.0,105.0,11.0,156.0,5.0,0.0,27.0,3.0,698.0,9.0,1.0,1.0,14.0,14.0,9.0,5.0,4.0,15.0,19.0,2.0,0.0,6.0,28.0,6.0,4.0,0.0,0.0,80.41,78.57,20.0,40.0,42.86,34.62,20.0,57.14,1.7626906392815982,1.0862613782576922,6.0,14.0,0.3793119899999999,6.0,21.0,22.0,0.8916358699999998,67.0,6.70487106017192,13.538681948424069,1.4183381088825215,20.11461318051576,0.6446991404011462,0.0,3.481375358166189,0.3868194842406877,1.160458452722063,0.1289398280802292,0.1289398280802292,1.805157593123209,1.805157593123209,1.160458452722063,0.6446991404011462,0.5157593123209169,1.9340974212034383,2.4498567335243555,0.2578796561604584,0.0,0.7736389684813754,3.610315186246418,0.7736389684813754,0.5157593123209169,0.0,0.0,80.41,78.57,20.0,40.0,42.86,34.62,20.0,57.14,0.2272810279875986,0.1400623553627396,0.7736389684813754,1.805157593123209,0.0489084227793696,0.7736389684813754,2.707736389684814,2.836676217765043,0.1149673757879655,8.638968481375358,CM/AM,21,21,54,20,51,51,19,13,18,23,43,49,44,54,38,33,42,49,60,4,57,43,42,5,49,51,43,98,45,46,83,12,19,36,62,40,52,27,29,25,36,35,33,24,24,26,69,24,67,51,21,19,26,29,43,67,62,64,60,60,57,71,76,4,67,60,57,10,49,51,43,98,45,46,83,12,19,36,79,64,71,29,24,19,40,33,48,26,Allsvenskan
AIK,5mbo4f0vps12dr0fcvjn3wyp5,cnc315gcsm14gqs6h4pgczp5g,S. Gustafsson,Sixten Gustafsson,19.0,Attacker,Sweden,Striker,22.0,31.0,2.0,53.0,8.0,0.0,16.0,1.0,283.0,3.0,0.0,0.0,5.0,10.0,7.0,3.0,2.0,5.0,6.0,2.0,3.0,5.0,17.0,1.0,2.0,0.0,0.0,65.43,50.0,0.0,20.0,50.0,37.21,47.06,50.0,1.2214199345020922,0.4943959812594904,3.0,3.0,0.0614221499999999,1.0,8.0,7.0,0.26412166,22.0,6.996466431095406,9.858657243816255,0.6360424028268551,16.85512367491166,2.5441696113074204,0.0,5.088339222614841,0.3180212014134275,0.9540636042402828,0.0,0.0,1.5901060070671378,3.180212014134276,2.2261484098939928,0.9540636042402828,0.6360424028268551,1.5901060070671378,1.9081272084805647,0.6360424028268551,0.9540636042402828,1.5901060070671378,5.406360424028269,0.3180212014134275,0.6360424028268551,0.0,0.0,65.43,50.0,0.0,20.0,50.0,37.21,47.06,50.0,0.3884374350006653,0.1572284039341135,0.9540636042402828,0.9540636042402828,0.0195335459363957,0.3180212014134275,2.5441696113074204,2.2261484098939928,0.0839962876325088,6.996466431095406,ST,30,20,32,23,42,50,8,7,10,28,20,27,13,12,40,23,18,22,53,48,35,13,8,15,50,50,20,55,28,7,85,23,83,20,17,40,35,17,13,15,50,33,33,30,93,63,70,63,83,50,57,20,30,28,20,80,70,67,90,60,50,63,93,83,87,77,17,47,50,50,20,55,28,7,85,23,83,20,80,90,83,47,30,33,90,83,73,73,Allsvenskan
AIK,5mbo4f0vps12dr0fcvjn3wyp5,cwkz9uxtres4bockr3spd4hxx,S. Papagiannopoulos,Sotirios Papagiannopoulos,36.0,Defender,Sweden,Defender,217.0,119.0,23.0,336.0,8.0,0.0,21.0,39.0,721.0,8.0,0.0,0.0,1.0,2.0,2.0,0.0,1.0,3.0,3.0,0.0,5.0,0.0,5.0,1.0,1.0,0.0,0.0,87.96,53.49,0.0,33.33,0.0,53.85,50.0,25.0,0.2441958604540216,0.0572038347900367,0.0,1.0,0.01689528,0.0,21.0,19.0,0.4737154199999998,230.0,27.0873786407767,14.854368932038836,2.871012482662968,41.94174757281554,0.9986130374479888,0.0,2.621359223300971,4.8682385575589455,0.9986130374479888,0.0,0.0,0.1248266296809986,0.2496532593619972,0.2496532593619972,0.0,0.1248266296809986,0.3744798890429958,0.3744798890429958,0.0,0.6241331484049931,0.0,0.6241331484049931,0.1248266296809986,0.1248266296809986,0.0,0.0,87.96,53.49,0.0,33.33,0.0,53.85,50.0,25.0,0.0304821462425269,0.0071405619016689,0.0,0.1248266296809986,0.0021089808599167,0.0,2.621359223300971,2.371705963938973,0.0591322993065187,28.71012482662968,CB,35,31,48,32,19,34,19,35,55,28,38,28,23,25,28,44,53,52,27,18,14,21,40,3,51,51,56,83,28,44,14,31,24,5,23,27,25,14,11,11,34,27,29,42,27,40,61,29,15,34,8,44,74,28,38,26,24,27,28,56,60,60,27,8,14,21,45,3,51,51,56,83,28,44,14,31,24,5,26,26,25,15,15,11,42,26,18,47,Allsvenskan
AIK,5mbo4f0vps12dr0fcvjn3wyp5,d6eq2hlmwh2hpbx4m3qjiuxud,H. Matthys,Hervé Matthys,30.0,Defender,Belgium,Defender,335.0,190.0,23.0,524.0,11.0,0.0,23.0,42.0,648.0,4.0,1.0,0.0,1.0,3.0,2.0,1.0,2.0,1.0,1.0,0.0,10.0,0.0,7.0,0.0,7.0,0.0,0.0,90.81,41.82,100.0,0.0,0.0,60.53,64.71,87.5,0.3436967144548694,0.0742882060533932,1.0,12.0,0.21642672,1.0,43.0,39.0,1.13387874,339.0,46.52777777777778,26.38888888888889,3.194444444444444,72.77777777777777,1.5277777777777777,0.0,3.194444444444444,5.833333333333333,0.5555555555555556,0.1388888888888889,0.0,0.1388888888888889,0.4166666666666666,0.2777777777777778,0.1388888888888889,0.2777777777777778,0.1388888888888889,0.1388888888888889,0.0,1.3888888888888888,0.0,0.9722222222222222,0.0,0.9722222222222222,0.0,0.0,90.81,41.82,100.0,0.0,0.0,60.53,64.71,87.5,0.0477356547853985,0.0103178063963046,0.1388888888888889,1.6666666666666663,0.0300592666666666,0.1388888888888889,5.972222222222222,5.416666666666667,0.1574831583333333,47.083333333333336,CB,53,50,48,53,35,34,24,40,32,66,38,28,34,25,65,70,26,24,27,46,14,36,14,42,51,51,82,55,97,14,14,58,66,97,29,32,61,72,66,28,59,48,52,58,92,89,81,95,45,34,21,66,42,76,38,34,44,34,76,85,32,29,27,69,14,50,14,56,51,51,82,55,97,14,14,58,66,97,42,35,77,76,74,29,82,77,90,95,Allsvenskan
AIK,5mbo4f0vps12dr0fcvjn3wyp5,d8d3dx2hjcn883dnes7wdwy96,A. Mujanić,Amel Mujanic,25.0,Midfielder,Sweden,Midfielder,88.0,141.0,15.0,228.0,4.0,0.0,42.0,15.0,863.0,17.0,1.0,0.0,7.0,16.0,7.0,9.0,2.0,18.0,18.0,0.0,4.0,4.0,18.0,2.0,11.0,0.0,0.0,78.35,51.72,11.11,11.11,25.0,41.18,50.0,55.0,1.2812577631633832,0.4761944934323855,6.0,17.0,0.39651834,10.0,36.0,31.0,0.8553184599999998,120.0,9.17728852838934,14.7045191193511,1.5643105446118193,23.77752027809965,0.4171494785631518,0.0,4.380069524913094,1.5643105446118193,1.7728852838933953,0.1042873696407879,0.0,0.7300115874855156,1.6685979142526073,0.7300115874855156,0.9385863267670916,0.2085747392815759,1.877172653534183,1.877172653534183,0.0,0.4171494785631518,0.4171494785631518,1.877172653534183,0.2085747392815759,1.1471610660486675,0.0,0.0,78.35,51.72,11.11,11.11,25.0,41.18,50.0,55.0,0.1336190019521489,0.0496610711574909,0.6257242178447278,1.7728852838933953,0.0413518546929316,1.0428736964078795,3.754345307068366,3.2329084588644266,0.0891989123986094,12.514484356894554,CM/AM,43,36,63,38,44,51,36,82,50,23,15,14,51,35,68,18,48,45,18,26,33,23,7,44,49,51,26,55,17,2,24,24,86,26,33,17,52,36,33,39,57,52,29,45,43,29,74,33,45,51,48,88,64,24,15,7,55,31,71,10,52,52,18,26,36,21,7,60,49,51,26,55,17,2,24,24,86,26,36,10,55,24,14,43,69,48,24,48,Allsvenskan
AIK,5mbo4f0vps12dr0fcvjn3wyp5,dptjb2pmzpzagb4rcndchf7ro,L. Carlstrand,Linus Carlstrand,22.0,Attacker,Sweden,Striker,38.0,54.0,2.0,91.0,7.0,0.0,16.0,4.0,462.0,5.0,1.0,1.0,9.0,21.0,15.0,6.0,4.0,7.0,8.0,5.0,1.0,10.0,27.0,1.0,2.0,0.0,0.0,81.25,50.0,25.0,14.29,47.62,34.78,50.0,66.67,2.4338264926216,0.6098824428938662,10.0,10.0,0.26496604,3.0,6.0,7.0,0.60635956,29.0,7.402597402597402,10.51948051948052,0.3896103896103896,17.727272727272727,1.3636363636363635,0.0,3.1168831168831166,0.7792207792207791,0.974025974025974,0.1948051948051948,0.1948051948051948,1.753246753246753,4.090909090909091,2.922077922077922,1.1688311688311688,0.7792207792207791,1.3636363636363635,1.5584415584415583,0.974025974025974,0.1948051948051948,1.948051948051948,5.259740259740259,0.1948051948051948,0.3896103896103896,0.0,0.0,81.25,50.0,25.0,14.29,47.62,34.78,50.0,66.67,0.4741220440171947,0.1188082680962076,1.948051948051948,1.948051948051948,0.051616761038961,0.5844155844155844,1.1688311688311688,1.3636363636363635,0.1181219922077922,5.649350649350649,RW,64,36,36,55,64,55,27,36,41,36,59,45,64,64,64,45,27,27,86,23,73,45,23,27,55,55,64,64,77,18,91,36,91,68,64,45,77,45,45,50,73,41,45,55,100,45,36,55,91,55,36,64,36,36,73,73,91,91,73,64,27,36,100,36,100,45,18,27,55,55,64,64,77,18,91,36,91,68,100,55,82,45,45,36,82,55,55,45,Allsvenskan
AIK,5mbo4f0vps12dr0fcvjn3wyp5,eyqeg6wzhjibkt4zs5dfgzc9h,D. Beširović,Dino Besirovic,32.0,Midfielder,Bosnia and Herzegovina,Midfielder,222.0,254.0,29.0,473.0,10.0,0.0,54.0,30.0,1137.0,14.0,3.0,2.0,11.0,12.0,5.0,7.0,6.0,13.0,14.0,1.0,9.0,4.0,11.0,6.0,19.0,0.0,0.0,88.08,63.04,42.86,46.15,33.33,49.09,58.82,79.17,0.9393517267844068,0.8238801939154619,5.0,16.0,0.3782659,8.0,43.0,45.0,1.1336761400000002,231.0,17.572559366754618,20.105540897097622,2.295514511873351,37.440633245382585,0.79155672823219,0.0,4.274406332453826,2.37467018469657,1.108179419525066,0.237467018469657,0.158311345646438,0.870712401055409,0.949868073878628,0.395778364116095,0.554089709762533,0.474934036939314,1.029023746701847,1.108179419525066,0.079155672823219,0.712401055408971,0.316622691292876,0.870712401055409,0.474934036939314,1.503957783641161,0.0,0.0,88.08,63.04,42.86,46.15,33.33,49.09,58.82,79.17,0.0743550179512723,0.0652147910751025,0.395778364116095,1.266490765171504,0.0299418918205804,0.633245382585752,3.403693931398417,3.562005277044855,0.0897368976253298,18.28496042216359,DM/CM,45,45,52,42,68,46,50,80,59,64,79,60,68,64,61,81,59,59,69,45,71,44,52,61,50,51,68,88,92,51,71,38,78,92,57,52,60,39,40,40,40,40,35,40,28,25,52,30,57,46,48,82,50,65,85,52,65,68,62,78,52,57,75,20,68,30,55,57,50,51,68,88,92,51,71,38,78,92,52,50,55,25,22,40,25,25,20,12,Allsvenskan
AIK,5mbo4f0vps12dr0fcvjn3wyp5,odp8a70vcgs0bn2ue7jpme50,W. Olofsson,Wilmer Olofsson,20.0,Defender,Sweden,Defender,236.0,86.0,9.0,322.0,6.0,0.0,18.0,32.0,476.0,1.0,0.0,0.0,0.0,1.0,1.0,0.0,0.0,0.0,0.0,0.0,8.0,0.0,2.0,0.0,9.0,0.0,0.0,92.8,42.86,0.0,0.0,0.0,72.0,75.0,81.82,0.1075412352825171,0.0,0.0,2.0,0.03932202,0.0,12.0,10.0,0.3654391000000002,212.0,44.6218487394958,16.26050420168067,1.7016806722689075,60.88235294117647,1.134453781512605,0.0,3.403361344537815,6.050420168067227,0.1890756302521008,0.0,0.0,0.0,0.1890756302521008,0.1890756302521008,0.0,0.0,0.0,0.0,0.0,1.512605042016807,0.0,0.3781512605042016,0.0,1.7016806722689075,0.0,0.0,92.8,42.86,0.0,0.0,0.0,72.0,75.0,81.82,0.0203334268391313,0.0,0.0,0.3781512605042016,0.0074348357142857,0.0,2.26890756302521,1.8907563025210083,0.0690956281512605,40.08403361344538,CB,40,19,14,29,15,34,18,28,6,28,38,10,16,18,28,16,9,8,27,34,14,9,14,52,51,51,95,59,28,14,14,100,89,91,16,11,25,25,22,11,16,13,19,35,89,56,24,79,19,34,27,76,5,28,38,10,16,19,28,16,9,8,27,76,14,10,14,95,51,51,95,59,28,14,14,100,89,91,18,11,25,32,29,11,29,15,35,85,Allsvenskan
Häcken,9zqn9ugvg64it0lr5z8cq4g9v,286h6pd1df08n33n8mo1qulg4,A. Svanbäck,Adrian Svanbäck,22.0,Attacker,Finland,Striker,108.0,227.0,14.0,332.0,18.0,0.0,74.0,12.0,1600.0,16.0,3.0,5.0,21.0,39.0,34.0,5.0,17.0,23.0,26.0,4.0,20.0,14.0,86.0,12.0,18.0,0.0,0.0,73.94,45.16,13.04,52.17,35.9,40.88,42.86,64.29,4.395932514338465,2.269802228389279,6.0,31.0,1.06994084,15.0,33.0,37.0,2.30587579,146.0,6.074999999999999,12.76875,0.7875,18.675,1.0125,0.0,4.1625,0.6749999999999999,0.8999999999999999,0.1687499999999999,0.28125,1.18125,2.19375,1.9125,0.28125,0.95625,1.29375,1.4625,0.2249999999999999,1.125,0.7875,4.8375,0.6749999999999999,1.0125,0.0,0.0,73.94,45.16,13.04,52.17,35.9,40.88,42.86,64.29,0.2472712039315386,0.1276763753468969,0.3374999999999999,1.74375,0.0601841722499999,0.84375,1.85625,2.08125,0.1297055131874999,8.2125,ST,93,90,87,97,70,50,87,83,65,82,97,87,73,80,67,97,75,78,75,100,77,90,75,93,50,50,53,47,63,65,50,53,70,43,77,90,55,90,90,93,97,90,93,97,80,77,77,87,43,50,40,43,27,77,93,67,47,50,37,83,33,37,57,93,43,50,47,77,50,50,53,47,63,65,50,53,70,43,40,77,27,73,70,83,83,77,90,90,Allsvenskan
Häcken,9zqn9ugvg64it0lr5z8cq4g9v,3j10i32az64qfnkrjuiz2n4t0,G. Lindgren,Gustav Lindgren,25.0,Attacker,Sweden,Striker,106.0,122.0,4.0,228.0,8.0,0.0,48.0,7.0,1631.0,23.0,0.0,0.0,16.0,41.0,36.0,5.0,7.0,16.0,16.0,9.0,4.0,22.0,77.0,9.0,4.0,0.0,0.0,82.91,50.0,0.0,56.25,53.66,39.34,22.22,50.0,6.065565562095253,1.3775007658124447,7.0,16.0,0.4978181899999999,9.0,19.0,21.0,0.67825514,76.0,5.849172286940527,6.732066217044757,0.2207234825260576,12.581238503985285,0.4414469650521152,0.0,2.648681790312692,0.3862660944206008,1.2691600245248311,0.0,0.0,0.8828939301042305,2.2624156958920905,1.9865113427345185,0.275904353157572,0.3862660944206008,0.8828939301042305,0.8828939301042305,0.4966278356836296,0.2207234825260576,1.213979153893317,4.248927038626609,0.4966278356836296,0.2207234825260576,0.0,0.0,82.91,50.0,0.0,56.25,53.66,39.34,22.22,50.0,0.3347031885889471,0.0760116915531085,0.3862660944206008,0.8828939301042305,0.0274700411404046,0.4966278356836296,1.0484365419987738,1.1587982832618025,0.0374267091354996,4.193746167995095,ST,90,67,60,70,42,50,52,52,82,28,20,80,78,83,67,65,47,45,93,57,90,83,60,35,50,50,97,55,28,83,93,40,23,20,93,80,65,68,70,78,77,70,63,70,73,37,42,47,20,50,7,27,50,28,20,43,50,53,33,30,17,17,87,38,73,37,30,13,50,50,97,55,28,83,93,40,23,20,67,57,37,40,43,57,67,50,37,47,Allsvenskan
Häcken,9zqn9ugvg64it0lr5z8cq4g9v,3kdo987cyshholc6o499t5skp,L. Väisänen,Leo Väisänen,29.0,Defender,Finland,Defender,142.0,35.0,3.0,177.0,5.0,0.0,7.0,14.0,244.0,1.0,0.0,0.0,1.0,0.0,0.0,0.0,0.0,0.0,0.0,0.0,2.0,0.0,2.0,0.0,1.0,0.0,0.0,92.19,33.33,0.0,0.0,0.0,46.67,50.0,100.0,0.0,0.1614432608210993,0.0,1.0,0.0199707,0.0,7.0,6.0,0.18622974,110.0,52.377049180327866,12.909836065573767,1.1065573770491803,65.28688524590163,1.8442622950819672,0.0,2.581967213114754,5.163934426229508,0.3688524590163934,0.0,0.0,0.3688524590163934,0.0,0.0,0.0,0.0,0.0,0.0,0.0,0.7377049180327868,0.0,0.7377049180327868,0.0,0.3688524590163934,0.0,0.0,92.19,33.33,0.0,0.0,0.0,46.67,50.0,100.0,0.0,0.0595487437454874,0.0,0.3688524590163934,0.0073662418032786,0.0,2.581967213114754,2.2131147540983607,0.0686912975409836,40.57377049180327,CB,19,7,3,13,10,34,2,7,6,28,38,28,6,8,28,16,9,8,27,4,14,9,14,3,51,51,87,10,28,14,14,10,24,100,6,47,25,14,16,11,11,11,10,16,98,26,6,85,58,34,6,50,26,28,38,69,6,8,28,16,9,8,27,18,14,29,14,10,51,51,87,10,28,14,14,10,24,100,6,87,25,31,27,11,40,23,34,87,Allsvenskan
Häcken,9zqn9ugvg64it0lr5z8cq4g9v,3ks6pxe94hk9l4q46do2c628l,A. Lundkvist,Adam Lundkvist,32.0,Defender,Sweden,Defender,286.0,344.0,24.0,618.0,22.0,0.0,87.0,51.0,1527.0,16.0,12.0,3.0,18.0,9.0,6.0,3.0,2.0,16.0,18.0,0.0,17.0,0.0,21.0,8.0,26.0,0.0,0.0,82.51,28.57,27.91,50.0,0.0,60.42,59.46,63.41,0.6089847209696265,1.7915069328212194,4.0,22.0,0.56617549,23.0,47.0,64.0,3.2718629500000005,285.0,16.856581532416506,20.27504911591356,1.4145383104125735,36.424361493123776,1.296660117878193,0.0,5.1277013752455805,3.005893909626719,0.9430255402750491,0.7072691552062869,0.1768172888015717,1.0609037328094304,0.5304518664047152,0.3536345776031434,0.1768172888015717,0.1178781925343811,0.9430255402750491,1.0609037328094304,0.0,1.00196463654224,0.0,1.2377210216110022,0.4715127701375246,1.532416502946955,0.0,0.0,82.51,28.57,27.91,50.0,0.0,60.42,59.46,63.41,0.035893009094477,0.1055897995768891,0.2357563850687623,1.296660117878193,0.0333698717092337,1.3555992141453832,2.770137524557957,3.772102161100197,0.1928406453831041,16.797642436149314,LB/LCB,83,75,60,83,88,40,88,71,85,62,92,75,62,69,48,40,65,65,35,67,15,62,67,88,50,50,67,15,79,60,15,79,71,29,54,71,71,71,71,83,58,65,92,75,33,62,38,42,67,40,79,46,67,50,88,54,42,58,46,25,46,50,35,29,15,42,67,71,50,50,67,15,79,60,15,79,71,29,42,54,58,42,38,79,33,42,79,50,Allsvenskan
Häcken,9zqn9ugvg64it0lr5z8cq4g9v,3usrzzduezg3zt3usvuayxxm2,S. Hestnes,Simen Hestnes,30.0,Midfielder,Norway,Midfielder,86.0,162.0,17.0,248.0,2.0,0.0,20.0,8.0,537.0,3.0,0.0,0.0,1.0,3.0,3.0,0.0,1.0,9.0,9.0,0.0,3.0,1.0,13.0,5.0,7.0,0.0,0.0,80.26,56.67,0.0,55.56,33.33,48.78,66.67,70.0,0.2273902359315315,0.0491889562797757,0.0,20.0,0.43050099,9.0,34.0,32.0,0.57060215,142.0,14.41340782122905,27.15083798882681,2.8491620111731844,41.564245810055866,0.3351955307262569,0.0,3.35195530726257,1.340782122905028,0.5027932960893855,0.0,0.0,0.1675977653631284,0.5027932960893855,0.5027932960893855,0.0,0.1675977653631284,1.5083798882681565,1.5083798882681565,0.0,0.5027932960893855,0.1675977653631284,2.17877094972067,0.8379888268156425,1.1731843575418994,0.0,0.0,80.26,56.67,0.0,55.56,33.33,48.78,66.67,70.0,0.0381100954075192,0.008243959153035,0.0,3.35195530726257,0.0721510039106145,1.5083798882681565,5.698324022346369,5.363128491620111,0.0956316452513966,23.798882681564244,DM/CM,22,32,38,28,14,46,22,22,19,16,26,15,18,50,9,25,39,39,29,10,32,55,45,20,50,51,5,65,16,71,71,32,90,82,18,12,8,49,45,48,32,31,28,30,12,70,75,45,25,46,15,32,20,16,26,12,20,78,9,30,72,72,29,10,50,95,78,40,50,51,5,65,16,71,71,32,90,82,20,12,8,95,92,92,75,60,25,55,Allsvenskan
Häcken,9zqn9ugvg64it0lr5z8cq4g9v,4iguik2n53ywq82altuqoouwa,J. Lindberg,Julius Lindberg,27.0,Defender,Sweden,Defender,158.0,370.0,20.0,522.0,9.0,0.0,88.0,14.0,1543.0,35.0,6.0,5.0,35.0,54.0,34.0,20.0,14.0,50.0,50.0,6.0,7.0,20.0,89.0,19.0,16.0,0.0,0.0,81.06,55.56,9.09,38.0,37.04,45.6,40.91,64.0,5.245171385674703,2.80384369436178,15.0,66.0,1.957179969999999,28.0,40.0,59.0,2.46090312,200.0,9.215813350615685,21.58133506156837,1.1665586519766686,30.44718081659105,0.5249513933895009,0.0,5.132858068697343,0.8165910563836681,2.04147764095917,0.3499675955930006,0.2916396629941671,2.04147764095917,3.149708360337005,1.9831497083603369,1.1665586519766686,0.8165910563836681,2.916396629941672,2.916396629941672,0.3499675955930006,0.408295528191834,1.1665586519766686,5.191186001296176,1.1082307193778351,0.933246921581335,0.0,0.0,81.06,55.56,9.09,38.0,37.04,45.6,40.91,64.0,0.3059400030529638,0.163542406022398,0.8749189889825015,3.849643551523007,0.1141582613739467,1.6331821127673365,2.3331173039533373,3.4413480233311726,0.1435393913156189,11.665586519766688,CB,23,94,43,52,24,34,92,7,100,97,100,100,100,100,100,100,100,100,100,27,100,100,100,83,51,51,10,90,58,52,76,6,5,45,100,100,100,100,100,100,55,69,94,31,2,73,13,5,2,34,74,2,100,90,100,100,100,100,100,100,100,100,100,3,100,100,100,52,51,51,10,90,58,52,76,6,5,45,100,100,100,100,100,98,32,50,84,8,Allsvenskan
Häcken,9zqn9ugvg64it0lr5z8cq4g9v,4p1gi0hkamzt27nm2nf1j90bt,D. Seger,David Seger,27.0,Midfielder,Sweden,Midfielder,173.0,221.0,33.0,392.0,4.0,0.0,23.0,5.0,456.0,6.0,2.0,0.0,6.0,12.0,4.0,8.0,6.0,3.0,3.0,0.0,5.0,3.0,6.0,2.0,7.0,0.0,0.0,86.73,63.46,20.0,66.67,25.0,57.5,57.14,63.64,1.0311547796487988,0.5898057702959043,6.0,14.0,0.30261053,12.0,59.0,51.0,1.402041390000001,248.0,34.14473684210527,43.61842105263158,6.5131578947368425,77.36842105263159,0.7894736842105263,0.0,4.539473684210527,0.986842105263158,1.1842105263157896,0.3947368421052631,0.0,1.1842105263157896,2.368421052631579,0.7894736842105263,1.5789473684210529,1.1842105263157896,0.5921052631578948,0.5921052631578948,0.0,0.986842105263158,0.5921052631578948,1.1842105263157896,0.3947368421052631,1.381578947368421,0.0,0.0,86.73,63.46,20.0,66.67,25.0,57.5,57.14,63.64,0.2035173907201576,0.1164090336110337,1.1842105263157896,2.763157894736842,0.0597257625,2.368421052631579,11.644736842105264,10.06578947368421,0.276718695394737,48.94736842105264,DM/CM,38,40,61,38,31,46,29,11,32,55,26,35,68,57,71,81,16,14,29,19,59,26,31,20,50,51,55,90,42,89,48,78,75,57,62,38,69,35,32,61,55,46,42,42,100,100,100,100,55,46,55,20,55,75,26,68,100,95,100,100,25,22,29,38,100,50,45,55,50,51,55,90,42,89,48,78,75,57,100,85,100,68,68,100,100,98,100,100,Allsvenskan
Häcken,9zqn9ugvg64it0lr5z8cq4g9v,50xax4sqxz9mbfney5xxi47pw,H. Hilvenius,Harry Hilvenius,18.0,Defender,Sweden,Defender,491.0,201.0,30.0,692.0,23.0,0.0,68.0,92.0,1350.0,19.0,0.0,0.0,2.0,3.0,3.0,0.0,1.0,1.0,3.0,1.0,20.0,1.0,8.0,0.0,13.0,0.0,0.0,89.64,41.1,0.0,0.0,33.33,56.67,47.92,50.0,0.3559150511905997,0.1419448466849564,1.0,9.0,0.17287681,0.0,35.0,39.0,0.8958681400000001,481.0,32.733333333333334,13.4,2.0,46.13333333333333,1.5333333333333334,0.0,4.533333333333333,6.133333333333334,1.2666666666666666,0.0,0.0,0.1333333333333333,0.2,0.2,0.0,0.0666666666666666,0.0666666666666666,0.2,0.0666666666666666,1.3333333333333333,0.0666666666666666,0.5333333333333333,0.0,0.8666666666666667,0.0,0.0,89.64,41.1,0.0,0.0,33.33,56.67,47.92,50.0,0.0237276700793733,0.009462989778997,0.0666666666666666,0.6,0.0115251206666666,0.0,2.333333333333333,2.6,0.0597245426666666,32.06666666666667,CB,68,55,65,61,62,34,75,85,92,28,38,44,34,38,28,44,26,52,68,79,41,43,14,66,51,51,73,53,28,14,68,37,18,14,31,39,61,58,50,11,52,48,42,74,56,31,39,44,47,34,55,77,89,28,38,32,19,21,28,39,21,44,60,66,29,16,14,44,51,51,73,53,28,14,68,37,18,14,21,32,61,48,42,11,34,35,19,56,Allsvenskan
Häcken,9zqn9ugvg64it0lr5z8cq4g9v,5ut8weoywngm3wkcg50yojc9h,F. Helander,Filip Helander,33.0,Defender,Sweden,Defender,608.0,293.0,35.0,901.0,79.0,1.0,115.0,121.0,1698.0,11.0,0.0,0.0,2.0,8.0,8.0,0.0,1.0,3.0,3.0,1.0,18.0,3.0,19.0,1.0,15.0,0.0,0.0,87.56,40.23,0.0,33.33,37.5,67.65,75.24,62.5,0.963777041433485,0.2277246732203007,0.0,8.0,0.16325364,3.0,43.0,45.0,1.2958709900000005,564.0,32.226148409893995,15.530035335689046,1.8551236749116609,47.75618374558304,4.187279151943463,0.0530035335689045,6.095406360424028,6.413427561837456,0.5830388692579506,0.0,0.0,0.1060070671378091,0.4240282685512367,0.4240282685512367,0.0,0.0530035335689045,0.1590106007067137,0.1590106007067137,0.0530035335689045,0.9540636042402828,0.1590106007067137,1.007067137809187,0.0530035335689045,0.7950530035335689,0.0,0.0,87.56,40.23,0.0,33.33,37.5,67.65,75.24,62.5,0.0510835887685592,0.0120702123615,0.0,0.4240282685512367,0.0086530197879858,0.1590106007067137,2.2791519434628973,2.385159010600707,0.0686857415194346,29.89399293286219,CB,85,81,68,89,100,82,100,97,78,28,38,44,67,79,28,44,53,52,68,77,75,73,40,77,51,51,52,45,28,44,78,92,90,40,71,58,25,52,48,49,59,56,63,85,50,47,31,50,98,71,95,87,44,28,38,21,47,56,28,34,34,31,53,44,54,55,29,41,51,51,52,45,28,44,78,92,90,40,45,42,25,35,32,32,31,29,32,50,Allsvenskan
Häcken,9zqn9ugvg64it0lr5z8cq4g9v,6j3hswqzhcwsnv6jwazr4po2c,O. Samuelsson,Olle Samuelsson,22.0,Defender,Sweden,Defender,173.0,124.0,25.0,296.0,4.0,0.0,34.0,23.0,610.0,14.0,1.0,0.0,4.0,2.0,2.0,0.0,1.0,11.0,11.0,0.0,9.0,1.0,7.0,3.0,12.0,0.0,0.0,84.57,59.52,12.5,27.27,50.0,66.67,57.14,92.31,0.226413815007596,0.4233798873526806,1.0,15.0,0.33845372,6.0,17.0,19.0,0.8245539900000002,143.0,25.524590163934427,18.295081967213115,3.6885245901639343,43.67213114754099,0.5901639344262295,0.0,5.016393442622951,3.39344262295082,2.065573770491804,0.1475409836065573,0.0,0.5901639344262295,0.2950819672131147,0.2950819672131147,0.0,0.1475409836065573,1.6229508196721312,1.6229508196721312,0.0,1.3278688524590163,0.1475409836065573,1.0327868852459017,0.4426229508196721,1.7704918032786885,0.0,0.0,84.57,59.52,12.5,27.27,50.0,66.67,57.14,92.31,0.0334053169683338,0.0624658850192479,0.1475409836065573,2.2131147540983607,0.0499357947540983,0.8852459016393442,2.508196721311476,2.8032786885245904,0.1216555067213115,21.098360655737704,LB/LCB,38,12,67,29,4,40,29,21,71,17,25,21,12,27,10,19,52,46,35,29,40,19,33,40,50,50,71,100,17,23,96,100,60,100,17,25,29,46,42,31,17,17,17,29,75,46,100,67,17,40,75,58,100,17,25,33,17,54,10,38,88,83,35,62,58,25,50,83,50,50,71,100,17,23,96,100,60,100,33,38,38,75,62,38,29,29,42,67,Allsvenskan
Häcken,9zqn9ugvg64it0lr5z8cq4g9v,a3p681d64e0k9qse621eqi9xx,B. Wembangomo,Brice Wembangomo,29.0,Defender,Norway,Defender,463.0,516.0,41.0,970.0,13.0,0.0,89.0,30.0,1701.0,21.0,9.0,2.0,16.0,10.0,2.0,8.0,6.0,53.0,56.0,0.0,29.0,0.0,26.0,27.0,15.0,0.0,0.0,86.68,52.56,21.43,50.94,0.0,49.44,65.0,53.57,0.5783325061890019,1.6292874895658125,7.0,59.0,1.4439499299999994,30.0,76.0,105.0,4.00645281,576.0,24.4973544973545,27.301587301587304,2.1693121693121693,51.32275132275133,0.6878306878306879,0.0,4.70899470899471,1.5873015873015874,1.1111111111111112,0.4761904761904762,0.1058201058201058,0.8465608465608466,0.5291005291005292,0.1058201058201058,0.4232804232804233,0.3174603174603175,2.8042328042328046,2.9629629629629632,0.0,1.5343915343915344,0.0,1.3756613756613758,1.4285714285714286,0.7936507936507937,0.0,0.0,86.68,52.56,21.43,50.94,0.0,49.44,65.0,53.57,0.0305996035020635,0.0862056872786144,0.3703703703703704,3.121693121693122,0.0763994671957671,1.5873015873015874,4.021164021164021,5.555555555555556,0.2119816301587301,30.47619047619048,RB/RCB,81,94,75,94,41,38,91,44,81,62,75,75,69,28,94,100,100,100,34,94,16,72,100,50,50,53,81,88,50,56,16,25,88,12,50,81,100,100,100,100,75,81,94,94,69,94,69,94,38,38,56,19,75,50,62,50,38,19,75,81,94,94,34,94,16,50,94,6,50,53,81,88,50,56,16,25,88,12,25,44,88,94,94,94,62,75,81,94,Allsvenskan
Häcken,9zqn9ugvg64it0lr5z8cq4g9v,aw59iypmgi1lnptw1wj611kb8,A. Doumbia,Abdoulaye Doumbia,18.0,Midfielder,Côte d'Ivoire,Midfielder,533.0,545.0,63.0,1077.0,8.0,1.0,86.0,38.0,1628.0,27.0,1.0,2.0,13.0,28.0,10.0,18.0,9.0,19.0,19.0,2.0,64.0,9.0,16.0,8.0,23.0,0.0,0.0,88.93,58.88,11.11,42.11,32.14,51.5,36.36,53.49,2.428167740986299,1.031690295641176,12.0,30.0,0.8873573799999996,16.0,115.0,130.0,2.5525863199999987,614.0,29.46560196560197,30.12899262899263,3.482800982800983,59.53931203931204,0.4422604422604422,0.0552825552825552,4.754299754299755,2.100737100737101,1.4926289926289926,0.0552825552825552,0.1105651105651105,0.7186732186732187,1.547911547911548,0.5528255528255528,0.9950859950859952,0.4975429975429976,1.0503685503685505,1.0503685503685505,0.1105651105651105,3.538083538083538,0.4975429975429976,0.8845208845208845,0.4422604422604422,1.2714987714987716,0.0,0.0,88.93,58.88,11.11,42.11,32.14,51.5,36.36,53.49,0.1342353173763924,0.0570344758032591,0.6633906633906634,1.6584766584766586,0.0490553834152334,0.8845208845208845,6.357493857493858,7.186732186732187,0.1411134943488942,33.943488943488944,DM/CM,100,90,98,95,57,95,78,92,81,41,79,69,98,91,96,92,76,75,89,100,92,62,66,76,50,51,80,80,35,38,65,48,28,32,98,65,92,68,75,74,95,95,80,95,95,78,88,90,30,92,60,75,68,35,75,42,95,82,85,80,55,52,85,100,82,32,52,50,50,51,80,80,35,38,65,48,28,32,90,35,80,38,50,55,78,90,65,92,Allsvenskan
Häcken,9zqn9ugvg64it0lr5z8cq4g9v,bar5tlyxm2vim2ewqauywgb85,M. Rygaard,Mikkel Rygaard,35.0,Midfielder,Denmark,Midfielder,238.0,450.0,50.0,660.0,2.0,0.0,52.0,10.0,1369.0,25.0,28.0,5.0,42.0,24.0,7.0,17.0,7.0,21.0,23.0,2.0,12.0,6.0,25.0,7.0,15.0,0.0,0.0,82.4,66.67,33.33,33.33,25.0,41.6,12.5,83.33,2.5949432202425955,4.311233606766068,9.0,50.0,1.265790689999999,15.0,67.0,94.0,2.948084099999999,335.0,15.64645726807889,29.5836376917458,3.287070854638422,43.389335281227176,0.1314828341855368,0.0,3.4185536888239594,0.6574141709276845,1.643535427319211,1.8407596785975164,0.3287070854638422,2.7611395178962748,1.5777940102264427,0.4601899196493791,1.1176040905770637,0.4601899196493791,1.3805697589481374,1.5120525931336743,0.1314828341855368,0.7888970051132214,0.3944485025566107,1.643535427319211,0.4601899196493791,0.9861212563915268,0.0,0.0,82.4,66.67,33.33,33.33,25.0,41.6,12.5,83.33,0.1705952445740201,0.2834266067267685,0.591672753834916,3.287070854638422,0.0832148737034331,0.9861212563915268,4.404674945215486,6.179693206720234,0.1938112264426588,22.02337472607743,CM/AM,98,93,100,95,20,51,50,58,80,98,92,95,75,35,87,62,60,63,60,79,57,32,49,69,49,51,60,85,88,27,24,29,13,88,79,98,70,88,88,64,86,90,88,95,76,86,98,86,10,51,17,38,60,98,88,93,45,24,83,45,33,40,45,52,29,17,26,42,49,51,60,85,88,27,24,29,13,88,55,95,50,81,74,35,79,88,90,86,Allsvenskan
Degerfors,46yo78zak2j7kaxc5ak1fnm60,2cvq4wyrr0xtelibpirkxqpsk,N. Milleskog,Noel Milleskog,24.0,Attacker,Sweden,Striker,18.0,35.0,2.0,51.0,2.0,0.0,5.0,2.0,254.0,3.0,2.0,0.0,5.0,8.0,5.0,3.0,2.0,1.0,1.0,0.0,3.0,2.0,13.0,0.0,0.0,0.0,0.0,83.61,40.0,28.57,0.0,25.0,27.78,22.22,0.0,0.7725151495000282,0.3587933698792995,2.0,4.0,0.1411767099999999,2.0,2.0,4.0,0.2960179899999999,17.0,6.377952755905511,12.401574803149606,0.7086614173228346,18.07086614173228,0.7086614173228346,0.0,1.7716535433070866,0.7086614173228346,1.062992125984252,0.7086614173228346,0.0,1.7716535433070866,2.8346456692913384,1.7716535433070866,1.062992125984252,0.7086614173228346,0.3543307086614173,0.3543307086614173,0.0,1.062992125984252,0.7086614173228346,4.606299212598425,0.0,0.0,0.0,0.0,83.61,40.0,28.57,0.0,25.0,27.78,22.22,0.0,0.2737258403740257,0.1271315090123502,0.7086614173228346,1.4173228346456692,0.0500232437007873,0.7086614173228346,0.7086614173228346,1.4173228346456692,0.1048882641732283,6.0236220472440944,RW,32,18,36,18,36,55,9,14,18,55,23,32,9,9,36,23,9,9,14,64,18,9,9,14,55,55,82,55,91,9,18,9,36,14,9,27,18,14,18,32,27,18,27,27,91,55,82,64,55,55,18,45,45,64,23,82,55,55,64,55,9,9,14,100,36,36,9,14,55,55,82,55,91,9,18,9,36,14,45,64,45,27,36,64,45,64,45,64,Allsvenskan
Degerfors,46yo78zak2j7kaxc5ak1fnm60,3e3iornyvm03cbixgyfkvb9xw,Ahmad Faqa,Ahmad Faqa,23.0,Defender,Syria,Defender,280.0,94.0,29.0,374.0,11.0,1.0,40.0,60.0,789.0,9.0,0.0,0.0,0.0,0.0,0.0,0.0,0.0,4.0,5.0,0.0,15.0,0.0,3.0,3.0,11.0,0.0,0.0,82.2,34.94,0.0,75.0,0.0,64.52,57.89,64.71,0.0006818413405162,0.0,0.0,4.0,0.09079099,2.0,14.0,19.0,0.52618143,227.0,31.939163498098857,10.722433460076044,3.3079847908745244,42.6615969581749,1.2547528517110265,0.1140684410646387,4.562737642585551,6.844106463878326,1.026615969581749,0.0,0.0,0.0,0.0,0.0,0.0,0.0,0.4562737642585551,0.5703422053231939,0.0,1.7110266159695815,0.0,0.3422053231939163,0.3422053231939163,1.2547528517110265,0.0,0.0,82.2,34.94,0.0,75.0,0.0,64.52,57.89,64.71,7.777657876610645e-05,0.0,0.0,0.4562737642585551,0.0103563866920152,0.2281368821292775,1.5969581749049429,2.1673003802281365,0.0600206954372623,25.893536121673,CB,45,25,60,37,35,82,42,58,63,28,38,10,6,8,28,16,63,68,27,65,14,14,73,59,51,51,18,16,28,76,14,82,42,48,11,11,25,35,37,40,19,27,32,39,48,11,84,32,26,94,56,94,77,28,38,10,6,8,28,16,68,76,27,89,14,8,81,79,51,51,18,16,28,76,14,82,42,48,11,11,25,39,39,40,15,19,21,37,Allsvenskan
Degerfors,46yo78zak2j7kaxc5ak1fnm60,3ihcnb7xmqlsefg10xbdraqqd,Carl-Robert Sebastian Ohlsson,Carl-Robert Sebastian Ohlsson,33.0,Midfielder,Sweden,Midfielder,470.0,185.0,28.0,652.0,18.0,0.0,101.0,66.0,1615.0,26.0,3.0,0.0,8.0,7.0,7.0,0.0,1.0,10.0,10.0,1.0,28.0,2.0,20.0,7.0,32.0,0.0,0.0,86.24,34.15,30.0,70.0,28.57,55.49,40.0,64.0,0.9110850515080666,0.676606273928612,0.0,10.0,0.26374912,8.0,33.0,39.0,1.4682147700000006,362.0,26.19195046439629,10.309597523219814,1.5603715170278638,36.3343653250774,1.0030959752321982,0.0,5.628482972136223,3.6780185758513935,1.4489164086687307,0.1671826625386997,0.0,0.4458204334365325,0.3900928792569659,0.3900928792569659,0.0,0.0557275541795665,0.5572755417956656,0.5572755417956656,0.0557275541795665,1.5603715170278638,0.1114551083591331,1.1145510835913313,0.3900928792569659,1.7832817337461302,0.0,0.0,86.24,34.15,30.0,70.0,28.57,55.49,40.0,64.0,0.0507725415701089,0.0377056127885913,0.0,0.5572755417956656,0.014698093374613,0.4458204334365325,1.8390092879256967,2.173374613003096,0.0818200181424149,20.17337461300309,DM/CM,92,35,49,57,88,46,85,98,78,64,26,44,44,74,9,25,45,44,69,85,46,71,59,90,50,51,50,8,66,92,55,62,32,60,55,48,8,25,28,40,29,38,48,57,78,2,30,20,75,46,70,98,65,55,26,22,15,65,9,20,20,20,70,78,32,42,42,72,50,51,50,8,66,92,55,62,32,60,32,22,8,5,8,15,2,5,15,38,Allsvenskan
Degerfors,46yo78zak2j7kaxc5ak1fnm60,4gepi2kie9mwuspoqcez7v6c5,D. Sundgren,Daniel Sundgren,35.0,Defender,Sweden,Defender,273.0,314.0,31.0,575.0,17.0,0.0,60.0,33.0,1108.0,8.0,12.0,3.0,18.0,10.0,5.0,5.0,3.0,14.0,14.0,1.0,7.0,3.0,24.0,12.0,17.0,0.0,0.0,81.33,39.74,34.29,85.71,30.0,64.52,70.83,73.91,0.9711100807768344,1.5243779110196876,2.0,25.0,0.5833096199999999,13.0,51.0,78.0,3.249892530000001,359.0,22.17509025270758,25.50541516245488,2.5180505415162453,46.7057761732852,1.3808664259927796,0.0,4.873646209386282,2.6805054151624548,0.6498194945848376,0.9747292418772564,0.243682310469314,1.4620938628158844,0.8122743682310469,0.4061371841155234,0.4061371841155234,0.243682310469314,1.1371841155234657,1.1371841155234657,0.0812274368231047,0.5685920577617328,0.243682310469314,1.9494584837545128,0.9747292418772564,1.3808664259927796,0.0,0.0,81.33,39.74,34.29,85.71,30.0,64.52,70.83,73.91,0.0788807827345804,0.1238213104618879,0.1624548736462094,2.0306859205776173,0.0473807453068591,1.055956678700361,4.142599277978339,6.3357400722021655,0.2639804401624549,29.160649819494584,RB/RCB,44,50,62,56,66,38,56,50,38,75,94,88,69,66,81,66,69,62,81,34,75,62,81,66,50,53,44,56,81,100,59,100,94,81,75,69,50,59,56,59,56,66,75,62,62,88,75,88,75,38,75,62,38,94,94,88,62,62,69,62,50,50,88,12,69,81,81,81,50,53,44,56,81,100,59,100,94,81,75,81,44,81,69,69,69,88,100,88,Allsvenskan
Degerfors,46yo78zak2j7kaxc5ak1fnm60,4w4fnup47fnga68td9bu83sut,L. Fritzson,Ludvig Fritzson,31.0,Attacker,Sweden,Striker,68.0,187.0,3.0,254.0,59.0,0.0,110.0,33.0,1346.0,23.0,1.0,0.0,9.0,18.0,16.0,2.0,5.0,20.0,22.0,1.0,8.0,8.0,68.0,6.0,12.0,0.0,0.0,69.97,20.0,10.0,30.0,44.44,45.27,45.38,54.55,2.2689443016039244,0.6915422123984253,3.0,16.0,0.49300779,9.0,13.0,14.0,0.4398908099999998,93.0,4.546805349182764,12.5037147102526,0.200594353640416,16.98365527488856,3.9450222882615154,0.0,7.355126300148588,2.2065378900445767,1.5378900445765231,0.0668647845468053,0.0,0.6017830609212481,1.2035661218424962,1.0698365527488856,0.1337295690936107,0.3343239227340267,1.337295690936107,1.4710252600297176,0.0668647845468053,0.5349182763744428,0.5349182763744428,4.546805349182764,0.4011887072808321,0.8023774145616642,0.0,0.0,69.97,20.0,10.0,30.0,44.44,45.27,45.38,54.55,0.1517124718754481,0.0462398210370418,0.200594353640416,1.0698365527488856,0.0329648596582466,0.6017830609212481,0.8692421991084696,0.9361069836552748,0.0294132042347696,6.218424962852898,ST,63,83,48,80,100,50,100,100,82,65,20,50,50,57,28,55,63,63,35,78,53,72,43,87,50,50,37,17,57,20,73,80,80,27,53,57,35,68,67,78,67,63,47,73,53,73,33,67,97,50,90,97,60,60,20,23,7,17,20,27,37,40,30,70,23,43,27,60,50,50,37,17,57,20,73,80,80,27,13,30,17,53,50,70,43,43,27,70,Allsvenskan
Degerfors,46yo78zak2j7kaxc5ak1fnm60,59jxldhw357j6rga4jl97alg4,K. Boutera,Karim Boutera,21.0,Attacker,France,Striker,3.0,16.0,0.0,19.0,6.0,0.0,18.0,2.0,225.0,9.0,0.0,0.0,1.0,8.0,8.0,0.0,3.0,4.0,4.0,0.0,0.0,3.0,14.0,1.0,2.0,0.0,0.0,54.29,0.0,0.0,25.0,37.5,48.65,50.0,100.0,0.8831535468314287,0.1088782499387594,0.0,1.0,0.05491138,1.0,2.0,3.0,0.09706517,10.0,1.2,6.4,0.0,7.6,2.4,0.0,7.2,0.8,3.6,0.0,0.0,0.4,3.2,3.2,0.0,1.2,1.6,1.6,0.0,0.0,1.2,5.6,0.4,0.8,0.0,0.0,54.29,0.0,0.0,25.0,37.5,48.65,50.0,100.0,0.3532614187325714,0.0435512999755037,0.0,0.4,0.021964552,0.4,0.8,1.2,0.038826068,4.0,ST,3,7,8,3,30,50,13,13,30,28,20,3,8,17,7,30,13,13,13,10,20,7,8,15,50,50,3,8,28,17,53,83,90,97,10,13,3,8,10,15,18,17,13,10,3,20,8,13,77,50,83,50,100,28,20,10,77,87,7,97,53,43,13,10,70,80,23,57,50,50,3,8,28,17,53,83,90,97,73,27,3,10,33,50,40,53,40,40,Allsvenskan
Degerfors,46yo78zak2j7kaxc5ak1fnm60,64n88fymf988g8p4etuxx82z8,S. Diatara,Samba Diatara,22.0,Defender,Senegal,Defender,181.0,212.0,24.0,378.0,22.0,0.0,93.0,73.0,1544.0,13.0,15.0,1.0,10.0,8.0,3.0,5.0,2.0,23.0,24.0,1.0,18.0,2.0,15.0,9.0,33.0,1.0,1.0,72.28,28.57,28.85,39.13,25.0,52.25,64.71,67.35,0.4695592609922755,1.0630622171340454,2.0,17.0,0.54716723,20.0,31.0,39.0,2.15651214,192.0,10.550518134715029,12.357512953367875,1.3989637305699485,22.03367875647669,1.2823834196891193,0.0,5.42098445595855,4.255181347150259,0.7577720207253886,0.8743523316062176,0.0582901554404145,0.5829015544041452,0.466321243523316,0.1748704663212435,0.2914507772020726,0.116580310880829,1.3406735751295338,1.3989637305699485,0.0582901554404145,1.049222797927461,0.116580310880829,0.8743523316062176,0.5246113989637305,1.923575129533679,0.0582901554404145,0.0582901554404145,72.28,28.57,28.85,39.13,25.0,52.25,64.71,67.35,0.0273706823117259,0.0619660618795751,0.116580310880829,0.9909326424870468,0.031894462888601,1.1658031088082903,1.8069948186528493,2.273316062176166,0.1257034278497409,11.191709844559586,LB/LCB,46,54,60,46,88,40,94,92,58,75,58,50,52,40,73,40,92,88,79,71,65,42,77,96,100,100,4,15,88,33,73,42,88,46,33,54,42,54,67,73,42,48,67,46,12,8,33,8,62,40,88,83,33,67,54,25,38,25,54,21,75,75,79,38,50,17,71,92,100,100,4,15,88,33,73,42,88,46,21,33,29,21,33,67,12,12,50,12,Allsvenskan
Degerfors,46yo78zak2j7kaxc5ak1fnm60,9469qatlpe6rdqko8c6ha4out,N. Girmai Netabay,Nahom Girmai Netabay,32.0,Midfielder,Sweden,Midfielder,224.0,337.0,28.0,541.0,4.0,0.0,65.0,9.0,1387.0,26.0,20.0,3.0,22.0,20.0,4.0,16.0,7.0,19.0,20.0,1.0,17.0,4.0,43.0,5.0,17.0,0.0,0.0,78.98,44.44,23.26,26.32,20.0,50.0,28.57,56.67,1.5206821515521804,2.0916320684580287,11.0,25.0,0.7652206599999997,14.0,46.0,49.0,2.3231904699999992,232.0,14.53496755587599,21.86733958183129,1.8168709444844988,35.10454217736121,0.2595529920692141,0.0,4.217736121124729,0.5839942321557318,1.6870944484498918,1.2977649603460706,0.1946647440519106,1.4275414563806776,1.2977649603460706,0.2595529920692141,1.0382119682768565,0.4542177361211247,1.2328767123287672,1.2977649603460706,0.0648882480173035,1.10310021629416,0.2595529920692141,2.790194664744052,0.3244412400865176,1.10310021629416,0.0,0.0,78.98,44.44,23.26,26.32,20.0,50.0,28.57,56.67,0.0986744006054046,0.1357223404190501,0.7137707281903388,1.6222062004325883,0.0496538279740446,0.9084354722422494,2.9848594087959626,3.1795241528478733,0.1507477594087959,15.05407354001442,CM/AM,90,79,88,86,44,51,71,54,85,92,80,76,58,14,83,62,51,54,43,92,33,74,36,85,49,51,36,38,60,12,17,81,39,33,50,76,79,48,52,57,67,65,76,74,74,64,83,67,26,51,36,31,62,93,64,55,36,10,79,43,24,26,36,76,17,33,12,57,49,51,36,38,60,12,17,81,39,33,24,62,64,19,26,26,50,45,71,60,Allsvenskan
Degerfors,46yo78zak2j7kaxc5ak1fnm60,a4f6z4alegkvrhm4k864w9lg5,Sebastian Jonas Ohlsson,Sebastian Jonas Ohlsson,33.0,Defender,Sweden,Defender,62.0,33.0,5.0,95.0,5.0,1.0,16.0,9.0,234.0,1.0,0.0,0.0,0.0,0.0,0.0,0.0,0.0,2.0,2.0,0.0,3.0,0.0,2.0,1.0,6.0,0.0,0.0,84.82,35.71,0.0,50.0,0.0,66.67,83.33,66.67,0.0,0.0,0.0,0.0,0.0,0.0,0.0,0.0,0.0,0.0,23.846153846153847,12.692307692307692,1.923076923076923,36.53846153846154,1.923076923076923,0.3846153846153846,6.153846153846153,3.461538461538461,0.3846153846153846,0.0,0.0,0.0,0.0,0.0,0.0,0.0,0.7692307692307692,0.7692307692307692,0.0,1.1538461538461535,0.0,0.7692307692307692,0.3846153846153846,2.3076923076923075,0.0,0.0,84.82,35.71,0.0,50.0,0.0,66.67,83.33,66.67,0.0,0.0,0.0,0.0,0.0,0.0,0.0,0.0,0.0,0.0,CB,2,5,5,3,10,82,14,2,6,28,38,10,6,8,28,16,41,40,27,9,14,9,40,35,51,51,31,21,28,58,14,86,98,54,6,11,25,5,5,11,3,3,3,3,16,24,34,21,66,100,97,15,27,28,38,10,6,8,28,16,82,81,27,58,14,32,85,100,51,51,31,21,28,58,14,86,98,54,6,11,25,5,5,11,3,3,3,3,Allsvenskan
Degerfors,46yo78zak2j7kaxc5ak1fnm60,ar08l5yajxjdx0du3cvt6eq6s,N. Skuseth,Nikolai Skuseth,22.0,Defender,Norway,Defender,325.0,94.0,27.0,419.0,17.0,0.0,27.0,58.0,810.0,4.0,0.0,1.0,1.0,4.0,4.0,0.0,0.0,1.0,1.0,0.0,8.0,1.0,10.0,1.0,4.0,0.0,0.0,89.34,48.21,0.0,100.0,25.0,57.45,51.52,80.0,0.5369867840531415,0.1839912600353563,0.0,4.0,0.08629959,2.0,18.0,18.0,0.7227342600000001,256.0,36.11111111111112,10.444444444444445,3.0,46.55555555555556,1.8888888888888888,0.0,3.0,6.444444444444445,0.4444444444444444,0.0,0.1111111111111111,0.1111111111111111,0.4444444444444444,0.4444444444444444,0.0,0.0,0.1111111111111111,0.1111111111111111,0.0,0.8888888888888888,0.1111111111111111,1.1111111111111112,0.1111111111111111,0.4444444444444444,0.0,0.0,89.34,48.21,0.0,100.0,25.0,57.45,51.52,80.0,0.0596651982281268,0.0204434733372618,0.0,0.4444444444444444,0.0095888433333333,0.2222222222222222,2.0,2.0,0.0803038066666666,28.444444444444443,CB,50,25,55,42,50,34,31,56,32,28,85,28,48,53,28,16,26,24,27,34,41,52,40,18,51,51,69,71,28,90,48,42,27,89,52,48,25,35,35,40,28,22,37,44,74,10,69,47,63,34,15,89,32,28,90,23,48,58,28,16,24,21,27,39,44,61,40,15,51,51,69,71,28,90,48,42,27,89,52,50,25,37,35,37,23,18,45,42,Allsvenskan
Degerfors,46yo78zak2j7kaxc5ak1fnm60,au1328z9bxkwrtv9y2dczkwk5,D. Vukojević,Dijan Vukojevic,31.0,Attacker,Sweden,Striker,89.0,159.0,16.0,243.0,6.0,0.0,31.0,10.0,1211.0,8.0,5.0,2.0,19.0,43.0,17.0,26.0,14.0,39.0,41.0,4.0,4.0,13.0,37.0,13.0,2.0,0.0,0.0,74.31,66.67,18.52,33.33,30.23,24.8,19.35,50.0,3.423580968525634,1.8025467538417208,17.0,19.0,0.51805511,11.0,26.0,32.0,1.67606577,106.0,6.614368290668868,11.816680429397191,1.1890999174236168,18.05945499587118,0.4459124690338563,0.0,2.303881090008258,0.7431874483897605,0.5945499587118084,0.3715937241948802,0.1486374896779521,1.412056151940545,3.1957060280759704,1.263418662262593,1.9322873658133768,1.0404624277456649,2.898431048720066,3.047068538398018,0.2972749793559042,0.2972749793559042,0.9661436829066888,2.749793559042114,0.9661436829066888,0.1486374896779521,0.0,0.0,74.31,66.67,18.52,33.33,30.23,24.8,19.35,50.0,0.2544362404354311,0.1339630122590874,1.263418662262593,1.412056151940545,0.0385012055326176,0.8175061932287365,1.9322873658133768,2.378199834847233,0.1245631042939719,7.877786952931461,ST,83,77,92,77,30,50,23,58,22,88,73,83,83,60,98,88,90,90,75,57,73,50,82,15,50,50,60,80,70,28,27,3,20,20,63,87,93,80,73,83,90,87,87,80,87,67,87,83,27,50,3,47,7,83,60,77,73,20,100,90,80,80,60,50,63,13,67,10,50,50,60,80,70,28,27,3,20,20,43,80,93,67,57,80,87,87,87,83,Allsvenskan
Degerfors,46yo78zak2j7kaxc5ak1fnm60,b0rem4wo1p6sumrp6mb77f11w,K. Karlsson,Kazper Karlsson,21.0,Midfielder,Sweden,Midfielder,354.0,342.0,31.0,694.0,18.0,1.0,106.0,28.0,1540.0,33.0,2.0,0.0,5.0,6.0,3.0,3.0,3.0,17.0,17.0,0.0,30.0,0.0,11.0,10.0,28.0,0.0,0.0,84.43,43.66,16.67,58.82,0.0,50.96,43.9,60.87,0.4643530316471496,0.1967132366284069,3.0,27.0,0.60042934,18.0,58.0,70.0,1.4098542699999996,378.0,20.68831168831169,19.98701298701299,1.811688311688312,40.55844155844156,1.051948051948052,0.0584415584415584,6.194805194805195,1.6363636363636365,1.9285714285714288,0.1168831168831168,0.0,0.2922077922077922,0.3506493506493506,0.1753246753246753,0.1753246753246753,0.1753246753246753,0.9935064935064936,0.9935064935064936,0.0,1.7532467532467533,0.0,0.6428571428571429,0.5844155844155844,1.6363636363636365,0.0,0.0,84.43,43.66,16.67,58.82,0.0,50.96,43.9,60.87,0.0271375148365217,0.0114962281146471,0.1753246753246753,1.577922077922078,0.0350900263636363,1.051948051948052,3.389610389610389,4.090909090909091,0.0823940807142857,22.09090909090909,DM/CM,70,60,55,72,88,95,88,76,89,55,26,31,38,50,34,51,70,69,29,90,12,44,79,88,50,51,30,22,38,82,12,45,45,48,35,22,36,61,55,80,50,65,45,68,42,22,40,42,78,98,88,55,90,42,26,18,12,22,20,32,50,48,29,82,12,15,68,68,50,51,30,22,38,82,12,45,45,48,12,18,20,35,25,68,22,50,18,45,Allsvenskan
Degerfors,46yo78zak2j7kaxc5ak1fnm60,b5kncgqkpiofwduo2snjz74dl,J. Pikkarainen,Juhani Pikkarainen,28.0,Defender,Finland,Defender,179.0,120.0,39.0,299.0,22.0,0.0,30.0,43.0,540.0,2.0,0.0,1.0,3.0,3.0,3.0,0.0,1.0,1.0,1.0,1.0,5.0,1.0,9.0,0.0,3.0,0.0,0.0,79.95,45.35,0.0,0.0,33.33,55.56,66.67,50.0,0.4036290963572208,0.3374161547617531,0.0,2.0,0.04347372,1.0,38.0,48.0,0.8520214800000008,212.0,29.83333333333333,20.0,6.5,49.833333333333336,3.6666666666666665,0.0,5.0,7.166666666666667,0.3333333333333333,0.0,0.1666666666666666,0.5,0.5,0.5,0.0,0.1666666666666666,0.1666666666666666,0.1666666666666666,0.1666666666666666,0.8333333333333334,0.1666666666666666,1.5,0.0,0.5,0.0,0.0,79.95,45.35,0.0,0.0,33.33,55.56,66.67,50.0,0.0672715160595368,0.0562360257936255,0.0,0.3333333333333333,0.00724562,0.1666666666666666,6.333333333333333,8.0,0.1420035800000001,35.333333333333336,CB,27,32,75,24,60,34,35,43,15,28,85,54,34,38,28,44,26,24,68,18,41,48,14,13,51,51,6,68,28,14,68,34,72,14,37,68,25,25,25,28,53,61,39,35,39,66,100,60,92,34,69,95,19,28,98,82,53,74,28,71,37,34,89,29,56,76,14,18,51,51,6,68,28,14,68,34,72,14,66,85,25,28,26,34,84,94,82,69,Allsvenskan
Degerfors,46yo78zak2j7kaxc5ak1fnm60,brsmkxpf8ucjg70vf3wiw8xzo,G. Yiriyon,Gideon Yiriyon,19.0,Midfielder,Ghana,Midfielder,128.0,210.0,18.0,332.0,9.0,0.0,45.0,14.0,903.0,5.0,6.0,0.0,7.0,20.0,10.0,10.0,6.0,6.0,6.0,1.0,7.0,1.0,25.0,5.0,18.0,0.0,0.0,79.43,37.5,30.0,83.33,5.0,42.86,32.14,69.23,1.482097023914949,0.5690713958780979,12.0,16.0,0.393821,12.0,21.0,30.0,1.0536169600000005,150.0,12.757475083056478,20.930232558139537,1.7940199335548173,33.08970099667774,0.8970099667774086,0.0,4.485049833887043,1.3953488372093024,0.4983388704318937,0.5980066445182725,0.0,0.6976744186046512,1.9933554817275747,0.9966777408637874,0.9966777408637874,0.5980066445182725,0.5980066445182725,0.5980066445182725,0.0996677740863787,0.6976744186046512,0.0996677740863787,2.491694352159469,0.4983388704318937,1.7940199335548173,0.0,0.0,79.43,37.5,30.0,83.33,5.0,42.86,32.14,69.23,0.1477173113536494,0.0567180793233984,1.196013289036545,1.5946843853820598,0.0392512624584717,1.196013289036545,2.0930232558139537,2.990033222591362,0.1050116571428571,14.950166112956811,RM/RCM,57,57,71,57,68,54,43,57,14,54,14,25,71,50,79,71,14,14,46,39,29,43,36,82,54,54,64,57,79,100,21,21,21,71,50,21,82,32,29,54,50,57,21,57,79,79,86,93,71,54,43,64,7,57,14,21,79,57,71,71,7,7,57,71,21,43,29,93,54,54,64,57,79,100,21,21,21,71,64,21,79,36,29,57,43,57,21,93,Allsvenskan
Degerfors,46yo78zak2j7kaxc5ak1fnm60,c2pfggtw5hreyomdwogbhjpqs,E. Barsoum,Elias Barsoum,24.0,Midfielder,Sweden,Midfielder,133.0,236.0,8.0,365.0,3.0,0.0,76.0,6.0,1259.0,20.0,4.0,2.0,17.0,14.0,6.0,8.0,5.0,60.0,64.0,0.0,6.0,4.0,29.0,26.0,15.0,0.0,0.0,89.9,61.54,26.67,43.33,28.57,46.63,75.0,55.56,1.0037712754957742,1.8912944846260944,6.0,43.0,1.23228448,23.0,30.0,35.0,2.45465017,166.0,9.507545671167591,16.87053216838761,0.5718824463860207,26.0921366163622,0.2144559173947577,0.0,5.432883240667196,0.4289118347895155,1.4297061159650517,0.2859412231930103,0.1429706115965051,1.215250198570294,1.000794281175536,0.4289118347895155,0.5718824463860207,0.3574265289912629,4.289118347895155,4.575059571088166,0.0,0.4289118347895155,0.2859412231930103,2.073073868149325,1.858617950754567,1.072279586973789,0.0,0.0,89.9,61.54,26.67,43.33,28.57,46.63,75.0,55.56,0.0717548965803174,0.1351997645880448,0.4289118347895155,3.073868149324861,0.0880902328832406,1.6441620333598093,2.1445591739475773,2.5019857029388404,0.1754714180301826,11.866560762509929,CM/AM,62,60,37,58,32,51,79,36,60,60,67,64,44,25,63,45,95,95,18,39,33,45,94,69,49,51,98,71,71,62,31,57,100,31,26,74,52,79,86,92,50,56,81,57,48,43,26,45,24,51,62,24,43,50,52,40,14,21,45,29,95,95,18,29,21,24,93,55,49,51,98,71,71,62,31,57,100,31,14,55,45,74,81,83,31,29,81,43,Allsvenskan
Degerfors,46yo78zak2j7kaxc5ak1fnm60,c57cmqsy5y46vndbsqq3pyu7e,R. Dzabic,Robin Dzabic,25.0,Midfielder,Sweden,Midfielder,68.0,90.0,10.0,156.0,7.0,0.0,45.0,7.0,647.0,16.0,2.0,1.0,12.0,13.0,8.0,5.0,4.0,15.0,15.0,0.0,5.0,2.0,23.0,6.0,15.0,0.0,0.0,75.73,47.62,8.7,40.0,15.38,50.0,35.0,93.75,1.2682302526261395,0.9734376526279738,2.0,8.0,0.1578153699999999,4.0,9.0,11.0,1.0650116500000002,58.0,9.45904173106646,12.519319938176196,1.3910355486862442,21.70015455950541,0.973724884080371,0.0,6.259659969088099,0.973724884080371,2.2256568778979906,0.2782071097372488,0.1391035548686244,1.669242658423493,1.8083462132921173,1.1128284389489953,0.6955177743431221,0.5564142194744977,2.0865533230293662,2.0865533230293662,0.0,0.6955177743431221,0.2782071097372488,3.199381761978361,0.8346213292117465,2.0865533230293662,0.0,0.0,75.73,47.62,8.7,40.0,15.38,50.0,35.0,93.75,0.1764153365322296,0.1354086379235203,0.2782071097372488,1.1128284389489953,0.0219526789799072,0.5564142194744977,1.2519319938176197,1.5301391035548686,0.1481469064914992,8.068006182380216,CM/AM,29,14,48,20,67,51,40,45,48,43,43,37,37,44,38,33,42,40,18,33,12,27,42,69,49,51,12,43,14,46,10,81,48,98,31,36,23,5,2,11,12,6,48,19,45,21,67,31,83,51,83,60,86,48,48,60,64,62,64,64,67,64,18,43,19,48,67,98,49,51,12,43,14,46,10,81,48,98,57,57,24,7,5,12,12,10,69,24,Allsvenskan
Degerfors,46yo78zak2j7kaxc5ak1fnm60,dwq0cjzdbt6dvc81bq316c2cp,B. Hussein,Bilal Hussein,26.0,Midfielder,Sweden,Midfielder,271.0,319.0,43.0,578.0,3.0,0.0,40.0,17.0,952.0,14.0,12.0,0.0,7.0,6.0,2.0,4.0,2.0,4.0,4.0,0.0,15.0,0.0,11.0,1.0,16.0,0.0,0.0,86.92,58.11,37.5,25.0,0.0,61.54,27.27,72.73,0.3813537845814612,0.4030750661919633,3.0,11.0,0.23123097,9.0,85.0,69.0,1.3951148999999998,340.0,25.619747899159663,30.157563025210084,4.065126050420168,54.642857142857146,0.2836134453781512,0.0,3.7815126050420167,1.6071428571428572,1.3235294117647058,1.134453781512605,0.0,0.6617647058823529,0.5672268907563025,0.1890756302521008,0.3781512605042016,0.1890756302521008,0.3781512605042016,0.3781512605042016,0.0,1.4180672268907564,0.0,1.0399159663865547,0.0945378151260504,1.512605042016807,0.0,0.0,86.92,58.11,37.5,25.0,0.0,61.54,27.27,72.73,0.0360523535843818,0.0381058360895763,0.2836134453781512,1.0399159663865547,0.0218600706932773,0.8508403361344538,8.035714285714286,6.523109243697479,0.1318911144957983,32.142857142857146,DM/CM,52,55,80,50,24,46,38,54,59,89,26,38,38,38,41,41,22,20,29,52,12,44,19,56,50,51,60,78,85,21,12,98,15,89,30,32,36,29,25,48,75,62,40,52,75,80,95,82,15,46,30,52,60,90,26,32,30,28,38,35,12,12,29,65,12,40,15,60,50,51,60,78,85,21,12,98,15,89,15,25,30,22,20,52,90,82,52,85,Allsvenskan
Degerfors,46yo78zak2j7kaxc5ak1fnm60,el14eiipsagmeuhborw0ksfoq,N. Moro,Nasiru Moro,29.0,Defender,Ghana,Defender,123.0,23.0,9.0,146.0,4.0,0.0,13.0,26.0,378.0,4.0,0.0,0.0,0.0,2.0,2.0,0.0,1.0,2.0,2.0,1.0,3.0,1.0,8.0,2.0,2.0,0.0,0.0,76.84,21.43,0.0,100.0,50.0,59.09,50.0,66.67,0.3739430141874545,0.0,0.0,1.0,0.0174506,1.0,5.0,5.0,0.14616657,99.0,29.285714285714285,5.476190476190476,2.142857142857143,34.76190476190476,0.9523809523809524,0.0,3.095238095238095,6.19047619047619,0.9523809523809524,0.0,0.0,0.0,0.4761904761904761,0.4761904761904761,0.0,0.238095238095238,0.4761904761904761,0.4761904761904761,0.238095238095238,0.7142857142857143,0.238095238095238,1.9047619047619049,0.4761904761904761,0.4761904761904761,0.0,0.0,76.84,21.43,0.0,100.0,50.0,59.09,50.0,66.67,0.0890340509970129,0.0,0.0,0.238095238095238,0.0041549047619047,0.238095238095238,1.1904761904761905,1.1904761904761905,0.0348015642857142,23.57142857142857,CB,11,3,14,6,5,34,8,23,32,28,38,10,23,25,28,44,41,40,68,9,41,43,60,8,51,51,3,3,28,90,88,52,24,54,34,11,25,14,13,28,8,9,8,15,35,2,42,15,13,34,19,79,71,28,38,10,50,69,28,81,73,69,95,16,69,92,92,16,51,51,3,3,28,90,88,52,24,54,77,11,25,18,18,42,10,8,8,27,Allsvenskan
Degerfors,46yo78zak2j7kaxc5ak1fnm60,m031ocyfq011rual3olkegdm,A. Taranis,Arman Taranis,25.0,Attacker,Denmark,Striker,43.0,92.0,5.0,134.0,3.0,1.0,40.0,3.0,927.0,9.0,1.0,0.0,10.0,22.0,15.0,7.0,8.0,26.0,26.0,2.0,7.0,9.0,38.0,14.0,11.0,0.0,0.0,76.57,62.5,12.5,53.85,40.91,38.46,16.67,78.57,1.8057739068284628,0.7456551303476487,9.0,13.0,0.6716959800000001,7.0,6.0,9.0,0.4872762900000002,44.0,4.174757281553398,8.932038834951456,0.4854368932038834,13.009708737864075,0.2912621359223301,0.0970873786407767,3.883495145631068,0.2912621359223301,0.8737864077669902,0.0970873786407767,0.0,0.9708737864077668,2.135922330097088,1.4563106796116505,0.6796116504854368,0.7766990291262136,2.524271844660194,2.524271844660194,0.1941747572815534,0.6796116504854368,0.8737864077669902,3.689320388349514,1.3592233009708736,1.0679611650485437,0.0,0.0,76.57,62.5,12.5,53.85,40.91,38.46,16.67,78.57,0.1753178550318896,0.0723937019754998,0.8737864077669902,1.262135922330097,0.0652132019417475,0.6796116504854368,0.5825242718446602,0.8737864077669902,0.0473083776699029,4.271844660194175,ST,50,47,68,50,8,100,37,20,30,65,20,58,57,53,77,72,80,78,53,70,57,53,87,82,50,50,70,72,60,77,60,30,8,75,47,67,75,57,83,70,40,47,53,47,47,57,60,53,7,100,30,10,23,70,20,53,40,37,70,73,73,73,47,77,57,27,87,83,50,50,70,72,60,77,60,30,8,75,20,53,80,60,77,73,27,37,53,53,Allsvenskan
Djurgården,czkf5t3ai00ghwbga03i5aqxw,2briy00w77fxcs9ohym1h3lsk,C. Rosenqvist,Charlie Rosenqvist,19.0,Attacker,Sweden,Striker,76.0,240.0,6.0,310.0,20.0,0.0,87.0,15.0,1691.0,23.0,6.0,1.0,17.0,32.0,27.0,5.0,12.0,29.0,32.0,7.0,3.0,12.0,81.0,12.0,22.0,0.0,0.0,74.16,33.33,22.22,41.38,37.5,41.23,42.55,68.75,4.1043172849298415,1.5982464649115584,9.0,28.0,0.8847631499999998,12.0,17.0,23.0,1.9065809099999995,120.0,4.044943820224719,12.77350680070964,0.319337670017741,16.49911295091662,1.064458900059137,0.0,4.630396215257244,0.7983441750443525,1.224127735068007,0.319337670017741,0.0532229450029568,0.9047900650502662,1.7031342400946186,1.4370195150798344,0.2661147250147841,0.638675340035482,1.543465405085748,1.7031342400946186,0.3725606150206978,0.1596688350088705,0.638675340035482,4.311058545239503,0.638675340035482,1.1709047900650504,0.0,0.0,74.16,33.33,22.22,41.38,37.5,41.23,42.55,68.75,0.218443853130506,0.085063383703158,0.4790065050266115,1.4902424600827913,0.0470897004730928,0.638675340035482,0.9047900650502662,1.224127735068007,0.1014738509166173,6.38675340035482,RW,91,91,73,91,100,55,100,100,91,64,59,91,91,91,55,91,82,82,100,64,91,91,91,100,55,55,18,32,45,82,64,55,55,82,91,91,64,82,91,91,82,82,91,91,45,64,27,45,73,55,73,82,64,55,45,27,18,27,27,45,45,55,73,27,27,27,45,91,55,55,18,32,45,82,64,55,55,82,36,36,18,36,27,45,73,45,36,73,Allsvenskan
Djurgården,czkf5t3ai00ghwbga03i5aqxw,3ohbqdzgocvaipgik7plvzpwp,J. Okkels,Jeppe Okkels,27.0,Attacker,Denmark,Striker,90.0,257.0,7.0,338.0,2.0,0.0,39.0,7.0,943.0,9.0,9.0,1.0,13.0,24.0,18.0,6.0,7.0,31.0,31.0,3.0,6.0,9.0,62.0,15.0,10.0,0.0,0.0,81.45,46.67,26.47,48.39,37.5,50.65,50.0,76.92,2.261801829787636,1.1987643582891816,9.0,33.0,1.1019747099999997,8.0,23.0,32.0,2.31296038,95.0,8.589607635206788,24.52810180275716,0.6680805938494168,32.25874867444327,0.1908801696712619,0.0,3.722163308589608,0.6680805938494168,0.8589607635206786,0.8589607635206786,0.0954400848356309,1.2407211028632026,2.290562036055144,1.7179215270413573,0.5726405090137858,0.6680805938494168,2.95864262990456,2.95864262990456,0.2863202545068929,0.5726405090137858,0.8589607635206786,5.91728525980912,1.4316012725344645,0.9544008483563096,0.0,0.0,81.45,46.67,26.47,48.39,37.5,50.65,50.0,76.92,0.2158665585163173,0.1144101720530502,0.8589607635206786,3.1495227995758217,0.1051725598091198,0.7635206786850477,2.1951219512195124,3.0540827147401908,0.2207491348886532,9.06680805938494,LW,78,67,33,67,33,56,44,22,28,44,28,39,33,44,33,33,44,44,56,50,33,44,56,56,56,56,89,56,67,56,56,89,94,78,44,44,33,44,56,17,67,56,56,44,78,89,44,100,33,56,33,67,22,67,22,44,22,33,22,33,56,56,67,22,44,78,67,67,56,56,89,56,67,56,56,89,94,78,33,33,33,44,44,11,67,78,89,44,Allsvenskan
Djurgården,czkf5t3ai00ghwbga03i5aqxw,3xughe5ngeamjas70lyheyezu,P. Åslund,Patric Åslund,24.0,Midfielder,Sweden,Midfielder,110.0,264.0,11.0,365.0,4.0,0.0,79.0,7.0,1501.0,31.0,9.0,0.0,26.0,30.0,23.0,7.0,4.0,44.0,44.0,6.0,8.0,19.0,89.0,19.0,16.0,0.0,0.0,76.04,44.0,25.71,43.18,63.33,54.48,44.44,64.0,3.4919869255659544,2.210668598936712,12.0,29.0,0.8503658199999998,8.0,15.0,32.0,1.8143675700000013,118.0,6.595602931379081,15.829447035309794,0.6595602931379081,21.885409726848767,0.2398401065956029,0.0,4.736842105263158,0.4197201865423051,1.8587608261159227,0.5396402398401066,0.0,1.558960692871419,1.798800799467022,1.3790806129247168,0.4197201865423051,0.2398401065956029,2.6382411725516324,2.6382411725516324,0.3597601598934044,0.4796802131912059,1.139240506329114,5.336442371752166,1.139240506329114,0.9593604263824118,0.0,0.0,76.04,44.0,25.71,43.18,63.33,54.48,44.44,64.0,0.2093796291145475,0.1325517481041332,0.7195203197868089,1.7388407728181212,0.0509879572285143,0.4796802131912059,0.899400399733511,1.918720852764824,0.1087895278481013,7.075283144570287,RM/RCM,50,79,50,71,39,54,79,39,86,79,14,93,86,93,71,54,86,79,93,54,100,100,79,61,54,54,14,71,64,50,100,93,57,57,93,86,82,64,57,32,29,64,71,36,21,29,43,21,14,54,64,21,93,50,14,79,64,79,43,29,86,79,86,29,93,100,71,29,54,54,14,71,64,50,100,93,57,57,93,64,71,50,50,21,7,14,43,7,Allsvenskan
Djurgården,czkf5t3ai00ghwbga03i5aqxw,5jos8v6hr086q8at9iuyhwded,M. Tenho,Miro Tenho,31.0,Defender,Finland,Defender,653.0,454.0,38.0,1104.0,63.0,0.0,87.0,127.0,1797.0,12.0,3.0,0.0,3.0,12.0,11.0,1.0,1.0,1.0,1.0,2.0,24.0,5.0,20.0,0.0,4.0,0.0,0.0,90.42,38.0,75.0,0.0,41.67,61.27,70.0,33.33,1.5631767875616844,0.2122404358702434,1.0,26.0,0.4968742000000001,8.0,110.0,117.0,2.08624808,635.0,32.70450751252087,22.73789649415693,1.9031719532554257,55.29215358931553,3.15525876460768,0.0,4.357262103505843,6.360601001669449,0.6010016694490818,0.1502504173622704,0.0,0.1502504173622704,0.6010016694490818,0.5509181969949917,0.0500834724540901,0.0500834724540901,0.0500834724540901,0.0500834724540901,0.1001669449081803,1.2020033388981637,0.2504173622704507,1.001669449081803,0.0,0.2003338898163606,0.0,0.0,90.42,38.0,75.0,0.0,41.67,61.27,70.0,33.33,0.0782893215807187,0.0106297380235514,0.0500834724540901,1.302170283806344,0.024885185308848,0.4006677796327212,5.509181969949917,5.859766277128548,0.1044865482470784,31.80300500834725,CB,94,98,72,97,97,34,89,98,81,85,38,54,85,91,65,44,26,24,90,90,93,77,14,18,51,51,77,31,92,14,81,69,79,6,92,53,61,87,84,79,98,99,89,95,55,79,32,66,89,34,47,85,47,77,38,37,66,76,58,32,18,16,66,60,73,53,14,5,51,51,77,31,92,14,81,69,79,6,76,37,50,71,68,55,81,81,60,55,Allsvenskan
Djurgården,czkf5t3ai00ghwbga03i5aqxw,5t5ib5l818gj98xrztrj0kbca,O. Fallenius,Oskar Fallenius,24.0,Attacker,Sweden,Striker,41.0,189.0,7.0,228.0,5.0,0.0,53.0,1.0,774.0,11.0,2.0,3.0,13.0,34.0,25.0,9.0,10.0,41.0,43.0,2.0,7.0,10.0,69.0,21.0,9.0,0.0,0.0,81.14,63.64,15.38,51.22,29.41,48.18,50.0,56.25,3.982560129431774,1.1072389326833687,13.0,32.0,0.9988561899999998,12.0,12.0,26.0,1.08607001,94.0,4.767441860465117,21.97674418604652,0.813953488372093,26.511627906976745,0.5813953488372093,0.0,6.162790697674419,0.1162790697674418,1.2790697674418603,0.2325581395348837,0.3488372093023256,1.5116279069767442,3.953488372093024,2.906976744186047,1.0465116279069768,1.162790697674419,4.767441860465117,5.0,0.2325581395348837,0.813953488372093,1.162790697674419,8.023255813953488,2.441860465116279,1.0465116279069768,0.0,0.0,81.14,63.64,15.38,51.22,29.41,48.18,50.0,56.25,0.4630883871432296,0.1287487131027173,1.5116279069767442,3.72093023255814,0.1161460686046511,1.3953488372093024,1.3953488372093024,3.0232558139534884,0.1262872104651163,10.930232558139537,LW,22,44,33,33,83,56,56,11,44,33,61,39,56,56,50,56,67,67,28,67,50,56,67,44,56,56,67,89,22,78,33,67,94,33,67,33,56,33,44,56,22,44,33,33,33,78,67,67,100,56,89,11,67,33,78,56,89,100,78,78,89,89,44,89,56,100,89,78,56,56,67,89,22,78,33,67,94,33,100,56,89,56,67,89,33,67,33,78,Allsvenskan
Djurgården,czkf5t3ai00ghwbga03i5aqxw,79b0b6eqck5vn4b3fawxsaok,P. Langhoff,Peter Langhoff,22.0,Midfielder,Denmark,Midfielder,44.0,80.0,1.0,124.0,0.0,0.0,17.0,5.0,236.0,7.0,0.0,0.0,5.0,0.0,0.0,0.0,0.0,5.0,5.0,0.0,2.0,0.0,2.0,2.0,5.0,0.0,0.0,87.32,20.0,0.0,40.0,0.0,43.59,0.0,62.5,0.0,0.3509142283181364,0.0,9.0,0.18383511,0.0,16.0,8.0,0.2159731199999999,62.0,16.779661016949152,30.508474576271187,0.3813559322033898,47.28813559322034,0.0,0.0,6.483050847457627,1.9067796610169487,2.669491525423729,0.0,0.0,1.9067796610169487,0.0,0.0,0.0,0.0,1.9067796610169487,1.9067796610169487,0.0,0.7627118644067796,0.0,0.7627118644067796,0.7627118644067796,1.9067796610169487,0.0,0.0,87.32,20.0,0.0,40.0,0.0,43.59,0.0,62.5,0.0,0.1338232226636961,0.0,3.4322033898305087,0.0701066097457627,0.0,6.101694915254237,3.0508474576271185,0.0823626305084745,23.64406779661017,CM/AM,14,10,4,12,2,51,6,24,11,7,15,10,2,4,2,2,5,5,18,11,4,4,7,11,49,51,79,5,7,46,4,43,4,51,2,7,2,12,7,2,24,2,2,21,86,88,10,93,2,51,90,98,98,7,15,69,2,4,2,2,55,55,18,48,4,10,55,88,49,51,79,5,7,46,4,43,4,51,2,52,2,88,62,2,90,43,21,90,Allsvenskan
Djurgården,czkf5t3ai00ghwbga03i5aqxw,7yld2a7aw6d3lmmwpu1wovxsl,P. Johansson,Piotr Johansson,31.0,Defender,Sweden,Defender,295.0,412.0,24.0,694.0,15.0,0.0,56.0,41.0,1501.0,11.0,13.0,3.0,15.0,10.0,8.0,2.0,3.0,11.0,12.0,1.0,17.0,3.0,26.0,3.0,17.0,0.0,0.0,87.96,38.71,35.14,27.27,30.0,48.7,51.72,62.96,1.0042731120784705,1.6164952206287586,2.0,25.0,0.63649448,13.0,73.0,69.0,3.199672319999997,362.0,17.688207861425717,24.703530979347104,1.4390406395736175,41.61225849433711,0.899400399733511,0.0,3.357761492338441,2.45836109260493,0.6595602931379081,0.7794803464357095,0.1798800799467022,0.899400399733511,0.5996002664890073,0.4796802131912059,0.1199200532978014,0.1798800799467022,0.6595602931379081,0.7195203197868089,0.0599600266489007,1.0193204530313125,0.1798800799467022,1.558960692871419,0.1798800799467022,1.0193204530313125,0.0,0.0,87.96,38.71,35.14,27.27,30.0,48.7,51.72,62.96,0.0602162425629995,0.096925096506721,0.1199200532978014,1.4990006662225184,0.0381642259826782,0.7794803464357095,4.377081945369754,4.137241838774151,0.1918524375749498,21.705529646902065,RB/RCB,62,88,44,69,56,38,50,62,59,84,94,69,69,81,31,66,53,53,81,62,75,72,31,66,50,53,88,50,88,6,59,19,44,50,81,75,50,59,62,59,69,50,69,69,38,81,25,56,50,38,19,31,44,75,88,56,44,75,25,56,38,31,81,44,62,56,25,19,50,53,88,50,88,6,59,19,44,50,56,56,31,62,56,44,81,56,75,56,Allsvenskan
Djurgården,czkf5t3ai00ghwbga03i5aqxw,930c0oge6pi38eofh75m0u2y2,M. Marqués,Mikael Marqués,25.0,Defender,Sweden,Defender,237.0,236.0,14.0,470.0,11.0,0.0,22.0,32.0,651.0,5.0,3.0,1.0,5.0,8.0,4.0,4.0,2.0,0.0,0.0,1.0,13.0,2.0,6.0,0.0,4.0,0.0,0.0,89.35,36.84,42.86,0.0,25.0,61.11,73.33,57.14,0.8873484599205312,0.5804354649082425,3.0,19.0,0.42803483,9.0,51.0,46.0,1.3479623500000006,302.0,32.764976958525345,32.626728110599075,1.935483870967742,64.97695852534562,1.5207373271889402,0.0,3.0414746543778803,4.423963133640553,0.6912442396313364,0.4147465437788018,0.1382488479262673,0.6912442396313364,1.1059907834101383,0.5529953917050692,0.5529953917050692,0.2764976958525346,0.0,0.0,0.1382488479262673,1.7972350230414746,0.2764976958525346,0.8294930875576036,0.0,0.5529953917050692,0.0,0.0,89.35,36.84,42.86,0.0,25.0,61.11,73.33,57.14,0.122674902293161,0.0802445343191118,0.4147465437788018,2.6267281105990783,0.0591753221198156,1.2442396313364057,7.050691244239632,6.359447004608295,0.1863542419354839,41.75115207373272,CB,42,61,27,45,35,34,22,28,42,85,85,73,67,53,90,70,9,8,68,58,62,29,14,18,51,51,71,27,85,14,48,67,85,26,68,77,88,77,76,84,65,59,71,53,58,95,37,82,44,34,18,35,56,97,97,89,90,77,97,84,9,8,84,92,79,37,14,21,51,51,71,27,85,14,48,67,85,26,87,97,95,97,95,92,94,85,95,89,Allsvenskan
Djurgården,czkf5t3ai00ghwbga03i5aqxw,bb7inex45spf3wj9dqw8sbqi,K. Lien,Kristian Lien,24.0,Attacker,Norway,Striker,75.0,94.0,2.0,168.0,28.0,0.0,65.0,17.0,1736.0,19.0,1.0,3.0,24.0,57.0,52.0,5.0,9.0,30.0,31.0,15.0,0.0,32.0,101.0,16.0,2.0,0.0,0.0,76.71,66.67,100.0,53.33,56.14,39.16,40.0,100.0,8.663289375796554,1.6806966083871395,7.0,11.0,0.3742941899999999,4.0,7.0,11.0,0.8117719300000004,59.0,3.8882488479262673,4.873271889400922,0.1036866359447004,8.70967741935484,1.4516129032258065,0.0,3.369815668202765,0.881336405529954,0.9850230414746544,0.0518433179723502,0.1555299539170507,1.2442396313364057,2.955069124423963,2.695852534562212,0.2592165898617511,0.4665898617511521,1.555299539170507,1.6071428571428572,0.7776497695852534,0.0,1.6589861751152075,5.236175115207374,0.8294930875576038,0.1036866359447004,0.0,0.0,76.71,66.67,100.0,53.33,56.14,39.16,40.0,100.0,0.4491336657959043,0.087132888683665,0.3629032258064516,0.5702764976958525,0.0194046527073732,0.2073732718894009,0.3629032258064516,0.5702764976958525,0.0420849502880184,3.058755760368664,ST,70,52,32,60,88,50,77,97,77,65,87,90,93,97,67,78,83,83,100,10,97,97,90,15,50,50,73,80,98,72,100,37,62,97,97,83,65,50,53,53,45,53,73,63,40,17,17,20,50,50,17,57,37,57,63,70,67,80,30,37,47,47,100,10,90,70,60,7,50,50,73,80,98,72,100,37,62,97,90,63,30,27,27,23,17,23,47,20,Allsvenskan
Djurgården,czkf5t3ai00ghwbga03i5aqxw,bhaqw4112j43c753dlxhy61ud,D. Stensson,Daniel Stensson,29.0,Midfielder,Sweden,Midfielder,172.0,297.0,19.0,466.0,1.0,0.0,37.0,9.0,564.0,15.0,3.0,0.0,12.0,7.0,0.0,7.0,2.0,6.0,6.0,0.0,10.0,1.0,2.0,4.0,10.0,0.0,0.0,87.43,45.24,20.0,66.67,14.29,48.68,6.67,58.82,0.4932515164142441,1.1866203138579192,4.0,11.0,0.2512826,2.0,62.0,58.0,1.5511977599999995,238.0,27.4468085106383,47.3936170212766,3.0319148936170213,74.36170212765957,0.1595744680851064,0.0,5.904255319148937,1.4361702127659577,2.393617021276596,0.4787234042553192,0.0,1.9148936170212767,1.1170212765957448,0.0,1.1170212765957448,0.3191489361702128,0.9574468085106383,0.9574468085106383,0.0,1.5957446808510638,0.1595744680851064,0.3191489361702128,0.6382978723404256,1.5957446808510638,0.0,0.0,87.43,45.24,20.0,66.67,14.29,48.68,6.67,58.82,0.0787103483639751,0.1893543054028594,0.6382978723404256,1.75531914893617,0.0400982872340425,0.3191489361702128,9.893617021276595,9.25531914893617,0.2475315574468084,37.97872340425532,CM/AM,73,69,77,69,10,51,30,54,44,56,15,37,14,4,57,18,8,8,18,62,7,4,25,38,49,51,81,40,45,99,7,69,7,39,12,55,36,21,12,5,83,71,64,79,100,100,95,100,14,51,69,81,93,64,15,71,24,4,81,24,12,12,18,95,10,2,45,76,49,51,81,40,45,99,7,69,7,39,17,79,60,21,10,7,100,98,93,100,Allsvenskan
Djurgården,czkf5t3ai00ghwbga03i5aqxw,bv57jiquzqjnzuxzw5r663aad,A. Ståhl,Adam Ståhl,31.0,Defender,Finland,Defender,133.0,235.0,12.0,364.0,20.0,0.0,51.0,43.0,952.0,11.0,4.0,1.0,9.0,3.0,3.0,0.0,0.0,10.0,10.0,1.0,7.0,1.0,26.0,3.0,13.0,0.0,0.0,83.87,54.55,28.57,30.0,33.33,51.52,48.78,76.47,0.4190020997945546,0.9919207260271388,0.0,21.0,0.6140156999999999,11.0,26.0,33.0,1.552065290000002,137.0,12.573529411764708,22.21638655462185,1.134453781512605,34.411764705882355,1.8907563025210083,0.0,4.821428571428571,4.065126050420168,1.0399159663865547,0.3781512605042016,0.0945378151260504,0.8508403361344538,0.2836134453781512,0.2836134453781512,0.0,0.0,0.9453781512605042,0.9453781512605042,0.0945378151260504,0.6617647058823529,0.0945378151260504,2.457983193277311,0.2836134453781512,1.2289915966386555,0.0,0.0,83.87,54.55,28.57,30.0,33.33,51.52,48.78,76.47,0.0396115430478045,0.0937740182168513,0.0,1.9852941176470589,0.0580477027310924,1.0399159663865547,2.457983193277311,3.119747899159664,0.14672886144958,12.951680672268909,CB,15,60,21,35,55,34,56,43,78,92,85,91,34,38,28,16,87,86,68,27,41,90,73,66,51,51,26,87,74,39,68,19,19,87,42,95,25,81,89,89,39,39,73,22,3,76,9,13,65,34,66,23,79,94,85,95,31,37,28,16,87,87,65,13,39,97,76,77,51,51,26,87,74,39,68,19,19,87,32,98,25,84,94,89,37,45,87,11,Allsvenskan
Djurgården,czkf5t3ai00ghwbga03i5aqxw,cprmadcy942qhykcpsv02ri1g,B. Hegland,Bo Hegland,22.0,Midfielder,Norway,Midfielder,132.0,471.0,31.0,566.0,4.0,0.0,98.0,7.0,1774.0,25.0,37.0,14.0,59.0,54.0,25.0,29.0,13.0,76.0,79.0,8.0,15.0,23.0,94.0,37.0,16.0,0.0,0.0,80.63,49.21,34.26,48.68,42.59,43.36,25.0,50.0,5.012526372020311,6.867542986204152,24.0,65.0,1.7600299599999991,33.0,61.0,93.0,5.185666939999994,262.0,6.6967305524239,23.895152198421645,1.57271702367531,28.71476888387824,0.2029312288613303,0.0,4.971815107102593,0.355129650507328,1.2683201803833144,1.877113866967305,0.7102593010146561,2.993235625704622,2.739571589627959,1.2683201803833144,1.4712514092446447,0.6595264937993235,3.855693348365276,4.007891770011274,0.4058624577226606,0.7609921082299886,1.1668545659526492,4.768883878241263,1.877113866967305,0.8117249154453212,0.0,0.0,80.63,49.21,34.26,48.68,42.59,43.36,25.0,50.0,0.2542995340934769,0.3484097343621046,1.2175873731679818,3.2976324689966177,0.0892912606538894,1.674182638105975,3.094701240135288,4.71815107102593,0.2630834411499433,13.291995490417136,CM/AM,60,95,90,88,44,51,98,45,80,100,100,100,96,90,98,95,100,100,100,87,99,100,100,80,49,51,48,45,95,76,81,40,26,14,100,100,99,98,98,98,81,88,98,86,21,71,76,52,21,51,60,17,31,100,100,95,83,71,88,69,90,90,90,45,93,83,95,26,49,51,48,45,95,76,81,40,26,14,90,100,86,83,83,88,55,81,95,52,Allsvenskan
Djurgården,czkf5t3ai00ghwbga03i5aqxw,dkc69jkzi4e9ysgmwldz249as,M. Siltanen,Matias Siltanen,19.0,Midfielder,Finland,Midfielder,443.0,686.0,34.0,1127.0,12.0,0.0,85.0,28.0,1808.0,32.0,2.0,1.0,20.0,13.0,6.0,7.0,5.0,4.0,4.0,0.0,32.0,3.0,15.0,2.0,17.0,0.0,0.0,90.38,64.15,14.29,50.0,23.08,66.41,57.14,43.59,0.9177557633640104,1.1915876981704288,8.0,52.0,1.1218085199999994,19.0,147.0,131.0,2.95127327,650.0,22.05199115044248,34.14823008849557,1.6924778761061947,56.10066371681416,0.5973451327433629,0.0,4.231194690265487,1.393805309734513,1.592920353982301,0.0995575221238938,0.0497787610619469,0.995575221238938,0.6471238938053098,0.2986725663716814,0.3484513274336283,0.2488938053097345,0.1991150442477876,0.1991150442477876,0.0,1.592920353982301,0.1493362831858407,0.7466814159292036,0.0995575221238938,0.8462389380530974,0.0,0.0,90.38,64.15,14.29,50.0,23.08,66.41,57.14,43.59,0.0456847448577217,0.059315759311581,0.3982300884955752,2.588495575221239,0.0558422382743362,0.9457964601769911,7.317477876106195,6.521017699115045,0.1469107269358407,32.35619469026549,CM/AM,100,100,93,100,87,51,88,99,98,43,43,73,37,25,57,45,2,2,18,100,20,17,7,85,49,51,100,79,31,80,19,100,93,7,21,57,65,93,74,79,100,98,90,100,98,95,81,98,62,51,40,79,55,19,31,19,7,12,29,17,2,2,18,93,7,7,2,31,49,51,100,79,31,80,19,100,93,7,7,12,38,60,40,29,98,90,67,98,Allsvenskan
Djurgården,czkf5t3ai00ghwbga03i5aqxw,eatpbp8oxh5j7a5ofzkv2590,M. Larsson,Max Larsson,23.0,Midfielder,Sweden,Midfielder,193.0,407.0,30.0,588.0,14.0,0.0,63.0,46.0,1258.0,14.0,12.0,2.0,18.0,17.0,6.0,11.0,6.0,20.0,21.0,0.0,21.0,3.0,20.0,3.0,18.0,0.0,0.0,78.71,33.71,15.0,15.0,17.65,50.0,66.67,56.25,1.2583758222442294,1.9657323882651807,6.0,28.0,0.7397712199999997,26.0,52.0,73.0,2.72962423,278.0,13.807631160572337,29.11764705882353,2.146263910969793,42.06677265500795,1.0015898251192368,0.0,4.507154213036566,3.29093799682035,1.0015898251192368,0.8585055643879174,0.1430842607313195,1.287758346581876,1.2162162162162162,0.4292527821939587,0.7869634340222575,0.4292527821939587,1.4308426073131957,1.5023847376788553,0.0,1.5023847376788553,0.2146263910969793,1.4308426073131957,0.2146263910969793,1.287758346581876,0.0,0.0,78.71,33.71,15.0,15.0,17.65,50.0,66.67,56.25,0.0900268871239909,0.1406326827852673,0.4292527821939587,2.0031796502384736,0.0529248090620031,1.860095389507154,3.720190779014308,5.222575516693164,0.1952831325119237,19.88871224165342,LM/LCM,93,100,100,100,100,50,86,100,57,100,64,71,71,43,71,71,57,57,36,100,43,43,29,86,57,57,29,29,57,14,14,71,100,43,57,100,71,64,43,100,86,100,100,100,71,86,100,71,71,50,14,100,29,100,57,43,43,29,71,57,29,14,36,86,29,14,14,57,57,57,29,29,57,14,14,71,100,43,29,57,57,43,29,86,86,100,57,100,Allsvenskan
Djurgården,czkf5t3ai00ghwbga03i5aqxw,ebhyx7fm13sy9qjf4vylzg89h,J. Une Larsson,Jacob Une Larsson,32.0,Defender,Sweden,Defender,535.0,351.0,20.0,886.0,27.0,1.0,54.0,87.0,1335.0,10.0,0.0,0.0,1.0,0.0,0.0,0.0,0.0,2.0,2.0,0.0,16.0,0.0,14.0,2.0,11.0,0.0,0.0,92.2,40.0,0.0,100.0,0.0,52.94,57.45,68.75,0.0,0.0,0.0,0.0,0.0,0.0,0.0,0.0,0.0,0.0,36.06741573033708,23.662921348314605,1.348314606741573,59.73033707865169,1.820224719101124,0.0674157303370786,3.640449438202247,5.865168539325842,0.6741573033707865,0.0,0.0,0.0674157303370786,0.0,0.0,0.0,0.0,0.1348314606741573,0.1348314606741573,0.0,1.0786516853932584,0.0,0.9438202247191012,0.1348314606741573,0.7415730337078651,0.0,0.0,92.2,40.0,0.0,100.0,0.0,52.94,57.45,68.75,0.0,0.0,0.0,0.0,0.0,0.0,0.0,0.0,0.0,0.0,CB,77,89,43,87,72,82,64,81,72,28,38,28,6,8,28,16,41,40,27,67,14,61,60,59,51,51,89,43,28,90,14,28,40,61,6,11,25,5,5,11,3,3,3,3,73,82,19,77,56,85,31,68,55,28,38,19,6,8,28,16,29,26,27,53,14,45,51,37,51,51,89,43,28,90,14,28,40,61,6,11,25,5,5,11,3,3,3,3,Allsvenskan
GAIS,33hzf6j2rd9r50g2n4agsytkd,1lz298822pkgdar8bjjk7g1gq,H. Sletsjøe,Henry Sletsjøe,26.0,Midfielder,Norway,Midfielder,111.0,219.0,5.0,327.0,8.0,0.0,59.0,6.0,908.0,18.0,3.0,0.0,9.0,11.0,9.0,2.0,4.0,9.0,9.0,2.0,13.0,5.0,26.0,3.0,15.0,0.0,0.0,85.38,33.33,27.27,33.33,45.45,49.17,40.0,50.0,1.3486021198698772,0.7040067785472459,1.0,19.0,0.5748456200000001,10.0,32.0,35.0,0.9347283599999998,141.0,11.002202643171806,21.70704845814978,0.4955947136563877,32.41189427312776,0.7929515418502203,0.0,5.848017621145375,0.5947136563876653,1.7841409691629957,0.2973568281938326,0.0,0.8920704845814978,1.0903083700440528,0.8920704845814978,0.198237885462555,0.3964757709251101,0.8920704845814978,0.8920704845814978,0.198237885462555,1.288546255506608,0.4955947136563877,2.577092511013216,0.2973568281938326,1.4867841409691631,0.0,0.0,85.38,33.33,27.27,33.33,45.45,49.17,40.0,50.0,0.1336720162866618,0.0697804075652556,0.0991189427312775,1.8832599118942728,0.0569780900881057,0.9911894273127754,3.1718061674008813,3.4691629955947136,0.0926492867841409,13.975770925110131,CM/AM,50,55,26,52,73,51,63,36,54,56,15,26,25,54,13,33,18,17,60,83,46,36,13,69,49,51,64,12,76,27,88,74,62,14,36,21,11,38,40,39,52,56,40,52,62,62,24,62,79,51,67,36,67,52,15,12,21,40,5,36,7,7,64,83,50,26,10,71,49,51,64,12,76,27,88,74,62,14,38,14,7,33,45,38,57,52,26,57,Allsvenskan
GAIS,33hzf6j2rd9r50g2n4agsytkd,38fax12pwxzxc5h2d9h1z14wk,M. Andersson,Max Andersson,23.0,Midfielder,Sweden,Midfielder,51.0,193.0,2.0,242.0,13.0,0.0,39.0,7.0,956.0,11.0,2.0,1.0,14.0,20.0,17.0,3.0,7.0,28.0,28.0,3.0,2.0,8.0,50.0,8.0,4.0,0.0,0.0,79.08,28.57,10.0,28.57,40.0,34.51,40.62,57.14,2.1582276689598685,0.966085866255206,6.0,44.0,1.1546448499999995,13.0,11.0,29.0,1.10752005,84.0,4.801255230125523,18.169456066945607,0.1882845188284519,22.78242677824268,1.2238493723849373,0.0,3.671548117154812,0.6589958158995817,1.0355648535564854,0.1882845188284519,0.0941422594142259,1.3179916317991631,1.882845188284519,1.600418410041841,0.2824267782426778,0.6589958158995817,2.6359832635983267,2.6359832635983267,0.2824267782426778,0.1882845188284519,0.7531380753138076,4.7071129707112975,0.7531380753138076,0.3765690376569038,0.0,0.0,79.08,28.57,10.0,28.57,40.0,34.51,40.62,57.14,0.2031804290861801,0.0909495062374148,0.5648535564853556,4.142259414225942,0.1087008749999999,1.2238493723849373,1.0355648535564854,2.7301255230125525,0.1042644398535564,7.907949790794979,RM/RCM,21,36,21,29,86,54,36,39,46,14,50,61,71,79,32,79,64,57,79,14,79,75,54,14,54,54,57,32,14,21,93,7,50,21,79,43,50,79,79,68,7,50,36,29,7,50,21,29,86,54,21,36,50,14,29,64,71,93,36,79,79,71,71,7,79,86,50,7,54,54,57,32,14,21,93,7,50,21,86,43,57,86,86,64,14,43,14,21,Allsvenskan
GAIS,33hzf6j2rd9r50g2n4agsytkd,48ffxxjaqagvfy72i4qvuvdnt,N. Vasić,Nikola Vasic,34.0,Attacker,Sweden,Striker,24.0,22.0,0.0,46.0,21.0,0.0,41.0,5.0,510.0,10.0,0.0,0.0,5.0,30.0,26.0,4.0,4.0,5.0,5.0,3.0,2.0,10.0,45.0,3.0,5.0,0.0,0.0,56.1,0.0,0.0,60.0,33.33,54.67,53.85,71.43,3.991604220142356,0.0,3.0,1.0,0.01689528,0.0,5.0,4.0,0.03468496,21.0,4.235294117647059,3.882352941176471,0.0,8.117647058823529,3.705882352941176,0.0,7.235294117647059,0.8823529411764706,1.7647058823529411,0.0,0.0,0.8823529411764706,5.294117647058823,4.588235294117647,0.7058823529411764,0.7058823529411764,0.8823529411764706,0.8823529411764706,0.5294117647058824,0.3529411764705882,1.7647058823529411,7.941176470588235,0.5294117647058824,0.8823529411764706,0.0,0.0,56.1,0.0,0.0,60.0,33.33,54.67,53.85,71.43,0.704400744731004,0.0,0.5294117647058824,0.1764705882352941,0.0029815199999999,0.0,0.8823529411764706,0.7058823529411764,0.0061208752941176,3.705882352941176,ST,35,10,8,17,73,50,42,33,37,28,20,27,63,73,55,40,18,17,67,42,62,60,25,47,50,50,7,8,28,87,38,93,97,52,73,3,35,8,7,5,32,25,10,27,50,10,8,17,93,50,87,60,70,28,20,40,100,100,73,67,13,13,90,57,97,97,33,70,50,50,7,8,28,87,38,93,97,52,100,3,43,7,7,5,50,30,10,27,Allsvenskan
GAIS,33hzf6j2rd9r50g2n4agsytkd,4nx0njulsjs2hegiee011dxpl,R. Frej,Robin Frej,28.0,Defender,Sweden,Defender,405.0,355.0,41.0,753.0,29.0,1.0,67.0,51.0,1159.0,10.0,7.0,1.0,6.0,4.0,4.0,0.0,1.0,4.0,4.0,0.0,14.0,1.0,16.0,3.0,14.0,0.0,0.0,85.18,43.16,46.67,75.0,25.0,67.0,78.38,56.0,0.5620629616229865,0.6703313419630728,0.0,24.0,0.53027892,8.0,95.0,115.0,2.8201348200000003,437.0,31.449525452976705,27.566867989646244,3.183779119930975,58.47282139775668,2.251941328731665,0.0776531492666091,5.202761000862813,3.960310612597066,0.7765314926660914,0.543572044866264,0.0776531492666091,0.4659188955996549,0.3106125970664365,0.3106125970664365,0.0,0.0776531492666091,0.3106125970664365,0.3106125970664365,0.0,1.087144089732528,0.0776531492666091,1.2424503882657465,0.2329594477998274,1.087144089732528,0.0,0.0,85.18,43.16,46.67,75.0,25.0,67.0,78.38,56.0,0.0436459590561421,0.0520533397555449,0.0,1.8636755823986195,0.0411778281276962,0.6212251941328731,7.377049180327869,8.930112165660052,0.2189923501294219,33.9344262295082,CB,63,90,79,73,79,82,73,52,72,99,85,81,48,53,28,44,63,62,27,62,41,68,73,72,51,51,37,61,87,76,48,89,94,24,53,85,25,85,85,79,95,97,97,68,44,90,77,74,71,89,77,21,61,98,82,81,32,40,28,45,55,53,27,55,34,68,66,68,51,51,37,61,87,76,48,89,94,24,35,84,25,81,79,76,95,95,100,65,Allsvenskan
GAIS,33hzf6j2rd9r50g2n4agsytkd,5ggjixg89r56xz7skcr1v9rf8,S. Salter,Samuel Salter,26.0,Attacker,Canada,Striker,34.0,113.0,3.0,146.0,31.0,0.0,77.0,13.0,1233.0,17.0,1.0,2.0,14.0,47.0,39.0,8.0,10.0,23.0,23.0,6.0,6.0,20.0,67.0,12.0,8.0,0.0,0.0,74.49,100.0,100.0,52.17,42.55,44.51,41.33,44.44,5.513639238475758,0.9784107515281588,10.0,14.0,0.44904466,5.0,12.0,22.0,0.74147302,56.0,2.4817518248175183,8.248175182481752,0.218978102189781,10.656934306569344,2.2627737226277373,0.0,5.62043795620438,0.9489051094890512,1.2408759124087592,0.072992700729927,0.145985401459854,1.0218978102189782,3.4306569343065694,2.8467153284671536,0.5839416058394161,0.7299270072992701,1.6788321167883211,1.6788321167883211,0.437956204379562,0.437956204379562,1.45985401459854,4.89051094890511,0.8759124087591241,0.5839416058394161,0.0,0.0,74.49,100.0,100.0,52.17,42.55,44.51,41.33,44.44,0.4024554188668436,0.0714168431772378,0.7299270072992701,1.0218978102189782,0.0327769824817518,0.364963503649635,0.8759124087591241,1.6058394160583942,0.0541221182481751,4.087591240875913,ST,40,60,48,57,93,50,90,87,73,65,73,77,87,92,80,83,75,68,83,67,87,67,75,70,50,50,63,97,98,65,67,77,67,10,90,70,80,62,60,57,60,75,70,60,13,50,37,30,67,50,67,67,47,67,57,60,83,83,60,70,60,57,80,63,83,57,63,43,50,50,63,97,98,65,67,77,67,10,83,50,57,50,47,40,47,70,60,43,Allsvenskan
GAIS,33hzf6j2rd9r50g2n4agsytkd,5ijbt4bhic3y1zasavky12311,A. Wängberg,August Wängberg,32.0,Defender,Sweden,Defender,279.0,376.0,30.0,649.0,18.0,1.0,89.0,49.0,1526.0,16.0,6.0,2.0,14.0,7.0,4.0,3.0,3.0,35.0,37.0,0.0,22.0,0.0,31.0,21.0,19.0,0.0,0.0,79.44,36.59,14.29,60.0,0.0,57.42,64.29,55.88,0.6331997700786669,1.4832730227134443,1.0,28.0,0.8061670199999996,23.0,62.0,106.0,3.1832095400000022,296.0,16.45478374836173,22.17562254259502,1.769331585845347,38.27653997378768,1.0615989515072084,0.0589777195281782,5.249017038007864,2.8899082568807337,0.943643512450852,0.3538663171690694,0.1179554390563564,0.8256880733944955,0.4128440366972477,0.2359108781127129,0.1769331585845347,0.1769331585845347,2.0642201834862384,2.182175622542595,0.0,1.2975098296199217,0.0,1.828309305373525,1.238532110091743,1.1205766710353866,0.0,0.0,79.44,36.59,14.29,60.0,0.0,57.42,64.29,55.88,0.0373446784450065,0.0874800603173066,0.0589777195281782,1.651376146788991,0.0475458923984272,1.3564875491480997,3.656618610747051,6.251638269986894,0.1877384394495414,17.45740498034076,RB/RCB,56,75,56,62,78,84,91,84,69,53,75,62,47,56,47,66,94,94,34,81,16,94,94,75,50,53,38,38,38,69,16,69,81,19,56,62,22,75,69,88,62,88,62,50,31,69,44,38,56,81,81,69,69,44,75,44,25,25,31,44,81,88,34,75,16,75,88,31,50,53,38,38,38,69,16,69,81,19,31,50,12,75,75,88,50,81,69,31,Allsvenskan
GAIS,33hzf6j2rd9r50g2n4agsytkd,6nh2bvbggqul1m3t1gv9k7pqs,A. Čardaklija,Anes Cardaklija,21.0,Defender,Bosnia and Herzegovina,Defender,309.0,243.0,23.0,552.0,23.0,0.0,51.0,49.0,876.0,8.0,0.0,0.0,2.0,2.0,2.0,0.0,0.0,2.0,2.0,1.0,12.0,1.0,5.0,2.0,13.0,0.0,0.0,87.48,35.94,0.0,100.0,50.0,60.71,60.53,72.22,0.2409534197401249,0.1492970217797246,0.0,10.0,0.18878656,4.0,66.0,62.0,1.04094115,370.0,31.74657534246576,24.96575342465753,2.3630136986301373,56.712328767123296,2.3630136986301373,0.0,5.239726027397261,5.034246575342467,0.8219178082191781,0.0,0.0,0.2054794520547945,0.2054794520547945,0.2054794520547945,0.0,0.0,0.2054794520547945,0.2054794520547945,0.1027397260273972,1.2328767123287672,0.1027397260273972,0.5136986301369864,0.2054794520547945,1.3356164383561644,0.0,0.0,87.48,35.94,0.0,100.0,50.0,60.71,60.53,72.22,0.0247554883294648,0.0153387351143552,0.0,1.0273972602739727,0.0193958794520547,0.4109589041095891,6.78082191780822,6.36986301369863,0.1069460085616438,38.01369863013699,CB,47,65,48,55,62,34,56,47,55,28,38,44,23,25,28,16,41,40,68,54,41,21,60,66,51,51,50,23,28,90,88,63,50,77,21,40,25,65,60,57,81,72,48,61,47,85,48,71,76,34,81,48,65,28,38,42,21,23,28,16,47,45,69,61,42,13,61,84,51,51,50,23,28,90,88,63,50,77,23,47,25,61,60,58,85,87,61,79,Allsvenskan
GAIS,33hzf6j2rd9r50g2n4agsytkd,7d9e5tvw9ghew36m4mh2nr23u,W. Milovanovic,William Milovanovic,24.0,Midfielder,Sweden,Midfielder,117.0,272.0,18.0,381.0,11.0,0.0,86.0,14.0,1305.0,22.0,8.0,4.0,16.0,28.0,14.0,14.0,10.0,20.0,21.0,2.0,19.0,10.0,41.0,9.0,27.0,0.0,0.0,76.05,40.91,33.33,45.0,35.71,41.95,40.74,61.36,2.649889702792179,1.7027860058705526,12.0,31.0,0.7829369399999996,16.0,44.0,62.0,2.7793924699999986,167.0,8.068965517241379,18.75862068965517,1.2413793103448276,26.27586206896552,0.7586206896551724,0.0,5.931034482758621,0.9655172413793104,1.5172413793103448,0.5517241379310345,0.2758620689655172,1.103448275862069,1.9310344827586208,0.9655172413793104,0.9655172413793104,0.6896551724137931,1.3793103448275863,1.4482758620689655,0.1379310344827586,1.3103448275862069,0.6896551724137931,2.827586206896552,0.6206896551724138,1.862068965517241,0.0,0.0,76.05,40.91,33.33,45.0,35.71,41.95,40.74,61.36,0.1827510139856675,0.117433517646245,0.8275862068965517,2.1379310344827585,0.0539956510344827,1.103448275862069,3.034482758620689,4.275862068965517,0.1916822393103447,11.517241379310343,CM/AM,52,62,73,62,82,51,92,79,71,75,85,57,81,75,81,83,56,57,60,98,76,69,61,100,49,51,19,26,88,69,52,31,67,48,81,69,83,61,55,69,62,79,86,60,33,50,57,48,76,51,74,57,50,71,81,26,69,50,74,74,31,33,50,86,57,38,40,83,49,51,19,26,88,69,52,31,67,48,64,45,79,43,38,48,52,67,88,38,Allsvenskan
GAIS,33hzf6j2rd9r50g2n4agsytkd,7wesnkwthjcluc9b83s8ab1g4,O. Ågren,Oskar Ågren,28.0,Defender,Sweden,Defender,655.0,391.0,63.0,1045.0,20.0,1.0,62.0,88.0,1427.0,10.0,1.0,0.0,5.0,1.0,0.0,1.0,0.0,3.0,3.0,0.0,23.0,0.0,7.0,1.0,18.0,0.0,0.0,91.19,52.5,100.0,33.33,0.0,61.39,74.07,58.06,0.0636481738236238,0.4036164987931694,1.0,41.0,0.8114352199999997,11.0,109.0,101.0,2.1990355700000013,617.0,41.31044148563419,24.660126138752627,3.973370707778556,65.90749824807288,1.2613875262789067,0.0630693763139453,3.910301331464611,5.55010511562719,0.6306937631394534,0.0630693763139453,0.0,0.3153468815697267,0.0630693763139453,0.0,0.0630693763139453,0.0,0.189208128941836,0.189208128941836,0.0,1.4505956552207429,0.0,0.4414856341976174,0.0630693763139453,1.1352487736510162,0.0,0.0,91.19,52.5,100.0,33.33,0.0,61.39,74.07,58.06,0.0040142506265775,0.0254558408489034,0.0630693763139453,2.585844428871759,0.051176713244569,0.6937631394533987,6.8745620182200415,6.370007007708479,0.1386918018920813,38.91380518570428,CB,95,97,94,94,55,82,68,82,72,66,38,73,16,8,65,16,53,52,27,86,14,36,40,89,51,51,84,77,97,44,14,71,87,29,15,71,61,97,97,89,97,95,90,92,81,84,90,87,27,79,39,55,50,58,38,60,13,8,65,16,40,37,27,73,14,11,31,71,51,51,84,77,97,44,14,71,87,29,13,60,56,95,90,82,89,89,79,81,Allsvenskan
GAIS,33hzf6j2rd9r50g2n4agsytkd,8wojr77rwwqwqy1t9s46rlroq,D. Collander,Dennis Collander,24.0,Midfielder,Sweden,Midfielder,23.0,59.0,0.0,82.0,1.0,0.0,16.0,4.0,307.0,3.0,0.0,1.0,4.0,5.0,1.0,4.0,1.0,6.0,6.0,0.0,1.0,0.0,12.0,3.0,6.0,0.0,0.0,83.67,0.0,0.0,50.0,0.0,45.71,16.67,66.67,0.4647396417482963,0.4016526046814401,1.0,4.0,0.10729434,1.0,13.0,13.0,0.5044584899999999,47.0,6.742671009771987,17.29641693811075,0.0,24.03908794788273,0.2931596091205212,0.0,4.690553745928339,1.1726384364820848,0.8794788273615636,0.0,0.2931596091205212,1.1726384364820848,1.4657980456026058,0.2931596091205212,1.1726384364820848,0.2931596091205212,1.7589576547231272,1.7589576547231272,0.0,0.2931596091205212,0.0,3.5179153094462543,0.8794788273615636,1.7589576547231272,0.0,0.0,83.67,0.0,0.0,50.0,0.0,45.71,16.67,66.67,0.1362428917177416,0.1177483205906502,0.2931596091205212,1.1726384364820848,0.0314543667752443,0.2931596091205212,3.811074918566776,3.811074918566776,0.1478868537459283,13.778501628664497,RM/RCM,7,7,7,7,11,54,7,21,7,7,50,11,21,11,43,11,14,14,18,7,11,11,14,21,54,54,86,7,7,75,11,36,14,64,14,7,11,7,7,7,14,7,7,7,29,43,7,36,21,54,50,50,29,7,93,50,50,14,86,50,50,50,18,14,11,64,57,86,54,54,86,7,7,75,11,36,14,64,50,57,36,7,7,7,93,79,64,79,Allsvenskan
GAIS,33hzf6j2rd9r50g2n4agsytkd,9shzoahw01069twqf1vu6nb4k,R. Þorkelsson,Róbert Thorkelsson,21.0,Midfielder,Iceland,Midfielder,87.0,281.0,12.0,343.0,9.0,0.0,47.0,16.0,1580.0,10.0,25.0,0.0,38.0,45.0,28.0,17.0,16.0,27.0,30.0,4.0,11.0,18.0,85.0,11.0,9.0,0.0,0.0,71.31,37.5,28.74,40.74,40.0,35.88,27.27,52.94,4.222894949675274,3.522945154972304,11.0,48.0,1.4022407399999994,31.0,38.0,61.0,2.46508822,172.0,4.955696202531645,16.00632911392405,0.6835443037974683,19.537974683544306,0.5126582278481012,0.0,2.6772151898734173,0.9113924050632912,0.5696202531645569,1.4240506329113922,0.0,2.1645569620253164,2.5632911392405062,1.5949367088607591,0.9683544303797468,0.9113924050632912,1.5379746835443036,1.7088607594936709,0.2278481012658227,0.6265822784810126,1.0253164556962024,4.841772151898733,0.6265822784810126,0.5126582278481012,0.0,0.0,71.31,37.5,28.74,40.74,40.0,35.88,27.27,52.94,0.2405446490321358,0.2006740911060173,0.6265822784810126,2.7341772151898733,0.0798744725316455,1.7658227848101264,2.1645569620253164,3.4746835443037973,0.1404164175949367,9.79746835443038,CM/AM,40,67,58,55,76,51,45,86,27,95,15,88,93,94,87,98,73,76,85,70,95,98,76,33,49,51,5,21,81,52,65,17,33,21,93,88,79,86,95,95,60,76,83,62,10,36,36,19,52,51,2,52,7,95,15,81,81,86,76,88,45,45,71,38,88,88,43,7,49,51,5,21,81,52,65,17,33,21,86,83,57,67,69,90,33,55,60,31,Allsvenskan
GAIS,33hzf6j2rd9r50g2n4agsytkd,9vyizhfym4y8vc07xrvba7skq,O. Pettersson,Oscar Pettersson,26.0,Attacker,Sweden,Striker,25.0,149.0,0.0,162.0,0.0,0.0,11.0,4.0,643.0,3.0,12.0,0.0,13.0,16.0,9.0,7.0,2.0,11.0,11.0,1.0,3.0,7.0,25.0,4.0,3.0,0.0,0.0,84.82,0.0,24.49,36.36,43.75,32.35,0.0,75.0,1.4605353615480172,1.4082310575542287,8.0,16.0,0.48121059,2.0,5.0,14.0,1.5081132500000003,55.0,3.499222395023328,20.855365474339035,0.0,22.674961119751167,0.0,0.0,1.5396578538102643,0.5598755832037324,0.4199066874027993,1.6796267496111974,0.0,1.8195956454121305,2.2395023328149297,1.2597200622083982,0.9797822706065318,0.2799377916018662,1.5396578538102643,1.5396578538102643,0.1399688958009331,0.4199066874027993,0.9797822706065318,3.499222395023328,0.5598755832037324,0.4199066874027993,0.0,0.0,84.82,0.0,24.49,36.36,43.75,32.35,0.0,75.0,0.2044295218340926,0.1971085461584457,1.1197511664074649,2.2395023328149297,0.0673545149300155,0.2799377916018662,0.6998444790046656,1.959564541213064,0.2110889463452566,7.698289269051322,RW,55,82,9,73,14,55,18,36,18,91,23,73,55,32,73,23,55,50,32,64,55,36,50,45,55,55,91,9,64,55,73,18,14,91,36,82,55,59,55,32,64,73,73,73,27,82,9,82,14,55,9,18,9,100,23,91,45,18,55,9,36,27,36,73,55,18,36,36,55,55,91,9,64,55,73,18,14,91,18,100,64,82,73,18,36,82,82,82,Allsvenskan
GAIS,33hzf6j2rd9r50g2n4agsytkd,b3jbj4ayr4x1x0ynt9dcu5u6s,F. Beckman,Filip Beckman,23.0,Defender,Sweden,Defender,462.0,265.0,40.0,726.0,31.0,0.0,49.0,66.0,946.0,3.0,1.0,0.0,4.0,12.0,10.0,2.0,3.0,2.0,2.0,0.0,17.0,3.0,20.0,2.0,7.0,0.0,0.0,92.25,53.33,100.0,100.0,25.0,64.47,68.89,53.85,1.4344429947924693,0.1499592230099922,0.0,9.0,0.17777149,5.0,73.0,75.0,1.338002610000001,418.0,43.95348837209303,25.211416490486258,3.8054968287526414,69.06976744186046,2.949260042283298,0.0,4.661733615221987,6.27906976744186,0.2854122621564482,0.095137420718816,0.0,0.3805496828752642,1.1416490486257929,0.9513742071881608,0.1902748414376321,0.2854122621564482,0.1902748414376321,0.1902748414376321,0.0,1.6173361522198733,0.2854122621564482,1.9027484143763207,0.1902748414376321,0.6659619450317125,0.0,0.0,92.25,53.33,100.0,100.0,25.0,64.47,68.89,53.85,0.1364692066927296,0.0142667336901683,0.0,0.8562367864693446,0.0169127210359408,0.4756871035940803,6.945031712473573,7.135306553911205,0.1272941172304441,39.76744186046512,CB,65,74,77,69,82,34,53,67,23,66,38,63,85,88,80,88,41,40,27,73,75,77,60,42,51,51,90,81,97,90,48,81,77,18,89,42,25,58,55,64,86,87,69,65,85,87,89,92,84,34,65,81,11,68,38,74,92,94,81,87,42,39,27,87,81,90,58,32,51,51,90,81,97,90,48,81,77,18,94,45,25,58,56,65,90,92,73,84,Allsvenskan
GAIS,33hzf6j2rd9r50g2n4agsytkd,bi57bgog4e5pmkde5tl4bvxg4,R. Niklasson Petrovic,Rasmus Niklasson Petrovic,23.0,Attacker,Sweden,Striker,79.0,209.0,11.0,275.0,9.0,0.0,61.0,10.0,1647.0,21.0,13.0,3.0,22.0,45.0,33.0,12.0,23.0,34.0,35.0,3.0,12.0,10.0,97.0,8.0,15.0,0.0,0.0,73.33,61.11,27.08,23.53,22.22,33.52,26.47,65.22,4.857539788276896,2.2869182500692435,14.0,44.0,1.2263883099999997,14.0,18.0,42.0,3.431255649999999,113.0,4.316939890710382,11.420765027322403,0.6010928961748634,15.027322404371583,0.4918032786885246,0.0,3.333333333333333,0.5464480874316939,1.147540983606557,0.7103825136612022,0.1639344262295081,1.2021857923497268,2.459016393442623,1.8032786885245904,0.6557377049180327,1.256830601092896,1.85792349726776,1.9125683060109289,0.1639344262295081,0.6557377049180327,0.5464480874316939,5.300546448087432,0.4371584699453552,0.819672131147541,0.0,0.0,73.33,61.11,27.08,23.53,22.22,33.52,26.47,65.22,0.2654393326927265,0.1249682103862974,0.7650273224043715,2.4043715846994536,0.0670157546448087,0.7650273224043715,0.9836065573770492,2.295081967213114,0.1875003087431693,6.174863387978142,LW,56,56,67,56,100,56,78,78,78,67,61,67,67,78,67,94,56,56,56,78,50,67,22,78,56,56,11,78,78,11,11,11,44,56,78,67,67,67,67,67,44,67,67,67,22,11,33,11,78,56,22,44,44,44,44,22,44,56,33,100,11,11,33,44,22,44,11,44,56,56,11,78,78,11,11,11,44,56,56,44,22,22,22,22,11,44,56,11,Allsvenskan
GAIS,33hzf6j2rd9r50g2n4agsytkd,c8uz8jj2xzomls23oz4rcuiqy,J. Fagerjord,Joackim Fagerjord,28.0,Midfielder,Sweden,Midfielder,334.0,585.0,35.0,917.0,12.0,0.0,67.0,13.0,1352.0,12.0,2.0,1.0,22.0,10.0,4.0,6.0,5.0,11.0,11.0,1.0,20.0,2.0,12.0,8.0,24.0,0.0,0.0,85.14,53.03,50.0,72.73,20.0,56.3,46.15,68.57,0.5933579202549897,1.6662202393531205,4.0,42.0,0.9201307799999996,18.0,138.0,151.0,3.9619977899999936,509.0,22.233727810650887,38.94230769230769,2.3298816568047336,61.04289940828402,0.7988165680473372,0.0,4.460059171597633,0.8653846153846154,0.7988165680473372,0.1331360946745562,0.0665680473372781,1.4644970414201184,0.665680473372781,0.2662721893491124,0.3994082840236686,0.3328402366863905,0.7322485207100592,0.7322485207100592,0.0665680473372781,1.331360946745562,0.1331360946745562,0.7988165680473372,0.5325443786982249,1.5976331360946745,0.0,0.0,85.14,53.03,50.0,72.73,20.0,56.3,46.15,68.57,0.039498678123483,0.1109170277675893,0.2662721893491124,2.7958579881656807,0.0612513093195266,1.198224852071006,9.18639053254438,10.051775147928996,0.2637424564349108,33.883136094674555,DM/CM,68,95,68,88,75,46,62,42,51,55,59,79,57,57,54,72,50,49,69,64,46,51,66,80,50,51,38,52,99,98,36,72,55,75,45,75,51,84,80,80,98,98,98,92,50,95,55,92,62,46,52,12,32,45,60,88,35,38,42,62,32,25,72,57,38,25,65,65,50,51,38,52,99,98,36,72,55,75,22,82,25,72,70,82,98,95,98,90,Allsvenskan
GAIS,33hzf6j2rd9r50g2n4agsytkd,f10q2mnvhe30a9au85fjnnt3o,R. Wendin Thomasson,Robin Wendin Thomasson,27.0,Defender,Sweden,Defender,141.0,128.0,15.0,262.0,7.0,0.0,22.0,10.0,526.0,5.0,7.0,0.0,8.0,4.0,0.0,4.0,1.0,8.0,8.0,0.0,9.0,2.0,7.0,1.0,6.0,0.0,0.0,81.62,30.0,22.58,12.5,50.0,42.31,43.75,66.67,0.2780220182823998,0.9754658071690784,2.0,12.0,0.30017019,5.0,22.0,28.0,0.6959070899999997,93.0,24.125475285171103,21.90114068441065,2.5665399239543727,44.828897338403046,1.1977186311787074,0.0,3.76425855513308,1.711026615969582,0.855513307984791,1.1977186311787074,0.0,1.3688212927756656,0.6844106463878328,0.0,0.6844106463878328,0.1711026615969582,1.3688212927756656,1.3688212927756656,0.0,1.5399239543726235,0.3422053231939164,1.1977186311787074,0.1711026615969582,1.0266159695817492,0.0,0.0,81.62,30.0,22.58,12.5,50.0,42.31,43.75,66.67,0.0475703073106767,0.1669047959034544,0.3422053231939164,2.0532319391634983,0.0513599184410646,0.855513307984791,3.76425855513308,4.790874524714829,0.1190715553231938,15.912547528517113,LB/LCB,23,17,31,25,21,40,15,4,25,46,25,35,23,8,62,19,42,40,35,29,65,19,17,19,50,50,50,21,46,8,96,4,17,40,21,46,42,33,29,21,29,31,12,17,67,71,67,71,54,40,25,4,54,88,25,75,58,8,100,46,79,67,35,71,92,38,17,33,50,50,50,21,46,8,96,4,17,40,50,92,75,67,67,25,54,58,38,38,Allsvenskan
GAIS,33hzf6j2rd9r50g2n4agsytkd,f1qvh9qszr743tj8zb3kcvaei,M. de Brienne,Matteo de Brienne,24.0,Defender,Canada,Defender,262.0,243.0,22.0,489.0,19.0,0.0,76.0,46.0,1224.0,11.0,16.0,2.0,16.0,9.0,0.0,9.0,2.0,19.0,20.0,0.0,24.0,3.0,23.0,10.0,30.0,0.0,0.0,77.62,31.88,25.4,52.63,33.33,64.41,70.37,83.33,0.5151178169028463,1.841218013312651,7.0,32.0,0.7445895899999999,11.0,56.0,67.0,2.627446289999999,218.0,19.264705882352946,17.86764705882353,1.6176470588235294,35.955882352941174,1.397058823529412,0.0,5.588235294117648,3.3823529411764706,0.8088235294117647,1.1764705882352942,0.1470588235294117,1.1764705882352942,0.6617647058823529,0.0,0.6617647058823529,0.1470588235294117,1.397058823529412,1.4705882352941178,0.0,1.7647058823529411,0.2205882352941176,1.6911764705882353,0.7352941176470589,2.2058823529411766,0.0,0.0,77.62,31.88,25.4,52.63,33.33,64.41,70.37,83.33,0.0378763100663857,0.1353836774494596,0.5147058823529412,2.3529411764705883,0.0547492345588235,0.8088235294117647,4.11764705882353,4.926470588235294,0.1931945801470587,16.029411764705884,LB/LCB,71,58,52,62,71,40,79,67,48,81,77,67,62,8,92,40,71,71,35,92,81,71,83,92,50,50,25,33,67,71,83,88,100,94,42,75,94,79,79,48,79,71,75,58,54,38,42,38,75,40,92,54,42,83,79,62,54,8,88,33,83,79,35,88,83,54,88,100,50,50,25,33,67,71,83,88,100,94,46,83,96,79,75,21,67,71,83,42,Allsvenskan
Halmstad,6i936isoyj6d0uuxdj537uc97,3xpfng5pdiv25frh985emkl5g,O. Kapsimalis,Oliver Kapsimalis,19.0,Attacker,Sweden,Striker,44.0,74.0,6.0,113.0,5.0,0.0,37.0,11.0,725.0,11.0,5.0,0.0,7.0,13.0,7.0,6.0,4.0,37.0,39.0,0.0,15.0,4.0,16.0,6.0,9.0,0.0,0.0,67.66,31.58,23.81,16.22,30.77,33.94,33.33,60.0,1.0255848744645402,0.7019956645448703,7.0,18.0,0.52840483,3.0,10.0,8.0,0.6905119199999997,46.0,5.462068965517242,9.186206896551724,0.7448275862068966,14.027586206896553,0.6206896551724138,0.0,4.593103448275862,1.3655172413793104,1.3655172413793104,0.6206896551724138,0.0,0.8689655172413794,1.613793103448276,0.8689655172413794,0.7448275862068966,0.496551724137931,4.593103448275862,4.841379310344828,0.0,1.862068965517241,0.496551724137931,1.986206896551724,0.7448275862068966,1.1172413793103448,0.0,0.0,67.66,31.58,23.81,16.22,30.77,33.94,33.33,60.0,0.1273139844162877,0.087144289391777,0.8689655172413794,2.2344827586206897,0.0655950823448276,0.3724137931034483,1.2413793103448276,0.993103448275862,0.0857187211034482,5.710344827586207,ST,53,43,75,43,22,50,30,72,42,88,20,40,27,12,73,40,87,87,13,93,28,10,43,73,50,50,27,30,77,3,33,20,37,38,13,63,65,77,77,45,55,38,67,50,67,60,73,60,33,50,50,90,53,90,20,37,13,10,77,40,97,97,13,100,17,3,57,90,50,50,27,30,77,3,33,20,37,38,10,67,77,83,80,43,73,47,77,63,Allsvenskan
Halmstad,6i936isoyj6d0uuxdj537uc97,3zuutaowhz53ivr0i5sg5y8t0,H. Carneil,Hussein Carneil,23.0,Midfielder,Sweden,Midfielder,150.0,326.0,11.0,472.0,11.0,0.0,84.0,12.0,1332.0,18.0,4.0,2.0,22.0,53.0,24.0,29.0,17.0,53.0,56.0,2.0,10.0,19.0,44.0,24.0,19.0,0.0,0.0,79.06,39.29,14.81,45.28,35.85,42.64,40.74,61.29,3.776508518612196,1.9612848188325689,26.0,44.0,1.2376603499999996,17.0,53.0,70.0,2.5699084099999983,227.0,10.135135135135137,22.027027027027025,0.7432432432432432,31.89189189189189,0.7432432432432432,0.0,5.675675675675675,0.8108108108108107,1.2162162162162162,0.2702702702702702,0.1351351351351351,1.4864864864864864,3.5810810810810807,1.6216216216216215,1.95945945945946,1.148648648648649,3.5810810810810807,3.783783783783784,0.1351351351351351,0.6756756756756757,1.2837837837837838,2.972972972972973,1.6216216216216215,1.2837837837837838,0.0,0.0,79.06,39.29,14.81,45.28,35.85,42.64,40.74,61.29,0.255169494500824,0.1325192445157141,1.7567567567567566,2.972972972972973,0.0836256993243243,1.148648648648649,3.5810810810810807,4.72972972972973,0.173642460135135,15.337837837837837,LM/LCM,71,86,64,71,57,50,100,57,71,71,64,100,100,100,100,100,86,86,86,71,100,86,86,100,57,57,43,43,43,57,71,14,43,86,100,86,100,86,86,86,100,86,86,86,43,43,43,29,57,50,57,57,57,29,43,71,100,86,100,86,57,57,71,57,86,57,71,43,57,57,43,43,43,57,71,14,43,86,86,43,100,57,57,57,71,71,43,57,Allsvenskan
Halmstad,6i936isoyj6d0uuxdj537uc97,5dxrx40pty4wtwdrd341p0aju,O. Faraj,Omar Faraj,24.0,Attacker,Palestine,Striker,40.0,94.0,2.0,133.0,26.0,0.0,72.0,14.0,1270.0,24.0,1.0,0.0,12.0,48.0,37.0,11.0,14.0,20.0,23.0,3.0,3.0,12.0,71.0,9.0,10.0,0.0,0.0,66.5,28.57,50.0,45.0,25.0,38.71,32.91,76.92,5.004123216323347,0.6589611035896403,14.0,11.0,0.32458387,2.0,13.0,13.0,0.5489643599999999,53.0,2.834645669291339,6.661417322834646,0.1417322834645669,9.425196850393702,1.84251968503937,0.0,5.102362204724409,0.9921259842519684,1.7007874015748032,0.0708661417322834,0.0,0.8503937007874016,3.4015748031496065,2.6220472440944884,0.7795275590551182,0.9921259842519684,1.4173228346456694,1.6299212598425197,0.2125984251968504,0.2125984251968504,0.8503937007874016,5.031496062992126,0.6377952755905512,0.7086614173228347,0.0,0.0,66.5,28.57,50.0,45.0,25.0,38.71,32.91,76.92,0.3546229050937804,0.0466980309630453,0.9921259842519684,0.7795275590551182,0.023002006535433,0.1417322834645669,0.9212598425196852,0.9212598425196852,0.0389029861417322,3.755905511811024,ST,47,52,32,47,80,50,83,90,87,65,20,68,90,87,88,88,63,68,67,48,70,78,60,77,50,50,23,25,93,50,20,33,33,70,87,53,88,50,43,30,67,60,57,53,17,33,20,23,53,50,63,73,67,63,20,33,80,77,83,87,43,50,53,33,53,63,43,53,50,50,23,25,93,50,20,33,33,70,77,33,90,33,37,10,53,40,43,30,Allsvenskan
Halmstad,6i936isoyj6d0uuxdj537uc97,5h0by2ot7i2z6daqdqj6nyiqy,A. Boman,André Boman,24.0,Defender,Sweden,Defender,259.0,325.0,33.0,571.0,13.0,2.0,88.0,49.0,1744.0,23.0,13.0,1.0,23.0,2.0,1.0,1.0,1.0,12.0,15.0,0.0,26.0,1.0,23.0,7.0,27.0,0.0,0.0,78.01,37.5,29.55,58.33,50.0,60.69,39.39,60.0,0.1858070823866243,2.183227739934232,1.0,29.0,0.8869926999999997,18.0,46.0,76.0,3.60470297,294.0,13.365825688073397,16.77178899082569,1.7029816513761469,29.466743119266056,0.6708715596330276,0.1032110091743119,4.541284403669725,2.5286697247706424,1.1869266055045873,0.6708715596330276,0.0516055045871559,1.1869266055045873,0.1032110091743119,0.0516055045871559,0.0516055045871559,0.0516055045871559,0.6192660550458716,0.7740825688073395,0.0,1.3417431192660552,0.0516055045871559,1.1869266055045873,0.3612385321100917,1.3933486238532111,0.0,0.0,78.01,37.5,29.55,58.33,50.0,60.69,39.39,60.0,0.009588668242429,0.1126665691479821,0.0516055045871559,1.496559633027523,0.0457737058486238,0.9288990825688074,2.3738532110091746,3.922018348623853,0.1860225156536697,15.172018348623856,RB/RCB,38,56,69,50,41,100,81,84,88,84,56,94,6,12,12,12,62,69,34,88,38,53,66,94,50,53,31,44,69,62,88,81,12,28,6,94,22,88,81,81,50,56,81,44,25,38,38,25,31,100,50,38,81,62,56,75,6,6,6,6,31,38,34,81,31,25,38,88,50,53,31,44,69,62,88,81,12,28,6,62,6,56,62,50,25,38,62,25,Allsvenskan
Halmstad,6i936isoyj6d0uuxdj537uc97,8vtsf7z4v2l6a2ljeu5vumiqy,E. Tõugjas,Erko Tõugjas,23.0,Defender,Estonia,Defender,352.0,158.0,29.0,509.0,16.0,0.0,53.0,82.0,1294.0,5.0,1.0,0.0,4.0,5.0,4.0,1.0,1.0,8.0,8.0,0.0,12.0,0.0,9.0,6.0,19.0,0.0,0.0,80.03,31.18,16.67,75.0,0.0,56.99,57.14,73.08,0.6517999428651936,0.3331095076752883,1.0,8.0,0.18910189,6.0,34.0,41.0,0.9866614499999996,321.0,24.482225656877898,10.98918083462133,2.017001545595054,35.40185471406491,1.1128284389489953,0.0,3.6862442040185472,5.703245749613601,0.347758887171561,0.0695517774343122,0.0,0.2782071097372488,0.347758887171561,0.2782071097372488,0.0695517774343122,0.0695517774343122,0.5564142194744977,0.5564142194744977,0.0,0.8346213292117465,0.0,0.6259659969088098,0.4173106646058732,1.321483771251932,0.0,0.0,80.03,31.18,16.67,75.0,0.0,56.99,57.14,73.08,0.0453338445578573,0.0231683583390849,0.0695517774343122,0.5564142194744977,0.0131523725656877,0.4173106646058732,2.364760432766615,2.8516228748068007,0.0686240575734157,22.326120556414217,CB,55,44,60,50,47,34,60,79,42,66,38,63,55,53,65,44,80,80,27,54,14,48,94,90,51,51,8,5,63,76,14,39,38,81,58,66,61,52,61,68,50,52,47,55,19,15,40,16,18,34,34,63,23,65,38,55,35,35,68,42,76,74,27,31,14,23,90,82,51,51,8,5,63,76,14,39,38,81,39,53,65,44,53,60,35,37,31,24,Allsvenskan
Halmstad,6i936isoyj6d0uuxdj537uc97,9hybzhhut4ac2xinqk7kzzpwp,R. Kaib,Rami Kaib,29.0,Defender,Tunisia,Defender,260.0,311.0,41.0,554.0,9.0,1.0,47.0,57.0,1499.0,15.0,17.0,1.0,22.0,17.0,10.0,7.0,7.0,22.0,29.0,0.0,16.0,2.0,31.0,12.0,8.0,0.0,0.0,77.59,34.17,25.0,54.55,11.76,44.76,50.0,72.73,1.2131509748997478,2.0762819635447003,6.0,28.0,0.7341220599999999,20.0,50.0,69.0,2.6927167100000022,258.0,15.61040693795864,18.67244829886592,2.4616410940627085,33.26217478318879,0.5403602401601068,0.0600400266844563,2.8218812541694462,3.4222815210140096,0.9006004002668446,1.0206804536357572,0.0600400266844563,1.320880587058039,1.0206804536357572,0.600400266844563,0.4202801867911941,0.4202801867911941,1.320880587058039,1.741160773849233,0.0,0.9606404269513008,0.1200800533689126,1.861240827218145,0.7204803202134756,0.4803202134756504,0.0,0.0,77.59,34.17,25.0,54.55,11.76,44.76,50.0,72.73,0.072837616905255,0.1246600244956791,0.3602401601067378,1.6811207471647769,0.044076708072048,1.200800533689126,3.002001334222815,4.142761841227485,0.1616707831220815,15.490326884589727,LB/LCB,67,71,83,67,50,85,50,83,79,88,58,94,92,92,85,94,85,96,35,60,65,79,92,25,50,50,19,42,60,75,33,12,38,88,92,92,85,75,75,73,67,79,83,71,29,50,62,25,8,79,4,62,62,71,58,67,75,79,67,83,71,88,35,25,54,62,83,4,50,50,19,42,60,75,33,12,38,88,79,71,79,54,54,71,42,46,58,33,Allsvenskan
Halmstad,6i936isoyj6d0uuxdj537uc97,9qebp1745dtdjh5kg5n4wfq7e,R. Ascone,Rocco Ascone,23.0,Midfielder,France,Midfielder,322.0,382.0,52.0,685.0,20.0,1.0,134.0,28.0,1599.0,19.0,19.0,0.0,29.0,26.0,8.0,18.0,9.0,43.0,45.0,4.0,22.0,10.0,34.0,24.0,42.0,0.0,0.0,82.43,55.91,27.94,55.81,38.46,57.76,44.44,59.15,1.9242678399902844,1.8603652471317085,14.0,35.0,0.9108594099999998,11.0,91.0,100.0,2.8591193000000006,335.0,18.12382739212008,21.50093808630394,2.926829268292683,38.55534709193246,1.125703564727955,0.0562851782363977,7.542213883677299,1.575984990619137,1.0694183864915572,1.0694183864915572,0.0,1.6322701688555348,1.4634146341463414,0.450281425891182,1.0131332082551596,0.5065666041275798,2.4202626641651035,2.5328330206378986,0.225140712945591,1.2382739212007503,0.5628517823639775,1.913696060037524,1.350844277673546,2.363977485928705,0.0,0.0,82.43,55.91,27.94,55.81,38.46,57.76,44.44,59.15,0.1083077583484212,0.1047109895196083,0.7879924953095685,1.9699812382739208,0.05126788424015,0.6191369606003753,5.121951219512195,5.628517823639776,0.1609260393996248,18.855534709193247,DM/CM,62,72,88,70,95,95,98,76,69,98,26,94,95,82,96,92,100,100,100,72,98,95,99,98,50,51,18,57,60,75,85,80,49,45,90,85,96,74,78,56,82,85,85,50,30,42,78,35,80,95,95,45,48,88,26,95,92,75,90,82,98,98,100,50,92,85,98,85,50,51,18,57,60,75,85,80,49,45,80,78,88,55,57,38,55,72,72,20,Allsvenskan
Halmstad,6i936isoyj6d0uuxdj537uc97,9uumw2ntt4397bee2p3m2qdt6,G. Wallentin,Gabriel Wallentin,25.0,Defender,Sweden,Defender,365.0,131.0,39.0,496.0,19.0,1.0,39.0,72.0,1098.0,4.0,0.0,0.0,5.0,4.0,4.0,0.0,1.0,2.0,2.0,0.0,9.0,1.0,8.0,2.0,9.0,0.0,0.0,85.22,42.86,0.0,100.0,25.0,55.71,54.29,64.29,0.5213897591336358,0.3263704753600635,0.0,0.0,0.0,0.0,21.0,29.0,0.56519165,300.0,29.91803278688525,10.737704918032788,3.19672131147541,40.65573770491803,1.557377049180328,0.0819672131147541,3.19672131147541,5.901639344262295,0.3278688524590164,0.0,0.0,0.4098360655737705,0.3278688524590164,0.3278688524590164,0.0,0.0819672131147541,0.1639344262295082,0.1639344262295082,0.0,0.7377049180327869,0.0819672131147541,0.6557377049180328,0.1639344262295082,0.7377049180327869,0.0,0.0,85.22,42.86,0.0,100.0,25.0,55.71,54.29,64.29,0.042736865502757,0.0267516783082019,0.0,0.0,0.0,0.0,1.7213114754098362,2.377049180327869,0.0463271844262295,24.59016393442623,CB,56,39,75,47,52,82,40,73,32,28,38,73,48,53,28,44,41,40,27,40,41,43,60,52,51,51,40,59,28,90,48,35,32,47,48,63,25,5,5,11,34,37,34,52,40,13,82,27,50,90,23,69,16,28,38,76,34,42,28,47,35,32,27,19,35,26,53,35,51,51,40,59,28,90,48,35,32,47,34,63,25,5,5,11,16,27,11,29,Allsvenskan
Halmstad,6i936isoyj6d0uuxdj537uc97,bpzni5riygngh99pfbcu8f78q,A. Damnjanovic Nilsson,Aleksander Damnjanovic Nilsson,24.0,Midfielder,Sweden,Midfielder,54.0,56.0,5.0,109.0,3.0,0.0,16.0,11.0,340.0,6.0,1.0,0.0,0.0,5.0,1.0,4.0,2.0,2.0,2.0,0.0,8.0,1.0,1.0,1.0,4.0,0.0,0.0,87.2,50.0,20.0,50.0,20.0,55.17,75.0,66.67,0.5164065516947787,0.0,3.0,2.0,0.04803042,2.0,12.0,11.0,0.2988338200000001,54.0,14.294117647058824,14.823529411764708,1.3235294117647058,28.85294117647059,0.7941176470588236,0.0,4.235294117647059,2.911764705882353,1.5882352941176472,0.2647058823529412,0.0,0.0,1.3235294117647058,0.2647058823529412,1.0588235294117647,0.5294117647058824,0.5294117647058824,0.5294117647058824,0.0,2.117647058823529,0.2647058823529412,0.2647058823529412,0.2647058823529412,1.0588235294117647,0.0,0.0,87.2,50.0,20.0,50.0,20.0,55.17,75.0,66.67,0.1366958519192061,0.0,0.7941176470588236,0.5294117647058824,0.0127139347058823,0.5294117647058824,3.1764705882352944,2.911764705882353,0.07910307,14.294117647058824,DM/CM,5,5,11,5,24,46,12,32,32,41,26,6,29,20,41,41,11,10,29,40,32,6,19,6,50,51,62,46,42,61,36,60,95,66,40,6,36,5,5,14,9,10,8,5,10,8,25,5,60,46,42,92,78,68,26,6,88,35,94,85,15,15,29,92,62,5,28,25,50,51,62,46,42,61,36,60,95,66,92,6,90,2,2,25,20,15,12,2,Allsvenskan
Halmstad,6i936isoyj6d0uuxdj537uc97,bzm752bvefjt54nj6ruf9tbtg,L. Arvidsson,Ludvig Arvidsson,18.0,Attacker,Sweden,Striker,55.0,144.0,8.0,199.0,10.0,0.0,41.0,9.0,1329.0,9.0,0.0,1.0,14.0,25.0,17.0,8.0,9.0,35.0,38.0,2.0,6.0,11.0,43.0,10.0,8.0,0.0,0.0,75.95,61.54,0.0,28.57,44.0,34.45,30.3,66.67,3.164383453223223,1.0561002322292656,10.0,29.0,0.8586221499999998,11.0,20.0,28.0,0.68182435,85.0,3.7246049661399545,9.751693002257335,0.5417607223476297,13.47629796839729,0.6772009029345372,0.0,2.7765237020316027,0.6094808126410834,0.6094808126410834,0.0,0.0677200902934537,0.948081264108352,1.693002257336343,1.1512415349887133,0.5417607223476297,0.6094808126410834,2.37020316027088,2.573363431151241,0.1354401805869074,0.4063205417607223,0.7449209932279909,2.91196388261851,0.6772009029345372,0.5417607223476297,0.0,0.0,75.95,61.54,0.0,28.57,44.0,34.45,30.3,66.67,0.2142923331753875,0.0715192030855033,0.6772009029345372,1.9638826185101577,0.0581459695259593,0.7449209932279909,1.3544018058690743,1.8961625282167045,0.0461732065462753,5.756207674943567,RW,82,73,91,82,91,55,82,82,68,14,59,82,73,77,82,73,91,91,55,91,82,73,82,86,55,55,36,73,14,45,82,27,45,68,82,55,77,91,82,82,91,91,55,82,36,27,45,36,45,55,27,36,27,14,64,45,9,9,45,36,73,73,27,64,45,9,55,45,55,55,36,73,14,45,82,27,45,68,27,27,36,55,55,73,91,73,27,55,Allsvenskan
Halmstad,6i936isoyj6d0uuxdj537uc97,c36ffo382u9flu5foebt4di39,P. Gregor,Pascal Gregor,32.0,Defender,Denmark,Defender,552.0,228.0,59.0,779.0,27.0,1.0,55.0,112.0,1800.0,7.0,1.0,0.0,4.0,4.0,3.0,1.0,2.0,6.0,7.0,0.0,16.0,1.0,22.0,1.0,12.0,0.0,0.0,81.15,38.06,20.0,16.67,25.0,52.88,58.7,60.0,0.3596032950957688,0.6373939863662255,2.0,12.0,0.23016524,4.0,60.0,74.0,2.0778201000000003,520.0,27.6,11.4,2.95,38.95,1.35,0.05,2.75,5.6,0.35,0.05,0.0,0.2,0.2,0.15,0.05,0.1,0.3,0.35,0.0,0.8,0.05,1.1,0.05,0.6,0.0,0.0,81.15,38.06,20.0,16.67,25.0,52.88,58.7,60.0,0.0179801647547884,0.0318696993183112,0.1,0.6,0.011508262,0.2,3.0,3.7,0.103891005,26.0,CB,81,58,92,76,72,82,66,95,48,66,38,63,48,38,65,70,73,74,27,67,41,82,40,63,51,51,11,34,65,29,48,26,44,35,32,82,80,72,69,57,77,85,87,77,29,16,65,24,34,69,10,56,24,56,38,40,19,18,56,48,53,56,27,26,27,60,27,24,51,51,11,34,65,29,48,26,44,35,16,71,69,48,40,35,52,55,58,39,Allsvenskan
Halmstad,6i936isoyj6d0uuxdj537uc97,d4nz5uqb2xsmza0ui0l20sgk,M. Persson,Malte Persson,20.0,Attacker,Sweden,Striker,21.0,40.0,2.0,61.0,15.0,0.0,38.0,1.0,553.0,16.0,0.0,1.0,6.0,14.0,14.0,0.0,2.0,6.0,6.0,0.0,1.0,1.0,31.0,2.0,4.0,0.0,0.0,79.22,100.0,0.0,33.33,7.14,40.0,36.59,80.0,1.812404909862627,0.3008616627459939,1.0,3.0,0.0828246099999999,2.0,0.0,2.0,0.1239030599999999,18.0,3.4177215189873418,6.509945750452079,0.325497287522604,9.92766726943942,2.4412296564195297,0.0,6.184448462929475,0.162748643761302,2.603978300180832,0.0,0.162748643761302,0.9764918625678118,2.278481012658228,2.278481012658228,0.0,0.325497287522604,0.9764918625678118,0.9764918625678118,0.0,0.162748643761302,0.162748643761302,5.045207956600361,0.325497287522604,0.650994575045208,0.0,0.0,79.22,100.0,0.0,33.33,7.14,40.0,36.59,80.0,0.2949664410264673,0.0489648275716807,0.162748643761302,0.4882459312839059,0.0134795929475587,0.325497287522604,0.0,0.325497287522604,0.0201650549728752,2.929475587703436,ST,27,33,32,30,62,50,33,7,65,28,52,33,37,50,7,23,23,22,13,28,5,42,18,35,50,50,80,97,28,28,3,43,43,80,50,27,8,17,17,30,5,13,17,20,33,27,50,27,80,50,77,3,90,28,67,57,53,70,7,23,23,23,13,27,7,67,20,50,50,50,80,97,28,28,3,43,43,80,57,37,10,20,17,37,5,13,13,17,Allsvenskan
Halmstad,6i936isoyj6d0uuxdj537uc97,e9q5sweea5ymhqqwh5tucuzth,N. Mäenpää,Niilo Mäenpää,28.0,Midfielder,Finland,Midfielder,139.0,161.0,6.0,299.0,5.0,0.0,21.0,8.0,463.0,2.0,1.0,0.0,10.0,4.0,2.0,2.0,2.0,4.0,5.0,0.0,7.0,0.0,8.0,1.0,6.0,0.0,0.0,88.72,60.0,7.69,25.0,0.0,41.18,33.33,46.15,0.3361059171025976,0.6607009959733116,3.0,17.0,0.3696638400000001,7.0,33.0,32.0,0.8547365599999999,171.0,27.019438444924404,31.295896328293733,1.1663066954643628,58.12095032397408,0.9719222462203024,0.0,4.082073434125269,1.5550755939524836,0.3887688984881209,0.1943844492440604,0.0,1.9438444924406049,0.7775377969762418,0.3887688984881209,0.3887688984881209,0.3887688984881209,0.7775377969762418,0.9719222462203024,0.0,1.3606911447084231,0.0,1.5550755939524836,0.1943844492440604,1.1663066954643628,0.0,0.0,88.72,60.0,7.69,25.0,0.0,41.18,33.33,46.15,0.0653337635836582,0.1284299992172743,0.5831533477321814,3.304535637149028,0.0718569019438445,1.3606911447084231,6.414686825053996,6.220302375809935,0.1661474954643628,33.23974082073434,DM/CM,30,30,16,32,39,46,25,22,14,41,26,52,22,38,26,41,22,26,29,35,12,34,19,14,50,51,78,85,32,21,12,12,22,8,22,45,36,42,38,35,29,31,32,32,85,85,15,88,72,46,38,42,18,57,26,98,45,62,40,70,40,45,29,60,12,78,22,38,50,51,78,85,32,21,12,12,22,8,48,90,72,92,90,88,80,80,78,88,Allsvenskan
Halmstad,6i936isoyj6d0uuxdj537uc97,edzj7i715cpyuuumcttajkc0l,J. Allansson,Joel Allansson,33.0,Midfielder,Sweden,Midfielder,311.0,372.0,28.0,673.0,13.0,0.0,60.0,18.0,1679.0,4.0,10.0,1.0,25.0,10.0,4.0,6.0,3.0,10.0,10.0,0.0,21.0,3.0,16.0,5.0,19.0,0.0,0.0,86.17,43.08,26.32,50.0,30.0,52.63,46.43,50.0,0.859237414279312,1.9355635380949787,6.0,33.0,0.8505610799999999,11.0,77.0,88.0,2.48399209,372.0,16.670637284097676,19.940440738534843,1.500893388921977,36.0750446694461,0.6968433591423466,0.0,3.216200119118523,0.9648600357355568,0.2144133412745682,0.5360333531864205,0.053603335318642,1.3400833829660512,0.5360333531864205,0.2144133412745682,0.3216200119118523,0.1608100059559261,0.5360333531864205,0.5360333531864205,0.0,1.125670041691483,0.1608100059559261,0.8576533650982728,0.2680166765932102,1.018463371054199,0.0,0.0,86.17,43.08,26.32,50.0,30.0,52.63,46.43,50.0,0.0460579912359369,0.1037526613630423,0.3216200119118523,1.7689100655151877,0.0455929107802263,0.5896366885050626,4.127456819535438,4.7170935080405005,0.1331502609291245,19.940440738534843,DM/CM,60,68,49,60,79,46,57,57,22,84,59,85,57,57,54,51,45,44,29,68,59,62,45,61,50,51,48,20,57,61,61,52,60,16,52,90,69,70,70,56,62,74,78,65,22,20,28,18,50,46,8,18,10,80,57,75,22,32,28,28,18,18,29,45,45,28,30,22,50,51,48,20,57,61,61,52,60,16,28,75,38,42,45,32,38,55,57,32,Allsvenskan
Halmstad,6i936isoyj6d0uuxdj537uc97,wha77a8wm7jyn32743y0w79x,T. Trybull,Tom Trybull,33.0,Midfielder,Germany,Midfielder,97.0,74.0,3.0,171.0,9.0,0.0,32.0,9.0,295.0,7.0,0.0,0.0,1.0,1.0,1.0,0.0,0.0,1.0,1.0,0.0,5.0,0.0,5.0,1.0,8.0,0.0,0.0,90.0,37.5,0.0,100.0,0.0,65.31,81.82,53.33,0.0735798288553002,0.1834130984386589,0.0,2.0,0.04282587,2.0,17.0,13.0,0.4329449999999998,100.0,29.59322033898305,22.57627118644068,0.9152542372881356,52.16949152542373,2.745762711864407,0.0,9.76271186440678,2.745762711864407,2.135593220338983,0.0,0.0,0.3050847457627119,0.3050847457627119,0.3050847457627119,0.0,0.0,0.3050847457627119,0.3050847457627119,0.0,1.5254237288135597,0.0,1.5254237288135597,0.3050847457627119,2.440677966101695,0.0,0.0,90.0,37.5,0.0,100.0,0.0,65.31,81.82,53.33,0.0224480833795831,0.0559565385067095,0.0,0.6101694915254238,0.0130655196610169,0.6101694915254238,5.186440677966102,3.9661016949152543,0.1320849152542372,30.508474576271187,DM/CM,25,15,5,22,62,46,35,29,39,16,26,15,6,20,9,8,8,8,29,19,12,19,19,30,50,51,90,11,16,100,12,100,100,30,5,20,8,5,2,14,19,16,22,22,98,52,8,75,100,46,100,90,98,16,26,20,8,42,9,8,10,10,29,72,12,72,32,88,50,51,90,11,16,100,12,100,100,30,8,32,8,8,5,35,57,40,55,80,Allsvenskan
Halmstad,6i936isoyj6d0uuxdj537uc97,x624jie7b1ncpzqpklibjok4,M. Illary,Marvin Illary,19.0,Midfielder,Côte d'Ivoire,Midfielder,78.0,114.0,4.0,190.0,3.0,0.0,78.0,1.0,849.0,10.0,2.0,1.0,13.0,19.0,13.0,6.0,8.0,59.0,63.0,0.0,8.0,8.0,51.0,33.0,22.0,0.0,0.0,76.31,40.0,50.0,55.93,42.11,48.75,27.27,68.75,1.5870821543228542,1.111554894260495,7.0,15.0,0.39949223,10.0,17.0,20.0,0.97960842,73.0,8.268551236749117,12.084805653710246,0.4240282685512367,20.141342756183747,0.3180212014134275,0.0,8.268551236749117,0.1060070671378091,1.060070671378092,0.2120141342756183,0.1060070671378091,1.3780918727915197,2.0141342756183747,1.3780918727915197,0.6360424028268551,0.8480565371024735,6.254416961130742,6.678445229681978,0.0,0.8480565371024735,0.8480565371024735,5.406360424028269,3.498233215547703,2.3321554770318023,0.0,0.0,76.31,40.0,50.0,55.93,42.11,48.75,27.27,68.75,0.1682419244865216,0.1178326743032326,0.7420494699646643,1.5901060070671378,0.0423489996466431,1.060070671378092,1.802120141342756,2.120141342756184,0.1038454155477031,7.738515901060071,CM/AM,36,26,17,30,32,51,83,4,27,43,43,42,55,70,49,73,93,93,18,54,71,79,98,95,49,51,21,24,100,88,76,71,33,71,52,48,62,31,36,39,26,27,43,26,38,12,14,26,38,51,98,2,19,43,38,50,74,79,57,86,100,100,18,64,79,98,100,100,49,51,21,24,100,88,76,71,33,71,50,48,67,14,17,45,24,24,38,19,Allsvenskan
Hammarby,2nnlsjfbcea40t4jeclcbw9lk,1ojl4m8rsuzsjufucdotav4es,H. Skoglund,Hampus Skoglund,22.0,Defender,Sweden,Defender,527.0,726.0,51.0,1242.0,13.0,0.0,105.0,28.0,1769.0,24.0,11.0,1.0,26.0,7.0,5.0,2.0,2.0,24.0,25.0,0.0,21.0,2.0,49.0,8.0,32.0,0.0,0.0,86.13,45.13,21.15,33.33,28.57,53.85,54.17,52.46,0.5579112291507519,2.271950748565444,2.0,50.0,1.3123542899999996,24.0,146.0,135.0,4.523147099999997,671.0,26.81175805539853,36.93612210288298,2.594686263425664,63.18824194460147,0.6613906161673262,0.0,5.34200113058225,1.4245336348219333,1.2210288298473717,0.5596382136800453,0.0508762012436404,1.3227812323346524,0.3561334087054833,0.2543810062182023,0.1017524024872809,0.1017524024872809,1.2210288298473717,1.2719050310910118,0.0,1.06840022611645,0.1017524024872809,2.4929338609383835,0.4070096099491238,1.628038439796495,0.0,0.0,86.13,45.13,21.15,33.33,28.57,53.85,54.17,52.46,0.0283844039703604,0.1155882234996551,0.1017524024872809,2.543810062182024,0.0667676009609948,1.2210288298473717,7.42792538157151,6.868287167891464,0.2301205421141886,34.13793103448276,RB/RCB,94,100,88,100,41,38,100,31,94,69,56,100,47,66,31,34,81,81,34,72,56,100,75,100,50,53,69,81,44,12,50,44,53,6,44,100,50,94,94,94,100,100,100,100,88,100,81,100,25,38,88,12,88,56,50,81,12,31,19,19,62,62,34,50,50,88,44,100,50,53,69,81,44,12,50,44,53,6,19,75,25,88,88,75,100,94,94,100,Allsvenskan
Hammarby,2nnlsjfbcea40t4jeclcbw9lk,1rkikvibo6lmhhtyfbg21jtp0,N. Persson,Noah Persson,23.0,Defender,Sweden,Defender,219.0,371.0,15.0,577.0,22.0,0.0,61.0,29.0,1356.0,13.0,13.0,2.0,20.0,25.0,15.0,10.0,9.0,12.0,13.0,2.0,10.0,3.0,51.0,6.0,14.0,0.0,0.0,84.6,33.33,26.53,50.0,12.0,50.83,55.0,70.0,2.4625185823436584,1.8808352681640617,6.0,40.0,1.0863238299999995,25.0,62.0,68.0,2.6584694499999983,252.0,14.535398230088497,24.62389380530973,0.995575221238938,38.296460176991154,1.4601769911504423,0.0,4.048672566371682,1.924778761061947,0.8628318584070797,0.8628318584070797,0.1327433628318584,1.327433628318584,1.65929203539823,0.995575221238938,0.6637168141592921,0.5973451327433629,0.7964601769911505,0.8628318584070797,0.1327433628318584,0.6637168141592921,0.1991150442477876,3.384955752212389,0.3982300884955752,0.9292035398230089,0.0,0.0,84.6,33.33,26.53,50.0,12.0,50.83,55.0,70.0,0.1634414988281189,0.1248341992144288,0.3982300884955752,2.6548672566371683,0.072101139159292,1.65929203539823,4.115044247787611,4.513274336283186,0.1764470873893804,16.72566371681416,LB/LCB,54,92,31,75,88,40,58,42,58,69,77,79,100,100,98,100,58,54,94,38,81,100,56,50,50,50,75,38,71,60,38,29,46,58,100,79,85,83,83,92,83,75,79,67,21,79,17,46,79,40,54,8,58,58,71,71,100,92,92,96,33,29,92,8,79,100,42,29,50,50,75,38,71,60,38,29,46,58,100,75,83,88,92,88,62,54,71,46,Allsvenskan
Hammarby,2nnlsjfbcea40t4jeclcbw9lk,2e1xnfe3hisebv1tytnkzk178,F. Adjei,Frank Adjei,22.0,Midfielder,Ghana,Midfielder,122.0,390.0,21.0,507.0,3.0,0.0,46.0,5.0,859.0,21.0,5.0,1.0,30.0,36.0,10.0,26.0,8.0,23.0,23.0,3.0,8.0,13.0,27.0,14.0,5.0,0.0,0.0,88.17,63.64,21.74,60.87,36.11,50.0,37.5,62.5,2.467689680436096,2.5552050578814574,19.0,45.0,1.1561146999999996,22.0,68.0,98.0,3.622301629999997,290.0,12.782305005820724,40.86146682188591,2.20023282887078,53.119906868451686,0.3143189755529685,0.0,4.819557625145518,0.5238649592549476,2.20023282887078,0.5238649592549476,0.1047729918509895,3.143189755529686,3.771827706635623,1.0477299185098952,2.724097788125728,0.8381839348079162,2.409778812572759,2.409778812572759,0.3143189755529685,0.8381839348079162,1.362048894062864,2.828870779976717,1.466821885913853,0.5238649592549476,0.0,0.0,88.17,63.64,21.74,60.87,36.11,50.0,37.5,62.5,0.258547230779102,0.2677164787070211,1.990686845168801,4.714784633294529,0.1211295960419091,2.3050058207217696,7.124563445867287,10.267753201396973,0.3795193791618157,30.38416763678696,CM/AM,57,86,82,81,32,51,43,24,67,64,43,83,87,60,93,73,67,63,74,54,86,39,86,11,49,51,88,76,52,93,57,81,55,51,76,83,90,81,79,88,89,95,95,88,71,98,88,95,36,51,55,29,81,67,36,98,98,57,100,83,71,69,81,60,95,40,88,12,49,51,88,76,52,93,57,81,55,51,93,93,98,98,95,98,95,100,100,95,Allsvenskan
Hammarby,2nnlsjfbcea40t4jeclcbw9lk,2rvopmj69lbwtn0eevmn8cn9x,O. Johansson Schellhas,Oscar Johansson Schellhas,31.0,Midfielder,Sweden,Midfielder,195.0,307.0,4.0,501.0,6.0,0.0,49.0,8.0,958.0,8.0,1.0,2.0,14.0,14.0,8.0,6.0,3.0,11.0,11.0,0.0,11.0,5.0,34.0,4.0,20.0,0.0,0.0,86.08,33.33,25.0,36.36,35.71,48.04,46.15,64.52,1.391481235538418,1.0334551178143458,3.0,27.0,0.6020528599999997,13.0,52.0,48.0,1.3993548599999996,256.0,18.31941544885177,28.84133611691023,0.3757828810020877,47.06680584551148,0.5636743215031316,0.0,4.603340292275575,0.7515657620041754,0.7515657620041754,0.0939457202505219,0.1878914405010438,1.315240083507307,1.315240083507307,0.7515657620041754,0.5636743215031316,0.2818371607515658,1.033402922755741,1.033402922755741,0.0,1.033402922755741,0.4697286012526096,3.194154488517745,0.3757828810020877,1.8789144050104385,0.0,0.0,86.08,33.33,25.0,36.36,35.71,48.04,46.15,64.52,0.1307237068877428,0.0970886853896567,0.2818371607515658,2.536534446764092,0.0565602895615866,1.221294363256785,4.88517745302714,4.509394572025053,0.1314634002087682,24.05010438413361,CM/AM,87,74,17,76,58,51,48,50,14,23,67,49,44,44,49,26,24,24,18,70,46,55,25,92,49,51,68,12,64,31,52,67,77,62,43,38,31,55,43,52,76,62,57,83,90,83,7,90,60,51,50,43,14,17,62,48,38,33,40,19,14,14,18,71,43,45,14,86,49,51,68,12,64,31,52,67,77,62,33,33,26,55,43,67,86,74,57,93,Allsvenskan
Hammarby,2nnlsjfbcea40t4jeclcbw9lk,2v1tnyzorjyx7pyf3auj73ytw,Montader Madjed,Montader Harith Madjed,21.0,Attacker,Iraq,Striker,118.0,639.0,11.0,738.0,0.0,0.0,76.0,5.0,1666.0,27.0,19.0,1.0,38.0,69.0,38.0,31.0,22.0,97.0,102.0,5.0,6.0,24.0,125.0,45.0,0.0,0.0,0.0,90.33,73.33,24.05,46.39,34.78,47.2,0.0,0.0,6.133863143549227,3.509516833032047,37.0,208.0,6.4924700200000025,40.0,41.0,60.0,4.236181569999999,250.0,6.374549819927971,34.51980792316927,0.5942376950780311,39.867947178871546,0.0,0.0,4.105642256902761,0.2701080432172869,1.4585834333733492,1.0264105642256902,0.0540216086434573,2.0528211284513804,3.727490996398559,2.0528211284513804,1.6746698679471788,1.1884753901560623,5.240096038415365,5.5102040816326525,0.2701080432172869,0.3241296518607443,1.296518607442977,6.752701080432172,2.430972388955582,0.0,0.0,0.0,90.33,73.33,24.05,46.39,34.78,47.2,0.0,0.0,0.3313611542133435,0.1895897448816832,1.998799519807923,11.236494597839137,0.35073367454982,2.160864345738295,2.2148859543817525,3.2412965186074425,0.2288453429171668,13.505402160864344,RW,100,100,100,100,14,55,91,59,100,100,59,100,100,100,100,100,100,100,86,91,100,100,100,14,55,55,100,91,55,100,55,82,14,14,100,100,100,100,100,100,100,100,100,100,82,100,73,100,14,55,55,9,73,82,55,100,73,64,100,82,100,100,64,45,73,100,100,14,55,55,100,91,55,100,55,82,14,14,55,91,91,100,100,100,100,100,91,100,Allsvenskan
Hammarby,2nnlsjfbcea40t4jeclcbw9lk,3uj9aygyfvo2sm844e72oeesq,F. Winther,Frederik Winther,25.0,Defender,Denmark,Defender,870.0,618.0,58.0,1483.0,49.0,4.0,92.0,93.0,1778.0,10.0,5.0,0.0,18.0,28.0,18.0,10.0,3.0,9.0,10.0,2.0,22.0,5.0,36.0,5.0,20.0,0.0,0.0,90.7,43.61,62.5,55.56,17.86,58.23,63.64,71.43,3.103282365485574,1.3697297237181985,6.0,49.0,1.2877280099999997,21.0,135.0,117.0,2.8956972399999965,865.0,44.03824521934758,31.28233970753656,2.935883014623172,75.06749156355455,2.4803149606299213,0.202474690663667,4.656917885264342,4.707536557930259,0.5061867266591675,0.2530933633295837,0.0,0.9111361079865016,1.4173228346456692,0.9111361079865016,0.5061867266591675,0.1518560179977502,0.4555680539932508,0.5061867266591675,0.1012373453318335,1.1136107986501689,0.2530933633295837,1.822272215973004,0.2530933633295837,1.012373453318335,0.0,0.0,90.7,43.61,62.5,55.56,17.86,58.23,63.64,71.43,0.1570840342484261,0.069333900525668,0.3037120359955005,2.4803149606299213,0.0651830826209223,1.062992125984252,6.833520809898762,5.922384701912261,0.1465763507311584,43.785151856018,CB,98,100,90,100,92,100,96,87,72,95,38,98,98,97,97,88,85,86,90,81,93,97,88,94,51,51,81,63,90,64,35,50,59,73,98,98,96,98,98,98,100,99,100,100,87,94,63,97,77,97,63,39,39,89,38,97,97,92,95,66,66,71,68,56,74,85,69,60,51,51,81,63,90,64,35,50,59,73,95,92,87,94,97,90,87,82,85,90,Allsvenskan
Hammarby,2nnlsjfbcea40t4jeclcbw9lk,4mroygq2ruxkml5c5j4awwted,T. Tekie,Tesfaldet Tekie,29.0,Midfielder,Sweden,Midfielder,200.0,305.0,18.0,504.0,2.0,0.0,23.0,3.0,631.0,7.0,1.0,0.0,10.0,9.0,2.0,7.0,1.0,13.0,13.0,1.0,6.0,4.0,10.0,6.0,4.0,0.0,0.0,90.32,58.06,25.0,46.15,44.44,48.94,0.0,50.0,0.5614840532414506,0.6515714977148976,7.0,28.0,0.6123821499999998,4.0,58.0,48.0,1.30123015,295.0,28.526148969889064,43.50237717908082,2.567353407290016,71.88589540412045,0.2852614896988906,0.0,3.2805071315372425,0.4278922345483359,0.9984152139461172,0.1426307448494453,0.0,1.4263074484944531,1.283676703645008,0.2852614896988906,0.9984152139461172,0.1426307448494453,1.8541996830427887,1.8541996830427887,0.1426307448494453,0.8557844690966719,0.5705229793977813,1.4263074484944531,0.8557844690966719,0.5705229793977813,0.0,0.0,90.32,58.06,25.0,46.15,44.44,48.94,0.0,50.0,0.0800848887349137,0.0929341280417445,0.9984152139461172,3.993660855784469,0.0873445221870047,0.5705229793977813,8.272583201267828,6.846275752773376,0.1855954255150554,42.07606973058637,DM/CM,42,52,40,48,14,46,29,4,39,41,26,52,51,38,61,25,59,55,69,30,71,38,52,6,50,51,95,75,51,51,92,35,5,16,42,42,78,65,57,28,50,42,38,48,92,98,62,98,18,46,12,2,42,48,26,82,82,40,88,25,88,88,88,25,95,62,80,5,50,51,95,75,51,51,92,35,5,16,65,70,98,98,98,30,95,85,85,98,Allsvenskan
Hammarby,2nnlsjfbcea40t4jeclcbw9lk,7qgiqoaaarr6c2bs4yffqwju2,V. Lind,Victor Lind,23.0,Attacker,Denmark,Striker,111.0,454.0,14.0,547.0,5.0,0.0,94.0,11.0,1577.0,29.0,18.0,11.0,53.0,71.0,35.0,36.0,21.0,47.0,48.0,9.0,18.0,28.0,103.0,22.0,24.0,0.0,0.0,81.4,35.9,23.68,46.81,39.44,54.97,33.33,63.16,6.2908944948486,5.137935737922748,26.0,90.0,2.53420096,23.0,44.0,75.0,4.105003899999996,219.0,6.334812935954344,25.90995561192137,0.7989854153455929,31.217501585288524,0.2853519340519975,0.0,5.3646163601775525,0.6277742549143944,1.6550412175015854,1.0272669625871909,0.6277742549143944,3.024730500951173,4.051997463538364,1.9974635383639825,2.0545339251743817,1.1984781230183894,2.6823081800887763,2.7393785668991755,0.5136334812935954,1.0272669625871909,1.5979708306911855,5.878249841471148,1.2555485098287889,1.3696892834495875,0.0,0.0,81.4,35.9,23.68,46.81,39.44,54.97,33.33,63.16,0.3590237822044223,0.2932239799702266,1.4838300570703868,5.136334812935955,0.1446278290424857,1.3126188966391883,2.5110970196575777,4.280279010779962,0.2342741604311982,12.498414711477489,LW,89,100,83,100,83,56,89,94,89,89,100,100,89,89,100,78,78,78,89,100,89,78,78,100,56,56,78,33,56,44,67,100,72,44,100,100,89,89,89,89,100,100,78,100,67,100,56,89,56,56,78,56,78,89,100,100,100,78,100,89,44,44,78,100,89,67,44,100,56,56,78,33,56,44,67,100,72,44,89,100,78,89,89,67,100,100,100,100,Allsvenskan
Hammarby,2nnlsjfbcea40t4jeclcbw9lk,8fle9xgnd83jth2i2d6vh0k16,I. Fofana,Ibrahima Fofana,24.0,Defender,Guinea,Defender,535.0,375.0,15.0,909.0,21.0,0.0,52.0,36.0,1023.0,7.0,1.0,1.0,5.0,8.0,4.0,4.0,2.0,4.0,4.0,1.0,10.0,1.0,10.0,1.0,17.0,0.0,0.0,94.0,39.47,20.0,25.0,12.5,65.82,77.78,70.83,0.7729770827494441,0.2728545947403474,4.0,11.0,0.23052075,7.0,79.0,73.0,1.590726170000002,578.0,47.0674486803519,32.99120234604106,1.3196480938416422,79.97067448680352,1.847507331378299,0.0,4.574780058651026,3.167155425219941,0.6158357771260997,0.0879765395894428,0.0879765395894428,0.4398826979472141,0.7038123167155425,0.3519061583577712,0.3519061583577712,0.1759530791788856,0.3519061583577712,0.3519061583577712,0.0879765395894428,0.8797653958944281,0.0879765395894428,0.8797653958944281,0.0879765395894428,1.495601173020528,0.0,0.0,94.0,39.47,20.0,25.0,12.5,65.82,77.78,70.83,0.0680038489222384,0.0240048030563355,0.3519061583577712,0.9677419354838708,0.020280417888563,0.6158357771260997,6.9501466275659824,6.422287390029325,0.1399465838709679,50.85043988269795,CB,77,95,31,90,58,34,58,32,48,66,85,73,67,53,90,70,63,62,68,46,41,52,40,87,51,51,98,39,65,35,27,84,92,68,61,61,90,69,71,73,90,80,74,89,94,97,18,98,60,34,60,11,48,66,84,77,73,44,87,74,58,58,63,37,37,42,37,90,51,51,98,39,65,35,27,84,92,68,68,56,90,60,61,74,92,90,81,98,Allsvenskan
Hammarby,2nnlsjfbcea40t4jeclcbw9lk,8hq0so8nzsuzmsffae5nwdwmi,P. Abraham,Paulos Abraham,24.0,Attacker,Sweden,Striker,75.0,244.0,4.0,319.0,6.0,0.0,71.0,6.0,1631.0,36.0,0.0,3.0,36.0,70.0,67.0,3.0,15.0,55.0,57.0,13.0,4.0,35.0,147.0,22.0,5.0,0.0,0.0,80.56,66.67,0.0,40.0,50.0,37.57,18.18,71.43,8.922495636622342,3.060838017466748,13.0,41.0,1.4103863,7.0,22.0,26.0,1.40487068,131.0,4.138565297363581,13.464132434089514,0.2207234825260576,17.602697731453095,0.3310852237890864,0.0,3.917841814837523,0.3310852237890864,1.9865113427345185,0.0,0.1655426118945432,1.9865113427345185,3.862660944206009,3.697118332311465,0.1655426118945432,0.8277130594727161,3.034947884733292,3.145309625996321,0.7173513182096872,0.2207234825260576,1.931330472103004,8.111587982832617,1.213979153893317,0.275904353157572,0.0,0.0,80.56,66.67,0.0,40.0,50.0,37.57,18.18,71.43,0.4923510774347092,0.1688997066658536,0.7173513182096872,2.2624156958920905,0.0778263439607602,0.3862660944206008,1.213979153893317,1.4347026364193745,0.0775219872470876,7.228694052728387,ST,70,93,60,90,30,50,80,43,100,28,87,97,100,100,40,93,97,97,97,57,100,100,97,47,50,50,90,80,28,40,85,27,13,52,100,97,83,97,93,70,85,80,83,90,43,87,42,73,13,50,33,23,73,28,70,97,97,97,23,77,87,87,97,38,100,100,80,23,50,50,90,80,28,40,85,27,13,52,97,97,53,87,90,47,70,67,70,77,Allsvenskan
Hammarby,2nnlsjfbcea40t4jeclcbw9lk,9s3boszvqn3fzsx0r1xswqyqy,V. Eriksson,Victor Eriksson,25.0,Defender,Sweden,Defender,756.0,321.0,18.0,1076.0,60.0,1.0,92.0,66.0,1413.0,10.0,1.0,0.0,2.0,14.0,14.0,0.0,2.0,1.0,1.0,1.0,25.0,2.0,19.0,1.0,15.0,0.0,0.0,91.97,46.15,100.0,100.0,14.29,63.45,70.59,71.43,2.036981147104864,0.156709856421282,0.0,9.0,0.18691914,7.0,61.0,46.0,1.32100467,704.0,48.15286624203822,20.445859872611464,1.1464968152866242,68.53503184713377,3.821656050955414,0.0636942675159235,5.859872611464969,4.203821656050955,0.6369426751592357,0.0636942675159235,0.0,0.1273885350318471,0.89171974522293,0.89171974522293,0.0,0.1273885350318471,0.0636942675159235,0.0636942675159235,0.0636942675159235,1.5923566878980893,0.1273885350318471,1.2101910828025475,0.0636942675159235,0.9554140127388536,0.0,0.0,91.97,46.15,100.0,100.0,14.29,63.45,70.59,71.43,0.1297440221085901,0.0099815195172791,0.0,0.5732484076433121,0.0119056777070063,0.445859872611465,3.8853503184713376,2.9299363057324843,0.0841404248407643,44.8407643312102,CB,97,82,39,95,95,82,96,67,72,66,38,44,90,94,28,70,26,24,68,93,62,73,40,77,51,51,85,69,97,90,30,77,81,73,94,44,25,58,56,73,79,59,66,97,95,69,11,90,94,81,94,29,52,60,38,27,84,90,28,58,19,18,58,84,45,65,32,55,51,51,85,69,97,90,30,77,81,73,90,34,25,45,45,61,63,40,47,92,Allsvenskan
Hammarby,2nnlsjfbcea40t4jeclcbw9lk,aybt4s09eeonv6pdk2v9c9v6c,A. Boudri,Amin Boudri,21.0,Midfielder,Sweden,Midfielder,32.0,109.0,2.0,140.0,1.0,0.0,23.0,0.0,274.0,9.0,1.0,2.0,8.0,9.0,8.0,1.0,4.0,13.0,14.0,0.0,2.0,4.0,19.0,2.0,5.0,0.0,0.0,90.91,66.67,11.11,15.38,44.44,43.4,50.0,45.45,0.6422186664077018,0.790235232006272,0.0,28.0,0.9273431699999996,11.0,10.0,15.0,0.6829701899999999,51.0,10.51094890510949,35.8029197080292,0.6569343065693432,45.98540145985402,0.3284671532846716,0.0,7.554744525547446,0.0,2.956204379562044,0.3284671532846716,0.6569343065693432,2.6277372262773726,2.956204379562044,2.6277372262773726,0.3284671532846716,1.3138686131386863,4.27007299270073,4.598540145985401,0.0,0.6569343065693432,1.3138686131386863,6.240875912408759,0.6569343065693432,1.6423357664233578,0.0,0.0,90.91,66.67,11.11,15.38,44.44,43.4,50.0,45.45,0.2109477371412159,0.2595663170823521,0.0,9.197080291970805,0.304601771167883,3.613138686131387,3.2846715328467155,4.927007299270073,0.2243332740875912,16.751824817518248,LM/LCM,14,43,21,14,43,50,14,14,43,21,64,43,43,64,14,57,29,29,36,14,64,29,14,43,57,57,100,71,14,29,100,29,71,29,43,43,14,64,57,57,36,43,43,14,57,100,29,100,43,50,100,14,86,43,100,100,86,100,29,100,71,86,36,43,100,100,29,100,57,57,100,71,14,29,100,29,71,29,57,100,14,100,100,100,57,86,100,71,Allsvenskan
Hammarby,2nnlsjfbcea40t4jeclcbw9lk,chzhwdk4l54t2kf606bkuiaqd,N. Besara,Nahir Besara,35.0,Midfielder,Sweden,Midfielder,141.0,378.0,15.0,505.0,1.0,0.0,36.0,6.0,1193.0,20.0,14.0,5.0,42.0,56.0,28.0,28.0,9.0,17.0,17.0,5.0,3.0,23.0,67.0,8.0,7.0,0.0,0.0,87.98,55.56,26.92,47.06,41.07,47.37,25.0,100.0,4.475896223551648,3.85131826494909,24.0,42.0,1.1984418799999996,17.0,59.0,78.0,2.29873415,235.0,10.63704945515507,28.51634534786253,1.1316010058675607,38.09723386420788,0.0754400670578373,0.0,2.7158424140821458,0.4526404023470243,1.5088013411567476,1.0561609388097233,0.3772003352891869,3.16848281642917,4.224643755238893,2.1123218776194466,2.1123218776194466,0.6789606035205364,1.2824811399832354,1.2824811399832354,0.3772003352891869,0.2263202011735121,1.7351215423302595,5.054484492875105,0.603520536462699,0.5280804694048616,0.0,0.0,87.98,55.56,26.92,47.06,41.07,47.37,25.0,100.0,0.3376619112486574,0.2905437081688332,1.8105616093880967,3.16848281642917,0.0904105357921206,1.2824811399832354,4.450963956412405,5.884325230511315,0.1734166584241408,17.728415758591783,CM/AM,64,83,63,79,10,51,26,36,60,83,92,95,100,94,95,80,45,43,90,19,99,89,55,25,49,51,83,61,74,74,69,64,26,100,95,93,99,76,81,71,79,83,74,76,57,81,52,74,5,51,5,26,48,86,93,100,100,98,98,71,26,24,86,12,100,93,36,14,49,51,83,61,74,74,69,64,26,100,100,98,95,79,86,69,81,86,79,71,Allsvenskan
Hammarby,2nnlsjfbcea40t4jeclcbw9lk,cyfvxg9z9aqfsoydhz7sr3qxg,M. Karlsson,Markus Karlsson,22.0,Midfielder,Sweden,Midfielder,490.0,711.0,20.0,1201.0,11.0,0.0,107.0,16.0,1888.0,39.0,0.0,2.0,27.0,15.0,8.0,7.0,9.0,19.0,19.0,1.0,22.0,3.0,33.0,9.0,25.0,0.0,0.0,90.44,42.55,0.0,47.37,20.0,58.47,40.74,52.08,1.33798859309102,1.8266700351863925,3.0,63.0,1.4983034099999992,25.0,112.0,91.0,2.359612609999996,644.0,23.358050847457623,33.89300847457627,0.9533898305084746,57.251059322033896,0.524364406779661,0.0,5.100635593220339,0.7627118644067796,1.8591101694915253,0.0,0.0953389830508474,1.2870762711864407,0.715042372881356,0.3813559322033898,0.3336864406779661,0.4290254237288136,0.9057203389830508,0.9057203389830508,0.0476694915254237,1.048728813559322,0.1430084745762712,1.5730932203389831,0.4290254237288136,1.1917372881355932,0.0,0.0,90.44,42.55,0.0,47.37,20.0,58.47,40.74,52.08,0.063781235899466,0.0870764317620632,0.1430084745762712,3.003177966101695,0.0714233617055084,1.1917372881355932,5.338983050847458,4.33792372881356,0.1124815333156777,30.69915254237288,DM/CM,98,100,42,100,71,46,90,50,95,16,79,90,76,82,61,92,76,75,69,72,59,92,72,84,50,51,98,18,16,55,36,82,35,25,78,80,36,100,98,98,92,78,75,100,62,90,12,85,35,46,65,8,88,16,65,70,40,60,30,72,48,40,57,40,40,80,48,42,50,51,98,18,16,55,36,82,35,25,42,65,15,85,88,80,62,52,42,82,Allsvenskan
Brommapojkarna,ac8jow4mdkvnsv5s0och4qqm,1902oagnhlo7x9xpumxvg1t78,L. Björklund,Lukas Björklund,22.0,Midfielder,Sweden,Midfielder,118.0,155.0,11.0,271.0,16.0,0.0,60.0,17.0,942.0,21.0,2.0,0.0,8.0,12.0,9.0,3.0,4.0,22.0,23.0,3.0,6.0,5.0,35.0,11.0,7.0,0.0,0.0,80.9,44.0,22.22,50.0,41.67,42.25,39.02,53.85,1.4005702064937544,0.8257093141550647,2.0,22.0,0.67554313,10.0,19.0,26.0,1.0149828600000002,115.0,11.273885350318473,14.80891719745223,1.0509554140127388,25.89171974522293,1.5286624203821657,0.0,5.732484076433121,1.624203821656051,2.006369426751592,0.1910828025477706,0.0,0.7643312101910827,1.1464968152866242,0.8598726114649682,0.286624203821656,0.3821656050955413,2.1019108280254777,2.1974522292993632,0.286624203821656,0.5732484076433121,0.4777070063694267,3.343949044585987,1.0509554140127388,0.6687898089171974,0.0,0.0,80.9,44.0,22.22,50.0,41.67,42.25,39.02,53.85,0.1338124401108682,0.0788894249192737,0.1910828025477706,2.1019108280254777,0.0645423372611465,0.9554140127388536,1.8152866242038217,2.484076433121019,0.0969728847133758,10.987261146496817,CM/AM,55,40,54,43,95,51,67,89,67,43,15,21,31,54,25,33,63,63,74,39,46,57,76,25,49,51,50,36,57,80,73,33,57,24,45,31,23,42,48,39,30,40,45,40,64,31,48,43,93,51,64,90,71,40,15,10,26,38,17,33,69,67,79,36,48,50,74,17,49,51,50,36,57,80,73,33,57,24,40,24,17,40,57,31,26,26,29,36,Allsvenskan
Brommapojkarna,ac8jow4mdkvnsv5s0och4qqm,2lyhi7j3id7emsh54ehdva3ca,O. Zandén,Oliver Zandén,25.0,Defender,Sweden,Defender,535.0,469.0,51.0,986.0,34.0,0.0,107.0,83.0,1873.0,28.0,18.0,3.0,22.0,16.0,6.0,10.0,4.0,24.0,26.0,1.0,35.0,4.0,47.0,14.0,23.0,0.0,0.0,80.62,34.93,32.73,58.33,25.0,65.64,62.96,71.88,1.106745968719642,1.938749824425389,10.0,45.0,1.4711998199999992,22.0,91.0,113.0,4.775874969999993,515.0,25.707421249332626,22.53603844100374,2.450613988254138,47.37853710624667,1.633742658836092,0.0,5.141484249866525,3.9882541377469294,1.3454351308061934,0.8649225840896957,0.1441537640149492,1.0571276027762948,0.7688200747463962,0.2883075280298985,0.4805125467164976,0.192205018686599,1.1532301121195945,1.249332621462894,0.0480512546716497,1.6817939135077418,0.192205018686599,2.258408969567539,0.6727175654030967,1.1051788574479446,0.0,0.0,80.62,34.93,32.73,58.33,25.0,65.64,62.96,71.88,0.0531805323997692,0.0931593615580806,0.4805125467164976,2.1623064602242392,0.0706929972237052,1.0571276027762948,4.3726641751201285,5.429791777896424,0.2294867844634273,24.746396155899628,LB/LCB,96,96,96,92,96,40,100,96,100,94,92,94,88,69,98,77,96,92,79,100,90,96,96,79,50,50,38,46,100,88,73,92,83,79,88,88,100,88,96,79,92,96,100,96,79,75,58,79,88,40,83,75,92,62,75,50,67,46,75,54,58,58,71,79,71,88,79,38,50,50,38,46,100,88,73,92,83,79,62,46,92,71,88,58,71,83,100,79,Allsvenskan
Brommapojkarna,ac8jow4mdkvnsv5s0och4qqm,3slq45oyri6a8smz52fezhct0,K. Sever,Kamilcan Sever,20.0,Attacker,Türkiye,Striker,14.0,14.0,0.0,28.0,9.0,0.0,16.0,6.0,425.0,4.0,0.0,2.0,3.0,13.0,11.0,2.0,5.0,3.0,3.0,1.0,0.0,2.0,28.0,1.0,2.0,0.0,0.0,59.57,0.0,0.0,33.33,15.38,30.19,37.5,100.0,1.4575462073558934,0.0691983531950756,3.0,0.0,0.0,0.0,0.0,0.0,0.02456802,6.0,2.9647058823529413,2.9647058823529413,0.0,5.929411764705883,1.9058823529411764,0.0,3.388235294117647,1.2705882352941176,0.8470588235294118,0.0,0.4235294117647059,0.6352941176470588,2.752941176470588,2.3294117647058825,0.4235294117647059,1.0588235294117647,0.6352941176470588,0.6352941176470588,0.2117647058823529,0.0,0.4235294117647059,5.929411764705883,0.2117647058823529,0.4235294117647059,0.0,0.0,59.57,0.0,0.0,33.33,15.38,30.19,37.5,100.0,0.3086568439106598,0.0146537689118983,0.6352941176470588,0.0,0.0,0.0,0.0,0.0,0.0052026395294117,1.2705882352941176,ST,10,3,8,7,48,50,8,43,13,28,73,12,27,33,28,55,8,8,35,10,12,33,8,15,50,50,13,8,28,28,10,10,50,97,20,10,35,3,3,5,5,3,3,5,20,3,8,7,57,50,20,87,20,28,97,27,60,73,50,93,10,10,50,10,13,87,7,33,50,50,13,8,28,28,10,10,50,97,60,10,50,3,3,5,5,3,3,7,Allsvenskan
Brommapojkarna,ac8jow4mdkvnsv5s0och4qqm,47ymu9whey6w61nk2nx7gpv6c,D. Isso,David Isso,19.0,Attacker,Sweden,Striker,17.0,34.0,0.0,51.0,4.0,0.0,20.0,3.0,656.0,7.0,0.0,1.0,7.0,15.0,12.0,3.0,5.0,9.0,9.0,1.0,2.0,6.0,31.0,2.0,2.0,0.0,0.0,70.83,0.0,0.0,22.22,40.0,28.17,19.05,28.57,2.512047322938659,0.4184628397019296,2.0,6.0,0.17416339,2.0,5.0,4.0,0.26726085,19.0,2.332317073170732,4.664634146341464,0.0,6.996951219512195,0.5487804878048781,0.0,2.7439024390243905,0.4115853658536585,0.9603658536585366,0.0,0.1371951219512195,0.9603658536585366,2.057926829268293,1.6463414634146345,0.4115853658536585,0.6859756097560976,1.2347560975609757,1.2347560975609757,0.1371951219512195,0.274390243902439,0.8231707317073171,4.253048780487805,0.274390243902439,0.274390243902439,0.0,0.0,70.83,0.0,0.0,22.22,40.0,28.17,19.05,28.57,0.3446406388178038,0.0574110603249598,0.274390243902439,0.8231707317073171,0.0238943675304878,0.274390243902439,0.6859756097560976,0.5487804878048781,0.0366668849085365,2.606707317073171,ST,18,23,8,20,15,50,18,20,17,28,52,40,45,42,40,55,27,27,35,42,42,42,18,15,50,50,47,8,28,13,57,7,17,7,57,33,18,35,30,30,32,25,37,23,10,13,8,10,30,50,10,30,33,28,50,50,33,43,43,63,30,30,37,47,50,40,13,20,50,50,47,8,28,13,57,7,17,7,70,40,20,37,40,27,33,17,33,13,Allsvenskan
Brommapojkarna,ac8jow4mdkvnsv5s0och4qqm,596l1xqnkqh81ln2asqawewwk,M. Derbali,Mohamed Derbali,23.0,Midfielder,Tunisia,Midfielder,69.0,86.0,3.0,154.0,1.0,0.0,12.0,6.0,294.0,0.0,1.0,0.0,0.0,3.0,1.0,2.0,1.0,6.0,6.0,0.0,5.0,0.0,3.0,1.0,8.0,0.0,0.0,89.53,37.5,25.0,16.67,0.0,40.0,50.0,80.0,0.1761723132728342,0.0,2.0,5.0,0.11959588,3.0,24.0,13.0,0.31125795,84.0,21.12244897959184,26.3265306122449,0.9183673469387756,47.142857142857146,0.3061224489795918,0.0,3.673469387755102,1.836734693877551,0.0,0.3061224489795918,0.0,0.0,0.9183673469387756,0.3061224489795918,0.6122448979591837,0.3061224489795918,1.836734693877551,1.836734693877551,0.0,1.530612244897959,0.0,0.9183673469387756,0.3061224489795918,2.4489795918367347,0.0,0.0,89.53,37.5,25.0,16.67,0.0,40.0,50.0,80.0,0.0539302999814798,0.0,0.6122448979591837,1.530612244897959,0.0366109836734693,0.9183673469387756,7.346938775510204,3.979591836734694,0.0952830459183673,25.714285714285715,DM/CM,10,20,5,18,6,46,8,15,5,41,26,6,18,20,26,25,30,30,29,19,12,14,19,30,50,51,88,11,51,12,12,8,68,96,10,6,22,18,15,24,25,16,12,20,48,68,10,57,20,46,25,60,5,70,26,6,60,45,68,52,85,85,29,75,12,35,35,90,50,51,88,11,51,12,12,8,68,96,35,6,75,30,30,60,85,42,22,70,Allsvenskan
Brommapojkarna,ac8jow4mdkvnsv5s0och4qqm,76k8ic97o66kaq2e52bmp27ai,M. Hansen,Mads Hansen,24.0,Midfielder,Denmark,Midfielder,194.0,340.0,50.0,518.0,7.0,0.0,69.0,21.0,1471.0,20.0,16.0,6.0,29.0,40.0,23.0,17.0,13.0,43.0,45.0,7.0,9.0,14.0,60.0,22.0,17.0,0.0,0.0,84.78,65.79,23.53,51.16,35.0,50.36,50.0,85.0,3.2227230043344965,2.7144163038903817,20.0,69.0,1.862533959999999,32.0,46.0,86.0,3.10045456,190.0,11.86947654656696,20.80217539089055,3.059143439836846,31.69272603670972,0.4282800815771583,0.0,4.221617946974847,1.284840244731475,1.2236573759347382,0.9789259007477906,0.3670972127804214,1.7743031951053705,2.4473147518694764,1.407205982324949,1.0401087695445277,0.7953772943575799,2.630863358259687,2.753229095853161,0.4282800815771583,0.5506458191706322,0.8565601631543167,3.670972127804215,1.346023113528212,1.0401087695445277,0.0,0.0,84.78,65.79,23.53,51.16,35.0,50.36,50.0,85.0,0.1971754387424233,0.1660757765806487,1.2236573759347382,4.221617946974847,0.1139551709041467,1.9578518014955808,2.814411964649898,5.261726716519374,0.1896947045547246,11.624745071380014,RM/RCM,93,93,100,93,57,54,57,71,71,86,100,100,100,93,100,100,79,86,100,68,89,86,86,71,54,54,93,100,43,86,71,71,79,100,86,100,100,100,100,93,93,100,93,93,64,64,100,79,50,54,36,57,64,86,100,93,93,86,79,93,71,86,100,43,86,79,86,36,54,54,93,100,43,86,71,71,79,100,79,86,86,93,93,93,71,100,100,43,Allsvenskan
Brommapojkarna,ac8jow4mdkvnsv5s0och4qqm,av9lz5umeimwlq7v4q4d7twr8,A. Kurochkin,Anton Kurochkin,23.0,Midfielder,Sweden,Midfielder,36.0,58.0,4.0,92.0,3.0,0.0,23.0,1.0,334.0,9.0,2.0,2.0,4.0,12.0,5.0,7.0,5.0,13.0,14.0,2.0,5.0,3.0,13.0,4.0,6.0,0.0,0.0,78.63,80.0,20.0,30.77,25.0,40.35,50.0,85.71,0.8436242268686043,0.4084141917832696,8.0,9.0,0.26662435,5.0,7.0,16.0,0.5382768099999999,33.0,9.70059880239521,15.62874251497006,1.0778443113772456,24.790419161676645,0.8083832335329341,0.0,6.197604790419161,0.2694610778443114,2.4251497005988023,0.5389221556886228,0.5389221556886228,1.0778443113772456,3.2335329341317363,1.3473053892215567,1.8862275449101795,1.3473053892215567,3.502994011976048,3.772455089820359,0.5389221556886228,1.3473053892215567,0.8083832335329341,3.502994011976048,1.0778443113772456,1.616766467065868,0.0,0.0,78.63,80.0,20.0,30.77,25.0,40.35,50.0,85.71,0.2273238934675879,0.1100517283248331,2.155688622754491,2.4251497005988023,0.0718448847305389,1.3473053892215567,1.8862275449101795,4.311377245508982,0.1450446494011975,8.892215568862275,CM/AM,7,2,17,5,32,51,12,4,18,43,67,6,31,18,57,45,31,35,60,33,20,12,25,17,49,51,33,100,45,20,24,21,86,94,19,10,65,12,17,18,6,23,12,2,50,33,50,38,81,51,81,12,95,69,98,24,95,76,95,100,83,86,93,88,69,52,76,79,49,51,33,100,45,20,24,21,86,94,81,40,100,50,64,79,29,69,62,29,Allsvenskan
Brommapojkarna,ac8jow4mdkvnsv5s0och4qqm,aw75jdzi3u012jkwj7t0eln2s,W. Odefalk,Wilmer Odefalk,21.0,Midfielder,Sweden,Midfielder,76.0,116.0,16.0,190.0,2.0,0.0,17.0,6.0,436.0,2.0,2.0,1.0,11.0,4.0,2.0,2.0,2.0,7.0,7.0,0.0,4.0,0.0,17.0,4.0,7.0,0.0,0.0,81.55,72.73,20.0,57.14,0.0,47.22,40.0,77.78,0.4032685344950403,0.8115519073593851,2.0,9.0,0.24860642,5.0,19.0,20.0,0.5714100599999999,92.0,15.688073394495412,23.94495412844037,3.302752293577982,39.22018348623853,0.4128440366972477,0.0,3.5091743119266057,1.2385321100917432,0.4128440366972477,0.4128440366972477,0.2064220183486238,2.2706422018348627,0.8256880733944955,0.4128440366972477,0.4128440366972477,0.4128440366972477,1.444954128440367,1.444954128440367,0.0,0.8256880733944955,0.0,3.5091743119266057,0.8256880733944955,1.444954128440367,0.0,0.0,81.55,72.73,20.0,57.14,0.0,47.22,40.0,77.78,0.0832435048269578,0.1675221827117997,0.4128440366972477,1.8577981651376148,0.0513178389908256,1.0321100917431194,3.922018348623853,4.128440366972478,0.1179516178899082,18.9908256880734,CM/AM,33,29,67,30,20,51,6,36,4,43,43,33,5,8,13,18,12,12,18,26,4,19,25,25,49,51,52,95,45,90,4,62,62,83,5,29,23,12,10,18,30,27,17,36,79,74,100,79,43,51,24,74,2,60,67,88,12,19,38,38,40,31,18,55,4,55,64,67,49,51,52,95,45,90,4,62,62,83,21,71,43,31,33,40,74,64,50,79,Allsvenskan
Brommapojkarna,ac8jow4mdkvnsv5s0och4qqm,b1sztx2xd79amygbbvdia24et,S. Strand,Simon Strand,33.0,Defender,Sweden,Defender,313.0,255.0,17.0,565.0,9.0,0.0,77.0,34.0,1516.0,32.0,3.0,0.0,14.0,20.0,7.0,13.0,7.0,8.0,8.0,2.0,32.0,3.0,13.0,4.0,20.0,0.0,0.0,87.06,39.53,27.27,50.0,15.0,57.89,45.0,62.5,1.541861243925734,0.8161248533256082,6.0,19.0,0.43656947,11.0,48.0,52.0,1.1351369499999997,260.0,18.58179419525066,15.138522427440632,1.0092348284960422,33.54221635883905,0.5343007915567282,0.0,4.571240105540897,2.0184696569920844,1.899736147757256,0.1781002638522427,0.0,0.8311345646437994,1.1873350923482848,0.4155672823218997,0.7717678100263852,0.4155672823218997,0.4749340369393139,0.4749340369393139,0.1187335092348284,1.899736147757256,0.1781002638522427,0.7717678100263852,0.2374670184696569,1.1873350923482848,0.0,0.0,87.06,39.53,27.27,50.0,15.0,57.89,45.0,62.5,0.0915352981222401,0.0484506839045545,0.3562005277044854,1.127968337730871,0.0259177125989445,0.6530343007915567,2.849604221635884,3.0870712401055407,0.06738939676781,15.435356200527703,CB,48,71,37,56,24,34,81,31,98,85,38,97,95,71,98,98,80,80,90,100,75,60,82,94,51,51,47,40,72,58,32,47,13,40,90,92,96,77,77,89,63,65,53,47,10,42,3,11,3,34,58,5,98,82,38,94,94,53,98,98,71,68,76,95,61,34,68,76,51,51,47,40,72,58,32,47,13,40,81,81,92,65,71,81,47,44,29,16,Allsvenskan
Brommapojkarna,ac8jow4mdkvnsv5s0och4qqm,b9tsqyrv0xp0tt5nzwrmy9gb9,O. Berg,Oliver Berg,33.0,Midfielder,Norway,Midfielder,172.0,350.0,18.0,512.0,8.0,0.0,58.0,3.0,1325.0,21.0,10.0,5.0,25.0,26.0,21.0,5.0,7.0,22.0,23.0,3.0,5.0,11.0,72.0,9.0,10.0,0.0,0.0,86.78,64.29,17.54,40.91,42.31,43.61,36.36,50.0,2.677804089766948,2.498065702136157,6.0,38.0,1.1297101399999998,21.0,48.0,59.0,1.6519349100000005,222.0,11.68301886792453,23.77358490566038,1.2226415094339624,34.77735849056604,0.5433962264150943,0.0,3.939622641509434,0.2037735849056604,1.4264150943396228,0.679245283018868,0.339622641509434,1.69811320754717,1.7660377358490569,1.4264150943396228,0.339622641509434,0.4754716981132075,1.4943396226415095,1.5622641509433963,0.2037735849056604,0.339622641509434,0.7471698113207548,4.89056603773585,0.6113207547169812,0.679245283018868,0.0,0.0,86.78,64.29,17.54,40.91,42.31,43.61,36.36,50.0,0.1818885796822832,0.1696799344847201,0.4075471698113208,2.5811320754716984,0.0767350283773584,1.4264150943396228,3.260377358490566,4.007547169811321,0.1122068995471698,15.079245283018867,CM/AM,73,81,73,83,73,51,58,13,67,81,92,79,79,86,38,62,63,63,74,33,81,93,61,38,49,51,76,81,38,55,79,45,52,14,86,81,52,73,76,85,71,74,69,71,67,69,55,64,55,51,29,5,40,74,90,62,60,81,26,50,43,43,67,24,64,90,38,19,49,51,76,81,38,55,79,45,52,14,62,74,40,57,67,81,60,57,43,62,Allsvenskan
Brommapojkarna,ac8jow4mdkvnsv5s0och4qqm,bmkwmf5f2ssnw2cq7uga7yd5g,A. Troelsen,Andreas Troelsen,23.0,Defender,Denmark,Defender,1120.0,247.0,74.0,1367.0,28.0,1.0,45.0,89.0,1890.0,3.0,0.0,0.0,3.0,12.0,8.0,4.0,3.0,4.0,4.0,3.0,11.0,4.0,16.0,4.0,6.0,0.0,0.0,88.82,39.15,0.0,100.0,33.33,51.72,49.12,54.55,1.3522488116383906,0.2261109537966729,2.0,2.0,0.04398591,1.0,56.0,74.0,2.2848362700000022,818.0,53.333333333333336,11.761904761904765,3.523809523809524,65.0952380952381,1.3333333333333333,0.0476190476190476,2.142857142857143,4.238095238095238,0.1428571428571428,0.0,0.0,0.1428571428571428,0.5714285714285714,0.3809523809523809,0.1904761904761904,0.1428571428571428,0.1904761904761904,0.1904761904761904,0.1428571428571428,0.5238095238095238,0.1904761904761904,0.7619047619047619,0.1904761904761904,0.2857142857142857,0.0,0.0,88.82,39.15,0.0,100.0,33.33,51.72,49.12,54.55,0.064392800554209,0.010767188276032,0.0952380952380952,0.0952380952380952,0.0020945671428571,0.0476190476190476,2.6666666666666665,3.523809523809524,0.1088017271428572,38.95238095238095,CB,100,68,98,98,76,82,50,84,23,28,38,54,85,79,90,88,63,62,97,51,85,68,82,35,51,51,66,37,28,90,68,21,21,19,85,56,80,25,27,28,68,85,92,98,100,19,87,84,30,68,3,34,3,28,38,35,63,45,82,65,44,40,85,5,63,31,60,8,51,51,66,37,28,90,68,21,21,19,56,39,68,11,13,23,44,52,63,82,Allsvenskan
Brommapojkarna,ac8jow4mdkvnsv5s0och4qqm,bpu2cfexsy3lcf7avl9im6gb8,O. Cotton,Oskar Cotton,20.0,Defender,Sweden,Defender,326.0,122.0,24.0,448.0,9.0,0.0,25.0,48.0,686.0,5.0,0.0,1.0,1.0,1.0,1.0,0.0,0.0,4.0,4.0,0.0,5.0,0.0,2.0,1.0,5.0,0.0,0.0,87.67,35.29,0.0,25.0,0.0,62.5,64.29,50.0,0.125111757441157,0.0,0.0,2.0,0.03932202,2.0,33.0,36.0,0.8564894400000007,289.0,42.76967930029155,16.005830903790088,3.1486880466472305,58.775510204081634,1.1807580174927117,0.0,3.2798833819241984,6.297376093294461,0.6559766763848397,0.0,0.1311953352769679,0.1311953352769679,0.1311953352769679,0.1311953352769679,0.0,0.0,0.5247813411078718,0.5247813411078718,0.0,0.6559766763848397,0.0,0.2623906705539359,0.1311953352769679,0.6559766763848397,0.0,0.0,87.67,35.29,0.0,25.0,0.0,62.5,64.29,50.0,0.0164140789645832,0.0,0.0,0.2623906705539359,0.0051588655976676,0.2623906705539359,4.329446064139942,4.723032069970846,0.1123674192419826,37.91545189504373,CB,52,34,53,44,24,34,27,45,42,28,85,28,16,18,28,16,63,62,27,18,14,9,40,26,51,51,53,19,28,35,14,74,64,14,18,11,25,25,22,40,48,44,40,50,82,52,76,76,21,34,24,82,53,28,92,29,15,16,28,16,74,73,27,11,14,5,47,29,51,51,53,19,28,35,14,74,64,14,15,11,25,19,19,44,69,71,65,76,Allsvenskan
Brommapojkarna,ac8jow4mdkvnsv5s0och4qqm,dxjb3lzx9qudbom1zbgyupt78,K. Barslund,Kaare Barslund,22.0,Defender,Denmark,Defender,401.0,326.0,19.0,723.0,24.0,1.0,87.0,42.0,1450.0,22.0,4.0,0.0,12.0,12.0,5.0,7.0,5.0,12.0,13.0,1.0,13.0,5.0,21.0,5.0,25.0,0.0,0.0,87.74,38.0,40.0,41.67,41.67,57.62,57.14,69.44,0.8788763019452118,1.0324741922150842,3.0,30.0,0.6862604199999998,13.0,59.0,62.0,1.97392086,325.0,24.8896551724138,20.23448275862069,1.1793103448275863,44.87586206896552,1.4896551724137932,0.0620689655172413,5.4,2.606896551724138,1.3655172413793104,0.2482758620689655,0.0,0.7448275862068966,0.7448275862068966,0.3103448275862069,0.4344827586206897,0.3103448275862069,0.7448275862068966,0.806896551724138,0.0620689655172413,0.806896551724138,0.3103448275862069,1.303448275862069,0.3103448275862069,1.5517241379310345,0.0,0.0,87.74,38.0,40.0,41.67,41.67,57.62,57.14,69.44,0.0545509428793579,0.0640846050340397,0.1862068965517241,1.862068965517241,0.0425954743448275,0.806896551724138,3.662068965517242,3.8482758620689657,0.1225192257931034,20.17241379310345,CB,61,84,40,68,65,82,89,40,95,92,38,95,85,63,94,96,91,92,68,58,93,81,88,100,51,51,55,31,84,53,81,44,38,65,66,97,88,92,90,92,73,72,82,56,21,68,15,40,40,77,82,8,95,87,38,90,74,39,92,89,81,84,56,27,85,73,79,92,51,51,55,31,84,53,81,44,38,65,47,89,82,79,82,85,60,58,69,19,Allsvenskan
Brommapojkarna,ac8jow4mdkvnsv5s0och4qqm,e84iqdy5a1yx1ww7r1b9vhnv8,J. Simpson,Jordan Simpson,23.0,Defender,Sweden,Defender,615.0,157.0,32.0,772.0,13.0,2.0,28.0,78.0,1233.0,7.0,0.0,0.0,4.0,3.0,3.0,0.0,1.0,0.0,0.0,0.0,13.0,1.0,8.0,0.0,6.0,0.0,0.0,89.25,34.04,0.0,0.0,33.33,49.12,41.94,75.0,0.3873347722150019,0.3279643925031754,0.0,2.0,0.04347372,1.0,30.0,42.0,1.2607070600000017,472.0,44.89051094890511,11.45985401459854,2.3357664233576645,56.35036496350365,0.9489051094890512,0.145985401459854,2.0437956204379564,5.693430656934307,0.5109489051094891,0.0,0.0,0.291970802919708,0.218978102189781,0.218978102189781,0.0,0.072992700729927,0.0,0.0,0.0,0.9489051094890512,0.072992700729927,0.5839416058394161,0.0,0.437956204379562,0.0,0.0,89.25,34.04,0.0,0.0,33.33,49.12,41.94,75.0,0.028272611110584,0.0239390067520566,0.0,0.145985401459854,0.0031732642335766,0.072992700729927,2.18978102189781,3.0656934306569346,0.0920224131386862,34.45255474452555,CB,87,42,66,74,41,98,33,76,48,28,38,63,34,38,28,44,9,8,27,58,41,43,14,35,51,51,68,12,28,14,68,15,9,84,35,65,25,25,25,28,43,53,61,73,90,18,47,69,11,95,2,61,40,28,38,58,23,26,28,44,9,8,27,40,32,18,14,13,51,51,68,12,28,14,68,15,9,84,24,55,25,16,16,24,26,42,53,68,Allsvenskan
Brommapojkarna,ac8jow4mdkvnsv5s0och4qqm,emu9b7x0mtz4rp5p1fvd9wm39,R. Örqvist,Rasmus Örqvist,27.0,Midfielder,Sweden,Midfielder,173.0,125.0,7.0,295.0,11.0,0.0,53.0,22.0,882.0,11.0,3.0,1.0,4.0,4.0,3.0,1.0,3.0,15.0,15.0,0.0,10.0,0.0,12.0,6.0,15.0,0.0,0.0,80.82,28.0,25.0,40.0,0.0,55.21,73.33,60.0,0.484026598851382,0.461401180925871,1.0,13.0,0.31754416,10.0,19.0,21.0,0.9069721399999996,124.0,17.653061224489793,12.755102040816324,0.7142857142857142,30.10204081632653,1.1224489795918366,0.0,5.408163265306122,2.2448979591836733,1.1224489795918366,0.3061224489795918,0.1020408163265306,0.4081632653061224,0.4081632653061224,0.3061224489795918,0.1020408163265306,0.3061224489795918,1.530612244897959,1.530612244897959,0.0,1.020408163265306,0.0,1.2244897959183672,0.6122448979591836,1.530612244897959,0.0,0.0,80.82,28.0,25.0,40.0,0.0,55.21,73.33,60.0,0.0493904692705491,0.0470817531557011,0.1020408163265306,1.326530612244898,0.0324024653061224,1.020408163265306,1.9387755102040816,2.142857142857143,0.0925481775510203,12.653061224489797,RM/RCM,79,14,43,36,79,54,50,79,46,21,50,11,14,21,11,32,43,43,18,82,11,11,43,50,54,54,71,21,54,36,11,100,93,39,21,14,11,21,14,43,36,21,14,43,93,14,50,64,79,54,79,93,57,29,50,7,7,21,14,57,43,36,18,86,11,7,43,79,54,54,71,21,54,36,11,100,93,39,14,7,7,21,21,50,29,29,7,57,Allsvenskan
Brommapojkarna,ac8jow4mdkvnsv5s0och4qqm,etz2bmorno30rw9efxkc0ufo,O. Okeke,Obilor Okeke,24.0,Midfielder,Norway,Midfielder,50.0,100.0,2.0,149.0,0.0,0.0,35.0,3.0,535.0,19.0,1.0,0.0,6.0,11.0,8.0,3.0,2.0,27.0,27.0,1.0,3.0,4.0,25.0,12.0,3.0,0.0,0.0,88.69,100.0,25.0,44.44,36.36,50.72,0.0,75.0,1.3269554044238283,0.4223289161638692,4.0,26.0,0.9404439099999998,6.0,6.0,12.0,0.6736475600000001,53.0,8.411214953271028,16.822429906542055,0.3364485981308411,25.06542056074766,0.0,0.0,5.887850467289719,0.5046728971962616,3.1962616822429903,0.1682242990654205,0.0,1.0093457943925233,1.8504672897196264,1.3457943925233644,0.5046728971962616,0.3364485981308411,4.542056074766355,4.542056074766355,0.1682242990654205,0.5046728971962616,0.6728971962616822,4.205607476635514,2.0186915887850465,0.5046728971962616,0.0,0.0,88.69,100.0,25.0,44.44,36.36,50.72,0.0,75.0,0.2232261428002701,0.0710459858967256,0.6728971962616822,4.373831775700935,0.1582055175700934,1.0093457943925233,1.0093457943925233,2.0186915887850465,0.1133238885981308,8.91588785046729,LM/LCM,29,29,21,29,21,50,29,36,86,21,21,29,57,64,57,43,71,71,71,29,64,57,71,21,57,57,86,100,86,43,86,86,21,100,71,14,57,43,71,29,14,29,29,29,14,29,14,14,21,50,71,43,100,14,21,29,57,57,57,43,86,71,86,14,57,71,86,29,57,57,86,100,86,43,86,86,21,100,71,14,71,86,86,43,14,29,29,14,Allsvenskan
Elfsborg,1939bnru25svvgv15k2c7tw2y,1vr7p76nx255ikv7w00s6gnsa,T. Silverholt,Taylor Silverholt,25.0,Attacker,Sweden,Striker,15.0,26.0,3.0,40.0,17.0,0.0,41.0,6.0,653.0,16.0,1.0,2.0,4.0,13.0,10.0,3.0,1.0,12.0,12.0,1.0,1.0,3.0,22.0,4.0,3.0,0.0,0.0,70.18,100.0,25.0,33.33,23.08,40.2,34.0,75.0,1.7157936734397097,0.2681618327819021,6.0,4.0,0.1162069299999999,3.0,1.0,4.0,0.1792332599999999,15.0,2.0673813169984685,3.5834609494640124,0.4134762633996937,5.51301684532925,2.343032159264931,0.0,5.65084226646248,0.8269525267993875,2.2052067381317,0.1378254211332312,0.2756508422664624,0.5513016845329249,1.7917304747320062,1.3782542113323124,0.4134762633996937,0.1378254211332312,1.653905053598775,1.653905053598775,0.1378254211332312,0.1378254211332312,0.4134762633996937,3.032159264931088,0.5513016845329249,0.4134762633996937,0.0,0.0,70.18,100.0,25.0,33.33,23.08,40.2,34.0,75.0,0.2364799856195618,0.0369595175350247,0.8269525267993875,0.5513016845329249,0.0160162690658499,0.4134762633996937,0.1378254211332312,0.5513016845329249,0.0247028995405819,2.0673813169984685,ST,13,13,48,13,67,50,42,43,65,65,73,18,27,23,40,10,35,33,35,28,20,23,32,28,50,50,40,97,80,28,17,47,40,60,37,23,55,23,23,45,12,25,27,17,7,7,57,3,73,50,70,53,83,73,90,17,23,30,47,7,57,53,40,23,10,17,37,30,50,50,40,97,80,28,17,47,40,60,33,23,73,23,20,53,10,20,23,10,Allsvenskan
Elfsborg,1939bnru25svvgv15k2c7tw2y,25ytwmg2c5xcqp5ta12oznm22,A. Sigurpálsson,Ari Sigurpálsson,23.0,Attacker,Iceland,Striker,33.0,93.0,1.0,126.0,3.0,0.0,25.0,8.0,574.0,7.0,0.0,0.0,7.0,16.0,11.0,5.0,4.0,14.0,15.0,4.0,4.0,8.0,25.0,6.0,4.0,0.0,0.0,81.82,33.33,0.0,42.86,50.0,45.45,30.0,44.44,1.836103277201229,0.6946909550075244,7.0,25.0,0.8281477199999997,8.0,8.0,12.0,0.6485957900000001,40.0,5.174216027874564,14.581881533101043,0.156794425087108,19.756097560975608,0.470383275261324,0.0,3.9198606271777,1.254355400696864,1.097560975609756,0.0,0.0,1.097560975609756,2.508710801393728,1.724738675958188,0.7839721254355401,0.627177700348432,2.195121951219512,2.35191637630662,0.627177700348432,0.627177700348432,1.254355400696864,3.9198606271777,0.940766550522648,0.627177700348432,0.0,0.0,81.82,33.33,0.0,42.86,50.0,45.45,30.0,44.44,0.2878907577493216,0.1089236689036188,1.097560975609756,3.9198606271777,0.1298489456445992,1.254355400696864,1.254355400696864,1.881533101045296,0.1016962040069686,6.2717770034843205,LW,11,11,11,11,44,56,11,50,11,11,11,11,22,22,22,17,11,11,78,17,22,17,11,11,56,56,100,17,11,33,100,56,56,11,22,11,22,22,22,17,11,11,22,11,44,22,11,22,67,56,44,89,33,11,11,11,56,44,44,22,33,33,89,33,67,22,22,22,56,56,100,17,11,33,100,56,56,11,78,11,44,67,78,44,22,11,22,22,Allsvenskan
Elfsborg,1939bnru25svvgv15k2c7tw2y,2d1dh619cfgvel4bv7tpfxjo5,N. Hult,Niklas Hult,36.0,Defender,Sweden,Defender,326.0,351.0,22.0,669.0,8.0,0.0,79.0,53.0,1731.0,20.0,8.0,2.0,21.0,11.0,8.0,3.0,1.0,21.0,23.0,1.0,20.0,5.0,41.0,9.0,25.0,0.0,0.0,85.99,35.48,18.18,42.86,45.45,51.3,36.36,59.52,0.9809159091455992,2.2195586245294825,3.0,47.0,1.2653701399999997,39.0,40.0,71.0,2.8437222500000003,295.0,16.949740034662046,18.24956672443674,1.143847487001733,34.78336221837088,0.4159445407279029,0.0,4.107452339688042,2.755632582322357,1.0398613518197573,0.4159445407279029,0.1039861351819757,1.0918544194107451,0.5719237435008665,0.4159445407279029,0.1559792027729636,0.0519930675909878,1.0918544194107451,1.1958405545927209,0.0519930675909878,1.0398613518197573,0.2599653379549393,2.1317157712305024,0.4679376083188908,1.2998266897746966,0.0,0.0,85.99,35.48,18.18,42.86,45.45,51.3,36.36,59.52,0.0510008271652824,0.1154016615873214,0.1559792027729636,2.4436741767764296,0.0657904752166377,2.027729636048526,2.0797227036395145,3.6915077989601386,0.1478538431542461,15.33795493934142,LB/LCB,88,81,52,88,33,40,83,79,92,54,77,85,79,83,48,19,79,81,79,81,98,92,77,83,50,50,92,50,29,44,88,33,4,12,75,96,56,92,92,96,54,83,88,79,38,42,25,29,4,40,62,38,79,33,62,58,46,67,42,12,54,54,75,33,88,79,62,54,50,50,92,50,29,44,88,33,4,12,58,58,42,83,79,92,21,38,54,29,Allsvenskan
Elfsborg,1939bnru25svvgv15k2c7tw2y,3qwc0wzcchmdc3h3069ax0rv8,O. Nordvall,Ossian Nordvall,19.0,Midfielder,Sweden,Midfielder,41.0,41.0,6.0,82.0,4.0,0.0,8.0,4.0,202.0,0.0,0.0,0.0,0.0,1.0,1.0,0.0,0.0,0.0,0.0,0.0,5.0,0.0,3.0,0.0,0.0,0.0,0.0,89.13,66.67,0.0,0.0,0.0,50.0,80.0,0.0,0.1057282347394029,0.0,0.0,4.0,0.09584059,1.0,5.0,4.0,0.09127504,43.0,18.26732673267327,18.26732673267327,2.6732673267326734,36.53465346534654,1.7821782178217822,0.0,3.5643564356435644,1.7821782178217822,0.0,0.0,0.0,0.0,0.4455445544554455,0.4455445544554455,0.0,0.0,0.0,0.0,0.0,2.227722772277228,0.0,1.3366336633663367,0.0,0.0,0.0,0.0,89.13,66.67,0.0,0.0,0.0,50.0,80.0,0.0,0.047106639240328,0.0,0.0,1.7821782178217822,0.042701252970297,0.4455445544554455,2.227722772277228,1.7821782178217822,0.0406670970297029,19.15841584158416,DM/CM,2,2,16,2,31,46,2,8,5,16,26,6,6,20,9,8,4,4,29,19,12,14,6,2,50,51,85,95,16,6,12,40,98,2,8,6,8,14,12,4,2,2,2,2,32,15,70,22,95,46,20,57,5,16,26,6,18,70,9,8,4,4,29,95,12,55,6,2,50,51,85,95,16,6,12,40,98,2,30,6,8,45,40,12,5,2,2,25,Allsvenskan
Elfsborg,1939bnru25svvgv15k2c7tw2y,5l4q2q8nszqp6k8exo9eyqnrp,S. Hedlund,Simon Hedlund,33.0,Midfielder,Sweden,Midfielder,82.0,131.0,4.0,209.0,3.0,0.0,35.0,9.0,893.0,8.0,4.0,1.0,7.0,11.0,5.0,6.0,4.0,12.0,13.0,0.0,9.0,1.0,22.0,3.0,13.0,0.0,0.0,77.41,26.67,25.0,25.0,9.09,46.05,33.33,61.9,0.9430041196394504,0.7210220110643356,4.0,16.0,0.41585494,8.0,14.0,19.0,1.10214694,75.0,8.264277715565509,13.202687569988802,0.4031354983202687,21.06382978723404,0.3023516237402016,0.0,3.5274356103023514,0.9070548712206048,0.8062709966405375,0.4031354983202687,0.1007838745800671,0.7054871220604703,1.108622620380739,0.503919372900336,0.6047032474804032,0.4031354983202687,1.2094064949608063,1.3101903695408734,0.0,0.9070548712206048,0.1007838745800671,2.217245240761478,0.3023516237402016,1.3101903695408734,0.0,0.0,77.41,26.67,25.0,25.0,9.09,46.05,33.33,61.9,0.095039608922229,0.0726673919325758,0.4031354983202687,1.612541993281075,0.0419114721164613,0.8062709966405375,1.4109742441209403,1.9148936170212765,0.1110786389697648,7.558790593505039,RM/RCM,36,21,32,21,25,54,29,50,29,29,50,25,29,36,61,54,29,29,18,68,29,36,14,43,54,54,29,14,54,14,29,43,32,50,29,29,36,32,36,32,21,14,29,14,43,21,29,7,29,54,7,43,14,36,43,29,36,36,57,64,29,29,18,79,29,29,14,57,54,54,29,14,54,14,29,43,32,50,29,29,43,43,36,36,21,7,50,14,Allsvenskan
Elfsborg,1939bnru25svvgv15k2c7tw2y,60fbyywnjiz6l8n7gmi2mjld5,S. Olsson,Simon Olsson,29.0,Midfielder,Sweden,Midfielder,265.0,416.0,36.0,678.0,3.0,0.0,74.0,13.0,1705.0,19.0,3.0,2.0,25.0,15.0,7.0,8.0,6.0,41.0,43.0,1.0,24.0,5.0,26.0,24.0,12.0,0.0,0.0,83.19,57.14,30.0,58.54,33.33,53.62,0.0,41.38,1.3542139601253278,2.282993559713331,8.0,60.0,1.6208700699999992,24.0,104.0,113.0,3.3004862800000003,431.0,13.98826979472141,21.95894428152493,1.900293255131965,35.78885630498534,0.1583577712609971,0.0,3.9061583577712615,0.686217008797654,1.002932551319648,0.1583577712609971,0.1055718475073313,1.3196480938416424,0.7917888563049854,0.3695014662756598,0.4222873900293255,0.3167155425219942,2.1642228739002936,2.269794721407625,0.0527859237536656,1.2668621700879767,0.2639296187683285,1.372434017595308,1.2668621700879767,0.6334310850439884,0.0,0.0,83.19,57.14,30.0,58.54,33.33,53.62,0.0,41.38,0.0714834348453252,0.1205099239731377,0.4222873900293255,3.1671554252199416,0.0855591239296187,1.2668621700879767,5.489736070381232,5.964809384164224,0.1742192171260997,22.750733137829915,DM/CM,50,80,71,65,24,46,71,42,69,64,79,85,76,74,71,81,98,98,69,78,78,80,99,45,50,51,22,69,66,80,71,55,5,5,80,95,85,98,100,95,88,92,92,82,5,48,45,15,8,46,32,5,45,50,70,72,48,57,48,57,92,95,65,55,60,57,92,8,50,51,22,69,66,80,71,55,5,5,50,88,60,88,95,85,68,75,80,50,Allsvenskan
Elfsborg,1939bnru25svvgv15k2c7tw2y,6legryh9z8lvc4bq4s456m09h,S. Holmén,Sebastian Holmén,34.0,Defender,Sweden,Defender,338.0,163.0,25.0,501.0,18.0,0.0,48.0,44.0,1052.0,11.0,0.0,0.0,1.0,13.0,10.0,3.0,5.0,3.0,3.0,0.0,15.0,4.0,20.0,2.0,14.0,0.0,0.0,88.83,54.35,0.0,66.67,30.77,62.34,78.26,77.78,1.3984605923064617,0.0,5.0,10.0,0.19391056,5.0,33.0,47.0,0.8971307900000011,306.0,28.916349809885933,13.944866920152093,2.1387832699619773,42.86121673003802,1.5399239543726235,0.0,4.106463878326997,3.76425855513308,0.94106463878327,0.0,0.0,0.0855513307984791,1.1121673003802282,0.855513307984791,0.2566539923954373,0.4277566539923955,0.2566539923954373,0.2566539923954373,0.0,1.2832699619771863,0.3422053231939164,1.711026615969582,0.1711026615969582,1.1977186311787074,0.0,0.0,88.83,54.35,0.0,66.67,30.77,62.34,78.26,77.78,0.1196401647410471,0.0,0.4277566539923955,0.855513307984791,0.0165893064638783,0.4277566539923955,2.82319391634981,4.020912547528518,0.0767507329847909,26.1787072243346,RB/RCB,75,38,50,44,78,38,38,69,59,9,25,6,88,91,47,94,9,9,34,50,88,44,12,41,50,53,100,94,9,84,69,88,100,97,88,6,91,31,31,25,38,38,25,56,100,25,62,69,88,38,44,88,62,9,25,6,100,100,44,88,12,12,34,69,75,69,19,50,50,53,100,94,9,84,69,88,100,97,100,6,94,31,31,25,38,50,12,75,Allsvenskan
Elfsborg,1939bnru25svvgv15k2c7tw2y,9n2nm6smh0txgv2482qbwhixg,J. Beck,Julius Beck,21.0,Midfielder,Denmark,Midfielder,229.0,439.0,21.0,652.0,15.0,0.0,90.0,13.0,1256.0,31.0,16.0,2.0,31.0,14.0,11.0,3.0,7.0,27.0,29.0,0.0,11.0,5.0,39.0,10.0,20.0,0.0,0.0,88.11,61.76,38.1,37.04,35.71,49.45,57.69,58.82,1.6461940537879978,3.0559836120315147,3.0,33.0,0.8643670799999996,18.0,88.0,97.0,2.3953503900000017,320.0,16.409235668789808,31.45700636942675,1.5047770700636942,46.71974522292994,1.07484076433121,0.0,6.449044585987261,0.931528662420382,2.2213375796178343,1.1464968152866242,0.143312101910828,2.2213375796178343,1.003184713375796,0.7882165605095541,0.214968152866242,0.501592356687898,1.9347133757961783,2.078025477707006,0.0,0.7882165605095541,0.35828025477707,2.7945859872611463,0.7165605095541401,1.4331210191082802,0.0,0.0,88.11,61.76,38.1,37.04,35.71,49.45,57.69,58.82,0.1179597650007323,0.2189797174226403,0.214968152866242,2.3646496815286624,0.0619371315286623,1.2898089171974525,6.305732484076433,6.95063694267516,0.1716413496019109,22.929936305732483,CM/AM,93,90,82,93,92,51,95,75,95,86,67,86,44,63,25,62,73,73,18,70,46,67,67,92,49,51,86,74,98,38,52,76,95,39,55,86,31,67,62,75,96,93,79,90,83,90,71,88,88,51,88,55,83,90,55,83,17,36,7,55,60,62,18,50,26,36,50,64,49,51,86,74,98,38,52,76,95,39,26,88,19,48,52,74,93,93,76,88,Allsvenskan
Elfsborg,1939bnru25svvgv15k2c7tw2y,a7rlfpq55g6arlic50mgaw3ys,M. Kamara,Momoh Kamara,21.0,Midfielder,Sierra Leone,Midfielder,72.0,265.0,12.0,319.0,5.0,0.0,73.0,3.0,1083.0,22.0,18.0,3.0,25.0,38.0,23.0,15.0,8.0,55.0,60.0,5.0,7.0,14.0,61.0,23.0,16.0,0.0,0.0,77.24,46.15,40.91,41.82,36.84,46.2,45.45,69.57,3.849328290045607,2.405375522337105,17.0,45.0,1.2945404599999994,17.0,31.0,45.0,2.2307224300000006,159.0,5.983379501385041,22.022160664819943,0.997229916897507,26.509695290858726,0.4155124653739612,0.0,6.066481994459834,0.2493074792243767,1.8282548476454288,1.4958448753462603,0.2493074792243767,2.0775623268698062,3.1578947368421053,1.9113573407202216,1.2465373961218835,0.6648199445983379,4.570637119113574,4.986149584487535,0.4155124653739612,0.5817174515235457,1.1634349030470914,5.069252077562327,1.9113573407202216,1.329639889196676,0.0,0.0,77.24,46.15,40.91,41.82,36.84,46.2,45.45,69.57,0.3198887775661169,0.199892702687294,1.4127423822714682,3.739612188365651,0.1075795396121883,1.4127423822714682,2.5761772853185594,3.739612188365651,0.1853785952908588,13.213296398891966,RM/RCM,29,86,57,43,50,54,68,7,79,93,86,86,93,93,93,89,93,100,86,39,89,93,93,61,54,54,21,79,100,43,86,50,64,79,100,93,93,86,86,79,64,71,86,79,14,86,64,50,43,54,86,7,86,100,86,100,100,100,100,86,93,93,93,50,100,93,93,64,54,54,21,79,100,43,86,50,64,79,100,100,93,79,79,71,64,71,86,71,Allsvenskan
Elfsborg,1939bnru25svvgv15k2c7tw2y,agwvouyocx93y39g7tmwaojx1,A. Zeneli,Arbër Zeneli,31.0,Midfielder,Kosovo,Midfielder,115.0,296.0,17.0,407.0,0.0,0.0,62.0,3.0,1080.0,21.0,4.0,2.0,20.0,31.0,19.0,12.0,9.0,56.0,59.0,4.0,7.0,9.0,73.0,33.0,3.0,0.0,0.0,85.5,68.0,12.5,58.93,29.03,46.27,0.0,37.5,3.168333112835644,1.9509959087023527,18.0,45.0,1.5671139499999998,9.0,22.0,47.0,2.3908744799999986,156.0,9.583333333333334,24.666666666666668,1.4166666666666667,33.916666666666664,0.0,0.0,5.166666666666667,0.25,1.75,0.3333333333333333,0.1666666666666666,1.6666666666666667,2.583333333333333,1.5833333333333333,1.0,0.75,4.666666666666667,4.916666666666667,0.3333333333333333,0.5833333333333334,0.75,6.083333333333333,2.75,0.25,0.0,0.0,85.5,68.0,12.5,58.93,29.03,46.27,0.0,37.5,0.2640277594029703,0.1625829923918627,1.5,3.75,0.1305928291666666,0.75,1.8333333333333333,3.9166666666666665,0.1992395399999998,13.0,LM/LCM,43,57,86,57,21,50,71,36,100,71,64,86,86,86,86,86,100,100,100,57,86,100,100,21,57,57,71,86,29,86,29,57,21,14,86,71,86,100,100,43,57,71,71,57,29,57,71,57,21,50,43,29,71,57,71,86,71,71,86,71,100,100,100,29,71,86,100,14,57,57,71,86,29,86,29,57,21,14,100,86,86,71,71,14,43,57,71,29,Allsvenskan
Elfsborg,1939bnru25svvgv15k2c7tw2y,amgtzrnw9lmo9o506a0mhzip6,R. Wikström,Rasmus Wikström,25.0,Defender,Sweden,Defender,526.0,196.0,38.0,721.0,34.0,1.0,73.0,101.0,1356.0,16.0,1.0,0.0,5.0,6.0,6.0,0.0,1.0,3.0,3.0,0.0,22.0,2.0,11.0,2.0,14.0,0.0,0.0,88.14,36.89,12.5,66.67,33.33,62.93,59.65,66.67,0.8246362608144606,0.266099639284984,1.0,1.0,0.01685596,4.0,41.0,50.0,1.0578557200000012,381.0,34.91150442477876,13.008849557522124,2.52212389380531,47.85398230088496,2.256637168141593,0.0663716814159292,4.845132743362832,6.70353982300885,1.0619469026548674,0.0663716814159292,0.0,0.331858407079646,0.3982300884955752,0.3982300884955752,0.0,0.0663716814159292,0.1991150442477876,0.1991150442477876,0.0,1.4601769911504423,0.1327433628318584,0.7300884955752213,0.1327433628318584,0.9292035398230089,0.0,0.0,88.14,36.89,12.5,66.67,33.33,62.93,59.65,66.67,0.0547324951868004,0.0176614804835166,0.0663716814159292,0.0663716814159292,0.0011187584070796,0.2654867256637168,2.721238938053097,3.31858407079646,0.0702116628318584,25.287610619469028,CB,74,52,72,65,85,82,77,90,89,66,38,73,58,66,28,44,53,52,27,81,62,56,60,72,51,51,61,29,60,71,68,76,45,54,63,60,61,14,10,57,56,63,50,63,65,27,53,52,73,82,68,92,81,61,38,66,39,47,28,37,45,42,27,74,48,27,48,50,51,51,61,29,60,71,68,76,45,54,48,48,60,10,10,45,45,47,37,34,Allsvenskan
Elfsborg,1939bnru25svvgv15k2c7tw2y,d83agzjsghnwbm4mq9b3x8dbe,A. Jensen,Alexander Jensen,25.0,Midfielder,Denmark,Midfielder,171.0,198.0,1.0,364.0,3.0,0.0,29.0,18.0,657.0,9.0,5.0,1.0,9.0,3.0,1.0,2.0,1.0,6.0,6.0,0.0,10.0,1.0,20.0,3.0,7.0,0.0,0.0,88.78,50.0,21.74,50.0,33.33,52.73,33.33,50.0,0.2054835200491787,1.0749122831803113,2.0,10.0,0.32640068,5.0,32.0,28.0,1.3671658000000009,171.0,23.424657534246577,27.12328767123288,0.136986301369863,49.86301369863014,0.4109589041095891,0.0,3.9726027397260273,2.4657534246575343,1.2328767123287672,0.684931506849315,0.136986301369863,1.2328767123287672,0.4109589041095891,0.136986301369863,0.273972602739726,0.136986301369863,0.8219178082191781,0.8219178082191781,0.0,1.36986301369863,0.136986301369863,2.73972602739726,0.4109589041095891,0.9589041095890412,0.0,0.0,88.78,50.0,21.74,50.0,33.33,52.73,33.33,50.0,0.028148427403997,0.1472482579699056,0.273972602739726,1.36986301369863,0.0447124219178082,0.684931506849315,4.383561643835616,3.8356164383561646,0.18728298630137,23.424657534246577,RM/RCM,71,43,14,64,25,54,21,64,36,39,50,36,7,11,21,11,14,14,18,82,29,29,14,29,54,54,100,86,36,75,64,79,32,14,7,50,25,14,21,14,71,39,50,86,100,100,14,100,36,54,29,100,71,71,57,57,14,7,29,7,14,14,18,100,36,50,21,21,54,54,100,86,36,75,64,79,32,14,7,71,29,29,43,29,100,86,93,100,Allsvenskan
Elfsborg,1939bnru25svvgv15k2c7tw2y,dp4bh2qpsagd632sfe3qq4hqt,J. Magnússon,Júlíus Magnússon,28.0,Midfielder,Iceland,Midfielder,382.0,414.0,50.0,781.0,38.0,0.0,84.0,78.0,1789.0,6.0,15.0,3.0,12.0,21.0,11.0,10.0,4.0,4.0,4.0,3.0,39.0,8.0,23.0,1.0,22.0,1.0,0.0,82.82,49.5,46.88,25.0,38.1,60.43,66.67,56.41,1.9146005321431367,1.2236934125327987,6.0,19.0,0.43216835,14.0,69.0,78.0,2.1552554999999973,394.0,19.21743991056456,20.827277808831752,2.515371716042482,39.290106204583566,1.9116825041922865,0.0,4.22582448295137,3.923979877026272,0.3018446059250978,0.7546115148127446,0.1509223029625489,0.6036892118501956,1.0564561207378425,0.553381777529346,0.5030743432084964,0.2012297372833985,0.2012297372833985,0.2012297372833985,0.1509223029625489,1.961989938513136,0.4024594745667971,1.1570709893795417,0.0503074343208496,1.106763555058692,0.0503074343208496,0.0,82.82,49.5,46.88,25.0,38.1,60.43,66.67,56.41,0.0963186405214546,0.0615608759798501,0.3018446059250978,0.9558412520961432,0.0217412808831749,0.704304080491895,3.471212968138625,3.923979877026272,0.1084253745108998,19.82112912241476,DM/CM,78,78,85,78,100,46,75,100,32,92,92,65,89,95,81,62,22,20,98,98,89,75,19,71,100,51,20,42,95,21,82,92,90,40,88,70,69,45,48,70,60,68,65,74,38,35,57,38,98,46,40,100,12,85,82,30,70,85,55,40,8,8,90,88,78,48,12,28,100,51,20,42,95,21,82,92,90,40,75,48,35,18,15,45,28,38,38,30,Allsvenskan
Elfsborg,1939bnru25svvgv15k2c7tw2y,eqfhoh81e8uj2as95ev3yfnx1,T. Isherwood,Thomas Isherwood,28.0,Defender,Sweden,Defender,737.0,355.0,64.0,1092.0,35.0,2.0,74.0,101.0,1882.0,7.0,0.0,1.0,4.0,7.0,3.0,4.0,3.0,7.0,8.0,0.0,20.0,1.0,20.0,4.0,17.0,0.0,0.0,85.18,35.96,0.0,57.14,14.29,61.67,57.38,60.71,0.7367830602668087,0.2810299267338143,3.0,15.0,0.29869551,5.0,94.0,102.0,1.845315649999999,617.0,35.24442082890542,16.97662061636557,3.0605738575983,52.22104144527098,1.67375132837407,0.0956429330499468,3.538788522848034,4.8299681190223165,0.334750265674814,0.0,0.0478214665249734,0.1912858660998937,0.334750265674814,0.1434643995749203,0.1912858660998937,0.1434643995749203,0.334750265674814,0.3825717321997874,0.0,0.9564293304994688,0.0478214665249734,0.9564293304994688,0.1912858660998937,0.8129649309245484,0.0,0.0,85.18,35.96,0.0,57.14,14.29,61.67,57.38,60.71,0.0352340464527166,0.0134392632338168,0.1434643995749203,0.7173219978746015,0.0142840573326248,0.2391073326248671,4.495217853347502,4.87778958554729,0.0882457005844845,29.50584484590861,LB/LCB,100,88,100,100,100,98,75,100,35,8,58,21,44,40,62,62,31,40,35,81,40,54,44,60,50,50,88,54,8,81,42,83,67,21,71,17,56,46,25,21,96,92,58,100,96,25,75,92,92,88,17,92,8,8,50,8,25,21,50,29,12,12,35,21,29,21,21,25,50,50,88,54,8,81,42,83,67,21,38,8,33,12,12,4,75,67,12,96,Allsvenskan
Elfsborg,1939bnru25svvgv15k2c7tw2y,wv67qz43iwolqireq2ttfx1w,L. Östman,Leo Östman,20.0,Attacker,Sweden,Striker,45.0,96.0,2.0,141.0,27.0,0.0,64.0,4.0,1133.0,14.0,0.0,1.0,5.0,24.0,23.0,1.0,5.0,22.0,24.0,6.0,1.0,10.0,68.0,9.0,11.0,0.0,0.0,70.5,28.57,0.0,40.91,41.67,42.95,43.55,78.57,3.6250074731165207,0.3711802083425628,4.0,6.0,0.15613274,7.0,13.0,18.0,0.45310325,54.0,3.5745807590467784,7.625772285966461,0.1588702559576346,11.20035304501324,2.144748455428067,0.0,5.083848190644307,0.3177405119152692,1.1120917917034423,0.0,0.0794351279788173,0.3971756398940865,1.9064430714916152,1.827007943512798,0.0794351279788173,0.3971756398940865,1.7475728155339807,1.9064430714916152,0.4766107678729038,0.0794351279788173,0.794351279788173,5.401588702559576,0.7149161518093557,0.8737864077669903,0.0,0.0,70.5,28.57,0.0,40.91,41.67,42.95,43.55,78.57,0.2879529325511799,0.0294847473528955,0.3177405119152692,0.4766107678729038,0.0124024241835834,0.5560458958517212,1.0326566637246248,1.4298323036187115,0.035992314651368,4.289496910856134,ST,57,57,32,53,83,50,73,27,52,28,52,27,60,67,18,55,70,73,83,28,62,72,60,82,50,50,43,25,28,43,63,67,73,75,67,30,48,35,27,70,67,67,50,57,37,43,23,40,60,50,53,17,40,28,40,7,27,47,17,33,63,60,83,20,47,73,53,67,50,50,43,25,28,43,63,67,73,75,53,13,23,13,13,67,63,63,30,57,Allsvenskan
IFK Göteborg,evf5hhqgnjhwjsth1m6pawxdp,1dy0207jxgg8gvuygsd95wdn8,D. Kruse,David Kruse,24.0,Midfielder,Denmark,Midfielder,380.0,479.0,33.0,859.0,16.0,0.0,96.0,23.0,1751.0,27.0,0.0,1.0,29.0,23.0,14.0,9.0,6.0,23.0,26.0,2.0,29.0,10.0,39.0,10.0,22.0,0.0,0.0,90.14,49.25,0.0,43.48,43.48,52.17,44.44,51.16,2.027096736095292,1.829193674791096,8.0,56.0,1.2051692699999992,18.0,80.0,67.0,2.238319630000001,394.0,19.53169617361508,24.62021701884637,1.6961736150770987,44.15191319246145,0.8223872073101085,0.0,4.934323243860651,1.182181610508281,1.387778412335808,0.0,0.0513992004568817,1.4905768132495716,1.182181610508281,0.7195888063963449,0.462592804111936,0.3083952027412907,1.182181610508281,1.3363792118789264,0.1027984009137635,1.4905768132495716,0.5139920045688178,2.0045688178183894,0.5139920045688178,1.1307824100513992,0.0,0.0,90.14,49.25,0.0,43.48,43.48,52.17,44.44,51.16,0.1041911514840527,0.0940190923650477,0.4111936036550542,2.87835522558538,0.0619447368932038,0.925185608223872,4.111936036550542,3.443746430611079,0.1150478393489435,20.251284980011423,DM/CM,75,85,61,85,82,46,82,65,81,16,59,94,92,100,78,81,82,90,89,88,98,98,79,71,50,51,92,40,16,42,88,50,49,22,95,82,85,95,90,80,68,59,68,74,40,62,35,50,65,46,62,28,62,16,55,90,75,92,52,55,60,68,80,68,85,88,60,35,50,51,92,40,16,42,88,50,49,22,78,72,57,80,72,65,35,22,48,40,Allsvenskan
IFK Göteborg,evf5hhqgnjhwjsth1m6pawxdp,1vla5l510mtb859zevvplneju,F. Eriksson,Felix Eriksson,22.0,Defender,Sweden,Defender,234.0,266.0,47.0,497.0,10.0,0.0,75.0,53.0,1508.0,22.0,3.0,1.0,9.0,18.0,10.0,8.0,2.0,11.0,11.0,2.0,14.0,4.0,26.0,3.0,24.0,0.0,0.0,76.58,36.72,8.11,27.27,22.22,52.08,34.48,60.0,1.226429929015854,0.8415532640311518,7.0,30.0,0.7638715399999997,17.0,59.0,73.0,2.019405110000003,229.0,13.96551724137931,15.875331564986736,2.805039787798408,29.66180371352785,0.5968169761273209,0.0,4.476127320954907,3.163129973474801,1.312997347480106,0.1790450928381962,0.059681697612732,0.5371352785145889,1.0742705570291775,0.5968169761273209,0.4774535809018567,0.1193633952254641,0.656498673740053,0.656498673740053,0.1193633952254641,0.8355437665782492,0.2387267904509283,1.5517241379310345,0.1790450928381962,1.4323607427055702,0.0,0.0,76.58,36.72,8.11,27.27,22.22,52.08,34.48,60.0,0.0731954201667286,0.0502253274289149,0.4177718832891246,1.7904509283819627,0.0455891502652519,1.0145888594164456,3.5212201591511936,4.356763925729442,0.1205215251326261,13.667108753315649,CB,39,76,84,48,30,34,79,53,95,85,85,91,94,88,95,70,89,89,90,62,85,90,73,98,51,51,2,26,56,37,40,24,3,35,79,94,98,92,94,95,73,80,84,40,5,50,60,2,5,34,53,10,92,84,81,84,89,79,94,55,79,77,77,32,71,77,56,87,51,51,2,26,56,37,40,24,3,35,71,82,97,77,87,87,56,66,68,15,Allsvenskan
IFK Göteborg,evf5hhqgnjhwjsth1m6pawxdp,2qbjyogtelebwdxfvfjgbqe39,S. Larsson,Sam Larsson,33.0,Midfielder,Sweden,Midfielder,53.0,188.0,6.0,235.0,2.0,0.0,30.0,2.0,661.0,10.0,6.0,2.0,19.0,22.0,12.0,10.0,6.0,28.0,29.0,7.0,10.0,12.0,32.0,11.0,5.0,1.0,0.0,80.48,50.0,26.09,39.29,54.55,33.71,28.57,71.43,1.7189544425655496,1.755612917462486,5.0,25.0,0.7195125299999999,14.0,20.0,30.0,1.3737770099999993,133.0,7.216338880484115,25.597579425113462,0.8169440242057489,31.996974281391832,0.2723146747352496,0.0,4.084720121028744,0.2723146747352496,1.361573373676248,0.8169440242057489,0.2723146747352496,2.586989409984872,2.995461422087746,1.6338880484114977,1.361573373676248,0.8169440242057489,3.812405446293495,3.94856278366112,0.9531013615733738,1.361573373676248,1.6338880484114977,4.357034795763994,1.497730711043873,0.680786686838124,0.1361573373676248,0.0,80.48,50.0,26.09,39.29,54.55,33.71,28.57,71.43,0.234048259955975,0.2390395802898997,0.680786686838124,3.40393343419062,0.0979669102874432,1.9062027231467475,2.723146747352496,4.084720121028744,0.1870498198184568,18.1089258698941,CM/AM,24,49,32,40,20,51,21,8,27,69,67,69,64,67,74,54,76,73,98,62,83,52,76,11,99,51,45,50,69,40,90,10,39,77,60,71,40,48,50,57,33,50,55,50,29,79,43,57,31,51,33,14,38,76,79,90,93,88,86,81,88,88,100,90,98,76,90,21,100,51,45,50,69,40,90,10,39,77,83,90,62,86,88,93,43,62,86,76,Allsvenskan
IFK Göteborg,evf5hhqgnjhwjsth1m6pawxdp,2sbzil09dkqdz742kov8nee50,O. Månsson,Oliver Månsson,17.0,Attacker,Sweden,Striker,104.0,169.0,10.0,273.0,9.0,0.0,48.0,10.0,719.0,9.0,0.0,1.0,10.0,8.0,4.0,4.0,4.0,1.0,1.0,0.0,10.0,1.0,19.0,1.0,24.0,0.0,0.0,82.48,52.63,0.0,100.0,12.5,57.83,47.37,82.76,0.7973665581973508,0.4900434018638274,3.0,17.0,0.38780051,12.0,29.0,31.0,0.5949122499999999,136.0,13.01808066759388,21.15438108484005,1.2517385257301807,34.17246175243394,1.1265646731571628,0.0,6.008344923504868,1.2517385257301807,1.1265646731571628,0.0,0.125173852573018,1.2517385257301807,1.0013908205841446,0.5006954102920723,0.5006954102920723,0.5006954102920723,0.125173852573018,0.125173852573018,0.0,1.2517385257301807,0.125173852573018,2.378303198887344,0.125173852573018,3.004172461752434,0.0,0.0,82.48,52.63,0.0,100.0,12.5,57.83,47.37,82.76,0.09980944400245,0.0613406205392829,0.3755215577190542,2.1279554937413074,0.0485424838664812,1.502086230876217,3.630041724617525,3.88038942976356,0.0744674582753824,17.02364394993046,ST,87,80,83,83,48,50,52,58,30,28,52,58,8,7,55,40,3,3,13,88,5,17,8,100,50,50,93,63,28,98,7,100,87,83,7,37,35,73,57,88,93,83,60,93,97,93,93,97,47,50,73,83,43,28,43,73,3,3,53,47,3,3,13,97,3,7,3,100,50,50,93,63,28,98,7,100,87,83,7,47,33,80,67,100,93,93,67,97,Allsvenskan
IFK Göteborg,evf5hhqgnjhwjsth1m6pawxdp,3tbz518udos9vb9bqypn9il7t,A. Erlingmark,August Erlingmark,28.0,Defender,Sweden,Defender,509.0,366.0,29.0,873.0,51.0,1.0,90.0,73.0,1554.0,8.0,2.0,0.0,6.0,24.0,23.0,1.0,2.0,5.0,5.0,1.0,25.0,5.0,35.0,3.0,16.0,0.0,0.0,88.09,40.28,33.33,60.0,20.83,60.4,61.45,55.17,3.0384200748991423,0.2036381634886876,1.0,22.0,0.44321052,7.0,75.0,83.0,1.6771077499999991,629.0,29.47876447876448,21.1969111969112,1.6795366795366795,50.55984555984556,2.9536679536679538,0.0579150579150579,5.212355212355213,4.2277992277992285,0.4633204633204633,0.1158301158301158,0.0,0.3474903474903475,1.38996138996139,1.332046332046332,0.0579150579150579,0.1158301158301158,0.2895752895752896,0.2895752895752896,0.0579150579150579,1.447876447876448,0.2895752895752896,2.027027027027027,0.1737451737451737,0.9266409266409268,0.0,0.0,88.09,40.28,33.33,60.0,20.83,60.4,61.45,55.17,0.1759702746080584,0.0117937160321633,0.0579150579150579,1.2741312741312742,0.0256685629343629,0.4054054054054054,4.343629343629344,4.806949806949807,0.0971297924710424,36.42857142857143,CB,71,92,60,84,94,82,94,74,55,78,38,81,97,98,65,70,69,68,68,93,93,95,73,83,51,51,58,47,79,66,37,56,52,23,97,52,61,82,79,73,89,91,76,94,37,71,23,61,85,74,79,32,34,69,38,68,95,97,60,50,52,52,55,71,82,95,55,48,51,51,58,47,79,66,37,56,52,23,97,40,52,69,69,56,71,74,55,73,Allsvenskan
IFK Göteborg,evf5hhqgnjhwjsth1m6pawxdp,5yi8jw1v804s5yefrm20zgxk9,A. Wiberg,Adam Wiberg,29.0,Attacker,Sweden,Striker,87.0,250.0,16.0,323.0,15.0,0.0,50.0,11.0,1549.0,11.0,14.0,3.0,31.0,36.0,25.0,11.0,9.0,19.0,20.0,1.0,10.0,11.0,83.0,4.0,15.0,0.0,0.0,78.02,50.0,35.9,21.05,30.56,32.68,27.27,75.0,3.630796626373552,2.7654922562759854,14.0,39.0,1.4114843199999996,19.0,16.0,38.0,3.06919902,102.0,5.054874112330536,14.525500322788895,0.9296320206584892,18.76694641704325,0.8715300193673338,0.0,2.905100064557779,0.6391220142027114,0.6391220142027114,0.8134280180761781,0.1743060038734667,1.801162040025823,2.0916720464816008,1.4525500322788896,0.6391220142027114,0.5229180116204002,1.103938024531956,1.1620400258231116,0.0581020012911555,0.5810200129115558,0.6391220142027114,4.822466107165913,0.2324080051646223,0.8715300193673338,0.0,0.0,78.02,50.0,35.9,21.05,30.56,32.68,27.27,75.0,0.2109565502734794,0.160680634644828,0.8134280180761781,2.265978050355068,0.0820100637830858,1.103938024531956,0.9296320206584892,2.207876049063912,0.1783266054228534,5.926404131697869,ST,80,97,92,93,62,50,58,72,42,97,87,93,70,70,88,78,57,58,35,88,67,87,32,90,50,50,77,55,90,10,30,13,30,60,70,93,88,93,97,97,73,93,97,77,63,90,80,90,40,50,13,40,13,97,73,90,37,33,67,53,27,27,27,73,33,47,10,63,50,50,77,55,90,10,30,13,30,60,30,93,70,90,93,90,57,80,93,67,Allsvenskan
IFK Göteborg,evf5hhqgnjhwjsth1m6pawxdp,7hi9yit8aifyojt7i0kg69as5,J. Bager,Jonas Bager,30.0,Defender,Denmark,Defender,201.0,149.0,23.0,350.0,13.0,1.0,28.0,64.0,868.0,9.0,0.0,0.0,2.0,6.0,2.0,4.0,2.0,1.0,1.0,0.0,17.0,0.0,6.0,1.0,1.0,0.0,0.0,81.97,34.85,0.0,100.0,0.0,41.79,41.94,20.0,0.6482018034733218,0.0411343800353987,2.0,6.0,0.12013459,0.0,18.0,25.0,0.5238612099999995,207.0,20.8410138248848,15.44930875576037,2.3847926267281108,36.29032258064516,1.347926267281106,0.1036866359447004,2.903225806451613,6.63594470046083,0.9331797235023042,0.0,0.0,0.2073732718894009,0.6221198156682028,0.2073732718894009,0.4147465437788019,0.2073732718894009,0.1036866359447004,0.1036866359447004,0.0,1.762672811059908,0.0,0.6221198156682028,0.1036866359447004,0.1036866359447004,0.0,0.0,81.97,34.85,0.0,100.0,0.0,41.79,41.94,20.0,0.0672098644154366,0.0042650854875413,0.2073732718894009,0.6221198156682028,0.0124563514976958,0.0,1.8663594470046083,2.592165898617512,0.0543174065668202,21.463133640553,CB,31,40,48,34,41,82,33,64,63,28,38,44,58,25,90,70,26,24,27,73,14,29,40,3,51,51,16,15,28,90,14,3,9,3,56,24,80,45,44,11,28,34,31,32,13,45,50,19,32,92,13,90,68,28,38,44,68,24,90,77,23,19,27,90,14,19,39,2,51,51,16,15,28,90,14,3,9,3,63,23,84,53,47,11,19,34,13,21,Allsvenskan
IFK Göteborg,evf5hhqgnjhwjsth1m6pawxdp,80s55a7uw8kypoikefwhtdm5m,M. Fenger,Max Fenger,25.0,Attacker,Denmark,Striker,38.0,37.0,2.0,75.0,12.0,0.0,42.0,5.0,502.0,16.0,0.0,1.0,9.0,12.0,12.0,0.0,1.0,12.0,12.0,0.0,0.0,4.0,27.0,6.0,6.0,0.0,0.0,83.33,50.0,0.0,50.0,33.33,52.5,40.0,75.0,1.5218734779760927,0.4991723650310461,1.0,5.0,0.18679344,1.0,4.0,1.0,0.24565391,24.0,6.812749003984064,6.633466135458168,0.3585657370517928,13.446215139442232,2.1513944223107573,0.0,7.52988047808765,0.8964143426294822,2.8685258964143427,0.0,0.1792828685258964,1.613545816733068,2.1513944223107573,2.1513944223107573,0.0,0.1792828685258964,2.1513944223107573,2.1513944223107573,0.0,0.0,0.7171314741035857,4.840637450199203,1.0756972111553786,1.0756972111553786,0.0,0.0,83.33,50.0,0.0,50.0,33.33,52.5,40.0,75.0,0.2728458426650366,0.0894930534916218,0.1792828685258964,0.8964143426294822,0.0334888637450199,0.1792828685258964,0.7171314741035857,0.1792828685258964,0.0440415376494023,4.302788844621515,ST,43,27,32,37,53,50,47,33,65,28,52,50,18,42,7,10,35,33,13,10,28,30,43,58,50,50,100,55,28,58,38,90,62,60,27,43,8,28,33,15,23,8,30,33,90,30,53,57,63,50,93,63,97,28,77,83,43,63,7,10,67,67,13,10,40,53,73,87,50,50,100,55,28,58,38,90,62,60,50,70,13,43,53,17,37,7,50,60,Allsvenskan
IFK Göteborg,evf5hhqgnjhwjsth1m6pawxdp,8s2p8s6huogpkao0lce8m5n8,N. Tolf,Noah Tolf,21.0,Defender,Sweden,Defender,141.0,270.0,38.0,398.0,9.0,1.0,63.0,34.0,930.0,13.0,13.0,2.0,21.0,11.0,4.0,7.0,5.0,22.0,23.0,0.0,19.0,2.0,22.0,11.0,21.0,0.0,0.0,78.5,36.54,29.55,50.0,18.18,60.0,60.0,70.0,0.673121513156656,1.5886914746235743,7.0,19.0,0.47323422,13.0,54.0,64.0,2.143770200000002,191.0,13.64516129032258,26.12903225806452,3.6774193548387095,38.516129032258064,0.8709677419354839,0.0967741935483871,6.096774193548387,3.290322580645161,1.2580645161290325,1.2580645161290325,0.1935483870967742,2.032258064516129,1.064516129032258,0.3870967741935484,0.6774193548387096,0.4838709677419354,2.129032258064516,2.225806451612903,0.0,1.8387096774193548,0.1935483870967742,2.129032258064516,1.064516129032258,2.032258064516129,0.0,0.0,78.5,36.54,29.55,50.0,18.18,60.0,60.0,70.0,0.0651407915958054,0.1537443362538942,0.6774193548387096,1.8387096774193548,0.0457968599999999,1.2580645161290325,5.225806451612903,6.193548387096774,0.2074616322580647,18.483870967741936,LB/LCB,23,62,79,50,50,85,62,50,58,69,77,85,79,54,85,85,85,81,35,75,65,67,88,73,50,50,29,58,96,60,56,73,77,58,62,67,94,67,58,60,75,65,62,42,17,83,96,50,38,92,100,50,88,92,96,100,83,62,96,88,100,100,35,92,75,75,100,96,50,50,29,58,96,60,56,73,77,58,75,88,100,62,58,75,88,88,88,58,Allsvenskan
IFK Göteborg,evf5hhqgnjhwjsth1m6pawxdp,94i0qwhb3xu4pu37gofme9mnd,K. Þórðarson,Kolbeinn Thórdarson,26.0,Midfielder,Iceland,Midfielder,59.0,113.0,9.0,171.0,11.0,0.0,43.0,11.0,601.0,13.0,1.0,0.0,4.0,16.0,11.0,5.0,7.0,9.0,10.0,0.0,2.0,3.0,30.0,4.0,12.0,0.0,0.0,76.0,36.0,16.67,44.44,18.75,46.24,50.0,80.0,1.4724034730429445,0.2062949445613101,5.0,7.0,0.1754773,8.0,24.0,29.0,0.6529873799999999,77.0,8.835274542429284,16.92179700499168,1.3477537437603992,25.607321131447588,1.6472545757071546,0.0,6.439267886855241,1.6472545757071546,1.94675540765391,0.1497504159733777,0.0,0.5990016638935108,2.396006655574044,1.6472545757071546,0.7487520798668885,1.048252911813644,1.3477537437603992,1.497504159733777,0.0,0.2995008319467554,0.4492512479201331,4.492512479201331,0.5990016638935108,1.7970049916805324,0.0,0.0,76.0,36.0,16.67,44.44,18.75,46.24,50.0,80.0,0.2204930325688269,0.030892753761261,0.7487520798668885,1.048252911813644,0.0262777986688851,1.1980033277870217,3.594009983361065,4.342762063227953,0.097785131780366,11.530782029950084,CM/AM,26,24,42,26,82,51,38,65,40,23,15,6,51,63,38,62,18,20,18,11,20,49,25,51,49,51,17,18,36,67,14,55,86,86,48,2,40,2,5,31,40,48,21,29,40,45,64,40,95,51,86,93,69,38,15,5,76,90,67,95,29,36,18,20,40,81,33,81,49,51,17,18,36,67,14,55,86,86,74,2,69,5,7,60,67,71,33,40,Allsvenskan
IFK Göteborg,evf5hhqgnjhwjsth1m6pawxdp,9x566mdkajzk1isw2sm40t5gp,A. Jallow,Alexander Jallow,28.0,Defender,Sweden,Defender,153.0,183.0,13.0,329.0,15.0,0.0,54.0,41.0,950.0,17.0,7.0,0.0,8.0,7.0,5.0,2.0,2.0,6.0,7.0,0.0,17.0,1.0,18.0,3.0,11.0,0.0,0.0,81.84,31.71,21.21,50.0,14.29,59.34,55.56,57.89,0.5135999820376967,0.6826621885390182,1.0,20.0,0.47112678,6.0,31.0,36.0,1.3132472700000004,138.0,14.494736842105263,17.33684210526316,1.231578947368421,31.16842105263158,1.4210526315789471,0.0,5.11578947368421,3.8842105263157896,1.6105263157894738,0.6631578947368422,0.0,0.7578947368421053,0.6631578947368422,0.4736842105263158,0.1894736842105263,0.1894736842105263,0.5684210526315789,0.6631578947368422,0.0,1.6105263157894738,0.0947368421052631,1.7052631578947368,0.2842105263157894,1.0421052631578946,0.0,0.0,81.84,31.71,21.21,50.0,14.29,59.34,55.56,57.89,0.0486568404035712,0.0646732599668543,0.0947368421052631,1.8947368421052635,0.044633063368421,0.5684210526315789,2.936842105263158,3.4105263157894736,0.1244128992631579,13.073684210526316,CB,21,47,23,31,44,34,64,37,90,99,38,89,62,63,80,70,73,74,27,73,41,71,73,59,51,51,15,6,68,58,30,53,35,27,47,87,61,79,82,68,45,44,65,24,6,60,16,6,37,34,73,18,97,100,38,92,69,66,79,76,77,79,27,85,40,84,77,61,51,51,15,6,68,58,30,53,35,27,44,90,66,82,85,73,50,48,71,13,Allsvenskan
IFK Göteborg,evf5hhqgnjhwjsth1m6pawxdp,c9qk8n9d4130okk9go1brzskq,K. Ackermann,Kevin Ackermann,25.0,Midfielder,Sweden,Midfielder,98.0,89.0,3.0,187.0,9.0,0.0,54.0,14.0,521.0,9.0,0.0,0.0,4.0,8.0,8.0,0.0,4.0,9.0,9.0,0.0,12.0,3.0,20.0,5.0,15.0,0.0,0.0,81.66,27.27,0.0,55.56,37.5,58.7,56.25,48.39,1.0166722161976065,0.2275845070816191,3.0,9.0,0.21644272,3.0,15.0,14.0,0.3663145799999999,109.0,16.92898272552783,15.374280230326296,0.5182341650671786,32.30326295585413,1.5547024952015356,0.0,9.328214971209214,2.418426103646833,1.5547024952015356,0.0,0.0,0.690978886756238,1.381957773512476,1.381957773512476,0.0,0.690978886756238,1.5547024952015356,1.5547024952015356,0.0,2.0729366602687143,0.5182341650671786,3.45489443378119,0.8637236084452975,2.5911708253358925,0.0,0.0,81.66,27.27,0.0,55.56,37.5,58.7,56.25,48.39,0.1756247590360548,0.039314022336556,0.5182341650671786,1.5547024952015356,0.037389337428023,0.5182341650671786,2.5911708253358925,2.418426103646833,0.0632789101727447,18.829174664107487,DM/CM,28,25,5,25,62,46,50,48,42,16,26,26,48,82,9,62,39,39,29,50,59,71,45,51,50,51,12,2,16,71,80,85,72,10,60,28,36,21,20,24,15,20,18,25,25,10,2,8,88,46,98,85,70,16,26,38,90,100,9,90,75,75,29,90,88,100,82,92,50,51,12,2,16,71,80,85,72,10,98,28,68,32,32,22,10,10,5,18,Allsvenskan
IFK Göteborg,evf5hhqgnjhwjsth1m6pawxdp,d9ta7wtarys9urr5lzoxqv3d,T. Heintz,Tobias Heintz,28.0,Attacker,Norway,Striker,112.0,506.0,46.0,553.0,7.0,0.0,81.0,11.0,1700.0,28.0,65.0,5.0,71.0,65.0,39.0,26.0,18.0,62.0,65.0,6.0,19.0,23.0,93.0,21.0,19.0,1.0,1.0,74.13,44.23,32.5,33.87,35.38,41.75,38.89,76.0,4.9276785054573935,7.021223245670555,27.0,58.0,1.5828554499999994,22.0,80.0,100.0,3.918889459999996,298.0,5.929411764705883,26.788235294117648,2.4352941176470586,29.27647058823529,0.3705882352941176,0.0,4.288235294117647,0.5823529411764706,1.4823529411764709,3.441176470588235,0.2647058823529412,3.7588235294117647,3.441176470588235,2.064705882352941,1.376470588235294,0.9529411764705882,3.2823529411764705,3.441176470588235,0.3176470588235294,1.0058823529411764,1.2176470588235293,4.923529411764706,1.111764705882353,1.0058823529411764,0.0529411764705882,0.0529411764705882,74.13,44.23,32.5,33.87,35.38,41.75,38.89,76.0,0.2608770973477443,0.3717118188884411,1.4294117647058824,3.0705882352941174,0.0837982297058823,1.1647058823529413,4.235294117647059,5.294117647058823,0.207470618470588,15.776470588235291,ST,97,100,100,100,37,50,93,72,93,100,97,100,97,92,98,100,100,100,83,97,93,93,93,97,100,100,57,43,87,37,43,60,53,67,83,100,100,100,100,100,100,100,100,100,77,100,100,93,17,50,43,33,57,100,87,100,87,57,97,80,93,93,67,87,77,60,77,73,100,100,57,43,87,37,43,60,53,67,47,100,100,97,97,93,100,100,100,93,Allsvenskan
IFK Göteborg,evf5hhqgnjhwjsth1m6pawxdp,dnyndiiuuwxittgjyagyq5zh1,H. Hermannsson,Hjörtur Hermannsson,31.0,Defender,Iceland,Defender,203.0,187.0,29.0,389.0,5.0,0.0,15.0,26.0,566.0,3.0,1.0,0.0,2.0,3.0,3.0,0.0,2.0,0.0,0.0,1.0,6.0,1.0,5.0,0.0,5.0,0.0,0.0,88.61,51.79,100.0,0.0,33.33,38.46,41.67,71.43,0.2799513740028902,0.1353311861683379,1.0,9.0,0.18784288,3.0,60.0,66.0,1.3286333900000005,285.0,32.2791519434629,29.73498233215548,4.6113074204947,61.85512367491166,0.7950530035335689,0.0,2.385159010600707,4.134275618374558,0.4770318021201413,0.1590106007067137,0.0,0.3180212014134275,0.4770318021201413,0.4770318021201413,0.0,0.3180212014134275,0.0,0.0,0.1590106007067137,0.9540636042402828,0.1590106007067137,0.7950530035335689,0.0,0.7950530035335689,0.0,0.0,88.61,51.79,100.0,0.0,33.33,38.46,41.67,71.43,0.0445152361488694,0.0215190932069795,0.1590106007067137,1.431095406360424,0.0298690091872791,0.4770318021201413,9.540636042402827,10.49469964664311,0.2112667934628976,45.31802120141343,CB,32,48,60,39,10,34,11,23,23,66,38,44,34,38,28,70,9,8,68,22,41,21,14,26,51,51,63,76,97,14,68,2,6,73,24,37,61,58,58,49,77,74,68,48,52,92,97,81,8,34,5,26,35,79,38,61,52,71,28,92,9,8,87,44,54,35,14,41,51,51,63,76,97,14,68,2,6,73,37,52,81,73,73,66,97,98,98,94,Allsvenskan
IFK Göteborg,evf5hhqgnjhwjsth1m6pawxdp,e5oacvmfe0ig0vfrk0oxaqcq1,N. Žugelj,Nino Zugelj,26.0,Attacker,Slovenia,Striker,16.0,60.0,6.0,76.0,2.0,0.0,17.0,5.0,253.0,6.0,0.0,0.0,2.0,12.0,8.0,4.0,4.0,11.0,11.0,2.0,0.0,4.0,18.0,3.0,3.0,0.0,0.0,83.52,100.0,0.0,27.27,33.33,48.57,50.0,50.0,1.0485877665479555,0.1531141593963592,5.0,6.0,0.17592379,3.0,2.0,7.0,0.5408547699999999,24.0,5.691699604743083,21.34387351778656,2.134387351778656,27.035573122529648,0.7114624505928854,0.0,6.047430830039526,1.7786561264822136,2.134387351778656,0.0,0.0,0.7114624505928854,4.2687747035573125,2.845849802371541,1.4229249011857708,1.4229249011857708,3.91304347826087,3.91304347826087,0.7114624505928854,0.0,1.4229249011857708,6.403162055335969,1.067193675889328,1.067193675889328,0.0,0.0,83.52,100.0,0.0,27.27,33.33,48.57,50.0,50.0,0.3730154110249644,0.0544674875323016,1.7786561264822136,2.134387351778656,0.062581585375494,1.067193675889328,0.7114624505928854,2.490118577075099,0.1923989300395256,8.537549407114625,RW,14,45,73,36,36,55,36,59,55,14,23,14,36,18,45,45,55,50,55,9,32,18,36,45,55,55,73,100,14,36,41,91,91,36,27,18,36,32,27,50,27,41,36,45,64,91,100,91,64,55,100,100,100,14,23,18,100,82,82,91,91,91,82,9,82,91,82,73,55,55,73,100,14,36,41,91,91,36,73,18,73,73,64,82,55,91,73,91,Allsvenskan
Sirius,4jg5vd59i24chckyua90dr1lg,10lj2qekb1e4c8ful68b1pazt,T. Anker,Tobias Anker,25.0,Defender,Denmark,Defender,639.0,243.0,29.0,882.0,47.0,1.0,79.0,106.0,1610.0,9.0,0.0,1.0,4.0,10.0,8.0,2.0,3.0,3.0,3.0,2.0,17.0,3.0,23.0,2.0,14.0,0.0,0.0,89.73,36.25,0.0,66.67,30.0,68.1,82.46,66.67,1.2861068168053769,0.5375460139264915,2.0,5.0,0.3408969599999999,4.0,45.0,45.0,1.2003265900000009,544.0,35.72049689440994,13.583850931677018,1.6211180124223603,49.30434782608695,2.627329192546584,0.0559006211180124,4.416149068322981,5.925465838509317,0.5031055900621118,0.0,0.0559006211180124,0.2236024844720497,0.5590062111801242,0.4472049689440994,0.1118012422360248,0.1677018633540372,0.1677018633540372,0.1677018633540372,0.1118012422360248,0.9503105590062112,0.1677018633540372,1.2857142857142856,0.1118012422360248,0.782608695652174,0.0,0.0,89.73,36.25,0.0,66.67,30.0,68.1,82.46,66.67,0.0718941698835303,0.0300491560580026,0.1118012422360248,0.2795031055900621,0.0190563518012422,0.2236024844720497,2.5155279503105588,2.5155279503105588,0.0670990019254658,30.40993788819876,CB,90,65,60,85,90,82,82,94,63,28,85,63,78,79,80,88,53,52,90,73,75,85,60,72,51,51,76,24,28,71,57,94,97,54,82,74,80,40,74,57,61,56,56,82,71,32,21,56,82,73,48,71,37,28,77,48,61,60,71,73,39,35,73,42,58,69,42,39,51,51,76,24,28,71,57,94,97,54,69,68,74,21,58,39,39,32,27,52,Allsvenskan
Sirius,4jg5vd59i24chckyua90dr1lg,14ypgy7ikxp4yubgkr3yhh90p,O. Krusnell,Oscar Krusnell,27.0,Defender,Sweden,Defender,415.0,628.0,45.0,1022.0,11.0,0.0,93.0,42.0,1763.0,16.0,21.0,3.0,37.0,6.0,4.0,2.0,4.0,35.0,36.0,0.0,27.0,1.0,35.0,16.0,36.0,0.0,0.0,81.89,42.86,18.1,45.71,16.67,54.07,45.83,72.0,0.6322300179941371,3.881846317487368,4.0,74.0,1.8379604099999989,50.0,105.0,130.0,4.365858870000001,458.0,21.18547929665344,32.05899035734544,2.297220646625071,52.1724333522405,0.5615428247305729,0.0,4.74758933635848,2.144072603516733,0.8167895632444697,1.0720363017583665,0.153148043108338,1.888825865002836,0.3062960862166761,0.2041973908111174,0.1020986954055587,0.2041973908111174,1.7867271695972773,1.8377765173000569,0.0,1.3783323879750426,0.0510493477027793,1.7867271695972773,0.8167895632444697,1.8377765173000569,0.0,0.0,81.89,42.86,18.1,45.71,16.67,54.07,45.83,72.0,0.0322749300167171,0.1981657223901662,0.2041973908111174,3.777651730005672,0.0938266800340328,2.552467385138968,5.3601815087918325,6.6364152013613165,0.2228742474758934,23.380601247872946,LB/LCB,92,100,92,96,58,40,94,58,85,100,92,100,35,54,33,77,100,100,35,96,40,88,100,100,50,50,54,75,25,50,48,58,25,83,58,100,71,100,100,100,100,100,96,92,58,96,50,88,12,40,71,17,46,75,83,96,21,33,25,58,96,96,35,67,33,58,96,88,50,50,54,75,25,50,48,58,25,83,29,100,54,100,100,100,92,96,96,75,Allsvenskan
Sirius,4jg5vd59i24chckyua90dr1lg,1pvc501wrf76ytudhdktp1d78,N. Jönsson,Neo Jönsson,19.0,Attacker,Sweden,Striker,19.0,74.0,1.0,86.0,3.0,0.0,29.0,6.0,680.0,9.0,7.0,2.0,12.0,29.0,17.0,12.0,11.0,24.0,29.0,2.0,1.0,9.0,47.0,9.0,7.0,0.0,0.0,73.5,14.29,25.0,37.5,31.03,39.19,42.86,77.78,2.741028446156487,1.3579912906230358,17.0,16.0,0.5764528299999999,5.0,2.0,9.0,1.2001769400000002,23.0,2.514705882352941,9.794117647058824,0.1323529411764706,11.382352941176473,0.3970588235294118,0.0,3.838235294117647,0.7941176470588236,1.1911764705882353,0.9264705882352942,0.2647058823529412,1.5882352941176472,3.838235294117647,2.25,1.5882352941176472,1.4558823529411764,3.1764705882352944,3.838235294117647,0.2647058823529412,0.1323529411764706,1.1911764705882353,6.220588235294118,1.1911764705882353,0.9264705882352942,0.0,0.0,73.5,14.29,25.0,37.5,31.03,39.19,42.86,77.78,0.3627831766971821,0.17973414140599,2.25,2.117647058823529,0.0762952274999999,0.6617647058823529,0.2647058823529412,1.1911764705882353,0.1588469479411765,3.044117647058824,RW,45,55,18,45,55,55,59,73,68,73,91,64,82,77,91,82,73,73,55,23,64,82,73,73,55,55,9,18,77,64,27,45,64,100,73,73,91,59,64,64,27,64,64,36,9,36,18,18,36,55,45,73,55,73,82,64,82,73,91,100,82,82,55,18,64,82,91,64,55,55,9,18,77,64,27,45,64,100,64,82,100,64,82,55,18,27,64,27,Allsvenskan
Sirius,4jg5vd59i24chckyua90dr1lg,21ht7s882is4sisnr8dpf61yi,J. Persson,Joakim Persson,24.0,Attacker,Sweden,Striker,18.0,40.0,3.0,57.0,2.0,0.0,30.0,4.0,490.0,11.0,1.0,2.0,5.0,11.0,9.0,2.0,6.0,10.0,11.0,0.0,2.0,0.0,31.0,4.0,6.0,0.0,0.0,76.0,33.33,12.5,40.0,0.0,50.0,18.18,46.15,2.034478867399608,0.5012660139270732,2.0,6.0,0.25201762,1.0,4.0,6.0,0.2190880999999999,13.0,3.3061224489795915,7.346938775510204,0.5510204081632653,10.46938775510204,0.3673469387755101,0.0,5.5102040816326525,0.7346938775510203,2.020408163265306,0.183673469387755,0.3673469387755101,0.9183673469387756,2.020408163265306,1.6530612244897958,0.3673469387755101,1.1020408163265305,1.836734693877551,2.020408163265306,0.0,0.3673469387755101,0.0,5.693877551020408,0.7346938775510203,1.1020408163265305,0.0,0.0,76.0,33.33,12.5,40.0,0.0,50.0,18.18,46.15,0.3736797919713566,0.0920692678641562,0.3673469387755101,1.1020408163265305,0.0462889506122448,0.183673469387755,0.7346938775510203,1.1020408163265305,0.0402406714285714,2.387755102040816,RW,32,27,55,27,36,55,73,36,82,36,91,32,18,32,27,64,36,50,14,41,9,55,50,64,55,55,45,32,27,73,9,100,27,27,55,36,18,32,36,14,55,27,18,18,18,9,55,9,27,55,82,55,91,27,100,36,36,45,36,73,64,64,14,55,9,64,64,82,55,55,45,32,27,73,9,100,27,27,82,45,9,9,18,9,64,18,18,18,Allsvenskan
Sirius,4jg5vd59i24chckyua90dr1lg,3bjcqym12w7vgefmo40f3h8us,C. Nildén,Charlie Nildén,19.0,Midfielder,Sweden,Midfielder,74.0,70.0,7.0,144.0,1.0,0.0,10.0,8.0,478.0,0.0,0.0,0.0,4.0,7.0,6.0,1.0,4.0,3.0,4.0,0.0,5.0,1.0,8.0,0.0,6.0,0.0,0.0,81.36,46.67,0.0,0.0,14.29,27.78,20.0,66.67,0.686891364986012,0.3120086585360646,2.0,4.0,0.18850797,2.0,21.0,19.0,0.3661969699999999,78.0,13.93305439330544,13.179916317991632,1.3179916317991631,27.11297071129708,0.1882845188284519,0.0,1.882845188284519,1.5062761506276152,0.0,0.0,0.0,0.7531380753138076,1.3179916317991631,1.1297071129707112,0.1882845188284519,0.7531380753138076,0.5648535564853556,0.7531380753138076,0.0,0.9414225941422596,0.1882845188284519,1.5062761506276152,0.0,1.1297071129707112,0.0,0.0,81.36,46.67,0.0,0.0,14.29,27.78,20.0,66.67,0.1293310101438098,0.0587464001427736,0.3765690376569038,0.7531380753138076,0.0354931324267782,0.3765690376569038,3.9539748953974896,3.577405857740586,0.068949220292887,14.686192468619248,DM/CM,15,12,20,12,6,46,5,22,5,16,26,26,44,68,19,62,16,20,29,19,32,34,6,14,50,51,10,30,16,6,25,2,10,66,48,30,22,14,18,14,22,24,15,16,2,5,22,2,10,46,2,40,5,16,26,48,85,98,22,92,22,30,29,32,52,70,6,32,50,51,10,30,16,6,25,2,10,66,88,38,52,15,28,8,30,28,10,5,Allsvenskan
Sirius,4jg5vd59i24chckyua90dr1lg,451liwl34giar3r8y7b295w16,M. Lindberg,Marcus Lindberg,26.0,Midfielder,Denmark,Midfielder,476.0,659.0,67.0,1125.0,18.0,0.0,128.0,41.0,1888.0,35.0,10.0,4.0,30.0,18.0,7.0,11.0,7.0,25.0,25.0,2.0,32.0,8.0,30.0,10.0,40.0,0.0,0.0,84.21,46.53,34.48,40.0,44.44,56.89,66.67,61.54,2.00346268838916,2.7077463148635355,7.0,42.0,1.0945528499999997,19.0,159.0,198.0,4.368600649999999,615.0,22.690677966101696,31.41419491525424,3.1938559322033897,53.628177966101696,0.8580508474576272,0.0,6.101694915254237,1.9544491525423728,1.6684322033898304,0.4766949152542373,0.1906779661016949,1.430084745762712,0.8580508474576272,0.3336864406779661,0.524364406779661,0.3336864406779661,1.1917372881355932,1.1917372881355932,0.0953389830508474,1.5254237288135593,0.3813559322033898,1.430084745762712,0.4766949152542373,1.9067796610169487,0.0,0.0,84.21,46.53,34.48,40.0,44.44,56.89,66.67,61.54,0.0955040476456697,0.1290768900093846,0.3336864406779661,2.0021186440677967,0.0521767778072033,0.9057203389830508,7.579449152542373,9.438559322033898,0.2082489716631355,29.31673728813559,DM/CM,95,98,100,98,88,46,92,95,92,84,98,98,85,74,88,88,88,85,89,95,89,85,79,95,50,51,28,28,78,34,92,75,90,50,92,98,78,84,88,86,100,100,100,98,55,88,85,78,68,46,85,70,80,78,90,85,57,50,57,65,62,60,78,70,75,65,57,78,50,51,28,28,78,34,92,75,90,50,70,92,45,57,60,57,88,92,90,75,Allsvenskan
Sirius,4jg5vd59i24chckyua90dr1lg,48gi7n02q9rxj7u3ki0cp17o4,O. Liimatta,Otso Liimatta,22.0,Midfielder,Finland,Midfielder,45.0,64.0,4.0,109.0,1.0,0.0,37.0,7.0,501.0,12.0,0.0,0.0,7.0,7.0,5.0,2.0,2.0,20.0,20.0,4.0,9.0,4.0,23.0,11.0,11.0,0.0,0.0,78.42,66.67,0.0,55.0,57.14,51.39,16.67,84.62,1.7036324980071895,0.4607237441819704,2.0,14.0,0.3343297,3.0,13.0,14.0,0.3615316699999999,57.0,8.083832335329342,11.497005988023952,0.718562874251497,19.58083832335329,0.1796407185628742,0.0,6.646706586826348,1.25748502994012,2.155688622754491,0.0,0.0,1.25748502994012,1.25748502994012,0.8982035928143713,0.3592814371257485,0.3592814371257485,3.5928143712574854,3.5928143712574854,0.718562874251497,1.6167664670658684,0.718562874251497,4.131736526946108,1.9760479041916168,1.9760479041916168,0.0,0.0,78.42,66.67,0.0,55.0,57.14,51.39,16.67,84.62,0.3060417661090759,0.082764744463827,0.3592814371257485,2.51497005988024,0.0600592275449101,0.5389221556886228,2.335329341317365,2.51497005988024,0.0649458089820359,10.239520958083832,CM/AM,17,5,17,7,10,51,30,45,37,7,15,14,14,18,13,18,56,54,85,57,33,27,76,44,49,51,29,85,7,86,94,93,17,90,57,14,23,27,24,7,20,18,7,17,36,5,38,21,17,51,93,76,79,7,15,43,33,43,33,31,86,83,95,98,62,71,98,95,49,51,29,85,7,86,94,93,17,90,98,26,36,52,48,10,36,31,10,33,Allsvenskan
Sirius,4jg5vd59i24chckyua90dr1lg,546vmchsyl1wt10pr13r5oup6,M. Heier,Melker Heier,25.0,Midfielder,Sweden,Midfielder,452.0,499.0,53.0,947.0,2.0,0.0,74.0,19.0,1775.0,31.0,4.0,2.0,22.0,21.0,10.0,11.0,11.0,31.0,32.0,1.0,31.0,6.0,28.0,14.0,15.0,0.0,0.0,88.09,56.38,36.36,45.16,28.57,47.74,22.22,55.56,1.5494289223706514,1.7754242956931168,14.0,55.0,1.3493999399999992,23.0,110.0,111.0,3.0612857300000016,487.0,22.91830985915493,25.301408450704223,2.687323943661972,48.01690140845071,0.1014084507042253,0.0,3.7521126760563375,0.9633802816901408,1.571830985915493,0.2028169014084507,0.1014084507042253,1.115492957746479,1.0647887323943663,0.5070422535211268,0.5577464788732395,0.5577464788732395,1.571830985915493,1.6225352112676057,0.0507042253521126,1.571830985915493,0.3042253521126761,1.419718309859155,0.7098591549295775,0.7605633802816901,0.0,0.0,88.09,56.38,36.36,45.16,28.57,47.74,22.22,55.56,0.0785625932469626,0.0900215135844397,0.7098591549295775,2.788732394366197,0.0684202786478872,1.1661971830985915,5.577464788732395,5.628169014084508,0.1552201215211268,24.692957746478875,DM/CM,90,88,90,90,14,46,71,60,85,71,79,79,89,91,88,98,95,92,69,92,82,82,91,51,50,51,70,60,82,48,55,25,12,38,82,78,96,92,95,92,90,90,90,90,57,65,72,62,5,46,28,15,72,62,68,65,72,80,65,88,78,78,62,80,65,60,72,12,50,51,70,60,82,48,55,25,12,38,55,68,85,70,80,75,70,70,68,62,Allsvenskan
Sirius,4jg5vd59i24chckyua90dr1lg,6lykrd3hzedl7xljr167gow5x,S. Sandberg,Simon Sandberg,32.0,Defender,Sweden,Defender,110.0,51.0,6.0,161.0,6.0,0.0,14.0,20.0,314.0,1.0,0.0,0.0,1.0,0.0,0.0,0.0,0.0,0.0,1.0,0.0,3.0,0.0,3.0,0.0,5.0,0.0,0.0,83.85,35.29,0.0,0.0,0.0,51.85,46.15,71.43,0.0,0.0924192211543519,0.0,1.0,0.01870347,1.0,10.0,5.0,0.24715614,113.0,31.528662420382165,14.617834394904458,1.7197452229299364,46.14649681528663,1.7197452229299364,0.0,4.012738853503184,5.732484076433121,0.286624203821656,0.0,0.0,0.286624203821656,0.0,0.0,0.0,0.0,0.0,0.286624203821656,0.0,0.8598726114649682,0.0,0.8598726114649682,0.0,1.4331210191082802,0.0,0.0,83.85,35.29,0.0,0.0,0.0,51.85,46.15,71.43,0.0,0.0264895856811836,0.0,0.286624203821656,0.0053608671974522,0.286624203821656,2.8662420382165603,1.4331210191082802,0.0708409318471337,32.388535031847134,CB,10,10,6,8,15,34,10,15,6,28,38,28,6,8,28,16,9,24,27,9,14,14,14,26,51,51,24,19,28,14,14,23,15,73,6,35,25,14,15,28,13,9,11,18,45,37,26,45,53,34,40,65,13,28,38,56,6,8,28,16,9,50,27,35,14,39,14,89,51,51,24,19,28,14,14,23,15,73,6,61,25,23,21,47,48,10,39,60,Allsvenskan
Sirius,4jg5vd59i24chckyua90dr1lg,6usylpvvapcqzwjbyzbe0vf2s,M. Soumah,Mohamed Soumah,23.0,Defender,Guinea,Defender,620.0,199.0,37.0,819.0,26.0,0.0,87.0,71.0,1520.0,22.0,0.0,0.0,2.0,9.0,8.0,1.0,2.0,15.0,15.0,4.0,26.0,5.0,11.0,10.0,20.0,0.0,0.0,92.75,54.41,0.0,66.67,55.56,64.44,60.47,68.97,1.2649563771994448,0.15919707991272,1.0,11.0,0.21705934,2.0,30.0,39.0,0.9816144199999992,579.0,36.71052631578947,11.782894736842104,2.1907894736842106,48.493421052631575,1.5394736842105263,0.0,5.151315789473684,4.203947368421052,1.3026315789473684,0.0,0.0,0.1184210526315789,0.5328947368421052,0.4736842105263157,0.0592105263157894,0.1184210526315789,0.888157894736842,0.888157894736842,0.2368421052631578,1.5394736842105263,0.2960526315789473,0.6513157894736842,0.5921052631578947,1.1842105263157894,0.0,0.0,92.75,54.41,0.0,66.67,55.56,64.44,60.47,68.97,0.0748987328604934,0.0094261428895689,0.0592105263157894,0.6513157894736842,0.0128521977631578,0.1184210526315789,1.776315789473684,2.3092105263157894,0.0581219064473683,34.2828947368421,CB,89,53,69,78,69,34,89,70,95,28,38,44,73,79,65,70,94,94,98,96,93,56,97,94,51,51,94,85,28,71,94,79,48,63,81,45,61,69,68,40,43,48,45,90,76,21,45,53,48,34,76,31,90,28,38,24,58,65,63,53,85,85,94,82,84,24,95,73,51,51,94,85,28,71,94,79,48,63,74,31,55,55,52,26,18,24,16,66,Allsvenskan
Sirius,4jg5vd59i24chckyua90dr1lg,9jqz6yi90pj9dlvgktdwrsf10,V. Ekström,Victor Ekström,23.0,Defender,Sweden,Defender,142.0,90.0,13.0,231.0,9.0,0.0,43.0,29.0,661.0,9.0,1.0,0.0,2.0,4.0,3.0,1.0,1.0,8.0,8.0,1.0,17.0,1.0,7.0,3.0,15.0,0.0,0.0,83.09,50.0,12.5,37.5,25.0,57.33,60.0,68.18,0.4129399704936785,0.2026110652236346,2.0,3.0,0.07038899,4.0,16.0,16.0,0.4591592099999999,86.0,19.334341906202724,12.254160363086234,1.7700453857791223,31.45234493192133,1.2254160363086233,0.0,5.854765506807867,3.94856278366112,1.2254160363086233,0.1361573373676248,0.0,0.2723146747352496,0.5446293494704992,0.4084720121028744,0.1361573373676248,0.1361573373676248,1.0892586989409985,1.0892586989409985,0.1361573373676248,2.3146747352496218,0.1361573373676248,0.9531013615733738,0.4084720121028744,2.042360060514372,0.0,0.0,83.09,50.0,12.5,37.5,25.0,57.33,60.0,68.18,0.0562248068750848,0.0275869831620682,0.2723146747352496,0.4084720121028744,0.0095839774583963,0.5446293494704992,2.178517397881997,2.178517397881997,0.062517895461422,11.709531013615734,CB,19,21,23,18,24,34,48,26,63,66,38,44,48,38,65,44,80,80,68,73,41,36,73,77,51,51,19,73,60,49,48,40,47,60,40,50,80,32,32,57,23,19,27,10,11,23,27,10,24,34,92,19,87,74,38,52,60,50,74,63,90,90,81,100,52,47,89,98,51,51,19,73,60,49,48,40,47,60,50,65,85,34,34,71,24,21,23,10,Allsvenskan
Sirius,4jg5vd59i24chckyua90dr1lg,cyfc3jp6b6p7a03s0x3c2g00k,O. Adindu,Odera Adindu,20.0,Attacker,Nigeria,Striker,39.0,103.0,6.0,134.0,9.0,0.0,29.0,11.0,599.0,3.0,8.0,2.0,10.0,12.0,11.0,1.0,4.0,11.0,11.0,1.0,6.0,4.0,36.0,5.0,8.0,0.0,0.0,78.82,35.29,42.11,45.45,33.33,42.03,47.37,61.54,1.0304568349562218,1.1402889563939904,7.0,21.0,0.68494103,9.0,3.0,8.0,1.5451924099999998,31.0,5.859766277128547,15.475792988313856,0.9015025041736228,20.13355592654424,1.352253756260434,0.0,4.3572621035058425,1.6527545909849748,0.4507512520868113,1.2020033388981637,0.3005008347245408,1.5025041736227045,1.8030050083472453,1.6527545909849748,0.1502504173622704,0.6010016694490817,1.6527545909849748,1.6527545909849748,0.1502504173622704,0.9015025041736228,0.6010016694490817,5.409015025041736,0.7512520868113522,1.2020033388981637,0.0,0.0,78.82,35.29,42.11,45.45,33.33,42.03,47.37,61.54,0.1548265695259765,0.1713288916117848,1.0517529215358932,3.15525876460768,0.1029126756260433,1.352253756260434,0.4507512520868113,1.2020033388981637,0.2321658045075124,4.657762938230384,RW,73,64,73,64,77,55,59,91,18,82,91,55,36,45,18,45,55,50,32,91,32,64,64,86,55,55,55,45,100,91,41,64,73,55,18,64,45,73,73,73,45,55,82,64,73,73,91,73,82,55,64,91,18,91,91,55,27,36,18,27,55,45,45,91,18,55,73,100,55,55,55,45,100,91,41,64,73,55,9,73,55,91,91,91,27,36,100,36,Allsvenskan
Sirius,4jg5vd59i24chckyua90dr1lg,d9p7v146ey16f60njfophdyhh,H. Rönnlöf Castegren,Henrik Rönnlöf Castegren,30.0,Defender,Sweden,Defender,471.0,351.0,72.0,820.0,31.0,1.0,74.0,68.0,1710.0,5.0,2.0,0.0,6.0,20.0,10.0,10.0,3.0,8.0,8.0,2.0,21.0,11.0,23.0,3.0,23.0,1.0,0.0,86.59,55.81,9.09,37.5,55.0,50.34,56.36,65.71,1.924192208047904,0.4233287255249517,5.0,13.0,0.2680198,8.0,88.0,90.0,2.3780997100000008,495.0,24.789473684210527,18.473684210526315,3.789473684210526,43.1578947368421,1.631578947368421,0.0526315789473684,3.8947368421052633,3.5789473684210527,0.2631578947368421,0.1052631578947368,0.0,0.3157894736842105,1.0526315789473684,0.5263157894736842,0.5263157894736842,0.1578947368421052,0.4210526315789473,0.4210526315789473,0.1052631578947368,1.105263157894737,0.5789473684210527,1.2105263157894737,0.1578947368421052,1.2105263157894737,0.0526315789473684,0.0,86.59,55.81,9.09,37.5,55.0,50.34,56.36,65.71,0.1012732741077844,0.0222804592381553,0.2631578947368421,0.6842105263157895,0.0141063052631578,0.4210526315789473,4.631578947368421,4.7368421052631575,0.125163142631579,26.05263157894737,RB/RCB,88,62,94,81,100,84,69,94,25,28,25,41,100,91,100,66,34,34,100,72,100,53,31,81,100,53,75,100,25,25,94,31,69,62,100,38,91,50,50,38,88,75,50,81,75,50,94,75,94,75,38,75,6,19,25,31,94,81,81,31,25,25,94,62,100,31,12,56,100,53,75,100,25,25,94,31,69,62,88,19,62,25,25,19,88,69,38,69,Allsvenskan
Sirius,4jg5vd59i24chckyua90dr1lg,dy1lhnql8cpw307wcxw3brndg,V. Svensson,Victor Svensson,20.0,Midfielder,Sweden,Midfielder,71.0,124.0,9.0,195.0,15.0,0.0,86.0,12.0,1298.0,30.0,0.0,3.0,17.0,23.0,14.0,9.0,8.0,13.0,13.0,2.0,4.0,6.0,38.0,6.0,15.0,0.0,0.0,74.71,36.0,0.0,46.15,26.09,50.89,44.12,42.86,2.082927187056212,1.290805689440167,5.0,9.0,0.27245736,4.0,23.0,27.0,0.9080083999999998,84.0,4.922958397534669,8.59784283513097,0.6240369799691834,13.520801232665638,1.0400616332819723,0.0,5.963020030816641,0.8320493066255777,2.0801232665639446,0.0,0.2080123266563944,1.1787365177195686,1.5947611710323577,0.970724191063174,0.6240369799691834,0.5546995377503852,0.901386748844376,0.901386748844376,0.1386748844375963,0.2773497688751926,0.4160246533127889,2.6348228043143296,0.4160246533127889,1.0400616332819723,0.0,0.0,74.71,36.0,0.0,46.15,26.09,50.89,44.12,42.86,0.1444248434784738,0.0895011649072534,0.3466872110939907,0.6240369799691834,0.0188914964560862,0.2773497688751926,1.5947611710323577,1.87211093990755,0.0629589799691833,5.824345146379045,CM/AM,31,33,42,33,92,51,92,71,93,7,80,64,69,75,68,73,31,27,60,26,57,64,42,69,49,51,7,18,7,71,29,90,71,5,71,60,40,12,19,11,38,43,38,33,7,2,29,2,86,51,76,48,76,7,69,38,50,52,55,62,10,10,52,17,33,31,19,52,49,51,7,18,7,71,29,90,71,5,43,31,31,2,2,5,17,19,7,7,Allsvenskan
Sirius,4jg5vd59i24chckyua90dr1lg,rxypx04u4hxdd5dfwoazp2xg,I. Bjerkebo,Isak Bjerkebo,23.0,Attacker,Sweden,Striker,69.0,382.0,9.0,432.0,1.0,0.0,60.0,8.0,1852.0,14.0,19.0,5.0,36.0,74.0,55.0,19.0,23.0,70.0,78.0,13.0,4.0,34.0,161.0,28.0,14.0,0.0,0.0,79.7,33.33,21.59,40.0,45.95,37.5,12.5,82.35,5.745428367951534,4.104097505623564,39.0,63.0,2.0899853099999985,18.0,30.0,61.0,4.215415959999996,173.0,3.3531317494600428,18.56371490280777,0.437365010799136,20.99352051835853,0.0485961123110151,0.0,2.9157667386609067,0.3887688984881209,0.6803455723542116,0.9233261339092872,0.2429805615550755,1.749460043196544,3.5961123110151187,2.672786177105831,0.9233261339092872,1.1177105831533476,3.4017278617710582,3.790496760259179,0.6317494600431965,0.1943844492440604,1.652267818574514,7.823974082073433,1.3606911447084231,0.6803455723542116,0.0,0.0,79.7,33.33,21.59,40.0,45.95,37.5,12.5,82.35,0.279205482243865,0.1994431833186397,1.8952483801295887,3.061555075593952,0.1015651608531316,0.8747300215982721,1.4578833693304534,2.964362850971922,0.2048528274298054,8.407127429805614,LW,44,89,56,78,17,56,67,50,56,100,78,78,100,100,89,94,89,89,100,17,100,100,89,67,56,56,33,17,44,22,78,22,11,100,89,89,100,78,78,78,78,78,89,78,11,44,22,33,11,56,11,22,11,78,67,67,78,89,67,67,78,78,100,11,100,89,56,33,56,56,33,17,44,22,78,22,11,100,67,78,100,33,33,33,44,56,67,33,Allsvenskan
Kalmar,bqtquhot4yruw677rkc607lk6,2w5kpopglb9zy46o2ndxrfalm,A. Almqvist,Alexander Almqvist,26.0,Defender,Sweden,Defender,148.0,101.0,7.0,249.0,8.0,0.0,12.0,14.0,308.0,0.0,0.0,0.0,0.0,1.0,1.0,0.0,0.0,1.0,1.0,0.0,4.0,0.0,2.0,1.0,2.0,0.0,0.0,89.89,46.67,0.0,100.0,0.0,57.14,66.67,66.67,0.0904510775040885,0.0,0.0,4.0,0.07039539,1.0,16.0,17.0,0.3463121899999998,162.0,43.24675324675325,29.51298701298701,2.0454545454545454,72.75974025974027,2.337662337662338,0.0,3.5064935064935066,4.090909090909091,0.0,0.0,0.0,0.0,0.2922077922077922,0.2922077922077922,0.0,0.0,0.2922077922077922,0.2922077922077922,0.0,1.168831168831169,0.0,0.5844155844155845,0.2922077922077922,0.5844155844155845,0.0,0.0,89.89,46.67,0.0,100.0,0.0,57.14,66.67,66.67,0.0264305096602856,0.0,0.0,1.168831168831169,0.0205700814935064,0.2922077922077922,4.675324675324676,4.967532467532468,0.1011951204545454,47.33766233766234,LB/LCB,29,8,4,21,33,40,4,12,4,8,25,4,8,19,10,6,4,4,35,6,15,8,17,4,50,50,100,92,8,100,15,67,92,40,8,4,12,8,8,4,12,8,8,38,100,92,46,100,96,40,12,79,4,8,25,4,12,50,10,6,8,8,35,50,15,12,33,8,50,50,100,92,8,100,15,67,92,40,17,4,12,33,17,8,83,75,21,100,Allsvenskan
Kalmar,bqtquhot4yruw677rkc607lk6,3chh3soynyxwjgkf4iyd2rh90,N. Chourak,Nassef Chourak,22.0,Midfielder,Netherlands,Midfielder,188.0,273.0,19.0,456.0,5.0,0.0,58.0,13.0,1069.0,24.0,5.0,0.0,14.0,29.0,7.0,22.0,11.0,14.0,14.0,0.0,12.0,10.0,14.0,6.0,12.0,0.0,0.0,89.24,59.38,12.82,42.86,34.48,50.43,33.33,52.17,1.962225225759552,1.1595904927988767,21.0,53.0,1.2091902399999992,14.0,48.0,54.0,1.4612410999999996,212.0,15.827876520112254,22.984097287184284,1.5996258185219832,38.3910196445276,0.4209541627689429,0.0,4.883068288119738,1.0944808231992516,2.020579981290926,0.4209541627689429,0.0,1.17867165575304,2.441534144059869,0.5893358278765201,1.8521983161833488,0.9260991580916744,1.17867165575304,1.17867165575304,0.0,1.010289990645463,0.8419083255378859,1.17867165575304,0.5051449953227315,1.010289990645463,0.0,0.0,89.24,59.38,12.82,42.86,34.48,50.43,33.33,52.17,0.1652013754147424,0.0976268890101954,1.7680074836295605,4.462114125350795,0.1018027330215153,1.17867165575304,4.041159962581852,4.546304957904583,0.1230231047708138,17.84845650140318,CM/AM,81,64,77,67,51,51,58,75,76,64,15,49,83,35,90,89,38,35,18,79,76,14,42,51,49,51,95,67,26,60,48,86,43,19,67,52,93,95,83,57,71,69,60,69,81,67,79,76,48,51,57,64,74,62,15,36,79,26,93,90,17,17,18,67,74,14,31,48,49,51,95,67,26,60,48,86,43,19,48,36,93,93,90,55,76,76,52,74,Allsvenskan
Kalmar,bqtquhot4yruw677rkc607lk6,4r8xqhcqxugg2wk1g2n4x1at,L. Sætra,Lars Sætra,35.0,Defender,Norway,Defender,511.0,216.0,44.0,727.0,26.0,0.0,42.0,80.0,1314.0,5.0,0.0,0.0,4.0,4.0,4.0,0.0,0.0,2.0,2.0,0.0,10.0,1.0,16.0,1.0,6.0,0.0,0.0,89.64,53.01,0.0,50.0,25.0,54.55,66.67,60.0,0.5757094155297934,0.3594444289288577,0.0,9.0,0.17379532,2.0,58.0,59.0,1.247535850000001,454.0,35.0,14.794520547945206,3.0136986301369864,49.7945205479452,1.7808219178082192,0.0,2.8767123287671232,5.47945205479452,0.3424657534246575,0.0,0.0,0.273972602739726,0.273972602739726,0.273972602739726,0.0,0.0,0.136986301369863,0.136986301369863,0.0,0.684931506849315,0.0684931506849315,1.095890410958904,0.0684931506849315,0.4109589041095891,0.0,0.0,89.64,53.01,0.0,50.0,25.0,54.55,66.67,60.0,0.0394321517486159,0.0246194814334834,0.0,0.6164383561643836,0.0119037890410958,0.136986301369863,3.9726027397260273,4.041095890410959,0.0854476609589041,31.095890410958905,CB,73,56,81,71,69,34,45,77,42,28,38,63,48,53,28,16,41,40,27,46,41,68,40,35,51,51,73,79,28,58,48,32,72,35,55,69,25,58,52,40,69,69,60,69,66,39,71,58,55,34,11,53,21,28,38,53,29,32,28,16,31,27,27,15,31,58,35,11,51,51,73,79,28,58,48,32,72,35,31,58,25,52,44,27,65,61,48,53,Allsvenskan
Kalmar,bqtquhot4yruw677rkc607lk6,4w8yuib6lrya8ucle0j9maxka,V. Larsson,Victor Larsson,26.0,Defender,Sweden,Defender,269.0,305.0,16.0,570.0,20.0,0.0,71.0,45.0,1592.0,14.0,4.0,0.0,15.0,11.0,9.0,2.0,3.0,16.0,18.0,0.0,15.0,2.0,33.0,8.0,20.0,0.0,0.0,82.13,37.21,23.53,50.0,18.18,45.51,45.45,64.52,1.1020200429482432,1.020941980457185,0.0,49.0,1.2292322899999992,24.0,51.0,55.0,1.7908315500000005,306.0,15.207286432160805,17.242462311557787,0.9045226130653266,32.22361809045226,1.1306532663316582,0.0,4.013819095477387,2.543969849246231,0.7914572864321607,0.2261306532663316,0.0,0.8479899497487436,0.621859296482412,0.5087939698492462,0.1130653266331658,0.1695979899497487,0.9045226130653266,1.0175879396984924,0.0,0.8479899497487436,0.1130653266331658,1.865577889447236,0.4522613065326633,1.1306532663316582,0.0,0.0,82.13,37.21,23.53,50.0,18.18,45.51,45.45,64.52,0.0623001280561192,0.0577165692469514,0.0,2.7701005025125625,0.0694917751884421,1.3567839195979898,2.8831658291457285,3.10929648241206,0.1012404770728643,17.298994974874372,LB/LCB,75,67,38,71,77,40,71,62,71,31,25,62,79,88,33,62,65,65,35,50,65,83,67,67,50,50,62,67,50,60,56,17,21,33,83,50,12,96,88,88,71,58,54,83,25,29,4,21,50,40,42,33,38,21,25,42,50,71,29,42,42,46,35,17,46,67,54,50,50,50,62,67,50,60,56,17,21,33,67,29,12,92,83,83,38,33,25,54,Allsvenskan
Kalmar,bqtquhot4yruw677rkc607lk6,5evxshthg9jw1215rwe8mywvd,S. Øverby,Sivert Øverby,27.0,Defender,Norway,Defender,108.0,131.0,14.0,232.0,9.0,0.0,27.0,28.0,542.0,3.0,7.0,0.0,9.0,7.0,4.0,3.0,2.0,6.0,6.0,0.0,7.0,0.0,16.0,1.0,10.0,0.0,0.0,77.59,31.11,24.14,16.67,0.0,60.0,69.23,71.43,0.5555295978296922,0.7177276133173547,1.0,11.0,0.32010751,6.0,20.0,26.0,1.0501974800000002,86.0,17.933579335793358,21.75276752767528,2.3247232472324724,38.5239852398524,1.4944649446494465,0.0,4.483394833948339,4.649446494464945,0.4981549815498155,1.1623616236162362,0.0,1.4944649446494465,1.1623616236162362,0.6642066420664207,0.4981549815498155,0.3321033210332103,0.996309963099631,0.996309963099631,0.0,1.1623616236162362,0.0,2.656826568265682,0.1660516605166051,1.6605166051660516,0.0,0.0,77.59,31.11,24.14,16.67,0.0,60.0,69.23,71.43,0.0922466121857422,0.1191798619899666,0.1660516605166051,1.826568265682657,0.0531543835793357,0.996309963099631,3.321033210332103,4.317343173431734,0.1743870354243543,14.280442804428043,LB/LCB,8,21,23,12,50,40,21,38,12,46,25,44,44,54,48,40,21,21,35,17,15,46,17,31,50,50,19,29,54,12,15,73,96,73,46,33,29,25,33,31,23,25,33,4,42,67,54,54,83,40,67,88,21,79,25,83,92,83,79,75,50,42,35,46,15,96,12,75,50,50,19,29,54,12,15,73,96,73,88,62,46,58,71,50,50,50,67,21,Allsvenskan
Kalmar,bqtquhot4yruw677rkc607lk6,5q20jb98g7acxc4ixvuhspwtm,A. Magashy,Abdussalam Magashy,28.0,Midfielder,Nigeria,Midfielder,48.0,93.0,1.0,140.0,2.0,0.0,26.0,11.0,677.0,10.0,1.0,1.0,7.0,9.0,7.0,2.0,1.0,13.0,13.0,1.0,2.0,3.0,30.0,3.0,7.0,0.0,0.0,84.85,16.67,33.33,23.08,33.33,30.95,22.22,63.64,0.9308258631284524,0.5789167611015024,1.0,12.0,0.3752542199999999,5.0,5.0,13.0,0.51372175,40.0,6.381093057607091,12.363367799113735,0.1329394387001477,18.61152141802068,0.2658788774002954,0.0,3.4564254062038406,1.4623338257016247,1.329394387001477,0.1329394387001477,0.1329394387001477,0.930576070901034,1.1964549483013294,0.930576070901034,0.2658788774002954,0.1329394387001477,1.7282127031019203,1.7282127031019203,0.1329394387001477,0.2658788774002954,0.3988183161004431,3.988183161004432,0.3988183161004431,0.930576070901034,0.0,0.0,84.85,16.67,33.33,23.08,33.33,30.95,22.22,63.64,0.1237434677718769,0.0769608692749412,0.1329394387001477,1.5952732644017726,0.0498860853766617,0.6646971935007385,0.6646971935007385,1.7282127031019203,0.0682938810930576,5.317577548005908,CM/AM,19,17,4,17,20,51,17,65,27,23,43,14,19,35,13,7,31,27,43,11,20,49,13,25,49,51,62,2,88,7,44,5,21,58,24,19,11,24,26,18,2,13,10,5,17,17,2,12,29,51,19,86,33,31,45,14,29,45,14,7,48,48,48,14,31,64,17,36,49,51,62,2,88,7,44,5,21,58,31,19,12,17,29,14,2,17,14,5,Allsvenskan
Kalmar,bqtquhot4yruw677rkc607lk6,7hr8mxix88otsvgitsv184g0k,M. Söderbäck,Marius Söderbäck,22.0,Midfielder,Finland,Midfielder,82.0,148.0,5.0,225.0,7.0,0.0,77.0,5.0,1122.0,29.0,5.0,2.0,16.0,23.0,13.0,10.0,6.0,33.0,35.0,0.0,15.0,7.0,60.0,8.0,24.0,0.0,0.0,80.36,71.43,27.78,24.24,30.43,50.66,50.0,72.73,2.1140679230388626,1.6456160657729697,10.0,38.0,1.0932049099999994,15.0,13.0,13.0,1.2896459800000002,81.0,6.577540106951871,11.871657754010696,0.4010695187165775,18.048128342245988,0.5614973262032086,0.0,6.176470588235294,0.4010695187165775,2.3262032085561497,0.4010695187165775,0.160427807486631,1.2834224598930482,1.8449197860962567,1.0427807486631016,0.8021390374331551,0.481283422459893,2.647058823529412,2.807486631016043,0.0,1.2032085561497323,0.5614973262032086,4.81283422459893,0.6417112299465241,1.925133689839572,0.0,0.0,80.36,71.43,27.78,24.24,30.43,50.66,50.0,72.73,0.1695776408854702,0.1320012886983665,0.8021390374331551,3.048128342245989,0.0876902334224598,1.2032085561497323,1.0427807486631016,1.0427807486631016,0.1034475385026738,6.497326203208556,CM/AM,38,38,26,36,67,51,81,24,90,64,67,57,69,70,74,54,82,83,18,87,67,81,55,98,49,51,40,92,79,10,38,88,86,81,74,67,74,73,71,64,20,13,52,31,19,10,12,10,57,51,79,21,88,57,60,45,67,55,69,52,74,74,18,81,52,86,48,90,49,51,40,92,79,10,38,88,86,81,52,50,76,71,79,63,7,2,36,10,Allsvenskan
Kalmar,bqtquhot4yruw677rkc607lk6,7xxqn9xu5izixdi9spsjf1t5h,M. Hallberg,Melker Hallberg,30.0,Midfielder,Sweden,Midfielder,360.0,334.0,23.0,678.0,19.0,2.0,50.0,35.0,1269.0,11.0,16.0,2.0,19.0,17.0,5.0,12.0,4.0,10.0,11.0,0.0,5.0,6.0,16.0,2.0,9.0,0.0,0.0,89.09,52.27,30.19,20.0,35.29,44.64,46.34,50.0,1.3363817752423754,1.8774704652155776,4.0,26.0,0.6338281099999998,13.0,35.0,51.0,1.9177401800000025,352.0,25.53191489361702,23.68794326241135,1.6312056737588654,48.08510638297872,1.3475177304964538,0.1418439716312056,3.546099290780142,2.4822695035460995,0.7801418439716312,1.1347517730496457,0.1418439716312056,1.3475177304964538,1.2056737588652482,0.3546099290780142,0.851063829787234,0.2836879432624113,0.7092198581560284,0.7801418439716312,0.0,0.3546099290780142,0.425531914893617,1.1347517730496457,0.1418439716312056,0.6382978723404256,0.0,0.0,89.09,52.27,30.19,20.0,35.29,44.64,46.34,50.0,0.0947788493079699,0.1331539337032324,0.2836879432624113,1.843971631205673,0.0449523482269503,0.9219858156028368,2.4822695035460995,3.617021276595745,0.1360099418439718,24.9645390070922,DM/CM,72,57,45,65,92,100,45,89,46,95,79,74,81,64,92,62,45,49,29,19,82,62,31,39,50,51,82,50,70,15,78,20,57,16,75,88,51,57,65,66,36,46,60,55,72,60,32,65,85,100,18,88,30,92,80,78,78,55,82,50,30,35,29,8,80,45,18,10,50,51,82,50,70,15,78,20,57,16,68,95,32,48,42,62,8,30,62,65,Allsvenskan
Kalmar,bqtquhot4yruw677rkc607lk6,86fokf6u54eq39xx5r5smyqui,C. Gustafsson,Carl Gustafsson,26.0,Midfielder,Sweden,Midfielder,275.0,378.0,38.0,641.0,6.0,0.0,60.0,22.0,935.0,21.0,12.0,0.0,8.0,13.0,2.0,11.0,2.0,8.0,8.0,2.0,20.0,6.0,15.0,2.0,20.0,0.0,0.0,81.86,47.5,28.57,25.0,46.15,60.0,60.0,64.52,1.1295323055247817,0.8209661247550433,7.0,25.0,0.56477972,12.0,84.0,108.0,2.661614139999998,396.0,26.47058823529412,36.38502673796791,3.657754010695187,61.70053475935829,0.5775401069518716,0.0,5.775401069518717,2.117647058823529,2.021390374331551,1.1550802139037433,0.0,0.7700534759358288,1.2513368983957218,0.1925133689839572,1.0588235294117647,0.1925133689839572,0.7700534759358288,0.7700534759358288,0.1925133689839572,1.925133689839572,0.5775401069518716,1.4438502673796791,0.1925133689839572,1.925133689839572,0.0,0.0,81.86,47.5,28.57,25.0,46.15,60.0,60.0,64.52,0.1087250347563961,0.0790234772491485,0.6737967914438503,2.406417112299465,0.054363823315508,1.1550802139037433,8.085561497326204,10.395721925133689,0.2561981525133688,38.11764705882353,DM/CM,55,70,75,52,48,46,57,62,74,89,26,44,72,38,88,41,35,35,89,64,82,57,31,66,50,51,15,32,62,21,98,90,81,62,68,50,78,55,52,61,72,88,82,80,80,92,90,95,38,46,75,78,92,95,26,50,80,30,94,38,38,32,98,85,98,68,20,80,50,51,15,32,62,21,98,90,81,62,82,57,82,65,62,72,92,100,95,95,Allsvenskan
Kalmar,bqtquhot4yruw677rkc607lk6,8aj9c2doiu9g4hd573mq0mms5,R. Gojani,Robert Gojani,33.0,Midfielder,Sweden,Midfielder,295.0,357.0,32.0,647.0,6.0,0.0,47.0,24.0,1450.0,11.0,5.0,2.0,11.0,12.0,2.0,10.0,4.0,12.0,12.0,0.0,18.0,2.0,11.0,4.0,14.0,0.0,0.0,86.85,57.14,25.0,33.33,16.67,55.95,54.55,53.85,1.27373619904099,0.9746952628320862,8.0,27.0,0.6138284599999999,19.0,86.0,88.0,1.9993533400000003,368.0,18.310344827586206,22.158620689655173,1.986206896551724,40.15862068965517,0.3724137931034483,0.0,2.917241379310345,1.4896551724137932,0.6827586206896552,0.3103448275862069,0.1241379310344827,0.6827586206896552,0.7448275862068966,0.1241379310344827,0.6206896551724138,0.2482758620689655,0.7448275862068966,0.7448275862068966,0.0,1.1172413793103448,0.1241379310344827,0.6827586206896552,0.2482758620689655,0.8689655172413794,0.0,0.0,86.85,57.14,25.0,33.33,16.67,55.95,54.55,53.85,0.0790594882163373,0.0604983266585432,0.496551724137931,1.6758620689655173,0.0380996975172413,1.1793103448275863,5.337931034482759,5.462068965517242,0.1240977935172414,22.841379310344827,DM/CM,57,62,57,55,48,46,41,69,46,75,79,60,68,38,81,62,54,52,29,60,46,44,40,48,50,51,57,69,51,30,28,70,70,35,72,62,85,61,60,86,78,74,62,60,35,50,48,40,28,46,5,38,25,72,78,35,42,18,70,42,35,28,29,42,35,22,25,18,50,51,57,69,51,30,28,70,70,35,60,45,65,40,35,78,60,68,50,52,Allsvenskan
Kalmar,bqtquhot4yruw677rkc607lk6,8rhulzkyg64bdhppxn86trf8,C. Sagoe,Charles Sagoe,22.0,Attacker,England,Striker,118.0,377.0,19.0,479.0,4.0,0.0,136.0,8.0,1813.0,45.0,16.0,8.0,38.0,47.0,29.0,18.0,20.0,104.0,109.0,3.0,16.0,13.0,118.0,53.0,19.0,0.0,0.0,79.83,45.24,29.63,50.96,27.66,50.18,33.33,55.88,3.853904493397468,3.774593876532848,24.0,119.0,3.816448860000001,40.0,38.0,64.0,4.354938119999997,208.0,5.857694429123,18.71483728626586,0.9431880860452287,23.77826806398235,0.1985659128516271,0.0,6.751241036955323,0.3971318257032542,2.233866519580805,0.7942636514065085,0.3971318257032542,1.8863761720904573,2.3331494760066187,1.4396028681742967,0.8935466078323221,0.9928295642581356,5.162713734142305,5.410921125206839,0.1489244346387203,0.7942636514065085,0.6453392167677882,5.857694429123,2.6309983452840595,0.9431880860452287,0.0,0.0,79.83,45.24,29.63,50.96,27.66,50.18,33.33,55.88,0.1913135159436139,0.1873764196844767,1.1913954771097628,5.907335907335907,0.1894541629343629,1.9856591285162712,1.8863761720904573,3.177054605626034,0.2161855658025371,10.32542746828461,LW,100,78,100,89,61,56,100,50,100,78,89,89,78,67,78,67,100,100,56,89,78,89,100,89,56,56,44,44,89,67,22,78,72,22,56,78,78,100,100,100,89,89,100,89,56,56,78,44,44,56,100,33,89,56,89,78,33,22,56,44,100,100,22,78,33,56,100,56,56,56,44,44,89,67,22,78,72,22,22,67,56,100,100,100,56,89,78,67,Allsvenskan
Kalmar,bqtquhot4yruw677rkc607lk6,agw4ksz62ddb0q7h7lon4na0a,A. Keita,Aboubacar Keita,26.0,Defender,USA,Defender,218.0,102.0,16.0,320.0,9.0,0.0,33.0,24.0,589.0,8.0,0.0,0.0,1.0,6.0,5.0,1.0,1.0,9.0,9.0,2.0,7.0,3.0,6.0,5.0,7.0,0.0,0.0,85.11,34.04,0.0,55.56,50.0,68.75,64.29,63.64,0.8323990331212239,0.0523740688321951,1.0,4.0,0.08279574,1.0,28.0,34.0,0.58014617,216.0,33.3106960950764,15.585738539898133,2.444821731748726,48.89643463497453,1.3752122241086588,0.0,5.042444821731749,3.66723259762309,1.222410865874363,0.0,0.0,0.1528013582342954,0.9168081494057724,0.7640067911714771,0.1528013582342954,0.1528013582342954,1.3752122241086588,1.3752122241086588,0.3056027164685908,1.069609507640068,0.4584040747028862,0.9168081494057724,0.7640067911714771,1.069609507640068,0.0,0.0,85.11,34.04,0.0,55.56,50.0,68.75,64.29,63.64,0.1271917028538372,0.0080028288538158,0.1528013582342954,0.6112054329371817,0.0126513015280135,0.1528013582342954,4.278438030560272,5.195246179966044,0.0886471227504244,33.00509337860781,CB,37,29,34,27,24,34,37,21,55,28,38,28,58,63,65,44,85,84,90,27,75,29,88,42,51,51,35,12,28,64,88,97,64,44,65,26,61,35,34,28,40,40,35,37,60,48,52,55,35,34,71,16,85,28,38,39,85,84,77,68,97,97,97,52,97,44,98,65,51,51,35,12,28,64,88,97,64,44,89,27,79,50,50,31,68,76,50,63,Allsvenskan
Kalmar,bqtquhot4yruw677rkc607lk6,pa1381haxe650pg5nm782zv8,Z. Råvik,Zakarias Råvik,20.0,Defender,Sweden,Defender,135.0,35.0,7.0,170.0,6.0,1.0,16.0,19.0,345.0,3.0,0.0,0.0,0.0,1.0,1.0,0.0,0.0,5.0,5.0,0.0,4.0,0.0,6.0,1.0,5.0,0.0,0.0,85.0,31.82,0.0,20.0,0.0,48.48,85.71,83.33,0.1258797693703972,0.0,0.0,2.0,0.0478667,2.0,6.0,11.0,0.2928332699999998,98.0,35.21739130434783,9.130434782608695,1.826086956521739,44.34782608695652,1.5652173913043477,0.2608695652173913,4.173913043478261,4.956521739130435,0.7826086956521738,0.0,0.0,0.0,0.2608695652173913,0.2608695652173913,0.0,0.0,1.3043478260869563,1.3043478260869563,0.0,1.0434782608695652,0.0,1.5652173913043477,0.2608695652173913,1.3043478260869563,0.0,0.0,85.0,31.82,0.0,20.0,0.0,48.48,85.71,83.33,0.032838200705321,0.0,0.0,0.5217391304347826,0.0124869652173913,0.5217391304347826,1.5652173913043477,2.869565217391304,0.0763912878260869,25.565217391304348,CB,16,7,8,11,15,82,14,13,23,28,38,10,16,18,28,16,69,68,27,14,14,29,40,26,51,51,34,8,28,31,14,11,100,94,19,11,25,25,29,40,10,15,13,13,68,6,29,35,52,98,45,47,63,28,38,10,26,29,28,16,95,95,27,48,14,81,71,81,51,51,34,8,28,31,14,11,100,94,27,11,25,42,48,68,13,39,42,35,Allsvenskan
Malmö FF,93ohqui2qgqm8408viwmm1ken,18hvkqjcvc4g91pj4pf8cqkgk,A. Höög,Anton Höög,19.0,Midfielder,Sweden,Midfielder,39.0,123.0,2.0,162.0,1.0,0.0,20.0,5.0,601.0,4.0,0.0,1.0,10.0,10.0,8.0,2.0,2.0,8.0,8.0,1.0,2.0,6.0,36.0,1.0,10.0,0.0,0.0,86.63,50.0,0.0,12.5,60.0,31.75,12.5,71.43,1.0584850045315035,0.7406732200971052,1.0,31.0,0.9531793199999996,11.0,8.0,11.0,0.2863680899999999,50.0,5.840266222961731,18.419301164725457,0.2995008319467554,24.259567387687188,0.1497504159733777,0.0,2.995008319467554,0.7487520798668885,0.5990016638935108,0.0,0.1497504159733777,1.497504159733777,1.497504159733777,1.1980033277870217,0.2995008319467554,0.2995008319467554,1.1980033277870217,1.1980033277870217,0.1497504159733777,0.2995008319467554,0.8985024958402662,5.391014975041597,0.1497504159733777,1.497504159733777,0.0,0.0,86.63,50.0,0.0,12.5,60.0,31.75,12.5,71.43,0.1585085697301752,0.1109161228098826,0.1497504159733777,4.642262895174708,0.1427389996672212,1.6472545757071546,1.1980033277870217,1.6472545757071546,0.0428837405990016,7.487520798668885,CM/AM,12,31,8,24,10,51,10,24,7,7,43,30,21,44,13,18,14,14,43,11,57,61,2,38,49,51,74,50,7,5,98,7,13,77,29,24,11,61,69,45,10,6,5,10,14,48,5,36,12,51,12,40,10,7,57,57,43,67,21,21,21,21,60,20,81,95,5,74,49,51,74,50,7,5,98,7,13,77,45,43,14,95,100,86,10,14,2,14,Allsvenskan
Malmö FF,93ohqui2qgqm8408viwmm1ken,1pkp4fqrgj87mk6x7lhryt6vo,A. Skogmar,Adrian Skogmar,20.0,Midfielder,Sweden,Midfielder,169.0,331.0,10.0,498.0,3.0,0.0,57.0,19.0,1420.0,18.0,2.0,0.0,28.0,21.0,15.0,6.0,8.0,46.0,47.0,4.0,17.0,7.0,63.0,13.0,15.0,0.0,0.0,86.46,43.48,14.29,28.26,33.33,38.26,25.0,65.22,1.8872005769892617,2.1400217506288506,1.0,46.0,1.2839438299999997,18.0,45.0,45.0,1.5346759399999994,207.0,10.711267605633802,20.97887323943662,0.6338028169014084,31.56338028169014,0.1901408450704225,0.0,3.612676056338028,1.204225352112676,1.1408450704225352,0.1267605633802817,0.0,1.7746478873239435,1.3309859154929575,0.9507042253521126,0.380281690140845,0.5070422535211268,2.9154929577464785,2.9788732394366195,0.2535211267605634,1.0774647887323945,0.4436619718309859,3.992957746478873,0.823943661971831,0.9507042253521126,0.0,0.0,86.46,43.48,14.29,28.26,33.33,38.26,25.0,65.22,0.1196113041753757,0.1356351813778848,0.0633802816901408,2.9154929577464785,0.0813767216197182,1.1408450704225352,2.852112676056338,2.852112676056338,0.0972681933802816,13.119718309859154,CM/AM,69,76,48,74,32,51,54,93,54,43,15,81,62,80,49,73,88,88,85,92,67,83,83,69,49,51,71,33,31,14,44,19,26,64,64,79,11,83,93,75,64,60,62,67,60,60,31,55,19,51,26,71,24,26,15,64,40,48,36,57,76,76,74,74,38,67,62,38,49,51,71,33,31,14,44,19,26,64,29,60,5,69,71,52,45,36,31,50,Allsvenskan
Malmö FF,93ohqui2qgqm8408viwmm1ken,206x6cuwvrtgzwytsk7pnb7bp,Y. Karabelyov,Yanis Karabelyov,30.0,Midfielder,Bulgaria,Midfielder,82.0,69.0,8.0,151.0,5.0,0.0,17.0,7.0,273.0,1.0,0.0,0.0,0.0,2.0,0.0,2.0,1.0,0.0,0.0,0.0,2.0,1.0,0.0,0.0,8.0,0.0,0.0,85.8,53.33,0.0,0.0,50.0,60.71,45.45,72.73,0.1794639502627538,0.0,1.0,3.0,0.06271785,1.0,9.0,8.0,0.1975411299999999,73.0,27.03296703296704,22.747252747252748,2.6373626373626373,49.78021978021978,1.6483516483516485,0.0,5.604395604395605,2.307692307692308,0.3296703296703296,0.0,0.0,0.0,0.6593406593406593,0.0,0.6593406593406593,0.3296703296703296,0.0,0.0,0.0,0.6593406593406593,0.3296703296703296,0.0,0.0,2.6373626373626373,0.0,0.0,85.8,53.33,0.0,0.0,50.0,60.71,45.45,72.73,0.0591639396470616,0.0,0.3296703296703296,0.989010989010989,0.0206762142857142,0.3296703296703296,2.967032967032967,2.6373626373626373,0.0651234494505494,24.065934065934066,DM/CM,18,10,22,15,39,46,16,18,10,16,26,6,11,6,26,25,4,4,29,8,32,2,6,30,50,51,45,55,16,6,100,95,52,89,12,6,16,10,8,4,5,5,5,12,88,57,65,68,90,46,68,80,15,16,26,6,32,6,78,60,4,4,29,15,70,2,6,95,50,51,45,55,16,6,100,95,52,89,38,6,42,20,12,5,12,12,8,57,Allsvenskan
Malmö FF,93ohqui2qgqm8408viwmm1ken,27w9691m35wlxy4ujti7sppn8,K. Busuladžić,Kenan Busuladzic,19.0,Midfielder,Sweden,Midfielder,182.0,248.0,14.0,429.0,7.0,0.0,68.0,12.0,1023.0,21.0,1.0,2.0,10.0,11.0,7.0,4.0,5.0,18.0,19.0,2.0,8.0,3.0,31.0,11.0,20.0,0.0,0.0,83.46,48.28,20.0,61.11,27.27,50.75,46.67,68.97,1.089097158954203,0.9226740759043136,4.0,16.0,0.53814014,9.0,49.0,55.0,1.51640199,208.0,16.011730205278592,21.818181818181817,1.2316715542521994,37.74193548387097,0.6158357771260997,0.0,5.982404692082112,1.0557184750733135,1.847507331378299,0.0879765395894428,0.1759530791788856,0.8797653958944281,0.9677419354838708,0.6158357771260997,0.3519061583577712,0.4398826979472141,1.5835777126099706,1.6715542521994131,0.1759530791788856,0.7038123167155425,0.2639296187683284,2.727272727272727,0.9677419354838708,1.7595307917888563,0.0,0.0,83.46,48.28,20.0,61.11,27.27,50.75,46.67,68.97,0.0958149993214841,0.0811736723669484,0.3519061583577712,1.407624633431085,0.0473437073313783,0.7917888563049853,4.310850439882698,4.838709677419355,0.1334077997067448,18.299120234604104,DM/CM,40,42,32,40,54,46,65,36,74,41,79,52,62,74,41,72,72,75,89,40,59,89,85,66,50,51,25,38,42,85,50,42,62,78,65,57,51,39,50,48,45,52,50,38,18,45,18,32,42,46,80,22,85,38,88,57,68,88,35,75,82,80,95,18,57,98,90,70,50,51,25,38,42,85,50,42,62,78,72,60,50,28,48,48,42,57,60,15,Allsvenskan
Malmö FF,93ohqui2qgqm8408viwmm1ken,329r6jq5pn0m174v3berarh90,D. Guðjohnsen,Daníel Gudjohnsen,20.0,Attacker,Iceland,Striker,20.0,52.0,5.0,72.0,13.0,0.0,33.0,5.0,360.0,8.0,0.0,1.0,7.0,14.0,13.0,1.0,2.0,13.0,13.0,0.0,1.0,7.0,29.0,6.0,5.0,0.0,0.0,75.0,62.5,0.0,46.15,50.0,41.77,39.39,83.33,1.6795711191791107,0.6056833795287333,3.0,5.0,0.47779729,2.0,5.0,8.0,0.28840071,31.0,5.0,13.0,1.25,18.0,3.25,0.0,8.25,1.25,2.0,0.0,0.25,1.75,3.5,3.25,0.25,0.5,3.25,3.25,0.0,0.25,1.75,7.25,1.5,1.25,0.0,0.0,75.0,62.5,0.0,46.15,50.0,41.77,39.39,83.33,0.4198927797947777,0.1514208448821833,0.75,1.25,0.1194493225,0.5,1.25,2.0,0.0721001775,7.75,ST,23,37,68,33,57,50,27,33,22,28,52,40,37,47,18,23,40,40,13,28,48,37,43,47,50,50,67,72,28,53,85,63,57,87,33,50,35,28,63,30,32,38,40,40,60,80,90,80,90,50,97,80,77,28,83,87,90,90,27,43,90,90,13,43,93,90,93,93,50,50,67,72,28,53,85,63,57,87,87,87,60,57,100,60,77,73,63,80,Allsvenskan
Malmö FF,93ohqui2qgqm8408viwmm1ken,38hr05l73amsfufzsowcuo6qc,O. Sjöstrand,Oscar Sjöstrand,21.0,Midfielder,Sweden,Midfielder,37.0,97.0,4.0,132.0,4.0,0.0,35.0,2.0,745.0,7.0,2.0,1.0,3.0,24.0,19.0,5.0,11.0,32.0,34.0,1.0,7.0,7.0,45.0,10.0,12.0,0.0,0.0,70.59,33.33,11.76,31.25,29.17,35.35,44.44,85.71,2.01306905245158,0.3333727971567692,13.0,26.0,0.92808841,7.0,7.0,12.0,0.88951671,44.0,4.469798657718121,11.718120805369129,0.4832214765100671,15.946308724832214,0.4832214765100671,0.0,4.228187919463087,0.2416107382550335,0.8456375838926173,0.2416107382550335,0.1208053691275167,0.3624161073825503,2.8993288590604025,2.2953020134228184,0.6040268456375838,1.3288590604026844,3.8657718120805367,4.10738255033557,0.1208053691275167,0.8456375838926173,0.8456375838926173,5.436241610738255,1.2080536912751676,1.4496644295302012,0.0,0.0,70.59,33.33,11.76,31.25,29.17,35.35,44.44,85.71,0.2431895499605935,0.0402732238175962,1.570469798657718,3.140939597315436,0.1121180629530201,0.8456375838926173,0.8456375838926173,1.4496644295302012,0.1074583944966442,5.315436241610738,CM/AM,10,19,17,14,44,51,24,8,11,43,43,2,75,83,38,89,79,81,43,46,67,76,67,51,49,51,2,12,19,24,33,14,74,94,69,5,86,52,67,29,6,10,31,7,2,7,21,5,50,51,38,10,17,45,40,2,90,100,48,98,93,93,43,62,76,100,79,69,49,51,2,12,19,24,33,14,74,94,88,5,90,76,93,21,5,5,40,2,Allsvenskan
Malmö FF,93ohqui2qgqm8408viwmm1ken,4imfkav743ep5bqdgzs5kd1t6,A. Đurić,Andrej Djuric,22.0,Defender,Montenegro,Defender,643.0,337.0,68.0,979.0,28.0,1.0,66.0,71.0,1335.0,13.0,1.0,0.0,0.0,13.0,11.0,2.0,5.0,6.0,6.0,1.0,11.0,2.0,20.0,2.0,16.0,0.0,0.0,90.48,58.12,33.33,33.33,15.38,60.55,71.79,69.57,1.3499763345329547,0.0,1.0,31.0,0.58758056,8.0,73.0,82.0,1.764790240000001,563.0,43.348314606741575,22.719101123595504,4.584269662921348,66.0,1.8876404494382024,0.0674157303370786,4.449438202247191,4.786516853932584,0.8764044943820224,0.0674157303370786,0.0,0.0,0.8764044943820224,0.7415730337078651,0.1348314606741573,0.3370786516853932,0.4044943820224719,0.4044943820224719,0.0674157303370786,0.7415730337078651,0.1348314606741573,1.348314606741573,0.1348314606741573,1.0786516853932584,0.0,0.0,90.48,58.12,33.33,33.33,15.38,60.55,71.79,69.57,0.0910096405303115,0.0,0.0674157303370786,2.089887640449438,0.0396121725842696,0.5393258426966292,4.921348314606742,5.52808988764045,0.1189746229213483,37.95505617977528,CB,92,85,97,92,76,82,71,70,84,66,38,10,89,91,80,96,73,71,68,51,62,77,60,83,51,51,79,94,79,44,34,60,82,66,84,11,61,95,87,79,86,89,79,84,84,77,95,89,61,85,50,42,66,63,38,10,79,82,73,94,63,63,61,23,50,74,51,66,51,51,79,94,79,44,34,60,82,66,79,11,63,89,77,69,76,79,66,77,Allsvenskan
Malmö FF,93ohqui2qgqm8408viwmm1ken,4j6a6qec8m58zgojpbv8wxnf9,P. Jansson,Pontus Jansson,35.0,Defender,Sweden,Defender,72.0,18.0,2.0,90.0,4.0,0.0,9.0,17.0,270.0,1.0,0.0,0.0,0.0,3.0,3.0,0.0,0.0,1.0,1.0,1.0,6.0,1.0,5.0,0.0,2.0,0.0,0.0,84.91,18.18,0.0,0.0,33.33,52.94,44.44,50.0,0.4044728261234715,0.0,0.0,1.0,0.02122129,1.0,2.0,2.0,0.0778618099999999,51.0,24.0,6.0,0.6666666666666666,30.0,1.3333333333333333,0.0,3.0,5.666666666666667,0.3333333333333333,0.0,0.0,0.0,1.0,1.0,0.0,0.0,0.3333333333333333,0.3333333333333333,0.3333333333333333,2.0,0.3333333333333333,1.6666666666666667,0.0,0.6666666666666666,0.0,0.0,84.91,18.18,0.0,0.0,33.33,52.94,44.44,50.0,0.1348242753744905,0.0,0.0,0.3333333333333333,0.0070737633333333,0.3333333333333333,0.6666666666666666,0.6666666666666666,0.0259539366666666,17.0,CB,5,2,2,2,5,34,3,11,6,28,38,10,34,38,28,16,26,24,68,22,41,21,14,8,51,51,32,2,28,14,68,28,11,14,39,11,25,14,18,28,6,6,6,6,18,3,2,3,30,34,15,60,19,28,38,10,87,95,28,16,56,55,98,97,90,82,14,34,51,51,32,2,28,14,68,28,11,14,92,11,25,28,24,50,6,6,6,18,Allsvenskan
Malmö FF,93ohqui2qgqm8408viwmm1ken,4tfxftr5a5sqi5muo7sbtgu8k,M. Pålsson,Malte Pålsson,20.0,Defender,Sweden,Defender,370.0,269.0,23.0,638.0,7.0,0.0,25.0,37.0,677.0,10.0,1.0,0.0,1.0,3.0,3.0,0.0,2.0,1.0,1.0,0.0,8.0,0.0,4.0,0.0,5.0,0.0,0.0,92.87,53.49,50.0,0.0,0.0,67.57,63.64,62.5,0.4631264290097548,0.0626092724295254,0.0,15.0,0.3179987599999999,10.0,72.0,73.0,1.24369134,425.0,49.18759231905465,35.76070901033973,3.057607090103397,84.81536189069423,0.930576070901034,0.0,3.323485967503693,4.918759231905465,1.329394387001477,0.1329394387001477,0.0,0.1329394387001477,0.3988183161004431,0.3988183161004431,0.0,0.2658788774002954,0.1329394387001477,0.1329394387001477,0.0,1.0635155096011817,0.0,0.5317577548005908,0.0,0.6646971935007385,0.0,0.0,92.87,53.49,50.0,0.0,0.0,67.57,63.64,62.5,0.0615677675197606,0.0083232415342057,0.0,1.994091580502216,0.0422745766617429,1.329394387001477,9.571639586410637,9.704579025110784,0.1653356286558345,56.49926144756278,CB,58,77,48,58,18,34,27,34,72,66,38,28,34,38,28,70,26,24,27,34,14,16,14,26,51,51,97,83,89,14,14,90,59,40,44,29,25,74,73,85,84,80,58,66,97,98,73,100,10,34,26,45,94,73,38,31,40,48,28,82,27,24,27,50,14,15,14,31,51,51,97,83,89,14,14,90,59,40,55,29,25,87,81,94,98,97,94,100,Allsvenskan
Malmö FF,93ohqui2qgqm8408viwmm1ken,4tz64bm0vbosads0bbsw7n5xx,S. Gregersen,Stian Gregersen,31.0,Defender,Norway,Defender,96.0,100.0,9.0,196.0,4.0,0.0,10.0,12.0,243.0,2.0,0.0,0.0,1.0,0.0,0.0,0.0,0.0,0.0,0.0,0.0,2.0,0.0,0.0,0.0,3.0,0.0,0.0,95.15,69.23,0.0,0.0,0.0,71.43,80.0,75.0,0.0,0.0877278550006974,0.0,6.0,0.1164397899999999,2.0,32.0,36.0,0.4277358099999999,137.0,35.55555555555555,37.03703703703704,3.333333333333333,72.59259259259258,1.4814814814814814,0.0,3.7037037037037033,4.444444444444444,0.7407407407407407,0.0,0.0,0.3703703703703703,0.0,0.0,0.0,0.0,0.0,0.0,0.0,0.7407407407407407,0.0,0.0,0.0,1.111111111111111,0.0,0.0,95.15,69.23,0.0,0.0,0.0,71.43,80.0,75.0,0.0,0.0324917981484064,0.0,2.222222222222222,0.0431258481481481,0.7407407407407407,11.851851851851851,13.333333333333332,0.1584206703703703,50.74074074074074,CB,6,27,14,16,5,34,5,5,15,28,38,28,6,8,28,16,9,8,27,4,14,2,14,13,51,51,100,97,28,14,14,98,95,84,6,34,25,45,42,40,47,44,24,22,69,100,85,94,39,34,37,37,59,28,38,71,6,8,28,16,9,8,27,21,14,2,14,69,51,51,100,97,28,14,14,98,95,84,6,73,25,91,84,84,100,100,92,97,Allsvenskan
Malmö FF,93ohqui2qgqm8408viwmm1ken,4yg4i2wvdz87rrxpn0rqn2xg5,J. Stryger,Jens Stryger,35.0,Defender,Denmark,Defender,337.0,397.0,48.0,720.0,13.0,0.0,43.0,45.0,1536.0,7.0,14.0,2.0,17.0,15.0,11.0,4.0,3.0,3.0,3.0,1.0,13.0,6.0,29.0,2.0,16.0,0.0,0.0,82.66,41.03,25.0,66.67,40.0,60.56,54.17,76.19,1.5381872877895166,1.961109176019516,4.0,28.0,0.8679279799999997,16.0,100.0,123.0,3.6827705699999993,394.0,19.74609375,23.26171875,2.8125,42.1875,0.76171875,0.0,2.51953125,2.63671875,0.41015625,0.8203125,0.1171875,0.99609375,0.87890625,0.64453125,0.234375,0.17578125,0.17578125,0.17578125,0.05859375,0.76171875,0.3515625,1.69921875,0.1171875,0.9375,0.0,0.0,82.66,41.03,25.0,66.67,40.0,60.56,54.17,76.19,0.090128161393917,0.1149087407823935,0.234375,1.640625,0.0508551550781249,0.9375,5.859375,7.20703125,0.2157873380859374,23.0859375,RB/RCB,69,81,81,75,41,38,31,75,31,94,75,81,94,100,66,66,9,9,81,44,94,88,12,56,50,53,50,69,56,84,75,75,53,88,94,88,75,75,75,75,94,94,88,75,50,75,88,62,44,38,6,56,12,81,69,62,75,94,38,38,6,6,75,31,81,62,6,12,50,53,50,69,56,84,75,75,53,88,81,69,56,69,81,62,94,100,88,62,Allsvenskan
Malmö FF,93ohqui2qgqm8408viwmm1ken,7qy3e0pry4wdkimrffnus4zu2,Diego García,Diego García,26.0,Attacker,Spain,Striker,16.0,26.0,2.0,41.0,9.0,0.0,20.0,2.0,308.0,5.0,1.0,0.0,2.0,12.0,12.0,0.0,1.0,4.0,4.0,3.0,2.0,6.0,21.0,1.0,3.0,0.0,0.0,75.93,66.67,20.0,25.0,50.0,43.48,50.0,60.0,1.536362957927244,0.1390713450262759,2.0,4.0,0.09150309,1.0,0.0,1.0,0.11354287,6.0,4.675324675324676,7.597402597402597,0.5844155844155845,11.98051948051948,2.62987012987013,0.0,5.8441558441558445,0.5844155844155845,1.4610389610389611,0.2922077922077922,0.0,0.5844155844155845,3.5064935064935066,3.5064935064935066,0.0,0.2922077922077922,1.168831168831169,1.168831168831169,0.8766233766233766,0.5844155844155845,1.7532467532467533,6.136363636363637,0.2922077922077922,0.8766233766233766,0.0,0.0,75.93,66.67,20.0,25.0,50.0,43.48,50.0,60.0,0.4489372279657531,0.0406377306894962,0.5844155844155845,1.168831168831169,0.0267379159090909,0.2922077922077922,0.0,0.2922077922077922,0.0331781113636363,1.7532467532467533,RW,14,9,36,9,77,55,45,14,41,36,23,14,36,55,9,9,18,18,73,41,45,27,23,45,55,55,27,82,36,27,100,73,91,45,45,9,18,14,9,14,9,9,9,9,55,18,64,27,100,55,91,27,82,45,23,9,64,100,9,18,18,18,91,82,91,73,27,55,55,55,27,82,36,27,100,73,91,45,91,9,27,18,9,27,9,9,9,9,Allsvenskan
Malmö FF,93ohqui2qgqm8408viwmm1ken,8v1t7h0yv4scw5ymxxr8k8m50,N. Åstrand John,Noah Åstrand John,22.0,Defender,Sweden,Defender,153.0,192.0,18.0,341.0,5.0,0.0,22.0,12.0,487.0,3.0,4.0,1.0,9.0,6.0,6.0,0.0,3.0,7.0,7.0,0.0,7.0,1.0,13.0,4.0,6.0,0.0,0.0,86.99,47.37,21.05,57.14,16.67,44.0,41.67,60.0,0.4748871516616317,0.7185566252053941,0.0,18.0,0.40101748,13.0,36.0,35.0,1.0259778899999994,154.0,28.27515400410677,35.48254620123203,3.326488706365503,63.01848049281314,0.924024640657084,0.0,4.0657084188911705,2.217659137577002,0.5544147843942505,0.7392197125256673,0.1848049281314168,1.6632443531827514,1.108829568788501,1.108829568788501,0.0,0.5544147843942505,1.2936344969199178,1.2936344969199178,0.0,1.2936344969199178,0.1848049281314168,2.402464065708419,0.7392197125256673,1.108829568788501,0.0,0.0,86.99,47.37,21.05,57.14,16.67,44.0,41.67,60.0,0.087761485933361,0.1327928054794362,0.0,3.326488706365503,0.0741100065708418,2.402464065708419,6.652977412731006,6.468172484599589,0.1896057702258725,28.45995893223819,LB/LCB,33,46,42,42,8,40,15,8,12,31,58,44,35,69,10,62,31,29,35,17,40,33,44,19,50,50,96,96,42,81,48,8,12,17,38,38,12,60,50,60,50,42,29,33,92,100,83,96,42,40,58,21,25,54,92,92,88,96,10,92,67,62,35,58,62,92,92,42,50,50,96,96,42,81,48,8,12,17,83,79,12,96,96,96,100,92,75,92,Allsvenskan
Malmö FF,93ohqui2qgqm8408viwmm1ken,8ydeghsg8bdyovqjnr56hz8x5,S. Hakšabanović,Sead Haksabanovic,27.0,Midfielder,Montenegro,Midfielder,195.0,629.0,25.0,804.0,6.0,0.0,81.0,11.0,1679.0,27.0,20.0,6.0,42.0,54.0,23.0,31.0,18.0,62.0,66.0,4.0,12.0,17.0,75.0,26.0,13.0,0.0,0.0,86.08,60.98,30.77,41.94,31.48,44.26,46.15,59.09,4.118409376271797,4.083308404257068,23.0,93.0,2.489537860000001,48.0,88.0,150.0,5.447637479999997,393.0,10.4526503871352,33.71649791542585,1.3400833829660512,43.09708159618821,0.3216200119118523,0.0,4.341870160810006,0.5896366885050626,1.4472900536033353,1.072066706372841,0.3216200119118523,2.251340083382966,2.8945801072066706,1.2328767123287672,1.6617033948779036,0.9648600357355568,3.323406789755808,3.5378201310303754,0.2144133412745682,0.6432400238237046,0.9112567004169148,4.020250148898154,1.3936867182846933,0.6968433591423466,0.0,0.0,86.08,60.98,30.77,41.94,31.48,44.26,46.15,59.09,0.2207604787757365,0.2188789496028208,1.2328767123287672,4.985110184633711,0.1334475326980345,2.5729600952948184,4.7170935080405005,8.040500297796308,0.292011538534842,21.066110780226325,CM/AM,87,98,86,98,58,51,86,65,88,92,98,95,96,88,100,100,98,98,85,79,93,95,94,57,49,51,68,69,83,57,40,50,77,43,90,95,95,100,100,100,96,100,100,98,52,93,62,81,40,51,45,33,45,88,86,86,88,69,90,93,79,79,69,40,83,69,83,24,49,51,68,69,83,57,40,50,77,43,76,86,88,100,98,100,83,95,98,81,Allsvenskan
Malmö FF,93ohqui2qgqm8408viwmm1ken,b248ue8bteo0awvp627dokd0,B. Kurtulus,Bleon Kurtulus,19.0,Defender,Sweden,Defender,176.0,91.0,10.0,267.0,10.0,0.0,17.0,22.0,415.0,2.0,0.0,0.0,1.0,4.0,4.0,0.0,1.0,1.0,1.0,1.0,7.0,1.0,6.0,1.0,3.0,0.0,0.0,88.12,40.0,0.0,100.0,25.0,45.95,55.56,75.0,0.5251903019328048,0.0645876568499464,0.0,5.0,0.09734751,0.0,24.0,22.0,0.3471933999999999,148.0,38.16867469879519,19.734939759036145,2.168674698795181,57.90361445783133,2.168674698795181,0.0,3.6867469879518073,4.771084337349398,0.4337349397590362,0.0,0.0,0.2168674698795181,0.8674698795180724,0.8674698795180724,0.0,0.2168674698795181,0.2168674698795181,0.2168674698795181,0.2168674698795181,1.5180722891566267,0.2168674698795181,1.3012048192771086,0.2168674698795181,0.6506024096385543,0.0,0.0,88.12,40.0,0.0,100.0,25.0,45.95,55.56,75.0,0.1138966919854275,0.0140069617264944,0.0,1.0843373493975903,0.021111508192771,0.0,5.2048192771084345,4.771084337349398,0.0752949542168674,32.09638554216868,CB,26,23,18,21,30,34,16,19,15,28,38,28,48,53,28,44,26,24,68,27,41,29,40,13,51,51,60,43,28,90,48,8,35,84,50,31,25,40,39,11,37,31,16,26,77,65,44,73,69,34,35,40,31,28,38,47,76,85,28,79,50,48,92,79,68,71,65,27,51,51,60,43,28,90,48,8,35,84,82,44,25,63,63,11,77,73,40,58,Allsvenskan
Malmö FF,93ohqui2qgqm8408viwmm1ken,carpl05zgalgbsd6gnk3akc89,Gabriel Busanello,Gabriel Dal Toé Busanello,27.0,Defender,Brazil,Defender,256.0,351.0,44.0,591.0,8.0,0.0,68.0,30.0,1081.0,22.0,16.0,0.0,12.0,9.0,3.0,6.0,5.0,20.0,21.0,1.0,21.0,1.0,13.0,8.0,21.0,0.0,0.0,81.29,36.97,29.09,40.0,11.11,66.02,47.06,70.0,0.6052418948596858,1.207997732765396,1.0,18.0,0.48544198,14.0,77.0,97.0,2.55942638,307.0,21.31359851988899,29.22294172062905,3.663274745605921,49.204440333024976,0.666049953746531,0.0,5.661424606845514,2.4976873265494914,1.83163737280296,1.332099907493062,0.0,0.9990749306197964,0.7493061979648473,0.2497687326549491,0.4995374653098982,0.4162812210915819,1.6651248843663276,1.7483811285846438,0.0832562442183163,1.7483811285846438,0.0832562442183163,1.0823311748381128,0.666049953746531,1.7483811285846438,0.0,0.0,81.29,36.97,29.09,40.0,11.11,66.02,47.06,70.0,0.0503901670095945,0.1005733542542882,0.0832562442183163,1.4986123959296946,0.040416076040703,1.1655874190564293,6.410730804810361,8.075855689176688,0.2130882277520814,25.559666975023127,LB/LCB,60,81,88,79,33,40,67,46,96,81,25,54,62,40,79,85,75,75,79,88,40,33,67,73,50,50,42,62,92,38,29,96,33,58,50,62,29,60,62,67,88,88,71,88,62,88,92,83,25,40,96,25,96,96,25,46,62,42,83,79,92,92,83,83,42,33,75,79,50,50,42,62,92,38,29,96,33,58,54,50,25,50,50,62,96,100,92,83,Allsvenskan
Malmö FF,93ohqui2qgqm8408viwmm1ken,d58ji96mcnebbci6skc46x9uc,O. Rosengren,Otto Rosengren,23.0,Midfielder,Sweden,Midfielder,416.0,571.0,58.0,952.0,11.0,0.0,87.0,35.0,1658.0,33.0,35.0,4.0,50.0,35.0,12.0,23.0,14.0,20.0,20.0,2.0,16.0,10.0,40.0,6.0,25.0,0.0,0.0,88.31,57.43,41.67,30.0,28.57,47.8,35.48,67.57,2.640693785113794,4.84669854328938,15.0,54.0,1.2400956599999997,37.0,82.0,99.0,3.52789072,480.0,22.581423401688784,30.99517490952956,3.1483715319662244,51.6767189384801,0.5971049457177322,0.0,4.722557297949337,1.899879372738239,1.7913148371531968,1.899879372738239,0.2171290711700844,2.714113389626056,1.899879372738239,0.6513872135102534,1.2484921592279856,0.7599517490952956,1.0856453558504222,1.0856453558504222,0.1085645355850422,0.8685162846803378,0.5428226779252111,2.1712907117008444,0.3256936067551267,1.3570566948130278,0.0,0.0,88.31,57.43,41.67,30.0,28.57,47.8,35.48,67.57,0.1433428472015931,0.263089788236456,0.8142340168878167,2.93124246079614,0.0673152047044632,2.008443908323281,4.451145958986731,5.37394451145959,0.1915019088057901,26.05548854041013,DM/CM,82,92,95,92,71,46,80,89,89,100,98,100,100,98,100,100,80,80,89,55,98,100,52,84,50,51,72,72,90,28,55,28,25,70,100,100,100,90,92,100,70,82,95,88,52,82,80,70,40,46,57,68,82,98,92,100,98,90,98,95,57,55,82,28,90,90,38,52,50,51,72,72,90,28,55,28,25,70,95,100,95,82,78,98,48,62,88,72,Allsvenskan
Malmö FF,93ohqui2qgqm8408viwmm1ken,exjh8bh8c2e3s273z1sc2gm50,T. Lundbergh,Theodor Lundbergh,18.0,Midfielder,Sweden,Midfielder,193.0,300.0,10.0,489.0,12.0,1.0,55.0,26.0,996.0,8.0,4.0,3.0,16.0,3.0,1.0,2.0,0.0,14.0,17.0,0.0,19.0,1.0,31.0,8.0,16.0,0.0,0.0,84.02,55.56,36.36,57.14,33.33,46.22,44.44,59.26,0.2269278507559595,1.6000926686552437,1.0,22.0,0.7277829699999998,13.0,45.0,43.0,2.2194602800000003,216.0,17.43975903614458,27.10843373493976,0.9036144578313252,44.18674698795181,1.0843373493975903,0.0903614457831325,4.96987951807229,2.3493975903614457,0.7228915662650602,0.3614457831325301,0.2710843373493976,1.4457831325301205,0.2710843373493976,0.0903614457831325,0.180722891566265,0.0,1.2650602409638554,1.536144578313253,0.0,1.716867469879518,0.0903614457831325,2.8012048192771086,0.7228915662650602,1.4457831325301205,0.0,0.0,84.02,55.56,36.36,57.14,33.33,46.22,44.44,59.26,0.0205055286827674,0.1445866869266786,0.0903614457831325,1.987951807228916,0.0657635213855421,1.1746987951807228,4.066265060240964,3.885542168674698,0.2005536397590361,19.518072289156628,LM/LCM,93,71,43,86,79,100,57,86,29,71,100,57,14,14,36,21,43,43,36,86,14,71,43,71,57,57,57,57,100,71,50,43,57,57,14,57,29,29,29,71,71,57,57,71,86,71,57,86,86,100,29,71,14,86,86,57,14,14,14,21,14,29,36,100,14,29,43,71,57,57,57,57,100,71,50,43,57,57,14,71,29,29,43,71,100,43,86,86,Allsvenskan
Mjällby,spvvjmk37iid7hsky9g3nce7,13k94iyejsdn4e51jx32rb23u,J. Kjær,Jeppe Kjær,22.0,Midfielder,Denmark,Midfielder,89.0,245.0,19.0,327.0,1.0,0.0,73.0,4.0,949.0,32.0,7.0,1.0,17.0,17.0,4.0,13.0,3.0,56.0,58.0,2.0,5.0,6.0,26.0,26.0,11.0,0.0,0.0,83.21,51.35,18.42,46.43,35.29,41.95,12.5,78.57,1.3706158968243796,1.6664226022042483,7.0,54.0,1.4221357899999991,21.0,33.0,54.0,1.5175440300000005,136.0,8.440463645943098,23.234984193888305,1.8018967334035827,31.01159114857745,0.0948366701791359,0.0,6.923076923076923,0.3793466807165437,3.03477344573235,0.6638566912539515,0.0948366701791359,1.612223393045311,1.612223393045311,0.3793466807165437,1.2328767123287672,0.2845100105374078,5.310853530031612,5.500526870389884,0.1896733403582718,0.4741833508956796,0.5690200210748156,2.4657534246575343,2.4657534246575343,1.0432033719704952,0.0,0.0,83.21,51.35,18.42,46.43,35.29,41.95,12.5,78.57,0.1299846477494143,0.1580379707043017,0.6638566912539515,5.121180189673341,0.1348706228661748,1.991570073761855,3.1296101159114857,5.121180189673341,0.1439188226554268,12.897787144362487,RM/RCM,43,71,79,50,11,54,68,21,96,64,50,71,54,29,86,32,100,93,68,29,68,50,100,36,54,54,79,93,21,64,79,14,7,93,43,71,61,93,93,86,79,86,64,50,50,93,93,71,7,54,100,14,100,64,36,86,57,29,93,36,100,100,64,21,71,36,100,43,54,54,79,93,21,64,79,14,7,93,43,79,64,100,100,100,86,93,57,64,Allsvenskan
Mjällby,spvvjmk37iid7hsky9g3nce7,15mg49mqn215ce4ojukev0o2x,J. Bergström,Jacob Bergström,31.0,Attacker,Sweden,Striker,119.0,120.0,3.0,239.0,43.0,0.0,94.0,11.0,1660.0,29.0,0.0,0.0,11.0,31.0,30.0,1.0,4.0,17.0,17.0,8.0,8.0,17.0,71.0,13.0,5.0,0.0,0.0,73.09,33.33,0.0,76.47,54.84,41.41,36.75,55.56,4.464258891832071,0.5640692161750872,2.0,9.0,0.20758631,3.0,10.0,12.0,0.42837574,65.0,6.451807228915663,6.506024096385543,0.1626506024096385,12.957831325301203,2.3313253012048194,0.0,5.096385542168675,0.5963855421686748,1.5722891566265065,0.0,0.0,0.5963855421686748,1.6807228915662653,1.6265060240963858,0.0542168674698795,0.2168674698795181,0.9216867469879518,0.9216867469879518,0.4337349397590362,0.4337349397590362,0.9216867469879518,3.849397590361446,0.7048192771084338,0.2710843373493976,0.0,0.0,73.09,33.33,0.0,76.47,54.84,41.41,36.75,55.56,0.2420381326896906,0.0305820659372035,0.108433734939759,0.4879518072289157,0.0112546794578313,0.1626506024096385,0.5421686746987953,0.6506024096385543,0.0232251907228915,3.524096385542169,ST,100,63,48,73,97,50,97,72,97,28,20,63,67,77,18,40,53,52,90,78,80,78,82,47,50,50,50,35,28,93,97,57,47,32,80,47,18,40,37,45,55,57,43,67,83,23,27,50,70,50,60,37,63,28,20,20,17,40,13,20,20,20,77,60,60,30,50,17,50,50,50,35,28,93,97,57,47,32,37,17,7,17,10,13,23,27,17,23,Allsvenskan
Mjällby,spvvjmk37iid7hsky9g3nce7,48wcoed2907qqcsfoyhd4y87o,O. Lindberg,Olle Lindberg,19.0,Midfielder,Sweden,Midfielder,22.0,67.0,2.0,89.0,3.0,0.0,12.0,5.0,374.0,2.0,0.0,1.0,8.0,7.0,6.0,1.0,1.0,6.0,6.0,3.0,0.0,4.0,18.0,4.0,2.0,0.0,0.0,81.65,50.0,0.0,66.67,57.14,27.27,27.27,66.67,0.7436096830522669,0.7552449797393148,1.0,9.0,0.25777765,5.0,11.0,14.0,0.6077035199999999,52.0,5.294117647058823,16.122994652406415,0.481283422459893,21.41711229946524,0.7219251336898395,0.0,2.887700534759358,1.2032085561497323,0.481283422459893,0.0,0.2406417112299465,1.925133689839572,1.6844919786096255,1.443850267379679,0.2406417112299465,0.2406417112299465,1.443850267379679,1.443850267379679,0.7219251336898395,0.0,0.962566844919786,4.331550802139037,0.962566844919786,0.481283422459893,0.0,0.0,81.65,50.0,0.0,66.67,57.14,27.27,27.27,66.67,0.1789435066168556,0.181743444322295,0.2406417112299465,2.1657754010695185,0.0620320548128342,1.2032085561497323,2.647058823529412,3.368983957219251,0.146238814973262,12.513368983957218,CM/AM,2,7,8,2,32,51,2,24,4,7,43,21,14,25,5,7,8,8,74,4,33,23,25,2,49,51,55,50,7,99,94,2,33,69,14,26,11,12,14,18,17,18,19,12,12,38,19,29,71,51,7,69,5,7,74,74,57,83,12,14,38,29,98,4,86,74,69,5,49,51,55,50,7,99,94,2,33,69,60,76,21,45,55,63,38,50,64,45,Allsvenskan
Mjällby,spvvjmk37iid7hsky9g3nce7,507n9mr51v21q8isz9ll3m6eh,A. Norén,Axel Norén,27.0,Defender,Sweden,Defender,583.0,249.0,75.0,832.0,40.0,0.0,84.0,64.0,1373.0,15.0,0.0,0.0,7.0,8.0,7.0,1.0,2.0,7.0,7.0,0.0,31.0,3.0,28.0,1.0,14.0,0.0,0.0,83.12,50.0,0.0,14.29,37.5,57.93,65.57,48.28,0.991238454603988,0.6561239984204497,2.0,5.0,0.10249528,0.0,67.0,71.0,2.0293602400000017,569.0,38.21558630735616,16.321922796795338,4.916241806263656,54.53750910415149,2.621995630007284,0.0,5.506190823015294,4.195193008011653,0.9832483612527312,0.0,0.0,0.4588492352512746,0.5243991260014567,0.4588492352512746,0.065549890750182,0.1310997815003641,0.4588492352512746,0.4588492352512746,0.0,2.0320466132556443,0.1966496722505462,1.8353969410050983,0.065549890750182,0.9176984705025492,0.0,0.0,83.12,50.0,0.0,14.29,37.5,57.93,65.57,48.28,0.0649755724066707,0.0430088564150331,0.1310997815003641,0.3277494537509104,0.0067185544064093,0.0,4.391842680262199,4.654042243262928,0.1330243420247634,37.2978878368536,CB,84,69,100,81,88,34,85,64,87,28,38,85,67,71,65,70,76,74,27,98,75,94,40,72,51,51,21,73,28,27,78,48,68,10,74,84,80,40,40,11,82,76,85,87,79,58,98,65,81,34,89,27,73,28,38,79,55,61,66,60,69,66,27,98,65,87,34,47,51,51,21,73,28,27,78,48,68,10,58,77,76,26,23,11,73,69,76,74,Allsvenskan
Mjällby,spvvjmk37iid7hsky9g3nce7,5al9uyujlrlb17o4r5sapkkk4,M. Enggård,Mads Enggård,22.0,Midfielder,Denmark,Midfielder,85.0,87.0,10.0,165.0,3.0,0.0,19.0,5.0,285.0,5.0,7.0,0.0,5.0,3.0,1.0,2.0,3.0,7.0,7.0,0.0,1.0,0.0,6.0,3.0,5.0,0.0,0.0,80.88,47.62,41.18,42.86,0.0,46.34,60.0,62.5,0.2064693337907794,0.6106152759441179,2.0,9.0,0.2187228899999999,5.0,17.0,19.0,0.50733016,78.0,26.842105263157897,27.47368421052632,3.1578947368421053,52.10526315789474,0.9473684210526316,0.0,6.0,1.5789473684210529,1.5789473684210529,2.210526315789474,0.0,1.5789473684210529,0.9473684210526316,0.3157894736842105,0.6315789473684211,0.9473684210526316,2.210526315789474,2.210526315789474,0.0,0.3157894736842105,0.0,1.8947368421052635,0.9473684210526316,1.5789473684210529,0.0,0.0,80.88,47.62,41.18,42.86,0.0,46.34,60.0,62.5,0.0652008422497198,0.1928258766139319,0.6315789473684211,2.8421052631578947,0.0690703863157894,1.5789473684210529,5.368421052631579,6.0,0.1602095242105263,24.63157894736842,DM/CM,20,22,26,20,24,46,20,11,26,79,26,31,18,20,26,51,32,32,29,4,12,26,38,10,50,51,8,35,88,40,12,22,81,55,15,40,22,21,22,31,19,24,25,16,82,72,82,72,70,46,82,48,75,100,26,92,62,48,72,98,95,90,29,5,12,82,88,62,50,51,8,35,88,40,12,22,81,55,45,98,78,75,82,95,65,78,70,60,Allsvenskan
Mjällby,spvvjmk37iid7hsky9g3nce7,5h6xr50d54zcxnktz7q58oa1h,T. Pettersson,Tom Pettersson,36.0,Defender,Sweden,Defender,188.0,144.0,26.0,330.0,20.0,1.0,29.0,23.0,693.0,3.0,2.0,0.0,2.0,8.0,7.0,1.0,2.0,3.0,4.0,2.0,16.0,4.0,13.0,0.0,5.0,0.0,0.0,85.05,44.83,25.0,0.0,50.0,50.0,55.56,83.33,1.093616552394884,0.1987047780100519,0.0,10.0,0.22418224,5.0,30.0,39.0,0.8815161800000004,197.0,24.415584415584416,18.7012987012987,3.3766233766233764,42.85714285714285,2.5974025974025974,0.1298701298701298,3.766233766233766,2.987012987012987,0.3896103896103896,0.2597402597402597,0.0,0.2597402597402597,1.0389610389610389,0.9090909090909092,0.1298701298701298,0.2597402597402597,0.3896103896103896,0.5194805194805194,0.2597402597402597,2.0779220779220777,0.5194805194805194,1.6883116883116882,0.0,0.6493506493506493,0.0,0.0,85.05,44.83,25.0,0.0,50.0,50.0,55.56,83.33,0.1420281236876472,0.0258058153259807,0.0,1.2987012987012987,0.0291145766233766,0.6493506493506493,3.896103896103896,5.064935064935065,0.1144826207792208,25.584415584415584,LB/LCB,50,29,71,33,77,85,25,21,12,21,25,12,52,79,23,40,10,15,94,60,90,33,4,12,50,50,83,81,60,4,96,23,50,94,79,8,12,17,17,21,38,48,25,50,71,54,88,62,100,96,29,42,12,25,25,17,79,88,33,62,17,17,96,100,100,50,4,12,50,50,83,81,60,4,96,23,50,94,92,12,12,46,29,17,58,79,29,88,Allsvenskan
Mjällby,spvvjmk37iid7hsky9g3nce7,7rz0lp58sfrby20ksgwtswui2,L. Svanberg,Ludvig Svanberg,23.0,Defender,Sweden,Defender,124.0,66.0,14.0,190.0,16.0,0.0,26.0,9.0,427.0,0.0,0.0,0.0,1.0,2.0,2.0,0.0,0.0,1.0,1.0,1.0,9.0,2.0,5.0,1.0,8.0,0.0,0.0,88.79,70.0,0.0,100.0,100.0,57.78,61.54,88.89,0.3189350746843231,0.0332421537998109,0.0,7.0,0.1460797,3.0,17.0,18.0,0.3636992799999999,125.0,26.13583138173302,13.911007025761124,2.950819672131148,40.04683840749414,3.3723653395784545,0.0,5.480093676814988,1.8969555035128804,0.0,0.0,0.0,0.2107728337236534,0.4215456674473068,0.4215456674473068,0.0,0.0,0.2107728337236534,0.2107728337236534,0.2107728337236534,1.8969555035128804,0.4215456674473068,1.053864168618267,0.2107728337236534,1.6861826697892273,0.0,0.0,88.79,70.0,0.0,100.0,100.0,57.78,61.54,88.89,0.0672228494650798,0.0070065429554636,0.0,1.475409836065574,0.0307896323185011,0.6323185011709602,3.583138173302108,3.793911007025761,0.0766579278688524,26.34660421545668,CB,13,13,27,15,47,34,29,2,2,28,38,28,23,25,28,16,26,24,68,40,62,21,40,47,51,51,65,100,28,90,99,45,53,98,26,23,25,48,47,49,26,22,18,19,23,34,66,26,90,34,87,3,2,28,38,45,45,55,28,16,48,47,90,94,95,56,63,94,51,51,65,100,28,90,99,45,53,98,65,24,25,74,76,79,58,56,44,40,Allsvenskan
Mjällby,spvvjmk37iid7hsky9g3nce7,8gi5ld2k1u9c96bb4pwxxbu5m,Á. Samuelsen,Áki Samuelsen,22.0,Attacker,Faroe Islands,Striker,81.0,167.0,14.0,237.0,1.0,0.0,38.0,11.0,768.0,20.0,11.0,2.0,17.0,26.0,17.0,9.0,9.0,18.0,19.0,2.0,6.0,12.0,43.0,10.0,5.0,0.0,0.0,79.53,53.85,31.43,55.56,46.15,42.22,16.67,71.43,2.1399335595120075,1.7985642328387084,11.0,35.0,0.98266261,11.0,21.0,17.0,1.2696538000000002,102.0,9.4921875,19.5703125,1.640625,27.7734375,0.1171875,0.0,4.453125,1.2890625,2.34375,1.2890625,0.234375,1.9921875,3.046875,1.9921875,1.0546875,1.0546875,2.109375,2.2265625,0.234375,0.703125,1.40625,5.0390625,1.171875,0.5859375,0.0,0.0,79.53,53.85,31.43,55.56,46.15,42.22,16.67,71.43,0.2507734640053133,0.2107692460357861,1.2890625,4.1015625,0.115155774609375,1.2890625,2.4609375,1.9921875,0.1487875546875,11.953125,LW,67,33,83,44,17,56,33,94,67,56,44,56,44,33,50,44,22,22,28,50,67,33,33,22,56,56,22,67,100,89,89,44,33,67,33,56,44,56,33,44,56,33,44,56,100,67,100,78,22,56,56,100,100,100,56,89,67,67,89,56,22,22,56,67,78,33,33,11,56,56,22,67,100,89,89,44,33,67,44,89,67,78,56,56,89,22,44,89,Allsvenskan
Mjällby,spvvjmk37iid7hsky9g3nce7,8q8yol44e42o9hwttlopznvh0,M. Nielsen,Max Nielsen,21.0,Defender,Denmark,Defender,40.0,101.0,1.0,136.0,0.0,0.0,42.0,8.0,613.0,17.0,5.0,3.0,12.0,7.0,3.0,4.0,2.0,28.0,28.0,0.0,4.0,1.0,27.0,14.0,7.0,0.0,0.0,76.4,16.67,31.25,50.0,14.29,46.15,0.0,63.64,0.704653689119642,1.307759681258466,4.0,28.0,0.9075981399999998,11.0,6.0,12.0,1.1505836400000005,47.0,5.872756933115824,14.828711256117456,0.1468189233278956,19.9673735725938,0.0,0.0,6.166394779771615,1.1745513866231647,2.495921696574225,0.734094616639478,0.4404567699836868,1.7618270799347473,1.0277324632952691,0.4404567699836868,0.5872756933115824,0.2936378466557912,4.1109298531810765,4.1109298531810765,0.0,0.5872756933115824,0.1468189233278956,3.964110929853181,2.0554649265905383,1.0277324632952691,0.0,0.0,76.4,16.67,31.25,50.0,14.29,46.15,0.0,63.64,0.1034564959555755,0.1920038683739999,0.5872756933115824,4.1109298531810765,0.1332525817292006,1.6150081566068517,0.8809135399673736,1.7618270799347473,0.1689274512234911,6.900489396411094,RB/RCB,12,25,6,12,6,38,25,6,75,44,94,56,47,44,66,34,88,88,34,19,38,81,88,19,50,53,19,6,75,47,31,6,6,56,62,50,75,75,88,47,12,12,38,12,6,31,6,12,6,38,94,6,100,69,100,100,88,69,100,75,100,100,34,19,56,100,100,25,50,53,19,6,75,47,31,6,6,56,94,100,100,100,100,100,6,6,56,6,Allsvenskan
Mjällby,spvvjmk37iid7hsky9g3nce7,93qjy2eilbuufwu2kbwpfng7p,V. Gustafson,Viktor Gustafson,31.0,Midfielder,Sweden,Midfielder,162.0,217.0,10.0,372.0,7.0,0.0,47.0,12.0,992.0,13.0,7.0,1.0,8.0,9.0,2.0,7.0,3.0,14.0,15.0,0.0,8.0,4.0,24.0,10.0,9.0,0.0,0.0,75.92,27.78,35.0,71.43,44.44,43.52,41.18,52.94,1.209478722409869,0.9229695222659264,6.0,21.0,0.6176497099999999,5.0,45.0,37.0,2.34590214,178.0,14.69758064516129,19.6875,0.907258064516129,33.75,0.6350806451612904,0.0,4.264112903225806,1.0887096774193548,1.1794354838709675,0.6350806451612904,0.0907258064516129,0.7258064516129032,0.8165322580645161,0.1814516129032258,0.6350806451612904,0.2721774193548387,1.2701612903225807,1.3608870967741935,0.0,0.7258064516129032,0.3629032258064516,2.177419354838709,0.907258064516129,0.8165322580645161,0.0,0.0,75.92,27.78,35.0,71.43,44.44,43.52,41.18,52.94,0.1097309324767018,0.083737154237836,0.5443548387096774,1.905241935483871,0.0560367680443548,0.4536290322580645,4.082661290322581,3.356854838709677,0.2128338635080645,16.149193548387096,DM/CM,32,38,26,35,54,46,41,36,55,79,59,44,51,38,61,51,62,62,29,40,71,78,79,39,50,51,2,5,80,95,92,18,38,28,70,60,69,52,62,31,42,35,72,35,15,18,5,10,45,46,45,25,52,82,62,45,52,25,75,48,68,70,29,22,72,92,85,15,50,51,2,5,80,95,92,18,38,28,85,62,70,50,65,18,32,20,92,8,Allsvenskan
Mjällby,spvvjmk37iid7hsky9g3nce7,965y7z513tlxlsc19helfdffu,T. Miettinen,Tony Miettinen,23.0,Defender,Finland,Defender,395.0,262.0,47.0,654.0,30.0,1.0,68.0,50.0,1326.0,14.0,3.0,2.0,4.0,10.0,7.0,3.0,1.0,19.0,19.0,0.0,9.0,3.0,23.0,4.0,8.0,0.0,0.0,81.65,40.87,37.5,21.05,30.0,48.92,62.5,40.0,0.9765994265222976,0.4173344557363611,5.0,10.0,0.2046924,5.0,54.0,58.0,1.95389255,364.0,26.809954751131222,17.782805429864254,3.1900452488687785,44.38914027149322,2.0361990950226247,0.0678733031674208,4.615384615384616,3.393665158371041,0.9502262443438916,0.2036199095022624,0.1357466063348416,0.2714932126696833,0.6787330316742082,0.4751131221719457,0.2036199095022624,0.0678733031674208,1.2895927601809956,1.2895927601809956,0.0,0.6108597285067874,0.2036199095022624,1.5610859728506787,0.2714932126696833,0.5429864253393666,0.0,0.0,81.65,40.87,37.5,21.05,30.0,48.92,62.5,40.0,0.0662850289494772,0.0283258680364046,0.3393665158371041,0.6787330316742082,0.0138931493212669,0.3393665158371041,3.665158371040724,3.936651583710408,0.1326171414027149,24.705882352941178,CB,60,73,84,60,81,82,75,49,85,85,97,63,78,71,85,44,98,98,27,40,75,85,82,47,51,51,13,48,82,32,57,13,56,8,73,73,93,65,65,64,66,66,81,60,26,61,79,37,68,87,61,13,69,85,95,50,71,68,85,40,94,94,27,6,66,79,73,19,51,51,13,48,82,32,57,13,56,8,60,66,89,56,55,52,61,60,74,31,Allsvenskan
Mjällby,spvvjmk37iid7hsky9g3nce7,a0i74nqik3lbi02ngno0m0ys4,Abdullah Iqbal,Abdullah Iqbal,24.0,Defender,Pakistan,Defender,504.0,344.0,65.0,846.0,16.0,0.0,53.0,62.0,1359.0,9.0,2.0,2.0,5.0,4.0,4.0,0.0,2.0,12.0,12.0,0.0,23.0,2.0,15.0,6.0,16.0,0.0,0.0,85.63,58.56,33.33,50.0,50.0,50.96,64.0,72.73,0.4985433075821196,0.6061657741581483,1.0,30.0,0.7303447899999997,21.0,82.0,96.0,2.8729730600000005,538.0,33.37748344370861,22.781456953642383,4.304635761589404,56.026490066225165,1.0596026490066226,0.0,3.509933774834437,4.105960264900662,0.5960264900662252,0.1324503311258278,0.1324503311258278,0.3311258278145695,0.2649006622516556,0.2649006622516556,0.0,0.1324503311258278,0.794701986754967,0.794701986754967,0.0,1.52317880794702,0.1324503311258278,0.9933774834437088,0.3973509933774835,1.0596026490066226,0.0,0.0,85.63,58.56,33.33,50.0,50.0,50.96,64.0,72.73,0.0330161130849085,0.0401434287521952,0.0662251655629139,1.9867549668874167,0.0483672046357615,1.390728476821192,5.430463576158941,6.357615894039736,0.1902631165562914,35.629139072847686,CB,69,87,95,82,47,34,60,60,63,78,97,73,48,53,28,70,91,90,27,86,62,64,94,83,51,51,42,95,79,58,88,18,61,79,45,79,61,92,92,98,92,94,98,81,61,81,92,68,16,34,29,24,45,71,94,65,27,31,28,61,84,82,27,81,47,52,87,63,51,51,42,95,79,58,88,18,61,79,29,76,58,85,89,95,79,84,97,71,Allsvenskan
Mjällby,spvvjmk37iid7hsky9g3nce7,atxo9oz3czimyk1t4xigfrkrt,V. Granath,Villiam Granath,28.0,Midfielder,Sweden,Midfielder,168.0,222.0,13.0,384.0,27.0,0.0,88.0,25.0,1233.0,14.0,6.0,2.0,14.0,20.0,14.0,6.0,3.0,33.0,35.0,1.0,8.0,6.0,50.0,15.0,19.0,0.0,0.0,77.89,36.11,37.5,45.45,30.0,48.09,56.25,59.38,1.9130368017647044,1.1003283026756243,7.0,27.0,1.0363389299999997,13.0,27.0,28.0,1.4775645300000018,153.0,12.262773722627738,16.204379562043798,0.9489051094890512,28.02919708029197,1.9708029197080288,0.0,6.423357664233577,1.8248175182481752,1.0218978102189782,0.437956204379562,0.145985401459854,1.0218978102189782,1.45985401459854,1.0218978102189782,0.437956204379562,0.218978102189781,2.408759124087591,2.554744525547445,0.072992700729927,0.5839416058394161,0.437956204379562,3.6496350364963503,1.094890510948905,1.3868613138686132,0.0,0.0,77.89,36.11,37.5,45.45,30.0,48.09,56.25,59.38,0.1396377227565477,0.0803159345018704,0.5109489051094891,1.9708029197080288,0.0756451773722627,0.9489051094890512,1.9708029197080288,2.0437956204379564,0.1078514255474454,11.167883211678832,RM/RCM,64,64,64,86,100,54,93,86,61,54,79,61,71,64,61,32,71,71,46,54,68,75,71,93,54,54,36,50,93,57,57,64,86,29,71,57,61,57,64,68,57,39,57,68,71,36,57,57,100,54,93,71,36,43,64,43,43,64,50,21,64,64,50,57,64,71,64,71,54,54,36,50,93,57,57,64,86,29,57,36,50,64,71,43,36,21,36,36,Allsvenskan
Mjällby,spvvjmk37iid7hsky9g3nce7,czfitwajt0sayki90i3fk5n85,J. Gustavsson,Jesper Gustavsson,31.0,Midfielder,Sweden,Midfielder,427.0,369.0,39.0,796.0,13.0,0.0,60.0,24.0,1651.0,16.0,0.0,2.0,13.0,5.0,1.0,4.0,1.0,15.0,16.0,0.0,22.0,1.0,6.0,8.0,16.0,0.0,0.0,84.86,40.62,0.0,53.33,20.0,43.48,48.15,69.57,0.3936915787871843,1.1004397065738234,3.0,12.0,0.36725051,8.0,79.0,67.0,1.7951814299999995,369.0,23.27680193821926,20.115081768625075,2.125984251968504,43.39188370684433,0.7086614173228346,0.0,3.2707450030284675,1.308298001211387,0.872198667474258,0.0,0.1090248334342822,0.7086614173228346,0.2725620835857056,0.0545124167171411,0.2180496668685645,0.0545124167171411,0.8176862507571169,0.872198667474258,0.0,1.199273167777105,0.0545124167171411,0.3270745003028467,0.436099333737129,0.872198667474258,0.0,0.0,84.86,40.62,0.0,53.33,20.0,43.48,48.15,69.57,0.0214610794008761,0.0599876278568407,0.1635372501514233,0.6541490006056935,0.0200197128407026,0.436099333737129,4.306480920654149,3.652331920048456,0.0978596781950332,20.115081768625075,DM/CM,85,65,78,80,79,46,57,69,62,16,79,69,29,20,41,25,65,65,29,72,32,26,66,56,50,51,34,15,16,68,36,15,65,80,32,68,36,32,35,40,65,59,55,62,60,28,50,48,52,46,10,30,38,16,72,40,5,12,25,18,42,38,29,48,25,10,50,20,50,51,34,15,16,68,36,15,65,80,5,42,18,10,10,10,40,32,28,35,Allsvenskan
Mjällby,spvvjmk37iid7hsky9g3nce7,d69z6vl1wfbge2lc46b3skv3e,A. Youssef,Ali Youssef,26.0,Attacker,Tunisia,Striker,10.0,28.0,1.0,38.0,1.0,0.0,12.0,1.0,299.0,2.0,0.0,0.0,3.0,12.0,11.0,1.0,4.0,16.0,17.0,1.0,1.0,2.0,26.0,7.0,0.0,0.0,0.0,64.41,33.33,0.0,43.75,16.67,33.33,0.0,0.0,1.5114410147887414,0.1957690019798064,2.0,11.0,0.25716738,3.0,2.0,4.0,0.16289583,14.0,3.0100334448160533,8.42809364548495,0.3010033444816053,11.438127090301002,0.3010033444816053,0.0,3.612040133779264,0.3010033444816053,0.6020066889632106,0.0,0.0,0.903010033444816,3.612040133779264,3.311036789297659,0.3010033444816053,1.2040133779264213,4.816053511705685,5.117056856187291,0.3010033444816053,0.3010033444816053,0.6020066889632106,7.826086956521738,2.1070234113712374,0.0,0.0,0.0,64.41,33.33,0.0,43.75,16.67,33.33,0.0,0.0,0.4549488004380826,0.0589271243417477,0.6020066889632106,3.311036789297659,0.0774082414715719,0.903010033444816,0.6020066889632106,1.2040133779264213,0.049032189632107,4.214046822742475,ST,7,17,18,10,3,50,3,7,7,28,20,12,18,33,18,40,47,52,35,28,12,27,53,3,50,50,17,35,28,47,13,17,3,3,23,17,18,50,40,45,18,25,20,13,23,53,47,43,10,50,27,13,10,28,20,47,93,93,40,100,100,100,63,53,27,93,100,3,50,50,17,35,28,47,13,17,3,3,93,43,47,100,87,87,30,57,57,50,Allsvenskan
Mjällby,spvvjmk37iid7hsky9g3nce7,eb0ovd9v1dlil87ty5ueboy6s,L. Tidstrand,Ludvig Tidstrand,21.0,Midfielder,Sweden,Midfielder,118.0,73.0,11.0,189.0,12.0,0.0,42.0,19.0,533.0,6.0,2.0,0.0,4.0,6.0,4.0,2.0,0.0,12.0,13.0,0.0,5.0,2.0,17.0,9.0,9.0,0.0,0.0,75.6,31.43,22.22,75.0,33.33,51.85,52.17,60.0,0.5366752717964541,0.4370038971971277,2.0,7.0,0.15473096,5.0,10.0,8.0,0.43924443,80.0,19.924953095684803,12.326454033771109,1.8574108818011257,31.913696060037523,2.026266416510319,0.0,7.091932457786116,3.2082551594746715,1.0131332082551594,0.3377110694183864,0.0,0.6754221388367729,1.0131332082551594,0.6754221388367729,0.3377110694183864,0.0,2.026266416510319,2.195121951219512,0.0,0.8442776735459662,0.3377110694183864,2.870544090056285,1.5196998123827392,1.5196998123827392,0.0,0.0,75.6,31.43,22.22,75.0,33.33,51.85,52.17,60.0,0.0906205899843918,0.0737905267312223,0.3377110694183864,1.1819887429643527,0.0261271789868667,0.8442776735459662,1.6885553470919323,1.350844277673546,0.0741688530956848,13.50844277673546,LM/LCM,57,14,64,43,79,50,43,71,14,43,21,14,29,29,36,21,14,14,36,43,29,14,57,57,57,57,14,14,71,100,50,100,86,71,29,29,43,14,14,14,36,14,14,43,100,14,86,43,100,50,86,86,43,71,21,14,29,43,43,21,43,43,36,71,43,43,57,86,57,57,14,14,71,100,50,100,86,71,43,29,43,14,14,29,29,14,14,43,Allsvenskan
Mjällby,spvvjmk37iid7hsky9g3nce7,to4j02so007q7mkqpnrrumtw,R. Leandersson,Romeo Leandersson,18.0,Midfielder,Sweden,Midfielder,55.0,82.0,5.0,137.0,0.0,0.0,14.0,3.0,348.0,3.0,0.0,0.0,1.0,0.0,0.0,0.0,0.0,5.0,5.0,0.0,1.0,0.0,5.0,2.0,8.0,0.0,0.0,87.26,50.0,0.0,40.0,0.0,53.85,0.0,88.89,0.0,0.1390990686030293,0.0,11.0,0.27381854,2.0,12.0,9.0,0.42797406,66.0,14.224137931034482,21.20689655172414,1.293103448275862,35.43103448275862,0.0,0.0,3.6206896551724137,0.7758620689655172,0.7758620689655172,0.0,0.0,0.2586206896551724,0.0,0.0,0.0,0.0,1.293103448275862,1.293103448275862,0.0,0.2586206896551724,0.0,1.293103448275862,0.5172413793103449,2.0689655172413794,0.0,0.0,87.26,50.0,0.0,40.0,0.0,53.85,0.0,88.89,0.0,0.0359738970525075,0.0,2.8448275862068964,0.0708151396551724,0.5172413793103449,3.103448275862069,2.327586206896552,0.1106829465517241,17.06896551724138,DM/CM,8,18,11,10,2,46,10,4,19,16,26,15,2,6,9,8,28,26,29,4,12,19,31,30,50,51,65,46,16,34,12,57,5,100,2,18,8,29,30,14,9,8,20,9,8,38,20,12,2,46,22,10,28,16,26,15,2,6,9,8,70,65,29,2,12,52,62,82,50,51,65,46,16,34,12,57,5,100,2,20,8,78,85,20,15,8,40,10,Allsvenskan
Västerås,auq9e9zc85fm9nspagrjetg0,18mg6ltt2g8lrnjjy5doh7xg4,B. Lendambi,Bonaventure Lendambi,20.0,Attacker,Congo,Striker,17.0,39.0,1.0,56.0,28.0,0.0,53.0,11.0,472.0,14.0,0.0,0.0,2.0,15.0,11.0,4.0,1.0,3.0,3.0,2.0,1.0,7.0,21.0,3.0,7.0,0.0,0.0,58.95,25.0,0.0,100.0,46.67,56.99,52.83,87.5,1.7232581542462022,0.0558555745542119,4.0,3.0,0.09485278,1.0,1.0,1.0,0.0287518999999999,6.0,3.2415254237288136,7.436440677966102,0.1906779661016949,10.677966101694915,5.338983050847458,0.0,10.10593220338983,2.097457627118644,2.669491525423729,0.0,0.0,0.3813559322033898,2.860169491525424,2.097457627118644,0.7627118644067796,0.1906779661016949,0.5720338983050848,0.5720338983050848,0.3813559322033898,0.1906779661016949,1.3347457627118644,4.004237288135593,0.5720338983050848,1.3347457627118644,0.0,0.0,58.95,25.0,0.0,100.0,46.67,56.99,52.83,87.5,0.3285873599198267,0.0106504273514387,0.7627118644067796,0.5720338983050848,0.0180863351694915,0.1906779661016949,0.1906779661016949,0.1906779661016949,0.0054823538135593,1.1440677966101696,ST,18,30,18,27,88,50,67,72,52,28,20,7,45,33,55,10,8,8,53,28,48,20,25,65,50,50,10,20,28,98,77,97,93,90,40,7,48,17,20,15,12,8,7,5,27,40,30,33,100,50,100,93,93,28,20,3,63,60,80,13,7,7,70,30,80,33,40,97,50,50,10,20,28,98,77,97,93,90,63,7,63,30,23,20,13,10,7,3,Allsvenskan
Västerås,auq9e9zc85fm9nspagrjetg0,1fe3eufdkzpwvc0kn1ykp9n2s,J. Magnusson,Jens Magnusson,21.0,Midfielder,Sweden,Midfielder,46.0,141.0,4.0,179.0,4.0,0.0,24.0,4.0,609.0,7.0,8.0,1.0,10.0,14.0,9.0,5.0,8.0,13.0,14.0,2.0,4.0,2.0,15.0,8.0,3.0,0.0,0.0,78.51,28.57,34.78,61.54,14.29,47.06,80.0,60.0,1.2145604260044762,1.1667572804925386,10.0,18.0,0.4364906799999999,12.0,20.0,23.0,1.16506456,82.0,6.798029556650246,20.83743842364532,0.5911330049261084,26.45320197044335,0.5911330049261084,0.0,3.5467980295566504,0.5911330049261084,1.0344827586206895,1.1822660098522169,0.1477832512315271,1.477832512315271,2.0689655172413794,1.3300492610837438,0.7389162561576355,1.1822660098522169,1.9211822660098523,2.0689655172413794,0.2955665024630542,0.5911330049261084,0.2955665024630542,2.2167487684729066,1.1822660098522169,0.4433497536945813,0.0,0.0,78.51,28.57,34.78,61.54,14.29,47.06,80.0,60.0,0.17949168857209,0.1724271843092421,1.477832512315271,2.6600985221674875,0.06450601182266,1.7733990147783252,2.955665024630542,3.399014778325123,0.1721770285714285,12.118226600985222,RM/RCM,14,29,32,14,39,54,14,21,21,71,50,43,39,43,50,89,36,36,68,21,43,21,54,7,54,54,43,32,86,93,36,57,100,39,36,64,71,43,43,54,43,29,43,21,36,71,36,43,64,54,14,29,43,93,71,71,86,71,64,100,57,57,79,64,57,21,79,14,54,54,43,32,86,93,36,57,100,39,71,93,100,71,64,79,79,64,79,50,Allsvenskan
Västerås,auq9e9zc85fm9nspagrjetg0,1olyaqfnnl0sb4vsfxyi7j2z9,V. Wernersson,Victor Wernersson,31.0,Defender,Sweden,Defender,276.0,205.0,32.0,478.0,13.0,1.0,42.0,65.0,945.0,7.0,3.0,0.0,4.0,3.0,2.0,1.0,3.0,3.0,3.0,0.0,7.0,0.0,3.0,1.0,15.0,0.0,0.0,81.99,39.02,20.0,33.33,0.0,56.0,56.52,71.43,0.3164161415079587,0.4194890245009056,2.0,5.0,0.13518966,4.0,49.0,51.0,1.7579146600000015,234.0,26.285714285714285,19.52380952380953,3.0476190476190474,45.523809523809526,1.238095238095238,0.0952380952380952,4.0,6.190476190476191,0.6666666666666666,0.2857142857142857,0.0,0.3809523809523809,0.2857142857142857,0.1904761904761904,0.0952380952380952,0.2857142857142857,0.2857142857142857,0.2857142857142857,0.0,0.6666666666666666,0.0,0.2857142857142857,0.0952380952380952,1.4285714285714286,0.0,0.0,81.99,39.02,20.0,33.33,0.0,56.0,56.52,71.43,0.0301348706198055,0.0399513356667529,0.1904761904761904,0.4761904761904761,0.0128752057142857,0.3809523809523809,4.666666666666667,4.857142857142857,0.1674204438095239,22.285714285714285,LB/LCB,79,50,75,58,65,85,42,88,35,25,25,21,17,27,23,62,10,8,35,17,15,12,17,54,50,50,58,71,33,29,15,62,54,73,25,21,42,12,12,10,62,54,50,62,83,58,71,75,58,83,38,100,29,29,25,21,8,29,21,67,4,4,35,12,15,8,8,62,50,50,58,71,33,29,15,62,54,73,25,17,50,8,8,12,79,62,62,71,Allsvenskan
Västerås,auq9e9zc85fm9nspagrjetg0,1pqp7nb2s1hrnom8cvl2vmdqs,M. Keïta,Madiou Keïta,22.0,Defender,Guinea,Defender,119.0,59.0,14.0,178.0,6.0,0.0,18.0,24.0,402.0,5.0,0.0,0.0,1.0,0.0,0.0,0.0,0.0,4.0,4.0,0.0,9.0,0.0,0.0,1.0,3.0,0.0,0.0,84.76,45.16,0.0,25.0,0.0,52.94,60.0,42.86,0.0,0.2165207453030214,0.0,2.0,0.03546945,4.0,9.0,7.0,0.26211064,91.0,26.64179104477612,13.208955223880595,3.134328358208955,39.85074626865672,1.343283582089552,0.0,4.029850746268656,5.3731343283582085,1.1194029850746268,0.0,0.0,0.2238805970149253,0.0,0.0,0.0,0.0,0.8955223880597015,0.8955223880597015,0.0,2.014925373134328,0.0,0.0,0.2238805970149253,0.6716417910447761,0.0,0.0,84.76,45.16,0.0,25.0,0.0,52.94,60.0,42.86,0.0,0.048474793724557,0.0,0.4477611940298507,0.007940921641791,0.8955223880597015,2.014925373134328,1.5671641791044777,0.0586814865671641,20.37313432835821,LB/LCB,17,4,23,4,15,40,8,29,25,8,25,8,4,8,10,6,17,15,35,29,15,4,17,8,50,50,79,88,8,17,15,54,77,4,4,12,12,4,4,10,4,4,4,12,88,17,79,58,71,40,50,96,83,8,25,12,4,8,10,6,38,33,35,96,15,4,25,17,50,50,79,88,8,17,15,54,77,4,4,21,12,4,4,42,17,4,4,62,Allsvenskan
Västerås,auq9e9zc85fm9nspagrjetg0,1w9x90api6wx9xxwryca1j45x,F. Nsabiyumva,Frédéric Nsabiyumva,31.0,Defender,Burundi,Defender,193.0,71.0,14.0,264.0,33.0,0.0,48.0,62.0,655.0,3.0,0.0,0.0,0.0,3.0,3.0,0.0,0.0,0.0,0.0,1.0,10.0,2.0,7.0,0.0,2.0,0.0,0.0,84.35,42.42,0.0,0.0,66.67,68.57,73.33,16.67,0.3355155363696803,0.0,0.0,0.0,0.0,0.0,16.0,14.0,0.3122387699999999,170.0,26.519083969465647,9.755725190839694,1.923664122137405,36.27480916030535,4.534351145038168,0.0,6.595419847328245,8.51908396946565,0.4122137404580153,0.0,0.0,0.0,0.4122137404580153,0.4122137404580153,0.0,0.0,0.0,0.0,0.1374045801526717,1.3740458015267176,0.2748091603053435,0.9618320610687024,0.0,0.2748091603053435,0.0,0.0,84.35,42.42,0.0,0.0,66.67,68.57,73.33,16.67,0.0461013714095743,0.0,0.0,0.0,0.0,0.0,2.198473282442748,1.923664122137405,0.0429030370992366,23.3587786259542,CB,29,16,27,19,84,34,52,60,23,28,38,10,34,38,28,16,9,8,68,46,62,36,14,8,51,51,29,56,28,14,97,95,85,2,27,11,25,5,5,11,23,18,15,27,24,8,35,18,100,34,100,98,29,28,38,10,42,52,28,16,9,8,82,68,77,48,14,6,51,51,29,56,28,14,97,95,85,2,40,11,25,5,5,11,27,16,10,26,Allsvenskan
Västerås,auq9e9zc85fm9nspagrjetg0,21ibcnwells963r563vrhwg0k,P. Bonde,Philip Bonde,22.0,Defender,Sweden,Defender,481.0,241.0,48.0,722.0,40.0,1.0,63.0,103.0,1543.0,4.0,0.0,1.0,10.0,9.0,8.0,1.0,2.0,2.0,2.0,2.0,26.0,3.0,15.0,2.0,10.0,0.0,0.0,86.47,41.03,0.0,100.0,33.33,60.0,67.8,58.82,1.0415197100449405,0.7897811408851061,1.0,8.0,0.17542254,8.0,59.0,73.0,1.7477215700000015,490.0,28.055735580038885,14.057031756318858,2.799740764744005,42.11276733635774,2.3331173039533373,0.0583279325988334,3.674659753726506,6.007777057679844,0.2333117303953337,0.0,0.0583279325988334,0.5832793259883343,0.5249513933895009,0.4666234607906675,0.0583279325988334,0.1166558651976668,0.1166558651976668,0.1166558651976668,0.1166558651976668,1.5165262475696697,0.1749837977965003,0.8749189889825015,0.1166558651976668,0.5832793259883343,0.0,0.0,86.47,41.03,0.0,100.0,33.33,60.0,67.8,58.82,0.0607496914478578,0.0460663011533762,0.0583279325988334,0.4666234607906675,0.0102320340894361,0.4666234607906675,3.4413480233311726,4.257939079714841,0.1019409859364874,28.580686973428385,CB,66,63,87,66,88,82,69,92,32,28,85,94,73,79,65,70,41,40,90,96,75,64,60,55,51,51,45,51,28,90,68,55,76,31,76,89,61,52,53,79,73,80,77,76,31,35,58,31,74,76,32,74,8,28,79,85,56,63,61,52,26,23,74,77,60,40,44,23,51,51,45,51,28,90,68,55,76,31,53,79,53,40,37,63,55,65,56,45,Allsvenskan
Västerås,auq9e9zc85fm9nspagrjetg0,2lafgzvhv0er31i6c2nb6xqfo,M. Baggesen,Marcus Baggesen,23.0,Defender,Denmark,Defender,112.0,153.0,10.0,247.0,8.0,0.0,43.0,27.0,964.0,11.0,18.0,4.0,17.0,10.0,6.0,4.0,2.0,7.0,7.0,1.0,13.0,2.0,20.0,5.0,12.0,0.0,0.0,77.43,25.0,28.12,71.43,20.0,52.44,40.0,63.16,0.6865593211928669,1.917646702839389,3.0,13.0,0.36605777,11.0,13.0,18.0,1.2579026800000004,87.0,10.45643153526971,14.284232365145227,0.933609958506224,23.060165975103736,0.7468879668049793,0.0,4.014522821576763,2.5207468879668053,1.0269709543568466,1.6804979253112031,0.3734439834024896,1.587136929460581,0.933609958506224,0.5601659751037344,0.3734439834024896,0.1867219917012448,0.6535269709543569,0.6535269709543569,0.0933609958506224,1.2136929460580914,0.1867219917012448,1.867219917012448,0.466804979253112,1.120331950207469,0.0,0.0,77.43,25.0,28.12,71.43,20.0,52.44,40.0,63.16,0.0640978619370933,0.1790334058667479,0.2800829875518672,1.2136929460580914,0.034175517946058,1.0269709543568466,1.2136929460580914,1.6804979253112031,0.1174390468879668,8.12240663900415,LB/LCB,12,33,12,17,33,40,46,33,48,94,100,71,71,69,62,40,31,29,79,42,65,54,50,40,50,50,12,8,83,96,65,46,8,25,67,83,56,38,46,48,8,12,46,8,8,21,8,12,33,40,46,29,71,100,100,88,71,75,62,50,25,25,88,54,67,71,58,46,50,50,12,8,83,96,65,46,8,25,71,96,62,38,42,54,4,8,33,4,Allsvenskan
Västerås,auq9e9zc85fm9nspagrjetg0,4m2yhodb9mxsm4bysxaa8r1wq,H. Magnusson,Herman Magnusson,28.0,Defender,Sweden,Defender,563.0,356.0,79.0,913.0,23.0,0.0,77.0,85.0,1781.0,9.0,6.0,0.0,6.0,12.0,6.0,6.0,3.0,7.0,7.0,1.0,49.0,2.0,14.0,5.0,24.0,0.0,0.0,84.54,43.65,54.55,71.43,16.67,56.2,50.0,60.0,0.9440169468132918,0.3591924574976497,4.0,12.0,0.25174856,11.0,83.0,78.0,2.398680690000001,545.0,28.45030881527232,17.989893318360473,3.992139247613701,46.13700168444694,1.162268388545761,0.0,3.891072431218417,4.295339696799551,0.454800673778776,0.3032004491858506,0.0,0.3032004491858506,0.6064008983717013,0.3032004491858506,0.3032004491858506,0.1516002245929253,0.3537338573834924,0.3537338573834924,0.0505334081976417,2.476137001684448,0.1010668163952835,0.7074677147669849,0.2526670409882088,1.2128017967434026,0.0,0.0,84.54,43.65,54.55,71.43,16.67,56.2,50.0,60.0,0.0477043937188075,0.0181512190762428,0.2021336327905671,0.6064008983717013,0.0127217127456485,0.5558674901740596,4.194272880404268,3.9416058394160585,0.121213510443571,27.540707467714768,RB/RCB,100,69,100,88,94,38,75,100,47,53,25,41,81,75,88,66,25,25,81,100,56,38,50,88,50,53,56,75,100,94,38,56,31,28,69,31,75,41,38,47,81,66,56,88,94,44,100,81,62,38,31,100,19,38,25,25,50,50,56,25,19,19,69,100,44,12,31,62,50,53,56,75,100,94,38,56,31,28,44,12,50,19,12,31,75,44,31,81,Allsvenskan
Västerås,auq9e9zc85fm9nspagrjetg0,5ib5990rsa8y9pf2bu4risjqh,A. Boudah,Abdelrahman Boudah,27.0,Attacker,Sweden,Striker,66.0,126.0,7.0,191.0,4.0,0.0,36.0,8.0,662.0,9.0,1.0,1.0,9.0,13.0,9.0,4.0,4.0,22.0,22.0,1.0,5.0,4.0,25.0,13.0,8.0,0.0,0.0,80.93,100.0,20.0,59.09,30.77,39.13,15.38,80.0,1.3405310040336993,0.8351583347688849,3.0,11.0,0.300577,10.0,17.0,15.0,0.5545939900000001,70.0,8.972809667673717,17.129909365558913,0.9516616314199396,25.96676737160121,0.5438066465256798,0.0,4.894259818731118,1.0876132930513596,1.2235649546827796,0.1359516616314199,0.1359516616314199,1.2235649546827796,1.7673716012084593,1.2235649546827796,0.5438066465256798,0.5438066465256798,2.990936555891239,2.990936555891239,0.1359516616314199,0.6797583081570997,0.5438066465256798,3.3987915407854987,1.7673716012084593,1.0876132930513596,0.0,0.0,80.93,100.0,20.0,59.09,30.77,39.13,15.38,80.0,0.1822474174668171,0.1135411633371595,0.4078549848942598,1.4954682779456194,0.0408639425981873,1.3595166163141994,2.311178247734139,2.0392749244713,0.0753979744712991,9.516616314199396,LW,33,22,33,22,61,56,22,50,28,22,28,22,11,11,11,17,33,33,11,33,11,17,44,33,56,56,56,100,33,100,44,33,22,89,11,22,11,11,11,33,33,22,11,22,89,33,89,56,89,56,67,78,56,22,33,33,11,11,11,11,67,67,11,56,11,11,78,89,56,56,56,100,33,100,44,33,22,89,11,22,11,11,11,78,78,33,11,56,Allsvenskan
Västerås,auq9e9zc85fm9nspagrjetg0,5qyy2dueifcxubqljki7n9es4,J. Tagesson,Jack Tagesson,21.0,Defender,Sweden,Defender,100.0,69.0,16.0,169.0,11.0,0.0,22.0,20.0,320.0,4.0,0.0,0.0,0.0,0.0,0.0,0.0,0.0,0.0,0.0,0.0,3.0,0.0,1.0,0.0,5.0,0.0,0.0,87.11,69.57,0.0,0.0,0.0,61.11,52.38,71.43,0.0,0.0,0.0,0.0,0.0,0.0,0.0,0.0,0.0,0.0,28.125,19.40625,4.5,47.53125,3.09375,0.0,6.1875,5.625,1.125,0.0,0.0,0.0,0.0,0.0,0.0,0.0,0.0,0.0,0.0,0.84375,0.0,0.28125,0.0,1.40625,0.0,0.0,87.11,69.57,0.0,0.0,0.0,61.11,52.38,71.43,0.0,0.0,0.0,0.0,0.0,0.0,0.0,0.0,0.0,0.0,CB,8,15,34,10,35,34,22,15,32,28,38,10,6,8,28,16,9,8,27,9,14,5,14,26,51,51,48,98,28,14,14,67,29,73,6,11,25,5,5,11,3,3,3,3,32,63,94,48,87,34,98,58,82,28,38,10,6,8,28,16,9,8,27,34,14,6,14,85,51,51,48,98,28,14,14,67,29,73,6,11,25,5,5,11,3,3,3,3,Allsvenskan
Västerås,auq9e9zc85fm9nspagrjetg0,6kvqc5ecaz4pima39rzq3tskp,S. Gefvert,Simon Gefvert,29.0,Midfielder,Sweden,Midfielder,288.0,410.0,31.0,679.0,9.0,0.0,99.0,42.0,1886.0,32.0,19.0,4.0,21.0,14.0,11.0,3.0,3.0,20.0,20.0,1.0,11.0,4.0,39.0,4.0,39.0,0.0,0.0,79.05,33.7,26.76,20.0,28.57,54.4,36.0,72.22,1.567727011112415,2.150205850578369,5.0,38.0,1.0889296,39.0,49.0,61.0,3.3862951799999994,291.0,13.743372216330858,19.565217391304348,1.47932131495228,32.40190880169671,0.4294803817603393,0.0,4.724284199363733,2.00424178154825,1.5270413573700954,0.9066808059384942,0.1908801696712619,1.002120890774125,0.6680805938494168,0.5249204665959704,0.1431601272534464,0.1431601272534464,0.9544008483563096,0.9544008483563096,0.0477200424178154,0.5249204665959704,0.1908801696712619,1.861081654294804,0.1908801696712619,1.861081654294804,0.0,0.0,79.05,33.7,26.76,20.0,28.57,54.4,36.0,72.22,0.0748119994698395,0.1026079143966348,0.2386002120890774,1.8133616118769884,0.0519637667020148,1.861081654294804,2.3382820784729588,2.9109225874867444,0.161594149628844,13.886532343584305,RM/RCM,100,100,93,100,68,54,100,100,96,100,93,79,39,57,32,32,50,50,46,93,50,57,29,100,54,54,50,43,71,7,43,86,43,86,57,79,43,71,71,100,100,93,100,100,86,57,79,86,57,54,57,86,79,79,79,36,21,43,21,14,21,21,36,36,43,14,7,100,54,54,50,43,71,7,43,86,43,86,21,50,21,57,57,86,57,50,71,86,Allsvenskan
Västerås,auq9e9zc85fm9nspagrjetg0,7pdo9vcnrnidquom3zjlm9d5h,J. Ring,Jonathan Ring,34.0,Attacker,Sweden,Striker,75.0,130.0,9.0,203.0,4.0,0.0,20.0,11.0,442.0,1.0,2.0,1.0,9.0,6.0,3.0,3.0,1.0,11.0,12.0,0.0,5.0,3.0,13.0,6.0,5.0,0.0,0.0,79.3,52.94,16.67,54.55,50.0,43.48,44.44,55.56,0.4091488434270685,0.6980561052818335,2.0,14.0,0.33145207,6.0,20.0,22.0,0.9802090199999998,109.0,15.271493212669682,26.47058823529412,1.832579185520362,41.33484162895928,0.8144796380090498,0.0,4.072398190045249,2.239819004524887,0.2036199095022624,0.4072398190045249,0.2036199095022624,1.832579185520362,1.2217194570135743,0.6108597285067873,0.6108597285067873,0.2036199095022624,2.239819004524887,2.443438914027149,0.0,1.0180995475113122,0.6108597285067873,2.647058823529412,1.2217194570135743,1.0180995475113122,0.0,0.0,79.3,52.94,16.67,54.55,50.0,43.48,44.44,55.56,0.083310850471575,0.1421381209849887,0.4072398190045249,2.850678733031674,0.0674902404977375,1.2217194570135743,4.072398190045249,4.479638009049774,0.1995900719457013,22.19457013574661,ST,70,70,80,67,15,50,18,72,3,77,52,50,3,3,40,10,30,33,13,63,20,3,43,47,50,50,83,67,67,80,85,70,77,32,3,60,18,62,50,62,80,75,77,83,100,97,97,100,37,50,37,100,3,87,80,93,10,7,63,17,70,70,13,90,30,10,83,80,50,50,83,67,67,80,85,70,77,32,3,83,40,93,83,97,97,97,97,100,Allsvenskan
Västerås,auq9e9zc85fm9nspagrjetg0,ap6seyqf7qsdyqtyig13dx638,M. Diagne,Mamadou Diagne,23.0,Midfielder,Senegal,Midfielder,324.0,429.0,36.0,749.0,26.0,0.0,132.0,32.0,1802.0,42.0,4.0,1.0,19.0,17.0,9.0,8.0,5.0,25.0,25.0,1.0,25.0,4.0,31.0,12.0,37.0,0.0,0.0,85.21,59.02,25.0,48.0,23.53,55.93,60.47,68.52,1.5780532819852298,1.4369714308005896,9.0,43.0,0.9914371499999995,16.0,88.0,80.0,2.2868235799999987,395.0,16.18201997780244,21.42619311875693,1.798002219755827,37.40843507214206,1.2985571587125415,0.0,6.592674805771365,1.5982241953385128,2.097669256381798,0.1997780244173141,0.0499445061043285,0.948945615982242,0.8490566037735849,0.4495005549389567,0.3995560488346282,0.2497225305216426,1.248612652608213,1.248612652608213,0.0499445061043285,1.248612652608213,0.1997780244173141,1.5482796892341844,0.5993340732519423,1.847946725860156,0.0,0.0,85.21,59.02,25.0,48.0,23.53,55.93,60.47,68.52,0.0788150917750669,0.0717688283973657,0.4495005549389567,2.1476137624861265,0.049516838790233,0.7991120976692564,4.39511653718091,3.995560488346282,0.1142142742508323,19.72807991120977,DM/CM,65,82,71,75,98,46,95,82,98,71,59,74,81,88,71,72,88,85,69,80,71,89,88,92,50,51,40,82,51,57,45,68,85,72,85,72,90,88,85,74,80,70,70,78,20,40,38,28,82,46,90,50,95,60,52,60,55,72,45,45,65,62,60,52,55,75,70,75,50,51,40,82,51,57,45,68,85,72,57,55,62,62,52,50,45,45,45,28,Allsvenskan
Västerås,auq9e9zc85fm9nspagrjetg0,athvsvh2429ru7r2peaqv4wt0,A. Taonsa,Axel Taonsa,22.0,Midfielder,Côte d'Ivoire,Midfielder,105.0,189.0,10.0,293.0,27.0,0.0,107.0,17.0,1369.0,36.0,1.0,0.0,17.0,42.0,32.0,10.0,11.0,52.0,54.0,6.0,7.0,16.0,67.0,19.0,15.0,0.0,0.0,78.55,55.56,20.0,36.54,38.1,42.29,34.18,60.0,4.550190490820426,1.103291724436289,14.0,30.0,0.8089339399999999,15.0,25.0,23.0,1.1211717999999995,117.0,6.902848794740687,12.425127830533237,0.6574141709276845,19.26223520818116,1.775018261504748,0.0,7.034331628926224,1.1176040905770637,2.366691015339664,0.0657414170927684,0.0,1.1176040905770637,2.7611395178962748,2.10372534696859,0.6574141709276845,0.7231555880204529,3.4185536888239594,3.550036523009496,0.3944485025566107,0.4601899196493791,1.051862673484295,4.404674945215486,1.2490869247626004,0.9861212563915268,0.0,0.0,78.55,55.56,20.0,36.54,38.1,42.29,34.18,60.0,0.2991359709085744,0.0725319614311658,0.9203798392987582,1.9722425127830527,0.0531804635500365,0.9861212563915268,1.643535427319211,1.5120525931336743,0.0737074229364499,7.691745799853908,CM/AM,46,52,48,48,100,51,100,89,100,23,15,64,90,99,74,89,90,90,94,46,90,89,88,69,49,51,31,61,45,33,62,36,45,45,98,43,88,57,57,64,45,38,50,43,26,19,33,14,100,51,95,67,90,14,15,31,86,95,62,79,81,81,88,31,90,79,81,42,49,51,31,61,45,33,62,36,45,45,95,17,83,38,36,35,19,7,17,17,Allsvenskan
Västerås,auq9e9zc85fm9nspagrjetg0,b0xmv09ie5se0sqwn46t0qfpw,K. Gunnarsson,Karl Gunnarsson,20.0,Midfielder,Sweden,Midfielder,105.0,172.0,6.0,275.0,10.0,0.0,66.0,11.0,1270.0,23.0,2.0,2.0,16.0,23.0,15.0,8.0,5.0,25.0,25.0,2.0,3.0,10.0,42.0,11.0,14.0,0.0,0.0,74.93,31.58,14.29,44.0,43.48,43.14,40.0,63.64,2.668232297174254,1.1124386022774797,11.0,22.0,0.6453576899999999,12.0,25.0,22.0,0.8124086399999997,103.0,7.440944881889764,12.188976377952756,0.4251968503937008,19.488188976377952,0.7086614173228347,0.0,4.677165354330709,0.7795275590551182,1.6299212598425197,0.1417322834645669,0.1417322834645669,1.1338582677165354,1.6299212598425197,1.062992125984252,0.5669291338582677,0.3543307086614173,1.7716535433070866,1.7716535433070866,0.1417322834645669,0.2125984251968504,0.7086614173228347,2.9763779527559056,0.7795275590551182,0.9921259842519684,0.0,0.0,74.93,31.58,14.29,44.0,43.48,43.14,40.0,63.64,0.1890873281462069,0.0788342316574591,0.7795275590551182,1.5590551181102363,0.045734009527559,0.8503937007874016,1.7716535433070866,1.5590551181102363,0.0575722658267716,7.299212598425197,CM/AM,46,45,32,45,79,51,74,65,74,43,67,57,69,80,63,45,69,69,60,19,76,71,76,60,49,51,10,7,31,64,86,38,62,58,83,50,79,42,45,49,45,35,26,38,31,14,17,17,69,51,52,45,57,33,50,33,52,60,43,26,50,50,55,10,60,43,60,45,49,51,10,7,31,64,86,38,62,58,67,21,74,12,19,24,21,12,5,12,Allsvenskan
Västerås,auq9e9zc85fm9nspagrjetg0,dkjy5ctjf8c41z1xgmw7hs8b8,M. Hellisdal,Mattias Hellisdal,20.0,Midfielder,Faroe Islands,Midfielder,150.0,160.0,17.0,302.0,1.0,0.0,25.0,15.0,758.0,10.0,8.0,2.0,8.0,6.0,3.0,3.0,1.0,10.0,10.0,1.0,7.0,4.0,7.0,4.0,7.0,1.0,0.0,88.82,68.0,25.81,40.0,66.67,44.64,10.0,70.0,0.4565478638904161,0.8759347605601788,3.0,16.0,0.38841626,6.0,25.0,16.0,0.55929941,128.0,17.810026385224273,18.99736147757256,2.0184696569920844,35.857519788918204,0.1187335092348284,0.0,2.9683377308707124,1.7810026385224274,1.1873350923482848,0.949868073878628,0.2374670184696569,0.949868073878628,0.7124010554089709,0.3562005277044854,0.3562005277044854,0.1187335092348284,1.1873350923482848,1.1873350923482848,0.1187335092348284,0.8311345646437994,0.4749340369393139,0.8311345646437994,0.4749340369393139,0.8311345646437994,0.1187335092348284,0.0,88.82,68.0,25.81,40.0,66.67,44.64,10.0,70.0,0.0542075300133739,0.1040028079820792,0.3562005277044854,1.899736147757256,0.0461180255936675,0.7124010554089709,2.9683377308707124,1.899736147757256,0.0664075816622691,15.197889182058049,CM/AM,67,43,69,50,10,51,14,82,27,75,67,21,10,12,25,7,21,20,43,46,33,10,25,25,99,51,93,88,67,46,100,52,10,74,10,33,31,33,31,25,45,23,14,48,88,52,86,69,7,51,10,95,29,79,71,17,10,14,31,5,19,19,40,57,45,12,29,29,98,51,93,88,67,46,100,52,10,74,10,38,33,36,21,17,48,21,12,64,Allsvenskan
Västerås,auq9e9zc85fm9nspagrjetg0,ez7xc7vakt4fmabtp61w72yju,I. Lushaku,Ismet Lushaku,25.0,Midfielder,Kosovo,Midfielder,178.0,235.0,12.0,404.0,7.0,0.0,40.0,28.0,840.0,10.0,9.0,4.0,13.0,5.0,2.0,3.0,2.0,13.0,14.0,1.0,18.0,2.0,3.0,4.0,12.0,0.0,0.0,88.4,41.38,23.68,30.77,40.0,41.24,41.18,63.16,0.4084398478048578,1.521430618632329,1.0,25.0,0.56403306,12.0,48.0,49.0,1.5521001099999996,199.0,19.07142857142857,25.178571428571427,1.2857142857142856,43.285714285714285,0.75,0.0,4.285714285714286,3.0,1.0714285714285714,0.9642857142857142,0.4285714285714285,1.3928571428571428,0.5357142857142857,0.2142857142857142,0.3214285714285714,0.2142857142857142,1.3928571428571428,1.5,0.1071428571428571,1.9285714285714284,0.2142857142857142,0.3214285714285714,0.4285714285714285,1.2857142857142856,0.0,0.0,88.4,41.38,23.68,30.77,40.0,41.24,41.18,63.16,0.0437614122648061,0.1630104234248924,0.1071428571428571,2.6785714285714284,0.0604321135714285,1.2857142857142856,5.142857142857142,5.25,0.1662964403571428,21.32142857142857,CM/AM,77,57,58,64,67,51,33,99,27,79,85,42,7,8,25,18,31,35,43,95,12,7,25,51,49,51,90,29,62,20,65,26,69,55,7,64,11,48,38,49,71,65,67,64,95,76,60,83,74,51,43,100,21,81,95,52,5,7,24,12,36,38,38,100,14,5,21,62,49,51,90,29,62,20,65,26,69,55,5,69,10,64,50,71,88,83,74,83,Allsvenskan
Västerås,auq9e9zc85fm9nspagrjetg0,p4vij77v1xw1bl68jl4jts0k,J. Karlsson,Jonathan Karlsson,22.0,Defender,Sweden,Defender,158.0,165.0,11.0,319.0,12.0,0.0,41.0,21.0,914.0,12.0,4.0,1.0,7.0,9.0,7.0,2.0,4.0,16.0,17.0,0.0,8.0,4.0,27.0,6.0,9.0,0.0,0.0,85.75,55.0,30.77,37.5,44.44,50.0,46.15,81.82,0.6805222889757697,0.7995494447278788,5.0,28.0,0.79203398,16.0,14.0,19.0,0.9243573900000004,88.0,15.557986870897157,16.2472647702407,1.0831509846827134,31.411378555798688,1.1816192560175056,0.0,4.037199124726477,2.067833698030635,1.1816192560175056,0.3938730853391685,0.0984682713347921,0.6892778993435449,0.8862144420131292,0.6892778993435449,0.1969365426695842,0.3938730853391685,1.5754923413566742,1.673960612691466,0.0,0.7877461706783371,0.3938730853391685,2.658643326039388,0.5908096280087528,0.8862144420131292,0.0,0.0,85.75,55.0,30.77,37.5,44.44,50.0,46.15,81.82,0.0670098534002399,0.0787302516690471,0.4923413566739606,2.7571115973741795,0.0779902168490153,1.5754923413566742,1.3785557986870898,1.8708971553610505,0.0910198742888403,8.665207877461707,CB,23,45,19,26,39,34,44,18,81,92,85,85,73,71,80,94,95,95,27,34,85,92,94,52,51,51,44,89,76,49,84,16,15,91,60,90,93,89,95,94,19,27,44,11,8,55,5,8,23,34,42,6,84,95,87,87,82,81,84,97,98,98,27,24,94,98,94,45,51,51,44,89,76,49,84,16,15,91,61,94,98,98,98,97,11,13,52,6,Allsvenskan
Örgryte,dwh59i70ej2t39052zb719qp3,1olk78ihxbzyq1kxcgdp78woa,C. Vindehall,Charlie Vindehall,30.0,Midfielder,Sweden,Midfielder,72.0,60.0,11.0,132.0,5.0,0.0,17.0,9.0,267.0,2.0,0.0,1.0,3.0,2.0,1.0,1.0,1.0,2.0,3.0,0.0,10.0,0.0,1.0,0.0,8.0,0.0,0.0,86.27,64.71,0.0,0.0,0.0,37.78,41.67,80.0,0.2372284815003553,0.2045652017589536,1.0,2.0,0.06452141,2.0,14.0,12.0,0.3101685699999998,66.0,24.26966292134832,20.2247191011236,3.7078651685393256,44.49438202247191,1.6853932584269662,0.0,5.730337078651685,3.033707865168539,0.6741573033707865,0.0,0.3370786516853932,1.0112359550561798,0.6741573033707865,0.3370786516853932,0.3370786516853932,0.3370786516853932,0.6741573033707865,1.0112359550561798,0.0,3.3707865168539324,0.0,0.3370786516853932,0.0,2.696629213483146,0.0,0.0,86.27,64.71,0.0,0.0,0.0,37.78,41.67,80.0,0.079964656685513,0.0689545623906585,0.3370786516853932,0.6741573033707865,0.0217487898876404,0.6741573033707865,4.719101123595506,4.044943820224719,0.1045512033707864,22.247191011235955,DM/CM,12,8,30,8,39,46,16,29,14,16,59,21,11,20,19,25,11,14,29,48,12,6,6,30,50,51,52,92,16,6,12,5,40,96,20,25,16,5,10,14,12,12,10,9,65,30,92,52,92,46,72,95,22,16,100,62,38,52,32,68,28,50,29,98,12,12,6,98,50,51,52,92,16,6,12,5,40,96,62,52,48,12,18,42,50,48,35,48,Allsvenskan
Örgryte,dwh59i70ej2t39052zb719qp3,24mg4kum9qlovl9ou5n63zs9h,A. Andreasson,Anton Andreasson,33.0,Defender,Sweden,Defender,93.0,143.0,13.0,229.0,8.0,0.0,40.0,23.0,1037.0,5.0,7.0,0.0,7.0,19.0,14.0,5.0,7.0,7.0,7.0,3.0,4.0,5.0,25.0,3.0,17.0,0.0,0.0,80.35,44.83,20.59,42.86,26.32,52.63,57.14,70.83,1.8675612073524583,0.5659700322458074,5.0,11.0,0.32154865,10.0,20.0,28.0,0.8327590299999997,109.0,8.07135969141755,12.41080038572806,1.128254580520733,19.87463837994214,0.6943105110896818,0.0,3.471552555448409,1.9961427193828352,0.4339440694310511,0.6075216972034716,0.0,0.6075216972034716,1.6489874638379942,1.2150433944069432,0.4339440694310511,0.6075216972034716,0.6075216972034716,0.6075216972034716,0.2603664416586306,0.3471552555448409,0.4339440694310511,2.1697203471552555,0.2603664416586306,1.475409836065574,0.0,0.0,80.35,44.83,20.59,42.86,26.32,52.63,57.14,70.83,0.1620834220460185,0.0491198677937537,0.4339440694310511,0.9546769527483124,0.0279068259402121,0.8678881388621023,1.7357762777242045,2.4300867888138864,0.0722741684667309,9.459980713596917,LB/LCB,4,25,17,8,33,40,38,21,25,46,25,29,96,96,73,94,31,29,100,6,98,75,33,60,50,50,33,81,38,44,79,50,60,67,96,29,79,25,38,42,23,31,21,21,4,12,21,4,29,40,8,12,17,38,25,38,96,100,71,100,21,21,100,4,96,83,29,67,50,50,33,81,38,44,79,50,60,67,96,25,88,17,25,29,8,21,8,8,Allsvenskan
Örgryte,dwh59i70ej2t39052zb719qp3,3k9t74k0qctv5qvmkbcxwtoet,J. Hammar,Johan Hammar,32.0,Defender,Sweden,Defender,207.0,83.0,16.0,290.0,25.0,0.0,36.0,54.0,570.0,2.0,0.0,0.0,0.0,9.0,9.0,0.0,2.0,0.0,0.0,0.0,4.0,2.0,12.0,0.0,6.0,0.0,0.0,83.57,41.03,0.0,0.0,22.22,66.67,65.79,66.67,1.1871955608274527,0.0,0.0,2.0,0.04813761,4.0,20.0,23.0,0.4097954499999998,181.0,32.68421052631579,13.105263157894738,2.5263157894736845,45.78947368421053,3.947368421052632,0.0,5.684210526315789,8.526315789473685,0.3157894736842105,0.0,0.0,0.0,1.4210526315789471,1.4210526315789471,0.0,0.3157894736842105,0.0,0.0,0.0,0.6315789473684211,0.3157894736842105,1.8947368421052635,0.0,0.9473684210526316,0.0,0.0,83.57,41.03,0.0,0.0,22.22,66.67,65.79,66.67,0.1874519306569662,0.0,0.0,0.3157894736842105,0.0076006752631578,0.6315789473684211,3.1578947368421053,3.631578947368421,0.064704544736842,28.57894736842105,CB,34,18,34,23,66,34,39,55,15,28,38,10,73,85,28,70,9,8,27,14,62,58,14,35,51,51,23,51,28,14,40,86,69,54,77,11,25,25,31,57,31,32,23,29,53,29,55,42,97,34,90,100,15,28,38,10,98,98,28,90,9,8,27,10,87,89,14,53,51,51,23,51,28,14,40,86,69,54,98,11,25,24,31,77,53,53,24,44,Allsvenskan
Örgryte,dwh59i70ej2t39052zb719qp3,3q2ohsarpzmtb278s58wrwsbu,W. Svensson,William Svensson,24.0,Defender,Sweden,Defender,35.0,37.0,6.0,71.0,5.0,0.0,18.0,14.0,334.0,2.0,1.0,0.0,2.0,3.0,1.0,2.0,2.0,8.0,8.0,0.0,4.0,0.0,5.0,3.0,5.0,0.0,0.0,64.55,31.58,11.11,37.5,0.0,48.65,50.0,62.5,0.2562795166054447,0.2094263267417844,1.0,2.0,0.0478667,1.0,4.0,10.0,0.29456504,38.0,9.431137724550895,9.97005988023952,1.616766467065868,19.131736526946103,1.3473053892215567,0.0,4.850299401197605,3.772455089820359,0.5389221556886228,0.2694610778443114,0.0,0.5389221556886228,0.8083832335329341,0.2694610778443114,0.5389221556886228,0.5389221556886228,2.155688622754491,2.155688622754491,0.0,1.0778443113772456,0.0,1.3473053892215567,0.8083832335329341,1.3473053892215567,0.0,0.0,64.55,31.58,11.11,37.5,0.0,48.65,50.0,62.5,0.0690573547739222,0.0564322437328161,0.2694610778443114,0.5389221556886228,0.0128982125748502,0.2694610778443114,1.0778443113772456,2.694610778443113,0.0793738131736526,10.239520958083832,RB/RCB,6,6,19,6,25,38,12,19,6,19,25,12,16,12,31,34,34,34,34,19,16,9,31,9,50,53,6,25,31,25,16,12,31,44,19,12,22,12,12,9,6,6,6,6,12,6,31,6,69,38,69,94,31,31,25,38,56,38,94,100,88,81,34,56,16,44,75,75,50,53,6,25,31,25,16,12,31,44,62,38,75,12,19,12,12,25,19,19,Allsvenskan
Örgryte,dwh59i70ej2t39052zb719qp3,41zyhxyx0b7x58xar7catcafp,T. Sana,Tobias Sana,37.0,Midfielder,Sweden,Midfielder,237.0,408.0,48.0,626.0,6.0,0.0,63.0,4.0,1752.0,26.0,19.0,5.0,39.0,20.0,8.0,12.0,9.0,38.0,39.0,3.0,3.0,6.0,36.0,20.0,5.0,0.0,0.0,80.15,57.83,33.93,52.63,30.0,44.06,35.29,45.45,1.3789253353015027,3.830129825859693,9.0,51.0,1.2829909899999996,23.0,68.0,91.0,3.563990979999997,328.0,12.174657534246576,20.95890410958904,2.4657534246575343,32.157534246575345,0.3082191780821918,0.0,3.236301369863014,0.2054794520547945,1.3356164383561644,0.976027397260274,0.2568493150684932,2.003424657534247,1.0273972602739727,0.4109589041095891,0.6164383561643836,0.4623287671232877,1.952054794520548,2.003424657534247,0.1541095890410959,0.1541095890410959,0.3082191780821918,1.8493150684931507,1.0273972602739727,0.2568493150684932,0.0,0.0,80.15,57.83,33.93,52.63,30.0,44.06,35.29,45.45,0.0708352055805566,0.1967532444790938,0.4623287671232877,2.6198630136986303,0.0659070714041095,1.1815068493150689,3.493150684931507,4.674657534246576,0.1830817284246574,16.84931506849315,CM/AM,95,88,98,90,58,51,69,17,85,88,92,90,58,44,79,80,86,86,74,19,57,61,90,11,49,51,38,64,93,83,36,48,50,10,38,90,70,90,90,92,89,86,93,93,69,57,90,60,33,51,14,7,36,83,76,76,19,17,50,48,62,60,62,7,24,19,71,2,49,51,38,64,93,83,36,48,50,10,12,81,48,62,60,57,64,79,83,67,Allsvenskan
Örgryte,dwh59i70ej2t39052zb719qp3,6yf6ozyy2rpmiy86xno7u0es5,M. Dyrestam,Mikael Dyrestam,34.0,Defender,Guinea,Defender,574.0,129.0,47.0,703.0,71.0,0.0,100.0,153.0,1648.0,4.0,0.0,2.0,6.0,16.0,16.0,0.0,3.0,8.0,8.0,0.0,23.0,5.0,37.0,5.0,11.0,0.0,0.0,85.21,44.76,0.0,62.5,31.25,60.61,66.98,55.0,2.2231345122357604,0.5705732780492925,2.0,2.0,0.03682666,0.0,21.0,28.0,1.19888384,462.0,31.34708737864078,7.044902912621359,2.566747572815534,38.39199029126214,3.87742718446602,0.0,5.461165048543689,8.355582524271846,0.2184466019417476,0.0,0.1092233009708738,0.3276699029126214,0.8737864077669903,0.8737864077669903,0.0,0.1638349514563107,0.4368932038834952,0.4368932038834952,0.0,1.2560679611650487,0.2730582524271844,2.020631067961165,0.2730582524271844,0.6007281553398058,0.0,0.0,85.21,44.76,0.0,62.5,31.25,60.61,66.98,55.0,0.1214090449643315,0.0311599484371579,0.1092233009708738,0.1092233009708738,0.002011164684466,0.0,1.1468446601941749,1.529126213592233,0.0654730252427184,25.23058252427185,CB,82,37,84,63,98,34,98,100,32,28,97,81,92,95,28,88,80,80,27,86,93,98,88,59,51,51,39,65,28,68,60,61,74,21,95,76,80,25,19,11,34,35,55,71,42,5,56,23,95,34,85,97,6,28,89,63,77,87,28,69,65,65,27,65,76,94,74,26,51,51,39,65,28,68,60,61,74,21,85,69,73,13,11,11,8,11,26,32,Allsvenskan
Örgryte,dwh59i70ej2t39052zb719qp3,8ryc3okk378wxpj27o6x8micq,C. Styffe,Christoffer Styffe,24.0,Defender,Sweden,Defender,540.0,282.0,58.0,819.0,28.0,0.0,83.0,97.0,1670.0,5.0,3.0,1.0,7.0,11.0,9.0,2.0,1.0,18.0,18.0,2.0,23.0,6.0,23.0,14.0,22.0,0.0,0.0,84.09,44.96,27.27,77.78,54.55,61.03,52.83,59.46,1.3796536686377256,0.6355648093080482,2.0,23.0,0.45884699,6.0,83.0,83.0,2.4686068000000003,537.0,29.101796407185628,15.19760479041916,3.1257485029940115,44.1377245508982,1.5089820359281436,0.0,4.473053892215568,5.22754491017964,0.2694610778443113,0.1616766467065868,0.0538922155688622,0.3772455089820359,0.5928143712574849,0.4850299401197604,0.1077844311377245,0.0538922155688622,0.9700598802395208,0.9700598802395208,0.1077844311377245,1.2395209580838322,0.3233532934131736,1.2395209580838322,0.7544910179640718,1.18562874251497,0.0,0.0,84.09,44.96,27.27,77.78,54.55,61.03,52.83,59.46,0.0743525929205959,0.0342519957112121,0.1077844311377245,1.2395209580838322,0.0247282808982035,0.3233532934131736,4.473053892215568,4.473053892215568,0.1330386898203593,28.94011976047904,CB,79,79,90,78,76,34,84,89,42,85,85,85,81,85,80,44,97,97,90,86,98,85,98,97,51,51,27,66,72,79,92,65,31,32,87,81,80,84,81,68,94,91,95,79,34,44,74,34,42,34,52,52,10,81,76,73,65,73,69,35,89,89,71,63,89,66,97,74,51,51,27,66,72,79,92,65,31,32,73,74,71,66,66,48,74,68,77,48,Allsvenskan
Örgryte,dwh59i70ej2t39052zb719qp3,8ynqwlysks0dvn46ja7zq5vit,A. Andersson,Adam Andersson,29.0,Defender,Sweden,Defender,84.0,95.0,7.0,161.0,3.0,0.0,24.0,16.0,677.0,4.0,18.0,1.0,11.0,7.0,3.0,4.0,4.0,10.0,12.0,1.0,4.0,3.0,10.0,4.0,9.0,0.0,0.0,69.1,18.92,42.86,40.0,42.86,53.33,42.86,69.23,0.5534000445524365,1.4333618906361596,1.0,8.0,0.17698012,7.0,10.0,16.0,1.0032655300000004,74.0,11.166912850812407,12.629246676514033,0.930576070901034,21.40324963072378,0.3988183161004431,0.0,3.1905465288035453,2.127031019202364,0.5317577548005908,2.3929098966026587,0.1329394387001477,1.4623338257016247,0.930576070901034,0.3988183161004431,0.5317577548005908,0.5317577548005908,1.329394387001477,1.5952732644017726,0.1329394387001477,0.5317577548005908,0.3988183161004431,1.329394387001477,0.5317577548005908,1.1964549483013294,0.0,0.0,69.1,18.92,42.86,40.0,42.86,53.33,42.86,69.23,0.0735686912994376,0.1905503251953535,0.1329394387001477,1.0635155096011817,0.0235276378138847,0.930576070901034,1.329394387001477,2.127031019202364,0.1333735564254062,9.83751846381093,RB/RCB,25,19,25,25,19,38,19,25,19,100,56,50,47,44,66,88,44,53,81,19,75,25,44,25,50,53,12,12,94,38,81,38,19,69,38,56,22,25,25,31,22,25,31,25,19,19,19,19,19,38,12,25,25,100,81,94,81,56,88,94,69,75,100,6,88,38,50,44,50,53,12,12,94,38,81,38,19,69,69,94,38,38,44,56,19,19,44,12,Allsvenskan
Örgryte,dwh59i70ej2t39052zb719qp3,a7nmx654cyihlnn4a8puonmcp,O. Parker-Price,Owen Parker-Price,27.0,Midfielder,New Zealand,Midfielder,442.0,412.0,48.0,851.0,9.0,0.0,71.0,34.0,1634.0,18.0,3.0,4.0,25.0,10.0,2.0,8.0,0.0,16.0,17.0,0.0,17.0,3.0,12.0,7.0,23.0,0.0,0.0,85.7,56.47,50.0,43.75,30.0,48.63,37.5,62.16,0.7829329184839925,1.9870646354830384,5.0,35.0,0.7235649299999997,10.0,92.0,98.0,2.9259525999999987,458.0,24.34516523867809,22.69277845777233,2.6438188494492043,46.87270501835985,0.4957160342717258,0.0,3.9106487148102818,1.8727050183598533,0.9914320685434516,0.1652386780905752,0.2203182374541003,1.3769889840881273,0.5507955936352509,0.1101591187270501,0.4406364749082007,0.0,0.8812729498164015,0.9363525091799266,0.0,0.9363525091799266,0.1652386780905752,0.6609547123623011,0.3855569155446756,1.2668298653610772,0.0,0.0,85.7,56.47,50.0,43.75,30.0,48.63,37.5,62.16,0.043123600161297,0.1094466445492493,0.2753977968176254,1.9277845777233784,0.0398536375152998,0.5507955936352509,5.067319461444309,5.397796817625459,0.1611601799265605,25.22643818849449,DM/CM,88,75,82,82,62,46,68,85,65,64,98,85,57,38,71,8,68,69,29,57,59,51,59,76,50,51,42,62,99,45,61,30,30,52,50,92,60,74,68,52,85,80,88,85,68,55,68,55,32,46,35,65,40,52,98,80,28,15,50,8,45,42,29,30,48,20,40,48,50,51,42,62,99,45,61,30,30,52,25,80,28,52,38,28,52,65,75,68,Allsvenskan
Örgryte,dwh59i70ej2t39052zb719qp3,cxpjw9ku72qt0lefhfctekx04,W. Hofvander,William Hofvander,24.0,Attacker,Sweden,Striker,85.0,202.0,17.0,275.0,3.0,0.0,55.0,16.0,1394.0,13.0,12.0,2.0,13.0,41.0,20.0,21.0,8.0,45.0,48.0,2.0,8.0,18.0,51.0,24.0,7.0,0.0,0.0,69.8,39.53,20.34,53.33,43.9,40.74,16.67,46.67,3.0484074505034373,1.29117782640183,21.0,22.0,0.6150182200000001,12.0,22.0,41.0,1.8308511600000004,127.0,5.48780487804878,13.0416068866571,1.0975609756097562,17.754662840746054,0.1936872309899569,0.0,3.5509325681492108,1.0329985652797704,0.8393113342898135,0.7747489239598279,0.1291248206599713,0.8393113342898135,2.647058823529412,1.291248206599713,1.3558106169296986,0.5164992826398852,2.9053084648493543,3.0989956958393114,0.1291248206599713,0.5164992826398852,1.1621233859397415,3.292682926829268,1.5494978479196555,0.4519368723098996,0.0,0.0,69.8,39.53,20.34,53.33,43.9,40.74,16.67,46.67,0.1968125326723883,0.0833615526371339,1.3558106169296986,1.4203730272596844,0.0397070586800573,0.7747489239598279,1.4203730272596844,2.647058823529412,0.1182041638450502,8.199426111908178,ST,77,87,97,87,8,50,70,93,47,93,73,73,78,63,93,72,93,93,53,78,83,63,100,65,50,50,33,40,73,72,70,50,8,13,60,73,97,87,80,88,85,97,90,87,70,83,83,77,3,50,23,77,17,93,47,30,57,23,93,50,83,83,33,67,67,23,97,37,50,50,33,40,73,72,70,50,8,13,23,60,97,70,60,77,80,90,83,87,Allsvenskan
Örgryte,dwh59i70ej2t39052zb719qp3,ehjqtwf9kvft0ykemtnhpvkes,B. Laturnus,Benjamin Laturnus,22.0,Midfielder,Canada,Midfielder,383.0,296.0,34.0,678.0,5.0,0.0,135.0,26.0,1655.0,44.0,1.0,0.0,11.0,6.0,3.0,3.0,1.0,29.0,33.0,1.0,26.0,2.0,17.0,15.0,51.0,0.0,0.0,84.86,44.16,33.33,51.72,33.33,58.95,31.25,71.83,0.4772825759730221,0.8895690885986227,4.0,37.0,0.9295723799999998,20.0,58.0,54.0,1.84178401,379.0,20.827794561933533,16.09667673716012,1.848942598187311,36.87009063444109,0.2719033232628399,0.0,7.341389728096677,1.4138972809667674,2.392749244712991,0.0543806646525679,0.0,0.5981873111782477,0.3262839879154078,0.1631419939577039,0.1631419939577039,0.0543806646525679,1.5770392749244713,1.7945619335347431,0.0543806646525679,1.4138972809667674,0.1087613293051359,0.9244712990936556,0.8157099697885196,2.7734138972809665,0.0,0.0,84.86,44.16,33.33,51.72,33.33,58.95,31.25,71.83,0.0259549437085027,0.0483753582923722,0.2175226586102719,2.012084592145015,0.0505507638670694,1.0876132930513596,3.1540785498489425,2.9365558912386707,0.1001574386102719,20.610271903323262,DM/CM,80,50,65,65,39,46,100,72,100,41,26,60,38,50,34,25,92,95,69,82,46,68,95,100,50,51,34,25,74,65,71,88,20,85,38,55,51,79,82,90,50,50,57,70,45,12,42,25,12,46,92,35,100,32,26,28,10,20,18,15,80,82,68,62,28,38,75,100,50,51,34,25,74,65,71,88,20,85,10,30,22,60,55,70,18,18,32,42,Allsvenskan
Örgryte,dwh59i70ej2t39052zb719qp3,er8e7neokgiwu6m2ywzppe02d,D. Paulson,Daniel Paulson,30.0,Midfielder,Sweden,Midfielder,175.0,200.0,22.0,370.0,22.0,0.0,86.0,34.0,1551.0,14.0,5.0,0.0,11.0,17.0,16.0,1.0,5.0,26.0,29.0,1.0,19.0,5.0,48.0,10.0,18.0,0.0,0.0,72.69,43.14,20.0,38.46,29.41,45.03,45.83,45.0,1.897882247089001,0.880131494080396,2.0,22.0,0.54932208,7.0,37.0,47.0,1.8536458200000008,153.0,10.154738878143132,11.60541586073501,1.276595744680851,21.47001934235977,1.276595744680851,0.0,4.990328820116054,1.972920696324952,0.8123791102514506,0.2901353965183752,0.0,0.6382978723404255,0.9864603481624756,0.9284332688588008,0.058027079303675,0.2901353965183752,1.5087040618955512,1.6827852998065762,0.058027079303675,1.102514506769826,0.2901353965183752,2.7852998065764023,0.5802707930367504,1.0444874274661509,0.0,0.0,72.69,43.14,20.0,38.46,29.41,45.03,45.83,45.0,0.1101285636608704,0.0510714600046651,0.11605415860735,1.276595744680851,0.0318755558994197,0.4061895551257253,2.1470019342359765,2.727272727272727,0.1075616529980658,8.878143133462283,RM/RCM,86,50,86,79,93,54,86,93,61,39,14,50,54,71,11,64,57,64,46,100,57,64,64,82,54,54,7,64,29,29,50,29,71,7,64,36,25,50,50,21,86,79,79,68,57,7,71,14,93,54,71,79,21,21,14,14,29,50,7,43,36,43,43,93,50,57,36,50,54,54,7,64,29,29,50,29,71,7,36,14,14,14,14,14,50,36,29,29,Allsvenskan
Örgryte,dwh59i70ej2t39052zb719qp3,esg3u7251uczoilmcivwm044,M. Parker,Michael Parker,21.0,Defender,England,Defender,256.0,155.0,19.0,402.0,13.0,2.0,50.0,52.0,1224.0,14.0,9.0,0.0,8.0,5.0,3.0,2.0,1.0,9.0,13.0,0.0,15.0,1.0,20.0,6.0,10.0,0.0,0.0,75.71,30.65,27.27,66.67,20.0,51.55,46.43,58.82,0.3386907949308432,0.8704969361182279,4.0,15.0,0.47111034,12.0,33.0,32.0,1.2309107199999998,203.0,18.823529411764707,11.397058823529411,1.397058823529412,29.558823529411764,0.9558823529411764,0.1470588235294117,3.6764705882352944,3.823529411764706,1.0294117647058825,0.6617647058823529,0.0,0.5882352941176471,0.3676470588235294,0.2205882352941176,0.1470588235294117,0.0735294117647058,0.6617647058823529,0.9558823529411764,0.0,1.1029411764705883,0.0735294117647058,1.4705882352941178,0.4411764705882353,0.7352941176470589,0.0,0.0,75.71,30.65,27.27,66.67,20.0,51.55,46.43,58.82,0.0249037349213855,0.064007127655752,0.2941176470588235,1.1029411764705883,0.0346404661764705,0.8823529411764706,2.4264705882352944,2.3529411764705883,0.0905081411764705,14.926470588235295,LB/LCB,60,38,46,54,65,98,54,75,71,58,25,35,29,40,33,19,46,54,35,50,40,54,56,31,50,50,8,25,75,92,65,38,29,8,29,42,71,46,54,54,46,38,42,54,46,4,29,17,46,100,21,71,75,46,25,29,29,38,38,17,29,38,35,42,38,46,46,21,50,50,8,25,75,92,65,38,29,8,12,42,67,25,46,33,25,17,17,25,Allsvenskan
Örgryte,dwh59i70ej2t39052zb719qp3,etvr8jxuvzj028a5cy3kcos89,J. Tibbling Ugwo,Jerome Tibbling Ugwo,27.0,Attacker,Sweden,Striker,24.0,56.0,4.0,80.0,22.0,0.0,52.0,7.0,654.0,15.0,0.0,1.0,4.0,14.0,10.0,4.0,1.0,20.0,20.0,3.0,0.0,5.0,41.0,10.0,3.0,0.0,0.0,67.8,80.0,0.0,50.0,35.71,44.07,56.41,60.0,1.5237094214291922,0.2676034203199119,7.0,10.0,0.32743442,2.0,7.0,9.0,0.17837719,29.0,3.302752293577982,7.706422018348624,0.5504587155963303,11.009174311926603,3.027522935779817,0.0,7.155963302752293,0.963302752293578,2.0642201834862384,0.0,0.1376146788990825,0.5504587155963303,1.926605504587156,1.3761467889908257,0.5504587155963303,0.1376146788990825,2.752293577981652,2.752293577981652,0.4128440366972477,0.0,0.6880733944954128,5.6422018348623855,1.3761467889908257,0.4128440366972477,0.0,0.0,67.8,80.0,0.0,50.0,35.71,44.07,56.41,60.0,0.2096847827654851,0.0368261587596209,0.963302752293578,1.3761467889908257,0.0450597825688073,0.2752293577981651,0.963302752293578,1.238532110091743,0.0245473197247706,3.9908256880733934,ST,35,40,60,40,77,50,63,52,57,28,52,18,37,23,55,10,63,58,67,10,35,57,67,28,50,50,30,90,28,58,47,73,100,38,30,20,65,43,47,30,45,47,23,37,30,47,67,37,87,50,80,70,80,28,53,13,30,27,57,3,77,77,73,10,37,83,90,27,50,50,30,90,28,58,47,73,100,38,27,20,87,63,63,30,60,60,20,37,Allsvenskan
Örgryte,dwh59i70ej2t39052zb719qp3,f1g8hawer1ca38s0rdkovvgus,S. Lagerlund,Sebastian Lagerlund,24.0,Defender,Sweden,Defender,274.0,112.0,20.0,386.0,19.0,1.0,68.0,40.0,991.0,25.0,0.0,0.0,3.0,4.0,3.0,1.0,1.0,11.0,11.0,0.0,16.0,1.0,5.0,7.0,14.0,0.0,0.0,84.84,40.0,0.0,63.64,25.0,63.55,61.29,77.78,0.4849321423837389,0.2713845324331371,1.0,1.0,0.0174506,1.0,27.0,21.0,0.6241039000000005,208.0,24.88395560040363,10.1715438950555,1.8163471241170528,35.05549949545913,1.7255297679112007,0.0908173562058526,6.175580221997982,3.632694248234107,2.2704339051463167,0.0,0.0,0.272452068617558,0.3632694248234107,0.272452068617558,0.0908173562058526,0.0908173562058526,0.9989909182643796,0.9989909182643796,0.0,1.4530776992936427,0.0908173562058526,0.4540867810292633,0.6357214934409687,1.2714429868819377,0.0,0.0,84.84,40.0,0.0,63.64,25.0,63.55,61.29,77.78,0.0440402551105312,0.0246464257507389,0.0908173562058526,0.0908173562058526,0.0015848173562058,0.0908173562058526,2.452068617558022,1.9071644803229064,0.0566794661957619,18.89001009081736,RB/RCB,50,31,34,31,88,84,62,56,100,9,25,22,25,44,12,12,53,44,34,56,38,9,66,41,50,53,62,62,9,75,44,94,75,97,31,19,22,6,6,9,31,31,19,31,81,12,56,31,100,94,100,81,94,9,25,19,19,44,12,12,44,44,34,88,38,6,69,69,50,53,62,62,9,75,44,94,75,97,38,25,19,6,6,6,31,12,6,44,Allsvenskan
