Team,contestantId,playerId,Short Name,Player Name,Age,Position_x,Nationality,Position_y,total accurate back zone pass_Total,total accurate fwd zone pass_Total,total accurate pass_Total,total att assist_Total,total mins played,total accurate long balls_Total,total aerial won_Total,total attempt_Total,total attempts ibox_Total,total contest_Total,total dribbles attempted_Total,total duels won_Total,total effective clearance_Total,total interception_Total,total touches in opposition box_Total,total won contest_Total,total won tackle_Total,total accurate cross_Total,total attempts obox_Total,total blocked scoring att_Total,total goals_Total,total ontarget attempt_Total,total was fouled_Total,total assists_Total,total big chances saved_Total,total direct setpiece goals_Total,total direct corner goals_Total,pass_success_pct_Total,long_balls_success_pct_Total,cross_success_pct_Total,dribble_success_pct_Total,attempt_success_pct_Total,duel_success_pct_Total,aerial_success_pct_Total,tackle_success_pct_Total,xG_Total,xA_Total,CreatedOwnShot_Total,Total Carries_Total,Total Carry xT_Total,Total Final Third Carries_Total,passes_into_final_third_Total,progressive_passes_Total,xT_pass_Total,forward_passes_Total,total accurate back zone pass_p90,total accurate fwd zone pass_p90,total accurate pass_p90,total att assist_p90,total accurate long balls_p90,total aerial won_p90,total attempt_p90,total attempts ibox_p90,total contest_p90,total dribbles attempted_p90,total duels won_p90,total effective clearance_p90,total interception_p90,total touches in opposition box_p90,total won contest_p90,total won tackle_p90,total accurate cross_p90,total attempts obox_p90,total blocked scoring att_p90,total goals_p90,total ontarget attempt_p90,total was fouled_p90,total assists_p90,total big chances saved_p90,total direct setpiece goals_p90,total direct corner goals_p90,pass_success_pct_p90,long_balls_success_pct_p90,cross_success_pct_p90,dribble_success_pct_p90,attempt_success_pct_p90,duel_success_pct_p90,aerial_success_pct_p90,tackle_success_pct_p90,xG_p90,xA_p90,CreatedOwnShot_p90,Total Carries_p90,Total Carry xT_p90,Total Final Third Carries_p90,passes_into_final_third_p90,progressive_passes_p90,xT_pass_p90,forward_passes_p90,Pos.,total accurate back zone pass_TotalPR,total accurate fwd zone pass_TotalPR,total accurate pass_TotalPR,total att assist_TotalPR,total accurate long balls_TotalPR,total aerial won_TotalPR,total attempt_TotalPR,total attempts ibox_TotalPR,total contest_TotalPR,total dribbles attempted_TotalPR,total duels won_TotalPR,total effective clearance_TotalPR,total interception_TotalPR,total touches in opposition box_TotalPR,total won contest_TotalPR,total won tackle_TotalPR,total accurate cross_TotalPR,total attempts obox_TotalPR,total blocked scoring att_TotalPR,total goals_TotalPR,total ontarget attempt_TotalPR,total was fouled_TotalPR,total assists_TotalPR,total big chances saved_TotalPR,total direct setpiece goals_TotalPR,total direct corner goals_TotalPR,pass_success_pct_TotalPR,long_balls_success_pct_TotalPR,cross_success_pct_TotalPR,dribble_success_pct_TotalPR,attempt_success_pct_TotalPR,duel_success_pct_TotalPR,aerial_success_pct_TotalPR,tackle_success_pct_TotalPR,xG_TotalPR,xA_TotalPR,CreatedOwnShot_TotalPR,Total Carries_TotalPR,Total Carry xT_TotalPR,Total Final Third Carries_TotalPR,passes_into_final_third_TotalPR,progressive_passes_TotalPR,xT_pass_TotalPR,forward_passes_TotalPR,total accurate back zone pass_p90PR,total accurate fwd zone pass_p90PR,total accurate pass_p90PR,total att assist_p90PR,total accurate long balls_p90PR,total aerial won_p90PR,total attempt_p90PR,total attempts ibox_p90PR,total contest_p90PR,total dribbles attempted_p90PR,total duels won_p90PR,total effective clearance_p90PR,total interception_p90PR,total touches in opposition box_p90PR,total won contest_p90PR,total won tackle_p90PR,total accurate cross_p90PR,total attempts obox_p90PR,total blocked scoring att_p90PR,total goals_p90PR,total ontarget attempt_p90PR,total was fouled_p90PR,total assists_p90PR,total big chances saved_p90PR,total direct setpiece goals_p90PR,total direct corner goals_p90PR,pass_success_pct_p90PR,long_balls_success_pct_p90PR,cross_success_pct_p90PR,dribble_success_pct_p90PR,attempt_success_pct_p90PR,duel_success_pct_p90PR,aerial_success_pct_p90PR,tackle_success_pct_p90PR,xG_p90PR,xA_p90PR,CreatedOwnShot_p90PR,Total Carries_p90PR,Total Carry xT_p90PR,Total Final Third Carries_p90PR,passes_into_final_third_p90PR,progressive_passes_p90PR,xT_pass_p90PR,forward_passes_p90PR,League
Alanyaspor,84fpe0iynjdghwysyo5tizdkk,2uyo09o5dotyzlme4pxosx591,F. Aliti,Fidan Aliti,32,Defender,Kosovo,Defender,97.0,34.0,131.0,1.0,450.0,13.0,11.0,0.0,0.0,1.0,1.0,22.0,16.0,11.0,0.0,1.0,2.0,0.0,0.0,0.0,0.0,0.0,6.0,0.0,0.0,0.0,0.0,84.52,54.17,0.0,100.0,0.0,64.71,78.57,50.0,0.0,0.066245035610734,0.0,0.0,0.0,1.0,5.0,5.0,0.13273206,53.0,19.4,6.8,26.2,0.2,2.6,2.2,0.0,0.0,0.2,0.2,4.4,3.2,2.2,0.0,0.2,0.4,0.0,0.0,0.0,0.0,0.0,1.2,0.0,0.0,0.0,0.0,84.52,54.17,0.0,100.0,0.0,64.71,78.57,50.0,0.0,0.0132490071221468,0.0,0.0,0.0,0.2,1.0,1.0,0.026546412,10.6,CB,27,21,30,42,56,79,6,9,45,45,76,41,100,6,58,24,41,32,33,39,24,89,41,48,52,52,18,52,41,85,24,70,85,33,6,52,33,18,18,58,23,27,18,24,24,15,15,33,50,74,6,9,41,41,64,27,100,6,52,17,41,32,33,39,24,80,41,48,52,52,18,52,41,85,24,70,85,33,6,48,33,18,18,48,15,18,12,6,Süper Lig
Alanyaspor,84fpe0iynjdghwysyo5tizdkk,5wnt4q34ojngvtxturq18rvmd,Hwang Ui-Jo,Ui-Jo Hwang,34,Attacker,Korea Republic,Striker,16.0,25.0,41.0,0.0,218.0,2.0,2.0,5.0,2.0,4.0,4.0,6.0,2.0,1.0,4.0,1.0,0.0,0.0,3.0,2.0,0.0,1.0,4.0,0.0,0.0,0.0,0.0,77.36,50.0,0.0,25.0,20.0,33.33,66.67,0.0,0.4611586077159574,0.0,2.0,1.0,0.02855202,2.0,4.0,5.0,0.0630793699999999,16.0,6.605504587155964,10.321100917431194,16.926605504587158,0.0,0.8256880733944955,0.8256880733944955,2.064220183486239,0.8256880733944955,1.651376146788991,1.651376146788991,2.4770642201834865,0.8256880733944955,0.4128440366972477,1.651376146788991,0.4128440366972477,0.0,0.0,1.2385321100917432,0.8256880733944955,0.0,0.4128440366972477,1.651376146788991,0.0,0.0,0.0,0.0,77.36,50.0,0.0,25.0,20.0,33.33,66.67,0.0,0.1903865811671383,0.0,0.8256880733944955,0.4128440366972477,0.0117875311926605,0.8256880733944955,1.651376146788991,2.064220183486239,0.0260419417431192,6.605504587155964,ST,37,41,41,6,48,26,13,9,30,28,15,52,48,4,28,15,26,57,54,17,13,46,35,52,52,52,52,41,26,28,24,19,96,15,19,6,39,15,19,44,54,57,19,43,67,59,67,6,67,30,41,11,59,59,15,70,67,4,44,15,26,93,74,17,22,63,35,52,52,52,52,41,26,28,24,19,96,15,33,6,63,19,26,63,67,74,22,70,Süper Lig
Alanyaspor,84fpe0iynjdghwysyo5tizdkk,btdiw5i7gt94ikdrhv91dgcus,B. Gezek,Baran Gezek,21,Midfielder,Türkiye,Midfielder,42.0,39.0,81.0,0.0,329.0,3.0,5.0,0.0,0.0,1.0,1.0,13.0,7.0,2.0,0.0,1.0,2.0,0.0,0.0,0.0,0.0,0.0,2.0,0.0,0.0,0.0,0.0,84.38,33.33,0.0,100.0,0.0,52.0,83.33,40.0,0.0,0.0,0.0,0.0,0.0,0.0,0.0,0.0,0.0,0.0,11.48936170212766,10.668693009118542,22.1580547112462,0.0,0.8206686930091186,1.3677811550151977,0.0,0.0,0.2735562310030395,0.2735562310030395,3.556231003039514,1.9148936170212767,0.547112462006079,0.0,0.2735562310030395,0.547112462006079,0.0,0.0,0.0,0.0,0.0,0.547112462006079,0.0,0.0,0.0,0.0,84.38,33.33,0.0,100.0,0.0,52.0,83.33,40.0,0.0,0.0,0.0,0.0,0.0,0.0,0.0,0.0,0.0,0.0,DM/CM,15,15,12,4,12,84,7,18,24,24,43,79,12,9,41,29,37,18,28,41,22,24,43,51,51,51,32,6,37,88,22,50,94,19,7,6,19,4,4,13,3,3,3,3,9,6,6,4,6,85,7,18,18,18,29,79,12,9,35,29,37,18,28,41,22,24,43,51,51,51,32,6,37,88,22,50,94,19,7,6,19,4,4,13,3,3,3,3,Süper Lig
Alanyaspor,84fpe0iynjdghwysyo5tizdkk,bv9ejevyrwdqc1j5rw4tkiy1h,F. Hadërgjonaj,Florent Hadërgjonaj,32,Defender,Kosovo,Defender,50.0,93.0,128.0,14.0,450.0,16.0,6.0,1.0,0.0,2.0,3.0,12.0,9.0,2.0,2.0,2.0,2.0,15.0,1.0,0.0,0.0,0.0,2.0,1.0,0.0,0.0,0.0,73.99,48.48,34.09,100.0,0.0,48.0,66.67,100.0,0.0492809810965786,1.6418955178909258,0.0,2.0,0.11090316,2.0,21.0,34.0,1.51824793,78.0,10.0,18.6,25.6,2.8,3.2,1.2,0.2,0.0,0.4,0.6,2.4,1.8,0.4,0.4,0.4,0.4,3.0,0.2,0.0,0.0,0.0,0.4,0.2,0.0,0.0,0.0,73.99,48.48,34.09,100.0,0.0,48.0,66.67,100.0,0.0098561962193157,0.3283791035781851,0.0,0.4,0.022180632,0.4,4.2,6.8,0.303649586,15.6,RB/RCB,7,87,40,100,80,60,27,17,47,57,13,43,17,23,60,10,100,77,33,43,27,30,83,47,53,53,13,47,93,93,27,27,90,93,20,100,40,23,40,50,93,93,100,60,7,80,20,100,73,47,17,17,40,57,13,33,13,23,57,7,100,67,33,43,27,20,73,47,53,53,13,47,93,93,27,27,90,93,20,100,40,20,33,50,87,93,100,40,Süper Lig
Alanyaspor,84fpe0iynjdghwysyo5tizdkk,c7ktjbc3jqj8kiwc8ru6sat5g,Ruan,Ruan Pereira Duarte,21,Attacker,Brazil,Striker,35.0,45.0,80.0,0.0,402.0,3.0,3.0,9.0,7.0,7.0,8.0,17.0,3.0,5.0,13.0,2.0,4.0,0.0,2.0,2.0,1.0,4.0,5.0,0.0,0.0,0.0,0.0,80.81,42.86,0.0,28.57,44.44,45.95,75.0,57.14,0.9703515810028748,0.0,3.0,5.0,0.10857373,2.0,10.0,11.0,0.2122681,44.0,7.835820895522388,10.07462686567164,17.91044776119403,0.0,0.6716417910447761,0.6716417910447761,2.014925373134328,1.5671641791044777,1.5671641791044777,1.791044776119403,3.805970149253731,0.6716417910447761,1.1194029850746268,2.9104477611940296,0.4477611940298507,0.8955223880597015,0.0,0.4477611940298507,0.4477611940298507,0.2238805970149253,0.8955223880597015,1.1194029850746268,0.0,0.0,0.0,0.0,80.81,42.86,0.0,28.57,44.44,45.95,75.0,57.14,0.2172428912693003,0.0,0.6716417910447761,1.1194029850746268,0.0243075514925373,0.4477611940298507,2.238805970149253,2.462686567164179,0.0475227089552238,9.850746268656716,LW,89,33,67,11,33,78,72,89,33,39,67,89,94,61,17,78,28,28,56,72,83,78,44,56,56,56,56,11,28,22,72,33,89,44,67,11,44,11,11,28,67,56,33,78,44,22,22,11,22,67,22,56,22,22,44,78,67,44,11,44,28,22,44,56,56,56,44,56,56,56,56,11,28,22,72,33,89,44,56,11,22,11,11,22,67,22,11,67,Süper Lig
Alanyaspor,84fpe0iynjdghwysyo5tizdkk,c7uxn96yuy4m7s2ibr80hgc4q,İ. Kaya,Ibrahim Kaya,25,Attacker,Türkiye,Striker,11.0,24.0,35.0,4.0,235.0,3.0,4.0,6.0,3.0,4.0,4.0,19.0,2.0,0.0,9.0,1.0,2.0,0.0,3.0,4.0,0.0,1.0,11.0,0.0,0.0,0.0,0.0,76.09,75.0,0.0,25.0,16.67,61.29,44.44,66.67,0.4080903487665842,0.3135706831338319,5.0,6.0,0.20841711,3.0,0.0,2.0,0.08411207,6.0,4.212765957446808,9.191489361702128,13.404255319148936,1.5319148936170213,1.1489361702127658,1.5319148936170213,2.297872340425532,1.1489361702127658,1.5319148936170213,1.5319148936170213,7.276595744680851,0.7659574468085106,0.0,3.4468085106382977,0.3829787234042553,0.7659574468085106,0.0,1.1489361702127658,1.5319148936170213,0.0,0.3829787234042553,4.212765957446808,0.0,0.0,0.0,0.0,76.09,75.0,0.0,25.0,16.67,61.29,44.44,66.67,0.1562899208042237,0.1200908999235952,1.9148936170212765,2.297872340425532,0.0798193187234042,1.1489361702127658,0.0,0.7659574468085106,0.0322131331914893,2.297872340425532,ST,22,33,30,52,72,37,28,19,30,28,59,52,15,20,28,70,26,57,85,17,13,96,35,52,52,52,48,83,26,28,11,100,48,61,11,56,89,74,81,65,6,22,22,4,30,52,44,74,93,44,52,26,56,52,93,63,15,52,41,81,26,81,96,17,19,100,35,52,52,52,48,83,26,28,11,100,48,61,22,63,100,85,81,85,6,30,26,11,Süper Lig
Alanyaspor,84fpe0iynjdghwysyo5tizdkk,eyllkbdemtx2seh48r9l3czbp,G. Makouta,Gaïus Makouta,29,Midfielder,Congo,Midfielder,68.0,84.0,152.0,5.0,438.0,8.0,10.0,4.0,2.0,6.0,6.0,23.0,5.0,3.0,4.0,2.0,4.0,0.0,2.0,0.0,1.0,1.0,5.0,0.0,0.0,0.0,0.0,86.86,50.0,0.0,33.33,25.0,62.16,83.33,66.67,0.4090749234871652,0.4773495483847595,1.0,18.0,0.4975295499999999,9.0,14.0,16.0,0.4913028999999999,82.0,13.972602739726028,17.26027397260274,31.23287671232877,1.0273972602739727,1.6438356164383563,2.054794520547945,0.8219178082191781,0.4109589041095891,1.2328767123287672,1.2328767123287672,4.726027397260275,1.0273972602739727,0.6164383561643836,0.8219178082191781,0.4109589041095891,0.8219178082191781,0.0,0.4109589041095891,0.0,0.2054794520547945,0.2054794520547945,1.0273972602739727,0.0,0.0,0.0,0.0,86.86,50.0,0.0,33.33,25.0,62.16,83.33,66.67,0.0840564911274997,0.098085523640704,0.2054794520547945,3.6986301369863015,0.1022320993150684,1.8493150684931507,2.876712328767124,3.2876712328767126,0.1009526506849314,16.84931506849315,DM/CM,41,62,57,76,40,100,72,72,90,88,87,57,32,62,66,57,37,69,28,91,60,57,43,51,51,51,53,25,37,40,49,88,94,71,76,79,53,100,100,100,50,57,76,56,24,44,35,74,32,100,53,59,82,79,74,47,18,53,65,47,37,65,28,85,50,44,43,51,51,51,53,25,37,40,49,88,94,71,71,79,41,97,100,100,32,32,62,32,Süper Lig
Alanyaspor,84fpe0iynjdghwysyo5tizdkk,fwnnz9wriid0xznpbpdy82s4,Nuno Lima,Nuno Miguel Reis Lima,25,Defender,Portugal,Defender,129.0,62.0,191.0,2.0,449.0,21.0,15.0,2.0,2.0,1.0,1.0,27.0,26.0,7.0,5.0,0.0,6.0,0.0,0.0,0.0,1.0,1.0,5.0,0.0,0.0,0.0,0.0,88.02,61.76,0.0,0.0,50.0,58.7,65.22,75.0,0.2057995692781244,0.0433163640651391,0.0,2.0,0.03301341,0.0,13.0,11.0,0.2455443899999999,99.0,25.857461024498885,12.42761692650334,38.28507795100223,0.4008908685968819,4.20935412026726,3.0066815144766146,0.4008908685968819,0.4008908685968819,0.2004454342984409,0.2004454342984409,5.412026726057906,5.211581291759465,1.4031180400890868,1.0022271714922049,0.0,1.2026726057906458,0.0,0.0,0.0,0.2004454342984409,0.2004454342984409,1.0022271714922049,0.0,0.0,0.0,0.0,88.02,61.76,0.0,0.0,50.0,58.7,65.22,75.0,0.0412515840423857,0.0086825674072661,0.0,0.4008908685968819,0.0066173873051224,0.0,2.6057906458797326,2.2048997772828507,0.0492182518930957,19.844097995545656,RB/RCB,93,47,87,33,90,100,60,67,27,20,87,93,87,57,13,77,20,33,33,93,73,70,37,47,53,53,67,93,20,13,83,73,80,60,60,27,40,23,20,20,57,40,27,93,87,27,73,27,93,100,50,57,27,20,80,87,87,47,13,67,20,33,33,90,57,60,37,47,53,53,67,93,20,13,83,73,80,60,60,27,40,27,20,20,40,20,13,80,Süper Lig
Alanyaspor,84fpe0iynjdghwysyo5tizdkk,ray2bklw80bcyydzk7wmgutw,A. Usluoğlu,Arda Usluoglu,19,Attacker,Türkiye,Striker,14.0,15.0,29.0,1.0,267.0,1.0,6.0,5.0,4.0,4.0,4.0,17.0,1.0,0.0,6.0,1.0,1.0,0.0,1.0,1.0,1.0,2.0,8.0,0.0,0.0,0.0,0.0,65.91,100.0,0.0,25.0,40.0,38.64,40.0,50.0,0.8546304539677128,0.0885576440067671,1.0,0.0,0.0,0.0,4.0,3.0,0.10383939,8.0,4.719101123595506,5.056179775280898,9.775280898876405,0.3370786516853932,0.3370786516853932,2.02247191011236,1.6853932584269662,1.348314606741573,1.348314606741573,1.348314606741573,5.730337078651685,0.3370786516853932,0.0,2.02247191011236,0.3370786516853932,0.3370786516853932,0.0,0.3370786516853932,0.3370786516853932,0.3370786516853932,0.6741573033707865,2.696629213483146,0.0,0.0,0.0,0.0,65.91,100.0,0.0,25.0,40.0,38.64,40.0,50.0,0.2880776811127121,0.0298508912382361,0.3370786516853932,0.0,0.0,0.0,1.348314606741573,1.0112359550561798,0.0350020415730337,2.696629213483146,ST,30,7,19,11,19,44,13,30,30,28,44,26,15,7,28,44,26,20,30,43,37,74,35,52,52,52,19,98,26,28,69,30,28,41,48,15,17,6,6,9,54,35,30,13,41,11,26,11,24,63,13,44,43,43,70,37,15,7,33,59,26,19,35,46,48,96,35,52,52,52,19,98,26,28,69,30,28,41,59,22,19,6,6,9,59,37,30,22,Süper Lig
Amed,2154uhyeun0lm781iiiijqhwo,19htxtc8lmbfsv83py7hzqb8q,Y. Sor,Yira Sor,26,Attacker,Nigeria,Striker,18.0,47.0,65.0,2.0,217.0,1.0,0.0,5.0,4.0,6.0,7.0,9.0,0.0,4.0,14.0,4.0,3.0,0.0,1.0,1.0,1.0,3.0,2.0,0.0,0.0,0.0,0.0,86.67,50.0,0.0,66.67,60.0,52.94,0.0,100.0,0.3719120599227687,0.1689594064966278,2.0,7.0,0.19278699,4.0,3.0,1.0,0.12681127,18.0,7.465437788018433,19.493087557603687,26.95852534562212,0.8294930875576038,0.4147465437788019,0.0,2.0737327188940093,1.6589861751152075,2.4884792626728114,2.903225806451613,3.7327188940092166,0.0,1.6589861751152075,5.806451612903226,1.6589861751152075,1.2442396313364057,0.0,0.4147465437788019,0.4147465437788019,0.4147465437788019,1.2442396313364057,0.8294930875576038,0.0,0.0,0.0,0.0,86.67,50.0,0.0,66.67,60.0,52.94,0.0,100.0,0.1542492414426229,0.070075329883394,0.8294930875576038,2.903225806451613,0.0799577377880184,1.6589861751152075,1.2442396313364057,0.4147465437788019,0.0525945359447004,7.465437788018433,LW,22,44,44,33,11,22,28,39,22,22,11,28,72,78,56,50,28,11,22,72,50,28,44,56,56,56,78,28,28,89,100,89,28,83,22,33,17,22,22,44,22,11,11,22,22,89,67,33,11,22,33,67,33,33,33,28,100,78,56,78,28,11,22,78,89,33,44,56,56,56,78,28,28,89,100,89,28,83,22,33,33,33,33,56,22,11,22,33,Süper Lig
Amed,2154uhyeun0lm781iiiijqhwo,2aryulqex3ercfr5naj04x9zp,D. Sabi'a,Diaa Sabi'a,33,Attacker,Israel,Striker,44.0,76.0,114.0,10.0,428.0,11.0,0.0,15.0,6.0,13.0,13.0,22.0,2.0,1.0,12.0,9.0,4.0,6.0,9.0,6.0,2.0,5.0,6.0,0.0,0.0,0.0,0.0,78.08,68.75,20.69,69.23,33.33,61.11,0.0,57.14,1.664614425624996,0.7760202625915565,7.0,9.0,0.18126964,4.0,14.0,17.0,0.48243875,49.0,9.25233644859813,15.981308411214954,23.97196261682243,2.102803738317757,2.3130841121495327,0.0,3.154205607476636,1.2616822429906542,2.733644859813084,2.733644859813084,4.626168224299065,0.4205607476635514,0.2102803738317757,2.5233644859813085,1.892523364485981,0.8411214953271028,1.2616822429906542,1.892523364485981,1.2616822429906542,0.4205607476635514,1.0514018691588785,1.2616822429906542,0.0,0.0,0.0,0.0,78.08,68.75,20.69,69.23,33.33,61.11,0.0,57.14,0.3500357437061907,0.1631818309187852,1.47196261682243,1.892523364485981,0.0381174476635514,0.8411214953271028,2.94392523364486,3.574766355140187,0.1014474007009345,10.30373831775701,ST,100,85,89,96,98,7,87,48,96,96,81,52,48,37,98,94,96,100,96,67,72,65,35,52,52,52,56,74,67,93,50,96,7,52,81,89,96,85,78,80,94,94,93,89,96,85,85,89,96,7,67,37,85,85,41,41,35,19,93,85,93,100,91,59,69,56,35,52,52,52,56,74,67,93,50,96,7,52,74,81,93,78,59,67,93,89,74,85,Süper Lig
Amed,2154uhyeun0lm781iiiijqhwo,3vlfegi0u5rws1eh9ri1uiz85,U. Meraş,Umut Meras,30,Defender,Türkiye,Defender,72.0,58.0,130.0,0.0,328.0,5.0,3.0,2.0,0.0,0.0,0.0,9.0,8.0,4.0,4.0,0.0,2.0,0.0,2.0,0.0,0.0,0.0,1.0,0.0,0.0,0.0,0.0,82.8,29.41,0.0,0.0,0.0,52.94,60.0,40.0,0.0921033782341947,0.0,1.0,3.0,0.08008722,5.0,8.0,10.0,0.25099103,79.0,19.75609756097561,15.914634146341465,35.670731707317074,0.0,1.3719512195121952,0.8231707317073171,0.5487804878048781,0.0,0.0,0.0,2.4695121951219514,2.1951219512195124,1.0975609756097562,1.0975609756097562,0.0,0.5487804878048781,0.0,0.5487804878048781,0.0,0.0,0.0,0.274390243902439,0.0,0.0,0.0,0.0,82.8,29.41,0.0,0.0,0.0,52.94,60.0,40.0,0.0252722684179192,0.0,0.274390243902439,0.8231707317073171,0.0219751518292682,1.3719512195121952,2.1951219512195124,2.7439024390243905,0.0688694899390243,21.67682926829268,LB/LCB,52,55,57,10,26,52,50,24,12,12,12,40,62,57,19,29,17,79,36,40,29,17,43,48,52,52,38,19,17,19,29,48,71,24,48,14,60,31,38,76,38,38,24,64,71,43,67,10,33,57,43,24,12,12,10,24,57,57,19,29,17,86,36,40,29,14,43,48,52,52,38,19,17,19,29,48,71,24,48,14,57,29,38,81,33,38,19,86,Süper Lig
Amed,2154uhyeun0lm781iiiijqhwo,8k3jxrfq2go74uy428d09wwd1,M. Diagne,Mbaye Diagne,34,Attacker,Senegal,Striker,11.0,13.0,24.0,0.0,220.0,2.0,3.0,8.0,7.0,0.0,0.0,4.0,2.0,1.0,12.0,0.0,0.0,0.0,1.0,1.0,1.0,3.0,1.0,0.0,0.0,0.0,0.0,70.59,66.67,0.0,0.0,37.5,25.0,50.0,0.0,0.8069862551624394,0.0,2.0,1.0,0.0241224,1.0,1.0,0.0,0.0121193699999999,8.0,4.5,5.3181818181818175,9.818181818181817,0.0,0.8181818181818181,1.227272727272727,3.2727272727272725,2.863636363636364,0.0,0.0,1.6363636363636362,0.8181818181818181,0.409090909090909,4.909090909090908,0.0,0.0,0.0,0.409090909090909,0.409090909090909,0.409090909090909,1.227272727272727,0.409090909090909,0.0,0.0,0.0,0.0,70.59,66.67,0.0,0.0,37.5,25.0,50.0,0.0,0.3301307407482706,0.0,0.8181818181818181,0.409090909090909,0.0098682545454545,0.409090909090909,0.409090909090909,0.0,0.004957924090909,3.2727272727272725,ST,22,4,7,6,48,33,44,63,4,4,11,52,48,37,6,15,26,20,30,43,56,13,35,52,52,52,30,61,26,6,63,11,72,15,41,6,39,15,15,24,19,6,4,13,37,15,30,6,63,33,78,89,4,4,11,67,63,74,6,15,26,30,41,52,78,15,35,52,52,52,30,61,26,6,63,11,72,15,63,6,59,15,19,30,26,6,4,30,Süper Lig
Amed,2154uhyeun0lm781iiiijqhwo,ad3d93oh7zcf8rozwheaklpwq,S. Ballet,Samuel Ballet,25,Attacker,Switzerland,Striker,32.0,51.0,82.0,6.0,335.0,6.0,0.0,10.0,6.0,19.0,19.0,24.0,0.0,1.0,16.0,7.0,5.0,1.0,4.0,2.0,0.0,2.0,9.0,1.0,0.0,0.0,0.0,75.23,75.0,14.29,36.84,20.0,36.36,0.0,62.5,1.318647142690641,0.4327945092609739,9.0,9.0,0.27086279,5.0,8.0,13.0,0.3406416399999999,31.0,8.597014925373134,13.701492537313433,22.029850746268657,1.611940298507463,1.611940298507463,0.0,2.686567164179104,1.611940298507463,5.104477611940299,5.104477611940299,6.447761194029851,0.0,0.2686567164179104,4.298507462686567,1.880597014925373,1.343283582089552,0.2686567164179104,1.0746268656716418,0.5373134328358209,0.0,0.5373134328358209,2.417910447761194,0.2686567164179104,0.0,0.0,0.0,75.23,75.0,14.29,36.84,20.0,36.36,0.0,62.5,0.3542634114691274,0.1162731517417541,2.417910447761194,2.417910447761194,0.072769107761194,1.343283582089552,2.149253731343284,3.492537313432836,0.0915156644776119,8.328358208955224,RW,47,37,40,57,63,20,63,60,93,93,77,17,43,67,73,83,30,67,60,33,50,80,77,53,53,53,27,83,47,27,50,7,20,63,80,53,93,50,67,70,60,73,47,37,40,40,40,60,67,20,73,80,100,93,93,17,47,87,80,87,33,67,73,33,53,93,87,53,53,53,27,83,47,27,50,7,20,63,87,53,93,60,67,73,60,73,53,47,Süper Lig
Amed,2154uhyeun0lm781iiiijqhwo,adrn1x15rsehvnava8q9ofuvo,G. Orban,Gift Orban,24,Attacker,Nigeria,Striker,23.0,38.0,61.0,5.0,343.0,4.0,0.0,14.0,10.0,5.0,5.0,3.0,2.0,0.0,16.0,1.0,1.0,0.0,4.0,3.0,6.0,6.0,1.0,1.0,0.0,0.0,0.0,80.26,40.0,0.0,20.0,42.86,11.11,0.0,100.0,2.381632494788799,0.2793200127000833,3.0,5.0,0.14598906,2.0,7.0,10.0,0.3186662299999999,17.0,6.034985422740525,9.970845481049563,16.005830903790088,1.3119533527696794,1.0495626822157436,0.0,3.673469387755102,2.623906705539359,1.3119533527696794,1.3119533527696794,0.7871720116618076,0.5247813411078718,0.0,4.198250728862974,0.2623906705539359,0.2623906705539359,0.0,1.0495626822157436,0.7871720116618076,1.5743440233236152,1.5743440233236152,0.2623906705539359,0.2623906705539359,0.0,0.0,0.0,80.26,40.0,0.0,20.0,42.86,11.11,0.0,100.0,0.6249181473206762,0.0732909654315087,0.7871720116618076,1.3119533527696794,0.0383061673469387,0.5247813411078718,1.836734693877551,2.623906705539359,0.0836150457725947,4.46064139941691,ST,59,63,61,69,83,7,81,78,50,48,6,52,15,67,28,44,26,74,72,98,85,13,81,52,52,52,67,31,26,17,78,4,7,89,93,44,63,61,48,44,80,83,70,56,59,56,59,59,78,7,93,85,37,37,7,44,15,63,22,44,26,70,70,96,89,11,78,52,52,52,67,31,26,17,78,4,7,89,96,44,56,67,63,41,74,85,63,48,Süper Lig
Amed,2154uhyeun0lm781iiiijqhwo,baogzi00mwdclwbvkd618evv9,R. Raveloson,Rayan Raveloson,29,Midfielder,Madagascar,Midfielder,95.0,82.0,177.0,7.0,440.0,11.0,6.0,5.0,3.0,6.0,6.0,24.0,5.0,3.0,8.0,4.0,3.0,0.0,2.0,3.0,0.0,1.0,7.0,1.0,0.0,0.0,0.0,82.33,50.0,0.0,66.67,20.0,55.81,85.71,42.86,0.5149742439335157,0.4810259280731347,2.0,7.0,0.18506163,4.0,26.0,18.0,0.5520357299999998,101.0,19.43181818181818,16.77272727272727,36.20454545454545,1.4318181818181817,2.25,1.227272727272727,1.0227272727272727,0.6136363636363635,1.227272727272727,1.227272727272727,4.909090909090908,1.0227272727272727,0.6136363636363635,1.6363636363636362,0.8181818181818181,0.6136363636363635,0.0,0.409090909090909,0.6136363636363635,0.0,0.2045454545454545,1.4318181818181817,0.2045454545454545,0.0,0.0,0.0,82.33,50.0,0.0,66.67,20.0,55.81,85.71,42.86,0.1053356408045827,0.0983916671058684,0.409090909090909,1.4318181818181817,0.0378535152272727,0.8181818181818181,5.3181818181818175,3.6818181818181817,0.1129163993181817,20.659090909090907,DM/CM,76,59,68,85,56,93,81,91,90,88,91,57,32,94,93,44,37,69,93,41,60,72,91,51,51,51,21,25,37,60,44,65,100,24,94,82,76,71,79,72,84,72,91,72,53,38,47,79,41,82,74,88,78,76,79,44,15,82,82,32,37,62,91,41,47,65,88,51,51,51,21,25,37,60,44,65,100,24,85,82,71,59,71,65,76,49,76,50,Süper Lig
Amed,2154uhyeun0lm781iiiijqhwo,btz2lf5s3h6svre1o5jgmvf85,D. Bates,David Bates,29,Defender,Scotland,Defender,205.0,49.0,254.0,1.0,421.0,12.0,9.0,0.0,0.0,0.0,0.0,21.0,28.0,3.0,1.0,0.0,5.0,0.0,0.0,0.0,0.0,0.0,4.0,0.0,0.0,0.0,0.0,94.42,60.0,0.0,0.0,0.0,75.0,75.0,62.5,0.0,0.1449608898255738,0.0,0.0,0.0,0.0,7.0,13.0,0.4691278,175.0,43.82422802850356,10.475059382422804,54.29928741092636,0.2137767220902612,2.565320665083135,1.9239904988123515,0.0,0.0,0.0,0.0,4.489311163895486,5.985748218527315,0.6413301662707838,0.2137767220902612,0.0,1.0688836104513064,0.0,0.0,0.0,0.0,0.0,0.8551068883610451,0.0,0.0,0.0,0.0,94.42,60.0,0.0,0.0,0.0,75.0,75.0,62.5,0.0,0.0309892638581986,0.0,0.0,0.0,0.0,1.4964370546318289,2.7790973871733966,0.1002886033254156,37.41092636579573,CB,89,33,70,42,52,67,6,9,17,17,67,86,29,21,23,91,41,32,33,39,24,71,41,48,52,52,97,77,41,23,24,91,79,58,6,64,33,18,18,23,33,47,76,82,88,30,67,45,45,64,6,9,17,17,70,88,21,18,23,88,41,32,33,39,24,70,41,48,52,52,97,77,41,23,24,91,79,58,6,61,33,18,18,23,24,45,64,76,Süper Lig
Amed,2154uhyeun0lm781iiiijqhwo,c2dyis8v8w6p8e40n0hmkdtgq,E. Krasniqi,Ermal Krasniqi,28,Attacker,Kosovo,Striker,65.0,69.0,131.0,11.0,440.0,6.0,2.0,8.0,4.0,11.0,12.0,26.0,5.0,4.0,10.0,4.0,8.0,3.0,4.0,3.0,0.0,1.0,1.0,2.0,0.0,0.0,0.0,85.06,54.55,18.75,36.36,12.5,43.33,66.67,42.11,1.413088030875512,1.1783219480530862,4.0,16.0,0.41191194,2.0,8.0,12.0,1.0818851999999997,59.0,13.295454545454543,14.113636363636363,26.795454545454543,2.25,1.227272727272727,0.409090909090909,1.6363636363636362,0.8181818181818181,2.25,2.454545454545454,5.3181818181818175,1.0227272727272727,0.8181818181818181,2.0454545454545454,0.8181818181818181,1.6363636363636362,0.6136363636363635,0.8181818181818181,0.6136363636363635,0.0,0.2045454545454545,0.2045454545454545,0.409090909090909,0.0,0.0,0.0,85.06,54.55,18.75,36.36,12.5,43.33,66.67,42.11,0.2890407335881729,0.241020398465404,0.8181818181818181,3.2727272727272725,0.084254715,0.409090909090909,1.6363636363636362,2.454545454545454,0.2212946999999999,12.068181818181817,RW,93,70,80,87,63,60,47,40,43,43,90,73,80,33,20,93,57,67,87,33,23,10,97,53,53,53,90,43,53,20,17,40,93,47,87,87,60,87,80,17,60,63,93,80,87,47,67,80,53,53,33,33,33,33,80,73,80,27,20,93,53,53,80,33,13,7,93,53,53,53,90,43,53,20,17,40,93,47,73,87,47,80,73,13,53,60,80,73,Süper Lig
Amed,2154uhyeun0lm781iiiijqhwo,med38wao6izkoagys1dvvv56,L. Dellova,Lumbardh Dellova,27,Defender,Kosovo,Defender,176.0,90.0,266.0,4.0,450.0,21.0,9.0,1.0,1.0,6.0,6.0,20.0,19.0,4.0,2.0,5.0,4.0,0.0,0.0,1.0,0.0,0.0,1.0,1.0,0.0,0.0,0.0,86.64,60.0,0.0,83.33,0.0,80.0,90.0,80.0,0.0985011904064327,0.317641662186183,0.0,3.0,0.05617798,0.0,21.0,22.0,0.53443818,169.0,35.2,18.0,53.2,0.8,4.2,1.8,0.2,0.2,1.2,1.2,4.0,3.8,0.8,0.4,1.0,0.8,0.0,0.0,0.2,0.0,0.0,0.2,0.2,0.0,0.0,0.0,86.64,60.0,0.0,83.33,0.0,80.0,90.0,80.0,0.0197002380812865,0.0635283324372366,0.0,0.6,0.011235596,0.0,4.2,4.4,0.106887636,33.8,CB,67,77,79,95,89,67,24,35,95,95,61,56,48,38,100,77,41,32,80,39,24,24,91,48,52,52,33,77,41,67,24,100,100,68,18,100,33,70,67,23,89,83,88,79,58,61,64,82,86,56,20,26,89,86,52,38,39,36,100,58,41,32,67,39,24,17,88,48,52,52,33,77,41,67,24,100,100,68,18,91,33,59,58,23,83,76,73,70,Süper Lig
Beşiktaş,2ez9cvam9lp9jyhng3eh3znb4,1o7uvhqqueh716napx4qpq99m,R. Yılmaz,Ridvan Yilmaz,25,Defender,Türkiye,Defender,43.0,53.0,94.0,5.0,280.0,3.0,2.0,4.0,3.0,4.0,5.0,13.0,7.0,2.0,9.0,3.0,3.0,2.0,1.0,0.0,1.0,1.0,3.0,0.0,0.0,0.0,0.0,82.46,33.33,15.38,75.0,25.0,65.0,40.0,60.0,0.2493761611846361,0.5014768246871715,1.0,4.0,0.08181353,2.0,9.0,7.0,0.3087924099999999,51.0,13.821428571428571,17.035714285714285,30.214285714285715,1.6071428571428572,0.9642857142857144,0.6428571428571428,1.2857142857142856,0.9642857142857144,1.2857142857142856,1.6071428571428572,4.178571428571429,2.25,0.6428571428571428,2.892857142857143,0.9642857142857144,0.9642857142857144,0.6428571428571428,0.3214285714285714,0.0,0.3214285714285714,0.3214285714285714,0.9642857142857144,0.0,0.0,0.0,0.0,82.46,33.33,15.38,75.0,25.0,65.0,40.0,60.0,0.0801566232379187,0.1611889793637337,0.3214285714285714,1.2857142857142856,0.0262972060714285,0.6428571428571428,2.892857142857143,2.25,0.0992547032142856,16.392857142857142,LB/LCB,19,38,24,79,14,36,64,74,62,60,40,26,38,71,76,40,64,52,36,90,69,67,43,48,52,52,29,24,48,81,74,90,38,57,57,71,60,43,43,52,48,21,29,29,19,57,38,86,14,38,76,86,67,71,62,40,43,90,81,48,76,62,36,100,76,71,43,48,52,52,29,24,48,81,74,90,38,57,57,81,67,48,43,52,62,33,43,38,Süper Lig
Beşiktaş,2ez9cvam9lp9jyhng3eh3znb4,36h87ecgmpjdltk1epsbvmiju,E. Agbadou,Emmanuel Agbadou,29,Defender,Côte d'Ivoire,Defender,225.0,107.0,332.0,2.0,450.0,17.0,11.0,1.0,1.0,1.0,1.0,21.0,17.0,7.0,3.0,1.0,3.0,0.0,0.0,0.0,0.0,0.0,1.0,1.0,0.0,0.0,0.0,92.74,60.71,0.0,100.0,0.0,51.22,73.33,33.33,0.1070651133233834,0.2385261709762333,0.0,2.0,0.04320281,0.0,21.0,24.0,0.7279665500000003,217.0,45.0,21.4,66.4,0.4,3.4,2.2,0.2,0.2,0.2,0.2,4.2,3.4,1.4,0.6,0.2,0.6,0.0,0.0,0.0,0.0,0.0,0.2,0.2,0.0,0.0,0.0,92.74,60.71,0.0,100.0,0.0,51.22,73.33,33.33,0.0214130226646766,0.0477052341952466,0.0,0.4,0.008640562,0.0,4.2,4.8,0.14559331,43.4,CB,97,94,97,70,68,79,24,35,45,45,67,47,92,52,58,52,41,32,33,39,24,24,91,48,52,52,82,88,41,85,24,30,71,11,21,91,33,52,52,23,89,91,100,94,94,82,94,62,65,74,20,26,41,41,59,32,77,44,52,35,41,32,33,39,24,17,88,48,52,52,82,88,41,85,24,30,71,11,21,85,33,47,48,23,83,82,94,88,Süper Lig
Beşiktaş,2ez9cvam9lp9jyhng3eh3znb4,49a9iffawhh36qev0fguqu4us,J. Olaïtan,Junior Olaïtan,24,Midfielder,Benin,Midfielder,42.0,145.0,187.0,9.0,377.0,12.0,5.0,6.0,2.0,11.0,11.0,22.0,1.0,0.0,7.0,6.0,3.0,0.0,4.0,2.0,0.0,2.0,6.0,2.0,0.0,0.0,0.0,89.9,92.31,0.0,54.55,33.33,55.0,62.5,60.0,0.3875123330893858,0.7894191197875735,2.0,17.0,0.38379173,7.0,32.0,37.0,0.9251843099999998,108.0,10.026525198938993,34.61538461538461,44.6419098143236,2.1485411140583555,2.8647214854111405,1.1936339522546418,1.4323607427055702,0.4774535809018567,2.625994694960212,2.625994694960212,5.251989389920424,0.2387267904509283,0.0,1.6710875331564985,1.4323607427055702,0.7161803713527851,0.0,0.9549071618037136,0.4774535809018567,0.0,0.4774535809018567,1.4323607427055702,0.4774535809018567,0.0,0.0,0.0,89.9,92.31,0.0,54.55,33.33,55.0,62.5,60.0,0.0925095755385801,0.1884554927874843,0.4774535809018567,4.058355437665782,0.0916213679045092,1.6710875331564985,7.639257294429708,8.83289124668435,0.2208662809018567,25.782493368700266,CM/AM,38,88,81,59,81,94,47,34,88,88,88,31,16,44,94,47,9,56,50,34,62,66,84,53,50,53,100,94,9,56,75,81,84,47,31,56,44,94,88,91,94,97,69,88,19,88,81,56,75,94,44,25,88,81,81,31,16,38,88,38,9,50,50,34,62,56,88,53,50,53,100,94,9,56,75,81,84,47,31,50,44,94,94,88,94,100,75,88,Süper Lig
Beşiktaş,2ez9cvam9lp9jyhng3eh3znb4,8qwpdf5jof7o6yy47v6iv11hx,L. Trossard,Leandro Trossard,31,Attacker,Belgium,Striker,32.0,136.0,167.0,7.0,385.0,13.0,0.0,16.0,10.0,18.0,19.0,21.0,1.0,3.0,30.0,10.0,1.0,1.0,6.0,8.0,1.0,3.0,10.0,1.0,0.0,0.0,0.0,80.68,65.0,14.29,55.56,18.75,44.68,0.0,100.0,1.3212619883974075,0.6563323240023119,7.0,30.0,0.77302895,11.0,17.0,33.0,1.3355882400000003,87.0,7.48051948051948,31.7922077922078,39.03896103896104,1.6363636363636365,3.038961038961039,0.0,3.74025974025974,2.3376623376623376,4.207792207792208,4.441558441558442,4.909090909090909,0.2337662337662337,0.7012987012987013,7.012987012987013,2.3376623376623376,0.2337662337662337,0.2337662337662337,1.4025974025974026,1.87012987012987,0.2337662337662337,0.7012987012987013,2.3376623376623376,0.2337662337662337,0.0,0.0,0.0,80.68,65.0,14.29,55.56,18.75,44.68,0.0,100.0,0.3088664388461472,0.1534283354810599,1.6363636363636365,7.012987012987013,0.1807080662337662,2.571428571428572,3.9740259740259742,7.714285714285714,0.3122154327272728,20.337662337662337,LW,78,100,100,72,100,22,100,100,89,89,83,56,56,100,89,28,56,89,100,72,50,100,94,56,56,56,44,56,56,67,22,22,28,83,100,89,89,100,100,94,100,100,100,100,33,100,100,67,100,22,100,100,78,67,67,56,33,100,89,22,56,78,100,67,33,89,89,56,56,56,44,56,56,67,22,22,28,83,89,67,67,78,78,89,89,100,100,100,Süper Lig
Beşiktaş,2ez9cvam9lp9jyhng3eh3znb4,b3vvxolwxcukqk76hb4scvh79,A. Murillo,Amir Murillo,30,Defender,Panama,Defender,51.0,46.0,96.0,4.0,271.0,6.0,4.0,4.0,2.0,5.0,5.0,15.0,5.0,1.0,6.0,4.0,2.0,1.0,2.0,1.0,1.0,1.0,5.0,0.0,0.0,0.0,0.0,81.36,50.0,14.29,80.0,25.0,53.57,50.0,100.0,0.3731730279506641,0.310596589979186,0.0,4.0,0.09776808,0.0,12.0,9.0,0.51350345,59.0,16.937269372693727,15.276752767527675,31.8819188191882,1.328413284132841,1.992619926199262,1.328413284132841,1.328413284132841,0.6642066420664207,1.6605166051660516,1.6605166051660516,4.981549815498156,1.6605166051660516,0.3321033210332103,1.992619926199262,1.328413284132841,0.6642066420664207,0.3321033210332103,0.6642066420664207,0.3321033210332103,0.3321033210332103,0.3321033210332103,1.6605166051660516,0.0,0.0,0.0,0.0,81.36,50.0,14.29,80.0,25.0,53.57,50.0,100.0,0.1239320019024345,0.103150159033678,0.0,1.328413284132841,0.0324691040590405,0.0,3.985239852398524,2.988929889298893,0.170536201107011,19.59409594095941,RB/RCB,13,13,7,53,23,47,80,67,77,73,40,20,7,73,90,10,47,93,83,93,73,70,37,47,53,53,33,53,47,77,67,53,53,93,80,53,40,47,33,20,40,27,67,13,47,60,40,67,33,53,93,80,87,80,73,27,7,93,100,27,53,93,100,100,93,87,37,47,53,53,33,53,47,77,67,53,53,93,80,53,40,53,53,20,80,47,73,73,Süper Lig
Beşiktaş,2ez9cvam9lp9jyhng3eh3znb4,bwg7au78c88g5cfl4njizr3mc,Ü. Akdağ,Ümit Akdag,22,Defender,Romania,Defender,42.0,41.0,82.0,1.0,270.0,7.0,5.0,0.0,0.0,5.0,6.0,19.0,9.0,1.0,2.0,4.0,3.0,1.0,0.0,0.0,0.0,0.0,1.0,0.0,0.0,0.0,0.0,67.77,38.89,16.67,80.0,0.0,63.33,83.33,33.33,0.0,0.0,0.0,0.0,0.0,0.0,0.0,0.0,0.0,0.0,14.0,13.666666666666666,27.33333333333333,0.3333333333333333,2.333333333333333,1.6666666666666667,0.0,0.0,1.6666666666666667,2.0,6.333333333333333,3.0,0.3333333333333333,0.6666666666666666,1.3333333333333333,1.0,0.3333333333333333,0.0,0.0,0.0,0.0,0.3333333333333333,0.0,0.0,0.0,0.0,67.77,38.89,16.67,80.0,0.0,63.33,83.33,33.33,0.0,0.0,0.0,0.0,0.0,0.0,0.0,0.0,0.0,0.0,LB/LCB,14,24,19,26,48,67,14,24,76,74,67,48,21,36,86,40,40,21,36,40,29,17,43,48,52,52,5,38,52,86,29,86,95,14,14,14,24,10,10,12,7,7,7,7,24,33,19,29,71,76,14,24,81,81,95,76,24,43,95,52,48,21,36,40,29,24,43,48,52,52,5,38,52,86,29,86,95,14,14,14,24,10,10,12,7,7,7,7,Süper Lig
Beşiktaş,2ez9cvam9lp9jyhng3eh3znb4,c1yctqdku2vzho2azsgcy5dcl,V. Černý,Václav Cerny,28,Attacker,Czechia,Striker,39.0,88.0,124.0,8.0,384.0,11.0,0.0,9.0,5.0,6.0,7.0,3.0,1.0,4.0,15.0,3.0,0.0,3.0,4.0,0.0,2.0,5.0,0.0,0.0,0.0,0.0,0.0,82.12,78.57,17.65,50.0,55.56,16.67,0.0,0.0,1.101389356819872,0.6127955294320435,3.0,18.0,0.53308151,3.0,11.0,17.0,0.46472553,54.0,9.140625,20.625,29.0625,1.875,2.578125,0.0,2.109375,1.171875,1.40625,1.640625,0.703125,0.234375,0.9375,3.515625,0.703125,0.0,0.703125,0.9375,0.0,0.46875,1.171875,0.0,0.0,0.0,0.0,0.0,82.12,78.57,17.65,50.0,55.56,16.67,0.0,0.0,0.2581381305046575,0.1436239522106352,0.703125,4.21875,0.12494097890625,0.703125,2.578125,3.984375,0.10892004609375,12.65625,ST,94,96,96,93,98,7,54,39,59,59,6,26,100,61,63,15,85,74,9,67,72,6,35,52,52,52,78,89,56,61,87,7,7,15,59,81,63,94,96,65,89,94,89,93,93,89,89,85,100,7,48,30,48,56,4,24,100,56,63,15,85,63,9,67,74,6,35,52,52,52,78,89,56,61,87,7,7,15,52,74,52,96,96,56,89,96,81,89,Süper Lig
Beşiktaş,2ez9cvam9lp9jyhng3eh3znb4,djbw3afgcgkbq22soig0xsjfu,O. Kökçü,Orkun Kökçü,25,Midfielder,Türkiye,Midfielder,52.0,169.0,211.0,13.0,411.0,20.0,1.0,15.0,5.0,4.0,5.0,11.0,1.0,0.0,21.0,1.0,1.0,10.0,10.0,9.0,0.0,2.0,8.0,2.0,0.0,0.0,0.0,88.28,76.92,34.48,25.0,13.33,37.93,25.0,100.0,1.041665834468296,1.3771116030362014,7.0,11.0,0.27547319,3.0,28.0,35.0,1.2160445499999994,107.0,11.386861313868614,37.00729927007299,46.2043795620438,2.8467153284671536,4.37956204379562,0.218978102189781,3.2846715328467155,1.094890510948905,0.8759124087591241,1.094890510948905,2.408759124087591,0.218978102189781,0.0,4.598540145985401,0.218978102189781,0.218978102189781,2.18978102189781,2.18978102189781,1.9708029197080288,0.0,0.437956204379562,1.7518248175182485,0.437956204379562,0.0,0.0,0.0,88.28,76.92,34.48,25.0,13.33,37.93,25.0,100.0,0.228102007547802,0.3015572853363945,1.5328467153284673,2.408759124087591,0.0603225963503649,0.6569343065693432,6.131386861313869,7.664233576642336,0.2662871277372262,23.43065693430657,CM/AM,62,94,88,78,91,50,97,88,31,38,19,31,16,100,12,16,75,94,100,34,62,81,84,53,50,53,88,81,66,12,12,25,69,94,94,75,100,56,56,28,88,88,88,81,56,94,88,81,94,38,88,81,25,31,19,19,16,94,6,12,75,94,100,34,56,81,69,53,50,53,88,81,66,12,12,25,69,94,88,75,100,38,44,25,81,88,88,81,Süper Lig
Beşiktaş,2ez9cvam9lp9jyhng3eh3znb4,do0wn2lu805annoayzc8bfhpm,E. Topçu,Emirhan Topçu,25,Defender,Türkiye,Defender,116.0,65.0,181.0,1.0,257.0,7.0,11.0,2.0,2.0,4.0,4.0,25.0,11.0,6.0,3.0,2.0,3.0,0.0,0.0,1.0,1.0,1.0,6.0,0.0,0.0,0.0,0.0,90.95,43.75,0.0,50.0,50.0,71.43,73.33,50.0,0.2521940284261025,0.0375596601152308,0.0,3.0,0.05772713,1.0,16.0,19.0,0.3606972599999998,133.0,40.62256809338521,22.762645914396888,63.385214007782096,0.3501945525291828,2.45136186770428,3.852140077821012,0.7003891050583657,0.7003891050583657,1.4007782101167314,1.4007782101167314,8.754863813229571,3.852140077821012,2.1011673151750974,1.050583657587549,0.7003891050583657,1.050583657587549,0.0,0.0,0.3501945525291828,0.3501945525291828,0.3501945525291828,2.1011673151750974,0.0,0.0,0.0,0.0,90.95,43.75,0.0,50.0,50.0,71.43,73.33,50.0,0.0883169749352109,0.0131531883672014,0.0,1.050583657587549,0.0202157264591439,0.3501945525291828,5.603112840466926,6.653696498054474,0.1263142155642022,46.57587548638132,CB,42,55,45,42,30,79,45,61,86,86,89,17,79,52,77,52,41,32,80,89,62,89,41,48,52,52,64,29,41,56,83,80,71,33,52,42,33,70,70,58,64,76,55,56,79,88,82,58,42,97,55,73,100,100,100,42,94,70,91,85,41,32,91,100,70,94,41,48,52,52,64,29,41,56,83,80,71,33,61,45,33,85,82,67,94,97,82,94,Süper Lig
Beşiktaş,2ez9cvam9lp9jyhng3eh3znb4,emvi36y613e4lqlat3wfdih9l,S. Özcan,Salih Özcan,28,Midfielder,Türkiye,Midfielder,106.0,129.0,235.0,1.0,386.0,17.0,6.0,2.0,2.0,0.0,0.0,29.0,2.0,8.0,4.0,0.0,9.0,0.0,0.0,1.0,0.0,1.0,10.0,0.0,0.0,0.0,0.0,91.44,85.0,0.0,0.0,50.0,60.42,66.67,69.23,0.2458281162308897,0.0456811400622337,0.0,6.0,0.1323581,4.0,20.0,22.0,0.40255029,142.0,24.71502590673576,30.077720207253886,54.79274611398964,0.233160621761658,3.963730569948187,1.3989637305699485,0.466321243523316,0.466321243523316,0.0,0.0,6.761658031088083,0.466321243523316,1.865284974093264,0.932642487046632,0.0,2.098445595854922,0.0,0.0,0.233160621761658,0.0,0.233160621761658,2.3316062176165806,0.0,0.0,0.0,0.0,91.44,85.0,0.0,0.0,50.0,60.42,66.67,69.23,0.0573174364268913,0.0106510430196917,0.0,1.3989637305699485,0.0308606968911917,0.932642487046632,4.663212435233161,5.129533678756477,0.0938588759067357,33.108808290155444,DM/CM,85,94,91,19,84,93,34,72,7,7,97,16,94,62,12,96,37,18,66,41,60,94,43,51,51,51,85,93,37,12,87,79,79,76,50,18,19,62,59,72,66,82,59,94,76,94,91,9,76,88,38,74,7,7,97,12,94,65,12,91,37,18,65,41,56,88,43,51,51,51,85,93,37,12,87,79,79,76,41,15,19,56,59,71,59,79,53,94,Süper Lig
Erzurumspor,ea2gyhkv6vwmxbxevdb4u3796,1u4pcz0h82rzmsofd3ug7nc9h,O. Ovacıklı,Orhan Ovacikli,37,Defender,Türkiye,Defender,63.0,60.0,121.0,2.0,400.0,11.0,2.0,2.0,2.0,2.0,2.0,33.0,9.0,5.0,4.0,1.0,13.0,2.0,0.0,1.0,0.0,1.0,12.0,0.0,0.0,0.0,0.0,78.57,45.83,13.33,50.0,50.0,73.33,66.67,72.22,0.1408809328442272,0.0499178665665626,2.0,6.0,0.18546281,7.0,16.0,17.0,0.4763884599999999,71.0,14.175,13.5,27.225,0.4499999999999999,2.475,0.4499999999999999,0.4499999999999999,0.4499999999999999,0.4499999999999999,0.4499999999999999,7.425,2.025,1.125,0.8999999999999999,0.2249999999999999,2.925,0.4499999999999999,0.0,0.2249999999999999,0.0,0.2249999999999999,2.7,0.0,0.0,0.0,0.0,78.57,45.83,13.33,50.0,50.0,73.33,66.67,72.22,0.0316982098899511,0.0112315199774765,0.4499999999999999,1.35,0.04172913225,1.575,3.6,3.825,0.1071874034999999,15.975,RB/RCB,40,40,33,33,67,30,60,67,47,40,100,43,60,47,37,100,67,33,83,43,73,100,37,47,53,53,27,40,40,47,83,100,90,53,53,33,90,70,80,97,67,57,47,37,27,33,27,33,60,27,60,67,53,47,100,47,67,40,47,100,73,33,87,43,73,100,37,47,53,53,27,40,40,47,83,100,90,53,53,33,87,60,73,100,60,73,53,47,Süper Lig
Erzurumspor,ea2gyhkv6vwmxbxevdb4u3796,3dtmwx29l268hcntzioaz7itw,Y. Kırtay,Yakup Kirtay,23,Defender,Türkiye,Defender,75.0,43.0,118.0,1.0,207.0,7.0,2.0,2.0,2.0,0.0,0.0,2.0,6.0,2.0,2.0,0.0,0.0,0.0,0.0,0.0,0.0,0.0,0.0,0.0,0.0,0.0,0.0,87.41,50.0,0.0,0.0,0.0,50.0,66.67,0.0,0.2520152433713908,0.0,0.0,2.0,0.04255496,1.0,8.0,12.0,0.1860017099999999,79.0,32.608695652173914,18.695652173913047,51.30434782608696,0.4347826086956522,3.0434782608695654,0.8695652173913044,0.8695652173913044,0.8695652173913044,0.0,0.0,0.8695652173913044,2.608695652173913,0.8695652173913044,0.8695652173913044,0.0,0.0,0.0,0.0,0.0,0.0,0.0,0.0,0.0,0.0,0.0,0.0,87.41,50.0,0.0,0.0,0.0,50.0,66.67,0.0,0.1095718449440829,0.0,0.0,0.8695652173913044,0.0185021565217391,0.4347826086956522,3.4782608695652177,5.217391304347826,0.0808703086956521,34.34782608695652,LB/LCB,67,29,48,26,48,36,50,64,12,12,5,14,38,36,19,5,17,21,36,40,29,5,43,48,52,52,86,71,17,19,29,31,83,5,62,14,24,24,24,33,38,52,19,64,95,71,95,38,86,62,62,81,12,12,5,57,52,48,19,5,17,21,36,40,29,5,43,48,52,52,86,71,17,19,29,31,83,5,90,14,24,33,29,43,71,90,24,95,Süper Lig
Erzurumspor,ea2gyhkv6vwmxbxevdb4u3796,3pvznpfvzmnwuycoi8pq110mi,M. Fettahoğlu,Mustafa Fettahoglu,25,Attacker,Türkiye,Striker,27.0,35.0,61.0,5.0,304.0,2.0,1.0,6.0,4.0,15.0,15.0,17.0,0.0,2.0,10.0,9.0,3.0,1.0,2.0,3.0,0.0,1.0,3.0,0.0,0.0,0.0,0.0,84.72,66.67,16.67,60.0,16.67,40.48,20.0,75.0,0.4850042682314104,0.4461213628499471,2.0,5.0,0.15183717,3.0,7.0,5.0,0.2493991899999999,17.0,7.993421052631579,10.361842105263158,18.05921052631579,1.480263157894737,0.5921052631578947,0.2960526315789473,1.7763157894736843,1.1842105263157894,4.440789473684211,4.440789473684211,5.032894736842105,0.0,0.5921052631578947,2.960526315789474,2.664473684210526,0.8881578947368421,0.2960526315789473,0.5921052631578947,0.8881578947368421,0.0,0.2960526315789473,0.8881578947368421,0.0,0.0,0.0,0.0,84.72,66.67,16.67,60.0,16.67,40.48,20.0,75.0,0.1435867899369307,0.1320754034753132,0.5921052631578947,1.480263157894737,0.0449517937499999,0.8881578947368421,2.0723684210526314,1.480263157894737,0.0738352865131578,5.032894736842105,ST,76,59,61,69,48,17,28,30,100,100,44,7,78,28,98,85,59,41,72,17,13,31,35,52,52,52,89,61,52,74,11,41,15,69,26,67,39,61,59,65,80,57,48,56,74,63,70,70,59,19,26,33,100,100,52,7,78,37,100,89,63,44,81,17,11,41,35,52,52,52,89,61,52,74,11,41,15,69,15,67,41,70,74,70,81,59,59,56,Süper Lig
Erzurumspor,ea2gyhkv6vwmxbxevdb4u3796,4aqpe5pcd6j3w4gv0vmczduy1,N. Mujakić,Nihad Mujakic,28,Defender,Bosnia and Herzegovina,Defender,101.0,55.0,155.0,2.0,427.0,11.0,2.0,0.0,0.0,7.0,7.0,22.0,10.0,1.0,3.0,5.0,9.0,1.0,0.0,0.0,0.0,0.0,2.0,0.0,0.0,0.0,0.0,82.89,39.29,14.29,71.43,0.0,59.46,28.57,69.23,0.0,0.1828422625545123,0.0,5.0,0.13213386,6.0,11.0,8.0,0.4256187599999999,75.0,21.288056206088992,11.592505854800937,32.66978922716628,0.4215456674473068,2.318501170960188,0.4215456674473068,0.0,0.0,1.475409836065574,1.475409836065574,4.637002341920375,2.107728337236534,0.2107728337236534,0.6323185011709602,1.053864168618267,1.8969555035128804,0.2107728337236534,0.0,0.0,0.0,0.0,0.4215456674473068,0.0,0.0,0.0,0.0,82.89,39.29,14.29,71.43,0.0,59.46,28.57,69.23,0.0,0.0385381818030588,0.0,1.053864168618267,0.0278502281030444,1.2646370023419204,2.318501170960188,1.6861826697892273,0.0897088721311475,15.807962529274004,LB/LCB,86,45,64,40,76,36,14,24,88,88,79,52,21,48,90,93,40,21,36,40,29,40,43,48,52,52,48,43,43,71,29,71,24,71,14,43,24,57,57,86,60,29,43,48,81,24,57,33,67,29,14,24,76,67,71,19,19,33,86,95,33,21,36,40,29,38,43,48,52,52,48,43,43,71,29,71,24,71,14,43,24,43,48,76,48,24,29,33,Süper Lig
Erzurumspor,ea2gyhkv6vwmxbxevdb4u3796,5520efb4wuwawc7bx97j4ke6t,G. Giorbelidze,Guram Giorbelidze,30,Defender,Georgia,Defender,29.0,25.0,52.0,5.0,269.0,1.0,0.0,1.0,1.0,4.0,6.0,12.0,7.0,4.0,3.0,1.0,5.0,2.0,0.0,0.0,0.0,1.0,3.0,1.0,0.0,0.0,0.0,82.54,12.5,50.0,25.0,100.0,42.86,0.0,62.5,0.0706167806524571,0.5256648778847227,0.0,1.0,0.02122129,2.0,1.0,4.0,0.4194135499999999,22.0,9.70260223048327,8.364312267657992,17.397769516728623,1.6728624535315986,0.3345724907063197,0.0,0.3345724907063197,0.3345724907063197,1.338289962825279,2.007434944237918,4.014869888475836,2.3420074349442377,1.338289962825279,1.003717472118959,0.3345724907063197,1.6728624535315986,0.6691449814126395,0.0,0.0,0.0,0.3345724907063197,1.003717472118959,0.3345724907063197,0.0,0.0,0.0,82.54,12.5,50.0,25.0,100.0,42.86,0.0,62.5,0.0236264321885544,0.175873007470725,0.0,0.3345724907063197,0.0071000598513011,0.6691449814126395,0.3345724907063197,1.338289962825279,0.1403242360594795,7.360594795539034,LB/LCB,5,10,5,79,5,7,33,52,62,74,29,26,62,48,45,74,64,21,36,40,69,67,93,48,52,52,33,5,95,38,100,14,10,62,38,81,24,19,19,52,14,14,38,14,5,14,5,90,5,7,38,57,71,86,57,48,71,52,52,81,81,21,36,40,81,76,100,48,52,52,33,5,95,38,100,14,10,62,38,90,24,19,19,57,14,14,71,14,Süper Lig
Erzurumspor,ea2gyhkv6vwmxbxevdb4u3796,69o8ksfkkoi93cqbg063i374l,E. Tozlu,Eren Tozlu,35,Attacker,Türkiye,Striker,36.0,43.0,79.0,2.0,369.0,2.0,7.0,10.0,7.0,3.0,3.0,20.0,8.0,1.0,14.0,1.0,1.0,0.0,3.0,1.0,2.0,3.0,10.0,0.0,0.0,0.0,0.0,79.8,33.33,0.0,33.33,30.0,44.44,43.75,50.0,1.4633653695802484,0.127905506664417,1.0,2.0,0.04347372,4.0,9.0,10.0,0.20936349,32.0,8.78048780487805,10.48780487804878,19.26829268292683,0.4878048780487805,0.4878048780487805,1.707317073170732,2.439024390243903,1.707317073170732,0.7317073170731708,0.7317073170731708,4.878048780487806,1.951219512195122,0.2439024390243902,3.414634146341464,0.2439024390243902,0.2439024390243902,0.0,0.7317073170731708,0.2439024390243902,0.4878048780487805,0.7317073170731708,2.439024390243903,0.0,0.0,0.0,0.0,79.8,33.33,0.0,33.33,30.0,44.44,43.75,50.0,0.3569183828244509,0.0311964650401017,0.2439024390243902,0.4878048780487805,0.0106033463414634,0.9756097560975612,2.1951219512195124,2.439024390243903,0.0510642658536585,7.804878048780488,ST,85,70,74,20,48,56,63,63,15,15,65,100,48,52,28,44,26,57,30,67,56,87,35,52,52,52,59,24,26,37,37,63,43,41,70,22,17,30,22,80,85,83,41,78,89,67,78,22,44,52,59,59,15,15,48,96,52,48,19,41,26,52,26,70,52,81,35,52,52,52,59,24,26,37,37,63,43,41,78,26,7,26,22,74,85,81,41,81,Süper Lig
Erzurumspor,ea2gyhkv6vwmxbxevdb4u3796,8b5btfsouiim92fg7gk4s1wd0,A. Gërxhaliu,Amar Gërxhaliu,24,Defender,Kosovo,Defender,139.0,78.0,217.0,1.0,450.0,22.0,4.0,2.0,0.0,0.0,0.0,10.0,24.0,5.0,0.0,0.0,3.0,0.0,2.0,0.0,0.0,0.0,0.0,0.0,0.0,0.0,0.0,88.21,48.89,0.0,0.0,0.0,76.92,80.0,50.0,0.0641459105483549,0.0668884579577213,2.0,1.0,0.0241224,1.0,16.0,18.0,0.3729811099999999,133.0,27.8,15.6,43.4,0.2,4.4,0.8,0.4,0.0,0.0,0.0,2.0,4.8,1.0,0.0,0.0,0.6,0.0,0.4,0.0,0.0,0.0,0.0,0.0,0.0,0.0,0.0,88.21,48.89,0.0,0.0,0.0,76.92,80.0,50.0,0.0128291821096709,0.0133776915915442,0.4,0.2,0.00482448,0.2,3.2,3.6,0.0745962219999999,26.6,CB,45,73,52,42,95,20,45,9,17,17,15,76,65,6,23,52,41,85,33,39,24,8,41,48,52,52,39,36,41,23,24,94,92,33,15,55,88,39,42,58,64,67,58,56,39,55,42,33,91,15,42,9,17,17,3,61,56,6,23,35,41,79,33,39,24,8,41,48,52,52,39,36,41,23,24,94,92,33,15,52,79,38,42,48,50,59,39,52,Süper Lig
Erzurumspor,ea2gyhkv6vwmxbxevdb4u3796,a6kw1x4kpkio8ua2zxaz7v6c5,M. Rodríguez,Martín Rodríguez,32,Midfielder,Chile,Midfielder,64.0,74.0,133.0,7.0,390.0,7.0,1.0,5.0,2.0,10.0,11.0,16.0,1.0,4.0,13.0,4.0,1.0,5.0,3.0,2.0,0.0,0.0,8.0,0.0,0.0,0.0,0.0,80.61,70.0,31.25,40.0,0.0,34.04,33.33,33.33,0.2708132190194321,0.5523694757221382,3.0,16.0,0.4139405500000001,7.0,11.0,17.0,0.5273321300000001,66.0,14.76923076923077,17.076923076923077,30.692307692307693,1.6153846153846154,1.6153846153846154,0.2307692307692307,1.153846153846154,0.4615384615384615,2.307692307692308,2.5384615384615388,3.692307692307693,0.2307692307692307,0.9230769230769232,3.0,0.9230769230769232,0.2307692307692307,1.153846153846154,0.6923076923076924,0.4615384615384615,0.0,0.0,1.8461538461538465,0.0,0.0,0.0,0.0,80.61,70.0,31.25,40.0,0.0,34.04,33.33,33.33,0.0624953582352535,0.1274698790128011,0.6923076923076924,3.692307692307693,0.0955247423076923,1.6153846153846154,2.5384615384615388,3.9230769230769234,0.12169203,15.230769230769232,DM/CM,38,56,46,85,31,22,81,72,100,100,56,6,59,100,93,13,96,82,82,41,22,79,43,51,51,51,18,71,76,47,22,6,43,10,53,85,85,94,97,93,35,65,82,40,29,41,29,85,26,21,79,71,100,100,41,6,41,100,91,9,97,74,82,41,22,76,43,51,51,51,18,71,76,47,22,6,43,10,50,85,82,94,97,94,18,62,82,26,Süper Lig
Erzurumspor,ea2gyhkv6vwmxbxevdb4u3796,ag74mepy9fnmlykodxo0oxhwp,B. Baiye,Brandon Baiye,25,Midfielder,Belgium,Midfielder,142.0,89.0,231.0,4.0,450.0,8.0,1.0,1.0,1.0,3.0,3.0,13.0,5.0,4.0,4.0,2.0,5.0,0.0,0.0,0.0,0.0,1.0,0.0,0.0,0.0,0.0,0.0,91.3,88.89,0.0,66.67,100.0,48.15,50.0,50.0,0.1187218398089023,0.1924588845559378,0.0,9.0,0.18473417,5.0,10.0,8.0,0.1879789300000001,108.0,28.4,17.8,46.2,0.8,1.6,0.2,0.2,0.2,0.6,0.6,2.6,1.0,0.8,0.8,0.4,1.0,0.0,0.0,0.0,0.0,0.2,0.0,0.0,0.0,0.0,0.0,91.3,88.89,0.0,66.67,100.0,48.15,50.0,50.0,0.0237443679617804,0.0384917769111875,0.0,1.8,0.036946834,1.0,2.0,1.6,0.037595786,21.6,DM/CM,100,75,85,69,40,22,21,44,54,51,43,57,59,62,66,66,37,18,28,41,60,4,43,51,51,51,82,97,37,60,97,40,72,35,26,59,19,82,76,82,31,22,26,81,85,47,65,56,24,12,15,35,41,41,6,35,28,47,56,56,37,18,28,41,44,4,43,51,51,51,82,97,37,60,97,40,72,35,21,47,19,74,68,76,12,15,12,53,Süper Lig
Erzurumspor,ea2gyhkv6vwmxbxevdb4u3796,bqocnixeu841gq09mmg774xcl,M. Yumlu,Mustafa Yumlu,38,Defender,Türkiye,Defender,58.0,10.0,68.0,1.0,270.0,3.0,5.0,2.0,2.0,0.0,0.0,7.0,14.0,1.0,5.0,0.0,1.0,0.0,0.0,1.0,0.0,0.0,1.0,0.0,0.0,0.0,0.0,83.95,30.0,0.0,0.0,0.0,58.33,62.5,100.0,0.2082490564432148,0.1425628344605234,0.0,0.0,0.0,0.0,0.0,0.0,0.0954113,45.0,19.33333333333333,3.333333333333333,22.666666666666668,0.3333333333333333,1.0,1.6666666666666667,0.6666666666666666,0.6666666666666666,0.0,0.0,2.333333333333333,4.666666666666667,0.3333333333333333,1.6666666666666667,0.0,0.3333333333333333,0.0,0.0,0.3333333333333333,0.0,0.0,0.3333333333333333,0.0,0.0,0.0,0.0,83.95,30.0,0.0,0.0,0.0,58.33,62.5,100.0,0.0694163521477382,0.0475209448201744,0.0,0.0,0.0,0.0,0.0,0.0,0.0318037666666666,15.0,CB,21,3,6,42,8,32,45,61,17,17,3,30,8,74,23,9,41,32,80,39,24,24,41,48,52,52,12,3,41,23,24,53,53,89,48,61,33,18,18,23,5,5,9,15,21,3,9,53,9,48,52,70,17,17,9,55,6,91,23,12,41,32,86,39,24,32,41,48,52,52,12,3,41,23,24,53,53,89,48,79,33,18,18,23,5,5,18,18,Süper Lig
Erzurumspor,ea2gyhkv6vwmxbxevdb4u3796,ebx4h86svfnvegspalqgxqfah,E. Owusu,Elisha Owusu,28,Midfielder,Ghana,Midfielder,54.0,55.0,109.0,1.0,328.0,3.0,0.0,0.0,0.0,1.0,1.0,11.0,5.0,8.0,1.0,1.0,6.0,0.0,0.0,0.0,0.0,0.0,4.0,0.0,0.0,0.0,0.0,85.16,42.86,0.0,100.0,0.0,37.93,0.0,100.0,0.0,0.046601697984898,0.0,3.0,0.05612477,1.0,12.0,8.0,0.1584367899999999,55.0,14.817073170731708,15.091463414634148,29.90853658536585,0.274390243902439,0.8231707317073171,0.0,0.0,0.0,0.274390243902439,0.274390243902439,3.018292682926829,1.3719512195121952,2.1951219512195124,0.274390243902439,0.274390243902439,1.6463414634146345,0.0,0.0,0.0,0.0,0.0,1.0975609756097562,0.0,0.0,0.0,0.0,85.16,42.86,0.0,100.0,0.0,37.93,0.0,100.0,0.0,0.0127870512763439,0.0,0.8231707317073171,0.0154000893292682,0.274390243902439,3.292682926829269,2.1951219512195124,0.0434735094512194,15.091463414634148,DM/CM,26,34,26,19,12,6,7,18,24,24,21,57,94,22,41,76,37,18,28,41,22,43,43,51,51,51,41,12,37,88,22,15,9,97,7,21,19,32,24,35,38,22,18,24,32,29,26,12,9,6,7,18,21,21,12,65,97,21,38,74,37,18,28,41,22,50,43,51,51,51,41,12,37,88,22,15,9,97,7,21,19,32,21,26,35,21,15,24,Süper Lig
Eyüpspor,bmgtxgipsznlb1j20zwjti3xh,22nxw2a3w3cmhh1mdyvi2q1w4,C. Raux-Yao,Charles-André Raux Yao,24,Midfielder,France,Midfielder,57.0,65.0,120.0,10.0,377.0,10.0,2.0,4.0,2.0,8.0,8.0,28.0,2.0,3.0,6.0,5.0,1.0,2.0,2.0,2.0,0.0,1.0,18.0,0.0,0.0,0.0,0.0,86.33,66.67,33.33,62.5,25.0,53.85,18.18,33.33,0.3660737427410524,0.7107044363525268,1.0,17.0,0.36383343,5.0,17.0,14.0,0.4680372399999998,60.0,13.607427055702916,15.517241379310343,28.647214854111404,2.3872679045092835,2.3872679045092835,0.4774535809018567,0.9549071618037136,0.4774535809018567,1.909814323607427,1.909814323607427,6.684350132625994,0.4774535809018567,0.7161803713527851,1.4323607427055702,1.1936339522546418,0.2387267904509283,0.4774535809018567,0.4774535809018567,0.4774535809018567,0.0,0.2387267904509283,4.297082228116711,0.0,0.0,0.0,0.0,86.33,66.67,33.33,62.5,25.0,53.85,18.18,33.33,0.0873916096729302,0.1696641890496748,0.2387267904509283,4.058355437665782,0.0868567870026525,1.1936339522546418,4.058355437665782,3.342175066312997,0.1117330281167108,14.323607427055702,DM/CM,32,44,35,97,47,47,72,72,97,97,94,16,32,75,100,13,81,69,82,41,60,100,43,51,51,51,50,65,82,56,49,53,18,10,71,91,53,97,94,82,56,50,68,26,18,32,21,97,47,41,65,76,97,97,91,15,24,74,97,15,82,68,85,41,59,100,43,51,51,51,50,65,82,56,49,53,18,10,76,94,53,100,94,82,50,38,74,18,Süper Lig
Eyüpspor,bmgtxgipsznlb1j20zwjti3xh,36t3t3863x53d25qcgrto1vc9,K. Michalak,Konrad Michalak,28,Attacker,Poland,Striker,19.0,43.0,60.0,2.0,381.0,3.0,0.0,6.0,5.0,13.0,15.0,12.0,3.0,2.0,18.0,6.0,1.0,2.0,1.0,2.0,0.0,1.0,5.0,0.0,0.0,0.0,0.0,83.33,75.0,11.76,46.15,16.67,38.71,0.0,100.0,0.3841370735496717,0.156805489468411,2.0,4.0,0.16868869,0.0,1.0,1.0,0.11651051,17.0,4.488188976377953,10.15748031496063,14.173228346456693,0.4724409448818897,0.7086614173228346,0.0,1.4173228346456692,1.1811023622047243,3.070866141732284,3.543307086614173,2.8346456692913384,0.7086614173228346,0.4724409448818897,4.251968503937007,1.4173228346456692,0.2362204724409448,0.4724409448818897,0.2362204724409448,0.4724409448818897,0.0,0.2362204724409448,1.1811023622047243,0.0,0.0,0.0,0.0,83.33,75.0,11.76,46.15,16.67,38.71,0.0,100.0,0.0907410409959854,0.0370406668035616,0.4724409448818897,0.9448818897637796,0.039847722047244,0.0,0.2362204724409448,0.2362204724409448,0.0275221677165354,4.015748031496063,RW,13,23,20,20,33,20,27,47,73,77,13,60,63,73,60,37,47,20,60,33,23,47,33,53,53,53,80,83,33,40,30,27,20,97,20,20,27,13,20,7,7,10,20,13,20,20,20,20,33,20,20,40,67,67,7,60,60,80,60,33,47,27,67,33,27,47,33,53,53,53,80,83,33,40,30,27,20,97,20,13,27,13,20,7,7,7,20,13,Süper Lig
Eyüpspor,bmgtxgipsznlb1j20zwjti3xh,49nhfe5zbad64dm3yna8nw7h1,B. Boutobba,Bilal Boutobba,28,Attacker,France,Striker,27.0,38.0,64.0,1.0,273.0,2.0,1.0,11.0,7.0,15.0,15.0,14.0,0.0,0.0,12.0,9.0,0.0,1.0,4.0,3.0,0.0,2.0,3.0,0.0,0.0,0.0,0.0,82.05,40.0,6.25,60.0,18.18,41.18,25.0,0.0,0.950917827862195,0.1183740961531308,5.0,12.0,0.28152,3.0,3.0,4.0,0.07120032,22.0,8.901098901098901,12.527472527472527,21.0989010989011,0.3296703296703296,0.6593406593406593,0.3296703296703296,3.6263736263736255,2.307692307692308,4.945054945054945,4.945054945054945,4.615384615384616,0.0,0.0,3.956043956043956,2.967032967032967,0.0,0.3296703296703296,1.3186813186813189,0.989010989010989,0.0,0.6593406593406593,0.989010989010989,0.0,0.0,0.0,0.0,82.05,40.0,6.25,60.0,18.18,41.18,25.0,0.0,0.3134893938007236,0.0390244273032299,1.6483516483516485,3.956043956043956,0.0928087912087912,0.989010989010989,0.989010989010989,1.3186813186813189,0.0234726329670329,7.252747252747253,RW,33,13,27,10,23,43,77,80,80,77,20,17,20,50,93,17,30,67,87,33,50,30,33,53,53,53,73,20,20,80,40,33,47,17,60,13,73,73,73,40,23,27,7,20,47,27,33,13,27,47,93,87,93,87,53,17,20,60,93,17,40,87,93,33,60,33,33,53,53,53,73,20,20,80,40,33,47,17,80,20,87,87,80,47,33,27,13,33,Süper Lig
Eyüpspor,bmgtxgipsznlb1j20zwjti3xh,4kpo70fwdpxraer1j1m1zlhey,C. Massanga,Chandrel Massanga,27,Midfielder,Congo,Midfielder,126.0,114.0,239.0,3.0,450.0,14.0,3.0,7.0,0.0,4.0,4.0,18.0,8.0,4.0,0.0,3.0,6.0,1.0,7.0,1.0,0.0,2.0,5.0,0.0,0.0,0.0,0.0,87.87,50.0,100.0,75.0,28.57,56.25,37.5,85.71,0.4286305668225558,0.2594304226872717,5.0,8.0,0.16084204,5.0,30.0,29.0,0.7499003300000001,152.0,25.2,22.8,47.8,0.6,2.8,0.6,1.4,0.0,0.8,0.8,3.6,1.6,0.8,0.0,0.6,1.2,0.2,1.4,0.2,0.0,0.4,1.0,0.0,0.0,0.0,0.0,87.87,50.0,100.0,75.0,28.57,56.25,37.5,85.71,0.0857261133645111,0.0518860845374543,1.0,1.6,0.0321684079999999,1.0,6.0,5.8,0.149980066,30.4,DM/CM,97,87,97,53,65,66,91,18,72,68,68,82,59,9,79,76,75,96,66,41,82,57,43,51,51,51,65,25,100,68,53,68,53,90,79,71,93,78,71,82,97,97,97,100,79,74,76,40,56,49,82,18,53,50,35,71,28,9,68,59,74,91,56,41,79,41,43,51,51,51,65,25,100,68,53,68,53,90,74,56,91,65,65,76,88,91,94,88,Süper Lig
Eyüpspor,bmgtxgipsznlb1j20zwjti3xh,59wstv80ln55vyuubbv4u54wk,David Costa,David José Soares Oliveira Furtado Costa,22,Midfielder,Cabo Verde,Midfielder,49.0,43.0,92.0,2.0,282.0,3.0,1.0,3.0,0.0,0.0,0.0,10.0,4.0,3.0,2.0,0.0,1.0,0.0,3.0,1.0,0.0,0.0,8.0,0.0,0.0,0.0,0.0,84.4,60.0,0.0,0.0,0.0,47.62,33.33,100.0,0.1871548081635937,0.0900185881410417,2.0,1.0,0.02756312,0.0,9.0,5.0,0.1002749499999999,35.0,15.638297872340424,13.72340425531915,29.361702127659576,0.6382978723404256,0.9574468085106383,0.3191489361702128,0.9574468085106383,0.0,0.0,0.0,3.191489361702128,1.2765957446808511,0.9574468085106383,0.6382978723404256,0.0,0.3191489361702128,0.0,0.9574468085106383,0.3191489361702128,0.0,0.0,2.5531914893617023,0.0,0.0,0.0,0.0,84.4,60.0,0.0,0.0,0.0,47.62,33.33,100.0,0.0597302579245511,0.0287293366407579,0.6382978723404256,0.3191489361702128,0.0087967404255319,0.0,2.872340425531915,1.5957446808510638,0.0320026436170212,11.170212765957446,DM/CM,21,19,18,37,12,22,53,18,7,7,12,35,32,38,12,13,37,82,66,41,22,79,43,51,51,51,35,51,37,12,22,32,43,97,38,32,76,10,12,13,22,13,9,15,38,18,24,44,15,29,68,18,7,7,21,62,44,41,12,18,37,82,71,41,22,91,43,51,51,51,35,51,37,12,22,32,43,97,44,35,79,9,9,13,29,12,9,15,Süper Lig
Eyüpspor,bmgtxgipsznlb1j20zwjti3xh,81egd7oua1lfq2j8lke5z0ueh,J. El Yamiq,Jawad El Yamiq,34,Defender,Morocco,Defender,111.0,56.0,167.0,2.0,405.0,22.0,6.0,8.0,7.0,1.0,1.0,13.0,18.0,6.0,10.0,1.0,2.0,0.0,1.0,1.0,0.0,2.0,2.0,0.0,0.0,0.0,0.0,86.08,57.89,0.0,100.0,25.0,61.9,66.67,50.0,0.8656272366821114,0.0732167329300839,0.0,1.0,0.01935132,0.0,15.0,17.0,0.3524725099999998,103.0,24.666666666666668,12.444444444444445,37.11111111111112,0.4444444444444444,4.888888888888889,1.3333333333333333,1.7777777777777777,1.5555555555555556,0.2222222222222222,0.2222222222222222,2.888888888888889,4.0,1.3333333333333333,2.2222222222222223,0.2222222222222222,0.4444444444444444,0.0,0.2222222222222222,0.2222222222222222,0.0,0.4444444444444444,0.4444444444444444,0.0,0.0,0.0,0.0,86.08,57.89,0.0,100.0,25.0,61.9,66.67,50.0,0.1923616081515803,0.0162703850955742,0.0,0.2222222222222222,0.0043002933333333,0.0,3.333333333333333,3.7777777777777777,0.0783272244444444,22.88888888888889,CB,39,39,39,70,95,42,100,100,45,45,32,52,79,97,58,24,41,70,80,39,85,44,41,48,52,52,30,65,41,85,55,61,59,33,100,58,33,39,38,23,56,59,48,42,33,36,33,67,94,36,97,100,55,55,21,47,73,97,61,21,41,76,79,39,91,45,41,48,52,52,30,65,41,85,55,61,59,33,100,58,33,42,39,23,55,64,45,42,Süper Lig
Eyüpspor,bmgtxgipsznlb1j20zwjti3xh,96biphxqiig7j3tjpncib9l3o,T. Ülvan,Talha Ülvan,25,Defender,Türkiye,Defender,69.0,73.0,137.0,8.0,437.0,10.0,0.0,1.0,0.0,4.0,4.0,9.0,8.0,4.0,1.0,2.0,3.0,5.0,1.0,1.0,0.0,0.0,2.0,0.0,0.0,0.0,0.0,91.33,62.5,35.71,50.0,0.0,33.33,0.0,60.0,0.045115513643677,0.8659000939897439,1.0,10.0,0.22165444,5.0,17.0,19.0,0.6525854299999998,72.0,14.210526315789474,15.034324942791764,28.215102974828376,1.647597254004577,2.059496567505721,0.0,0.205949656750572,0.0,0.8237986270022883,0.8237986270022883,1.853546910755149,1.647597254004577,0.8237986270022883,0.205949656750572,0.4118993135011441,0.6178489702517163,1.0297482837528604,0.205949656750572,0.205949656750572,0.0,0.0,0.4118993135011441,0.0,0.0,0.0,0.0,91.33,62.5,35.71,50.0,0.0,33.33,0.0,60.0,0.009291524549041,0.1783318271374758,0.205949656750572,2.059496567505721,0.0456496558352402,1.0297482837528604,3.501144164759725,3.91304347826087,0.1343997453089244,14.828375286041192,RB/RCB,53,60,47,83,53,13,27,17,67,67,7,33,47,10,60,30,90,77,83,43,27,30,37,47,53,53,93,100,100,47,27,7,13,23,13,87,80,93,93,83,73,77,73,50,33,47,33,73,47,13,27,17,67,67,7,20,33,13,67,20,93,73,80,43,27,33,37,47,53,53,93,100,100,47,27,7,13,23,13,80,80,93,87,80,53,80,60,33,Süper Lig
Eyüpspor,bmgtxgipsznlb1j20zwjti3xh,9r28zj6fz3z8dzojktwambsut,Z. Jules,Zak Jules,29,Defender,Scotland,Defender,182.0,60.0,241.0,2.0,450.0,8.0,9.0,3.0,3.0,1.0,1.0,19.0,28.0,0.0,7.0,1.0,3.0,1.0,0.0,0.0,1.0,2.0,0.0,1.0,0.0,0.0,0.0,93.41,50.0,100.0,100.0,66.67,57.58,60.0,33.33,0.4282895622564687,0.1852520785822711,0.0,2.0,0.03682666,2.0,17.0,15.0,0.52724954,148.0,36.4,12.0,48.2,0.4,1.6,1.8,0.6,0.6,0.2,0.2,3.8,5.6,0.0,1.4,0.2,0.6,0.2,0.0,0.0,0.2,0.4,0.0,0.2,0.0,0.0,0.0,93.41,50.0,100.0,100.0,66.67,57.58,60.0,33.33,0.0856579124512937,0.0370504157164542,0.0,0.4,0.007365332,0.4,3.4,3.0,0.105449908,29.6,CB,76,48,67,70,38,67,59,74,45,45,56,86,3,92,58,52,86,32,33,89,85,8,91,48,52,52,85,41,98,85,91,48,47,11,76,79,33,52,45,80,73,55,82,64,61,33,58,62,21,56,48,61,41,41,45,77,3,82,52,35,85,32,33,82,74,8,88,48,52,52,85,41,98,85,91,48,47,11,58,70,33,47,45,71,59,52,70,61,Süper Lig
Eyüpspor,bmgtxgipsznlb1j20zwjti3xh,bdslzeqnm2a3o9yr1tsxuoydw,A. Abdullahi,Ahmed Abdullahi,22,Attacker,Nigeria,Striker,18.0,16.0,34.0,3.0,384.0,2.0,13.0,3.0,1.0,9.0,9.0,27.0,1.0,1.0,12.0,4.0,2.0,0.0,2.0,1.0,1.0,1.0,9.0,0.0,0.0,0.0,0.0,70.83,66.67,0.0,44.44,33.33,43.55,44.83,100.0,0.2897191468090326,0.2011720475070499,2.0,1.0,0.02385149,3.0,1.0,2.0,0.0566192599999999,9.0,4.21875,3.75,7.96875,0.703125,0.46875,3.046875,0.703125,0.234375,2.109375,2.109375,6.328125,0.234375,0.234375,2.8125,0.9375,0.46875,0.0,0.46875,0.234375,0.234375,0.234375,2.109375,0.0,0.0,0.0,0.0,70.83,66.67,0.0,44.44,33.33,43.55,44.83,100.0,0.067902925033367,0.0471496986344648,0.46875,0.234375,0.00559019296875,0.703125,0.234375,0.46875,0.0132701390624999,2.109375,ST,41,11,26,37,48,87,4,4,70,70,93,26,48,37,69,70,26,41,30,43,13,80,35,52,52,52,33,61,26,50,50,56,52,89,7,33,39,15,11,65,19,22,15,22,33,4,19,37,41,81,4,4,67,67,81,24,48,22,67,70,26,41,22,37,7,74,35,52,52,52,33,61,26,50,50,56,52,89,4,37,37,11,11,56,15,22,15,4,Süper Lig
Eyüpspor,bmgtxgipsznlb1j20zwjti3xh,bwidvw0d22al8ohttylbvn28k,S. Giordano,Simone Giordano,24,Defender,Italy,Defender,49.0,59.0,103.0,6.0,272.0,6.0,1.0,2.0,0.0,2.0,2.0,12.0,8.0,0.0,1.0,2.0,1.0,5.0,2.0,0.0,0.0,0.0,7.0,0.0,0.0,0.0,0.0,85.83,37.5,33.33,100.0,0.0,60.0,0.0,50.0,0.0744013172159668,0.6736747601419224,1.0,5.0,0.1191361399999999,3.0,7.0,10.0,0.4942886299999999,58.0,16.21323529411765,19.522058823529413,34.080882352941174,1.9852941176470589,1.9852941176470589,0.3308823529411764,0.6617647058823529,0.0,0.6617647058823529,0.6617647058823529,3.9705882352941178,2.647058823529412,0.0,0.3308823529411764,0.6617647058823529,0.3308823529411764,1.6544117647058825,0.6617647058823529,0.0,0.0,0.0,2.3161764705882355,0.0,0.0,0.0,0.0,85.83,37.5,33.33,100.0,0.0,60.0,0.0,50.0,0.0246180829023419,0.2229070897528419,0.3308823529411764,1.6544117647058825,0.0394200463235293,0.9926470588235294,2.3161764705882355,3.308823529411765,0.1635513849264705,19.19117647058824,LB/LCB,33,62,33,95,36,19,50,24,36,36,29,40,7,24,62,14,98,79,36,40,29,90,43,48,52,52,62,33,79,95,29,76,10,40,43,90,60,57,52,62,29,38,57,33,52,76,62,100,52,19,52,24,43,43,43,62,7,24,71,19,100,95,36,40,29,95,43,48,52,52,62,33,79,95,29,76,10,40,43,100,71,62,57,67,43,43,81,62,Süper Lig
Fenerbahçe,8lroq0cbhdxj8124qtxwrhvmm,3fhoof7n4sjaizvotcmypb9at,Nélson Semedo,Nélson Cabral Semedo,32,Defender,Portugal,Defender,68.0,47.0,115.0,2.0,293.0,8.0,0.0,1.0,1.0,5.0,6.0,14.0,4.0,2.0,8.0,4.0,3.0,0.0,0.0,0.0,0.0,1.0,2.0,0.0,0.0,0.0,0.0,82.14,42.11,0.0,80.0,100.0,63.64,0.0,37.5,0.0736825491284683,0.1058962779785572,0.0,5.0,0.13328899,0.0,7.0,6.0,0.1850157,47.0,20.88737201365188,14.436860068259383,35.32423208191126,0.6143344709897611,2.4573378839590445,0.0,0.3071672354948805,0.3071672354948805,1.5358361774744027,1.843003412969284,4.300341296928328,1.2286689419795225,0.6143344709897611,2.4573378839590445,1.2286689419795225,0.9215017064846416,0.0,0.0,0.0,0.0,0.3071672354948805,0.6143344709897611,0.0,0.0,0.0,0.0,82.14,42.11,0.0,80.0,100.0,63.64,0.0,37.5,0.0226328649200073,0.0325278669558708,0.0,1.5358361774744027,0.0409420105802047,0.0,2.150170648464164,1.843003412969284,0.0568307610921501,14.436860068259383,RB/RCB,47,20,27,33,40,13,27,40,77,83,30,13,17,93,90,30,20,33,33,43,73,30,37,47,53,53,40,33,20,77,100,93,13,7,27,40,40,57,47,20,13,7,7,7,67,40,47,47,53,13,33,47,80,93,60,13,27,100,87,47,20,33,33,43,87,47,37,47,53,53,40,33,20,77,100,93,13,7,40,40,40,67,67,20,27,13,27,27,Süper Lig
Fenerbahçe,8lroq0cbhdxj8124qtxwrhvmm,3pwr7lqvo4o08c4nvzqpuue39,V. Muriqi,Vedat Muriqi,32,Attacker,Kosovo,Striker,24.0,30.0,54.0,3.0,256.0,3.0,8.0,12.0,11.0,1.0,1.0,16.0,2.0,0.0,14.0,1.0,0.0,0.0,1.0,0.0,2.0,7.0,7.0,1.0,0.0,0.0,0.0,81.82,75.0,0.0,100.0,58.33,41.03,40.0,0.0,1.6737543253685667,0.2799998969756558,1.0,3.0,0.0682155,2.0,5.0,5.0,0.2014525,18.0,8.4375,10.546875,18.984375,1.0546875,1.0546875,2.8125,4.21875,3.8671875,0.3515625,0.3515625,5.625,0.703125,0.0,4.921875,0.3515625,0.0,0.0,0.3515625,0.0,0.703125,2.4609375,2.4609375,0.3515625,0.0,0.0,0.0,81.82,75.0,0.0,100.0,58.33,41.03,40.0,0.0,0.5884292550123867,0.0984374637805039,0.3515625,1.0546875,0.0239820117187499,0.703125,1.7578125,1.7578125,0.0708231445312499,6.328125,ST,63,54,54,37,72,67,76,87,9,9,35,52,15,52,28,15,26,20,9,67,94,70,81,52,52,52,70,83,26,98,93,44,28,15,89,48,17,41,41,44,63,57,37,63,81,74,74,48,81,78,96,96,11,11,67,59,15,78,37,15,26,26,9,81,96,89,93,52,52,52,70,83,26,98,93,44,28,15,93,59,26,44,41,56,70,67,56,67,Süper Lig
Fenerbahçe,8lroq0cbhdxj8124qtxwrhvmm,4j1oq24pfi728zyl2zkpptpsl,M. Škriniar,Milan Skriniar,31,Defender,Slovakia,Defender,220.0,99.0,319.0,3.0,450.0,13.0,8.0,4.0,4.0,2.0,2.0,27.0,19.0,5.0,5.0,2.0,8.0,0.0,0.0,0.0,1.0,2.0,5.0,0.0,0.0,0.0,0.0,92.46,50.0,0.0,100.0,50.0,77.14,88.89,61.54,0.5047051702782253,0.1831761428721478,0.0,1.0,0.01935132,0.0,24.0,24.0,0.52587493,210.0,44.0,19.8,63.8,0.6,2.6,1.6,0.8,0.8,0.4,0.4,5.4,3.8,1.0,1.0,0.4,1.6,0.0,0.0,0.0,0.2,0.4,1.0,0.0,0.0,0.0,0.0,92.46,50.0,0.0,100.0,50.0,77.14,88.89,61.54,0.100941034055645,0.0366352285744295,0.0,0.2,0.003870264,0.0,4.8,4.8,0.105174986,42.0,CB,94,85,94,86,56,56,74,86,68,67,95,56,65,74,77,97,41,32,33,89,85,80,41,48,52,52,76,41,41,85,83,97,97,52,82,76,33,39,38,23,94,91,79,91,91,73,88,74,50,42,62,80,61,61,86,38,56,59,67,97,41,32,33,82,74,76,41,48,52,52,76,41,41,85,83,97,97,52,70,67,33,38,36,23,88,82,67,85,Süper Lig
Fenerbahçe,8lroq0cbhdxj8124qtxwrhvmm,59hf5uowq19ra4t40gjnco0ve,İ. Yüksek,Ismail Yüksek,27,Midfielder,Türkiye,Midfielder,55.0,49.0,104.0,2.0,205.0,5.0,2.0,7.0,2.0,2.0,2.0,20.0,0.0,2.0,2.0,2.0,7.0,0.0,5.0,3.0,0.0,3.0,4.0,0.0,0.0,0.0,0.0,87.39,50.0,0.0,100.0,42.86,50.0,25.0,58.33,0.8506268336628513,0.1764693959454328,5.0,3.0,0.06279657,1.0,9.0,9.0,0.17364543,62.0,24.14634146341464,21.51219512195122,45.65853658536586,0.8780487804878049,2.1951219512195124,0.8780487804878049,3.073170731707317,0.8780487804878049,0.8780487804878049,0.8780487804878049,8.78048780487805,0.0,0.8780487804878049,0.8780487804878049,0.8780487804878049,3.073170731707317,0.0,2.1951219512195124,1.3170731707317074,0.0,1.3170731707317074,1.7560975609756098,0.0,0.0,0.0,0.0,87.39,50.0,0.0,100.0,42.86,50.0,25.0,58.33,0.3734459269739347,0.0774743689516534,2.1951219512195124,1.3170731707317074,0.0275692258536585,0.4390243902439024,3.951219512195122,3.951219512195122,0.0762345790243902,27.21951219512196,DM/CM,29,26,24,37,22,47,91,72,40,40,74,3,12,38,66,85,37,88,93,41,94,43,43,51,51,51,59,25,37,88,81,47,26,53,100,53,93,32,38,35,22,29,21,29,74,65,59,59,38,71,100,91,65,59,100,3,35,56,88,100,37,100,97,41,100,74,43,51,51,51,59,25,37,88,81,47,26,53,100,74,100,50,50,47,47,65,35,79,Süper Lig
Fenerbahçe,8lroq0cbhdxj8124qtxwrhvmm,6kicom9a3lzp49urle78bevl6,M. Greenwood,Mason Greenwood,24,Attacker,England,Striker,46.0,118.0,160.0,8.0,360.0,9.0,0.0,19.0,13.0,12.0,12.0,17.0,0.0,2.0,27.0,6.0,0.0,4.0,6.0,7.0,2.0,5.0,9.0,1.0,0.0,0.0,0.0,81.63,60.0,36.36,50.0,26.32,54.84,0.0,0.0,1.498954218350987,0.6704470184689426,12.0,22.0,0.6121222199999999,13.0,17.0,25.0,0.92516342,76.0,11.5,29.5,40.0,2.0,2.25,0.0,4.75,3.25,3.0,3.0,4.25,0.0,0.5,6.75,1.5,0.0,1.0,1.5,1.75,0.5,1.25,2.25,0.25,0.0,0.0,0.0,81.63,60.0,36.36,50.0,26.32,54.84,0.0,0.0,0.3747385545877467,0.1676117546172356,3.0,5.5,0.1530305549999999,3.25,4.25,6.25,0.231290855,19.0,RW,67,100,93,70,73,20,100,93,60,43,40,17,63,93,60,17,67,97,100,90,87,80,77,53,53,53,67,67,87,53,60,80,20,17,93,67,100,93,93,100,87,87,80,93,73,100,100,73,73,20,100,100,60,53,33,17,67,93,67,17,67,100,100,93,87,80,73,53,53,53,67,67,87,53,60,80,20,17,93,67,100,100,100,100,93,93,93,93,Süper Lig
Fenerbahçe,8lroq0cbhdxj8124qtxwrhvmm,6za0ff4heyibetetkgor24xuy,O. Aydın,Oguz Aydin,25,Attacker,Türkiye,Striker,25.0,81.0,102.0,7.0,267.0,1.0,2.0,5.0,3.0,4.0,4.0,15.0,3.0,2.0,9.0,2.0,3.0,4.0,2.0,1.0,1.0,3.0,6.0,1.0,0.0,0.0,0.0,85.0,25.0,21.05,50.0,60.0,46.88,50.0,60.0,0.2724242848840999,0.7509973809273749,3.0,21.0,0.57482099,6.0,6.0,7.0,0.3778462599999999,47.0,8.42696629213483,27.30337078651685,34.38202247191011,2.359550561797753,0.3370786516853932,0.6741573033707865,1.6853932584269662,1.0112359550561798,1.348314606741573,1.348314606741573,5.056179775280898,1.0112359550561798,0.6741573033707865,3.033707865168539,0.6741573033707865,1.0112359550561798,1.348314606741573,0.6741573033707865,0.3370786516853932,0.3370786516853932,1.0112359550561798,2.02247191011236,0.3370786516853932,0.0,0.0,0.0,85.0,25.0,21.05,50.0,60.0,46.88,50.0,60.0,0.0918284106350898,0.2531451845822612,1.0112359550561798,7.078651685393258,0.1937598842696629,2.02247191011236,2.02247191011236,2.359550561797753,0.1273639078651685,15.842696629213483,ST,67,89,85,85,19,26,13,19,30,28,30,70,78,20,54,85,93,41,30,43,56,65,81,52,52,52,93,17,70,61,96,70,72,56,4,85,63,100,100,96,72,74,81,85,78,100,96,93,24,26,13,19,43,43,56,78,93,41,59,93,96,48,35,46,59,70,89,52,52,52,93,17,70,61,96,70,72,56,7,93,78,100,100,96,78,78,93,93,Süper Lig
Fenerbahçe,8lroq0cbhdxj8124qtxwrhvmm,7jn9kl5wq29d41ekc2fz2rs2d,N. Aké,Nathan Aké,31,Defender,Netherlands,Defender,205.0,98.0,303.0,0.0,450.0,11.0,4.0,2.0,2.0,0.0,0.0,11.0,11.0,3.0,3.0,0.0,3.0,0.0,0.0,0.0,0.0,1.0,2.0,0.0,0.0,0.0,0.0,94.39,57.89,0.0,0.0,50.0,40.74,26.67,60.0,0.2738728067069865,0.0,0.0,9.0,0.16160595,2.0,17.0,24.0,0.3889725299999999,205.0,41.0,19.6,60.6,0.0,2.2,0.8,0.4,0.4,0.0,0.0,2.2,2.2,0.6,0.6,0.0,0.6,0.0,0.0,0.0,0.0,0.2,0.4,0.0,0.0,0.0,0.0,94.39,57.89,0.0,0.0,50.0,40.74,26.67,60.0,0.0547745613413973,0.0,0.0,1.8,0.03232119,0.4,3.4,4.8,0.0777945059999999,41.0,CB,89,82,85,14,47,20,45,61,17,17,18,17,29,52,23,52,41,32,33,39,62,44,41,48,52,52,94,65,41,23,83,9,12,47,58,20,33,100,97,80,73,91,61,88,82,70,76,14,36,15,42,48,17,17,6,12,17,44,23,35,41,32,33,39,52,38,41,48,52,52,94,65,41,23,83,9,12,47,45,20,33,94,91,71,59,82,42,79,Süper Lig
Fenerbahçe,8lroq0cbhdxj8124qtxwrhvmm,8kz0e83d3azssd7unbk2lqt0q,A. Brown,Archie Brown,24,Defender,England,Defender,59.0,62.0,116.0,5.0,333.0,5.0,3.0,5.0,5.0,3.0,3.0,12.0,7.0,8.0,12.0,1.0,4.0,5.0,0.0,0.0,0.0,3.0,3.0,0.0,1.0,0.0,0.0,87.88,45.45,41.67,33.33,60.0,50.0,50.0,80.0,0.4899438902977311,0.7325429154651597,0.0,9.0,0.2018256,1.0,14.0,15.0,1.1494237800000002,74.0,15.945945945945946,16.756756756756754,31.35135135135135,1.351351351351351,1.351351351351351,0.8108108108108107,1.351351351351351,1.351351351351351,0.8108108108108107,0.8108108108108107,3.243243243243243,1.891891891891892,2.162162162162162,3.243243243243243,0.2702702702702702,1.081081081081081,1.351351351351351,0.0,0.0,0.0,0.8108108108108107,0.8108108108108107,0.0,0.2702702702702702,0.0,0.0,87.88,45.45,41.67,33.33,60.0,50.0,50.0,80.0,0.1324172676480354,0.1979845717473404,0.0,2.4324324324324325,0.0545474594594594,0.2702702702702702,3.783783783783784,4.0540540540540535,0.3106550756756757,20.0,LB/LCB,38,67,43,79,26,52,74,93,48,48,29,26,90,95,45,57,98,21,36,40,98,67,43,98,52,52,90,57,86,43,95,31,50,93,86,100,24,76,76,33,79,64,100,43,43,52,48,76,29,52,81,95,48,48,24,10,95,100,48,57,95,21,36,40,100,62,43,100,52,52,90,57,86,43,95,31,50,93,95,95,24,100,95,33,81,67,100,67,Süper Lig
Fenerbahçe,8lroq0cbhdxj8124qtxwrhvmm,am70epdl0361z5af8ahskcdsl,N. Kanté,N'Golo Kanté,35,Midfielder,France,Midfielder,93.0,106.0,199.0,4.0,364.0,5.0,1.0,3.0,1.0,3.0,4.0,21.0,4.0,5.0,2.0,3.0,10.0,0.0,2.0,1.0,0.0,0.0,2.0,0.0,0.0,0.0,0.0,91.28,55.56,0.0,100.0,0.0,70.0,0.0,66.67,0.2071958392362262,0.1168764665977541,2.0,8.0,0.1676754999999999,6.0,20.0,23.0,0.53597451,107.0,22.994505494505496,26.208791208791208,49.20329670329671,0.989010989010989,1.2362637362637363,0.2472527472527472,0.7417582417582418,0.2472527472527472,0.7417582417582418,0.989010989010989,5.1923076923076925,0.989010989010989,1.2362637362637363,0.4945054945054945,0.7417582417582418,2.4725274725274726,0.0,0.4945054945054945,0.2472527472527472,0.0,0.0,0.4945054945054945,0.0,0.0,0.0,0.0,91.28,55.56,0.0,100.0,0.0,70.0,0.0,66.67,0.0512297404704954,0.0288980274554886,0.4945054945054945,1.978021978021978,0.0414582280219779,1.4835164835164836,4.945054945054945,5.686813186813187,0.132521170054945,26.45604395604396,DM/CM,72,82,76,69,22,22,53,44,54,68,76,35,74,38,79,100,37,69,66,41,22,24,43,51,51,51,79,46,37,88,22,97,9,71,44,38,76,78,74,88,66,85,88,76,65,88,79,65,21,26,47,44,50,65,82,32,74,35,76,97,37,71,68,41,22,21,43,51,51,51,79,46,37,88,22,97,9,71,38,38,74,79,76,88,71,88,88,74,Süper Lig
Fenerbahçe,8lroq0cbhdxj8124qtxwrhvmm,asvqr3i5wcjiajxipt1qvldyh,M. Guendouzi,Mattéo Guendouzi,27,Midfielder,France,Midfielder,83.0,156.0,236.0,8.0,414.0,17.0,2.0,2.0,2.0,4.0,5.0,12.0,5.0,3.0,7.0,1.0,1.0,3.0,0.0,0.0,0.0,0.0,6.0,0.0,0.0,0.0,0.0,91.47,70.83,37.5,25.0,0.0,37.5,33.33,33.33,0.2999668543387118,0.7559777620246763,0.0,15.0,0.33988404,7.0,42.0,41.0,1.2320371499999998,133.0,18.043478260869566,33.913043478260875,51.30434782608696,1.7391304347826089,3.695652173913044,0.4347826086956522,0.4347826086956522,0.4347826086956522,0.8695652173913044,1.0869565217391306,2.608695652173913,1.0869565217391306,0.6521739130434783,1.5217391304347827,0.2173913043478261,0.2173913043478261,0.6521739130434783,0.0,0.0,0.0,0.0,1.3043478260869563,0.0,0.0,0.0,0.0,91.47,70.83,37.5,25.0,0.0,37.5,33.33,33.33,0.0652101857258069,0.1643429917444948,0.0,3.260869565217392,0.0738878347826087,1.5217391304347827,9.130434782608695,8.913043478260871,0.2678341630434782,28.91304347826087,DM/CM,62,100,94,93,84,47,34,72,72,81,31,57,32,87,41,13,88,18,28,41,22,68,43,51,51,51,88,76,85,29,22,12,43,10,65,94,19,91,91,93,100,100,100,88,44,100,82,91,68,38,32,68,62,71,9,53,21,79,26,6,85,18,28,41,22,59,43,51,51,51,88,76,85,29,22,12,43,10,56,88,19,91,91,91,100,100,100,85,Süper Lig
Fenerbahçe,8lroq0cbhdxj8124qtxwrhvmm,e0tqievwgo1fq8xlnqrxs6ymt,İ. Kahveci,Irfan Can Kahveci,31,Midfielder,Türkiye,Midfielder,27.0,36.0,61.0,2.0,208.0,4.0,1.0,3.0,2.0,3.0,3.0,13.0,1.0,0.0,6.0,2.0,6.0,2.0,1.0,1.0,0.0,1.0,2.0,1.0,0.0,0.0,0.0,81.33,66.67,25.0,66.67,33.33,50.0,0.0,75.0,0.2557898104919366,0.246302054607719,1.0,1.0,0.02122129,1.0,7.0,7.0,0.13644782,28.0,11.682692307692308,15.576923076923078,26.39423076923077,0.8653846153846154,1.7307692307692308,0.4326923076923077,1.2980769230769231,0.8653846153846154,1.2980769230769231,1.2980769230769231,5.625000000000001,0.4326923076923077,0.0,2.5961538461538463,0.8653846153846154,2.5961538461538463,0.8653846153846154,0.4326923076923077,0.4326923076923077,0.0,0.4326923076923077,0.8653846153846154,0.4326923076923077,0.0,0.0,0.0,81.33,66.67,25.0,66.67,33.33,50.0,0.0,75.0,0.1106782833859341,0.1065730043975707,0.4326923076923077,0.4326923076923077,0.0091822889423076,0.4326923076923077,3.028846153846154,3.028846153846154,0.0590399221153846,12.115384615384617,CM/AM,12,12,12,16,19,50,6,34,22,19,34,31,16,38,38,94,34,12,22,34,25,19,47,53,50,53,19,56,34,88,75,66,25,62,6,19,19,6,6,16,22,19,6,19,62,19,19,19,62,62,25,56,38,38,88,44,16,50,75,100,50,25,44,34,50,44,62,53,50,53,19,56,34,88,75,66,25,62,50,38,31,6,6,19,44,31,6,31,Süper Lig
Galatasaray,esa748l653sss1wurz5ps3228,1h5s7q9ezqulz6mvvc9981vc9,Y. Akgün,Yunus Akgün,26,Attacker,Türkiye,Striker,39.0,122.0,152.0,16.0,404.0,4.0,1.0,11.0,6.0,10.0,10.0,21.0,0.0,3.0,13.0,6.0,2.0,9.0,5.0,2.0,1.0,4.0,11.0,0.0,0.0,0.0,0.0,85.39,40.0,52.94,60.0,36.36,60.0,50.0,66.67,1.0196094282866892,1.5531198414624627,3.0,18.0,0.43892741,11.0,21.0,41.0,2.11208737,85.0,8.688118811881187,27.178217821782177,33.86138613861386,3.5643564356435644,0.8910891089108911,0.2227722772277227,2.4504950495049505,1.3366336633663367,2.227722772277228,2.227722772277228,4.678217821782178,0.0,0.6683168316831684,2.896039603960396,1.3366336633663367,0.4455445544554455,2.004950495049505,1.113861386138614,0.4455445544554455,0.2227722772277227,0.8910891089108911,2.4504950495049505,0.0,0.0,0.0,0.0,85.39,40.0,52.94,60.0,36.36,60.0,50.0,66.67,0.2271407142222822,0.3459920438901526,0.6683168316831684,4.00990099009901,0.0977808586633663,2.4504950495049505,4.678217821782178,9.133663366336634,0.4705145131188118,18.93564356435644,ST,94,100,100,100,83,17,69,48,85,83,74,7,93,44,85,70,100,91,54,43,63,96,35,52,52,52,96,31,93,74,59,93,72,61,52,100,63,94,89,100,100,100,100,100,85,96,93,100,70,15,63,41,74,70,44,7,85,26,78,63,100,78,48,33,56,85,35,52,52,52,96,31,93,74,59,93,72,61,44,100,44,93,89,100,100,100,100,100,Süper Lig
Galatasaray,esa748l653sss1wurz5ps3228,1wynwp4x95o9w5tt4cdog6i1,V. Osimhen,Victor Osimhen,27,Attacker,Nigeria,Striker,6.0,21.0,26.0,4.0,303.0,0.0,18.0,35.0,32.0,4.0,4.0,24.0,4.0,1.0,44.0,1.0,0.0,1.0,3.0,6.0,6.0,16.0,5.0,2.0,0.0,0.0,0.0,86.67,0.0,33.33,25.0,45.71,52.17,60.0,0.0,4.898902438929838,0.5355531026822528,3.0,4.0,0.14895795,0.0,0.0,0.0,0.38903323,8.0,1.7821782178217822,6.237623762376238,7.722772277227722,1.188118811881188,0.0,5.346534653465347,10.396039603960396,9.504950495049505,1.188118811881188,1.188118811881188,7.128712871287129,1.188118811881188,0.297029702970297,13.069306930693068,0.297029702970297,0.0,0.297029702970297,0.8910891089108911,1.7821782178217822,1.7821782178217822,4.752475247524752,1.4851485148514851,0.594059405940594,0.0,0.0,0.0,86.67,0.0,33.33,25.0,45.71,52.17,60.0,0.0,1.4551195363157934,0.1590751790145305,0.8910891089108911,1.188118811881188,0.0442449356435643,0.0,0.0,0.0,0.1155544247524752,2.376237623762376,ST,11,19,15,52,6,94,100,100,30,28,89,80,48,100,28,15,59,57,96,98,100,57,98,52,52,52,100,6,81,28,81,85,93,15,100,74,63,48,56,9,6,6,85,13,11,26,15,56,6,96,100,100,33,33,89,81,59,100,30,15,67,59,100,100,100,59,96,52,52,52,100,6,81,28,81,85,93,15,100,78,74,56,70,9,6,6,89,15,Süper Lig
Galatasaray,esa748l653sss1wurz5ps3228,4603xrdk721lqhd1ejn62x5n9,L. Sané,Leroy Sané,30,Attacker,Germany,Striker,23.0,51.0,74.0,4.0,226.0,4.0,0.0,6.0,3.0,12.0,13.0,10.0,0.0,0.0,10.0,8.0,1.0,0.0,3.0,1.0,0.0,3.0,1.0,0.0,0.0,0.0,0.0,85.06,80.0,0.0,66.67,50.0,50.0,0.0,100.0,0.4918640611715062,0.3966419428114806,3.0,6.0,0.1544650399999999,3.0,8.0,6.0,0.2197790399999999,34.0,9.15929203539823,20.309734513274336,29.469026548672566,1.592920353982301,1.592920353982301,0.0,2.3893805309734515,1.1946902654867255,4.778761061946903,5.176991150442478,3.982300884955752,0.0,0.0,3.982300884955752,3.185840707964602,0.3982300884955752,0.0,1.1946902654867255,0.3982300884955752,0.0,1.1946902654867255,0.3982300884955752,0.0,0.0,0.0,0.0,85.06,80.0,0.0,66.67,50.0,50.0,0.0,100.0,0.1958750686081219,0.1579547559868728,1.1946902654867255,2.3893805309734515,0.0615126265486725,1.1946902654867255,3.185840707964602,2.3893805309734515,0.0875226265486725,13.539823008849558,RW,27,37,33,30,43,20,27,27,60,63,7,17,20,33,83,37,10,47,30,33,67,10,33,53,53,53,90,93,10,93,83,70,20,97,27,47,40,23,13,40,60,33,33,47,53,80,73,53,60,20,60,47,87,100,13,17,20,67,100,40,10,73,40,33,80,13,33,53,53,53,90,93,10,93,83,70,20,97,47,60,67,53,53,67,80,47,47,80,Süper Lig
Galatasaray,esa748l653sss1wurz5ps3228,4k0ni039sbjs4sqipk4v7k79x,D. Sánchez,Davinson Sánchez,30,Defender,Colombia,Defender,178.0,126.0,304.0,4.0,431.0,18.0,17.0,4.0,3.0,2.0,2.0,28.0,39.0,2.0,4.0,2.0,4.0,0.0,1.0,0.0,1.0,1.0,4.0,0.0,0.0,0.0,0.0,90.21,58.06,0.0,100.0,25.0,58.33,54.84,80.0,0.4802664432905928,0.2173624958493784,1.0,5.0,0.10027108,3.0,30.0,35.0,0.6110136999999998,218.0,37.16937354988399,26.31090487238979,63.48027842227378,0.8352668213457077,3.758700696055685,3.5498839907192576,0.8352668213457077,0.6264501160092808,0.4176334106728538,0.4176334106728538,5.846867749419954,8.14385150812065,0.4176334106728538,0.8352668213457077,0.4176334106728538,0.8352668213457077,0.0,0.2088167053364269,0.0,0.2088167053364269,0.2088167053364269,0.8352668213457077,0.0,0.0,0.0,0.0,90.21,58.06,0.0,100.0,25.0,58.33,54.84,80.0,0.1002876563715855,0.0453889202469699,0.2088167053364269,1.0440835266821349,0.0209382765661252,0.6264501160092808,6.264501160092808,7.308584686774942,0.1275898677494199,45.52204176334107,CB,70,97,88,95,76,97,74,74,68,67,100,97,15,64,77,77,41,70,33,89,62,71,41,48,52,52,61,70,41,85,55,53,39,68,79,88,73,89,88,92,97,100,91,97,67,97,85,91,76,91,67,67,64,64,94,97,12,52,73,67,41,73,33,88,58,64,41,48,52,52,61,70,41,85,55,53,39,68,67,76,76,82,85,88,100,100,85,91,Süper Lig
Galatasaray,esa748l653sss1wurz5ps3228,6q0iuwoa8olkezlg4vo04je5m,B. Yılmaz,Baris Alper Yilmaz,26,Attacker,Türkiye,Striker,21.0,69.0,87.0,7.0,400.0,4.0,9.0,9.0,7.0,11.0,11.0,23.0,0.0,2.0,26.0,1.0,2.0,3.0,2.0,1.0,0.0,1.0,11.0,0.0,0.0,0.0,0.0,79.82,57.14,20.0,9.09,11.11,41.82,52.94,100.0,0.8425064304334865,0.8250394838046334,3.0,13.0,0.4403135599999999,5.0,5.0,8.0,1.01030179,32.0,4.725,15.525,19.575,1.575,0.8999999999999999,2.025,2.025,1.575,2.475,2.475,5.175,0.0,0.4499999999999999,5.85,0.2249999999999999,0.4499999999999999,0.6749999999999999,0.4499999999999999,0.2249999999999999,0.0,0.2249999999999999,2.475,0.0,0.0,0.0,0.0,79.82,57.14,20.0,9.09,11.11,41.82,52.94,100.0,0.1895639468475344,0.1856338838560425,0.6749999999999999,2.925,0.0990705509999999,1.125,1.125,1.7999999999999998,0.22731790275,7.199999999999999,ST,54,81,81,85,83,76,54,63,93,91,85,7,78,96,28,70,85,41,30,17,13,96,35,52,52,52,63,48,61,11,4,52,81,89,44,96,63,89,93,91,63,78,96,78,44,81,81,78,74,67,37,56,78,78,59,7,70,89,15,67,78,37,19,17,4,93,35,52,52,52,63,48,61,11,4,52,81,89,30,89,48,89,93,81,52,70,96,78,Süper Lig
Galatasaray,esa748l653sss1wurz5ps3228,8rfgwq7hbi4a3imda845vdyvp,M. Lemina,Mario Lemina,33,Midfielder,Gabon,Midfielder,85.0,55.0,140.0,1.0,220.0,11.0,2.0,1.0,1.0,3.0,4.0,11.0,9.0,3.0,2.0,3.0,5.0,0.0,0.0,0.0,0.0,0.0,0.0,0.0,0.0,0.0,0.0,90.91,64.71,0.0,100.0,0.0,47.83,28.57,83.33,0.1150787393173416,0.0,0.0,3.0,0.05683668,1.0,10.0,9.0,0.1932355799999999,88.0,34.77272727272727,22.5,57.27272727272727,0.409090909090909,4.5,0.8181818181818181,0.409090909090909,0.409090909090909,1.227272727272727,1.6363636363636362,4.5,3.6818181818181817,1.227272727272727,0.8181818181818181,1.227272727272727,2.0454545454545454,0.0,0.0,0.0,0.0,0.0,0.0,0.0,0.0,0.0,0.0,90.91,64.71,0.0,100.0,0.0,47.83,28.57,83.33,0.047077666084367,0.0,0.0,1.227272727272727,0.023251369090909,0.409090909090909,4.090909090909091,3.6818181818181817,0.079050919090909,36.0,DM/CM,65,34,53,19,56,47,21,44,54,68,21,90,32,38,79,66,37,18,28,41,22,4,43,51,51,51,71,59,37,88,22,35,34,85,24,6,19,32,26,35,31,29,29,65,100,71,94,29,88,68,26,56,78,91,62,97,71,50,100,88,37,18,28,41,22,4,43,51,51,51,71,59,37,88,22,35,34,85,35,6,19,47,38,44,53,49,41,100,Süper Lig
Galatasaray,esa748l653sss1wurz5ps3228,9bqv99e39z86mn7dq3wnyt90p,I. Jakobs,Ismail Jakobs,27,Defender,Senegal,Defender,44.0,58.0,100.0,5.0,314.0,3.0,8.0,2.0,1.0,0.0,0.0,14.0,7.0,0.0,6.0,0.0,2.0,2.0,1.0,1.0,0.0,0.0,1.0,1.0,0.0,0.0,0.0,86.96,42.86,13.33,0.0,0.0,73.68,88.89,40.0,0.1303495993153693,0.5104887184596816,1.0,5.0,0.18944159,5.0,8.0,12.0,0.3191556399999998,47.0,12.611464968152866,16.62420382165605,28.662420382165603,1.4331210191082802,0.8598726114649682,2.2929936305732483,0.5732484076433121,0.286624203821656,0.0,0.0,4.012738853503184,2.006369426751592,0.0,1.7197452229299364,0.0,0.5732484076433121,0.5732484076433121,0.286624203821656,0.286624203821656,0.0,0.0,0.286624203821656,0.286624203821656,0.0,0.0,0.0,86.96,42.86,13.33,0.0,0.0,73.68,88.89,40.0,0.0373613501222396,0.1463184224884437,0.286624203821656,1.4331210191082802,0.0542985449044585,1.4331210191082802,2.2929936305732483,3.4394904458598727,0.091477731210191,13.471337579617837,LB/LCB,24,55,29,79,14,81,50,52,12,12,50,26,7,67,19,29,64,52,79,40,29,17,93,48,52,52,81,52,38,19,29,95,100,24,52,76,60,57,71,76,38,52,33,24,10,48,29,81,10,95,48,52,12,12,52,14,7,67,19,33,62,57,86,40,29,19,95,48,52,52,81,52,38,19,29,95,100,24,52,76,62,57,90,86,38,52,33,19,Süper Lig
Galatasaray,esa748l653sss1wurz5ps3228,a86j56bn5wd6k9ut7ltf6whgq,Gabriel Sara,Gabriel Davi Gomes Sara,27,Midfielder,Brazil,Midfielder,56.0,133.0,176.0,18.0,402.0,7.0,3.0,15.0,3.0,7.0,7.0,8.0,4.0,2.0,11.0,2.0,1.0,13.0,12.0,3.0,2.0,5.0,1.0,2.0,0.0,1.0,0.0,84.21,58.33,33.33,28.57,33.33,29.63,60.0,50.0,1.1497538355307777,2.36398224619351,5.0,14.0,0.36567775,5.0,14.0,17.0,0.6978812,88.0,12.53731343283582,29.77611940298508,39.40298507462686,4.029850746268656,1.5671641791044777,0.6716417910447761,3.3582089552238803,0.6716417910447761,1.5671641791044777,1.5671641791044777,1.791044776119403,0.8955223880597015,0.4477611940298507,2.462686567164179,0.4477611940298507,0.2238805970149253,2.9104477611940296,2.686567164179104,0.6716417910447761,0.4477611940298507,1.1194029850746268,0.2238805970149253,0.4477611940298507,0.0,0.2238805970149253,0.0,84.21,58.33,33.33,28.57,33.33,29.63,60.0,50.0,0.2574075751188308,0.5292497566104873,1.1194029850746268,3.134328358208955,0.0818681529850746,1.1194029850746268,3.134328358208955,3.805970149253731,0.1562420597014925,19.70149253731343,CM/AM,69,81,75,94,56,78,97,59,66,66,12,84,56,56,38,16,94,100,75,100,94,12,84,53,100,53,50,38,56,25,75,6,75,38,100,100,94,81,81,56,53,69,56,75,69,81,69,94,44,81,94,50,69,69,6,81,50,44,25,19,94,100,69,100,88,12,75,53,100,53,50,38,56,25,75,6,75,38,94,100,81,81,81,50,50,50,56,69,Süper Lig
Galatasaray,esa748l653sss1wurz5ps3228,adwfwvdij6onaszluqocifahh,A. Bardakcı,Abdülkerim Bardakci,32,Defender,Türkiye,Defender,157.0,104.0,259.0,2.0,354.0,8.0,12.0,6.0,4.0,0.0,0.0,13.0,21.0,5.0,7.0,0.0,0.0,2.0,2.0,1.0,1.0,3.0,1.0,0.0,0.0,0.0,0.0,92.17,44.44,66.67,0.0,50.0,39.39,44.44,0.0,0.7069858217953314,0.1604373311748546,2.0,5.0,0.10463085,5.0,20.0,22.0,0.6114955999999997,165.0,39.91525423728814,26.440677966101696,65.84745762711864,0.5084745762711864,2.0338983050847457,3.050847457627119,1.5254237288135597,1.0169491525423728,0.0,0.0,3.305084745762712,5.338983050847458,1.2711864406779665,1.779661016949153,0.0,0.0,0.5084745762711864,0.5084745762711864,0.2542372881355932,0.2542372881355932,0.7627118644067797,0.2542372881355932,0.0,0.0,0.0,0.0,92.17,44.44,66.67,0.0,50.0,39.39,44.44,0.0,0.1797421580835588,0.0407891519936071,0.5084745762711864,1.2711864406779665,0.026601063559322,1.2711864406779665,5.084745762711865,5.593220338983051,0.1554649830508473,41.949152542372886,CB,61,91,76,70,38,85,94,86,17,17,32,64,65,92,23,3,95,85,80,89,97,24,41,48,52,52,73,33,94,23,83,6,18,3,94,70,88,89,91,100,83,83,94,76,73,100,91,70,33,88,91,94,17,17,36,73,70,94,23,3,94,82,82,91,97,27,41,48,52,52,73,33,94,23,83,6,18,3,97,73,85,88,88,100,91,91,97,82,Süper Lig
Galatasaray,esa748l653sss1wurz5ps3228,cp5hkhz2p2twjtiw8vphfv9hx,L. Torreira,Lucas Torreira,30,Midfielder,Uruguay,Midfielder,105.0,150.0,255.0,6.0,434.0,19.0,1.0,2.0,1.0,4.0,4.0,18.0,2.0,7.0,6.0,1.0,8.0,0.0,1.0,0.0,1.0,2.0,5.0,2.0,0.0,0.0,0.0,91.73,73.08,0.0,25.0,100.0,54.55,25.0,72.73,0.1798778746354094,0.3478428172068472,1.0,11.0,0.23717401,8.0,28.0,18.0,0.4835092499999999,148.0,21.7741935483871,31.10599078341014,52.88018433179724,1.2442396313364057,3.940092165898618,0.2073732718894009,0.4147465437788019,0.2073732718894009,0.8294930875576038,0.8294930875576038,3.7327188940092166,0.4147465437788019,1.4516129032258065,1.2442396313364057,0.2073732718894009,1.6589861751152075,0.0,0.2073732718894009,0.0,0.2073732718894009,0.4147465437788019,1.036866359447005,0.4147465437788019,0.0,0.0,0.0,91.73,73.08,0.0,25.0,100.0,54.55,25.0,72.73,0.0373018634036563,0.0721333031074107,0.2073732718894009,2.28110599078341,0.0491835504608294,1.6589861751152075,5.806451612903226,3.7327188940092166,0.1002668951612903,30.69124423963133,DM/CM,82,97,100,79,94,22,34,44,72,68,68,16,88,75,41,90,37,47,28,91,82,57,100,51,51,51,91,82,37,29,97,57,26,79,35,76,53,87,88,97,90,72,74,97,56,97,88,76,71,15,29,38,56,53,44,9,82,68,24,76,37,38,28,88,82,47,100,51,51,51,91,82,37,29,97,57,26,79,29,71,44,85,85,97,85,53,59,91,Süper Lig
Galatasaray,esa748l653sss1wurz5ps3228,dglkt5h4m18p1qcj2uhqymvv9,R. Sallai,Roland Sallai,29,Attacker,Hungary,Striker,83.0,115.0,189.0,12.0,426.0,14.0,9.0,10.0,7.0,3.0,4.0,24.0,16.0,7.0,8.0,1.0,5.0,9.0,3.0,2.0,1.0,2.0,6.0,0.0,0.0,0.0,0.0,86.3,58.33,39.13,33.33,20.0,58.54,75.0,62.5,1.08829209009618,1.06821977664055,3.0,11.0,0.24939016,12.0,26.0,29.0,1.2243122499999997,99.0,17.535211267605632,24.295774647887324,39.92957746478873,2.535211267605634,2.9577464788732395,1.9014084507042253,2.112676056338028,1.4788732394366195,0.6338028169014085,0.8450704225352113,5.070422535211268,3.380281690140845,1.4788732394366195,1.6901408450704225,0.2112676056338028,1.056338028169014,1.9014084507042253,0.6338028169014085,0.4225352112676056,0.2112676056338028,0.4225352112676056,1.267605633802817,0.0,0.0,0.0,0.0,86.3,58.33,39.13,33.33,20.0,58.54,75.0,62.5,0.2299208641048268,0.2256802345015246,0.6338028169014085,2.323943661971831,0.0526880619718309,2.535211267605634,5.492957746478873,6.126760563380282,0.2586575176056337,20.91549295774648,RW,100,93,100,93,93,100,63,80,7,7,77,100,97,17,7,83,97,47,60,73,50,53,33,53,53,53,100,60,93,13,50,100,100,63,67,80,40,63,53,93,100,93,100,100,100,87,93,93,87,93,53,60,7,7,73,100,100,13,7,80,93,40,47,73,40,53,33,53,53,53,100,60,93,13,50,100,100,63,60,80,33,47,40,93,100,87,100,100,Süper Lig
Gaziantep,2agzb2h4ppg7lfz9hn7eg1rqo,2oelg4qzc5due7w9ue0af26l1,M. Abena,Myenty Abena,31,Defender,Suriname,Defender,140.0,20.0,160.0,0.0,450.0,1.0,15.0,1.0,1.0,0.0,0.0,25.0,28.0,4.0,2.0,0.0,3.0,0.0,0.0,0.0,1.0,1.0,3.0,0.0,0.0,0.0,0.0,94.12,33.33,0.0,0.0,100.0,54.35,53.57,42.86,0.1338012288576326,0.0,0.0,0.0,0.0,0.0,1.0,1.0,0.08989981,87.0,28.0,4.0,32.0,0.0,0.2,3.0,0.2,0.2,0.0,0.0,5.0,5.6,0.8,0.4,0.0,0.6,0.0,0.0,0.0,0.2,0.2,0.6,0.0,0.0,0.0,0.0,94.12,33.33,0.0,0.0,100.0,54.35,53.57,42.86,0.0267602457715265,0.0,0.0,0.0,0.0,0.0,0.2,0.2,0.017979962,17.4,CB,48,6,36,14,3,89,24,35,17,17,89,86,48,38,23,52,41,32,33,89,62,59,41,48,52,52,91,11,41,23,98,42,33,21,33,20,33,18,18,23,9,11,6,36,42,6,27,14,3,82,20,26,17,17,80,77,39,36,23,35,41,32,33,82,52,55,41,48,52,52,91,11,41,23,98,42,33,21,27,20,33,18,18,23,9,9,6,24,Süper Lig
Gaziantep,2agzb2h4ppg7lfz9hn7eg1rqo,6coyybit0i45dhhx3iddfud49,U. Meleke,Ulrich Meleke,27,Midfielder,Côte d'Ivoire,Midfielder,155.0,56.0,210.0,1.0,438.0,18.0,7.0,4.0,4.0,5.0,5.0,21.0,22.0,16.0,6.0,4.0,7.0,1.0,0.0,1.0,0.0,1.0,4.0,0.0,0.0,0.0,0.0,85.02,52.94,100.0,80.0,25.0,51.22,46.67,100.0,0.419049102221954,0.0840519347990165,0.0,4.0,0.09075167,3.0,9.0,8.0,0.32256076,93.0,31.849315068493155,11.506849315068497,43.15068493150685,0.2054794520547945,3.6986301369863015,1.4383561643835618,0.8219178082191781,0.8219178082191781,1.0273972602739727,1.0273972602739727,4.315068493150685,4.52054794520548,3.2876712328767126,1.2328767123287672,0.8219178082191781,1.4383561643835618,0.2054794520547945,0.0,0.2054794520547945,0.0,0.2054794520547945,0.8219178082191781,0.0,0.0,0.0,0.0,85.02,52.94,100.0,80.0,25.0,51.22,46.67,100.0,0.0861059799086206,0.0172709455066472,0.0,0.8219178082191781,0.0186476034246575,0.6164383561643836,1.8493150684931507,1.6438356164383563,0.066279608219178,19.10958904109589,LM/LCM,100,60,100,20,100,100,30,80,40,40,70,100,100,20,50,100,50,30,50,50,40,40,40,60,60,60,60,40,100,100,50,40,80,90,80,20,20,20,20,60,80,40,60,100,100,20,100,20,100,80,20,40,40,40,60,100,100,20,40,100,40,30,40,50,20,40,40,60,60,60,60,40,100,100,50,40,80,90,20,20,20,20,20,40,40,20,40,100,Süper Lig
Gaziantep,2agzb2h4ppg7lfz9hn7eg1rqo,6svn9e7iwbxqd1gl7c3oxois4,V. Gidado,Victor Gidado,22,Midfielder,Nigeria,Midfielder,36.0,41.0,77.0,0.0,304.0,2.0,1.0,4.0,0.0,3.0,4.0,11.0,5.0,6.0,1.0,1.0,2.0,0.0,4.0,1.0,0.0,1.0,3.0,0.0,0.0,0.0,0.0,79.38,28.57,0.0,33.33,25.0,34.38,11.11,33.33,0.279151723150669,0.0,1.0,1.0,0.01935132,1.0,7.0,7.0,0.1181145099999999,44.0,10.657894736842104,12.138157894736842,22.79605263157895,0.0,0.5921052631578947,0.2960526315789473,1.1842105263157894,0.0,0.8881578947368421,1.1842105263157894,3.256578947368421,1.480263157894737,1.7763157894736843,0.2960526315789473,0.2960526315789473,0.5921052631578947,0.0,1.1842105263157894,0.2960526315789473,0.0,0.2960526315789473,0.8881578947368421,0.0,0.0,0.0,0.0,79.38,28.57,0.0,33.33,25.0,34.38,11.11,33.33,0.0826436022485533,0.0,0.2960526315789473,0.2960526315789473,0.0057290092105263,0.2960526315789473,2.0723684210526314,2.0723684210526314,0.0349681115131578,13.026315789473683,CM,50,50,50,50,50,75,50,50,50,75,50,50,100,50,50,50,75,75,75,75,100,50,75,75,75,75,50,50,75,50,100,50,100,50,50,50,50,50,50,50,50,50,50,50,50,50,50,50,50,100,50,50,100,100,50,100,100,50,50,50,75,100,100,75,100,50,75,75,75,75,50,50,75,50,100,50,100,50,50,50,50,50,50,50,50,50,50,50,Süper Lig
Gaziantep,2agzb2h4ppg7lfz9hn7eg1rqo,7nk0a34pfkkcvzo1ca9bl8sbu,D. Camara,Drissa Camara,24,Midfielder,Côte d'Ivoire,Midfielder,26.0,29.0,54.0,1.0,215.0,2.0,0.0,6.0,3.0,13.0,15.0,24.0,0.0,2.0,10.0,5.0,5.0,1.0,3.0,1.0,0.0,3.0,13.0,0.0,0.0,0.0,0.0,83.08,50.0,50.0,38.46,50.0,55.81,0.0,83.33,0.4877264270062768,0.0508356620802709,2.0,5.0,0.12736383,0.0,1.0,2.0,0.2874093299999999,25.0,10.883720930232558,12.13953488372093,22.6046511627907,0.4186046511627907,0.8372093023255814,0.0,2.511627906976744,1.255813953488372,5.441860465116279,6.279069767441861,10.046511627906977,0.0,0.8372093023255814,4.186046511627907,2.0930232558139537,2.0930232558139537,0.4186046511627907,1.255813953488372,0.4186046511627907,0.0,1.255813953488372,5.441860465116279,0.0,0.0,0.0,0.0,83.08,50.0,50.0,38.46,50.0,55.81,0.0,83.33,0.2041645508398367,0.0212800445917413,0.8372093023255814,2.0930232558139537,0.0533150916279069,0.0,0.4186046511627907,0.8372093023255814,0.1203108823255813,10.465116279069768,CM/AM,6,6,6,6,12,19,47,59,94,100,94,9,56,50,88,84,22,44,22,34,88,94,16,53,50,53,31,25,97,31,97,88,25,81,62,6,44,19,19,6,6,9,31,6,44,6,6,12,12,19,81,94,100,100,100,9,81,88,100,94,25,62,31,34,94,100,16,53,50,53,31,25,97,31,97,88,25,81,81,6,69,31,25,6,6,12,44,19,Süper Lig
Gaziantep,2agzb2h4ppg7lfz9hn7eg1rqo,ahrnav5hhvd8fy2h0h9h77ug9,D. Sorescu,Deian Sorescu,29,Defender,Romania,Defender,51.0,69.0,114.0,8.0,404.0,12.0,1.0,12.0,6.0,8.0,9.0,21.0,7.0,5.0,15.0,5.0,2.0,6.0,6.0,3.0,2.0,2.0,7.0,0.0,0.0,0.0,0.0,71.25,54.55,30.0,62.5,16.67,55.26,50.0,25.0,1.1595638619726814,0.9540013373448352,6.0,3.0,0.09904444,2.0,7.0,11.0,0.99769069,53.0,11.36138613861386,15.37128712871287,25.3960396039604,1.7821782178217822,2.6732673267326734,0.2227722772277227,2.6732673267326734,1.3366336633663367,1.7821782178217822,2.004950495049505,4.678217821782178,1.5594059405940597,1.113861386138614,3.341584158415841,1.113861386138614,0.4455445544554455,1.3366336633663367,1.3366336633663367,0.6683168316831684,0.4455445544554455,0.4455445544554455,1.5594059405940597,0.0,0.0,0.0,0.0,71.25,54.55,30.0,62.5,16.67,55.26,50.0,25.0,0.258318682122627,0.2125250503986019,1.3366336633663367,0.6683168316831684,0.0220643554455445,0.4455445544554455,1.5594059405940597,2.4504950495049505,0.222257826980198,11.806930693069306,RW,83,70,60,70,83,43,87,60,20,23,67,87,87,60,37,50,80,97,87,90,50,60,33,53,53,53,13,43,67,87,30,87,77,33,73,73,80,7,7,17,47,53,87,73,67,53,53,67,80,40,67,53,13,27,60,87,87,47,33,47,80,93,87,87,47,60,33,53,53,53,13,43,67,87,30,87,77,33,67,73,73,7,7,20,47,53,87,67,Süper Lig
Gaziantep,2agzb2h4ppg7lfz9hn7eg1rqo,b630wiid83tw53e325x2g0c0l,A. Maxim,Alexandru Maxim,36,Midfielder,Romania,Midfielder,101.0,127.0,217.0,16.0,393.0,35.0,0.0,6.0,1.0,6.0,6.0,16.0,1.0,0.0,1.0,4.0,4.0,11.0,5.0,4.0,0.0,1.0,3.0,2.0,0.0,0.0,0.0,87.5,74.47,45.83,66.67,16.67,48.48,0.0,44.44,0.4001886870035496,1.5289934454989424,2.0,13.0,0.2804203,6.0,27.0,30.0,1.11144634,126.0,23.129770992366414,29.083969465648856,49.694656488549626,3.664122137404581,8.01526717557252,0.0,1.3740458015267176,0.2290076335877862,1.3740458015267176,1.3740458015267176,3.664122137404581,0.2290076335877862,0.0,0.2290076335877862,0.9160305343511452,0.9160305343511452,2.5190839694656493,1.1450381679389314,0.9160305343511452,0.0,0.2290076335877862,0.6870229007633588,0.4580152671755725,0.0,0.0,0.0,87.5,74.47,45.83,66.67,16.67,48.48,0.0,44.44,0.0916462641992861,0.3501511707249486,0.4580152671755725,2.9770992366412217,0.0642183893129771,1.3740458015267176,6.183206106870229,6.870229007633588,0.2545296961832061,28.854961832061072,CM/AM,100,69,94,88,100,19,47,16,53,53,69,31,16,6,81,69,88,69,88,34,25,31,84,53,50,53,75,69,88,88,19,56,25,31,38,88,44,72,62,75,81,81,81,94,100,75,100,88,100,19,38,19,50,50,50,25,16,6,81,62,81,56,88,34,19,25,81,53,50,53,75,69,88,88,19,56,25,31,25,94,38,75,56,75,88,81,81,94,Süper Lig
Gaziantep,2agzb2h4ppg7lfz9hn7eg1rqo,d8v7fh30bn0rbhj0lgn1j17th,Luis Pérez,Luis Jesús Pérez Maqueda,31,Defender,Spain,Defender,128.0,76.0,203.0,1.0,450.0,21.0,3.0,1.0,1.0,1.0,2.0,19.0,27.0,3.0,1.0,1.0,6.0,1.0,0.0,0.0,0.0,0.0,8.0,0.0,0.0,0.0,0.0,85.29,55.26,20.0,100.0,0.0,52.78,27.27,85.71,0.1025168345149443,0.0362957568551187,0.0,1.0,0.02756312,2.0,10.0,12.0,0.24390615,72.0,25.6,15.2,40.6,0.2,4.2,0.6,0.2,0.2,0.2,0.4,3.8,5.4,0.6,0.2,0.2,1.2,0.2,0.0,0.0,0.0,0.0,1.6,0.0,0.0,0.0,0.0,85.29,55.26,20.0,100.0,0.0,52.78,27.27,85.71,0.0205033669029888,0.0072591513710237,0.0,0.2,0.005512624,0.4,2.0,2.4,0.0487812299999999,14.4,RB/RCB,87,67,93,20,90,40,27,40,27,40,73,100,33,10,37,77,47,33,33,43,27,87,37,47,53,53,53,73,60,93,27,47,27,80,47,20,40,10,13,50,27,47,20,50,80,53,80,20,87,40,17,33,20,33,47,93,20,7,27,60,40,33,33,43,27,73,37,47,53,53,53,73,60,93,27,47,27,80,27,20,40,7,7,50,20,33,7,20,Süper Lig
Gaziantep,2agzb2h4ppg7lfz9hn7eg1rqo,dvof4p3jx1gi6i9uelbmudl62,K. Kozłowski,Kacper Kozlowski,22,Midfielder,Poland,Midfielder,62.0,88.0,147.0,10.0,420.0,9.0,5.0,6.0,4.0,11.0,13.0,25.0,1.0,3.0,18.0,7.0,1.0,3.0,2.0,2.0,2.0,3.0,10.0,0.0,0.0,0.0,0.0,86.47,81.82,23.08,63.64,50.0,48.08,45.45,33.33,0.5769823992246378,0.8637053225433095,5.0,14.0,0.46389308,11.0,13.0,16.0,0.7488237599999998,73.0,13.285714285714285,18.857142857142858,31.5,2.142857142857143,1.9285714285714284,1.0714285714285714,1.2857142857142856,0.8571428571428571,2.357142857142857,2.7857142857142856,5.357142857142857,0.2142857142857142,0.6428571428571428,3.8571428571428568,1.5,0.2142857142857142,0.6428571428571428,0.4285714285714285,0.4285714285714285,0.4285714285714285,0.6428571428571428,2.142857142857143,0.0,0.0,0.0,0.0,86.47,81.82,23.08,63.64,50.0,48.08,45.45,33.33,0.1236390855481366,0.1850797119735663,1.0714285714285714,3.0,0.0994056599999999,2.357142857142857,2.7857142857142856,3.4285714285714284,0.1604622342857142,15.642857142857142,RM/RCM,33,100,67,100,50,100,100,100,100,100,100,33,33,100,100,33,100,100,100,100,100,100,50,67,67,67,100,100,100,33,67,100,100,33,100,100,100,100,100,100,67,67,67,67,33,100,67,100,67,100,100,100,100,100,100,33,33,100,100,33,100,100,100,100,100,100,50,67,67,67,100,100,100,33,67,100,100,33,100,100,100,100,100,100,33,67,67,67,Süper Lig
Gençlerbirliği,embqktr41hfzczc8uav1scmcn,2crf3grf6kbl06ol0bn3k006h,S. Koïta,Sékou Koita,26,Attacker,Mali,Striker,21.0,22.0,42.0,3.0,307.0,2.0,7.0,11.0,6.0,5.0,5.0,13.0,6.0,0.0,10.0,2.0,1.0,1.0,5.0,4.0,1.0,2.0,3.0,1.0,0.0,0.0,0.0,72.41,66.67,50.0,40.0,18.18,38.24,43.75,100.0,1.3181277322989775,0.2885205372454782,5.0,2.0,0.0440930999999999,2.0,5.0,5.0,0.15435554,16.0,6.156351791530945,6.449511400651466,12.31270358306189,0.8794788273615636,0.5863192182410424,2.052117263843648,3.224755700325733,1.7589576547231272,1.4657980456026058,1.4657980456026058,3.811074918566776,1.7589576547231272,0.0,2.931596091205212,0.5863192182410424,0.2931596091205212,0.2931596091205212,1.4657980456026058,1.1726384364820848,0.2931596091205212,0.5863192182410424,0.8794788273615636,0.2931596091205212,0.0,0.0,0.0,72.41,66.67,50.0,40.0,18.18,38.24,43.75,100.0,0.3864218107716872,0.0845825679221271,1.4657980456026058,0.5863192182410424,0.012926315960912,0.5863192182410424,1.4657980456026058,1.4657980456026058,0.0452508097719869,4.690553745928339,ST,54,24,44,37,48,56,69,48,50,48,20,85,15,28,54,44,59,91,85,43,37,31,81,52,52,52,37,61,89,43,19,26,43,89,67,52,89,30,30,44,63,57,33,43,63,30,41,44,52,70,70,63,52,48,33,89,15,30,56,52,59,96,85,41,41,37,85,52,52,52,37,61,89,43,19,26,43,89,81,52,89,33,33,48,63,56,33,52,Süper Lig
Gençlerbirliği,embqktr41hfzczc8uav1scmcn,5aj96k6qtm9x7jbsl5b4sarkk,O. Diabate,Ousmane Diabate,18,Midfielder,Guinea,Midfielder,88.0,64.0,152.0,3.0,420.0,16.0,3.0,8.0,2.0,4.0,4.0,22.0,11.0,5.0,3.0,3.0,9.0,0.0,6.0,2.0,1.0,3.0,2.0,1.0,0.0,0.0,0.0,83.52,55.17,0.0,75.0,37.5,48.89,75.0,64.29,0.552460538944602,0.1192972581814304,4.0,3.0,0.0917380399999999,0.0,13.0,12.0,0.2752340599999999,82.0,18.857142857142858,13.714285714285714,32.57142857142857,0.6428571428571428,3.4285714285714284,0.6428571428571428,1.7142857142857142,0.4285714285714285,0.8571428571428571,0.8571428571428571,4.714285714285714,2.357142857142857,1.0714285714285714,0.6428571428571428,0.6428571428571428,1.9285714285714284,0.0,1.2857142857142856,0.4285714285714285,0.2142857142857142,0.6428571428571428,0.4285714285714285,0.2142857142857142,0.0,0.0,0.0,83.52,55.17,0.0,75.0,37.5,48.89,75.0,64.29,0.1183844012024147,0.025563698181735,0.8571428571428571,0.6428571428571428,0.0196581514285714,0.0,2.7857142857142856,2.571428571428571,0.0589787271428571,17.57142857142857,DM/CM,68,41,57,53,76,66,97,72,72,68,81,97,74,51,79,96,37,91,82,91,94,24,91,51,51,51,29,41,37,68,76,44,85,65,97,41,88,32,50,13,43,40,47,56,50,15,38,47,65,56,91,65,59,56,71,88,56,44,71,85,37,88,79,91,91,18,91,51,51,51,29,41,37,68,76,44,85,65,91,29,88,21,35,13,26,26,24,41,Süper Lig
Gençlerbirliği,embqktr41hfzczc8uav1scmcn,61q0oiogz22nlytmstqmuxiax,O. Ülgün,Ogulcan Ulgun,28,Midfielder,Türkiye,Midfielder,31.0,71.0,102.0,3.0,383.0,10.0,6.0,4.0,4.0,0.0,0.0,13.0,9.0,2.0,9.0,0.0,1.0,0.0,0.0,0.0,1.0,2.0,5.0,1.0,0.0,0.0,0.0,79.07,52.63,0.0,0.0,50.0,37.14,35.29,50.0,0.4643676367057914,0.1195831542310051,0.0,5.0,0.12619114,3.0,29.0,24.0,0.4410251299999999,69.0,7.284595300261096,16.68407310704961,23.968668407310705,0.7049608355091384,2.349869451697128,1.4099216710182767,0.9399477806788512,0.9399477806788512,0.0,0.0,3.0548302872062663,2.114882506527416,0.4699738903394256,2.114882506527416,0.0,0.2349869451697128,0.0,0.0,0.0,0.2349869451697128,0.4699738903394256,1.174934725848564,0.2349869451697128,0.0,0.0,0.0,79.07,52.63,0.0,0.0,50.0,37.14,35.29,50.0,0.1091203323851729,0.0281004801065025,0.0,1.174934725848564,0.0296532704960835,0.7049608355091384,6.814621409921671,5.639686684073107,0.1036351480417754,16.21409921671018,DM/CM,6,53,21,53,47,93,72,97,7,7,43,90,12,97,12,13,37,18,28,91,82,57,91,51,51,51,9,35,37,12,87,9,50,35,88,44,19,54,56,59,94,88,65,44,3,35,9,50,44,91,62,94,7,7,18,85,9,88,12,12,37,18,28,97,85,53,94,51,51,51,9,35,37,12,87,9,50,35,88,32,19,41,53,59,94,82,65,29,Süper Lig
Gençlerbirliği,embqktr41hfzczc8uav1scmcn,74hu9pcq0b1z36871v3inexyi,Tiago Gouveia,Tiago Maria Antunes Gouveia,25,Attacker,Portugal,Striker,17.0,53.0,61.0,11.0,322.0,6.0,0.0,9.0,6.0,14.0,17.0,22.0,0.0,0.0,13.0,8.0,5.0,9.0,3.0,1.0,0.0,4.0,9.0,0.0,0.0,0.0,0.0,76.25,66.67,39.13,57.14,44.44,53.66,0.0,100.0,0.5694396553828971,1.379976517831634,6.0,13.0,0.3421978599999999,5.0,6.0,13.0,0.38607534,25.0,4.751552795031055,14.813664596273291,17.049689440993788,3.074534161490683,1.6770186335403725,0.0,2.5155279503105588,1.6770186335403725,3.913043478260869,4.751552795031055,6.149068322981366,0.0,0.0,3.633540372670807,2.2360248447204967,1.3975155279503104,2.5155279503105588,0.8385093167701863,0.2795031055900621,0.0,1.1180124223602483,2.5155279503105588,0.0,0.0,0.0,0.0,76.25,66.67,39.13,57.14,44.44,53.66,0.0,100.0,0.1591601521256544,0.3857077223753014,1.6770186335403725,3.633540372670807,0.0956453645962732,1.3975155279503104,1.6770186335403725,3.633540372670807,0.1079092565217391,6.987577639751552,LW,11,67,33,100,78,22,72,72,78,78,100,28,17,61,78,100,100,50,22,28,83,89,44,56,56,56,22,67,100,78,72,100,28,83,33,100,78,67,67,56,56,67,67,44,11,44,11,89,67,22,56,78,67,78,89,28,17,56,78,89,100,44,11,28,78,100,44,56,56,56,22,67,100,78,72,100,28,83,33,100,78,67,67,44,44,78,67,22,Süper Lig
Gençlerbirliği,embqktr41hfzczc8uav1scmcn,a38yzp61vlk5x7ib4yspxrx05,Pedro Pereira,Pedro Miguel Almeida Lopes Pereira,28,Defender,Portugal,Defender,101.0,82.0,181.0,3.0,450.0,13.0,7.0,0.0,0.0,3.0,3.0,19.0,19.0,8.0,2.0,2.0,7.0,2.0,0.0,0.0,0.0,0.0,0.0,0.0,0.0,0.0,0.0,84.98,52.0,25.0,66.67,0.0,48.72,58.33,70.0,0.0,0.2898262380933881,0.0,6.0,0.14998446,4.0,19.0,18.0,0.4194668399999999,91.0,20.2,16.4,36.2,0.6,2.6,1.4,0.0,0.0,0.6,0.6,3.8,3.8,1.6,0.4,0.4,1.4,0.4,0.0,0.0,0.0,0.0,0.0,0.0,0.0,0.0,0.0,84.98,52.0,25.0,66.67,0.0,48.72,58.33,70.0,0.0,0.0579652476186776,0.0,1.2,0.0299968919999999,0.8,3.8,3.6,0.0838933679999999,18.2,RB/RCB,73,80,77,47,73,70,7,17,60,57,73,60,93,23,60,90,67,33,33,43,27,10,37,47,53,53,47,60,70,63,27,40,67,47,7,47,40,70,60,70,87,67,40,87,60,67,53,40,67,60,7,17,60,57,47,60,93,23,57,73,60,33,33,43,27,10,37,47,53,53,47,60,70,63,27,40,67,47,7,47,40,47,47,67,73,60,40,60,Süper Lig
Gençlerbirliği,embqktr41hfzczc8uav1scmcn,ac9cogzo75g9qqbglhophwx5h,D. Goutas,Dimitrios Goutas,32,Defender,Greece,Defender,104.0,46.0,150.0,1.0,450.0,21.0,19.0,5.0,5.0,1.0,1.0,23.0,52.0,3.0,6.0,1.0,3.0,0.0,0.0,2.0,0.0,0.0,2.0,1.0,0.0,0.0,0.0,86.71,63.64,0.0,100.0,0.0,71.88,79.17,100.0,0.845868670549918,0.0,0.0,0.0,0.0,0.0,8.0,17.0,0.2438411,101.0,20.8,9.2,30.0,0.2,4.2,3.8,1.0,1.0,0.2,0.2,4.6,10.4,0.6,1.2,0.2,0.6,0.0,0.0,0.4,0.0,0.0,0.4,0.2,0.0,0.0,0.0,86.71,63.64,0.0,100.0,0.0,71.88,79.17,100.0,0.1691737341099836,0.0,0.0,0.0,0.0,0.0,1.6,3.4,0.04876822,20.2,CB,30,30,33,42,89,100,88,95,45,45,83,100,29,85,58,52,41,32,98,39,24,44,91,48,52,52,36,91,41,85,24,85,88,89,97,20,33,18,18,23,38,59,30,39,27,24,18,33,86,94,71,89,41,41,73,100,17,74,52,35,41,32,94,39,24,38,88,48,52,52,36,91,41,85,24,85,88,89,94,20,33,18,18,23,30,55,21,36,Süper Lig
Gençlerbirliği,embqktr41hfzczc8uav1scmcn,btjk8ghcrtzzc0q5iqf301vc9,A. Dursun,Abdurrahim Dursun,27,Defender,Türkiye,Defender,67.0,55.0,120.0,1.0,382.0,15.0,9.0,1.0,0.0,1.0,1.0,22.0,12.0,5.0,0.0,1.0,4.0,2.0,1.0,1.0,0.0,0.0,2.0,1.0,0.0,0.0,0.0,75.0,48.39,22.22,100.0,0.0,52.38,60.0,40.0,0.0452418860028156,0.1580796887500991,1.0,6.0,0.1653352599999999,1.0,15.0,17.0,0.5371920099999999,76.0,15.785340314136125,12.958115183246074,28.27225130890052,0.2356020942408377,3.534031413612565,2.1204188481675392,0.2356020942408377,0.0,0.2356020942408377,0.2356020942408377,5.183246073298429,2.8272251308900525,1.1780104712041886,0.0,0.2356020942408377,0.9424083769633508,0.4712041884816754,0.2356020942408377,0.2356020942408377,0.0,0.0,0.4712041884816754,0.2356020942408377,0.0,0.0,0.0,75.0,48.39,22.22,100.0,0.0,52.38,60.0,40.0,0.0106590830896685,0.0372439057264631,0.2356020942408377,1.4136125654450262,0.0389533335078533,0.2356020942408377,3.534031413612565,4.005235602094241,0.126563562565445,17.905759162303664,LB/LCB,48,45,52,26,95,88,33,24,26,26,79,69,71,10,45,57,64,52,79,40,29,40,93,48,52,52,10,67,62,95,29,38,71,24,29,38,60,67,62,33,86,79,67,52,38,29,24,24,90,86,33,24,24,24,86,71,62,10,43,43,57,48,81,40,29,43,90,48,52,52,10,67,62,95,29,38,71,24,29,38,52,52,52,29,76,62,62,52,Süper Lig
Gençlerbirliği,embqktr41hfzczc8uav1scmcn,c6gok3k7so5az0671dse0te51,A. Traoré,Adama Traoré,31,Attacker,Mali,Striker,34.0,82.0,116.0,6.0,438.0,5.0,3.0,8.0,3.0,12.0,12.0,26.0,6.0,1.0,19.0,6.0,4.0,0.0,5.0,1.0,1.0,5.0,11.0,0.0,0.0,0.0,0.0,77.33,41.67,0.0,50.0,62.5,50.0,60.0,66.67,0.5142334129612945,0.3805403394016555,7.0,23.0,0.64477185,7.0,3.0,10.0,0.31952948,37.0,6.986301369863014,16.84931506849315,23.83561643835617,1.2328767123287672,1.0273972602739727,0.6164383561643836,1.6438356164383563,0.6164383561643836,2.4657534246575343,2.4657534246575343,5.342465753424658,1.2328767123287672,0.2054794520547945,3.904109589041096,1.2328767123287672,0.8219178082191781,0.0,1.0273972602739727,0.2054794520547945,0.2054794520547945,1.0273972602739727,2.26027397260274,0.0,0.0,0.0,0.0,77.33,41.67,0.0,50.0,62.5,50.0,60.0,66.67,0.1056643999235536,0.0781932204249977,1.4383561643835618,4.726027397260275,0.1324873664383561,1.4383561643835618,0.6164383561643836,2.054794520547945,0.0656567424657534,7.602739726027398,RW,53,80,73,57,53,73,47,27,60,43,90,80,43,83,60,73,10,83,30,73,87,97,33,53,53,53,40,27,10,53,93,70,87,77,33,40,87,100,100,87,23,47,40,53,33,67,47,47,40,73,40,20,40,40,87,80,40,53,40,73,10,60,27,67,73,87,33,53,53,53,40,27,10,53,93,70,87,77,27,33,80,93,93,80,13,40,33,40,Süper Lig
Gençlerbirliği,embqktr41hfzczc8uav1scmcn,c6sgb9677j42ockfb1adcp17u,F. Tongya,Franco Tongya,24,Midfielder,Italy,Midfielder,42.0,58.0,99.0,6.0,428.0,2.0,3.0,7.0,4.0,8.0,8.0,19.0,3.0,1.0,17.0,4.0,2.0,1.0,3.0,2.0,1.0,3.0,6.0,0.0,0.0,0.0,0.0,86.84,100.0,50.0,50.0,42.86,61.29,0.0,33.33,1.2534992031847163,0.4495093059840601,2.0,6.0,0.43842459,1.0,9.0,9.0,0.22401473,39.0,8.83177570093458,12.19626168224299,20.8177570093458,1.2616822429906542,0.4205607476635514,0.6308411214953271,1.47196261682243,0.8411214953271028,1.6822429906542056,1.6822429906542056,3.9953271028037385,0.6308411214953271,0.2102803738317757,3.574766355140187,0.8411214953271028,0.4205607476635514,0.2102803738317757,0.6308411214953271,0.4205607476635514,0.2102803738317757,0.6308411214953271,1.2616822429906542,0.0,0.0,0.0,0.0,86.84,100.0,50.0,50.0,42.86,61.29,0.0,33.33,0.2635862810435151,0.0945229849031902,0.4205607476635514,1.2616822429906542,0.0921920866822429,0.2102803738317757,1.892523364485981,1.892523364485981,0.0471059011682243,8.200934579439252,LM/LCM,80,80,60,60,40,60,100,80,60,60,40,60,30,100,50,20,50,90,90,100,100,70,40,60,60,60,80,90,80,70,100,100,40,20,100,60,50,50,80,20,80,70,20,60,60,60,40,60,40,60,100,60,60,60,40,60,20,80,60,20,60,80,80,100,100,60,40,60,60,60,80,90,80,70,100,100,40,20,100,60,40,40,80,20,60,60,20,60,Süper Lig
Göztepe,cjbaf8s09qoa1n11r33gc560x,1spzg8s09btgq2dqadi53l7xm,T. Altıkardeş,Taha Altikardes,23,Defender,Türkiye,Defender,53.0,48.0,101.0,0.0,450.0,7.0,9.0,5.0,5.0,0.0,1.0,19.0,25.0,5.0,6.0,0.0,3.0,0.0,0.0,1.0,0.0,0.0,3.0,0.0,0.0,0.0,0.0,71.63,24.14,0.0,0.0,0.0,55.88,42.86,42.86,0.6475654778016576,0.0,0.0,3.0,0.14487768,0.0,8.0,9.0,0.2748572499999999,67.0,10.6,9.6,20.2,0.0,1.4,1.8,1.0,1.0,0.0,0.2,3.8,5.0,1.0,1.2,0.0,0.6,0.0,0.0,0.2,0.0,0.0,0.6,0.0,0.0,0.0,0.0,71.63,24.14,0.0,0.0,0.0,55.88,42.86,42.86,0.1295130955603315,0.0,0.0,0.6,0.028975536,0.0,1.6,1.8,0.0549714499999999,13.4,RB/RCB,20,27,13,10,33,83,90,97,10,20,73,83,60,73,13,30,20,33,83,43,27,50,37,47,53,53,7,7,20,13,27,67,47,13,87,10,40,37,53,20,20,27,33,27,13,13,7,10,27,80,80,93,10,13,47,73,47,60,13,13,20,33,67,43,27,40,37,47,53,53,7,7,20,13,27,67,47,13,87,10,40,33,40,20,13,7,20,7,Süper Lig
Göztepe,cjbaf8s09qoa1n11r33gc560x,3ybhdcmr7vbgtl6xbqsbobhpm,M. Bokélé,Malcom Bokélé,26,Defender,Cameroon,Defender,62.0,45.0,106.0,2.0,360.0,7.0,10.0,7.0,6.0,1.0,1.0,15.0,19.0,2.0,10.0,0.0,1.0,1.0,1.0,0.0,0.0,3.0,3.0,0.0,0.0,0.0,0.0,80.3,36.84,50.0,0.0,42.86,46.88,43.48,50.0,0.6342746525678327,0.1072305100801651,0.0,4.0,0.07414362,0.0,11.0,15.0,0.5510720599999996,82.0,15.5,11.25,26.5,0.5,1.75,2.5,1.75,1.5,0.25,0.25,3.75,4.75,0.5,2.5,0.0,0.25,0.25,0.25,0.0,0.0,0.75,0.75,0.0,0.0,0.0,0.0,80.3,36.84,50.0,0.0,42.86,46.88,43.48,50.0,0.1585686631419581,0.0268076275200412,0.0,1.0,0.018535905,0.0,2.75,3.75,0.1377680149999999,20.5,LB/LCB,43,33,38,40,48,98,95,100,26,26,60,90,38,83,19,14,40,52,36,40,98,67,43,48,52,52,19,29,95,19,90,24,43,40,100,33,24,43,33,12,60,64,71,76,33,19,14,43,43,100,100,100,29,29,38,90,33,86,19,14,38,52,36,40,95,52,43,48,52,52,19,29,95,19,90,24,43,40,100,33,24,38,33,12,52,57,67,71,Süper Lig
Göztepe,cjbaf8s09qoa1n11r33gc560x,4el0zmrld5xmp37ezad6oizv8,E. Yıldırım,Ege Yildirim,19,Defender,Türkiye,Defender,52.0,23.0,75.0,0.0,361.0,4.0,16.0,3.0,3.0,2.0,2.0,22.0,23.0,6.0,6.0,2.0,2.0,0.0,0.0,0.0,0.0,1.0,0.0,0.0,0.0,0.0,0.0,80.65,30.77,0.0,100.0,33.33,55.0,50.0,50.0,0.4242588766561055,0.0,0.0,0.0,0.0,0.0,5.0,4.0,0.1064188,49.0,12.96398891966759,5.734072022160665,18.698060941828256,0.0,0.997229916897507,3.988919667590028,0.7479224376731302,0.7479224376731302,0.4986149584487535,0.4986149584487535,5.484764542936288,5.734072022160665,1.4958448753462603,1.4958448753462603,0.4986149584487535,0.4986149584487535,0.0,0.0,0.0,0.0,0.2493074792243767,0.0,0.0,0.0,0.0,0.0,80.65,30.77,0.0,100.0,33.33,55.0,50.0,50.0,0.1057709110776994,0.0,0.0,0.0,0.0,0.0,1.2465373961218835,0.997229916897507,0.0265310027700831,12.21606648199446,CB,14,12,12,14,14,94,59,74,68,67,76,73,79,85,77,24,41,32,33,39,62,8,41,48,52,52,9,6,41,85,65,45,24,33,73,20,33,18,18,23,23,20,12,21,9,12,3,14,6,100,58,76,67,67,91,85,88,85,79,24,41,32,33,39,61,8,41,48,52,52,9,6,41,85,65,45,24,33,76,20,33,18,18,23,18,15,9,12,Süper Lig
Göztepe,cjbaf8s09qoa1n11r33gc560x,4zag4cvksx3e6lwea6pj51obu,Juan,Juan Santos da Silva,24,Attacker,Brazil,Striker,4.0,24.0,25.0,5.0,269.0,1.0,13.0,7.0,7.0,9.0,9.0,21.0,1.0,2.0,23.0,6.0,1.0,3.0,0.0,0.0,4.0,6.0,2.0,0.0,0.0,0.0,0.0,52.08,50.0,75.0,66.67,85.71,43.75,46.43,100.0,0.7528320950961537,0.5431805157077646,1.0,2.0,0.0580847399999999,0.0,1.0,5.0,0.3174253399999999,10.0,1.338289962825279,8.029739776951672,8.364312267657992,1.6728624535315986,0.3345724907063197,4.349442379182156,2.3420074349442377,2.3420074349442377,3.011152416356877,3.011152416356877,7.026022304832714,0.3345724907063197,0.6691449814126395,7.695167286245353,2.007434944237918,0.3345724907063197,1.003717472118959,0.0,0.0,1.338289962825279,2.007434944237918,0.6691449814126395,0.0,0.0,0.0,0.0,52.08,50.0,75.0,66.67,85.71,43.75,46.43,100.0,0.251876909139977,0.18173325804349,0.3345724907063197,0.6691449814126395,0.0194335561338289,0.0,0.3345724907063197,1.6728624535315986,0.1062017866171003,3.345724907063197,ST,7,33,11,69,19,87,39,63,70,70,74,26,78,87,85,44,85,6,9,89,85,20,35,52,52,52,7,41,100,85,100,59,56,89,37,78,17,30,37,9,19,57,67,26,7,41,22,81,19,93,56,74,93,93,85,33,89,96,96,56,89,6,9,93,93,26,35,52,52,52,7,41,100,85,100,59,56,89,48,85,15,37,37,9,19,63,78,37,Süper Lig
Göztepe,cjbaf8s09qoa1n11r33gc560x,6k08b81barjg5knx01lprtst0,Richard Akonnor,Richard Akonnor,22,Attacker,United Arab Emirates,Defender,27.0,32.0,54.0,3.0,249.0,3.0,4.0,4.0,2.0,12.0,14.0,14.0,2.0,4.0,6.0,3.0,4.0,5.0,2.0,2.0,0.0,1.0,3.0,0.0,0.0,0.0,0.0,85.71,100.0,29.41,25.0,25.0,46.67,80.0,100.0,0.2053680349851026,0.3007538837506203,3.0,9.0,0.2401552099999999,6.0,3.0,7.0,0.2996537099999999,23.0,9.759036144578314,11.566265060240964,19.518072289156628,1.0843373493975903,1.0843373493975903,1.4457831325301205,1.4457831325301205,0.7228915662650602,4.337349397590361,5.0602409638554215,5.0602409638554215,0.7228915662650602,1.4457831325301205,2.1686746987951806,1.0843373493975903,1.4457831325301205,1.8072289156626504,0.7228915662650602,0.7228915662650602,0.0,0.3614457831325301,1.0843373493975903,0.0,0.0,0.0,0.0,85.71,100.0,29.41,25.0,25.0,46.67,80.0,100.0,0.0742294102355792,0.1087062230423928,1.0843373493975903,3.253012048192771,0.0868030879518071,2.1686746987951806,1.0843373493975903,2.5301204819277108,0.108308569879518,8.313253012048193,LW,61,22,22,44,33,100,11,22,67,67,44,72,72,22,39,78,89,28,56,28,17,50,44,56,56,56,67,94,78,11,33,50,100,83,11,44,44,56,44,67,22,33,56,33,78,33,33,56,33,100,11,22,89,89,78,89,89,22,33,100,89,33,67,28,22,44,44,56,56,56,67,94,78,11,33,50,100,83,11,56,44,44,44,67,11,44,78,44,Süper Lig
Göztepe,cjbaf8s09qoa1n11r33gc560x,8knj5nb3wf1wvleqfbwcxbrsa,A. Kurtulan,Arda Kurtulan,23,Attacker,Türkiye,Striker,21.0,43.0,59.0,5.0,449.0,2.0,6.0,2.0,1.0,21.0,23.0,39.0,15.0,7.0,8.0,11.0,9.0,5.0,1.0,1.0,0.0,0.0,9.0,0.0,0.0,0.0,0.0,61.46,16.67,33.33,52.38,0.0,57.35,50.0,69.23,0.1514432522590041,0.56524061869268,1.0,7.0,0.18407226,3.0,6.0,8.0,0.38597317,31.0,4.20935412026726,8.619153674832962,11.826280623608016,1.0022271714922049,0.4008908685968819,1.2026726057906458,0.4008908685968819,0.2004454342984409,4.20935412026726,4.610244988864142,7.817371937639198,3.0066815144766146,1.4031180400890868,1.6035634743875278,2.2048997772828507,1.8040089086859687,1.0022271714922049,0.2004454342984409,0.2004454342984409,0.0,0.0,1.8040089086859687,0.0,0.0,0.0,0.0,61.46,16.67,33.33,52.38,0.0,57.35,50.0,69.23,0.0303561084706244,0.1132999012969737,0.2004454342984409,1.4031180400890868,0.0368964440979955,0.6013363028953229,1.2026726057906458,1.6035634743875278,0.0773665596881959,6.21380846325167,RW,20,23,13,43,23,87,10,10,100,100,100,93,97,17,100,100,73,20,30,33,7,80,33,53,53,53,7,7,80,67,7,93,77,87,7,60,17,33,33,40,40,40,53,37,13,13,13,27,20,87,7,7,80,80,100,93,93,7,87,100,73,7,20,33,7,67,33,53,53,53,7,7,80,67,7,93,77,87,7,47,13,20,13,27,40,33,40,27,Süper Lig
Göztepe,cjbaf8s09qoa1n11r33gc560x,8xr7cy8cy89qfxyi1n3egt82c,N. Miroshi,Novatus Miroshi,24,Defender,Tanzania,Defender,52.0,65.0,115.0,3.0,334.0,9.0,8.0,7.0,5.0,2.0,2.0,14.0,9.0,6.0,11.0,0.0,4.0,2.0,2.0,0.0,1.0,3.0,2.0,0.0,0.0,0.0,0.0,85.82,60.0,28.57,0.0,42.86,48.28,80.0,80.0,0.567646299384589,0.3075564407920031,2.0,2.0,0.04382219,1.0,15.0,18.0,0.3397401699999999,69.0,14.011976047904191,17.514970059880238,30.98802395209581,0.8083832335329341,2.4251497005988023,2.155688622754491,1.8862275449101795,1.3473053892215567,0.5389221556886228,0.5389221556886228,3.772455089820359,2.4251497005988023,1.616766467065868,2.964071856287425,0.0,1.0778443113772456,0.5389221556886228,0.5389221556886228,0.0,0.2694610778443114,0.8083832335329341,0.5389221556886228,0.0,0.0,0.0,0.0,85.82,60.0,28.57,0.0,42.86,48.28,80.0,80.0,0.152958583666506,0.0828744900337732,0.5389221556886228,0.5389221556886228,0.0118083745508982,0.2694610778443114,4.04191616766467,4.850299401197605,0.0915467523952095,18.59281437125749,CB,14,55,21,86,42,56,97,95,68,67,39,12,79,100,23,77,95,85,33,89,97,44,41,48,52,52,24,77,88,23,76,24,92,68,88,97,88,52,58,58,56,67,39,29,12,58,21,88,39,67,100,97,70,70,42,15,91,100,23,91,97,85,33,94,100,48,41,48,52,52,24,77,88,23,76,24,92,68,91,94,88,52,61,58,79,88,58,33,Süper Lig
Göztepe,cjbaf8s09qoa1n11r33gc560x,b0e2lq6wk1h5neb3d1ndr2hw4,Janderson,Janderson de Carvalho Costa,27,Attacker,Brazil,Striker,3.0,20.0,21.0,7.0,259.0,0.0,9.0,5.0,4.0,9.0,9.0,18.0,2.0,0.0,19.0,4.0,4.0,2.0,1.0,2.0,0.0,1.0,0.0,2.0,0.0,0.0,0.0,48.84,0.0,22.22,44.44,20.0,32.73,26.47,80.0,0.4690916222493315,0.7822264361136794,1.0,5.0,0.27142171,1.0,1.0,3.0,0.32374679,8.0,1.0424710424710424,6.94980694980695,7.297297297297297,2.4324324324324325,0.0,3.1274131274131274,1.7374517374517375,1.38996138996139,3.1274131274131274,3.1274131274131274,6.254826254826255,0.694980694980695,0.0,6.602316602316602,1.38996138996139,1.38996138996139,0.694980694980695,0.3474903474903475,0.694980694980695,0.0,0.3474903474903475,0.0,0.694980694980695,0.0,0.0,0.0,48.84,0.0,22.22,44.44,20.0,32.73,26.47,80.0,0.163004810820231,0.2718161361012785,0.3474903474903475,1.7374517374517375,0.0943164243243243,0.3474903474903475,0.3474903474903475,1.0424710424710424,0.1124988845559845,2.77992277992278,ST,4,15,4,85,6,76,13,30,70,70,54,52,15,70,69,94,74,20,54,17,13,6,98,52,52,52,4,6,74,50,24,15,19,74,22,93,17,61,85,24,19,35,74,13,4,33,4,96,6,85,19,48,96,96,78,56,15,93,81,96,81,22,67,17,15,6,100,52,52,52,4,6,74,50,24,15,19,74,26,96,22,74,85,26,22,41,85,26,Süper Lig
Göztepe,cjbaf8s09qoa1n11r33gc560x,bnuhd77idgslb5a3s2pdjil4a,Rhaldney,Rhaldney Norberto Simião Gomes,27,Midfielder,Brazil,Midfielder,58.0,85.0,133.0,9.0,343.0,6.0,5.0,4.0,2.0,3.0,3.0,16.0,0.0,5.0,4.0,2.0,4.0,10.0,2.0,1.0,1.0,2.0,3.0,0.0,0.0,0.0,0.0,84.71,75.0,50.0,66.67,50.0,57.14,62.5,66.67,0.4059175806934172,1.006420077757743,1.0,11.0,0.23480077,5.0,12.0,11.0,0.42657965,67.0,15.21865889212828,22.303206997084548,34.89795918367347,2.361516034985423,1.5743440233236152,1.3119533527696794,1.0495626822157436,0.5247813411078718,0.7871720116618076,0.7871720116618076,4.198250728862974,0.0,1.3119533527696794,1.0495626822157436,0.5247813411078718,1.0495626822157436,2.623906705539359,0.5247813411078718,0.2623906705539359,0.2623906705539359,0.5247813411078718,0.7871720116618076,0.0,0.0,0.0,0.0,84.71,75.0,50.0,66.67,50.0,57.14,62.5,66.67,0.1065089861877771,0.2640752390617985,0.2623906705539359,2.8862973760932946,0.0616095314868804,1.3119533527696794,3.1486880466472305,2.8862973760932946,0.1119305204081632,17.580174927113703,CM/AM,81,50,44,59,41,94,16,34,22,19,69,9,100,22,38,69,75,28,22,81,62,31,16,53,50,53,62,75,97,88,97,94,84,56,44,62,19,56,44,56,44,25,44,53,81,56,62,62,50,100,12,31,19,12,69,9,100,19,38,69,88,31,12,81,75,31,16,53,50,53,62,75,97,88,97,94,84,56,44,69,19,69,50,69,56,19,38,62,Süper Lig
Göztepe,cjbaf8s09qoa1n11r33gc560x,ec3wpvlzavcxng4gllnyb33e,André Henrique,André Henrique da Silva Martins,24,Attacker,Brazil,Striker,11.0,27.0,38.0,2.0,334.0,4.0,21.0,12.0,11.0,1.0,1.0,28.0,7.0,2.0,21.0,1.0,1.0,0.0,1.0,2.0,0.0,2.0,3.0,1.0,0.0,0.0,0.0,62.3,80.0,0.0,100.0,16.67,45.16,46.67,33.33,1.6666664210127673,0.0405927198346656,1.0,2.0,0.04534369,2.0,2.0,5.0,0.0949502999999999,16.0,2.964071856287425,7.275449101796407,10.239520958083832,0.5389221556886228,1.0778443113772456,5.658682634730539,3.2335329341317363,2.964071856287425,0.2694610778443114,0.2694610778443114,7.544910179640718,1.8862275449101795,0.5389221556886228,5.658682634730539,0.2694610778443114,0.2694610778443114,0.0,0.2694610778443114,0.5389221556886228,0.0,0.5389221556886228,0.8083832335329341,0.2694610778443114,0.0,0.0,0.0,62.3,80.0,0.0,100.0,16.67,45.16,46.67,33.33,0.4491017302130211,0.0109381580392811,0.2694610778443114,0.5389221556886228,0.0122183595808383,0.5389221556886228,0.5389221556886228,1.3473053892215567,0.0255854101796406,4.311377245508982,ST,22,46,37,20,83,100,76,87,9,9,96,93,78,80,28,44,26,20,54,17,37,31,81,52,52,52,11,93,26,98,11,67,61,30,85,11,17,30,33,44,31,57,26,43,19,37,33,26,89,100,74,93,7,7,100,93,74,85,26,48,26,15,52,17,33,30,81,52,52,52,11,93,26,98,11,67,61,30,85,11,11,30,30,44,30,52,19,44,Süper Lig
Kasımpaşa,4idg23egrrvtrbgrg7p5x7bwf,1g4vfcht64wug4ve22g0o4gt0,A. Karapo,Ayberk Karapo,22,Defender,Türkiye,Defender,36.0,27.0,63.0,0.0,261.0,4.0,4.0,4.0,1.0,2.0,2.0,23.0,14.0,1.0,1.0,1.0,10.0,0.0,3.0,2.0,0.0,1.0,7.0,0.0,0.0,0.0,0.0,79.75,57.14,0.0,50.0,25.0,74.19,66.67,90.91,0.2627449459603076,0.0,3.0,4.0,0.09429701,2.0,5.0,4.0,0.14810985,35.0,12.413793103448276,9.310344827586206,21.724137931034484,0.0,1.3793103448275863,1.3793103448275863,1.3793103448275863,0.3448275862068966,0.6896551724137931,0.6896551724137931,7.931034482758621,4.827586206896552,0.3448275862068966,0.3448275862068966,0.3448275862068966,3.4482758620689657,0.0,1.0344827586206895,0.6896551724137931,0.0,0.3448275862068966,2.413793103448276,0.0,0.0,0.0,0.0,79.75,57.14,0.0,50.0,25.0,74.19,66.67,90.91,0.0906017055035543,0.0,1.0344827586206895,1.3793103448275863,0.0325162103448275,0.6896551724137931,1.7241379310344829,1.3793103448275863,0.0510723620689655,12.06896551724138,CB,6,18,3,14,14,20,74,35,68,67,83,30,8,21,58,100,41,97,98,39,62,97,41,48,52,52,6,61,41,56,55,88,59,76,55,20,98,83,82,80,23,20,21,6,6,27,6,14,18,39,88,45,76,76,97,64,9,30,64,100,41,97,100,39,67,97,41,48,52,52,6,61,41,56,55,88,59,76,64,20,100,91,94,91,36,27,27,9,Süper Lig
Kasımpaşa,4idg23egrrvtrbgrg7p5x7bwf,1kd5ennjoqlieedduxuz6o8dm,A. Kol,Ali Yavuz Kol,25,Attacker,Türkiye,Striker,27.0,55.0,82.0,7.0,270.0,7.0,2.0,8.0,4.0,22.0,23.0,21.0,2.0,0.0,11.0,15.0,3.0,0.0,4.0,3.0,0.0,1.0,0.0,0.0,0.0,0.0,0.0,78.85,100.0,0.0,68.18,12.5,46.67,50.0,75.0,0.6229606674897417,0.468650201861812,2.0,22.0,0.6198105100000001,11.0,12.0,14.0,0.2843830699999999,34.0,9.0,18.33333333333333,27.33333333333333,2.333333333333333,2.333333333333333,0.6666666666666666,2.6666666666666665,1.3333333333333333,7.333333333333333,7.666666666666667,7.0,0.6666666666666666,0.0,3.6666666666666665,5.0,1.0,0.0,1.3333333333333333,1.0,0.0,0.3333333333333333,0.0,0.0,0.0,0.0,0.0,78.85,100.0,0.0,68.18,12.5,46.67,50.0,75.0,0.2076535558299138,0.1562167339539373,0.6666666666666666,7.333333333333333,0.2066035033333333,3.6666666666666665,4.0,4.666666666666667,0.0947943566666666,11.333333333333334,LW,61,78,78,72,89,56,50,39,100,100,83,72,17,33,100,50,28,72,78,28,17,11,44,56,56,56,33,94,28,100,11,50,78,56,44,67,17,89,78,94,78,78,44,67,67,67,78,78,89,56,67,33,100,100,100,67,17,67,100,67,28,67,78,28,11,11,44,56,56,56,33,94,28,100,11,50,78,56,44,78,11,89,89,100,100,89,44,78,Süper Lig
Kasımpaşa,4idg23egrrvtrbgrg7p5x7bwf,25wawsdczm69ctbpw5nn51kvd,A. Benedyczak,Adrian Benedyczak,25,Attacker,Poland,Striker,15.0,22.0,36.0,4.0,436.0,1.0,7.0,17.0,12.0,5.0,5.0,13.0,3.0,1.0,23.0,1.0,0.0,1.0,5.0,2.0,4.0,7.0,4.0,1.0,0.0,0.0,0.0,64.29,25.0,20.0,20.0,41.18,37.14,46.67,0.0,1.6140738410971212,0.4211709436007513,9.0,0.0,0.0,0.0,3.0,3.0,0.28759185,16.0,3.096330275229358,4.541284403669725,7.431192660550459,0.8256880733944955,0.2064220183486238,1.444954128440367,3.5091743119266057,2.4770642201834865,1.0321100917431194,1.0321100917431194,2.6834862385321103,0.6192660550458716,0.2064220183486238,4.747706422018349,0.2064220183486238,0.0,0.2064220183486238,1.0321100917431194,0.4128440366972477,0.8256880733944955,1.444954128440367,0.8256880733944955,0.2064220183486238,0.0,0.0,0.0,64.29,25.0,20.0,20.0,41.18,37.14,46.67,0.0,0.3331803800429837,0.0869389562478615,1.8577981651376148,0.0,0.0,0.0,0.6192660550458716,0.6192660550458716,0.0593652901376146,3.302752293577982,ST,33,24,33,52,19,56,96,96,50,48,20,70,48,87,28,15,59,91,54,89,94,46,81,52,52,52,15,17,61,17,74,22,61,15,78,63,100,6,6,9,43,35,56,43,22,7,11,41,11,41,89,81,26,22,19,48,30,70,11,15,52,67,44,85,85,33,70,52,52,52,15,17,61,17,74,22,61,15,67,56,96,6,6,9,41,26,48,33,Süper Lig
Kasımpaşa,4idg23egrrvtrbgrg7p5x7bwf,2cq6ocr7j487do4nrm3sreg9h,K. Demirbay,Kerem Demirbay,33,Midfielder,Germany,Midfielder,69.0,70.0,136.0,3.0,339.0,10.0,4.0,3.0,2.0,2.0,2.0,13.0,6.0,4.0,2.0,1.0,2.0,3.0,1.0,0.0,0.0,1.0,3.0,0.0,0.0,0.0,0.0,85.53,55.56,21.43,50.0,33.33,48.15,50.0,40.0,0.2920166962420257,0.251587653738837,1.0,3.0,0.06271785,0.0,18.0,12.0,0.2685694099999999,66.0,18.31858407079646,18.58407079646018,36.10619469026549,0.7964601769911505,2.6548672566371683,1.0619469026548674,0.7964601769911505,0.5309734513274337,0.5309734513274337,0.5309734513274337,3.4513274336283186,1.592920353982301,1.0619469026548674,0.5309734513274337,0.2654867256637168,0.5309734513274337,0.7964601769911505,0.2654867256637168,0.0,0.0,0.2654867256637168,0.7964601769911505,0.0,0.0,0.0,0.0,85.53,55.56,21.43,50.0,33.33,48.15,50.0,40.0,0.0775265565244316,0.0667931824085408,0.2654867256637168,0.7964601769911505,0.0166507566371681,0.0,4.778761061946903,3.185840707964602,0.0713016132743362,17.52212389380531,DM/CM,46,50,50,53,47,76,53,72,40,40,43,76,59,38,41,29,88,47,28,41,60,34,43,51,51,51,47,46,74,50,65,40,72,19,62,68,53,32,35,13,60,40,44,40,47,50,44,53,50,76,50,79,38,38,26,68,53,38,32,26,88,47,28,41,62,32,43,51,51,51,47,46,74,50,65,40,72,19,65,62,56,24,29,13,65,29,32,38,Süper Lig
Kasımpaşa,4idg23egrrvtrbgrg7p5x7bwf,456ih9axhyygnymgp0516qmzt,G. Yalçın,Güven Yalçin,27,Attacker,Türkiye,Striker,19.0,30.0,49.0,5.0,305.0,2.0,6.0,7.0,3.0,10.0,10.0,20.0,1.0,1.0,8.0,6.0,2.0,0.0,4.0,1.0,2.0,2.0,4.0,0.0,0.0,0.0,0.0,68.06,33.33,0.0,60.0,28.57,51.28,54.55,50.0,0.6665901852256597,0.4783853020517126,4.0,4.0,0.16758213,4.0,2.0,3.0,0.33329953,21.0,5.606557377049181,8.852459016393443,14.459016393442624,1.475409836065574,0.5901639344262295,1.7704918032786885,2.065573770491804,0.8852459016393442,2.950819672131148,2.950819672131148,5.901639344262295,0.2950819672131147,0.2950819672131147,2.360655737704918,1.7704918032786885,0.5901639344262295,0.0,1.180327868852459,0.2950819672131147,0.5901639344262295,0.5901639344262295,1.180327868852459,0.0,0.0,0.0,0.0,68.06,33.33,0.0,60.0,28.57,51.28,54.55,50.0,0.1966987431813422,0.1411628760152594,1.180327868852459,1.180327868852459,0.0494504645901639,1.180327868852459,0.5901639344262295,0.8852459016393442,0.0983506809836065,6.19672131147541,ST,46,54,48,69,48,44,39,19,85,83,65,26,48,15,85,70,26,74,30,67,37,46,35,52,52,52,22,24,26,74,33,81,89,41,30,70,80,48,70,80,31,35,78,67,56,44,52,67,56,56,44,15,89,89,74,30,56,15,89,74,26,89,30,74,44,52,35,52,52,52,22,24,26,74,33,81,89,41,37,70,85,52,78,93,33,33,70,63,Süper Lig
Kasımpaşa,4idg23egrrvtrbgrg7p5x7bwf,5gc13odno30w98ib9ioqd1bmc,A. Arous,Adem Arous,22,Defender,Tunisia,Defender,109.0,21.0,130.0,1.0,361.0,7.0,7.0,1.0,1.0,0.0,0.0,12.0,30.0,3.0,3.0,0.0,4.0,0.0,0.0,0.0,0.0,0.0,1.0,1.0,0.0,0.0,0.0,84.97,41.18,0.0,0.0,0.0,66.67,70.0,100.0,0.1216385868478641,0.0,0.0,0.0,0.0,0.0,2.0,1.0,0.1079003899999999,72.0,27.174515235457065,5.235457063711912,32.40997229916898,0.2493074792243767,1.745152354570637,1.745152354570637,0.2493074792243767,0.2493074792243767,0.0,0.0,2.9916897506925206,7.479224376731302,0.7479224376731302,0.7479224376731302,0.0,0.997229916897507,0.0,0.0,0.0,0.0,0.0,0.2493074792243767,0.2493074792243767,0.0,0.0,0.0,84.97,41.18,0.0,0.0,0.0,66.67,70.0,100.0,0.0303254094634564,0.0,0.0,0.0,0.0,0.0,0.4986149584487535,0.2493074792243767,0.0269003742382271,17.950138504155124,CB,36,9,27,42,30,50,24,35,17,17,23,94,29,52,23,77,41,32,33,39,24,24,91,48,52,52,21,18,41,23,24,76,65,89,30,20,33,18,18,23,12,11,15,33,36,9,30,48,24,52,33,39,17,17,24,94,30,48,23,73,41,32,33,39,24,24,97,48,52,52,21,18,41,23,24,76,65,89,30,20,33,18,18,23,12,12,15,27,Süper Lig
Kasımpaşa,4idg23egrrvtrbgrg7p5x7bwf,6lxkawhg9z2jyh7u8d6hp3g15,A. Baldursson,Andri Baldursson,24,Midfielder,Iceland,Midfielder,35.0,33.0,68.0,1.0,319.0,3.0,6.0,1.0,0.0,1.0,1.0,22.0,17.0,4.0,1.0,1.0,6.0,0.0,1.0,0.0,0.0,1.0,5.0,0.0,0.0,0.0,0.0,78.16,33.33,0.0,100.0,100.0,55.0,75.0,60.0,0.0531932905522499,0.0363149134833924,1.0,2.0,0.03867417,0.0,7.0,4.0,0.08157129,34.0,9.87460815047022,9.310344827586208,19.184952978056423,0.2821316614420063,0.8463949843260189,1.6927899686520378,0.2821316614420063,0.0,0.2821316614420063,0.2821316614420063,6.206896551724138,4.7962382445141065,1.1285266457680252,0.2821316614420063,0.2821316614420063,1.6927899686520378,0.0,0.2821316614420063,0.0,0.0,0.2821316614420063,1.4106583072100314,0.0,0.0,0.0,0.0,78.16,33.33,0.0,100.0,100.0,55.0,75.0,60.0,0.0150075114410736,0.0102455868761922,0.2821316614420063,0.5642633228840126,0.0109112078369905,0.0,1.974921630094044,1.1285266457680252,0.0230138435736677,9.592476489028211,DM/CM,9,6,9,19,12,93,21,18,24,24,81,100,59,22,41,76,37,47,28,41,60,57,43,51,51,51,3,6,37,88,97,62,85,59,18,12,53,16,15,13,13,7,6,12,6,3,3,15,12,94,18,18,24,24,88,100,59,24,41,79,37,50,28,41,65,62,43,51,51,51,3,6,37,88,97,62,85,59,15,12,59,15,15,13,9,6,6,9,Süper Lig
Kasımpaşa,4idg23egrrvtrbgrg7p5x7bwf,6wfu6s6xo5zjeke21fgbouql0,J. Jessen,Jakob Jessen,22,Defender,Denmark,Defender,48.0,16.0,64.0,0.0,225.0,3.0,0.0,0.0,0.0,3.0,3.0,9.0,4.0,3.0,0.0,0.0,4.0,0.0,0.0,0.0,0.0,0.0,2.0,0.0,0.0,0.0,0.0,79.01,27.27,0.0,0.0,0.0,40.91,0.0,57.14,0.0,0.0,0.0,0.0,0.0,0.0,0.0,0.0,0.0,0.0,19.2,6.4,25.6,0.0,1.2,0.0,0.0,0.0,1.2,1.2,3.6,1.6,1.2,0.0,0.0,1.6,0.0,0.0,0.0,0.0,0.0,0.8,0.0,0.0,0.0,0.0,79.01,27.27,0.0,0.0,0.0,40.91,0.0,57.14,0.0,0.0,0.0,0.0,0.0,0.0,0.0,0.0,0.0,0.0,LB/LCB,29,5,10,10,14,7,14,24,48,48,12,5,50,10,19,57,17,21,36,40,29,40,43,48,52,52,14,10,17,19,29,5,10,52,14,14,24,10,10,12,7,7,7,7,67,10,10,10,21,7,14,24,62,60,33,5,67,10,19,76,17,21,36,40,29,57,43,48,52,52,14,10,17,19,29,5,10,52,14,14,24,10,10,12,7,7,7,7,Süper Lig
Kasımpaşa,4idg23egrrvtrbgrg7p5x7bwf,8q4m06v3yfsq2iza942ezaxud,Cláudio Winck,Cláudio Winck Neto,32,Defender,Brazil,Defender,58.0,54.0,112.0,6.0,445.0,10.0,7.0,9.0,3.0,6.0,6.0,30.0,25.0,6.0,3.0,4.0,7.0,0.0,6.0,1.0,0.0,2.0,8.0,2.0,0.0,0.0,0.0,77.78,34.48,0.0,66.67,22.22,58.82,53.85,63.64,0.6964870499088502,0.5112477089493284,5.0,3.0,0.06010404,1.0,13.0,17.0,0.5107886599999999,71.0,11.730337078651685,10.92134831460674,22.651685393258425,1.2134831460674156,2.02247191011236,1.4157303370786516,1.820224719101124,0.6067415730337078,1.2134831460674156,1.2134831460674156,6.067415730337078,5.056179775280898,1.2134831460674156,0.6067415730337078,0.8089887640449438,1.4157303370786516,0.0,1.2134831460674156,0.2022471910112359,0.0,0.4044943820224719,1.6179775280898876,0.4044943820224719,0.0,0.0,0.0,77.78,34.48,0.0,66.67,22.22,58.82,53.85,63.64,0.1408625494197674,0.1033984130459315,1.0112359550561798,0.6067415730337078,0.0121558732584269,0.2022471910112359,2.629213483146067,3.438202247191011,0.1033055716853932,14.359550561797752,RB/RCB,27,33,20,67,53,70,100,87,87,83,93,83,77,37,90,90,20,100,83,43,100,87,100,47,53,53,20,20,20,63,60,80,60,33,100,60,100,37,27,40,57,57,60,37,20,20,13,53,40,67,100,73,73,73,93,80,80,33,80,80,20,100,73,43,100,80,100,47,53,53,20,20,20,63,60,80,60,33,100,60,100,40,27,40,47,53,47,13,Süper Lig
Kasımpaşa,4idg23egrrvtrbgrg7p5x7bwf,930lzmqz2ha2bjtfyb8f677ys,Elson Mendes,Elson Mendes da Silva,20,Midfielder,Cabo Verde,Midfielder,47.0,43.0,89.0,7.0,297.0,7.0,2.0,3.0,2.0,5.0,6.0,14.0,2.0,3.0,7.0,1.0,0.0,1.0,1.0,0.0,0.0,1.0,9.0,1.0,0.0,0.0,0.0,80.18,63.64,50.0,20.0,33.33,46.67,50.0,0.0,0.2425702384337466,0.5598107087821765,2.0,6.0,0.13434329,1.0,9.0,11.0,0.51167248,49.0,14.242424242424244,13.030303030303031,26.96969696969697,2.121212121212121,2.121212121212121,0.6060606060606061,0.9090909090909092,0.6060606060606061,1.5151515151515151,1.8181818181818183,4.242424242424242,0.6060606060606061,0.9090909090909092,2.121212121212121,0.303030303030303,0.0,0.303030303030303,0.303030303030303,0.0,0.0,0.303030303030303,2.7272727272727275,0.303030303030303,0.0,0.0,0.0,80.18,63.64,50.0,20.0,33.33,46.67,50.0,0.0,0.073506132858711,0.1696396087218717,0.6060606060606061,1.8181818181818183,0.0407100878787878,0.303030303030303,2.7272727272727275,3.333333333333333,0.1550522666666666,14.84848484848485,DM/CM,18,19,15,85,31,47,53,72,84,88,51,16,32,87,41,3,75,47,28,41,60,88,91,51,51,51,12,56,93,24,65,29,72,3,47,88,76,62,62,35,22,35,79,19,26,12,18,94,35,53,59,85,91,94,59,18,38,91,47,3,76,56,28,41,71,94,97,51,51,51,12,56,93,24,65,29,72,3,59,91,76,76,74,29,21,35,97,21,Süper Lig
Kasımpaşa,4idg23egrrvtrbgrg7p5x7bwf,eswbvm29gvpwf7yjkoqbky5wq,M. Ilie,Matei Ilie,23,Defender,Romania,Defender,156.0,27.0,183.0,1.0,449.0,10.0,9.0,0.0,0.0,0.0,0.0,20.0,24.0,4.0,0.0,0.0,7.0,0.0,0.0,0.0,0.0,0.0,2.0,0.0,0.0,0.0,0.0,83.94,27.78,0.0,0.0,0.0,62.5,56.25,77.78,0.0,0.048873665100416,0.0,0.0,0.0,0.0,5.0,7.0,0.17738062,82.0,31.26948775055679,5.412026726057906,36.6815144766147,0.2004454342984409,2.0044543429844097,1.8040089086859687,0.0,0.0,0.0,0.0,4.008908685968819,4.810690423162583,0.8017817371937639,0.0,0.0,1.4031180400890868,0.0,0.0,0.0,0.0,0.0,0.4008908685968819,0.0,0.0,0.0,0.0,83.94,27.78,0.0,0.0,0.0,62.5,56.25,77.78,0.0,0.0097965030268094,0.0,0.0,0.0,0.0,1.0022271714922049,1.4031180400890868,0.0355551354120267,16.43652561247216,LB/LCB,95,14,81,26,67,88,14,24,12,12,71,95,62,10,19,86,17,21,36,40,29,40,43,48,52,52,57,14,17,19,29,81,62,86,14,29,24,10,10,12,21,21,14,76,90,5,71,19,57,81,14,24,12,12,48,95,48,10,19,71,17,21,36,40,29,33,43,48,52,52,57,14,17,19,29,81,62,86,14,29,24,10,10,12,24,19,14,43,Süper Lig
Kocaelispor,b703zecenioz21dnj3p63v3f7,1abvuy5ueuj0kkapnxqpnfx7t,D. Agyei,Dan Agyei,29,Attacker,Ghana,Striker,13.0,31.0,43.0,1.0,363.0,1.0,8.0,6.0,3.0,10.0,12.0,20.0,1.0,0.0,12.0,5.0,2.0,1.0,3.0,1.0,0.0,4.0,4.0,0.0,0.0,0.0,0.0,72.88,100.0,12.5,50.0,66.67,38.46,40.0,66.67,0.5247586078418813,0.0745068503941551,4.0,6.0,0.17002577,3.0,3.0,1.0,0.07952603,15.0,3.2231404958677685,7.685950413223141,10.661157024793388,0.2479338842975206,0.2479338842975206,1.983471074380165,1.487603305785124,0.7438016528925621,2.479338842975207,2.975206611570248,4.958677685950414,0.2479338842975206,0.0,2.975206611570248,1.2396694214876034,0.4958677685950413,0.2479338842975206,0.7438016528925621,0.2479338842975206,0.0,0.9917355371900828,0.9917355371900828,0.0,0.0,0.0,0.0,72.88,100.0,12.5,50.0,66.67,38.46,40.0,66.67,0.130105439960797,0.0184727728249971,0.9917355371900828,1.487603305785124,0.0421551495867768,0.7438016528925621,0.7438016528925621,0.2479338842975206,0.0197171975206611,3.71900826446281,RW,7,7,7,10,10,93,27,27,33,43,57,33,20,50,37,50,30,47,30,33,73,40,33,53,53,53,20,100,40,53,100,17,63,77,40,7,60,23,27,40,23,10,13,7,7,7,7,7,13,100,27,27,47,47,67,33,20,40,47,53,20,47,33,33,67,40,33,53,53,53,20,100,40,53,100,17,63,77,33,7,53,27,27,40,27,13,7,7,Süper Lig
Kocaelispor,b703zecenioz21dnj3p63v3f7,46m4igreax3tpbx65yqs7fvv8,M. Maglica,Matej Maglica,27,Defender,Croatia,Defender,79.0,43.0,122.0,2.0,290.0,11.0,7.0,4.0,2.0,0.0,0.0,13.0,21.0,4.0,4.0,0.0,2.0,0.0,2.0,0.0,1.0,1.0,4.0,0.0,0.0,0.0,0.0,85.92,42.31,0.0,0.0,25.0,52.0,70.0,100.0,0.377207977464178,0.0489339783178512,2.0,2.0,0.04087117,1.0,8.0,6.0,0.20734471,69.0,24.517241379310345,13.344827586206897,37.86206896551724,0.6206896551724138,3.413793103448276,2.1724137931034484,1.2413793103448276,0.6206896551724138,0.0,0.0,4.0344827586206895,6.517241379310344,1.2413793103448276,1.2413793103448276,0.0,0.6206896551724138,0.0,0.6206896551724138,0.0,0.3103448275862069,0.3103448275862069,1.2413793103448276,0.0,0.0,0.0,0.0,85.92,42.31,0.0,0.0,25.0,52.0,70.0,100.0,0.1170645447302621,0.0151864070641607,0.6206896551724138,0.6206896551724138,0.0126841562068965,0.3103448275862069,2.4827586206896552,1.862068965517241,0.064348358275862,21.41379310344828,CB,24,27,24,70,47,50,74,61,17,17,32,64,48,64,23,24,41,85,33,89,62,71,41,48,52,52,27,21,41,23,55,33,65,89,64,48,88,52,48,58,38,32,24,29,30,42,36,79,70,70,82,64,17,17,55,91,67,79,23,45,41,91,33,97,64,88,41,48,52,52,27,21,41,23,55,33,65,89,82,55,94,73,67,61,39,33,30,39,Süper Lig
Kocaelispor,b703zecenioz21dnj3p63v3f7,4xwls9clzvb4qdgf57w006ru2,U. Yıldız,Ugur Kaan Yildiz,24,Defender,Türkiye,Defender,26.0,51.0,74.0,2.0,214.0,3.0,2.0,3.0,1.0,3.0,3.0,8.0,5.0,5.0,2.0,1.0,3.0,3.0,2.0,0.0,0.0,1.0,2.0,1.0,0.0,0.0,0.0,74.0,33.33,25.0,33.33,33.33,47.06,50.0,100.0,0.1773571617379564,0.2082665900738458,1.0,2.0,0.04347372,1.0,4.0,6.0,0.3435125599999999,39.0,10.934579439252335,21.448598130841123,31.121495327102803,0.8411214953271028,1.2616822429906542,0.8411214953271028,1.2616822429906542,0.4205607476635514,1.2616822429906542,1.2616822429906542,3.364485981308411,2.102803738317757,2.102803738317757,0.8411214953271028,0.4205607476635514,1.2616822429906542,1.2616822429906542,0.8411214953271028,0.0,0.0,0.4205607476635514,0.8411214953271028,0.4205607476635514,0.0,0.0,0.0,74.0,33.33,25.0,33.33,33.33,47.06,50.0,100.0,0.0745894605440003,0.0875887528347949,0.4205607476635514,0.8411214953271028,0.0182833401869158,0.4205607476635514,1.6822429906542056,2.5233644859813085,0.1444678990654205,16.401869158878505,CB,3,36,9,70,8,11,59,35,80,79,9,6,65,38,58,52,100,85,33,39,62,44,91,48,52,52,3,11,85,45,65,21,24,89,42,85,73,52,55,58,15,32,42,9,3,85,24,94,15,21,85,58,94,94,39,9,97,55,76,94,100,94,33,39,88,67,100,48,52,52,3,11,85,45,65,21,24,89,52,100,82,79,76,79,33,39,91,21,Süper Lig
Kocaelispor,b703zecenioz21dnj3p63v3f7,5i4g5n26blzm43qfhyu39un84,Gonçalo Sousa,Gonçalo Santos Sousa,20,Attacker,Portugal,Striker,51.0,65.0,115.0,4.0,338.0,4.0,2.0,2.0,1.0,11.0,13.0,16.0,3.0,2.0,7.0,3.0,3.0,1.0,1.0,0.0,0.0,1.0,3.0,1.0,0.0,0.0,0.0,79.31,50.0,9.09,27.27,50.0,45.71,40.0,37.5,0.2671457541833817,0.3698304227652588,0.0,11.0,0.25615851,6.0,11.0,12.0,0.4594993800000001,41.0,13.579881656804734,17.307692307692307,30.62130177514793,1.0650887573964498,1.0650887573964498,0.5325443786982249,0.5325443786982249,0.2662721893491124,2.9289940828402368,3.4615384615384617,4.260355029585799,0.7988165680473372,0.5325443786982249,1.863905325443787,0.7988165680473372,0.7988165680473372,0.2662721893491124,0.2662721893491124,0.0,0.0,0.2662721893491124,0.7988165680473372,0.2662721893491124,0.0,0.0,0.0,79.31,50.0,9.09,27.27,50.0,45.71,40.0,37.5,0.0711334848417288,0.0984755563576132,0.0,2.9289940828402368,0.0682078872781065,1.5976331360946745,2.9289940828402368,3.195266272189349,0.1223519059171598,10.91715976331361,RW,83,60,67,30,43,60,10,10,43,63,30,60,63,7,13,63,30,20,10,33,23,30,77,53,53,53,47,33,27,7,83,60,63,40,13,33,7,63,60,80,73,63,60,67,93,73,80,33,47,67,13,13,53,60,40,67,73,20,13,67,27,33,10,33,33,27,80,53,53,53,47,33,27,7,83,60,63,40,13,40,7,67,60,87,67,67,60,60,Süper Lig
Kocaelispor,b703zecenioz21dnj3p63v3f7,8sh2vnwv6f0spby6f13exvnc9,M. Baku,Makana Baku,28,Midfielder,Germany,Midfielder,24.0,54.0,78.0,2.0,317.0,0.0,6.0,5.0,3.0,10.0,10.0,24.0,10.0,5.0,10.0,5.0,4.0,0.0,2.0,2.0,0.0,2.0,6.0,0.0,0.0,0.0,0.0,80.41,0.0,0.0,50.0,40.0,54.55,54.55,57.14,0.3418122263886813,0.1266761232564833,3.0,12.0,0.29127172,5.0,7.0,9.0,0.38675749,28.0,6.813880126182966,15.331230283911673,22.14511041009464,0.5678233438485805,0.0,1.7034700315457414,1.4195583596214512,0.8517350157728707,2.8391167192429023,2.8391167192429023,6.813880126182966,2.8391167192429023,1.4195583596214512,2.8391167192429023,1.4195583596214512,1.135646687697161,0.0,0.5678233438485805,0.5678233438485805,0.0,0.5678233438485805,1.7034700315457414,0.0,0.0,0.0,0.0,80.41,0.0,0.0,50.0,40.0,54.55,54.55,57.14,0.0970444806781745,0.0359648299466356,0.8517350157728707,3.406940063091483,0.0826954410094637,1.4195583596214512,1.987381703470032,2.555205047318612,0.1098049656151419,7.9495268138801265,LM/LCM,20,40,20,40,20,80,70,40,80,80,100,80,80,40,90,70,20,60,90,50,80,70,40,60,60,60,20,20,20,70,80,60,100,40,20,40,90,80,60,100,40,70,80,20,20,80,60,40,20,100,80,80,80,80,100,80,80,60,100,80,20,60,100,50,80,80,40,60,60,60,20,20,20,70,80,60,100,40,80,40,100,80,60,100,80,80,80,40,Süper Lig
Kocaelispor,b703zecenioz21dnj3p63v3f7,ajzkerdcpeug1dxnr1dko9fxl,A. Dijksteel,Anfernee Dijksteel,29,Defender,Suriname,Defender,155.0,70.0,224.0,5.0,450.0,6.0,2.0,1.0,0.0,6.0,6.0,27.0,21.0,4.0,0.0,3.0,4.0,1.0,1.0,0.0,0.0,1.0,14.0,1.0,0.0,0.0,0.0,89.6,35.29,50.0,50.0,100.0,62.79,22.22,50.0,0.0425354612061939,0.2784658428459498,1.0,4.0,0.08602868,4.0,19.0,14.0,0.32614105,121.0,31.0,14.0,44.8,1.0,1.2,0.4,0.2,0.0,1.2,1.2,5.4,4.2,0.8,0.0,0.6,0.8,0.2,0.2,0.0,0.0,0.2,2.8,0.2,0.0,0.0,0.0,89.6,35.29,50.0,50.0,100.0,62.79,22.22,50.0,0.0085070922412387,0.0556931685691899,0.2,0.8,0.017205736,0.8,3.8,2.8,0.06522821,24.2,CB,58,64,61,100,21,11,24,9,95,95,95,64,48,6,88,77,86,70,33,39,62,100,91,48,52,52,52,15,91,56,98,64,9,33,12,94,73,83,79,97,79,52,36,45,52,45,48,100,12,9,20,9,89,86,86,52,39,6,83,58,85,65,33,39,52,100,88,48,52,52,52,15,91,56,98,64,9,33,12,88,68,76,73,94,70,48,33,45,Süper Lig
Kocaelispor,b703zecenioz21dnj3p63v3f7,av18ek8zmx40sazfwerdp8wa2,B. Kutlu,Berkan Kutlu,28,Midfielder,Türkiye,Midfielder,53.0,87.0,133.0,11.0,387.0,7.0,1.0,7.0,0.0,2.0,2.0,11.0,5.0,6.0,4.0,0.0,3.0,7.0,7.0,3.0,1.0,3.0,4.0,0.0,0.0,0.0,0.0,78.7,46.67,31.82,0.0,42.86,44.0,25.0,50.0,0.3798818598320671,0.8884755017313574,6.0,7.0,0.20046943,4.0,21.0,17.0,0.53274213,74.0,12.325581395348838,20.232558139534884,30.930232558139537,2.558139534883721,1.627906976744186,0.2325581395348837,1.627906976744186,0.0,0.4651162790697674,0.4651162790697674,2.558139534883721,1.162790697674419,1.3953488372093024,0.9302325581395348,0.0,0.6976744186046512,1.627906976744186,1.627906976744186,0.6976744186046512,0.2325581395348837,0.6976744186046512,0.9302325581395348,0.0,0.0,0.0,0.0,78.7,46.67,31.82,0.0,42.86,44.0,25.0,50.0,0.088344618565597,0.2066222097049668,1.3953488372093024,1.627906976744186,0.0466207976744186,0.9302325581395348,4.883720930232558,3.953488372093024,0.1238935186046511,17.209302325581397,DM/CM,24,68,46,100,31,22,91,18,40,40,21,57,82,62,12,44,100,96,93,91,94,43,43,51,51,51,6,15,79,12,81,24,26,35,74,97,97,71,82,72,72,65,85,47,15,59,32,100,29,24,85,18,35,35,3,59,79,62,12,38,100,94,94,94,94,38,43,51,51,51,6,15,79,12,81,24,26,35,79,100,94,68,79,68,68,68,85,35,Süper Lig
Kocaelispor,b703zecenioz21dnj3p63v3f7,c74zok3dqa0ynbt1s544jhxck,Mahamadou Susoho,Mahamadou Susoho,21,Midfielder,Spain,Midfielder,36.0,29.0,65.0,1.0,236.0,1.0,0.0,6.0,4.0,3.0,3.0,12.0,5.0,3.0,6.0,1.0,2.0,0.0,2.0,5.0,0.0,0.0,9.0,0.0,0.0,0.0,0.0,83.33,33.33,0.0,33.33,0.0,54.55,0.0,100.0,0.4557406283060097,0.1099745627910878,1.0,1.0,0.02385149,0.0,4.0,4.0,0.14012079,22.0,13.728813559322036,11.059322033898304,24.78813559322034,0.3813559322033898,0.3813559322033898,0.0,2.288135593220339,1.5254237288135593,1.1440677966101696,1.1440677966101696,4.576271186440678,1.9067796610169487,1.1440677966101696,2.288135593220339,0.3813559322033898,0.7627118644067796,0.0,0.7627118644067796,1.9067796610169487,0.0,0.0,3.4322033898305087,0.0,0.0,0.0,0.0,83.33,33.33,0.0,33.33,0.0,54.55,0.0,100.0,0.1737993921505969,0.0419394519118555,0.3813559322033898,0.3813559322033898,0.0090959072033898,0.0,1.5254237288135593,1.5254237288135593,0.0534358944915254,8.389830508474576,DM/CM,12,3,4,19,3,6,85,97,54,51,31,57,32,75,41,29,37,69,100,41,22,88,43,51,51,51,26,6,37,40,22,57,9,97,85,35,53,10,9,13,6,7,15,6,21,9,12,21,3,6,97,97,74,74,65,76,65,94,50,41,37,79,100,41,22,97,43,51,51,51,26,6,37,40,22,57,9,97,94,53,68,12,12,13,6,9,21,6,Süper Lig
Kocaelispor,b703zecenioz21dnj3p63v3f7,ckcjk3zjpix288d6zihltlst0,T. Zoukrou,Tanguy Zoukrou,23,Defender,France,Defender,181.0,38.0,219.0,0.0,416.0,14.0,5.0,1.0,1.0,3.0,3.0,15.0,22.0,4.0,1.0,3.0,3.0,0.0,0.0,1.0,0.0,0.0,1.0,0.0,0.0,0.0,0.0,89.02,43.75,0.0,100.0,0.0,53.57,50.0,50.0,0.1462352924068251,0.0,0.0,0.0,0.0,0.0,6.0,7.0,0.2314956299999999,125.0,39.15865384615385,8.221153846153847,47.37980769230769,0.0,3.028846153846154,1.0817307692307694,0.2163461538461538,0.2163461538461538,0.6490384615384616,0.6490384615384616,3.245192307692308,4.759615384615385,0.8653846153846154,0.2163461538461538,0.6490384615384616,0.6490384615384616,0.0,0.0,0.2163461538461538,0.0,0.0,0.2163461538461538,0.0,0.0,0.0,0.0,89.02,43.75,0.0,100.0,0.0,53.57,50.0,50.0,0.0316374430687842,0.0,0.0,0.0,0.0,0.0,1.2980769230769231,1.514423076923077,0.0500831891826922,27.04326923076924,CB,73,24,56,14,62,32,24,35,80,79,45,70,48,21,88,52,41,32,80,39,24,24,41,48,52,52,45,29,41,85,24,38,24,33,36,20,33,18,18,23,30,36,27,48,70,21,55,14,61,27,30,36,73,73,33,58,48,21,88,52,41,32,76,39,24,21,41,48,52,52,45,29,41,85,24,38,24,33,36,20,33,18,18,23,21,30,24,55,Süper Lig
Kocaelispor,b703zecenioz21dnj3p63v3f7,dudttzqf0mfehgvnqerqgytbd,Show,Manuel Luís da Silva Cafumana,27,Midfielder,Angola,Midfielder,111.0,103.0,214.0,3.0,450.0,15.0,3.0,3.0,2.0,5.0,5.0,17.0,4.0,8.0,2.0,4.0,4.0,0.0,1.0,0.0,0.0,0.0,3.0,1.0,0.0,0.0,0.0,84.92,46.88,0.0,80.0,0.0,43.59,33.33,57.14,0.3230941465772508,0.2040767998003659,1.0,3.0,0.06333723,3.0,22.0,19.0,0.4832418599999999,135.0,22.2,20.6,42.8,0.6,3.0,0.6,0.6,0.4,1.0,1.0,3.4,0.8,1.6,0.4,0.8,0.8,0.0,0.2,0.0,0.0,0.0,0.6,0.2,0.0,0.0,0.0,84.92,46.88,0.0,80.0,0.0,43.59,33.33,57.14,0.0646188293154501,0.0408153599600731,0.2,0.6,0.0126674459999999,0.6,4.4,3.8,0.0966483719999999,27.0,DM/CM,88,79,82,53,71,66,53,72,84,81,60,35,94,38,93,57,37,47,28,41,22,34,91,51,51,51,38,18,37,74,22,21,43,50,68,62,53,32,41,59,76,76,71,91,59,62,56,40,59,49,41,53,71,68,24,24,88,29,79,44,37,35,28,41,22,26,85,51,51,51,38,18,37,74,22,21,43,50,53,50,38,18,18,50,56,59,56,76,Süper Lig
Kocaelispor,b703zecenioz21dnj3p63v3f7,qt2jl9zxkj4lxqzeydbb6hg5,M. Haïdara,Massadio Haïdara,33,Defender,Mali,Defender,81.0,74.0,155.0,3.0,450.0,6.0,6.0,5.0,3.0,3.0,3.0,35.0,17.0,1.0,10.0,3.0,10.0,0.0,2.0,0.0,1.0,2.0,13.0,0.0,0.0,0.0,0.0,86.59,75.0,0.0,100.0,40.0,74.47,75.0,76.92,0.5029102685386201,0.3500267482874529,2.0,10.0,0.26617002,5.0,10.0,10.0,0.5667367299999998,77.0,16.2,14.8,31.0,0.6,1.2,1.2,1.0,0.6,0.6,0.6,7.0,3.4,0.2,2.0,0.6,2.0,0.0,0.4,0.0,0.2,0.4,2.6,0.0,0.0,0.0,0.0,86.59,75.0,0.0,100.0,40.0,74.47,75.0,76.92,0.100582053707724,0.0700053496574905,0.4,2.0,0.053234004,1.0,2.0,2.0,0.1133473459999999,15.4,LB/LCB,71,71,64,55,36,74,74,74,48,48,100,86,21,83,76,100,17,79,36,90,88,100,43,48,52,52,67,100,17,95,86,100,90,81,90,62,79,81,95,76,52,38,81,57,48,38,43,52,21,67,67,67,38,38,100,81,14,76,64,100,17,71,36,86,88,100,43,48,52,52,67,100,17,95,86,100,90,81,81,57,79,71,86,71,29,29,52,29,Süper Lig
Konyaspor,cw4lbdzlqqdvbkdkz00c9ye49,2sxmpaw4khmgyym320oiwu3u,M. İbrahimoğlu,Melih Ibrahimoglu,26,Midfielder,Türkiye,Midfielder,90.0,105.0,195.0,3.0,439.0,18.0,1.0,6.0,2.0,4.0,4.0,18.0,6.0,2.0,5.0,2.0,6.0,0.0,4.0,1.0,0.0,0.0,6.0,0.0,0.0,0.0,0.0,91.55,90.0,0.0,50.0,0.0,56.25,0.0,66.67,0.4467201374156432,0.1961690123339367,3.0,14.0,0.35226501,5.0,15.0,21.0,0.4823644099999999,102.0,18.451025056947607,21.52619589977221,39.97722095671981,0.6150341685649202,3.6902050113895215,0.20501138952164,1.2300683371298404,0.4100227790432801,0.8200455580865603,0.8200455580865603,3.6902050113895215,1.2300683371298404,0.4100227790432801,1.0250569476082003,0.4100227790432801,1.2300683371298404,0.0,0.8200455580865603,0.20501138952164,0.0,0.0,1.2300683371298404,0.0,0.0,0.0,0.0,91.55,90.0,0.0,50.0,0.0,56.25,0.0,66.67,0.091582716098879,0.0402168817996681,0.6150341685649202,2.870159453302961,0.0722183391799544,1.0250569476082003,3.075170842824601,4.305239179954442,0.098890197949886,20.911161731207287,CM,100,100,100,100,100,75,100,100,100,75,100,100,50,100,100,100,75,75,75,75,50,100,75,75,75,75,100,100,75,100,50,100,50,100,100,100,100,100,100,100,100,100,100,100,100,100,100,100,100,50,100,100,50,50,100,50,50,100,100,100,75,50,50,75,50,100,75,75,75,75,100,100,75,100,50,100,50,100,100,100,100,100,100,100,100,100,100,100,Süper Lig
Konyaspor,cw4lbdzlqqdvbkdkz00c9ye49,55bgi895g03zhc7vdh7e7yvv9,A. Masuaku,Arthur Masuaku,32,Defender,Congo DR,Defender,30.0,39.0,67.0,3.0,200.0,12.0,1.0,0.0,0.0,5.0,6.0,10.0,5.0,1.0,1.0,2.0,4.0,2.0,0.0,0.0,0.0,0.0,2.0,0.0,0.0,0.0,0.0,81.71,57.14,28.57,40.0,0.0,52.63,33.33,80.0,0.0,0.3736376763483254,0.0,4.0,0.11351817,1.0,13.0,12.0,0.5595115499999999,41.0,13.5,17.55,30.15,1.35,5.4,0.4499999999999999,0.0,0.0,2.25,2.7,4.5,2.25,0.4499999999999999,0.4499999999999999,0.8999999999999999,1.7999999999999998,0.8999999999999999,0.0,0.0,0.0,0.0,0.8999999999999999,0.0,0.0,0.0,0.0,81.71,57.14,28.57,40.0,0.0,52.63,33.33,80.0,0.0,0.1681369543567464,0.0,1.7999999999999998,0.0510831765,0.4499999999999999,5.85,5.4,0.2517801974999999,18.45,LB/LCB,10,19,14,55,88,19,14,24,76,74,19,10,21,24,62,57,64,21,36,40,29,40,43,48,52,52,24,76,71,48,29,43,31,93,14,67,24,43,48,33,71,52,76,19,14,67,33,71,95,33,14,24,100,100,67,40,29,29,76,86,90,21,36,40,29,67,43,48,52,52,24,76,71,48,29,43,31,93,14,86,24,67,71,48,100,95,95,57,Süper Lig
Konyaspor,cw4lbdzlqqdvbkdkz00c9ye49,6rwmlyhqpu4cyysgvnj57y7dh,D. Türüç,Deniz Türüç,33,Attacker,Türkiye,Striker,50.0,64.0,105.0,9.0,353.0,12.0,4.0,11.0,6.0,7.0,7.0,16.0,2.0,0.0,10.0,5.0,3.0,9.0,5.0,0.0,1.0,5.0,2.0,0.0,0.0,0.0,0.0,76.64,57.14,69.23,71.43,45.45,44.44,30.77,60.0,0.8828517626011758,1.1865838575240366,4.0,9.0,0.2405765799999999,4.0,12.0,16.0,0.7730770599999999,39.0,12.747875354107649,16.31728045325779,26.770538243626063,2.294617563739377,3.059490084985836,1.019830028328612,2.8045325779036827,1.529745042492918,1.7847025495750708,1.7847025495750708,4.079320113314448,0.509915014164306,0.0,2.54957507082153,1.274787535410765,0.764872521246459,2.294617563739377,1.274787535410765,0.0,0.254957507082153,1.274787535410765,0.509915014164306,0.0,0.0,0.0,0.0,76.64,57.14,69.23,71.43,45.45,44.44,30.77,60.0,0.2250896845158805,0.302528462258253,1.019830028328612,2.294617563739377,0.0613368050991501,1.019830028328612,3.059490084985836,4.079320113314448,0.1971017999999999,9.943342776203966,RW,73,53,53,80,83,80,77,60,13,13,30,43,20,33,37,63,97,83,10,73,87,20,33,53,53,53,33,53,100,100,67,53,53,53,53,93,60,50,47,60,80,80,67,60,80,60,60,87,93,80,80,67,20,13,20,47,20,33,53,60,100,80,10,80,93,20,33,53,53,53,33,53,100,100,67,53,53,53,53,93,60,40,47,53,73,80,67,53,Süper Lig
Konyaspor,cw4lbdzlqqdvbkdkz00c9ye49,7aljb5yzbz7i7fe4jw39ld7xm,E. Colley,Ebrima Colley,26,Attacker,Gambia,Striker,24.0,22.0,46.0,1.0,210.0,3.0,3.0,5.0,1.0,8.0,8.0,11.0,0.0,2.0,3.0,3.0,1.0,0.0,4.0,1.0,1.0,2.0,3.0,0.0,0.0,0.0,0.0,68.66,50.0,0.0,37.5,40.0,47.83,0.0,50.0,0.6504163088559167,0.0781204685680501,3.0,8.0,0.21414588,1.0,3.0,7.0,0.14995743,15.0,10.285714285714285,9.428571428571429,19.71428571428571,0.4285714285714285,1.2857142857142856,1.2857142857142856,2.142857142857143,0.4285714285714285,3.4285714285714284,3.4285714285714284,4.714285714285714,0.0,0.8571428571428571,1.2857142857142856,1.2857142857142856,0.4285714285714285,0.0,1.7142857142857142,0.4285714285714285,0.4285714285714285,0.8571428571428571,1.2857142857142856,0.0,0.0,0.0,0.0,68.66,50.0,0.0,37.5,40.0,47.83,0.0,50.0,0.2787498466525357,0.0334802008148786,1.2857142857142856,3.4285714285714284,0.0917768057142857,0.4285714285714285,1.2857142857142856,3.0,0.06426747,6.428571428571428,LW,44,11,11,22,33,78,28,11,44,39,33,28,39,11,39,28,28,72,22,72,33,50,44,56,56,56,11,28,28,33,56,78,28,33,56,22,44,39,33,11,22,33,22,11,89,11,44,22,56,89,44,11,44,44,56,28,56,11,44,33,28,89,33,89,44,67,44,56,56,56,11,28,28,33,56,78,28,33,78,22,56,56,56,11,33,56,33,11,Süper Lig
Konyaspor,cw4lbdzlqqdvbkdkz00c9ye49,a3s4i95z3u1m1vqdrhuhlabmy,J. Muleka,Jackson Muleka,26,Attacker,Congo DR,Striker,26.0,56.0,80.0,5.0,426.0,5.0,18.0,6.0,5.0,10.0,11.0,35.0,4.0,0.0,14.0,5.0,1.0,2.0,1.0,0.0,0.0,2.0,10.0,0.0,0.0,0.0,0.0,75.47,71.43,40.0,50.0,33.33,50.0,72.0,50.0,0.701222538426615,0.3945360691892408,2.0,6.0,0.16630411,2.0,6.0,5.0,0.31098,28.0,5.492957746478873,11.830985915492958,16.901408450704224,1.056338028169014,1.056338028169014,3.8028169014084505,1.267605633802817,1.056338028169014,2.112676056338028,2.323943661971831,7.394366197183098,0.8450704225352113,0.0,2.9577464788732395,1.056338028169014,0.2112676056338028,0.4225352112676056,0.2112676056338028,0.0,0.0,0.4225352112676056,2.112676056338028,0.0,0.0,0.0,0.0,75.47,71.43,40.0,50.0,33.33,50.0,72.0,50.0,0.1481456067098482,0.0833526906737832,0.4225352112676056,1.267605633802817,0.0351346711267605,0.4225352112676056,1.267605633802817,1.056338028169014,0.0657,5.915492957746479,ST,70,78,78,69,93,94,28,39,85,91,100,80,15,52,74,44,74,20,9,17,37,87,35,52,52,52,44,78,85,61,50,78,100,41,33,59,39,74,67,44,72,57,59,70,48,78,63,52,85,89,7,22,70,74,96,74,15,33,70,30,70,11,9,17,26,78,35,52,52,52,44,78,85,61,50,78,100,41,19,48,30,63,48,33,56,48,52,59,Süper Lig
Konyaspor,cw4lbdzlqqdvbkdkz00c9ye49,a3x1zd1zarf5tuualhfdy47h1,Y. Andzouana,Yhoan Andzouana,29,Defender,Congo,Defender,88.0,71.0,155.0,8.0,373.0,5.0,2.0,2.0,1.0,7.0,7.0,13.0,1.0,9.0,7.0,3.0,3.0,4.0,1.0,0.0,0.0,1.0,3.0,1.0,0.0,0.0,0.0,86.59,41.67,25.0,42.86,50.0,46.43,40.0,60.0,0.0910740993098842,0.8097637292425173,2.0,7.0,0.18885492,3.0,18.0,22.0,1.2131407600000002,84.0,21.23324396782841,17.1313672922252,37.39946380697051,1.93029490616622,1.206434316353887,0.4825737265415549,0.4825737265415549,0.2412868632707774,1.6890080428954422,1.6890080428954422,3.136729222520107,0.2412868632707774,2.171581769436997,1.6890080428954422,0.7238605898123324,0.7238605898123324,0.9651474530831098,0.2412868632707774,0.0,0.0,0.2412868632707774,0.7238605898123324,0.2412868632707774,0.0,0.0,0.0,86.59,41.67,25.0,42.86,50.0,46.43,40.0,60.0,0.0219749837476932,0.1953853502193741,0.4825737265415549,1.6890080428954422,0.0455682112600536,0.7238605898123324,4.343163538873994,5.308310991957104,0.2927149286863271,20.268096514745302,RB/RCB,67,53,67,83,13,30,60,40,93,93,20,7,100,87,73,30,80,77,33,43,73,50,83,47,53,53,60,27,70,33,83,20,40,23,40,80,90,80,87,60,80,87,93,67,73,73,67,87,20,33,67,40,93,87,20,7,100,80,73,33,80,80,33,43,80,53,87,47,53,53,60,27,70,33,83,20,40,23,33,87,93,87,80,60,93,87,93,87,Süper Lig
Konyaspor,cw4lbdzlqqdvbkdkz00c9ye49,agw9w05mohbpzxaxcjshwsges,R. Tóth,Rajmund Tóth,22,Midfielder,Hungary,Midfielder,29.0,36.0,65.0,4.0,221.0,3.0,2.0,4.0,4.0,4.0,4.0,9.0,2.0,0.0,7.0,1.0,3.0,0.0,0.0,0.0,1.0,3.0,2.0,0.0,0.0,0.0,0.0,80.25,60.0,0.0,25.0,75.0,31.03,40.0,75.0,0.4331250227889001,0.1661183772847815,0.0,2.0,0.04320281,1.0,5.0,5.0,0.1148239,26.0,11.80995475113122,14.660633484162895,26.47058823529412,1.6289592760180995,1.2217194570135743,0.8144796380090498,1.6289592760180995,1.6289592760180995,1.6289592760180995,1.6289592760180995,3.665158371040724,0.8144796380090498,0.0,2.850678733031674,0.4072398190045249,1.2217194570135743,0.0,0.0,0.0,0.4072398190045249,1.2217194570135743,0.8144796380090498,0.0,0.0,0.0,0.0,80.25,60.0,0.0,25.0,75.0,31.03,40.0,75.0,0.1763857558868823,0.0676500178987798,0.0,0.8144796380090498,0.0175939045248868,0.4072398190045249,2.0361990950226243,2.0361990950226243,0.0467608642533936,10.588235294117649,DM/CM,3,9,4,69,12,47,72,97,72,68,4,16,4,87,41,44,37,18,28,91,94,24,43,51,51,51,15,51,37,29,91,3,57,82,82,47,19,16,18,35,9,13,12,9,12,26,15,88,18,65,88,100,94,88,38,26,4,97,62,65,37,18,28,100,97,35,43,51,51,51,15,51,37,29,91,3,57,82,97,65,19,29,32,41,15,18,18,12,Süper Lig
Konyaspor,cw4lbdzlqqdvbkdkz00c9ye49,b65zbmz4d8oniatpneaj5px3p,M. Jevtović,Marko Jevtovic,33,Midfielder,Serbia,Midfielder,77.0,50.0,127.0,0.0,309.0,11.0,4.0,3.0,2.0,0.0,0.0,23.0,9.0,5.0,7.0,0.0,6.0,0.0,1.0,0.0,0.0,1.0,8.0,0.0,0.0,0.0,0.0,85.23,55.0,0.0,0.0,33.33,71.88,44.44,54.55,0.2845501631114393,0.0,1.0,3.0,0.0537219399999999,0.0,13.0,13.0,0.2191331599999999,82.0,22.42718446601942,14.563106796116504,36.990291262135926,0.0,3.2038834951456314,1.1650485436893203,0.8737864077669903,0.5825242718446603,0.0,0.0,6.699029126213593,2.621359223300971,1.4563106796116505,2.0388349514563107,0.0,1.7475728155339807,0.0,0.2912621359223301,0.0,0.0,0.2912621359223301,2.330097087378641,0.0,0.0,0.0,0.0,85.23,55.0,0.0,0.0,33.33,71.88,44.44,54.55,0.0828786882848852,0.0,0.2912621359223301,0.8737864077669903,0.0156471669902912,0.0,3.7864077669902914,3.7864077669902914,0.0638251922330096,23.88349514563107,DM/CM,53,29,41,4,56,76,53,72,7,7,87,90,74,87,12,76,37,47,28,41,60,79,43,51,51,51,44,38,37,12,65,100,63,47,56,6,53,32,21,13,43,46,32,56,62,24,50,4,62,79,56,82,7,7,94,91,85,85,12,82,37,53,28,41,68,85,43,51,51,51,44,38,37,12,65,100,63,47,68,6,62,35,24,13,41,56,26,62,Süper Lig
Konyaspor,cw4lbdzlqqdvbkdkz00c9ye49,bg3sod57hai0y274n9qkselm1,U. Yazğılı,Ugurcan Yazgili,27,Defender,Türkiye,Defender,55.0,25.0,80.0,3.0,288.0,6.0,0.0,1.0,1.0,1.0,1.0,8.0,5.0,3.0,1.0,0.0,2.0,0.0,0.0,0.0,0.0,0.0,3.0,0.0,0.0,0.0,0.0,84.21,60.0,0.0,0.0,0.0,32.0,0.0,40.0,0.1114039335734502,0.1525952663927808,0.0,0.0,0.0,2.0,5.0,4.0,0.36058812,40.0,17.1875,7.8125,25.0,0.9375,1.875,0.0,0.3125,0.3125,0.3125,0.3125,2.5,1.5625,0.9375,0.3125,0.0,0.625,0.0,0.0,0.0,0.0,0.0,0.9375,0.0,0.0,0.0,0.0,84.21,60.0,0.0,0.0,0.0,32.0,0.0,40.0,0.0348137292417031,0.0476860207477439,0.0,0.0,0.0,0.625,1.5625,1.25,0.1126837875,12.5,CB,18,15,15,86,21,5,24,35,45,45,9,6,29,21,23,24,41,32,33,39,24,59,41,48,52,52,15,77,41,23,24,3,5,18,24,67,33,18,18,80,23,20,52,12,18,18,12,97,27,5,36,42,58,58,12,3,52,24,23,48,41,32,33,39,24,73,41,48,52,52,15,77,41,23,24,3,5,18,39,82,33,18,18,85,27,21,79,15,Süper Lig
Konyaspor,cw4lbdzlqqdvbkdkz00c9ye49,c2wiaju4etayjlp12x9ba3kkp,C. Awaziem,Chidozie Awaziem,29,Defender,Nigeria,Defender,116.0,27.0,143.0,0.0,266.0,10.0,5.0,2.0,2.0,0.0,0.0,14.0,21.0,3.0,3.0,0.0,5.0,0.0,0.0,0.0,0.0,0.0,4.0,0.0,1.0,0.0,0.0,88.27,55.56,0.0,0.0,0.0,60.87,71.43,100.0,0.2327678977692688,0.0,0.0,1.0,0.0174506,0.0,4.0,7.0,0.19773932,85.0,39.24812030075188,9.13533834586466,48.38345864661654,0.0,3.3834586466165413,1.6917293233082706,0.6766917293233082,0.6766917293233082,0.0,0.0,4.7368421052631575,7.105263157894736,1.0150375939849623,1.0150375939849623,0.0,1.6917293233082706,0.0,0.0,0.0,0.0,0.0,1.3533834586466165,0.0,0.3383458646616541,0.0,0.0,88.27,55.56,0.0,0.0,0.0,60.87,71.43,100.0,0.0787560556362187,0.0,0.0,0.3383458646616541,0.0059043383458646,0.0,1.3533834586466165,2.3684210526315788,0.0669042812030075,28.7593984962406,RB/RCB,80,7,60,10,53,53,60,67,10,7,30,67,33,37,13,60,20,33,33,43,27,60,37,97,53,53,73,80,20,13,27,87,100,93,67,10,40,10,7,20,7,13,13,77,100,7,93,10,80,73,73,87,10,7,67,100,53,53,13,93,20,33,33,43,27,67,37,100,53,53,73,80,20,13,27,87,100,93,73,10,40,13,13,20,7,27,33,93,Süper Lig
Konyaspor,cw4lbdzlqqdvbkdkz00c9ye49,e81dfbtza1g8v3lozf39x3f85,Diogo Gonçalves,Diogo António Cupido Gonçalves,29,Midfielder,Portugal,Midfielder,35.0,48.0,81.0,10.0,363.0,5.0,0.0,5.0,2.0,1.0,2.0,7.0,2.0,1.0,11.0,0.0,3.0,2.0,3.0,0.0,0.0,1.0,3.0,1.0,0.0,0.0,0.0,89.01,83.33,25.0,0.0,20.0,38.89,0.0,75.0,0.3508655139673317,0.7866045492172897,3.0,6.0,0.14769384,3.0,5.0,7.0,0.31113902,30.0,8.677685950413224,11.900826446280991,20.08264462809917,2.479338842975207,1.2396694214876034,0.0,1.2396694214876034,0.4958677685950413,0.2479338842975206,0.4958677685950413,1.7355371900826446,0.4958677685950413,0.2479338842975206,2.7272727272727275,0.0,0.7438016528925621,0.4958677685950413,0.7438016528925621,0.0,0.0,0.2479338842975206,0.7438016528925621,0.2479338842975206,0.0,0.0,0.0,89.01,83.33,25.0,0.0,20.0,38.89,0.0,75.0,0.0869914497439665,0.1950259212935429,0.7438016528925621,1.487603305785124,0.0366183074380165,0.7438016528925621,1.2396694214876034,1.7355371900826446,0.0771419057851239,7.43801652892562,LM/LCM,40,20,40,80,60,30,70,20,20,20,20,30,30,60,20,40,80,90,20,50,40,20,90,60,60,60,100,60,40,20,20,20,40,60,60,80,90,50,40,60,20,20,40,40,40,40,20,80,60,30,60,20,20,20,20,20,40,40,20,40,80,100,20,50,40,20,80,60,60,60,100,60,40,20,20,20,40,60,40,80,80,60,40,60,20,40,60,20,Süper Lig
Konyaspor,cw4lbdzlqqdvbkdkz00c9ye49,emknda3m04831ahnf6iwt0gkp,A. Demirbağ,Adil Demirbag,28,Defender,Türkiye,Defender,154.0,65.0,219.0,1.0,450.0,25.0,4.0,1.0,1.0,1.0,1.0,13.0,17.0,4.0,1.0,1.0,4.0,0.0,0.0,0.0,0.0,0.0,3.0,0.0,1.0,0.0,0.0,90.12,71.43,0.0,100.0,0.0,46.43,40.0,80.0,0.1169842678942081,0.041370877254632,0.0,3.0,0.05430222,0.0,14.0,19.0,0.4617475399999998,146.0,30.8,13.0,43.8,0.2,5.0,0.8,0.2,0.2,0.2,0.2,2.6,3.4,0.8,0.2,0.2,0.8,0.0,0.0,0.0,0.0,0.0,0.6,0.0,0.2,0.0,0.0,90.12,71.43,0.0,100.0,0.0,46.43,40.0,80.0,0.0233968535788416,0.0082741754509264,0.0,0.6,0.010860444,0.0,2.8,3.8,0.0923495079999999,29.2,CB,55,55,56,42,100,20,24,35,45,45,32,47,48,21,58,77,41,32,33,39,24,59,41,98,52,52,58,97,41,85,24,18,15,68,27,45,33,70,61,23,50,76,73,61,48,39,45,33,97,15,20,26,41,41,18,32,39,14,52,58,41,32,33,39,24,55,41,97,52,52,58,97,41,85,24,18,15,68,24,42,33,59,52,23,44,67,61,58,Süper Lig
Samsunspor,dpsnqu7pd2b0shfzjyn5j1znf,5vyszdd8h7l79tlwy40lgimfo,G. Guarino,Gabriele Guarino,22,Defender,Italy,Defender,159.0,57.0,216.0,1.0,270.0,6.0,9.0,3.0,3.0,0.0,0.0,15.0,12.0,2.0,3.0,0.0,3.0,0.0,0.0,1.0,0.0,0.0,1.0,0.0,0.0,0.0,0.0,93.91,42.86,0.0,0.0,0.0,71.43,75.0,60.0,0.3796910476264496,0.0,0.0,6.0,0.1277495,1.0,11.0,4.0,0.25824938,153.0,53.0,19.0,72.0,0.3333333333333333,2.0,3.0,1.0,1.0,0.0,0.0,5.0,4.0,0.6666666666666666,1.0,0.0,1.0,0.0,0.0,0.3333333333333333,0.0,0.0,0.3333333333333333,0.0,0.0,0.0,0.0,93.91,42.86,0.0,0.0,0.0,71.43,75.0,60.0,0.1265636825421498,0.0,0.0,2.0,0.0425831666666666,0.3333333333333333,3.6666666666666665,1.3333333333333333,0.0860831266666666,51.0,CB,64,42,48,42,21,67,59,74,17,17,45,21,15,52,23,52,41,32,80,39,24,24,41,48,52,52,88,24,41,23,24,80,79,47,67,20,33,94,94,58,45,20,33,70,100,67,97,53,30,82,71,89,17,17,80,47,27,59,23,76,41,32,86,39,24,32,41,48,52,52,88,24,41,23,24,80,79,47,85,20,33,97,97,64,67,24,52,97,Süper Lig
Samsunspor,dpsnqu7pd2b0shfzjyn5j1znf,6c9jzebimd3c53gpxa35sxzah,L. Tómasson,Logi Tómasson,26,Defender,Iceland,Defender,89.0,107.0,193.0,3.0,450.0,11.0,2.0,6.0,4.0,5.0,6.0,15.0,11.0,7.0,10.0,3.0,4.0,3.0,2.0,1.0,1.0,2.0,2.0,0.0,0.0,0.0,0.0,86.94,57.89,17.65,60.0,33.33,45.45,50.0,50.0,0.5037043161753993,0.2679376647171307,2.0,11.0,0.30483947,8.0,5.0,21.0,0.7745901899999996,85.0,17.8,21.4,38.6,0.6,2.2,0.4,1.2,0.8,1.0,1.2,3.0,2.2,1.4,2.0,0.6,0.8,0.6,0.4,0.2,0.2,0.4,0.4,0.0,0.0,0.0,0.0,86.94,57.89,17.65,60.0,33.33,45.45,50.0,50.0,0.1007408632350798,0.0535875329434261,0.4,2.2,0.060967894,1.6,1.0,4.2,0.1549180379999999,17.0,LB/LCB,76,90,86,55,76,36,83,83,76,74,60,60,81,83,76,57,83,79,79,90,88,40,43,48,52,52,76,81,57,64,81,19,50,40,95,52,79,93,100,100,21,88,86,86,57,81,76,52,62,24,71,74,57,60,19,31,79,76,64,38,69,71,71,86,88,29,43,48,52,52,76,81,57,64,81,19,50,40,86,52,79,86,100,95,19,76,76,48,Süper Lig
Samsunspor,dpsnqu7pd2b0shfzjyn5j1znf,8ox8sr19qwfoxvk2hfhx0xmmt,C. Yüksel,Celil Yüksel,28,Midfielder,Türkiye,Midfielder,114.0,123.0,232.0,8.0,446.0,21.0,4.0,9.0,0.0,1.0,1.0,30.0,5.0,9.0,1.0,0.0,8.0,5.0,9.0,3.0,1.0,3.0,11.0,0.0,0.0,0.0,0.0,83.15,51.22,62.5,0.0,33.33,61.22,44.44,53.33,0.4758943420393521,0.8977196659916982,8.0,4.0,0.07938162,2.0,28.0,25.0,0.7159170799999998,118.0,23.00448430493273,24.82062780269058,46.81614349775785,1.6143497757847534,4.237668161434978,0.8071748878923767,1.816143497757848,0.0,0.2017937219730941,0.2017937219730941,6.053811659192825,1.0089686098654709,1.816143497757848,0.2017937219730941,0.0,1.6143497757847534,1.0089686098654709,1.816143497757848,0.6053811659192825,0.2017937219730941,0.6053811659192825,2.219730941704036,0.0,0.0,0.0,0.0,83.15,51.22,62.5,0.0,33.33,61.22,44.44,53.33,0.0960324905460576,0.1811541926889077,1.6143497757847534,0.8071748878923767,0.0160187125560538,0.4035874439461883,5.650224215246636,5.044843049327354,0.1444675721973093,23.81165919282511,DM/CM,91,91,88,93,99,76,100,18,24,24,100,57,100,22,12,90,96,100,93,91,94,97,43,51,51,51,24,32,97,12,65,85,63,44,91,100,100,49,47,49,90,91,94,85,68,79,71,82,82,62,94,18,15,15,85,38,91,18,12,71,91,97,88,82,88,82,43,51,51,51,24,32,97,12,65,85,63,44,82,97,97,26,26,35,79,74,91,59,Süper Lig
Samsunspor,dpsnqu7pd2b0shfzjyn5j1znf,b0xd20j7apuso09qehs7jh1t6,Y. Kayan,Yalçin Kayan,27,Midfielder,Türkiye,Midfielder,64.0,80.0,141.0,6.0,366.0,7.0,1.0,5.0,4.0,8.0,9.0,17.0,3.0,2.0,12.0,2.0,3.0,3.0,1.0,2.0,0.0,1.0,7.0,0.0,0.0,0.0,0.0,84.43,36.84,42.86,25.0,20.0,39.53,12.5,42.86,0.4174119853055387,0.4580112048343617,1.0,11.0,0.2333279999999999,4.0,16.0,16.0,0.43838489,63.0,15.737704918032788,19.672131147540984,34.67213114754099,1.475409836065574,1.7213114754098362,0.2459016393442623,1.2295081967213115,0.9836065573770492,1.9672131147540983,2.2131147540983607,4.180327868852459,0.7377049180327869,0.4918032786885246,2.950819672131148,0.4918032786885246,0.7377049180327869,0.7377049180327869,0.2459016393442623,0.4918032786885246,0.0,0.2459016393442623,1.7213114754098362,0.0,0.0,0.0,0.0,84.43,36.84,42.86,25.0,20.0,39.53,12.5,42.86,0.102642291468575,0.1126257061068102,0.2459016393442623,2.7049180327868854,0.057375737704918,0.9836065573770492,3.934426229508197,3.934426229508197,0.1077995631147541,15.491803278688526,CM/AM,88,41,50,44,56,50,28,78,78,75,81,69,56,66,38,47,44,12,50,34,25,75,16,53,50,53,56,6,78,12,28,31,56,25,50,44,19,56,38,41,72,59,50,44,88,31,56,31,56,50,19,75,75,75,62,69,56,62,31,50,38,12,62,34,25,75,16,53,50,53,56,6,78,12,28,31,56,25,38,44,12,50,38,31,62,56,31,56,Süper Lig
Samsunspor,dpsnqu7pd2b0shfzjyn5j1znf,c6rzadc9bx74tw06zdubmtc5x,E. Kılınç,Emre Kilinç,32,Midfielder,Türkiye,Midfielder,46.0,130.0,166.0,13.0,450.0,7.0,5.0,8.0,6.0,7.0,7.0,14.0,6.0,3.0,18.0,3.0,0.0,10.0,2.0,2.0,1.0,2.0,4.0,1.0,0.0,0.0,0.0,79.43,43.75,34.48,42.86,25.0,37.84,71.43,0.0,0.6311521514253574,1.1472979531059189,2.0,16.0,0.4566487299999999,6.0,15.0,19.0,0.95370086,71.0,9.2,26.0,33.2,2.6,1.4,1.0,1.6,1.2,1.4,1.4,2.8,1.2,0.6,3.6,0.6,0.0,2.0,0.4,0.4,0.2,0.4,0.8,0.2,0.0,0.0,0.0,79.43,43.75,34.48,42.86,25.0,37.84,71.43,0.0,0.1262304302850714,0.2294595906211837,0.4,3.2,0.0913297459999999,1.2,3.0,3.8,0.1907401719999999,14.2,CM/AM,50,75,66,78,56,94,75,94,66,66,47,97,81,94,66,6,75,28,50,81,62,47,47,53,50,53,6,12,66,38,47,19,100,6,81,69,44,88,94,75,62,75,75,62,6,62,47,69,31,88,50,88,56,56,25,97,62,81,50,6,69,19,25,69,38,38,34,53,50,53,6,12,66,38,47,19,100,6,62,56,25,88,88,62,38,44,69,44,Süper Lig
Samsunspor,dpsnqu7pd2b0shfzjyn5j1znf,dstxo7i9rklcwq64pik7jdgyc,J. Mendes,Joe Mendes,23,Defender,Sweden,Defender,81.0,105.0,181.0,10.0,449.0,6.0,9.0,2.0,2.0,2.0,2.0,18.0,11.0,6.0,9.0,1.0,5.0,5.0,0.0,0.0,1.0,1.0,2.0,1.0,0.0,0.0,0.0,93.78,60.0,27.78,50.0,50.0,54.55,60.0,83.33,0.2726332214070845,1.0001003130406738,0.0,11.0,0.31243528,4.0,12.0,19.0,1.04089343,85.0,16.23608017817372,21.046770601336306,36.28062360801782,2.0044543429844097,1.2026726057906458,1.8040089086859687,0.4008908685968819,0.4008908685968819,0.4008908685968819,0.4008908685968819,3.6080178173719375,2.2048997772828507,1.2026726057906458,1.8040089086859687,0.2004454342984409,1.0022271714922049,1.0022271714922049,0.0,0.0,0.2004454342984409,0.2004454342984409,0.4008908685968819,0.2004454342984409,0.0,0.0,0.0,93.78,60.0,27.78,50.0,50.0,54.55,60.0,83.33,0.054648084469126,0.2004655415894446,0.0,2.2048997772828507,0.062626225389755,0.8017817371937639,2.405345211581292,3.8084632516703785,0.2086423356347438,17.037861915367483,RB/RCB,60,93,77,93,23,83,60,67,47,40,57,53,77,100,37,60,90,33,33,93,73,30,83,47,53,53,100,87,80,47,83,60,73,70,73,93,40,100,100,70,40,77,87,77,40,87,60,93,13,87,50,57,47,40,33,53,73,87,33,53,87,33,33,90,57,27,80,47,53,53,100,87,80,47,83,60,73,70,67,93,40,100,100,73,33,67,87,53,Süper Lig
Samsunspor,dpsnqu7pd2b0shfzjyn5j1znf,hfsas6p5zlu8qtjlu1kd5xjo,S. Jarju,Saikuba Jarju,18,Attacker,Gambia,Striker,31.0,59.0,87.0,5.0,407.0,1.0,2.0,8.0,7.0,9.0,9.0,20.0,3.0,2.0,19.0,5.0,0.0,3.0,1.0,2.0,0.0,1.0,11.0,2.0,0.0,0.0,0.0,79.82,25.0,27.27,55.56,12.5,38.46,16.67,0.0,0.8714211096580817,0.2174415201799692,1.0,8.0,0.23705135,3.0,3.0,2.0,0.16899069,28.0,6.855036855036855,13.046683046683048,19.23832923832924,1.1056511056511056,0.2211302211302211,0.4422604422604422,1.769041769041769,1.547911547911548,1.9901719901719903,1.9901719901719903,4.422604422604422,0.6633906633906634,0.4422604422604422,4.201474201474202,1.1056511056511056,0.0,0.6633906633906634,0.2211302211302211,0.4422604422604422,0.0,0.2211302211302211,2.4324324324324325,0.4422604422604422,0.0,0.0,0.0,79.82,25.0,27.27,55.56,12.5,38.46,16.67,0.0,0.1926975426762343,0.048082891440288,0.2211302211302211,1.769041769041769,0.0524192174447174,0.6633906633906634,0.6633906633906634,0.4422604422604422,0.0373689486486486,6.191646191646192,RW,40,47,47,43,10,60,47,80,27,23,57,60,63,83,37,17,57,20,60,33,23,97,97,53,53,53,60,13,60,73,17,17,40,17,47,27,17,40,40,40,23,20,27,27,27,33,27,40,7,60,47,73,27,20,47,53,53,73,27,17,60,13,53,33,20,100,100,53,53,53,60,13,60,73,17,17,40,17,40,27,20,33,33,33,20,20,27,20,Süper Lig
Trabzonspor,2yab38jdfl0gk2tei1mq40o06,3nywtsbzd3od93xzrvh8zsyui,E. Muçi,Ernest Muçi,25,Midfielder,Albania,Midfielder,33.0,60.0,88.0,6.0,273.0,1.0,0.0,13.0,8.0,2.0,3.0,6.0,1.0,2.0,15.0,1.0,4.0,5.0,5.0,5.0,1.0,6.0,0.0,2.0,0.0,0.0,0.0,83.81,50.0,31.25,50.0,46.15,31.58,0.0,80.0,0.9828713044056304,0.7188191859312962,4.0,4.0,0.12716278,3.0,9.0,14.0,0.26636189,33.0,10.87912087912088,19.78021978021978,29.01098901098901,1.978021978021978,0.3296703296703296,0.0,4.285714285714286,2.6373626373626373,0.6593406593406593,0.989010989010989,1.978021978021978,0.3296703296703296,0.6593406593406593,4.945054945054945,0.3296703296703296,1.3186813186813189,1.6483516483516485,1.6483516483516485,1.6483516483516485,0.3296703296703296,1.978021978021978,0.0,0.6593406593406593,0.0,0.0,0.0,83.81,50.0,31.25,50.0,46.15,31.58,0.0,80.0,0.3240235069469111,0.2369733579993284,1.3186813186813189,1.3186813186813189,0.0419217956043956,0.989010989010989,2.967032967032967,4.615384615384616,0.087811612087912,10.87912087912088,CM/AM,19,25,25,44,6,19,88,100,12,19,6,31,56,88,12,69,59,69,94,81,100,6,84,53,50,53,38,25,50,47,88,12,25,75,88,50,81,12,12,28,31,31,19,25,38,38,31,50,6,19,100,100,12,19,12,38,69,100,19,75,62,81,94,94,100,6,100,53,50,53,38,25,50,47,88,12,25,75,100,62,94,12,12,38,31,69,25,25,Süper Lig
Trabzonspor,2yab38jdfl0gk2tei1mq40o06,4zrsiizdbzwwkmit3ta0f0dbe,A. Şimşir,Aral Simsir,24,Midfielder,Türkiye,Midfielder,36.0,73.0,104.0,11.0,325.0,8.0,0.0,4.0,4.0,17.0,20.0,21.0,2.0,2.0,14.0,5.0,4.0,5.0,0.0,1.0,0.0,1.0,12.0,1.0,0.0,0.0,0.0,84.55,100.0,35.71,29.41,25.0,56.76,0.0,100.0,0.3501510054913083,1.124511443149371,2.0,20.0,0.6342217000000001,3.0,9.0,18.0,1.2428711500000005,40.0,9.96923076923077,20.21538461538461,28.8,3.046153846153846,2.2153846153846155,0.0,1.1076923076923078,1.1076923076923078,4.707692307692308,5.538461538461538,5.815384615384615,0.5538461538461539,0.5538461538461539,3.876923076923077,1.3846153846153846,1.1076923076923078,1.3846153846153846,0.0,0.2769230769230769,0.0,0.2769230769230769,3.323076923076923,0.2769230769230769,0.0,0.0,0.0,84.55,100.0,35.71,29.41,25.0,56.76,0.0,100.0,0.0969648938283622,0.3114031688721335,0.5538461538461539,5.538461538461538,0.1756306246153846,0.8307692307692307,2.4923076923076923,4.984615384615385,0.3441797030769232,11.076923076923077,LM/LCM,60,100,80,100,80,30,30,80,100,100,70,30,60,80,90,70,100,30,50,50,40,100,90,60,60,60,40,90,60,40,50,80,40,90,40,100,50,100,100,60,80,100,100,80,80,100,80,100,80,30,40,100,100,100,80,40,60,100,80,60,100,30,60,50,60,100,100,60,60,60,40,90,60,40,50,80,40,90,60,100,60,100,100,80,100,100,100,80,Süper Lig
Trabzonspor,2yab38jdfl0gk2tei1mq40o06,5ilkkfbsss0bxd6ttdlqg0uz9,Mohamed Salah,Mohamed Salah Hamed Mahrous Ghaly,34,Attacker,Egypt,Striker,40.0,109.0,142.0,19.0,392.0,20.0,0.0,15.0,14.0,18.0,18.0,18.0,2.0,0.0,31.0,8.0,0.0,7.0,1.0,2.0,4.0,7.0,8.0,1.0,0.0,0.0,0.0,79.78,71.43,30.43,44.44,46.67,43.9,0.0,0.0,1.6462152170499178,1.497656751363832,3.0,13.0,0.45238118,5.0,18.0,31.0,0.8966205300000001,73.0,9.183673469387756,25.02551020408164,32.602040816326536,4.362244897959184,4.591836734693878,0.0,3.4438775510204085,3.2142857142857144,4.13265306122449,4.13265306122449,4.13265306122449,0.4591836734693878,0.0,7.117346938775511,1.8367346938775515,0.0,1.6071428571428572,0.2295918367346939,0.4591836734693878,0.9183673469387756,1.6071428571428572,1.8367346938775515,0.2295918367346939,0.0,0.0,0.0,79.78,71.43,30.43,44.44,46.67,43.9,0.0,0.0,0.3779575753430934,0.3438497643437369,0.6887755102040817,2.984693877551021,0.1038630260204081,1.1479591836734695,4.13265306122449,7.117346938775511,0.2058567543367347,16.760204081632654,RW,60,87,87,100,100,20,93,100,87,87,47,43,20,100,83,17,87,20,60,100,100,67,77,53,53,53,53,73,73,33,73,47,20,17,100,100,40,80,87,70,93,100,73,87,60,93,87,100,100,20,87,93,73,73,27,40,20,100,73,17,87,20,60,100,100,73,67,53,53,53,53,73,73,33,73,47,20,17,100,100,40,73,87,60,87,100,73,87,Süper Lig
Trabzonspor,2yab38jdfl0gk2tei1mq40o06,6ho91cw0qaxyn6qovo3i1myg9,M. Eskihellaç,Mustafa Eskihellaç,29,Defender,Türkiye,Defender,107.0,125.0,229.0,5.0,450.0,8.0,4.0,7.0,4.0,10.0,11.0,24.0,11.0,7.0,10.0,6.0,1.0,3.0,3.0,3.0,0.0,1.0,11.0,0.0,0.0,0.0,0.0,90.87,61.54,50.0,60.0,14.29,55.81,33.33,25.0,0.4285516666288039,0.5497699678848971,6.0,11.0,0.23135824,1.0,23.0,22.0,0.9917026800000006,107.0,21.4,25.0,45.8,1.0,1.6,0.8,1.4,0.8,2.0,2.2,4.8,2.2,1.4,2.0,1.2,0.2,0.6,0.6,0.6,0.0,0.2,2.2,0.0,0.0,0.0,0.0,90.87,61.54,50.0,60.0,14.29,55.81,33.33,25.0,0.0857103333257607,0.1099539935769794,1.2,2.2,0.046271648,0.2,4.6,4.4,0.1983405360000001,21.4,LB/LCB,90,100,95,79,57,62,95,83,95,98,88,60,81,83,95,14,83,95,95,40,69,95,43,48,52,52,95,86,95,64,60,57,31,10,76,86,100,93,81,33,100,95,90,90,86,95,90,62,38,48,88,74,90,93,79,31,79,76,90,10,69,90,93,40,60,90,43,48,52,52,95,86,95,64,60,57,31,10,67,67,100,86,62,24,95,81,86,76,Süper Lig
Trabzonspor,2yab38jdfl0gk2tei1mq40o06,7mms3tmwizhtvzakotl4hv0et,Fabinho,Fábio Henrique Tavares,32,Midfielder,Brazil,Midfielder,63.0,61.0,124.0,1.0,238.0,17.0,0.0,3.0,1.0,1.0,1.0,10.0,2.0,3.0,4.0,0.0,4.0,0.0,2.0,1.0,0.0,1.0,1.0,0.0,0.0,0.0,0.0,91.18,85.0,0.0,0.0,33.33,58.82,0.0,44.44,0.2043144026094986,0.0469194362473639,2.0,6.0,0.14331781,2.0,14.0,15.0,0.28748144,65.0,23.823529411764707,23.067226890756302,46.89075630252101,0.3781512605042016,6.428571428571429,0.0,1.134453781512605,0.3781512605042016,0.3781512605042016,0.3781512605042016,3.7815126050420167,0.7563025210084033,1.134453781512605,1.512605042016807,0.0,1.512605042016807,0.0,0.7563025210084033,0.3781512605042016,0.0,0.3781512605042016,0.3781512605042016,0.0,0.0,0.0,0.0,91.18,85.0,0.0,0.0,33.33,58.82,0.0,44.44,0.0772617488859448,0.0177426439590871,0.7563025210084033,2.26890756302521,0.0541958105042016,0.7563025210084033,5.294117647058823,5.6722689075630255,0.108711468907563,24.57983193277311,DM/CM,35,38,38,19,84,6,53,44,24,24,12,16,32,62,12,57,37,69,66,41,60,12,43,51,51,51,74,93,37,12,65,75,9,26,41,24,76,62,65,49,50,53,50,35,71,76,74,18,100,6,76,50,26,26,50,21,62,76,12,68,37,76,76,41,76,9,43,51,51,51,74,93,37,12,65,75,9,26,62,24,85,82,88,62,74,85,71,65,Süper Lig
Trabzonspor,2yab38jdfl0gk2tei1mq40o06,7wh91ajt4v3w9kfdpp5hf5mmt,P. Onuachu,Paul Onuachu,32,Attacker,Nigeria,Striker,9.0,24.0,33.0,2.0,401.0,2.0,8.0,9.0,7.0,4.0,5.0,14.0,1.0,1.0,15.0,0.0,1.0,0.0,2.0,3.0,2.0,2.0,4.0,0.0,0.0,0.0,0.0,73.33,50.0,0.0,0.0,22.22,38.89,40.0,50.0,1.1712876690867429,0.1502869704706504,2.0,2.0,0.04382219,2.0,3.0,1.0,0.21864739,11.0,2.0199501246882794,5.386533665835412,7.406483790523691,0.4488778054862842,0.4488778054862842,1.795511221945137,2.0199501246882794,1.5710723192019949,0.8977556109725685,1.1221945137157108,3.1421446384039897,0.2244389027431421,0.2244389027431421,3.366583541147132,0.0,0.2244389027431421,0.0,0.4488778054862842,0.6733167082294265,0.4488778054862842,0.4488778054862842,0.8977556109725685,0.0,0.0,0.0,0.0,73.33,50.0,0.0,0.0,22.22,38.89,40.0,50.0,0.2628825192464011,0.0337302427490237,0.4488778054862842,0.4488778054862842,0.0098354042394014,0.4488778054862842,0.6733167082294265,0.2244389027431421,0.0490729802992518,2.468827930174564,ST,15,33,22,20,48,67,54,63,30,48,26,26,48,61,6,44,26,41,72,67,37,46,35,52,52,52,41,41,26,6,30,33,28,41,63,30,39,30,26,44,43,13,44,31,15,19,7,19,37,59,33,52,22,30,22,19,44,44,6,37,26,33,63,63,30,44,35,52,52,52,41,41,26,6,30,33,28,41,56,30,33,22,15,37,48,15,37,19,Süper Lig
Trabzonspor,2yab38jdfl0gk2tei1mq40o06,av5g4nr853anks78vl6jh4s7p,S. Savić,Stefan Savic,35,Defender,Montenegro,Defender,234.0,127.0,361.0,3.0,450.0,20.0,15.0,4.0,4.0,1.0,1.0,21.0,14.0,7.0,6.0,0.0,2.0,0.0,0.0,0.0,0.0,3.0,4.0,0.0,0.0,0.0,0.0,92.56,64.52,0.0,0.0,75.0,65.62,75.0,100.0,0.508970286624786,0.1650488394664527,0.0,3.0,0.06254613,3.0,31.0,30.0,0.6454352299999998,264.0,46.8,25.4,72.2,0.6,4.0,3.0,0.8,0.8,0.2,0.2,4.2,2.8,1.4,1.2,0.0,0.4,0.0,0.0,0.0,0.0,0.6,0.8,0.0,0.0,0.0,0.0,92.56,64.52,0.0,0.0,75.0,65.62,75.0,100.0,0.1017940573249572,0.0330097678932905,0.0,0.6,0.012509226,0.6,6.2,6.0,0.1290870459999999,52.8,CB,100,100,100,86,83,89,74,86,45,45,67,30,92,85,23,24,41,32,33,39,97,71,41,48,52,52,79,94,41,23,94,73,79,89,85,73,33,70,73,92,100,97,97,100,97,94,100,74,80,82,62,80,41,41,59,21,77,74,23,17,41,32,33,39,94,61,41,48,52,52,79,94,41,23,94,73,79,89,73,64,33,59,64,82,97,94,88,100,Süper Lig
Trabzonspor,2yab38jdfl0gk2tei1mq40o06,axeygxw5crichqm4hqprm3mdw,Wagner Pina,Wagner Fabrício Cardoso de Pina,23,Defender,Cabo Verde,Defender,62.0,78.0,139.0,6.0,289.0,2.0,0.0,1.0,0.0,10.0,11.0,18.0,6.0,3.0,5.0,4.0,5.0,1.0,1.0,1.0,0.0,0.0,8.0,1.0,0.0,0.0,0.0,90.26,28.57,16.67,40.0,0.0,48.65,0.0,83.33,0.0910209395542666,0.5513782790303212,0.0,5.0,0.16117669,5.0,12.0,9.0,0.4998626,60.0,19.30795847750865,24.290657439446367,43.28719723183391,1.868512110726644,0.6228373702422145,0.0,0.3114186851211072,0.0,3.1141868512110724,3.42560553633218,5.6055363321799305,1.868512110726644,0.9342560553633218,1.5570934256055362,1.245674740484429,1.5570934256055362,0.3114186851211072,0.3114186851211072,0.3114186851211072,0.0,0.0,2.491349480968858,0.3114186851211072,0.0,0.0,0.0,90.26,28.57,16.67,40.0,0.0,48.65,0.0,83.33,0.0283456213144774,0.1717094986599616,0.0,1.5570934256055362,0.0501934328719723,1.5570934256055362,3.737024221453287,2.8027681660899653,0.155666553633218,18.68512110726644,RB/RCB,33,73,53,67,7,13,27,17,100,100,57,27,33,57,90,60,47,77,83,43,27,87,83,47,53,53,87,13,53,27,27,33,13,70,33,67,40,57,67,83,40,27,53,20,53,100,87,80,7,13,40,17,100,100,87,40,40,73,93,87,47,87,93,43,27,93,93,47,53,53,87,13,53,27,27,33,13,70,47,73,40,73,93,93,67,40,67,67,Süper Lig
Trabzonspor,2yab38jdfl0gk2tei1mq40o06,cg2c1slur70h744zbyvc65bs9,M. Kabasakal,Melih Kabasakal,30,Midfielder,Türkiye,Midfielder,80.0,37.0,117.0,1.0,230.0,7.0,1.0,0.0,0.0,1.0,1.0,10.0,5.0,6.0,0.0,1.0,6.0,0.0,0.0,0.0,0.0,0.0,1.0,0.0,0.0,0.0,0.0,96.69,100.0,0.0,100.0,0.0,58.82,50.0,85.71,0.0,0.0811686354270093,0.0,3.0,0.06032968,1.0,7.0,6.0,0.1821946199999999,49.0,31.30434782608696,14.47826086956522,45.78260869565218,0.391304347826087,2.739130434782609,0.391304347826087,0.0,0.0,0.391304347826087,0.391304347826087,3.91304347826087,1.956521739130435,2.347826086956522,0.0,0.391304347826087,2.347826086956522,0.0,0.0,0.0,0.0,0.0,0.391304347826087,0.0,0.0,0.0,0.0,96.69,100.0,0.0,100.0,0.0,58.82,50.0,85.71,0.0,0.0317616399496992,0.0,1.173913043478261,0.0236072660869565,0.391304347826087,2.739130434782609,2.347826086956522,0.0712935469565217,19.17391304347826,DM/CM,59,12,32,19,31,22,7,18,24,24,12,57,82,9,41,76,37,18,28,41,22,12,43,51,51,51,100,100,37,88,22,75,72,90,7,29,19,32,32,35,13,18,24,19,88,21,62,24,53,32,7,18,29,29,56,82,100,9,53,94,37,18,28,41,22,12,43,51,51,51,100,100,37,88,22,75,72,90,7,41,19,38,41,32,24,24,29,47,Süper Lig
Trabzonspor,2yab38jdfl0gk2tei1mq40o06,d078o2hgm2fkdjz5vagzx9oq2,Sidny Cabral,Sidny Lopes Cabral,23,Defender,Cabo Verde,Defender,41.0,58.0,98.0,2.0,223.0,7.0,0.0,4.0,1.0,2.0,3.0,12.0,5.0,3.0,4.0,1.0,2.0,1.0,3.0,1.0,0.0,1.0,5.0,0.0,0.0,0.0,0.0,95.15,77.78,6.67,50.0,25.0,44.44,0.0,33.33,0.2769457579209742,0.2077087015890148,2.0,8.0,0.23123906,2.0,10.0,10.0,0.4113816399999999,46.0,16.54708520179372,23.408071748878925,39.55156950672646,0.8071748878923767,2.825112107623318,0.0,1.6143497757847534,0.4035874439461883,0.8071748878923767,1.210762331838565,4.84304932735426,2.0179372197309418,1.210762331838565,1.6143497757847534,0.4035874439461883,0.8071748878923767,0.4035874439461883,1.210762331838565,0.4035874439461883,0.0,0.4035874439461883,2.0179372197309418,0.0,0.0,0.0,0.0,95.15,77.78,6.67,50.0,25.0,44.44,0.0,33.33,0.1117718305510658,0.083828623959692,0.8071748878923767,3.2286995515695067,0.0933251811659192,0.8071748878923767,4.035874439461884,4.035874439461884,0.1660284645739909,18.565022421524663,CB,9,45,18,70,30,5,74,35,68,79,23,6,29,64,58,24,86,97,80,39,62,80,41,48,52,52,100,100,82,56,55,12,5,11,61,82,88,97,100,80,42,41,67,18,15,91,39,85,58,5,94,52,82,91,76,6,64,88,70,64,91,100,97,39,82,91,41,48,52,52,100,100,82,56,55,12,5,11,79,97,97,100,100,97,76,73,100,30,Süper Lig
Trabzonspor,2yab38jdfl0gk2tei1mq40o06,e2k1zvps76pfb17pqnryuf0gk,C. Nwaiwu,Chibuike Nwaiwu,23,Defender,Nigeria,Defender,203.0,103.0,306.0,0.0,443.0,18.0,6.0,5.0,2.0,5.0,5.0,22.0,26.0,7.0,5.0,4.0,5.0,0.0,3.0,1.0,0.0,2.0,6.0,0.0,0.0,0.0,0.0,89.74,56.25,0.0,80.0,40.0,62.86,54.55,62.5,0.4157759829726352,0.0,3.0,3.0,0.09827791,1.0,17.0,19.0,0.5300345399999996,183.0,41.24153498871332,20.9255079006772,62.16704288939052,0.0,3.656884875846501,1.218961625282167,1.015801354401806,0.4063205417607223,1.015801354401806,1.015801354401806,4.469525959367946,5.28216704288939,1.4221218961625282,1.015801354401806,0.8126410835214446,1.015801354401806,0.0,0.6094808126410834,0.2031602708803611,0.0,0.4063205417607223,1.218961625282167,0.0,0.0,0.0,0.0,89.74,56.25,0.0,80.0,40.0,62.86,54.55,62.5,0.084469161326269,0.0,0.6094808126410834,0.6094808126410834,0.0199661668171557,0.2031602708803611,3.45372460496614,3.860045146726862,0.1076819607223475,37.17832957110609,CB,85,88,91,14,76,42,88,61,91,91,76,79,92,74,95,91,41,97,80,39,85,89,41,48,52,52,55,58,41,64,71,67,36,58,70,20,98,70,85,58,73,76,85,85,85,76,79,14,73,33,79,55,85,82,67,70,85,67,97,82,41,88,73,39,85,85,41,48,52,52,55,58,41,64,71,67,36,58,55,20,91,70,79,55,64,70,76,73,Süper Lig
Rizespor,1lbrlj3uu8wi2h9j79snuoae4,13u1ebeq6nonh7jdr6ao85obu,I. Olawoyin,Ibrahim Olawoyin,28,Attacker,Nigeria,Striker,38.0,82.0,118.0,5.0,308.0,2.0,2.0,6.0,2.0,9.0,9.0,18.0,7.0,3.0,7.0,6.0,6.0,2.0,4.0,2.0,0.0,2.0,2.0,0.0,0.0,0.0,0.0,83.69,22.22,66.67,66.67,33.33,54.55,40.0,75.0,0.4162590771634562,0.2428431763765783,3.0,7.0,0.14874653,4.0,14.0,13.0,0.3169230799999999,60.0,11.103896103896105,23.96103896103896,34.48051948051948,1.4610389610389611,0.5844155844155845,0.5844155844155845,1.7532467532467533,0.5844155844155845,2.62987012987013,2.62987012987013,5.25974025974026,2.0454545454545454,0.8766233766233766,2.0454545454545454,1.7532467532467533,1.7532467532467533,0.5844155844155845,1.168831168831169,0.5844155844155845,0.0,0.5844155844155845,0.5844155844155845,0.0,0.0,0.0,0.0,83.69,22.22,66.67,66.67,33.33,54.55,40.0,75.0,0.1216341459243865,0.0709606684217274,0.8766233766233766,2.0454545454545454,0.0434648951298701,1.168831168831169,4.090909090909091,3.798701298701298,0.0926073935064934,17.532467532467532,ST,89,93,93,69,48,26,28,9,70,70,54,93,93,11,85,100,74,74,54,17,37,20,35,52,52,52,85,11,96,85,50,89,28,69,15,41,63,81,52,80,94,89,63,96,100,93,100,63,48,22,22,7,81,81,63,100,96,11,85,100,74,85,56,17,37,19,35,52,52,52,85,11,96,85,50,89,28,69,11,41,70,81,67,89,96,93,67,96,Süper Lig
Rizespor,1lbrlj3uu8wi2h9j79snuoae4,1czk5wkuu6ahu3ytu2or8276d,Q. Laçi,Qazim Laçi,30,Midfielder,Albania,Midfielder,47.0,189.0,221.0,20.0,417.0,20.0,3.0,8.0,1.0,5.0,5.0,15.0,3.0,2.0,2.0,3.0,2.0,15.0,7.0,2.0,1.0,2.0,3.0,0.0,0.0,0.0,0.0,87.7,62.5,42.86,60.0,25.0,50.0,0.0,33.33,0.3761641017253489,1.5883883486129844,4.0,13.0,0.30954416,5.0,36.0,37.0,1.4998715999999992,135.0,10.14388489208633,40.79136690647481,47.6978417266187,4.316546762589928,4.316546762589928,0.6474820143884892,1.7266187050359711,0.2158273381294964,1.079136690647482,1.079136690647482,3.237410071942446,0.6474820143884892,0.4316546762589928,0.4316546762589928,0.6474820143884892,0.4316546762589928,3.237410071942446,1.5107913669064748,0.4316546762589928,0.2158273381294964,0.4316546762589928,0.6474820143884892,0.0,0.0,0.0,0.0,87.7,62.5,42.86,60.0,25.0,50.0,0.0,33.33,0.0811864967752551,0.3428176291970469,0.8633093525179856,2.805755395683453,0.0668080920863309,1.079136690647482,7.76978417266187,7.985611510791366,0.3237132949640285,29.136690647482013,CM/AM,56,100,100,100,91,78,75,16,41,38,56,69,56,12,66,28,100,88,50,81,62,31,16,53,50,53,81,47,78,72,47,66,25,12,25,94,81,72,75,56,100,97,100,100,25,100,94,100,88,75,62,12,31,25,38,62,44,12,56,25,100,75,38,75,44,19,16,53,50,53,81,47,78,72,47,66,25,12,12,88,75,62,69,44,100,94,100,100,Süper Lig
Rizespor,1lbrlj3uu8wi2h9j79snuoae4,29vvxzsd3221w7a5upiznkjx1,A. Sowe,Ali Sowe,32,Attacker,Gambia,Striker,27.0,27.0,54.0,3.0,438.0,2.0,6.0,9.0,9.0,9.0,9.0,17.0,1.0,3.0,20.0,6.0,0.0,0.0,0.0,3.0,2.0,5.0,5.0,0.0,0.0,0.0,0.0,83.08,66.67,0.0,66.67,55.56,47.22,50.0,0.0,1.0196792200644995,0.1019554793332217,0.0,4.0,0.1292245699999999,1.0,3.0,2.0,0.03971742,11.0,5.5479452054794525,5.5479452054794525,11.095890410958903,0.6164383561643836,0.4109589041095891,1.2328767123287672,1.8493150684931507,1.8493150684931507,1.8493150684931507,1.8493150684931507,3.493150684931507,0.2054794520547945,0.6164383561643836,4.109589041095891,1.2328767123287672,0.0,0.0,0.0,0.6164383561643836,0.4109589041095891,1.0273972602739727,1.0273972602739727,0.0,0.0,0.0,0.0,83.08,66.67,0.0,66.67,55.56,47.22,50.0,0.0,0.2095231274105136,0.0209497560273743,0.0,0.8219178082191781,0.0265529938356164,0.2054794520547945,0.6164383561643836,0.4109589041095891,0.0081611136986301,2.26027397260274,ST,76,46,54,37,48,44,54,74,70,70,44,26,93,74,85,15,26,6,72,67,72,57,35,52,52,52,81,61,26,85,87,74,72,15,56,19,4,48,44,24,43,22,11,31,52,22,37,30,30,37,30,67,63,63,30,15,81,59,74,15,26,6,59,56,63,48,35,52,52,52,81,61,26,85,87,74,72,15,41,15,4,41,44,19,37,19,11,7,Süper Lig
Rizespor,1lbrlj3uu8wi2h9j79snuoae4,5edtlo5i3y7jthr27otqy819m,M. Pala,Mithat Pala,26,Midfielder,Türkiye,Midfielder,66.0,104.0,166.0,2.0,450.0,6.0,0.0,4.0,3.0,14.0,14.0,31.0,6.0,4.0,14.0,8.0,7.0,4.0,1.0,0.0,0.0,1.0,14.0,1.0,0.0,0.0,0.0,87.37,50.0,28.57,57.14,25.0,60.78,0.0,77.78,0.3314635358997287,0.2467513587199947,0.0,9.0,0.24370506,10.0,11.0,15.0,0.86975897,67.0,13.2,20.8,33.2,0.4,1.2,0.0,0.8,0.6,2.8,2.8,6.2,1.2,0.8,2.8,1.6,1.4,0.8,0.2,0.0,0.0,0.2,2.8,0.2,0.0,0.0,0.0,87.37,50.0,28.57,57.14,25.0,60.78,0.0,77.78,0.0662927071799457,0.0493502717439989,0.0,1.8,0.048741012,2.0,2.2,3.0,0.173951794,13.4,CM/AM,94,62,66,16,41,19,16,59,100,94,100,97,94,81,100,100,50,12,6,34,25,100,47,53,50,53,69,25,44,62,47,100,25,69,19,25,6,34,50,100,38,44,62,53,75,44,47,6,19,19,6,44,94,88,94,97,75,56,94,81,44,6,6,34,12,94,34,53,50,53,69,25,44,62,47,100,25,69,6,12,6,25,19,100,25,25,62,38,Süper Lig
Rizespor,1lbrlj3uu8wi2h9j79snuoae4,8p47d0e54hgl7d86vur1m5nmx,M. Sagnan,Modibo Sagnan,27,Defender,Mali,Defender,141.0,90.0,231.0,1.0,448.0,14.0,9.0,5.0,4.0,1.0,1.0,19.0,28.0,7.0,5.0,0.0,5.0,0.0,1.0,1.0,0.0,2.0,2.0,0.0,0.0,0.0,0.0,92.03,56.0,0.0,0.0,40.0,46.34,52.94,62.5,0.6515505107450408,0.0,1.0,3.0,0.06344442,2.0,20.0,13.0,0.3899043299999999,150.0,28.325892857142858,18.080357142857142,46.40625,0.2008928571428571,2.8125,1.8080357142857144,1.0044642857142856,0.8035714285714286,0.2008928571428571,0.2008928571428571,3.8169642857142856,5.625,1.40625,1.0044642857142856,0.0,1.0044642857142856,0.0,0.2008928571428571,0.2008928571428571,0.0,0.4017857142857143,0.4017857142857143,0.0,0.0,0.0,0.0,92.03,56.0,0.0,0.0,40.0,46.34,52.94,62.5,0.1308918436764591,0.0,0.2008928571428571,0.6026785714285714,0.0127455308035714,0.4017857142857143,4.017857142857142,2.611607142857143,0.0783289948660714,30.13392857142857,CB,52,77,64,42,62,67,88,86,45,45,56,86,92,74,23,91,41,70,80,39,85,44,41,48,52,52,70,55,41,23,71,15,30,58,91,20,73,70,76,80,83,47,64,67,45,64,52,42,55,61,76,85,52,52,48,82,82,64,23,79,41,70,70,39,79,42,41,48,52,52,70,55,41,23,71,15,30,58,88,20,73,67,70,76,73,42,48,64,Süper Lig
Rizespor,1lbrlj3uu8wi2h9j79snuoae4,8yxa6unly2p4uxa2lexnd5xbd,A. Mocsi,Attila Mocsi,26,Defender,Hungary,Defender,183.0,117.0,298.0,6.0,443.0,26.0,10.0,5.0,5.0,1.0,1.0,17.0,23.0,5.0,6.0,1.0,4.0,2.0,0.0,0.0,0.0,1.0,0.0,0.0,1.0,0.0,0.0,88.43,53.06,28.57,100.0,20.0,36.17,38.46,66.67,0.6520633547434767,0.5660928127474777,0.0,8.0,0.17390164,7.0,32.0,40.0,0.98768869,196.0,37.17832957110609,23.769751693002256,60.541760722347625,1.218961625282167,5.28216704288939,2.031602708803612,1.015801354401806,1.015801354401806,0.2031602708803611,0.2031602708803611,3.45372460496614,4.672686230248306,1.015801354401806,1.218961625282167,0.2031602708803611,0.8126410835214446,0.4063205417607223,0.0,0.0,0.0,0.2031602708803611,0.0,0.0,0.2031602708803611,0.0,0.0,88.43,53.06,28.57,100.0,20.0,36.17,38.46,66.67,0.1324733677808417,0.1150075691812031,0.0,1.6252821670428892,0.035329904288939,1.4221218961625282,6.501128668171557,8.126410835214447,0.200659101805869,39.81941309255079,RB/RCB,100,100,100,67,100,93,90,97,27,20,47,73,60,73,37,47,67,33,33,43,73,10,37,97,53,53,80,67,87,93,53,13,33,40,93,73,40,87,73,97,100,100,80,100,93,93,100,60,100,93,87,100,33,27,27,67,60,67,40,40,67,33,33,43,67,10,37,93,53,53,80,67,87,93,53,13,33,40,93,67,40,80,60,87,100,100,80,100,Süper Lig
Rizespor,1lbrlj3uu8wi2h9j79snuoae4,cvp10zci3p7gg5gi9bmbgj6qd,T. Antalyalı,Taylan Antalyali,31,Midfielder,Türkiye,Midfielder,78.0,114.0,192.0,4.0,409.0,18.0,1.0,2.0,1.0,3.0,3.0,17.0,5.0,6.0,2.0,1.0,2.0,0.0,1.0,1.0,0.0,0.0,9.0,0.0,0.0,0.0,0.0,87.67,78.26,0.0,33.33,0.0,60.71,20.0,33.33,0.1528163210479033,0.3156912262467773,1.0,7.0,0.14467355,3.0,26.0,27.0,0.3905256100000001,108.0,17.163814180929094,25.08557457212714,42.24938875305624,0.880195599022005,3.9608801955990223,0.2200488997555012,0.4400977995110025,0.2200488997555012,0.6601466992665037,0.6601466992665037,3.740831295843521,1.1002444987775062,1.3202933985330074,0.4400977995110025,0.2200488997555012,0.4400977995110025,0.0,0.2200488997555012,0.2200488997555012,0.0,0.0,1.9804400977995111,0.0,0.0,0.0,0.0,87.67,78.26,0.0,33.33,0.0,60.71,20.0,33.33,0.0336270633112745,0.0694675069980683,0.2200488997555012,1.5403422982885089,0.0318352555012225,0.6601466992665037,5.721271393643032,5.941320293398533,0.0859347308068459,23.765281173594133,DM/CM,56,87,74,69,91,22,34,44,54,51,60,57,82,38,41,29,37,47,66,41,22,88,43,51,51,51,62,88,37,40,22,82,21,10,32,74,53,71,68,59,84,94,56,81,41,82,53,62,74,18,35,41,44,44,47,56,76,32,29,24,37,44,62,41,22,79,43,51,51,51,62,88,37,40,22,82,21,10,24,68,50,62,62,56,82,94,44,56,Süper Lig
Rizespor,1lbrlj3uu8wi2h9j79snuoae4,eikdf6bvfyzmb0ahxtyokd5gp,A. Kutucu,Ahmed Kutucu,26,Attacker,Türkiye,Striker,48.0,78.0,124.0,4.0,398.0,5.0,3.0,15.0,6.0,5.0,6.0,16.0,5.0,5.0,12.0,2.0,4.0,2.0,9.0,7.0,0.0,4.0,2.0,0.0,0.0,0.0,0.0,87.94,55.56,15.38,40.0,26.67,47.06,42.86,44.44,0.9720938148355974,0.3759173960650848,11.0,8.0,0.25050267,2.0,14.0,15.0,0.4634030799999999,55.0,10.85427135678392,17.63819095477387,28.040201005025125,0.9045226130653266,1.1306532663316582,0.6783919597989949,3.3919597989949746,1.3567839195979898,1.1306532663316582,1.3567839195979898,3.618090452261306,1.1306532663316582,1.1306532663316582,2.71356783919598,0.4522613065326633,0.9045226130653266,0.4522613065326633,2.0351758793969847,1.5829145728643217,0.0,0.9045226130653266,0.4522613065326633,0.0,0.0,0.0,0.0,87.94,55.56,15.38,40.0,26.67,47.06,42.86,44.44,0.219820209384934,0.0850064463463759,2.487437185929648,1.809045226130653,0.0566463324120602,0.4522613065326633,3.165829145728643,3.3919597989949746,0.1047896412060301,12.43718592964824,LW,100,89,89,56,61,78,89,72,11,11,56,100,94,44,17,78,67,100,89,28,83,28,44,56,56,56,89,44,67,44,44,67,67,22,78,56,100,39,56,28,89,89,78,89,100,56,89,44,44,78,89,44,11,11,22,100,78,33,22,56,67,100,89,28,67,22,44,56,56,56,89,44,67,44,44,67,67,22,67,44,100,22,22,33,78,67,56,89,Süper Lig
Rizespor,1lbrlj3uu8wi2h9j79snuoae4,yl0xjz80l54gd87o98gw9c7o,Z. Ariss,Zakaria Ariss,22,Defender,Morocco,Defender,73.0,87.0,159.0,5.0,344.0,11.0,3.0,6.0,1.0,7.0,7.0,13.0,13.0,9.0,5.0,0.0,5.0,1.0,5.0,3.0,0.0,1.0,5.0,0.0,0.0,0.0,0.0,83.68,40.74,12.5,0.0,16.67,41.94,60.0,83.33,0.3072653376057293,0.3013708620261762,4.0,8.0,0.18831792,7.0,12.0,16.0,0.45870095,82.0,19.098837209302324,22.76162790697674,41.59883720930232,1.3081395348837208,2.877906976744186,0.7848837209302325,1.569767441860465,0.2616279069767441,1.8313953488372088,1.8313953488372088,3.4011627906976742,3.4011627906976742,2.3546511627906974,1.3081395348837208,0.0,1.3081395348837208,0.2616279069767441,1.3081395348837208,0.7848837209302325,0.0,0.2616279069767441,1.3081395348837208,0.0,0.0,0.0,0.0,83.68,40.74,12.5,0.0,16.67,41.94,60.0,83.33,0.0803891871642896,0.0788470278556856,1.0465116279069766,2.093023255813953,0.0492692232558139,1.8313953488372088,3.13953488372093,4.186046511627906,0.1200089694767441,21.453488372093023,LB/LCB,57,79,74,79,76,52,83,52,88,88,40,79,98,62,19,74,40,100,95,40,69,81,43,48,52,52,52,48,33,19,67,10,71,100,67,57,93,71,67,93,67,71,48,76,62,90,81,67,81,43,95,48,86,76,29,86,100,62,19,67,43,100,100,40,71,86,43,48,52,52,52,48,33,19,67,10,71,100,62,62,95,76,67,100,67,71,57,81,Süper Lig
Çorum,eg0cqg1u8zz85ma9nzk0cijv,1cad4bkf8h0mx6mfdm86g9d2i,M. Diomandé,Mohamed Diomande,24,Midfielder,Côte d'Ivoire,Midfielder,34.0,80.0,114.0,6.0,329.0,11.0,2.0,5.0,2.0,5.0,5.0,14.0,2.0,1.0,12.0,3.0,3.0,0.0,3.0,3.0,1.0,1.0,6.0,1.0,0.0,0.0,0.0,89.76,68.75,0.0,60.0,20.0,53.85,66.67,100.0,0.4462995636966777,0.3642899106242774,3.0,10.0,0.28545726,7.0,16.0,15.0,0.2803088199999999,53.0,9.300911854103344,21.884498480243163,31.185410334346507,1.6413373860182372,3.009118541033435,0.547112462006079,1.3677811550151977,0.547112462006079,1.3677811550151977,1.3677811550151977,3.8297872340425534,0.547112462006079,0.2735562310030395,3.2826747720364744,0.8206686930091186,0.8206686930091186,0.0,0.8206686930091186,0.8206686930091186,0.2735562310030395,0.2735562310030395,1.6413373860182372,0.2735562310030395,0.0,0.0,0.0,89.76,68.75,0.0,60.0,20.0,53.85,66.67,100.0,0.1220880265431641,0.0996537749428114,0.8206686930091186,2.7355623100303954,0.0780886121580547,1.9148936170212767,4.376899696048632,4.103343465045593,0.0766802243161094,14.498480243161096,CM/AM,25,41,38,44,75,69,28,34,41,38,47,53,34,66,66,47,9,44,75,81,25,66,47,53,50,53,94,62,9,72,28,75,94,94,56,38,66,44,69,91,72,44,25,38,12,50,38,44,81,69,31,38,44,44,56,56,38,75,69,56,9,44,75,88,31,69,50,53,50,53,94,62,9,72,28,75,94,94,56,31,62,56,75,94,75,62,19,50,Süper Lig
Çorum,eg0cqg1u8zz85ma9nzk0cijv,2h55ly0oov4e8qycacahxapjp,Fredy,Alfredo Kulembe Gomes Ribeiro,36,Midfielder,Angola,Midfielder,57.0,93.0,149.0,5.0,302.0,9.0,1.0,6.0,0.0,1.0,1.0,12.0,4.0,3.0,4.0,1.0,2.0,1.0,6.0,1.0,0.0,0.0,5.0,2.0,0.0,0.0,0.0,84.18,81.82,14.29,100.0,0.0,42.86,16.67,40.0,0.3042985059757643,0.3290445398058714,4.0,9.0,0.22192427,4.0,14.0,16.0,0.4056808999999999,74.0,16.986754966887418,27.71523178807947,44.40397350993377,1.490066225165563,2.6821192052980134,0.2980132450331125,1.7880794701986755,0.0,0.2980132450331125,0.2980132450331125,3.576158940397351,1.1920529801324502,0.8940397350993378,1.1920529801324502,0.2980132450331125,0.5960264900662251,0.2980132450331125,1.7880794701986755,0.2980132450331125,0.0,0.0,1.490066225165563,0.5960264900662251,0.0,0.0,0.0,84.18,81.82,14.29,100.0,0.0,42.86,16.67,40.0,0.0906849852245655,0.0980596310679749,1.1920529801324502,2.6821192052980134,0.0661363718543046,1.1920529801324502,4.172185430463576,4.768211920529801,0.1208982814569536,22.05298013245033,CM/AM,75,56,56,31,69,50,47,6,6,6,25,84,81,22,12,28,22,81,22,34,6,56,84,53,50,53,44,88,19,100,6,44,62,19,12,31,81,34,31,41,53,59,38,69,94,69,75,38,69,56,69,6,6,6,44,88,94,25,12,31,19,88,19,34,6,62,94,53,50,53,44,88,19,100,6,44,62,19,19,25,88,44,62,56,69,75,50,75,Süper Lig
Çorum,eg0cqg1u8zz85ma9nzk0cijv,5brwa0y63724t6s3y6gtz28yx,B. Özdemir,Berat Özdemir,28,Midfielder,Türkiye,Midfielder,69.0,46.0,115.0,1.0,222.0,15.0,5.0,0.0,0.0,1.0,1.0,12.0,9.0,0.0,0.0,1.0,3.0,0.0,0.0,0.0,0.0,0.0,1.0,0.0,0.0,0.0,0.0,91.27,65.22,0.0,100.0,0.0,66.67,83.33,60.0,0.0,0.0505862024895276,0.0,3.0,0.05932094,1.0,9.0,9.0,0.26197644,64.0,27.97297297297297,18.64864864864865,46.62162162162162,0.4054054054054054,6.081081081081081,2.0270270270270268,0.0,0.0,0.4054054054054054,0.4054054054054054,4.864864864864865,3.6486486486486487,0.0,0.0,0.4054054054054054,1.2162162162162162,0.0,0.0,0.0,0.0,0.0,0.4054054054054054,0.0,0.0,0.0,0.0,91.27,65.22,0.0,100.0,0.0,66.67,83.33,60.0,0.0,0.0205079199281868,0.0,1.2162162162162162,0.0240490297297297,0.4054054054054054,3.6486486486486487,3.6486486486486487,0.1062066648648648,25.945945945945944,DM/CM,46,24,29,19,71,84,7,18,24,24,31,90,4,9,41,44,37,18,28,41,22,12,43,51,51,51,76,62,37,88,22,91,94,59,7,26,19,32,29,35,22,29,41,32,82,53,68,26,97,97,7,18,32,32,76,94,4,9,59,62,37,18,28,41,22,15,43,51,51,51,76,62,37,88,22,91,94,59,7,26,19,44,44,38,38,44,68,71,Süper Lig
Çorum,eg0cqg1u8zz85ma9nzk0cijv,6dr0l2wrc75ez1zzaa3ccnu8l,G. Sazdağı,Gökhan Sazdagi,31,Midfielder,Türkiye,Midfielder,85.0,86.0,169.0,5.0,440.0,9.0,3.0,1.0,1.0,6.0,7.0,22.0,13.0,5.0,7.0,4.0,4.0,2.0,0.0,0.0,0.0,1.0,4.0,1.0,0.0,0.0,0.0,82.04,39.13,12.5,66.67,100.0,46.81,30.0,36.36,0.1172036829084186,0.4780673209802992,1.0,3.0,0.1528671099999999,1.0,15.0,18.0,0.8971986700000003,82.0,17.386363636363637,17.59090909090909,34.56818181818181,1.0227272727272727,1.8409090909090908,0.6136363636363635,0.2045454545454545,0.2045454545454545,1.227272727272727,1.4318181818181817,4.5,2.6590909090909087,1.0227272727272727,1.4318181818181817,0.8181818181818181,0.8181818181818181,0.409090909090909,0.0,0.0,0.0,0.2045454545454545,0.8181818181818181,0.2045454545454545,0.0,0.0,0.0,82.04,39.13,12.5,66.67,100.0,46.81,30.0,36.36,0.0239734805949038,0.097786497473243,0.2045454545454545,0.6136363636363635,0.0312682724999999,0.2045454545454545,3.068181818181818,3.6818181818181817,0.1835179097727273,16.77272727272727,RM/RCM,100,67,100,67,50,67,50,67,67,67,67,100,100,67,67,100,67,33,33,50,67,67,100,67,67,67,33,33,33,67,100,67,67,67,67,67,50,33,67,50,100,100,100,100,100,67,100,67,33,67,33,67,67,67,67,67,100,67,67,100,67,33,33,50,67,67,100,67,67,67,33,33,33,67,100,67,67,67,67,67,33,33,67,33,100,100,100,100,Süper Lig
Çorum,eg0cqg1u8zz85ma9nzk0cijv,757f9x11lzcug3d6sn39d85wp,J. Ramírez,Jesús Ramírez,28,Attacker,Venezuela,Striker,32.0,41.0,73.0,3.0,412.0,2.0,10.0,15.0,11.0,5.0,5.0,21.0,3.0,1.0,21.0,2.0,1.0,0.0,4.0,4.0,3.0,6.0,9.0,1.0,0.0,0.0,0.0,82.02,66.67,0.0,40.0,40.0,41.18,41.67,100.0,2.4030932921669823,0.2020994556556236,5.0,5.0,0.1626356,1.0,1.0,1.0,0.0290173899999999,17.0,6.990291262135923,8.95631067961165,15.946601941747574,0.6553398058252428,0.4368932038834952,2.184466019417476,3.2766990291262137,2.402912621359224,1.0922330097087378,1.0922330097087378,4.587378640776699,0.6553398058252428,0.2184466019417476,4.587378640776699,0.4368932038834952,0.2184466019417476,0.0,0.8737864077669903,0.8737864077669903,0.6553398058252428,1.3106796116504855,1.966019417475728,0.2184466019417476,0.0,0.0,0.0,82.02,66.67,0.0,40.0,40.0,41.18,41.67,100.0,0.5249475638228845,0.0441479393422478,1.0922330097087378,1.0922330097087378,0.0355271941747572,0.2184466019417476,0.2184466019417476,0.2184466019417476,0.0063387502427184,3.713592233009709,ST,81,67,70,37,48,81,87,87,50,48,74,70,48,80,54,44,26,74,85,81,85,80,81,52,52,52,74,61,26,43,69,48,37,89,96,37,89,61,63,24,19,13,7,56,70,48,56,33,33,74,81,78,30,26,37,52,41,67,52,33,26,56,78,78,81,67,74,52,52,52,74,61,26,43,69,48,37,89,89,33,81,48,52,22,11,11,7,41,Süper Lig
Çorum,eg0cqg1u8zz85ma9nzk0cijv,7iqt50eaixxatz08dh54p81gq,H. Smolčić,Hrvoje Smolcic,26,Defender,Croatia,Defender,207.0,104.0,311.0,0.0,428.0,30.0,6.0,1.0,0.0,2.0,2.0,14.0,25.0,7.0,1.0,1.0,2.0,0.0,1.0,0.0,0.0,0.0,3.0,0.0,1.0,0.0,0.0,92.56,69.77,0.0,50.0,0.0,56.0,66.67,50.0,0.0564166216584057,0.0,1.0,3.0,0.06333723,2.0,18.0,27.0,0.5145121899999996,202.0,43.52803738317757,21.86915887850468,65.39719626168224,0.0,6.308411214953271,1.2616822429906542,0.2102803738317757,0.0,0.4205607476635514,0.4205607476635514,2.94392523364486,5.257009345794392,1.47196261682243,0.2102803738317757,0.2102803738317757,0.4205607476635514,0.0,0.2102803738317757,0.0,0.0,0.0,0.6308411214953271,0.0,0.2102803738317757,0.0,0.0,92.56,69.77,0.0,50.0,0.0,56.0,66.67,50.0,0.0118633082926554,0.0,0.2102803738317757,0.6308411214953271,0.0133185764018691,0.4205607476635514,3.785046728971962,5.677570093457944,0.1081918156542055,42.47663551401869,LB/LCB,100,86,100,10,100,74,33,24,36,36,50,100,81,24,45,29,17,52,36,40,29,67,43,98,52,52,100,95,17,55,29,62,83,40,33,14,60,31,29,52,90,100,62,100,100,86,100,10,100,71,29,24,33,33,14,100,86,19,38,24,17,43,36,40,29,48,43,95,52,52,100,95,17,55,29,62,83,40,33,14,48,24,24,38,86,100,48,100,Süper Lig
Çorum,eg0cqg1u8zz85ma9nzk0cijv,bl6uq3fvylco5rnk4g6510sno,A. Borza,Andrei Borza,20,Defender,Romania,Defender,74.0,87.0,159.0,3.0,450.0,9.0,1.0,7.0,5.0,11.0,11.0,24.0,12.0,3.0,16.0,8.0,9.0,2.0,2.0,3.0,1.0,1.0,1.0,1.0,0.0,0.0,0.0,82.81,47.37,33.33,72.73,14.29,58.54,25.0,64.29,0.4785866355796601,0.205469559905671,4.0,11.0,0.25810858,4.0,14.0,17.0,0.46514,72.0,14.8,17.4,31.8,0.6,1.8,0.2,1.4,1.0,2.2,2.2,4.8,2.4,0.6,3.2,1.6,1.8,0.4,0.4,0.6,0.2,0.2,0.2,0.2,0.0,0.0,0.0,82.81,47.37,33.33,72.73,14.29,58.54,25.0,64.29,0.095717327115932,0.0410939119811342,0.8,2.2,0.051621716,0.8,2.8,3.4,0.093028,14.4,LB/LCB,62,79,74,55,62,19,95,93,100,98,88,69,50,100,100,93,64,79,95,90,69,17,93,48,52,52,43,62,79,76,60,67,19,67,81,48,93,93,90,67,79,79,52,38,29,62,52,52,48,14,88,90,95,93,79,52,38,95,100,90,52,71,93,86,60,10,86,48,52,52,43,62,79,76,60,67,19,67,76,48,90,86,76,62,57,48,38,24,Süper Lig
Çorum,eg0cqg1u8zz85ma9nzk0cijv,c4kxfrbrfedilykhbyak3e579,Y. Ramadani,Ylber Ramadani,30,Midfielder,Albania,Midfielder,117.0,85.0,202.0,2.0,303.0,17.0,2.0,1.0,1.0,3.0,3.0,12.0,3.0,4.0,3.0,1.0,3.0,0.0,0.0,0.0,0.0,0.0,4.0,0.0,0.0,0.0,0.0,91.82,77.27,0.0,33.33,0.0,38.71,0.0,60.0,0.1146468204473523,0.0428328698391632,0.0,0.0,0.0,0.0,21.0,17.0,0.2572013299999999,95.0,34.75247524752475,25.247524752475247,60.0,0.594059405940594,5.0495049504950495,0.594059405940594,0.297029702970297,0.297029702970297,0.8910891089108911,0.8910891089108911,3.5643564356435644,0.8910891089108911,1.188118811881188,0.8910891089108911,0.297029702970297,0.8910891089108911,0.0,0.0,0.0,0.0,0.0,1.188118811881188,0.0,0.0,0.0,0.0,91.82,77.27,0.0,33.33,0.0,38.71,0.0,60.0,0.034053511023966,0.012722634605692,0.0,0.0,0.0,0.0,6.237623762376238,5.0495049504950495,0.0763964346534653,28.217821782178216,DM/CM,94,65,79,37,84,47,21,44,54,51,31,28,59,51,41,44,37,18,28,41,22,43,43,51,51,51,94,85,37,40,22,18,9,59,21,15,19,4,4,13,72,65,38,68,97,85,97,35,91,44,21,47,68,62,32,29,68,59,44,53,37,18,28,41,22,56,43,51,51,51,94,85,37,40,22,18,9,59,26,18,19,4,4,13,91,76,38,82,Süper Lig
Çorum,eg0cqg1u8zz85ma9nzk0cijv,ck3l6a262hves3v6nywarx9pm,Alexandre Penetra,Alexandre Manuel Penetra Correia,25,Defender,Portugal,Defender,105.0,66.0,171.0,0.0,280.0,18.0,5.0,0.0,0.0,0.0,0.0,8.0,16.0,2.0,1.0,0.0,3.0,0.0,0.0,0.0,0.0,0.0,0.0,0.0,1.0,0.0,0.0,89.53,52.94,0.0,0.0,0.0,50.0,55.56,100.0,0.0,0.0,0.0,0.0,0.0,0.0,0.0,0.0,0.0,0.0,33.75,21.214285714285715,54.96428571428572,0.0,5.785714285714286,1.6071428571428572,0.0,0.0,0.0,0.0,2.571428571428571,5.142857142857142,0.6428571428571428,0.3214285714285714,0.0,0.9642857142857144,0.0,0.0,0.0,0.0,0.0,0.0,0.0,0.3214285714285714,0.0,0.0,89.53,52.94,0.0,0.0,0.0,50.0,55.56,100.0,0.0,0.0,0.0,0.0,0.0,0.0,0.0,0.0,0.0,0.0,CB,33,61,42,14,76,32,6,9,17,17,9,41,15,21,23,52,41,32,33,39,24,8,41,98,52,52,48,45,41,23,24,27,42,89,6,20,33,18,18,23,5,5,3,3,55,79,70,14,100,45,6,9,17,17,15,67,24,27,23,70,41,32,33,39,24,8,41,100,52,52,48,45,41,23,24,27,42,89,6,20,33,18,18,23,5,5,3,3,Süper Lig
Çorum,eg0cqg1u8zz85ma9nzk0cijv,d8nu4aiee6vg52by1k1snl7xm,A. Kyziridis,Alexandros Kyziridis,25,Attacker,Greece,Striker,23.0,52.0,72.0,9.0,250.0,5.0,1.0,8.0,5.0,10.0,10.0,10.0,0.0,2.0,19.0,5.0,0.0,3.0,3.0,2.0,3.0,4.0,4.0,1.0,0.0,0.0,0.0,88.89,83.33,33.33,50.0,50.0,41.67,33.33,0.0,1.1829154090081515,0.6219951109216026,5.0,21.0,0.7025414799999998,7.0,5.0,7.0,0.60230604,27.0,8.280000000000001,18.72,25.92,3.24,1.8,0.36,2.88,1.8,3.6,3.6,3.6,0.0,0.72,6.84,1.8,0.0,1.08,1.08,0.72,1.08,1.44,1.44,0.36,0.0,0.0,0.0,88.89,83.33,33.33,50.0,50.0,41.67,33.33,0.0,0.4258495472429345,0.2239182399317769,1.8,7.56,0.2529149327999999,2.52,1.8,2.52,0.2168301744,9.72,LW,33,56,56,89,61,44,50,56,56,56,22,28,39,89,67,11,78,50,56,100,83,67,94,56,56,56,100,78,89,56,89,11,56,11,89,78,67,78,89,78,44,33,89,56,56,78,56,100,78,44,78,89,56,56,11,28,44,89,67,11,78,56,56,100,100,78,100,56,56,56,100,78,89,56,89,11,56,11,100,89,89,100,100,78,56,33,89,56,Süper Lig
İstanbul Başakşehir,47njg6cmlx5q3fvdsupd2n6qu,1ni0afs55daxlb5ocaqb2o8vd,J. Opoku,Jerome Opoku,27,Defender,Ghana,Defender,184.0,75.0,258.0,1.0,450.0,17.0,5.0,2.0,1.0,7.0,7.0,15.0,14.0,4.0,1.0,3.0,1.0,1.0,1.0,0.0,0.0,0.0,6.0,0.0,0.0,0.0,0.0,91.49,53.12,100.0,42.86,0.0,53.57,62.5,100.0,0.1570311367913989,0.0324010348930904,1.0,3.0,0.05553013,0.0,16.0,18.0,0.43502566,159.0,36.8,15.0,51.6,0.2,3.4,1.0,0.4,0.2,1.4,1.4,3.0,2.8,0.8,0.2,0.6,0.2,0.2,0.2,0.0,0.0,0.0,1.2,0.0,0.0,0.0,0.0,91.49,53.12,100.0,42.86,0.0,53.57,62.5,100.0,0.0314062273582797,0.006480206978618,0.2,0.6,0.011106026,0.0,3.2,3.6,0.087005132,31.8,CB,79,68,73,42,68,32,45,35,100,100,45,30,48,21,88,9,86,70,33,39,24,89,41,48,52,52,67,48,98,48,24,38,53,89,39,39,73,70,64,23,64,67,70,73,64,50,61,33,65,24,42,26,97,97,27,21,39,14,83,8,85,65,33,39,24,80,41,48,52,52,67,48,98,48,24,38,53,89,33,39,68,59,55,23,50,59,55,67,Süper Lig
İstanbul Başakşehir,47njg6cmlx5q3fvdsupd2n6qu,2clpbungt3x2z4wwr5ecc4iga,A. Fayzullayev,Abbosbek Fayzullaev,22,Midfielder,Uzbekistan,Midfielder,35.0,48.0,81.0,3.0,304.0,5.0,0.0,8.0,3.0,8.0,10.0,16.0,3.0,3.0,5.0,2.0,5.0,2.0,5.0,3.0,0.0,2.0,9.0,1.0,0.0,0.0,0.0,82.65,62.5,25.0,25.0,25.0,45.71,0.0,100.0,0.506050619302817,0.1674739465155393,2.0,6.0,0.1815121799999999,1.0,7.0,2.0,0.23343417,27.0,10.361842105263158,14.210526315789474,23.980263157894736,0.8881578947368421,1.480263157894737,0.0,2.3684210526315788,0.8881578947368421,2.3684210526315788,2.960526315789474,4.7368421052631575,0.8881578947368421,0.8881578947368421,1.480263157894737,0.5921052631578947,1.480263157894737,0.5921052631578947,1.480263157894737,0.8881578947368421,0.0,0.5921052631578947,2.664473684210526,0.2960526315789473,0.0,0.0,0.0,82.65,62.5,25.0,25.0,25.0,45.71,0.0,100.0,0.149817617556755,0.0495811025868372,0.5921052631578947,1.7763157894736843,0.0537371585526315,0.2960526315789473,2.0723684210526314,0.5921052631578947,0.0691088003289473,7.993421052631579,CM/AM,31,19,19,25,28,19,75,59,78,81,69,69,81,31,38,84,34,69,75,34,62,88,47,53,50,53,25,47,34,12,47,50,25,94,69,12,44,25,25,16,22,9,12,12,31,12,12,25,38,19,75,62,81,94,75,75,88,31,44,88,31,69,81,34,81,88,56,53,50,53,25,47,34,12,47,50,25,94,75,19,50,19,31,12,19,6,12,6,Süper Lig
İstanbul Başakşehir,47njg6cmlx5q3fvdsupd2n6qu,2hi30w7qgazab2sp9ksw9neju,J. Kałuziński,Jakub Kaluzinski,23,Midfielder,Poland,Midfielder,93.0,66.0,156.0,3.0,266.0,15.0,3.0,3.0,0.0,2.0,2.0,9.0,3.0,3.0,0.0,2.0,1.0,3.0,3.0,0.0,0.0,1.0,2.0,0.0,0.0,0.0,0.0,88.14,68.18,50.0,100.0,33.33,69.23,75.0,50.0,0.1294105267342429,0.2494564484518765,1.0,4.0,0.07494323,4.0,14.0,13.0,0.2557375799999999,75.0,31.46616541353384,22.330827067669173,52.78195488721804,1.0150375939849623,5.075187969924812,1.0150375939849623,1.0150375939849623,0.0,0.6766917293233082,0.6766917293233082,3.045112781954887,1.0150375939849623,1.0150375939849623,0.0,0.6766917293233082,0.3383458646616541,1.0150375939849623,1.0150375939849623,0.0,0.0,0.3383458646616541,0.6766917293233082,0.0,0.0,0.0,0.0,88.14,68.18,50.0,100.0,33.33,69.23,75.0,50.0,0.0437855165642175,0.0844025577468755,0.3383458646616541,1.3533834586466165,0.0253567319548872,1.3533834586466165,4.7368421052631575,4.398496240601504,0.0865277526315789,25.375939849624057,DM/CM,72,47,62,53,71,66,53,18,40,40,4,28,32,9,66,13,88,82,28,41,60,24,43,51,51,51,68,68,93,88,65,94,85,35,29,65,53,49,44,72,50,46,35,50,91,68,85,71,94,74,71,18,47,47,15,41,50,9,74,21,94,85,28,41,74,29,43,51,51,51,68,68,93,88,65,94,85,35,32,76,65,53,47,85,62,71,47,68,Süper Lig
İstanbul Başakşehir,47njg6cmlx5q3fvdsupd2n6qu,56sfr4f94bgln34zphp11x5ux,U. Güneş,Umut Günes,26,Midfielder,Türkiye,Midfielder,101.0,88.0,189.0,3.0,270.0,12.0,2.0,1.0,0.0,4.0,4.0,14.0,5.0,3.0,1.0,3.0,2.0,0.0,1.0,1.0,0.0,0.0,5.0,0.0,0.0,0.0,0.0,94.03,70.59,0.0,75.0,0.0,58.33,40.0,50.0,0.049125054375503,0.1755988150789525,0.0,5.0,0.09239611,3.0,23.0,20.0,0.3439718699999999,101.0,33.666666666666664,29.33333333333333,63.0,1.0,4.0,0.6666666666666666,0.3333333333333333,0.0,1.3333333333333333,1.3333333333333333,4.666666666666667,1.6666666666666667,1.0,0.3333333333333333,1.0,0.6666666666666666,0.0,0.3333333333333333,0.3333333333333333,0.0,0.0,1.6666666666666667,0.0,0.0,0.0,0.0,94.03,70.59,0.0,75.0,0.0,58.33,40.0,50.0,0.0163750181251676,0.0585329383596508,0.0,1.6666666666666667,0.0307987033333333,1.0,7.666666666666667,6.666666666666667,0.1146572899999999,33.666666666666664,DM/CM,79,71,71,53,62,47,21,18,72,68,51,57,32,22,79,29,37,47,66,41,22,57,43,51,51,51,97,74,37,68,22,71,57,35,15,50,19,54,53,59,79,79,53,72,94,91,100,68,79,59,24,18,85,82,68,74,47,26,94,35,37,59,74,41,22,71,43,51,51,51,97,74,37,68,22,71,57,35,18,59,19,71,56,76,97,97,79,97,Süper Lig
İstanbul Başakşehir,47njg6cmlx5q3fvdsupd2n6qu,5asv6uc3a4xxsr9u30kdfc0ve,A. Skov Olsen,Andreas Skov Olsen,26,Midfielder,Denmark,Midfielder,45.0,73.0,113.0,11.0,370.0,5.0,1.0,7.0,4.0,6.0,6.0,13.0,2.0,1.0,13.0,3.0,3.0,5.0,3.0,2.0,0.0,2.0,4.0,1.0,0.0,0.0,0.0,79.58,100.0,20.0,50.0,28.57,41.94,11.11,60.0,0.5773070856635019,1.3838182967830044,3.0,20.0,0.64047751,6.0,4.0,15.0,1.2946477499999998,40.0,10.945945945945947,17.756756756756758,27.486486486486488,2.675675675675676,1.2162162162162162,0.2432432432432432,1.7027027027027029,0.972972972972973,1.4594594594594597,1.4594594594594597,3.1621621621621623,0.4864864864864865,0.2432432432432432,3.1621621621621623,0.7297297297297298,0.7297297297297298,1.2162162162162162,0.7297297297297298,0.4864864864864865,0.0,0.4864864864864865,0.972972972972973,0.2432432432432432,0.0,0.0,0.0,79.58,100.0,20.0,50.0,28.57,41.94,11.11,60.0,0.140426047864095,0.3366044505688389,0.7297297297297298,4.864864864864865,0.1557918267567567,1.4594594594594597,0.972972972972973,3.648648648648649,0.3149143175675675,9.72972972972973,CM/AM,44,31,31,69,28,50,62,78,53,53,34,53,34,75,66,47,59,44,50,34,62,47,47,53,50,53,12,100,25,47,62,38,50,47,75,81,66,100,100,75,12,44,94,31,50,25,25,75,25,44,56,69,62,62,31,50,31,69,62,44,56,38,56,34,69,50,44,53,50,53,12,100,25,47,62,38,50,47,69,81,56,100,100,81,12,38,94,12,Süper Lig
İstanbul Başakşehir,47njg6cmlx5q3fvdsupd2n6qu,5x1a46c52byds4s3q2f0szuqy,E. Bayram,Emin Bayram,23,Defender,Türkiye,Defender,200.0,75.0,275.0,0.0,450.0,20.0,6.0,1.0,1.0,4.0,4.0,16.0,14.0,6.0,2.0,4.0,1.0,0.0,0.0,0.0,0.0,0.0,3.0,0.0,0.0,0.0,0.0,89.0,60.61,0.0,100.0,0.0,61.54,60.0,33.33,0.1996677481378153,0.0,0.0,0.0,0.0,1.0,14.0,10.0,0.3469776999999998,128.0,40.0,15.0,55.0,0.0,4.0,1.2,0.2,0.2,0.8,0.8,3.2,2.8,1.2,0.4,0.8,0.2,0.0,0.0,0.0,0.0,0.0,0.6,0.0,0.0,0.0,0.0,89.0,60.61,0.0,100.0,0.0,61.54,60.0,33.33,0.039933549627563,0.0,0.0,0.0,0.0,0.2,2.8,2.0,0.0693955399999999,25.6,CB,82,68,82,14,83,42,24,35,86,86,52,30,79,38,95,9,41,32,33,39,24,59,41,48,52,52,42,85,41,85,24,58,47,11,45,20,33,18,18,58,50,41,45,52,76,50,73,14,80,30,20,26,79,79,30,21,61,36,94,8,41,32,33,39,24,55,41,48,52,52,42,85,41,85,24,58,47,11,42,20,33,18,18,48,44,36,36,48,Süper Lig
İstanbul Başakşehir,47njg6cmlx5q3fvdsupd2n6qu,7k0v0qd35a8vxkewn5yfdf2s5,C. Opéri,Christopher Opéri,29,Defender,Côte d'Ivoire,Defender,94.0,118.0,208.0,8.0,423.0,12.0,10.0,4.0,2.0,4.0,5.0,25.0,13.0,9.0,3.0,2.0,6.0,4.0,2.0,1.0,1.0,1.0,6.0,0.0,0.0,0.0,0.0,86.67,63.16,23.53,50.0,25.0,55.56,52.63,75.0,0.4260293593511269,0.6830536885778286,3.0,11.0,0.24430654,7.0,20.0,21.0,1.14117168,113.0,20.0,25.106382978723403,44.25531914893617,1.702127659574468,2.553191489361702,2.127659574468085,0.851063829787234,0.425531914893617,0.851063829787234,1.0638297872340423,5.319148936170213,2.7659574468085104,1.9148936170212765,0.6382978723404255,0.425531914893617,1.276595744680851,0.851063829787234,0.425531914893617,0.2127659574468085,0.2127659574468085,0.2127659574468085,1.276595744680851,0.0,0.0,0.0,0.0,86.67,63.16,23.53,50.0,25.0,55.56,52.63,75.0,0.0906445445427929,0.1453305720378358,0.6382978723404255,2.3404255319148937,0.051980114893617,1.4893617021276595,4.25531914893617,4.468085106382978,0.2428024851063829,24.04255319148936,LB/LCB,81,95,90,100,88,98,64,64,62,60,95,79,98,48,62,81,90,79,79,90,69,86,43,48,52,52,71,90,67,55,74,52,57,76,71,95,86,93,86,93,95,88,95,95,76,100,86,95,76,90,57,62,52,52,90,67,90,38,57,62,86,81,76,95,67,81,43,48,52,52,71,90,67,55,74,52,57,76,71,71,86,95,81,90,90,86,90,90,Süper Lig
İstanbul Başakşehir,47njg6cmlx5q3fvdsupd2n6qu,8s78im5w41yjauqwyu97kukt1,Ö. Şahiner,Ömer Ali Sahiner,34,Midfielder,Türkiye,Midfielder,64.0,64.0,127.0,1.0,378.0,12.0,1.0,1.0,0.0,2.0,2.0,11.0,12.0,4.0,5.0,2.0,3.0,1.0,1.0,1.0,0.0,0.0,3.0,0.0,0.0,0.0,0.0,85.81,70.59,16.67,100.0,0.0,39.29,25.0,50.0,0.0519097330756059,0.1173359118986459,1.0,5.0,0.1106209099999999,1.0,12.0,13.0,0.29832738,57.0,15.238095238095235,15.238095238095235,30.23809523809524,0.238095238095238,2.857142857142857,0.238095238095238,0.238095238095238,0.0,0.4761904761904761,0.4761904761904761,2.619047619047619,2.857142857142857,0.9523809523809524,1.1904761904761905,0.4761904761904761,0.7142857142857143,0.238095238095238,0.238095238095238,0.238095238095238,0.0,0.0,0.7142857142857143,0.0,0.0,0.0,0.0,85.81,70.59,16.67,100.0,0.0,39.29,25.0,50.0,0.0123594602560966,0.0279371218806299,0.238095238095238,1.1904761904761905,0.0263383119047618,0.238095238095238,2.857142857142857,3.095238095238095,0.0710303285714285,13.571428571428571,RM/RCM,67,33,33,33,100,33,50,33,33,33,33,67,67,33,33,67,33,67,67,50,33,33,50,67,67,67,67,67,67,100,33,33,33,100,33,33,50,67,33,50,33,33,33,33,67,33,33,33,100,33,67,33,33,33,33,100,67,33,33,67,33,67,67,50,33,33,50,67,67,67,67,67,67,100,33,33,33,100,33,33,67,67,33,67,67,33,33,33,Süper Lig
İstanbul Başakşehir,47njg6cmlx5q3fvdsupd2n6qu,a21winmltx1h9oiwqtfditkut,E. Shomurodov,Eldor Shomurodov,31,Attacker,Uzbekistan,Striker,19.0,50.0,68.0,2.0,428.0,1.0,8.0,16.0,11.0,4.0,4.0,16.0,7.0,1.0,24.0,2.0,3.0,1.0,5.0,6.0,4.0,5.0,3.0,0.0,0.0,0.0,0.0,68.69,100.0,25.0,50.0,31.25,40.0,53.33,100.0,1.5957674333376497,0.1323198844672875,4.0,6.0,0.17382118,5.0,3.0,5.0,0.27026459,32.0,3.9953271028037385,10.514018691588785,14.299065420560748,0.4205607476635514,0.2102803738317757,1.6822429906542056,3.364485981308411,2.3130841121495327,0.8411214953271028,0.8411214953271028,3.364485981308411,1.47196261682243,0.2102803738317757,5.046728971962617,0.4205607476635514,0.6308411214953271,0.2102803738317757,1.0514018691588785,1.2616822429906542,0.8411214953271028,1.0514018691588785,0.6308411214953271,0.0,0.0,0.0,0.0,68.69,100.0,25.0,50.0,31.25,40.0,53.33,100.0,0.3355585724308142,0.0278242747711585,0.8411214953271028,1.2616822429906542,0.0365511827102803,1.0514018691588785,0.6308411214953271,1.0514018691588785,0.0568313390186915,6.728971962616822,ST,46,74,67,20,19,67,93,87,30,28,35,93,48,93,54,85,59,91,96,89,72,31,35,52,52,52,26,98,78,61,41,37,85,89,74,26,80,74,74,91,43,57,52,78,26,70,48,15,15,48,85,70,19,19,26,85,35,81,48,78,56,74,91,89,69,22,35,52,52,52,26,98,78,61,41,37,85,89,70,19,67,59,56,78,44,44,44,74,Süper Lig
İstanbul Başakşehir,47njg6cmlx5q3fvdsupd2n6qu,e09bnclvre9cwbe9euee9dw45,O. Kemen,Olivier Kemen,30,Midfielder,Cameroon,Midfielder,73.0,89.0,160.0,2.0,424.0,21.0,2.0,3.0,2.0,7.0,7.0,18.0,5.0,4.0,6.0,4.0,4.0,2.0,1.0,1.0,0.0,1.0,7.0,0.0,0.0,0.0,0.0,86.96,72.41,40.0,57.14,33.33,46.15,28.57,66.67,0.2877734135479939,0.1792434748442833,1.0,11.0,0.22775661,3.0,18.0,16.0,0.4114567599999998,86.0,15.495283018867925,18.891509433962263,33.9622641509434,0.4245283018867924,4.4575471698113205,0.4245283018867924,0.6367924528301887,0.4245283018867924,1.4858490566037736,1.4858490566037736,3.820754716981132,1.0613207547169812,0.8490566037735848,1.2735849056603774,0.8490566037735848,0.8490566037735848,0.4245283018867924,0.2122641509433962,0.2122641509433962,0.0,0.2122641509433962,1.4858490566037736,0.0,0.0,0.0,0.0,86.96,72.41,40.0,57.14,33.33,46.15,28.57,66.67,0.0610839792908477,0.0380469639999657,0.2122641509433962,2.3349056603773586,0.0483445634433962,0.6367924528301887,3.820754716981132,3.39622641509434,0.0873375198113207,18.25471698113208,DM/CM,50,75,65,37,99,47,53,72,94,94,68,57,59,75,93,57,81,47,66,41,60,72,43,51,51,51,56,79,88,53,65,26,34,71,59,56,53,87,85,59,60,57,62,62,35,56,41,32,85,35,44,62,88,85,53,50,32,71,85,50,79,41,59,41,53,68,43,51,51,51,56,79,88,53,65,26,34,71,47,44,47,88,82,53,44,41,50,44,Süper Lig
